Cycle,Battery#1,Battery#2,#1_SOH,#2_SOH,,,,
1,1.0753012,1.0799223,0.977546545,0.981747545,,,,
2,1.0766124,1.0813154,0.978738545,0.983014,,,,
3,1.0772982,1.082234,0.979362,0.983849091,,,,
4,1.0781505,1.0827312,0.980136818,0.984301091,,,,
5,1.078544,1.0830303,0.980494545,0.984573,,,,
6,1.0789695,1.0833386,0.980881364,0.984853273,,,,
7,1.07938,1.083684,0.981254545,0.985167273,,,,
8,1.0795895,1.0837147,0.981445,0.985195182,,,,
9,1.0797766,1.0837817,0.981615091,0.985256091,,,,
10,1.0800153,1.0839587,0.981832091,0.985417,,,,
11,1.0845895,1.0880535,0.985990455,0.989139545,,,,
12,1.0823009,1.0858102,0.983909909,0.987100182,,,,
13,1.0819396,1.0857648,0.983581455,0.987058909,,,,
14,1.0818352,1.0855526,0.983486545,0.986866,,,,
15,1.0819743,1.0855418,0.983613,0.986856182,,,,
16,1.0820032,1.085543,0.983639273,0.986857273,,,,
17,1.0819749,1.0856423,0.983613545,0.986947545,,,,
18,1.0818729,1.0855848,0.983520818,0.986895273,,,,
19,1.0818582,1.0855571,0.983507455,0.986870091,,,,
20,1.0818721,1.0855353,0.983520091,0.986850273,,,,
21,1.0819227,1.0855669,0.983566091,0.986879,,,,
22,1.0819179,1.0855838,0.983561727,0.986894364,,,,
23,1.0820436,1.0857264,0.983676,0.987024,,,,
24,1.0820177,1.0858061,0.983652455,0.987096455,,,,
25,1.0820863,1.0858525,0.983714818,0.987138636,,,,
26,1.0821023,1.0858128,0.983729364,0.987102545,,,,
27,1.0820186,1.0857804,0.983653273,0.987073091,,,,
28,1.0819744,1.0857626,0.983613091,0.987056909,,,,
29,1.081928,1.0857949,0.983570909,0.987086273,,,,
30,1.0819486,1.0858704,0.983589636,0.987154909,,,,
31,1.0819107,1.0857939,0.983555182,0.987085364,,,,
32,1.081911,1.0858334,0.983555455,0.987121273,,,,
33,1.0819156,1.0858121,0.983559636,0.987101909,,,,
34,1.0819073,1.085746,0.983552091,0.987041818,,,,
35,1.0818235,1.0857704,0.983475909,0.987064,,,,
36,1.0818033,1.0857365,0.983457545,0.987033182,,,,
37,1.081722,1.0857095,0.983383636,0.987008636,,,,
38,1.0817708,1.0857694,0.983428,0.987063091,,,,
39,1.0817635,1.0857872,0.983421364,0.987079273,,,,
40,1.0818429,1.0858465,0.983493545,0.987133182,,,,
41,1.0818409,1.0858839,0.983491727,0.987167182,,,,
42,1.0818423,1.0858977,0.983493,0.987179727,,,,
43,1.081903,1.0859399,0.983548182,0.987218091,,,,
44,1.0819272,1.0860239,0.983570182,0.987294455,,,,
45,1.0817856,1.0859478,0.983441455,0.987225273,,,,
46,1.0818145,1.085932,0.983467727,0.987210909,,,,
47,1.0818409,1.0860084,0.983491727,0.987280364,,,,
48,1.0818337,1.0858871,0.983485182,0.987170091,,,,
49,1.0817146,1.0858485,0.983376909,0.987135,,,,
50,1.0816857,1.085833,0.983350636,0.987120909,,,,
51,1.0816711,1.0857935,0.983337364,0.987085,,,,
52,1.0816325,1.0857363,0.983302273,0.987033,,,,
53,1.0816261,1.0857573,0.983296455,0.987052091,,,,
54,1.0815685,1.0857081,0.983244091,0.987007364,,,,
55,1.0815827,1.0857319,0.983257,0.987029,,,,
56,1.0815943,1.0858471,0.983267545,0.987133727,,,,
57,1.0816603,1.0858817,0.983327545,0.987165182,,,,
58,1.0816344,1.0858759,0.983304,0.987159909,,,,
59,1.0816207,1.0859101,0.983291545,0.987191,,,,
60,1.0816126,1.0858313,0.983284182,0.987119364,,,,
61,1.0815406,1.0857759,0.983218727,0.987069,,,,
62,1.0814815,1.0857108,0.983165,0.987009818,,,,
63,1.0816796,1.085923,0.983345091,0.987202727,,,,
64,1.0818805,1.086134,0.983527727,0.987394545,,,,
65,1.0819483,1.0862314,0.983589364,0.987483091,,,,
66,1.0819383,1.0862148,0.983580273,0.987468,,,,
67,1.0814322,1.0856748,0.983120182,0.986977091,,,,
68,1.0813652,1.08556,0.983059273,0.986872727,,,,
69,1.0812522,1.0855246,0.982956545,0.986840545,,,,
70,1.081252,1.0855196,0.982956364,0.986836,,,,
71,1.0813366,1.0856328,0.983033273,0.986938909,,,,
72,1.0813701,1.0856695,0.983063727,0.986972273,,,,
73,1.0813349,1.0857404,0.983031727,0.987036727,,,,
74,1.0813159,1.0856586,0.983014455,0.986962364,,,,
75,1.0813411,1.0856991,0.983037364,0.986999182,,,,
76,1.0812777,1.0856384,0.982979727,0.986944,,,,
77,1.0812092,1.0855706,0.982917455,0.986882364,,,,
78,1.0811901,1.0855303,0.982900091,0.986845727,,,,
79,1.0811335,1.0854447,0.982848636,0.986767909,,,,
80,1.0810794,1.0853778,0.982799455,0.986707091,,,,
81,1.0810466,1.0853372,0.982769636,0.986670182,,,,
82,1.0809687,1.085281,0.982698818,0.986619091,,,,
83,1.0809135,1.0851364,0.982648636,0.986487636,,,,
84,1.0809121,1.0851827,0.982647364,0.986529727,,,,
85,1.0808662,1.0851971,0.982605636,0.986542818,,,,
86,1.0808834,1.0852234,0.982621273,0.986566727,,,,
87,1.080853,1.0852056,0.982593636,0.986550545,,,,
88,1.0809195,1.0852865,0.982654091,0.986624091,,,,
89,1.0809104,1.085299,0.982645818,0.986635455,,,,
90,1.0809323,1.0852487,0.982665727,0.986589727,,,,
91,1.0810022,1.0853715,0.982729273,0.986701364,,,,
92,1.0809057,1.0852418,0.982641545,0.986583455,,,,
93,1.0809215,1.0852273,0.982655909,0.986570273,,,,
94,1.0809017,1.0852255,0.982637909,0.986568636,,,,
95,1.0808159,1.08509,0.982559909,0.986445455,,,,
96,1.0807959,1.0851239,0.982541727,0.986476273,,,,
97,1.0806749,1.0850123,0.982431727,0.986374818,,,,
98,1.0806487,1.0849537,0.982407909,0.986321545,,,,
99,1.0806297,1.0849404,0.982390636,0.986309455,,,,
100,1.0806502,1.0849447,0.982409273,0.986313364,,,,
101,1.0806355,1.0849578,0.982395909,0.986325273,,,,
102,1.080663,1.0849718,0.982420909,0.986338,,,,
103,1.0806745,1.084981,0.982431364,0.986346364,,,,
104,1.0807188,1.0851059,0.982471636,0.986459909,,,,
105,1.0806472,1.0849565,0.982406545,0.986324091,,,,
106,1.0805749,1.0849079,0.982340818,0.986279909,,,,
107,1.0805452,1.0848944,0.982313818,0.986267636,,,,
108,1.0805323,1.0848737,0.982302091,0.986248818,,,,
109,1.0804729,1.0847815,0.982248091,0.986165,,,,
110,1.0804,1.0847218,0.982181818,0.986110727,,,,
111,1.0803393,1.084612,0.982126636,0.986010909,,,,
112,1.0803374,1.0845947,0.982124909,0.985995182,,,,
113,1.0803201,1.0845439,0.982109182,0.985949,,,,
114,1.0802414,1.0844989,0.982037636,0.985908091,,,,
115,1.0802473,1.0845442,0.982043,0.985949273,,,,
116,1.080231,1.0845171,0.982028182,0.985924636,,,,
117,1.0801288,1.0844411,0.981935273,0.985855545,,,,
118,1.0801314,1.0844105,0.981937636,0.985827727,,,,
119,1.0803328,1.0845937,0.982120727,0.985994273,,,,
120,1.0803525,1.0846987,0.982138636,0.986089727,,,,
121,1.0803212,1.0846695,0.982110182,0.986063182,,,,
122,1.080315,1.084641,0.982104545,0.986037273,,,,
123,1.0802521,1.0845835,0.982047364,0.985985,,,,
124,1.0801622,1.0844946,0.981965636,0.985904182,,,,
125,1.0802071,1.0844939,0.982006455,0.985903545,,,,
126,1.0801412,1.0845144,0.981946545,0.985922182,,,,
127,1.0800964,1.0844651,0.981905818,0.985877364,,,,
128,1.0801266,1.0844644,0.981933273,0.985876727,,,,
129,1.0801144,1.0844282,0.981922182,0.985843818,,,,
130,1.080099,1.0844687,0.981908182,0.985880636,,,,
131,1.0800577,1.0844334,0.981870636,0.985848545,,,,
132,1.0799779,1.0843452,0.981798091,0.985768364,,,,
133,1.0798699,1.0841988,0.981699909,0.985635273,,,,
134,1.0798607,1.0842357,0.981691545,0.985668818,,,,
135,1.0798086,1.0841705,0.981644182,0.985609545,,,,
136,1.0797741,1.084155,0.981612818,0.985595455,,,,
137,1.0797648,1.0841643,0.981604364,0.985603909,,,,
138,1.0797896,1.0842218,0.981626909,0.985656182,,,,
139,1.0797476,1.0841625,0.981588727,0.985602273,,,,
140,1.0797325,1.0841635,0.981575,0.985603182,,,,
141,1.0796613,1.0841109,0.981510273,0.985555364,,,,
142,1.0795732,1.0840343,0.981430182,0.985485727,,,,
143,1.0795051,1.0839545,0.981368273,0.985413182,,,,
144,1.0794517,1.0838717,0.981319727,0.985337909,,,,
145,1.0794413,1.0839056,0.981310273,0.985368727,,,,
146,1.0794613,1.0839182,0.981328455,0.985380182,,,,
147,1.0795257,1.0839571,0.981387,0.985415545,,,,
148,1.0795374,1.0839593,0.981397636,0.985417545,,,,
149,1.0795468,1.0839598,0.981406182,0.985418,,,,
150,1.0793943,1.0837967,0.981267545,0.985269727,,,,
151,1.0793138,1.0836318,0.981194364,0.985119818,,,,
152,1.0792543,1.0836512,0.981140273,0.985137455,,,,
153,1.0792733,1.083616,0.981157545,0.985105455,,,,
154,1.0792607,1.0836091,0.981146091,0.985099182,,,,
155,1.0792705,1.0835862,0.981155,0.985078364,,,,
156,1.0792338,1.0835845,0.981121636,0.985076818,,,,
157,1.0791656,1.0835835,0.981059636,0.985075909,,,,
158,1.0792696,1.0836748,0.981154182,0.985158909,,,,
159,1.0792631,1.0836439,0.981148273,0.985130818,,,,
160,1.0792441,1.0836015,0.981131,0.985092273,,,,
161,1.0792354,1.0836121,0.981123091,0.985101909,,,,
162,1.0791804,1.0835544,0.981073091,0.985049455,,,,
163,1.0791258,1.0834684,0.981023455,0.984971273,,,,
164,1.0790781,1.0834323,0.980980091,0.984938455,,,,
165,1.0790321,1.0833755,0.980938273,0.984886818,,,,
166,1.0789585,1.0832872,0.980871364,0.984806545,,,,
167,1.0789031,1.0832012,0.980821,0.984728364,,,,
168,1.0788951,1.0832188,0.980813727,0.984744364,,,,
169,1.0788661,1.0832297,0.980787364,0.984754273,,,,
170,1.0789065,1.0832256,0.980824091,0.984750545,,,,
171,1.0790746,1.0834041,0.980976909,0.984912818,,,,
172,1.0790883,1.0834444,0.980989364,0.984949455,,,,
173,1.0790173,1.0833941,0.980924818,0.984903727,,,,
174,1.0788677,1.0832394,0.980788818,0.984763091,,,,
175,1.0787734,1.0831283,0.980703091,0.984662091,,,,
176,1.0787362,1.083111,0.980669273,0.984646364,,,,
177,1.0786883,1.0830775,0.980625727,0.984615909,,,,
178,1.0788336,1.0831956,0.980757818,0.984723273,,,,
179,1.0789466,1.0833586,0.980860545,0.984871455,,,,
180,1.0790043,1.0833983,0.980913,0.984907545,,,,
181,1.0789996,1.0833951,0.980908727,0.984904636,,,,
182,1.0789684,1.0833685,0.980880364,0.984880455,,,,
183,1.0788578,1.0832517,0.980779818,0.984774273,,,,
184,1.0787761,1.0831751,0.980705545,0.984704636,,,,
185,1.0785502,1.082966,0.980500182,0.984514545,,,,
186,1.0785975,1.0830148,0.980543182,0.984558909,,,,
187,1.0786096,1.0830317,0.980554182,0.984574273,,,,
188,1.0785203,1.0829775,0.980473,0.984525,,,,
189,1.0784601,1.0829014,0.980418273,0.984455818,,,,
190,1.0784056,1.0828805,0.980368727,0.984436818,,,,
191,1.0783468,1.0828025,0.980315273,0.984365909,,,,
192,1.0783235,1.0827243,0.980294091,0.984294818,,,,
193,1.0782559,1.0826709,0.980232636,0.984246273,,,,
194,1.0781775,1.082625,0.980161364,0.984204545,,,,
195,1.0782001,1.0826198,0.980181909,0.984199818,,,,
196,1.0782014,1.0826597,0.980183091,0.984236091,,,,
197,1.0781834,1.0827546,0.980166727,0.984322364,,,,
198,1.0784652,1.082886,0.980422909,0.984441818,,,,
199,1.0784538,1.082866,0.980412545,0.984423636,,,,
200,1.0783129,1.0827211,0.980284455,0.984291909,,,,
201,1.0781006,1.0825498,0.980091455,0.984136182,,,,
202,1.0780586,1.0824825,0.980053273,0.984075,,,,
203,1.0779577,1.0823528,0.979961545,0.983957091,,,,
204,1.0781268,1.0825661,0.980115273,0.984151,,,,
205,1.0783508,1.0827576,0.980318909,0.984325091,,,,
206,1.0784787,1.0828853,0.980435182,0.984441182,,,,
207,1.0785102,1.0829602,0.980463818,0.984509273,,,,
208,1.0785191,1.0829967,0.980471909,0.984542455,,,,
209,1.078465,1.0829171,0.980422727,0.984470091,,,,
210,1.0783726,1.0828224,0.980338727,0.984384,,,,
211,1.078195,1.0825667,0.980177273,0.984151545,,,,
212,1.077841,1.0822521,0.979855455,0.983865545,,,,
213,1.0777873,1.0822057,0.979806636,0.983823364,,,,
214,1.0777465,1.0821924,0.979769545,0.983811273,,,,
215,1.0776659,1.0821195,0.979696273,0.983745,,,,
216,1.077572,1.0820826,0.979610909,0.983711455,,,,
217,1.0775523,1.082072,0.979593,0.983701818,,,,
218,1.0775352,1.0820191,0.979577455,0.983653727,,,,
219,1.077489,1.0819827,0.979535455,0.983620636,,,,
220,1.0774752,1.0819182,0.979522909,0.983562,,,,
221,1.0774668,1.0819069,0.979515273,0.983551727,,,,
222,1.0775013,1.0819478,0.979546636,0.983588909,,,,
223,1.0775459,1.0819904,0.979587182,0.983627636,,,,
224,1.077698,1.0821501,0.979725455,0.983772818,,,,
225,1.0777867,1.0822335,0.979806091,0.983848636,,,,
226,1.0776162,1.0820882,0.979651091,0.983716545,,,,
227,1.0774209,1.0819136,0.979473545,0.983557818,,,,
228,1.0772518,1.081772,0.979319818,0.983429091,,,,
229,1.0771765,1.0817499,0.979251364,0.983409,,,,
230,1.0771741,1.0817292,0.979249182,0.983390182,,,,
231,1.0772705,1.0818614,0.979336818,0.983510364,,,,
232,1.0773777,1.081985,0.979434273,0.983622727,,,,
233,1.0774446,1.0820019,0.979495091,0.983638091,,,,
234,1.0774491,1.0819705,0.979499182,0.983609545,,,,
235,1.0774158,1.0819284,0.979468909,0.983571273,,,,
236,1.0773504,1.0818729,0.979409455,0.983520818,,,,
237,1.0772904,1.0817831,0.979354909,0.983439182,,,,
238,1.0770903,1.0815554,0.979173,0.983232182,,,,
239,1.0770547,1.081557,0.979140636,0.983233636,,,,
240,1.0770125,1.0815039,0.979102273,0.983185364,,,,
241,1.0769674,1.0814655,0.979061273,0.983150455,,,,
242,1.0768939,1.0814321,0.978994455,0.983120091,,,,
243,1.0768212,1.0813533,0.978928364,0.983048455,,,,
244,1.0767306,1.0812635,0.978846,0.982966818,,,,
245,1.0766762,1.0811942,0.978796545,0.982903818,,,,
246,1.0766544,1.0811816,0.978776727,0.982892364,,,,
247,1.0766096,1.0811607,0.978736,0.982873364,,,,
248,1.0766743,1.0811775,0.978794818,0.982888636,,,,
249,1.0766734,1.0812087,0.978794,0.982917,,,,
250,1.0767171,1.0812902,0.978833727,0.982991091,,,,
251,1.0768607,1.081394,0.978964273,0.983085455,,,,
252,1.0767988,1.0813817,0.978908,0.983074273,,,,
253,1.0766858,1.081237,0.978805273,0.982942727,,,,
254,1.076441,1.0810921,0.978582727,0.982811,,,,
255,1.0764432,1.0810554,0.978584727,0.982777636,,,,
256,1.0763679,1.0809911,0.978516273,0.982719182,,,,
257,1.0763994,1.0810324,0.978544909,0.982756727,,,,
258,1.0765815,1.0811806,0.978710455,0.982891455,,,,
259,1.0766946,1.0812634,0.978813273,0.982966727,,,,
260,1.0766741,1.081328,0.978794636,0.983025455,,,,
261,1.0766497,1.0812821,0.978772455,0.982983727,,,,
262,1.0765942,1.0812389,0.978722,0.982944455,,,,
263,1.076591,1.0811999,0.978719091,0.982909,,,,
264,1.0764062,1.0810305,0.978551091,0.982755,,,,
265,1.0761794,1.0808043,0.978344909,0.982549364,,,,
266,1.0762528,1.0808034,0.978411636,0.982548545,,,,
267,1.0761791,1.0807306,0.978344636,0.982482364,,,,
268,1.0761017,1.0806446,0.978274273,0.982404182,,,,
269,1.0760368,1.0806009,0.978215273,0.982364455,,,,
270,1.07595,1.0805367,0.978136364,0.982306091,,,,
271,1.0759057,1.0804774,0.978096091,0.982252182,,,,
272,1.0758588,1.0804427,0.978053455,0.982220636,,,,
273,1.0757933,1.0803565,0.977993909,0.982142273,,,,
274,1.0757918,1.0803546,0.977992545,0.982140545,,,,
275,1.0757444,1.0802795,0.977949455,0.982072273,,,,
276,1.0757467,1.0803242,0.977951545,0.982112909,,,,
277,1.0758823,1.0804303,0.978074818,0.982209364,,,,
278,1.075914,1.0804815,0.978103636,0.982255909,,,,
279,1.0758315,1.0803753,0.978028636,0.982159364,,,,
280,1.0757306,1.0803001,0.977936909,0.982091,,,,
281,1.075725,1.080274,0.977931818,0.982067273,,,,
282,1.0756117,1.0801617,0.977828818,0.981965182,,,,
283,1.0755854,1.0801622,0.977804909,0.981965636,,,,
284,1.07567,1.0802788,0.977881818,0.982071636,,,,
285,1.0757643,1.0803787,0.977967545,0.982162455,,,,
286,1.0759091,1.0804796,0.978099182,0.982254182,,,,
287,1.0759318,1.0804931,0.978119818,0.982266455,,,,
288,1.0759945,1.0804921,0.978176818,0.982265545,,,,
289,1.0759889,1.0804945,0.978171727,0.982267727,,,,
290,1.0760155,1.0804992,0.978195909,0.982272,,,,
291,1.0757146,1.0802017,0.977922364,0.982001545,,,,
292,1.0754582,1.0799431,0.977689273,0.981766455,,,,
293,1.0755191,1.0800202,0.977744636,0.981836545,,,,
294,1.0754433,1.0799611,0.977675727,0.981782818,,,,
295,1.0753623,1.0798849,0.977602091,0.981713545,,,,
296,1.0753679,1.0798502,0.977607182,0.981682,,,,
297,1.0752826,1.0797974,0.977529636,0.981634,,,,
298,1.0752267,1.0797426,0.977478818,0.981584182,,,,
299,1.0751759,1.0797074,0.977432636,0.981552182,,,,
300,1.0750923,1.0796536,0.977356636,0.981503273,,,,
301,1.0750625,1.0796152,0.977329545,0.981468364,,,,
302,1.0750893,1.0795829,0.977353909,0.981439,,,,
303,1.0750437,1.0795734,0.977312455,0.981430364,,,,
304,1.07503,1.0795425,0.9773,0.981402273,,,,
305,1.0749415,1.0795106,0.977219545,0.981373273,,,,
306,1.07499,1.0796015,0.977263636,0.981455909,,,,
307,1.07499,1.0795869,0.977263636,0.981442636,,,,
308,1.0750219,1.0796043,0.977292636,0.981458455,,,,
309,1.0747842,1.0794106,0.977076545,0.981282364,,,,
310,1.0747573,1.0793735,0.977052091,0.981248636,,,,
311,1.0748076,1.0793947,0.977097818,0.981267909,,,,
312,1.074843,1.0794339,0.97713,0.981303545,,,,
313,1.0748973,1.0794876,0.977179364,0.981352364,,,,
314,1.0749114,1.0794756,0.977192182,0.981341455,,,,
315,1.0748553,1.0794482,0.977141182,0.981316545,,,,
316,1.0748824,1.0794613,0.977165818,0.981328455,,,,
317,1.0747553,1.0793372,0.977050273,0.981215636,,,,
318,1.074572,1.0791411,0.976883636,0.981037364,,,,
319,1.0745397,1.0791093,0.976854273,0.981008455,,,,
320,1.0744972,1.0790737,0.976815636,0.980976091,,,,
321,1.0744377,1.0790309,0.976761545,0.980937182,,,,
322,1.0744097,1.0790122,0.976736091,0.980920182,,,,
323,1.0743706,1.0789998,0.976700545,0.980908909,,,,
324,1.0743712,1.0789577,0.976701091,0.980870636,,,,
325,1.0743155,1.0789431,0.976650455,0.980857364,,,,
326,1.0743459,1.0789583,0.976678091,0.980871182,,,,
327,1.074285,1.0789254,0.976622727,0.980841273,,,,
328,1.0742594,1.078907,0.976599455,0.980824545,,,,
329,1.0745344,1.0792269,0.976849455,0.981115364,,,,
330,1.075012,1.0796727,0.977283636,0.981520636,,,,
331,1.0751935,1.0798624,0.977448636,0.981693091,,,,
332,1.0751543,1.0797831,0.977413,0.981621,,,,
333,1.0750471,1.0797588,0.977315545,0.981598909,,,,
334,1.0750059,1.0796572,0.977278091,0.981506545,,,,
335,1.0749389,1.0796064,0.977217182,0.981460364,,,,
336,1.0751619,1.0798067,0.977419909,0.981642455,,,,
337,1.0754133,1.0800514,0.977648455,0.981864909,,,,
338,1.0756236,1.0802031,0.977839636,0.982002818,,,,
339,1.0757637,1.0803508,0.977967,0.982137091,,,,
340,1.0758748,1.0804368,0.978068,0.982215273,,,,
341,1.0759256,1.0804888,0.978114182,0.982262545,,,,
342,1.0759102,1.0804645,0.978100182,0.982240455,,,,
343,1.0758578,1.0804534,0.978052545,0.982230364,,,,
344,1.0755669,1.0801029,0.977788091,0.981911727,,,,
345,1.0752485,1.0797704,0.977498636,0.981609455,,,,
346,1.074982,1.0795232,0.977256364,0.981384727,,,,
347,1.0747793,1.0793179,0.977072091,0.981198091,,,,
348,1.0746372,1.0792198,0.976942909,0.981108909,,,,
349,1.0745953,1.0791384,0.976904818,0.981034909,,,,
350,1.0745516,1.0790989,0.976865091,0.980999,,,,
351,1.0745178,1.0790623,0.976834364,0.980965727,,,,
352,1.0744298,1.0790235,0.976754364,0.980930455,,,,
353,1.0744505,1.0790181,0.976773182,0.980925545,,,,
354,1.0744126,1.0789891,0.976738727,0.980899182,,,,
355,1.0743464,1.0789243,0.976678545,0.980840273,,,,
356,1.0743874,1.0789951,0.976715818,0.980904636,,,,
357,1.0745013,1.0790669,0.976819364,0.980969909,,,,
358,1.0744153,1.0789909,0.976741182,0.980900818,,,,
359,1.0742865,1.0788248,0.976624091,0.980749818,,,,
360,1.0741948,1.0787441,0.976540727,0.980676455,,,,
361,1.0741295,1.0786655,0.976481364,0.980605,,,,
362,1.074134,1.0786471,0.976485455,0.980588273,,,,
363,1.0743251,1.078869,0.976659182,0.98079,,,,
364,1.0744771,1.0790184,0.976797364,0.980925818,,,,
365,1.0746301,1.0791409,0.976936455,0.981037182,,,,
366,1.0746996,1.0792208,0.976999636,0.981109818,,,,
367,1.0747268,1.0792735,0.977024364,0.981157727,,,,
368,1.0747845,1.0792698,0.977076818,0.981154364,,,,
369,1.0747989,1.0793127,0.977089909,0.981193364,,,,
370,1.0744324,1.0791715,0.976756727,0.981065,,,,
371,1.0743726,1.0788926,0.976702364,0.980811455,,,,
372,1.0741397,1.0786905,0.976490636,0.980627727,,,,
373,1.0739725,1.0784998,0.976338636,0.980454364,,,,
374,1.0738165,1.0783615,0.976196818,0.980328636,,,,
375,1.0737524,1.0782696,0.976138545,0.980245091,,,,
376,1.0733318,1.0782193,0.975756182,0.980199364,,,,
377,1.0735106,1.0781486,0.975918727,0.980135091,,,,
378,1.0735966,1.0781941,0.975996909,0.980176455,,,,
379,1.0735462,1.0781721,0.975951091,0.980156455,,,,
380,1.0735968,1.0781236,0.975997091,0.980112364,,,,
381,1.0736037,1.0781115,0.976003364,0.980101364,,,,
382,1.0734512,1.0781264,0.975864727,0.980114909,,,,
383,1.0737031,1.0782268,0.976093727,0.980206182,,,,
384,1.0737282,1.0781873,0.976116545,0.980170273,,,,
385,1.0736164,1.0781057,0.976014909,0.980096091,,,,
386,1.0732094,1.0779345,0.975644909,0.979940455,,,,
387,1.0733148,1.0778304,0.975740727,0.979845818,,,,
388,1.0732375,1.0777211,0.975670455,0.979746455,,,,
389,1.0733236,1.0778693,0.975748727,0.979881182,,,,
390,1.0735202,1.0780573,0.975927455,0.980052091,,,,
391,1.0736946,1.0782228,0.976086,0.980202545,,,,
392,1.0738062,1.0783082,0.976187455,0.980280182,,,,
393,1.0738928,1.0784098,0.976266182,0.980372545,,,,
394,1.0739291,1.0784452,0.976299182,0.980404727,,,,
395,1.0739547,1.0784394,0.976322455,0.980399455,,,,
396,1.0739543,1.078418,0.976322091,0.98038,,,,
397,1.0736508,1.0781161,0.976046182,0.980105545,,,,
398,1.0733641,1.0778599,0.975785545,0.979872636,,,,
399,1.0731798,1.0776757,0.975618,0.979705182,,,,
400,1.0730301,1.0775154,0.975481909,0.979559455,,,,
401,1.0729581,1.077435,0.975416455,0.979486364,,,,
402,1.0728813,1.0773478,0.975346636,0.979407091,,,,
403,1.0728061,1.0773003,0.975278273,0.979363909,,,,
404,1.0728029,1.0772712,0.975275364,0.979337455,,,,
405,1.0727966,1.0772387,0.975269636,0.979307909,,,,
406,1.072812,1.0772605,0.975283636,0.979327727,,,,
407,1.0727965,1.0772508,0.975269545,0.979318909,,,,
408,1.072793,1.0772288,0.975266364,0.979298909,,,,
409,1.07291,1.0773697,0.975372727,0.979427,,,,
410,1.0729449,1.0774386,0.975404455,0.979489636,,,,
411,1.0728635,1.0773662,0.975330455,0.979423818,,,,
412,1.0727617,1.0772254,0.975237909,0.979295818,,,,
413,1.0726027,1.0770916,0.975093364,0.979174182,,,,
414,1.0724785,1.0769926,0.974980455,0.979084182,,,,
415,1.072441,1.0769438,0.974946364,0.979039818,,,,
416,1.0726017,1.0771328,0.975092455,0.979211636,,,,
417,1.0727917,1.0773152,0.975265182,0.979377455,,,,
418,1.0729266,1.0774344,0.975387818,0.979485818,,,,
419,1.0730158,1.0774941,0.975468909,0.979540091,,,,
420,1.0730367,1.0775131,0.975487909,0.979557364,,,,
421,1.0730126,1.0774316,0.975466,0.979483273,,,,
422,1.0729802,1.0774074,0.975436545,0.979461273,,,,
423,1.0727934,1.0771635,0.975266727,0.979239545,,,,
424,1.0725113,1.0769451,0.975010273,0.979041,,,,
425,1.0722644,1.076761,0.974785818,0.978873636,,,,
426,1.072119,1.0765847,0.974653636,0.978713364,,,,
427,1.0719939,1.076472,0.974539909,0.978610909,,,,
428,1.0719556,1.0764322,0.974505091,0.978574727,,,,
429,1.0719351,1.0763853,0.974486455,0.978532091,,,,
430,1.0719007,1.0763484,0.974455182,0.978498545,,,,
431,1.0718796,1.0763351,0.974436,0.978486455,,,,
432,1.0718626,1.0763147,0.974420545,0.978467909,,,,
433,1.0718318,1.0763103,0.974392545,0.978463909,,,,
434,1.0718457,1.0762957,0.974405182,0.978450636,,,,
435,1.0718414,1.0763397,0.974401273,0.978490636,,,,
436,1.0719668,1.0764672,0.974515273,0.978606545,,,,
437,1.0719213,1.0764256,0.974473909,0.978568727,,,,
438,1.0717525,1.0762469,0.974320455,0.978406273,,,,
439,1.0716239,1.0761455,0.974203545,0.978314091,,,,
440,1.0715833,1.0760616,0.974166636,0.978237818,,,,
441,1.0715199,1.0760143,0.974109,0.978194818,,,,
442,1.0716007,1.0761213,0.974182455,0.978292091,,,,
443,1.0717331,1.076252,0.974302818,0.978410909,,,,
444,1.0718055,1.0763233,0.974368636,0.978475727,,,,
445,1.0715779,1.0763732,0.974161727,0.978521091,,,,
446,1.071839,1.0761567,0.974399091,0.978324273,,,,
447,1.0718482,1.0763611,0.974407455,0.978510091,,,,
448,1.0718659,1.0763779,0.974423545,0.978525364,,,,
449,1.0718762,1.0763863,0.974432909,0.978533,,,,
450,1.0716312,1.0761533,0.974210182,0.978321182,,,,
451,1.0714047,1.0759333,0.974004273,0.978121182,,,,
452,1.0712407,1.0757965,0.973855182,0.977996818,,,,
453,1.0707967,1.0756837,0.973451545,0.977894273,,,,
454,1.0710164,1.075597,0.973651273,0.977815455,,,,
455,1.0710196,1.0755435,0.973654182,0.977766818,,,,
456,1.0709519,1.0755167,0.973592636,0.977742455,,,,
457,1.0707879,1.0754862,0.973443545,0.977714727,,,,
458,1.0708137,1.0754229,0.973467,0.977657182,,,,
459,1.070776,1.0753751,0.973432727,0.977613727,,,,
460,1.0707228,1.0753145,0.973384364,0.977558636,,,,
461,1.070732,1.0752944,0.973392727,0.977540364,,,,
462,1.070677,1.0752643,0.973342727,0.977513,,,,
463,1.0706482,1.0752257,0.973316545,0.977477909,,,,
464,1.0706171,1.075182,0.973288273,0.977438182,,,,
465,1.0705854,1.0751038,0.973259455,0.977367091,,,,
466,1.070506,1.0750637,0.973187273,0.977330636,,,,
467,1.0704845,1.0749959,0.973167727,0.977269,,,,
468,1.0704633,1.0750818,0.973148455,0.977347091,,,,
469,1.0707554,1.0753161,0.973414,0.977560091,,,,
470,1.0709906,1.0755494,0.973627818,0.977772182,,,,
471,1.0711758,1.0757025,0.973796182,0.977911364,,,,
472,1.07128,1.07585,0.973890909,0.978045455,,,,
473,1.0713611,1.0759128,0.973964636,0.978102545,,,,
474,1.0714231,1.0759536,0.974021,0.978139636,,,,
475,1.0711192,1.075955,0.973744727,0.978140909,,,,
476,1.0712171,1.0757469,0.973833727,0.977951727,,,,
477,1.0708756,1.0753821,0.973523273,0.977620091,,,,
478,1.0706192,1.0751169,0.973290182,0.977379,,,,
479,1.0698606,1.0748576,0.972600545,0.977143273,,,,
480,1.0701998,1.0747756,0.972908909,0.977068727,,,,
481,1.0701228,1.0747006,0.972838909,0.977000545,,,,
482,1.0699884,1.0743852,0.972716727,0.976713818,,,,
483,1.0683315,1.0737654,0.971210455,0.976150364,,,,
484,1.0676824,1.0724604,0.970620364,0.974964,,,,
485,1.0658338,1.0706861,0.968939818,0.973351,,,,
486,1.0693549,1.0744799,0.972140818,0.976799909,,,,
487,1.0673257,1.0720251,0.970296091,0.974568273,,,,
488,1.0684655,1.0729429,0.971332273,0.975402636,,,,
489,1.0684922,1.0731013,0.971356545,0.975546636,,,,
490,1.0686233,1.0731936,0.971475727,0.975630545,,,,
491,1.0687215,1.0732886,0.971565,0.975716909,,,,
492,1.0687613,1.0732744,0.971601182,0.975704,,,,
493,1.0686775,1.0731803,0.971525,0.975618455,,,,
494,1.0684254,1.0730234,0.971295818,0.975475818,,,,
495,1.0684909,1.0730793,0.971355364,0.975526636,,,,
496,1.0685868,1.0731853,0.971442545,0.975623,,,,
497,1.0686284,1.0732666,0.971480364,0.975696909,,,,
498,1.0687661,1.0733747,0.971605545,0.975795182,,,,
499,1.0687946,1.0733953,0.971631455,0.975813909,,,,
500,1.0688471,1.0734295,0.971679182,0.975845,,,,
501,1.0688672,1.0734336,0.971697455,0.975848727,,,,
502,1.0689055,1.0734513,0.971732273,0.975864818,,,,
503,1.0686378,1.0731754,0.971488909,0.975614,,,,
504,1.0683414,1.0729102,0.971219455,0.975372909,,,,
505,1.0681521,1.0727164,0.971047364,0.975196727,,,,
506,1.0680853,1.0726835,0.970986636,0.975166818,,,,
507,1.0680461,1.0726323,0.970951,0.975120273,,,,
508,1.0680203,1.0725625,0.970927545,0.975056818,,,,
509,1.0679197,1.07251,0.970836091,0.975009091,,,,
510,1.0678998,1.072457,0.970818,0.974960909,,,,
511,1.0678747,1.0724584,0.970795182,0.974962182,,,,
512,1.0678192,1.0724345,0.970744727,0.974940455,,,,
513,1.0677906,1.0724052,0.970718727,0.974913818,,,,
514,1.0677688,1.0724219,0.970698909,0.974929,,,,
515,1.067811,1.0723759,0.970737273,0.974887182,,,,
516,1.0678419,1.0724057,0.970765364,0.974914273,,,,
517,1.0677091,1.0722766,0.970644636,0.974796909,,,,
518,1.0676469,1.0724707,0.970588091,0.974973364,,,,
519,1.0671839,1.0723923,0.970167182,0.974902091,,,,
520,1.0677003,1.0723287,0.970636636,0.974844273,,,,
521,1.0675428,1.0721771,0.970493455,0.974706455,,,,
522,1.0675491,1.072204,0.970499182,0.974730909,,,,
523,1.0676204,1.0723003,0.970564,0.974818455,,,,
524,1.0677177,1.072383,0.970652455,0.974893636,,,,
525,1.067748,1.0723447,0.97068,0.974858818,,,,
526,1.067688,1.0723597,0.970625455,0.974872455,,,,
527,1.0676575,1.072261,0.970597727,0.974782727,,,,
528,1.0676229,1.0722421,0.970566273,0.974765545,,,,
529,1.0675179,1.0720388,0.970470818,0.974580727,,,,
530,1.0671695,1.0718426,0.970154091,0.974402364,,,,
531,1.0671716,1.0719041,0.970156,0.974458273,,,,
532,1.0671701,1.0719225,0.970154636,0.974475,,,,
533,1.0671188,1.0718274,0.970108,0.974388545,,,,
534,1.0671117,1.071757,0.970101545,0.974324545,,,,
535,1.0670216,1.0717024,0.970019636,0.974274909,,,,
536,1.0670159,1.071584,0.970014455,0.974167273,,,,
537,1.0668935,1.0714897,0.969903182,0.974081545,,,,
538,1.0667844,1.0714589,0.969804,0.974053545,,,,
539,1.0667917,1.071403,0.969810636,0.974002727,,,,
540,1.0666076,1.0713975,0.969643273,0.973997727,,,,
541,1.0667107,1.0713767,0.969737,0.973978818,,,,
542,1.0667455,1.0714346,0.969768636,0.974031455,,,,
543,1.0667524,1.071378,0.969774909,0.97398,,,,
544,1.0666127,1.0712943,0.969647909,0.973903909,,,,
545,1.0666409,1.0713217,0.969673545,0.973928818,,,,
546,1.0666418,1.0713093,0.969674364,0.973917545,,,,
547,1.0665967,1.0711744,0.969633364,0.973794909,,,,
548,1.0664319,1.0711426,0.969483545,0.973766,,,,
549,1.0666416,1.0713352,0.969674182,0.973941091,,,,
550,1.0668385,1.071498,0.969853182,0.974089091,,,,
551,1.0669435,1.0715642,0.969948636,0.974149273,,,,
552,1.0669556,1.0715699,0.969959636,0.974154455,,,,
553,1.0669525,1.0716435,0.969956818,0.974221364,,,,
554,1.0669626,1.0715597,0.969966,0.974145182,,,,
555,1.066976,1.0715399,0.969978182,0.974127182,,,,
556,1.0666664,1.0712247,0.969696727,0.973840636,,,,
557,1.0662968,1.0708642,0.969360727,0.973512909,,,,
558,1.0662825,1.0709269,0.969347727,0.973569909,,,,
559,1.0661194,1.0707638,0.969199455,0.973421636,,,,
560,1.0661035,1.0706429,0.969185,0.973311727,,,,
561,1.0659684,1.0706286,0.969062182,0.973298727,,,,
562,1.065949,1.0705709,0.969044545,0.973246273,,,,
563,1.0659037,1.0705581,0.969003364,0.973234636,,,,
564,1.0654906,1.0705023,0.968627818,0.973183909,,,,
565,1.0657517,1.0704792,0.968865182,0.973162909,,,,
566,1.0657641,1.0704843,0.968876455,0.973167545,,,,
567,1.065729,1.070406,0.968844545,0.973096364,,,,
568,1.0656277,1.070323,0.968752455,0.973020909,,,,
569,1.0657018,1.0703973,0.968819818,0.973088455,,,,
570,1.0656483,1.070086,0.968771182,0.972805455,,,,
571,1.065672,1.0703669,0.968792727,0.973060818,,,,
572,1.0656781,1.0704504,0.968798273,0.973136727,,,,
573,1.0656967,1.0703973,0.968815182,0.973088455,,,,
574,1.0655175,1.0701541,0.968652273,0.972867364,,,,
575,1.0655419,1.070233,0.968674455,0.972939091,,,,
576,1.0656681,1.0703627,0.968789182,0.973057,,,,
577,1.0654966,1.0704665,0.968633273,0.973151364,,,,
578,1.0658002,1.0705111,0.968909273,0.973191909,,,,
579,1.0658005,1.0704612,0.968909545,0.973146545,,,,
580,1.0657413,1.0704308,0.968855727,0.973118909,,,,
581,1.0656878,1.0703552,0.968807091,0.973050182,,,,
582,1.0656315,1.0701876,0.968755909,0.972897818,,,,
583,1.0652661,1.0699601,0.968423727,0.972691,,,,
584,1.0653294,1.0698546,0.968481273,0.972595091,,,,
585,1.0652108,1.069801,0.968373455,0.972546364,,,,
586,1.0651203,1.0697334,0.968291182,0.972484909,,,,
587,1.0650508,1.0697941,0.968228,0.972540091,,,,
588,1.0651052,1.0698615,0.968277455,0.972601364,,,,
589,1.0651027,1.0697883,0.968275182,0.972534818,,,,
590,1.0650758,1.0697805,0.968250727,0.972527727,,,,
591,1.0650041,1.0696943,0.968185545,0.972449364,,,,
592,1.0649749,1.0696253,0.968159,0.972386636,,,,
593,1.0643476,1.0695798,0.967588727,0.972345273,,,,
594,1.0647618,1.0694555,0.967965273,0.972232273,,,,
595,1.0640988,1.0693538,0.967362545,0.972139818,,,,
596,1.0642334,1.0693954,0.967484909,0.972177636,,,,
597,1.0646572,1.069397,0.967870182,0.972179091,,,,
598,1.0639622,1.0694356,0.967238364,0.972214182,,,,
599,1.0645441,1.0694398,0.967767364,0.972218,,,,
600,1.0645494,1.0693264,0.967772182,0.972114909,,,,
601,1.0643867,1.0691285,0.967624273,0.971935,,,,
602,1.0643773,1.0690891,0.967615727,0.971899182,,,,
603,1.0643572,1.0691055,0.967597455,0.971914091,,,,
604,1.0644194,1.0691286,0.967654,0.971935091,,,,
605,1.0643845,1.0689524,0.967622273,0.971774909,,,,
606,1.0643368,1.068989,0.967578909,0.971808182,,,,
607,1.0642618,1.0689688,0.967510727,0.971789818,,,,
608,1.0642712,1.0690054,0.967519273,0.971823091,,,,
609,1.0643252,1.0689344,0.967568364,0.971758545,,,,
610,1.064249,1.0689765,0.967499091,0.971796818,,,,
611,1.0641937,1.0687183,0.967448818,0.971562091,,,,
612,1.0641612,1.068964,0.967419273,0.971785455,,,,
613,1.0640829,1.0688953,0.967348091,0.971723,,,,
614,1.0640795,1.068877,0.967345,0.971706364,,,,
615,1.0640098,1.0687939,0.967281636,0.971630818,,,,
616,1.062997,1.068552,0.966360909,0.971410909,,,,
617,1.063154,1.0686022,0.966503636,0.971456545,,,,
618,1.0626298,1.0685735,0.966027091,0.971430455,,,,
619,1.063615,1.0685315,0.966922727,0.971392273,,,,
620,1.0636686,1.0685097,0.966971455,0.971372455,,,,
621,1.0636194,1.0684137,0.966926727,0.971285182,,,,
622,1.0636232,1.0684493,0.966930182,0.971317545,,,,
623,1.0635386,1.0684179,0.966853273,0.971289,,,,
624,1.063617,1.0684311,0.966924545,0.971301,,,,
625,1.0636234,1.0684743,0.966930364,0.971340273,,,,
626,1.0635642,1.0684242,0.966876545,0.971294727,,,,
627,1.0635012,1.0682316,0.966819273,0.971119636,,,,
628,1.0633682,1.0681285,0.966698364,0.971025909,,,,
629,1.0633615,1.0682679,0.966692273,0.971152636,,,,
630,1.0634691,1.0682939,0.966790091,0.971176273,,,,
631,1.0634447,1.0682821,0.966767909,0.971165545,,,,
632,1.0634449,1.0682101,0.966768091,0.971100091,,,,
633,1.0628321,1.0681164,0.966211,0.971014909,,,,
634,1.0622646,1.0680146,0.965695091,0.970922364,,,,
635,1.063068,1.068036,0.966425455,0.970941818,,,,
636,1.0631609,1.068105,0.966509909,0.971004545,,,,
637,1.0622852,1.0681242,0.965713818,0.971022,,,,
638,1.0631012,1.068091,0.966455636,0.970991818,,,,
639,1.0630679,1.0680338,0.966425364,0.970939818,,,,
640,1.0630156,1.0679661,0.966377818,0.970878273,,,,
641,1.062974,1.0680236,0.96634,0.970930545,,,,
642,1.0626874,1.067912,0.966079455,0.970829091,,,,
643,1.0628955,1.0678359,0.966268636,0.970759909,,,,
644,1.062911,1.0678195,0.966282727,0.970745,,,,
645,1.0622579,1.0677626,0.965689,0.970693273,,,,
646,1.0627024,1.0677056,0.966093091,0.970641455,,,,
647,1.0627359,1.0676557,0.966123545,0.970596091,,,,
648,1.0626379,1.0675608,0.966034455,0.970509818,,,,
649,1.0625808,1.0676128,0.965982545,0.970557091,,,,
650,1.062655,1.0677456,0.96605,0.970677818,,,,
651,1.0627465,1.0677168,0.966133182,0.970651636,,,,
652,1.0625139,1.0675999,0.965921727,0.970545364,,,,
653,1.0625679,1.0675087,0.965970818,0.970462455,,,,
654,1.0622888,1.0672724,0.965717091,0.970247636,,,,
655,1.0622468,1.0672544,0.965678909,0.970231273,,,,
656,1.061606,1.0672741,0.965096364,0.970249182,,,,
657,1.0620822,1.0673089,0.965529273,0.970280818,,,,
658,1.0620933,1.0672337,0.965539364,0.970212455,,,,
659,1.0621996,1.0671724,0.965636,0.970156727,,,,
660,1.0621279,1.0670987,0.965570818,0.970089727,,,,
661,1.0620153,1.0670784,0.965468455,0.970071273,,,,
662,1.062043,1.067193,0.965493636,0.970175455,,,,
663,1.0621222,1.0671582,0.965565636,0.970143818,,,,
664,1.06215,1.0671341,0.965590909,0.970121909,,,,
665,1.0620853,1.0671585,0.965532091,0.970144091,,,,
666,1.0620228,1.0671363,0.965475273,0.970123909,,,,
667,1.0620464,1.0670618,0.965496727,0.970056182,,,,
668,1.0614345,1.0670184,0.964940455,0.970016727,,,,
669,1.0619992,1.0669625,0.965453818,0.969965909,,,,
670,1.0617864,1.0668824,0.965260364,0.969893091,,,,
671,1.0618092,1.0668236,0.965281091,0.969839636,,,,
672,1.0617851,1.0668652,0.965259182,0.969877455,,,,
673,1.0617462,1.0667605,0.965223818,0.969782273,,,,
674,1.0617322,1.0668148,0.965211091,0.969831636,,,,
675,1.0616994,1.0667518,0.965181273,0.969774364,,,,
676,1.0617119,1.0667084,0.965192636,0.969734909,,,,
677,1.061649,1.0666445,0.965135455,0.969676818,,,,
678,1.0616878,1.0666348,0.965170727,0.969668,,,,
679,1.061651,1.0667435,0.965137273,0.969766818,,,,
680,1.0615275,1.0664459,0.965025,0.969496273,,,,
681,1.061286,1.0662735,0.964805455,0.969339545,,,,
682,1.0611457,1.0662553,0.964677909,0.969323,,,,
683,1.0608976,1.0662941,0.964452364,0.969358273,,,,
684,1.0612249,1.0663046,0.964749909,0.969367818,,,,
685,1.0612642,1.0663493,0.964785636,0.969408455,,,,
686,1.0613167,1.0663233,0.964833364,0.969384818,,,,
687,1.0612727,1.0663265,0.964793364,0.969387727,,,,
688,1.0612595,1.0662115,0.964781364,0.969283182,,,,
689,1.0611103,1.0662568,0.964645727,0.969324364,,,,
690,1.0610359,1.0662302,0.964578091,0.969300182,,,,
691,1.0611607,1.0662615,0.964691545,0.969328636,,,,
692,1.0610768,1.0662458,0.964615273,0.969314364,,,,
693,1.0610906,1.0661771,0.964627818,0.969251909,,,,
694,1.0607498,1.0659717,0.964318,0.969065182,,,,
695,1.0608006,1.0660142,0.964364182,0.969103818,,,,
696,1.0609204,1.0661479,0.964473091,0.969225364,,,,
697,1.0610584,1.0662749,0.964598545,0.969340818,,,,
698,1.0611581,1.0663111,0.964689182,0.969373727,,,,
699,1.0611919,1.0663347,0.964719909,0.969395182,,,,
700,1.0612049,1.0663431,0.964731727,0.969402818,,,,
701,1.0612075,1.0663362,0.964734091,0.969396545,,,,
702,1.0610589,1.0663254,0.964599,0.969386727,,,,
703,1.0611665,1.0662509,0.964696818,0.969319,,,,
704,1.0611105,1.0662078,0.964645909,0.969279818,,,,
705,1.0609108,1.0660504,0.964464364,0.969136727,,,,
706,1.0609572,1.0660101,0.964506545,0.969100091,,,,
707,1.0606366,1.0660484,0.964215091,0.969134909,,,,
708,1.0605878,1.0662963,0.964170727,0.969360273,,,,
709,1.0611516,1.0664059,0.964683273,0.969459909,,,,
710,1.0612876,1.066702,0.964806909,0.969729091,,,,
711,1.0614338,1.0668932,0.964939818,0.969902909,,,,
712,1.0609235,1.0667989,0.964475909,0.969817182,,,,
713,1.0611922,1.0666331,0.964720182,0.969666455,,,,
714,1.0607669,1.0670223,0.964333545,0.970020273,,,,
715,1.0614119,1.0666652,0.964919909,0.969695636,,,,
716,1.0612907,1.0664725,0.964809727,0.969520455,,,,
717,1.06069,1.066017,0.964263636,0.969106364,,,,
718,1.0600556,1.0658286,0.963686909,0.968935091,,,,
719,1.0603125,1.0655659,0.963920455,0.968696273,,,,
720,1.0599395,1.0654136,0.963581364,0.968557818,,,,
721,1.0601275,1.0653105,0.963752273,0.968464091,,,,
722,1.0590494,1.0652041,0.962772182,0.968367364,,,,
723,1.0598896,1.0651397,0.963536,0.968308818,,,,
724,1.0599023,1.0650959,0.963547545,0.968269,,,,
725,1.0598507,1.0650591,0.963500636,0.968235545,,,,
726,1.0598731,1.0650096,0.963521,0.968190545,,,,
727,1.0598394,1.0649334,0.963490364,0.968121273,,,,
728,1.0597771,1.0649257,0.963433727,0.968114273,,,,
729,1.0597558,1.0649015,0.963414364,0.968092273,,,,
730,1.0596892,1.064876,0.963353818,0.968069091,,,,
731,1.0597079,1.0648963,0.963370818,0.968087545,,,,
732,1.0597332,1.0648738,0.963393818,0.968067091,,,,
733,1.0597006,1.0648167,0.963364182,0.968015182,,,,
734,1.0593653,1.0649709,0.963059364,0.968155364,,,,
735,1.0597396,1.0651149,0.963399636,0.968286273,,,,
736,1.0589978,1.0652835,0.962725273,0.968439545,,,,
737,1.0596651,1.0653867,0.963331909,0.968533364,,,,
738,1.059518,1.0654212,0.963198182,0.968564727,,,,
739,1.059467,1.0651838,0.963151818,0.968348909,,,,
740,1.0599482,1.065359,0.963589273,0.968508182,,,,
741,1.0601047,1.065287,0.963731545,0.968442727,,,,
742,1.059827,1.0650028,0.963479091,0.968184364,,,,
743,1.0599027,1.0646956,0.963547909,0.967905091,,,,
744,1.0592531,1.0642575,0.962957364,0.967506818,,,,
745,1.059309,1.0642923,0.963008182,0.967538455,,,,
746,1.0591596,1.0636692,0.962872364,0.966972,,,,
747,1.0589339,1.064075,0.962667182,0.967340909,,,,
748,1.0589665,1.0640275,0.962696818,0.967297727,,,,
749,1.0589323,1.0639846,0.962665727,0.967258727,,,,
750,1.0588608,1.0639319,0.962600727,0.967210818,,,,
751,1.0588175,1.0639431,0.962561364,0.967221,,,,
752,1.0585463,1.0638361,0.962314818,0.967123727,,,,
753,1.0586663,1.0638816,0.962423909,0.967165091,,,,
754,1.0586612,1.0638013,0.962419273,0.967092091,,,,
755,1.0584894,1.0637355,0.962263091,0.967032273,,,,
756,1.0583377,1.0635099,0.962125182,0.966827182,,,,
757,1.0584539,1.0636015,0.962230818,0.966910455,,,,
758,1.0584109,1.0636033,0.962191727,0.966912091,,,,
759,1.0582521,1.0635068,0.962047364,0.966824364,,,,
760,1.0583783,1.063297,0.962162091,0.966633636,,,,
761,1.0580328,1.0636553,0.961848,0.966959364,,,,
762,1.0584159,1.063923,0.962196273,0.967202727,,,,
763,1.0585494,1.0640343,0.962317636,0.967303909,,,,
764,1.058569,1.0641185,0.962335455,0.967380455,,,,
765,1.0587686,1.0639621,0.962516909,0.967238273,,,,
766,1.0584592,1.0640999,0.962235636,0.967363545,,,,
767,1.058316,1.0640761,0.962105455,0.967341909,,,,
768,1.0588419,1.0635133,0.962583545,0.966830273,,,,
769,1.0588038,1.0636495,0.962548909,0.966954091,,,,
770,1.0583028,1.0634633,0.962093455,0.966784818,,,,
771,1.058234,1.0627543,0.962030909,0.966140273,,,,
772,1.0578934,1.0631253,0.961721273,0.966477545,,,,
773,1.0578251,1.0630887,0.961659182,0.966444273,,,,
774,1.0578938,1.0630364,0.961721636,0.966396727,,,,
775,1.0578301,1.0629495,0.961663727,0.966317727,,,,
776,1.0577886,1.0629611,0.961626,0.966328273,,,,
777,1.0577748,1.0628085,0.961613455,0.966189545,,,,
778,1.0576282,1.0628554,0.961480182,0.966232182,,,,
779,1.0577223,1.0628303,0.961565727,0.966209364,,,,
780,1.0570208,1.0626844,0.960928,0.966076727,,,,
781,1.0575558,1.0625539,0.961414364,0.965958091,,,,
782,1.0572457,1.0619949,0.961132455,0.965449909,,,,
783,1.0567656,1.0620188,0.960696,0.965471636,,,,
784,1.0573571,1.0623904,0.961233727,0.965809455,,,,
785,1.0564196,1.0623009,0.960381455,0.965728091,,,,
786,1.0571316,1.0623755,0.961028727,0.965795909,,,,
787,1.0556742,1.0624298,0.959703818,0.965845273,,,,
788,1.0555897,1.062296,0.959627,0.965723636,,,,
789,1.0570962,1.0626458,0.960996545,0.966041636,,,,
790,1.0567009,1.06275,0.960637182,0.966136364,,,,
791,1.0574366,1.0628066,0.961306,0.966187818,,,,
792,1.0574012,1.0629069,0.961273818,0.966279,,,,
793,1.05766,1.0629183,0.961509091,0.966289364,,,,
794,1.057596,1.0628572,0.961450909,0.966233818,,,,
795,1.0576138,1.0626841,0.961467091,0.966076455,,,,
796,1.0574433,1.062404,0.961312091,0.965821818,,,,
797,1.0572935,1.0620314,0.961175909,0.965483091,,,,
798,1.0567707,1.0619655,0.960700636,0.965423182,,,,
799,1.0567744,1.0618213,0.960704,0.965292091,,,,
800,1.0559119,1.0618014,0.959919909,0.965274,,,,
801,1.0563959,1.0617303,0.960359909,0.965209364,,,,
802,1.0561973,1.0616856,0.960179364,0.965168727,,,,
803,1.0563992,1.0616332,0.960362909,0.965121091,,,,
804,1.0564234,1.0615748,0.960384909,0.965068,,,,
805,1.0563426,1.0615315,0.960311455,0.965028636,,,,
806,1.0562061,1.0614998,0.960187364,0.964999818,,,,
807,1.0560441,1.0614311,0.960040091,0.964937364,,,,
808,1.0562102,1.0614311,0.960191091,0.964937364,,,,
809,1.0560403,1.0613332,0.960036636,0.964848364,,,,
810,1.0559556,1.0613459,0.959959636,0.964859909,,,,
811,1.0560746,1.0612429,0.960067818,0.964766273,,,,
812,1.0554202,1.0612204,0.959472909,0.964745818,,,,
813,1.0559099,1.0611457,0.959918091,0.964677909,,,,
814,1.0558702,1.0612872,0.959882,0.964806545,,,,
815,1.0558451,1.0614434,0.959859182,0.964948545,,,,
816,1.0558696,1.0615479,0.959881455,0.965043545,,,,
817,1.0556734,1.0609514,0.959703091,0.964501273,,,,
818,1.0560325,1.0615277,0.960029545,0.965025182,,,,
819,1.0562433,1.0614257,0.960221182,0.964932455,,,,
820,1.056231,1.0613143,0.96021,0.964831182,,,,
821,1.0560735,1.0609518,0.960066818,0.964501636,,,,
822,1.0560207,1.060938,0.960018818,0.964489091,,,,
823,1.0558449,1.0607998,0.959859,0.964363455,,,,
824,1.0557081,1.0606593,0.959734636,0.964235727,,,,
825,1.055433,1.0606352,0.959484545,0.964213818,,,,
826,1.0554985,1.0605929,0.959544091,0.964175364,,,,
827,1.0551714,1.0605938,0.959246727,0.964176182,,,,
828,1.0553768,1.0605249,0.959433455,0.964113545,,,,
829,1.0551858,1.0604925,0.959259818,0.964084091,,,,
830,1.0549672,1.0604221,0.959061091,0.964020091,,,,
831,1.055232,1.0603994,0.959301818,0.963999455,,,,
832,1.0551808,1.060347,0.959255273,0.963951818,,,,
833,1.0551609,1.0602983,0.959237182,0.963907545,,,,
834,1.055109,1.0602287,0.95919,0.963844273,,,,
835,1.055006,1.060349,0.959096364,0.963953636,,,,
836,1.0549853,1.0602677,0.959077545,0.963879727,,,,
837,1.0550035,1.0601395,0.959094091,0.963763182,,,,
838,1.0549945,1.0600444,0.959085909,0.963676727,,,,
839,1.0549045,1.0598991,0.959004091,0.963544636,,,,
840,1.0548638,1.0600443,0.958967091,0.963676636,,,,
841,1.0547934,1.0603197,0.958903091,0.963927,,,,
842,1.0547316,1.0604105,0.958846909,0.964009545,,,,
843,1.0547237,1.0606004,0.958839727,0.964182182,,,,
844,1.0552684,1.0603217,0.959334909,0.963928818,,,,
845,1.0551511,1.0602278,0.959228273,0.963843455,,,,
846,1.0554529,1.0601828,0.959502636,0.963802545,,,,
847,1.0552084,1.062176,0.959280364,0.965614545,,,,
848,1.0550082,1.060009,0.959098364,0.963644545,,,,
849,1.0508832,1.0599493,0.955348364,0.963590273,,,,
850,1.0516613,1.0599053,0.956055727,0.963550273,,,,
851,1.0524553,1.0597689,0.956777545,0.963426273,,,,
852,1.0531665,1.0596063,0.957424091,0.963278455,,,,
853,1.0533838,1.0595294,0.957621636,0.963208545,,,,
854,1.0534256,1.0594085,0.957659636,0.963098636,,,,
855,1.0530258,1.0593295,0.957296182,0.963026818,,,,
856,1.0534935,1.0592904,0.957721364,0.962991273,,,,
857,1.05318,1.0593057,0.957436364,0.963005182,,,,
858,1.0535216,1.0592238,0.957746909,0.962930727,,,,
859,1.0536325,1.0588835,0.957847727,0.962621364,,,,
860,1.0535709,1.0590043,0.957791727,0.962731182,,,,
861,1.0534998,1.058691,0.957727091,0.962446364,,,,
862,1.0533808,1.0588838,0.957618909,0.962621636,,,,
863,1.0531749,1.0591102,0.957431727,0.962827455,,,,
864,1.0529065,1.0593374,0.957187727,0.963034,,,,
865,1.0535423,1.0594585,0.957765727,0.963144091,,,,
866,1.0524279,1.0591698,0.956752636,0.962881636,,,,
867,1.0536706,1.0594915,0.957882364,0.963174091,,,,
868,1.0533203,1.0593586,0.957563909,0.963053273,,,,
869,1.0535209,1.0590367,0.957746273,0.962760636,,,,
870,1.0531764,1.0590506,0.957433091,0.962773273,,,,
871,1.0527658,1.0583591,0.957059818,0.962144636,,,,
872,1.0534636,1.0584643,0.957694182,0.962240273,,,,
873,1.0533673,1.0582204,0.957606636,0.962018545,,,,
874,1.0527971,1.0583018,0.957088273,0.962092545,,,,
875,1.0523404,1.0582722,0.956673091,0.962065636,,,,
876,1.0530014,1.0581897,0.957274,0.961990636,,,,
877,1.0525203,1.0581117,0.956836636,0.961919727,,,,
878,1.0525366,1.0580318,0.956851455,0.961847091,,,,
879,1.051733,1.0580301,0.956120909,0.961845545,,,,
880,1.0524799,1.0579691,0.956799909,0.961790091,,,,
881,1.052588,1.0578641,0.956898182,0.961694636,,,,
882,1.0525752,1.0577424,0.956886545,0.961584,,,,
883,1.0527914,1.0571668,0.957083091,0.961060727,,,,
884,1.0526985,1.0575514,0.956998636,0.961410364,,,,
885,1.0527894,1.0574573,0.957081273,0.961324818,,,,
886,1.0526328,1.0573447,0.956938909,0.961222455,,,,
887,1.052771,1.0573887,0.957064545,0.961262455,,,,
888,1.0522097,1.0575283,0.956554273,0.961389364,,,,
889,1.0523617,1.0575508,0.956692455,0.961409818,,,,
890,1.0524811,1.057636,0.956801,0.961487273,,,,
891,1.0525711,1.057688,0.956882818,0.961534545,,,,
892,1.0528119,1.0582646,0.957101727,0.962058727,,,,
893,1.0528648,1.0580152,0.957149818,0.961832,,,,
894,1.052736,1.0584699,0.957032727,0.962245364,,,,
895,1.0529732,1.0585195,0.957248364,0.962290455,,,,
896,1.0526407,1.0582325,0.956946091,0.962029545,,,,
897,1.0531281,1.0579498,0.957389182,0.961772545,,,,
898,1.0530777,1.0571623,0.957343364,0.961056636,,,,
899,1.0526106,1.0573776,0.956918727,0.961252364,,,,
900,1.0524502,1.056951,0.956772909,0.960864545,,,,
901,1.0525759,1.0565991,0.956887182,0.960544636,,,,
902,1.0523605,1.0569282,0.956691364,0.960843818,,,,
903,1.0517905,1.0567974,0.956173182,0.960724909,,,,
904,1.0518893,1.056794,0.956263,0.960721818,,,,
905,1.051807,1.0568153,0.956188182,0.960741182,,,,
906,1.0521044,1.0565366,0.956458545,0.960487818,,,,
907,1.0520855,1.0565406,0.956441364,0.960491455,,,,
908,1.0520968,1.056318,0.956451636,0.960289091,,,,
909,1.0516568,1.0552729,0.956051636,0.959339,,,,
910,1.0512604,1.0538625,0.955691273,0.958056818,,,,
911,1.0503777,1.0570359,0.954888818,0.960941727,,,,
912,1.0492328,1.0550219,0.953848,0.959110818,,,,
913,1.0511354,1.0546775,0.955577636,0.958797727,,,,
914,1.0503712,1.056022,0.954882909,0.96002,,,,
915,1.0497186,1.0540189,0.954289636,0.958199,,,,
916,1.0507462,1.0544653,0.955223818,0.958604818,,,,
917,1.0489644,1.0553397,0.953604,0.959399727,,,,
918,1.0495366,1.0554036,0.954124182,0.959457818,,,,
919,1.0495332,1.0549339,0.954121091,0.959030818,,,,
920,1.0506791,1.0551573,0.955162818,0.959233909,,,,
921,1.0501242,1.0553977,0.954658364,0.959452455,,,,
922,1.0504221,1.0548018,0.954929182,0.958910727,,,,
923,1.0503535,1.0549315,0.954866818,0.959028636,,,,
924,1.0500113,1.0554911,0.954555727,0.959537364,,,,
925,1.050357,1.0541521,0.95487,0.958320091,,,,
926,1.0505685,1.0543972,0.955062273,0.958542909,,,,
927,1.0495107,1.0553559,0.954100636,0.959414455,,,,
928,1.0496556,1.0539442,0.954232364,0.958131091,,,,
929,1.0500941,1.0539424,0.954631,0.958129455,,,,
930,1.0493286,1.0537391,0.953935091,0.957944636,,,,
931,1.0491835,1.0536481,0.953803182,0.957861909,,,,
932,1.0490272,1.0537351,0.953661091,0.957941,,,,
933,1.0493268,1.0529473,0.953933455,0.957224818,,,,
934,1.0492687,1.0533408,0.953880636,0.957582545,,,,
935,1.0485555,1.0531996,0.953232273,0.957454182,,,,
936,1.0490447,1.0525047,0.953677,0.956822455,,,,
937,1.0488641,1.0526198,0.953512818,0.956927091,,,,
938,1.0480819,1.0538545,0.952801727,0.958049545,,,,
939,1.0484674,1.0545318,0.953152182,0.958665273,,,,
940,1.0493623,1.0551267,0.953965727,0.959206091,,,,
941,1.0498452,1.0545161,0.954404727,0.958651,,,,
942,1.0502964,1.0547355,0.954814909,0.958850455,,,,
943,1.0497935,1.054496,0.954357727,0.958632727,,,,
944,1.0504557,1.0541276,0.954959727,0.958297818,,,,
945,1.0487156,1.0536516,0.953377818,0.957865091,,,,
946,1.0495733,1.0545049,0.954157545,0.958640818,,,,
947,1.0498087,1.0538725,0.954371545,0.958065909,,,,
948,1.0497084,1.0533255,0.954280364,0.957568636,,,,
949,1.0491574,1.054206,0.953779455,0.958369091,,,,
950,1.0490232,1.0537469,0.953657455,0.957951727,,,,
951,1.0492337,1.05277,0.953848818,0.957063636,,,,
952,1.049035,1.0531534,0.953668182,0.957412182,,,,
953,1.0479542,1.0542943,0.952685636,0.958449364,,,,
954,1.0487057,1.0529207,0.953368818,0.957200636,,,,
955,1.0498478,1.0527052,0.954407091,0.957004727,,,,
956,1.0486931,1.0540282,0.953357364,0.958207455,,,,
957,1.0484006,1.0527345,0.953091455,0.957031364,,,,
958,1.049191,1.0530384,0.95381,0.957307636,,,,
959,1.0486248,1.0533445,0.953295273,0.957585909,,,,
960,1.0486516,1.0526924,0.953319636,0.956993091,,,,
961,1.0489819,1.0527632,0.953619909,0.957057455,,,,
962,1.0488014,1.0530607,0.953455818,0.957327909,,,,
963,1.0486875,1.0523943,0.953352273,0.956722091,,,,
964,1.0488591,1.052164,0.953508273,0.956512727,,,,
965,1.0479913,1.0529879,0.952719364,0.957261727,,,,
966,1.0480794,1.0529234,0.952799455,0.957203091,,,,
967,1.0486084,1.0522964,0.953280364,0.956633091,,,,
968,1.0467128,1.0531251,0.951557091,0.957386455,,,,
969,1.0472753,1.0529408,0.952068455,0.957218909,,,,
970,1.0485198,1.0523562,0.953199818,0.956687455,,,,
971,1.0487825,1.0529341,0.953438636,0.957212818,,,,
972,1.0475863,1.0535343,0.952351182,0.957758455,,,,
973,1.0476383,1.0524832,0.952398455,0.956802909,,,,
974,1.0480059,1.0527521,0.952732636,0.957047364,,,,
975,1.0479369,1.0529284,0.952669909,0.957207636,,,,
976,1.0481195,1.0522573,0.952835909,0.956597545,,,,
977,1.0479978,1.0519093,0.952725273,0.956281182,,,,
978,1.047369,1.0517651,0.952153636,0.956150091,,,,
979,1.0476724,1.0522829,0.952429455,0.956620818,,,,
980,1.04781,1.0515176,0.952554545,0.955925091,,,,
981,1.047644,1.0516167,0.952403636,0.956015182,,,,
982,1.0462686,1.0518363,0.951153273,0.956214818,,,,
983,1.0472673,1.0517681,0.952061182,0.956152818,,,,
984,1.046808,1.0519909,0.951643636,0.956355364,,,,
985,1.0468941,1.0523565,0.951721909,0.956687727,,,,
986,1.0480727,1.0517502,0.952793364,0.956136545,,,,
987,1.0480809,1.0525717,0.952800818,0.956883364,,,,
988,1.0479215,1.0517715,0.952655909,0.956155909,,,,
989,1.0477593,1.052418,0.952508455,0.956743636,,,,
990,1.0477049,1.0512584,0.952459,0.955689455,,,,
991,1.0476425,1.0516516,0.952402273,0.956046909,,,,
992,1.0481811,1.0521611,0.952891909,0.956510091,,,,
993,1.048299,1.051982,0.952999091,0.956347273,,,,
994,1.0483732,1.0516338,0.953066545,0.956030727,,,,
995,1.0481063,1.0520386,0.952823909,0.956398727,,,,
996,1.0475903,1.0519813,0.952354818,0.956346636,,,,
997,1.0477579,1.0516541,0.952507182,0.956049182,,,,
998,1.0480105,1.0518985,0.952736818,0.956271364,,,,
999,1.0474339,1.0511005,0.952212636,0.955545909,,,,
1000,1.0473723,1.0518333,0.952156636,0.956212091,,,,
1001,1.0472594,1.0515254,0.952054,0.955932182,,,,
1002,1.0475345,1.0509608,0.952304091,0.955418909,,,,
1003,1.0472472,1.0512042,0.952042909,0.955640182,,,,
1004,1.0475669,1.0513668,0.952333545,0.955788,,,,
1005,1.0474768,1.0513401,0.952251636,0.955763727,,,,
1006,1.0472555,1.0513667,0.952050455,0.955787909,,,,
1007,1.047214,1.0513815,0.952012727,0.955801364,,,,
1008,1.0470616,1.0510714,0.951874182,0.955519455,,,,
1009,1.0471103,1.0512064,0.951918455,0.955642182,,,,
1010,1.0472913,1.0515634,0.952083,0.955966727,,,,
1011,1.0476408,1.0512233,0.952400727,0.955657545,,,,
1012,1.0472965,1.0515373,0.952087727,0.955943,,,,
1013,1.0468339,1.0511234,0.951667182,0.955566727,,,,
1014,1.046472,1.050727,0.951338182,0.955206364,,,,
1015,1.0466272,1.0506805,0.951479273,0.955164091,,,,
1016,1.0461981,1.0512077,0.951089182,0.955643364,,,,
1017,1.0463288,1.0503966,0.951208,0.954906,,,,
1018,1.0471313,1.0509938,0.951937545,0.955448909,,,,
1019,1.0468818,1.0504007,0.951710727,0.954909727,,,,
1020,1.0469649,1.0505073,0.951786273,0.955006636,,,,
1021,1.0468143,1.0510365,0.951649364,0.955487727,,,,
1022,1.0465955,1.0506572,0.951450455,0.955142909,,,,
1023,1.0466205,1.0505191,0.951473182,0.955017364,,,,
1024,1.0469631,1.0508226,0.951784636,0.955293273,,,,
1025,1.0464734,1.0502986,0.951339455,0.954816909,,,,
1026,1.0458431,1.0501077,0.950766455,0.954643364,,,,
1027,1.0459329,1.050414,0.950848091,0.954921818,,,,
1028,1.0460329,1.0504711,0.950939,0.954973727,,,,
1029,1.0464371,1.049839,0.951306455,0.954399091,,,,
1030,1.0460435,1.0499517,0.950948636,0.954501545,,,,
1031,1.046383,1.0503681,0.951257273,0.954880091,,,,
1032,1.0460207,1.0501175,0.950927909,0.954652273,,,,
1033,1.0458047,1.0501771,0.950731545,0.954706455,,,,
1034,1.04641,1.050661,0.951281818,0.955146364,,,,
1035,1.0460341,1.0505613,0.950940091,0.955055727,,,,
1036,1.0463198,1.0505618,0.951199818,0.955056182,,,,
1037,1.0464143,1.0500311,0.951285727,0.954573727,,,,
1038,1.0451313,1.0497057,0.950119364,0.954277909,,,,
1039,1.0456761,1.049947,0.950614636,0.954497273,,,,
1040,1.0460755,1.0497787,0.950977727,0.954344273,,,,
1041,1.0459869,1.0502082,0.950897182,0.954734727,,,,
1042,1.0455962,1.0500576,0.950542,0.954597818,,,,
1043,1.0459721,1.0493542,0.950883727,0.953958364,,,,
1044,1.0455135,1.0496219,0.950466818,0.954201727,,,,
1045,1.0457565,1.0497632,0.950687727,0.954330182,,,,
1046,1.045797,1.0493788,0.950724545,0.953980727,,,,
1047,1.0451274,1.0493592,0.950115818,0.953962909,,,,
1048,1.0448896,1.0497347,0.949899636,0.954304273,,,,
1049,1.0454842,1.0496587,0.950440182,0.954235182,,,,
1050,1.0449585,1.0496105,0.949962273,0.954191364,,,,
1051,1.0453382,1.0495656,0.950307455,0.954150545,,,,
1052,1.0454155,1.0493519,0.950377727,0.953956273,,,,
1053,1.0446144,1.0493844,0.949649455,0.953985818,,,,
1054,1.045059,1.0489054,0.950053636,0.953550364,,,,
1055,1.0447001,1.048999,0.949727364,0.953635455,,,,
1056,1.0440195,1.04895,0.949108636,0.953590909,,,,
1057,1.0446064,1.0490154,0.949642182,0.953650364,,,,
1058,1.045031,1.0487009,0.950028182,0.953364455,,,,
1059,1.0444828,1.0492862,0.949529818,0.953896545,,,,
1060,1.0446135,1.0493648,0.949648636,0.953968,,,,
1061,1.0443954,1.0484906,0.949450364,0.953173273,,,,
1062,1.0444428,1.0488908,0.949493455,0.953537091,,,,
1063,1.0444539,1.0485985,0.949503545,0.953271364,,,,
1064,1.044369,1.0486099,0.949426364,0.953281727,,,,
1065,1.0447522,1.0485998,0.949774727,0.953272545,,,,
1066,1.0443258,1.0481213,0.949387091,0.952837545,,,,
1067,1.0445681,1.0479783,0.949607364,0.952707545,,,,
1068,1.044435,1.0485302,0.949486364,0.953209273,,,,
1069,1.0443172,1.0485539,0.949379273,0.953230818,,,,
1070,1.0436645,1.0486532,0.948785909,0.953321091,,,,
1071,1.0434943,1.0481706,0.948631182,0.952882364,,,,
1072,1.0442415,1.0480425,0.949310455,0.952765909,,,,
1073,1.0442716,1.0476408,0.949337818,0.952400727,,,,
1074,1.0432632,1.047938,0.948421091,0.952670909,,,,
1075,1.0435767,1.0480784,0.948706091,0.952798545,,,,
1076,1.0436926,1.0484825,0.948811455,0.953165909,,,,
1077,1.043716,1.0478499,0.948832727,0.952590818,,,,
1078,1.0442669,1.0484403,0.949333545,0.953127545,,,,
1079,1.0438139,1.0481428,0.948921727,0.952857091,,,,
1080,1.0435672,1.0477978,0.948697455,0.952543455,,,,
1081,1.0437907,1.0480907,0.948900636,0.952809727,,,,
1082,1.0429615,1.0478162,0.948146818,0.952560182,,,,
1083,1.0433794,1.047765,0.948526727,0.952513636,,,,
1084,1.0431895,1.0474747,0.948354091,0.952249727,,,,
1085,1.0430939,1.0476153,0.948267182,0.952377545,,,,
1086,1.0432098,1.0474707,0.948372545,0.952246091,,,,
1087,1.0428956,1.0480088,0.948086909,0.952735273,,,,
1088,1.0428174,1.0474805,0.948015818,0.952255,,,,
1089,1.0431533,1.0467182,0.948321182,0.951562,,,,
1090,1.0431564,1.0474758,0.948324,0.952250727,,,,
1091,1.0424494,1.0475316,0.947681273,0.952301455,,,,
1092,1.0432595,1.0473257,0.948417727,0.952114273,,,,
1093,1.0428022,1.0474521,0.948002,0.952229182,,,,
1094,1.0430561,1.0469722,0.948232818,0.951792909,,,,
1095,1.0431091,1.0471133,0.948281,0.951921182,,,,
1096,1.0421392,1.0469358,0.947399273,0.951759818,,,,
1097,1.04283,1.0471499,0.948027273,0.951954455,,,,
1098,1.0423886,1.0470315,0.947626,0.951846818,,,,
1099,1.0424987,1.0472029,0.947726091,0.952002636,,,,
1100,1.0426993,1.0470653,0.947908455,0.951877545,,,,
1101,1.042474,1.0463951,0.947703636,0.951268273,,,,
1102,1.0426731,1.046947,0.947884636,0.95177,,,,
1103,1.0422804,1.0469853,0.947527636,0.951804818,,,,
1104,1.0421233,1.0464936,0.947384818,0.951357818,,,,
1105,1.0421754,1.0469934,0.947432182,0.951812182,,,,
1106,1.0423043,1.0467237,0.947549364,0.951567,,,,
1107,1.0428393,1.0466129,0.948035727,0.951466273,,,,
1108,1.042093,1.0467941,0.947357273,0.951631,,,,
1109,1.0424539,1.0462486,0.947685364,0.951135091,,,,
1110,1.0423312,1.0463606,0.947573818,0.951236909,,,,
1111,1.0419276,1.0462631,0.947206909,0.951148273,,,,
1112,1.04219,1.0463436,0.947445455,0.951221455,,,,
1113,1.0418977,1.0460666,0.947179727,0.950969636,,,,
1114,1.0414321,1.045911,0.946756455,0.950828182,,,,
1115,1.0420116,1.0461715,0.947283273,0.951065,,,,
1116,1.0412809,1.0463723,0.946619,0.951247545,,,,
1117,1.0420191,1.0461236,0.947290091,0.951021455,,,,
1118,1.0420705,1.0458957,0.947336818,0.950814273,,,,
1119,1.0420471,1.0457624,0.947315545,0.950693091,,,,
1120,1.0418668,1.0459639,0.947151636,0.950876273,,,,
1121,1.0414308,1.0456678,0.946755273,0.950607091,,,,
1122,1.0419741,1.0461614,0.947249182,0.951055818,,,,
1123,1.0419319,1.0457104,0.947210818,0.950645818,,,,
1124,1.0413433,1.0464076,0.946675727,0.951279636,,,,
1125,1.0413646,1.0460608,0.946695091,0.950964364,,,,
1126,1.0414867,1.045821,0.946806091,0.950746364,,,,
1127,1.0412158,1.0459741,0.946559818,0.950885545,,,,
1128,1.0414959,1.045779,0.946814455,0.950708182,,,,
1129,1.0413526,1.0457351,0.946684182,0.950668273,,,,
1130,1.0415448,1.0458871,0.946858909,0.950806455,,,,
1131,1.0413597,1.045512,0.946690636,0.950465455,,,,
1132,1.040524,1.0461125,0.945930909,0.951011364,,,,
1133,1.0410579,1.0454919,0.946416273,0.950447182,,,,
1134,1.0410837,1.0452996,0.946439727,0.950272364,,,,
1135,1.0408798,1.0454122,0.946254364,0.950374727,,,,
1136,1.0410533,1.0453769,0.946412091,0.950342636,,,,
1137,1.0403845,1.0454863,0.945804091,0.950442091,,,,
1138,1.040743,1.0452977,0.94613,0.950270636,,,,
1139,1.0404038,1.0450692,0.945821636,0.950062909,,,,
1140,1.0402701,1.0449965,0.945700091,0.949996818,,,,
1141,1.0405957,1.0450712,0.945996091,0.950064727,,,,
1142,1.0404617,1.0449892,0.945874273,0.949990182,,,,
1143,1.0400342,1.0449083,0.945485636,0.949916636,,,,
1144,1.0402254,1.0446546,0.945659455,0.949686,,,,
1145,1.0393656,1.044628,0.944877818,0.949661818,,,,
1146,1.0400581,1.0447327,0.945507364,0.949757,,,,
1147,1.0401655,1.0447092,0.945605,0.949735636,,,,
1148,1.0401856,1.0447837,0.945623273,0.949803364,,,,
1149,1.0402119,1.0445632,0.945647182,0.949602909,,,,
1150,1.0405564,1.0443915,0.945960364,0.949446818,,,,
1151,1.0400584,1.0443693,0.945507636,0.949426636,,,,
1152,1.0401067,1.0446613,0.945551545,0.949692091,,,,
1153,1.0399848,1.0444428,0.945440727,0.949493455,,,,
1154,1.0399084,1.0445952,0.945371273,0.949632,,,,
1155,1.0399191,1.0435395,0.945381,0.948672273,,,,
1156,1.0398786,1.0444497,0.945344182,0.949499727,,,,
1157,1.0396273,1.0439625,0.945115727,0.949056818,,,,
1158,1.0395633,1.0440586,0.945057545,0.949144182,,,,
1159,1.0395097,1.0442758,0.945008818,0.949341636,,,,
1160,1.0389351,1.0445757,0.944486455,0.949614273,,,,
1161,1.0392386,1.0439847,0.944762364,0.949077,,,,
1162,1.0397263,1.0444107,0.945205727,0.949464273,,,,
1163,1.039232,1.04387,0.944756364,0.948972727,,,,
1164,1.0392112,1.0439044,0.944737455,0.949004,,,,
1165,1.0392176,1.0438857,0.944743273,0.948987,,,,
1166,1.0392122,1.0433387,0.944738364,0.948489727,,,,
1167,1.0389242,1.0435977,0.944476545,0.948725182,,,,
1168,1.0386308,1.043646,0.944209818,0.948769091,,,,
1169,1.0387424,1.0438913,0.944311273,0.948992091,,,,
1170,1.0385584,1.0435066,0.944144,0.948642364,,,,
1171,1.0390577,1.0440466,0.944597909,0.949133273,,,,
1172,1.0391905,1.0435855,0.944718636,0.948714091,,,,
1173,1.0386999,1.0439323,0.944272636,0.949029364,,,,
1174,1.0391543,1.043466,0.944685727,0.948605455,,,,
1175,1.0387954,1.0432786,0.944359455,0.948435091,,,,
1176,1.0385878,1.0295508,0.944170727,0.935955273,,,,
1177,1.0382246,1.0317495,0.943840545,0.937954091,,,,
1178,1.0245416,1.0326625,0.931401455,0.938784091,,,,
1179,1.026484,1.0339499,0.933167273,0.939954455,,,,
1180,1.0273392,1.0343114,0.933944727,0.940283091,,,,
1181,1.0283386,1.0343605,0.934853273,0.940327727,,,,
1182,1.0294046,1.0347536,0.935822364,0.940685091,,,,
1183,1.0294881,1.0351621,0.935898273,0.941056455,,,,
1184,1.0300515,1.0356412,0.936410455,0.941492,,,,
1185,1.0307631,1.0355525,0.937057364,0.941411364,,,,
1186,1.0302094,1.0358435,0.936554,0.941675909,,,,
1187,1.0313256,1.0352929,0.937568727,0.941175364,,,,
1188,1.031397,1.0358844,0.937633636,0.941713091,,,,
1189,1.0319306,1.0350956,0.938118727,0.940996,,,,
1190,1.0308872,1.0362811,0.937170182,0.942073727,,,,
1191,1.0321127,1.0355561,0.938284273,0.941414636,,,,
1192,1.0311196,1.0360647,0.937381455,0.941877,,,,
1193,1.0304585,1.0353036,0.936780455,0.941185091,,,,
1194,1.0305777,1.0352627,0.936888818,0.941147909,,,,
1195,1.0317101,1.0358702,0.937918273,0.941700182,,,,
1196,1.0311931,1.0359085,0.937448273,0.941735,,,,
1197,1.0317242,1.0352585,0.937931091,0.941144091,,,,
1198,1.0321677,1.0358256,0.938334273,0.941659636,,,,
1199,1.0316589,1.0357025,0.937871727,0.941547727,,,,
1200,1.0313201,1.0362662,0.937563727,0.942060182,,,,
1201,1.0321318,1.0354997,0.938301636,0.941363364,,,,
1202,1.0314479,1.0359964,0.937679909,0.941814909,,,,
1203,1.0314362,1.0364138,0.937669273,0.942194364,,,,
1204,1.0317185,1.0357443,0.937925909,0.941585727,,,,
1205,1.0319244,1.035382,0.938113091,0.941256364,,,,
1206,1.0310278,1.0358918,0.937298,0.941719818,,,,
1207,1.0308218,1.0358306,0.937110727,0.941664182,,,,
1208,1.031788,1.0350682,0.937989091,0.940971091,,,,
1209,1.0312885,1.0359727,0.937535,0.941793364,,,,
1210,1.0312496,1.0354304,0.937499636,0.941300364,,,,
1211,1.0317241,1.0361341,0.937931,0.941940091,,,,
1212,1.0312417,1.03567,0.937492455,0.941518182,,,,
1213,1.03162,1.0360271,0.937836364,0.941842818,,,,
1214,1.0319097,1.0355947,0.938099727,0.941449727,,,,
1215,1.0312738,1.0355545,0.937521636,0.941413182,,,,
1216,1.0317526,1.0359913,0.937956909,0.941810273,,,,
1217,1.0318881,1.0356063,0.938080091,0.941460273,,,,
1218,1.0317452,1.035177,0.937950182,0.94107,,,,
1219,1.0320364,1.0360845,0.938214909,0.941895,,,,
1220,1.0316845,1.035683,0.937895,0.94153,,,,
1221,1.0320976,1.0355738,0.938270545,0.941430727,,,,
1222,1.0312858,1.03602,0.937532545,0.941836364,,,,
1223,1.03099,1.0350071,0.937263636,0.940915545,,,,
1224,1.0319473,1.0354482,0.938133909,0.941316545,,,,
1225,1.0321063,1.0356054,0.938278455,0.941459455,,,,
1226,1.0313921,1.0361617,0.937629182,0.941965182,,,,
1227,1.0312986,1.0352378,0.937544182,0.941125273,,,,
1228,1.0321764,1.0352938,0.938342182,0.941176182,,,,
1229,1.0315766,1.0351319,0.937796909,0.941029,,,,
1230,1.0315465,1.0349703,0.937769545,0.940882091,,,,
1231,1.0317626,1.0352397,0.937966,0.941127,,,,
1232,1.0313579,1.0357565,0.937598091,0.941596818,,,,
1233,1.031371,1.0349143,0.93761,0.940831182,,,,
1234,1.030564,1.0347213,0.936876364,0.940655727,,,,
1235,1.0297301,1.034449,0.936118273,0.940408182,,,,
1236,1.0305221,1.0358528,0.936838273,0.941684364,,,,
1237,1.0311946,1.0352031,0.937449636,0.941093727,,,,
1238,1.0309724,1.0352497,0.937247636,0.941136091,,,,
1239,1.0299767,1.0353734,0.936342455,0.941248545,,,,
1240,1.030897,1.0361255,0.937179091,0.941932273,,,,
1241,1.0310296,1.0350506,0.937299636,0.940955091,,,,
1242,1.0322267,1.0354539,0.938387909,0.941321727,,,,
1243,1.0311133,1.035169,0.937375727,0.941062727,,,,
1244,1.0319482,1.035278,0.938134727,0.941161818,,,,
1245,1.0313464,1.0345721,0.937587636,0.940520091,,,,
1246,1.0306752,1.0346464,0.936977455,0.940587636,,,,
1247,1.0316286,1.0351418,0.937844182,0.941038,,,,
1248,1.0315225,1.0345216,0.937747727,0.940474182,,,,
1249,1.0315169,1.0352463,0.937742636,0.941133,,,,
1250,1.0315573,1.0345588,0.937779364,0.940508,,,,
1251,1.0313638,1.0345917,0.937603455,0.940537909,,,,
1252,1.0313305,1.0352277,0.937573182,0.941116091,,,,
1253,1.030561,1.0344794,0.936873636,0.940435818,,,,
1254,1.0311357,1.0343527,0.937396091,0.940320636,,,,
1255,1.030368,1.0348507,0.936698182,0.940773364,,,,
1256,1.0304582,1.0350763,0.936780182,0.940978455,,,,
1257,1.0311506,1.0339619,0.937409636,0.939965364,,,,
1258,1.0302693,1.0341228,0.936608455,0.940111636,,,,
1259,1.0306275,1.0346322,0.936934091,0.940574727,,,,
1260,1.0305196,1.0347095,0.936836,0.940645,,,,
1261,1.0306221,1.0341949,0.936929182,0.940177182,,,,
1262,1.0305995,1.0338627,0.936908636,0.939875182,,,,
1263,1.0292864,1.0339677,0.935714909,0.939970636,,,,
1264,1.0303229,1.0340693,0.936657182,0.940063,,,,
1265,1.0304518,1.0348589,0.936774364,0.940780818,,,,
1266,1.0301567,1.0340818,0.936506091,0.940074364,,,,
1267,1.0302106,1.0342809,0.936555091,0.940255364,,,,
1268,1.0306259,1.034441,0.936932636,0.940400909,,,,
1269,1.0311288,1.0344965,0.937389818,0.940451364,,,,
1270,1.0297456,1.0349481,0.936132364,0.940861909,,,,
1271,1.0307528,1.0345128,0.937048,0.940466182,,,,
1272,1.0311254,1.0343833,0.937386727,0.940348455,,,,
1273,1.029452,1.0347248,0.935865455,0.940658909,,,,
1274,1.030893,1.0342097,0.937175455,0.940190636,,,,
1275,1.0306559,1.0348208,0.936959909,0.940746182,,,,
1276,1.0298452,1.0340163,0.936222909,0.940014818,,,,
1277,1.0305706,1.0337789,0.936882364,0.939799,,,,
1278,1.0310489,1.0345464,0.937317182,0.940496727,,,,
1279,1.0304358,1.034281,0.936759818,0.940255455,,,,
1280,1.0304629,1.033712,0.936784455,0.939738182,,,,
1281,1.0304362,1.033728,0.936760182,0.939752727,,,,
1282,1.0300384,1.0342009,0.936398545,0.940182636,,,,
1283,1.0296186,1.033398,0.936016909,0.939452727,,,,
1284,1.0301785,1.0342758,0.936525909,0.940250727,,,,
1285,1.030423,1.0342594,0.936748182,0.940235818,,,,
1286,1.0305326,1.0339713,0.936847818,0.939973909,,,,
1287,1.0290753,1.0332679,0.935523,0.939334455,,,,
1288,1.0290877,1.0335608,0.935534273,0.939600727,,,,
1289,1.0300099,1.0332897,0.936372636,0.939354273,,,,
1290,1.0292035,1.0342526,0.935639545,0.940229636,,,,
1291,1.0301515,1.0334976,0.936501364,0.939543273,,,,
1292,1.0301462,1.0335906,0.936496545,0.939627818,,,,
1293,1.0296916,1.0336581,0.936083273,0.939689182,,,,
1294,1.0294915,1.0337266,0.935901364,0.939751455,,,,
1295,1.0297246,1.0339386,0.936113273,0.939944182,,,,
1296,1.0301147,1.03394,0.936467909,0.939945455,,,,
1297,1.0295297,1.0334626,0.935936091,0.939511455,,,,
1298,1.0296143,1.0340714,0.936013,0.940064909,,,,
1299,1.030476,1.0330774,0.936796364,0.939161273,,,,
1300,1.0294237,1.0339096,0.935839727,0.939917818,,,,
1301,1.0298171,1.0329165,0.936197364,0.939015,,,,
1302,1.0291735,1.0338645,0.935612273,0.939876818,,,,
1303,1.0298893,1.0333309,0.936263,0.939391727,,,,
1304,1.0296768,1.0328652,0.936069818,0.938968364,,,,
1305,1.0299417,1.0331451,0.936310636,0.939222818,,,,
1306,1.0293521,1.0334228,0.935774636,0.939475273,,,,
1307,1.029211,1.0333192,0.935646364,0.939381091,,,,
1308,1.029196,1.0333518,0.935632727,0.939410727,,,,
1309,1.0293555,1.0330908,0.935777727,0.939173455,,,,
1310,1.0285743,1.0326666,0.935067545,0.938787818,,,,
1311,1.0296782,1.0330769,0.936071091,0.939160818,,,,
1312,1.0294443,1.0332036,0.935858455,0.939276,,,,
1313,1.0280657,1.0336685,0.934605182,0.939698636,,,,
1314,1.0291461,1.0325476,0.935587364,0.938679636,,,,
1315,1.0277473,1.033012,0.934315727,0.939101818,,,,
1316,1.028384,1.0322394,0.934894545,0.938399455,,,,
1317,1.0281415,1.0325055,0.934674091,0.938641364,,,,
1318,1.0288038,1.0324126,0.935276182,0.938556909,,,,
1319,1.0289935,1.0321587,0.935448636,0.938326091,,,,
1320,1.0283016,1.0333594,0.934819636,0.939417636,,,,
1321,1.0279698,1.0329878,0.934518,0.939079818,,,,
1322,1.0286702,1.032315,0.935154727,0.938468182,,,,
1323,1.0280437,1.0331351,0.934585182,0.939213727,,,,
1324,1.0284969,1.032191,0.934997182,0.938355455,,,,
1325,1.0289629,1.0325679,0.935420818,0.938698091,,,,
1326,1.0288004,1.0325915,0.935273091,0.938719545,,,,
1327,1.0281488,1.0323001,0.934680727,0.938454636,,,,
1328,1.0287145,1.032325,0.935195,0.938477273,,,,
1329,1.028725,1.0323044,0.935204545,0.938458545,,,,
1330,1.0283481,1.0318031,0.934861909,0.938002818,,,,
1331,1.0286622,1.0320951,0.935147455,0.938268273,,,,
1332,1.0288171,1.0323983,0.935288273,0.938543909,,,,
1333,1.028649,1.0319299,0.935135455,0.938118091,,,,
1334,1.0279192,1.0321691,0.934472,0.938335545,,,,
1335,1.0274919,1.0321273,0.934083545,0.938297545,,,,
1336,1.0276388,1.0319376,0.934217091,0.938125091,,,,
1337,1.0281444,1.0318177,0.934676727,0.938016091,,,,
1338,1.0279039,1.0316765,0.934458091,0.937887727,,,,
1339,1.0283116,1.0322945,0.934828727,0.938449545,,,,
1340,1.0275939,1.0312868,0.934176273,0.937533455,,,,
1341,1.0276366,1.0319178,0.934215091,0.938107091,,,,
1342,1.0281247,1.0314543,0.934658818,0.937685727,,,,
1343,1.0275832,1.0321685,0.934166545,0.938335,,,,
1344,1.0282071,1.031252,0.934733727,0.937501818,,,,
1345,1.0278901,1.0313671,0.934445545,0.937606455,,,,
1346,1.0271082,1.031087,0.933734727,0.937351818,,,,
1347,1.0274326,1.0307213,0.934029636,0.937019364,,,,
1348,1.0278959,1.031725,0.934450818,0.937931818,,,,
1349,1.0273788,1.0305635,0.933980727,0.936875909,,,,
1350,1.0272987,1.0317669,0.933907909,0.937969909,,,,
1351,1.0280541,1.0312271,0.934594636,0.937479182,,,,
1352,1.0265863,1.0310606,0.933260273,0.937327818,,,,
1353,1.0275166,1.0305547,0.934106,0.936867909,,,,
1354,1.0265932,1.0310587,0.933266545,0.937326091,,,,
1355,1.027112,1.0306314,0.933738182,0.936937636,,,,
1356,1.0269115,1.0315363,0.933555909,0.937760273,,,,
1357,1.0265685,1.0307848,0.933244091,0.937077091,,,,
1358,1.0269048,1.0307701,0.933549818,0.937063727,,,,
1359,1.0273907,1.0310702,0.933991545,0.937336545,,,,
1360,1.0276653,1.0308146,0.934241182,0.937104182,,,,
1361,1.0273081,1.0302176,0.933916455,0.936561455,,,,
1362,1.0273622,1.0306761,0.933965636,0.936978273,,,,
1363,1.0271488,1.031183,0.933771636,0.937439091,,,,
1364,1.0270027,1.0304635,0.933638818,0.936785,,,,
1365,1.0268055,1.0308586,0.933459545,0.937144182,,,,
1366,1.0272493,1.0307649,0.933863,0.937059,,,,
1367,1.0266528,1.0305285,0.933320727,0.936844091,,,,
1368,1.0270065,1.0303171,0.933642273,0.936651909,,,,
1369,1.0265759,1.0302498,0.933250818,0.936590727,,,,
1370,1.0272499,1.03036,0.933863545,0.936690909,,,,
1371,1.0263666,1.0297768,0.933060545,0.936160727,,,,
1372,1.026831,1.0298196,0.933482727,0.936199636,,,,
1373,1.0266589,1.0295204,0.933326273,0.935927636,,,,
1374,1.0245018,1.0299848,0.931365273,0.936349818,,,,
1375,1.026451,1.0291579,0.933137273,0.935598091,,,,
1376,1.0259423,1.030322,0.932674818,0.936656364,,,,
1377,1.025611,1.0290662,0.932373636,0.935514727,,,,
1378,1.0261098,1.0296173,0.932827091,0.936015727,,,,
1379,1.0263411,1.0300845,0.933037364,0.936440455,,,,
1380,1.0260199,1.030539,0.932745364,0.936853636,,,,
1381,1.0258373,1.0295573,0.932579364,0.935961182,,,,
1382,1.0260608,1.0302383,0.932782545,0.936580273,,,,
1383,1.0261706,1.0298718,0.932882364,0.936247091,,,,
1384,1.0260535,1.0297801,0.932775909,0.936163727,,,,
1385,1.0259348,1.0299908,0.932668,0.936355273,,,,
1386,1.0263116,1.0295258,0.933010545,0.935932545,,,,
1387,1.0257158,1.0301282,0.932468909,0.936480182,,,,
1388,1.0254208,1.0293676,0.932200727,0.935788727,,,,
1389,1.0264375,1.0294658,0.933125,0.935878,,,,
1390,1.0257053,1.0287009,0.932459364,0.935182636,,,,
1391,1.0258257,1.0290278,0.932568818,0.935479818,,,,
1392,1.0249221,1.0292792,0.931747364,0.935708364,,,,
1393,1.0260297,1.0296731,0.932754273,0.936066455,,,,
1394,1.0253787,1.029106,0.932162455,0.935550909,,,,
1395,1.0253525,1.0294513,0.932138636,0.935864818,,,,
1396,1.0255243,1.0291955,0.932294818,0.935632273,,,,
1397,1.0253754,1.0293881,0.932159455,0.935807364,,,,
1398,1.0256701,1.0295752,0.932427364,0.935977455,,,,
1399,1.0253344,1.0289313,0.932122182,0.935392091,,,,
1400,1.0254248,1.0293621,0.932204364,0.935783727,,,,
1401,1.0246685,1.028491,0.931516818,0.934991818,,,,
1402,1.0256468,1.0289365,0.932406182,0.935396818,,,,
1403,1.0255796,1.0290294,0.932345091,0.935481273,,,,
1404,1.0245739,1.0284319,0.931430818,0.934938091,,,,
1405,1.0246276,1.0287442,0.931479636,0.935222,,,,
1406,1.0241002,1.0285366,0.931000182,0.935033273,,,,
1407,1.0249094,1.0289112,0.931735818,0.935373818,,,,
1408,1.0245216,1.0287904,0.931383273,0.935264,,,,
1409,1.0245167,1.0286435,0.931378818,0.935130455,,,,
1410,1.0248429,1.0286974,0.931675364,0.935179455,,,,
1411,1.0243734,1.0286633,0.931248545,0.935148455,,,,
1412,1.0249426,1.0278261,0.931766,0.934387364,,,,
1413,1.0246351,1.0289536,0.931486455,0.935412364,,,,
1414,1.0251849,1.0280058,0.931986273,0.934550727,,,,
1415,1.024246,1.0282787,0.931132727,0.934798818,,,,
1416,1.0246856,1.0283644,0.931532364,0.934876727,,,,
1417,1.0241274,1.0283749,0.931024909,0.934886273,,,,
1418,1.0246822,1.0282533,0.931529273,0.934775727,,,,
1419,1.0247151,1.0287764,0.931559182,0.935251273,,,,
1420,1.0249088,1.0274892,0.931735273,0.934081091,,,,
1421,1.0237459,1.0282109,0.930678091,0.934737182,,,,
1422,1.0250412,1.0280832,0.931855636,0.934621091,,,,
1423,1.0244527,1.0287669,0.931320636,0.935242636,,,,
1424,1.0244859,1.0278261,0.931350818,0.934387364,,,,
1425,1.0237856,1.0280502,0.930714182,0.934591091,,,,
1426,1.0245632,1.0282695,0.931421091,0.934790455,,,,
1427,1.0247396,1.027068,0.931581455,0.933698182,,,,
1428,1.0237739,1.0272042,0.930703545,0.933822,,,,
1429,1.0236126,1.0271782,0.930556909,0.933798364,,,,
1430,1.0239537,1.0277042,0.930867,0.934276545,,,,
1431,1.0234786,1.026971,0.930435091,0.93361,,,,
1432,1.0235933,1.0272659,0.930539364,0.933878091,,,,
1433,1.0236168,1.0269203,0.930560727,0.933563909,,,,
1434,1.0239851,1.0279959,0.930895545,0.934541727,,,,
1435,1.0238551,1.0275493,0.930777364,0.934135727,,,,
1436,1.023506,1.0272434,0.93046,0.933857636,,,,
1437,1.0236294,1.0273529,0.930572182,0.933957182,,,,
1438,1.0234827,1.0271772,0.930438818,0.933797455,,,,
1439,1.023388,1.0270984,0.930352727,0.933725818,,,,
1440,1.0238773,1.0276227,0.930797545,0.934202455,,,,
1441,1.0235738,1.0265985,0.930521636,0.933271364,,,,
1442,1.0229841,1.0273786,0.929985545,0.933980545,,,,
1443,1.0234672,1.0270351,0.930424727,0.933668273,,,,
1444,1.0232198,1.0267189,0.930199818,0.933380818,,,,
1445,1.0226631,1.0267805,0.929693727,0.933436818,,,,
1446,1.0235773,1.0269941,0.930524818,0.933631,,,,
1447,1.0231858,1.0274993,0.930168909,0.934090273,,,,
1448,1.0225279,1.0269536,0.929570818,0.933594182,,,,
1449,1.0226554,1.0267998,0.929686727,0.933454364,,,,
1450,1.0227031,1.0260874,0.929730091,0.932806727,,,,
1451,1.023144,1.0272931,0.930130909,0.933902818,,,,
1452,1.022886,1.0265026,0.929896364,0.933184182,,,,
1453,1.023042,1.0265422,0.930038182,0.933220182,,,,
1454,1.0226864,1.0258214,0.929714909,0.932564909,,,,
1455,1.0216001,1.0258046,0.928727364,0.932549636,,,,
1456,1.0224839,1.0262476,0.929530818,0.932952364,,,,
1457,1.0224649,1.0264162,0.929513545,0.933105636,,,,
1458,1.0227383,1.0254173,0.929762091,0.932197545,,,,
1459,1.0226715,1.0257726,0.929701364,0.932520545,,,,
1460,1.0226378,1.0256873,0.929670727,0.932443,,,,
1461,1.0225648,1.0259576,0.929604364,0.932688727,,,,
1462,1.0217556,1.0255809,0.928868727,0.932346273,,,,
1463,1.0224646,1.0255976,0.929513273,0.932361455,,,,
1464,1.0221754,1.0263109,0.929250364,0.933009909,,,,
1465,1.0216383,1.0255805,0.928762091,0.932345909,,,,
1466,1.0223098,1.0256603,0.929372545,0.932418455,,,,
1467,1.0217149,1.0256364,0.928831727,0.932396727,,,,
1468,1.0222703,1.0257616,0.929336636,0.932510545,,,,
1469,1.0221593,1.0253412,0.929235727,0.932128364,,,,
1470,1.0222913,1.026611,0.929355727,0.933282727,,,,
1471,1.0216177,1.0257146,0.928743364,0.932467818,,,,
1472,1.0217296,1.0250424,0.928845091,0.931856727,,,,
1473,1.0213928,1.0258139,0.928538909,0.932558091,,,,
1474,1.0226138,1.0249144,0.929648909,0.931740364,,,,
1475,1.0212605,1.0255864,0.928418636,0.932351273,,,,
1476,1.0215992,1.0252806,0.928726545,0.932073273,,,,
1477,1.0219711,1.0252163,0.929064636,0.932014818,,,,
1478,1.0211543,1.025515,0.928322091,0.932286364,,,,
1479,1.0207189,1.0246938,0.927926273,0.931539818,,,,
1480,1.0216668,1.0254173,0.928788,0.932197545,,,,
1481,1.0213025,1.0245072,0.928456818,0.931370182,,,,
1482,1.0210115,1.024708,0.928192273,0.931552727,,,,
1483,1.0206294,1.0249387,0.927844909,0.931762455,,,,
1484,1.0211955,1.0246603,0.928359545,0.931509364,,,,
1485,1.0211813,1.0243076,0.928346636,0.931188727,,,,
1486,1.0207127,1.02,0.927920636,0.927272727,,,,
1487,1.0210477,1.0213555,0.928225182,0.928505,,,,
1488,1.0211813,1.0230404,0.928346636,0.930036727,,,,
1489,1.0194792,1.0228504,0.926799273,0.929864,,,,
1490,1.0163956,1.0228443,0.923996,0.929858455,,,,
1491,1.0176576,1.0231909,0.925143273,0.930173545,,,,
1492,1.0175822,1.0225579,0.925074727,0.929598091,,,,
1493,1.0185145,1.0235174,0.925922273,0.930470364,,,,
1494,1.0186654,1.0226854,0.926059455,0.929714,,,,
1495,1.0188682,1.0235111,0.926243818,0.930464636,,,,
1496,1.0190433,1.0227978,0.926403,0.929816182,,,,
1497,1.0186572,1.0231922,0.926052,0.930174727,,,,
1498,1.0191753,1.0230911,0.926523,0.930082818,,,,
1499,1.0189898,1.0227362,0.926354364,0.929760182,,,,
1500,1.0190653,1.0229722,0.926423,0.929974727,,,,
1501,1.0190102,1.0229044,0.926372909,0.929913091,,,,
1502,1.0194759,1.0232716,0.926796273,0.930246909,,,,
1503,1.0184171,1.0230365,0.925833727,0.930033182,,,,
1504,1.0189571,1.0232133,0.926324636,0.930193909,,,,
1505,1.0175906,1.022977,0.925082364,0.929979091,,,,
1506,1.0185077,1.0224342,0.925916091,0.929485636,,,,
1507,1.0189956,1.0226207,0.926359636,0.929655182,,,,
1508,1.018777,1.0226929,0.926160909,0.929720818,,,,
1509,1.0182748,1.0226682,0.925704364,0.929698364,,,,
1510,1.0182904,1.0222707,0.925718545,0.929337,,,,
1511,1.0177872,1.0227689,0.925261091,0.929789909,,,,
1512,1.0183622,1.0225612,0.925783818,0.929601091,,,,
1513,1.0182025,1.0221566,0.925638636,0.929233273,,,,
1514,1.0185051,1.0227152,0.925913727,0.929741091,,,,
1515,1.0181774,1.0224893,0.925615818,0.929535727,,,,
1516,1.0182589,1.0219414,0.925689909,0.929037636,,,,
1517,1.0184885,1.022154,0.925898636,0.929230909,,,,
1518,1.0184054,1.0218014,0.925823091,0.928910364,,,,
1519,1.0186421,1.0226822,0.926038273,0.929711091,,,,
1520,1.0179775,1.0217419,0.925434091,0.928856273,,,,
1521,1.0177778,1.0223367,0.925252545,0.929397,,,,
1522,1.0180359,1.0217508,0.925487182,0.928864364,,,,
1523,1.0179868,1.0220836,0.925442545,0.929166909,,,,
1524,1.0181509,1.0218213,0.925591727,0.928928455,,,,
1525,1.0180095,1.0217452,0.925463182,0.928859273,,,,
1526,1.0177699,1.0214685,0.925245364,0.928607727,,,,
1527,1.0179834,1.0221164,0.925439455,0.929196727,,,,
1528,1.0180198,1.020956,0.925472545,0.928141818,,,,
1529,1.0181694,1.0219636,0.925608545,0.929057818,,,,
1530,1.0172819,1.020759,0.924801727,0.927962727,,,,
1531,1.0169125,1.0213767,0.924465909,0.928524273,,,,
1532,1.0171487,1.0210311,0.924680636,0.928210091,,,,
1533,1.0178063,1.0214309,0.925278455,0.928573545,,,,
1534,1.0172101,1.0202391,0.924736455,0.927490091,,,,
1535,1.0178132,1.0207205,0.925284727,0.927927727,,,,
1536,1.0167615,1.0202888,0.924328636,0.927535273,,,,
1537,1.016808,1.0205387,0.924370909,0.927762455,,,,
1538,1.0167358,1.0205506,0.924305273,0.927773273,,,,
1539,1.0165219,1.0198271,0.924110818,0.927115545,,,,
1540,1.0163256,1.0203885,0.923932364,0.927625909,,,,
1541,1.0164592,1.0205106,0.924053818,0.927736909,,,,
1542,1.0165538,1.0207595,0.924139818,0.927963182,,,,
1543,1.017498,1.0199168,0.924998182,0.927197091,,,,
1544,1.0167251,1.0203085,0.924295545,0.927553182,,,,
1545,1.0165231,1.0197426,0.924111909,0.927038727,,,,
1546,1.0166751,1.0207217,0.924250091,0.927928818,,,,
1547,1.0155405,1.0192007,0.923218636,0.926546091,,,,
1548,1.0160604,1.0205425,0.923691273,0.927765909,,,,
1549,1.0160152,1.0199018,0.923650182,0.927183455,,,,
1550,1.0168598,1.0199999,0.924418,0.927272636,,,,
1551,1.0156937,1.0197142,0.923357909,0.927012909,,,,
1552,1.015891,1.0198424,0.923537273,0.927129455,,,,
1553,1.01578,1.0194075,0.923436364,0.926734091,,,,
1554,1.0157512,1.0194262,0.923410182,0.926751091,,,,
1555,1.0159792,1.0185657,0.923617455,0.925968818,,,,
1556,1.0165501,1.0198973,0.924136455,0.927179364,,,,
1557,1.0155154,1.0189385,0.923195818,0.926307727,,,,
1558,1.0162475,1.0196185,0.923861364,0.926925909,,,,
1559,1.0151594,1.0191919,0.922872182,0.926538091,,,,
1560,1.0157059,1.0192118,0.923369,0.926556182,,,,
1561,1.015661,1.0183805,0.923328182,0.925800455,,,,
1562,1.0159038,1.0193312,0.923548909,0.926664727,,,,
1563,1.0157357,1.0188298,0.923396091,0.926208909,,,,
1564,1.0157437,1.0188515,0.923403364,0.926228636,,,,
1565,1.0144452,1.0188355,0.922222909,0.926214091,,,,
1566,1.0152993,1.0181253,0.922999364,0.925568455,,,,
1567,1.0142639,1.0183078,0.922058091,0.925734364,,,,
1568,1.0148338,1.0181099,0.922576182,0.925554455,,,,
1569,1.0147072,1.0189581,0.922461091,0.926325545,,,,
1570,1.0142347,1.018268,0.922031545,0.925698182,,,,
1571,1.0149177,1.0187452,0.922652455,0.926132,,,,
1572,1.0147225,1.0178365,0.922475,0.925305909,,,,
1573,1.0143239,1.0183461,0.922112636,0.925769182,,,,
1574,1.013661,1.0184375,0.92151,0.925852273,,,,
1575,1.0150855,1.0184702,0.922805,0.925882,,,,
1576,1.0143658,1.0174255,0.922150727,0.924932273,,,,
1577,1.0149603,1.0182062,0.922691182,0.925642,,,,
1578,1.013209,1.0175929,0.921099091,0.925084455,,,,
1579,1.0141103,1.018141,0.921918455,0.925582727,,,,
1580,1.0133728,1.0182498,0.921248,0.925681636,,,,
1581,1.0123389,1.0179358,0.920308091,0.925396182,,,,
1582,1.0135411,1.0174617,0.921401,0.924965182,,,,
1583,1.0130851,1.0178914,0.920986455,0.925355818,,,,
1584,1.0141714,1.0171791,0.921974,0.924708273,,,,
1585,1.0134491,1.0174502,0.921317364,0.924954727,,,,
1586,1.0135752,1.0175066,0.921432,0.925006,,,,
1587,1.01323,1.0176808,0.921118182,0.925164364,,,,
1588,1.0131032,1.0174097,0.921002909,0.924917909,,,,
1589,1.013225,1.0173799,0.921113636,0.924890818,,,,
1590,1.0137354,1.0164136,0.921577636,0.924012364,,,,
1591,1.0129459,1.0167317,0.920859909,0.924301545,,,,
1592,1.0129673,1.016126,0.920879364,0.923750909,,,,
1593,1.0134876,1.0167166,0.921352364,0.924287818,,,,
1594,1.0126582,1.0157316,0.920598364,0.923392364,,,,
1595,1.0115581,1.0164766,0.919598273,0.924069636,,,,
1596,1.0120901,1.0163131,0.920081909,0.923921,,,,
1597,1.0120436,1.0168849,0.920039636,0.924440818,,,,
1598,1.0122299,1.0162821,0.920209,0.923892818,,,,
1599,1.0112799,1.0164878,0.919345364,0.924079818,,,,
1600,1.0110579,1.0160534,0.919143545,0.923684909,,,,
1601,1.011242,1.0161586,0.919310909,0.923780545,,,,
1602,1.0115076,1.0157746,0.919552364,0.923431455,,,,
1603,1.0111967,1.0165087,0.919269727,0.924098818,,,,
1604,1.0115925,1.0155911,0.919629545,0.923264636,,,,
1605,1.0116227,1.0160477,0.919657,0.923679727,,,,
1606,1.0111585,1.0154289,0.919235,0.923117182,,,,
1607,1.010343,1.0160849,0.918493636,0.923713545,,,,
1608,1.0100933,1.0153512,0.918266636,0.923046545,,,,
1609,1.0106955,1.0161248,0.918814091,0.923749818,,,,
1610,1.0105407,1.0151547,0.918673364,0.922867909,,,,
1611,1.0099734,1.0155672,0.918157636,0.923242909,,,,
1612,1.0100801,1.0144268,0.918254636,0.922206182,,,,
1613,1.0098894,1.0154381,0.918081273,0.923125545,,,,
1614,1.0100875,1.0151402,0.918261364,0.922854727,,,,
1615,1.0101728,1.0155333,0.918338909,0.923212091,,,,
1616,1.009624,1.0150341,0.91784,0.922758273,,,,
1617,1.0098299,1.0156794,0.918027182,0.923344909,,,,
1618,1.009478,1.0149231,0.917707273,0.922657364,,,,
1619,1.0091114,1.0147359,0.917374,0.922487182,,,,
1620,1.0080736,1.0144906,0.916430545,0.922264182,,,,
1621,1.0090902,1.0148787,0.917354727,0.922617,,,,
1622,1.0079798,1.0141841,0.916345273,0.921985545,,,,
1623,1.0079834,1.015118,0.916348545,0.922834545,,,,
1624,1.0081513,1.0139184,0.916501182,0.921744,,,,
1625,1.0075845,1.0140125,0.915985909,0.921829545,,,,
1626,1.0080173,1.0145292,0.916379364,0.922299273,,,,
1627,1.0075269,1.0138336,0.915933545,0.921666909,,,,
1628,1.0078169,1.0139855,0.916197182,0.921805,,,,
1629,1.0067855,1.0145112,0.915259545,0.922282909,,,,
1630,1.006685,1.0138748,0.915168182,0.921704364,,,,
1631,1.0072321,1.0130554,0.915665545,0.920959455,,,,
1632,1.0072069,1.0138142,0.915642636,0.921649273,,,,
1633,1.006034,1.0136436,0.914576364,0.921494182,,,,
1634,1.0069524,1.0140054,0.915411273,0.921823091,,,,
1635,1.0062804,1.0137329,0.914800364,0.921575364,,,,
1636,1.0053356,1.0130887,0.913941455,0.920989727,,,,
1637,1.0057939,1.0137907,0.914358091,0.921627909,,,,
1638,1.0055695,1.0135242,0.914154091,0.921385636,,,,
1639,1.0059394,1.0130773,0.914490364,0.920979364,,,,
1640,1.0049832,1.012598,0.913621091,0.920543636,,,,
1641,1.0055203,1.0127112,0.914109364,0.920646545,,,,
1642,1.0051024,1.0125865,0.913729455,0.920533182,,,,
1643,1.0053262,1.0128182,0.913932909,0.920743818,,,,
1644,1.0043484,1.0129113,0.913044,0.920828455,,,,
1645,1.0046306,1.0123423,0.913300545,0.920311182,,,,
1646,1.0042611,1.0121855,0.912964636,0.920168636,,,,
1647,1.0038694,1.0122573,0.912608545,0.920233909,,,,
1648,1.0043242,1.0128236,0.913022,0.920748727,,,,
1649,1.0035504,1.01149,0.912318545,0.919536364,,,,
1650,1.0039333,1.0123649,0.912666636,0.920331727,,,,
1651,1.0033125,1.0110065,0.912102273,0.919096818,,,,
1652,1.003557,1.0119777,0.912324545,0.919979727,,,,
1653,1.0028021,1.0117108,0.911638273,0.919737091,,,,
1654,1.0025735,1.0113078,0.911430455,0.919370727,,,,
1655,1.0028256,1.0115589,0.911659636,0.919599,,,,
1656,1.002926,1.011569,0.911750909,0.919608182,,,,
1657,1.0020164,1.0108343,0.910924,0.918940273,,,,
1658,1.0023618,1.0116559,0.911238,0.919687182,,,,
1659,1.0010352,1.010476,0.910032,0.918614545,,,,
1660,1.0018111,1.0115079,0.910737364,0.919552636,,,,
1661,1.0020936,1.0110799,0.910994182,0.919163545,,,,
1662,1.0020152,1.011584,0.910922909,0.919621818,,,,
1663,1.0009626,1.0112375,0.909966,0.919306818,,,,
1664,1.0004146,1.0107599,0.909467818,0.918872636,,,,
1665,1.0014971,1.0110749,0.910451909,0.919159,,,,
1666,1.0015229,1.0110109,0.910475364,0.919100818,,,,
1667,1.0012221,1.0103165,0.910201909,0.918469545,,,,
1668,1.0004447,1.0099584,0.909495182,0.918144,,,,
1669,1.000392,1.0107962,0.909447273,0.918905636,,,,
1670,1.0005742,1.0098246,0.909612909,0.918022364,,,,
1671,1.000224,1.0103302,0.909294545,0.918482,,,,
1672,1.0000967,1.0103519,0.909178818,0.918501727,,,,
1673,0.99955875,1.0100344,0.908689773,0.918213091,,,,
1674,0.99949032,1.0099204,0.908627564,0.918109455,,,,
1675,0.99909937,1.0095574,0.908272155,0.917779455,,,,
1676,0.99919707,1.0098917,0.908360973,0.918083364,,,,
1677,0.99910778,1.0093709,0.9082798,0.917609909,,,,
1678,0.9992094,1.0091932,0.908372182,0.917448364,,,,
1679,0.99854881,1.0096793,0.907771645,0.917890273,,,,
1680,0.99898684,1.0087463,0.908169855,0.917042091,,,,
1681,0.99876261,1.0091797,0.907966009,0.917436091,,,,
1682,0.99830812,1.008462,0.907552836,0.916783636,,,,
1683,0.99795735,1.0089757,0.907233955,0.917250636,,,,
1684,0.99826276,1.0089679,0.9075116,0.917243545,,,,
1685,0.99775839,1.0090668,0.907053082,0.917333455,,,,
1686,0.99746293,1.0086311,0.906784482,0.916937364,,,,
1687,0.99770266,1.0084412,0.907002418,0.916764727,,,,
1688,0.9971838,1.0084263,0.906530727,0.916751182,,,,
1689,0.99639505,1.0084581,0.905813682,0.916780091,,,,
1690,0.99702108,1.0081867,0.9063828,0.916533364,,,,
1691,0.99643272,1.008435,0.905847927,0.916759091,,,,
1692,0.99689502,1.0081425,0.9062682,0.916493182,,,,
1693,0.99621522,1.0074006,0.9056502,0.915818727,,,,
1694,0.99679726,1.0076258,0.906179327,0.916023455,,,,
1695,0.99617088,1.0070053,0.905609891,0.915459364,,,,
1696,0.9957273,1.007215,0.905206636,0.91565,,,,
1697,0.99611938,1.0077448,0.905563073,0.916131636,,,,
1698,0.99573821,1.0066725,0.905216555,0.915156818,,,,
1699,0.99541235,1.0071906,0.904920318,0.915627818,,,,
1700,0.99503678,1.0068792,0.904578891,0.915344727,,,,
1701,0.99457145,1.0066273,0.904155864,0.915115727,,,,
1702,0.99517852,1.006914,0.904707745,0.915376364,,,,
1703,0.99479771,1.0064865,0.904361555,0.914987727,,,,
1704,0.99427837,1.0066494,0.903889427,0.915135818,,,,
1705,0.99414909,1.0065129,0.9037719,0.915011727,,,,
1706,0.99475348,1.0064186,0.904321345,0.914926,,,,
1707,0.99394572,1.0055869,0.903587018,0.914169909,,,,
1708,0.9941864,1.0057715,0.903805818,0.914337727,,,,
1709,0.9937554,1.0048647,0.903414,0.913513364,,,,
1710,0.99327093,1.0050478,0.902973573,0.913679818,,,,
1711,0.99311709,1.0048521,0.902833718,0.913501909,,,,
1712,0.99284142,1.0047873,0.902583109,0.913443,,,,
1713,0.99220115,1.0046283,0.902001045,0.913298455,,,,
1714,0.99247169,1.0050535,0.902246991,0.913685,,,,
1715,0.99270159,1.0045005,0.902455991,0.913182273,,,,
1716,0.99262393,1.0049107,0.902385391,0.913555182,,,,
1717,0.99207985,1.0049213,0.901890773,0.913564818,,,,
1718,0.99145716,1.0038596,0.901324691,0.912599636,,,,
1719,0.99204165,1.0041546,0.901856045,0.912867818,,,,
1720,0.9926582,1.004027,0.902416545,0.912751818,,,,
1721,0.99143791,1.0041686,0.901307191,0.912880545,,,,
1722,0.99195206,1.0035081,0.9017746,0.912280091,,,,
1723,0.99165225,1.0037708,0.901502045,0.912518909,,,,
1724,0.99142283,1.0030658,0.901293482,0.911878,,,,
1725,0.99102724,1.0024719,0.900933855,0.911338091,,,,
1726,0.99150312,1.0034338,0.901366473,0.912212545,,,,
1727,0.99095613,1.0023758,0.900869209,0.911250727,,,,
1728,0.9908855,1.0023283,0.900805,0.911207545,,,,
1729,0.99062365,1.002827,0.900566955,0.911660909,,,,
1730,0.99049044,1.0022618,0.900445855,0.911147091,,,,
1731,0.99037904,1.0021118,0.900344582,0.911010727,,,,
1732,0.99013937,1.0014333,0.9001267,0.910393909,,,,
1733,0.98973781,1.001864,0.899761645,0.910785455,,,,
1734,0.99005067,1.0017538,0.900046064,0.910685273,,,,
1735,0.98965001,1.0013303,0.899681827,0.910300273,,,,
1736,0.98978961,1.0005503,0.899808736,0.909591182,,,,
1737,0.98983729,1.0013942,0.899852082,0.910358364,,,,
1738,0.98877555,1.0005395,0.898886864,0.909581364,,,,
1739,0.9887566,1.0005416,0.898869636,0.909583273,,,,
1740,0.98872948,1.0005405,0.898844982,0.909582273,,,,
1741,0.98913628,1.0002009,0.8992148,0.909273545,,,,
1742,0.98863119,1.0001327,0.898755627,0.909211545,,,,
1743,0.98856145,1.0003366,0.898692227,0.909396909,,,,
1744,0.9881959,0.99961144,0.898359909,0.908737673,,,,
1745,0.98794681,0.99931276,0.898133464,0.908466145,,,,
1746,0.98757195,0.99936402,0.897792682,0.908512745,,,,
1747,0.98733771,0.99934924,0.897579736,0.908499309,,,,
1748,0.98724157,0.99927378,0.897492336,0.908430709,,,,
1749,0.98674387,0.99875438,0.897039882,0.907958527,,,,
1750,0.98689312,0.99929047,0.897175564,0.908445882,,,,
1751,0.98674011,0.99841666,0.897036464,0.907651509,,,,
1752,0.986426,0.99818498,0.896750909,0.907440891,,,,
1753,0.98672301,0.99835885,0.897020918,0.907598955,,,,
1754,0.98629969,0.99815118,0.896636082,0.907410164,,,,
1755,0.98641437,0.99822271,0.896740336,0.907475191,,,,
1756,0.98652822,0.99778628,0.896843836,0.907078436,,,,
1757,0.98579174,0.99786901,0.896174309,0.907153645,,,,
1758,0.98590881,0.99754888,0.896280736,0.906862618,,,,
1759,0.98599082,0.99769884,0.896355291,0.906998945,,,,
1760,0.98543066,0.997361,0.895846055,0.906691818,,,,
1761,0.98598886,0.99727607,0.896353509,0.906614609,,,,
1762,0.98524892,0.9969334,0.895680836,0.906303091,,,,
1763,0.98485148,0.99647468,0.895319527,0.905886073,,,,
1764,0.98452544,0.99598384,0.895023127,0.905439855,,,,
1765,0.98466247,0.99578315,0.8951477,0.905257409,,,,
1766,0.98476171,0.99572664,0.895237918,0.905206036,,,,
1767,0.98413837,0.99559456,0.894671245,0.905085964,,,,
1768,0.98325068,0.99623543,0.893864255,0.905668573,,,,
1769,0.98391205,0.99594891,0.8944655,0.9054081,,,,
1770,0.98363733,0.99521315,0.894215755,0.904739227,,,,
1771,0.98342395,0.99520576,0.894021773,0.904732509,,,,
1772,0.98306811,0.9955672,0.893698282,0.905061091,,,,
1773,0.98342115,0.99492556,0.894019227,0.904477782,,,,
1774,0.98290962,0.99539518,0.8935542,0.904904709,,,,
1775,0.98167342,0.99449033,0.892430382,0.904082118,,,,
1776,0.98268932,0.99481905,0.893353927,0.904380955,,,,
1777,0.98212796,0.99523562,0.8928436,0.904759655,,,,
1778,0.98184437,0.99419641,0.892585791,0.903814918,,,,
1779,0.98193431,0.99478859,0.892667555,0.904353264,,,,
1780,0.98197079,0.99429637,0.892700718,0.903905791,,,,
1781,0.98191714,0.99363828,0.892651945,0.903307527,,,,
1782,0.98103654,0.99397272,0.8918514,0.903611564,,,,
1783,0.98140991,0.99344307,0.892190827,0.903130064,,,,
1784,0.98115951,0.99280584,0.891963191,0.902550764,,,,
1785,0.98037624,0.99327487,0.891251127,0.902977155,,,,
1786,0.98131508,0.99264842,0.892104618,0.902407655,,,,
1787,0.98038739,0.99280226,0.891261264,0.902547509,,,,
1788,0.98016107,0.9932,0.891055518,0.902909091,,,,
1789,0.97971666,0.99231094,0.890651509,0.902100855,,,,
1790,0.97955561,0.9924047,0.8905051,0.902186091,,,,
1791,0.97961378,0.99240279,0.890557982,0.902184355,,,,
1792,0.97903466,0.99155945,0.890031509,0.901417682,,,,
1793,0.97952104,0.99173939,0.890473673,0.901581264,,,,
1794,0.97937429,0.9921481,0.890340264,0.901952818,,,,
1795,0.97916073,0.99097723,0.890146118,0.900888391,,,,
1796,0.97813994,0.99181509,0.889218127,0.901650082,,,,
1797,0.97855747,0.99039638,0.8895977,0.900360345,,,,
1798,0.97865689,0.99000889,0.889688082,0.900008082,,,,
1799,0.9781552,0.99030876,0.889232,0.900280691,,,,
1800,0.97826409,0.99042273,0.889330991,0.9003843,,,,
1801,0.97788358,0.9901647,0.888985073,0.900149727,,,,
1802,0.9776355,0.98984498,0.888759545,0.899859073,,,,
1803,0.97734749,0.98984945,0.888497718,0.899863136,,,,
1804,0.97706592,0.99025166,0.888241745,0.900228782,,,,
1805,0.97669458,0.99013138,0.887904164,0.900119436,,,,
1806,0.97624028,0.98977149,0.887491164,0.899792264,,,,
1807,0.97693706,0.98971343,0.8881246,0.899739482,,,,
1808,0.97643787,0.98951489,0.887670791,0.899558991,,,,
1809,0.97657442,0.98960561,0.887794927,0.899641464,,,,
1810,0.9762221,0.9892295,0.887474636,0.899299545,,,,
1811,0.97603607,0.98882687,0.887305518,0.898933518,,,,
1812,0.9760114,0.98857337,0.887283091,0.898703064,,,,
1813,0.97631204,0.989151,0.8875564,0.899228182,,,,
1814,0.97610849,0.98823082,0.887371355,0.898391655,,,,
1815,0.97563827,0.98803473,0.886943882,0.898213391,,,,
1816,0.97542226,0.98785031,0.886747509,0.898045736,,,,
1817,0.97469682,0.98781574,0.886088018,0.898014309,,,,
1818,0.97461182,0.98778635,0.886010745,0.897987591,,,,
1819,0.97507322,0.98785293,0.8864302,0.898048118,,,,
1820,0.9748314,0.9870733,0.886210364,0.897339364,,,,
1821,0.974814,0.9869616,0.886194545,0.897237818,,,,
1822,0.97406024,0.98720264,0.885509309,0.897456945,,,,
1823,0.9740749,0.98661411,0.885522636,0.896921918,,,,
1824,0.97408932,0.98676217,0.885535745,0.897056518,,,,
1825,0.97434193,0.98701912,0.885765391,0.897290109,,,,
1826,0.97363394,0.98620152,0.885121764,0.896546836,,,,
1827,0.9732306,0.98607963,0.884755091,0.896436027,,,,
1828,0.97287136,0.9862811,0.884428509,0.896619182,,,,
1829,0.97294497,0.98526293,0.884495427,0.895693573,,,,
1830,0.97264808,0.98545295,0.884225527,0.895866318,,,,
1831,0.97232783,0.98504573,0.883934391,0.895496118,,,,
1832,0.97200751,0.98509508,0.883643191,0.895540982,,,,
1833,0.97178584,0.98558426,0.883441673,0.895985691,,,,
1834,0.97203541,0.98496604,0.883668555,0.895423673,,,,
1835,0.97158426,0.98488277,0.883258418,0.895347973,,,,
1836,0.971331,0.98483264,0.883028182,0.8953024,,,,
1837,0.97113591,0.98529798,0.882850827,0.895725436,,,,
1838,0.97112054,0.98461032,0.882836855,0.895100291,,,,
1839,0.9709841,0.98411345,0.882712818,0.894648591,,,,
1840,0.97069633,0.98460352,0.882451209,0.895094109,,,,
1841,0.97006172,0.9842245,0.881874291,0.894749545,,,,
1842,0.97057956,0.98365742,0.882345055,0.894234018,,,,
1843,0.96986097,0.98388445,0.881691791,0.894440409,,,,
1844,0.96986789,0.98382932,0.881698082,0.894390291,,,,
1845,0.96946532,0.98350561,0.881332109,0.894096009,,,,
1846,0.96907502,0.98309422,0.880977291,0.893722018,,,,
1847,0.96893179,0.98342276,0.880847082,0.894020691,,,,
1848,0.96914726,0.98287284,0.881042964,0.893520764,,,,
1849,0.9690786,0.98215181,0.880980545,0.892865282,,,,
1850,0.96866554,0.98242086,0.880605036,0.893109873,,,,
1851,0.96837664,0.98302287,0.8803424,0.893657155,,,,
1852,0.96815747,0.98301023,0.880143155,0.893645664,,,,
1853,0.96813035,0.98231661,0.8801185,0.8930151,,,,
1854,0.96828389,0.98207152,0.880258082,0.892792291,,,,
1855,0.96776372,0.98222899,0.8797852,0.892935445,,,,
1856,0.96750104,0.9818927,0.8795464,0.892629727,,,,
1857,0.96781212,0.98137259,0.8798292,0.8921569,,,,
1858,0.96698391,0.98119038,0.879076282,0.891991255,,,,
1859,0.96645433,0.98071355,0.878594845,0.891557773,,,,
1860,0.96680421,0.98123407,0.878912918,0.892030973,,,,
1861,0.96629107,0.98113567,0.878446427,0.891941518,,,,
1862,0.96651703,0.9807564,0.878651845,0.891596727,,,,
1863,0.96663046,0.98028249,0.878754964,0.8911659,,,,
1864,0.9660387,0.97954237,0.878217,0.890493064,,,,
1865,0.9658165,0.98040712,0.878015,0.8912792,,,,
1866,0.96559006,0.97984582,0.877809145,0.890768927,,,,
1867,0.96521968,0.97946948,0.877472436,0.8904268,,,,
1868,0.96566415,0.97987539,0.8778765,0.890795809,,,,
1869,0.96501565,0.9800626,0.877286955,0.890966,,,,
1870,0.96463323,0.97967023,0.8769393,0.8906093,,,,
1871,0.9642005,0.97886652,0.876545909,0.889878655,,,,
1872,0.96439761,0.97940993,0.8767251,0.890372664,,,,
1873,0.96392494,0.97951478,0.8762954,0.890467982,,,,
1874,0.96331108,0.97870922,0.875737345,0.889735655,,,,
1875,0.96344566,0.97864205,0.875859691,0.889674591,,,,
1876,0.96333945,0.97889948,0.875763136,0.889908618,,,,
1877,0.9629581,0.97819352,0.875416455,0.889266836,,,,
1878,0.96242648,0.9776985,0.874933164,0.888816818,,,,
1879,0.96329188,0.97804415,0.875719891,0.889131045,,,,
1880,0.96283549,0.97804546,0.875304991,0.889132236,,,,
1881,0.96187609,0.97747976,0.874432809,0.888617964,,,,
1882,0.962147,0.97805357,0.874679091,0.889139609,,,,
1883,0.9626078,0.97713667,0.875098,0.888306064,,,,
1884,0.96225458,0.97701913,0.874776891,0.888199209,,,,
1885,0.96159065,0.97682828,0.874173318,0.888025709,,,,
1886,0.96128488,0.97735459,0.873895345,0.888504173,,,,
1887,0.96115446,0.97671241,0.873776782,0.887920373,,,,
1888,0.96095258,0.97615206,0.873593255,0.887410964,,,,
1889,0.96061629,0.97582251,0.873287536,0.887111373,,,,
1890,0.96107161,0.97589886,0.873701464,0.887180782,,,,
1891,0.96063536,0.97611356,0.873304873,0.887375964,,,,
1892,0.95981443,0.97577006,0.872558573,0.887063691,,,,
1893,0.9596923,0.9755131,0.872447545,0.886830091,,,,
1894,0.95993823,0.97481441,0.872671118,0.886194918,,,,
1895,0.95954591,0.97561926,0.872314464,0.8869266,,,,
1896,0.95930135,0.97512996,0.872092136,0.886481782,,,,
1897,0.9590413,0.97459769,0.871855727,0.8859979,,,,
1898,0.95890701,0.97469956,0.871733645,0.886090509,,,,
1899,0.95860857,0.97443479,0.871462336,0.885849809,,,,
1900,0.95800406,0.97368801,0.870912782,0.885170918,,,,
1901,0.95817876,0.97373992,0.8710716,0.885218109,,,,
1902,0.95777863,0.97412276,0.870707845,0.885566145,,,,
1903,0.95704973,0.97323275,0.870045209,0.884757045,,,,
1904,0.95695609,0.9734385,0.869960082,0.884944091,,,,
1905,0.95636612,0.97249705,0.869423745,0.884088227,,,,
1906,0.95690894,0.97284621,0.869917218,0.884405645,,,,
1907,0.95635563,0.97320259,0.869414209,0.884729627,,,,
1908,0.95541227,0.97282654,0.868556609,0.884387764,,,,
1909,0.95654905,0.97206318,0.869590045,0.8836938,,,,
1910,0.95624268,0.97173661,0.869311527,0.883396918,,,,
1911,0.95607936,0.9720782,0.869163055,0.883707455,,,,
1912,0.95550811,0.97204465,0.868643736,0.883676955,,,,
1913,0.95549256,0.97198504,0.8686296,0.883622764,,,,
1914,0.95490849,0.97211224,0.868098627,0.8837384,,,,
1915,0.95405948,0.97147483,0.8673268,0.883158936,,,,
1916,0.95408589,0.97134012,0.867350809,0.883036473,,,,
1917,0.95443809,0.97096294,0.867670991,0.882693582,,,,
1918,0.95411575,0.97095591,0.867377955,0.882687191,,,,
1919,0.95365316,0.97089505,0.866957418,0.882631864,,,,
1920,0.95371038,0.97077101,0.867009436,0.8825191,,,,
1921,0.95303917,0.97059095,0.866399245,0.882355409,,,,
1922,0.9527092,0.96997815,0.866099273,0.881798318,,,,
1923,0.95261276,0.96991009,0.8660116,0.881736445,,,,
1924,0.95262027,0.96979362,0.866018427,0.881630564,,,,
1925,0.95289934,0.96984953,0.866272127,0.881681391,,,,
1926,0.95238864,0.96941572,0.865807855,0.881287018,,,,
1927,0.95219558,0.9693234,0.865632345,0.881203091,,,,
1928,0.95195472,0.96960497,0.865413382,0.881459064,,,,
1929,0.95190716,0.96917164,0.865370145,0.881065127,,,,
1930,0.9512971,0.96870726,0.864815545,0.880642964,,,,
1931,0.95035189,0.96863937,0.863956264,0.880581245,,,,
1932,0.95081598,0.96890926,0.864378164,0.8808266,,,,
1933,0.95095396,0.96861988,0.8645036,0.880563527,,,,
1934,0.94981146,0.96786147,0.863464964,0.879874064,,,,
1935,0.9497304,0.96768105,0.863391273,0.879710045,,,,
1936,0.95013636,0.96784776,0.863760327,0.8798616,,,,
1937,0.949341,0.96813393,0.863037273,0.880121755,,,,
1938,0.94868666,0.96712387,0.862442418,0.879203518,,,,
1939,0.94900358,0.96778435,0.862730527,0.879803955,,,,
1940,0.94924688,0.96725988,0.862951709,0.879327164,,,,
1941,0.94884741,0.96689391,0.862588555,0.878994464,,,,
1942,0.94794559,0.96671563,0.861768718,0.878832391,,,,
1943,0.94788176,0.96643859,0.861710691,0.878580536,,,,
1944,0.94824982,0.96669942,0.862045291,0.878817655,,,,
1945,0.94786835,0.96600127,0.8616985,0.878182973,,,,
1946,0.94751942,0.96598071,0.861381291,0.878164282,,,,
1947,0.94742948,0.96523601,0.861299527,0.877487282,,,,
1948,0.94728768,0.96572113,0.861170618,0.8779283,,,,
1949,0.94668829,0.96477705,0.860625718,0.877070045,,,,
1950,0.94626361,0.96557891,0.860239645,0.877799009,,,,
1951,0.94612497,0.96505988,0.860113609,0.877327164,,,,
1952,0.94590443,0.96435767,0.859913118,0.876688791,,,,
1953,0.94599563,0.96439308,0.859996027,0.876720982,,,,
1954,0.94539118,0.96445185,0.859446527,0.876774409,,,,
1955,0.94534469,0.9634518,0.859404264,0.875865273,,,,
1956,0.94500858,0.96394521,0.859098709,0.876313827,,,,
1957,0.94437444,0.96351606,0.858522218,0.875923691,,,,
1958,0.94397444,0.96329141,0.858158582,0.875719464,,,,
1959,0.94425881,0.96373075,0.8584171,0.876118864,,,,
1960,0.94390899,0.96363139,0.858099082,0.876028536,,,,
1961,0.94328243,0.9635492,0.857529482,0.875953818,,,,
1962,0.94308841,0.96343291,0.8573531,0.8758481,,,,
1963,0.94273901,0.96319741,0.857035464,0.875634009,,,,
1964,0.94238281,0.96272165,0.856711645,0.8752015,,,,
1965,0.94208044,0.96265841,0.856436764,0.875144009,,,,
1966,0.94198781,0.96288139,0.856352555,0.875346718,,,,
1967,0.94185591,0.96193236,0.856232645,0.874483964,,,,
1968,0.94134551,0.96191013,0.855768645,0.874463755,,,,
1969,0.94093084,0.96185261,0.855391673,0.874411464,,,,
1970,0.94072622,0.96181077,0.855205655,0.874373427,,,,
1971,0.94078779,0.9611966,0.855261627,0.873815091,,,,
1972,0.94067532,0.9613899,0.855159382,0.873990818,,,,
1973,0.93989402,0.96098965,0.854449109,0.873626955,,,,
1974,0.94004899,0.96114981,0.854589991,0.873772555,,,,
1975,0.94018465,0.96055973,0.854713318,0.873236118,,,,
1976,0.94007748,0.96069562,0.854615891,0.873359655,,,,
1977,0.93927252,0.96036226,0.853884109,0.8730566,,,,
1978,0.9394244,0.95968556,0.854022182,0.872441418,,,,
1979,0.93942523,0.96001273,0.854022936,0.872738845,,,,
1980,0.93906397,0.9592157,0.853694518,0.872014273,,,,
1981,0.93855983,0.95955205,0.853236209,0.872320045,,,,
1982,0.93809843,0.95866191,0.852816755,0.871510827,,,,
1983,0.93808407,0.9587394,0.8528037,0.871581273,,,,
1984,0.93789691,0.95863867,0.852633555,0.8714897,,,,
1985,0.93719971,0.95877194,0.851999736,0.871610855,,,,
1986,0.93726093,0.95795697,0.852055391,0.870869973,,,,
1987,0.93731827,0.95779675,0.852107518,0.870724318,,,,
1988,0.93733984,0.9578709,0.852127127,0.870791727,,,,
1989,0.93644446,0.95827329,0.851313145,0.871157536,,,,
1990,0.9361707,0.95759928,0.851064273,0.8705448,,,,
1991,0.93593705,0.95723981,0.850851864,0.870218009,,,,
1992,0.93560272,0.95692748,0.850547927,0.869934073,,,,
1993,0.93503499,0.95673144,0.850031809,0.869755855,,,,
1994,0.93515229,0.95695442,0.850138445,0.869958564,,,,
1995,0.93471211,0.95670104,0.849738282,0.869728218,,,,
1996,0.93463373,0.95684522,0.849667027,0.869859291,,,,
1997,0.93373966,0.95641863,0.848854236,0.869471482,,,,
1998,0.93387067,0.95611602,0.848973336,0.869196382,,,,
1999,0.9343217,0.95584291,0.849383364,0.8689481,,,,
2000,0.93330222,0.95489222,0.848456564,0.868083836,,,,
2001,0.93259132,0.95565456,0.847810291,0.868776873,,,,
2002,0.93306947,0.9554888,0.848244973,0.868626182,,,,
2003,0.93275446,0.95480686,0.8479586,0.868006236,,,,
2004,0.93230349,0.95464128,0.847548627,0.867855709,,,,
2005,0.93206131,0.9544906,0.847328464,0.867718727,,,,
2006,0.93156117,0.95450425,0.846873791,0.867731136,,,,
2007,0.93133849,0.95474631,0.846671355,0.867951191,,,,
2008,0.93126541,0.95430744,0.846604918,0.867552218,,,,
2009,0.93117261,0.95345354,0.846520555,0.866775945,,,,
2010,0.93124914,0.95366746,0.846590127,0.866970418,,,,
2011,0.93079865,0.95399553,0.846180591,0.867268664,,,,
2012,0.92977923,0.95377278,0.845253845,0.867066164,,,,
2013,0.92985064,0.95307314,0.845318764,0.866430127,,,,
2014,0.93027318,0.95334667,0.845702891,0.866678791,,,,
2015,0.92970717,0.95288932,0.845188336,0.866263018,,,,
2016,0.92962265,0.95273542,0.8451115,0.866123109,,,,
2017,0.92932761,0.95227414,0.844843282,0.865703764,,,,
2018,0.92934883,0.95175588,0.844862573,0.865232618,,,,
2019,0.92854935,0.95235974,0.844135773,0.865781582,,,,
2020,0.92777622,0.95156687,0.843432927,0.865060791,,,,
2021,0.92795241,0.95108843,0.8435931,0.864625845,,,,
2022,0.92784619,0.95110554,0.843496536,0.8646414,,,,
2023,0.92752749,0.95106107,0.843206809,0.864600973,,,,
2024,0.92747331,0.95144677,0.843157555,0.864951609,,,,
2025,0.92701274,0.95094639,0.842738855,0.864496718,,,,
2026,0.92678076,0.95084095,0.842527964,0.864400864,,,,
2027,0.92696744,0.95044929,0.842697673,0.864044809,,,,
2028,0.9261235,0.94972914,0.841930455,0.863390127,,,,
2029,0.925623,0.9495905,0.841475455,0.863264091,,,,
2030,0.92541718,0.94920278,0.841288345,0.862911618,,,,
2031,0.92527181,0.94899976,0.841156191,0.862727055,,,,
2032,0.9247362,0.94934249,0.840669273,0.863038627,,,,
2033,0.92455518,0.94911772,0.840504709,0.862834291,,,,
2034,0.92381102,0.94865257,0.8398282,0.862411427,,,,
2035,0.9242211,0.94832456,0.840201,0.862113236,,,,
2036,0.9231075,0.94854367,0.839188636,0.862312427,,,,
2037,0.92344987,0.94848734,0.839499882,0.862261218,,,,
2038,0.92334247,0.94827735,0.839402245,0.862070318,,,,
2039,0.92266709,0.94746572,0.838788264,0.861332473,,,,
2040,0.92200184,0.94740236,0.838183491,0.861274873,,,,
2041,0.92216223,0.94728434,0.8383293,0.861167582,,,,
2042,0.92204428,0.94696015,0.838222073,0.860872864,,,,
2043,0.92169178,0.9468447,0.837901618,0.860767909,,,,
2044,0.92071408,0.94669104,0.8370128,0.860628218,,,,
2045,0.9206351,0.94643587,0.836941,0.860396245,,,,
2046,0.92086148,0.94653249,0.8371468,0.860484082,,,,
2047,0.92052108,0.94617093,0.836837345,0.860155391,,,,
2048,0.92024344,0.94553268,0.836584945,0.859575164,,,,
2049,0.92020643,0.94571829,0.8365513,0.8597439,,,,
2050,0.9194867,0.94531053,0.835897,0.859373209,,,,
2051,0.91963613,0.94536614,0.836032845,0.859423764,,,,
2052,0.91902757,0.9450146,0.835479609,0.859104182,,,,
2053,0.91890007,0.94464082,0.8353637,0.858764382,,,,
2054,0.91830009,0.94390166,0.834818264,0.858092418,,,,
2055,0.91810536,0.9437319,0.834641236,0.857938091,,,,
2056,0.91780722,0.94422305,0.8343702,0.858384591,,,,
2057,0.91712356,0.94350094,0.833748691,0.857728127,,,,
2058,0.91679925,0.94328004,0.833453864,0.857527309,,,,
2059,0.91682112,0.94357842,0.833473745,0.857798564,,,,
2060,0.91661638,0.9436366,0.833287618,0.857851455,,,,
2061,0.91626275,0.94358081,0.832966136,0.857800736,,,,
2062,0.91579634,0.94303626,0.832542127,0.857305691,,,,
2063,0.9156459,0.94296497,0.832405364,0.857240882,,,,
2064,0.91552931,0.94246978,0.832299373,0.856790709,,,,
2065,0.91455775,0.94186229,0.831416136,0.856238445,,,,
2066,0.91447723,0.94225806,0.831342936,0.856598236,,,,
2067,0.91419321,0.94132859,0.831084736,0.855753264,,,,
2068,0.91336972,0.94160771,0.830336109,0.856007009,,,,
2069,0.9133113,0.94143045,0.830283,0.855845864,,,,
2070,0.91305423,0.9407627,0.8300493,0.855238818,,,,
2071,0.91236454,0.94073576,0.829422309,0.855214327,,,,
2072,0.91261488,0.94023055,0.829649891,0.854755045,,,,
2073,0.91195577,0.94006681,0.8290507,0.854606191,,,,
2074,0.91210389,0.939722,0.829185355,0.854292727,,,,
2075,0.911686,0.9398551,0.828805455,0.854413727,,,,
2076,0.9117772,0.9400298,0.828888364,0.854572545,,,,
2077,0.91130501,0.93947077,0.8284591,0.854064336,,,,
2078,0.910905,0.9396199,0.828095455,0.854199909,,,,
2079,0.91094977,0.9391259,0.828136155,0.853750818,,,,
2080,0.91037607,0.93912292,0.827614609,0.853748109,,,,
2081,0.90959239,0.93852806,0.826902173,0.853207327,,,,
2082,0.90945238,0.93726689,0.826774891,0.852060809,,,,
2083,0.9090662,0.93797404,0.826423818,0.852703673,,,,
2084,0.90875435,0.93756384,0.826140318,0.852330764,,,,
2085,0.908131,0.93694568,0.825573636,0.8517688,,,,
2086,0.90767288,0.93698573,0.825157164,0.851805209,,,,
2087,0.90775013,0.93694204,0.825227391,0.851765491,,,,
2088,0.90742397,0.93673211,0.824930882,0.851574645,,,,
2089,0.90651917,0.93684411,0.824108336,0.851676464,,,,
2090,0.9061057,0.93639922,0.823732455,0.851272018,,,,
2091,0.90623552,0.93658286,0.823850473,0.851438964,,,,
2092,0.90569049,0.93608779,0.823354991,0.8509889,,,,
2093,0.90514421,0.93605018,0.822858373,0.850954709,,,,
2094,0.9042331,0.93601829,0.822030091,0.850925718,,,,
2095,0.90455419,0.93562245,0.822321991,0.850565864,,,,
2096,0.9043563,0.9353056,0.822142091,0.850277818,,,,
2097,0.90375948,0.93532634,0.821599527,0.850296673,,,,
2098,0.90316486,0.93426752,0.821058964,0.849334109,,,,
2099,0.90305454,0.93416214,0.820958673,0.849238309,,,,
2100,0.90299088,0.9344002,0.8209008,0.849454727,,,,
2101,0.90199864,0.93347746,0.819998764,0.848615873,,,,
2102,0.90107411,0.93360829,0.819158282,0.848734809,,,,
2103,0.90116531,0.93326604,0.819241191,0.848423673,,,,
2104,0.90111721,0.93331552,0.819197464,0.848468655,,,,
2105,0.90047091,0.93322301,0.818609918,0.848384555,,,,
2106,0.89970738,0.93268549,0.8179158,0.8478959,,,,
2107,0.89994085,0.93276513,0.818128045,0.8479683,,,,
2108,0.89961737,0.93238771,0.817833973,0.847625191,,,,
2109,0.89926648,0.93188161,0.817514982,0.8471651,,,,
2110,0.89840251,0.93158501,0.816729555,0.846895464,,,,
2111,0.89821976,0.93142873,0.816563418,0.846753391,,,,
2112,0.89824843,0.93168771,0.816589482,0.846988827,,,,
2113,0.8976177,0.93093854,0.816016091,0.846307764,,,,
2114,0.89687705,0.93067557,0.815342773,0.8460687,,,,
2115,0.89657325,0.93038219,0.815066591,0.845801991,,,,
2116,0.89648807,0.92978901,0.814989155,0.845262736,,,,
2117,0.89635235,0.92947549,0.814865773,0.844977718,,,,
2118,0.89578378,0.92955285,0.814348891,0.845048045,,,,
2119,0.89510161,0.92938858,0.813728736,0.844898709,,,,
2120,0.89493972,0.92894292,0.813581564,0.844493564,,,,
2121,0.89477563,0.928886,0.813432391,0.844441818,,,,
2122,0.89426339,0.92863208,0.812966718,0.844210982,,,,
2123,0.89309818,0.9284364,0.811907436,0.844033091,,,,
2124,0.89339292,0.92840362,0.812175382,0.844003291,,,,
2125,0.89320409,0.92786694,0.812003718,0.8435154,,,,
2126,0.89291322,0.92773473,0.811739291,0.843395209,,,,
2127,0.89207298,0.92760766,0.810975436,0.843279691,,,,
2128,0.8913995,0.927746,0.810363182,0.843405455,,,,
2129,0.89113659,0.92699933,0.810124173,0.842726664,,,,
2130,0.89093363,0.92684895,0.809939664,0.842589955,,,,
2131,0.89034927,0.92642266,0.809408427,0.842202418,,,,
2132,0.8859511,0.92672402,0.805410091,0.842476382,,,,
2133,0.88962531,0.92606443,0.808750282,0.841876755,,,,
2134,0.8895731,0.92545605,0.808702818,0.841323682,,,,
2135,0.88380331,0.92584139,0.803457555,0.841673991,,,,
2136,0.88819557,0.92538804,0.807450518,0.841261855,,,,
2137,0.88814253,0.92444766,0.8074023,0.840406964,,,,
2138,0.88377756,0.92484885,0.803434145,0.840771682,,,,
2139,0.88726097,0.92455441,0.806600882,0.840504009,,,,
2140,0.88654172,0.92377937,0.805947018,0.839799427,,,,
2141,0.88297486,0.92423403,0.802704418,0.840212755,,,,
2142,0.8820073,0.92391211,0.801824818,0.8399201,,,,
2143,0.88515908,0.92368954,0.804690073,0.839717764,,,,
2144,0.88189256,0.92320013,0.801720509,0.839272845,,,,
2145,0.88419002,0.92280751,0.803809109,0.838915918,,,,
2146,0.88419914,0.92288154,0.8038174,0.838983218,,,,
2147,0.88403404,0.92224205,0.803667309,0.838401864,,,,
2148,0.88372409,0.92175925,0.803385536,0.837962955,,,,
2149,0.88116068,0.92169678,0.801055164,0.837906164,,,,
2150,0.88099587,0.92155278,0.800905336,0.837775255,,,,
2151,0.88233918,0.92103809,0.802126527,0.837307355,,,,
2152,0.88223565,0.92075139,0.802032409,0.837046718,,,,
2153,0.88069266,0.91997701,0.800629691,0.836342736,,,,
2154,0.88127244,0.92001903,0.801156764,0.836380936,,,,
2155,0.88095802,0.91983938,0.800870927,0.836217618,,,,
2156,0.88064426,0.91977459,0.800585691,0.836158718,,,,
2157,0.88023162,0.91855174,0.800210564,0.835047036,,,,
2158,0.88000232,0.9190262,0.800002109,0.835478364,,,,
2159,,0.91867405,,0.835158227,,,,
2160,,0.91874141,,0.835219464,,,,
2161,,0.9169665,,0.833605909,,,,
2162,,0.91649425,,0.833176591,,,,
2163,,0.91645902,,0.833144564,,,,
2164,,0.91600597,,0.8327327,,,,
2165,,0.91552871,,0.832298827,,,,
2166,,0.91528231,,0.832074827,,,,
2167,,0.91502941,,0.831844918,,,,
2168,,0.91489065,,0.831718773,,,,
2169,,0.91436529,,0.831241173,,,,
2170,,0.91418648,,0.831078618,,,,
2171,,0.91427135,,0.831155773,,,,
2172,,0.91390258,,0.830820527,,,,
2173,,0.91315788,,0.830143527,,,,
2174,,0.91301042,,0.830009473,,,,
2175,,0.90455955,,0.822326864,,,,
2176,,0.90770084,,0.825182582,,,,
2177,,0.90791965,,0.8253815,,,,
2178,,0.90747732,,0.824979382,,,,
2179,,0.90649182,,0.824083473,,,,
2180,,0.90544546,,0.823132236,,,,
2181,,0.90523326,,0.822939327,,,,
2182,,0.90448701,,0.822260918,,,,
2183,,0.90438133,,0.822164845,,,,
2184,,0.90342081,,0.821291645,,,,
2185,,0.9030847,,0.820986091,,,,
2186,,0.90246677,,0.820424336,,,,
2187,,0.90254718,,0.820497436,,,,
2188,,0.90219164,,0.820174218,,,,
2189,,0.90233803,,0.8203073,,,,
2190,,0.90176594,,0.819787218,,,,
2191,,0.90155077,,0.819591609,,,,
2192,,0.90135682,,0.819415291,,,,
2193,,0.90061206,,0.818738236,,,,
2194,,0.90048438,,0.818622164,,,,
2195,,0.89987081,,0.818064373,,,,
2196,,0.89954674,,0.817769764,,,,
2197,,0.8984189,,0.816744455,,,,
2198,,0.89769614,,0.8160874,,,,
2199,,0.89708233,,0.815529391,,,,
2200,,0.89676404,,0.815240036,,,,
2201,,0.8957929,,0.814357182,,,,
2202,,0.89574623,,0.814314755,,,,
2203,,0.89530414,,0.813912855,,,,
2204,,0.8951326,,0.813756909,,,,
2205,,0.89461768,,0.8132888,,,,
2206,,0.8940742,,0.812794727,,,,
2207,,0.89332384,,0.812112582,,,,
2208,,0.8929311,,0.811755545,,,,
2209,,0.89213961,,0.811036009,,,,
2210,,0.89182389,,0.810748991,,,,
2211,,0.89132869,,0.810298809,,,,
2212,,0.89134252,,0.810311382,,,,
2213,,0.89092845,,0.809934955,,,,
2214,,0.89064556,,0.809677782,,,,
2215,,0.89022464,,0.809295127,,,,
2216,,0.88973927,,0.808853882,,,,
2217,,0.88920832,,0.8083712,,,,
2218,,0.88866061,,0.807873282,,,,
2219,,0.88813359,,0.807394173,,,,
2220,,0.88756192,,0.806874473,,,,
2221,,0.8873294,,0.806663091,,,,
2222,,0.88732785,,0.806661682,,,,
2223,,0.88697755,,0.806343227,,,,
2224,,0.88677537,,0.806159427,,,,
2225,,0.88660866,,0.806007873,,,,
2226,,0.88617164,,0.805610582,,,,
2227,,0.8858428,,0.805311636,,,,
2228,,0.88477677,,0.804342518,,,,
2229,,0.88493735,,0.8044885,,,,
2230,,0.88410419,,0.803731082,,,,
2231,,0.88382852,,0.803480473,,,,
2232,,0.88271308,,0.802466436,,,,
2233,,0.88194436,,0.8017676,,,,
2234,,0.88094908,,0.8008628,,,,
2235,,0.88067055,,0.800609591,,,,
