cycle_num,time_s,time_e,SOC_s,SOC_e,charge_capacity,Tmax,Tmin
1,2019-07-26 20:02:35,2019-07-26 22:05:25,27.2,99.6,133.5565592157766,43.29144095341278,40.82123510292524
2,2019-07-27 04:06:56,2019-07-27 05:47:08,30.0,99.6,135.44416351772034,42.27127659574468,38.839095744680854
3,2019-07-28 17:25:00,2019-07-28 18:21:11,39.6,88.8,133.51603497346437,37.88151658767772,36.87440758293839
4,2019-07-28 18:21:55,2019-07-28 18:54:06,89.2,99.6,145.94978669871807,39.10288065843621,38.0
5,2019-07-29 12:53:17,2019-07-29 14:39:05,26.8,86.0,133.6901229565503,38.4647355163728,37.05541561712846
6,2019-07-29 22:20:45,2019-07-29 23:55:20,18.8,65.2,132.8090614703065,35.41713483146067,32.18258426966292
7,2019-07-30 02:16:49,2019-07-30 05:30:58,38.8,99.6,135.32108930921052,35.52024708304736,32.88606726149622
8,2019-07-30 13:32:26,2019-07-30 14:49:25,48.8,99.6,136.08786931867894,39.982698961937714,37.57439446366782
9,2019-07-30 23:59:53,2019-07-31 02:33:59,22.8,73.2,130.96466736111108,36.699826989619375,34.50865051903114
10,2019-07-31 08:06:58,2019-07-31 08:21:46,14.0,27.6,134.09234477124178,34.86607142857143,32.625
11,2019-07-31 08:22:26,2019-07-31 10:02:20,28.4,99.6,136.5224309788546,39.26994680851064,37.07313829787234
12,2019-07-31 22:04:53,2019-07-31 22:56:40,30.8,60.4,130.94066398273276,33.88946015424165,30.753213367609256
13,2019-08-01 08:11:16,2019-08-01 09:36:00,60.0,99.6,135.53905253928173,30.59119496855346,29.34119496855346
14,2019-08-01 19:18:38,2019-08-01 20:49:37,52.0,98.8,133.4924883873457,30.875549048316252,29.01610541727672
15,2019-08-02 15:32:35,2019-08-02 17:13:35,18.0,68.8,131.6478607901356,32.52770448548813,31.1754617414248
16,2019-08-02 17:15:19,2019-08-02 17:57:52,68.4,89.2,134.3054659121261,34.559375,33.0
17,2019-08-03 01:03:46,2019-08-03 02:46:54,19.2,69.6,133.3532087081129,35.68217054263566,33.166666666666664
18,2019-08-03 07:04:16,2019-08-03 08:45:40,28.8,99.6,135.83248990701506,37.08278580814717,34.467805519053876
19,2019-08-04 01:00:40,2019-08-04 02:29:24,19.2,95.2,132.35747710891815,35.974474474474476,33.8963963963964
20,2019-08-04 07:27:00,2019-08-04 08:28:15,58.8,93.2,133.84022670381134,35.0,31.97830802603037
21,2019-08-04 18:13:01,2019-08-04 23:01:05,24.4,99.6,136.42106902925534,38.234722222222224,36.08657407407407
22,2019-08-05 17:11:09,2019-08-05 18:49:45,16.0,98.4,134.32234785598703,40.75,39.32297297297297
23,2019-08-06 05:16:44,2019-08-06 07:17:37,12.4,99.6,134.59117886404184,41.36273428886439,38.67254685777288
24,2019-08-06 18:11:52,2019-08-06 21:52:14,21.2,84.0,131.5788216737438,38.06291591046582,36.18451300665457
25,2019-08-07 00:24:17,2019-08-07 01:55:33,52.0,99.6,136.5719738270308,38.0029197080292,34.363503649635035
26,2019-08-07 16:09:37,2019-08-07 17:25:25,50.0,99.6,136.9303296202957,40.567662565905096,39.10193321616872
27,2019-08-08 16:01:17,2019-08-08 16:19:41,19.2,36.0,135.23612519841268,41.26618705035971,39.49640287769784
28,2019-08-08 16:20:21,2019-08-08 17:53:13,36.8,99.6,136.23015898796888,44.639885222381636,43.00573888091822
29,2019-08-09 15:38:38,2019-08-09 17:41:55,8.0,99.6,135.6118929024139,46.77297297297297,44.968648648648646
30,2019-08-11 00:17:24,2019-08-11 01:42:47,21.2,92.8,134.30369386832717,40.87207488299532,38.75195007800312
31,2019-08-11 08:55:20,2019-08-11 09:38:18,80.0,99.6,138.9556822278912,38.06501547987616,36.080495356037154
32,2019-08-11 21:45:40,2019-08-11 22:56:55,56.4,99.6,137.06486969521606,40.32897196261682,38.60560747663551
33,2019-08-12 03:23:37,2019-08-12 04:38:20,51.2,99.6,137.26983594180444,41.72370766488414,38.696969696969695
34,2019-08-12 16:21:32,2019-08-12 19:15:09,18.4,99.6,135.4874558788315,42.24116743471582,40.31720430107527
35,2019-08-13 03:28:16,2019-08-13 05:00:52,27.6,98.8,133.0830920704588,38.92230215827338,35.50359712230216
36,2019-08-13 10:31:47,2019-08-13 12:06:26,50.0,99.6,136.1094402945789,39.11376404494382,36.70786516853933
37,2019-08-14 11:47:53,2019-08-14 14:29:25,32.8,85.6,133.08254257154883,36.5486798679868,35.49752475247525
38,2019-08-14 14:30:05,2019-08-14 15:11:10,86.0,98.8,138.71381148003476,37.103559870550164,36.0
39,2019-08-14 18:20:36,2019-08-14 19:32:47,78.0,99.6,138.06577061471197,39.98708487084871,38.284132841328415
40,2019-08-15 08:26:21,2019-08-15 11:08:27,15.2,99.6,133.60953070695106,36.000821692686934,33.54313886606409
41,2019-08-16 01:09:46,2019-08-16 02:52:46,28.0,99.6,135.36407916666667,38.61836998706339,35.97412677878396
42,2019-08-16 16:21:49,2019-08-16 18:05:38,15.6,98.4,132.89077108662104,43.374839537869065,41.78690629011553
43,2019-08-17 02:23:21,2019-08-17 04:10:30,25.6,99.6,135.33570145833335,39.08457711442786,35.68407960199005
44,2019-08-18 04:10:04,2019-08-18 06:13:53,26.0,88.8,132.01922960456477,32.867599569429494,31.131324004305704
45,2019-08-18 17:02:31,2019-08-18 19:08:38,17.2,88.4,133.37939922206618,36.06322444678609,34.15384615384615
46,2019-08-19 03:30:39,2019-08-19 05:24:04,22.4,96.8,132.4885633818698,35.29612220916569,33.351351351351354
47,2019-08-19 17:13:07,2019-08-19 19:02:31,36.0,97.6,133.0748852994228,37.90377588306943,36.13154689403167
48,2019-08-20 17:51:24,2019-08-20 20:45:34,8.8,99.6,134.42030863313758,41.289211935730684,39.26090283091048
49,2019-08-21 01:51:04,2019-08-21 04:01:11,35.6,98.8,133.98827488352674,38.64549180327869,35.66495901639344
50,2019-08-21 20:39:38,2019-08-21 22:30:47,19.6,99.6,134.01985424479167,40.492805755395686,38.81175059952039
51,2019-08-22 17:24:10,2019-08-22 19:01:02,34.8,99.6,136.0788514874829,41.286107290233836,39.90646492434663
52,2019-08-23 05:02:24,2019-08-23 07:07:25,9.6,99.6,135.36335532407406,41.546908315565034,38.32089552238806
53,2019-08-24 07:07:37,2019-08-24 11:53:46,6.8,98.8,134.50330950483092,34.48182665424045,32.95759552656104
54,2019-08-24 22:27:51,2019-08-25 00:06:19,31.6,99.6,135.88947549836604,43.05277401894452,41.09066305818674
55,2019-08-25 21:07:49,2019-08-25 22:44:57,19.6,98.4,132.354158964326,36.37448559670782,34.1275720164609
56,2019-08-26 08:06:29,2019-08-26 09:37:29,38.8,99.6,135.09117504111845,34.80966325036603,31.93411420204978
57,2019-08-26 22:59:36,2019-08-27 00:34:28,32.4,99.6,135.28077452050266,36.752808988764045,34.55337078651685
58,2019-08-27 13:14:29,2019-08-27 14:42:32,42.0,99.6,136.14939284818675,36.397881996974284,34.488653555219365
59,2019-08-28 05:51:35,2019-08-28 07:08:50,51.6,99.6,138.4367001967593,35.12241379310345,33.5
60,2019-08-29 02:23:43,2019-08-29 03:29:30,60.0,99.6,137.89062270272169,37.5748987854251,35.678137651821864
61,2019-08-29 17:56:34,2019-08-29 19:45:10,23.2,99.6,134.55840283776908,40.533742331288344,38.44049079754601
62,2019-08-31 03:01:44,2019-08-31 04:06:27,62.4,99.6,137.44437762843492,31.65843621399177,30.7119341563786
63,2019-08-31 12:11:56,2019-08-31 13:04:54,70.8,99.6,137.84675935570988,34.88442211055276,33.71356783919598
64,2019-09-01 03:08:14,2019-09-01 04:59:39,16.0,99.6,135.0739352289341,36.946172248803826,34.930622009569376
65,2019-09-01 16:49:12,2019-09-01 18:29:56,28.0,99.6,135.4417267011949,38.79365079365079,36.02248677248677
66,2019-09-02 18:15:32,2019-09-02 21:03:55,20.8,99.6,134.3234213127468,34.07680126682502,31.872525732383213
67,2019-09-03 07:58:37,2019-09-03 08:56:57,73.2,99.6,135.97141957070713,31.57858769931663,29.33485193621868
68,2019-09-03 18:24:18,2019-09-03 19:53:57,41.6,99.6,136.18707208093875,38.0148588410104,36.448736998514114
69,2019-09-04 14:05:02,2019-09-04 15:36:53,34.8,86.8,132.75609247329058,35.1,33.2695652173913
70,2019-09-04 18:09:10,2019-09-04 19:25:22,68.0,99.6,139.29866787095645,36.83741258741259,34.75349650349651
71,2019-09-05 03:41:34,2019-09-05 05:06:19,43.2,99.6,135.61713324960604,37.09748427672956,34.430817610062896
72,2019-09-05 13:13:03,2019-09-05 15:03:07,21.2,99.6,135.44101558956922,39.761501210653755,37.86198547215496
73,2019-09-06 00:27:05,2019-09-06 02:00:29,37.6,99.6,136.0655985528674,39.23965763195435,36.396576319543506
74,2019-09-06 17:07:27,2019-09-06 18:43:07,34.0,99.6,136.23350534595193,41.9025069637883,40.129526462395546
75,2019-09-06 22:10:51,2019-09-06 23:35:11,40.4,99.2,129.51795289588057,41.33175355450237,38.631911532385466
76,2019-09-07 08:23:43,2019-09-07 09:27:53,8.400001,68.0,132.43180304229347,38.70539419087137,36.48547717842324
77,2019-09-07 09:52:58,2019-09-07 10:43:56,75.2,99.6,146.61910917577418,41.9686684073107,39.95822454308094
78,2019-09-07 21:15:33,2019-09-07 23:01:06,20.4,99.6,134.310757937009,44.821969696969695,42.292929292929294
79,2019-09-08 10:50:25,2019-09-08 12:26:21,38.4,99.6,137.0768242193174,39.202777777777776,37.048611111111114
80,2019-09-08 22:11:41,2019-09-08 23:44:32,31.6,99.6,134.77164512254905,39.26255380200861,36.61119081779053
81,2019-09-09 07:21:34,2019-09-09 08:30:17,58.0,99.6,137.37101280715814,36.7906976744186,34.69961240310077
82,2019-09-09 23:32:16,2019-09-10 01:56:50,18.4,99.6,135.36869990934593,38.81743119266055,36.85871559633028
83,2019-09-10 18:57:33,2019-09-10 20:35:37,20.4,98.8,132.86871247342688,43.55978260869565,41.661684782608695
84,2019-09-11 03:17:59,2019-09-11 03:54:40,54.0,86.4,134.61051795267485,40.43840579710145,37.38768115942029
85,2019-09-11 15:58:29,2019-09-11 17:59:06,10.0,99.6,134.38342050006202,44.45635359116022,42.88508287292818
86,2019-09-12 01:22:02,2019-09-12 03:00:38,32.8,99.6,135.9715285179641,43.935135135135134,39.57027027027027
87,2019-09-12 15:25:39,2019-09-12 17:28:12,38.8,99.6,136.1103192918494,42.10217391304348,40.54565217391304
88,2019-09-13 02:59:16,2019-09-13 04:37:11,29.2,78.0,132.54346953893446,40.27074829931973,37.371428571428574
89,2019-09-13 12:48:43,2019-09-13 14:50:49,9.6,99.6,135.30133101851857,43.93231441048035,42.314410480349345
90,2019-09-13 22:26:18,2019-09-13 23:27:41,36.0,89.2,133.39243140403093,43.2234273318872,40.15835140997831
91,2019-09-14 17:11:20,2019-09-14 18:42:03,33.6,99.6,133.4664963173401,36.68135095447871,34.844346549192366
92,2019-09-15 15:00:04,2019-09-15 16:35:04,54.4,99.6,137.04169483161257,38.067321178120615,36.38288920056101
93,2019-09-16 00:47:30,2019-09-16 02:03:17,31.2,94.4,133.768188770218,40.40070298769771,37.934973637961335
94,2019-09-16 05:52:40,2019-09-16 06:44:58,72.8,99.6,137.91917798507464,36.89058524173028,33.959287531806616
95,2019-09-17 09:08:45,2019-09-17 11:32:44,26.8,99.6,134.9220787049756,33.375,31.733333333333334
96,2019-09-17 19:04:31,2019-09-17 20:35:30,40.4,91.6,133.53285296766495,37.610541727672036,34.91068814055637
97,2019-09-18 02:18:59,2019-09-18 04:22:12,18.8,88.8,132.31808489285712,36.88781014023733,34.17152103559871
98,2019-09-18 04:24:04,2019-09-18 04:58:23,88.8,99.6,147.79709110082308,38.0,35.5019305019305
99,2019-09-19 09:06:05,2019-09-19 13:53:28,1.6,94.0,134.25839584235206,35.53410672853828,34.4538283062645
100,2019-09-19 18:52:14,2019-09-19 20:14:57,58.8,99.6,137.3290251974401,39.0,37.0
101,2019-09-20 01:10:20,2019-09-20 01:59:10,70.8,99.2,136.51996975743347,37.59400544959128,34.99455040871935
102,2019-09-20 09:20:33,2019-09-20 11:07:33,43.6,99.6,135.6437913864088,36.40971357409713,33.9041095890411
103,2019-09-20 18:05:20,2019-09-20 19:41:24,32.0,99.6,134.86806586949376,40.71567267683773,39.08044382801664
104,2019-09-21 13:27:59,2019-09-21 14:34:58,59.6,99.6,137.43598840972228,34.262425447316105,33.363817097415506
105,2019-09-21 23:11:29,2019-09-22 00:32:20,48.8,99.6,136.1535681485127,37.080724876441515,35.1169686985173
106,2019-09-23 02:14:06,2019-09-23 03:55:30,29.2,99.6,134.13182843868373,34.699080157687256,32.54664914586071
107,2019-09-23 15:14:28,2019-09-23 16:46:32,31.2,99.2,133.31035343137256,38.6893063583815,37.216763005780344
108,2019-09-24 00:48:06,2019-09-24 02:36:27,33.2,91.6,133.22592801322298,37.44772447724477,34.515375153751535
109,2019-09-24 13:56:31,2019-09-24 16:15:49,25.2,99.6,134.1998482937575,37.41818181818182,36.150239234449764
110,2019-09-24 20:39:18,2019-09-24 21:31:29,78.0,99.6,139.58307681327165,37.0,34.892857142857146
111,2019-09-25 14:13:17,2019-09-25 15:22:23,46.4,85.2,134.16755588487973,33.75722543352601,32.227360308285164
112,2019-09-25 23:55:03,2019-09-26 01:39:15,26.8,99.6,134.58416012095543,37.57928388746803,35.55754475703325
113,2019-09-26 17:04:53,2019-09-26 18:54:34,21.2,99.6,133.29381879960317,40.640340218712026,39.078979343863914
114,2019-09-27 01:26:30,2019-09-27 02:04:00,55.2,83.2,133.7261495982143,37.98936170212766,34.663120567375884
115,2019-09-27 12:42:38,2019-09-27 13:52:21,33.2,86.0,132.12664072495792,36.54095238095238,34.373333333333335
116,2019-09-27 18:44:44,2019-09-27 19:41:54,51.2,92.4,135.37416526092233,38.95591647331786,37.0
117,2019-09-28 04:48:30,2019-09-28 10:02:04,16.4,99.6,133.85338984341615,34.58528285835815,31.685240323266694
118,2019-09-28 20:03:51,2019-09-28 22:53:42,30.8,86.8,131.93095332837302,38.01177394034537,36.468602825745684
119,2019-09-29 14:08:16,2019-09-29 15:00:50,26.0,72.8,131.9369632953466,40.473417721518985,38.49113924050633
120,2019-09-29 15:01:54,2019-09-29 15:27:39,73.2,93.2,133.77292433333335,42.95360824742268,40.77319587628866
121,2019-09-30 01:31:33,2019-09-30 02:55:24,29.6,97.6,133.01156492851308,39.5984126984127,36.958730158730155
122,2019-09-30 06:07:14,2019-09-30 07:23:50,57.6,99.6,136.91221707341273,38.828125,35.44444444444444
123,2019-09-30 17:17:25,2019-09-30 17:53:18,38.8,70.4,133.28589482682835,39.48888888888889,37.44814814814815
124,2019-09-30 18:30:08,2019-09-30 19:24:50,70.8,99.6,137.92732573784724,40.88321167883212,38.09732360097323
125,2019-10-01 03:24:55,2019-10-01 03:52:40,38.0,64.0,132.56213346688037,37.99043062200957,35.57416267942584
126,2019-10-01 04:41:30,2019-10-01 05:42:21,64.0,99.6,136.3847048220974,39.37199124726477,37.02407002188184
127,2019-10-01 19:11:26,2019-10-01 21:50:28,22.0,98.8,132.46794748300056,39.26404023470243,37.20368818105616
128,2019-10-02 09:44:48,2019-10-02 12:05:02,31.6,98.8,132.38836058283735,35.34885931558935,33.75
129,2019-10-03 11:55:32,2019-10-03 13:40:00,16.0,98.4,130.9506335996494,38.31377551020408,36.776785714285715
130,2019-10-03 18:26:04,2019-10-03 18:41:25,62.4,70.4,128.6552718749999,40.0,38.0
131,2019-10-03 23:34:23,2019-10-04 00:40:18,36.8,94.4,132.5844833429784,39.670707070707074,37.17777777777778
132,2019-10-04 05:07:24,2019-10-04 05:53:26,68.8,98.8,133.64103475925927,37.84104046242775,34.7485549132948
133,2019-10-04 09:47:49,2019-10-04 11:15:12,55.6,99.6,136.44805940025256,37.89786585365854,34.99237804878049
134,2019-10-04 20:07:49,2019-10-04 22:17:14,36.8,98.8,133.29992678763446,39.67147270854789,37.46343975283213
135,2019-10-05 02:36:36,2019-10-05 03:45:59,50.0,84.0,135.399946619281,40.0,36.99232245681382
136,2019-10-05 04:01:59,2019-10-05 04:39:13,84.0,98.8,135.4437105528341,39.0,36.0
137,2019-10-05 07:56:35,2019-10-05 09:28:15,56.4,99.6,136.829245781893,38.0843023255814,34.99418604651163
138,2019-10-05 15:06:52,2019-10-05 15:33:41,64.4,77.6,136.4645004629631,38.648514851485146,37.0
139,2019-10-06 00:16:30,2019-10-06 01:56:36,32.0,99.6,135.19985908530577,37.56382978723404,35.484042553191486
140,2019-10-06 13:31:36,2019-10-06 14:44:03,56.4,99.6,137.66873636188274,37.74632352941177,36.03125
141,2019-10-06 23:26:13,2019-10-07 01:07:33,33.2,90.8,132.238262345679,37.34691195795006,34.79237844940867
142,2019-10-07 07:39:49,2019-10-07 11:31:03,26.4,99.6,134.71506246584698,35.232987312572085,32.64359861591696
143,2019-10-07 23:49:19,2019-10-08 01:22:35,11.2,92.4,131.6516142891352,36.941428571428574,34.81857142857143
144,2019-10-08 05:59:35,2019-10-08 07:30:03,57.2,99.6,136.72212059093295,35.3519882179676,32.455081001472756
145,2019-10-08 18:39:41,2019-10-08 22:12:53,32.4,99.6,135.06255034722224,36.61851156973108,34.743589743589745
146,2019-10-09 03:10:39,2019-10-09 04:06:57,50.8,96.4,132.97258932748537,35.4822695035461,32.002364066193856
147,2019-10-09 09:15:27,2019-10-09 10:04:07,48.4,72.8,132.5810239014117,34.50406504065041,31.149051490514903
148,2019-10-09 15:27:27,2019-10-09 16:22:33,36.8,64.8,130.73429340079366,33.78502415458937,32.067632850241544
149,2019-10-10 10:18:27,2019-10-10 11:18:27,8.400001,53.6,132.51534072366778,34.04424778761062,32.31858407079646
150,2019-10-10 11:22:44,2019-10-10 12:25:09,53.2,96.4,131.11967585198045,37.32553191489362,35.55957446808511
151,2019-10-10 20:17:38,2019-10-10 21:09:14,48.8,74.4,135.04690859374998,37.0,35.0
152,2019-10-11 00:58:24,2019-10-11 02:22:49,36.0,78.0,132.78204704894182,36.5125786163522,33.87893081761006
153,2019-10-11 10:16:38,2019-10-11 11:06:56,52.8,77.6,134.3812122199821,33.0,31.391534391534393
154,2019-10-11 16:56:24,2019-10-11 18:14:58,28.8,68.4,131.0218970526094,38.87478849407783,37.03891708967851
155,2019-10-11 20:20:02,2019-10-11 21:18:13,55.2,91.2,134.17590570987653,39.0,36.97254004576659
156,2019-10-12 06:20:21,2019-10-12 09:07:22,13.6,99.6,134.5058134657623,36.8421052631579,34.10526315789474
157,2019-10-12 19:50:33,2019-10-12 22:27:52,18.0,99.6,133.36822385280502,40.2364406779661,38.215254237288136
158,2019-10-13 03:35:06,2019-10-13 04:10:44,58.8,89.2,134.08061836622807,37.61194029850746,33.08955223880597
159,2019-10-13 12:23:48,2019-10-13 13:44:27,24.4,85.2,132.35463286732454,34.70345963756178,32.45469522240527
160,2019-10-13 17:39:09,2019-10-13 18:57:28,51.2,99.6,137.3576245293848,37.47108843537415,34.81122448979592
161,2019-10-14 02:37:53,2019-10-14 04:05:24,40.4,99.6,135.7795965887763,36.334855403348556,33.692541856925416
162,2019-10-14 13:53:48,2019-10-14 14:44:54,42.4,89.2,132.1138427795584,37.388020833333336,35.536458333333336
163,2019-10-14 23:16:07,2019-10-15 00:27:30,28.0,64.0,131.17186962191357,34.72201492537314,32.22761194029851
164,2019-10-15 02:49:33,2019-10-15 04:16:17,43.6,99.6,135.97054680059526,36.41321044546851,33.78187403993856
165,2019-10-15 18:19:40,2019-10-15 19:43:52,40.8,93.6,132.91553353851015,35.982594936708864,34.38449367088607
166,2019-10-16 02:18:37,2019-10-16 03:33:04,29.2,92.0,132.79401526008493,36.41681574239714,33.56171735241503
167,2019-10-16 15:28:38,2019-10-16 17:07:22,28.0,99.6,133.50993704027005,36.8421052631579,35.57354925775979
168,2019-10-17 03:14:07,2019-10-17 05:04:52,21.2,99.6,134.50662402565197,35.997593261131165,33.24308062575211
169,2019-10-17 13:15:27,2019-10-17 15:20:05,21.6,98.0,131.45843053374054,36.93903743315508,35.06524064171123
170,2019-10-18 00:00:49,2019-10-18 01:28:30,21.2,95.2,131.86226887762763,38.716236722306526,35.55083459787557
171,2019-10-18 14:10:13,2019-10-18 15:09:36,46.0,94.8,133.28699965846994,34.64798206278027,33.31165919282511
172,2019-10-19 05:22:56,2019-10-19 07:01:48,12.0,94.8,132.5534705783682,34.613207547169814,32.460916442048514
173,2019-10-19 14:48:39,2019-10-19 15:33:13,54.8,79.6,133.87973425179217,34.82388059701493,33.0089552238806
174,2019-10-20 02:03:12,2019-10-20 03:24:27,9.6,85.6,132.22423454495615,36.35901639344262,34.498360655737706
175,2019-10-20 05:46:06,2019-10-20 06:52:17,50.4,83.2,133.43448170138888,37.33601609657948,33.76659959758551
176,2019-10-20 16:16:34,2019-10-20 18:55:04,15.2,94.8,131.9323373771636,37.11606391925988,35.7636669470143
177,2019-10-21 02:37:42,2019-10-21 03:44:56,39.2,94.8,132.65095085431656,35.34653465346535,32.685148514851484
178,2019-10-21 17:33:16,2019-10-21 19:11:28,11.2,94.8,131.49991961722492,37.582089552238806,36.047489823609226
179,2019-10-22 23:11:24,2019-10-23 00:29:03,29.6,94.8,131.25727981850716,34.99656946826758,33.39622641509434
180,2019-10-24 02:32:03,2019-10-24 04:09:35,12.4,94.8,132.07890192994876,33.76639344262295,32.41120218579235
181,2019-10-24 12:20:14,2019-10-24 13:30:50,30.0,70.0,132.24439666319446,33.74387947269303,31.98870056497175
182,2019-10-24 17:59:12,2019-10-24 19:32:44,34.0,86.4,132.63934272688718,36.49002849002849,33.87891737891738
183,2019-10-24 23:28:32,2019-10-25 00:46:28,42.4,91.2,132.2856547956512,35.88034188034188,32.827350427350424
184,2019-10-25 05:12:11,2019-10-25 06:08:28,53.6,97.2,133.43217590150357,35.46823529411765,32.35058823529412
185,2019-10-25 18:15:05,2019-10-25 19:34:05,27.6,94.8,132.0527592158565,36.61214165261383,34.90219224283305
186,2019-10-26 03:46:12,2019-10-26 04:43:58,36.8,89.6,132.46616453598486,36.184331797235025,33.69815668202765
187,2019-10-26 12:08:33,2019-10-26 13:41:40,21.2,91.6,130.6207633384628,36.73247496423462,34.347639484978544
188,2019-10-26 21:59:46,2019-10-26 22:59:32,28.8,84.4,132.55333978567145,35.062360801781736,32.487750556792875
189,2019-10-27 02:30:25,2019-10-27 02:58:42,59.2,85.2,133.96998738247865,34.45070422535211,30.953051643192488
190,2019-10-27 08:10:16,2019-10-27 09:17:31,46.4,94.8,133.89360264003673,32.57029702970297,29.81188118811881
191,2019-10-28 09:38:01,2019-10-28 11:13:01,15.2,87.6,130.7555688228975,31.228611500701263,29.76858345021038
192,2019-10-28 19:06:49,2019-10-28 20:42:09,31.6,97.6,131.8102674452862,30.825418994413408,28.45810055865922
193,2019-10-29 19:00:46,2019-10-29 21:31:12,9.2,94.8,131.755451825026,32.607617360496015,31.349867139061114
194,2019-10-30 04:24:48,2019-10-30 05:47:07,30.4,97.6,132.25734079654433,32.749190938511326,29.258899676375403
195,2019-10-30 14:11:43,2019-10-30 15:10:09,51.2,84.0,133.34334195884145,30.30751708428246,28.851936218678816
196,2019-10-30 22:42:21,2019-10-31 00:01:28,32.8,97.6,132.2731966242284,33.69023569023569,31.483164983164983
197,2019-10-31 13:40:16,2019-10-31 15:03:31,18.8,82.4,130.71939247466807,32.888,31.3408
198,2019-10-31 20:33:42,2019-10-31 21:37:53,49.2,97.6,132.93579545454548,34.49377593360996,32.261410788381745
199,2019-11-01 23:09:21,2019-11-02 00:44:45,8.400001,91.2,131.4899834150696,36.909217877094974,34.899441340782126
200,2019-11-02 13:43:24,2019-11-02 15:20:08,18.0,97.6,132.31238073701846,36.00275482093664,34.56887052341598
201,2019-11-03 00:11:12,2019-11-03 01:33:39,24.4,96.8,131.50665288136892,38.01292407108239,35.27140549273021
202,2019-11-03 06:48:08,2019-11-03 07:58:36,43.2,97.6,132.8988640931373,39.30943396226415,35.31132075471698
203,2019-11-04 08:32:31,2019-11-04 11:00:13,7.6,97.6,131.54749411419752,33.192238267148014,31.842960288808666
204,2019-11-04 17:57:45,2019-11-04 18:48:59,48.4,86.4,135.03846437134501,36.932467532467534,34.433766233766235
205,2019-11-05 05:50:36,2019-11-05 07:25:36,18.4,97.6,132.25405305836142,33.256661991584856,30.869565217391305
206,2019-11-05 23:26:08,2019-11-06 01:27:09,16.4,86.0,130.98071224856324,31.699669966996698,29.984598459845984
207,2019-11-06 06:56:36,2019-11-06 08:10:55,48.0,89.6,134.26051102430557,30.086021505376344,27.36021505376344
208,2019-11-06 18:23:25,2019-11-06 20:55:16,21.2,97.6,129.63460111438337,33.32105263157895,31.969298245614034
209,2019-11-07 02:50:07,2019-11-07 03:27:44,52.8,71.2,134.29105905797098,31.003533568904594,28.487632508833922
210,2019-11-07 05:22:33,2019-11-07 06:22:44,52.8,97.6,133.49892479228674,32.68362831858407,30.086283185840706
211,2019-11-07 18:12:58,2019-11-07 20:22:55,28.0,94.0,130.3859525648148,31.97948717948718,30.575384615384614
212,2019-11-08 04:25:33,2019-11-08 05:56:08,25.6,97.6,130.78974356481484,32.41323529411765,30.148529411764706
213,2019-11-08 17:34:48,2019-11-08 18:48:41,33.6,76.0,130.914533706761,31.913669064748202,30.762589928057555
214,2019-11-09 02:36:36,2019-11-09 04:34:42,12.8,80.0,132.10212915839946,32.00675675675676,29.617117117117118
215,2019-11-09 07:06:22,2019-11-09 07:22:47,66.0,75.2,134.41428094806759,31.903225806451612,28.0
216,2019-11-09 12:36:42,2019-11-09 14:09:03,40.8,71.2,132.07799288925438,29.73381294964029,28.42158273381295
217,2019-11-09 19:16:50,2019-11-09 20:29:57,34.8,76.4,132.42784592681622,32.77777777777778,30.86520947176685
218,2019-11-10 13:06:47,2019-11-10 15:06:43,21.6,91.6,128.7651079206349,29.39,28.25888888888889
219,2019-11-11 02:15:18,2019-11-11 03:12:23,17.6,50.0,132.72465213477366,29.47795823665893,27.259860788863108
220,2019-11-11 03:22:16,2019-11-11 04:50:11,49.2,96.8,132.43583631535952,32.74090909090909,30.716666666666665
221,2019-11-11 15:33:34,2019-11-11 16:50:41,40.0,84.0,132.21398062184343,33.122625215889464,31.369602763385146
222,2019-11-12 01:50:28,2019-11-12 03:26:16,20.8,97.6,131.68849808304398,33.01808066759388,30.926286509040334
223,2019-11-12 16:47:53,2019-11-12 18:28:52,16.4,97.6,130.90363312123702,35.46903820816864,33.790513833992094
224,2019-11-13 15:47:22,2019-11-13 17:09:02,21.6,73.6,130.77585021367523,32.58401305057096,31.034257748776508
225,2019-11-14 14:48:11,2019-11-14 15:56:14,15.6,76.0,131.1764215415747,31.724070450097848,30.577299412915853
226,2019-11-14 21:42:33,2019-11-14 23:33:09,29.6,97.6,132.44206840277778,33.49759036144578,30.79277108433735
227,2019-11-15 05:36:39,2019-11-15 06:42:56,54.4,91.6,134.17117694892477,30.25250501002004,27.33066132264529
228,2019-11-15 13:56:42,2019-11-15 14:15:23,49.2,59.6,134.71343806089746,30.382978723404257,28.80141843971631
229,2019-11-15 14:23:16,2019-11-15 15:04:21,59.6,84.0,126.5295135359745,31.271844660194176,29.802588996763753
230,2019-11-16 03:52:23,2019-11-16 06:07:57,8.0,85.6,131.3149632517182,30.93510324483776,29.206489675516224
231,2019-11-16 17:14:49,2019-11-16 19:53:52,1.2,97.6,131.90637914361457,34.42246437552389,32.44928751047779
232,2019-11-17 04:17:44,2019-11-17 05:56:36,18.0,97.6,132.44157222745673,34.435309973045825,31.557951482479783
233,2019-11-17 17:56:38,2019-11-17 18:37:44,13.6,36.8,133.20237626915713,33.15857605177994,31.300970873786408
234,2019-11-17 18:43:20,2019-11-17 19:39:23,36.8,68.8,131.66895283854168,35.40855106888361,33.527315914489314
235,2019-11-18 12:20:02,2019-11-18 13:59:50,14.4,80.8,130.28062674029454,30.953333333333333,29.928
236,2019-11-19 12:43:51,2019-11-19 16:25:51,13.2,88.0,128.52718441770648,26.93877551020408,25.660264105642256
237,2019-11-20 08:16:58,2019-11-20 10:09:20,20.4,86.0,128.05061230945122,24.769869513641755,23.077105575326215
238,2019-11-20 10:11:22,2019-11-20 10:24:35,85.2,92.8,129.6947822733919,27.0,25.17
239,2019-11-20 17:11:53,2019-11-20 18:19:22,62.4,97.6,133.5887503708965,28.299802761341223,27.209072978303748
240,2019-11-21 01:46:25,2019-11-21 02:31:54,46.0,71.6,133.8446481445313,28.221574344023324,25.746355685131196
241,2019-11-21 07:36:36,2019-11-21 08:39:59,36.8,78.4,132.05154943910253,26.724789915966387,24.275210084033613
242,2019-11-21 12:49:40,2019-11-21 14:19:35,32.8,88.8,132.86317160218258,30.84888888888889,29.254814814814814
243,2019-11-22 14:29:02,2019-11-22 16:24:03,8.8,82.8,131.33662503378383,26.770567786790266,25.877172653534185
244,2019-11-22 20:41:42,2019-11-22 21:30:24,48.0,90.8,133.35842924130327,32.74590163934426,30.866120218579233
245,2019-11-23 04:57:31,2019-11-23 06:17:26,20.4,92.4,131.92765925154322,32.26166666666666,29.44
246,2019-11-23 16:38:19,2019-11-23 18:51:12,16.0,97.6,131.17630345349946,34.45035105315948,33.07622868605817
247,2019-11-24 01:45:55,2019-11-24 03:36:47,28.0,91.2,131.88118254219407,34.29326923076923,31.265625
248,2019-11-24 14:18:07,2019-11-24 16:07:32,33.2,96.0,130.67277070063693,32.72472594397077,31.203410475030452
249,2019-11-24 23:36:15,2019-11-25 00:49:46,57.2,97.2,133.86685131250002,32.34239130434783,29.89673913043478
250,2019-11-25 06:32:03,2019-11-25 08:20:24,38.8,97.6,132.4081943499622,30.969249692496923,28.178351783517837
251,2019-11-25 19:34:40,2019-11-25 20:47:15,42.4,97.6,131.56623539150567,33.89908256880734,32.05688073394495
252,2019-11-26 04:26:28,2019-11-26 05:54:34,42.4,92.4,132.4356952333333,29.86425339366516,27.02865761689291
253,2019-11-26 23:05:40,2019-11-27 01:28:18,19.6,92.0,130.80405982197667,32.04579439252336,30.258878504672897
254,2019-11-27 15:32:51,2019-11-27 17:23:59,8.0,97.6,130.9496748604911,34.52757793764988,32.485611510791365
255,2019-11-28 18:30:19,2019-11-28 20:41:46,15.6,82.4,130.42429911842976,26.038500506585613,24.78014184397163
256,2019-11-29 04:04:01,2019-11-29 05:14:03,30.4,92.4,130.92222476478494,25.1787072243346,22.931558935361217
257,2019-11-29 11:07:49,2019-11-29 12:18:08,62.0,97.6,132.96682014279028,24.634469696969695,22.339015151515152
258,2019-11-29 19:52:17,2019-11-29 20:38:17,47.2,72.8,134.65364631076392,27.473988439306357,25.514450867052023
259,2019-11-30 00:54:52,2019-11-30 02:06:55,23.2,87.2,131.74405468532987,29.34750462107209,26.626617375231053
260,2019-11-30 16:15:44,2019-11-30 17:27:07,43.6,97.6,132.34700134516464,30.08582089552239,28.65671641791045
261,2019-12-01 13:46:21,2019-12-01 15:16:49,41.6,97.2,132.1166525304756,31.276877761413843,29.976435935198822
262,2019-12-01 20:35:32,2019-12-01 21:45:43,57.2,97.6,132.82821185024758,30.738140417457306,27.216318785578746
263,2019-12-02 15:56:34,2019-12-02 16:49:24,36.0,85.2,131.8084981340334,23.80352644836272,22.642317380352644
264,2019-12-03 00:20:03,2019-12-03 01:10:57,34.8,60.8,128.92758939423078,23.135770234986946,20.83289817232376
265,2019-12-03 02:28:51,2019-12-03 02:49:48,61.6,80.4,130.38801456117017,24.658227848101266,22.227848101265824
266,2019-12-03 13:36:05,2019-12-03 14:25:09,25.6,69.6,130.23801770833333,23.21891891891892,21.88918918918919
267,2019-12-03 14:44:16,2019-12-03 15:22:51,77.2,97.6,121.47598244144886,26.97594501718213,25.93470790378007
268,2019-12-04 00:14:15,2019-12-04 01:06:09,44.4,70.0,133.7426213107639,23.676923076923078,21.205128205128204
269,2019-12-04 06:11:23,2019-12-04 07:57:55,13.2,97.6,130.0154600859005,26.15625,23.3875
270,2019-12-04 14:12:02,2019-12-04 15:16:53,56.8,96.4,132.41612753928172,28.546201232032853,26.67145790554415
271,2019-12-04 22:34:36,2019-12-05 00:09:46,47.2,97.6,132.62543906525573,27.338461538461537,24.80979020979021
272,2019-12-05 08:56:14,2019-12-05 10:45:54,10.8,97.6,130.75893166922685,28.153098420413123,25.77156743620899
273,2019-12-05 21:28:31,2019-12-05 22:48:03,36.0,97.6,128.20131343344156,27.64321608040201,25.603015075376884
274,2019-12-06 04:46:29,2019-12-06 06:11:53,27.2,97.6,131.92721411773994,30.293291731669267,26.848673946957877
275,2019-12-06 18:12:58,2019-12-06 19:58:30,15.2,97.6,129.88099490965482,29.9229797979798,27.883838383838384
276,2019-12-07 05:43:28,2019-12-07 07:28:52,16.8,70.4,130.2766232276119,23.792667509481667,20.844500632111252
277,2019-12-07 13:13:21,2019-12-07 14:43:24,24.0,70.4,129.42125031429597,24.875739644970412,23.310650887573964
278,2019-12-07 23:48:38,2019-12-08 01:20:40,18.4,66.4,127.15307312500002,24.40173410404624,22.387283236994218
279,2019-12-08 05:37:03,2019-12-08 06:42:33,30.4,89.6,131.63522084271776,25.008130081300813,22.209349593495936
280,2019-12-08 15:32:06,2019-12-08 17:06:58,10.0,94.8,131.92664759401208,30.639044943820224,29.051966292134832
281,2019-12-09 03:29:14,2019-12-09 05:25:40,28.4,97.6,128.74115155748234,24.91304347826087,22.316933638443935
282,2019-12-09 16:29:36,2019-12-09 18:37:49,19.6,97.6,130.88886892628207,29.474012474012476,28.097713097713097
283,2019-12-10 02:07:53,2019-12-10 03:25:08,40.4,97.6,130.16122956487962,28.186206896551724,24.924137931034483
284,2019-12-10 14:42:19,2019-12-10 16:07:26,32.8,86.8,131.29128733539096,25.211267605633804,24.081377151799686
285,2019-12-11 14:22:33,2019-12-11 16:30:47,17.2,96.8,126.35766416108322,28.12058212058212,26.77130977130977
286,2019-12-12 11:46:17,2019-12-12 12:09:14,28.8,49.2,131.58566689133988,22.497109826589597,21.346820809248555
287,2019-12-12 12:14:18,2019-12-12 12:49:39,48.8,80.0,132.36009886485044,25.796992481203006,24.74436090225564
288,2019-12-12 12:51:13,2019-12-12 13:26:35,80.0,97.6,119.14112982954548,27.007518796992482,26.07894736842105
289,2019-12-13 01:06:58,2019-12-13 02:30:05,34.4,97.6,129.9350752087729,27.669871794871796,25.338141025641026
290,2019-12-13 15:54:01,2019-12-13 18:09:26,11.2,71.6,125.65389583563282,30.58055009823183,29.411591355599214
291,2019-12-13 18:15:50,2019-12-13 18:29:51,71.2,77.6,133.36677361111128,32.10377358490566,31.0
292,2019-12-14 01:30:33,2019-12-14 02:20:51,15.6,43.6,134.99546644841269,28.93915343915344,25.894179894179896
293,2019-12-14 02:30:28,2019-12-14 03:13:42,43.6,68.0,133.14278913934427,31.466257668711656,28.542944785276074
294,2019-12-14 14:50:07,2019-12-14 15:13:44,18.4,32.0,130.2301019709967,27.55056179775281,26.56179775280899
295,2019-12-14 15:35:45,2019-12-14 16:50:00,31.6,74.4,130.30314094301661,30.88372093023256,29.942754919499105
296,2019-12-14 21:56:04,2019-12-14 23:15:15,50.8,95.2,134.0554288976476,29.509243697478993,26.82857142857143
297,2019-12-15 07:30:30,2019-12-15 09:35:54,28.0,97.6,130.7494820402299,27.78131634819533,25.17091295116773
298,2019-12-15 19:37:03,2019-12-15 20:54:34,38.4,97.6,131.6607403364302,30.630584192439862,28.652920962199314
299,2019-12-16 01:08:06,2019-12-16 02:00:48,60.0,97.6,133.18321542553193,31.532828282828284,28.664141414141415
300,2019-12-16 06:19:04,2019-12-16 07:08:40,57.6,85.6,133.03425571428576,29.9572192513369,27.06951871657754
301,2019-12-16 15:56:26,2019-12-16 17:43:43,7.2,97.6,130.92382288747544,34.814906832298135,33.12049689440994
302,2019-12-17 03:01:14,2019-12-17 04:37:57,20.0,97.6,129.4928236970218,33.87741046831956,30.947658402203857
303,2019-12-17 16:38:53,2019-12-17 18:14:56,14.4,96.0,130.40419810900056,34.89875173370319,33.123439667128984
304,2019-12-18 00:52:51,2019-12-18 02:03:09,42.8,97.6,132.10546169910788,35.446969696969695,32.25568181818182
305,2019-12-18 13:56:22,2019-12-18 15:38:42,16.4,97.6,130.5843712985769,34.66015625,33.147135416666664
306,2019-12-18 23:30:13,2019-12-19 00:19:27,41.6,85.6,132.00760853535357,34.87567567567567,31.98918918918919
307,2019-12-19 11:29:09,2019-12-19 13:21:46,9.2,97.6,130.33324906359982,29.397633136094676,26.86627218934911
308,2019-12-20 01:27:43,2019-12-20 02:48:18,13.2,85.2,130.67442952160496,26.717355371900826,24.54214876033058
309,2019-12-20 15:51:51,2019-12-20 17:08:26,15.6,84.0,130.75301452850877,26.017391304347825,24.551304347826086
310,2019-12-21 00:55:14,2019-12-21 02:49:30,28.8,97.6,129.63636994509045,26.63699421965318,24.01387283236994
311,2019-12-21 09:23:35,2019-12-21 11:11:23,38.4,96.8,130.35084033485543,25.019777503090236,22.626699629171817
312,2019-12-21 19:40:37,2019-12-21 20:10:15,64.0,80.4,136.12062632113816,27.242152466367713,25.865470852017935
313,2019-12-22 02:22:50,2019-12-22 04:04:38,15.6,97.6,131.78999067920054,30.526178010471206,27.94240837696335
314,2019-12-22 16:35:00,2019-12-22 17:49:27,42.0,97.6,130.64970801358913,29.128801431127012,27.53488372093023
315,2019-12-23 00:51:13,2019-12-23 02:23:25,36.4,97.6,130.75725042438273,28.34393063583815,25.583815028901736
316,2019-12-23 15:51:01,2019-12-23 17:24:21,8.0,90.0,131.09367987296744,32.327169274537695,31.01280227596017
317,2019-12-23 17:27:50,2019-12-23 17:47:01,90.0,97.6,128.1411039839182,35.675862068965515,34.0
318,2019-12-23 21:58:24,2019-12-23 22:32:34,73.2,97.2,132.79845186342592,32.90272373540856,29.638132295719846
319,2019-12-24 03:09:48,2019-12-24 04:34:07,52.4,97.6,132.61966542219764,32.29541864139021,28.78830963665087
320,2019-12-24 17:24:36,2019-12-24 18:46:32,35.2,97.6,130.42402323495372,29.47479674796748,27.920325203252034
321,2019-12-25 15:15:59,2019-12-25 16:09:54,59.6,97.6,131.73554010964915,27.071604938271605,25.864197530864196
322,2019-12-26 05:03:25,2019-12-26 07:13:46,18.4,97.6,129.91799844626826,27.346625766871167,25.44274028629857
323,2019-12-26 16:07:01,2019-12-26 17:33:00,27.2,97.6,129.5786704821654,31.987616099071207,30.157894736842106
324,2019-12-27 07:00:59,2019-12-27 08:13:58,30.0,72.4,128.84087445951258,21.58941605839416,19.74270072992701
325,2019-12-27 12:59:20,2019-12-27 14:03:47,51.2,97.6,132.0625421904933,24.35330578512397,23.0599173553719
326,2019-12-28 09:26:41,2019-12-28 10:57:09,29.6,97.6,126.98346212418303,22.508100147275407,21.22238586156112
327,2019-12-29 00:44:55,2019-12-29 04:10:22,28.4,97.6,128.6501280989082,24.986381322957197,23.893644617380026
328,2019-12-29 15:28:04,2019-12-29 17:09:04,42.8,97.6,131.9229828872668,29.315303430079155,28.138522427440634
329,2019-12-30 05:02:24,2019-12-30 07:32:59,9.2,95.6,130.98822993505658,29.117595048629532,27.354553492484527
330,2019-12-30 19:17:24,2019-12-30 21:47:48,12.0,97.2,131.33011892279603,33.89664310954063,32.09363957597173
331,2019-12-31 05:04:02,2019-12-31 06:23:49,34.8,97.6,131.67675080944804,32.657762938230384,29.67779632721202
332,2019-12-31 17:16:47,2019-12-31 17:43:12,70.0,91.2,135.23259167976937,29.231155778894472,27.477386934673365
333,2020-01-01 02:28:29,2020-01-01 03:36:48,23.2,84.4,130.96986147875816,29.47953216374269,27.224171539961013
334,2020-01-01 22:37:02,2020-01-02 00:11:30,12.8,94.4,130.57183720894608,28.063469675599436,26.35966149506347
335,2020-01-02 03:59:16,2020-01-02 05:40:31,16.0,97.6,132.12450515727127,33.882894736842104,30.101315789473684
336,2020-01-02 12:22:52,2020-01-02 13:51:25,31.2,90.4,129.8794591263138,30.62857142857143,27.37593984962406
337,2020-01-03 00:04:43,2020-01-03 00:46:02,50.4,77.2,133.86046321517412,26.19811320754717,23.67924528301887
338,2020-01-03 06:07:25,2020-01-03 06:22:28,48.0,56.8,128.32862698863642,23.704347826086956,21.37391304347826
339,2020-01-03 06:28:03,2020-01-03 07:28:54,56.4,90.4,134.82323244281045,25.218818380743983,23.12910284463895
340,2020-01-03 16:29:21,2020-01-03 17:07:54,25.2,59.6,131.03082342538758,28.47586206896552,27.048275862068966
341,2020-01-03 17:12:51,2020-01-03 18:07:09,60.0,97.6,130.8492002548759,31.70343137254902,30.600490196078432
342,2020-01-04 04:36:27,2020-01-04 06:01:42,23.2,95.6,130.57303534376922,29.6453125,26.8546875
343,2020-01-04 17:38:47,2020-01-04 18:46:10,41.2,83.6,132.34890019326522,29.940711462450594,28.527667984189723
344,2020-01-05 18:48:40,2020-01-05 20:49:17,24.4,97.6,130.19096440877357,29.591160220994475,28.264088397790054
345,2020-01-06 05:11:47,2020-01-06 06:38:17,22.0,97.2,130.36856821993203,31.529230769230768,29.04153846153846
346,2020-01-06 15:26:07,2020-01-06 17:10:43,10.4,76.4,131.80704434343434,33.47898089171974,31.89936305732484
347,2020-01-07 11:30:12,2020-01-07 11:46:13,22.8,31.6,136.35040227272725,24.677685950413224,23.884297520661157
348,2020-01-07 12:19:18,2020-01-07 12:44:07,31.6,46.0,129.32678202160497,26.962566844919785,26.02139037433155
349,2020-01-07 13:31:29,2020-01-07 13:56:02,45.6,59.6,131.54802595238095,29.10810810810811,28.08108108108108
350,2020-01-07 16:52:25,2020-01-07 17:43:47,61.6,97.6,135.64954893518518,32.50777202072539,31.287564766839377
351,2020-01-08 02:13:51,2020-01-08 03:56:57,10.4,97.6,131.8926803038991,35.695090439276484,32.479328165374675
352,2020-01-08 18:04:51,2020-01-08 19:46:47,14.4,97.6,130.52884890825322,34.62091503267974,32.87450980392157
353,2020-01-09 03:55:46,2020-01-09 05:17:57,32.0,97.6,130.94789277820124,33.87196110210697,30.555915721231766
354,2020-01-10 01:28:01,2020-01-10 02:37:40,24.4,86.4,131.41493872311827,29.801147227533463,27.956022944550668
355,2020-01-10 15:59:19,2020-01-10 17:06:39,30.0,64.8,129.23374645593867,29.65680473372781,28.82051282051282
356,2020-01-11 00:20:20,2020-01-11 02:18:49,9.6,76.8,132.2373513392857,31.393700787401574,29.595050618672666
357,2020-01-11 05:49:41,2020-01-11 06:34:23,50.8,76.0,133.3303314429012,30.920118343195266,27.701183431952664
358,2020-01-11 15:23:23,2020-01-11 16:30:41,16.0,54.4,131.15405073784723,28.28543307086614,26.41732283464567
359,2020-01-11 19:43:30,2020-01-11 21:09:18,30.8,97.6,129.93260681345643,29.658385093167702,26.59472049689441
360,2020-01-12 02:42:00,2020-01-12 03:11:46,61.6,88.0,133.04346553030305,25.495535714285715,21.428571428571427
361,2020-01-12 14:08:21,2020-01-12 15:23:12,43.6,97.6,129.88740161522637,24.062277580071175,22.880782918149468
362,2020-01-13 01:35:13,2020-01-13 03:32:02,5.2,82.4,131.64575060808866,27.620728929384967,25.300683371298405
363,2020-01-13 07:46:16,2020-01-13 08:53:46,50.4,97.6,130.55282811617232,26.471400394477318,23.086785009861934
364,2020-01-13 20:41:01,2020-01-13 22:48:34,20.0,97.6,128.3164364368557,27.66353187042842,25.653082549634274
365,2020-01-14 03:00:28,2020-01-14 05:14:42,29.6,97.6,130.97004886437907,31.409136047666337,27.810327706057596
366,2020-01-14 18:54:03,2020-01-14 20:20:55,30.4,97.6,129.1991148912864,28.837423312883434,27.01840490797546
367,2020-01-15 12:36:36,2020-01-15 13:17:57,55.2,81.2,133.06220599358977,24.434083601286172,23.308681672025724
368,2020-01-15 22:21:45,2020-01-16 00:34:46,12.8,81.6,128.2525664163437,30.011022044088175,28.278557114228455
369,2020-01-16 18:42:05,2020-01-16 20:51:55,30.4,96.8,129.5546251171352,27.921971252566735,26.713552361396303
370,2020-01-18 14:30:08,2020-01-18 16:49:44,22.8,95.6,127.48977513736264,23.269083969465647,21.759541984732824
371,2020-01-19 11:50:49,2020-01-19 15:02:45,27.2,92.4,127.55027309134289,19.867403314917127,18.165055248618785
372,2020-01-19 21:41:49,2020-01-19 23:23:45,38.4,95.2,129.902751799687,21.66797385620915,19.7281045751634
373,2020-01-20 04:12:46,2020-01-20 05:31:05,39.6,97.6,130.35583672413796,26.268707482993197,23.078231292517007
374,2020-01-20 16:49:25,2020-01-20 19:06:14,16.8,96.0,129.7138333789282,25.70983446932814,24.328140214216162
375,2020-01-21 22:32:36,2020-01-22 00:50:26,20.8,97.6,126.14727734374999,25.77659574468085,24.845261121856865
376,2020-01-22 11:28:02,2020-01-22 12:18:36,69.6,97.6,132.7567546577381,25.689473684210526,24.444736842105264
377,2020-01-22 20:29:04,2020-01-22 22:03:14,42.4,97.6,130.76742215177134,29.838755304101838,28.134370579915135
378,2020-01-23 04:11:10,2020-01-23 06:14:03,36.0,97.6,131.53182366973303,30.490238611713664,27.70065075921909
379,2020-01-23 21:28:09,2020-01-23 22:47:16,52.0,97.6,131.77211733674469,31.276094276094277,29.375420875420875
380,2020-01-24 03:52:23,2020-01-24 05:41:15,9.6,97.6,132.3423296543561,35.140586797066014,32.09413202933985
381,2020-01-24 15:03:26,2020-01-24 16:22:25,35.2,97.6,131.51118289262823,33.320404721753796,31.236087689713322
382,2020-01-26 16:50:22,2020-01-26 20:18:22,18.0,97.6,126.3703002564908,19.376923076923077,18.275641025641026
383,2020-01-27 00:19:57,2020-01-27 01:30:07,48.0,97.6,130.81675061883962,23.157495256166982,20.165085388994306
384,2020-01-27 18:32:37,2020-01-27 20:34:10,10.4,88.0,131.05064208548114,26.48574561403509,23.797149122807017
385,2020-01-28 02:54:06,2020-01-28 05:34:29,18.8,97.6,131.22208724266778,22.13549459684123,18.77223607647548
386,2020-01-28 20:08:21,2020-01-28 21:42:40,25.6,97.6,127.39534462577163,22.172316384180792,21.005649717514125
387,2020-01-29 12:11:29,2020-01-29 13:24:44,57.2,97.6,129.93946004537958,18.578181818181818,17.529090909090908
388,2020-01-30 12:39:37,2020-01-30 13:39:32,60.0,97.6,131.4711697288712,16.13111111111111,15.551111111111112
389,2020-01-31 00:02:00,2020-01-31 01:31:40,47.2,97.6,130.7661855186288,21.787518573551264,19.543833580980685
390,2020-02-01 07:05:55,2020-02-01 09:37:30,16.0,97.6,129.17606709048204,21.197009674582233,19.500439753737908
391,2020-02-03 01:11:58,2020-02-03 02:49:54,20.8,97.6,125.63108303313079,25.06394557823129,23.904761904761905
392,2020-02-03 11:08:59,2020-02-03 12:37:11,26.0,97.6,128.5651099957325,28.3202416918429,25.51963746223565
393,2020-02-04 17:13:43,2020-02-04 18:38:42,34.4,97.6,127.3944229012834,20.86677115987461,19.775862068965516
394,2020-02-05 13:31:08,2020-02-05 14:57:03,18.0,92.4,129.45201307497015,25.066666666666666,23.37519379844961
395,2020-02-05 22:50:13,2020-02-05 23:40:24,64.8,97.6,131.69242889989837,25.649867374005304,23.251989389920425
396,2020-02-06 13:37:49,2020-02-06 14:59:53,33.2,97.2,127.970268203125,25.001623376623378,23.2224025974026
397,2020-02-07 00:35:45,2020-02-07 02:31:50,34.0,97.6,128.56079419549266,25.584385763490243,23.68427095292767
398,2020-02-08 00:41:32,2020-02-08 03:21:06,8.8,97.6,130.2157145145145,26.471177944862156,24.483709273182956
399,2020-02-10 06:35:00,2020-02-10 08:34:33,26.4,97.6,128.7860484823658,21.702341137123746,20.235228539576365
400,2020-02-11 11:29:00,2020-02-11 13:22:17,7.2,97.6,128.97759812715094,26.127058823529413,24.98470588235294
401,2020-02-12 15:59:14,2020-02-12 17:40:55,19.2,97.6,128.11402701955782,27.208387942332898,25.577981651376145
402,2020-02-13 18:42:58,2020-02-13 21:56:52,21.6,97.6,128.45269422880114,25.66941580756014,24.53814432989691
403,2020-02-16 07:45:24,2020-02-16 09:04:23,26.8,53.2,124.65845963804712,14.494097807757168,13.107925801011804
404,2020-02-16 09:07:27,2020-02-16 10:20:10,52.8,94.4,127.61627481971152,17.807692307692307,16.366300366300365
405,2020-02-17 08:46:31,2020-02-17 09:52:34,67.6,97.6,131.22071913425927,12.602822580645162,12.038306451612904
406,2020-02-17 20:12:19,2020-02-17 21:09:25,29.6,66.4,129.86427326388886,21.638694638694638,20.44988344988345
407,2020-02-17 21:13:01,2020-02-17 22:12:24,66.0,97.6,130.84984234353027,24.190582959641254,22.67713004484305
408,2020-03-04 06:58:47,2020-03-04 09:00:20,24.8,97.6,128.52016883585168,25.513157894736842,24.42982456140351
409,2020-03-05 02:09:15,2020-03-05 02:34:28,75.2,97.2,40.063399659090905,24.0,22.0
410,2020-03-05 14:37:35,2020-03-05 16:40:36,31.6,97.6,126.73924369528622,23.57421451787649,22.462621885157095
411,2020-03-06 17:21:18,2020-03-06 19:20:11,30.0,97.6,128.3102418803419,26.81390134529148,25.667040358744394
412,2020-03-07 18:01:02,2020-03-07 19:55:39,17.6,85.2,127.44854075032876,28.12558139534884,26.888372093023257
413,2020-03-08 20:33:52,2020-03-08 22:09:59,18.0,97.6,127.94997703622279,30.520775623268698,29.18698060941828
414,2020-03-09 10:27:31,2020-03-09 11:04:28,52.8,85.6,131.52173191056912,28.971223021582734,27.43525179856115
415,2020-03-11 09:17:27,2020-03-11 10:26:02,26.8,88.4,127.25760409451661,24.49126213592233,23.6
416,2020-03-11 22:54:14,2020-03-12 00:29:30,18.0,97.6,127.00913419702682,28.45034965034965,26.874125874125873
417,2020-03-12 16:18:45,2020-03-12 17:36:40,37.2,98.0,127.19386212079682,27.525597269624573,26.31569965870307
418,2020-03-14 21:59:09,2020-03-14 23:47:37,8.8,97.6,128.64450696164917,30.684275184275183,29.47788697788698
419,2020-03-16 01:56:51,2020-03-16 03:24:47,27.6,97.6,127.73632133730159,28.681818181818183,27.15909090909091
420,2020-03-16 14:53:57,2020-03-16 15:51:20,47.6,94.8,130.40828009945858,30.16705336426914,28.92343387470998
421,2020-03-17 05:45:03,2020-03-17 07:56:45,22.8,97.6,126.25137803773023,28.50910931174089,26.972672064777328
422,2020-03-18 19:46:50,2020-03-18 20:14:59,42.4,59.2,125.95092078373014,25.69811320754717,24.34433962264151
423,2020-03-18 20:27:00,2020-03-18 21:37:26,58.8,97.6,127.63333211626575,27.544423440453688,26.21361058601134
424,2020-03-19 22:40:57,2020-03-19 23:08:10,34.0,44.8,122.96144791666674,23.11219512195122,21.57560975609756
425,2020-03-19 23:14:26,2020-03-20 02:12:02,44.0,97.6,126.96550983157131,25.21021021021021,23.81006006006006
426,2020-03-20 15:39:10,2020-03-20 16:38:35,44.0,79.2,126.60464081439393,26.09619686800895,24.906040268456376
427,2020-03-21 22:41:58,2020-03-22 01:26:21,26.4,86.8,123.89425053348052,28.381995133819952,27.214111922141118
428,2020-03-22 01:28:16,2020-03-22 02:01:50,86.4,97.6,128.0265865327382,30.0,29.0
429,2020-03-23 01:24:06,2020-03-23 02:35:45,40.4,97.6,127.02688502573815,31.184014869888475,29.901486988847584
430,2020-03-23 15:47:06,2020-03-23 16:27:39,52.0,88.8,127.74566576464372,32.59344262295082,31.534426229508195
431,2020-03-23 22:53:55,2020-03-23 23:35:40,64.0,97.6,128.3612215897818,33.52229299363057,31.35031847133758
432,2020-03-24 10:50:59,2020-03-24 11:46:37,53.2,97.6,127.15110949699704,30.669856459330145,29.17464114832536
433,2020-03-24 17:22:42,2020-03-24 17:38:35,76.0,90.0,125.24249019841271,33.55833333333333,31.991666666666667
434,2020-03-25 02:08:26,2020-03-25 03:40:21,40.4,97.6,127.45188924096738,31.89855072463768,29.728985507246378
435,2020-03-25 15:28:49,2020-03-25 16:06:11,52.8,86.4,128.52932012648807,30.740213523131672,29.327402135231317
436,2020-03-26 09:07:44,2020-03-26 11:41:42,16.8,97.6,126.1303939008526,29.39047619047619,28.115151515151513
437,2020-03-26 21:34:38,2020-03-26 23:11:38,48.0,97.6,128.85231749439967,31.10164835164835,29.42445054945055
438,2020-03-27 14:29:58,2020-03-27 15:17:04,39.6,85.2,127.36565622563354,31.926553672316384,30.627118644067796
439,2020-03-27 17:35:22,2020-03-27 18:19:16,64.0,97.6,128.35038535879636,33.58181818181818,29.921212121212122
440,2020-03-28 10:02:38,2020-03-28 11:16:17,39.6,97.6,126.52809953065139,25.620253164556964,23.990958408679926
441,2020-03-28 16:30:19,2020-03-28 17:03:25,74.0,90.8,129.15506828703707,27.626506024096386,26.0
442,2020-03-29 01:36:17,2020-03-29 03:14:29,14.8,97.6,126.48020481078908,29.00135685210312,26.683853459972863
443,2020-03-29 12:32:32,2020-03-29 13:35:14,48.8,97.6,127.6788068476776,27.61995753715499,25.48832271762208
444,2020-03-30 10:37:36,2020-03-30 11:40:58,25.2,84.4,125.13587570617493,23.52310924369748,21.817226890756302
445,2020-03-30 21:52:29,2020-03-30 23:23:21,20.4,97.6,124.14995044077438,25.558651026392962,23.602639296187682
446,2020-03-31 13:00:07,2020-03-31 14:09:26,21.6,86.0,125.68498500905798,23.31285988483685,21.7447216890595
447,2020-03-31 21:05:56,2020-03-31 21:53:49,41.6,85.2,126.99688186162079,24.525,22.15277777777778
448,2020-04-01 13:41:07,2020-04-01 14:37:09,32.0,84.0,125.89931719017096,23.546318289786225,22.209026128266032
449,2020-04-02 03:31:23,2020-04-02 04:21:41,63.6,97.6,128.10614138071898,21.238095238095237,19.92063492063492
450,2020-04-02 16:45:23,2020-04-02 17:59:10,40.8,97.6,126.11419200410798,24.6913357400722,23.478339350180505
451,2020-04-03 06:46:20,2020-04-03 07:59:11,38.0,97.6,126.83268747669653,24.740402193784277,22.985374771480803
452,2020-04-03 20:53:18,2020-04-03 22:08:33,40.8,97.6,126.58714240512519,24.05132743362832,22.447787610619468
453,2020-04-04 03:25:44,2020-04-04 04:24:42,55.6,97.6,127.17745375330689,25.455981941309254,22.539503386004515
454,2020-04-04 22:55:32,2020-04-05 00:34:08,16.0,97.6,126.19843339460787,26.4,25.252702702702702
455,2020-04-05 16:19:16,2020-04-05 17:21:26,48.4,96.4,125.91043135416666,22.43254817987152,20.47323340471092
456,2020-04-06 13:44:19,2020-04-06 15:01:50,39.6,97.6,125.49100199473182,21.517182130584192,20.116838487972508
457,2020-04-06 23:13:54,2020-04-07 00:45:18,21.2,97.6,124.41211637034617,25.982507288629737,23.042274052478135
458,2020-04-07 19:47:46,2020-04-07 21:09:09,30.8,97.6,125.6788363793247,27.04909983633388,25.685761047463174
459,2020-04-08 19:19:36,2020-04-08 20:43:56,24.8,97.2,125.38053146869245,30.4391785150079,29.14533965244866
460,2020-04-09 16:39:47,2020-04-09 17:44:14,48.0,97.6,127.65429493447584,32.16942148760331,30.31198347107438
461,2020-04-10 00:54:17,2020-04-10 02:58:22,55.2,97.6,128.64393090932916,30.70998925886144,28.0
462,2020-04-10 05:10:40,2020-04-10 05:35:45,84.4,97.6,128.74929496001698,29.0,26.0
463,2020-04-10 18:05:31,2020-04-10 19:29:19,26.0,97.6,126.53021612740534,34.171701112877585,32.41971383147854
464,2020-04-13 17:06:05,2020-04-13 18:34:48,22.8,97.6,125.27556488042187,32.234234234234236,30.81081081081081
465,2020-04-14 02:27:54,2020-04-14 06:05:31,22.4,97.6,125.88202961362293,29.877450980392158,27.287377450980394
466,2020-04-14 16:16:36,2020-04-14 17:16:30,31.6,68.0,123.95790288461541,28.433333333333334,26.813333333333333
467,2020-04-14 17:20:31,2020-04-14 17:45:20,67.6,82.4,126.3198478415915,30.09625668449198,28.90374331550802
468,2020-04-14 22:09:42,2020-04-14 23:15:20,43.2,97.6,127.71445298968547,31.44421906693712,28.98580121703854
469,2020-04-15 22:44:45,2020-04-16 00:14:17,20.4,97.6,123.22075837651126,32.776785714285715,31.163690476190474
470,2020-04-16 23:13:02,2020-04-17 01:30:12,16.4,97.6,124.58124433668587,32.440233236151606,30.848396501457724
471,2020-04-17 17:36:30,2020-04-17 17:51:02,19.6,28.4,124.1616436868687,30.327272727272728,29.1
472,2020-04-17 17:54:15,2020-04-17 19:17:30,27.6,78.8,122.41251624891495,33.04,31.432
473,2020-04-18 01:00:38,2020-04-18 02:10:25,38.4,97.6,126.52018898977107,34.11641221374046,31.80916030534351
474,2020-04-18 16:29:23,2020-04-18 17:39:34,38.0,97.6,126.22584780480987,33.020872865275145,31.973434535104364
475,2020-04-19 03:25:08,2020-04-19 05:04:00,11.6,97.6,125.37566541343672,34.92857142857143,32.29514824797844
476,2020-04-19 16:23:30,2020-04-19 18:04:14,9.2,97.6,125.598398743087,39.00396825396825,36.92460317460318
477,2020-04-20 04:23:27,2020-04-20 06:06:11,8.400001,97.6,125.82264904852249,35.880674448767834,33.045395590142675
478,2020-04-20 15:34:25,2020-04-20 16:55:09,27.6,97.6,125.20198043650794,38.58154859967051,36.81054365733114
479,2020-04-21 03:04:07,2020-04-21 04:38:27,15.2,97.6,125.2444610723436,37.23728813559322,34.30367231638418
480,2020-04-22 07:11:02,2020-04-22 08:36:09,26.8,97.6,125.4371973870057,32.575899843505475,30.918622848200314
481,2020-04-23 08:19:42,2020-04-23 09:53:45,15.6,97.6,125.00284807588078,25.3012729844413,24.18953323903819
482,2020-04-23 13:43:56,2020-04-23 14:22:54,74.0,97.6,126.24514286723168,27.808873720136518,25.320819112627987
483,2020-04-24 11:50:28,2020-04-24 13:36:00,26.8,97.6,123.97509157250472,26.791929382093315,25.094577553593947
484,2020-04-24 23:16:40,2020-04-24 23:33:10,30.8,40.8,124.21808305555561,25.08,22.71
485,2020-04-24 23:33:31,2020-04-25 00:01:31,41.2,58.4,122.54363178294578,26.615384615384617,24.42603550295858
486,2020-04-25 00:01:52,2020-04-25 00:31:13,58.8,76.4,125.6032474905303,28.0,25.651685393258425
487,2020-04-25 00:31:34,2020-04-25 00:56:44,76.8,91.6,128.06684515765767,28.11842105263158,26.04605263157895
488,2020-04-25 11:18:49,2020-04-25 11:37:29,31.6,49.2,124.17694468118685,24.893805309734514,23.13274336283186
489,2020-04-25 11:37:50,2020-04-25 12:07:10,49.6,77.6,122.6101332837302,27.774011299435028,26.07909604519774
490,2020-04-25 12:07:31,2020-04-25 12:35:31,78.0,97.2,127.02186422164353,29.28994082840237,27.775147928994084
491,2020-04-25 22:06:00,2020-04-25 23:13:55,37.6,97.6,125.27248674074079,30.941176470588236,29.08627450980392
492,2020-04-26 22:57:39,2020-04-26 23:22:19,80.0,97.6,126.45913533775257,30.469798657718123,29.06711409395973
493,2020-04-27 05:59:33,2020-04-27 06:20:53,42.4,62.4,124.9507272916667,31.5968992248062,29.093023255813954
494,2020-04-27 06:21:14,2020-04-27 06:50:34,62.8,89.6,124.53515220771148,33.378531073446325,30.76271186440678
495,2020-04-28 00:24:51,2020-04-28 00:53:01,23.2,49.6,125.16834122474746,32.45882352941177,30.476470588235294
496,2020-04-28 00:53:22,2020-04-28 01:24:12,50.0,79.6,122.21892713025528,35.526881720430104,33.63978494623656
497,2020-04-28 01:24:33,2020-04-28 01:50:03,79.6,97.6,127.24226550925923,36.298701298701296,34.383116883116884
498,2020-04-28 13:23:44,2020-04-28 13:49:34,39.6,63.6,125.2818432291667,35.0,33.47435897435897
499,2020-04-28 13:49:55,2020-04-28 14:12:45,64.0,85.2,125.45859198113207,36.905797101449274,35.53623188405797
500,2020-04-28 23:23:27,2020-04-28 23:55:47,23.2,55.6,123.05641692386828,36.743589743589745,34.02564102564103
501,2020-04-29 10:03:58,2020-04-29 10:35:48,28.0,58.0,123.67453745370372,32.817708333333336,30.203125
502,2020-04-29 10:36:09,2020-04-29 11:06:49,58.4,87.2,124.10542115162035,35.535135135135135,33.03243243243243
503,2020-04-29 11:07:10,2020-04-29 11:24:10,87.6,97.6,129.40279083333334,36.0,34.0
504,2020-04-29 23:11:06,2020-04-29 23:43:26,51.2,82.0,122.821086489899,36.56410256410256,34.45128205128205
505,2020-04-30 16:23:39,2020-04-30 16:49:19,10.0,34.0,124.83739114583332,36.27741935483871,34.483870967741936
506,2020-04-30 16:49:40,2020-04-30 17:20:40,34.4,64.0,122.2363039602102,39.342245989304814,37.588235294117645
507,2020-04-30 17:21:01,2020-04-30 17:53:21,64.0,92.0,125.0317566468254,41.44615384615385,39.6051282051282
508,2020-05-01 16:35:30,2020-05-01 16:53:00,46.0,62.8,122.5653248181217,34.5,33.160377358490564
509,2020-05-01 16:53:21,2020-05-01 17:21:31,62.8,88.8,124.71422558760685,36.082352941176474,34.61176470588235
510,2020-05-02 00:58:38,2020-05-02 01:24:48,42.4,67.2,122.67699977598568,35.24683544303797,32.68987341772152
511,2020-05-02 01:25:09,2020-05-02 01:51:59,67.2,90.8,124.2308365701507,36.74074074074074,34.27777777777778
512,2020-05-02 13:03:42,2020-05-02 13:30:32,27.2,53.2,122.47117115384616,34.72222222222222,33.45061728395062
513,2020-05-02 13:30:53,2020-05-02 14:08:23,53.2,88.8,123.42933032927594,37.823008849557525,36.56637168141593
514,2020-05-03 00:40:48,2020-05-03 01:03:28,28.0,49.6,122.52829886831273,34.68613138686131,32.1021897810219
515,2020-05-03 01:03:49,2020-05-03 01:35:09,50.0,79.2,125.21119382610348,37.41798941798942,34.77248677248677
516,2020-05-03 01:35:30,2020-05-03 02:00:50,79.6,97.6,127.29398958333336,38.0,36.0
517,2020-05-03 05:38:08,2020-05-03 06:07:08,63.6,89.6,126.12927585470088,37.21714285714286,33.714285714285715
518,2020-05-03 17:13:40,2020-05-03 17:32:20,18.0,35.6,123.80366824494948,38.530973451327434,36.902654867256636
519,2020-05-03 17:32:41,2020-05-03 18:00:31,35.6,62.4,121.20647180762856,41.214285714285715,39.42261904761905
520,2020-05-03 18:00:52,2020-05-03 18:33:02,62.4,91.2,123.52576162229936,43.0,41.29896907216495
521,2020-05-04 01:53:12,2020-05-04 02:12:52,54.4,72.4,127.39582600308638,38.34453781512605,35.09243697478992
522,2020-05-04 02:13:13,2020-05-04 02:43:13,72.8,96.4,125.16065931026358,39.0,36.0
523,2020-05-04 13:54:19,2020-05-04 14:24:59,51.2,80.0,125.69976924189817,39.49189189189189,37.90810810810811
524,2020-05-04 17:40:04,2020-05-04 17:59:34,56.4,74.8,124.31234141002415,42.96610169491525,40.96610169491525
525,2020-05-04 17:59:55,2020-05-04 18:27:45,75.2,96.4,127.83281079664567,43.0,41.69642857142857
526,2020-05-05 15:25:15,2020-05-05 15:51:25,44.8,69.2,124.98634244080145,37.360759493670884,35.93037974683544
527,2020-05-05 15:51:46,2020-05-05 16:10:46,69.6,87.2,125.79861458333326,38.62608695652174,37.052173913043475
528,2020-05-05 21:30:42,2020-05-05 22:01:12,60.8,89.2,123.89427078442878,40.47826086956522,37.97282608695652
529,2020-05-06 01:11:38,2020-05-06 01:30:28,67.6,85.2,124.63699013573226,39.0,36.0
530,2020-05-06 01:30:49,2020-05-06 01:49:39,85.2,97.6,126.6599762544804,39.07017543859649,36.219298245614034
531,2020-05-06 19:19:36,2020-05-06 19:38:46,45.2,63.6,122.54907820048311,38.37068965517241,36.775862068965516
532,2020-05-06 19:39:07,2020-05-06 20:13:17,63.6,93.2,124.4810587931682,39.34466019417476,37.78155339805825
533,2020-05-07 04:12:06,2020-05-07 04:45:46,37.6,56.4,122.05892782210404,37.04433497536946,34.44827586206897
534,2020-05-07 04:46:07,2020-05-07 05:12:17,56.4,70.8,123.85799729938276,38.0,35.0
535,2020-05-07 05:12:38,2020-05-07 05:41:08,71.2,86.8,124.50674448005702,38.0,35.0
536,2020-05-07 05:41:29,2020-05-07 06:01:49,86.8,97.6,128.32430414094654,38.0,35.0
537,2020-05-07 19:31:19,2020-05-07 19:58:09,17.2,31.2,125.0178277579365,37.135802469135804,35.15432098765432
538,2020-05-07 19:58:30,2020-05-07 20:27:30,31.2,46.8,123.62176388888895,38.38857142857143,36.47428571428571
539,2020-05-07 20:27:51,2020-05-07 20:59:41,47.2,64.4,123.0732905361757,39.671875,37.786458333333336
540,2020-05-07 21:00:02,2020-05-07 21:31:22,64.8,81.6,124.01948197751327,40.0,38.0
541,2020-05-07 21:31:43,2020-05-07 21:57:33,81.6,95.2,126.28878410947704,40.0,38.0
542,2020-05-08 17:29:53,2020-05-08 17:51:53,24.4,35.6,127.59917499999996,37.34586466165413,35.21804511278196
543,2020-05-08 17:52:14,2020-05-08 18:25:34,36.0,54.0,123.14966064814811,38.56218905472637,36.472636815920396
544,2020-05-08 18:25:55,2020-05-08 18:58:45,54.0,72.0,121.30552561728396,39.91919191919192,37.0
545,2020-05-08 18:59:06,2020-05-08 19:30:16,72.0,88.4,126.37869478319776,40.0,37.0
546,2020-05-08 19:30:37,2020-05-08 19:47:57,88.8,97.6,130.99112941919196,40.0,37.0
547,2020-05-09 06:06:44,2020-05-09 06:25:24,86.8,97.6,128.20476427469143,34.07964601769911,33.0
548,2020-05-09 18:33:47,2020-05-09 18:59:07,8.8,32.8,123.92012951388891,38.19607843137255,36.66013071895425
549,2020-05-09 18:59:28,2020-05-09 19:47:06,33.2,78.4,123.74612037241887,41.44444444444444,39.576388888888886
550,2020-05-09 19:47:27,2020-05-09 20:10:17,78.4,95.6,125.21239074612411,43.0,41.0
551,2020-05-10 04:17:41,2020-05-10 04:53:31,37.2,70.8,124.04186317791009,38.90277777777778,35.9537037037037
552,2020-05-10 04:53:52,2020-05-10 05:23:42,71.2,94.8,126.61844609227879,40.75,37.83888888888889
553,2020-05-10 14:18:15,2020-05-10 14:37:35,38.0,56.0,123.7222401234568,38.26495726495727,34.914529914529915
554,2020-05-10 14:37:56,2020-05-10 15:08:56,56.4,84.8,125.74679049295779,39.919786096256686,36.27807486631016
555,2020-05-10 15:09:17,2020-05-10 15:28:57,85.2,97.6,127.66803718638002,40.142857142857146,36.36134453781513
556,2020-05-11 12:08:53,2020-05-11 12:38:03,19.6,47.2,123.5311164452496,34.30113636363637,32.69318181818182
557,2020-05-11 12:38:24,2020-05-11 13:10:14,47.6,77.6,123.97316518518527,37.385416666666664,35.994791666666664
558,2020-05-11 13:10:35,2020-05-11 13:37:15,78.0,97.6,124.3098190901361,38.6583850931677,37.0
559,2020-05-12 01:12:12,2020-05-12 01:40:32,24.4,39.2,127.38173216966962,31.57894736842105,28.625730994152047
560,2020-05-12 01:40:53,2020-05-12 02:08:13,39.6,54.4,122.93635519894896,33.28484848484848,30.496969696969696
561,2020-05-12 02:08:34,2020-05-12 02:37:14,54.8,70.4,122.33705564458681,34.225433526011564,31.890173410404625
562,2020-05-12 02:37:35,2020-05-12 03:11:55,70.4,88.8,124.25798739432375,35.0,32.08695652173913
563,2020-05-12 03:12:16,2020-05-12 03:29:06,88.8,97.6,127.37056534090914,35.0,32.94117647058823
564,2020-05-12 07:43:50,2020-05-12 08:07:50,72.0,92.0,126.41182277777779,33.62758620689655,30.786206896551725
565,2020-05-12 23:24:31,2020-05-12 23:45:11,14.0,33.6,123.77691624149658,35.216,33.136
566,2020-05-12 23:45:32,2020-05-13 00:12:02,33.6,59.2,121.48598811848959,37.70625,35.58125
567,2020-05-13 00:12:23,2020-05-13 00:44:13,59.6,88.8,126.16199310312024,40.046875,37.708333333333336
568,2020-05-13 14:10:33,2020-05-13 14:38:13,13.6,39.6,124.8151672008547,37.550898203592816,35.88622754491018
569,2020-05-13 14:38:34,2020-05-13 15:06:14,40.0,66.4,122.87826972853537,40.31736526946108,38.58083832335329
570,2020-05-13 15:19:57,2020-05-13 15:45:17,76.8,96.0,126.31222337962961,41.96078431372549,39.97385620915033
571,2020-05-14 00:05:47,2020-05-14 00:30:57,70.8,92.0,125.57719549266247,35.73026315789474,32.96052631578947
572,2020-05-14 07:32:37,2020-05-14 07:58:07,49.6,64.4,125.30030555555554,32.62987012987013,30.344155844155843
573,2020-05-14 07:58:28,2020-05-14 08:26:08,64.8,80.0,127.5904778874269,33.0,31.0
574,2020-05-14 08:26:29,2020-05-14 08:50:49,80.4,93.6,124.84324684343446,33.0,31.0
575,2020-05-14 20:43:57,2020-05-14 21:10:07,42.0,66.8,123.17541078629031,34.5253164556962,32.56962025316456
576,2020-05-15 04:56:16,2020-05-15 05:23:46,48.4,74.4,123.28793221153842,34.34939759036145,31.596385542168676
577,2020-05-15 05:24:07,2020-05-15 05:52:07,74.4,96.0,125.11832214506178,35.65680473372781,32.93491124260355
578,2020-05-15 13:02:32,2020-05-15 13:20:22,44.0,60.4,126.9114209857724,35.71296296296296,33.7037037037037
579,2020-05-15 13:20:43,2020-05-15 13:50:13,60.8,88.4,124.01469816827695,37.28089887640449,35.20786516853933
580,2020-05-16 09:52:03,2020-05-16 10:24:13,56.4,86.8,124.0506323099415,32.123711340206185,30.716494845360824
581,2020-05-16 10:24:34,2020-05-16 10:41:44,87.2,97.6,127.24361725427357,33.0,32.0
582,2020-05-16 18:57:31,2020-05-16 19:25:51,32.4,57.6,123.78418176807757,37.7953216374269,35.941520467836256
583,2020-05-16 19:26:12,2020-05-16 20:01:22,58.0,88.8,125.34994615800869,39.83490566037736,37.66981132075472
584,2020-05-17 04:56:39,2020-05-17 05:14:59,38.8,53.6,122.81814358108105,32.153153153153156,28.99099099099099
585,2020-05-17 05:15:20,2020-05-17 05:45:40,54.0,77.2,123.87513332136011,33.743169398907106,30.726775956284154
586,2020-05-17 05:46:01,2020-05-17 06:16:51,77.2,97.6,126.23572303921577,34.51075268817204,31.774193548387096
587,2020-05-17 18:39:43,2020-05-17 19:08:23,42.8,62.0,123.92366087962965,37.4393063583815,36.07514450867052
588,2020-05-17 19:08:44,2020-05-17 19:42:24,62.0,84.4,124.74707390873017,38.49261083743843,37.0
589,2020-05-17 19:42:45,2020-05-17 20:03:55,84.8,97.6,128.62635720486122,39.0,37.0
590,2020-05-18 04:43:41,2020-05-18 05:12:21,24.0,51.2,122.95189894812091,33.433526011560694,30.53757225433526
591,2020-05-18 05:12:42,2020-05-18 05:42:12,51.6,79.6,122.8997999007937,36.42134831460674,33.52247191011236
592,2020-05-18 05:42:33,2020-05-18 06:07:43,80.0,97.6,127.1859232954546,37.05921052631579,34.276315789473685
593,2020-05-18 15:08:12,2020-05-18 15:38:52,24.4,53.6,123.8717950913242,36.96756756756757,35.394594594594594
594,2020-05-18 15:39:13,2020-05-18 16:08:23,54.0,82.0,122.90231304563494,40.10795454545455,38.32386363636363
595,2020-05-19 09:34:57,2020-05-19 09:59:47,46.8,70.0,123.90146186542144,32.63333333333333,31.533333333333335
596,2020-05-19 10:00:08,2020-05-19 10:27:28,70.4,92.8,125.70562028769847,34.054545454545455,32.842424242424244
597,2020-05-19 20:10:31,2020-05-19 20:32:01,11.6,32.0,123.20262854030501,37.15384615384615,35.246153846153845
598,2020-05-19 20:32:22,2020-05-19 21:04:12,32.4,62.4,123.887045,39.625,37.53125
599,2020-05-19 21:04:33,2020-05-19 21:30:43,62.8,87.2,125.21574396630233,41.721518987341774,39.0
600,2020-05-19 21:31:04,2020-05-19 21:48:04,87.6,97.6,130.6277897222222,42.0,39.0
601,2020-05-20 18:02:19,2020-05-20 18:25:59,24.4,46.8,123.4784397321429,34.67832167832168,32.80419580419581
602,2020-05-20 18:26:20,2020-05-20 18:59:40,47.2,78.8,123.19445719057667,37.52238805970149,35.65174129353234
603,2020-05-20 19:00:01,2020-05-20 19:25:51,79.2,97.6,127.85704521437205,38.94871794871795,37.0
604,2020-05-21 01:57:05,2020-05-21 02:25:45,45.6,72.4,124.77560027985075,34.16763005780347,30.387283236994218
605,2020-05-21 02:26:06,2020-05-21 02:55:46,72.8,95.6,127.78874000974663,35.63687150837989,31.921787709497206
606,2020-05-21 17:10:03,2020-05-21 17:38:03,38.8,65.2,123.87575036826597,36.437869822485204,34.82248520710059
607,2020-05-21 17:38:24,2020-05-21 18:07:24,65.6,91.2,123.99143831380204,38.371428571428574,36.754285714285714
608,2020-05-22 06:28:47,2020-05-22 06:48:47,9.2,28.0,125.1632840573286,32.02479338842975,29.223140495867767
609,2020-05-22 06:49:08,2020-05-22 07:17:38,28.4,56.0,121.52930464975846,34.406976744186046,31.802325581395348
610,2020-05-22 07:17:59,2020-05-22 07:46:59,56.0,83.6,123.66799255233497,37.17142857142857,34.45142857142857
611,2020-05-22 07:47:20,2020-05-22 08:08:50,84.0,97.6,127.3355911968955,38.0,35.0
612,2020-05-22 12:45:28,2020-05-22 13:07:08,85.2,96.8,124.47559410919544,35.0,33.0
613,2020-05-22 22:38:15,2020-05-22 23:04:45,41.6,55.6,123.44639734126986,34.36875,32.3125
614,2020-05-22 23:05:06,2020-05-22 23:31:56,55.6,70.0,123.91779301697532,35.0,33.0
615,2020-05-22 23:32:17,2020-05-23 00:06:47,70.4,88.8,124.68445033212568,35.45192307692308,33.0
616,2020-05-23 00:07:08,2020-05-23 00:24:08,88.8,97.6,128.45009880050512,36.0,33.0
617,2020-05-23 04:37:26,2020-05-23 04:57:46,62.0,80.8,126.17245220153667,35.54471544715447,32.71544715447155
618,2020-05-23 04:58:07,2020-05-23 05:21:47,81.2,97.6,127.77694969512203,36.0,33.0
619,2020-05-23 17:47:22,2020-05-23 18:19:02,33.6,63.6,124.5384438888889,34.910994764397905,33.29319371727749
620,2020-05-23 18:19:23,2020-05-23 18:50:53,64.0,92.0,123.94891567460317,36.805263157894736,35.363157894736844
621,2020-05-23 22:01:30,2020-05-23 22:28:00,78.8,97.6,126.17686761229317,36.9125,34.075
622,2020-05-24 03:34:18,2020-05-24 04:00:18,59.6,84.0,124.48145548724956,34.031847133757964,31.496815286624205
623,2020-05-24 04:00:39,2020-05-24 04:21:09,84.0,97.6,125.94363991013076,35.0,32.0
624,2020-05-24 13:51:28,2020-05-24 14:16:18,31.6,55.2,122.63359939971753,33.79333333333334,32.42666666666667
625,2020-05-24 14:16:39,2020-05-24 14:47:09,55.6,84.4,123.22242775848767,36.26086956521739,34.75
626,2020-05-24 14:47:30,2020-05-24 15:08:00,84.4,97.6,126.88975157828293,37.0,35.314516129032256
627,2020-05-25 13:47:28,2020-05-25 14:15:38,22.0,48.4,124.34711852904043,34.28235294117647,32.6764705882353
628,2020-05-25 14:15:59,2020-05-25 14:42:19,48.8,74.0,121.74217609126985,37.3625,35.63125
629,2020-05-25 14:42:40,2020-05-25 15:13:50,74.4,97.6,126.31526358955945,38.452127659574465,36.87234042553192
630,2020-05-26 01:13:58,2020-05-26 01:31:18,39.2,55.6,123.50780360772357,33.95238095238095,31.0
631,2020-05-26 16:26:46,2020-05-26 16:50:26,26.4,48.8,123.5714471106151,37.34965034965035,35.67132867132867
632,2020-05-26 16:50:47,2020-05-26 17:21:37,49.2,78.4,123.41135464231357,40.134408602150536,38.45161290322581
633,2020-05-26 17:21:58,2020-05-26 17:48:18,78.8,97.6,127.56724046985819,41.0,39.471698113207545
634,2020-05-27 02:46:56,2020-05-27 03:59:47,36.8,94.0,123.89628193473192,36.074954296160875,32.91590493601463
635,2020-05-27 12:03:27,2020-05-27 13:11:30,46.8,97.6,125.3482719488189,34.09784735812133,31.610567514677104
636,2020-05-27 19:41:38,2020-05-27 20:37:48,56.0,97.6,126.17799205061435,35.56635071090047,33.41706161137441
637,2020-05-28 03:00:50,2020-05-28 03:29:39,58.4,85.2,125.40988219838307,35.729885057471265,33.229885057471265
638,2020-05-28 03:34:48,2020-05-28 03:52:38,87.6,97.6,124.35000944444442,36.0,34.0
639,2020-05-28 22:01:09,2020-05-28 22:32:39,11.6,41.2,125.11121185247747,35.22631578947368,33.43684210526316
640,2020-05-28 22:33:00,2020-05-28 23:04:20,41.6,71.6,122.79213662037039,38.455026455026456,36.60846560846561
641,2020-05-28 23:04:41,2020-05-28 23:32:51,72.0,94.8,124.67776139132556,40.0,38.0
642,2020-05-29 06:02:12,2020-05-29 06:28:32,38.0,57.6,123.15050949546485,36.39622641509434,32.729559748427675
643,2020-05-29 06:28:53,2020-05-29 06:56:53,57.6,78.4,123.4168020165598,37.94082840236686,34.0
644,2020-05-29 06:57:14,2020-05-29 07:26:14,78.4,97.6,126.51114272280101,38.0,34.89714285714286
645,2020-05-29 18:58:55,2020-05-29 19:27:25,57.2,84.0,124.37916397180764,35.86046511627907,33.24418604651163
646,2020-05-29 19:27:46,2020-05-29 19:48:46,84.0,97.6,126.1601536968955,37.0,34.0
647,2020-05-30 04:12:58,2020-05-30 05:48:29,23.6,97.6,124.07388088588588,36.26080892608089,33.758716875871684
648,2020-05-30 13:41:44,2020-05-30 14:10:24,41.6,68.8,124.0037952920752,36.421965317919074,34.47976878612717
649,2020-05-30 14:10:45,2020-05-30 14:43:35,69.2,95.6,125.63185169402362,38.494949494949495,36.63636363636363
650,2020-05-30 23:39:01,2020-05-30 23:59:41,52.0,64.4,125.2789256272401,33.816,31.144
651,2020-05-31 00:00:02,2020-05-31 00:39:42,64.8,88.4,126.33948187382296,34.13807531380753,32.0
652,2020-05-31 21:01:13,2020-05-31 21:55:43,20.8,50.0,122.66645236063545,29.320121951219512,28.079268292682926
653,2020-05-31 21:56:04,2020-05-31 22:40:14,50.0,74.4,120.4701526639344,31.82330827067669,30.515037593984964
654,2020-05-31 22:40:35,2020-05-31 23:20:25,74.8,95.6,127.46926402243592,32.65416666666667,31.0
655,2020-06-01 07:31:30,2020-06-01 07:58:10,39.2,58.8,125.04466532029485,33.422360248447205,31.111801242236027
656,2020-06-01 07:58:31,2020-06-01 08:27:51,59.2,80.8,124.75760841049389,34.97175141242938,32.706214689265536
657,2020-06-01 08:28:12,2020-06-01 08:54:02,81.2,97.6,128.54846451558274,35.743589743589745,33.15384615384615
658,2020-06-02 01:05:36,2020-06-02 01:37:06,50.4,80.0,124.43320101351354,35.136842105263156,32.68421052631579
659,2020-06-02 01:37:27,2020-06-02 01:58:37,80.4,95.6,126.82201882309954,36.0,33.8984375
660,2020-06-02 11:40:39,2020-06-02 12:01:19,26.8,39.2,125.60935170250896,32.568,30.384
661,2020-06-02 12:01:40,2020-06-02 12:29:40,39.6,56.8,122.64214664082694,34.112426035502956,32.071005917159766
662,2020-06-02 12:30:01,2020-06-02 13:01:21,57.2,76.4,123.00929340277777,35.0,33.0
663,2020-06-02 13:01:42,2020-06-02 13:29:12,76.4,92.8,126.39824026084018,35.30120481927711,33.295180722891565
664,2020-06-02 18:56:00,2020-06-02 19:13:30,64.0,80.8,123.38790906084658,34.198113207547166,31.42452830188679
665,2020-06-02 19:13:51,2020-06-02 19:38:51,80.8,97.6,126.25000553902119,35.0,32.0
666,2020-06-03 02:30:04,2020-06-03 03:37:53,37.6,89.6,124.29848983173079,34.358823529411765,31.858823529411765
667,2020-06-03 12:07:09,2020-06-03 12:36:39,49.6,77.2,124.91799214975848,35.47191011235955,33.62921348314607
668,2020-06-03 12:37:00,2020-06-03 13:04:40,77.6,97.6,127.51807861111111,36.89820359281437,34.958083832335326
669,2020-06-03 20:17:52,2020-06-03 20:47:02,50.0,77.6,123.29861569041873,34.8125,32.31818181818182
670,2020-06-03 20:47:23,2020-06-03 21:15:43,77.6,97.6,126.45139562499999,36.0,33.46783625730994
671,2020-06-04 02:21:43,2020-06-04 02:40:43,55.6,73.6,123.57718580246922,35.0,32.34782608695652
672,2020-06-04 02:41:04,2020-06-04 03:11:04,74.0,96.8,126.38647831384017,36.0,33.15469613259668
673,2020-06-04 09:02:50,2020-06-04 09:34:10,61.6,72.4,126.15230658436212,34.26984126984127,32.0
674,2020-06-04 09:34:31,2020-06-04 10:03:41,72.8,82.8,126.85004611111117,34.0,32.71590909090909
675,2020-06-04 10:04:02,2020-06-04 10:37:22,82.8,94.4,125.00004789272026,34.024875621890544,33.0
676,2020-06-04 18:21:10,2020-06-04 18:54:10,42.4,75.6,123.76507881526106,39.346733668341706,37.81909547738694
677,2020-06-04 18:54:31,2020-06-04 19:16:31,76.0,94.0,126.19910177469139,41.0,39.609022556390975
678,2020-06-05 14:41:53,2020-06-05 15:08:43,30.0,55.6,123.3626476779514,38.43827160493827,36.96296296296296
679,2020-06-05 15:09:04,2020-06-05 15:34:24,56.0,80.0,124.28416111111113,41.01307189542484,39.62091503267974
680,2020-06-06 00:08:50,2020-06-06 00:37:20,52.4,69.2,123.96413930224864,34.61046511627907,31.767441860465116
681,2020-06-06 00:37:41,2020-06-06 01:00:31,69.2,82.4,122.01600978535352,35.0,32.0
682,2020-06-06 15:24:25,2020-06-06 15:52:34,18.8,28.4,127.31312760416674,31.099415204678362,29.099415204678362
683,2020-06-06 15:52:55,2020-06-06 16:28:05,28.8,41.2,123.3669827508961,32.235849056603776,30.11320754716981
684,2020-06-06 16:28:26,2020-06-06 16:56:46,41.2,51.6,118.50966079059835,33.21637426900585,31.005847953216374
685,2020-06-06 16:57:07,2020-06-06 17:24:17,51.6,61.6,118.17504527777783,34.0,31.99390243902439
686,2020-06-06 17:24:38,2020-06-06 17:58:18,61.6,74.0,118.10488396057353,34.0,32.0
687,2020-06-06 17:58:59,2020-06-06 18:22:29,74.0,82.4,121.69647519841267,34.0,32.0
688,2020-06-06 18:22:50,2020-06-06 18:55:00,82.4,93.2,129.56023482510295,34.0,31.2319587628866
689,2020-06-07 04:25:24,2020-06-07 04:46:51,22.0,37.6,126.36460482549856,31.18320610687023,28.893129770992367
690,2020-06-07 04:47:12,2020-06-07 05:14:42,38.0,58.8,121.47370886752135,33.43975903614458,31.180722891566266
691,2020-06-07 05:15:03,2020-06-07 05:46:03,59.2,82.4,122.78677729885055,35.1764705882353,32.93582887700535
692,2020-06-07 05:46:24,2020-06-07 06:06:04,82.4,95.6,122.84408101851862,36.0,33.714285714285715
693,2020-06-07 18:34:50,2020-06-07 19:03:20,34.0,55.2,123.32417072851152,32.69767441860465,31.052325581395348
694,2020-06-07 19:03:41,2020-06-07 19:34:41,55.6,78.8,122.56346551724138,34.775401069518715,32.9572192513369
695,2020-06-07 19:35:02,2020-06-07 20:03:22,78.8,97.6,125.92051861702129,35.70175438596491,33.83625730994152
696,2020-06-08 11:10:15,2020-06-08 11:39:35,66.4,87.6,125.74096508123698,31.028248587570623,29.429378531073446
697,2020-06-08 11:39:56,2020-06-08 11:57:16,87.6,97.6,125.84583944444445,32.0,30.0
698,2020-06-08 18:56:56,2020-06-08 19:37:38,54.0,86.8,124.3844142615176,33.088235294117645,31.326797385620914
699,2020-06-09 10:34:15,2020-06-09 12:00:10,26.0,94.0,123.38485572099674,34.23875968992248,32.989147286821705
700,2020-06-09 17:17:27,2020-06-09 17:44:21,71.2,93.2,126.31125328282829,35.38036809815951,33.38650306748466
701,2020-06-10 17:11:42,2020-06-10 17:43:59,38.0,58.0,121.33919356944448,33.58461538461538,31.646153846153847
702,2020-06-10 17:44:20,2020-06-10 18:15:50,58.0,77.2,123.32033984374999,35.0,33.09473684210526
703,2020-06-10 18:16:11,2020-06-10 18:43:41,77.6,94.0,126.0416946138211,35.71084337349398,34.0
704,2020-06-11 01:07:22,2020-06-11 01:27:42,45.2,64.8,122.88124645691613,36.235772357723576,33.78048780487805
705,2020-06-11 01:28:03,2020-06-11 01:57:43,64.8,91.2,124.13616719276095,37.41340782122905,35.100558659217874
706,2020-06-11 19:51:03,2020-06-11 20:19:13,25.6,52.0,123.19447401094278,39.294117647058826,37.9
707,2020-06-11 20:19:34,2020-06-11 20:43:24,52.4,74.8,122.79764471726196,41.8125,40.138888888888886
708,2020-06-11 20:43:45,2020-06-11 21:07:45,75.2,94.0,125.45585010342795,42.91034482758621,41.0
709,2020-06-12 22:16:39,2020-06-12 22:50:31,28.8,61.2,122.90252893518516,37.64390243902439,36.11707317073171
710,2020-06-12 22:50:52,2020-06-12 23:19:32,61.6,88.4,123.63600114013266,39.95375722543353,38.42774566473989
711,2020-06-13 19:08:48,2020-06-13 19:41:18,33.6,64.4,123.77208996212119,38.37244897959184,36.66326530612245
712,2020-06-13 19:41:39,2020-06-13 20:12:09,64.8,91.6,124.80513204809287,40.48913043478261,38.733695652173914
713,2020-06-14 22:35:20,2020-06-14 23:08:20,30.4,62.0,121.57130006153307,33.64824120603015,31.974874371859297
714,2020-06-14 23:08:41,2020-06-14 23:39:11,62.4,90.0,122.79538189412239,36.391304347826086,34.40760869565217
715,2020-06-15 05:14:50,2020-06-15 05:38:40,68.0,89.6,126.33102417695478,34.020833333333336,31.36111111111111
716,2020-06-15 14:07:17,2020-06-15 14:33:17,22.4,48.4,123.47650657051284,35.089171974522294,32.4140127388535
717,2020-06-15 22:45:01,2020-06-15 23:02:21,28.4,33.6,124.3188701923076,35.857142857142854,33.0
718,2020-06-15 23:02:42,2020-06-15 23:33:32,33.6,43.2,119.97101765046294,36.0,33.0
719,2020-06-15 23:33:53,2020-06-16 00:04:53,43.2,52.8,120.65823191550933,36.0,33.401069518716575
720,2020-06-16 00:05:14,2020-06-16 00:35:34,53.2,62.4,123.24271376811599,36.0,34.0
721,2020-06-16 00:35:55,2020-06-16 01:05:35,62.4,71.6,120.44379257246378,36.0,33.71508379888268
722,2020-06-16 01:05:56,2020-06-16 01:37:16,71.6,81.2,121.8691603009258,36.0,33.0
723,2020-06-16 01:37:37,2020-06-16 02:12:07,81.2,91.2,129.06524680555555,35.22596153846154,33.0
724,2020-06-16 02:12:28,2020-06-16 02:34:38,91.2,97.6,129.61151801215294,35.0,33.0
725,2020-06-16 14:49:25,2020-06-16 18:54:55,23.6,91.2,122.52018932651217,35.5171102661597,33.48506246605106
726,2020-06-17 07:15:19,2020-06-17 08:28:42,44.8,97.6,125.81346036668772,33.528130671506354,32.00362976406534
727,2020-06-17 19:29:53,2020-06-17 19:57:43,21.6,48.4,123.12916184701494,35.160714285714285,32.875
728,2020-06-17 19:58:04,2020-06-17 20:28:54,48.4,78.4,121.857424537037,38.295698924731184,36.026881720430104
729,2020-06-17 20:29:15,2020-06-17 20:55:05,78.8,97.6,127.16313201832152,39.0,37.0
730,2020-06-18 19:27:17,2020-06-18 19:45:37,20.4,37.6,124.65441069121451,37.288288288288285,35.95495495495496
731,2020-06-18 19:45:58,2020-06-18 20:13:38,38.0,64.4,122.52053503787876,39.952095808383234,38.604790419161674
732,2020-06-18 20:13:59,2020-06-18 20:41:39,64.8,90.0,123.23745083774249,41.880239520958085,40.17365269461078
733,2020-06-19 13:50:29,2020-06-19 14:13:59,27.2,44.4,125.40699273255815,37.49295774647887,36.13380281690141
734,2020-06-19 14:14:20,2020-06-19 14:40:40,44.8,64.4,123.2624821428571,39.534591194968556,38.333333333333336
735,2020-06-19 14:41:01,2020-06-19 15:07:11,64.8,84.0,125.05064829282406,40.5,39.0
736,2020-06-19 15:07:32,2020-06-19 15:28:32,84.4,97.6,128.13763489057249,41.0,39.93700787401575
737,2020-06-19 23:04:57,2020-06-19 23:27:47,47.2,55.2,123.97747812500002,39.0,37.0
738,2020-06-19 23:28:08,2020-06-19 23:53:38,55.2,64.4,120.57069836956522,39.0,37.0
739,2020-06-19 23:53:59,2020-06-20 00:21:29,64.4,74.0,124.60942274305566,39.0,37.0
740,2020-06-20 00:21:50,2020-06-20 00:54:00,74.0,85.2,124.93308358134922,39.0,37.0
741,2020-06-20 00:54:21,2020-06-20 01:15:51,85.2,92.8,123.0592576754387,39.0,36.09230769230769
742,2020-06-20 08:02:14,2020-06-20 08:23:24,33.2,47.6,122.55305391589508,36.3671875,34.0859375
743,2020-06-20 08:23:45,2020-06-20 08:53:55,47.6,68.0,123.2298474945534,38.0989010989011,35.80769230769231
744,2020-06-20 08:54:16,2020-06-20 09:25:06,68.4,88.8,125.95452083333339,39.0,37.0
745,2020-06-20 15:22:38,2020-06-20 15:45:18,47.2,68.8,124.44703170010294,41.956204379562045,40.14598540145985
746,2020-06-20 15:45:39,2020-06-20 16:02:59,69.2,85.6,125.45225660569113,43.0,41.02857142857143
747,2020-06-21 00:36:06,2020-06-21 00:55:06,10.8,25.2,121.19022125771608,39.54782608695652,36.34782608695652
748,2020-06-21 01:06:12,2020-06-21 01:32:22,31.6,51.2,122.51843792517005,41.075949367088604,37.936708860759495
749,2020-06-21 01:41:00,2020-06-21 02:11:30,57.6,80.4,122.75647033382064,43.0,39.505434782608695
750,2020-07-01 13:33:13,2020-07-01 13:51:33,12.8,30.0,124.41699596253231,39.22522522522522,37.16216216216216
751,2020-07-01 13:51:54,2020-07-01 14:20:54,30.0,57.6,122.59762610708533,41.64,39.57714285714286
752,2020-07-01 14:21:15,2020-07-01 14:51:45,58.0,86.4,124.12216427034429,43.96195652173913,41.96195652173913
753,2020-07-01 14:52:06,2020-07-01 15:09:36,86.8,97.6,129.02520036008235,44.132075471698116,42.075471698113205
754,2020-07-02 01:47:16,2020-07-02 02:13:36,38.4,63.2,123.94769970878134,39.672955974842765,36.9685534591195
755,2020-07-02 02:13:57,2020-07-02 02:37:37,63.6,86.0,123.31411830357143,41.37062937062937,38.68531468531469
756,2020-07-02 09:18:49,2020-07-02 09:52:59,42.0,62.4,124.21842810457517,36.65533980582524,33.57281553398058
757,2020-07-02 10:22:31,2020-07-02 10:49:21,74.8,89.6,125.06195720720723,37.0,34.0
758,2020-07-02 16:49:03,2020-07-02 17:09:23,40.0,50.8,122.15918796296302,39.0,37.0
759,2020-07-02 17:09:44,2020-07-02 17:38:34,51.2,66.8,122.93533484686614,39.747126436781606,37.0
760,2020-07-02 17:38:55,2020-07-02 18:09:55,66.8,83.6,122.73145304232807,40.0,37.0
761,2020-07-02 18:10:16,2020-07-02 18:36:56,83.6,97.6,126.68548601190473,40.0,37.0
762,2020-07-03 02:53:50,2020-07-03 03:20:30,30.4,44.8,123.45679012345681,36.88819875776397,34.192546583850934
763,2020-07-03 03:20:51,2020-07-03 03:53:01,44.8,62.8,119.1358024691358,37.98969072164948,35.38659793814433
764,2020-07-03 03:53:22,2020-07-03 04:23:52,63.2,79.6,123.98373983739843,38.0,35.21739130434783
765,2020-07-03 04:24:13,2020-07-03 04:55:33,80.0,96.4,127.37127371273709,38.0,35.0
766,2020-07-03 18:41:48,2020-07-03 19:01:28,11.2,29.6,126.03187650966183,34.21848739495798,31.974789915966387
767,2020-07-03 19:01:49,2020-07-03 19:35:39,30.0,62.4,123.24633954903983,36.970588235294116,34.51960784313726
768,2020-07-03 19:36:00,2020-07-03 19:59:40,62.8,85.6,122.55422934941524,39.20979020979021,36.7972027972028
769,2020-07-03 20:00:01,2020-07-03 20:19:01,85.6,97.6,126.4583474537037,40.0,37.0
770,2020-07-04 19:17:55,2020-07-04 19:40:15,11.2,32.8,120.96516827417699,33.05925925925926,31.348148148148148
771,2020-07-04 19:40:36,2020-07-04 20:12:56,33.2,64.0,122.6812910353536,35.687179487179485,34.35897435897436
772,2020-07-04 20:13:17,2020-07-04 20:38:27,64.4,88.0,124.608652306968,37.96052631578947,36.28947368421053
773,2020-07-04 23:33:00,2020-07-04 23:50:10,72.8,88.8,124.36199678819446,37.47115384615385,35.0
774,2020-07-05 16:20:10,2020-07-05 16:43:40,14.0,36.0,124.67424772727271,38.53521126760563,37.225352112676056
775,2020-07-05 16:44:01,2020-07-05 17:15:41,36.4,66.4,123.12777574074072,41.43455497382199,39.98429319371728
776,2020-07-05 17:16:02,2020-07-05 17:37:52,66.8,87.2,124.84000306372548,43.15151515151515,41.77272727272727
777,2020-07-05 23:42:54,2020-07-06 00:03:54,40.4,53.2,123.59376074218748,37.968503937007874,35.330708661417326
778,2020-07-06 00:04:15,2020-07-06 00:32:05,53.6,70.0,124.06760086382118,39.0,36.0
779,2020-07-06 00:32:26,2020-07-06 01:03:16,70.0,87.6,123.01611040088385,39.0,36.81720430107527
780,2020-07-06 05:46:26,2020-07-06 06:08:46,62.4,83.2,125.51283827457263,37.0,34.0
781,2020-07-06 14:04:24,2020-07-06 14:59:15,32.4,76.8,123.42233408721222,40.79661016949152,38.69249394673123
782,2020-07-06 18:33:02,2020-07-06 19:01:32,55.2,65.2,123.44027180555554,42.0,40.0
783,2020-07-06 19:01:53,2020-07-06 19:28:13,65.2,74.4,123.95681597222217,42.0,40.0
784,2020-07-06 23:58:15,2020-07-07 00:25:25,68.4,92.0,125.60264983521662,40.26829268292683,37.69512195121951
785,2020-07-07 06:18:15,2020-07-07 06:36:25,60.4,77.6,124.9184398417313,36.75454545454546,33.8
786,2020-07-07 06:36:46,2020-07-07 07:04:56,78.0,97.6,126.84525666099779,37.0,34.13529411764706
787,2020-07-07 17:30:57,2020-07-07 18:01:16,34.4,63.2,123.39159875578704,41.80874316939891,39.53005464480874
788,2020-07-07 18:01:37,2020-07-07 18:30:47,63.6,90.0,124.69643771043768,43.80681818181818,41.625
789,2020-07-08 01:27:32,2020-07-08 01:44:52,29.6,46.0,123.19191454945802,39.13333333333333,36.114285714285714
790,2020-07-08 01:45:13,2020-07-08 02:16:33,46.0,75.6,123.39809609609611,41.24338624338624,38.26984126984127
791,2020-07-08 11:15:48,2020-07-08 11:33:58,20.8,37.6,124.7090127314815,38.57272727272727,36.445454545454545
792,2020-07-08 11:34:19,2020-07-08 12:03:49,38.0,65.6,123.25535195249604,41.325842696629216,39.07303370786517
793,2020-07-08 12:04:10,2020-07-08 12:36:50,66.0,93.2,126.12747150735295,43.16751269035533,40.90355329949239
794,2020-07-08 17:30:28,2020-07-08 17:50:38,53.2,72.4,124.36922952835646,44.25409836065574,41.74590163934426
795,2020-07-08 17:50:59,2020-07-08 18:13:49,72.8,90.8,124.8156098765432,45.0,42.82608695652174
796,2020-07-09 06:25:28,2020-07-09 06:48:28,16.0,38.0,121.90908484848484,35.827338129496404,33.805755395683455
797,2020-07-09 06:48:49,2020-07-09 07:15:29,38.0,63.6,121.50607421874999,38.72049689440994,36.77639751552795
798,2020-07-09 07:15:50,2020-07-09 07:43:10,64.0,89.2,123.9610926477072,40.7030303030303,38.63030303030303
799,2020-07-09 13:55:59,2020-07-09 14:25:59,48.8,77.2,125.37414456181534,40.90055248618785,39.16574585635359
800,2020-07-09 14:26:20,2020-07-09 14:55:20,77.6,97.6,127.52570368055554,42.0,40.0
801,2020-07-09 23:12:58,2020-07-10 01:00:22,15.6,97.6,124.64962236449865,43.497518610421835,40.521091811414394
802,2020-07-10 14:39:07,2020-07-10 15:07:18,32.4,59.2,124.06284237147598,39.3859649122807,37.994152046783626
803,2020-07-10 15:07:39,2020-07-10 15:36:19,59.6,86.8,124.27749719158503,41.8150289017341,40.39306358381503
804,2020-07-10 15:36:40,2020-07-10 15:54:00,86.8,97.6,126.62937937242799,42.39047619047619,41.0
805,2020-07-11 02:06:17,2020-07-11 02:36:07,16.8,45.2,124.06934746674492,38.977777777777774,36.40555555555556
806,2020-07-11 02:36:28,2020-07-11 03:05:58,45.2,74.0,120.98090306712965,42.264044943820224,39.49438202247191
807,2020-07-11 03:06:19,2020-07-11 03:25:49,74.0,90.8,124.030255952381,43.24576271186441,40.83898305084746
808,2020-07-11 14:06:38,2020-07-11 15:19:29,30.4,89.2,123.52155426587301,41.27605118829982,39.714808043875685
809,2020-07-11 20:28:03,2020-07-11 20:59:33,54.4,84.0,124.89958014264262,42.14736842105263,39.43157894736842
810,2020-07-11 20:59:54,2020-07-11 21:18:54,84.4,97.2,125.8876098090278,43.0,40.0
811,2020-07-13 17:04:24,2020-07-13 18:06:11,21.6,79.6,124.21333921695405,40.741379310344826,39.10129310344828
812,2020-07-14 01:41:18,2020-07-14 02:09:08,36.8,63.2,123.13448295454543,41.42261904761905,39.089285714285715
813,2020-07-14 02:09:29,2020-07-14 02:39:09,63.6,90.4,123.87542765339965,43.09497206703911,40.93854748603352
814,2020-07-14 12:27:17,2020-07-14 12:57:27,51.2,80.0,123.13031023341053,43.032967032967036,41.28021978021978
815,2020-07-14 20:21:34,2020-07-14 20:47:34,41.6,66.4,122.67306597222223,42.98089171974522,41.01910828025478
816,2020-07-14 21:05:18,2020-07-14 21:29:26,82.8,97.6,126.61010468280784,45.0,43.0
817,2020-07-15 02:10:20,2020-07-15 02:37:10,64.8,89.6,123.16813911290328,42.76543209876543,39.74691358024691
818,2020-07-15 11:10:19,2020-07-15 11:34:09,9.6,24.4,123.31833239489491,38.229166666666664,37.0
819,2020-07-15 11:34:30,2020-07-15 12:03:20,24.4,42.0,123.38701696654037,39.333333333333336,38.06896551724138
820,2020-07-15 12:03:41,2020-07-15 12:33:11,42.4,60.4,120.20603603395061,41.2247191011236,39.67977528089887
821,2020-07-15 12:33:32,2020-07-15 12:59:32,60.4,75.6,120.64786330409359,42.0,40.904458598726116
822,2020-07-15 12:59:53,2020-07-15 13:25:43,75.6,89.6,125.76688442460318,42.3974358974359,41.0
823,2020-07-15 17:59:04,2020-07-15 18:23:34,50.4,72.8,125.34599689980159,44.527027027027025,42.891891891891895
824,2020-07-15 18:23:55,2020-07-15 18:54:55,73.2,95.6,124.53189198908734,45.0,43.86096256684492
825,2020-07-16 00:51:56,2020-07-16 01:16:46,38.4,51.6,122.48209520202016,43.0,39.25333333333333
826,2020-07-16 01:17:07,2020-07-16 01:43:47,51.6,66.0,122.96491608796299,43.701863354037265,40.0
827,2020-07-16 01:44:08,2020-07-16 02:43:22,66.4,97.6,126.05584942129633,43.0,39.18487394957983
828,2020-07-16 07:43:10,2020-07-16 08:11:20,56.8,83.6,124.02780970149259,40.66470588235294,37.53529411764706
829,2020-07-16 08:11:41,2020-07-16 08:32:51,84.0,97.6,127.02104564950984,41.0,38.0
830,2020-07-16 20:40:16,2020-07-16 21:05:36,16.8,41.2,122.48978494990897,41.68627450980392,39.87581699346405
831,2020-07-16 21:05:57,2020-07-16 21:38:17,41.2,72.0,121.26488510101012,44.733333333333334,42.55897435897436
832,2020-07-16 21:38:38,2020-07-16 22:07:58,72.4,94.0,126.6943229809671,46.0,43.92655367231639
833,2020-07-17 09:14:47,2020-07-17 09:44:07,73.6,96.4,125.98805098684205,35.76271186440678,33.666666666666664
834,2020-07-18 07:06:42,2020-07-18 07:34:32,33.6,51.2,119.13512736742425,35.226190476190474,33.839285714285715
835,2020-07-18 07:34:53,2020-07-18 08:04:03,51.2,69.6,119.41427762681165,36.91477272727273,35.69886363636363
836,2020-07-18 08:04:24,2020-07-18 08:33:04,69.6,87.2,122.7020473484848,37.947976878612714,36.2485549132948
837,2020-07-18 08:33:25,2020-07-18 08:51:55,87.6,97.6,131.26248638888882,38.0,37.0
838,2020-07-18 17:44:59,2020-07-18 18:18:59,30.4,62.8,122.02846420610427,42.98048780487805,41.59512195121951
839,2020-07-18 18:19:20,2020-07-18 18:47:00,63.2,87.2,123.21992696759258,45.08383233532934,43.7185628742515
840,2020-07-18 18:47:21,2020-07-18 19:05:11,87.2,97.6,127.58282692307705,45.398148148148145,44.0
841,2020-07-19 11:43:26,2020-07-19 12:02:23,87.6,97.6,124.52348931944444,36.0,35.0
842,2020-07-19 20:03:28,2020-07-19 20:34:18,28.8,58.4,121.60520669106607,40.52150537634409,38.903225806451616
843,2020-07-19 20:34:39,2020-07-19 20:55:09,58.8,78.0,124.58333506944443,42.846774193548384,41.0
844,2020-07-19 20:56:50,2020-07-19 21:14:20,77.6,91.6,125.45536498015875,43.009433962264154,41.367924528301884
845,2020-07-20 04:09:09,2020-07-20 05:33:44,32.0,97.6,123.27562728446817,40.78897637795276,37.53385826771653
846,2020-07-20 11:54:08,2020-07-20 12:44:42,47.2,88.0,124.09982090141611,40.64736842105263,38.113157894736844
847,2020-07-20 19:24:16,2020-07-20 19:40:56,30.8,40.8,124.72636152777783,41.07920792079208,39.15841584158416
848,2020-07-20 19:41:17,2020-07-20 20:03:17,41.2,54.4,124.72219444444445,42.34586466165413,40.421052631578945
849,2020-07-20 20:15:48,2020-07-20 20:47:28,58.8,78.0,123.42300491898146,43.18324607329843,41.94240837696335
850,2020-07-20 20:47:49,2020-07-20 21:15:59,78.0,94.8,125.18930919312172,44.0,41.53529411764706
851,2020-07-21 04:29:36,2020-07-21 04:59:36,36.0,54.4,122.28260869565217,38.47802197802198,35.489010989010985
852,2020-07-21 04:59:57,2020-07-21 05:28:37,54.8,72.4,122.19223816287874,39.89017341040462,36.994219653179194
853,2020-07-21 05:28:58,2020-07-21 05:54:58,72.8,88.4,125.05787615740735,40.0,37.0
854,2020-07-21 15:22:56,2020-07-21 15:57:06,42.0,74.4,122.70619980281208,39.11165048543689,36.55339805825243
855,2020-07-21 23:01:45,2020-07-21 23:23:55,40.0,52.0,123.5359104166667,38.23134328358209,36.14179104477612
856,2020-07-21 23:24:16,2020-07-21 23:52:16,52.4,67.6,123.24747222222227,39.0,37.0
857,2020-07-21 23:52:37,2020-07-22 00:25:37,67.6,85.6,122.69061697530863,39.84924623115578,37.0
858,2020-07-22 15:43:07,2020-07-22 16:08:57,27.6,52.4,122.29166409050181,39.43589743589744,37.02564102564103
859,2020-07-22 16:09:18,2020-07-22 16:40:08,52.8,82.0,124.11482539003045,42.306451612903224,40.05913978494624
860,2020-07-22 18:00:43,2020-07-22 18:28:23,78.0,95.6,125.23280650252534,42.0,40.0
861,2020-07-23 02:57:58,2020-07-23 03:27:30,36.0,54.0,123.60481152777778,37.54189944134078,34.770949720670394
862,2020-07-23 03:27:51,2020-07-23 03:46:37,54.0,65.6,121.87550589080472,38.973684210526315,36.0
863,2020-07-23 03:46:58,2020-07-23 04:17:08,66.0,84.4,123.5084814311594,39.0,36.527472527472526
864,2020-07-23 04:17:29,2020-07-23 04:39:39,84.4,97.6,126.0300888047139,39.12686567164179,37.0
865,2020-07-24 12:57:29,2020-07-24 13:29:09,44.8,74.8,123.48659111111111,39.58115183246073,37.6282722513089
866,2020-07-24 16:48:36,2020-07-24 17:13:06,56.4,79.6,123.278263829023,43.979729729729726,41.91891891891892
867,2020-07-24 17:13:27,2020-07-24 17:38:27,80.0,97.6,127.05099053030308,44.0,42.0
868,2020-07-25 14:31:00,2020-07-25 14:53:40,17.2,38.4,123.84040814989518,41.7007299270073,39.52554744525548
869,2020-07-25 14:54:01,2020-07-25 15:27:41,38.8,70.0,122.19418932514246,45.004926108374384,43.06896551724138
870,2020-07-25 15:28:02,2020-07-25 15:47:02,70.4,86.4,125.6172109375,46.834782608695654,45.0
871,2020-07-25 23:59:46,2020-07-26 00:30:56,10.4,40.0,122.24005363175678,43.88297872340426,41.20744680851064
872,2020-07-26 00:31:17,2020-07-26 01:08:27,40.4,74.4,123.23898786764707,46.455357142857146,43.64732142857143
873,2020-07-26 01:08:48,2020-07-26 01:26:28,74.8,88.4,127.85847446895417,47.981308411214954,45.0
874,2020-07-26 03:50:51,2020-07-26 04:19:01,62.4,79.6,123.10564752906983,45.0,40.976470588235294
875,2020-07-26 04:19:22,2020-07-26 04:46:22,79.6,96.0,123.26986051829265,45.0,41.0
876,2020-07-26 18:56:18,2020-07-26 19:20:58,2.8,19.6,122.84642022156085,44.80536912751678,42.89261744966443
877,2020-07-26 19:58:01,2020-07-26 20:28:41,38.4,59.2,123.35472542735044,46.535135135135135,44.05945945945946
878,2020-07-26 20:29:02,2020-07-26 20:56:12,59.6,78.0,123.52961397946862,47.98170731707317,45.0
879,2020-07-26 20:56:33,2020-07-26 21:25:33,78.0,96.0,126.49459429012346,48.0,44.754285714285714
880,2020-07-27 00:45:31,2020-07-27 01:04:11,82.8,96.0,123.01347632575754,44.05309734513274,41.0
881,2020-07-27 05:00:39,2020-07-27 05:17:59,43.6,60.0,123.32402828590787,42.05714285714286,38.21904761904762
882,2020-07-27 05:18:20,2020-07-27 05:49:10,60.4,88.8,124.56183392018782,43.0,39.0
883,2020-07-27 08:50:23,2020-07-27 09:17:52,77.6,97.6,124.93209623611111,40.40096618357488,37.091787439613526
884,2020-07-27 16:58:55,2020-07-27 17:25:45,45.6,70.4,123.85977531362005,44.43827160493827,42.50617283950617
885,2020-07-27 17:26:06,2020-07-27 17:47:06,70.8,88.0,124.82479312015509,45.59055118110236,43.71653543307087
886,2020-07-28 04:52:46,2020-07-28 05:19:56,21.6,38.4,125.06781498015873,37.49390243902439,35.323170731707314
887,2020-07-28 05:20:17,2020-07-28 05:48:27,38.8,56.4,121.09534351325757,39.26470588235294,36.77647058823529
888,2020-07-28 05:48:48,2020-07-28 06:21:55,56.8,76.4,122.32073455215414,40.0,38.0
889,2020-07-28 06:22:16,2020-07-28 07:00:44,76.8,97.6,127.734261965812,40.0,38.0
890,2020-07-28 15:11:57,2020-07-28 15:30:17,21.2,38.8,121.84108585858593,41.990990990990994,40.21621621621622
891,2020-07-28 15:30:38,2020-07-28 15:59:28,38.8,66.4,120.24961116143315,44.21264367816092,42.798850574712645
892,2020-07-28 15:59:49,2020-07-28 16:30:49,66.4,91.2,124.0681190636201,45.87700534759358,44.00534759358289
893,2020-07-29 15:26:00,2020-07-29 16:34:59,17.6,83.2,122.80501360941736,41.48262548262548,39.96718146718147
894,2020-07-29 23:50:12,2020-07-30 00:06:52,34.0,49.6,124.87537348646727,38.524752475247524,35.81188118811881
895,2020-07-30 00:07:13,2020-07-30 00:39:13,50.0,80.4,122.9856689967105,40.73575129533679,38.07772020725388
896,2020-07-30 00:39:34,2020-07-30 01:03:04,80.8,97.2,126.81743987127368,42.0,39.0
897,2020-07-30 04:15:41,2020-07-30 04:42:21,59.2,84.4,123.45017570546737,42.0,38.54037267080745
898,2020-07-30 04:42:45,2020-07-30 05:00:35,84.8,96.8,124.92825729166665,42.0,39.0
899,2020-07-30 15:05:07,2020-07-30 15:35:27,38.8,48.4,118.48958333333333,39.0,37.513661202185794
900,2020-07-30 15:35:48,2020-07-30 16:08:38,48.4,58.8,118.38942307692308,39.64141414141414,38.398989898989896
901,2020-07-30 16:08:59,2020-07-30 16:36:59,58.8,67.2,124.99999999999991,40.0,39.0
902,2020-07-30 16:46:30,2020-07-30 17:07:30,68.0,74.4,122.82118294270823,40.0,39.0
903,2020-07-31 15:18:33,2020-07-31 15:39:23,6.8,13.2,122.0811642795139,34.07142857142857,33.0
904,2020-07-31 15:39:44,2020-07-31 16:06:34,13.2,21.2,125.78125,34.0,33.0
905,2020-07-31 16:06:55,2020-07-31 16:38:15,21.6,31.2,122.39583333333337,34.164021164021165,33.216931216931215
906,2020-07-31 16:38:36,2020-07-31 17:08:16,31.2,40.4,120.92391304347827,35.0,34.0
907,2020-07-31 17:08:37,2020-07-31 17:38:07,40.4,49.6,120.24456521739127,35.87078651685393,34.87640449438202
908,2020-07-31 17:38:28,2020-07-31 18:04:28,49.6,57.6,121.875,36.54140127388535,35.0
909,2020-07-31 18:04:49,2020-07-31 18:37:29,57.6,68.0,117.78846153846156,37.0,35.0
910,2020-07-31 18:37:50,2020-07-31 19:05:10,68.0,76.4,122.02380952380945,37.0,35.0
911,2020-07-31 19:05:31,2020-07-31 19:34:21,76.4,85.2,122.86931818181823,36.666666666666664,35.0
912,2020-07-31 19:34:42,2020-07-31 20:00:32,85.2,92.8,127.38851553362582,36.0,35.0
913,2020-07-31 20:00:53,2020-07-31 20:18:03,92.8,97.6,133.51845891203703,36.0,35.0
914,2020-08-01 02:55:29,2020-08-01 03:20:29,69.2,90.8,125.859709683642,35.37748344370861,33.17218543046358
915,2020-08-01 15:20:24,2020-08-01 15:43:14,24.0,45.6,123.67414364711935,34.68840579710145,31.681159420289855
916,2020-08-01 15:43:35,2020-08-01 16:13:35,46.0,74.8,121.79978298611114,37.38121546961326,34.34254143646409
917,2020-08-01 16:13:56,2020-08-01 16:43:06,75.2,97.2,125.327673989899,38.11363636363637,35.0
918,2020-08-01 22:57:00,2020-08-01 23:15:20,48.0,65.6,121.43387334280307,35.585585585585584,32.4954954954955
919,2020-08-01 23:15:41,2020-08-01 23:47:25,65.6,92.8,122.87255585171567,36.765625,33.822916666666664
920,2020-08-02 05:05:44,2020-08-02 05:31:34,78.4,97.2,125.37974689716313,34.0,31.0
921,2020-08-02 11:52:23,2020-08-02 12:22:33,42.4,60.8,123.18540881642512,34.5,32.25824175824176
922,2020-08-02 12:53:22,2020-08-02 13:24:42,69.2,88.0,125.27780555555562,35.64021164021164,33.455026455026456
923,2020-08-02 13:25:03,2020-08-02 13:42:53,88.4,97.6,128.3167817028987,36.0,34.0
924,2020-08-02 22:59:16,2020-08-02 23:23:46,58.8,82.0,123.36866816331415,34.979729729729726,32.99324324324324
925,2020-08-02 23:24:07,2020-08-02 23:48:17,82.4,97.6,127.8947624269007,35.054794520547944,33.89041095890411
926,2020-08-03 17:15:13,2020-08-03 17:37:23,23.2,36.4,125.31352567340063,32.21641791044776,30.380597014925375
927,2020-08-03 17:37:44,2020-08-03 18:11:44,36.8,58.0,120.01569654088048,34.02439024390244,32.28292682926829
928,2020-08-03 18:12:05,2020-08-03 18:42:05,58.4,76.8,122.01084239130435,35.50276243093923,33.92817679558011
929,2020-08-03 18:42:26,2020-08-03 19:07:26,76.8,92.0,122.95776589912275,36.0,34.0
930,2020-08-04 02:31:53,2020-08-04 02:51:03,26.0,44.0,124.55711728395065,33.241379310344826,30.732758620689655
931,2020-08-04 02:51:24,2020-08-04 03:22:54,44.4,74.8,121.15178778326026,36.0,33.46842105263158
932,2020-08-04 03:23:15,2020-08-04 03:49:45,75.2,95.6,124.73653451797391,37.0,34.9875
933,2020-08-04 08:38:09,2020-08-04 09:07:49,64.0,82.0,123.61111111111111,35.0,32.57541899441341
934,2020-08-04 09:08:10,2020-08-04 09:35:00,82.4,97.6,127.66448949195916,35.26543209876543,33.0
935,2020-08-04 15:09:06,2020-08-04 15:37:16,60.4,86.8,124.66173211279465,37.970588235294116,36.31764705882353
936,2020-08-04 15:37:37,2020-08-04 15:54:57,87.2,97.6,129.68084107905995,39.0,37.0
937,2020-08-04 23:30:08,2020-08-04 23:49:28,42.0,53.6,125.01077693965516,35.598290598290596,32.29059829059829
938,2020-08-04 23:49:49,2020-08-05 00:21:09,54.0,72.8,125.00000000000003,36.8994708994709,33.682539682539684
939,2020-08-05 00:21:30,2020-08-05 00:48:20,73.2,89.6,122.7134146341464,37.0,34.05555555555556
940,2020-08-05 23:19:42,2020-08-05 23:40:32,14.8,34.4,124.30415369897962,28.952380952380953,27.603174603174605
941,2020-08-05 23:40:53,2020-08-06 00:09:23,34.8,62.4,120.59783539653783,32.05232558139535,30.680232558139537
942,2020-08-06 00:09:44,2020-08-06 00:34:04,62.8,85.6,124.63755860136456,34.49659863945578,32.82312925170068
943,2020-08-06 13:46:58,2020-08-06 14:14:48,35.2,52.4,119.92008018410858,35.345238095238095,33.589285714285715
944,2020-08-06 14:15:09,2020-08-06 14:50:19,52.8,73.2,122.47346813725486,36.778301886792455,35.0
945,2020-08-06 14:50:40,2020-08-06 15:19:30,73.2,89.2,122.62588819444444,37.0,35.0
946,2020-08-07 00:28:24,2020-08-07 00:57:04,39.2,66.8,121.1931377314815,37.994219653179194,35.72254335260116
947,2020-08-07 00:57:25,2020-08-07 01:26:35,66.8,92.0,123.42041826499117,39.77840909090909,37.52840909090909
948,2020-08-07 13:51:11,2020-08-07 14:20:21,35.2,53.2,121.52777777777777,37.58522727272727,36.03977272727273
949,2020-08-07 14:20:42,2020-08-07 14:39:12,53.6,64.8,123.88392857142863,39.0,37.0
950,2020-08-07 20:38:10,2020-08-07 20:56:20,13.2,30.4,123.60062944121452,39.0,37.0
951,2020-08-07 21:03:31,2020-08-07 21:32:11,36.0,63.6,121.38840006038647,41.578034682080926,39.543352601156066
952,2020-08-07 21:32:32,2020-08-07 22:00:22,63.6,89.2,122.93186979166666,43.0,41.0
953,2020-08-08 02:11:10,2020-08-08 02:31:20,64.4,83.6,122.57161769386585,42.0,38.0
954,2020-08-08 05:26:04,2020-08-08 05:54:24,68.8,92.8,124.12328726851855,40.08771929824562,36.941520467836256
955,2020-08-08 16:31:51,2020-08-08 17:34:57,44.4,97.6,125.27104451232248,40.356540084388186,38.51898734177215
956,2020-08-09 01:16:53,2020-08-09 02:29:20,18.8,87.6,122.86402314882106,42.3235294117647,39.248161764705884
957,2020-08-09 05:01:32,2020-08-09 05:29:22,76.8,97.6,125.75390004006412,43.0,39.0
958,2020-08-09 15:52:54,2020-08-09 16:20:24,30.0,46.8,122.76785714285717,41.3433734939759,39.10843373493976
959,2020-08-09 16:20:45,2020-08-09 16:50:15,46.8,65.2,120.24456521739127,42.747191011235955,40.62359550561798
960,2020-08-09 16:50:36,2020-08-09 17:16:56,65.6,81.6,123.45833541666667,43.0,41.0
961,2020-08-09 17:17:17,2020-08-09 17:44:17,81.6,97.6,126.1814365451389,43.0,41.0
962,2020-08-10 05:51:13,2020-08-10 06:16:54,38.0,62.4,123.42651998520037,37.92948717948718,35.51923076923077
963,2020-08-10 06:17:15,2020-08-10 06:41:15,62.8,85.6,123.50998257797272,39.86896551724138,37.52413793103448
964,2020-08-10 06:41:36,2020-08-10 07:00:16,86.0,97.6,128.01244839559394,40.256637168141594,38.0
965,2020-08-10 13:50:04,2020-08-10 14:14:17,59.6,68.0,125.40778614417995,39.0,38.0
966,2020-08-10 14:14:38,2020-08-10 14:43:38,68.0,78.0,126.15004833333339,39.0,38.0
967,2020-08-10 14:43:59,2020-08-10 15:13:49,78.4,88.4,129.77504972222226,39.0,38.0
968,2020-08-10 15:14:10,2020-08-10 15:34:50,88.8,95.6,132.20593300653607,39.664,38.0
969,2020-08-11 01:18:21,2020-08-11 01:43:01,28.4,52.0,122.15573664077213,38.060402684563755,35.83892617449664
970,2020-08-11 01:43:22,2020-08-11 02:07:22,52.0,74.8,123.03973489278756,40.39310344827586,38.282758620689656
971,2020-08-11 02:07:43,2020-08-11 02:32:33,75.2,94.8,124.25668707482997,41.0,39.0
972,2020-08-11 11:15:32,2020-08-11 12:13:35,32.8,87.6,123.42161306518655,39.75688073394495,37.31880733944954
973,2020-08-11 20:16:18,2020-08-11 20:44:08,59.6,74.4,125.09850835210206,38.0,36.0
974,2020-08-11 20:44:29,2020-08-11 21:11:49,74.8,89.2,126.2499706790123,38.0,36.0
975,2020-08-12 16:23:08,2020-08-12 16:53:28,38.8,55.2,122.9979366531165,32.278688524590166,30.950819672131146
976,2020-08-12 16:53:49,2020-08-12 17:16:08,55.2,67.6,119.68209366039434,33.0,32.0
977,2020-08-12 17:16:29,2020-08-12 17:47:59,67.6,84.4,124.68746874999992,33.88421052631579,32.0
978,2020-08-12 17:48:20,2020-08-12 18:13:00,84.8,97.6,128.15100954861114,34.0,32.22818791946309
979,2020-08-13 01:14:21,2020-08-13 01:46:31,32.4,63.2,121.85515990259739,35.36082474226804,33.31443298969072
980,2020-08-13 01:46:52,2020-08-13 02:12:42,63.6,88.0,123.09654035746813,37.68589743589744,35.506410256410255
981,2020-08-13 05:34:47,2020-08-13 06:09:17,33.6,66.8,121.33493277275771,38.67307692307692,35.28846153846154
982,2020-08-13 06:09:38,2020-08-13 06:37:38,66.8,91.6,122.54985164650537,40.15384615384615,37.0
983,2020-08-13 17:30:04,2020-08-13 18:02:14,23.2,40.4,124.59139970930234,33.0,30.45360824742268
984,2020-08-13 18:02:35,2020-08-13 18:35:15,40.4,58.8,118.23292836654593,34.84771573604061,32.4263959390863
985,2020-08-13 18:35:36,2020-08-13 19:09:26,58.8,77.6,119.8529722960993,36.0,33.299019607843135
986,2020-08-13 19:09:47,2020-08-13 19:40:47,77.6,94.4,122.91748354828036,36.0,34.0
987,2020-08-14 13:40:21,2020-08-14 14:12:01,30.8,52.8,120.77021969696973,34.6282722513089,33.12041884816754
988,2020-08-14 14:12:22,2020-08-14 14:37:29,52.8,70.4,119.7618463383838,36.46052631578947,34.796052631578945
989,2020-08-14 14:37:50,2020-08-14 15:12:20,70.4,93.6,122.30724395354412,37.0,35.0
990,2020-08-15 01:25:20,2020-08-15 01:54:00,19.6,46.8,123.21948243464055,35.74566473988439,33.566473988439306
991,2020-08-15 01:54:21,2020-08-15 02:18:51,47.2,70.4,123.47403579980842,38.62837837837838,36.61486486486486
992,2020-08-15 02:19:12,2020-08-15 02:47:42,70.8,94.0,124.69411176963605,39.97674418604651,37.83139534883721
993,2020-08-15 06:42:52,2020-08-15 07:29:51,61.6,90.0,124.14075376564948,38.0,35.0
994,2020-08-15 15:41:22,2020-08-15 16:11:52,28.8,59.6,122.21682012085138,39.141304347826086,37.22282608695652
995,2020-08-15 16:12:13,2020-08-15 16:38:33,60.0,86.4,123.1044899515993,41.59748427672956,39.729559748427675
996,2020-08-16 01:32:51,2020-08-16 01:51:41,43.2,61.2,122.2831948302469,37.53508771929825,34.8859649122807
997,2020-08-16 01:52:02,2020-08-16 02:17:52,61.6,85.6,125.91379143518525,38.93589743589744,36.43589743589744
998,2020-08-16 02:18:13,2020-08-16 02:36:43,86.0,97.6,125.71841930076633,39.0,37.0
999,2020-08-16 08:44:38,2020-08-16 09:04:38,83.6,97.2,123.42117994281038,34.0,31.0
1000,2020-08-16 15:18:44,2020-08-16 16:18:54,37.2,86.0,123.23833517190349,40.176991150442475,38.52433628318584
1001,2020-08-17 01:01:44,2020-08-17 01:28:14,14.0,38.8,126.44153192204301,36.71875,34.325
1002,2020-08-17 01:28:35,2020-08-17 01:54:22,39.2,64.4,121.07694047619044,39.217948717948715,36.96153846153846
1003,2020-08-17 01:54:43,2020-08-17 02:16:23,64.8,85.6,123.34135389957265,40.79389312977099,38.152671755725194
1004,2020-08-17 12:09:05,2020-08-17 12:42:05,60.0,82.4,121.60280884176586,35.64321608040201,34.0
1005,2020-08-17 12:42:26,2020-08-17 13:06:46,82.4,97.6,124.44720769371355,36.0,34.40136054421769
1006,2020-08-17 19:54:46,2020-08-17 20:16:36,62.0,82.4,124.93600939542478,36.803030303030305,34.696969696969695
1007,2020-08-17 20:16:57,2020-08-17 20:39:57,82.8,97.6,125.74607751501507,37.0,35.0
1008,2020-08-18 15:44:11,2020-08-18 16:14:01,41.2,59.6,121.60326086956523,38.48888888888889,36.62222222222222
1009,2020-08-18 16:14:22,2020-08-18 16:43:02,59.6,77.2,122.15909090909089,39.0,38.0
1010,2020-08-18 16:43:23,2020-08-18 17:10:23,77.6,93.6,126.3724021701389,39.785276073619634,38.0
1011,2020-08-18 23:48:39,2020-08-19 00:20:19,46.0,65.2,121.34116449652774,35.76439790575916,32.617801047120416
1012,2020-08-19 00:20:40,2020-08-19 00:52:00,65.2,83.2,122.19137368827164,36.03174603174603,33.0
1013,2020-08-19 00:52:21,2020-08-19 01:09:51,83.2,92.8,123.83536877893526,36.990566037735846,33.698113207547166
1014,2020-08-19 07:20:41,2020-08-19 07:41:01,72.8,90.0,123.31720663759695,32.13821138211382,29.601626016260163
1015,2020-08-19 07:41:22,2020-08-19 07:58:22,90.0,97.6,120.33448866959071,32.640776699029125,30.0
1016,2020-08-19 16:37:42,2020-08-19 17:09:12,35.6,46.8,121.87500000000004,31.042105263157893,28.66842105263158
1017,2020-08-19 17:09:33,2020-08-19 17:38:33,46.8,57.6,116.35802469135798,32.0,29.69142857142857
1018,2020-08-19 17:52:24,2020-08-19 18:12:04,59.2,72.4,124.3329299242424,32.96638655462185,30.310924369747898
1019,2020-08-19 18:12:25,2020-08-19 18:41:55,72.4,92.0,122.35830286281184,33.52808988764045,31.0561797752809
1020,2020-08-20 00:51:40,2020-08-20 01:20:20,52.0,69.6,122.18987050189398,34.774566473988436,32.0
1021,2020-08-20 01:20:41,2020-08-20 01:48:41,69.6,86.8,122.12694137596898,35.0,32.76923076923077
1022,2020-08-20 01:49:02,2020-08-20 02:08:12,86.8,97.6,126.46607381687251,35.13793103448276,33.0
1023,2020-08-20 09:24:14,2020-08-20 09:57:14,64.4,92.4,125.3338443452381,33.824120603015075,31.678391959798994
1024,2020-08-20 20:28:07,2020-08-20 20:53:27,50.4,74.4,123.45140665509255,35.51633986928105,33.810457516339866
1025,2020-08-20 20:53:48,2020-08-20 21:25:58,74.4,97.6,124.10562182710734,36.329896907216494,34.97938144329897
1026,2020-08-21 10:28:37,2020-08-21 12:28:02,24.8,97.6,122.90808461920024,36.59486607142857,35.059151785714285
1027,2020-08-21 23:59:13,2020-08-22 00:23:23,10.0,33.2,122.55868139367816,36.205479452054796,33.42465753424658
1028,2020-08-22 00:23:44,2020-08-22 00:58:04,33.6,66.8,121.712280706158,38.830917874396135,36.15458937198068
1029,2020-08-22 00:58:25,2020-08-22 01:30:05,66.8,93.6,123.1136172263682,40.80104712041885,38.0
1030,2020-08-22 23:16:31,2020-08-22 23:34:51,60.0,71.2,123.06178323412695,32.0,30.846846846846848
1031,2020-08-22 23:35:12,2020-08-23 00:00:52,71.2,86.8,123.6716798433049,32.090322580645164,31.0
1032,2020-08-23 00:01:13,2020-08-23 00:19:23,86.8,97.6,124.62453369341569,33.0,31.445454545454545
1033,2020-08-23 05:32:16,2020-08-23 06:02:16,60.4,88.0,125.56563375603864,34.86740331491713,32.972375690607734
1034,2020-08-23 06:02:37,2020-08-23 06:19:07,88.4,97.6,128.31524773550746,35.13,33.64
1035,2020-08-23 19:58:16,2020-08-23 20:19:56,51.2,64.0,124.41408116319445,37.786259541984734,36.80152671755725
1036,2020-08-23 20:20:17,2020-08-23 20:55:07,64.0,84.0,123.01738312500004,38.17142857142857,37.142857142857146
1037,2020-08-24 03:26:24,2020-08-24 03:59:24,52.4,83.6,123.53945241274931,39.10552763819096,36.256281407035175
1038,2020-08-24 03:59:45,2020-08-24 04:16:45,84.0,95.2,127.10071304563488,40.0,37.0
1039,2020-08-24 17:45:10,2020-08-24 18:15:00,24.0,44.0,124.51668777777776,42.23888888888889,40.522222222222226
1040,2020-08-24 18:15:21,2020-08-24 18:42:11,44.4,62.8,121.67875905797104,43.7037037037037,42.32716049382716
1041,2020-08-24 18:42:32,2020-08-24 19:10:22,63.2,82.0,123.50252460106385,44.42261904761905,42.416666666666664
1042,2020-08-24 19:10:43,2020-08-24 19:36:03,82.4,97.6,127.36570677997088,45.0,42.0
1043,2020-08-25 02:17:42,2020-08-25 02:48:22,36.0,67.2,121.33815028490027,42.21081081081081,39.2
1044,2020-08-25 02:48:43,2020-08-25 03:16:23,67.2,92.0,123.31094209229391,43.84431137724551,41.0
1045,2020-08-25 08:22:00,2020-08-25 08:55:50,47.2,67.6,123.83447794117657,41.416666666666664,37.78431372549019
1046,2020-08-25 08:56:11,2020-08-25 09:28:31,68.0,87.2,125.74513585069447,41.205128205128204,38.0
1047,2020-08-25 09:28:52,2020-08-25 09:46:02,87.6,97.6,127.55973416666666,41.0,38.0
1048,2020-08-25 18:16:40,2020-08-25 18:35:20,54.0,71.6,124.22508191287885,40.8141592920354,39.4070796460177
1049,2020-08-25 18:35:41,2020-08-25 19:03:21,72.0,94.0,126.77527594696971,41.868263473053894,40.0
1050,2020-08-26 00:31:49,2020-08-26 01:00:29,57.2,84.4,123.82761356209149,40.01156069364162,37.73988439306358
1051,2020-08-26 01:00:50,2020-08-26 01:21:10,84.8,97.6,129.11894455295146,40.203252032520325,38.0
1052,2020-08-26 12:25:21,2020-08-26 12:51:11,12.0,21.2,121.67874396135268,37.94871794871795,36.0
1053,2020-08-26 12:51:32,2020-08-26 13:19:12,21.2,30.8,124.88425925925924,37.9940119760479,36.449101796407184
1054,2020-08-26 13:19:33,2020-08-26 13:54:13,31.2,43.2,125.18518518518516,38.78947368421053,37.55023923444976
1055,2020-08-26 13:54:34,2020-08-26 14:26:14,43.2,54.8,118.29501915708818,39.93717277486911,38.74869109947644
1056,2020-08-26 16:49:48,2020-08-26 17:14:48,40.8,64.8,123.73092280092597,41.54304635761589,39.56953642384106
1057,2020-08-26 17:15:09,2020-08-26 17:38:49,65.2,88.0,123.43202814327488,43.02097902097902,41.0
1058,2020-08-26 23:08:31,2020-08-26 23:33:01,50.8,74.0,124.9748635057471,37.351351351351354,33.45945945945946
1059,2020-08-26 23:33:22,2020-08-26 23:58:02,74.4,94.0,125.60872307256238,38.0,34.671140939597315
1060,2020-08-27 15:00:13,2020-08-27 15:24:43,60.0,83.2,124.55402795737551,37.57432432432432,36.08108108108108
1061,2020-08-27 21:46:30,2020-08-27 22:16:20,45.6,61.6,124.24304930555556,38.44444444444444,36.522222222222226
1062,2020-08-27 22:16:41,2020-08-27 22:46:41,62.0,78.0,124.91318576388888,39.0,37.0
1063,2020-08-27 22:47:02,2020-08-27 23:16:12,78.4,93.6,127.81523035453229,39.0,37.0
1064,2020-08-28 03:46:01,2020-08-28 04:18:11,53.6,75.2,125.48805484825102,38.345360824742265,35.55670103092783
1065,2020-08-28 04:18:32,2020-08-28 04:47:12,75.6,94.4,124.6513263888888,39.0,36.0
1066,2020-08-28 16:12:21,2020-08-28 16:41:11,24.0,34.0,125.32921472222228,39.0,37.02873563218391
1067,2020-08-28 16:41:32,2020-08-28 17:12:32,34.4,45.2,124.86115895061727,39.411764705882355,38.0
1068,2020-08-28 17:12:53,2020-08-28 17:43:33,45.6,56.8,119.10718849206357,40.15675675675676,38.962162162162166
1069,2020-08-28 17:43:54,2020-08-28 18:07:14,56.8,65.2,120.83337962962956,41.0,39.0
1070,2020-08-28 20:26:58,2020-08-28 21:07:06,46.8,60.8,124.24841531746031,39.65676567656766,38.0
1071,2020-08-28 21:22:16,2020-08-28 21:51:37,60.8,78.4,125.0680516571969,40.0,38.0
1072,2020-08-29 08:07:25,2020-08-29 09:53:54,32.8,97.6,123.25927399691359,35.591989987484354,33.913642052565706
1073,2020-08-29 15:49:53,2020-08-29 16:09:41,49.6,68.4,123.02069649822698,41.025,39.391666666666666
1074,2020-08-29 16:10:02,2020-08-29 16:36:02,68.8,91.2,125.25546924603172,42.07643312101911,40.53503184713376
1075,2020-08-30 01:50:27,2020-08-30 02:17:27,25.6,43.6,125.01234683641978,37.42944785276074,34.49693251533742
1076,2020-08-30 02:17:48,2020-08-30 02:49:28,44.0,65.6,122.17078189300415,39.41884816753927,36.56544502617801
1077,2020-08-30 02:49:49,2020-08-30 03:17:49,65.6,84.8,121.52777777777774,40.0,37.0
1078,2020-08-30 03:18:10,2020-08-30 03:39:00,84.8,97.6,126.4919879557292,40.17460317460318,37.0
1079,2020-08-30 15:47:51,2020-08-30 16:17:41,26.4,55.2,123.3714242380401,41.28888888888889,39.45
1080,2020-08-30 16:18:02,2020-08-30 16:48:02,55.6,84.8,122.36728809931509,43.87845303867403,42.04419889502763
1081,2020-08-31 00:02:36,2020-08-31 00:30:46,49.6,66.4,125.29844849537035,40.61764705882353,37.89411764705882
1082,2020-08-31 00:31:07,2020-08-31 01:03:27,66.8,86.0,125.88035206886572,41.0,38.23076923076923
1083,2020-08-31 06:46:14,2020-08-31 09:39:41,45.6,97.6,125.4602971121795,35.26243305279265,31.863810252486612
1084,2020-08-31 15:04:38,2020-08-31 15:23:58,59.6,78.0,122.62229227053143,38.0,35.99145299145299
1085,2020-08-31 22:24:42,2020-08-31 22:54:42,56.8,75.2,122.03348958333329,37.9171270718232,35.79558011049724
1086,2020-08-31 22:55:03,2020-08-31 23:22:43,75.2,92.0,123.23990360449737,38.0,36.0
1087,2020-09-01 06:56:24,2020-09-01 08:40:20,18.4,99.6,125.54648569889166,40.55128205128205,37.885897435897434
1088,2020-09-01 17:14:04,2020-09-01 17:37:44,26.0,48.4,123.06050644841271,42.54545454545455,40.76923076923077
1089,2020-09-01 17:38:05,2020-09-01 18:09:55,48.8,78.0,123.45273040334858,45.234375,43.447916666666664
1090,2020-09-01 18:10:16,2020-09-01 18:38:46,78.4,97.2,127.12916238179672,46.0,44.0
1091,2020-09-02 03:12:06,2020-09-02 03:30:56,35.6,53.6,122.34723950617285,37.55263157894737,34.39473684210526
1092,2020-09-02 03:31:17,2020-09-02 04:00:17,54.0,81.6,122.76571678743964,39.691428571428574,36.66285714285714
1093,2020-09-02 04:00:38,2020-09-02 04:23:48,81.6,97.6,125.32728463541669,40.385714285714286,37.27857142857143
1094,2020-09-02 13:05:14,2020-09-02 13:22:24,35.2,52.0,121.19958597883608,38.46153846153846,36.95192307692308
1095,2020-09-02 13:22:45,2020-09-02 13:50:45,52.4,79.2,124.07754716003316,40.928994082840234,39.366863905325445
1096,2020-09-02 17:44:39,2020-09-02 18:09:19,52.8,76.0,124.18703382423371,43.08724832214765,41.348993288590606
1097,2020-09-03 03:08:57,2020-09-03 03:30:17,22.0,36.4,123.13078607253087,38.325581395348834,35.63565891472868
1098,2020-09-03 03:30:38,2020-09-03 03:59:08,36.4,56.0,120.87159226190477,39.94186046511628,37.33720930232558
1099,2020-09-03 03:59:29,2020-09-03 04:32:29,56.4,78.8,122.4348975074405,41.04522613065327,38.53266331658291
1100,2020-09-03 04:32:50,2020-09-03 05:02:30,79.2,97.6,127.64946308876819,41.98882681564246,39.0
1101,2020-09-03 15:40:29,2020-09-03 16:46:31,23.2,77.2,122.42621961419755,42.88306451612903,41.55846774193548
1102,2020-09-03 18:30:46,2020-09-03 18:59:56,59.6,85.6,125.92681778846159,45.32386363636363,43.08522727272727
1103,2020-09-03 19:00:17,2020-09-03 19:20:07,86.0,97.6,128.90209782088127,46.0,43.0
1104,2020-09-04 02:48:26,2020-09-04 03:11:16,18.4,32.0,126.17445363562092,40.905797101449274,37.231884057971016
1105,2020-09-04 03:11:37,2020-09-04 03:41:47,32.4,50.8,123.08878079710146,41.60989010989011,38.489010989010985
1106,2020-09-04 03:42:08,2020-09-04 04:08:48,50.8,67.6,119.08482514880951,43.0,39.267080745341616
1107,2020-09-04 04:09:09,2020-09-04 04:39:09,67.6,86.0,122.49624720712558,43.0,39.0
1108,2020-09-04 04:39:30,2020-09-04 04:59:00,86.0,97.6,125.58431226053648,43.0,39.0
1109,2020-09-04 13:54:25,2020-09-04 14:13:15,46.8,58.4,122.12167480842912,36.92982456140351,34.86842105263158
1110,2020-09-04 14:13:36,2020-09-04 14:44:06,58.4,77.2,122.21633909574463,38.0,35.994565217391305
1111,2020-09-04 17:51:20,2020-09-04 18:16:40,73.6,94.0,125.15524353213507,39.62091503267974,37.56209150326797
1112,2020-09-05 01:29:16,2020-09-05 02:43:43,22.8,91.6,122.58411914769056,38.76923076923077,36.01073345259392
1113,2020-09-05 07:34:03,2020-09-05 07:54:23,56.8,76.0,123.82741905381943,37.0,34.3089430894309
1114,2020-09-05 07:54:44,2020-09-05 08:23:54,76.4,97.6,126.35746547431872,37.86931818181818,35.0
1115,2020-09-05 13:01:33,2020-09-05 13:19:23,30.0,42.0,124.01159027777777,36.7037037037037,33.4537037037037
1116,2020-09-05 13:19:44,2020-09-05 13:46:24,42.0,60.4,120.8137118055556,38.26086956521739,34.98136645962733
1117,2020-09-05 14:08:13,2020-09-05 14:41:03,75.2,96.4,124.31997903563938,39.24747474747475,36.0
1118,2020-09-06 15:02:18,2020-09-06 15:32:18,36.8,52.8,122.87326388888889,35.38121546961326,33.889502762430936
1119,2020-09-06 15:32:39,2020-09-06 16:02:49,53.2,69.6,122.62872628726294,36.84615384615385,35.55494505494506
1120,2020-09-06 16:03:10,2020-09-06 16:36:40,70.0,88.0,124.08333425925926,37.07920792079208,36.0
1121,2020-09-06 16:37:01,2020-09-06 16:55:21,88.0,97.6,127.323496238426,38.0,36.18018018018018
1122,2020-09-06 23:56:09,2020-09-07 00:17:49,32.8,53.2,123.74796058006537,38.61068702290076,36.603053435114504
1123,2020-09-07 00:41:41,2020-09-07 01:03:31,64.8,87.2,113.38977746775791,40.84848484848485,38.878787878787875
1124,2020-09-07 07:05:42,2020-09-07 07:30:12,63.6,86.4,125.48551309697854,37.608108108108105,35.25675675675676
1125,2020-09-07 07:30:33,2020-09-07 07:48:03,86.8,97.6,126.21659156378607,38.0,36.0
1126,2020-09-07 15:10:57,2020-09-07 15:44:57,52.8,84.8,125.18057408854169,39.31219512195122,37.71219512195122
1127,2020-09-07 23:28:37,2020-09-07 23:52:17,44.8,63.6,123.50104713356973,36.47552447552447,33.6013986013986
1128,2020-09-07 23:52:38,2020-09-08 00:11:38,63.6,78.0,124.08952083333334,37.34782608695652,34.8
1129,2020-09-08 02:24:23,2020-09-08 02:56:03,54.0,84.0,123.61900337962967,38.4869109947644,35.246073298429316
1130,2020-09-08 02:56:24,2020-09-08 03:15:44,84.4,97.2,126.92710188802087,39.0,36.0
1131,2020-09-08 13:52:39,2020-09-08 14:22:29,32.4,61.2,121.01467134452162,34.35,31.866666666666667
1132,2020-09-08 14:22:50,2020-09-08 14:53:30,61.2,89.6,121.75323875195623,36.67027027027027,34.34594594594594
1133,2020-09-08 18:30:49,2020-09-08 18:50:09,67.6,80.4,126.56471462673605,37.0,34.0
1134,2020-09-08 18:50:30,2020-09-08 19:18:40,80.8,97.6,127.10072172619053,37.0,34.0
1135,2020-09-09 05:46:14,2020-09-09 06:16:04,58.0,86.4,122.63791862284816,36.766666666666666,34.53333333333333
1136,2020-09-09 18:50:00,2020-09-09 19:18:20,10.8,37.6,123.65569827943617,34.72514619883041,32.953216374269005
1137,2020-09-09 19:18:41,2020-09-09 19:48:41,38.0,67.2,120.13557648401824,37.806629834254146,35.76243093922652
1138,2020-09-09 19:49:02,2020-09-09 20:17:32,67.6,92.0,123.1062377618397,39.372093023255815,37.20348837209303
1139,2020-09-10 19:56:15,2020-09-10 21:25:31,9.2,91.6,122.95972044060142,38.94328358208955,36.829850746268654
1140,2020-09-11 12:15:43,2020-09-11 12:34:53,10.0,28.0,124.26697916666667,37.35344827586207,35.939655172413794
1141,2020-09-11 12:35:14,2020-09-11 13:05:44,28.4,57.6,121.91733823249618,39.66847826086956,38.07065217391305
1142,2020-09-11 13:06:05,2020-09-11 13:35:55,58.0,86.4,122.63009360328635,42.36666666666667,40.666666666666664
1143,2020-09-11 22:05:41,2020-09-11 22:31:33,18.0,33.6,124.35897435897434,39.152866242038215,37.0
1144,2020-09-11 22:31:54,2020-09-11 23:06:24,34.0,55.2,122.05188679245282,40.84615384615385,38.39423076923077
1145,2020-09-11 23:06:45,2020-09-11 23:39:25,55.2,75.6,120.09803921568631,42.0,39.87309644670051
1146,2020-09-11 23:39:46,2020-09-12 00:08:46,75.6,93.2,123.4398720801767,42.36571428571428,40.0
1147,2020-09-12 15:00:02,2020-09-12 15:31:42,37.6,68.0,122.21170253106723,38.2565445026178,36.36649214659686
1148,2020-09-12 15:32:03,2020-09-12 16:01:23,68.4,93.2,124.06978001792118,39.98870056497175,38.0
1149,2020-09-13 01:02:57,2020-09-13 01:35:57,33.6,65.2,121.99632010372716,36.1608040201005,32.381909547738694
1150,2020-09-13 01:36:18,2020-09-13 02:05:58,65.6,91.2,124.98699099392358,38.12849162011173,34.435754189944134
1151,2020-09-13 19:09:05,2020-09-13 19:38:55,24.8,44.8,124.04720027777776,34.772222222222226,33.15555555555556
1152,2020-09-13 19:39:16,2020-09-13 20:08:36,44.8,65.2,119.52886029411762,36.666666666666664,34.706214689265536
1153,2020-09-13 20:08:57,2020-09-13 20:28:06,65.2,78.4,120.61678011363632,37.258620689655174,35.10344827586207
1154,2020-09-13 20:29:36,2020-09-13 21:01:16,77.6,97.6,123.15833104166667,37.92670157068063,35.8586387434555
1155,2020-09-14 03:32:41,2020-09-14 04:05:21,36.0,56.4,120.36495043572988,37.53807106598985,35.213197969543145
1156,2020-09-14 04:05:42,2020-09-14 04:32:12,56.4,72.8,121.46344156504068,38.0,36.0
1157,2020-09-14 04:32:33,2020-09-14 05:00:33,73.2,90.0,125.27201876653444,38.0,36.0
1158,2020-09-14 16:39:47,2020-09-14 17:11:17,17.2,36.0,125.66489361702126,36.578947368421055,33.77368421052632
1159,2020-09-14 17:11:38,2020-09-14 17:44:28,36.4,56.8,120.71078431372551,38.36868686868687,35.47979797979798
1160,2020-09-14 17:44:49,2020-09-14 18:12:39,57.2,74.4,121.36627906976743,39.0,36.0
1161,2020-09-14 18:13:00,2020-09-14 18:41:10,74.8,91.6,125.64236450066142,39.0,36.0
1162,2020-09-15 05:11:50,2020-09-15 05:36:50,18.0,41.6,123.81887135122412,33.503311258278146,30.91390728476821
1163,2020-09-15 05:37:11,2020-09-15 06:07:51,42.0,71.6,121.05200211148653,36.36756756756757,34.12432432432433
1164,2020-09-15 06:08:12,2020-09-15 06:39:42,72.0,96.8,121.80669601254482,37.963157894736845,35.7
1165,2020-09-15 13:46:56,2020-09-15 14:16:06,55.2,82.8,123.40832191022548,35.19318181818182,31.948863636363637
1166,2020-09-15 14:16:27,2020-09-15 14:39:17,83.2,97.6,126.28859654706798,36.0,33.0
1167,2020-09-15 23:51:48,2020-09-16 00:22:28,32.4,53.2,122.61883400106832,33.33513513513513,30.82702702702703
1168,2020-09-16 00:22:49,2020-09-16 00:54:29,53.6,75.2,121.93413580246913,35.0,32.74869109947644
1169,2020-09-16 00:54:50,2020-09-16 01:23:50,75.6,94.4,124.16149083924341,35.885714285714286,33.0
1170,2020-09-16 11:14:36,2020-09-16 11:45:36,64.0,84.8,123.67726195245731,33.342245989304814,31.994652406417114
1171,2020-09-16 11:45:57,2020-09-16 12:08:27,84.8,97.6,124.75154036458333,34.0,32.13970588235294
1172,2020-09-16 18:51:05,2020-09-16 19:30:34,44.4,75.2,123.87334257305194,37.83501683501684,35.87542087542087
1173,2020-09-17 01:48:48,2020-09-17 02:52:51,38.4,90.0,122.90550373869509,37.16216216216216,34.82744282744283
1174,2020-09-17 15:32:32,2020-09-17 16:05:52,20.8,52.4,123.35796413502112,39.975124378109456,38.21890547263681
1175,2020-09-17 16:06:13,2020-09-17 16:37:33,52.8,82.8,122.10835074074076,43.111111111111114,41.44444444444444
1176,2020-09-17 21:42:52,2020-09-17 21:59:52,46.4,56.8,122.3330399305556,38.38834951456311,34.44660194174757
1177,2020-09-17 22:00:13,2020-09-17 22:30:23,56.8,75.2,122.6373673007246,39.0,35.10989010989011
1178,2020-09-17 22:30:44,2020-09-17 23:03:04,75.2,94.8,123.2249057539683,39.0,36.0
1179,2020-09-18 08:44:37,2020-09-18 09:13:37,47.2,57.2,125.35135736111107,34.0,31.394285714285715
1180,2020-09-18 09:45:39,2020-09-18 10:14:59,64.0,75.2,113.09767881944437,34.0,31.0
1181,2020-09-18 10:15:20,2020-09-18 10:46:50,75.2,86.4,121.55998834325388,34.0,31.0
1182,2020-09-18 10:47:11,2020-09-18 11:17:51,86.4,96.8,127.39713074252145,34.0,31.0
1183,2020-09-19 08:40:44,2020-09-19 09:12:34,37.2,67.6,122.47534571454683,32.25,30.880208333333332
1184,2020-09-19 09:12:55,2020-09-19 09:44:05,67.6,93.6,124.13142366452992,34.494680851063826,32.930851063829785
1185,2020-09-19 19:51:33,2020-09-19 20:20:13,40.0,67.6,121.58012630837362,34.73410404624278,31.91907514450867
1186,2020-09-19 20:20:34,2020-09-19 20:48:44,68.0,92.0,124.2980457175926,36.470588235294116,33.72352941176471
1187,2020-09-21 00:06:06,2020-09-21 00:34:16,18.8,45.6,123.73135940091211,36.029411764705884,33.88235294117647
1188,2020-09-21 00:34:37,2020-09-21 01:12:57,46.0,83.2,121.32618115292712,39.142857142857146,36.8051948051948
1189,2020-09-21 01:13:18,2020-09-21 01:34:58,83.6,97.6,126.02383412698414,40.0,37.29007633587786
1190,2020-09-21 06:12:57,2020-09-21 07:15:31,50.8,97.6,125.0971546474359,39.212765957446805,35.782978723404256
1191,2020-09-21 14:49:18,2020-09-21 15:18:18,52.0,79.6,124.40972931763288,38.537142857142854,36.76571428571429
1192,2020-09-21 23:24:53,2020-09-21 23:54:23,54.4,82.4,123.08036919642853,38.13483146067416,35.747191011235955
1193,2020-09-21 23:54:44,2020-09-22 00:18:04,82.8,97.6,125.85118562312314,39.0,36.9645390070922
1194,2020-09-22 11:23:25,2020-09-22 11:52:15,47.2,74.4,123.67749969362745,36.201149425287355,34.32183908045977
1195,2020-09-22 11:52:36,2020-09-22 12:24:56,74.4,97.6,124.61088571599623,37.753846153846155,35.81025641025641
1196,2020-09-22 22:09:18,2020-09-22 22:37:58,34.8,52.8,120.75541041666666,37.48554913294798,35.50289017341041
1197,2020-09-22 22:38:19,2020-09-22 23:03:09,52.8,68.0,119.22241547880117,38.95333333333333,36.95333333333333
1198,2020-09-22 23:03:30,2020-09-22 23:30:40,68.4,84.0,122.65048059116815,39.0,37.0
1199,2020-09-23 01:36:15,2020-09-23 01:53:51,72.8,89.2,122.55149532520322,38.69924812030075,35.72932330827068
1200,2020-09-23 05:45:13,2020-09-23 06:46:56,53.2,97.6,124.62623420920924,36.97629310344828,33.991379310344826
1201,2020-09-24 07:17:32,2020-09-24 08:58:08,19.6,97.6,122.93086245014244,32.00132450331126,30.72317880794702
1202,2020-09-24 17:09:14,2020-09-24 17:36:44,39.2,66.0,119.90880213515756,38.13855421686747,36.13855421686747
1203,2020-09-24 17:37:05,2020-09-24 18:14:41,66.0,96.4,123.7225099506579,39.89867841409691,37.88546255506608
1204,2020-09-25 17:15:20,2020-09-25 17:40:50,10.8,35.2,122.09359107468123,36.05844155844156,34.27922077922078
1205,2020-09-25 17:41:11,2020-09-25 18:13:01,35.2,66.0,120.71113870851376,38.78125,37.369791666666664
1206,2020-09-25 18:13:22,2020-09-25 18:44:42,66.0,92.8,122.76483644278609,40.682539682539684,39.0
1207,2020-09-26 01:39:56,2020-09-26 02:29:19,25.6,65.6,123.50795760069448,39.016129032258064,35.65860215053763
1208,2020-09-26 07:03:06,2020-09-26 07:21:26,33.2,50.8,122.01233727904052,35.450450450450454,32.027027027027025
1209,2020-09-26 07:21:47,2020-09-26 07:50:37,51.2,78.8,122.27910884661839,37.689655172413794,34.3448275862069
1210,2020-09-26 07:50:58,2020-09-26 08:18:08,79.2,97.6,126.01602317330926,38.542682926829265,35.0
1211,2020-09-26 15:56:17,2020-09-26 16:21:57,53.6,66.8,127.04861092171723,35.0,32.987096774193546
1212,2020-09-26 16:22:18,2020-09-26 16:50:46,67.2,82.4,124.85380116959061,35.0,33.0
1213,2020-09-26 16:51:07,2020-09-26 17:19:07,82.8,97.6,126.12800319069073,35.38461538461539,33.0
1214,2020-09-26 23:30:52,2020-09-26 23:58:42,59.6,86.0,123.44120912247479,33.30357142857143,29.773809523809526
1215,2020-09-27 05:29:25,2020-09-27 05:58:15,75.2,97.2,122.89585486111115,31.71264367816092,28.7816091954023
1216,2020-09-27 16:02:38,2020-09-27 16:26:58,44.8,67.6,124.68386172027293,31.244897959183675,29.53061224489796
1217,2020-09-27 16:27:19,2020-09-27 16:55:59,68.0,92.4,122.76868442622948,32.861271676300575,31.439306358381504
1218,2020-09-28 02:01:34,2020-09-28 02:34:54,28.4,60.0,121.21614763537272,32.63681592039801,30.248756218905474
1219,2020-09-28 02:35:15,2020-09-28 03:04:35,60.4,87.6,123.061678002451,35.333333333333336,32.81920903954802
1220,2020-09-28 03:04:56,2020-09-28 03:22:46,88.0,97.6,126.72167173032418,36.0,33.0
1221,2020-09-28 14:13:28,2020-09-28 14:38:18,22.4,46.0,123.28275470809797,32.85333333333333,31.393333333333334
1222,2020-09-28 14:38:39,2020-09-28 15:02:19,46.4,69.6,119.51631633141768,35.6013986013986,34.27272727272727
1223,2020-09-28 15:02:40,2020-09-28 15:20:40,70.0,86.8,125.56219708994716,37.018348623853214,35.54128440366973
1224,2020-09-29 02:21:46,2020-09-29 02:50:26,18.8,46.0,124.18200296160131,32.74566473988439,30.75722543352601
1225,2020-09-29 02:51:37,2020-09-29 03:24:07,47.2,78.8,121.20650619725741,36.39795918367347,34.29081632653061
1226,2020-09-29 03:24:28,2020-09-29 03:50:48,79.2,97.6,126.3572157306764,37.9685534591195,35.528301886792455
1227,2020-09-30 01:14:10,2020-09-30 01:35:50,38.4,59.2,122.71302483974358,34.17557251908397,32.282442748091604
1228,2020-09-30 01:36:11,2020-09-30 02:04:01,59.2,86.0,122.43472460613603,36.44642857142857,34.42857142857143
1229,2020-09-30 16:23:18,2020-09-30 16:49:28,38.8,54.8,122.27606302083332,32.550632911392405,30.234177215189874
1230,2020-09-30 16:49:49,2020-09-30 17:23:09,55.2,74.8,121.94729761904766,33.97014925373134,31.776119402985074
1231,2020-09-30 17:23:30,2020-09-30 17:43:20,74.8,86.0,122.47521800595236,34.0,32.0
1232,2020-10-01 10:01:06,2020-10-01 10:27:26,31.6,49.6,122.15743179012344,30.82389937106918,29.660377358490567
1233,2020-10-01 10:27:47,2020-10-01 10:59:27,49.6,72.0,118.03821750992066,32.78010471204188,31.654450261780106
1234,2020-10-01 10:59:48,2020-10-01 11:26:08,72.0,90.0,121.544007021605,33.660377358490564,32.15723270440252
1235,2020-10-01 20:04:55,2020-10-01 21:44:12,20.4,97.6,123.14093860643351,36.136912751677855,34.25503355704698
1236,2020-10-02 02:22:51,2020-10-02 02:37:23,53.6,64.8,124.85715416666669,36.0,33.0
1237,2020-10-02 02:38:26,2020-10-02 03:18:20,64.8,93.2,124.66452487773864,36.93,33.88
1238,2020-10-02 11:41:46,2020-10-02 12:03:36,7.6,25.6,124.21683109567898,34.121212121212125,32.96212121212121
1239,2020-10-02 12:03:57,2020-10-02 12:31:07,25.6,48.0,121.40688467261904,35.91463414634146,34.079268292682926
1240,2020-10-02 12:31:28,2020-10-02 12:59:58,48.0,70.8,120.16631298732945,38.51162790697674,36.63953488372093
1241,2020-10-02 13:00:19,2020-10-02 13:18:09,70.8,84.4,120.87419413807183,39.111111111111114,37.2962962962963
1242,2020-10-02 13:18:33,2020-10-02 13:35:13,84.4,95.2,123.76415676440335,40.0,38.0
1243,2020-10-02 17:35:34,2020-10-02 18:04:14,62.0,88.8,123.4525387126866,41.0,38.60115606936416
1244,2020-10-03 09:53:53,2020-10-03 11:10:12,32.4,97.6,122.90162060540224,34.645724258289704,33.11343804537522
1245,2020-10-03 16:45:46,2020-10-03 17:12:16,56.4,81.2,124.65613720878135,38.36875,36.95625
1246,2020-10-04 00:01:17,2020-10-04 00:23:27,27.6,40.8,125.48613952020207,38.0,35.3955223880597
1247,2020-10-04 00:23:48,2020-10-04 00:50:18,41.2,57.6,120.6538468834689,39.1125,36.6375
1248,2020-10-04 00:50:39,2020-10-04 01:18:59,57.6,74.8,122.99908543281659,40.0,37.84795321637427
1249,2020-10-04 01:19:20,2020-10-04 01:49:00,75.2,92.8,125.74736221590913,40.0,38.0
1250,2020-10-05 16:42:17,2020-10-05 17:09:27,31.6,50.4,120.6604850768322,32.02439024390244,31.164634146341463
1251,2020-10-05 17:09:48,2020-10-05 17:36:38,50.4,69.2,119.17998832742313,34.18518518518518,33.339506172839506
1252,2020-10-05 18:08:32,2020-10-05 18:28:52,88.0,97.6,124.21735532407412,36.0,35.0
1253,2020-10-06 15:22:59,2020-10-06 17:21:52,38.0,99.6,125.65448179563494,30.381165919282513,29.43834080717489
1254,2020-10-07 00:15:37,2020-10-07 02:12:38,26.0,97.6,122.48553209574797,34.08428246013668,31.30751708428246
1255,2020-10-07 15:00:30,2020-10-07 16:03:45,56.0,94.4,123.70879785879629,30.96421052631579,29.509473684210526
1256,2020-10-08 06:05:16,2020-10-08 06:36:46,44.8,75.2,121.1965635508041,30.010526315789473,28.294736842105262
1257,2020-10-08 06:37:07,2020-10-08 07:04:17,75.6,96.0,125.53106563180825,31.871951219512194,30.0
1258,2020-10-08 16:42:38,2020-10-08 17:14:48,46.0,76.8,122.01390566378069,33.2680412371134,31.81958762886598
1259,2020-10-08 17:15:09,2020-10-08 17:44:09,77.2,97.6,125.44052369281053,34.97142857142857,33.28
1260,2020-10-09 05:27:19,2020-10-09 05:59:29,8.400001,38.4,123.50048393149766,30.2319587628866,27.22680412371134
1261,2020-10-09 05:59:50,2020-10-09 06:35:00,38.8,72.0,122.11137985274432,33.410377358490564,30.693396226415093
1262,2020-10-09 06:35:21,2020-10-09 07:07:01,72.4,96.4,124.24886539351851,35.07329842931937,32.6282722513089
1263,2020-10-09 16:40:04,2020-10-09 19:46:49,41.6,97.6,124.73449094494049,32.893009985734665,30.989300998573466
1264,2020-10-10 02:42:20,2020-10-10 03:10:40,55.2,82.0,123.46860437396354,32.10526315789474,29.690058479532162
1265,2020-10-10 03:11:01,2020-10-10 03:36:21,82.4,97.6,125.50075009137439,33.0,31.0
1266,2020-10-10 11:38:39,2020-10-10 12:09:39,61.2,89.2,124.0724305059524,31.93048128342246,30.55614973262032
1267,2020-10-10 15:13:19,2020-10-10 15:33:49,73.2,90.8,124.58650228851012,35.42741935483871,33.943548387096776
1268,2020-10-10 18:46:35,2020-10-10 19:03:35,74.4,85.6,125.80236396329374,36.0,34.0
1269,2020-10-10 19:03:56,2020-10-10 19:22:36,85.6,97.2,123.128585249042,36.0,34.0
1270,2020-10-11 02:58:48,2020-10-11 03:26:48,38.8,65.2,123.35335721801346,33.19526627218935,30.65680473372781
1271,2020-10-11 03:27:09,2020-10-11 03:55:09,65.6,90.4,123.55681787634406,35.10650887573964,32.61538461538461
1272,2020-10-11 11:02:26,2020-10-11 11:37:47,56.0,88.4,124.42443052554867,33.30451127819549,31.090225563909776
1273,2020-10-12 12:10:08,2020-10-12 13:24:03,29.6,95.2,122.4838732617717,33.513513513513516,32.072072072072075
1274,2020-10-12 17:44:15,2020-10-12 18:08:15,81.6,96.8,125.2119825475146,35.110344827586204,34.0
1275,2020-10-12 23:12:03,2020-10-12 23:42:23,79.6,97.6,126.3603408950617,35.73770491803279,33.6448087431694
1276,2020-10-13 14:43:44,2020-10-13 15:10:14,16.4,41.6,122.87148831569665,33.775,32.00625
1277,2020-10-13 15:10:35,2020-10-13 15:38:35,42.0,68.8,122.07609349087896,36.928994082840234,35.0414201183432
1278,2020-10-13 15:38:56,2020-10-13 15:58:01,69.2,87.2,122.88442739197536,38.23275862068966,36.12931034482759
1279,2020-10-13 15:58:22,2020-10-13 16:16:42,87.6,97.6,125.79864805555556,38.891891891891895,36.009009009009006
1280,2020-10-14 07:43:07,2020-10-14 08:00:47,26.0,42.4,125.80539244579947,28.05607476635514,26.878504672897197
1281,2020-10-14 08:01:08,2020-10-14 08:29:58,42.8,70.8,120.16121254960316,31.114942528735632,29.919540229885058
1282,2020-10-14 08:30:19,2020-10-14 08:57:59,71.2,93.6,123.42448245287704,32.952095808383234,31.74251497005988
1283,2020-10-14 16:20:08,2020-10-14 16:48:08,64.8,90.0,123.74999035493823,35.337278106508876,33.30769230769231
1284,2020-10-14 22:07:06,2020-10-14 22:36:56,76.0,95.2,125.13671021412031,34.0,32.0
1285,2020-10-15 05:39:00,2020-10-15 06:10:10,68.0,84.4,126.54978235094848,32.0,30.0
1286,2020-10-15 14:00:56,2020-10-15 14:27:16,30.0,44.0,122.88094468253965,34.081761006289305,32.471698113207545
1287,2020-10-15 14:27:37,2020-10-15 14:56:27,44.4,60.0,123.0288271011396,35.40229885057471,33.695402298850574
1288,2020-10-15 14:56:48,2020-10-15 15:26:38,60.4,76.8,121.04333739837398,36.0,34.0
1289,2020-10-15 15:26:59,2020-10-15 15:55:59,76.8,92.4,123.68409205840449,36.0,34.0
1290,2020-10-15 20:05:57,2020-10-15 20:35:57,76.0,94.0,125.06870594135806,36.0,34.0
1291,2020-10-16 18:46:57,2020-10-16 19:16:07,22.4,42.0,124.24747278911565,33.47159090909091,31.97159090909091
1292,2020-10-16 19:16:28,2020-10-16 19:46:08,42.4,63.2,119.07053405448715,35.59217877094972,34.16201117318436
1293,2020-10-16 19:46:29,2020-10-16 20:02:53,63.2,74.4,122.25051870039678,36.72,35.0
1294,2020-10-16 20:03:14,2020-10-16 20:30:24,74.8,92.8,123.4467892746914,37.0,35.0
1295,2020-10-17 12:01:56,2020-10-17 12:33:16,48.4,70.0,120.88220138888887,30.037037037037038,28.894179894179896
1296,2020-10-17 12:33:37,2020-10-17 13:01:27,70.0,89.2,120.80584505208331,31.202380952380953,30.0
1297,2020-10-17 18:41:20,2020-10-17 19:04:20,52.8,68.4,122.63886645299135,31.964028776978417,29.92086330935252
1298,2020-10-17 19:04:41,2020-10-17 19:34:21,68.8,88.8,123.38331055555555,32.92178770949721,30.821229050279328
1299,2020-10-18 04:03:43,2020-10-18 04:31:43,43.2,58.4,122.8070175438597,29.218934911242602,26.792899408284022
1300,2020-10-18 04:32:04,2020-10-18 04:59:24,58.8,73.6,123.12312312312315,30.0,28.0
1301,2020-10-18 04:59:45,2020-10-18 05:20:25,74.0,85.2,123.018353422619,30.536,28.456
1302,2020-10-18 16:01:38,2020-10-18 16:22:38,23.2,43.6,122.90715080337694,31.590551181102363,29.929133858267715
1303,2020-10-18 16:22:59,2020-10-18 16:53:29,44.0,74.4,119.66283858735378,34.77717391304348,33.21739130434783
1304,2020-10-19 03:27:58,2020-10-19 04:57:21,18.0,97.6,120.85134134561697,32.93144560357675,30.780923994038748
1305,2020-10-19 12:50:04,2020-10-19 13:18:54,51.2,74.0,121.36575347222225,31.53448275862069,29.666666666666668
1306,2020-10-19 13:19:15,2020-10-19 13:46:45,74.0,93.6,121.38322704081634,32.403614457831324,30.674698795180724
1307,2020-10-20 08:47:36,2020-10-20 09:17:16,61.2,79.2,123.33639228395059,25.100558659217878,24.212290502793294
1308,2020-10-20 09:17:37,2020-10-20 09:47:37,79.6,97.6,123.35571936728395,26.16022099447514,25.22099447513812
1309,2020-10-20 16:27:59,2020-10-20 16:54:09,62.0,70.0,122.65625,30.0,28.0
1310,2020-10-20 16:54:30,2020-10-20 17:26:44,70.0,80.0,120.875,30.0,28.0
1311,2020-10-20 17:27:05,2020-10-20 17:57:55,80.0,89.2,125.67934782608691,29.752688172043012,28.0
1312,2020-10-20 17:58:16,2020-10-20 18:26:16,89.2,97.6,122.76121213624351,29.100591715976332,28.0
1313,2020-10-21 12:51:18,2020-10-21 13:20:58,70.0,94.4,121.97062875683058,29.256983240223462,28.40223463687151
1314,2020-10-21 18:36:28,2020-10-21 18:54:58,60.8,80.0,118.69357515914352,30.875,29.285714285714285
1315,2020-10-21 18:55:19,2020-10-21 19:17:59,80.0,96.8,123.37385085978838,31.985401459854014,30.0
1316,2020-10-22 11:13:57,2020-10-22 11:51:07,33.2,56.8,118.1379496233522,27.9375,26.745535714285715
1317,2020-10-22 11:51:28,2020-10-22 12:22:38,56.8,76.4,119.42107617630377,29.930851063829788,28.72340425531915
1318,2020-10-22 12:22:59,2020-10-22 12:51:29,76.8,94.0,123.80896761950903,30.697674418604652,29.412790697674417
1319,2020-10-23 00:50:36,2020-10-23 01:14:26,7.2,20.0,121.1555702690972,30.0,28.0
1320,2020-10-23 01:14:47,2020-10-23 01:49:17,20.0,39.2,119.49215755208333,30.66826923076923,28.629807692307693
1321,2020-10-23 01:49:38,2020-10-23 02:24:28,39.2,58.4,120.6466711516204,32.695238095238096,30.62857142857143
1322,2020-10-23 02:24:49,2020-10-23 02:47:09,58.8,70.8,123.76385787037036,34.0,32.0
1323,2020-10-23 11:43:43,2020-10-23 12:02:33,32.8,45.6,121.69708897569444,27.596491228070175,26.5
1324,2020-10-23 12:02:54,2020-10-23 12:33:24,46.0,67.2,119.41042531446541,29.668478260869566,28.505434782608695
1325,2020-10-23 12:33:45,2020-10-23 13:01:05,67.6,86.0,123.29715096618357,31.0,29.78787878787879
1326,2020-10-23 13:01:26,2020-10-23 13:20:16,86.4,97.6,126.78450930059539,31.93859649122807,30.17543859649123
1327,2020-10-23 21:35:46,2020-10-23 23:08:22,14.8,97.6,121.75399877381912,35.20431654676259,33.13956834532374
1328,2020-10-24 20:04:08,2020-10-24 20:33:38,30.0,58.8,119.30073369984571,30.174157303370787,29.39325842696629
1329,2020-10-24 20:33:59,2020-10-24 21:02:29,59.2,86.8,120.34167688204514,33.05232558139535,32.127906976744185
1330,2020-10-24 21:02:50,2020-10-24 21:21:00,86.8,97.6,124.01495537551448,34.0,33.0
1331,2020-10-25 08:18:46,2020-10-25 08:36:06,48.8,65.2,122.85317555894306,30.257142857142856,28.228571428571428
1332,2020-10-25 08:36:27,2020-10-25 09:06:07,65.6,91.6,122.00163285256413,31.687150837988828,29.720670391061454
1333,2020-10-26 04:25:04,2020-10-26 04:54:44,62.8,90.0,123.03667703227126,30.71508379888268,29.22905027932961
1334,2020-10-26 18:31:11,2020-10-26 19:01:21,14.4,43.6,121.98726284246577,35.862637362637365,34.010989010989015
1335,2020-10-26 19:01:42,2020-10-26 19:33:42,44.0,75.2,121.16853298611107,39.21243523316062,37.26424870466321
1336,2020-10-26 19:34:03,2020-10-26 20:03:33,75.6,97.6,125.19066382575758,40.443820224719104,38.00561797752809
1337,2020-10-27 05:15:09,2020-10-27 06:32:00,34.4,95.2,121.87083628929093,34.92374350086655,31.79896013864818
1338,2020-10-27 15:42:01,2020-10-27 16:02:21,25.6,45.6,119.93683590277782,35.60162601626016,33.60162601626016
1339,2020-10-27 16:02:42,2020-10-27 16:32:42,45.6,75.2,119.60118984609613,38.392265193370164,36.35911602209945
1340,2020-10-27 16:33:03,2020-10-27 16:52:13,75.6,92.0,122.62111212737123,39.706896551724135,37.706896551724135
1341,2020-10-28 01:19:38,2020-10-28 01:47:48,25.6,53.2,118.95731884057972,35.241176470588236,32.423529411764704
1342,2020-10-28 01:48:09,2020-10-28 02:17:59,53.2,82.0,120.7547174479167,37.83888888888889,35.077777777777776
1343,2020-10-28 07:53:10,2020-10-28 08:12:28,44.4,62.8,124.12062190519325,35.03389830508475,31.279661016949152
1344,2020-10-28 08:17:05,2020-10-28 08:37:55,66.4,86.4,123.5396004166667,36.62698412698413,33.198412698412696
1345,2020-10-28 08:38:16,2020-10-28 08:55:46,86.8,97.6,126.59853677983546,37.0,34.0
1346,2020-10-28 16:19:48,2020-10-28 16:52:18,54.8,76.8,123.43121148989901,35.392857142857146,33.23979591836735
1347,2020-10-28 16:52:39,2020-10-28 17:16:49,77.2,93.2,122.50089149305556,36.0,34.0
1348,2020-10-29 12:57:09,2020-10-29 13:27:39,18.0,38.8,121.85563989049149,29.690217391304348,27.880434782608695
1349,2020-10-29 13:28:00,2020-10-29 14:00:00,38.8,61.2,118.58821223958336,32.119170984455955,30.2279792746114
1350,2020-10-29 14:27:23,2020-10-29 14:55:53,80.0,97.6,126.52069783775258,34.0,32.0
1351,2020-10-29 20:29:53,2020-10-29 20:50:03,52.4,64.4,122.05326249999993,31.918032786885245,28.647540983606557
1352,2020-10-29 20:50:24,2020-10-29 21:20:44,64.8,82.0,123.41975008074932,32.0,29.0
1353,2020-10-29 21:21:05,2020-10-29 21:50:15,82.4,97.6,126.68861540570188,32.96022727272727,29.47159090909091
1354,2020-10-30 02:58:36,2020-10-30 03:27:06,53.6,70.4,121.93371106150789,28.912790697674417,25.848837209302324
1355,2020-10-30 03:27:27,2020-10-30 03:55:47,70.4,86.4,122.336825,29.649122807017545,26.859649122807017
1356,2020-10-30 03:56:08,2020-10-30 04:16:38,86.8,97.6,126.76828305041157,30.0,27.0
1357,2020-10-30 20:11:43,2020-10-30 20:38:03,25.6,43.6,121.39433572530866,30.88679245283019,29.20754716981132
1358,2020-10-30 20:38:24,2020-10-30 21:08:44,44.0,65.2,118.66683628144654,32.80327868852459,31.387978142076502
1359,2020-10-30 21:09:05,2020-10-30 21:37:35,65.2,84.8,120.62220734126987,33.69767441860465,32.0
1360,2020-10-31 04:11:55,2020-10-31 04:41:55,14.8,35.6,119.85577403846158,34.193370165745854,30.4585635359116
1361,2020-10-31 04:42:16,2020-10-31 05:13:16,35.6,57.2,119.14870087448561,36.04812834224599,32.60427807486631
1362,2020-10-31 05:13:37,2020-10-31 05:40:17,57.2,75.6,120.2899021739131,37.15527950310559,34.0
1363,2020-10-31 05:40:38,2020-10-31 06:06:28,76.0,92.8,124.5527902612434,38.0,34.544871794871796
1364,2020-10-31 15:45:06,2020-10-31 17:25:42,13.2,92.8,120.5648510835427,34.682119205298015,33.029139072847684
1365,2020-11-01 01:29:21,2020-11-01 02:39:56,18.4,77.2,120.07188231764927,34.48679245283019,31.541509433962265
1366,2020-11-01 07:08:54,2020-11-01 07:44:26,38.8,60.8,121.58512792929292,32.72558139534884,29.306976744186045
1367,2020-11-01 07:44:47,2020-11-01 08:14:17,61.2,79.6,120.75787696256049,34.0,30.820224719101123
1368,2020-11-01 08:14:38,2020-11-01 08:43:48,79.6,97.2,123.59929703282826,34.0,31.0
1369,2020-11-01 18:02:08,2020-11-01 18:18:58,32.4,48.8,120.00255792682933,34.09803921568628,32.6764705882353
1370,2020-11-01 18:19:19,2020-11-01 18:48:59,49.2,77.6,122.04275449921758,36.83798882681564,35.312849162011176
1371,2020-11-01 18:49:20,2020-11-01 19:16:20,78.0,97.6,125.86027310090708,38.0,36.83435582822086
1372,2020-11-02 20:33:09,2020-11-02 20:58:59,29.2,54.4,119.7641210868607,30.935897435897434,29.358974358974358
1373,2020-11-02 20:59:20,2020-11-02 21:29:40,54.8,84.0,121.25667023401827,33.87431693989071,32.31693989071038
1374,2020-11-03 12:01:21,2020-11-03 12:24:31,33.6,48.0,121.21144772376546,27.728571428571428,26.364285714285714
1375,2020-11-03 12:24:52,2020-11-03 12:49:22,48.4,63.6,121.42546546052631,29.60135135135135,28.324324324324323
1376,2020-11-03 12:49:43,2020-11-03 13:08:03,64.0,75.6,119.0733034003832,30.43243243243243,29.0
1377,2020-11-03 13:40:59,2020-11-03 14:06:39,78.8,94.4,123.01463043091164,31.0,29.858064516129033
1378,2020-11-04 01:24:03,2020-11-04 01:42:13,18.4,35.6,123.00548917958653,28.363636363636363,26.48181818181818
1379,2020-11-04 01:42:34,2020-11-04 02:13:14,36.0,66.0,119.0787023148148,31.37837837837838,29.491891891891893
1380,2020-11-04 02:13:35,2020-11-04 02:44:45,66.4,92.8,122.0980645517677,33.54255319148936,31.55851063829787
1381,2020-11-04 14:13:59,2020-11-04 14:51:37,58.8,92.0,123.07183749999999,30.215547703180214,28.434628975265017
1382,2020-11-04 23:37:48,2020-11-05 00:51:03,33.6,97.6,121.89154070312505,31.843636363636364,29.82181818181818
1383,2020-11-06 13:38:56,2020-11-06 14:04:36,14.4,35.6,121.6503035246331,26.993548387096773,26.374193548387098
1384,2020-11-06 14:04:57,2020-11-06 14:30:27,35.6,56.8,118.73494346174007,30.01298701298701,29.31168831168831
1385,2020-11-06 14:30:48,2020-11-06 14:57:48,56.8,78.0,120.10614445754717,32.50920245398773,31.650306748466257
1386,2020-11-06 14:58:09,2020-11-06 15:25:49,78.0,96.4,125.01887801932364,33.634730538922156,32.77245508982036
1387,2020-11-06 21:55:54,2020-11-06 22:20:54,51.2,68.4,121.14502793927649,35.96026490066225,33.629139072847686
1388,2020-11-06 22:21:15,2020-11-06 22:55:39,68.8,91.6,124.54125210160821,36.948113207547166,34.0
1389,2020-11-07 04:57:24,2020-11-07 05:27:04,16.8,37.2,121.88457706971678,36.134078212290504,32.340782122905026
1390,2020-11-07 05:27:25,2020-11-07 05:56:15,37.6,57.2,123.2299146825397,37.724137931034484,33.93103448275862
1391,2020-11-07 05:56:36,2020-11-07 06:26:26,57.6,78.0,122.5395307734205,39.0,35.0
1392,2020-11-07 06:26:47,2020-11-07 06:57:37,78.4,97.6,127.14123169849547,39.0,35.0
1393,2020-11-07 20:20:14,2020-11-07 20:44:34,26.4,50.0,121.52485540254239,33.06122448979592,31.081632653061224
1394,2020-11-07 20:44:55,2020-11-07 21:12:59,50.4,77.6,121.5990789828432,35.57309941520468,33.56140350877193
1395,2020-11-07 21:13:20,2020-11-07 21:40:00,78.0,97.6,125.01984807256238,36.03105590062112,33.67701863354037
1396,2020-11-08 16:01:46,2020-11-08 16:28:56,25.2,51.6,120.19045722853537,32.292682926829265,30.79268292682927
1397,2020-11-08 16:29:17,2020-11-08 16:57:17,52.0,79.2,120.18485437091503,35.28402366863905,33.83431952662722
1398,2020-11-08 16:57:38,2020-11-08 17:19:58,79.2,95.6,123.22325398035237,36.0,35.0
1399,2020-11-09 00:49:04,2020-11-09 01:10:54,41.2,62.0,122.83254714209404,33.15909090909091,30.401515151515152
1400,2020-11-09 01:11:15,2020-11-09 01:42:35,62.4,90.8,121.31945681729266,35.22751322751323,32.455026455026456
1401,2020-11-09 15:42:18,2020-11-09 16:41:01,36.0,90.8,121.04787933140715,33.794117647058826,32.42986425339367
1402,2020-11-10 00:17:19,2020-11-10 00:43:49,45.2,70.4,122.4856599426808,32.3375,29.75
1403,2020-11-10 00:44:10,2020-11-10 01:18:10,70.8,97.2,123.94939057239056,33.8780487804878,31.57560975609756
1404,2020-11-10 16:14:50,2020-11-10 16:35:50,24.8,45.2,120.99537431917209,31.606299212598426,30.19685039370079
1405,2020-11-10 16:51:21,2020-11-10 17:15:31,44.8,68.0,122.35213284243294,34.30821917808219,33.13013698630137
1406,2020-11-10 17:22:12,2020-11-10 17:53:02,72.8,96.0,122.30662386254785,35.96236559139785,34.774193548387096
1407,2020-11-11 16:50:47,2020-11-11 17:10:17,13.6,32.0,123.3922078804348,31.906779661016948,30.14406779661017
1408,2020-11-11 17:10:38,2020-11-11 17:40:58,32.4,61.6,121.00170100837137,34.53551912568306,32.80874316939891
1409,2020-11-11 17:41:19,2020-11-11 18:10:39,62.0,89.2,121.5374650224673,36.77401129943503,35.27683615819209
1410,2020-11-11 22:17:15,2020-11-11 22:42:05,37.6,61.6,120.61401082175924,37.06,33.58
1411,2020-11-11 22:42:26,2020-11-11 23:06:56,62.0,85.2,123.06514044540226,38.817567567567565,35.479729729729726
1412,2020-11-11 23:07:17,2020-11-11 23:26:22,85.6,97.6,125.81332387731482,39.0,36.0
1413,2020-11-12 15:28:24,2020-11-12 15:56:54,29.2,58.4,120.38813356164384,32.18604651162791,30.686046511627907
1414,2020-11-12 16:00:45,2020-11-12 16:25:15,60.8,85.2,123.78586879553733,35.08783783783784,33.66891891891892
1415,2020-11-13 01:31:25,2020-11-13 02:24:50,23.6,53.2,120.35191882507507,31.680124223602483,28.30745341614907
1416,2020-11-13 02:25:11,2020-11-13 02:54:31,53.2,69.6,119.46817987804887,33.0,29.949152542372882
1417,2020-11-13 02:54:52,2020-11-13 03:24:22,70.0,86.0,123.16842795138889,33.0,30.0
1418,2020-11-13 10:03:27,2020-11-13 10:32:27,54.0,81.6,122.59209012681163,30.88,28.44
1419,2020-11-13 10:32:48,2020-11-13 10:56:38,81.6,97.6,125.11286536458333,32.0,29.916666666666668
1420,2020-11-13 16:01:44,2020-11-13 16:31:34,61.6,89.2,122.55132608695651,34.46666666666667,32.68333333333333
1421,2020-11-13 22:26:26,2020-11-13 22:54:06,58.0,84.0,123.41881848290596,33.23353293413174,30.74251497005988
1422,2020-11-14 04:58:10,2020-11-14 06:01:41,44.8,92.8,122.96647894386574,32.293501048218026,29.57651991614256
1423,2020-11-14 16:24:58,2020-11-14 16:49:08,69.6,83.2,123.97264583333325,28.472602739726028,26.863013698630137
1424,2020-11-14 22:19:38,2020-11-14 22:49:08,54.8,83.2,121.61045124217526,27.589887640449437,25.314606741573034
1425,2020-11-14 22:49:29,2020-11-14 23:12:39,83.2,97.6,123.61885194830255,28.992857142857144,26.5
1426,2020-11-15 12:34:03,2020-11-15 13:06:23,42.8,74.0,121.13560683760684,27.733333333333334,26.73846153846154
1427,2020-11-15 13:06:44,2020-11-15 13:31:24,74.0,93.6,122.18043062641728,29.80536912751678,28.825503355704697
1428,2020-11-15 23:47:00,2020-11-16 00:07:50,22.4,42.4,121.83960229166671,27.57936507936508,25.666666666666668
1429,2020-11-16 00:08:11,2020-11-16 00:38:51,42.8,72.8,119.57594421296298,30.951351351351352,29.17837837837838
1430,2020-11-16 00:39:12,2020-11-16 01:06:42,73.2,94.8,124.09659722222226,32.83734939759036,31.0
1431,2020-11-16 10:12:19,2020-11-16 10:45:09,58.4,88.8,122.84769800804101,31.31313131313131,29.343434343434343
1432,2020-11-16 10:45:30,2020-11-16 11:01:55,88.8,97.6,125.12046939709597,32.0,30.0
1433,2020-11-16 19:23:32,2020-11-16 20:26:23,45.2,97.6,124.00904623780748,33.932203389830505,32.273305084745765
1434,2020-11-18 05:29:19,2020-11-18 06:43:30,35.6,97.6,121.93643813620072,30.473967684021545,29.66427289048474
1435,2020-11-18 23:55:40,2020-11-19 01:07:43,14.4,84.0,120.82642007503195,34.30314232902033,32.63955637707948
1436,2020-11-19 07:51:50,2020-11-19 08:13:59,83.2,97.6,122.59713424961427,31.964071856287426,29.20359281437126
1437,2020-11-20 00:16:06,2020-11-20 00:42:06,28.8,53.6,122.37623807123654,32.62420382165605,30.796178343949045
1438,2020-11-20 00:42:27,2020-11-20 01:16:44,54.0,87.2,120.46348234186746,35.55769230769231,33.77884615384615
1439,2020-11-20 14:34:03,2020-11-20 15:01:03,40.4,66.8,119.59808001893944,35.41717791411043,33.576687116564415
1440,2020-11-20 15:01:24,2020-11-20 15:33:14,67.2,94.0,122.60418345771147,37.114583333333336,35.479166666666664
1441,2020-11-21 03:47:55,2020-11-21 04:16:35,24.4,52.4,120.21179697420634,33.28901734104046,31.08670520231214
1442,2020-11-21 04:16:56,2020-11-21 04:38:44,52.8,74.4,118.50976584362134,36.21969696969697,33.89393939393939
1443,2020-11-21 14:50:07,2020-11-21 15:10:37,16.8,36.0,124.61445225694445,31.806451612903224,30.18548387096774
1444,2020-11-21 15:10:58,2020-11-21 15:39:58,36.4,64.8,119.45081905320816,34.83428571428571,33.205714285714286
1445,2020-11-21 15:40:19,2020-11-21 16:13:19,65.2,93.2,123.04119037698413,37.37688442211055,35.38693467336683
1446,2020-11-22 01:35:40,2020-11-22 01:54:30,19.2,36.8,125.10260479797981,32.13157894736842,29.614035087719298
1447,2020-11-22 01:54:51,2020-11-22 02:25:31,37.2,66.8,121.04777805930934,35.23243243243243,32.75675675675676
1448,2020-11-22 02:25:52,2020-11-22 02:53:42,67.2,91.6,122.79429650500914,37.44642857142857,34.851190476190474
1449,2020-11-22 08:03:44,2020-11-22 08:37:44,55.2,78.4,122.52097749042146,34.985365853658536,31.785365853658536
1450,2020-11-22 08:38:05,2020-11-22 09:03:05,78.4,94.8,122.13585162601636,35.29801324503311,32.0
1451,2020-11-22 15:33:06,2020-11-22 16:26:04,57.2,96.8,124.21683234427611,36.20100502512563,34.42462311557789
1452,2020-11-23 18:33:02,2020-11-23 19:00:22,18.8,37.6,121.09485180260047,27.951515151515153,26.484848484848484
1453,2020-11-23 19:00:43,2020-11-23 19:32:13,37.6,59.6,119.17927904040404,30.25263157894737,28.889473684210525
1454,2020-11-23 19:32:34,2020-11-23 20:02:14,60.0,80.4,121.02122576252721,31.877094972067038,30.11731843575419
1455,2020-11-23 20:02:35,2020-11-23 20:32:15,80.8,97.6,124.55441402116408,32.46368715083799,31.0
1456,2020-11-24 15:05:35,2020-11-24 15:22:15,54.8,66.4,119.28404238505743,26.940594059405942,25.84158415841584
1457,2020-11-24 15:22:36,2020-11-24 15:56:56,66.4,89.6,122.68618217193492,28.159420289855074,26.956521739130434
1458,2020-11-25 01:16:37,2020-11-25 01:42:17,29.6,46.8,123.10561967054268,27.18709677419355,25.148387096774194
1459,2020-11-25 02:14:08,2020-11-25 02:31:28,62.0,76.8,96.6122362987988,30.0,28.0
1460,2020-11-25 02:31:49,2020-11-25 03:00:19,76.8,95.2,124.23536330012072,30.941860465116278,28.988372093023255
1461,2020-11-25 16:01:56,2020-11-25 16:27:36,35.6,60.4,121.08872838261651,34.70967741935484,33.27741935483871
1462,2020-11-25 16:27:57,2020-11-25 16:57:27,60.8,88.8,121.56797574404766,36.82022471910113,35.52247191011236
1463,2020-11-26 06:04:11,2020-11-26 06:31:41,30.0,56.8,120.66646911276948,29.85542168674699,27.42168674698795
1464,2020-11-26 06:32:02,2020-11-26 06:58:12,57.2,82.8,120.23438834635418,32.56962025316456,30.037974683544302
1465,2020-11-26 06:58:33,2020-11-26 07:22:43,83.2,97.6,124.92190914351858,33.00684931506849,31.0
1466,2020-11-26 10:46:37,2020-11-26 11:09:57,82.4,97.6,124.3119720394738,31.9645390070922,29.71631205673759
1467,2020-11-26 16:03:56,2020-11-26 16:57:10,45.2,78.0,121.41206681910568,33.9825,32.425
1468,2020-11-26 22:58:56,2020-11-27 00:11:07,28.4,94.0,121.4010069338584,33.0830258302583,30.38929889298893
1469,2020-11-27 13:04:14,2020-11-27 13:26:14,26.8,48.0,121.26704946278825,26.278195488721803,24.804511278195488
1470,2020-11-27 13:26:35,2020-11-27 13:53:05,48.4,74.0,121.09268337673613,29.73125,28.225
1471,2020-11-27 13:53:26,2020-11-27 14:20:36,74.4,95.6,121.53697798742147,31.26829268292683,29.908536585365855
1472,2020-11-28 01:30:43,2020-11-28 01:48:33,18.8,35.6,123.63095039682538,24.675925925925927,22.23148148148148
1473,2020-11-28 01:48:54,2020-11-28 02:16:44,36.0,63.2,119.1549248876634,27.63095238095238,25.261904761904763
1474,2020-11-28 02:17:05,2020-11-28 02:45:45,63.2,89.6,120.39351283670037,30.104046242774565,27.589595375722542
1475,2020-11-28 13:09:22,2020-11-28 13:36:32,34.8,60.8,121.97917441239316,27.579268292682926,26.024390243902438
1476,2020-11-28 13:36:53,2020-11-28 14:05:43,61.2,88.4,121.29494796772875,30.511494252873565,28.977011494252874
1477,2020-11-28 14:06:04,2020-11-28 14:22:54,88.4,97.6,126.17758333333349,31.11764705882353,30.0
1478,2020-11-28 23:45:11,2020-11-29 00:11:51,36.8,62.8,120.72971794871796,27.633540372670808,24.720496894409937
1479,2020-11-29 00:12:12,2020-11-29 00:40:32,63.2,89.2,122.38836923076923,29.742690058479532,27.116959064327485
1480,2020-11-30 12:52:38,2020-11-30 13:52:48,42.4,94.8,122.47628545377438,24.45575221238938,23.261061946902654
1481,2020-11-30 22:41:18,2020-11-30 23:34:48,40.0,89.6,122.05075251456097,25.90049751243781,23.917910447761194
1482,2020-12-01 03:32:31,2020-12-01 03:59:01,37.2,63.2,120.05236741452991,29.3875,25.95
1483,2020-12-01 03:59:22,2020-12-01 04:31:12,63.6,91.6,122.80161160714292,31.53125,28.4375
1484,2020-12-01 15:47:34,2020-12-01 16:55:21,35.2,90.4,120.84924310336152,27.229862475442044,26.021611001964637
1485,2020-12-02 02:09:24,2020-12-02 04:00:25,10.4,97.6,121.63048539596078,28.464585834333732,25.596638655462186
1486,2020-12-02 22:53:57,2020-12-02 23:17:07,51.6,73.6,123.14647683080813,23.40714285714286,21.9
1487,2020-12-02 23:17:28,2020-12-02 23:42:28,74.0,93.2,124.64338917824074,24.927152317880793,23.62251655629139
1488,2020-12-03 04:28:33,2020-12-03 07:36:57,40.8,97.6,122.79721010807904,23.857749469214436,21.598018400566172
1489,2020-12-04 00:31:38,2020-12-04 02:17:32,16.0,97.6,120.71207788500817,24.71105527638191,22.761306532663315
1490,2020-12-04 16:21:14,2020-12-04 16:49:44,33.6,61.6,119.27134806547622,23.16860465116279,22.040697674418606
1491,2020-12-04 16:50:05,2020-12-04 17:15:55,62.0,86.8,121.70363687275987,26.108974358974358,24.92948717948718
1492,2020-12-04 17:16:16,2020-12-04 17:37:06,86.8,97.6,122.66074254115229,27.0,26.0
1493,2020-12-04 23:49:51,2020-12-05 00:21:20,70.0,94.8,121.6693187668011,24.699481865284973,21.699481865284973
1494,2020-12-05 17:41:54,2020-12-05 18:09:44,48.4,74.8,123.19972127525254,23.273809523809526,22.142857142857142
1495,2020-12-05 18:10:05,2020-12-05 18:48:06,75.2,97.6,121.66283924851196,24.94782608695652,23.908695652173915
1496,2020-12-06 02:48:41,2020-12-06 03:18:31,40.4,59.2,119.00413593380613,22.872222222222224,20.1
1497,2020-12-06 03:18:52,2020-12-06 03:49:42,59.2,78.4,120.43981452546294,24.0,21.612903225806452
1498,2020-12-06 03:50:03,2020-12-06 04:13:43,78.8,92.8,126.15080069444443,24.986013986013987,22.153846153846153
1499,2020-12-06 15:31:17,2020-12-06 16:50:24,30.0,97.6,121.35641793639056,26.904040404040405,25.550505050505052
1500,2020-12-07 05:35:55,2020-12-07 06:08:05,39.6,71.2,119.44926410864976,23.912371134020617,21.871134020618555
1501,2020-12-07 06:08:26,2020-12-07 06:35:16,71.6,93.2,122.48200257201643,26.117283950617285,24.049382716049383
1502,2020-12-07 10:42:47,2020-12-07 11:27:37,68.4,97.6,120.77855720129381,25.578635014836795,22.875370919881306
1503,2020-12-08 11:56:43,2020-12-08 13:03:47,40.0,95.6,120.69910916516788,22.21230158730159,21.09722222222222
1504,2020-12-09 10:43:16,2020-12-09 11:12:36,45.6,63.6,118.92825686728396,21.429378531073446,20.310734463276837
1505,2020-12-09 11:12:57,2020-12-09 11:43:17,64.0,81.6,120.40879166666669,22.73224043715847,21.633879781420767
1506,2020-12-09 11:43:38,2020-12-09 12:14:58,81.6,96.8,123.4695042032164,23.544973544973544,22.50793650793651
1507,2020-12-09 21:26:42,2020-12-09 21:53:02,23.6,49.2,120.73458604600692,26.91194968553459,25.144654088050313
1508,2020-12-09 21:53:23,2020-12-09 22:27:03,49.6,82.4,120.55046883468832,30.320197044334975,28.40394088669951
1509,2020-12-09 22:27:24,2020-12-09 22:48:14,82.8,96.8,123.84524623015875,31.904761904761905,29.1984126984127
1510,2020-12-10 04:31:47,2020-12-10 05:04:27,59.2,89.2,123.07132583333333,29.096446700507613,25.96954314720812
1511,2020-12-10 05:04:48,2020-12-10 05:21:18,89.2,97.6,123.37800545634938,30.0,27.0
1512,2020-12-10 14:38:28,2020-12-10 14:56:48,42.0,59.6,121.9286843434344,27.2972972972973,25.91891891891892
1513,2020-12-10 14:57:09,2020-12-10 15:34:51,60.0,92.4,123.05467221793549,29.70175438596491,28.394736842105264
1514,2020-12-10 23:10:19,2020-12-10 23:31:15,27.6,47.6,122.27070675000004,28.30708661417323,26.251968503937007
1515,2020-12-10 23:31:36,2020-12-11 00:04:43,48.0,80.0,120.83026184027776,31.54726368159204,29.562189054726367
1516,2020-12-11 01:07:32,2020-12-11 01:51:58,70.8,97.6,123.67703964552238,32.0688622754491,29.547904191616766
1517,2020-12-11 13:47:37,2020-12-11 14:17:07,35.2,64.0,119.87125525655868,29.359550561797754,27.617977528089888
1518,2020-12-11 14:17:28,2020-12-11 14:43:58,64.0,88.8,120.42620446908604,31.8125,30.35625
1519,2020-12-11 21:54:34,2020-12-11 22:57:49,25.2,88.4,121.70252142449016,32.806315789473686,29.930526315789475
1520,2020-12-12 13:20:06,2020-12-12 13:49:46,58.8,86.8,122.92608725198413,27.29608938547486,26.0
1521,2020-12-13 03:26:10,2020-12-13 04:25:41,51.6,97.6,122.6316873278986,27.25055928411633,25.85682326621924
1522,2020-12-13 15:33:04,2020-12-13 15:51:34,70.0,86.8,124.69990038029108,24.794642857142858,23.830357142857142
1523,2020-12-14 00:09:03,2020-12-14 00:36:13,38.4,57.6,117.30038049768517,28.335365853658537,26.274390243902438
1524,2020-12-14 00:36:34,2020-12-14 01:06:14,57.6,78.0,120.58214426742924,30.067039106145252,28.122905027932962
1525,2020-12-14 01:06:35,2020-12-14 01:30:25,78.4,93.6,125.23028983918134,31.0,29.0
1526,2020-12-14 07:04:25,2020-12-14 07:35:45,18.4,48.4,122.10881370370372,29.275132275132275,25.904761904761905
1527,2020-12-14 07:36:06,2020-12-14 08:05:06,48.8,76.8,121.07243720238094,32.4,28.742857142857144
1528,2020-12-14 08:05:27,2020-12-14 08:32:57,77.2,97.6,122.5252196350763,33.0,29.99397590361446
1529,2020-12-16 08:11:05,2020-12-16 09:39:19,33.2,97.6,120.65477979856797,24.285067873303166,22.254901960784313
1530,2020-12-16 19:19:51,2020-12-16 19:52:21,26.0,48.4,121.15639818948416,21.413265306122447,19.0765306122449
1531,2020-12-16 19:52:42,2020-12-16 20:24:42,48.8,71.6,117.28377095516574,24.031088082901555,21.8860103626943
1532,2020-12-16 20:25:03,2020-12-16 20:51:33,72.0,90.0,121.91746489197534,25.0,23.0
1533,2020-12-17 03:19:18,2020-12-17 03:46:58,85.6,97.6,120.85532546296295,20.0,16.91616766467066
1534,2020-12-17 12:52:26,2020-12-17 13:21:06,56.4,83.6,122.42597217116015,26.283236994219653,23.398843930635838
1535,2020-12-17 13:21:27,2020-12-17 13:39:07,84.0,95.6,122.47609111590047,27.0,24.7196261682243
1536,2020-12-17 20:36:51,2020-12-17 21:09:31,46.0,66.0,119.00766076388886,22.248730964467004,19.258883248730964
1537,2020-12-17 21:09:52,2020-12-17 21:39:42,66.0,83.2,120.83980781653749,23.0,20.555555555555557
1538,2020-12-17 21:40:03,2020-12-17 22:08:33,83.2,96.8,120.5259721200981,23.848837209302324,21.11046511627907
1539,2020-12-18 14:25:16,2020-12-18 14:52:36,38.4,64.8,120.74599715909093,18.915151515151514,17.624242424242425
1540,2020-12-18 14:52:57,2020-12-18 15:22:37,65.2,90.4,122.67527199074073,21.988826815642458,20.65921787709497
1541,2020-12-18 19:03:55,2020-12-18 19:21:05,70.0,86.0,121.35937526041674,22.60576923076923,20.509615384615383
1542,2020-12-19 01:42:23,2020-12-19 02:06:23,55.6,78.0,122.82426965525795,20.958620689655174,18.46206896551724
1543,2020-12-19 06:11:41,2020-12-19 07:18:40,49.2,97.6,121.92141876434803,21.302186878727635,18.69980119284294
1544,2020-12-19 19:04:11,2020-12-19 19:27:51,24.4,47.6,119.99402568247123,19.195804195804197,17.55944055944056
1545,2020-12-19 19:28:12,2020-12-19 19:54:42,47.6,74.4,116.3173847429519,22.58125,20.95
1546,2020-12-19 19:55:03,2020-12-19 20:20:53,74.4,94.4,119.22777722222224,24.26923076923077,22.602564102564102
1547,2020-12-21 10:26:07,2020-12-21 10:57:07,56.0,84.8,123.38253525270065,25.21390374331551,23.43850267379679
1548,2020-12-21 17:27:02,2020-12-21 17:56:32,70.0,93.6,122.84723299199625,25.60112359550562,23.853932584269664
1549,2020-12-22 00:32:05,2020-12-22 01:01:25,56.8,74.0,122.1229195736434,22.915254237288135,20.124293785310734
1550,2020-12-22 01:01:46,2020-12-22 01:29:56,74.4,90.0,124.29756356837612,23.435294117647057,21.0
1551,2020-12-22 15:20:00,2020-12-22 15:37:00,61.6,72.0,122.89933279914531,17.9126213592233,17.29126213592233
1552,2020-12-22 15:37:21,2020-12-22 16:09:51,72.0,92.0,121.40698076388891,19.301020408163264,18.53061224489796
1553,2020-12-22 22:53:12,2020-12-22 23:19:12,44.0,68.8,122.58234246191758,24.248407643312103,22.81528662420382
1554,2020-12-22 23:19:33,2020-12-22 23:50:33,69.2,94.4,121.65676884920636,26.502673796791445,24.759358288770052
1555,2020-12-23 14:38:53,2020-12-23 15:24:31,53.2,92.8,122.90264436026936,25.92128279883382,24.504373177842567
1556,2020-12-24 02:26:03,2020-12-24 02:52:33,48.8,74.0,122.32807583774255,27.5125,25.4625
1557,2020-12-24 02:52:54,2020-12-24 03:15:54,74.4,92.8,123.35146407004838,29.0,27.0
1558,2020-12-24 14:49:09,2020-12-24 15:16:49,32.8,59.6,120.4778230721393,24.97005988023952,23.65868263473054
1559,2020-12-24 15:17:10,2020-12-24 15:46:00,60.0,87.2,122.32639976511437,27.92528735632184,26.557471264367816
1560,2020-12-24 15:46:21,2020-12-24 16:06:11,87.6,97.6,125.1583541666667,29.0,27.241666666666667
1561,2020-12-25 02:43:16,2020-12-25 04:06:23,26.0,97.6,121.50393438081942,26.80448717948718,24.650641025641026
1562,2020-12-25 22:48:41,2020-12-25 23:16:51,29.6,57.2,119.3644472624799,25.688235294117646,24.08823529411765
1563,2020-12-25 23:17:12,2020-12-25 23:42:02,57.6,81.6,120.99885925925929,28.613333333333333,26.973333333333333
1564,2020-12-26 03:11:45,2020-12-26 03:32:15,66.8,86.4,122.02522689909291,28.483870967741936,25.387096774193548
1565,2020-12-26 12:24:47,2020-12-26 12:54:17,43.6,64.4,119.88183834134615,25.4438202247191,23.837078651685392
1566,2020-12-26 12:54:38,2020-12-26 13:22:58,64.4,84.0,122.16130626417238,27.0,25.239766081871345
1567,2020-12-26 13:23:19,2020-12-26 13:46:39,84.4,97.6,126.58459469696979,27.907801418439718,26.0
1568,2020-12-27 03:52:31,2020-12-27 05:39:23,14.0,97.6,121.23083014021796,28.589775561097255,26.674563591022444
1569,2020-12-27 15:32:32,2020-12-27 16:50:51,14.8,80.0,120.03720107788003,31.508503401360546,29.9421768707483
1570,2020-12-28 08:28:33,2020-12-28 08:59:43,50.0,71.2,122.51048218029348,23.872340425531913,21.78191489361702
1571,2020-12-28 09:00:04,2020-12-28 09:30:04,71.2,91.2,122.3916803472222,25.303867403314918,23.392265193370164
1572,2020-12-28 21:58:13,2020-12-28 23:19:29,50.0,97.6,123.72304533730161,30.126229508196722,28.052459016393442
1573,2020-12-29 11:06:48,2020-12-29 11:28:58,38.4,59.6,122.35457252358488,25.567164179104477,24.149253731343283
1574,2020-12-29 11:29:19,2020-12-29 11:57:49,60.0,87.2,121.39706699346404,28.203488372093023,26.843023255813954
1575,2020-12-29 11:58:10,2020-12-29 12:18:00,87.2,97.6,123.34270606303434,29.0,28.0
1576,2020-12-29 20:05:37,2020-12-29 20:25:17,35.6,54.8,119.62312796585654,30.73109243697479,28.58823529411765
1577,2020-12-29 20:25:38,2020-12-29 21:08:24,55.2,92.8,122.35436102615252,33.325581395348834,31.209302325581394
1578,2020-12-30 11:27:02,2020-12-30 11:57:59,65.2,74.8,122.07259181134265,18.0,16.18617021276596
1579,2020-12-30 11:58:20,2020-12-30 12:27:40,74.8,83.6,126.05424873737378,18.785310734463277,17.0
1580,2020-12-30 12:28:01,2020-12-30 12:47:31,84.0,89.6,129.18648139880963,19.0,17.0
1581,2020-12-30 22:36:47,2020-12-30 22:59:47,30.0,50.8,121.92576315438038,22.201438848920862,19.64748201438849
1582,2020-12-30 23:00:08,2020-12-30 23:28:18,51.2,78.8,119.4801837761675,27.394117647058824,24.5
1583,2020-12-31 02:29:47,2020-12-31 02:59:17,64.8,90.4,122.64975987413192,25.0,20.51123595505618
1584,2020-12-31 16:12:54,2020-12-31 16:43:14,14.0,42.0,122.61856651785715,23.027322404371585,21.12568306010929
1585,2020-12-31 16:43:35,2020-12-31 17:13:25,42.4,71.6,119.48393826103502,27.788888888888888,25.955555555555556
1586,2020-12-31 17:13:46,2020-12-31 17:44:56,72.0,96.0,122.60186979166667,29.643617021276597,27.78723404255319
1587,2021-01-01 03:13:49,2021-01-01 03:32:19,33.6,51.6,120.38968541666677,19.803571428571427,16.696428571428573
1588,2021-01-01 03:32:40,2021-01-01 03:57:40,52.0,76.0,122.02606903935187,22.39072847682119,19.483443708609272
1589,2021-01-01 13:32:15,2021-01-01 14:27:22,50.8,92.4,122.66094281183224,23.463768115942027,21.507246376811594
1590,2021-01-01 20:50:49,2021-01-01 21:12:49,42.8,63.6,122.9814658787393,22.849624060150376,19.984962406015036
1591,2021-01-01 21:13:10,2021-01-01 21:40:40,64.0,88.8,121.30155320340505,24.674698795180724,21.849397590361445
1592,2021-01-01 21:41:01,2021-01-01 21:58:51,88.8,96.8,121.21525781249997,25.0,22.63888888888889
1593,2021-01-02 02:27:04,2021-01-02 02:55:34,64.0,88.0,122.14121354166669,21.837209302325583,18.430232558139537
1594,2021-01-02 08:19:24,2021-01-02 08:40:04,57.6,76.8,125.15120167824078,20.488,17.176
1595,2021-01-02 08:40:25,2021-01-02 09:08:25,77.2,95.2,122.56252947530865,21.236686390532544,18.183431952662723
1596,2021-01-02 14:29:32,2021-01-02 15:00:49,68.0,93.6,121.95688371853302,22.82010582010582,21.502645502645503
1597,2021-01-02 23:56:00,2021-01-03 01:03:14,37.6,91.6,121.16920590020577,22.77317554240631,20.57396449704142
1598,2021-01-03 03:54:23,2021-01-03 04:20:03,68.8,90.4,122.8002948816872,22.974193548387095,19.54193548387097
1599,2021-01-03 07:02:56,2021-01-03 07:22:26,59.2,70.8,126.09315289750964,22.0,18.491525423728813
1600,2021-01-03 07:22:47,2021-01-03 07:48:17,71.2,86.4,125.53728426535086,22.785714285714285,19.0
1601,2021-01-03 07:48:38,2021-01-03 08:13:38,86.8,97.6,120.31896656378606,23.0,19.94039735099338
1602,2021-01-04 02:02:46,2021-01-04 02:24:26,32.4,46.0,121.40218341503267,21.72519083969466,20.244274809160306
1603,2021-01-04 02:24:47,2021-01-04 02:56:57,46.0,66.0,118.71182520833332,24.030927835051546,22.49484536082474
1604,2021-01-04 02:57:18,2021-01-04 03:27:08,66.4,83.6,122.2892617086564,25.15,23.9
1605,2021-01-04 03:27:29,2021-01-04 03:53:09,84.0,97.6,125.6485057189543,26.0,24.716129032258063
1606,2021-01-04 15:35:21,2021-01-04 17:08:35,16.0,74.0,119.4459685704023,25.742857142857144,24.54
1607,2021-01-04 17:13:17,2021-01-04 17:26:53,74.4,85.2,95.77264742798357,28.0,27.0
1608,2021-01-05 12:54:17,2021-01-05 13:21:37,33.6,60.0,119.28137189604382,24.818181818181817,23.272727272727273
1609,2021-01-05 13:21:58,2021-01-05 13:54:08,60.0,89.2,121.36892584665145,28.061855670103093,26.45360824742268
1610,2021-01-06 09:41:22,2021-01-06 10:09:02,29.2,55.6,121.40572537878786,20.023952095808383,18.562874251497007
1611,2021-01-06 10:39:24,2021-01-06 11:05:44,69.6,90.8,122.54391037735853,24.371069182389938,22.78616352201258
1612,2021-01-06 11:06:05,2021-01-06 11:25:35,90.8,97.6,112.3365786356209,25.0,23.161016949152543
1613,2021-01-06 20:48:47,2021-01-06 21:11:57,25.2,32.4,120.16777488425927,23.0,21.12142857142857
1614,2021-01-06 21:12:18,2021-01-06 21:43:48,32.4,42.0,122.49994531249995,23.910526315789475,22.0
1615,2021-01-06 21:44:09,2021-01-06 22:14:59,42.0,52.0,115.11105972222222,24.71505376344086,22.897849462365592
1616,2021-01-06 22:15:20,2021-01-06 22:48:50,52.4,62.8,120.2563565705128,25.504950495049506,23.633663366336634
1617,2021-01-06 22:49:11,2021-01-06 23:20:01,62.8,72.4,119.9073538773147,25.99462365591398,23.865591397849464
1618,2021-01-06 23:20:22,2021-01-06 23:50:12,72.8,81.6,126.56560006313133,25.988888888888887,23.788888888888888
1619,2021-01-06 23:50:33,2021-01-07 00:18:23,82.0,90.4,123.70364847883586,26.0,24.0
1620,2021-01-07 00:18:44,2021-01-07 00:44:24,90.4,97.6,130.46680848765453,26.0,24.0
1621,2021-01-07 08:06:28,2021-01-07 08:35:28,53.2,80.4,123.87256944444445,26.194285714285716,23.411428571428573
1622,2021-01-07 08:35:49,2021-01-07 08:59:19,80.8,96.8,122.1250295138889,27.0,24.577464788732396
1623,2021-01-08 02:12:04,2021-01-08 02:42:54,29.2,58.8,120.96848592342344,26.682795698924732,22.822580645161292
1624,2021-01-08 02:43:15,2021-01-08 03:11:05,59.2,86.0,120.63901062396354,28.922619047619047,25.0
1625,2021-01-08 03:11:26,2021-01-08 03:32:36,86.4,97.6,123.94844928075412,28.9375,24.984375
1626,2021-01-08 12:19:36,2021-01-08 12:46:06,46.0,67.2,121.38235023584907,26.46875,22.48125
1627,2021-01-08 12:46:27,2021-01-08 13:16:17,67.6,89.6,121.91226249999998,27.0,23.133333333333333
1628,2021-01-08 13:16:38,2021-01-08 13:37:08,90.0,97.6,123.71167288011706,27.0,23.193548387096776
1629,2021-01-09 13:24:18,2021-01-09 14:29:01,23.6,86.4,119.64522605714794,27.551440329218106,24.800411522633745
1630,2021-01-10 01:01:22,2021-01-10 01:22:52,18.0,37.2,123.34924652777775,22.607692307692307,19.584615384615386
1631,2021-01-10 01:39:00,2021-01-10 02:06:20,51.2,77.6,121.56249126683502,29.133333333333333,25.98181818181818
1632,2021-01-10 02:06:41,2021-01-10 02:34:31,78.0,96.4,117.25545478562798,30.0,27.0
1633,2021-01-10 16:54:19,2021-01-10 17:21:59,16.0,42.4,122.87353630050508,20.18562874251497,18.04191616766467
1634,2021-01-10 17:22:20,2021-01-10 17:52:00,42.4,72.0,117.56521448010508,24.033519553072626,21.972067039106147
1635,2021-01-10 17:52:21,2021-01-10 18:09:51,72.0,88.0,119.07551692708336,25.971698113207548,23.88679245283019
1636,2021-01-11 02:36:30,2021-01-11 04:36:19,26.8,97.6,120.99535168314502,26.64849833147942,23.016685205784206
1637,2021-01-11 16:05:39,2021-01-11 16:35:49,44.8,64.8,122.75625847222223,24.302197802197803,20.681318681318682
1638,2021-01-11 16:36:10,2021-01-11 17:04:10,65.2,84.4,124.08276707175925,26.0,22.994082840236686
1639,2021-01-11 17:04:31,2021-01-11 17:32:01,84.8,97.6,123.28452615017362,26.0,23.0
1640,2021-01-12 01:21:27,2021-01-12 01:51:17,34.0,62.8,119.46905690586422,23.38888888888889,19.244444444444444
1641,2021-01-12 01:51:38,2021-01-12 02:20:08,63.2,88.8,121.72418782552086,25.837209302325583,22.38953488372093
1642,2021-01-12 02:20:29,2021-01-12 02:41:49,89.2,97.6,128.68222966269855,26.108527131782946,23.0
1643,2021-01-12 06:37:31,2021-01-12 07:06:11,60.8,76.8,122.43055555555556,23.0,18.0
1644,2021-01-12 12:10:24,2021-01-12 12:38:54,45.6,65.2,119.96173469387755,21.988372093023255,19.197674418604652
1645,2021-01-12 12:39:15,2021-01-12 13:11:35,65.6,87.6,121.25000000000001,23.28205128205128,20.712820512820514
1646,2021-01-12 13:11:56,2021-01-12 13:35:26,87.6,97.6,124.65837555555555,24.0,21.880281690140844
1647,2021-01-13 05:12:57,2021-01-13 05:39:27,10.8,34.4,122.57063659369116,22.1125,18.98125
1648,2021-01-13 05:39:48,2021-01-13 06:12:33,34.8,67.2,118.07786027520577,27.82323232323232,24.434343434343436
1649,2021-01-13 06:12:54,2021-01-13 06:48:09,67.2,96.0,118.36493786168984,29.441314553990612,26.0
1650,2021-01-13 13:43:59,2021-01-13 14:14:09,60.4,88.0,122.06271623389695,24.406593406593405,22.054945054945055
1651,2021-01-13 14:14:30,2021-01-13 14:37:40,88.0,97.6,120.20111906828713,25.0,23.0
1652,2021-01-14 00:45:16,2021-01-14 01:11:06,42.8,58.8,120.56255208333336,20.98076923076923,18.25
1653,2021-01-14 01:11:27,2021-01-14 01:37:57,59.2,75.2,123.66672187500005,22.15,19.83125
1654,2021-01-14 01:38:18,2021-01-14 02:09:08,75.6,94.0,123.81495327596615,23.0,20.71505376344086
1655,2021-01-14 07:05:28,2021-01-14 07:31:38,62.8,85.6,121.00511665448343,20.955696202531644,17.518987341772153
1656,2021-01-14 11:57:40,2021-01-14 12:28:00,53.2,71.6,123.65187303743967,21.0,19.2896174863388
1657,2021-01-14 12:28:21,2021-01-14 12:57:01,72.0,89.6,122.07071456755052,22.028901734104046,20.36416184971098
1658,2021-01-14 12:57:22,2021-01-14 13:18:32,89.6,97.6,123.04867968750004,23.0,21.0
1659,2021-01-14 23:46:49,2021-01-15 00:18:49,40.8,72.4,118.76494541139238,26.191709844559586,23.875647668393782
1660,2021-01-15 16:28:23,2021-01-15 17:01:33,38.4,71.6,116.85159027777783,26.5,25.265
1661,2021-01-15 17:01:54,2021-01-15 17:33:44,71.6,96.4,119.63935786290321,28.854166666666668,27.71875
1662,2021-01-16 01:56:25,2021-01-16 03:13:08,34.0,97.6,122.3794655027079,26.616319444444443,23.760416666666668
1663,2021-01-16 10:08:49,2021-01-16 10:30:49,55.2,70.0,123.37842792792794,25.451127819548873,22.646616541353385
1664,2021-01-16 10:31:10,2021-01-16 11:01:00,70.4,90.4,122.56115611111113,26.0,23.3
1665,2021-01-16 11:01:21,2021-01-16 11:19:51,90.4,97.6,124.23999440586448,26.446428571428573,24.0
1666,2021-01-16 23:53:02,2021-01-17 00:22:52,35.2,60.4,117.13515200617286,27.761111111111113,25.4
1667,2021-01-17 00:23:13,2021-01-17 00:53:23,60.4,84.0,119.71811681967984,29.73076923076923,27.34065934065934
1668,2021-01-17 06:25:01,2021-01-17 07:15:38,50.0,94.0,123.01071113320707,27.362745098039216,24.568627450980394
1669,2021-01-18 07:07:14,2021-01-18 07:29:04,33.6,53.2,120.63209736394558,20.53787878787879,18.53787878787879
1670,2021-01-18 07:29:25,2021-01-18 07:58:55,53.6,82.0,121.40308480046951,26.213483146067414,23.89325842696629
1671,2021-01-18 07:59:16,2021-01-18 08:24:16,82.4,97.6,120.47698985745623,27.0,24.973509933774835
1672,2021-01-19 06:45:08,2021-01-19 07:06:38,42.4,61.6,121.51693438946761,21.607692307692307,19.892307692307693
1673,2021-01-19 07:06:59,2021-01-19 07:38:39,61.6,89.2,121.41104569243157,25.790575916230367,23.94240837696335
1674,2021-01-19 07:39:00,2021-01-19 07:58:10,89.6,97.6,123.36636770833334,26.939655172413794,25.0
1675,2021-01-19 13:13:26,2021-01-19 13:41:06,52.8,79.2,123.72265572390575,27.263473053892216,25.15568862275449
1676,2021-01-20 08:25:26,2021-01-20 12:21:18,24.8,97.6,119.08496337377899,21.752542372881354,20.550282485875705
1677,2021-01-20 19:23:10,2021-01-20 19:44:50,56.0,76.4,124.13808619281042,27.587786259541986,25.900763358778626
1678,2021-01-20 19:45:11,2021-01-20 20:13:31,76.8,97.6,121.98319090544875,28.86549707602339,27.07017543859649
1679,2021-01-21 03:14:05,2021-01-21 03:45:15,15.6,45.2,122.41274817004508,28.085106382978722,25.3031914893617
1680,2021-01-21 03:45:36,2021-01-21 04:16:26,45.6,76.0,117.94867041301171,31.747311827956988,29.155913978494624
1681,2021-01-21 04:16:47,2021-01-21 04:39:17,76.4,93.6,123.09272302971583,33.0,30.860294117647058
1682,2021-01-21 15:54:09,2021-01-21 16:13:38,66.4,84.8,122.53780548762083,27.093220338983052,25.406779661016948
1683,2021-01-22 02:05:30,2021-01-22 02:34:10,20.4,38.0,121.86550536616159,26.832369942196532,24.398843930635838
1684,2021-01-22 02:34:31,2021-01-22 03:01:11,38.4,55.2,118.77808283730154,28.63975155279503,26.242236024844722
1685,2021-01-22 03:01:32,2021-01-22 03:28:22,55.2,72.4,116.73285642764853,30.0,27.530864197530864
1686,2021-01-22 03:28:43,2021-01-22 03:54:43,72.4,88.4,121.59719583333334,30.318471337579616,28.0
1687,2021-01-22 14:13:01,2021-01-22 14:38:21,39.6,55.6,118.75086814236111,25.15686274509804,23.470588235294116
1688,2021-01-22 14:38:42,2021-01-22 15:04:02,55.6,71.2,121.79487179487178,26.666666666666668,24.96732026143791
1689,2021-01-22 15:04:23,2021-01-22 15:31:23,71.6,88.0,123.47560975609753,27.134969325153374,25.742331288343557
1690,2021-01-23 00:36:49,2021-01-23 00:55:19,34.4,52.4,120.10572515432104,25.830357142857142,23.446428571428573
1691,2021-01-23 00:55:40,2021-01-23 01:26:40,52.8,82.4,122.25132038288284,28.3475935828877,26.080213903743317
1692,2021-01-24 19:59:39,2021-01-24 20:22:19,6.8,28.4,122.721211869856,25.503649635036496,24.284671532846716
1693,2021-01-24 20:22:40,2021-01-24 20:52:30,28.8,58.0,119.40307695966517,28.622222222222224,27.38888888888889
1694,2021-01-24 20:52:51,2021-01-24 21:23:01,58.0,87.2,119.64470690639266,31.736263736263737,30.554945054945055
1695,2021-01-24 21:23:22,2021-01-24 21:43:37,87.2,97.6,123.14906884348302,32.63414634146341,31.235772357723576
1696,2021-01-25 06:59:11,2021-01-25 07:29:11,58.4,87.2,121.58804885223759,26.917127071823206,24.07182320441989
1697,2021-01-25 19:41:47,2021-01-25 20:12:17,20.8,50.4,119.97701065127629,29.16304347826087,27.64673913043478
1698,2021-01-25 20:12:38,2021-01-25 20:39:28,50.8,76.8,120.18162243589742,32.617283950617285,30.969135802469136
1699,2021-01-25 21:13:20,2021-01-25 21:31:30,89.6,97.6,117.31771180555559,33.518181818181816,31.0
1700,2021-01-26 11:49:39,2021-01-26 12:12:09,40.8,62.4,120.84106385030864,25.779411764705884,24.426470588235293
1701,2021-01-26 12:12:30,2021-01-26 12:41:20,62.8,88.8,122.47062767094017,28.132183908045977,26.695402298850574
1702,2021-01-26 12:41:41,2021-01-26 12:59:21,89.2,97.6,126.30788789682556,29.0,27.91588785046729
1703,2021-01-27 00:26:31,2021-01-27 00:53:11,12.8,29.2,121.4575261686992,27.03105590062112,24.316770186335404
1704,2021-01-27 00:53:32,2021-01-27 01:21:22,29.2,46.4,120.82854182816544,28.464285714285715,25.827380952380953
1705,2021-01-27 01:21:43,2021-01-27 01:53:33,46.4,66.4,118.84449750000002,30.479166666666668,27.671875
1706,2021-01-27 01:53:54,2021-01-27 02:21:34,66.4,83.6,120.12924483204146,31.0,28.53293413173653
1707,2021-01-27 16:46:27,2021-01-27 17:12:07,32.0,41.2,121.33005857487922,25.703225806451613,24.374193548387098
1708,2021-01-27 17:12:28,2021-01-27 17:47:38,41.2,54.4,115.8901959175085,27.0,25.62264150943396
1709,2021-01-27 17:47:59,2021-01-27 18:19:09,54.4,66.0,116.87504477969351,28.0,26.904255319148938
1710,2021-01-27 18:19:30,2021-01-27 18:48:40,66.0,76.8,117.47689686213998,28.0,27.0
1711,2021-01-27 18:49:01,2021-01-27 19:22:01,76.8,88.4,123.74286278735629,28.0,27.0
1712,2021-01-27 19:22:22,2021-01-27 19:48:32,88.8,97.6,129.34664046717182,28.0,27.0
1713,2021-01-28 14:09:51,2021-01-28 14:30:41,41.2,55.6,120.2854776234568,25.023809523809526,23.76984126984127
1714,2021-01-28 14:31:02,2021-01-28 14:57:12,56.0,73.6,123.70499992108586,26.753164556962027,25.575949367088608
1715,2021-01-28 14:57:33,2021-01-28 15:24:43,74.0,92.0,122.52468109567903,27.774390243902438,26.76829268292683
1716,2021-01-28 22:09:51,2021-01-28 22:37:41,62.8,88.0,123.63482567239859,26.31547619047619,23.458333333333332
1717,2021-01-28 22:38:02,2021-01-28 22:58:22,88.4,97.2,122.96561758207076,27.0,24.0
1718,2021-01-29 20:00:32,2021-01-29 20:17:52,15.6,32.0,123.84909933943091,23.428571428571427,22.0
1719,2021-01-29 20:18:13,2021-01-29 20:49:03,32.4,62.4,120.25233194444446,26.655913978494624,25.134408602150536
1720,2021-01-29 20:49:24,2021-01-29 21:18:34,62.8,89.2,121.71929345538719,29.454545454545453,27.772727272727273
1721,2021-01-29 21:18:55,2021-01-29 21:35:25,89.6,97.6,124.59204600694444,30.0,28.11
1722,2021-01-30 01:27:24,2021-01-30 01:54:04,59.6,85.2,121.73070182291667,28.391304347826086,24.77639751552795
1723,2021-01-30 01:54:25,2021-01-30 02:17:55,85.6,97.6,125.13082939814817,29.0,25.0
1724,2021-01-30 11:08:08,2021-01-30 11:36:48,47.6,73.2,121.86851367187504,24.23121387283237,22.127167630057805
1725,2021-01-30 11:37:09,2021-01-30 12:04:59,73.6,94.4,122.36044624732901,25.875,23.88095238095238
1726,2021-01-30 20:28:33,2021-01-30 21:37:40,42.4,97.6,122.12496794987926,28.090558766859345,26.1252408477842
1727,2021-01-31 22:49:55,2021-01-31 23:16:36,18.0,43.6,121.9260156358507,25.681592039800996,24.308457711442784
1728,2021-01-31 23:19:16,2021-02-01 00:19:59,43.2,95.2,121.9692459027778,30.094298245614034,28.787280701754387
1729,2021-02-01 15:36:27,2021-02-01 16:36:38,46.4,97.2,122.18273706802272,30.212389380530972,28.938053097345133
1730,2021-02-02 13:19:33,2021-02-02 14:37:36,28.8,97.6,120.55913281451876,28.950511945392492,27.755972696245735
1731,2021-02-02 23:22:48,2021-02-02 23:49:48,33.2,59.2,121.2072702991453,30.484662576687118,28.177914110429448
1732,2021-02-02 23:50:09,2021-02-03 00:32:47,59.6,95.6,121.71312625000003,33.3062015503876,30.689922480620154
1733,2021-02-03 12:23:36,2021-02-03 12:55:26,45.6,64.0,121.13300400060388,27.65625,26.182291666666668
1734,2021-02-03 12:55:47,2021-02-03 13:29:06,64.0,83.2,121.47714221643517,28.930348258706466,27.17412935323383
1735,2021-02-03 13:29:27,2021-02-03 13:56:17,83.6,97.6,126.19148263888889,29.506172839506174,28.0
1736,2021-02-04 13:03:36,2021-02-04 13:29:56,46.4,60.4,122.9861130952381,25.930817610062892,24.57861635220126
1737,2021-02-04 13:30:17,2021-02-04 14:00:17,60.8,77.2,121.95121951219508,27.022099447513813,25.91160220994475
1738,2021-02-04 14:00:38,2021-02-04 14:30:58,77.2,93.6,123.30623306233068,28.0,26.83606557377049
1739,2021-02-05 02:03:32,2021-02-05 02:34:12,14.8,44.4,121.57376079204205,28.54054054054054,26.28108108108108
1740,2021-02-05 02:34:33,2021-02-05 03:05:33,44.4,75.2,118.14167960858586,32.213903743315505,30.09625668449198
1741,2021-02-05 03:05:54,2021-02-05 03:33:44,75.6,96.8,120.99776736111107,33.875,31.767857142857142
1742,2021-02-06 03:11:55,2021-02-06 03:42:15,22.8,52.0,120.66259617579911,29.103825136612024,27.060109289617486
1743,2021-02-06 03:42:36,2021-02-06 04:14:06,52.4,82.8,120.41531807383046,32.66315789473684,30.58421052631579
1744,2021-02-06 04:14:27,2021-02-06 04:38:27,83.2,97.6,123.26195707947538,34.0,32.0
1745,2021-02-06 12:39:29,2021-02-06 12:58:59,60.4,66.4,121.91898587962949,29.0,27.0
1746,2021-02-06 12:59:20,2021-02-06 13:28:40,66.4,75.2,125.05998074494956,29.0,27.0
1747,2021-02-06 13:29:01,2021-02-06 13:55:01,75.6,83.2,128.42837646198817,29.0,27.40764331210191
1748,2021-02-06 14:03:42,2021-02-06 14:27:12,84.4,91.6,122.27817862654342,29.0,28.0
1749,2021-02-06 14:27:33,2021-02-06 14:48:13,91.6,97.6,127.06024259259266,29.0,28.0
1750,2021-02-07 02:56:41,2021-02-07 04:36:29,4.4,95.2,121.60294701725407,31.427236315086784,29.162883845126835
1751,2021-02-07 16:59:44,2021-02-07 18:19:23,28.0,97.6,121.67698818047575,32.70066889632107,31.346153846153847
1752,2021-02-08 13:12:06,2021-02-08 13:54:40,66.4,97.6,124.04586275819092,28.559375,27.446875
1753,2021-02-09 10:15:41,2021-02-09 10:44:39,32.0,60.8,117.15992106481482,25.10091743119266,23.63302752293578
1754,2021-02-09 10:46:01,2021-02-09 11:00:53,60.0,74.4,120.21856545138883,27.61946902654867,26.079646017699115
1755,2021-02-09 12:00:27,2021-02-09 12:25:16,75.6,96.8,106.98749633123687,27.97326203208556,26.81283422459893
1756,2021-02-10 08:39:51,2021-02-10 10:08:45,4.8,89.6,119.70560958955714,23.721556886227546,21.7125748502994
1757,2021-02-10 21:02:00,2021-02-10 22:49:49,8.0,98.8,119.84437212891584,28.164400494437576,25.796044499381953
1758,2021-02-11 02:59:59,2021-02-11 03:43:13,64.8,97.6,121.57021700542003,28.858461538461537,25.532307692307693
1759,2021-02-11 23:12:13,2021-02-12 01:00:42,34.0,97.6,119.43338839972051,24.476658476658475,22.78009828009828
1760,2021-02-13 08:42:09,2021-02-13 09:11:49,46.4,70.4,119.76042795138886,22.452513966480446,21.575418994413408
1761,2021-02-13 09:12:10,2021-02-13 09:43:00,70.8,92.8,121.9217279040404,24.166666666666668,23.263440860215052
1762,2021-02-13 23:35:26,2021-02-14 00:05:36,24.8,54.8,117.48381111111112,27.054945054945055,25.923076923076923
1763,2021-02-14 00:05:57,2021-02-14 00:31:37,55.2,80.4,118.96055125661374,30.225806451612904,28.838709677419356
1764,2021-02-14 00:31:58,2021-02-14 00:57:48,80.8,97.6,124.44857804232808,31.0,30.0
1765,2021-02-14 23:32:07,2021-02-14 23:59:17,31.2,58.4,116.88012265114381,29.920731707317074,27.932926829268293
1766,2021-02-14 23:59:38,2021-02-15 00:29:18,58.8,87.6,120.5512297935957,32.675977653631286,30.553072625698324
1767,2021-02-15 00:29:39,2021-02-15 00:46:29,88.0,97.6,127.04428081597227,33.21568627450981,31.0
1768,2021-02-15 16:42:25,2021-02-15 17:10:35,47.6,74.8,119.36940042892161,32.15294117647059,30.91176470588235
1769,2021-02-15 17:10:56,2021-02-15 17:37:06,75.2,95.2,122.64585513888888,33.31645569620253,32.0
1770,2021-02-16 12:41:02,2021-02-16 13:10:52,44.0,74.0,116.18704837962963,28.805555555555557,27.683333333333334
1771,2021-02-16 13:11:13,2021-02-16 13:39:13,74.4,96.0,121.16449440586423,30.828402366863905,29.733727810650887
1772,2021-02-18 10:12:07,2021-02-18 10:34:47,52.4,74.4,120.46150782828282,21.437956204379564,20.474452554744527
1773,2021-02-18 10:35:08,2021-02-18 11:05:38,74.8,96.0,120.4979101808176,23.41304347826087,22.494565217391305
1774,2021-02-18 15:41:54,2021-02-18 16:00:14,63.6,81.2,121.3297008364899,28.72072072072072,27.0
1775,2021-02-18 16:00:35,2021-02-18 16:24:15,81.6,97.6,124.13804053819445,29.11888111888112,28.0
1776,2021-02-19 03:09:03,2021-02-19 03:32:23,45.6,68.4,118.47221515594542,27.319148936170212,25.00709219858156
1777,2021-02-19 03:32:44,2021-02-19 04:05:44,68.8,95.2,121.40150436658249,28.92462311557789,26.77386934673367
1778,2021-02-19 15:51:10,2021-02-19 16:23:56,36.0,59.6,115.7015065913371,29.196969696969695,28.136363636363637
1779,2021-02-19 16:24:17,2021-02-19 16:41:00,60.0,71.6,120.09099616858244,31.0,29.970588235294116
1780,2021-02-20 09:19:07,2021-02-20 09:40:12,63.2,83.6,120.80747659313731,26.754716981132077,24.49685534591195
1781,2021-02-20 10:00:07,2021-02-20 10:16:08,83.6,94.4,121.58694088220152,27.0,24.983471074380166
1782,2021-02-20 17:13:17,2021-02-20 17:45:47,25.2,46.0,117.44794270833336,29.979591836734695,28.68877551020408
1783,2021-02-20 17:46:08,2021-02-20 18:17:08,46.0,66.0,116.50835916666668,32.24598930481283,30.807486631016044
1784,2021-02-20 18:17:29,2021-02-20 18:42:59,66.4,82.4,119.79690156250003,33.0974025974026,32.0
1785,2021-02-20 18:43:20,2021-02-20 19:03:30,82.8,94.8,124.45140520833336,34.0,32.204918032786885
1786,2021-02-21 11:11:03,2021-02-21 11:38:13,57.6,83.6,120.01283717948724,24.04268292682927,23.121951219512194
1787,2021-02-21 11:38:34,2021-02-21 12:02:14,84.0,97.6,124.02779023692814,25.314685314685313,24.48951048951049
1788,2021-02-21 17:38:17,2021-02-21 18:08:57,64.4,91.6,121.11724126838239,31.518918918918917,29.816216216216215
1789,2021-02-22 00:59:12,2021-02-22 01:27:02,26.4,55.2,119.31183449074074,30.892857142857142,27.571428571428573
1790,2021-02-22 01:27:23,2021-02-22 01:54:13,55.6,83.2,119.90691057769726,33.70987654320987,30.48148148148148
1791,2021-02-22 07:53:03,2021-02-22 09:01:54,55.6,97.6,121.68290305555563,28.29980657640232,25.11218568665377
1792,2021-02-22 16:11:08,2021-02-22 16:37:08,64.8,88.8,121.3975789351852,33.63057324840764,32.17197452229299
1793,2021-02-23 12:50:24,2021-02-23 14:09:16,42.0,93.6,119.15157337962965,30.58783783783784,29.403716216216218
1794,2021-02-23 22:11:56,2021-02-23 22:41:26,31.2,60.8,116.46022240990995,33.89325842696629,31.51123595505618
1795,2021-02-23 22:41:47,2021-02-23 23:10:37,60.8,88.8,118.3278882936508,36.45977011494253,33.97701149425287
1796,2021-02-24 16:14:13,2021-02-24 16:37:03,12.0,34.0,121.21781231060609,29.891304347826086,28.434782608695652
1797,2021-02-24 16:37:24,2021-02-24 17:07:24,34.4,64.0,118.28923263888889,33.01657458563536,31.646408839779006
1798,2021-02-24 17:07:45,2021-02-24 17:35:25,64.4,90.0,119.59364659288197,35.40718562874252,34.0
1799,2021-02-25 02:44:33,2021-02-25 03:13:03,16.0,34.0,120.6921486882716,30.406976744186046,27.313953488372093
1800,2021-02-25 03:13:24,2021-02-25 03:43:54,34.4,53.6,118.6559860387731,32.15217391304348,29.108695652173914
1801,2021-02-25 03:44:15,2021-02-25 04:12:15,53.6,70.8,116.93073691860467,33.76331360946745,30.71005917159763
1802,2021-02-25 04:12:36,2021-02-25 04:39:56,71.2,86.8,121.16899697293451,34.0,31.0
1803,2021-02-25 06:17:03,2021-02-25 06:34:33,59.2,76.4,119.063326873385,34.924528301886795,30.933962264150942
1804,2021-02-25 06:34:54,2021-02-25 07:01:14,76.4,96.4,120.50209506944447,35.25157232704402,31.89308176100629
1805,2021-02-25 14:41:51,2021-02-25 15:00:31,43.6,61.6,121.24770262345679,30.95575221238938,28.451327433628318
1806,2021-02-25 15:00:52,2021-02-25 15:28:12,62.0,88.4,119.09092050715483,32.696969696969695,30.44242424242424
1807,2021-02-25 21:07:38,2021-02-25 21:37:48,64.0,82.8,120.00147384751773,31.0,28.016483516483518
1808,2021-02-25 21:38:09,2021-02-25 22:02:29,82.8,97.6,120.70947569444445,31.06122448979592,28.972789115646258
1809,2021-03-01 21:12:31,2021-03-01 21:36:31,38.0,52.4,117.17978414351855,26.689655172413794,25.517241379310345
1810,2021-03-01 21:36:52,2021-03-01 22:04:32,52.4,68.8,116.42530487804879,28.0,26.95808383233533
1811,2021-03-01 22:04:53,2021-03-01 22:33:43,69.2,85.2,122.265625,28.85632183908046,27.64367816091954
1812,2021-03-01 22:34:04,2021-03-01 22:52:54,85.6,96.0,119.94656904380334,29.0,28.0
1813,2021-03-02 22:38:28,2021-03-02 23:06:58,40.8,69.2,117.15767913732394,25.88372093023256,24.767441860465116
1814,2021-03-02 23:07:19,2021-03-02 23:34:39,69.6,92.8,119.21397503591955,28.01818181818182,26.866666666666667
1815,2021-03-03 09:45:35,2021-03-03 10:07:15,21.6,36.8,119.78616538742692,23.458015267175572,21.35114503816794
1816,2021-03-03 10:07:36,2021-03-03 10:40:36,37.2,60.8,117.52470091807913,25.814070351758794,23.633165829145728
1817,2021-03-03 10:40:57,2021-03-03 11:12:47,61.2,83.6,119.44814831349211,27.697916666666668,25.427083333333332
1818,2021-03-03 11:13:08,2021-03-03 11:35:18,83.6,97.6,122.18849990079366,28.097014925373134,26.0
1819,2021-03-03 15:45:19,2021-03-03 16:10:42,65.2,88.8,120.8734720221281,28.5,26.396103896103895
1820,2021-03-03 22:45:29,2021-03-03 23:50:20,43.2,94.8,120.07549179317401,27.036960985626283,24.864476386036962
1821,2021-03-04 06:00:09,2021-03-04 06:20:49,20.8,41.2,118.82625639978217,25.648,22.768
1822,2021-03-04 06:21:10,2021-03-04 06:50:50,41.6,71.2,117.5351969313063,28.8268156424581,26.044692737430168
1823,2021-03-04 06:51:11,2021-03-04 07:18:01,71.6,93.6,120.93498857323235,30.703703703703702,27.91358024691358
1824,2021-03-04 16:44:34,2021-03-04 17:05:24,68.0,87.2,121.81424782986112,25.785714285714285,23.373015873015873
1825,2021-03-04 17:06:42,2021-03-04 17:30:42,87.2,97.6,120.43938928953,26.0,24.0
1826,2021-03-05 13:06:53,2021-03-05 13:35:13,38.4,66.4,118.04960803571427,25.450292397660817,24.228070175438596
1827,2021-03-05 13:35:34,2021-03-05 14:06:54,66.8,93.6,119.38951953772805,28.25925925925926,26.746031746031747
1828,2021-03-05 23:30:31,2021-03-05 23:58:51,34.4,62.4,118.42114712301588,28.415204678362574,26.473684210526315
1829,2021-03-05 23:59:12,2021-03-06 00:29:22,62.8,90.0,121.10704115604574,30.967032967032967,29.0989010989011
1830,2021-03-06 21:30:54,2021-03-06 22:10:16,65.6,97.6,120.67961328125001,25.18581081081081,24.138513513513512
1831,2021-03-07 17:01:00,2021-03-07 17:29:30,32.8,51.2,115.90879106280187,26.03488372093023,24.686046511627907
1832,2021-03-08 01:42:49,2021-03-08 02:00:09,11.2,28.0,118.93024206349206,26.133333333333333,24.485714285714284
1833,2021-03-08 02:00:30,2021-03-08 02:30:10,28.4,57.2,118.64247357253083,28.854748603351954,27.273743016759777
1834,2021-03-08 02:30:31,2021-03-08 02:58:01,57.6,84.4,118.22296486318406,31.662650602409638,30.05421686746988
1835,2021-03-08 06:36:50,2021-03-08 07:07:10,73.2,92.0,120.7949411199764,30.91256830601093,27.0
1836,2021-03-08 16:35:00,2021-03-08 17:06:20,70.0,89.2,121.80343496817132,27.0,25.50793650793651
1837,2021-03-08 17:06:41,2021-03-08 17:23:11,89.6,97.6,126.9583560763889,27.96,26.0
1838,2021-03-08 21:58:59,2021-03-08 22:25:49,74.4,94.0,122.04012060657598,28.061728395061728,26.08641975308642
1839,2021-03-09 12:31:06,2021-03-09 13:02:26,42.0,59.6,118.39012184343436,24.984126984126984,23.486772486772487
1840,2021-03-09 13:02:47,2021-03-09 13:32:47,60.0,76.8,118.74997023809526,26.171270718232044,24.939226519337016
1841,2021-03-09 13:33:08,2021-03-09 14:00:48,76.8,92.0,121.04711933479528,27.0,25.53293413173653
1842,2021-03-10 14:54:58,2021-03-10 15:18:28,22.4,46.8,118.82627925774136,28.992957746478872,27.767605633802816
1843,2021-03-10 15:18:49,2021-03-10 15:50:49,47.2,81.2,116.11642536764704,32.310880829015545,31.072538860103627
1844,2021-03-10 15:51:10,2021-03-10 16:14:50,81.6,97.6,122.63628880208333,33.97202797202797,32.0
1845,2021-03-10 21:05:37,2021-03-10 21:36:57,64.0,89.2,122.06403020282188,33.6931216931217,30.82010582010582
1846,2021-03-11 03:50:14,2021-03-11 04:09:34,22.4,34.4,121.10998055555558,31.504273504273506,27.88888888888889
1847,2021-03-11 04:09:55,2021-03-11 04:40:15,34.8,54.0,118.75291984953702,33.185792349726775,29.901639344262296
1848,2021-03-11 04:40:36,2021-03-11 05:10:36,54.4,73.6,117.44794270833336,34.85635359116022,31.80110497237569
1849,2021-03-11 05:10:57,2021-03-11 05:39:47,73.6,91.6,119.97378942901236,35.0,32.241379310344826
1850,2021-03-11 13:32:01,2021-03-11 14:01:01,68.4,92.0,122.55708551082864,32.63428571428572,30.34857142857143
1851,2021-03-11 20:57:28,2021-03-11 23:00:57,40.0,96.0,121.3223409761905,31.941810344827587,29.58189655172414
1852,2021-03-12 02:21:14,2021-03-12 02:49:14,37.2,65.2,117.61856344246033,35.633136094674555,32.01775147928994
1853,2021-03-12 02:49:35,2021-03-12 03:16:25,65.6,90.4,119.90088317652324,37.41975308641975,33.876543209876544
1854,2021-03-12 09:38:25,2021-03-12 10:07:05,46.8,70.8,120.33216516203701,33.028901734104046,29.838150289017342
1855,2021-03-12 10:07:26,2021-03-12 10:36:16,71.2,93.2,121.26010587121216,34.10344827586207,31.350574712643677
1856,2021-03-12 16:42:55,2021-03-12 17:14:15,51.2,81.6,119.98356341374277,37.44973544973545,35.232804232804234
1857,2021-03-13 03:10:20,2021-03-13 03:37:00,55.6,81.2,121.577153266059,35.36024844720497,31.906832298136646
1858,2021-03-13 03:37:21,2021-03-13 03:57:21,81.6,95.6,122.09424603174604,36.0,33.0
1859,2021-03-13 13:45:57,2021-03-13 14:46:21,46.8,97.6,120.88670928258966,32.284140969163,30.125550660792953
1860,2021-03-13 23:04:59,2021-03-13 23:50:21,47.6,90.0,120.15063366090146,31.683284457478006,29.343108504398828
1861,2021-03-14 23:59:09,2021-03-15 00:18:06,68.8,87.2,119.72662688707724,26.853146853146853,25.748251748251747
1862,2021-03-15 09:39:15,2021-03-15 09:59:05,38.4,54.8,120.11434552845539,27.158333333333335,25.991666666666667
1863,2021-03-15 09:59:26,2021-03-15 10:29:06,55.2,80.0,119.2159702060932,29.35195530726257,28.089385474860336
1864,2021-03-15 10:29:27,2021-03-15 10:55:47,80.4,97.6,123.94380830103367,30.69182389937107,29.08805031446541
1865,2021-03-15 20:05:55,2021-03-15 20:31:05,31.6,56.4,118.32660640681006,33.11184210526316,30.80263157894737
1866,2021-03-15 20:31:26,2021-03-15 21:01:06,56.8,85.6,120.0689513406636,35.55865921787709,32.83798882681564
1867,2021-03-15 21:01:27,2021-03-15 21:20:17,86.0,97.6,124.73896563697322,36.0,33.0
1868,2021-03-16 14:20:34,2021-03-16 14:45:24,62.0,85.6,121.2205912193974,31.35333333333333,30.16
1869,2021-03-16 21:05:17,2021-03-16 21:30:57,55.2,80.0,119.6046286962366,33.63870967741936,31.70967741935484
1870,2021-03-16 21:31:18,2021-03-16 21:50:38,80.4,94.4,123.41965515873017,34.26495726495727,32.965811965811966
1871,2021-03-17 11:13:57,2021-03-17 11:43:27,60.4,88.4,121.01141860119044,31.44943820224719,30.151685393258425
1872,2021-03-17 17:45:20,2021-03-17 18:14:50,46.0,70.4,120.13833936703095,35.162921348314605,33.56741573033708
1873,2021-03-17 18:15:11,2021-03-17 18:47:01,70.4,94.4,120.48208229166669,36.0,34.0
1874,2021-03-18 04:30:37,2021-03-18 04:58:37,16.0,35.2,117.15713006365742,32.544378698224854,29.745562130177515
1875,2021-03-18 11:04:16,2021-03-18 11:33:46,67.6,78.4,121.80558217592579,33.97752808988764,31.0
1876,2021-03-18 19:43:52,2021-03-18 20:13:42,18.8,48.0,119.22327463850837,33.63333333333333,32.05555555555556
1877,2021-03-18 20:14:03,2021-03-18 20:42:03,48.4,76.0,118.3237789351852,37.01775147928994,35.18934911242604
1878,2021-03-18 20:42:24,2021-03-18 21:09:24,76.4,96.4,124.34793027777778,38.0,36.0
1879,2021-03-19 14:15:22,2021-03-19 16:00:07,1.6,97.6,120.80397818431715,37.7442748091603,36.32188295165395
1880,2021-03-20 00:09:04,2021-03-20 00:56:08,41.6,87.2,120.69567489035089,35.933098591549296,32.721830985915496
1881,2021-03-20 06:31:40,2021-03-20 07:02:00,16.0,25.6,119.01625636574076,31.39344262295082,28.0
1882,2021-03-20 07:02:21,2021-03-20 07:28:21,25.6,33.6,122.41672083333334,31.878980891719745,28.97452229299363
1883,2021-03-20 07:28:42,2021-03-20 08:00:42,33.6,44.0,115.89748717948723,32.233160621761655,29.533678756476682
1884,2021-03-20 08:01:03,2021-03-20 08:28:23,44.0,53.2,111.90826207729468,33.0,30.206060606060607
1885,2021-03-20 08:28:44,2021-03-20 08:55:24,53.2,61.6,119.57677248677253,33.38509316770186,31.0
1886,2021-03-20 08:55:45,2021-03-20 09:21:45,61.6,70.0,116.58735317460321,33.18471337579618,31.0
1887,2021-03-20 09:22:06,2021-03-20 09:51:36,70.4,79.6,120.77903894927556,33.0,31.0
1888,2021-03-20 09:51:57,2021-03-20 10:18:37,79.6,87.6,125.55561111111113,33.0,31.0
1889,2021-03-20 10:18:58,2021-03-20 10:46:18,88.0,96.0,126.51397309027776,33.0,31.0
1890,2021-03-20 19:23:56,2021-03-20 19:41:26,44.8,56.8,119.05440717592593,34.424528301886795,32.556603773584904
1891,2021-03-20 19:41:47,2021-03-20 20:12:07,56.8,77.6,119.0418134348291,35.0,33.0
1892,2021-03-20 20:12:28,2021-03-20 20:37:08,77.6,92.8,123.05557090643273,35.630872483221474,33.0
1893,2021-03-21 08:41:48,2021-03-21 09:12:38,15.2,44.8,121.26314639639642,28.978494623655912,27.123655913978496
1894,2021-03-21 09:12:59,2021-03-21 09:44:39,45.2,76.4,118.23227764423075,32.64397905759162,30.680628272251308
1895,2021-03-21 09:45:00,2021-03-21 10:14:30,76.8,97.6,123.99173130341885,34.0,32.0
1896,2021-03-21 21:00:37,2021-03-21 21:32:47,45.6,77.6,118.26607256944446,24.54639175257732,22.128865979381445
1897,2021-03-21 21:33:08,2021-03-21 22:01:38,78.0,96.4,120.80238360507241,26.0,23.97093023255814
1898,2021-03-22 17:51:18,2021-03-22 18:18:58,56.4,72.4,121.77345182291661,24.395209580838323,23.44311377245509
1899,2021-03-22 18:19:19,2021-03-22 18:46:29,72.8,88.0,121.17691858552631,25.26219512195122,24.274390243902438
1900,2021-03-22 18:46:50,2021-03-22 19:04:58,88.4,97.6,127.60207074275378,26.0,25.0
1901,2021-03-23 11:11:51,2021-03-23 11:39:01,31.2,58.4,116.53645960988564,25.152439024390244,23.890243902439025
1902,2021-03-23 11:39:22,2021-03-23 12:11:12,58.8,88.8,119.74074032407407,28.348958333333332,26.895833333333332
1903,2021-03-23 20:43:32,2021-03-23 21:09:22,74.8,94.8,118.354873125,26.878205128205128,24.756410256410255
1904,2021-03-24 13:12:32,2021-03-24 13:31:12,60.8,76.4,120.71759882478624,24.265486725663717,22.504424778761063
1905,2021-03-24 13:31:33,2021-03-24 13:59:53,76.4,96.4,120.5666925,25.730994152046783,24.116959064327485
1906,2021-03-24 20:25:21,2021-03-24 20:47:41,46.0,58.0,121.15624280092592,28.54074074074074,27.007407407407406
1907,2021-03-24 20:48:02,2021-03-24 21:16:42,58.4,74.0,122.43410950854698,29.502890173410403,28.0
1908,2021-03-24 21:17:03,2021-03-24 21:49:13,74.4,92.0,121.82291461489902,30.0,28.63917525773196
1909,2021-03-25 15:59:22,2021-03-25 16:29:52,47.6,58.8,118.00595238095242,29.5,27.0
1910,2021-03-25 16:30:13,2021-03-25 16:55:23,58.8,67.6,123.92676767676771,30.0,27.0
1911,2021-03-25 22:40:05,2021-03-25 23:07:15,11.6,38.0,120.34407928240742,30.103658536585368,28.49390243902439
1912,2021-03-25 23:07:36,2021-03-25 23:36:06,38.4,66.0,120.75132050120776,33.2093023255814,31.691860465116278
1913,2021-03-25 23:36:27,2021-03-26 00:04:37,66.4,91.2,122.76939101702511,35.51176470588236,33.78823529411765
1914,2021-03-26 11:23:19,2021-03-26 12:19:03,34.4,88.0,120.0559058043118,29.369928400954652,27.37708830548926
1915,2021-03-26 12:25:35,2021-03-26 13:05:05,88.4,99.6,145.195620262897,31.0,29.0
1916,2021-03-28 10:05:51,2021-03-28 10:34:21,30.0,58.0,118.28871225198417,29.651162790697676,28.91860465116279
1917,2021-03-28 10:34:42,2021-03-28 11:01:22,58.4,84.4,119.22972596153845,32.683229813664596,31.8944099378882
1918,2021-03-28 11:01:43,2021-03-28 11:21:43,84.8,97.6,122.91343565538197,34.0,33.0
1919,2021-03-28 18:47:13,2021-03-28 19:16:33,32.4,57.6,116.97755136684304,38.31638418079096,36.0225988700565
1920,2021-03-28 19:16:54,2021-03-28 19:42:24,58.0,79.2,120.81895387840673,40.0,37.72727272727273
1921,2021-03-28 19:42:45,2021-03-28 20:08:55,79.6,97.6,123.21144675925927,40.95569620253165,38.0
1922,2021-03-29 01:14:36,2021-03-29 01:31:06,36.0,50.0,117.44745505952385,38.62,34.72
1923,2021-03-29 01:31:27,2021-03-29 01:59:47,50.0,74.0,117.6886883101852,39.8187134502924,35.941520467836256
1924,2021-03-29 02:00:08,2021-03-29 02:29:28,74.0,95.2,122.13904278039831,40.0,36.655367231638415
1925,2021-03-29 14:52:39,2021-03-29 15:22:59,33.2,58.8,118.10658886718757,35.46994535519126,33.85792349726776
1926,2021-03-29 15:23:20,2021-03-29 15:55:10,58.8,85.2,120.19205981691923,37.125,35.244791666666664
1927,2021-03-29 15:55:31,2021-03-29 16:14:41,85.6,97.6,124.35766284722223,38.0,36.0
1928,2021-03-30 08:20:45,2021-03-30 08:44:05,39.2,55.2,119.8428953125,29.29078014184397,27.851063829787233
1929,2021-03-30 08:44:26,2021-03-30 09:12:46,55.6,74.8,120.31034642650467,30.842105263157894,29.31578947368421
1930,2021-03-30 09:13:07,2021-03-30 09:40:17,75.2,92.4,122.08173312338502,31.597560975609756,30.0
1931,2021-03-30 17:07:23,2021-03-30 17:35:33,41.6,59.2,120.22493197601011,35.51764705882353,33.93529411764706
1932,2021-03-30 17:35:54,2021-03-30 18:01:54,59.2,75.6,119.16669308943098,36.72611464968153,35.0
1933,2021-03-30 18:02:15,2021-03-30 18:31:15,76.0,93.6,122.90721851325763,37.0,35.0
1934,2021-03-31 00:25:20,2021-03-31 00:45:00,64.0,82.8,122.3197573877069,34.7563025210084,32.38655462184874
1935,2021-03-31 00:45:21,2021-03-31 01:01:51,83.2,94.8,123.40160165229894,35.0,33.0
1936,2021-03-31 19:34:00,2021-03-31 19:57:10,39.6,62.8,116.83071467911881,34.17857142857143,32.82142857142857
1937,2021-03-31 20:03:38,2021-03-31 20:40:22,68.8,97.6,121.19503636188271,36.72522522522522,34.909909909909906
1938,2021-04-01 03:36:12,2021-04-01 04:06:22,62.4,90.0,120.52688305152981,35.34615384615385,32.44505494505494
1939,2021-04-01 06:25:04,2021-04-01 06:47:24,78.8,95.6,120.85483878968257,35.0,31.97037037037037
1940,2021-04-01 17:08:47,2021-04-01 17:45:44,44.4,80.0,120.93562961142324,34.697841726618705,33.07553956834533
1941,2021-04-02 01:44:24,2021-04-02 02:51:39,31.6,93.6,119.48580390232979,35.41188118811881,32.956435643564355
1942,2021-04-02 16:22:29,2021-04-02 17:30:56,29.6,93.2,119.61118667671207,36.95330739299611,35.021400778210115
1943,2021-04-03 00:39:12,2021-04-03 01:43:46,34.8,94.0,119.90546181024777,37.197938144329896,34.02886597938144
1944,2021-04-03 17:34:33,2021-04-03 18:02:53,73.6,94.8,121.66145531970652,35.58479532163743,34.0
1945,2021-04-04 19:28:55,2021-04-04 19:50:05,21.2,38.8,120.24147490530301,27.6015625,26.359375
1946,2021-04-04 19:50:26,2021-04-04 20:22:06,39.2,66.0,118.14313686774463,30.6282722513089,29.36649214659686
1947,2021-04-04 20:22:27,2021-04-04 20:51:07,66.4,89.6,120.8908040589081,32.653179190751445,31.294797687861273
1948,2021-04-05 14:59:52,2021-04-05 15:16:52,28.0,39.6,121.37935823754793,28.25242718446602,26.97087378640777
1949,2021-04-05 15:17:13,2021-04-05 15:47:53,40.0,61.6,117.83955349794239,30.167567567567566,29.064864864864866
1950,2021-04-05 15:48:14,2021-04-05 16:18:24,62.0,82.8,120.37665090811971,32.065934065934066,30.75824175824176
1951,2021-04-06 00:51:09,2021-04-06 01:14:29,19.6,42.4,119.85748525828464,29.851063829787233,27.46808510638298
1952,2021-04-06 01:14:50,2021-04-06 01:44:10,42.4,72.0,116.06750239301805,32.887005649717516,30.322033898305083
1953,2021-04-06 01:44:31,2021-04-06 02:15:11,72.0,96.4,120.75993465391623,34.09189189189189,31.85945945945946
1954,2021-04-07 21:28:12,2021-04-07 21:53:52,13.6,25.6,120.8171497222222,29.89677419354839,28.006451612903227
1955,2021-04-07 21:58:01,2021-04-07 22:24:11,27.2,39.2,118.12733634259259,30.59493670886076,29.348101265822784
1956,2021-04-07 22:24:32,2021-04-07 22:54:02,39.2,52.8,113.20876041666669,31.8876404494382,30.573033707865168
1957,2021-04-07 22:54:23,2021-04-07 23:25:03,52.8,66.4,113.00655994689536,33.0,31.783783783783782
1958,2021-04-07 23:25:24,2021-04-07 23:51:54,66.4,77.6,115.60642261904775,33.0,32.0
1959,2021-04-07 23:52:15,2021-04-08 00:24:45,77.6,90.4,121.93687608506933,33.0,32.0
1960,2021-04-08 00:25:06,2021-04-08 00:46:46,90.4,97.6,128.46261612654342,33.0,32.0
1961,2021-04-08 11:01:53,2021-04-08 11:28:33,53.2,75.6,119.72037853422623,32.09316770186335,29.142857142857142
1962,2021-04-08 11:28:54,2021-04-08 11:52:44,75.6,93.2,121.19239236111103,33.0,30.0
1963,2021-04-08 20:24:03,2021-04-08 20:48:53,35.6,60.4,117.18975504032261,29.426666666666666,27.053333333333335
1964,2021-04-08 20:51:24,2021-04-08 21:20:54,61.2,88.8,120.12179327697268,32.056179775280896,29.662921348314608
1965,2021-04-08 21:21:15,2021-04-08 21:38:25,88.8,97.6,122.62154292929304,33.0,30.528846153846153
1966,2021-04-09 04:54:57,2021-04-09 05:12:40,17.6,28.8,120.80197922867065,29.0,25.0
1967,2021-04-09 05:13:01,2021-04-09 05:41:21,28.8,46.4,121.37865396148995,30.087719298245613,25.86549707602339
1968,2021-04-09 05:41:42,2021-04-09 06:09:32,46.8,63.6,121.2103407738095,31.535714285714285,27.44047619047619
1969,2021-04-09 06:09:53,2021-04-09 06:40:43,64.0,82.0,120.10495578703706,32.0,28.0
1970,2021-04-09 06:41:04,2021-04-09 07:09:54,82.0,97.6,124.47740384615385,32.0,28.0
1971,2021-04-09 17:10:03,2021-04-09 17:40:33,63.2,82.4,119.43289684606479,27.679347826086957,26.23913043478261
1972,2021-04-10 02:59:14,2021-04-10 03:30:24,10.8,36.8,119.75800550213675,27.53723404255319,25.48936170212766
1973,2021-04-10 03:30:45,2021-04-10 04:01:25,37.2,63.2,117.83599300213676,30.643243243243244,28.664864864864864
1974,2021-04-10 04:01:46,2021-04-10 04:32:06,63.6,88.8,119.08894797178134,32.650273224043715,30.639344262295083
1975,2021-04-11 00:12:54,2021-04-11 00:44:13,8.8,18.4,121.78698266782406,30.021052631578947,28.210526315789473
1976,2021-04-11 00:44:34,2021-04-11 01:06:41,18.4,25.2,121.42478239379082,30.0,28.0
1977,2021-04-11 01:07:02,2021-04-11 01:36:22,25.6,34.8,119.0337632850242,30.220338983050848,28.570621468926554
1978,2021-04-11 01:36:43,2021-04-11 02:04:33,34.8,43.6,118.08075536616151,31.0,29.0
1979,2021-04-11 02:04:54,2021-04-11 02:31:44,43.6,52.0,119.2592060185185,31.635802469135804,29.78395061728395
1980,2021-04-11 02:32:05,2021-04-11 02:57:35,52.4,60.4,118.99994687499999,32.0,30.0
1981,2021-04-11 02:57:56,2021-04-11 03:24:06,60.4,68.8,116.29624437830688,32.0,30.0
1982,2021-04-11 03:24:27,2021-04-11 03:50:37,68.8,77.2,116.2962443783068,32.0,30.0
1983,2021-04-11 05:27:33,2021-04-11 05:45:33,66.0,76.8,117.49487011316877,31.0,29.0
1984,2021-04-11 05:45:54,2021-04-11 06:14:54,76.8,93.2,120.72748983739831,31.66857142857143,29.0
1985,2021-04-12 02:51:54,2021-04-12 03:51:00,35.2,90.8,119.48552038868907,31.34009009009009,29.563063063063062
1986,2021-04-12 13:44:13,2021-04-12 14:24:38,48.4,87.6,120.45267570861682,33.50328947368421,31.713815789473685
1987,2021-04-12 20:51:40,2021-04-12 22:17:00,30.4,97.6,121.14898606150797,36.8377535101404,34.7597503900156
1988,2021-04-13 22:09:08,2021-04-13 22:41:18,34.8,57.6,117.56822612085769,34.08247422680412,32.98969072164948
1989,2021-04-13 22:41:39,2021-04-13 23:14:49,57.6,80.8,119.13314176245213,36.0,34.74
1990,2021-04-13 23:15:10,2021-04-13 23:41:40,81.2,97.6,123.41209434281848,36.9,35.0
1991,2021-04-14 14:37:09,2021-04-14 15:22:31,50.8,92.0,121.07707439994606,35.77777777777778,34.228070175438596
1992,2021-04-16 10:31:42,2021-04-16 11:44:57,19.2,81.2,118.04720407482077,29.423636363636362,28.349090909090908
1993,2021-04-16 19:38:07,2021-04-16 20:02:47,23.2,47.2,119.42652528935184,28.59731543624161,26.463087248322147
1994,2021-04-16 20:03:08,2021-04-16 20:30:08,47.6,74.4,117.03463567578771,31.644171779141104,29.496932515337424
1995,2021-04-17 03:40:14,2021-04-17 04:11:44,29.6,60.8,118.10765197649576,29.53157894736842,26.51578947368421
1996,2021-04-17 04:12:05,2021-04-17 04:40:25,60.8,88.4,118.64031219806759,32.50292397660819,29.60233918128655
1997,2021-04-17 12:51:16,2021-04-17 13:21:36,20.4,50.0,119.62322165915916,30.59016393442623,28.55191256830601
1998,2021-04-17 13:21:57,2021-04-17 13:49:37,50.0,77.6,116.98017688204514,34.09580838323353,32.05988023952096
1999,2021-04-17 13:49:58,2021-04-17 14:18:08,78.0,97.6,123.97322285997735,35.28235294117647,33.0
2000,2021-04-18 08:04:33,2021-04-18 08:22:43,63.6,81.2,120.81361939709598,27.927272727272726,26.863636363636363
2001,2021-04-18 08:23:04,2021-04-18 08:46:24,81.6,97.6,124.72484375000002,29.0,27.95744680851064
2002,2021-04-18 19:32:17,2021-04-18 20:04:07,54.0,85.2,119.26684041132481,32.833333333333336,31.442708333333332
2003,2021-04-18 20:04:28,2021-04-18 20:25:28,85.2,97.6,122.35888575268828,34.0,32.04724409448819
2004,2021-04-19 14:53:25,2021-04-19 15:24:15,48.0,78.0,120.41808134259261,26.467741935483872,25.591397849462364
2005,2021-04-19 15:24:36,2021-04-19 15:54:46,78.4,97.6,123.6567046440973,28.615384615384617,27.785714285714285
2006,2021-04-20 01:40:38,2021-04-20 01:58:28,27.2,44.8,119.19429829545456,28.76851851851852,26.85185185185185
2007,2021-04-20 01:58:49,2021-04-20 02:27:59,45.2,74.8,116.09658375563068,31.607954545454547,29.710227272727273
2008,2021-04-20 12:37:10,2021-04-20 13:20:50,38.4,74.8,120.2506279647436,30.033434650455927,28.732522796352583
2009,2021-04-20 15:56:09,2021-04-20 16:23:09,57.6,83.6,121.02242852564105,32.38650306748466,30.644171779141104
2010,2021-04-20 22:44:31,2021-04-20 23:55:35,35.2,97.6,120.57617056534905,33.843283582089555,31.85820895522388
2011,2021-04-21 04:55:51,2021-04-21 05:43:02,56.4,96.4,121.37517861041663,33.59943977591036,30.201680672268907
2012,2021-04-21 19:51:18,2021-04-21 21:05:18,26.800001,94.4,120.28501456042922,33.93884892086331,32.19064748201439
2013,2021-04-22 06:39:28,2021-04-22 08:12:05,13.6,97.6,120.03701474272488,35.73275862068966,32.97844827586207
2014,2021-04-22 18:50:28,2021-04-22 19:18:08,49.2,76.0,120.3269995335821,37.053892215568865,35.82634730538922
2015,2021-04-22 19:23:19,2021-04-22 19:53:49,77.6,97.6,121.71737840277781,38.016304347826086,36.994565217391305
2016,2021-04-23 04:16:09,2021-04-23 04:41:29,8.0,32.8,119.19915109767025,35.19607843137255,32.032679738562095
2017,2021-04-23 04:41:50,2021-04-23 05:08:50,33.2,59.6,119.31765567129631,37.52147239263804,34.02453987730061
2018,2021-04-23 05:09:11,2021-04-23 05:38:41,59.6,88.0,120.25527939162757,39.62359550561798,35.99438202247191
2019,2021-04-23 16:43:29,2021-04-23 17:17:59,18.4,38.0,119.98721556122449,37.61057692307692,35.57211538461539
2020,2021-04-23 17:18:20,2021-04-23 17:47:50,38.4,55.6,116.91211660206716,39.06741573033708,37.39887640449438
2021,2021-04-23 17:48:11,2021-04-23 18:17:41,55.6,72.8,116.91211660206721,40.0,38.0
2022,2021-04-23 18:18:02,2021-04-23 18:44:42,73.2,88.0,122.80215334084086,40.0,38.0
2023,2021-04-24 01:45:06,2021-04-24 03:06:42,16.800001,93.200005,120.12683605502315,39.241435562805876,36.36378466557912
2024,2021-04-24 06:11:02,2021-04-24 07:01:35,61.2,97.6,121.80751214362029,38.0,34.17015706806283
2025,2021-04-25 00:21:09,2021-04-25 00:50:39,34.4,64.0,117.06549924924927,35.53370786516854,33.78089887640449
2026,2021-04-25 00:51:00,2021-04-25 01:18:50,64.4,90.0,120.91580164930558,37.767857142857146,35.898809523809526
2027,2021-04-25 12:51:20,2021-04-25 13:08:30,36.4,47.2,119.37759927983531,32.60576923076923,30.528846153846153
2028,2021-04-25 13:08:51,2021-04-25 13:39:01,47.6,66.8,118.36229470486114,34.15934065934066,32.17032967032967
2029,2021-04-25 13:39:22,2021-04-25 14:09:32,66.8,86.0,118.3622947048611,35.0,33.0
2030,2021-04-25 14:09:53,2021-04-25 14:29:13,86.0,97.6,122.54552562260544,35.36752136752137,33.77777777777778
2031,2021-04-25 19:58:18,2021-04-25 20:54:02,54.0,95.6,120.50107924145301,33.9236276849642,31.32219570405728
2032,2021-04-26 00:55:06,2021-04-26 01:37:54,56.0,93.6,121.00592011229317,34.350931677018636,31.19254658385093
2033,2021-04-26 05:54:14,2021-04-26 06:12:44,66.0,78.4,121.47850996863797,31.0,27.946428571428573
2034,2021-04-26 06:13:05,2021-04-26 06:42:15,78.8,96.0,122.83512629198962,31.738636363636363,28.539772727272727
2035,2021-04-26 12:59:32,2021-04-26 13:38:05,63.6,96.0,120.3888290980796,30.375862068965517,28.44137931034483
2036,2021-04-26 22:36:38,2021-04-26 23:46:42,26.800001,92.4,118.76982647176226,31.96584440227704,29.859582542694497
2037,2021-04-27 05:34:37,2021-04-27 06:31:11,49.6,97.6,122.01323961516206,33.23058823529412,30.021176470588234
2038,2021-04-27 19:06:52,2021-04-27 20:50:33,36.0,97.6,120.07564086399714,29.17095115681234,27.079691516709513
2039,2021-04-29 16:51:22,2021-04-29 17:10:22,42.8,61.2,119.51315677838161,27.82608695652174,26.156521739130437
2040,2021-04-29 17:10:43,2021-04-29 17:27:18,61.6,77.6,120.50809594618063,29.603960396039604,28.217821782178216
2041,2021-04-29 17:27:39,2021-04-29 17:56:29,78.0,97.6,122.22933517573702,30.85632183908046,29.419540229885058
2042,2021-04-30 15:24:35,2021-04-30 15:48:35,41.2,65.2,118.28240810185184,34.87586206896552,33.02758620689655
2043,2021-04-30 15:48:56,2021-04-30 16:11:30,65.6,87.6,121.48024979166667,36.55474452554745,34.613138686131386
2044,2021-05-01 01:00:58,2021-05-01 01:28:38,22.4,49.2,119.06096247927029,34.52694610778443,32.191616766467064
2045,2021-05-01 01:28:59,2021-05-01 02:04:42,49.2,84.0,118.37533702905493,37.85648148148148,35.38425925925926
2046,2021-05-01 18:04:49,2021-05-01 18:32:09,38.8,58.0,118.5611906105324,36.61818181818182,35.03030303030303
2047,2021-05-01 18:32:30,2021-05-01 18:58:50,58.0,76.4,119.15080397041058,38.0,36.22012578616352
2048,2021-05-01 23:37:48,2021-05-02 00:13:47,39.2,61.2,118.68298180555557,36.30733944954128,33.54587155963303
2049,2021-05-02 04:18:47,2021-05-02 04:49:07,13.6,43.2,120.11638644894897,35.77049180327869,33.44808743169399
2050,2021-05-02 04:49:28,2021-05-02 05:13:48,43.6,67.6,118.85071122685191,38.476190476190474,36.197278911564624
2051,2021-05-02 05:14:09,2021-05-02 05:42:49,68.0,92.8,121.04783848566309,39.947976878612714,37.34104046242775
2052,2021-05-02 07:21:16,2021-05-02 07:45:56,79.6,97.6,121.12963122222223,39.016129032258064,35.98924731182796
2053,2021-05-02 15:32:01,2021-05-02 16:02:41,39.2,60.8,118.78603189300418,37.47027027027027,35.075675675675676
2054,2021-05-03 07:33:32,2021-05-03 08:02:12,39.6,64.0,117.64971897768672,27.739884393063583,25.69364161849711
2055,2021-05-03 08:02:33,2021-05-03 08:31:43,64.0,88.4,119.14619336293259,29.664772727272727,27.5625
2056,2021-05-03 21:44:03,2021-05-03 22:13:13,29.6,58.8,117.08238655821921,30.392045454545453,28.982954545454547
2057,2021-05-03 22:13:34,2021-05-03 22:47:54,59.2,90.8,119.51607810302396,33.53623188405797,32.18357487922705
2058,2021-05-04 14:23:45,2021-05-04 14:49:38,56.8,82.4,118.28311659071178,33.51794871794872,32.256410256410255
2059,2021-05-04 23:04:19,2021-05-05 00:09:58,36.0,95.6,117.9246978980239,32.57606490872211,30.099391480730223
2060,2021-05-05 22:29:28,2021-05-05 22:48:58,26.4,45.6,118.51563585069445,31.652542372881356,30.56779661016949
2061,2021-05-05 22:49:19,2021-05-05 23:18:09,46.0,74.8,116.84269304591048,34.58620689655172,33.339080459770116
2062,2021-05-05 23:18:30,2021-05-05 23:45:30,75.2,96.0,121.33147876602565,36.0,34.79754601226994
2063,2021-05-06 06:34:54,2021-05-06 06:59:14,30.4,45.6,120.33902521929825,32.76190476190476,29.537414965986393
2064,2021-05-06 06:59:35,2021-05-06 07:27:55,46.0,64.4,115.7457986111111,34.50292397660819,31.304093567251464
2065,2021-05-06 07:28:16,2021-05-06 07:59:56,64.8,84.8,119.01391527777778,35.00523560209424,32.0
2066,2021-05-06 08:00:17,2021-05-06 08:21:37,84.8,97.6,121.5093757595487,35.992248062015506,32.55813953488372
2067,2021-05-07 10:45:10,2021-05-07 14:03:27,21.2,85.2,116.69545094184028,32.505716207128444,31.530598520511095
2068,2021-05-07 22:45:26,2021-05-07 23:09:06,18.8,42.0,119.29778999042146,35.78321678321678,33.91608391608391
2069,2021-05-07 23:15:06,2021-05-07 23:41:26,48.0,74.8,114.91398818407961,39.320754716981135,37.38364779874214
2070,2021-05-08 12:32:45,2021-05-08 12:55:55,33.2,56.4,117.36291026101536,34.47142857142857,33.02857142857143
2071,2021-05-08 17:05:03,2021-05-08 17:33:04,41.6,69.2,118.60966381843801,38.350710900473935,36.53080568720379
2072,2021-05-08 20:23:29,2021-05-08 20:52:19,64.8,91.6,119.37294511815924,40.241379310344826,38.17816091954023
2073,2021-05-09 18:54:54,2021-05-09 19:25:54,16.0,46.8,118.00190101911979,38.224598930481285,36.82887700534759
2074,2021-05-09 19:26:15,2021-05-09 19:57:25,47.2,78.4,117.13764725783477,41.82446808510638,40.297872340425535
2075,2021-05-09 19:57:46,2021-05-09 20:18:26,78.8,94.4,124.77742601495719,43.0,41.792
2076,2021-05-10 04:10:54,2021-05-10 04:35:14,21.6,45.6,118.63716516203706,36.48299319727891,33.38775510204081
2077,2021-05-10 04:35:35,2021-05-10 05:08:45,46.0,78.8,118.27109955115178,39.42,36.355
2078,2021-05-10 05:09:06,2021-05-10 05:34:46,79.2,97.6,123.64886979166671,40.303225806451614,37.0
2079,2021-05-10 11:33:58,2021-05-10 12:15:34,55.6,90.0,119.03060614502583,39.464285714285715,36.964285714285715
2080,2021-05-10 19:21:18,2021-05-10 19:50:38,16.0,36.8,117.06000701121798,39.35028248587571,37.3954802259887
2081,2021-05-10 19:50:59,2021-05-10 20:18:19,36.8,56.4,115.74834580498867,41.163636363636364,38.95757575757576
2082,2021-05-10 21:26:16,2021-05-10 22:43:56,46.0,92.4,118.46951363745211,41.82847341337907,38.93310463121784
2083,2021-05-11 03:14:55,2021-05-11 04:34:50,25.2,97.6,119.05295192027322,41.416666666666664,37.843333333333334
2084,2021-05-11 13:58:15,2021-05-11 14:23:15,29.6,46.0,116.22461314363144,39.913907284768214,38.271523178807946
2085,2021-05-11 14:23:36,2021-05-11 14:52:06,46.0,64.4,114.47238609601446,42.0,40.29651162790697
2086,2021-05-11 14:52:27,2021-05-11 15:20:47,64.8,81.6,119.54201760912699,43.0,41.134502923976605
2087,2021-05-11 15:21:08,2021-05-11 15:48:48,82.0,97.2,124.16211805555551,43.449101796407184,42.0
2088,2021-05-12 05:17:38,2021-05-12 05:43:58,57.2,83.2,117.47063338675213,35.327044025157235,33.35220125786164
2089,2021-05-12 05:44:19,2021-05-12 06:06:09,83.6,97.6,124.21130912698413,36.0,34.0
2090,2021-05-12 11:11:06,2021-05-12 11:41:16,65.2,92.0,118.87800953565505,39.56043956043956,37.88461538461539
2091,2021-05-12 21:34:49,2021-05-12 22:04:09,26.8,56.0,117.83866609589045,39.909604519774014,37.80790960451977
2092,2021-05-12 22:04:30,2021-05-12 22:37:20,56.4,88.8,118.5335258058985,42.5959595959596,40.343434343434346
2093,2021-05-13 14:08:14,2021-05-13 14:28:14,25.6,38.4,122.20270996093754,37.06611570247934,35.6198347107438
2094,2021-05-13 14:28:35,2021-05-13 14:54:15,38.8,55.6,116.88989914021161,38.49677419354839,37.21290322580645
2095,2021-05-13 14:54:36,2021-05-13 15:24:06,56.0,75.2,116.91336017071758,39.87078651685393,38.56741573033708
2096,2021-05-14 15:22:32,2021-05-14 16:48:00,10.8,97.6,118.32873399641576,37.95638629283489,36.08255451713396
2097,2021-05-15 00:16:44,2021-05-15 00:57:24,53.2,91.200005,119.16928496310575,37.705882352941174,35.251633986928105
2098,2021-05-15 06:18:01,2021-05-15 06:36:21,53.6,66.0,118.55400022401437,35.0,32.648648648648646
2099,2021-05-15 06:36:42,2021-05-15 07:04:52,66.0,85.6,116.39386075680278,35.40588235294118,33.0
2100,2021-05-15 07:42:28,2021-05-15 07:59:08,80.8,93.6,120.70314268663198,36.13861386138614,34.0
2101,2021-05-17 18:42:15,2021-05-17 19:11:35,42.0,58.8,116.67826835317463,37.96610169491525,36.58757062146893
2102,2021-05-17 19:11:56,2021-05-17 19:41:16,59.2,75.6,119.53932503387541,39.0,37.6045197740113
2103,2021-05-17 19:41:37,2021-05-17 20:11:07,76.0,92.4,120.26933892276419,39.0,38.0
2104,2021-05-18 03:58:24,2021-05-18 04:15:44,35.2,52.4,117.83188985788118,37.36190476190476,34.98095238095238
2105,2021-05-18 04:16:05,2021-05-18 04:44:35,52.4,80.8,117.10143534820034,39.5406976744186,36.95348837209303
2106,2021-05-18 04:44:56,2021-05-18 05:08:56,81.2,97.6,124.65956698848247,40.07586206896552,38.0
2107,2021-05-18 14:59:51,2021-05-18 15:20:11,9.6,27.6,116.4004752314815,38.0,35.91056910569106
2108,2021-05-18 15:20:32,2021-05-18 15:51:42,27.6,54.4,116.85739225746272,39.77127659574468,37.20744680851064
2109,2021-05-18 15:52:03,2021-05-18 16:23:53,54.8,80.8,116.64958370726495,41.890625,39.0
2110,2021-05-18 16:24:14,2021-05-18 16:49:54,80.8,97.6,122.99936284722224,42.0,39.0
2111,2021-05-19 22:12:48,2021-05-19 22:40:38,55.2,82.4,119.65483318014707,37.67857142857143,36.458333333333336
2112,2021-05-20 04:19:25,2021-05-20 04:55:05,38.4,49.6,118.89131622023801,37.25581395348837,34.95348837209303
2113,2021-05-20 04:55:26,2021-05-20 05:27:16,49.6,60.0,114.27345325854697,38.0,35.369791666666664
2114,2021-05-20 05:27:37,2021-05-20 05:57:27,60.0,69.6,116.0184667245371,38.0,35.43888888888889
2115,2021-05-20 05:57:48,2021-05-20 06:27:28,69.6,79.2,115.3703188657406,38.0,35.0
2116,2021-05-20 17:17:33,2021-05-20 17:49:33,6.8,27.2,117.82341938997824,38.0,36.0
2117,2021-05-20 17:49:54,2021-05-20 18:18:44,27.6,46.0,117.7883715277778,38.764367816091955,37.17816091954023
2118,2021-05-20 18:19:05,2021-05-20 18:46:25,46.0,63.6,116.73140167297981,40.41818181818182,38.57575757575758
2119,2021-05-21 00:02:00,2021-05-21 01:06:58,20.0,84.0,118.32585011935764,40.68032786885246,38.09426229508197
2120,2021-05-21 18:11:23,2021-05-21 20:07:52,26.8,99.6,117.89686299793955,42.35354691075515,40.29519450800915
2121,2021-05-22 03:33:23,2021-05-22 04:28:38,34.8,89.2,117.48093080831292,39.71325301204819,36.903614457831324
2122,2021-05-22 11:11:02,2021-05-22 11:35:52,38.8,60.0,116.8409440513627,39.38,37.50666666666667
2123,2021-05-22 11:36:13,2021-05-22 12:04:13,60.4,84.0,118.36041089924667,40.84023668639053,39.0
2124,2021-05-23 00:27:47,2021-05-23 00:56:37,16.4,32.4,118.29950789930557,36.41954022988506,34.252873563218394
2125,2021-05-23 00:56:58,2021-05-23 01:28:08,32.8,50.8,115.6821237654321,38.02127659574468,35.680851063829785
2126,2021-05-23 01:28:29,2021-05-23 02:00:19,50.8,69.2,115.5752048611111,39.65625,37.0
2127,2021-05-23 02:00:40,2021-05-23 02:29:30,69.2,85.6,117.49494715447159,40.0,37.0
2128,2021-05-23 02:29:51,2021-05-23 02:52:01,85.6,97.6,123.4606789351852,40.0,37.6044776119403
2129,2021-05-23 16:16:47,2021-05-23 17:59:31,32.4,95.2,118.24718326256189,41.93774319066148,40.536964980544745
2130,2021-05-24 15:15:46,2021-05-24 16:51:26,27.2,86.8,116.64225975018647,35.373259052924794,33.68105849582173
2131,2021-05-25 12:35:43,2021-05-25 13:06:53,55.6,75.6,117.13960930555562,35.47872340425532,34.0
2132,2021-05-25 16:08:17,2021-05-25 16:34:29,60.8,86.8,117.99798349358977,38.38993710691824,37.075471698113205
2133,2021-05-25 16:34:50,2021-05-25 16:52:00,87.2,97.6,123.29996474358984,39.0,38.0
2134,2021-05-25 22:07:39,2021-05-25 22:37:39,63.2,89.6,113.66740630260945,38.049723756906076,35.56353591160221
2135,2021-05-26 12:35:59,2021-05-26 13:04:09,30.4,48.8,115.10192338466186,34.04705882352941,32.63529411764706
2136,2021-05-26 13:04:30,2021-05-26 13:34:50,49.2,68.4,114.43723292824073,35.83606557377049,34.57377049180328
2137,2021-05-26 13:35:11,2021-05-26 13:59:31,68.4,82.8,117.67555931712972,36.795918367346935,35.0
2138,2021-05-26 21:08:15,2021-05-26 21:38:15,35.2,56.0,115.3846153846154,34.58563535911602,32.87292817679558
2139,2021-05-26 21:38:36,2021-05-26 22:12:26,56.0,79.2,116.66786410440612,36.0,34.0
2140,2021-05-26 22:12:47,2021-05-26 22:38:47,79.2,95.6,121.49306631097568,36.0,34.69426751592356
2141,2021-05-27 06:20:09,2021-05-27 06:49:49,36.8,62.0,116.10616225749557,36.184357541899445,33.74301675977654
2142,2021-05-27 06:50:10,2021-05-27 07:22:10,62.0,87.2,118.11288789682538,37.86010362694301,35.0
2143,2021-05-27 07:22:31,2021-05-27 07:39:11,87.6,97.6,124.64585722222223,38.0,35.0
2144,2021-05-27 12:34:42,2021-05-27 13:02:22,66.0,87.6,118.59119013631691,39.0,38.0
2145,2021-05-27 18:52:15,2021-05-27 19:19:55,33.6,61.2,116.88304861111112,40.22754491017964,37.5748502994012
2146,2021-05-27 19:20:16,2021-05-27 19:48:56,61.6,89.2,119.26932492954914,42.38150289017341,39.6878612716763
2147,2021-05-28 17:28:53,2021-05-28 17:57:43,53.6,82.4,116.82678250385801,40.12068965517241,38.729885057471265
2148,2021-05-29 01:53:40,2021-05-29 02:22:40,26.4,51.2,116.90915955421146,38.14857142857143,35.2
2149,2021-05-29 02:23:01,2021-05-29 02:52:21,51.6,76.4,118.2795698924731,40.548022598870055,37.58757062146893
2150,2021-05-29 02:52:42,2021-05-29 03:22:22,76.8,97.6,122.20419591346155,41.0,38.0
2151,2021-05-29 17:48:44,2021-05-29 19:25:16,4.0,95.6,117.87264764677343,37.622068965517244,35.10758620689655
2152,2021-05-30 06:35:29,2021-05-30 07:04:59,18.8,48.0,117.96138708143076,41.63483146067416,37.80337078651685
2153,2021-05-30 07:05:20,2021-05-30 07:37:40,48.4,79.2,118.76444615800862,44.271794871794874,40.51794871794872
2154,2021-05-30 07:38:01,2021-05-30 08:06:21,79.6,97.6,124.2916977623457,44.75438596491228,41.0
2155,2021-05-30 18:14:00,2021-05-30 18:41:50,32.0,60.0,116.01637504960318,40.601190476190474,38.93452380952381
2156,2021-05-30 18:42:11,2021-05-30 19:13:11,60.0,90.0,117.45093412037038,42.94117647058823,41.19786096256684
2157,2021-05-31 17:54:20,2021-05-31 18:21:50,63.6,72.4,117.27115735479792,32.0,30.0
2158,2021-05-31 18:22:11,2021-05-31 18:50:31,72.4,81.6,115.5434836956523,32.0,30.0
2159,2021-05-31 20:49:26,2021-05-31 21:12:49,68.0,90.0,117.09572167297979,32.816901408450704,30.443661971830984
2160,2021-06-01 05:00:58,2021-06-01 05:28:58,36.4,60.4,115.50811313657408,31.893491124260354,29.75147928994083
2161,2021-06-01 05:29:19,2021-06-01 05:56:39,60.4,82.4,116.48549217171713,33.73939393939394,31.66060606060606
2162,2021-06-01 05:57:00,2021-06-01 06:20:30,82.8,97.6,124.34311064189194,34.063380281690144,32.147887323943664
2163,2021-06-01 15:43:51,2021-06-01 16:12:21,57.6,85.6,118.98166091269846,36.45348837209303,33.63953488372093
2164,2021-06-01 23:39:42,2021-06-02 00:03:02,19.6,42.4,118.538011208577,31.851063829787233,28.879432624113477
2165,2021-06-02 00:03:23,2021-06-02 00:33:33,42.8,73.2,114.9607107090643,34.86813186813187,31.945054945054945
2166,2021-06-02 00:33:54,2021-06-02 01:03:24,73.6,96.4,119.43593256578941,36.01685393258427,33.0
2167,2021-06-02 11:11:41,2021-06-02 11:59:25,52.8,94.8,119.40240353439154,33.55431754874652,31.62116991643454
2168,2021-06-02 21:25:16,2021-06-02 21:43:56,33.6,49.6,116.96702239583334,31.76991150442478,28.761061946902654
2169,2021-06-02 21:44:17,2021-06-02 22:12:27,49.6,74.0,115.79919000455374,33.72352941176471,30.74705882352941
2170,2021-06-03 15:45:49,2021-06-03 16:12:05,21.6,44.0,117.19667006448414,37.275,35.7
2171,2021-06-03 16:12:26,2021-06-03 16:41:46,44.4,69.6,116.3282554012346,40.11864406779661,38.38418079096045
2172,2021-06-03 22:02:47,2021-06-03 22:22:27,19.6,39.2,118.45664668367348,38.319327731092436,35.87394957983193
2173,2021-06-03 22:22:48,2021-06-03 22:52:48,39.6,70.0,116.47890903691524,40.92265193370166,38.430939226519335
2174,2021-06-04 18:15:39,2021-06-04 19:26:30,26.0,93.2,117.11434288194447,32.721804511278194,31.212406015037594
2175,2021-06-05 17:51:28,2021-06-05 18:19:38,25.6,32.4,121.32352941176477,29.847058823529412,28.323529411764707
2176,2021-06-05 18:19:59,2021-06-05 18:47:49,32.4,39.2,118.10661764705874,30.422619047619047,29.101190476190474
2177,2021-06-05 18:48:10,2021-06-05 19:17:20,39.2,46.4,114.22646604938281,31.022727272727273,30.0
2178,2021-06-05 19:17:41,2021-06-05 19:46:11,46.4,57.2,110.25464467592589,32.06976744186046,30.598837209302324
2179,2021-06-05 19:46:32,2021-06-05 20:17:02,57.2,74.8,116.22556565656569,33.0,31.79891304347826
2180,2021-06-05 20:59:54,2021-06-05 21:20:54,74.0,87.2,117.82410058922557,33.0,31.968503937007874
2181,2021-06-06 15:55:14,2021-06-06 16:54:05,29.6,88.4,116.69050408399471,38.1289592760181,36.574660633484164
2182,2021-06-06 22:10:20,2021-06-06 22:32:10,48.0,69.6,118.08000102880662,38.67424242424242,36.45454545454545
2183,2021-06-06 22:32:31,2021-06-06 22:50:51,70.0,88.0,118.9459969907408,39.93693693693694,37.549549549549546
2184,2021-06-07 20:11:06,2021-06-07 20:31:06,28.4,45.6,116.92911490633071,33.743801652892564,32.586776859504134
2185,2021-06-07 20:31:27,2021-06-07 21:02:57,45.6,72.0,114.98264809553874,36.07368421052632,34.68421052631579
2186,2021-06-07 21:03:18,2021-06-07 21:32:28,72.4,93.2,122.16214362980769,37.0,35.64772727272727
2187,2021-06-08 17:05:04,2021-06-08 18:52:05,5.6,93.2,120.48428052384574,40.48816936488169,39.205479452054796
2188,2021-06-09 19:45:36,2021-06-09 20:09:36,54.8,75.2,117.4414353213507,36.0,34.91724137931035
2189,2021-06-09 20:09:57,2021-06-09 20:37:27,75.6,95.6,121.00971381944446,36.98192771084337,35.7289156626506
2190,2021-06-10 03:19:00,2021-06-10 03:46:50,54.4,82.0,117.6826731582126,37.964285714285715,35.80952380952381
2191,2021-06-10 03:47:11,2021-06-10 04:09:31,82.4,97.6,124.59979468201767,39.0,36.977777777777774
2192,2021-06-10 15:27:05,2021-06-10 15:52:05,13.6,38.4,117.71058254928317,37.70860927152318,35.59602649006622
2193,2021-06-10 15:52:26,2021-06-10 16:21:26,38.8,68.0,115.96937856735157,40.78857142857143,38.417142857142856
2194,2021-06-10 16:21:47,2021-06-10 16:50:47,68.4,93.2,121.01871712589607,42.668571428571425,40.0
2195,2021-06-11 11:38:35,2021-06-11 12:06:45,54.8,77.2,119.23054334077376,33.89411764705882,32.54705882352941
2196,2021-06-11 12:07:06,2021-06-11 12:36:46,77.6,97.6,120.67709604166666,34.910614525139664,33.0
2197,2021-06-12 13:32:00,2021-06-12 13:58:30,32.8,59.2,116.99178124999996,35.15625,33.63125
2198,2021-06-12 13:58:51,2021-06-12 14:44:06,59.6,97.6,119.40142857821641,37.64233576642336,35.846715328467155
2199,2021-06-12 20:45:46,2021-06-12 21:42:36,52.0,96.8,118.78575344122022,36.843091334894616,34.23419203747073
2200,2021-06-14 17:15:46,2021-06-14 18:07:48,57.6,97.6,119.60768642361114,30.713554987212277,30.0230179028133
2201,2021-06-19 06:23:28,2021-06-19 09:18:47,24.4,97.6,118.38270662568307,34.954372623574145,33.4722433460076
2202,2021-06-21 09:50:03,2021-06-21 10:08:53,52.0,69.6,117.25775986426774,36.6578947368421,35.421052631578945
2203,2021-06-21 10:09:14,2021-06-21 10:26:54,70.0,86.0,121.03301510416668,37.73831775700935,36.45794392523364
2204,2021-06-21 17:01:58,2021-06-21 17:32:19,32.0,51.2,118.67695847800925,40.84239130434783,38.57065217391305
2205,2021-06-21 17:32:40,2021-06-21 17:54:50,51.6,65.2,118.54679677287581,42.492537313432834,40.0
2206,2021-06-22 07:33:16,2021-06-22 08:05:36,47.2,67.6,115.87488405501094,30.81025641025641,28.74871794871795
2207,2021-06-22 08:05:57,2021-06-22 08:33:47,68.0,84.4,118.8363996443089,32.0,29.970238095238095
2208,2021-06-22 08:34:08,2021-06-22 08:58:18,84.4,97.6,123.73002272727285,32.0,30.0
2209,2021-06-22 23:43:36,2021-06-23 00:05:46,82.4,97.6,123.90079184941534,31.0,29.992537313432837
2210,2021-06-25 01:26:19,2021-06-25 01:50:09,22.0,46.0,117.03184774305558,30.368055555555557,28.76388888888889
2211,2021-06-25 01:50:30,2021-06-25 02:20:30,46.0,76.8,115.08431687409815,33.94475138121547,32.41436464088398
2212,2021-06-25 02:20:51,2021-06-25 02:47:11,77.2,97.2,118.9458401388889,35.74842767295598,34.0
2213,2021-06-25 10:19:22,2021-06-25 12:05:51,10.0,97.6,117.38836485445205,36.79224030037547,34.69962453066333
2214,2021-06-25 17:31:09,2021-06-25 18:35:44,48.8,99.2,118.78057086364637,39.60412371134021,36.77319587628866
2215,2021-06-26 03:01:18,2021-06-26 03:58:41,26.8,76.4,115.67300374663975,36.29002320185615,33.26218097447796
2216,2021-06-26 04:47:25,2021-06-26 05:13:50,77.2,97.6,114.3520709286493,37.85427135678392,34.8391959798995
2217,2021-06-26 14:42:12,2021-06-26 15:13:12,23.2,34.0,119.12032253086416,36.57754010695187,34.588235294117645
2218,2021-06-26 15:13:33,2021-06-26 15:43:13,34.4,44.8,118.3813627136752,37.22346368715084,35.25139664804469
2219,2021-06-26 15:43:34,2021-06-26 16:13:44,44.8,56.0,111.77822891865073,38.0,36.0
2220,2021-06-26 16:14:05,2021-06-26 16:42:45,56.0,66.4,114.39097970085461,38.0,36.0
2221,2021-06-26 16:43:06,2021-06-26 17:14:06,66.8,77.6,119.1203225308642,38.0,36.0
2222,2021-06-26 17:14:27,2021-06-26 17:43:27,77.6,87.6,120.34995166666663,38.0,36.0
2223,2021-06-26 21:48:26,2021-06-26 22:14:06,36.8,55.2,115.77903200483088,38.05806451612903,35.30967741935484
2224,2021-06-26 22:14:27,2021-06-26 22:43:47,55.2,76.4,114.84281341719078,39.46892655367232,36.824858757062145
2225,2021-06-26 22:44:08,2021-06-26 23:11:08,76.4,94.8,117.93934488224644,40.0,37.0
2226,2021-06-27 19:33:16,2021-06-27 19:57:56,41.2,62.0,117.19218449519231,35.348993288590606,32.83892617449664
2227,2021-06-27 19:58:17,2021-06-27 20:28:17,62.4,86.4,117.13658327546293,36.88397790055249,34.28176795580111
2228,2021-06-27 20:28:38,2021-06-27 20:46:08,86.4,97.6,121.86881448412711,37.0,35.0
2229,2021-06-28 15:18:40,2021-06-28 15:38:50,47.2,64.8,114.83823405934346,33.40983606557377,31.631147540983605
2230,2021-06-28 15:39:11,2021-06-28 16:00:01,64.8,82.8,116.02238657407406,34.08730158730159,32.69047619047619
2231,2021-06-28 16:00:22,2021-06-28 16:17:22,83.2,95.2,122.78242118055553,35.0,33.0
2232,2021-06-29 01:01:49,2021-06-29 01:19:29,30.8,48.8,115.65125092592596,34.74766355140187,33.05607476635514
2233,2021-06-29 01:19:50,2021-06-29 01:39:20,48.8,68.8,114.88473847222225,37.144067796610166,35.313559322033896
2234,2021-06-29 01:39:41,2021-06-29 01:58:05,69.2,87.6,117.83742649456535,38.25,36.36607142857143
2235,2021-06-29 07:04:05,2021-06-29 07:34:35,74.4,92.4,118.17054266975309,35.0,32.0
2236,2021-06-29 19:32:43,2021-06-29 19:51:43,31.6,48.0,114.70781969850947,37.391304347826086,35.51304347826087
2237,2021-06-29 19:52:04,2021-06-29 20:10:34,48.4,64.4,114.62673263888885,39.30357142857143,37.473214285714285
2238,2021-06-29 20:10:55,2021-06-29 20:29:55,64.8,81.2,114.87974170054196,40.12173913043478,38.130434782608695
2239,2021-06-29 20:30:16,2021-06-29 20:48:16,81.2,94.8,118.18729411764713,41.0,39.0
2240,2021-06-30 02:33:41,2021-06-30 02:59:21,56.0,81.6,117.01823730468755,39.806451612903224,36.94838709677419
2241,2021-06-30 02:59:42,2021-06-30 03:21:22,81.6,97.6,120.41059444444444,40.37404580152672,38.0
2242,2021-06-30 13:29:09,2021-06-30 13:47:09,50.8,66.4,116.8509927884615,37.42201834862385,35.55045871559633
2243,2021-06-30 13:47:30,2021-06-30 14:07:20,66.8,83.6,119.62801471560847,38.35,36.7
2244,2021-07-01 03:19:35,2021-07-01 03:52:05,64.0,94.0,118.79165921296297,35.484693877551024,33.87244897959184
2245,2021-07-01 12:52:53,2021-07-01 13:11:53,30.8,47.2,116.27712330623305,38.904347826086955,37.095652173913045
2246,2021-07-01 13:12:14,2021-07-01 13:29:14,47.2,62.4,112.27798547149126,40.640776699029125,38.71844660194175
2247,2021-07-01 13:29:35,2021-07-01 13:48:05,62.4,78.4,116.15454687499995,41.982142857142854,39.99107142857143
2248,2021-07-01 13:48:26,2021-07-01 14:04:56,78.8,92.4,119.56702747140515,42.0,40.0
2249,2021-07-01 16:26:28,2021-07-01 16:55:08,70.0,86.8,119.44942733134924,43.0,41.0
2250,2021-07-01 16:55:29,2021-07-01 17:14:09,87.2,97.6,121.63462954059841,43.0,41.0
2251,2021-07-02 00:19:39,2021-07-02 00:59:18,62.8,97.6,118.5562482359515,39.52684563758389,36.68791946308725
2252,2021-07-02 17:47:17,2021-07-02 18:58:29,22.800001,92.8,117.03540753225184,39.8018691588785,37.985046728971966
2253,2021-07-03 09:47:11,2021-07-03 10:58:29,26.8,94.8,118.42858222834968,36.28785046728972,34.91588785046729
2254,2021-07-03 19:36:26,2021-07-03 20:35:34,19.2,78.8,115.89031967281882,38.414414414414416,36.263513513513516
2255,2021-07-04 10:51:00,2021-07-04 12:03:45,24.4,94.8,116.86754689472852,37.77472527472528,36.06959706959707
2256,2021-07-05 13:41:32,2021-07-05 15:23:38,6.8,93.2,117.83371132008745,40.231070496083554,38.387728459530024
2257,2021-07-06 00:16:07,2021-07-06 00:41:27,38.4,63.6,117.2833994157848,39.03921568627451,36.77777777777778
2258,2021-07-06 00:41:48,2021-07-06 01:09:18,64.0,91.2,117.95292070057188,41.25301204819277,38.77710843373494
2259,2021-07-06 16:15:02,2021-07-06 16:40:52,23.2,40.0,116.98828339947092,37.98717948717949,36.52564102564103
2260,2021-07-06 16:41:13,2021-07-06 17:08:03,40.4,58.0,113.64900954861112,39.52469135802469,38.098765432098766
2261,2021-07-06 17:08:24,2021-07-06 17:32:14,58.0,73.2,112.75221262792394,40.888888888888886,39.0
2262,2021-07-06 17:32:35,2021-07-06 18:05:01,73.2,92.0,119.39222790336879,41.0,39.0
2263,2021-07-07 07:12:57,2021-07-07 08:27:34,20.0,93.6,116.84341512303749,37.294642857142854,34.26607142857143
2264,2021-07-07 17:32:52,2021-07-07 17:49:58,68.0,84.8,117.44463192791008,41.0,39.0
2265,2021-07-07 17:50:12,2021-07-07 18:06:42,85.2,97.6,121.53003707437287,41.81,39.26
2266,2021-07-08 01:33:11,2021-07-08 03:16:54,11.6,97.6,117.97555796834627,40.43187660668381,37.74807197943445
2267,2021-07-08 11:17:21,2021-07-08 12:35:34,50.4,97.6,118.56107284016008,36.098807495741056,34.11925042589438
2268,2021-07-09 10:04:28,2021-07-09 10:22:48,4.8,23.2,116.68555517814012,35.0,34.0
2269,2021-07-09 10:39:30,2021-07-09 10:56:00,40.0,56.4,117.70242369579951,37.95,36.75
2270,2021-07-09 10:56:21,2021-07-09 11:15:41,56.8,75.6,120.30365240839247,40.1025641025641,38.70940170940171
2271,2021-07-09 23:46:21,2021-07-10 00:05:11,30.0,46.0,117.11460347222227,40.35087719298246,37.526315789473685
2272,2021-07-10 00:05:32,2021-07-10 00:23:32,46.4,62.0,114.7667571225071,42.04587155963303,39.27522935779817
2273,2021-07-10 00:23:53,2021-07-10 00:45:03,62.0,80.0,116.98921712962968,43.4375,40.6796875
2274,2021-07-10 06:33:26,2021-07-10 06:52:26,32.4,48.8,115.88753726287263,39.26086956521739,35.947826086956525
2275,2021-07-10 07:47:30,2021-07-10 08:05:40,73.6,89.2,116.52511404914524,41.0,38.0
2276,2021-07-10 16:46:30,2021-07-10 17:07:10,30.0,43.6,115.84559283088237,40.0,38.0
2277,2021-07-10 17:07:31,2021-07-10 17:40:11,44.0,65.2,114.46083746069182,41.49238578680203,39.223350253807105
2278,2021-07-11 00:49:45,2021-07-11 01:25:12,15.6,46.0,116.7733574013158,39.384328358208954,36.76119402985075
2279,2021-07-11 01:28:30,2021-07-11 02:13:12,46.8,84.8,117.68743508771931,42.44940476190476,39.76488095238095
2280,2021-07-11 05:16:12,2021-07-11 06:16:55,47.2,97.6,117.40093190310847,40.550438596491226,37.30263157894737
2281,2021-07-11 19:07:20,2021-07-11 20:05:15,41.2,94.4,117.64157177840436,44.10114942528735,42.12183908045977
2282,2021-07-12 15:29:21,2021-07-12 15:45:51,23.2,34.0,117.95654822530864,39.0,36.48
2283,2021-07-12 15:46:12,2021-07-12 16:04:32,34.4,46.4,116.7164430555556,40.108108108108105,37.85585585585586
2284,2021-07-12 16:04:53,2021-07-12 16:22:43,46.4,58.4,111.72801562500001,41.574074074074076,39.43518518518518
2285,2021-07-12 16:23:04,2021-07-12 16:41:24,58.8,70.4,115.65015241858232,42.85585585585586,40.711711711711715
2286,2021-07-13 09:16:35,2021-07-13 09:45:15,54.4,82.8,118.03405110524258,36.98843930635838,35.60693641618497
2287,2021-07-13 14:35:15,2021-07-13 15:01:05,52.8,78.8,115.85416949786327,42.717948717948715,40.64102564102564
2288,2021-07-13 21:07:33,2021-07-13 21:25:53,61.6,77.6,116.19445625000004,41.927927927927925,39.44144144144144
2289,2021-07-13 21:26:14,2021-07-13 21:43:14,77.6,92.4,116.56436477102095,42.12621359223301,40.0
2290,2021-07-14 05:34:16,2021-07-14 06:50:22,18.4,94.4,116.9208425877193,40.581436077057795,37.725043782837126
2291,2021-07-14 15:33:38,2021-07-14 15:54:08,15.2,35.6,115.56372549019606,43.28225806451613,41.96774193548387
2292,2021-07-14 15:54:29,2021-07-14 16:13:39,36.0,54.0,116.28472067901237,44.6551724137931,42.922413793103445
2293,2021-07-14 16:14:00,2021-07-14 16:32:50,54.4,71.2,118.63756564153438,46.48245614035088,44.56140350877193
2294,2021-07-14 20:46:32,2021-07-14 21:13:12,31.6,54.8,115.83633878113031,43.714285714285715,41.2360248447205
2295,2021-07-14 21:13:33,2021-07-14 21:42:53,55.2,79.2,117.79862187500001,45.40112994350282,42.75706214689266
2296,2021-07-14 21:43:14,2021-07-14 22:09:04,79.6,97.6,121.1350395833333,45.38461538461539,42.68589743589744
2297,2021-07-15 08:18:21,2021-07-15 08:35:01,28.8,42.8,118.89978680555562,35.0,32.57425742574257
2298,2021-07-15 08:35:22,2021-07-15 09:00:12,43.2,64.4,116.93787722746329,36.78666666666667,34.46
2299,2021-07-15 09:00:33,2021-07-15 09:21:53,64.8,82.8,118.28085648148148,38.395348837209305,36.0
2300,2021-07-15 09:22:14,2021-07-15 09:40:54,83.2,97.6,121.80553925540127,39.0,36.46017699115044
2301,2021-07-15 15:08:39,2021-07-15 15:33:29,47.6,68.4,116.7988924278846,40.49333333333333,38.38666666666666
2302,2021-07-15 15:33:50,2021-07-15 16:03:20,68.4,92.0,116.44834133709982,41.853932584269664,39.674157303370784
2303,2021-07-16 01:55:36,2021-07-16 03:09:01,18.0,91.6,116.16223571293783,38.58983666061706,36.687840290381125
2304,2021-07-16 10:35:51,2021-07-16 10:53:11,22.4,39.6,117.60013727390182,37.38095238095238,35.304761904761904
2305,2021-07-16 11:10:13,2021-07-16 11:27:43,56.8,74.4,115.97064993686863,40.783018867924525,38.70754716981132
2306,2021-07-16 14:05:51,2021-07-16 14:39:22,67.2,97.6,119.42366440972228,42.182539682539684,40.0
2307,2021-07-17 10:14:52,2021-07-17 10:33:22,32.4,48.0,117.35221118233616,30.446428571428573,29.383928571428573
2308,2021-07-17 10:33:43,2021-07-17 11:01:33,48.4,72.4,114.82638437499995,32.791666666666664,31.976190476190474
2309,2021-07-17 11:01:54,2021-07-17 11:31:24,72.8,96.8,118.01851001157408,34.449438202247194,33.47191011235955
2310,2021-07-17 17:53:24,2021-07-17 18:15:14,67.6,86.4,116.52484234633565,39.46969696969697,37.13636363636363
2311,2021-07-17 23:36:05,2021-07-17 23:55:55,51.6,68.8,115.53215746124042,38.69166666666667,35.80833333333333
2312,2021-07-17 23:56:16,2021-07-18 00:29:06,68.8,96.4,116.62089321658613,39.91414141414141,36.974747474747474
2313,2021-07-18 05:03:59,2021-07-18 05:22:49,19.6,36.0,114.83739837398375,37.0,34.0
2314,2021-07-18 05:23:10,2021-07-18 05:41:40,36.0,52.0,115.61979114583335,37.69642857142857,34.955357142857146
2315,2021-07-18 05:42:01,2021-07-18 06:08:14,52.4,74.8,117.03372966269842,39.45283018867924,36.672955974842765
2316,2021-07-18 06:08:35,2021-07-18 06:28:15,75.2,91.6,119.95765972222227,40.0,37.02521008403362
2317,2021-07-18 15:49:16,2021-07-18 16:16:46,23.2,50.8,116.09752641908213,41.6566265060241,40.463855421686745
2318,2021-07-18 16:17:07,2021-07-18 16:46:37,51.2,79.2,117.01786612103177,44.438202247191015,42.76966292134831
2319,2021-07-19 03:01:31,2021-07-19 03:18:01,36.4,54.0,115.71733656881314,40.8,37.17
2320,2021-07-19 03:18:22,2021-07-19 03:35:02,54.4,72.0,116.84186103219696,42.79207920792079,39.23762376237624
2321,2021-07-19 11:50:52,2021-07-19 12:07:42,51.6,62.4,115.69830491255149,36.38235294117647,34.19607843137255
2322,2021-07-19 12:08:03,2021-07-19 12:25:53,62.4,73.6,114.94172333829373,37.0,35.0
2323,2021-07-19 12:26:14,2021-07-19 12:42:44,73.6,83.6,116.31251736111112,37.2,35.0
2324,2021-07-19 18:20:12,2021-07-19 18:41:22,44.4,58.0,115.10111468545755,37.4765625,35.46875
2325,2021-07-19 18:41:43,2021-07-19 19:00:23,58.4,69.6,119.84624640376991,38.743362831858406,36.73451327433628
2326,2021-07-19 19:00:44,2021-07-19 19:20:14,70.0,81.6,117.53593654214566,39.0,37.0
2327,2021-07-20 11:25:05,2021-07-20 12:06:52,56.0,95.6,118.28328979026377,31.87579617834395,30.53503184713376
2328,2021-07-20 20:11:06,2021-07-20 20:28:16,56.8,70.8,118.69247559523811,33.40384615384615,31.682692307692307
2329,2021-07-21 01:26:07,2021-07-21 01:45:37,41.6,61.2,116.2344263038549,33.601694915254235,31.872881355932204
2330,2021-07-21 01:45:58,2021-07-21 02:04:08,61.6,80.0,115.3381776871981,35.64545454545455,33.79090909090909
2331,2021-07-21 02:04:29,2021-07-21 02:22:59,80.4,96.8,118.89990794376702,36.330357142857146,34.732142857142854
2332,2021-07-21 23:59:59,2021-07-22 00:16:49,32.8,49.6,116.07804381613754,31.96078431372549,30.470588235294116
2333,2021-07-22 14:24:37,2021-07-22 14:41:47,43.2,60.8,113.76579150883843,40.46153846153846,38.70192307692308
2334,2021-07-22 14:42:08,2021-07-22 14:59:18,61.2,78.4,116.4462269864341,42.50961538461539,40.63461538461539
2335,2021-07-22 22:58:50,2021-07-22 23:19:40,37.2,55.6,113.7560692934783,40.37301587301587,37.65873015873016
2336,2021-07-22 23:20:01,2021-07-22 23:40:01,56.0,73.2,116.82496931524547,42.231404958677686,39.45454545454545
2337,2021-07-22 23:40:22,2021-07-23 00:03:22,73.6,93.2,117.89189632936505,43.0,40.0
2338,2021-07-23 13:27:06,2021-07-23 13:46:26,52.4,68.8,118.79828616192415,40.23076923076923,38.47863247863248
2339,2021-07-23 13:46:47,2021-07-23 14:05:57,69.2,85.6,117.83622942073177,41.25,39.525862068965516
2340,2021-07-23 20:24:54,2021-07-23 20:43:34,33.6,52.0,118.7930514039855,42.06194690265487,40.123893805309734
2341,2021-07-23 20:43:55,2021-07-23 21:02:15,52.4,70.8,115.88921422101454,43.828828828828826,42.11711711711712
2342,2021-07-23 21:02:36,2021-07-23 21:19:46,71.2,87.2,115.78994861111111,44.98076923076923,43.0
2343,2021-07-24 05:24:35,2021-07-24 06:29:43,30.4,95.2,117.33161462620025,41.079754601226995,38.807770961145195
2344,2021-07-24 09:04:17,2021-07-24 09:30:11,64.8,90.4,118.2550604329427,42.83589743589744,39.353846153846156
2345,2021-07-24 15:34:25,2021-07-24 16:13:16,39.2,76.8,116.47636676270687,44.0,42.195205479452056
2346,2021-07-24 16:13:35,2021-07-24 16:40:33,77.2,97.6,121.17226648965149,45.70935960591133,43.96551724137931
2347,2021-07-25 10:17:27,2021-07-25 10:33:57,75.6,89.6,117.54168273809526,41.0,38.3
2348,2021-07-25 19:31:12,2021-07-25 19:48:22,17.2,30.8,115.68323212826795,42.00961538461539,40.0
2349,2021-07-25 19:48:43,2021-07-25 20:05:33,30.8,44.8,115.59625019841273,43.1078431372549,41.05882352941177
2350,2021-07-26 20:17:43,2021-07-26 20:35:13,39.6,57.6,113.8256325617284,39.31132075471698,37.764150943396224
2351,2021-07-26 20:55:54,2021-07-26 21:16:04,78.4,96.8,118.49488300120778,42.0,40.07377049180328
2352,2021-07-27 02:10:00,2021-07-27 02:28:30,68.8,87.2,116.07113292572457,41.0,38.589285714285715
2353,2021-07-27 10:54:30,2021-07-27 11:14:10,39.2,56.4,115.29150686369509,39.05042016806723,37.2436974789916
2354,2021-07-27 11:18:32,2021-07-27 11:36:22,60.0,75.2,118.37080363669588,40.71559633027523,38.88073394495413
2355,2021-07-27 11:36:43,2021-07-27 12:04:03,75.6,97.6,119.1553176136364,41.14545454545455,39.49090909090909
2356,2021-07-27 16:06:09,2021-07-27 16:42:03,65.2,95.6,117.76462423245617,45.388888888888886,43.18518518518518
2357,2021-07-28 03:55:24,2021-07-28 04:14:04,63.2,81.6,118.3484332729469,42.230088495575224,39.902654867256636
2358,2021-07-28 14:53:09,2021-07-28 15:17:19,16.0,40.4,116.14810763888887,41.35616438356164,39.34931506849315
2359,2021-07-28 15:17:40,2021-07-28 15:46:30,40.4,68.8,114.74765277777776,44.252873563218394,42.5
2360,2021-07-28 15:46:51,2021-07-28 16:05:41,69.2,86.4,117.93848627260984,46.0,44.19298245614035
2361,2021-07-29 00:30:31,2021-07-29 00:51:41,16.8,38.0,116.55595590932917,35.8828125,32.90625
2362,2021-07-29 00:52:02,2021-07-29 01:09:12,38.4,55.6,116.53990011304907,37.66346153846154,34.80769230769231
2363,2021-07-29 01:09:33,2021-07-29 01:28:53,56.0,75.6,115.19346378968261,39.675213675213676,36.92307692307692
2364,2021-07-29 01:29:14,2021-07-29 01:48:34,76.0,94.8,117.51035896867614,40.914529914529915,38.0
2365,2021-07-29 06:50:49,2021-07-29 07:08:39,62.0,80.0,115.9236313271605,40.28703703703704,36.842592592592595
2366,2021-07-29 07:09:00,2021-07-29 07:27:00,80.0,96.0,118.43404861111114,41.0,37.211009174311926
2367,2021-07-29 19:34:31,2021-07-29 19:51:01,28.0,44.4,117.48815193089432,36.43,33.41
2368,2021-07-30 00:45:31,2021-07-30 01:03:11,64.4,82.0,117.68624715909095,38.74766355140187,35.23364485981308
2369,2021-07-30 22:29:24,2021-07-30 22:46:14,24.8,36.0,115.2877151537699,37.0,35.0
2370,2021-07-30 22:46:35,2021-07-30 23:05:05,36.4,48.4,117.11228912037039,37.848214285714285,35.67857142857143
2371,2021-07-30 23:05:26,2021-07-30 23:22:06,48.8,59.2,120.10018603098283,39.039603960396036,36.851485148514854
2372,2021-07-30 23:22:27,2021-07-30 23:40:07,59.2,70.0,119.76981957304531,40.09345794392523,37.89719626168224
2373,2021-07-30 23:40:28,2021-07-30 23:57:18,70.0,80.0,120.10974069444448,41.0,38.0
2374,2021-07-31 07:58:13,2021-07-31 08:14:53,48.0,62.4,114.32678279320989,38.59405940594059,35.97029702970297
2375,2021-07-31 08:15:14,2021-07-31 08:33:04,62.8,77.2,118.20024479166662,39.99074074074074,37.0
2376,2021-07-31 08:33:25,2021-07-31 08:49:55,77.6,90.4,119.13521668836795,40.22,37.94
2377,2021-07-31 17:42:02,2021-07-31 18:47:51,34.4,97.6,117.43539621791493,40.977732793522264,38.80971659919028
2378,2021-08-01 02:08:16,2021-08-01 02:25:06,33.6,48.0,115.95389959490741,37.833333333333336,34.84313725490196
2379,2021-08-01 02:25:27,2021-08-01 02:42:57,48.4,63.6,114.20321948099412,39.405660377358494,36.509433962264154
2380,2021-08-01 08:09:25,2021-08-01 08:34:25,15.6,36.8,116.51864164046128,38.3046357615894,35.21854304635762
2381,2021-08-01 08:34:46,2021-08-01 09:00:36,37.2,58.8,118.18033590534984,40.166666666666664,37.12820512820513
2382,2021-08-01 09:00:57,2021-08-01 09:27:17,59.2,81.2,118.20646988636365,42.54716981132076,39.295597484276726
2383,2021-08-01 09:27:38,2021-08-01 09:48:58,81.6,97.6,122.76132378472226,43.0,40.0
2384,2021-08-01 21:29:18,2021-08-01 23:02:04,8.8,97.6,119.55515760291544,38.77729885057471,35.04454022988506
2385,2021-08-02 05:12:33,2021-08-02 05:55:12,47.2,90.0,116.42959150765837,36.70496894409938,33.56211180124224
2386,2021-08-02 14:07:07,2021-08-02 14:24:17,50.0,64.8,116.53625516141149,35.77884615384615,34.55769230769231
2387,2021-08-02 14:24:38,2021-08-02 14:42:38,64.8,80.4,116.03812090455835,37.27522935779817,36.018348623853214
2388,2021-08-02 18:22:04,2021-08-02 18:39:34,65.2,80.0,117.38740033783786,40.0,39.0
2389,2021-08-02 18:39:55,2021-08-02 19:02:05,80.4,97.6,119.98871632751948,40.66417910447761,39.05223880597015
2390,2021-08-03 04:09:40,2021-08-03 04:26:40,74.4,91.2,117.99686218584662,38.84466019417476,35.87378640776699
2391,2021-08-03 13:29:51,2021-08-03 13:49:21,35.2,52.0,115.44314103835984,40.58474576271186,38.47457627118644
2392,2021-08-03 13:49:42,2021-08-03 14:09:42,52.0,69.6,113.02243055555562,42.586776859504134,40.33884297520661
2393,2021-08-03 14:10:03,2021-08-03 14:38:25,69.6,93.6,117.6087011226852,43.848837209302324,41.133720930232556
2394,2021-08-03 22:24:19,2021-08-03 23:13:51,45.6,94.4,117.08356869023224,38.59139784946237,35.13172043010753
2395,2021-08-06 15:25:16,2021-08-06 15:42:06,50.0,56.8,114.39954513888895,36.0,34.27450980392157
2396,2021-08-06 15:42:27,2021-08-06 15:59:57,57.2,64.0,117.13646139705887,36.0,35.0
2397,2021-08-06 16:14:49,2021-08-06 16:31:39,69.6,76.4,109.95510559640506,36.0,35.0
2398,2021-08-07 14:05:07,2021-08-07 14:22:47,17.6,30.8,118.16709911616164,35.0,33.23364485981308
2399,2021-08-07 14:23:08,2021-08-07 14:41:08,31.2,44.4,116.80872969276095,36.12844036697248,34.51376146788991
2400,2021-08-07 14:41:29,2021-08-07 14:59:19,44.8,57.6,115.00761024305552,37.648148148148145,36.23148148148148
2401,2021-08-07 14:59:40,2021-08-07 15:17:40,58.0,70.8,115.7009711371528,39.15596330275229,37.68807339449541
2402,2021-08-07 15:18:01,2021-08-07 15:37:11,70.8,84.4,116.85254350490189,40.0,38.23275862068966
2403,2021-08-07 22:07:15,2021-08-07 22:59:19,48.4,97.6,117.52210684281846,38.05626598465473,34.56521739130435
2404,2021-08-08 03:02:17,2021-08-08 03:22:07,65.2,85.2,115.85070937500004,37.833333333333336,34.525
2405,2021-08-08 22:13:04,2021-08-08 22:31:54,31.2,50.0,116.56621424349886,34.81578947368421,33.219298245614034
2406,2021-08-08 22:32:15,2021-08-08 22:51:25,50.4,70.0,113.7372745181406,37.25,35.76724137931034
2407,2021-08-08 22:51:46,2021-08-08 23:08:36,70.0,86.8,116.5096145833334,38.59803921568628,37.0
2408,2021-08-09 14:50:25,2021-08-09 15:09:55,30.0,49.2,117.07900991030095,34.83050847457627,32.720338983050844
2409,2021-08-09 15:10:16,2021-08-09 15:30:06,49.6,69.6,114.3382109722223,37.175,35.025
2410,2021-08-09 18:14:38,2021-08-09 18:33:28,62.4,81.2,117.0471456117021,37.60526315789474,33.92982456140351
2411,2021-08-09 18:33:49,2021-08-09 18:52:29,81.6,97.6,118.80296180555557,38.008849557522126,34.991150442477874
2412,2021-08-10 00:22:40,2021-08-10 01:43:09,32.0,97.6,116.83203286966469,36.312913907284766,33.21854304635762
2413,2021-08-10 07:35:52,2021-08-10 07:56:02,64.4,81.6,118.46820300387606,33.0,29.434426229508198
2414,2021-08-10 07:56:23,2021-08-10 08:16:13,82.0,97.6,118.1802259615385,33.81666666666667,30.0
2415,2021-08-10 20:05:30,2021-08-10 21:18:30,24.4,96.0,116.31216872478274,34.56934306569343,32.7007299270073
2416,2021-08-11 13:43:58,2021-08-11 14:13:38,54.0,80.0,115.49254684829063,31.608938547486034,30.949720670391063
2417,2021-08-11 14:13:59,2021-08-11 14:35:49,80.0,97.6,118.28048871527783,33.0,32.49242424242424
2418,2021-08-12 16:38:19,2021-08-12 19:12:03,21.2,97.6,116.48152748400236,34.52686308492201,33.38994800693241
2419,2021-08-13 06:14:30,2021-08-13 07:00:02,55.6,97.6,119.13076069775137,34.99122807017544,32.69590643274854
2420,2021-08-13 17:12:52,2021-08-13 17:32:32,50.4,69.2,121.4413590425532,42.36974789915966,40.1764705882353
2421,2021-08-13 17:32:53,2021-08-13 17:54:13,69.6,90.0,121.41886274509797,44.0,41.17829457364341
2422,2021-08-14 00:55:10,2021-08-14 01:40:41,39.2,84.8,116.73868484710042,39.5,36.400584795321635
2423,2021-08-14 11:38:27,2021-08-14 12:57:07,18.8,96.0,116.76618256872482,37.46362098138748,35.2994923857868
2424,2021-08-14 17:19:46,2021-08-14 17:36:26,71.6,85.6,119.50000744047617,40.396039603960396,38.0
2425,2021-08-15 02:07:30,2021-08-15 02:27:50,42.4,60.0,115.69919618055557,35.707317073170735,33.1219512195122
2426,2021-08-15 02:28:11,2021-08-15 02:48:01,60.4,77.6,115.46916933139542,37.53333333333333,34.80833333333333
2427,2021-08-15 02:48:22,2021-08-15 03:09:42,77.6,95.6,116.71221003086418,38.0,35.5968992248062
2428,2021-08-15 14:58:43,2021-08-15 15:18:43,36.8,50.0,115.6912994528619,35.65289256198347,33.768595041322314
2429,2021-08-15 19:14:09,2021-08-15 19:36:42,27.6,42.4,116.65167454954957,34.108695652173914,32.166666666666664
2430,2021-08-15 19:48:37,2021-08-15 20:11:49,50.0,65.2,113.09960299707602,36.354609929078016,34.333333333333336
2431,2021-08-15 20:12:10,2021-08-15 20:34:00,65.6,79.2,114.82640216503262,37.0,35.0
2432,2021-08-15 20:34:21,2021-08-15 20:54:31,79.2,91.2,116.81714479166669,37.0,35.0
2433,2021-08-16 10:05:35,2021-08-16 10:22:25,19.2,33.6,117.43152584876542,32.21568627450981,31.11764705882353
2434,2021-08-16 10:22:46,2021-08-16 10:40:16,34.0,48.8,118.80349915540542,33.594339622641506,32.5188679245283
2435,2021-08-16 10:40:37,2021-08-16 11:00:07,49.2,66.0,116.53274313822754,35.75423728813559,34.5
2436,2021-08-16 11:00:28,2021-08-16 11:17:48,66.4,81.2,117.6726804617117,37.08571428571429,35.99047619047619
2437,2021-08-16 11:18:09,2021-08-16 11:35:29,81.6,95.6,120.4117201388889,38.0,36.39047619047619
2438,2021-08-16 19:35:45,2021-08-16 19:56:35,36.0,57.2,115.70559813941301,37.44444444444444,35.57936507936508
2439,2021-08-16 22:30:08,2021-08-16 22:48:28,82.4,93.2,117.28267888374488,40.0,37.693693693693696
2440,2021-08-17 13:40:14,2021-08-17 15:51:11,10.4,93.2,116.04758830850778,39.770875763747455,38.60183299389002
2441,2021-08-18 11:34:46,2021-08-18 11:51:46,35.6,52.4,117.56781001984136,36.87378640776699,35.271844660194176
2442,2021-08-18 12:08:38,2021-08-18 12:25:18,69.6,86.0,118.0538804200542,40.16831683168317,38.79207920792079
2443,2021-08-18 15:56:03,2021-08-18 16:13:53,74.8,90.4,116.38089173789167,38.97222222222222,36.907407407407405
2444,2021-08-18 23:49:22,2021-08-19 00:52:15,18.8,81.2,116.56377751068379,38.896186440677965,36.54872881355932
2445,2021-08-19 15:00:21,2021-08-19 15:21:31,14.4,32.8,114.83241198671492,37.84375,36.0
2446,2021-08-19 15:21:52,2021-08-19 15:38:52,32.8,47.6,114.6499503566066,38.48543689320388,36.63106796116505
2447,2021-08-19 15:54:54,2021-08-19 16:11:44,61.2,75.2,118.77976289682543,41.0,39.0
2448,2021-08-19 23:19:55,2021-08-19 23:36:55,27.2,41.6,118.4645294174383,33.50485436893204,31.203883495145632
2449,2021-08-19 23:37:16,2021-08-19 23:54:36,42.0,57.2,114.5705754751462,34.98095238095238,32.59047619047619
2450,2021-08-19 23:54:57,2021-08-20 00:12:47,57.6,73.2,114.86292450142453,36.620370370370374,33.9537037037037
2451,2021-08-20 00:13:08,2021-08-20 00:30:58,73.2,88.8,114.92968509615389,37.0,34.7962962962963
2452,2021-08-20 16:05:02,2021-08-20 16:24:22,8.400001,28.0,114.94047751963892,39.0,37.042735042735046
2453,2021-08-20 16:24:43,2021-08-20 16:47:33,28.0,51.2,114.55879950909961,40.391304347826086,38.7536231884058
2454,2021-08-20 17:12:19,2021-08-20 17:32:09,75.2,92.8,118.76264859532826,44.5,43.0
2455,2021-08-21 01:08:36,2021-08-21 01:26:56,39.2,55.2,115.33942152777779,40.252252252252255,36.9009009009009
2456,2021-08-21 01:43:38,2021-08-21 02:03:28,69.6,86.4,118.7301702215608,42.8,39.0
2457,2021-08-21 14:10:54,2021-08-21 14:29:04,45.6,64.0,114.0172346014493,40.06363636363636,38.31818181818182
2458,2021-08-22 14:14:02,2021-08-22 15:47:54,35.600002,97.6,115.11722388335133,39.241134751773046,37.256737588652484
2459,2021-08-23 02:06:04,2021-08-23 02:35:34,62.4,87.6,117.5044206900353,37.93258426966292,35.98876404494382
2460,2021-08-23 16:01:38,2021-08-23 16:18:28,54.0,65.2,112.97373536706345,42.627450980392155,41.09803921568628
2461,2021-08-23 23:07:04,2021-08-23 23:41:55,17.6,52.8,115.94723399621216,40.00473933649289,37.824644549763036
2462,2021-08-24 12:09:04,2021-08-24 13:35:50,9.2,95.2,117.66023792958656,41.02304147465438,39.494623655913976
2463,2021-08-24 21:43:05,2021-08-24 22:35:33,20.8,73.6,115.72975107849328,41.75888324873097,38.736040609137056
2464,2021-08-25 15:11:46,2021-08-25 16:22:55,16.4,87.2,117.15766603892028,37.63295880149813,35.352059925093634
2465,2021-08-26 01:41:19,2021-08-26 02:43:16,26.8,88.8,116.39057400089608,38.69892473118279,36.00430107526882
2466,2021-08-26 05:18:25,2021-08-26 05:37:15,74.8,93.6,117.12545981087472,40.0,36.59649122807018
2467,2021-08-26 17:28:32,2021-08-26 17:46:22,46.4,62.0,114.74717690527068,41.833333333333336,39.824074074074076
2468,2021-08-26 17:46:43,2021-08-26 18:13:43,62.0,85.2,116.97081776819924,43.38650306748466,41.05521472392638
2469,2021-08-27 00:30:37,2021-08-27 00:47:37,18.4,35.2,118.07374520502643,39.0,36.00970873786408
2470,2021-08-27 00:47:58,2021-08-27 01:09:18,35.6,56.8,117.34341673218032,40.666666666666664,37.68217054263566
2471,2021-08-27 01:09:39,2021-08-27 01:26:49,57.2,74.4,116.3622337693798,42.69230769230769,39.60576923076923
2472,2021-08-27 01:27:10,2021-08-27 01:47:30,74.8,94.4,119.20634204931966,43.41463414634146,40.0
2473,2021-08-27 12:08:09,2021-08-27 12:25:09,11.2,25.6,118.50600752314817,38.970873786407765,37.0
2474,2021-08-27 12:25:30,2021-08-27 12:44:30,26.0,42.4,116.42364811991874,39.25217391304348,37.40869565217391
2475,2021-08-27 12:44:51,2021-08-27 13:05:51,42.8,60.4,118.40200797032831,41.05511811023622,39.22834645669291
2476,2021-08-27 15:55:08,2021-08-27 16:57:59,37.2,97.6,117.26872733719648,42.61099365750528,40.24735729386892
2477,2021-08-28 01:19:04,2021-08-28 02:35:42,8.400001,84.4,117.7281509532944,41.08521739130435,37.83826086956522
2478,2021-08-28 17:00:36,2021-08-28 17:21:36,28.4,46.8,115.72918161231883,35.425196850393704,33.354330708661415
2479,2021-08-28 17:21:57,2021-08-28 17:41:07,46.8,64.0,113.08461918604648,37.422413793103445,35.275862068965516
2480,2021-08-28 17:41:28,2021-08-28 18:00:48,64.0,81.2,114.10043523901801,38.965811965811966,36.78632478632478
2481,2021-08-29 05:07:45,2021-08-29 05:35:45,22.4,46.8,116.19138262750455,35.57396449704142,32.85207100591716
2482,2021-08-29 05:36:06,2021-08-29 06:05:26,46.8,71.6,115.59309195788532,38.11864406779661,35.23163841807909
2483,2021-08-29 06:05:47,2021-08-29 06:37:17,72.0,96.4,117.72713000910744,39.05789473684211,36.0
2484,2021-08-29 13:48:41,2021-08-29 14:16:11,42.4,66.0,115.02472840160074,37.93975903614458,36.07831325301205
2485,2021-08-29 14:16:32,2021-08-29 14:44:12,66.4,88.4,117.8144057449495,39.37125748502994,37.8502994011976
2486,2021-08-30 20:28:34,2021-08-30 21:05:16,44.4,75.2,115.75668468163781,39.257246376811594,37.21739130434783
2487,2021-08-31 00:33:15,2021-08-31 00:49:00,43.6,59.2,117.71295769230767,38.294117647058826,35.747899159663866
2488,2021-08-31 04:43:05,2021-08-31 05:48:33,31.2,95.6,116.8909689980159,38.68292682926829,36.077235772357724
2489,2021-08-31 12:30:53,2021-08-31 13:22:29,39.2,82.4,116.28094173032406,36.80205655526992,33.66838046272493
2490,2021-08-31 22:54:56,2021-08-31 23:14:06,11.6,25.6,106.57243154761903,36.0,34.0
2491,2021-08-31 23:14:27,2021-08-31 23:34:07,26.0,38.8,117.86134396701391,36.0,34.0
2492,2021-08-31 23:34:28,2021-08-31 23:53:28,39.2,51.2,120.00580763888888,37.13913043478261,35.06086956521739
2493,2021-08-31 23:53:49,2021-09-01 00:10:19,51.6,62.0,118.20914503205128,38.31,36.23
2494,2021-09-01 00:10:40,2021-09-01 00:28:40,62.0,72.4,119.1813790064102,39.0,37.0
2495,2021-09-01 06:45:47,2021-09-01 07:18:17,47.2,75.2,116.17510947420635,35.82142857142857,33.13265306122449
2496,2021-09-01 07:18:38,2021-09-01 07:46:18,75.6,97.6,119.21150871212123,37.08383233532934,34.532934131736525
2497,2021-09-02 01:02:03,2021-09-02 01:26:03,34.8,55.2,117.20319308278863,34.13103448275862,32.3448275862069
2498,2021-09-02 01:26:24,2021-09-02 01:51:54,55.6,77.6,115.49372260101016,36.59090909090909,34.62987012987013
2499,2021-09-02 01:52:15,2021-09-02 02:13:25,77.6,95.6,116.7963337191358,37.7421875,35.7109375
2500,2021-09-02 07:21:39,2021-09-02 08:35:52,26.0,97.6,117.21962062771574,38.86535008976661,36.18132854578097
2501,2021-09-02 20:35:20,2021-09-02 20:56:00,26.4,44.0,118.23786182133837,38.576,36.696
2502,2021-09-02 20:56:21,2021-09-02 21:15:51,44.4,61.2,116.94280406746032,40.440677966101696,38.49152542372882
2503,2021-09-02 21:16:12,2021-09-02 21:33:12,61.2,75.6,118.87443065200625,41.94174757281554,39.95145631067961
2504,2021-09-02 21:33:33,2021-09-02 21:53:53,76.0,93.2,119.18444387919898,42.77235772357724,40.552845528455286
2505,2021-09-03 17:30:05,2021-09-03 17:46:45,37.6,54.8,113.6522906169251,40.23762376237624,38.257425742574256
2506,2021-09-03 17:47:06,2021-09-03 18:05:06,55.2,73.2,117.26543580246917,42.522935779816514,40.4954128440367
2507,2021-09-03 23:29:29,2021-09-03 23:50:09,29.2,50.0,115.73184428418806,38.968,36.904
2508,2021-09-03 23:50:30,2021-09-04 00:08:00,50.0,68.0,113.06638503086421,41.18867924528302,39.12264150943396
2509,2021-09-04 00:08:21,2021-09-04 00:27:01,68.0,86.8,115.44845855496457,42.530973451327434,40.43362831858407
2510,2021-09-04 06:44:07,2021-09-04 07:05:17,28.0,41.6,118.45079064542487,36.2265625,33.34375
2511,2021-09-04 07:05:38,2021-09-04 07:23:38,42.0,53.6,116.55533872126436,37.31192660550459,34.51376146788991
2512,2021-09-04 07:23:59,2021-09-04 07:45:39,54.0,67.6,116.73612663398696,38.48091603053435,35.69465648854962
2513,2021-09-04 07:46:00,2021-09-04 08:05:20,68.0,79.6,118.33813912835254,39.0,36.0
2514,2021-09-04 08:05:41,2021-09-04 08:25:21,80.0,91.2,121.4285840773809,39.0,36.0
2515,2021-09-05 21:06:49,2021-09-05 21:25:49,32.0,57.2,115.34337406305116,37.43478260869565,36.54782608695652
2516,2021-09-05 21:26:10,2021-09-05 21:43:50,57.6,79.6,117.2689474116162,40.51401869158879,39.38317757009346
2517,2021-09-06 03:44:19,2021-09-06 04:04:59,36.4,50.0,116.04167289624183,37.288,34.672
2518,2021-09-06 04:05:20,2021-09-06 04:26:50,50.0,64.0,114.7837443452381,38.59230769230769,36.16153846153846
2519,2021-09-06 12:50:35,2021-09-06 13:08:45,19.2,37.6,116.40702823067637,37.19090909090909,35.69090909090909
2520,2021-09-06 13:09:06,2021-09-06 13:29:06,37.6,58.0,115.59098175381261,39.107438016528924,37.83471074380165
2521,2021-09-06 16:45:18,2021-09-06 17:11:53,34.8,61.2,117.75238462752526,40.77114427860697,38.592039800995025
2522,2021-09-06 17:12:41,2021-09-06 17:26:10,60.8,74.0,119.44909160353534,42.8921568627451,40.754901960784316
2523,2021-09-06 23:07:51,2021-09-06 23:36:21,42.4,67.2,115.47942753136202,39.73255813953488,36.104651162790695
2524,2021-09-06 23:36:42,2021-09-07 00:04:32,67.6,91.2,118.54581962099813,41.339285714285715,37.958333333333336
2525,2021-09-07 15:25:04,2021-09-07 15:42:34,12.4,27.6,115.51994444444446,38.91509433962264,37.0
2526,2021-09-07 15:42:55,2021-09-07 16:08:45,27.6,50.0,115.72856752232146,39.69230769230769,37.89102564102564
2527,2021-09-07 16:09:06,2021-09-07 16:31:16,50.4,69.6,115.84492751736116,42.082089552238806,40.23134328358209
2528,2021-09-08 07:20:49,2021-09-08 07:41:49,54.8,68.4,114.37909895833324,34.43307086614173,33.28346456692913
2529,2021-09-08 07:57:56,2021-09-08 08:22:56,78.0,92.8,118.24420213963968,35.503311258278146,34.0
2530,2021-09-09 09:01:30,2021-09-09 10:13:03,12.0,82.8,118.0279841082078,38.09124767225326,37.12476722532588
2531,2021-09-09 10:18:26,2021-09-09 10:34:03,82.8,96.8,116.32026097222223,41.57627118644068,40.03389830508475
2532,2021-09-09 18:52:19,2021-09-09 19:29:17,36.0,72.8,115.92211831219812,43.05395683453237,41.35971223021583
2533,2021-09-10 14:18:50,2021-09-10 14:37:20,17.6,34.0,115.1787055386179,39.0,38.0
2534,2021-09-10 14:37:41,2021-09-10 14:56:31,34.0,50.4,115.56488389227644,40.36842105263158,39.07017543859649
2535,2021-09-10 14:56:52,2021-09-10 15:15:02,50.8,66.0,117.37025776681284,42.163636363636364,40.91818181818182
2536,2021-09-10 15:15:23,2021-09-10 15:35:13,66.4,82.4,117.36198559027775,43.25,42.0
2537,2021-09-10 18:40:14,2021-09-10 19:05:24,55.2,76.8,117.29164801954737,41.5921052631579,37.703947368421055
2538,2021-09-10 19:05:45,2021-09-10 19:28:15,77.2,96.0,118.07253235815607,42.0,38.654411764705884
2539,2021-09-11 16:18:16,2021-09-11 17:29:26,7.2,78.4,116.50637706577716,41.90074906367041,40.06554307116105
2540,2021-09-11 22:35:49,2021-09-11 22:55:09,42.4,59.2,115.71842815806876,41.452991452991455,39.07692307692308
2541,2021-09-11 22:55:30,2021-09-11 23:14:10,59.6,75.6,117.22309904513892,42.9646017699115,40.75221238938053
2542,2021-09-11 23:14:31,2021-09-11 23:33:31,75.6,92.0,116.42785526761514,43.95652173913044,41.23478260869565
2543,2021-09-12 06:41:28,2021-09-12 07:01:18,31.2,48.0,119.35434341931219,38.266666666666666,35.15833333333333
2544,2021-09-12 19:40:45,2021-09-12 19:59:15,29.2,45.2,116.20747499999995,37.875,36.49107142857143
2545,2021-09-12 19:59:36,2021-09-12 20:18:36,45.6,62.0,116.3643334180217,39.84347826086957,38.38260869565217
2546,2021-09-12 20:18:57,2021-09-12 20:37:47,62.4,78.4,118.18055937499999,41.62280701754386,39.90350877192982
2547,2021-09-12 20:38:08,2021-09-12 20:56:38,78.8,94.4,119.04737143874638,42.0,40.401785714285715
2548,2021-09-13 16:48:24,2021-09-13 17:06:24,26.4,42.0,117.3290760327635,41.26605504587156,39.24770642201835
2549,2021-09-13 17:06:45,2021-09-13 17:26:45,42.0,59.6,113.35070494002524,43.01652892561984,40.97520661157025
2550,2021-09-13 17:27:06,2021-09-13 17:44:46,59.6,74.4,115.10699530780776,44.67289719626168,42.67289719626168
2551,2021-09-13 17:45:07,2021-09-13 18:03:27,74.8,89.2,118.7239724151234,45.0,43.0
2552,2021-09-14 14:39:49,2021-09-14 15:09:39,58.8,88.4,117.09742905405403,36.916666666666664,36.05
2553,2021-09-15 06:58:24,2021-09-15 07:15:54,42.4,57.6,114.4782664473684,37.905660377358494,35.179245283018865
2554,2021-09-15 07:30:27,2021-09-15 07:47:47,68.8,82.8,116.46628273809525,40.0,37.03809523809524
2555,2021-09-15 22:37:55,2021-09-15 22:56:25,52.0,67.6,118.75802964743593,35.63392857142857,34.401785714285715
2556,2021-09-15 22:56:46,2021-09-15 23:18:36,68.0,86.8,116.26478841607566,36.734848484848484,35.24242424242424
2557,2021-09-16 11:07:50,2021-09-16 11:32:10,30.4,51.6,116.08033890199161,35.333333333333336,33.7891156462585
2558,2021-09-16 11:32:31,2021-09-16 11:58:41,52.0,74.8,116.05996089181288,37.54430379746835,36.278481012658226
2559,2021-09-16 11:59:02,2021-09-16 12:25:22,75.2,96.8,119.22327829218109,38.716981132075475,37.528301886792455
2560,2021-09-16 19:39:57,2021-09-16 19:56:47,58.4,75.2,116.81629472552906,39.11764705882353,36.81372549019608
2561,2021-09-17 12:40:27,2021-09-17 13:07:07,55.6,82.0,117.18330681818183,35.900621118012424,34.75776397515528
2562,2021-09-17 13:07:28,2021-09-17 13:25:28,82.4,97.6,119.58883360745627,37.5045871559633,36.54128440366973
2563,2021-09-17 22:56:13,2021-09-17 23:14:43,40.4,56.4,115.96356093750002,37.50892857142857,35.473214285714285
2564,2021-09-17 23:15:04,2021-09-17 23:36:44,56.8,75.6,115.61393764775416,39.458015267175576,37.12213740458015
2565,2021-09-17 23:37:05,2021-09-17 23:54:45,75.6,90.8,116.58444919590643,40.0,38.0
2566,2021-09-18 10:09:41,2021-09-18 10:29:01,52.0,68.8,114.76770461309525,34.547008547008545,32.94871794871795
2567,2021-09-18 10:52:33,2021-09-18 11:09:43,70.4,85.2,115.6916416103604,35.5,33.88461538461539
2568,2021-09-18 11:10:04,2021-09-18 11:26:44,85.2,97.6,118.20229413082448,36.0,34.0
2569,2021-09-18 16:15:41,2021-09-18 16:52:40,35.2,72.4,115.93295014560934,41.0,39.50359712230216
2570,2021-09-18 16:56:56,2021-09-18 17:18:18,72.8,96.0,107.39643741618774,43.024844720496894,41.701863354037265
2571,2021-09-19 01:11:17,2021-09-19 02:21:05,20.8,91.2,116.50536684027779,40.349236641221374,37.93320610687023
2572,2021-09-19 06:45:48,2021-09-19 07:36:07,68.0,97.6,117.71552812030784,39.0,35.851851851851855
2573,2021-09-19 15:58:41,2021-09-19 16:54:16,23.2,70.4,116.83999470338982,43.739234449760765,41.81578947368421
2574,2021-09-20 11:07:50,2021-09-20 12:10:35,22.4,85.6,116.02772512526371,35.70700636942675,34.06369426751592
2575,2021-09-21 08:28:09,2021-09-21 08:45:29,27.2,42.4,115.52816940789474,32.03809523809524,30.771428571428572
2576,2021-09-21 08:45:50,2021-09-21 09:07:20,42.8,61.6,115.76095936761229,33.88461538461539,32.746153846153845
2577,2021-09-21 09:07:41,2021-09-21 09:28:41,62.0,80.4,115.54652506038651,35.818897637795274,34.23622047244095
2578,2021-09-21 09:29:02,2021-09-21 09:50:22,80.8,97.6,120.03971469907411,36.666666666666664,35.0
2579,2021-09-22 21:58:18,2021-09-22 23:05:02,34.0,97.6,117.69788110587005,38.88822355289421,37.47904191616767
2580,2021-09-23 07:02:10,2021-09-23 08:20:39,22.0,97.6,117.08341760177838,39.32088285229202,37.149405772495754
2581,2021-09-23 14:29:28,2021-09-23 15:09:39,44.8,85.2,117.0366973219197,40.08940397350993,36.55960264900662
2582,2021-09-24 12:02:41,2021-09-24 12:20:01,37.6,52.8,114.59433516081876,34.885714285714286,33.457142857142856
2583,2021-09-24 12:20:22,2021-09-24 12:40:24,53.2,70.8,114.34528234690664,36.950819672131146,35.52459016393443
2584,2021-09-24 22:19:01,2021-09-24 22:36:41,26.0,43.6,117.46529750631314,34.8411214953271,32.74766355140187
2585,2021-09-24 22:37:02,2021-09-24 22:55:22,44.0,62.4,116.57535046799524,36.98198198198198,34.78378378378378
2586,2021-09-24 22:55:43,2021-09-24 23:15:43,62.8,83.2,114.66709272875815,38.85123966942149,36.51239669421488
2587,2021-09-24 23:16:04,2021-09-24 23:33:24,83.2,97.6,118.68732426697537,39.266666666666666,37.0
2588,2021-09-25 10:19:30,2021-09-25 10:43:57,52.8,77.6,117.28477297827062,36.00675675675676,34.2027027027027
2589,2021-09-25 10:44:18,2021-09-25 11:06:48,78.0,97.6,119.50821626984134,37.3014705882353,35.720588235294116
2590,2021-09-25 16:20:57,2021-09-25 17:13:11,48.4,97.6,118.22979889058267,41.30788804071247,40.13486005089059
2591,2021-09-26 00:31:10,2021-09-26 01:26:10,41.600002,87.200005,116.53874728424421,39.98067632850242,37.34057971014493
2592,2021-09-26 07:34:21,2021-09-26 08:40:58,33.6,97.6,116.73114497829864,39.552,36.868
2593,2021-09-26 14:05:37,2021-09-26 14:25:07,43.2,62.8,116.44843438208623,40.73728813559322,38.144067796610166
2594,2021-09-26 14:25:28,2021-09-26 14:44:28,63.2,82.4,115.6590122974537,42.63478260869565,39.92173913043478
2595,2021-09-26 14:44:49,2021-09-26 15:02:39,82.8,97.6,120.91874634009012,43.0,40.97222222222222
2596,2021-09-26 22:35:34,2021-09-26 23:00:34,24.8,46.0,117.73780208333334,38.145695364238414,35.4635761589404
2597,2021-09-26 23:05:16,2021-09-26 23:30:06,50.0,71.2,116.92608831236898,40.68,38.126666666666665
2598,2021-09-26 23:34:56,2021-09-27 00:04:26,72.8,96.8,117.38945416666667,42.0,39.0
2599,2021-09-27 19:37:27,2021-09-27 20:08:17,16.4,42.8,116.15742687289566,37.58064516129032,36.37096774193548
2600,2021-09-27 20:08:38,2021-09-27 20:36:08,43.2,67.2,113.97224131944445,40.09036144578313,38.96987951807229
2601,2021-09-27 20:36:29,2021-09-27 21:05:59,67.6,92.8,116.46662037037036,41.949438202247194,40.70786516853933
2602,2021-09-28 07:46:45,2021-09-28 08:14:35,28.4,52.8,115.50947876821496,36.851190476190474,34.625
2603,2021-09-28 08:14:56,2021-09-28 08:41:26,53.2,76.8,113.71825105932207,39.48125,37.1875
2604,2021-09-28 08:41:47,2021-09-28 09:07:07,77.2,97.6,119.20210001361662,40.72549019607843,38.0
2605,2021-09-28 19:48:13,2021-09-28 20:19:23,53.2,80.8,114.10277646940423,39.670212765957444,37.70744680851064
2606,2021-09-28 20:19:44,2021-09-28 20:40:44,80.8,97.6,117.46199611441797,40.61417322834646,38.08661417322835
2607,2021-09-29 14:13:08,2021-09-29 14:53:11,44.8,85.6,114.71920630787041,38.588039867109636,37.1328903654485
2608,2021-09-30 00:16:58,2021-09-30 00:35:28,35.6,54.4,113.16489361702129,39.330357142857146,37.705357142857146
2609,2021-09-30 04:48:15,2021-09-30 05:10:05,31.2,53.6,114.81214434523808,38.85606060606061,36.265151515151516
2610,2021-09-30 05:10:26,2021-09-30 05:31:16,54.0,75.2,115.75407848532495,41.43650793650794,38.666666666666664
2611,2021-09-30 05:31:37,2021-09-30 05:54:47,75.6,97.2,116.6776179269547,42.76428571428571,39.94285714285714
2612,2021-09-30 14:38:24,2021-09-30 15:06:04,71.6,95.6,115.31251059027777,36.90419161676647,35.4311377245509
2613,2021-10-01 02:42:59,2021-10-01 03:47:12,12.0,44.4,115.43865286779835,37.09751037344398,35.24273858921162
2614,2021-10-01 03:50:24,2021-10-01 05:14:46,44.0,86.4,115.99609911229037,39.43601895734597,37.652448657187996
2615,2021-10-01 05:19:18,2021-10-01 05:44:41,86.0,97.6,116.5566411997127,40.0,38.0
2616,2021-10-01 21:35:29,2021-10-01 21:59:39,36.8,58.4,112.24408674125515,34.534246575342465,32.102739726027394
2617,2021-10-01 22:00:00,2021-10-01 22:19:40,58.4,75.6,114.83204836886304,36.69747899159664,34.36974789915966
2618,2021-10-01 22:20:01,2021-10-01 22:40:11,76.0,93.2,117.73095364987083,37.614754098360656,35.0
2619,2021-10-02 08:42:48,2021-10-02 09:03:08,78.8,96.8,115.91745833333333,44.0,40.10569105691057
2620,2021-10-02 21:01:04,2021-10-02 21:18:54,29.6,41.2,115.58671156609196,38.0,35.870370370370374
2621,2021-10-02 21:19:15,2021-10-02 21:43:25,41.6,57.6,113.53301128472224,39.36986301369863,37.15068493150685
2622,2021-10-02 21:43:46,2021-10-02 22:04:26,58.0,71.2,117.68521127946127,40.752,38.52
2623,2021-10-02 22:04:47,2021-10-02 22:28:57,71.6,87.2,116.44411413817659,41.0,39.0
2624,2021-10-03 04:54:15,2021-10-03 06:05:33,28.0,97.6,115.48968975893999,39.674766355140186,36.609345794392524
2625,2021-10-03 12:26:31,2021-10-03 12:45:31,47.6,66.8,115.90425332754633,38.21739130434783,35.34782608695652
2626,2021-10-03 12:45:52,2021-10-03 13:03:42,67.2,85.6,113.50546180555567,39.888888888888886,37.129629629629626
2627,2021-10-03 19:26:34,2021-10-03 20:36:06,29.6,97.6,115.55949320669936,39.189655172413794,36.42528735632184
2628,2021-10-04 06:52:16,2021-10-04 08:00:56,30.4,97.6,115.25315247685187,41.05232558139535,37.47868217054263
2629,2021-10-04 13:54:01,2021-10-04 14:12:01,46.0,64.4,114.02625769927532,40.72477064220183,38.63302752293578
2630,2021-10-04 17:02:21,2021-10-04 17:20:31,68.4,79.6,115.65353360615092,42.0,39.85454545454545
2631,2021-10-04 21:21:50,2021-10-04 21:35:03,54.8,68.0,116.9041534617003,39.68,36.89
2632,2021-10-05 02:02:33,2021-10-05 02:22:33,31.2,51.2,115.3027944444444,37.553719008264466,35.02479338842975
2633,2021-10-05 02:22:54,2021-10-05 02:42:44,51.6,72.0,112.09356195533773,39.825,37.375
2634,2021-10-05 02:43:05,2021-10-05 03:04:15,72.4,93.2,117.34243149038466,41.0,38.59375
2635,2021-10-05 15:19:06,2021-10-05 16:25:30,32.8,97.6,115.38152478395062,40.93186372745491,39.236472945891784
2636,2021-10-05 20:59:25,2021-10-05 21:16:15,39.6,54.4,114.81889461336338,41.31372549019608,38.529411764705884
2637,2021-10-05 21:16:36,2021-10-05 21:47:06,54.8,81.6,114.93160976368159,43.17934782608695,40.46195652173913
2638,2021-10-05 21:47:27,2021-10-05 22:07:17,82.0,97.6,119.73470851139612,44.0,41.0
2639,2021-10-06 16:28:07,2021-10-06 16:46:17,63.6,82.4,113.4552224438534,38.336363636363636,36.763636363636365
2640,2021-10-06 19:32:21,2021-10-06 19:54:01,68.0,86.8,114.92097170508278,40.0,38.0
2641,2021-10-07 02:39:36,2021-10-07 02:56:36,67.2,82.0,115.9271876876877,39.46601941747573,36.48543689320388
2642,2021-10-07 12:59:54,2021-10-07 13:25:44,27.6,50.4,116.04288365009748,37.282051282051285,35.71153846153846
2643,2021-10-07 13:26:05,2021-10-07 13:54:45,50.8,76.8,112.98717692307692,40.115606936416185,38.421965317919074
2644,2021-10-07 13:55:06,2021-10-07 14:20:16,76.8,97.6,117.30168676549147,41.098684210526315,39.80263157894737
2645,2021-10-07 23:00:04,2021-10-07 23:19:54,28.0,41.2,114.76326409932662,38.65,36.24166666666667
2646,2021-10-07 23:20:15,2021-10-07 23:41:05,41.6,55.2,115.24410059232024,39.84920634920635,37.507936507936506
2647,2021-10-07 23:41:26,2021-10-08 00:01:16,55.6,68.4,113.51673426649307,41.225,38.766666666666666
2648,2021-10-08 00:01:37,2021-10-08 00:20:37,68.8,80.4,116.43320330459761,42.0,39.0
2649,2021-10-08 00:20:58,2021-10-08 00:40:18,80.8,92.0,119.49282452876982,42.0,39.0
2650,2021-10-08 05:36:03,2021-10-08 05:54:13,51.2,67.2,112.41838506944441,37.263636363636365,33.663636363636364
2651,2021-10-08 05:54:34,2021-10-08 06:13:24,67.2,83.6,113.76269148035239,38.0,34.90350877192982
2652,2021-10-08 06:13:45,2021-10-08 06:31:45,83.6,97.6,116.0754043650794,38.46788990825688,35.0
2653,2021-10-08 20:45:37,2021-10-08 21:03:57,31.2,47.2,113.64149435763886,31.504504504504503,29.01801801801802
2654,2021-10-08 21:20:19,2021-10-08 21:37:09,61.2,75.2,119.31945277777778,34.84313725490196,32.36274509803921
2655,2021-10-09 11:00:12,2021-10-09 11:20:22,23.2,36.8,113.95732169117647,28.21311475409836,26.262295081967213
2656,2021-10-09 11:20:43,2021-10-09 11:39:43,36.8,49.6,112.62479470486105,29.565217391304348,27.591304347826085
2657,2021-10-09 11:40:04,2021-10-09 11:58:44,49.6,62.4,108.4320865885417,31.168141592920353,29.13274336283186
2658,2021-10-09 11:59:05,2021-10-09 12:20:47,62.8,76.4,114.84070046977119,32.09090909090909,30.0
2659,2021-10-09 16:48:09,2021-10-09 17:26:51,50.0,89.2,115.42975458120748,32.13058419243986,29.993127147766323
2660,2021-10-09 23:42:53,2021-10-10 00:00:33,53.2,71.2,114.90588780864202,31.439252336448597,28.570093457943926
2661,2021-10-10 18:43:18,2021-10-10 18:59:58,41.2,56.0,112.1828225412913,31.26732673267327,30.00990099009901
2662,2021-10-11 00:04:33,2021-10-11 00:27:33,27.6,50.8,114.8335726772031,32.71223021582734,30.848920863309353
2663,2021-10-11 00:27:54,2021-10-11 00:59:24,51.2,83.2,114.0412344184028,35.9,34.01052631578948
2664,2021-10-11 04:17:31,2021-10-11 05:02:16,61.2,96.8,116.34719470193511,35.88724035608308,32.95548961424333
2665,2021-10-11 13:19:34,2021-10-11 13:59:47,43.6,84.4,115.03925743804464,35.6996699669967,34.21782178217822
2666,2021-10-12 09:14:17,2021-10-12 09:33:37,45.2,58.0,112.15063151041669,27.53846153846154,25.923076923076923
2667,2021-10-12 09:33:58,2021-10-12 09:51:58,58.4,69.6,116.05904464285717,28.880733944954127,27.36697247706422
2668,2021-10-12 09:52:19,2021-10-12 10:11:29,70.0,81.6,116.09795857279698,29.75,28.0
2669,2021-10-12 10:11:50,2021-10-12 10:31:20,82.0,93.2,119.2249663938492,30.0,28.43220338983051
2670,2021-10-12 20:31:17,2021-10-12 21:36:33,34.0,97.6,114.6614391531272,32.077551020408166,30.26326530612245
2671,2021-10-13 19:50:48,2021-10-13 21:13:50,28.8,97.6,114.9075740633075,29.53205128205128,28.003205128205128
2672,2021-10-14 02:46:41,2021-10-14 03:28:41,58.0,97.6,116.26937184062851,31.835443037974684,29.22151898734177
2673,2021-10-14 13:15:36,2021-10-14 13:32:56,39.6,54.8,112.69740570175446,34.542857142857144,32.87619047619047
2674,2021-10-14 13:33:17,2021-10-14 13:50:37,55.2,70.4,112.69557803362575,36.49523809523809,34.63809523809524
2675,2021-10-14 13:50:58,2021-10-14 14:09:18,70.8,86.4,116.19482638888887,37.207207207207205,35.68468468468468
2676,2021-10-14 22:48:44,2021-10-14 23:05:54,51.6,69.2,114.25665877525249,34.375,31.384615384615383
2677,2021-10-15 17:49:07,2021-10-15 18:11:27,10.8,30.8,114.93751013888888,29.044444444444444,27.85185185185185
2678,2021-10-15 18:11:48,2021-10-15 18:40:28,30.8,56.0,114.37225661375663,30.92485549132948,29.45086705202312
2679,2021-10-15 18:40:49,2021-10-15 19:08:39,56.4,79.6,115.34603837404218,33.595238095238095,31.99404761904762
2680,2021-10-16 01:45:02,2021-10-16 02:03:42,60.8,76.8,115.7777861111111,30.628318584070797,26.8141592920354
2681,2021-10-16 21:37:06,2021-10-16 21:59:06,32.4,54.8,114.99072377232145,30.954887218045112,29.263157894736842
2682,2021-10-16 21:59:27,2021-10-16 22:21:37,54.8,77.6,113.83104282407413,33.940298507462686,32.06716417910448
2683,2021-10-17 02:05:32,2021-10-17 02:23:52,51.2,70.0,113.8918525413712,32.414414414414416,29.324324324324323
2684,2021-10-17 02:24:13,2021-10-17 02:41:23,70.4,87.6,116.5366670704135,33.93269230769231,30.91346153846154
2685,2021-10-17 07:10:51,2021-10-17 07:37:01,68.8,91.2,115.46320467509923,31.632911392405063,27.841772151898734
2686,2021-10-17 23:49:05,2021-10-18 00:20:05,32.4,59.6,114.28208552900327,28.02139037433155,26.245989304812834
2687,2021-10-18 00:20:26,2021-10-18 00:51:46,60.0,87.6,113.88991445249601,30.746031746031747,28.85185185185185
2688,2021-10-18 13:38:50,2021-10-18 13:58:10,54.0,70.8,115.83001223544971,27.94871794871795,26.94871794871795
2689,2021-10-18 13:58:31,2021-10-18 14:18:31,71.2,88.8,114.40812642045456,29.24793388429752,28.289256198347108
2690,2021-10-18 19:42:57,2021-10-18 20:02:17,46.4,59.2,114.26434049479168,32.58974358974359,30.76068376068376
2691,2021-10-18 20:02:38,2021-10-18 20:20:58,59.6,71.2,116.0153423132184,33.846846846846844,32.0
2692,2021-10-18 20:21:19,2021-10-18 20:41:09,71.6,84.0,114.37165445788526,34.0,32.108333333333334
2693,2021-10-19 05:48:33,2021-10-19 07:07:40,32.0,97.6,113.97149428777101,31.246644295302012,29.053691275167786
2694,2021-10-19 10:58:50,2021-10-19 11:15:30,67.6,82.0,116.58082793209871,32.87128712871287,30.326732673267326
2695,2021-10-19 11:15:51,2021-10-19 11:32:41,82.0,96.0,115.393866765873,33.0,31.0
2696,2021-10-19 17:21:48,2021-10-19 17:40:58,71.6,90.8,116.5393576388889,36.060344827586206,34.0
2697,2021-10-20 03:03:27,2021-10-20 03:20:17,34.8,49.2,115.71854079861106,33.01960784313726,30.50980392156863
2698,2021-10-20 03:20:38,2021-10-20 03:37:18,49.6,64.4,111.45644669669667,34.801980198019805,32.42574257425743
2699,2021-10-20 08:54:29,2021-10-20 09:22:40,72.4,97.6,117.01301699184307,34.844339622641506,32.528301886792455
2700,2021-10-20 13:22:49,2021-10-20 13:48:11,70.4,95.2,115.73147493279569,35.59162303664922,33.84293193717277
2701,2021-10-20 22:54:38,2021-10-20 23:40:57,30.8,78.0,114.45565887770715,34.8132183908046,32.5
2702,2021-10-21 07:58:31,2021-10-21 09:17:26,24.0,99.6,115.42226006577015,33.98817567567568,31.37837837837838
2703,2021-10-21 15:49:10,2021-10-21 16:48:34,49.6,84.8,116.06251902619951,30.721973094170405,27.569506726457398
2704,2021-10-21 23:39:42,2021-10-21 23:58:22,14.8,28.0,109.02147716750844,26.0,23.0
2705,2021-10-21 23:58:43,2021-10-22 00:15:13,28.0,39.2,112.19621403769841,26.16,23.16
2706,2021-10-22 00:15:34,2021-10-22 00:34:14,39.2,51.6,113.37702598566311,27.309734513274336,24.353982300884955
2707,2021-10-22 00:58:53,2021-10-22 01:17:23,66.4,77.6,118.00225384424618,29.875,26.875
2708,2021-10-22 01:17:44,2021-10-22 01:37:34,78.0,89.6,118.84820174808435,30.0,27.0
2709,2021-10-22 14:10:24,2021-10-22 14:30:24,34.8,55.2,114.15101123366016,25.107438016528924,23.66115702479339
2710,2021-10-22 14:30:45,2021-10-22 14:50:25,55.6,76.4,110.14823010149568,27.932773109243698,26.41176470588235
2711,2021-10-22 14:50:46,2021-10-22 15:11:36,76.4,95.6,114.40610156250011,29.46031746031746,27.80952380952381
2712,2021-10-23 14:03:17,2021-10-23 14:55:53,32.0,86.0,113.92434820473252,25.470886075949366,24.458227848101266
2713,2021-10-23 23:34:55,2021-10-24 00:45:00,7.2,80.8,111.07518286533818,29.096958174904945,26.97148288973384
2714,2021-10-24 14:58:31,2021-10-24 15:16:41,26.4,44.8,115.38950460446864,27.172727272727272,26.327272727272728
2715,2021-10-24 15:17:02,2021-10-24 15:35:42,44.8,64.4,111.23371102607706,29.946902654867255,28.97345132743363
2716,2021-10-24 19:37:16,2021-10-24 19:55:06,64.0,82.0,115.69985570987657,31.833333333333332,30.37962962962963
2717,2021-10-25 01:58:56,2021-10-25 02:17:46,60.8,80.0,114.69402546296297,29.763157894736842,26.67543859649123
2718,2021-10-25 08:41:30,2021-10-25 09:16:00,48.0,78.4,113.68011239035087,28.134615384615383,25.58653846153846
2719,2021-10-25 09:16:21,2021-10-25 09:40:21,78.8,97.6,118.19225369385344,29.79310344827586,27.358620689655172
2720,2021-10-25 15:15:52,2021-10-25 15:43:42,68.0,92.0,115.36171082175926,33.416666666666664,32.107142857142854
2721,2021-10-25 23:54:16,2021-10-26 00:13:16,44.0,63.6,113.62671102607713,29.191304347826087,26.704347826086956
2722,2021-10-26 00:13:37,2021-10-26 00:32:37,64.0,83.2,116.00912753182872,31.17391304347826,28.669565217391305
2723,2021-10-26 05:53:36,2021-10-26 06:16:16,55.6,78.8,114.36723359674332,29.51094890510949,26.503649635036496
2724,2021-10-26 06:16:37,2021-10-26 06:38:27,79.2,97.6,117.25318659420296,30.833333333333332,27.924242424242426
2725,2021-10-26 13:24:36,2021-10-26 13:43:26,64.0,83.2,114.70125752314814,29.763157894736842,28.67543859649123
2726,2021-10-26 20:05:36,2021-10-26 20:22:26,38.0,52.8,113.16818712462467,34.36274509803921,32.127450980392155
2727,2021-10-26 20:22:47,2021-10-26 20:41:37,53.2,69.6,114.30727303523045,36.24561403508772,33.79824561403509
2728,2021-10-27 05:07:47,2021-10-27 05:27:57,75.6,92.0,114.21410365853654,31.5327868852459,29.07377049180328
2729,2021-10-28 00:08:19,2021-10-28 00:25:29,44.0,61.6,114.62910574494951,36.54807692307692,34.46153846153846
2730,2021-10-28 00:25:50,2021-10-28 00:42:30,62.0,79.2,113.90019815891475,38.57425742574257,36.15841584158416
2731,2021-10-28 06:01:19,2021-10-28 06:20:19,69.2,84.8,115.17718429487185,34.504347826086956,30.82608695652174
2732,2021-10-28 12:21:01,2021-10-28 12:41:21,74.8,90.8,117.61720034722222,32.00813008130081,29.723577235772357
2733,2021-10-29 17:34:31,2021-10-29 17:51:01,26.8,44.8,114.75232932098768,33.17,31.96
2734,2021-10-29 18:04:58,2021-10-29 18:23:18,60.0,80.0,114.80070972222225,37.450450450450454,36.11711711711712
2735,2021-10-30 00:47:52,2021-10-30 01:14:16,57.6,84.4,115.92549268242121,34.06875,31.48125
2736,2021-10-30 06:21:02,2021-10-30 07:19:38,41.6,97.6,115.96560759176589,31.75227272727273,28.66590909090909
2737,2021-10-30 14:17:14,2021-10-30 14:43:14,55.2,77.6,114.72969766865084,28.681528662420384,25.898089171974522
2738,2021-10-30 22:20:39,2021-10-30 22:40:09,48.4,68.4,114.17780319444442,27.1864406779661,24.559322033898304
2739,2021-10-30 22:40:30,2021-10-30 22:59:40,68.8,88.0,116.88659910300927,28.92241379310345,26.396551724137932
2740,2021-10-31 15:59:38,2021-10-31 16:52:38,31.6,86.4,113.19977988138686,30.160804020100503,28.768844221105528
2741,2021-10-31 18:45:18,2021-10-31 19:05:11,71.6,91.6,115.86896395138892,32.5,30.58
2742,2021-11-01 11:17:18,2021-11-01 12:16:19,35.2,94.4,114.00753464245497,28.82392776523702,27.715575620767495
2743,2021-11-01 22:09:20,2021-11-01 22:57:55,35.2,84.8,114.25915855174733,30.997260273972604,29.161643835616438
2744,2021-11-02 11:38:33,2021-11-02 11:58:27,40.8,61.2,113.77505680827882,29.346666666666668,27.78
2745,2021-11-02 12:00:06,2021-11-02 12:15:12,60.8,76.0,115.92763567251461,31.526315789473685,29.763157894736842
2746,2021-11-02 12:44:34,2021-11-02 12:59:31,76.0,91.2,114.95779898574561,31.98230088495575,30.353982300884955
2747,2021-11-02 18:51:44,2021-11-02 19:12:36,50.8,70.4,114.79296162131516,31.35433070866142,29.299212598425196
2748,2021-11-02 19:12:57,2021-11-02 19:33:07,70.8,89.6,115.78164819739958,32.80327868852459,30.71311475409836
2749,2021-11-03 14:07:26,2021-11-03 14:34:46,38.0,66.4,112.35378232589981,26.818181818181817,25.963636363636365
2750,2021-11-03 14:35:07,2021-11-03 15:06:12,66.4,96.0,115.3965011730481,29.93617021276596,29.04787234042553
2751,2021-11-04 05:44:45,2021-11-04 06:07:15,40.8,64.0,113.19625119731799,28.139705882352942,26.74264705882353
2752,2021-11-04 06:07:36,2021-11-04 06:36:56,64.4,94.0,115.00236331644149,30.98870056497175,29.497175141242938
2753,2021-11-04 14:03:25,2021-11-04 14:22:35,21.6,38.0,116.21699102303529,33.03448275862069,31.017241379310345
2754,2021-11-04 14:22:56,2021-11-04 14:44:26,38.4,57.2,113.74558643617019,34.784615384615385,32.715384615384615
2755,2021-11-04 14:44:47,2021-11-04 15:02:27,57.6,72.8,115.58572843567256,36.6822429906542,34.57943925233645
2756,2021-11-04 15:02:48,2021-11-04 15:24:38,73.2,92.0,115.51715883569744,37.43939393939394,35.31818181818182
2757,2021-11-05 12:58:15,2021-11-05 14:00:36,20.4,74.8,113.8853765625,32.49145299145299,31.316239316239315
2758,2021-11-05 16:49:28,2021-11-05 17:08:08,72.8,86.0,113.12606407828281,36.584070796460175,35.0
2759,2021-11-05 23:34:32,2021-11-06 00:21:16,43.6,90.8,115.40551480991057,35.12820512820513,32.75498575498575
2760,2021-11-06 13:36:03,2021-11-06 14:49:43,25.6,97.6,114.87057241898148,35.66726943942134,34.15370705244123
2761,2021-11-07 17:44:09,2021-11-07 18:00:59,17.6,32.4,115.7244832957958,34.0,32.205882352941174
2762,2021-11-07 18:15:41,2021-11-07 18:40:05,45.6,66.8,113.92152167190778,37.020270270270274,35.445945945945944
2763,2021-11-07 18:40:26,2021-11-07 18:58:26,66.8,81.6,115.4326305367868,38.43119266055046,37.0
2764,2021-11-07 18:58:47,2021-11-07 19:19:59,82.0,97.6,119.40937745726498,39.0,37.13178294573643
2765,2021-11-08 01:16:26,2021-11-08 01:51:40,50.8,86.4,114.83182741495006,32.02264150943396,26.750943396226415
2766,2021-11-10 01:09:50,2021-11-10 02:21:40,19.2,92.4,114.56542802823316,25.948051948051948,24.85343228200371
2767,2021-11-10 15:30:52,2021-11-10 16:33:53,22.4,87.2,113.74150753172154,29.101479915433405,27.763213530655392
2768,2021-11-11 01:18:05,2021-11-11 02:17:28,32.8,93.2,114.14796404295436,28.482062780269057,26.345291479820627
2769,2021-11-11 15:35:04,2021-11-11 16:20:04,24.0,70.0,114.01591023852657,28.443786982248522,27.041420118343197
2770,2021-11-11 16:21:15,2021-11-11 16:51:49,70.0,97.2,116.69843535028595,31.82608695652174,30.604347826086958
2771,2021-11-11 22:06:36,2021-11-11 22:27:26,66.0,87.2,114.59905162473794,32.714285714285715,30.246031746031747
2772,2021-11-12 14:46:53,2021-11-12 15:05:03,29.6,48.0,115.35553962862322,26.98181818181818,25.80909090909091
2773,2021-11-12 15:05:24,2021-11-12 15:23:43,48.4,67.6,111.41674984085654,29.669642857142858,28.4375
2774,2021-11-12 15:24:04,2021-11-12 15:42:44,68.0,86.8,115.96041297281326,31.442477876106196,30.300884955752213
2775,2021-11-12 23:47:45,2021-11-13 00:06:45,49.6,69.2,113.34610501700679,29.843478260869563,27.36521739130435
2776,2021-11-13 00:07:06,2021-11-13 00:23:36,69.6,86.4,114.81317741402113,31.34,28.99
2777,2021-11-13 07:12:58,2021-11-13 07:49:17,45.2,77.6,112.0979519075789,29.12785388127854,26.054794520547944
2778,2021-11-13 07:49:38,2021-11-13 08:12:28,77.6,96.4,115.49277533983444,30.768115942028984,27.77536231884058
2779,2021-11-13 14:37:20,2021-11-13 15:41:25,35.6,97.6,115.24767686379931,31.434511434511435,29.397089397089395
2780,2021-11-14 01:42:25,2021-11-14 02:40:14,26.4,85.6,113.96082484984986,30.652073732718893,28.04147465437788
2781,2021-11-14 13:07:09,2021-11-14 13:25:19,33.2,52.0,112.93071734633575,26.990909090909092,25.78181818181818
2782,2021-11-14 13:25:40,2021-11-14 13:45:30,52.4,72.8,113.48993001089325,29.966666666666665,28.683333333333334
2783,2021-11-14 13:45:51,2021-11-14 14:04:31,73.2,92.0,115.9205162529551,31.513274336283185,30.035398230088497
2784,2021-11-15 03:12:08,2021-11-15 03:31:18,61.6,77.2,117.05040500356125,27.974137931034484,25.913793103448278
2785,2021-11-15 03:31:39,2021-11-15 03:50:39,77.6,92.4,117.9617222222221,28.991304347826087,26.91304347826087
2786,2021-11-15 15:43:20,2021-11-15 16:46:40,31.6,95.200005,114.41997689570411,31.65546218487395,30.409663865546218
