cycle_num,time_s,time_e,SOC_s,SOC_e,charge_capacity,Tmax,Tmin
1,2019-07-26 06:21:45,2019-07-26 08:23:49,2.4,99.6,135.78705134459307,41.84934497816594,38.81331877729258
2,2019-07-26 21:14:56,2019-07-26 22:29:15,24.8,89.2,133.74477335662522,42.017921146953405,39.72222222222222
3,2019-07-29 23:07:02,2019-07-29 23:54:57,22.0,66.0,133.28506004103536,35.48753462603878,33.29639889196676
4,2019-07-29 23:59:53,2019-07-30 00:23:19,70.4,90.4,134.88465099305557,38.271186440677965,36.0
5,2019-07-30 15:56:08,2019-07-30 17:43:32,19.6,99.6,134.88492392881946,39.45657568238214,38.11166253101737
6,2019-07-31 06:53:26,2019-07-31 08:21:46,8.8,90.4,133.46418236315358,39.23192771084337,37.08132530120482
7,2019-07-31 08:22:26,2019-07-31 08:51:39,90.8,99.6,150.53065656565659,41.654545454545456,39.00454545454546
8,2019-07-31 20:33:30,2019-07-31 22:55:36,20.4,90.0,133.5880168981482,34.31988742964353,32.18292682926829
9,2019-08-01 19:36:01,2019-08-01 21:54:06,37.2,82.4,132.85065317723698,29.855212355212355,28.107142857142858
10,2019-08-02 17:24:55,2019-08-02 20:53:56,9.2,76.8,133.9871797008547,33.51781170483461,32.153307888040715
11,2019-08-03 02:23:09,2019-08-03 03:12:00,33.6,58.4,131.47035088485663,33.83152173913044,32.03804347826087
12,2019-08-03 11:16:12,2019-08-03 13:20:10,40.0,98.8,133.95098328136814,32.26881720430107,31.46451612903226
13,2019-08-03 23:35:54,2019-08-03 23:54:02,32.8,49.6,132.44181488095236,34.24817518248175,32.24087591240876
14,2019-08-03 23:56:18,2019-08-04 00:13:07,51.6,67.2,132.35765685541313,36.40944881889764,34.22834645669291
15,2019-08-04 00:13:47,2019-08-04 00:44:44,68.0,93.2,135.48954352954146,37.57692307692308,35.44871794871795
16,2019-08-04 04:45:09,2019-08-04 05:50:24,58.0,99.6,135.8613403979701,36.83877551020408,33.85306122448979
17,2019-08-04 15:52:20,2019-08-04 17:40:17,12.4,98.8,134.01336803465796,43.45061728395062,41.717283950617286
18,2019-08-05 17:14:13,2019-08-05 18:29:44,35.6,97.6,133.305864905914,41.88183421516755,39.95061728395062
19,2019-08-06 05:20:36,2019-08-06 08:21:15,9.2,99.6,136.45807836467554,38.77343173431734,36.594833948339485
20,2019-08-06 21:38:49,2019-08-06 23:53:59,11.6,87.2,134.09582617577894,38.88067061143984,37.014792899408285
21,2019-08-06 23:59:51,2019-08-07 00:29:36,90.4,99.6,146.3834538647345,40.49107142857143,38.0
22,2019-08-07 07:27:00,2019-08-07 09:19:40,43.6,99.6,135.86327763888892,37.836879432624116,35.068557919621746
23,2019-08-07 16:52:59,2019-08-07 19:12:16,45.2,90.4,134.4912632558997,40.81913875598086,38.99712918660287
24,2019-08-08 04:05:00,2019-08-08 08:21:18,18.4,99.6,134.5854268606322,36.56139438085328,34.564516129032256
25,2019-08-08 20:42:20,2019-08-08 22:37:37,14.8,99.6,135.76867155070755,46.557225433526014,44.59306358381503
26,2019-08-09 03:06:08,2019-08-09 05:04:53,59.6,97.6,135.35263159649125,41.63973063973064,38.415263748597084
27,2019-08-09 21:13:27,2019-08-09 23:53:58,4.0,83.2,134.68700897025815,43.65282392026578,41.73006644518272
28,2019-08-09 23:59:50,2019-08-10 00:32:15,86.0,98.8,140.51824843750006,45.0,42.0
29,2019-08-10 06:36:14,2019-08-10 08:10:42,52.0,98.0,135.07681101268116,39.334273624823695,37.0
30,2019-08-11 00:33:03,2019-08-11 03:34:14,42.8,99.6,135.8847827142019,37.468727005150846,35.771891096394405
31,2019-08-11 16:04:24,2019-08-11 17:35:16,38.8,90.0,133.72681206597227,41.13636363636363,39.495601173020525
32,2019-08-12 01:10:53,2019-08-12 03:23:47,27.2,99.6,136.1730132922806,39.65295887662989,37.39217652958877
33,2019-08-12 23:10:47,2019-08-12 23:54:01,14.0,52.4,133.18749921875002,39.246153846153845,37.54461538461538
34,2019-08-12 23:59:53,2019-08-13 00:42:38,57.6,92.8,135.36632060448235,42.746130030959755,40.90092879256966
35,2019-08-13 15:57:03,2019-08-13 16:26:41,34.8,61.2,130.9397606428872,40.847533632286996,39.34977578475336
36,2019-08-13 16:28:33,2019-08-13 17:32:03,62.8,99.6,139.0961897192029,42.911949685534594,41.729559748427675
37,2019-08-14 20:12:55,2019-08-14 22:17:25,9.6,99.6,135.41952602777778,41.71841541755889,40.356531049250535
38,2019-08-15 15:26:53,2019-08-15 17:05:13,32.0,99.6,136.23298360248194,42.010840108401084,40.200542005420054
39,2019-08-15 23:27:42,2019-08-15 23:56:31,68.0,92.4,133.28085932377044,39.69124423963134,37.29953917050691
40,2019-08-15 23:58:55,2019-08-16 00:23:28,94.0,99.6,168.20433844246054,40.0,37.49189189189189
41,2019-08-16 18:04:46,2019-08-16 19:09:05,59.2,99.6,137.60947977860292,37.91925465838509,36.77846790890269
42,2019-08-17 05:10:53,2019-08-17 06:16:40,69.2,99.6,137.31652848135968,33.57692307692308,31.963562753036438
43,2019-08-18 02:48:28,2019-08-18 04:22:50,19.6,98.0,133.34991487386623,35.91114245416079,34.568406205923836
44,2019-08-18 13:48:19,2019-08-18 15:19:04,47.6,93.2,133.67057072368425,34.459618208516886,32.4640234948605
45,2019-08-18 23:20:56,2019-08-19 00:37:55,34.4,98.0,133.30593053808528,37.66955017301038,35.7439446366782
46,2019-08-19 06:39:31,2019-08-19 08:16:23,33.6,99.6,135.4949928977273,38.43466299862448,35.81705639614856
47,2019-08-20 02:57:39,2019-08-20 04:43:43,23.2,99.6,133.91708522396743,37.22613065326633,35.03894472361809
48,2019-08-20 16:00:02,2019-08-20 17:38:06,26.8,99.6,135.03900684142246,43.02173913043478,41.671195652173914
49,2019-08-21 13:50:26,2019-08-21 15:48:07,12.0,71.2,131.6206037152778,37.08493771234428,36.01472253680634
50,2019-08-22 12:25:18,2019-08-22 13:56:41,21.6,66.8,132.42675074975423,37.714285714285715,36.231778425655975
51,2019-08-22 18:06:10,2019-08-22 19:34:13,37.6,99.6,136.67225648969537,42.953101361573374,41.420574886535555
52,2019-08-23 02:30:07,2019-08-23 03:14:49,63.6,86.0,134.36603816964285,39.0,37.0
53,2019-08-23 13:46:12,2019-08-23 15:12:40,22.4,97.2,132.77495914289958,38.6979969183359,36.34206471494607
54,2019-08-23 21:25:03,2019-08-23 22:48:10,45.2,99.6,136.42987041462422,39.36057692307692,36.705128205128204
55,2019-08-24 15:19:26,2019-08-24 16:37:05,48.8,99.6,137.2476846101269,42.34819897084048,40.46483704974271
56,2019-08-25 04:41:22,2019-08-25 06:20:46,26.4,99.6,136.4367774419399,43.083109919571044,39.98123324396783
57,2019-08-25 19:15:26,2019-08-25 19:53:15,38.0,59.6,131.47109404578188,35.56140350877193,32.27719298245614
58,2019-08-25 23:18:46,2019-08-26 02:03:58,41.2,94.8,134.0334261401327,32.88297013720742,29.841000807102503
59,2019-08-26 13:26:57,2019-08-26 15:12:14,14.0,98.8,132.79763527417455,35.062025316455696,33.575949367088604
60,2019-08-26 20:48:06,2019-08-26 22:12:18,59.6,99.6,136.43496600000006,35.0,32.99683544303797
61,2019-08-27 07:46:42,2019-08-27 10:30:30,5.6,97.6,133.4968600120773,35.8400974025974,33.77029220779221
62,2019-08-27 12:22:18,2019-08-27 12:37:08,97.6,99.6,218.2805627777778,36.0,34.0
63,2019-08-28 04:57:30,2019-08-28 07:15:12,24.0,99.6,125.05740469576719,35.51306873184898,33.848015488867375
64,2019-08-28 17:49:59,2019-08-28 20:08:53,15.6,94.0,133.44504103599775,42.382917466410746,40.908829174664106
65,2019-08-29 13:10:31,2019-08-29 14:32:02,48.4,94.4,133.17955852053137,37.583333333333336,36.490196078431374
66,2019-08-29 23:59:08,2019-08-30 01:45:53,19.6,99.6,134.46101606423616,38.84769038701623,37.06741573033708
67,2019-08-30 17:42:36,2019-08-30 19:40:09,12.0,99.6,133.89225201040082,39.100907029478456,36.837868480725625
68,2019-08-31 03:56:36,2019-08-31 05:25:15,39.2,99.6,135.59695754690952,38.94902548725637,36.24887556221889
69,2019-08-31 18:31:46,2019-08-31 20:10:38,31.2,99.6,135.44174196718652,37.44878706199461,34.8611859838275
70,2019-09-01 01:48:12,2019-09-01 03:03:19,49.6,99.2,129.39931626904124,35.501773049645394,33.234042553191486
71,2019-09-01 06:19:58,2019-09-01 07:25:29,60.4,99.6,136.61785558390025,34.459349593495936,31.878048780487806
72,2019-09-02 01:49:16,2019-09-02 03:06:39,50.8,99.6,136.1071339082423,32.800344234079176,31.4302925989673
73,2019-09-02 16:51:09,2019-09-02 19:02:58,36.0,98.8,133.44684986111113,33.364004044489384,30.91607684529828
74,2019-09-03 00:46:18,2019-09-03 02:08:06,44.8,99.6,135.83040388787512,35.49756097560976,33.21788617886179
75,2019-09-03 17:04:49,2019-09-03 18:48:02,20.0,79.2,131.01612327796545,36.59225806451613,34.903225806451616
76,2019-09-03 22:52:16,2019-09-04 00:22:04,52.8,99.6,137.69917663817668,36.99258160237389,34.9406528189911
77,2019-09-04 04:12:43,2019-09-04 05:34:23,44.0,99.6,136.23638134492407,39.1468189233279,35.33442088091354
78,2019-09-04 15:37:58,2019-09-04 17:17:27,30.4,99.6,135.6430137524085,39.934404283801875,37.82061579651941
79,2019-09-05 00:03:44,2019-09-05 01:11:23,69.2,99.6,138.78849735014626,36.0,34.0
80,2019-09-05 16:22:42,2019-09-05 18:20:36,17.2,84.0,132.37292084165006,37.55806087936866,36.26493799323563
81,2019-09-05 18:26:28,2019-09-05 19:00:14,83.6,98.8,134.94226228070175,39.0,38.0
82,2019-09-06 06:41:36,2019-09-06 09:10:11,22.8,99.6,133.22962804904512,36.25381165919283,34.28699551569507
83,2019-09-06 19:52:59,2019-09-06 20:15:53,54.0,66.8,134.77607148437505,38.0,37.0
84,2019-09-07 02:20:18,2019-09-07 03:51:02,16.4,94.0,133.1259118073454,40.013215859030836,38.07488986784141
85,2019-09-07 15:42:21,2019-09-07 17:42:17,12.0,99.6,135.167961894343,45.14555555555555,43.52777777777778
86,2019-09-08 12:22:32,2019-09-08 15:17:02,26.4,83.6,132.67788569347323,39.89915966386555,38.331550802139034
87,2019-09-08 21:06:12,2019-09-08 22:38:29,36.4,94.0,133.08970239197532,38.907647907647906,36.59018759018759
88,2019-09-09 02:35:07,2019-09-09 03:36:37,64.0,99.6,138.69924537297132,38.78354978354978,35.88528138528139
89,2019-09-09 18:05:14,2019-09-09 20:38:42,14.0,89.6,132.79223156966492,39.78819444444444,38.10850694444444
90,2019-09-10 13:40:56,2019-09-10 16:06:14,17.6,99.6,134.8109826439702,40.669724770642205,39.10825688073395
91,2019-09-11 14:20:53,2019-09-11 15:47:29,34.4,83.6,132.34781614724486,39.29538461538461,37.7
92,2019-09-12 04:00:42,2019-09-12 05:29:17,14.8,94.0,132.34352266764873,39.17293233082707,36.876691729323305
93,2019-09-12 05:29:36,2019-09-12 05:53:29,94.0,99.6,152.91914682539698,41.0,38.26111111111111
94,2019-09-12 16:22:28,2019-09-12 16:49:49,56.8,82.4,134.42741783854163,41.616504854368934,39.92718446601942
95,2019-09-13 00:50:33,2019-09-13 02:34:09,24.8,99.6,136.16539241495843,42.222079589216946,40.0385109114249
96,2019-09-14 00:30:48,2019-09-14 02:02:44,13.2,94.8,132.83937421023967,41.30869565217391,39.38260869565217
97,2019-09-14 06:37:56,2019-09-14 08:10:16,55.6,99.6,137.1251947159091,40.5959595959596,37.59307359307359
98,2019-09-14 19:02:52,2019-09-14 22:41:25,26.4,98.0,132.25108629733086,37.49908480780964,35.474069554606466
99,2019-09-15 13:17:59,2019-09-15 15:08:11,18.4,99.6,134.80856901683092,39.37001209189843,38.02055622732769
100,2019-09-16 01:31:01,2019-09-16 03:14:51,15.6,99.2,132.28446489400585,42.66495507060334,39.709884467265724
101,2019-09-16 14:46:32,2019-09-16 15:50:59,35.2,91.2,133.1934199156746,37.570247933884296,36.167355371900825
102,2019-09-16 21:49:37,2019-09-16 23:23:57,45.6,98.0,133.27671787531804,39.679378531073446,37.00282485875706
103,2019-09-17 06:58:38,2019-09-17 09:17:01,22.4,99.6,133.73712354274613,36.2771896053898,33.248315688161696
104,2019-09-17 21:05:34,2019-09-17 22:48:29,25.6,99.6,133.54536001876878,37.83053040103493,35.58473479948253
105,2019-09-18 17:49:59,2019-09-18 19:54:23,20.4,99.6,134.95917135767397,39.71764705882353,38.04812834224599
106,2019-09-19 15:32:14,2019-09-19 17:24:34,16.0,89.6,132.58941628925123,38.92417061611374,37.51658767772512
107,2019-09-20 02:00:18,2019-09-20 03:19:01,35.2,80.0,131.98124207217262,36.38409475465313,33.93908629441624
108,2019-09-20 07:20:31,2019-09-20 08:40:18,48.0,92.8,133.86343493923613,35.84307178631052,33.263772954924875
109,2019-09-20 08:44:58,2019-09-20 09:09:31,92.4,99.6,139.06367608024712,36.0,34.0
110,2019-09-20 16:32:19,2019-09-20 17:35:18,43.2,78.8,133.25502349406995,38.86286919831224,37.77426160337553
111,2019-09-20 23:14:03,2019-09-21 00:42:31,41.2,99.6,136.0555625332953,38.18222891566265,35.67921686746988
112,2019-09-21 12:29:16,2019-09-21 15:26:10,9.2,68.0,130.85861023242632,37.239097744360905,35.53383458646616
113,2019-09-21 19:26:15,2019-09-21 21:01:46,46.4,98.4,133.28237326923076,37.85913528591353,35.97907949790795
114,2019-09-22 03:11:44,2019-09-22 04:46:44,40.8,94.4,132.92910447761193,36.80224403927069,33.99018232819074
115,2019-09-22 08:45:17,2019-09-22 10:14:41,57.6,99.6,137.0110103968254,35.56333830104322,32.79284649776453
116,2019-09-23 09:59:01,2019-09-23 12:45:37,20.8,99.6,133.1151369070784,32.717825739408475,31.41646682653877
117,2019-09-23 20:45:16,2019-09-23 21:56:23,55.2,99.6,137.07366908783786,37.41011235955056,35.662921348314605
118,2019-09-24 08:34:35,2019-09-24 09:58:15,43.2,99.6,134.90386057427108,33.753184713375795,30.856687898089174
119,2019-09-24 21:53:19,2019-09-24 23:25:14,34.8,98.4,132.48609893212787,39.01159420289855,36.73478260869565
120,2019-09-25 06:39:11,2019-09-25 08:56:14,11.2,99.6,134.62831142533938,38.73566569484937,35.46550048590865
121,2019-09-26 09:35:11,2019-09-26 11:29:56,16.4,99.6,131.79567178819448,34.96747967479675,33.736353077816496
122,2019-09-26 22:54:23,2019-09-27 01:23:15,23.2,99.6,134.49533917611984,36.52236135957066,34.39087656529517
123,2019-09-27 06:54:12,2019-09-27 08:11:19,64.0,99.6,137.23750429151062,34.13126079447323,32.01036269430052
124,2019-09-27 21:39:55,2019-09-28 01:14:43,20.4,91.6,130.71613622034957,36.6610800744879,35.013656114214776
125,2019-09-28 12:52:39,2019-09-28 14:28:18,34.0,99.6,135.34496444783198,37.44428969359331,36.013927576601674
126,2019-09-28 23:26:50,2019-09-29 00:52:06,55.2,99.6,136.5241763951452,37.64375,35.1578125
127,2019-09-29 22:44:29,2019-09-30 00:21:13,20.0,70.0,129.56247688888888,37.26170798898072,35.3732782369146
128,2019-09-30 02:50:48,2019-09-30 04:38:04,49.6,99.6,136.0065703777778,37.880745341614904,35.46583850931677
129,2019-09-30 06:38:25,2019-09-30 07:17:47,82.8,99.6,141.32294671792332,37.0,34.51013513513514
130,2019-09-30 22:56:15,2019-10-01 01:00:33,13.2,84.0,131.67514138418082,39.09539121114684,37.241157556270096
131,2019-10-01 11:39:05,2019-10-01 13:40:12,10.8,98.0,131.58291902076962,38.39192139737991,36.80458515283843
132,2019-10-01 22:02:27,2019-10-01 23:09:08,32.8,70.4,133.01787875295506,39.489021956087825,37.27345309381238
133,2019-10-02 08:34:38,2019-10-02 12:02:30,46.0,99.6,135.89139064780264,33.890955740859525,31.919820397690827
134,2019-10-02 17:16:10,2019-10-02 17:58:16,58.0,81.6,134.39986623116766,39.0,37.0
135,2019-10-03 03:27:13,2019-10-03 05:17:10,21.2,99.6,132.92609708404197,37.624242424242425,35.77818181818182
136,2019-10-03 17:28:56,2019-10-03 20:04:22,19.2,99.6,134.54950668186848,39.24871355060034,37.28044596912522
137,2019-10-04 12:38:19,2019-10-04 13:48:46,45.2,98.8,133.2701489350125,38.04914933837429,36.76937618147448
138,2019-10-05 08:30:09,2019-10-05 10:14:06,22.8,99.6,131.5470350965712,35.55384615384615,34.53974358974359
139,2019-10-06 08:50:08,2019-10-06 10:51:01,10.8,99.6,133.23277925425424,36.87541345093715,35.232635060639474
140,2019-10-06 22:55:39,2019-10-07 00:09:57,52.4,99.6,135.87815100635595,37.38172043010753,35.29032258064516
141,2019-10-08 00:31:27,2019-10-08 01:54:43,8.0,85.6,132.19267551009452,35.8992,34.12
142,2019-10-08 15:54:15,2019-10-08 17:44:36,20.0,99.6,134.22918275579286,39.60507246376812,37.88405797101449
143,2019-10-09 15:15:50,2019-10-09 16:45:22,36.4,99.6,133.19238589574547,34.930059523809526,33.611607142857146
144,2019-10-10 03:42:54,2019-10-10 05:16:42,34.4,99.6,132.83134420586234,34.51136363636363,32.91193181818182
145,2019-10-10 14:17:47,2019-10-10 16:20:02,31.2,99.6,134.4329417763158,37.04030501089325,35.47385620915033
146,2019-10-11 02:27:53,2019-10-11 03:56:52,20.8,66.0,130.1937362254179,35.16766467065868,32.8188622754491
147,2019-10-11 12:58:27,2019-10-11 14:14:30,18.4,86.8,130.97813110786223,37.711033274956215,36.096322241681264
148,2019-10-11 19:05:35,2019-10-11 20:27:54,44.4,99.6,137.13475807417475,41.70711974110032,39.74595469255664
149,2019-10-12 04:21:22,2019-10-12 04:47:23,62.4,85.2,132.6674277534113,36.545918367346935,34.285714285714285
150,2019-10-12 11:57:04,2019-10-12 13:37:40,28.4,99.6,133.28548172986896,38.59205298013245,36.88344370860927
151,2019-10-12 22:18:11,2019-10-12 23:17:49,35.6,89.6,133.08395333076132,40.19642857142857,37.470982142857146
152,2019-10-13 05:55:59,2019-10-13 06:38:25,48.8,69.6,133.728791786859,33.0,29.620689655172413
153,2019-10-13 12:32:45,2019-10-13 14:18:01,37.2,98.8,133.1095194196429,32.859493670886074,31.258227848101267
154,2019-10-13 18:04:57,2019-10-13 19:02:11,67.2,99.6,138.02533967764063,35.79767441860465,33.944186046511625
155,2019-10-14 16:07:22,2019-10-14 17:28:54,26.0,94.8,131.4915425084787,35.46078431372549,34.18627450980392
156,2019-10-15 10:17:38,2019-10-15 11:58:38,26.8,99.6,131.36519436813188,33.422163588390504,32.324538258575195
157,2019-10-15 19:40:19,2019-10-15 20:12:13,58.0,75.6,136.25302894570711,35.0,33.53333333333333
158,2019-10-16 15:28:44,2019-10-16 17:08:24,20.0,77.6,130.0855323302469,34.2379679144385,32.88235294117647
159,2019-10-17 16:28:19,2019-10-17 17:55:49,24.4,74.8,130.52091738315696,33.852359208523595,32.42465753424658
160,2019-10-17 22:12:00,2019-10-17 22:52:33,74.4,96.8,133.03710660962304,31.924590163934425,31.049180327868854
161,2019-10-18 03:49:51,2019-10-18 05:16:59,58.8,99.6,137.0791060934096,31.79051987767584,30.065749235474005
162,2019-10-18 17:17:44,2019-10-18 19:38:30,27.2,99.6,133.47762141267648,34.62215909090909,33.316287878787875
163,2019-10-19 08:08:13,2019-10-19 09:48:01,38.8,94.8,133.3386620436508,32.03738317757009,30.899866488651536
164,2019-10-19 19:57:06,2019-10-19 22:10:25,18.8,94.8,132.11848691154972,37.373505976095615,35.288844621513945
165,2019-10-20 03:56:29,2019-10-20 05:18:51,16.4,88.4,132.44278425154323,38.121163166397416,34.88368336025848
166,2019-10-20 18:18:03,2019-10-20 20:44:57,20.4,94.8,131.31351367234168,35.5961887477314,33.82395644283122
167,2019-10-21 19:24:24,2019-10-21 21:05:08,8.8,94.8,132.0291059722222,35.585978835978835,34.32142857142857
168,2019-10-22 13:40:47,2019-10-22 15:59:49,5.2,70.8,130.3089901253388,34.86673058485139,33.48130393096836
169,2019-10-22 22:31:04,2019-10-23 00:03:48,24.4,71.2,131.049349985755,34.72270114942529,32.73850574712644
170,2019-10-23 16:03:42,2019-10-23 17:22:43,21.2,66.8,128.75088170687135,34.168350168350166,32.148148148148145
171,2019-10-23 21:59:09,2019-10-23 23:56:58,21.2,94.8,132.65012706068845,37.18891402714932,34.94796380090498
172,2019-10-24 12:17:08,2019-10-24 13:43:28,21.6,94.8,131.31147961445052,33.99382716049383,32.23456790123457
173,2019-10-25 03:20:18,2019-10-25 04:46:54,40.4,94.8,132.48845806270427,30.923076923076923,29.158461538461538
174,2019-10-25 17:33:00,2019-10-25 19:11:26,13.6,76.4,130.75003537022292,35.32205683355886,33.69688768606225
175,2019-10-26 00:16:08,2019-10-26 01:22:18,33.2,66.8,130.41468994708998,35.712273641851105,33.480885311871226
176,2019-10-26 06:45:16,2019-10-26 08:37:41,30.8,94.8,132.08347116753473,34.02479338842975,31.989374262101535
177,2019-10-26 14:40:47,2019-10-26 15:19:44,58.8,80.4,135.63326055812755,33.84982935153584,32.0
178,2019-10-26 23:05:19,2019-10-27 00:39:54,15.6,71.2,128.4030809052758,33.628169014084506,31.577464788732396
179,2019-10-27 05:36:53,2019-10-27 07:31:05,22.4,94.8,132.11700468845916,33.40723453908985,30.845974329054844
180,2019-10-27 16:50:40,2019-10-27 18:06:51,33.6,72.8,130.53528303571434,33.32111692844677,32.14310645724258
181,2019-10-28 02:23:38,2019-10-28 04:31:25,10.4,75.2,130.8375771712963,33.56517205422315,31.48175182481752
182,2019-10-28 11:11:34,2019-10-28 13:16:31,32.0,94.8,131.7716869099434,32.53035143769968,30.472843450479232
183,2019-10-29 01:28:45,2019-10-29 02:58:49,13.2,92.0,130.41212152954037,29.53698224852071,27.634615384615383
184,2019-10-29 15:09:51,2019-10-29 16:36:34,28.8,97.6,129.83302856912144,32.473118279569896,31.13364055299539
185,2019-10-30 03:49:34,2019-10-30 05:36:34,4.4,95.2,131.8546461836148,33.66376089663761,30.97758405977584
186,2019-10-30 15:09:58,2019-10-30 17:02:51,38.8,95.6,131.85524259780908,31.47461629279811,29.938606847697756
187,2019-10-31 12:16:18,2019-10-31 14:00:06,32.0,96.8,131.3037510781036,30.485237483953785,29.28754813863928
188,2019-10-31 17:44:42,2019-10-31 18:19:08,72.8,97.6,133.52046117271504,32.94208494208494,31.656370656370655
189,2019-11-01 13:13:15,2019-11-01 14:11:41,42.0,75.2,131.9313939424364,31.57630979498861,30.10250569476082
190,2019-11-01 21:52:31,2019-11-01 23:57:01,21.6,84.8,131.00075830696204,34.21627408993576,32.80406852248394
191,2019-11-02 04:33:11,2019-11-02 05:29:46,42.8,90.8,132.27638101851852,35.370892018779344,33.04225352112676
192,2019-11-02 17:27:20,2019-11-02 19:30:20,4.8,68.0,130.396129535865,34.91765980498375,33.21885157096425
193,2019-11-03 14:54:30,2019-11-03 15:47:44,56.4,97.6,132.66408419970338,30.495,29.675
194,2019-11-04 01:04:22,2019-11-04 02:20:23,35.2,78.4,131.9746657664609,32.34205933682374,30.403141361256544
195,2019-11-04 13:01:50,2019-11-04 14:24:41,24.0,71.2,131.59239679849338,32.734726688102896,31.372990353697748
196,2019-11-04 17:54:25,2019-11-04 19:14:20,49.2,94.0,134.38445440848216,34.861666666666665,33.208333333333336
197,2019-11-05 16:36:15,2019-11-05 18:47:16,15.2,82.4,129.08311746866733,32.408952187182095,31.037639877924722
198,2019-11-06 02:35:21,2019-11-06 04:13:10,2.8,88.0,132.99248612252217,34.46594005449591,32.01089918256131
199,2019-11-06 14:42:58,2019-11-06 16:49:03,22.4,86.8,129.42447207772602,32.23678646934461,30.530655391120508
200,2019-11-07 13:51:21,2019-11-07 15:03:32,42.4,97.6,131.262934520934,31.123616236162363,29.195571955719558
201,2019-11-08 02:49:33,2019-11-08 04:25:29,14.0,97.2,131.49549026442307,32.541666666666664,30.458333333333332
202,2019-11-08 18:06:17,2019-11-08 19:53:33,10.0,97.6,131.48760230371641,34.30062111801242,33.10186335403727
203,2019-11-09 01:14:51,2019-11-09 02:02:03,48.8,84.0,133.64848870344065,34.0056338028169,30.746478873239436
204,2019-11-09 13:42:38,2019-11-09 15:10:01,5.2,87.6,130.52840179004858,33.332317073170735,32.1234756097561
205,2019-11-10 00:14:59,2019-11-10 01:03:17,34.8,79.6,132.9286066003224,32.13498622589532,29.796143250688704
206,2019-11-10 06:36:22,2019-11-10 07:25:20,66.0,94.0,131.44467200396826,28.546195652173914,26.464673913043477
207,2019-11-10 16:18:41,2019-11-10 17:08:27,31.2,78.0,130.5972083926876,33.26737967914438,31.877005347593585
208,2019-11-11 01:42:02,2019-11-11 03:22:47,11.2,96.8,131.44707634345795,33.58068783068783,31.3994708994709
209,2019-11-11 16:29:53,2019-11-11 17:56:52,4.0,81.2,131.13308994854634,34.90352220520674,33.44257274119449
210,2019-11-11 18:19:34,2019-11-11 18:34:06,92.0,97.6,125.4722547619049,38.0,36.0
211,2019-11-12 06:27:33,2019-11-12 09:26:36,8.0,97.6,131.72333646143352,31.536113179448996,29.37006701414743
212,2019-11-13 01:10:55,2019-11-13 02:33:38,13.2,86.4,131.4779785018974,32.66022544283414,31.30756843800322
213,2019-11-13 12:03:55,2019-11-13 13:07:18,42.0,73.6,132.71970667194094,31.668067226890756,30.31512605042017
214,2019-11-14 03:13:08,2019-11-14 04:34:23,34.0,97.6,130.83363546471,29.875409836065575,28.359016393442623
215,2019-11-14 11:17:56,2019-11-14 12:03:09,64.4,97.6,132.10970291164665,29.429411764705883,27.647058823529413
216,2019-11-14 15:52:06,2019-11-14 16:50:09,63.2,97.6,133.04134257105946,32.49311926605505,31.224770642201836
217,2019-11-15 08:27:44,2019-11-15 09:50:19,29.6,97.6,130.84631409517974,28.903225806451612,27.962903225806453
218,2019-11-15 17:00:13,2019-11-15 17:42:47,46.0,77.6,134.43755291402957,34.159375,32.54375
219,2019-11-16 02:48:57,2019-11-16 03:56:44,26.4,88.8,130.9729156672899,32.33595284872299,30.037328094302556
220,2019-11-16 17:13:41,2019-11-16 18:43:21,23.2,97.2,129.2776958445946,33.164933135215456,31.7518573551263
221,2019-11-17 00:19:07,2019-11-17 00:36:44,64.4,74.4,131.88914308333332,32.0,29.007518796992482
222,2019-11-17 05:57:51,2019-11-17 07:56:12,31.6,97.6,130.51232516624577,29.91328828828829,27.780405405405407
223,2019-11-17 13:00:32,2019-11-17 14:11:34,58.0,97.6,131.64315544332214,31.39325842696629,29.470037453183522
224,2019-11-17 22:55:04,2019-11-18 00:31:16,22.0,77.6,130.11818431654677,33.79085872576177,32.00277008310249
225,2019-11-18 02:32:02,2019-11-18 03:09:08,47.2,65.2,134.86385678580245,34.88172043010753,31.874551971326166
226,2019-11-18 13:44:09,2019-11-18 15:24:52,25.6,90.8,129.82632846157125,31.981505944517835,30.91545574636724
227,2019-11-19 10:25:07,2019-11-19 11:59:51,19.2,97.6,126.79853522888327,26.129395218002813,25.063291139240505
228,2019-11-20 11:48:39,2019-11-20 13:45:08,7.6,84.0,129.18072326207098,28.244851258581235,26.933638443935926
229,2019-11-20 20:46:02,2019-11-20 22:07:33,41.6,94.8,132.84082509502926,31.413398692810457,29.58169934640523
230,2019-11-21 10:00:27,2019-11-21 11:46:47,38.8,97.6,129.75437509448224,26.073934837092732,24.855889724310778
231,2019-11-21 18:03:36,2019-11-21 19:06:35,50.4,97.6,132.11707435557912,33.21141649048626,31.526427061310784
232,2019-11-22 03:32:44,2019-11-22 04:45:03,48.0,88.8,132.93695552832244,28.593001841620627,25.771639042357275
233,2019-11-22 14:00:49,2019-11-22 15:44:44,8.8,97.6,131.2704479510761,34.84615384615385,33.55897435897436
234,2019-11-23 03:37:31,2019-11-23 05:56:21,9.6,81.2,129.89807753724395,30.975047984644913,28.347408829174665
235,2019-11-23 11:37:07,2019-11-23 13:39:12,36.8,97.6,131.1431992531067,31.036026200873362,29.517467248908297
236,2019-11-24 02:30:15,2019-11-24 03:40:58,21.6,84.4,131.2250562809625,30.807909604519775,29.203389830508474
237,2019-11-24 09:26:56,2019-11-24 10:27:22,50.8,97.6,131.43419124821938,31.145374449339208,28.79955947136564
238,2019-11-24 21:35:35,2019-11-24 21:50:47,30.8,44.0,133.94025479797983,30.565217391304348,28.860869565217392
239,2019-11-24 22:05:01,2019-11-24 22:59:11,43.6,89.6,130.87021404891306,33.383292383292385,31.852579852579854
240,2019-11-25 06:27:35,2019-11-25 09:06:14,17.2,97.6,130.00376910585962,32.4,29.999159663865544
241,2019-11-25 19:21:07,2019-11-25 20:41:56,30.4,76.8,131.1774717013889,32.914332784184516,31.077429983525537
242,2019-11-26 00:46:19,2019-11-26 01:54:30,48.0,86.8,132.03503773625428,32.1953125,29.322265625
243,2019-11-26 13:38:50,2019-11-26 15:09:09,34.4,86.4,130.2084403205128,28.809734513274336,27.634218289085545
244,2019-11-26 23:53:22,2019-11-27 01:36:19,33.2,63.6,127.4900052796053,29.01421188630491,27.608527131782946
245,2019-11-27 17:56:53,2019-11-27 19:20:08,16.0,89.2,130.46792906564968,32.2432,30.7808
246,2019-11-28 00:44:46,2019-11-28 01:32:48,55.6,94.4,133.686297279496,30.9612188365651,27.8005540166205
247,2019-11-28 17:02:59,2019-11-28 19:17:52,2.8,70.4,132.35600010683766,27.32114624505929,26.127470355731226
248,2019-11-29 03:13:13,2019-11-29 05:56:40,6.8,90.4,130.66879255382776,26.190864600326265,23.8442088091354
249,2019-11-29 18:13:40,2019-11-29 19:41:36,28.4,97.6,129.67969978925822,28.084848484848486,26.62121212121212
250,2019-11-30 01:56:30,2019-11-30 02:21:27,54.0,66.8,130.28410366753474,26.78191489361702,23.23936170212766
251,2019-11-30 09:01:38,2019-11-30 10:48:14,41.6,97.6,130.69269047619053,23.92,22.08375
252,2019-11-30 21:51:34,2019-11-30 23:30:18,27.2,84.0,130.08467415884192,28.487179487179485,26.790823211875843
253,2019-12-01 04:55:32,2019-12-01 06:19:59,40.8,88.8,132.07148289930555,28.873817034700316,26.376971608832807
254,2019-12-01 17:47:37,2019-12-01 18:10:02,17.6,30.4,131.35373324652778,27.16568047337278,25.85207100591716
255,2019-12-01 18:22:58,2019-12-01 19:56:53,29.6,84.0,129.46701252042482,30.625531914893617,29.486524822695035
256,2019-12-02 13:48:39,2019-12-02 15:26:32,21.2,97.6,127.23111662485455,24.900815217391305,23.657608695652176
257,2019-12-03 00:19:55,2019-12-03 02:03:56,16.8,69.6,130.64983162457912,26.05121638924456,23.49167733674776
258,2019-12-03 04:58:53,2019-12-03 06:17:20,35.6,97.6,131.41927368727602,27.33106960950764,23.867572156196943
259,2019-12-03 14:48:17,2019-12-03 15:47:31,41.6,72.0,129.9031438230994,24.242696629213484,22.541573033707866
260,2019-12-04 09:56:00,2019-12-04 12:32:46,12.8,98.4,128.3342059579439,21.71343537414966,20.698979591836736
261,2019-12-04 20:52:19,2019-12-04 22:30:31,38.4,97.6,130.6960532352665,27.1831750339213,25.177747625508818
262,2019-12-05 05:11:26,2019-12-05 06:35:31,32.0,97.6,130.71883990514903,26.70031545741325,24.01104100946372
263,2019-12-05 19:40:41,2019-12-05 21:28:30,11.6,97.6,130.6359405604005,28.30160692212608,26.782447466007415
264,2019-12-06 05:41:49,2019-12-06 06:52:00,41.6,97.6,130.89659111855164,28.07020872865275,25.47248576850095
265,2019-12-06 19:26:37,2019-12-06 20:58:08,24.8,97.6,128.79343362141333,27.982532751091703,26.483260553129547
266,2019-12-07 03:40:56,2019-12-07 04:26:50,46.8,75.6,132.89829946952162,24.028985507246375,21.066666666666666
267,2019-12-07 06:46:05,2019-12-07 07:33:51,57.2,84.0,133.82599627902158,23.0,19.944289693593316
268,2019-12-07 19:18:57,2019-12-07 19:52:58,28.0,47.6,130.3729030753968,22.7890625,21.30859375
269,2019-12-07 19:56:50,2019-12-07 20:17:29,47.2,58.8,133.57115035919549,24.605095541401273,23.369426751592357
270,2019-12-07 20:19:13,2019-12-07 20:40:58,58.4,70.8,131.8447872983871,25.0,24.0
271,2019-12-07 20:43:54,2019-12-07 21:01:31,70.4,80.4,132.11975158333337,25.0,24.0
272,2019-12-08 02:53:45,2019-12-08 04:20:37,28.4,84.0,130.1508612360112,25.062883435582823,22.54601226993865
273,2019-12-08 08:41:25,2019-12-08 10:49:30,27.6,97.6,129.89442936904763,24.653485952133195,21.68678459937565
274,2019-12-08 20:10:40,2019-12-08 21:31:32,35.2,97.6,130.61922481080845,27.677100494233937,25.683690280065896
275,2019-12-09 12:24:47,2019-12-09 12:38:55,79.6,86.8,130.5478078703703,22.850467289719628,21.102803738317757
276,2019-12-09 23:16:58,2019-12-10 00:51:50,18.4,96.8,129.52225160147393,26.34550561797753,24.703651685393258
277,2019-12-10 15:50:14,2019-12-10 17:23:38,20.8,97.6,128.87461397931133,28.96861626248217,27.586305278174038
278,2019-12-11 02:53:53,2019-12-11 03:36:18,40.0,79.6,131.21794379910216,25.905956112852664,23.08150470219436
279,2019-12-11 11:58:46,2019-12-11 13:30:34,22.4,97.6,130.20291989878845,27.734397677793904,26.39622641509434
280,2019-12-11 19:33:54,2019-12-11 20:29:09,56.8,97.6,133.01772010484748,30.643373493975904,28.50843373493976
281,2019-12-12 07:11:35,2019-12-12 08:40:19,46.0,97.6,130.76767315891476,23.49249249249249,20.71921921921922
282,2019-12-12 22:12:01,2019-12-13 00:03:09,30.4,94.4,130.46877894097221,27.95803357314149,26.247002398081534
283,2019-12-13 04:49:14,2019-12-13 05:56:04,44.8,97.6,131.14682104640153,29.860557768924302,27.029880478087648
284,2019-12-13 15:47:58,2019-12-13 17:01:05,42.4,97.6,130.80021835748792,30.939890710382514,29.797814207650273
285,2019-12-14 04:44:28,2019-12-14 06:21:28,19.2,97.6,130.63644740291954,28.932692307692307,26.785714285714285
286,2019-12-14 21:52:02,2019-12-14 23:11:25,33.2,97.6,130.57933846618363,31.451342281879196,29.536912751677853
287,2019-12-15 06:55:46,2019-12-15 08:24:22,45.2,97.6,132.56376725773964,28.514285714285716,26.69624060150376
288,2019-12-15 16:22:50,2019-12-15 17:25:41,49.2,97.6,131.5782709682048,31.298728813559322,29.72669491525424
289,2019-12-16 00:53:25,2019-12-16 01:57:03,50.0,97.6,132.26123211367883,30.221757322175733,28.060669456066947
290,2019-12-16 07:26:26,2019-12-16 08:04:35,54.4,75.6,134.80014547824953,29.930313588850176,27.505226480836235
291,2019-12-16 14:26:03,2019-12-16 16:18:31,26.4,91.2,129.93378984910834,31.805687203791468,30.048578199052134
292,2019-12-17 01:09:57,2019-12-17 02:20:08,24.8,88.0,130.0515980990682,33.30550284629981,31.195445920303605
293,2019-12-17 06:50:23,2019-12-17 07:44:33,58.4,97.6,131.45360103103744,31.604422604422606,28.36855036855037
294,2019-12-17 16:14:40,2019-12-17 16:53:13,60.8,84.8,133.72454444444443,30.344827586206897,29.427586206896553
295,2019-12-17 23:41:09,2019-12-18 00:56:00,22.0,88.4,131.9433807228916,33.79359430604982,31.889679715302492
296,2019-12-18 03:54:49,2019-12-18 04:49:15,56.8,97.6,133.05835741761985,34.66259168704156,31.454767726161368
297,2019-12-18 16:47:28,2019-12-18 18:02:04,39.2,97.6,131.39491590325346,34.05704099821747,32.78431372549019
298,2019-12-19 09:52:04,2019-12-19 10:31:15,70.0,97.6,131.84658461654595,25.93220338983051,24.325423728813558
299,2019-12-20 08:15:23,2019-12-20 10:25:11,25.6,97.6,125.76235370370368,21.243326488706366,20.29876796714579
300,2019-12-20 17:06:59,2019-12-20 18:22:30,57.2,97.6,132.36708428905393,25.832451499118164,24.400352733686066
301,2019-12-21 03:15:42,2019-12-21 04:37:37,8.8,85.2,130.7900123727458,27.0,24.598373983739837
302,2019-12-21 12:58:37,2019-12-21 14:30:09,25.2,97.6,130.77247771063537,27.90684133915575,26.107714701601164
303,2019-12-22 01:30:25,2019-12-22 03:37:46,3.6,76.4,131.2053578296703,29.14121338912134,26.911087866108787
304,2019-12-22 06:29:31,2019-12-22 08:04:52,40.4,97.6,131.23495969794095,30.73082287308229,27.765690376569037
305,2019-12-22 19:42:18,2019-12-22 21:31:20,26.0,88.8,130.21496815286625,28.418491484184916,26.47323600973236
306,2019-12-23 10:30:10,2019-12-23 11:34:37,50.4,97.6,131.34582452036256,25.297520661157026,24.16115702479339
307,2019-12-23 18:57:27,2019-12-23 19:54:17,50.4,82.4,132.93174369791666,28.660421545667447,27.407494145199063
308,2019-12-24 00:49:05,2019-12-24 01:43:56,36.0,87.2,131.72113793402775,31.02912621359223,28.79126213592233
309,2019-12-24 16:42:48,2019-12-24 18:11:16,28.4,97.6,129.23214107257547,29.73644578313253,28.35090361445783
310,2019-12-25 09:11:17,2019-12-25 10:23:59,44.0,97.6,130.78997405161695,25.560439560439562,24.55860805860806
311,2019-12-25 23:28:39,2019-12-26 01:00:43,8.400001,89.6,129.28631075167874,31.557163531114327,29.496382054992765
312,2019-12-26 04:27:03,2019-12-26 05:05:20,68.4,97.2,132.15328018904322,31.82638888888889,27.885416666666668
313,2019-12-26 17:24:51,2019-12-26 18:59:59,22.4,97.6,128.91423003841612,29.820728291316527,28.357142857142858
314,2019-12-27 02:09:16,2019-12-27 03:52:16,31.2,83.6,130.30894801102633,26.395860284605433,23.27425614489004
315,2019-12-27 17:09:04,2019-12-27 20:10:08,6.8,97.6,129.82844859520316,27.940353460972016,26.635493372606774
316,2019-12-28 02:50:26,2019-12-28 04:19:41,25.6,97.6,131.04407302083337,31.51641791044776,27.877611940298507
317,2019-12-28 19:03:33,2019-12-28 21:24:59,11.2,97.6,129.29699648437503,27.898209236569276,26.510838831291235
318,2019-12-29 03:52:53,2019-12-29 05:02:08,43.6,97.6,131.41763155606998,28.376923076923077,25.91730769230769
319,2019-12-30 04:49:40,2019-12-30 05:38:54,73.2,97.6,132.52927383879785,23.808108108108108,22.854054054054053
320,2019-12-30 15:29:53,2019-12-30 17:48:31,26.0,73.2,127.25070623822975,31.453846153846154,29.726923076923075
321,2019-12-31 02:46:20,2019-12-31 04:43:53,4.4,97.6,131.16725373748216,34.6156462585034,32.3140589569161
322,2019-12-31 16:07:26,2019-12-31 17:43:06,20.8,97.6,130.88381574616614,32.17130919220056,30.561281337047355
323,2020-01-01 03:37:44,2020-01-01 05:39:09,11.6,73.2,130.63307955762988,29.42919868276619,26.88364434687157
324,2020-01-01 17:50:29,2020-01-01 20:30:41,4.0,86.8,129.29807204777242,29.065723793677204,27.70549084858569
325,2020-01-01 20:34:01,2020-01-01 21:00:42,86.0,97.6,130.83646630747134,31.213930348258707,30.0
326,2020-01-02 01:39:14,2020-01-02 02:36:13,56.0,97.6,131.7829626368857,29.27570093457944,26.074766355140188
327,2020-01-02 17:03:12,2020-01-02 18:43:48,17.6,97.6,129.56129218402776,29.70596026490066,28.464900662251654
328,2020-01-03 05:45:46,2020-01-03 07:24:31,18.0,97.6,129.308890752373,27.59379217273954,25.342780026990553
329,2020-01-03 20:14:28,2020-01-03 21:50:49,20.4,97.6,130.38602668213878,31.56569847856155,30.06777316735823
330,2020-01-04 12:27:05,2020-01-04 13:51:41,47.2,97.6,131.77764766038362,27.209448818897638,26.02992125984252
331,2020-01-04 21:44:12,2020-01-04 22:44:38,36.4,88.8,131.65442930979646,30.66079295154185,28.812775330396477
332,2020-01-05 04:12:59,2020-01-05 05:57:52,12.4,97.6,131.70959749282738,33.747141041931386,30.26302414231258
333,2020-01-06 03:26:17,2020-01-06 04:58:29,23.2,97.6,129.34284035244926,30.811510791366906,29.33956834532374
334,2020-01-06 17:21:04,2020-01-06 18:30:14,46.0,97.6,130.4767052406331,30.54423076923077,29.609615384615385
335,2020-01-07 11:14:14,2020-01-07 12:17:46,59.2,94.8,132.55536591760298,28.5418410041841,27.45397489539749
336,2020-01-07 17:00:24,2020-01-07 17:23:37,71.2,82.4,135.07030266617062,31.0,29.377142857142857
337,2020-01-08 04:04:19,2020-01-08 06:21:53,9.6,96.4,130.99600783890168,30.247093023255815,28.4234496124031
338,2020-01-08 16:59:04,2020-01-08 18:48:53,7.6,97.6,129.46372222222223,36.1747572815534,34.383495145631066
339,2020-01-09 07:06:41,2020-01-09 08:36:36,25.6,97.6,129.4283205748457,29.77925925925926,27.327407407407406
340,2020-01-10 10:35:23,2020-01-10 12:04:55,27.2,97.6,128.92689947522098,27.583333333333332,26.282738095238095
341,2020-01-11 01:35:41,2020-01-11 02:55:20,14.4,86.0,129.4006784276071,30.734113712374583,29.06354515050167
342,2020-01-11 15:47:59,2020-01-11 17:25:23,10.8,94.0,131.0261148704594,31.29001367989056,29.85499316005472
343,2020-01-12 02:44:21,2020-01-12 04:15:04,22.4,97.2,130.2060386827837,25.941262848751837,23.265785609397945
344,2020-01-12 10:06:03,2020-01-12 11:19:18,44.8,97.6,130.7100588252315,25.327272727272728,22.5
345,2020-01-13 00:14:11,2020-01-13 01:17:34,42.4,96.4,130.43275381944443,26.89075630252101,24.945378151260503
346,2020-01-13 20:48:51,2020-01-13 22:24:46,20.0,97.6,129.946379191724,27.870833333333334,26.59027777777778
347,2020-01-14 03:17:32,2020-01-14 04:02:22,66.0,97.6,131.5581612957103,28.246290801186944,25.47181008902077
348,2020-01-14 19:46:28,2020-01-14 21:06:47,50.4,97.6,132.1693928790019,25.436152570480928,24.2106135986733
349,2020-01-15 12:41:46,2020-01-15 14:32:23,36.8,97.6,130.88018211348685,26.47469879518072,25.17710843373494
350,2020-01-16 03:00:41,2020-01-16 04:46:53,10.0,97.6,130.2530881278539,30.030112923462987,28.293601003764117
351,2020-01-16 16:55:38,2020-01-16 18:23:41,10.0,87.6,130.3390784185281,32.16338880484115,30.821482602118003
352,2020-01-17 03:19:13,2020-01-17 04:56:21,20.0,97.6,128.92731431486254,26.142661179698216,22.493827160493826
353,2020-01-18 13:52:09,2020-01-18 16:11:51,20.4,97.6,127.5201985607369,23.307251908396946,22.02480916030534
354,2020-01-18 23:44:57,2020-01-19 01:24:29,39.2,97.6,130.41720179556702,25.2904953145917,23.02409638554217
355,2020-01-19 11:31:59,2020-01-19 13:10:28,19.2,97.6,129.61630481682258,25.994587280108256,23.595399188092017
356,2020-01-19 18:05:32,2020-01-19 19:17:03,46.4,97.6,129.87867692057293,26.471135940409685,23.135940409683425
357,2020-01-20 11:55:06,2020-01-20 13:00:53,50.4,97.6,130.2491312441149,23.058704453441294,21.23076923076923
358,2020-01-20 23:53:19,2020-01-21 01:08:10,21.2,87.6,130.59300357471554,25.55693950177936,23.823843416370106
359,2020-01-21 11:15:38,2020-01-21 13:00:45,33.6,97.6,129.25310037760417,27.072243346007603,25.480354879594422
360,2020-03-07 19:19:07,2020-03-07 20:53:51,23.2,97.6,126.81124103382618,28.710267229254573,27.125175808720112
361,2020-03-08 21:19:19,2020-03-08 22:59:07,16.4,97.6,127.44595242884513,30.598130841121495,29.22429906542056
362,2020-03-09 17:11:56,2020-03-09 18:12:14,49.6,97.6,127.72738796875002,30.370860927152318,29.216335540838852
363,2020-03-10 05:34:35,2020-03-10 06:35:17,51.2,97.6,127.6838476712165,26.45175438596491,24.146929824561404
364,2020-03-10 14:40:31,2020-03-10 15:43:06,36.4,92.0,126.09857346622701,29.21276595744681,28.025531914893616
365,2020-03-11 12:36:37,2020-03-11 13:31:35,53.6,97.6,127.39500269570709,25.02179176755448,23.46004842615012
366,2020-03-12 01:09:23,2020-03-12 02:37:02,24.4,97.6,126.09063996850335,27.048632218844986,25.282674772036476
367,2020-03-13 01:56:09,2020-03-13 03:17:46,29.2,97.6,126.57386864441193,28.388254486133768,27.355628058727568
368,2020-03-13 18:24:33,2020-03-13 19:42:12,33.2,97.6,125.98347949016568,30.89022298456261,29.363636363636363
369,2020-03-14 04:37:33,2020-03-14 08:03:09,28.8,97.6,125.91842539970932,25.506485084306096,22.880674448767834
370,2020-03-15 08:33:34,2020-03-15 09:31:20,56.4,97.6,127.28088989347357,23.352534562211982,22.352534562211982
371,2020-03-15 23:48:26,2020-03-16 01:15:50,24.4,97.6,126.18499605722529,29.5640243902439,28.096036585365855
372,2020-03-16 17:40:00,2020-03-16 19:52:37,26.4,97.6,126.25718080095196,30.11356783919598,28.94070351758794
373,2020-03-18 00:07:03,2020-03-18 03:03:42,6.0,97.6,127.4321600333576,28.955471698113207,27.61433962264151
374,2020-03-18 17:35:03,2020-03-18 18:30:01,54.8,97.6,128.0824837941329,27.307506053268764,25.803874092009686
375,2020-03-19 16:53:56,2020-03-19 18:09:27,37.6,97.6,126.61089476851855,26.405643738977073,24.714285714285715
376,2020-03-20 05:53:40,2020-03-20 07:16:07,28.4,97.6,126.51436823619142,29.019386106623585,26.466882067851373
377,2020-03-20 22:02:09,2020-03-20 23:43:57,35.2,97.6,125.90679829727567,26.980366492146597,25.713350785340314
378,2020-03-22 02:06:37,2020-03-22 03:25:04,32.4,97.6,126.78650839084868,30.701188455008488,28.960950764006792
379,2020-03-22 16:19:44,2020-03-22 17:30:02,49.2,97.6,128.5274485336318,32.48106060606061,31.206439393939394
380,2020-03-23 17:20:38,2020-03-23 18:39:05,32.4,97.6,126.57630868694618,34.62818336162988,33.217317487266556
381,2020-03-24 10:33:41,2020-03-24 11:21:03,62.0,97.6,128.03493017712236,30.72752808988764,29.502808988764045
382,2020-03-25 11:48:20,2020-03-25 13:06:32,34.0,97.6,125.60334748427675,30.228279386712096,29.202725724020443
383,2020-03-25 19:02:16,2020-03-25 20:24:43,28.8,97.6,126.81675954053621,36.51373182552504,34.694668820678515
384,2020-03-26 13:55:40,2020-03-26 15:17:04,33.2,86.8,126.26135580949422,31.587561374795417,30.132569558101473
385,2020-03-27 00:22:26,2020-03-27 01:32:53,37.2,96.8,127.04616013702463,32.44234404536862,30.55576559546314
386,2020-03-27 19:34:12,2020-03-27 20:58:07,45.2,97.6,128.00426816687875,33.11904761904762,32.10476190476191
387,2020-03-28 00:25:03,2020-03-28 00:48:32,45.6,59.2,127.10387190563723,34.0,30.37853107344633
388,2020-03-28 01:06:49,2020-03-28 02:19:56,59.2,97.6,128.64910844907408,34.0,30.0
389,2020-03-28 18:25:47,2020-03-28 20:47:05,7.2,97.6,127.63531644389138,33.45943396226415,30.816037735849058
390,2020-03-29 21:36:54,2020-03-29 23:06:50,42.4,97.6,127.5108930882649,25.945185185185185,24.93777777777778
391,2020-03-30 13:08:51,2020-03-30 14:14:29,48.0,96.8,126.36493515482697,22.823529411764707,21.024340770791074
392,2020-03-30 19:20:28,2020-03-30 20:08:14,66.0,97.6,128.1320357331224,23.044568245125348,21.25348189415042
393,2020-03-31 19:23:03,2020-03-31 21:02:27,18.8,97.6,124.2221963145093,23.258713136729224,22.008042895442358
394,2020-04-01 06:39:03,2020-04-01 07:51:55,44.4,97.6,127.08321370875105,22.813528336380255,20.96343692870201
395,2020-04-02 07:56:30,2020-04-02 09:42:35,10.0,97.6,124.54343560058348,24.44918444165621,23.43789209535759
396,2020-04-02 16:27:48,2020-04-02 17:22:55,46.8,93.6,127.58206638176641,27.396551724137932,25.341379310344827
397,2020-04-02 17:26:05,2020-04-02 17:37:42,93.6,97.6,119.31914246527779,28.0,26.0
398,2020-04-03 03:45:50,2020-04-03 05:14:49,23.6,97.6,126.04997365615618,27.922155688622755,25.842814371257486
399,2020-04-03 15:30:42,2020-04-03 18:24:49,48.0,97.6,129.09668882672491,26.0,23.405053598774884
400,2020-04-04 02:20:21,2020-04-04 03:41:28,31.6,97.6,126.61826840909092,25.770114942528735,23.464696223316913
401,2020-04-04 19:07:01,2020-04-04 20:13:36,43.6,97.6,127.60113574074074,25.402,24.206
402,2020-04-05 09:03:44,2020-04-05 09:36:41,81.6,97.6,126.33214010416667,19.97983870967742,17.97983870967742
403,2020-04-05 16:04:05,2020-04-05 16:53:03,65.6,97.6,128.3029336892361,21.641304347826086,20.133152173913043
404,2020-04-09 16:19:05,2020-04-09 17:34:44,22.0,91.2,125.74687069685291,33.54401408450704,31.577464788732396
405,2020-04-09 23:17:22,2020-04-10 00:10:04,51.6,95.6,127.82641683080811,33.255050505050505,30.560606060606062
406,2020-04-10 13:44:53,2020-04-10 15:37:13,33.2,97.2,126.65934861111113,30.654804270462634,29.448398576512457
407,2020-04-10 23:36:40,2020-04-11 00:34:35,44.0,94.4,126.50183716655643,31.328735632183907,29.255172413793105
408,2020-04-11 02:04:22,2020-04-11 02:34:15,82.0,97.6,128.43885333867527,32.0,29.857777777777777
409,2020-04-12 03:47:19,2020-04-12 05:20:11,22.4,97.6,124.79396905289602,25.83357245337159,24.582496413199426
410,2020-04-12 14:19:08,2020-04-12 15:20:28,63.6,97.6,129.4935350694445,25.976138828633406,24.704989154013017
411,2020-04-13 03:27:23,2020-04-13 03:48:28,29.6,36.8,126.26191462191363,23.132075471698112,21.0
412,2020-04-13 03:52:20,2020-04-13 06:50:52,36.8,97.6,126.73634142909359,25.523880597014927,23.546268656716418
413,2020-04-14 16:44:06,2020-04-14 18:35:48,30.8,97.2,125.70231605589024,29.085816448152563,27.742550655542313
414,2020-04-15 16:11:33,2020-04-15 17:08:07,54.8,97.6,128.497185864486,29.915294117647058,28.705882352941178
415,2020-04-16 11:30:55,2020-04-16 12:44:02,38.0,97.6,126.10801405667414,30.50455373406193,29.17304189435337
416,2020-04-16 20:30:14,2020-04-16 21:03:11,34.4,54.4,123.91655523611111,33.87096774193548,31.93951612903226
417,2020-04-16 21:20:16,2020-04-16 21:49:53,53.6,70.8,129.59361719961242,35.0,33.0
418,2020-04-16 22:24:24,2020-04-16 22:43:29,70.4,81.6,128.29454724702393,35.0,33.0
419,2020-04-17 19:50:12,2020-04-17 22:23:54,6.8,97.6,125.27066831406022,34.15351257588898,32.90546400693842
420,2020-04-19 11:30:03,2020-04-19 12:58:38,19.6,97.6,125.30143620370373,33.06015037593985,31.90375939849624
421,2020-04-19 21:38:47,2020-04-19 22:50:18,38.4,97.6,127.70217888044297,36.42271880819367,34.22346368715084
422,2020-04-20 19:31:34,2020-04-20 21:04:18,18.8,97.6,125.81051505393401,37.51149425287356,35.98419540229885
423,2020-04-21 03:01:11,2020-04-21 03:51:37,51.6,94.4,126.50013491692627,35.810026385224276,33.12928759894459
424,2020-04-21 17:31:18,2020-04-21 19:52:03,15.2,97.6,126.4405397620011,35.39488636363637,34.43560606060606
425,2020-04-22 01:28:05,2020-04-22 04:03:16,8.8,97.6,127.41987797797798,36.916666666666664,33.88745704467354
426,2020-04-23 13:51:43,2020-04-23 16:13:41,8.0,97.6,128.0056955388145,25.11737089201878,24.271361502347418
427,2020-04-24 09:51:03,2020-04-24 10:21:23,28.8,46.8,126.668237808642,22.672131147540984,21.060109289617486
428,2020-04-24 10:21:44,2020-04-24 10:47:34,47.2,63.6,118.40280403116535,24.596153846153847,22.833333333333332
429,2020-04-24 10:47:55,2020-04-24 11:19:35,63.6,82.8,123.97282841435187,25.329842931937172,23.98952879581152
430,2020-04-24 11:19:56,2020-04-24 11:50:26,82.8,97.6,127.67456644144144,26.0,24.652173913043477
431,2020-04-25 15:41:21,2020-04-25 16:06:51,18.4,33.2,129.33749117867865,25.62987012987013,23.727272727272727
432,2020-04-25 16:07:12,2020-04-25 16:40:24,33.6,54.0,122.33009248366015,28.03921568627451,26.151960784313726
433,2020-04-25 16:40:45,2020-04-25 17:15:05,54.0,75.2,121.73220728511531,29.95169082125604,28.231884057971016
434,2020-04-25 17:15:26,2020-04-25 17:40:46,75.2,90.4,125.27780555555559,30.895424836601308,29.0
435,2020-04-25 17:41:07,2020-04-25 17:58:47,90.4,97.6,127.26080671296319,31.0,29.878504672897197
436,2020-04-26 01:49:51,2020-04-26 02:15:51,31.2,56.8,125.55719894748268,29.78343949044586,27.414012738853504
437,2020-04-26 02:16:12,2020-04-26 02:46:42,57.2,86.8,127.39866234984993,32.44565217391305,30.14673913043478
438,2020-04-26 02:47:03,2020-04-26 03:06:33,87.2,97.6,131.73612326388897,33.0,31.0
439,2020-04-26 15:40:39,2020-04-26 15:57:29,84.0,95.6,128.31421527777786,31.058823529411764,30.0
440,2020-04-27 05:10:45,2020-04-27 05:38:05,33.2,58.8,124.28657676866325,31.21818181818182,29.733333333333334
441,2020-04-27 05:38:26,2020-04-27 06:03:56,59.2,82.8,125.73624217278724,33.467532467532465,31.92207792207792
442,2020-04-27 06:04:17,2020-04-27 06:29:07,82.8,97.6,127.38458971471474,34.0,32.986666666666665
443,2020-04-27 17:13:59,2020-04-27 17:35:29,83.2,97.6,130.23245939429023,35.30769230769231,34.0
444,2020-04-28 11:22:21,2020-04-28 11:40:01,40.0,52.0,124.18057916666667,29.869158878504674,28.485981308411215
445,2020-04-28 11:40:22,2020-04-28 12:16:32,52.0,76.4,125.22657348588343,31.30275229357798,29.912844036697248
446,2020-04-28 12:16:53,2020-04-28 12:46:43,76.4,95.6,127.75031119791676,32.0,31.0
447,2020-04-28 21:19:57,2020-04-28 21:46:17,48.0,72.0,128.48440422453706,35.9874213836478,33.918238993710695
448,2020-04-28 21:46:38,2020-04-28 22:14:28,72.4,94.4,127.70142329545455,37.0,35.0
449,2020-04-29 14:23:04,2020-04-29 14:41:44,17.2,32.8,129.91098655626786,34.94690265486726,33.11504424778761
450,2020-04-29 14:42:05,2020-04-29 15:15:16,33.2,62.0,124.93611050829479,36.840796019900495,35.492537313432834
451,2020-04-29 15:15:37,2020-04-29 15:45:07,62.4,87.6,126.87279971340391,38.26966292134831,37.162921348314605
452,2020-04-29 22:06:53,2020-04-29 22:36:03,32.0,49.2,126.9048497254522,36.66477272727273,34.03977272727273
453,2020-04-29 22:36:24,2020-04-29 23:06:54,49.2,67.6,124.0443564311595,37.97282608695652,35.0
454,2020-04-29 23:07:15,2020-04-29 23:42:35,68.0,88.4,129.61326089324612,38.0,35.68544600938967
455,2020-04-30 13:23:35,2020-04-30 13:55:15,40.8,70.4,124.75929527965461,35.74869109947644,34.397905759162306
456,2020-04-30 13:55:36,2020-04-30 14:25:56,70.8,94.8,127.74191006944446,37.595628415300546,36.0
457,2020-05-01 02:00:36,2020-05-01 02:28:46,21.6,36.0,127.71215887345681,33.0,31.0
458,2020-05-01 02:29:07,2020-05-01 02:55:37,36.0,50.0,125.87496845238097,34.05,31.95625
459,2020-05-01 02:55:58,2020-05-01 03:23:58,50.4,65.2,125.81077927927922,35.0,33.0
460,2020-05-01 03:24:19,2020-05-01 03:49:59,65.6,79.2,125.51263296568618,35.0,33.0
461,2020-05-01 03:50:20,2020-05-01 04:18:30,79.2,93.6,130.08870331790126,35.0,33.0
462,2020-05-01 16:28:18,2020-05-01 16:45:38,63.6,79.2,130.31338684116807,35.08571428571429,33.857142857142854
463,2020-05-01 16:45:59,2020-05-01 17:10:59,79.6,97.6,128.0370339506173,36.0,34.80132450331126
464,2020-05-02 00:55:56,2020-05-02 01:28:46,44.4,74.8,126.00603079312864,36.17171717171717,33.7020202020202
465,2020-05-02 01:29:07,2020-05-02 01:58:57,74.8,97.2,126.95746509176584,37.37222222222222,35.0
466,2020-05-03 04:51:53,2020-05-03 05:24:23,35.6,65.6,125.41665972222226,33.42857142857143,32.13265306122449
467,2020-05-03 05:24:44,2020-05-03 05:52:04,66.0,89.6,128.6687873116761,35.61212121212121,34.32727272727273
468,2020-05-04 16:08:42,2020-05-04 16:36:22,20.8,46.4,125.87891015625003,38.15568862275449,36.10778443113772
469,2020-05-04 16:36:43,2020-05-04 17:04:03,46.4,72.4,122.41667361111108,41.127272727272725,39.2060606060606
470,2020-05-04 17:04:24,2020-05-04 17:27:34,72.8,91.6,127.69800059101657,42.0,40.121428571428574
471,2020-05-05 00:06:34,2020-05-05 00:25:54,46.4,64.4,127.54786844135796,39.72649572649573,37.22222222222222
472,2020-05-05 00:26:15,2020-05-05 00:49:27,64.8,86.0,130.1484590277778,40.98581560283688,38.12056737588652
473,2020-05-05 10:07:44,2020-05-05 10:35:34,43.6,65.6,123.72981092171725,36.5,34.601190476190474
474,2020-05-05 10:35:55,2020-05-05 11:00:25,66.0,84.0,126.8680663580247,37.49324324324324,35.851351351351354
475,2020-05-05 11:00:46,2020-05-05 11:23:16,84.4,97.6,130.50716540404053,38.0,36.0
476,2020-05-05 22:32:14,2020-05-05 23:02:04,33.2,61.6,122.33275195618157,39.388888888888886,37.48888888888889
477,2020-05-05 23:02:25,2020-05-05 23:35:25,62.0,90.4,127.20804866001565,41.1356783919598,39.0
478,2020-05-06 14:22:16,2020-05-06 14:40:46,39.2,56.4,125.37064155361759,37.1875,35.830357142857146
479,2020-05-06 14:41:07,2020-05-06 15:12:47,56.8,85.6,128.14718711419755,38.79057591623037,37.56020942408377
480,2020-05-06 22:35:43,2020-05-06 23:05:23,47.2,74.8,125.18972186996781,39.99441340782123,37.93296089385475
481,2020-05-06 23:05:44,2020-05-06 23:34:04,75.2,96.4,128.3759293763103,41.0,39.0
482,2020-05-07 04:04:12,2020-05-07 04:31:02,76.4,96.4,128.66249194444444,38.0,35.51851851851852
483,2020-05-07 16:52:10,2020-05-07 17:23:20,35.2,64.8,125.39460599662166,38.8563829787234,37.691489361702125
484,2020-05-07 17:23:41,2020-05-07 17:55:51,64.8,92.4,127.76318684581315,40.93298969072165,39.7319587628866
485,2020-05-08 15:12:56,2020-05-08 15:44:26,31.2,60.4,127.41866195776255,37.56842105263158,36.17894736842105
486,2020-05-08 15:44:47,2020-05-08 16:16:17,60.8,89.2,127.6017204616588,39.81578947368421,38.63157894736842
487,2020-05-09 04:42:49,2020-05-09 05:13:19,14.4,42.4,126.44694275793653,36.59239130434783,34.65760869565217
488,2020-05-09 05:13:40,2020-05-09 05:45:00,42.8,71.6,126.28329359567907,39.66137566137566,37.77248677248677
489,2020-05-09 05:45:21,2020-05-09 06:16:01,72.0,95.6,127.64126730225993,41.0,39.0
490,2020-05-10 07:47:24,2020-05-10 08:23:04,6.0,39.6,125.58655501818782,34.63720930232558,33.390697674418604
491,2020-05-10 08:23:25,2020-05-10 08:50:15,39.6,64.8,126.07253780864201,37.98765432098765,36.47530864197531
492,2020-05-10 08:50:36,2020-05-10 09:19:06,65.2,90.0,128.7483331653226,39.72093023255814,38.31976744186046
493,2020-05-14 01:58:26,2020-05-14 02:29:26,42.8,72.0,124.01399648021312,32.29946524064171,31.294117647058822
494,2020-05-14 02:29:47,2020-05-14 03:01:17,72.4,96.4,127.56772928240743,33.99473684210526,33.0
495,2020-05-14 16:11:45,2020-05-14 16:37:05,40.4,64.0,126.99270327212805,35.549019607843135,33.8235294117647
496,2020-05-14 16:37:26,2020-05-14 17:04:46,64.4,88.8,128.83822831284158,37.2969696969697,35.58181818181818
497,2020-05-15 00:56:09,2020-05-15 01:25:49,36.0,63.6,127.06470949074074,35.88268156424581,33.50837988826816
498,2020-05-15 01:26:10,2020-05-15 01:54:20,64.0,89.2,128.1916915233686,37.76470588235294,35.49411764705882
499,2020-05-15 17:15:49,2020-05-15 17:46:09,3.6,21.6,126.95064537037038,40.0,38.2896174863388
500,2020-05-15 17:46:30,2020-05-15 18:23:20,21.6,43.6,126.12629053030304,40.34234234234234,38.41891891891892
501,2020-05-15 18:23:41,2020-05-15 18:52:31,44.0,60.8,129.29235664682543,41.793103448275865,39.672413793103445
502,2020-05-15 18:52:52,2020-05-15 19:20:02,61.2,77.2,127.90975052083336,42.0,40.0
503,2020-05-16 02:56:49,2020-05-16 03:23:19,24.8,40.4,127.40384615384616,36.7,33.93125
504,2020-05-16 03:23:40,2020-05-16 03:52:30,40.8,58.0,125.7267441860465,38.48275862068966,35.827586206896555
505,2020-05-16 03:52:51,2020-05-16 04:18:11,58.4,73.6,125.00000000000004,39.0,37.0
506,2020-05-16 04:18:32,2020-05-16 04:50:42,73.6,92.4,128.3244680851063,39.365979381443296,37.0
507,2020-05-16 22:07:28,2020-05-16 22:35:38,22.8,48.4,127.23089420572917,32.576470588235296,29.776470588235295
508,2020-05-16 22:35:59,2020-05-16 23:06:29,48.4,76.8,124.19404293818468,35.59782608695652,32.90760869565217
509,2020-05-16 23:06:50,2020-05-16 23:34:50,77.2,97.2,129.88332694444443,36.928994082840234,34.0
510,2020-05-17 03:21:14,2020-05-17 03:45:04,62.0,84.0,126.71466407828282,34.548611111111114,30.84027777777778
511,2020-05-17 03:45:25,2020-05-17 04:07:25,84.0,97.6,128.21590859885626,35.0,32.0
512,2020-05-17 17:05:22,2020-05-17 17:36:22,40.4,69.2,125.47068229166665,37.58288770053476,35.99465240641711
513,2020-05-17 17:36:43,2020-05-17 18:00:23,69.2,90.0,126.33280876068376,39.02797202797203,37.67132867132867
514,2020-05-18 18:40:01,2020-05-18 19:05:21,20.4,35.2,128.38872963588582,33.43790849673203,32.06535947712418
515,2020-05-18 19:05:42,2020-05-18 19:33:52,35.6,52.0,126.630274898374,34.81764705882353,33.411764705882355
516,2020-05-18 19:34:13,2020-05-18 20:02:53,52.4,68.8,124.26153658536589,36.0,34.676300578034684
517,2020-05-18 20:03:14,2020-05-18 20:32:14,69.2,84.8,127.22936387108268,36.0,34.142857142857146
518,2020-05-18 20:32:35,2020-05-18 20:57:45,84.8,97.6,129.88934646267364,36.0,34.0
519,2020-05-19 03:35:58,2020-05-19 03:56:28,64.8,83.2,130.1373883605072,35.395161290322584,33.24193548387097
520,2020-05-19 16:20:40,2020-05-19 16:47:20,22.8,47.2,127.35883777322402,37.316770186335404,35.92546583850932
521,2020-05-19 16:47:41,2020-05-19 17:14:21,47.6,72.8,123.28649300044097,40.15527950310559,38.714285714285715
522,2020-05-19 17:14:42,2020-05-19 17:45:42,72.8,96.4,126.63607497645948,41.0,39.95187165775401
523,2020-05-20 12:10:56,2020-05-20 12:37:46,50.4,74.8,127.66964492258654,36.49382716049383,35.21604938271605
524,2020-05-20 12:38:07,2020-05-20 13:07:07,75.2,96.8,127.45887628600828,37.76571428571429,36.651428571428575
525,2020-05-21 01:22:19,2020-05-21 01:47:09,9.6,32.8,125.56093624281613,34.13333333333333,31.313333333333333
526,2020-05-21 01:47:30,2020-05-21 02:16:40,32.8,60.4,124.0166920289855,36.63636363636363,34.05113636363637
527,2020-05-21 02:17:01,2020-05-21 02:47:01,60.4,88.0,125.55051197665054,38.72375690607735,36.33701657458563
528,2020-05-22 11:47:28,2020-05-22 12:12:28,14.0,37.2,125.81298748802683,29.94039735099338,28.62251655629139
529,2020-05-22 12:12:49,2020-05-22 12:43:49,37.6,66.8,123.72622336377476,33.598930481283425,32.20855614973262
530,2020-05-22 12:44:10,2020-05-22 13:14:40,67.2,92.4,126.83091854056437,35.70652173913044,34.46195652173913
531,2020-05-22 20:17:58,2020-05-22 20:45:08,50.0,71.2,128.01297582547167,35.81707317073171,33.73170731707317
532,2020-05-22 20:45:29,2020-05-22 21:16:29,71.2,94.0,126.26889540692008,36.36363636363637,34.032085561497325
533,2020-05-25 06:15:19,2020-05-25 06:45:09,37.6,66.0,122.94114064945228,30.966666666666665,30.16111111111111
534,2020-05-25 06:45:30,2020-05-25 07:11:30,66.0,88.8,125.7718343689084,33.32484076433121,32.388535031847134
535,2020-05-25 07:11:51,2020-05-25 07:30:31,89.2,97.6,126.53109226190489,34.0,33.0
536,2020-05-25 16:45:06,2020-05-25 17:11:56,57.6,77.6,126.01529305555559,34.54938271604938,33.43827160493827
537,2020-05-26 03:13:34,2020-05-26 03:39:44,28.4,52.8,125.71096920537346,33.98101265822785,31.854430379746834
538,2020-05-26 03:40:05,2020-05-26 04:10:35,53.2,82.0,124.18258637152782,36.79347826086956,34.630434782608695
539,2020-05-26 04:10:56,2020-05-26 04:36:36,82.0,97.6,127.04240527065534,38.0,35.50967741935484
540,2020-05-26 16:36:01,2020-05-26 17:05:01,36.8,64.4,125.10465921900158,40.0,38.40571428571429
541,2020-05-26 17:05:22,2020-05-26 17:30:42,64.8,88.0,127.93941271551721,41.967320261437905,40.34640522875817
542,2020-05-26 17:31:03,2020-05-26 17:48:13,88.4,97.6,130.87413315217412,42.0,41.0
543,2020-05-27 03:35:30,2020-05-27 04:58:06,37.6,97.6,127.07838767314819,35.95967741935484,33.13709677419355
544,2020-05-27 19:01:50,2020-05-27 19:27:20,33.2,56.8,126.08581197033904,34.12337662337662,32.564935064935064
545,2020-05-27 19:27:41,2020-05-27 19:55:01,57.2,82.4,126.42361678791887,36.28484848484848,34.61818181818182
546,2020-05-27 19:55:22,2020-05-27 20:19:22,82.4,97.6,128.07932209429833,37.0,35.0
547,2020-05-28 03:18:57,2020-05-28 03:40:37,42.4,55.2,126.88802398003467,33.70992366412214,31.27480916030534
548,2020-05-28 03:40:58,2020-05-28 04:10:48,55.6,73.2,127.13068181818181,34.84444444444444,32.166666666666664
549,2020-05-28 04:11:09,2020-05-28 04:43:09,73.2,92.0,127.7024274527187,35.0,33.0
550,2020-05-28 17:39:21,2020-05-28 18:04:31,34.0,57.2,126.26018863745212,35.598684210526315,33.953947368421055
551,2020-05-28 18:04:52,2020-05-28 18:33:12,57.6,83.6,126.80129529914535,37.8421052631579,36.25730994152047
552,2020-05-28 18:33:33,2020-05-28 18:55:33,84.0,97.6,129.91729595588242,38.17293233082707,37.0
553,2020-05-29 00:03:43,2020-05-29 00:31:43,64.0,88.8,128.48844920474912,38.0,35.4792899408284
554,2020-05-29 00:32:04,2020-05-29 00:48:34,88.8,97.6,127.98767881944451,38.0,36.0
555,2020-05-29 12:07:32,2020-05-29 12:33:02,25.2,32.8,125.26858497807018,32.36363636363637,31.0
556,2020-05-29 12:33:23,2020-05-29 13:04:43,32.8,42.0,127.14970169082119,33.10582010582011,31.804232804232804
557,2020-05-29 13:05:04,2020-05-29 13:33:04,42.0,50.8,118.78782575757579,34.0,32.81065088757396
558,2020-05-29 13:33:25,2020-05-29 14:06:15,50.8,60.8,122.5777230555555,34.984848484848484,33.73737373737374
559,2020-05-29 14:06:36,2020-05-29 14:51:37,61.2,74.4,127.31980848063968,35.0,34.0
560,2020-05-29 14:51:58,2020-05-29 15:22:32,74.8,83.6,129.67670978535358,35.0,34.0
561,2020-05-29 21:58:46,2020-05-29 22:26:56,50.0,75.6,127.97527761501739,34.470588235294116,32.470588235294116
562,2020-05-30 23:04:13,2020-05-30 23:28:03,12.4,34.0,128.78665631430042,32.5,31.13888888888889
563,2020-05-30 23:28:24,2020-05-30 23:56:04,34.4,60.0,126.08724088541668,35.41916167664671,33.81437125748503
564,2020-05-30 23:56:25,2020-05-31 00:27:15,60.4,88.4,125.72222410714285,37.58064516129032,35.956989247311824
565,2020-05-31 05:20:54,2020-05-31 05:39:04,42.0,60.0,124.51081234567907,36.88181818181818,33.86363636363637
566,2020-05-31 05:39:25,2020-05-31 06:08:35,60.0,88.0,126.62401676587305,38.47727272727273,35.65909090909091
567,2020-05-31 06:08:56,2020-05-31 06:26:06,88.0,97.6,128.09318359375007,39.0,36.0
568,2020-05-31 19:03:50,2020-05-31 19:34:00,60.8,88.4,127.82657845209337,34.22527472527472,31.406593406593405
569,2020-05-31 19:34:21,2020-05-31 19:51:41,88.4,97.6,129.3116266606282,35.0,32.0
570,2020-06-01 17:01:26,2020-06-01 17:25:56,17.2,33.2,127.76303671874997,31.114864864864863,29.35135135135135
571,2020-06-01 17:26:17,2020-06-01 17:54:07,33.2,52.0,123.51360726950358,32.916666666666664,31.24404761904762
572,2020-06-01 17:54:28,2020-06-01 18:26:38,52.0,74.0,121.97349785353533,34.78350515463917,32.96907216494845
573,2020-06-01 18:26:59,2020-06-01 18:56:49,74.0,93.2,127.36258000578702,35.483333333333334,33.9
574,2020-06-02 00:43:48,2020-06-02 01:05:18,57.2,71.2,128.47423333333333,34.9,31.953846153846154
575,2020-06-02 01:05:39,2020-06-02 01:37:09,71.6,92.0,127.90852764161215,35.0,32.0
576,2020-06-02 14:29:21,2020-06-02 14:52:51,38.4,50.8,126.36088877688174,31.570422535211268,29.781690140845072
577,2020-06-02 14:53:12,2020-06-02 15:19:42,50.8,65.2,122.68518518518515,32.8125,30.99375
578,2020-06-02 15:20:03,2020-06-02 15:51:23,65.2,81.6,127.37127371273719,33.0,31.0
579,2020-06-02 23:34:52,2020-06-03 00:02:52,34.4,55.2,123.7907546741453,31.881656804733726,30.106508875739646
580,2020-06-03 00:03:13,2020-06-03 00:33:13,55.2,77.2,125.4684597222222,33.64088397790055,31.92817679558011
581,2020-06-03 12:21:29,2020-06-03 12:49:09,26.0,44.4,125.59407699275364,34.62874251497006,32.82634730538922
582,2020-06-03 12:49:30,2020-06-03 13:18:00,44.4,63.6,123.95329427083333,36.75,35.093023255813954
583,2020-06-03 13:18:21,2020-06-03 13:49:51,64.0,84.8,126.64198571047012,38.0,36.16315789473684
584,2020-06-03 13:50:12,2020-06-03 14:11:02,84.8,97.6,129.26435004340283,38.0,37.0
585,2020-06-04 02:48:24,2020-06-04 03:16:14,38.4,64.0,127.01553184678819,33.154761904761905,31.541666666666668
586,2020-06-04 03:16:35,2020-06-04 03:48:55,64.4,91.6,127.87940099060462,35.364102564102566,33.61025641025641
587,2020-06-04 16:14:57,2020-06-04 16:40:57,64.8,83.6,128.1870797872341,37.139240506329116,35.82911392405063
588,2020-06-05 00:37:43,2020-06-05 01:11:33,30.0,54.8,126.07413687275991,37.71568627450981,35.681372549019606
589,2020-06-05 01:11:54,2020-06-05 01:38:04,55.2,74.4,125.92157146990739,39.721518987341774,37.79746835443038
590,2020-06-05 08:02:10,2020-06-05 08:30:10,50.0,70.0,128.79099555555558,36.75739644970414,34.455621301775146
591,2020-06-05 08:30:31,2020-06-05 09:02:51,70.4,92.8,128.392892733135,37.6,35.37948717948718
592,2020-06-06 02:59:27,2020-06-06 03:17:27,11.6,24.4,128.98329763454862,32.0,30.0
593,2020-06-06 03:17:48,2020-06-06 03:43:08,24.8,42.8,129.16822484567905,33.22222222222222,31.424836601307188
594,2020-06-06 03:43:29,2020-06-06 04:08:39,43.2,62.0,122.8597961731679,35.401315789473685,33.57236842105263
595,2020-06-06 04:09:00,2020-06-06 04:42:10,62.4,86.4,126.8402939814814,36.56,34.74
596,2020-06-06 04:42:31,2020-06-06 05:02:51,86.8,97.6,131.49180041152272,37.0,35.0
597,2020-06-06 14:27:39,2020-06-06 14:53:29,34.4,58.4,125.51389074074073,35.032051282051285,33.52564102564103
598,2020-06-06 14:53:50,2020-06-06 15:26:20,58.8,88.4,126.98104945570567,37.025510204081634,35.423469387755105
599,2020-06-07 18:03:20,2020-06-07 18:25:20,32.8,53.2,125.54670969498909,31.406015037593985,29.834586466165412
600,2020-06-07 18:25:41,2020-06-07 18:53:21,53.6,79.2,125.97819406467015,33.91017964071856,32.449101796407184
601,2020-06-07 18:53:42,2020-06-07 19:21:32,79.6,97.6,127.52624722222225,35.0,33.845238095238095
602,2020-06-08 18:55:39,2020-06-08 19:12:39,28.4,38.4,128.066695,31.689320388349515,30.12621359223301
603,2020-06-08 19:51:13,2020-06-08 20:27:03,47.6,69.2,124.98202430555556,33.84722222222222,32.61574074074074
604,2020-06-08 20:27:24,2020-06-08 20:52:14,69.2,84.0,126.4452272897898,34.92666666666667,33.0
605,2020-06-08 20:52:35,2020-06-08 21:19:45,84.0,97.6,126.61154789624189,35.0,33.81707317073171
606,2020-06-09 01:50:07,2020-06-09 02:14:17,57.2,71.2,129.18747232142854,35.0,32.07534246575342
607,2020-06-09 02:14:38,2020-06-09 02:47:08,71.6,90.8,126.67097873263882,35.19387755102041,33.0
608,2020-06-09 10:31:03,2020-06-09 11:03:03,58.4,69.2,128.3963478652263,35.0,32.0
609,2020-06-09 11:03:24,2020-06-09 11:35:44,69.2,80.0,129.73251028806587,34.225641025641025,32.0
610,2020-06-09 22:29:53,2020-06-09 22:46:33,22.8,38.4,125.87163461538466,30.475247524752476,27.861386138613863
611,2020-06-09 22:46:54,2020-06-09 23:15:34,38.8,66.0,124.20140788398693,33.225433526011564,30.75722543352601
612,2020-06-09 23:15:55,2020-06-09 23:45:35,66.4,91.6,125.94358774250448,35.07821229050279,32.6927374301676
613,2020-06-10 04:09:22,2020-06-10 04:39:22,68.8,84.4,128.20334740028483,33.0,30.0
614,2020-06-10 04:39:43,2020-06-10 05:04:53,84.8,97.6,130.79427126736115,33.0,30.157894736842106
615,2020-06-10 15:36:55,2020-06-10 15:54:15,17.6,33.2,129.56997337962963,37.21904761904762,35.095238095238095
616,2020-06-10 15:54:36,2020-06-10 16:26:47,33.6,64.0,123.35150784904971,39.59487179487179,37.697435897435895
617,2020-06-10 16:27:08,2020-06-10 17:08:27,64.4,97.2,126.6355788025068,41.624,39.628
618,2020-06-11 02:43:04,2020-06-11 03:12:24,28.8,56.4,124.05999295491145,36.68361581920904,34.55367231638418
619,2020-06-11 03:12:45,2020-06-11 03:40:45,56.8,82.8,125.71956250000002,38.81065088757396,36.72781065088758
620,2020-06-11 03:41:06,2020-06-11 04:04:16,83.2,97.6,127.69292052469143,39.0,37.0
621,2020-06-11 15:40:03,2020-06-11 15:58:13,21.2,38.0,126.92459606481476,40.018181818181816,37.845454545454544
622,2020-06-11 15:58:34,2020-06-11 16:30:24,38.4,68.0,126.22840221471468,42.630208333333336,40.614583333333336
623,2020-06-11 21:04:34,2020-06-11 21:29:34,36.8,60.0,127.06121102729888,41.22516556291391,38.77483443708609
624,2020-06-11 21:29:55,2020-06-11 21:58:25,60.4,86.8,127.41479513888893,42.98255813953488,40.25581395348837
625,2020-06-12 06:36:33,2020-06-12 07:09:13,15.2,45.2,127.3676112037037,35.994923857868024,33.67005076142132
626,2020-06-12 07:09:34,2020-06-12 07:39:54,45.6,74.0,124.95209174491396,39.31693989071038,37.049180327868854
627,2020-06-12 07:40:15,2020-06-12 08:07:15,74.4,95.2,128.02686785523508,40.73006134969325,38.0
628,2020-06-12 16:44:26,2020-06-12 17:02:06,48.8,61.6,126.55165256076386,41.626168224299064,40.14018691588785
629,2020-06-12 17:05:38,2020-06-12 17:26:17,62.4,77.2,127.93271707019515,42.096,41.0
630,2020-06-12 22:13:08,2020-06-12 22:36:28,35.6,51.2,124.12303374287745,40.51063829787234,38.0709219858156
631,2020-06-12 22:36:49,2020-06-12 23:04:29,51.2,69.6,125.2490889190822,41.92215568862275,39.68263473053892
632,2020-06-12 23:04:50,2020-06-12 23:35:20,69.6,89.6,127.08055527777778,42.44021739130435,40.0
633,2020-06-14 07:03:14,2020-06-14 07:34:24,76.4,94.8,126.51496656099037,33.0,31.69148936170213
634,2020-06-15 03:19:42,2020-06-15 03:48:02,22.0,47.6,128.3859769422743,31.649122807017545,30.68421052631579
635,2020-06-15 03:48:23,2020-06-15 04:20:23,48.0,77.6,125.43404570195203,35.16580310880829,34.056994818652846
636,2020-06-15 04:20:44,2020-06-15 04:50:24,78.0,97.6,127.91031675170075,36.19553072625698,35.0
637,2020-06-15 21:44:33,2020-06-15 23:40:30,11.2,97.6,126.41035436439043,36.53103448275862,34.88505747126437
638,2020-06-16 18:32:25,2020-06-16 18:58:55,16.4,28.0,127.01630866858238,35.0,33.2
639,2020-06-16 18:59:16,2020-06-16 19:26:06,28.4,39.6,127.79268278769837,36.117283950617285,34.425925925925924
640,2020-06-16 19:26:27,2020-06-16 19:58:57,39.6,53.6,120.2361291666667,37.464285714285715,35.77040816326531
641,2020-06-16 19:59:18,2020-06-16 20:24:18,53.6,64.0,119.85579834401712,38.0,37.0
642,2020-06-16 20:24:39,2020-06-16 20:54:19,64.4,76.0,124.69710632183914,38.46927374301676,37.0
643,2020-06-16 20:54:40,2020-06-16 21:18:50,76.0,85.2,126.06585190217388,39.0,37.0
644,2020-06-16 21:24:31,2020-06-16 21:58:11,84.4,96.4,128.13312546296297,39.0,37.0
645,2020-06-17 02:44:05,2020-06-17 03:11:25,76.0,96.4,127.49864916938994,35.945454545454545,33.64848484848485
646,2020-06-17 07:22:38,2020-06-17 07:56:58,70.8,88.4,129.72534627525246,34.99516908212561,32.93719806763285
647,2020-06-17 07:57:19,2020-06-17 08:15:29,88.4,97.6,127.78076419082143,35.0,33.0
648,2020-06-18 08:41:01,2020-06-18 09:12:21,21.2,38.8,124.64252107007579,28.428571428571427,27.687830687830687
649,2020-06-18 09:12:42,2020-06-18 09:42:02,38.8,55.6,122.36856622023807,30.694915254237287,29.796610169491526
650,2020-06-18 09:47:34,2020-06-18 10:17:24,58.0,74.8,124.54119419642862,32.33888888888889,31.4
651,2020-06-18 10:17:45,2020-06-18 10:51:45,74.8,93.6,126.87355023640666,33.11707317073171,32.12682926829268
652,2020-06-18 18:45:14,2020-06-18 19:11:54,45.2,72.8,122.38274954710148,39.54037267080745,38.130434782608695
653,2020-06-18 19:12:15,2020-06-18 19:41:05,73.2,96.4,127.69219103208815,41.0,39.0
654,2020-06-19 11:57:03,2020-06-19 12:29:53,14.4,45.2,124.90758189033191,36.72222222222222,34.974747474747474
655,2020-06-19 12:30:14,2020-06-19 13:03:54,45.2,77.2,123.36589144965278,40.21182266009852,38.42857142857143
656,2020-06-20 03:59:10,2020-06-20 04:43:20,20.8,56.8,122.85533636188273,36.06325301204819,34.45180722891566
657,2020-06-20 04:44:16,2020-06-20 05:43:30,56.0,97.6,126.72604006744123,38.87415730337079,37.391011235955055
658,2020-06-20 10:44:21,2020-06-20 11:12:41,70.0,93.2,126.77443726053636,38.853801169590646,37.0
659,2020-06-20 17:21:33,2020-06-20 17:52:43,47.6,64.0,124.159903946477,41.851063829787236,40.0
660,2020-06-20 17:53:04,2020-06-20 18:25:14,64.0,81.2,124.17638210594318,41.623711340206185,39.28865979381443
661,2020-06-20 18:25:35,2020-06-20 18:46:44,81.2,92.4,125.3947408110119,41.0,39.0
662,2020-06-21 02:59:43,2020-06-21 03:32:23,56.4,74.0,123.42957780934343,37.0,35.0
663,2020-06-21 03:32:44,2020-06-21 04:01:54,74.0,89.2,127.60779002192982,37.0,35.0
664,2020-06-22 01:22:04,2020-06-22 01:52:34,18.8,34.8,127.0876740451389,35.41304347826087,33.766304347826086
665,2020-06-22 01:52:55,2020-06-22 02:18:35,34.8,48.8,122.22222222222221,36.883870967741935,35.34193548387097
666,2020-06-22 02:18:56,2020-06-22 02:52:26,49.2,67.6,121.37681159420295,38.08910891089109,36.70792079207921
667,2020-06-22 02:52:47,2020-06-22 03:21:57,68.0,83.2,127.9239766081871,39.0,37.0
668,2020-06-22 03:22:18,2020-06-22 03:49:38,83.6,97.6,130.15873015873015,39.0,37.0
669,2020-06-22 16:10:05,2020-06-22 16:35:35,35.2,59.2,125.18809768518521,39.87012987012987,38.35064935064935
670,2020-06-22 16:35:56,2020-06-22 17:01:06,59.6,83.2,125.79982032721284,42.03947368421053,40.453947368421055
671,2020-06-23 12:40:40,2020-06-23 12:59:50,15.2,33.2,124.46606674382717,36.38793103448276,35.05172413793103
672,2020-06-23 13:00:11,2020-06-23 13:26:21,33.2,58.4,121.39717339065257,38.879746835443036,37.53164556962025
673,2020-06-23 13:26:42,2020-06-23 13:56:12,58.8,86.8,123.24604970238097,41.11797752808989,39.831460674157306
674,2020-06-23 13:56:33,2020-06-23 14:15:23,87.2,97.6,130.0654310897437,42.0,40.078947368421055
675,2020-06-24 01:05:02,2020-06-24 01:39:32,28.0,60.8,122.71129814532522,41.28846153846154,38.97596153846154
676,2020-06-24 01:39:53,2020-06-24 02:03:03,60.8,82.8,122.82133958333334,43.5,41.0
677,2020-06-24 13:05:44,2020-06-24 13:27:04,15.2,28.0,124.64843760850695,38.0,36.434108527131784
678,2020-06-24 13:27:25,2020-06-24 13:55:55,28.4,45.2,127.23214285714282,39.41279069767442,37.72674418604651
679,2020-06-24 13:56:16,2020-06-24 14:25:26,45.6,63.6,121.52777777777777,41.39204545454545,39.53409090909091
680,2020-06-24 14:25:47,2020-06-24 14:55:57,64.0,82.0,125.69444444444444,42.0,40.0
681,2020-06-24 14:56:18,2020-06-24 15:20:18,82.4,96.4,128.57142857142858,42.179310344827584,40.42758620689655
682,2020-06-25 01:06:33,2020-06-25 01:25:03,18.4,29.6,123.65947718253965,38.0,35.919642857142854
683,2020-06-25 01:25:24,2020-06-25 01:51:16,29.6,45.2,124.35897435897434,39.20253164556962,36.651898734177216
684,2020-06-25 01:51:37,2020-06-25 02:16:07,45.6,60.8,120.88815789473688,40.648648648648646,38.2972972972973
685,2020-06-25 02:31:19,2020-06-25 02:55:29,61.2,77.2,113.29079956597221,41.0,38.0
686,2020-06-25 02:55:50,2020-06-25 03:26:50,77.2,95.6,126.36322509057976,41.0,38.18181818181818
687,2020-06-25 15:27:53,2020-06-25 15:49:45,14.4,34.8,125.07080800653596,37.203007518796994,35.090225563909776
688,2020-06-25 15:50:06,2020-06-25 16:20:36,35.2,63.2,127.06895024801585,39.71195652173913,37.483695652173914
689,2020-06-25 16:20:57,2020-06-25 16:53:47,63.6,92.0,127.27211208920188,41.86868686868687,39.5
690,2020-06-26 02:52:34,2020-06-26 03:20:54,30.4,57.2,123.66139821724711,37.02923976608187,34.046783625730995
691,2020-06-26 03:21:15,2020-06-26 03:52:05,57.6,86.4,125.25464814814815,39.333333333333336,36.526881720430104
692,2020-06-26 03:52:26,2020-06-26 04:10:26,86.8,97.6,129.0264827674897,40.0,37.0
693,2020-06-26 12:59:50,2020-06-26 13:17:30,39.2,56.0,122.34954687500004,38.02803738317757,36.32710280373832
694,2020-06-26 13:17:51,2020-06-26 13:42:41,56.4,79.6,125.00899191810346,39.57333333333333,37.906666666666666
695,2020-06-26 13:43:02,2020-06-26 14:08:22,79.6,97.6,126.91822476851851,40.08496732026144,39.0
696,2020-06-26 18:15:15,2020-06-26 18:33:15,56.4,72.8,127.94461712398375,42.0,40.908256880733944
697,2020-06-26 18:33:36,2020-06-26 19:04:56,73.2,97.2,125.96181574074075,42.77777777777778,40.87301587301587
698,2020-06-27 01:48:15,2020-06-27 03:05:23,26.8,88.8,124.13331805331542,40.8272884283247,37.409326424870464
699,2020-06-27 06:15:07,2020-06-27 06:42:17,62.8,78.0,125.95122679093565,39.0,36.0
700,2020-06-27 06:42:38,2020-06-27 07:12:08,78.0,94.0,125.13456440972223,38.168539325842694,36.0
701,2020-06-27 17:35:11,2020-06-27 18:25:25,17.2,64.4,124.46239653954802,42.84488448844885,41.48514851485149
702,2020-06-27 18:25:46,2020-06-27 18:56:26,64.8,90.0,125.75452673059964,45.88648648648649,44.108108108108105
703,2020-06-28 00:47:28,2020-06-28 01:09:28,33.6,54.0,125.97904534313724,41.02255639097744,38.00751879699248
704,2020-06-28 01:09:49,2020-06-28 01:46:49,54.4,88.8,124.96327329618863,42.74439461883408,39.672645739910315
705,2020-06-28 13:26:04,2020-06-28 13:57:44,32.0,51.2,123.97933883101851,38.774869109947645,37.50261780104712
706,2020-06-28 14:28:46,2020-06-28 14:49:56,68.4,81.2,124.29907269965281,41.0,40.0
707,2020-06-28 19:37:02,2020-06-28 19:59:42,37.2,58.4,124.64491954926629,41.32116788321168,39.627737226277375
708,2020-06-28 20:00:03,2020-06-28 20:27:43,58.8,84.4,125.9082056206597,43.119760479041915,41.191616766467064
709,2020-06-28 20:28:04,2020-06-28 20:48:04,84.8,97.6,129.15909526909726,44.0,41.63636363636363
710,2020-06-29 11:05:18,2020-06-29 11:24:28,69.6,87.6,124.07251774691359,34.68103448275862,33.88793103448276
711,2020-06-29 11:24:49,2020-06-29 11:41:19,88.0,97.6,131.97775028935192,35.0,34.0
712,2020-06-30 00:02:20,2020-06-30 00:19:00,15.2,30.8,124.71866844729342,37.48514851485149,35.881188118811885
713,2020-06-30 00:19:21,2020-06-30 00:48:41,30.8,58.8,122.28621671626985,39.7909604519774,38.29943502824859
714,2020-06-30 00:49:02,2020-06-30 01:18:12,59.2,86.8,123.36353381642515,41.875,40.09090909090909
715,2020-06-30 01:18:33,2020-06-30 01:36:13,87.2,97.6,131.5264656784189,42.0,40.11214953271028
716,2020-06-30 08:24:58,2020-06-30 08:46:28,51.2,63.6,125.57797188620073,38.0,35.97692307692308
717,2020-06-30 08:46:49,2020-06-30 09:14:09,64.0,79.2,125.89365871710525,38.57575757575758,36.224242424242426
718,2020-06-30 09:14:30,2020-06-30 09:46:00,79.2,96.0,126.25167476851853,39.0,37.0
719,2020-06-30 18:28:35,2020-06-30 18:46:44,58.4,69.2,126.32178726851846,41.0,39.5
720,2020-06-30 22:22:01,2020-06-30 22:38:31,51.2,66.8,124.78991292735049,40.3,38.56
721,2020-06-30 22:38:52,2020-06-30 23:07:32,66.8,92.0,124.34964010141094,41.323699421965316,39.42774566473989
722,2020-07-01 17:23:01,2020-07-01 17:52:01,30.8,50.0,125.61991153067129,38.80571428571429,37.605714285714285
723,2020-07-01 17:52:22,2020-07-01 18:15:12,50.4,66.0,121.7289642094017,40.77536231884058,39.67391304347826
724,2020-07-02 10:56:05,2020-07-02 11:27:25,32.4,64.0,122.24771826652601,35.82539682539682,34.20634920634921
725,2020-07-02 11:27:46,2020-07-02 11:56:26,64.4,90.4,124.34669829059833,38.445086705202314,36.52601156069364
726,2020-07-03 01:39:51,2020-07-03 02:12:01,34.4,65.6,121.57098384081199,36.597938144329895,34.97938144329897
727,2020-07-03 02:12:22,2020-07-03 02:41:32,66.0,91.2,126.596150462963,38.71590909090909,37.19886363636363
728,2020-07-03 07:31:38,2020-07-03 07:49:28,65.2,81.6,127.01136204268302,37.47222222222222,34.898148148148145
729,2020-07-03 07:49:49,2020-07-03 08:12:19,82.0,97.6,126.81625258190887,38.0,35.13235294117647
730,2020-07-03 16:47:50,2020-07-03 17:20:42,61.6,85.6,125.68878304398152,35.64321608040201,33.0
731,2020-07-04 01:25:56,2020-07-04 01:54:46,25.6,42.8,125.72674418604655,34.793103448275865,32.97126436781609
732,2020-07-04 01:55:07,2020-07-04 02:30:07,43.2,65.2,119.31818181818181,36.725118483412324,35.132701421800945
733,2020-07-04 02:30:28,2020-07-04 02:46:52,65.2,75.2,123.0,37.91089108910891,36.0
734,2020-07-04 02:47:13,2020-07-04 03:05:53,75.6,86.8,124.99999999999997,38.0,36.0
735,2020-07-04 13:01:04,2020-07-04 13:29:14,45.2,71.6,124.76801020622901,35.258823529411764,33.03529411764706
736,2020-07-04 13:29:35,2020-07-04 13:58:45,72.0,95.2,124.72342792145592,36.78409090909091,34.67613636363637
737,2020-07-05 13:05:05,2020-07-05 13:33:25,48.0,75.6,123.17431421095013,33.93567251461988,32.50292397660819
738,2020-07-05 13:33:46,2020-07-05 14:02:56,76.0,97.6,126.04297788065848,35.77272727272727,34.13636363636363
739,2020-07-06 13:44:09,2020-07-06 14:00:49,63.2,78.4,127.92306277412277,38.01980198019802,36.554455445544555
740,2020-07-06 14:01:10,2020-07-06 14:23:10,78.8,95.2,124.86112440718153,39.0,37.285714285714285
741,2020-07-06 18:46:01,2020-07-06 19:31:15,60.8,97.6,125.73216131491547,40.51176470588236,38.79705882352941
742,2020-07-07 02:45:24,2020-07-07 03:17:54,59.6,89.2,125.36457817192195,38.076530612244895,35.81122448979592
743,2020-07-07 15:26:35,2020-07-07 17:00:47,12.4,88.0,124.32206025499706,42.23055162659123,40.36067892503536
744,2020-07-07 23:56:32,2020-07-08 00:23:32,39.2,64.4,124.89802772266314,42.20245398773006,39.533742331288344
745,2020-07-08 00:23:53,2020-07-08 00:53:23,64.8,90.8,125.81089310897437,43.89325842696629,41.06741573033708
746,2020-07-08 12:09:18,2020-07-08 12:55:04,63.6,97.6,124.38554878267978,38.0,36.122093023255815
747,2020-07-08 23:10:41,2020-07-08 23:35:41,10.0,32.8,126.1568098806043,38.47019867549669,36.94701986754967
748,2020-07-08 23:36:02,2020-07-09 00:02:32,33.2,58.0,122.95699663978495,40.96875,39.08125
749,2020-07-09 00:04:33,2020-07-09 00:26:38,60.0,80.0,127.0090307638889,43.0,41.0
750,2020-07-09 18:23:30,2020-07-09 19:38:45,10.4,80.4,125.0668011071429,39.67256637168141,38.336283185840706
751,2020-07-10 02:55:27,2020-07-10 03:14:27,10.8,28.8,125.46143626543211,39.0,37.0
752,2020-07-10 03:42:29,2020-07-10 04:11:19,39.2,66.8,124.31915041264092,41.367816091954026,39.258620689655174
753,2020-07-10 04:11:40,2020-07-10 04:37:40,67.2,90.4,125.22628077107274,42.796178343949045,40.50955414012739
754,2020-07-10 18:36:18,2020-07-10 18:54:28,26.4,43.2,127.03538128306874,39.25454545454546,37.8
755,2020-07-10 19:02:03,2020-07-10 19:19:23,43.6,60.0,124.08451075542007,41.333333333333336,39.68571428571428
756,2020-07-10 19:19:44,2020-07-10 19:48:44,60.4,87.2,125.51617169361522,42.69714285714286,41.0
757,2020-07-10 19:49:05,2020-07-10 20:09:15,87.6,97.6,127.15143250000003,43.0,41.0
758,2020-07-11 02:34:18,2020-07-11 03:02:58,52.4,78.8,126.68981544612794,39.76878612716763,37.1849710982659
759,2020-07-11 03:03:19,2020-07-11 03:29:59,79.2,97.6,126.5836559480677,40.90683229813665,38.0
760,2020-07-11 08:20:10,2020-07-11 08:51:50,50.8,80.8,124.47639819444443,39.29319371727749,36.753926701570684
761,2020-07-11 08:52:11,2020-07-11 09:16:31,80.8,97.6,126.87170701058201,40.0,38.0
762,2020-07-11 20:13:58,2020-07-11 20:44:48,34.0,62.8,124.76561313657409,40.6505376344086,39.215053763440864
763,2020-07-11 20:45:09,2020-07-11 21:11:19,63.2,87.6,124.94648144353371,42.70886075949367,41.0
764,2020-07-11 21:11:40,2020-07-11 21:28:10,88.0,97.6,132.10796846064824,43.0,41.0
765,2020-07-12 09:19:00,2020-07-12 09:46:10,43.2,59.6,122.58216268631436,35.670731707317074,34.25609756097561
766,2020-07-12 09:46:31,2020-07-12 10:18:11,59.6,77.6,124.8750153549383,36.0,35.0
767,2020-07-12 10:18:32,2020-07-12 10:55:57,77.6,97.6,126.88890611111113,36.58849557522124,35.0
768,2020-07-12 17:00:29,2020-07-12 17:23:19,41.6,57.2,122.85968892450141,42.18840579710145,40.31159420289855
769,2020-07-12 17:23:40,2020-07-12 17:56:30,57.2,79.2,125.29734349747474,43.0,41.0
770,2020-07-12 17:56:51,2020-07-12 18:25:31,79.6,97.6,127.81944552469137,43.0,41.0
771,2020-07-12 23:27:02,2020-07-12 23:55:12,49.6,58.0,125.74404761904765,42.0,39.0
772,2020-07-12 23:55:33,2020-07-13 00:24:13,58.0,66.8,122.15909090909093,42.0,39.0
773,2020-07-13 00:24:34,2020-07-13 00:53:44,66.8,75.6,124.28977272727278,41.53977272727273,38.61363636363637
774,2020-07-13 00:54:05,2020-07-13 01:23:15,75.6,84.4,124.28977272727258,41.0,38.0
775,2020-07-13 01:23:36,2020-07-13 01:51:06,84.4,92.4,128.90625,40.53012048192771,38.0
776,2020-07-13 01:51:27,2020-07-13 02:09:37,92.8,97.6,141.92708333333343,40.0,37.10909090909091
777,2020-07-13 06:00:44,2020-07-13 06:31:54,67.2,93.2,125.93696810897438,38.98936170212766,36.59574468085106
778,2020-07-14 11:41:05,2020-07-14 11:59:05,24.0,35.2,123.77729799107142,37.56880733944954,36.19266055045872
779,2020-07-14 11:59:45,2020-07-14 12:42:38,35.6,62.0,122.06072695707071,39.84169884169884,38.45173745173745
780,2020-07-14 12:42:59,2020-07-14 13:16:48,62.0,81.6,122.9352422193878,41.25,40.0
781,2020-07-14 21:44:58,2020-07-14 22:11:58,37.6,62.8,124.84842576058203,43.012269938650306,41.01840490797546
782,2020-07-14 22:12:19,2020-07-14 22:36:59,63.2,86.0,126.00999354288503,44.0,42.0
783,2020-07-14 22:37:20,2020-07-14 22:55:30,86.4,97.6,129.11584957837317,44.0,41.69090909090909
784,2020-07-15 02:11:38,2020-07-15 02:32:58,66.4,77.6,123.62720173611122,42.0,39.0
785,2020-07-15 02:33:19,2020-07-15 03:04:09,78.0,94.0,128.1440671875,41.40860215053763,39.0
786,2020-07-15 07:36:14,2020-07-15 07:55:04,56.8,74.4,124.7001338383838,38.96491228070175,36.26315789473684
787,2020-07-15 07:55:25,2020-07-15 08:23:35,74.4,96.0,125.30543885030869,39.81764705882353,37.0
788,2020-07-15 17:40:34,2020-07-15 18:04:24,29.2,51.6,124.03458897569442,42.84027777777778,40.93055555555556
789,2020-07-15 18:04:45,2020-07-15 18:33:55,52.0,78.8,124.51128762437813,44.85227272727273,43.30681818181818
790,2020-07-15 18:34:16,2020-07-15 19:02:36,79.2,97.6,128.28656914251215,45.198830409356724,44.0
791,2020-07-16 09:17:18,2020-07-16 09:44:38,58.0,84.4,121.79715235690234,35.624242424242425,34.58181818181818
792,2020-07-16 09:44:59,2020-07-16 10:04:39,84.8,97.6,130.05103396267373,36.90756302521008,35.91596638655462
793,2020-07-16 16:18:46,2020-07-16 16:47:46,51.6,78.8,124.40666605392158,43.61142857142857,41.78285714285714
794,2020-07-16 16:48:07,2020-07-16 17:12:37,78.8,96.8,125.39893456790124,44.0,42.86486486486486
795,2020-07-17 02:33:17,2020-07-17 03:01:07,34.0,60.0,124.86538504273506,39.267857142857146,36.773809523809526
796,2020-07-17 03:01:28,2020-07-17 03:27:28,60.4,84.8,124.24009534380693,41.038216560509554,38.30573248407644
797,2020-07-17 11:32:47,2020-07-17 12:43:55,54.0,96.4,125.18244536163523,39.45981308411215,38.149532710280376
798,2020-07-17 22:30:03,2020-07-17 22:57:43,24.0,50.0,123.93002932692309,39.125748502994014,37.4251497005988
799,2020-07-17 22:58:04,2020-07-17 23:25:34,50.4,76.4,123.15545646367516,41.66867469879518,39.7710843373494
800,2020-07-17 23:25:55,2020-07-17 23:54:25,76.8,97.6,127.05463327991455,42.0,40.0
801,2020-07-18 04:57:37,2020-07-18 05:14:07,47.6,62.8,127.30171975511699,40.51,37.51
802,2020-07-18 05:14:28,2020-07-18 05:44:58,63.2,90.4,125.12560089869278,41.391304347826086,38.65217391304348
803,2020-07-18 18:16:44,2020-07-18 18:47:44,22.4,51.6,124.31125508942162,43.29946524064171,41.36363636363637
804,2020-07-18 18:48:05,2020-07-18 19:19:55,52.0,81.2,125.23543602549465,45.828125,43.848958333333336
805,2020-07-18 19:20:16,2020-07-18 19:45:56,81.6,97.6,129.02258862847222,46.0,44.0
806,2020-07-19 13:50:13,2020-07-19 14:18:53,55.6,72.8,125.55558333333336,38.0,36.97687861271676
807,2020-07-19 14:19:14,2020-07-19 14:46:34,72.8,89.2,125.5555833333333,38.763636363636365,37.32121212121212
808,2020-07-19 23:30:03,2020-07-20 00:02:03,41.6,72.4,123.82440624999998,39.248704663212436,37.83937823834197
809,2020-07-20 00:16:04,2020-07-20 00:34:44,85.6,97.6,129.74191168981483,41.0,39.203539823008846
810,2020-07-20 12:41:19,2020-07-20 13:09:49,30.0,56.4,124.69909832702024,37.633720930232556,36.348837209302324
811,2020-07-20 13:10:10,2020-07-20 13:40:20,56.8,84.8,124.54415074404763,40.285714285714285,39.010989010989015
812,2020-07-20 13:40:41,2020-07-20 14:00:31,85.2,97.6,129.2025273297492,41.0,40.0
813,2020-07-20 20:12:45,2020-07-20 21:10:32,54.8,97.6,126.46817934190034,42.163594470046085,40.15898617511521
814,2020-07-21 03:55:44,2020-07-21 04:27:14,62.0,90.0,125.62699707341271,39.38421052631579,36.68421052631579
815,2020-07-21 16:07:11,2020-07-21 16:25:36,18.8,33.6,124.05820409159159,40.172661870503596,37.776978417266186
816,2020-07-21 16:38:00,2020-07-21 17:16:34,40.8,72.0,123.21267252938033,43.275862068965516,40.813793103448276
817,2020-07-22 00:24:07,2020-07-22 00:47:17,40.8,62.8,122.93119463383837,40.0,37.99285714285714
818,2020-07-22 00:47:38,2020-07-22 01:16:08,63.2,89.2,125.53580438034189,41.30232558139535,39.19186046511628
819,2020-07-22 06:05:24,2020-07-22 06:35:04,60.8,88.4,125.20583891908213,39.98324022346369,37.279329608938546
820,2020-07-22 15:04:19,2020-07-22 16:42:39,6.4,85.6,123.9670371562851,41.35230352303523,39.49186991869919
821,2020-07-23 02:33:13,2020-07-23 03:05:23,41.2,71.6,123.60381542397663,40.22164948453608,38.422680412371136
822,2020-07-23 06:30:50,2020-07-23 06:48:40,46.0,62.8,124.53123801256612,39.21296296296296,36.4537037037037
823,2020-07-23 06:49:01,2020-07-23 07:19:01,63.2,90.0,125.87322719734661,40.392265193370164,37.850828729281766
824,2020-07-23 17:29:40,2020-07-23 17:59:30,45.2,73.2,125.65479027777779,42.78333333333333,41.1
825,2020-07-23 17:59:51,2020-07-23 18:32:21,73.6,97.6,127.52838668981484,43.97959183673469,41.61224489795919
826,2020-07-24 04:34:58,2020-07-24 05:07:38,18.4,48.8,125.36550027412281,38.27918781725889,36.18781725888325
827,2020-07-24 05:07:59,2020-07-24 05:40:09,49.2,79.6,123.41557337353805,41.5,39.21649484536083
828,2020-07-24 05:40:30,2020-07-24 05:58:28,80.0,93.6,125.7657401756536,42.08181818181818,40.0
829,2020-07-24 17:35:54,2020-07-24 18:54:05,19.6,80.8,124.44495627950253,45.34071550255537,43.35434412265758
830,2020-07-25 01:06:04,2020-07-25 02:22:39,14.8,76.4,124.28082654897183,42.93913043478261,40.229565217391304
831,2020-07-25 11:30:16,2020-07-25 11:54:06,26.4,49.2,123.83103161549704,39.979166666666664,38.291666666666664
832,2020-07-25 11:54:27,2020-07-25 12:23:47,49.6,77.6,124.13989791666673,43.090395480225986,41.451977401129945
833,2020-07-25 12:24:08,2020-07-25 12:50:48,78.0,97.6,127.34342495748304,44.06832298136646,42.95652173913044
834,2020-07-26 01:02:05,2020-07-26 01:22:05,17.6,29.6,125.55905590277783,38.95867768595041,36.95867768595041
835,2020-07-26 01:22:26,2020-07-26 01:50:16,30.0,46.8,124.80822867063495,40.11904761904762,38.148809523809526
836,2020-07-26 01:50:37,2020-07-26 02:19:47,47.2,65.2,122.06792824074073,41.73863636363637,39.67613636363637
837,2020-07-26 02:20:08,2020-07-26 02:52:28,65.2,84.8,124.27440391156468,42.0,40.0
838,2020-07-26 02:52:49,2020-07-26 03:14:29,85.2,97.6,131.27803091397863,42.55725190839695,40.0
839,2020-07-26 05:59:45,2020-07-26 06:31:22,60.8,86.0,125.21236376212524,40.49579831932773,37.98739495798319
840,2020-07-26 14:32:45,2020-07-26 15:03:25,40.0,69.2,122.46908718607304,40.56216216216216,39.24864864864865
841,2020-07-26 15:03:46,2020-07-26 15:22:46,69.6,87.2,125.88542408459591,42.31304347826087,40.99130434782609
842,2020-07-26 19:34:11,2020-07-26 20:06:21,58.8,88.4,125.34112715840837,42.47422680412371,40.69072164948454
843,2020-07-27 03:53:57,2020-07-27 04:18:27,50.0,72.4,127.43737196180554,38.770270270270274,36.641891891891895
844,2020-07-27 04:18:48,2020-07-27 04:50:48,72.8,97.2,127.34745554417124,39.90155440414508,37.715025906735754
845,2020-07-27 12:37:56,2020-07-27 13:07:16,49.2,78.8,124.77243538851353,41.31638418079096,39.83050847457627
846,2020-07-27 13:07:37,2020-07-27 13:33:57,78.8,97.6,126.85803154550833,42.924528301886795,41.100628930817614
847,2020-07-27 23:37:41,2020-07-28 00:17:39,22.4,46.8,123.20836063296905,40.844897959183676,38.46122448979592
848,2020-07-28 00:18:00,2020-07-28 00:45:50,46.8,64.0,121.69495591085271,42.70238095238095,40.30357142857143
849,2020-07-28 00:46:11,2020-07-28 01:12:21,64.4,80.0,126.31858208689464,43.0,40.87341772151899
850,2020-07-28 07:29:05,2020-07-28 08:01:15,46.4,76.8,124.00630482456141,39.48453608247423,37.02061855670103
851,2020-07-28 08:01:36,2020-07-28 08:30:06,76.8,97.6,126.80892140758549,40.86046511627907,38.325581395348834
852,2020-07-28 14:12:22,2020-07-28 14:39:32,62.4,80.0,127.33349013573232,43.0,41.61585365853659
853,2020-07-28 14:39:53,2020-07-28 15:07:43,80.4,97.6,127.52747843992256,43.0,42.0
854,2020-07-29 00:04:06,2020-07-29 00:33:36,44.4,72.4,123.06896354166665,43.09550561797753,40.60674157303371
855,2020-07-29 04:25:21,2020-07-29 04:57:31,34.8,54.4,123.08673469387755,42.53092783505155,39.345360824742265
856,2020-07-29 04:57:52,2020-07-29 05:25:32,54.8,71.2,126.52439024390239,43.59880239520958,40.0
857,2020-07-29 05:25:53,2020-07-29 05:56:03,71.6,89.6,125.69444444444444,43.0,40.0
858,2020-07-29 11:46:00,2020-07-29 12:05:10,56.8,74.8,124.83643132716054,41.23275862068966,39.37931034482759
859,2020-07-29 12:05:31,2020-07-29 12:35:41,74.8,97.6,126.05507955653023,42.0,40.0
860,2020-07-29 19:00:40,2020-07-29 19:30:10,41.6,61.2,124.84697392290252,42.31460674157304,40.18539325842696
861,2020-07-29 19:30:31,2020-07-29 20:04:21,61.6,84.0,125.36463368055561,43.0,41.0
862,2020-07-30 00:41:41,2020-07-30 01:09:41,66.0,82.8,124.52880009920636,40.0,37.0
863,2020-07-30 01:10:02,2020-07-30 01:34:52,83.2,97.6,128.95351186342597,40.0,37.0
864,2020-07-30 05:05:37,2020-07-30 05:36:37,79.2,97.6,126.35718583937204,37.13903743315508,35.0
865,2020-07-30 11:13:52,2020-07-30 11:45:52,62.8,90.8,125.5659810515873,39.461139896373055,37.7979274611399
866,2020-07-31 02:16:48,2020-07-31 02:34:08,27.6,43.6,127.05729288194445,37.57142857142857,35.523809523809526
867,2020-07-31 02:34:29,2020-07-31 03:01:49,44.0,70.4,121.48462573653195,40.07878787878788,38.15151515151515
868,2020-07-31 12:49:47,2020-07-31 13:17:27,26.0,53.6,123.92261916264088,37.80239520958084,34.880239520958085
869,2020-07-31 13:17:48,2020-07-31 13:46:48,54.0,83.2,122.76970638318114,40.691428571428574,37.76
870,2020-08-01 00:56:15,2020-08-01 01:56:02,34.8,89.6,124.35635887064073,36.25389755011136,34.30289532293987
871,2020-08-01 09:19:54,2020-08-01 09:47:44,46.8,73.2,123.59217629419193,35.541666666666664,33.54761904761905
872,2020-08-01 09:48:05,2020-08-01 10:17:15,73.2,96.0,123.90106639863552,36.86931818181818,34.88636363636363
873,2020-08-01 23:42:57,2020-08-02 00:02:27,22.4,40.8,124.14479272343,31.127118644067796,29.372881355932204
874,2020-08-02 00:02:48,2020-08-02 00:28:38,41.2,66.4,120.11135449735448,33.97435897435897,32.19230769230769
875,2020-08-02 00:28:59,2020-08-02 00:57:59,66.4,91.6,122.94258438051153,35.72,33.89714285714286
876,2020-08-02 17:27:51,2020-08-02 17:54:51,48.4,74.0,125.75141737196178,34.58895705521472,33.22699386503067
877,2020-08-02 17:55:12,2020-08-02 18:22:52,74.4,96.0,126.09441338734571,36.0,34.66467065868263
878,2020-08-03 01:48:04,2020-08-03 02:16:04,73.2,94.8,127.23187409979431,33.92307692307692,32.01183431952663
879,2020-08-03 18:28:00,2020-08-03 18:46:10,19.6,36.8,123.64908890503882,32.20909090909091,30.336363636363636
880,2020-08-03 18:46:31,2020-08-03 19:15:01,36.8,64.4,120.99237630837361,35.13953488372093,33.28488372093023
881,2020-08-03 19:15:22,2020-08-03 19:46:22,64.8,91.6,125.73435535862356,37.4331550802139,35.44385026737968
882,2020-08-04 02:03:12,2020-08-04 02:35:32,37.6,67.6,125.64119375000004,35.44102564102564,32.738461538461536
883,2020-08-04 02:35:53,2020-08-04 03:07:33,68.0,94.0,125.86058878205131,37.44502617801047,34.78010471204188
884,2020-08-04 12:37:52,2020-08-04 13:00:32,31.2,52.4,126.14060495283019,35.7007299270073,34.10948905109489
885,2020-08-04 13:16:16,2020-08-04 13:45:56,62.4,91.2,118.76013151041667,38.73184357541899,37.36312849162011
886,2020-08-04 23:39:46,2020-08-05 00:05:16,23.2,38.8,124.83174002849,35.68181818181818,33.77272727272727
887,2020-08-05 00:05:37,2020-08-05 00:33:37,38.8,56.0,121.8087896479328,37.46153846153846,35.455621301775146
888,2020-08-05 00:33:58,2020-08-05 01:05:18,56.4,74.4,124.82485362654316,38.65079365079365,36.0
889,2020-08-05 01:05:39,2020-08-05 01:33:19,74.8,89.6,128.85137387387385,39.0,36.0
890,2020-08-05 05:45:43,2020-08-05 06:11:33,31.6,56.0,123.34643334471768,36.91025641025641,33.92948717948718
891,2020-08-05 06:11:54,2020-08-05 06:40:04,56.0,82.4,124.38920838594277,38.88235294117647,35.870588235294115
892,2020-08-05 06:40:25,2020-08-05 07:02:35,82.8,97.6,129.33278810060062,39.059701492537314,36.0
893,2020-08-05 16:52:35,2020-08-05 17:11:45,47.6,65.6,127.21760902777785,34.06896551724138,31.396551724137932
894,2020-08-05 17:12:06,2020-08-05 17:38:06,66.0,89.6,125.31779702212809,35.48407643312102,32.71974522292994
895,2020-08-06 11:28:24,2020-08-06 11:55:44,39.2,65.2,123.50427136752135,33.23030303030303,31.727272727272727
896,2020-08-06 11:56:05,2020-08-06 12:22:55,65.6,89.6,125.86401585648149,35.54938271604938,34.160493827160494
897,2020-08-06 20:14:30,2020-08-06 20:46:20,46.8,76.0,126.43504171423139,38.369791666666664,36.369791666666664
898,2020-08-06 20:46:41,2020-08-06 21:14:51,76.4,97.2,125.95152096688037,39.82941176470588,37.90588235294118
899,2020-08-07 02:28:48,2020-08-07 02:55:08,61.6,86.0,125.74908310564665,38.9748427672956,35.9811320754717
900,2020-08-07 04:32:51,2020-08-07 04:58:01,66.0,89.6,122.01448281544258,39.66447368421053,36.67763157894737
901,2020-08-07 13:28:40,2020-08-07 13:48:30,28.4,46.8,125.6838748490338,36.56666666666667,35.166666666666664
902,2020-08-07 13:48:51,2020-08-07 14:14:21,47.2,71.6,121.86930214025504,38.72727272727273,37.357142857142854
903,2020-08-07 14:14:42,2020-08-07 14:45:02,71.6,95.6,125.81019728009257,40.0,38.0
904,2020-08-07 22:51:57,2020-08-07 23:23:57,13.2,34.4,125.97289583333335,40.26943005181347,38.1139896373057
905,2020-08-07 23:24:18,2020-08-07 23:57:38,34.4,57.2,121.90607462231966,42.14427860696517,39.701492537313435
906,2020-08-07 23:57:59,2020-08-08 00:31:19,57.2,79.6,124.11645430307546,43.43283582089552,41.0
907,2020-08-08 00:31:40,2020-08-08 01:00:10,80.0,97.6,129.19428393308084,44.0,41.0
908,2020-08-08 23:06:11,2020-08-08 23:25:21,4.0,22.0,125.104937191358,39.73275862068966,38.0
909,2020-08-08 23:25:42,2020-08-08 23:54:22,22.0,49.2,123.837827001634,40.8150289017341,39.213872832369944
910,2020-08-08 23:54:43,2020-08-09 00:23:33,49.6,76.8,124.55678114787585,43.666666666666664,41.82183908045977
911,2020-08-09 00:23:54,2020-08-09 00:54:14,77.2,97.6,129.61126606753817,44.84153005464481,43.0
912,2020-08-09 16:04:23,2020-08-09 16:38:13,30.4,51.2,123.40412126068372,40.71568627450981,39.10294117647059
913,2020-08-09 16:38:34,2020-08-09 17:06:34,51.6,68.4,121.67742336309522,42.62130177514793,40.94082840236686
914,2020-08-09 17:06:55,2020-08-09 17:35:45,68.4,84.8,123.60011974932259,43.0,41.6551724137931
915,2020-08-10 00:05:01,2020-08-10 00:32:51,31.6,60.8,123.30003748097415,43.51190476190476,40.63095238095238
916,2020-08-10 00:33:12,2020-08-10 00:57:32,61.2,83.2,126.12372575757576,45.0,42.0
917,2020-08-10 05:34:42,2020-08-10 06:01:02,56.0,80.0,126.68058726851856,40.0062893081761,36.9937106918239
918,2020-08-10 06:01:23,2020-08-10 06:26:13,80.4,97.6,128.69187072028433,40.4,37.0
919,2020-08-10 20:34:13,2020-08-10 21:01:13,42.4,67.6,124.40808664021168,40.2760736196319,39.030674846625764
920,2020-08-10 21:01:34,2020-08-10 21:32:44,68.0,93.6,126.20227088758685,42.1063829787234,40.75
921,2020-08-11 12:43:40,2020-08-11 14:13:44,41.6,97.6,125.71604501984129,38.82544378698225,37.55473372781065
922,2020-08-11 22:06:18,2020-08-11 22:39:28,50.0,81.2,123.78651006054129,40.51,38.28
923,2020-08-11 22:39:49,2020-08-11 23:03:29,81.2,97.6,127.68972146002717,41.08391608391609,39.0
924,2020-08-12 09:37:00,2020-08-12 10:08:30,64.4,91.6,125.16087392769614,36.88421052631579,34.32631578947368
925,2020-08-12 23:14:42,2020-08-12 23:40:22,31.2,46.8,123.67167984330487,32.116129032258065,30.516129032258064
926,2020-08-12 23:40:43,2020-08-13 00:11:03,47.2,66.0,121.27957771867615,33.775956284153004,32.43715846994535
927,2020-08-13 00:11:24,2020-08-13 00:43:14,66.4,85.6,124.62531698495378,34.848958333333336,33.0
928,2020-08-14 15:37:29,2020-08-14 18:08:31,8.0,97.6,124.56175458829367,34.78993821712268,33.48896734333628
929,2020-08-15 04:24:09,2020-08-15 04:44:09,21.2,39.6,126.49457820048309,34.54545454545455,32.760330578512395
930,2020-08-15 04:44:30,2020-08-15 05:10:40,40.0,64.4,124.75126519808744,37.36708860759494,35.56962025316456
931,2020-08-15 05:11:01,2020-08-15 05:38:31,64.8,89.6,124.97649003136202,39.21686746987952,37.33734939759036
932,2020-08-15 12:46:26,2020-08-15 13:33:32,56.4,92.8,125.39611176358365,35.72316384180791,33.24858757062147
933,2020-08-15 19:38:16,2020-08-15 19:59:46,52.4,72.4,126.00834958333328,37.33846153846154,35.61538461538461
934,2020-08-15 20:00:07,2020-08-15 20:25:47,72.8,93.6,124.90718703258548,38.0,36.593548387096774
935,2020-08-16 02:14:18,2020-08-16 02:33:38,68.0,86.4,123.65717195048309,38.452991452991455,36.205128205128204
936,2020-08-16 06:31:10,2020-08-16 07:00:40,38.4,66.0,124.78865640096618,38.46067415730337,35.640449438202246
937,2020-08-16 07:01:01,2020-08-16 07:32:01,66.4,92.8,126.11901052188557,40.0,37.4331550802139
938,2020-08-16 14:45:41,2020-08-16 15:19:01,32.8,53.2,122.6736235702614,39.39303482587065,38.124378109452735
939,2020-08-16 15:19:22,2020-08-16 15:49:02,53.2,71.6,120.92542285628025,40.84357541899441,39.0
940,2020-08-16 15:49:23,2020-08-16 16:18:53,71.6,89.2,125.71180571338378,41.0,39.0
941,2020-08-17 06:06:10,2020-08-17 06:31:50,23.2,30.8,126.65387518274851,32.44516129032258,31.0
942,2020-08-17 06:32:11,2020-08-17 07:05:31,30.8,40.8,125.00000000000004,33.0,31.35820895522388
943,2020-08-17 07:05:52,2020-08-17 07:37:02,40.8,51.2,112.37980769230762,33.56382978723404,32.0
944,2020-08-17 07:37:23,2020-08-17 08:06:13,51.2,60.4,117.52717391304353,34.0,32.804597701149426
945,2020-08-17 08:06:34,2020-08-17 08:36:14,60.8,70.0,120.92391304347822,34.0,32.212290502793294
946,2020-08-17 08:36:35,2020-08-17 09:07:45,70.0,79.6,121.74479166666674,34.0,32.0
947,2020-08-17 09:08:06,2020-08-17 09:38:26,79.6,88.4,129.26136363636346,34.0,32.0
948,2020-08-17 09:38:47,2020-08-17 10:04:57,88.4,96.0,129.11184210526326,34.0,32.0
949,2020-08-17 16:34:53,2020-08-17 18:01:12,46.4,97.6,126.41004470486112,37.14969135802469,35.73148148148148
950,2020-08-18 00:55:52,2020-08-18 01:25:02,57.6,84.4,126.44177155887226,36.84659090909091,35.3125
951,2020-08-18 03:49:08,2020-08-18 04:09:38,70.8,89.6,124.5257152039007,37.653225806451616,35.0
952,2020-08-18 16:43:42,2020-08-18 17:11:32,16.8,31.6,125.13604964339339,37.06547619047619,35.285714285714285
953,2020-08-18 17:11:53,2020-08-18 17:44:43,31.6,49.2,124.1650680239899,38.42929292929293,36.601010101010104
954,2020-08-18 17:45:04,2020-08-18 18:10:04,49.6,63.2,122.30696109068624,39.72185430463576,37.95364238410596
955,2020-08-18 18:10:25,2020-08-18 18:46:25,63.6,82.8,124.77355953414357,40.0,38.0
956,2020-08-18 18:46:46,2020-08-18 19:15:06,82.8,97.6,127.39768721846849,40.0,38.0
957,2020-08-19 03:44:10,2020-08-19 05:27:42,5.6,97.6,123.9956712696256,38.85842985842986,35.46460746460747
958,2020-08-19 16:53:49,2020-08-19 17:30:09,22.0,56.0,124.49794489379084,32.73972602739726,30.54337899543379
959,2020-08-19 17:30:30,2020-08-19 17:59:20,56.4,83.6,123.47834211601312,35.95977011494253,33.63793103448276
960,2020-08-19 17:59:41,2020-08-19 18:22:11,83.6,97.6,126.49307817460318,37.0,34.0
961,2020-08-20 06:42:26,2020-08-20 07:41:56,20.4,76.4,123.93532120039681,33.8255033557047,32.29530201342282
962,2020-08-20 07:42:15,2020-08-20 08:11:05,76.8,97.6,128.26343682558763,36.89861751152074,35.0
963,2020-08-21 11:05:19,2020-08-21 11:55:37,39.2,86.0,125.18103476970563,32.68518518518518,31.833333333333332
964,2020-08-21 22:17:44,2020-08-21 22:43:24,36.0,60.0,124.45083234953704,36.729032258064514,35.15483870967742
965,2020-08-21 22:43:45,2020-08-21 23:10:55,60.4,85.6,125.48943033509707,38.77439024390244,37.30487804878049
966,2020-08-21 23:11:16,2020-08-21 23:30:16,86.0,97.6,130.25026388888898,39.54782608695652,38.0
967,2020-08-22 04:59:01,2020-08-22 05:28:51,66.8,92.8,125.75642077991454,38.077777777777776,35.71111111111111
968,2020-08-22 14:43:04,2020-08-22 15:10:14,33.2,58.8,125.24037255859383,41.01829268292683,38.84146341463415
969,2020-08-22 15:10:35,2020-08-22 15:42:25,59.2,88.8,125.72213668355863,43.4375,41.442708333333336
970,2020-08-23 01:33:54,2020-08-23 01:59:34,36.0,60.0,124.7685185185185,35.78709677419355,32.961290322580645
971,2020-08-23 01:59:55,2020-08-23 02:30:25,60.4,88.4,125.91865461309521,37.69021739130435,34.891304347826086
972,2020-08-23 05:44:07,2020-08-23 06:46:34,60.8,97.6,127.0815023097826,36.0,33.0
973,2020-08-23 16:53:44,2020-08-23 18:21:00,22.0,97.6,125.52349015468845,41.990839694656486,40.02900763358779
974,2020-08-24 13:44:22,2020-08-24 14:12:22,48.8,64.8,128.59810043402777,38.79289940828402,37.23076923076923
975,2020-08-24 14:12:43,2020-08-24 14:41:13,65.2,81.2,125.7369987847222,39.63953488372093,38.0
976,2020-08-24 14:41:34,2020-08-24 15:07:04,81.2,94.8,127.67158537581705,40.0,38.44805194805195
977,2020-08-24 18:39:10,2020-08-24 19:02:10,68.8,82.4,126.83823529411757,41.12230215827338,40.0
978,2020-08-25 04:23:41,2020-08-25 04:52:41,45.6,72.8,124.45159936683008,37.40571428571429,35.57142857142857
979,2020-08-25 04:53:02,2020-08-25 05:17:22,73.2,93.2,125.02014972222221,38.91156462585034,37.0
980,2020-08-25 13:52:25,2020-08-25 14:21:55,49.6,78.8,127.02482415334855,40.657303370786515,39.168539325842694
981,2020-08-25 14:22:16,2020-08-25 14:48:02,79.2,97.6,127.97902216183583,42.0,40.27215189873418
982,2020-08-26 10:24:11,2020-08-26 10:53:01,44.4,53.2,122.49063857323223,34.39080459770115,33.0919540229885
983,2020-08-26 10:53:22,2020-08-26 11:24:22,53.2,62.4,125.24769323671501,35.0,34.0
984,2020-08-26 11:24:43,2020-08-26 11:53:53,62.4,71.2,123.18508522727262,35.0,33.08522727272727
985,2020-08-26 11:54:14,2020-08-26 12:22:54,71.2,80.0,121.07334090909092,35.0,33.0
986,2020-08-26 12:23:15,2020-08-26 12:58:01,80.0,90.0,129.30397844444443,35.0,33.0
987,2020-08-26 12:58:22,2020-08-26 13:24:52,90.4,97.6,136.85195717592612,35.0,33.0
988,2020-08-26 21:05:57,2020-08-26 21:24:27,29.2,41.2,127.80559212962963,33.982142857142854,30.758928571428573
989,2020-08-26 21:24:48,2020-08-26 21:53:58,41.6,61.2,123.54949241780047,35.47159090909091,32.40909090909091
990,2020-08-26 22:02:29,2020-08-26 22:25:09,62.0,79.2,109.47594759366923,36.0,33.0
991,2020-08-26 22:25:30,2020-08-26 22:52:50,79.2,96.8,125.24226870265159,36.0,33.624242424242425
992,2020-08-27 01:40:29,2020-08-27 01:57:29,87.6,97.6,128.36248819444444,35.0,32.0
993,2020-08-27 09:10:50,2020-08-27 09:39:50,37.2,60.4,123.77036607998089,36.182857142857145,33.72571428571428
994,2020-08-27 09:40:11,2020-08-27 10:11:01,60.8,84.0,124.70068510536396,37.89784946236559,35.03763440860215
995,2020-08-27 10:11:22,2020-08-27 10:33:12,84.4,97.6,130.37566298400685,38.0,36.0
996,2020-08-27 16:36:08,2020-08-27 17:06:38,74.4,97.6,126.43978376436786,39.0,37.71739130434783
997,2020-08-28 02:11:55,2020-08-28 02:52:02,13.2,51.6,124.46469614438655,40.24691358024691,37.84362139917695
998,2020-08-28 02:52:23,2020-08-28 03:23:03,51.6,81.2,123.41028021771771,43.64324324324324,41.178378378378376
999,2020-08-28 03:23:24,2020-08-28 03:46:44,81.6,97.6,129.00349166666666,44.0,42.0
1000,2020-08-28 16:17:23,2020-08-28 16:36:23,11.2,21.6,122.00323557692305,40.391304347826086,39.0
1001,2020-08-28 16:36:44,2020-08-28 17:04:14,21.6,36.4,124.25678772522524,40.674698795180724,39.373493975903614
1002,2020-08-28 17:04:35,2020-08-28 17:35:15,36.4,53.2,122.00234523809519,42.25945945945946,40.75675675675676
1003,2020-08-28 17:35:36,2020-08-28 18:02:26,53.6,68.0,124.7367208719136,43.04320987654321,42.0
1004,2020-08-28 18:02:47,2020-08-28 18:32:07,68.4,84.0,125.7719330484331,44.0,42.0
1005,2020-08-29 02:16:42,2020-08-29 02:39:32,27.2,48.4,125.42453288784068,38.48550724637681,35.92028985507246
1006,2020-08-29 02:39:53,2020-08-29 03:03:43,48.8,71.2,123.91679619295633,40.708333333333336,38.416666666666664
1007,2020-08-29 03:04:04,2020-08-29 03:38:28,71.2,97.6,127.0910259995792,41.9375,39.01923076923077
1008,2020-08-29 14:40:30,2020-08-29 15:05:50,34.0,58.0,123.02025920138891,39.88235294117647,38.06535947712418
1009,2020-08-29 15:06:11,2020-08-29 15:33:41,58.4,84.0,125.1660183376736,41.933734939759034,40.04819277108434
1010,2020-08-29 21:57:11,2020-08-29 22:53:05,44.0,88.4,125.56711028841339,40.15238095238095,37.71904761904762
1011,2020-08-30 14:25:01,2020-08-30 15:49:05,8.0,75.6,124.17297375698556,40.122028526148966,38.76228209191759
1012,2020-08-30 18:38:48,2020-08-30 19:10:09,50.8,75.6,126.44988020273298,42.80508474576271,41.0
1013,2020-08-31 10:56:23,2020-08-31 11:24:23,26.0,52.8,122.93326741293535,35.72781065088758,34.67455621301775
1014,2020-08-31 11:24:44,2020-08-31 11:52:14,53.2,79.6,122.67205018939397,38.71686746987952,37.644578313253014
1015,2020-08-31 18:14:38,2020-08-31 19:04:24,44.4,84.0,125.60013302118406,39.54545454545455,37.6764705882353
1016,2020-09-01 01:22:03,2020-09-01 01:49:43,18.8,44.4,125.71400933159727,38.73053892215569,36.2814371257485
1017,2020-09-01 01:50:04,2020-09-01 02:21:44,44.8,74.8,122.80558462962962,41.80104712041885,39.324607329842934
1018,2020-09-01 13:40:25,2020-09-01 14:01:45,18.4,38.4,124.54237006944444,38.89147286821706,37.53488372093023
1019,2020-09-01 14:02:06,2020-09-01 14:29:16,38.8,64.8,121.94979102564103,41.829268292682926,40.44512195121951
1020,2020-09-01 14:29:37,2020-09-01 14:55:27,64.8,88.8,123.47280555555555,43.69871794871795,42.30128205128205
1021,2020-09-01 18:07:54,2020-09-01 18:47:33,64.4,76.4,124.34704581018524,43.0,41.0
1022,2020-09-01 21:28:33,2020-09-01 21:50:53,53.2,74.0,125.52352103365385,40.8962962962963,37.785185185185185
1023,2020-09-01 21:51:14,2020-09-01 22:15:54,74.0,94.0,124.45071340277782,41.53691275167785,38.18791946308725
1024,2020-09-02 14:44:35,2020-09-02 15:13:05,22.0,48.8,123.73395942164184,41.16279069767442,38.97674418604651
1025,2020-09-02 15:13:26,2020-09-02 15:44:06,49.2,78.0,123.2711521990741,44.037837837837834,42.07027027027027
1026,2020-09-02 23:13:47,2020-09-02 23:40:37,43.2,68.4,124.10713381834215,42.074074074074076,40.05555555555556
1027,2020-09-02 23:40:58,2020-09-03 00:04:18,68.4,89.6,123.88298598008392,43.276595744680854,41.04255319148936
1028,2020-09-03 08:51:19,2020-09-03 09:12:29,51.2,67.2,127.63803454861117,36.1640625,34.140625
1029,2020-09-03 09:12:50,2020-09-03 09:44:00,67.6,90.0,126.6505607018849,37.0,35.0
1030,2020-09-03 23:02:44,2020-09-03 23:29:14,4.4,29.6,125.0914880952381,41.3875,39.9125
1031,2020-09-03 23:29:35,2020-09-03 23:57:15,30.0,56.0,125.74200972222225,43.69461077844311,41.868263473053894
1032,2020-09-03 23:57:36,2020-09-04 00:28:26,56.4,84.8,124.56818867370893,46.18279569892473,44.284946236559136
1033,2020-09-04 00:28:47,2020-09-04 00:50:27,84.8,97.6,128.31166232638893,46.87786259541985,44.11450381679389
1034,2020-09-04 06:03:36,2020-09-04 06:31:56,58.8,85.2,126.70876978114478,42.953216374269005,39.83625730994152
1035,2020-09-04 06:32:17,2020-09-04 06:51:07,85.6,97.6,129.1053107638889,43.0,40.0
1036,2020-09-04 14:22:46,2020-09-04 14:49:51,64.4,86.0,124.99821311728397,39.0,36.995098039215684
1037,2020-09-04 18:36:58,2020-09-04 19:03:38,58.4,83.2,126.89797367831541,39.546583850931675,37.4472049689441
1038,2020-09-05 01:04:06,2020-09-05 01:32:46,43.6,70.8,122.93811080473857,37.49132947976879,35.358381502890175
1039,2020-09-05 01:33:07,2020-09-05 02:03:57,71.2,95.6,126.16462551229515,38.88709677419355,36.76881720430107
1040,2020-09-06 13:08:31,2020-09-06 13:32:11,22.4,44.8,124.53189118303571,35.23076923076923,33.7972027972028
1041,2020-09-06 13:32:32,2020-09-06 14:02:02,45.2,73.6,122.4207943075118,38.258426966292134,36.60112359550562
1042,2020-09-06 14:02:23,2020-09-06 14:32:03,74.0,96.8,125.87904026559458,39.18994413407821,37.76536312849162
1043,2020-09-07 00:50:57,2020-09-07 01:08:27,21.6,37.6,127.54774574652778,36.801886792452834,34.905660377358494
1044,2020-09-07 01:08:48,2020-09-07 01:34:58,38.0,63.2,121.11001157407406,39.335443037974684,37.462025316455694
1045,2020-09-07 01:35:19,2020-09-07 01:57:39,63.6,84.4,125.20566880341877,41.02962962962963,39.0
1046,2020-09-07 09:46:28,2020-09-07 10:07:28,11.6,31.2,125.50456186224493,35.92125984251968,33.01574803149607
1047,2020-09-07 10:07:49,2020-09-07 10:34:39,31.6,57.2,122.880331108941,38.117283950617285,35.2962962962963
1048,2020-09-07 11:03:01,2020-09-07 11:30:11,80.0,97.6,125.84123019255055,41.0,38.0
1049,2020-09-07 17:32:23,2020-09-07 17:49:23,69.2,85.2,123.8272466145833,39.0,37.09708737864078
1050,2020-09-07 17:50:04,2020-09-07 18:08:44,85.6,97.6,127.22456608796297,39.15929203539823,37.26548672566372
1051,2020-09-08 01:14:34,2020-09-08 01:35:34,42.8,62.4,124.98229350907033,36.37007874015748,33.811023622047244
1052,2020-09-08 01:35:55,2020-09-08 02:06:45,62.8,90.0,126.26023100490195,37.87096774193548,35.435483870967744
1053,2020-09-08 05:48:19,2020-09-08 06:16:09,69.6,92.8,126.02849592911876,35.970238095238095,32.779761904761905
1054,2020-09-08 16:30:45,2020-09-08 17:01:25,43.2,72.0,124.02055039544754,35.15135135135135,33.270270270270274
1055,2020-09-08 17:01:46,2020-09-08 17:33:36,72.4,96.8,126.4424077868853,36.838541666666664,34.90625
1056,2020-09-09 01:22:53,2020-09-09 01:51:03,47.6,73.6,126.35897649572654,35.588235294117645,33.45882352941177
1057,2020-09-09 01:51:24,2020-09-09 02:15:24,74.0,93.2,125.56207103587963,36.97931034482759,34.779310344827586
1058,2020-09-09 06:43:41,2020-09-09 07:05:01,44.4,64.4,125.50001347222215,37.07751937984496,33.736434108527135
1059,2020-09-09 07:05:22,2020-09-09 07:31:52,64.8,88.8,126.75001672453705,38.30625,35.1125
1060,2020-09-09 22:42:15,2020-09-10 00:20:51,15.2,92.8,124.69881913480816,36.51081081081081,34.383783783783784
1061,2020-09-10 06:25:35,2020-09-10 06:53:45,48.8,63.6,124.5673788851351,35.71176470588235,32.94117647058823
1062,2020-09-10 06:54:06,2020-09-10 07:22:36,63.6,78.8,124.97806798245618,36.0,33.383720930232556
1063,2020-09-10 07:22:57,2020-09-10 07:54:57,78.8,96.0,123.99385933462533,36.0,34.0
1064,2020-09-10 17:45:45,2020-09-10 18:06:35,52.4,72.0,123.98525850340134,39.57936507936508,37.42857142857143
1065,2020-09-10 18:06:56,2020-09-10 18:35:56,72.0,95.2,124.23192828065133,40.097142857142856,38.05714285714286
1066,2020-09-11 02:56:33,2020-09-11 03:20:23,32.4,54.8,122.60108420138889,39.298611111111114,36.895833333333336
1067,2020-09-11 03:20:44,2020-09-11 03:51:04,55.2,83.6,123.0355224960877,41.47540983606557,38.923497267759565
1068,2020-09-11 03:51:25,2020-09-11 04:12:35,84.0,97.6,129.93159865196085,42.0,39.296875
1069,2020-09-11 17:00:50,2020-09-11 18:20:05,13.6,88.0,123.9095378098865,41.00840336134454,38.70420168067227
1070,2020-09-12 03:00:03,2020-09-12 03:31:03,20.4,49.2,125.64622550154319,35.50802139037433,31.93582887700535
1071,2020-09-12 03:31:24,2020-09-12 03:58:54,49.6,75.6,123.39957596153852,38.45783132530121,34.72289156626506
1072,2020-09-12 03:59:15,2020-09-12 04:26:15,76.0,96.4,125.97291503267971,39.0,35.95705521472393
1073,2020-09-12 16:46:19,2020-09-12 17:17:29,18.8,48.0,124.74744453957385,36.83510638297872,34.86702127659574
1074,2020-09-12 17:17:50,2020-09-12 17:46:50,48.4,76.0,122.76973832528179,39.714285714285715,37.66285714285714
1075,2020-09-12 17:47:11,2020-09-12 18:17:41,76.4,97.6,126.36597182914053,40.85326086956522,38.0
1076,2020-09-13 19:28:30,2020-09-13 20:00:40,39.2,70.0,121.7343127705628,35.50515463917526,34.43298969072165
1077,2020-09-13 20:01:01,2020-09-13 20:27:11,70.4,92.0,123.86060776748975,37.5126582278481,36.12658227848101
1078,2020-09-14 02:48:36,2020-09-14 03:15:56,53.6,70.0,125.27780555555559,36.0,33.86666666666667
1079,2020-09-14 03:16:17,2020-09-14 03:47:47,70.0,88.8,125.94417686170216,36.0,34.0
1080,2020-09-14 07:01:55,2020-09-14 07:21:25,86.0,97.6,125.7962120450192,37.0,34.0
1081,2020-09-14 16:08:33,2020-09-14 16:30:53,41.2,56.4,122.45065880847956,36.54074074074074,34.56296296296296
1082,2020-09-14 16:31:14,2020-09-14 16:59:24,56.4,75.2,124.85372355200943,37.94117647058823,35.93529411764706
1083,2020-09-14 16:59:45,2020-09-14 17:29:45,75.6,94.8,126.71369965277779,38.16574585635359,36.24309392265194
1084,2020-09-15 10:23:17,2020-09-15 11:32:40,40.4,97.6,125.07011110625487,33.55470249520153,32.159309021113245
1085,2020-09-15 17:52:59,2020-09-15 18:21:29,48.0,74.4,125.6855060500842,33.94767441860465,31.598837209302324
1086,2020-09-15 18:21:50,2020-09-15 18:51:10,74.8,96.8,124.93119141414142,35.0,32.92655367231639
1087,2020-09-16 20:06:52,2020-09-16 22:36:27,6.4,97.6,122.73836442799708,36.44919786096256,35.0873440285205
1088,2020-09-17 05:50:22,2020-09-17 06:16:02,42.8,67.2,123.028252106102,35.66451612903226,33.38709677419355
1089,2020-09-17 06:16:23,2020-09-17 06:45:53,67.6,92.8,123.38570392416226,37.12921348314607,34.89887640449438
1090,2020-09-17 19:42:26,2020-09-17 20:03:46,8.8,29.2,122.03567851307189,36.27131782945737,33.968992248062015
1091,2020-09-17 20:04:07,2020-09-17 20:35:17,29.6,59.6,121.19999962962962,38.72872340425532,36.33510638297872
1092,2020-09-17 20:35:38,2020-09-17 21:08:28,59.6,89.6,123.49861138888893,41.27777777777778,38.64141414141414
1093,2020-09-18 14:17:26,2020-09-18 14:46:16,55.6,82.8,123.62744648692812,37.258620689655174,35.93103448275862
1094,2020-09-18 14:46:37,2020-09-18 15:08:37,83.2,97.6,127.43057513503094,38.0,37.0
1095,2020-09-19 00:21:49,2020-09-19 00:43:49,24.8,39.6,123.86636561561562,32.43609022556391,30.150375939849624
1096,2020-09-19 01:13:01,2020-09-19 01:42:31,55.2,72.4,123.71690641149868,35.02247191011236,33.0
1097,2020-09-19 01:42:52,2020-09-19 02:11:32,72.4,88.8,121.25510323509492,36.0,33.0
1098,2020-09-19 02:11:53,2020-09-19 02:30:03,88.8,97.6,127.37060890151514,36.0,33.91818181818182
1099,2020-09-19 06:22:56,2020-09-19 06:55:56,60.0,77.6,124.93607315340911,33.0,30.4321608040201
1100,2020-09-19 16:45:33,2020-09-19 17:09:53,10.0,25.2,120.33262883771931,33.0,30.959183673469386
1101,2020-09-19 20:03:04,2020-09-19 20:37:41,47.6,69.2,120.69048452932101,34.813397129186605,32.866028708133975
1102,2020-09-19 20:38:02,2020-09-19 21:05:42,69.6,86.4,124.05922056878298,35.7185628742515,33.868263473053894
1103,2020-09-19 21:06:03,2020-09-19 21:29:43,86.4,97.6,124.36632403273822,36.0,34.0
1104,2020-09-20 05:03:14,2020-09-20 05:38:34,65.6,94.4,124.60938372878081,34.624413145539904,32.521126760563384
1105,2020-09-20 17:31:44,2020-09-20 18:01:24,15.6,34.0,120.93070720108699,36.391061452513966,34.90502793296089
1106,2020-09-20 18:01:45,2020-09-20 18:31:45,34.0,52.8,119.68085106382979,38.12707182320442,36.46408839779006
1107,2020-09-20 18:32:06,2020-09-20 19:00:56,52.8,70.8,120.13888888888889,39.695402298850574,37.91379310344828
1108,2020-09-20 19:01:17,2020-09-20 19:29:17,71.2,88.0,125.00000000000003,40.0,38.0
1109,2020-09-21 16:56:44,2020-09-21 19:29:30,4.8,97.6,123.29670039511494,39.43891797556719,37.710296684118674
1110,2020-09-22 15:35:57,2020-09-22 16:03:37,24.8,45.6,121.70805809294873,36.56287425149701,34.56287425149701
1111,2020-09-22 16:03:58,2020-09-22 16:54:52,45.6,84.4,120.0415154925544,39.01628664495114,37.02605863192182
1112,2020-09-22 16:55:13,2020-09-22 17:14:33,84.8,96.8,128.5636773148148,40.0,38.0
1113,2020-09-23 00:02:38,2020-09-23 00:26:05,66.4,80.8,121.86397748842599,36.0,33.74647887323944
1114,2020-09-23 06:14:14,2020-09-23 06:33:34,50.8,62.8,121.10535092592593,34.26495726495727,32.0
1115,2020-09-23 06:33:55,2020-09-23 07:00:05,62.8,78.8,122.9288467013889,35.0,32.98101265822785
1116,2020-09-23 10:10:56,2020-09-23 10:37:46,78.0,97.6,124.93907334183677,36.0,33.91358024691358
1117,2020-09-23 17:37:26,2020-09-23 18:03:36,60.4,85.2,123.9583372535842,35.81012658227848,32.93037974683544
1118,2020-09-23 18:03:57,2020-09-23 18:22:57,85.6,97.6,127.3136891203704,36.0,33.61739130434783
1119,2020-09-24 02:12:50,2020-09-24 02:44:10,50.4,72.0,122.76946212705764,33.857142857142854,31.375661375661377
1120,2020-09-24 02:44:31,2020-09-24 03:14:51,72.0,92.4,123.4457149373638,34.595628415300546,32.0
1121,2020-09-24 07:32:36,2020-09-24 07:51:16,76.8,92.4,120.78260514601133,33.11504424778761,30.902654867256636
1122,2020-09-24 18:36:44,2020-09-24 19:07:24,25.2,46.0,122.37584922542737,33.97837837837838,32.65945945945946
1123,2020-09-24 19:07:45,2020-09-24 19:39:05,46.4,68.0,120.40128292181072,36.19047619047619,34.67195767195767
1124,2020-09-24 19:39:26,2020-09-24 20:10:36,68.4,89.2,124.36703712606845,37.0,35.0
1125,2020-09-25 02:56:34,2020-09-25 03:22:04,64.0,88.0,124.02026082175925,35.53896103896104,33.02597402597402
1126,2020-09-25 12:07:03,2020-09-25 12:29:53,50.0,71.2,125.52213318920333,34.17391304347826,32.76086956521739
1127,2020-09-25 12:30:14,2020-09-25 12:57:44,71.6,94.0,122.87450105406744,35.54819277108434,34.066265060240966
1128,2020-09-25 23:52:40,2020-09-26 01:03:55,32.8,88.8,122.07796336805556,36.23177570093458,34.23177570093458
1129,2020-09-26 05:35:07,2020-09-26 06:19:17,55.2,88.8,123.57470602265212,35.59036144578313,32.93975903614458
1130,2020-09-26 18:12:44,2020-09-26 18:39:24,31.2,56.8,120.14541742621532,34.30434782608695,32.40372670807454
1131,2020-09-26 18:57:07,2020-09-26 19:30:37,72.4,97.6,125.01931531084666,37.28217821782178,35.054455445544555
1132,2020-09-27 01:00:15,2020-09-27 01:36:56,54.8,88.8,122.99265529411767,33.518115942028984,30.13768115942029
1133,2020-09-27 14:37:54,2020-09-27 15:01:24,36.0,43.2,122.79712233796292,29.35211267605634,28.169014084507044
1134,2020-09-27 15:01:45,2020-09-27 15:28:05,43.2,51.6,118.11182473544977,30.150943396226417,29.0
1135,2020-09-27 15:28:26,2020-09-27 15:56:36,51.6,60.8,115.38199547101455,31.0,29.976470588235294
1136,2020-09-27 15:56:57,2020-09-27 16:24:57,60.8,69.6,120.18155555555559,31.0,30.0
1137,2020-09-27 16:25:18,2020-09-27 16:55:08,69.6,78.8,122.55289221014489,31.905555555555555,30.072222222222223
1138,2020-09-27 16:55:29,2020-09-27 17:25:29,78.8,88.0,122.9650301932367,32.0,31.0
1139,2020-09-28 01:36:00,2020-09-28 02:02:00,10.8,26.8,121.63105199652777,31.0,29.0
1140,2020-09-28 02:02:21,2020-09-28 02:34:41,26.8,46.8,120.98052861111111,32.11794871794872,30.21025641025641
1141,2020-09-28 02:35:02,2020-09-28 03:04:32,46.8,65.6,117.42461923758863,33.98876404494382,32.23033707865169
1142,2020-09-28 03:04:53,2020-09-28 03:40:23,65.6,87.2,122.98994174382709,35.0,33.0
1143,2020-09-28 18:55:44,2020-09-28 19:25:24,21.2,49.6,121.76153961267606,33.93296089385475,32.391061452513966
1144,2020-09-28 19:25:45,2020-09-28 19:53:35,50.0,76.8,121.01420164800997,36.857142857142854,35.404761904761905
1145,2020-09-28 19:53:56,2020-09-28 20:22:06,77.2,97.6,125.67607979302839,38.0,36.0
1146,2020-09-29 01:40:47,2020-09-29 02:10:37,67.6,84.4,122.09657399140205,35.0,32.0
1147,2020-09-29 02:10:58,2020-09-29 02:35:48,84.4,97.6,124.63491266835027,35.0,32.48
1148,2020-09-29 12:50:03,2020-09-29 13:10:20,27.6,44.0,122.96469905995934,33.42483660130719,31.862745098039216
1149,2020-09-29 13:12:44,2020-09-29 14:00:06,44.0,80.8,122.93381408137078,36.092696629213485,34.46629213483146
1150,2020-09-30 04:34:49,2020-09-30 05:10:37,51.6,79.6,121.98384178571433,32.15277777777778,31.185185185185187
1151,2020-09-30 05:10:58,2020-09-30 05:37:58,80.0,97.6,125.58162665719703,33.03680981595092,32.1840490797546
1152,2020-09-30 14:37:53,2020-09-30 14:58:23,37.6,54.0,121.85807867547425,33.99193548387097,32.266129032258064
1153,2020-09-30 14:58:44,2020-09-30 15:26:44,54.0,76.0,120.70203415404039,35.72781065088758,33.88165680473373
1154,2020-09-30 15:41:15,2020-09-30 15:59:35,84.8,96.4,124.54743211206885,36.1981981981982,34.972972972972975
1155,2020-09-30 22:12:56,2020-09-30 22:37:48,57.6,81.2,123.17592080979284,34.20779220779221,31.98051948051948
1156,2020-09-30 22:38:09,2020-09-30 23:01:49,81.2,97.6,124.77473856707324,35.0,33.0
1157,2020-10-02 00:11:19,2020-10-02 01:41:47,6.4,90.4,122.94787540839948,35.03976435935199,33.123711340206185
1158,2020-10-03 08:28:40,2020-10-03 08:57:50,57.2,84.8,123.03845098631245,33.15909090909091,32.48295454545455
1159,2020-10-03 08:58:11,2020-10-03 09:18:21,85.2,97.6,128.9057204301076,34.0,33.0
1160,2020-10-03 23:35:36,2020-10-03 23:57:56,31.6,53.2,120.52982664609051,34.851851851851855,33.58518518518518
1161,2020-10-03 23:58:17,2020-10-04 00:27:57,53.6,82.0,121.71507604655713,37.44134078212291,36.01675977653631
1162,2020-10-04 00:28:18,2020-10-04 00:46:48,82.4,95.2,126.9162535807292,38.0,37.0
1163,2020-10-04 04:16:26,2020-10-04 04:35:46,61.6,73.6,124.58217557870374,36.0,34.0
1164,2020-10-04 04:36:07,2020-10-04 05:11:17,74.0,96.0,124.90721199494953,36.0,34.0
1165,2020-10-04 16:38:01,2020-10-04 17:08:51,41.6,62.8,120.95778498427671,37.806451612903224,36.204301075268816
1166,2020-10-04 17:09:12,2020-10-04 17:37:12,62.8,82.0,121.28469791666663,39.0,37.52662721893491
1167,2020-10-04 17:37:33,2020-10-04 17:58:23,82.0,95.2,124.84322011784508,39.0,38.0
1168,2020-10-05 05:37:39,2020-10-05 06:01:59,33.6,48.8,120.10418932748543,33.8843537414966,31.53061224489796
1169,2020-10-05 06:02:20,2020-10-05 06:35:10,48.8,68.8,118.65904618055558,35.58080808080808,32.93434343434343
1170,2020-10-05 06:35:31,2020-10-05 07:02:41,69.2,84.4,123.85966620979532,36.0,33.03658536585366
1171,2020-10-05 07:03:02,2020-10-05 07:27:22,84.8,97.6,127.23526855468754,36.0,34.0
1172,2020-10-05 19:12:37,2020-10-05 19:36:07,13.6,35.6,124.55871710858588,34.556338028169016,33.15492957746479
1173,2020-10-05 19:36:28,2020-10-05 19:57:48,36.0,56.8,119.56931203258547,37.054263565891475,35.434108527131784
1174,2020-10-05 19:58:12,2020-10-05 20:15:02,57.2,73.2,122.64149548611113,38.931372549019606,37.18627450980392
1175,2020-10-05 20:15:23,2020-10-05 20:38:53,73.6,92.8,123.88238831018516,39.66197183098591,38.0
1176,2020-10-06 12:13:34,2020-10-06 12:43:24,44.8,73.6,120.88542457561731,33.083333333333336,31.52777777777778
1177,2020-10-06 12:43:45,2020-10-06 13:12:15,74.0,96.0,125.36743680555557,34.70348837209303,33.0
1178,2020-10-07 08:03:49,2020-10-07 09:56:41,28.0,97.6,122.86982416187742,30.33884297520661,29.094451003541913
1179,2020-10-07 16:01:14,2020-10-07 16:23:44,58.0,73.2,122.46438971125728,31.566176470588236,30.0
1180,2020-10-07 16:24:25,2020-10-07 17:01:05,73.6,97.2,123.71942325800376,32.081447963800905,30.84162895927602
1181,2020-10-08 13:39:43,2020-10-08 14:10:13,45.2,66.4,120.9813833857442,28.380434782608695,27.244565217391305
1182,2020-10-08 14:10:34,2020-10-08 14:42:14,66.8,88.4,123.32368139146088,29.81675392670157,28.67539267015707
1183,2020-10-10 02:00:30,2020-10-10 02:29:30,27.6,44.0,120.53858841463419,29.81142857142857,27.78857142857143
1184,2020-10-10 02:29:51,2020-10-10 03:02:31,44.0,63.2,115.97798090277776,31.65482233502538,29.6751269035533
1185,2020-10-10 03:02:52,2020-10-10 03:30:32,63.6,79.2,120.89206499287751,32.49101796407186,30.87425149700599
1186,2020-10-10 11:54:19,2020-10-10 12:28:59,32.8,51.6,121.11923745567374,29.84688995215311,28.598086124401913
1187,2020-10-10 12:29:20,2020-10-10 12:55:00,51.6,66.0,118.81365605709877,31.64516129032258,30.0
1188,2020-10-10 12:55:21,2020-10-10 13:25:41,66.4,82.8,123.29437550813014,32.0,30.901639344262296
1189,2020-10-10 13:26:02,2020-10-10 13:53:42,83.2,97.6,128.05169405864206,32.56287425149701,31.0
1190,2020-10-11 01:43:30,2020-10-11 02:02:20,39.2,49.2,121.91247755555557,32.228070175438596,30.32456140350877
1191,2020-10-11 02:02:41,2020-10-11 02:35:11,49.2,67.2,120.10336836419751,33.474489795918366,31.617346938775512
1192,2020-10-11 13:01:20,2020-10-11 13:35:20,37.6,56.4,120.26592730496452,32.22439024390244,30.814634146341465
1193,2020-10-11 13:35:41,2020-10-11 14:00:51,56.8,70.8,119.54163670634921,33.31578947368421,32.0
1194,2020-10-11 14:01:12,2020-10-11 14:30:42,70.8,86.8,122.6032697048611,34.0,32.764044943820224
1195,2020-10-11 14:31:03,2020-10-11 14:51:43,86.8,97.6,127.23762705761321,34.0,33.0
1196,2020-10-11 22:25:37,2020-10-11 22:47:47,28.4,49.6,121.08228839098531,36.42537313432836,34.17164179104478
1197,2020-10-11 22:48:08,2020-10-11 23:16:48,50.0,77.2,122.1481890829248,38.78034682080925,36.70520231213873
1198,2020-10-13 09:52:46,2020-10-13 10:11:46,36.8,50.0,119.4665876473064,31.495652173913044,30.53913043478261
1199,2020-10-13 10:12:07,2020-10-13 10:44:17,50.0,72.4,119.14066803075396,32.9639175257732,32.077319587628864
1200,2020-10-13 10:44:38,2020-10-13 11:14:28,72.4,92.0,122.82104797335607,34.0,33.0
1201,2020-10-13 19:22:34,2020-10-13 19:44:34,50.4,63.6,125.02315035774407,33.578947368421055,31.63157894736842
1202,2020-10-13 19:44:55,2020-10-13 20:15:45,64.0,82.8,123.01714066193854,34.0,32.0
1203,2020-10-13 20:16:06,2020-10-13 20:40:56,82.8,97.6,124.84612246621627,34.153333333333336,32.78666666666667
1204,2020-10-14 14:38:39,2020-10-14 15:05:09,32.8,58.4,120.7725698784722,31.59375,30.39375
1205,2020-10-14 15:05:30,2020-10-14 15:32:50,58.4,84.8,120.78756276304716,34.2,32.92727272727273
1206,2020-10-15 00:08:45,2020-10-15 00:36:45,43.6,70.0,124.04463078703706,34.27810650887574,32.04733727810651
1207,2020-10-15 00:37:06,2020-10-15 01:06:46,70.4,94.4,123.87038078703705,35.815642458100555,33.62011173184357
1208,2020-10-15 14:48:39,2020-10-15 15:05:49,37.6,49.6,118.98608842592593,33.73076923076923,32.36538461538461
1209,2020-10-15 15:06:10,2020-10-15 15:36:40,49.6,70.8,119.64620361635221,35.57065217391305,33.869565217391305
1210,2020-10-15 15:37:01,2020-10-15 16:05:31,70.8,90.0,123.24433362268512,36.23255813953488,35.0
1211,2020-10-16 03:18:55,2020-10-16 03:47:25,39.6,67.2,120.43477898550725,34.348837209302324,32.354651162790695
1212,2020-10-16 03:47:46,2020-10-16 04:18:46,67.6,93.6,124.37500763888889,36.43850267379679,34.42245989304813
1213,2020-10-16 15:42:52,2020-10-16 16:01:28,16.4,34.4,120.63071772376541,35.14159292035398,33.584070796460175
1214,2020-10-16 16:01:49,2020-10-16 16:18:54,34.4,51.2,118.67725748181218,37.05769230769231,35.65384615384615
1215,2020-10-16 16:19:15,2020-10-16 16:45:15,51.6,76.8,120.3604563492064,39.13375796178344,37.71974522292994
1216,2020-10-16 16:45:36,2020-10-16 17:13:26,77.2,97.6,124.67253581154687,40.0,38.041666666666664
1217,2020-10-17 00:38:59,2020-10-17 01:01:44,32.0,54.0,120.70960243055558,36.01449275362319,32.79710144927536
1218,2020-10-17 01:02:05,2020-10-17 01:21:29,54.0,72.8,120.42066241134756,37.8728813559322,34.728813559322035
1219,2020-10-17 01:21:50,2020-10-17 01:45:20,73.2,92.8,123.3368893849207,38.65492957746479,35.147887323943664
1220,2020-10-17 12:58:22,2020-10-17 13:25:52,29.6,56.0,121.11587442129633,29.897590361445783,28.662650602409638
1221,2020-10-17 13:26:13,2020-10-17 13:43:53,56.4,73.2,122.35369568452381,32.401869158878505,31.186915887850468
1222,2020-10-17 13:54:50,2020-10-17 14:16:40,83.6,97.6,126.26788144841272,33.71212121212121,32.06818181818182
1223,2020-10-17 20:14:07,2020-10-17 20:44:27,66.0,84.4,123.64130434782605,32.0,30.0
1224,2020-10-17 20:44:48,2020-10-17 21:06:38,84.8,97.6,126.73723025173614,32.0,30.0
1225,2020-10-18 02:16:04,2020-10-18 02:35:34,75.2,86.8,126.07878364463608,29.728813559322035,27.796610169491526
1226,2020-10-18 02:35:55,2020-10-18 02:54:05,87.2,97.6,125.76526362179501,30.0,28.0
1227,2020-10-18 08:41:27,2020-10-18 09:04:47,81.6,97.6,127.14148289930559,29.0,27.0
1228,2020-10-18 18:23:33,2020-10-18 18:51:33,53.2,72.0,124.28858082151304,31.514792899408285,30.118343195266274
1229,2020-10-18 18:51:54,2020-10-18 19:19:34,72.0,90.8,122.1483668735225,32.16167664670659,31.0
1230,2020-10-19 00:54:07,2020-10-19 01:12:17,42.8,60.0,121.80718814599484,31.51818181818182,29.1
1231,2020-10-19 01:12:38,2020-10-19 01:45:08,60.4,89.6,123.11502830098937,32.933673469387756,30.5765306122449
1232,2020-10-19 18:42:30,2020-10-19 19:09:20,33.6,60.0,118.58691130050505,31.78395061728395,30.574074074074073
1233,2020-10-19 19:09:41,2020-10-19 19:39:41,60.4,88.4,122.08680972222223,34.348066298342545,32.988950276243095
1234,2020-10-20 03:42:16,2020-10-20 04:10:46,56.0,83.2,123.41096471609477,29.75,27.28488372093023
1235,2020-10-20 04:11:07,2020-10-20 04:36:37,83.6,98.4,127.36113795045034,31.0,28.207792207792206
1236,2020-10-20 14:30:30,2020-10-20 14:58:50,34.0,61.6,119.94415871578101,33.146198830409354,31.596491228070175
1237,2020-10-20 14:59:11,2020-10-20 15:23:31,62.0,85.2,122.65507028256704,35.45578231292517,34.095238095238095
1238,2020-10-20 20:33:25,2020-10-20 20:51:15,52.0,69.2,122.0930405361757,32.98148148148148,30.787037037037038
1239,2020-10-20 20:51:36,2020-10-20 21:18:36,69.6,92.4,124.61075712719294,33.576687116564415,31.588957055214724
1240,2020-10-21 02:42:08,2020-10-21 03:00:18,60.4,77.6,123.11449168281656,32.42727272727273,29.59090909090909
1241,2020-10-21 14:04:00,2020-10-21 14:31:40,32.0,59.2,118.6075432495915,30.101796407185628,28.95808383233533
1242,2020-10-21 14:32:01,2020-10-21 14:49:21,59.6,76.4,120.26786408730158,32.40952380952381,31.152380952380952
1243,2020-10-22 00:10:33,2020-10-22 00:27:03,20.8,34.4,123.2690035743464,29.08,27.82
1244,2020-10-22 00:27:24,2020-10-22 00:57:24,34.8,59.6,119.5760650201613,31.596685082872927,30.43646408839779
1245,2020-10-22 00:57:45,2020-10-22 01:27:55,59.6,83.2,119.80403966572504,33.67032967032967,32.55494505494506
1246,2020-10-22 01:28:16,2020-10-22 01:45:16,83.2,94.4,124.05011222718252,34.15533980582524,33.0
1247,2020-10-22 16:24:19,2020-10-22 16:55:59,22.4,52.8,121.38386554276319,32.890052356020945,31.69633507853403
1248,2020-10-22 16:56:20,2020-10-22 17:25:40,52.8,81.2,120.36482971439749,36.186440677966104,34.994350282485875
1249,2020-10-22 17:26:01,2020-10-22 17:49:41,81.6,97.6,126.69879852430554,37.0,36.0
1250,2020-10-23 22:45:17,2020-10-23 23:13:27,23.2,50.0,122.70523253524046,30.523529411764706,29.058823529411764
1251,2020-10-23 23:13:48,2020-10-23 23:37:18,50.4,73.2,120.3112903874269,33.53521126760563,32.11267605633803
1252,2020-10-23 23:43:39,2020-10-24 00:12:39,77.2,97.2,123.44654347222226,34.925714285714285,33.42857142857143
1253,2020-10-24 07:09:48,2020-10-24 07:39:18,53.2,63.6,122.44386298076921,33.0,29.617977528089888
1254,2020-10-24 07:39:39,2020-10-24 08:09:09,63.6,74.0,122.44386298076921,32.337078651685395,29.0
1255,2020-10-24 08:09:30,2020-10-24 08:36:50,74.0,83.6,122.90504513888894,32.0,29.0
1256,2020-10-24 08:37:11,2020-10-24 09:06:11,83.6,93.6,125.18328499999996,32.0,29.0
1257,2020-10-24 16:10:15,2020-10-24 16:31:15,79.2,95.2,121.76650217013886,29.921259842519685,28.874015748031496
1258,2020-10-25 08:36:27,2020-10-25 09:06:07,26.8,55.6,121.4458185763889,30.044692737430168,29.00558659217877
1259,2020-10-25 09:06:28,2020-10-25 09:34:58,56.0,83.6,121.89615076489537,33.33720930232558,32.19767441860465
1260,2020-10-25 09:35:19,2020-10-25 09:58:19,84.0,97.6,126.13254871323534,34.35971223021583,33.0
1261,2020-10-25 22:15:11,2020-10-25 22:40:21,27.6,41.6,119.77580218253969,31.644736842105264,29.67763157894737
1262,2020-10-25 22:40:42,2020-10-25 23:07:22,41.6,56.8,117.04770623172519,33.15527950310559,31.180124223602483
1263,2020-10-25 23:07:43,2020-10-25 23:40:43,56.8,75.2,119.68675732185987,34.0,32.0
1264,2020-10-25 23:41:04,2020-10-26 00:11:24,75.2,91.6,123.4392070630082,34.0,32.0
1265,2020-10-26 07:22:39,2020-10-26 07:41:39,43.6,60.8,119.73030313307498,32.52173913043478,29.904347826086955
1266,2020-10-26 07:42:00,2020-10-26 08:07:40,60.8,83.6,122.07298921783627,33.83225806451613,31.10967741935484
1267,2020-10-26 08:08:01,2020-10-26 08:29:01,84.0,97.6,127.90851235702623,34.0,32.0
1268,2020-10-26 20:02:45,2020-10-26 20:39:42,38.8,74.4,120.49658479244694,35.17040358744394,33.93273542600897
1269,2020-10-26 20:40:03,2020-10-26 21:13:23,74.8,98.0,124.91680950670498,37.0,35.865671641791046
1270,2020-10-27 16:59:07,2020-10-27 17:18:45,42.0,60.4,123.57638677536231,35.80672268907563,34.142857142857146
1271,2020-10-27 17:19:06,2020-10-27 17:50:06,60.8,89.2,123.29909922730826,37.55614973262032,36.18716577540107
1272,2020-10-28 02:48:52,2020-10-28 03:14:02,32.8,57.2,120.53564560564662,34.73026315789474,32.38815789473684
1273,2020-10-28 03:14:23,2020-10-28 03:44:13,57.6,86.0,122.72839656690142,37.01111111111111,34.611111111111114
1274,2020-10-28 12:04:03,2020-10-28 12:36:03,38.4,69.2,121.20400351731601,35.310880829015545,33.487046632124354
1275,2020-10-28 12:36:24,2020-10-28 13:03:36,69.6,92.8,122.7204368295019,37.412121212121214,35.52121212121212
1276,2020-10-28 22:33:16,2020-10-29 00:00:00,32.4,97.6,122.58682097818681,33.54070660522273,31.021505376344088
1277,2020-10-29 19:40:35,2020-10-29 20:08:25,52.0,78.4,123.3512384259259,28.363095238095237,26.202380952380953
1278,2020-10-29 20:08:46,2020-10-29 20:37:36,78.8,97.6,125.23198389479906,29.862068965517242,27.729885057471265
1279,2020-10-30 16:23:08,2020-10-30 16:55:18,37.2,70.8,117.91997759589951,31.891752577319586,30.22680412371134
1280,2020-10-30 16:55:39,2020-10-30 17:27:29,70.8,96.4,121.6135120442708,33.958333333333336,32.6875
1281,2020-10-30 20:45:26,2020-10-30 21:02:06,67.2,82.8,124.38390669515672,34.84158415841584,32.71287128712871
1282,2020-10-30 22:25:40,2020-10-30 22:47:50,86.8,97.6,120.56969007201647,34.0,31.992537313432837
1283,2020-10-31 18:32:11,2020-10-31 18:59:41,12.0,38.0,121.63140993589745,31.96385542168675,30.650602409638555
1284,2020-10-31 19:00:02,2020-10-31 19:18:42,38.0,56.0,119.15870908179012,34.52173913043478,33.165217391304346
1285,2020-10-31 19:28:01,2020-10-31 19:47:41,64.8,83.6,120.20832402482272,36.924369747899156,35.38655462184874
1286,2020-11-01 03:25:38,2020-11-01 03:53:51,25.6,52.8,121.20880799632357,34.888888888888886,32.28654970760234
1287,2020-11-01 04:09:22,2020-11-01 04:39:22,67.6,93.2,122.54341151258676,38.469613259668506,35.81767955801105
1288,2020-11-01 17:21:27,2020-11-01 17:44:37,20.8,43.2,121.36035391865082,33.45,31.957142857142856
1289,2020-11-01 17:44:58,2020-11-01 18:15:18,43.6,73.2,120.26321757695193,36.59016393442623,35.19672131147541
1290,2020-11-02 03:45:53,2020-11-02 04:04:43,35.2,50.8,121.09687829415961,30.56140350877193,28.63157894736842
1291,2020-11-02 04:05:04,2020-11-02 04:33:34,51.2,73.6,122.26377827380955,32.63953488372093,30.703488372093023
1292,2020-11-02 04:33:55,2020-11-02 04:56:05,74.0,90.0,125.11546623263892,33.33582089552239,31.64179104477612
1293,2020-11-02 11:51:23,2020-11-02 12:22:43,71.6,96.0,124.55659175774132,31.666666666666668,29.973544973544975
1294,2020-11-02 16:56:13,2020-11-02 17:25:53,66.0,82.0,123.29425651041663,32.0,30.905027932960895
1295,2020-11-02 17:26:14,2020-11-02 17:55:24,82.0,97.6,124.46312295227922,32.28409090909091,31.0
1296,2020-11-03 07:00:42,2020-11-03 07:28:52,17.2,32.4,123.53435635964911,27.476470588235294,25.423529411764704
1297,2020-11-03 07:29:13,2020-11-03 07:55:53,32.8,47.2,123.43942727623451,28.981366459627328,27.024844720496894
1298,2020-11-03 07:56:14,2020-11-03 08:23:44,47.6,63.2,117.51246349715099,30.55421686746988,28.6144578313253
1299,2020-11-03 08:24:05,2020-11-03 08:49:15,63.2,77.2,119.81845009920636,31.0,29.0
1300,2020-11-03 08:49:36,2020-11-03 09:20:56,77.6,94.0,127.31537381436311,31.37037037037037,29.78306878306878
1301,2020-11-03 17:16:52,2020-11-03 18:15:19,62.4,97.6,123.67405811158463,32.81093394077449,31.626423690205012
1302,2020-11-04 03:14:55,2020-11-04 03:41:25,48.0,73.2,122.74581988536156,30.13125,27.925
1303,2020-11-04 03:41:46,2020-11-04 04:09:06,73.2,94.8,123.07871418467083,31.76969696969697,29.73939393939394
1304,2020-11-04 16:43:14,2020-11-04 17:00:38,38.8,55.6,120.73644580026452,31.556603773584907,30.150943396226417
1305,2020-11-04 17:00:59,2020-11-04 17:28:21,55.6,81.6,122.66383819978637,33.64670658682635,32.461077844311376
1306,2020-11-04 17:28:42,2020-11-04 17:55:42,82.0,97.6,123.3012995904559,34.6319018404908,33.0
1307,2020-11-05 20:44:48,2020-11-05 21:13:38,54.0,81.2,122.6838130106209,30.942528735632184,29.67816091954023
1308,2020-11-05 21:13:59,2020-11-05 21:39:19,81.6,97.6,125.6336875,32.189542483660134,31.0
1309,2020-11-06 09:03:10,2020-11-06 09:22:00,68.4,86.4,123.14199598765437,28.912280701754387,27.36842105263158
1310,2020-11-06 09:22:21,2020-11-06 09:41:31,86.8,97.6,127.68650244341573,29.698275862068964,28.0
1311,2020-11-06 15:35:38,2020-11-06 17:03:50,44.4,97.6,123.60992883249793,34.69939577039275,33.1404833836858
1312,2020-11-07 11:40:30,2020-11-07 12:12:40,74.0,97.6,126.17292008003771,30.175257731958762,28.917525773195877
1313,2020-11-08 15:23:44,2020-11-08 18:28:56,42.0,97.6,124.60751952937652,30.804175665946723,29.272858171346293
1314,2020-11-09 01:26:37,2020-11-09 01:55:17,63.2,80.4,125.02018935723511,30.76300578034682,29.31791907514451
1315,2020-11-09 01:55:38,2020-11-09 02:15:28,80.8,92.8,123.58450231481488,31.0,30.0
1316,2020-11-09 12:58:04,2020-11-09 13:27:34,60.0,88.0,122.64435109126985,30.39325842696629,29.213483146067414
1317,2020-11-09 21:37:22,2020-11-09 22:02:52,17.2,41.6,122.05772688979964,31.149350649350648,29.435064935064936
1318,2020-11-09 22:03:13,2020-11-09 22:32:13,42.0,70.0,120.88542127976194,34.462857142857146,32.794285714285714
1319,2020-11-09 22:39:28,2020-11-09 23:07:08,76.8,97.2,124.1918683278867,36.09580838323353,34.778443113772454
1320,2020-11-10 10:40:57,2020-11-10 11:03:27,26.8,40.8,120.53571428571432,27.470588235294116,25.941176470588236
1321,2020-11-10 11:03:48,2020-11-10 11:35:38,41.2,61.6,117.0717630038126,29.583333333333332,28.130208333333332
1322,2020-11-10 11:35:59,2020-11-10 12:05:19,61.6,80.0,119.83094444444448,31.0,29.728813559322035
1323,2020-11-10 12:05:40,2020-11-10 12:28:00,80.0,93.6,122.88501981209154,31.451851851851853,30.237037037037037
1324,2020-11-10 18:45:53,2020-11-10 19:07:13,38.8,53.6,118.87856203078076,33.07751937984496,31.294573643410853
1325,2020-11-10 19:07:34,2020-11-10 19:40:14,53.6,75.6,122.46085467171721,34.39593908629442,32.70558375634518
1326,2020-11-11 03:38:07,2020-11-11 05:14:43,24.0,97.6,122.23461361148856,32.29793103448276,29.790344827586207
1327,2020-11-11 15:28:38,2020-11-11 16:02:28,48.4,71.2,123.1950941154971,33.26960784313726,31.84313725490196
1328,2020-11-11 16:02:49,2020-11-11 16:19:39,71.2,82.4,124.80038132440477,34.0,33.0
1329,2020-11-11 21:41:12,2020-11-11 22:08:42,51.6,66.0,124.9479170138889,32.0,29.933734939759034
1330,2020-11-11 22:09:03,2020-11-11 22:41:23,66.4,84.0,122.47474747474752,32.712820512820514,30.174358974358974
1331,2020-11-11 22:41:44,2020-11-11 23:07:14,84.0,97.6,125.00000000000004,33.0,31.0
1332,2020-11-12 18:32:24,2020-11-12 19:56:11,24.0,97.6,122.5857347580767,33.569157392686805,32.4054054054054
1333,2020-11-13 16:00:01,2020-11-13 16:26:21,31.6,49.6,121.43985972222224,29.742138364779873,28.19496855345912
1334,2020-11-13 16:26:42,2020-11-13 16:57:42,50.0,71.2,121.36797327044026,31.754010695187166,30.49197860962567
1335,2020-11-13 16:58:03,2020-11-13 17:25:23,71.6,90.0,122.74763307669079,32.878787878787875,31.32121212121212
1336,2020-11-14 09:12:07,2020-11-14 11:11:57,26.8,97.6,123.25349777150032,29.152391546162402,28.086763070077865
1337,2020-11-15 00:13:56,2020-11-15 00:42:06,11.6,38.8,120.84865783292487,27.564705882352943,25.711764705882352
1338,2020-11-15 00:42:27,2020-11-15 01:12:17,39.2,68.4,119.12957106164382,30.933333333333334,29.133333333333333
1339,2020-11-15 01:12:38,2020-11-15 01:36:28,68.8,90.0,121.90710704926622,32.84027777777778,31.03472222222222
1340,2020-11-15 07:24:42,2020-11-15 10:39:23,38.0,97.6,121.83995799077181,29.737671232876714,26.67876712328767
1341,2020-11-16 00:06:16,2020-11-16 00:34:46,39.6,57.6,118.75,27.8546511627907,26.098837209302324
1342,2020-11-16 00:35:07,2020-11-16 01:04:17,58.0,76.0,121.52777777777777,29.46590909090909,27.84090909090909
1343,2020-11-16 01:04:38,2020-11-16 01:33:28,76.4,93.6,124.79408914728691,30.103448275862068,28.626436781609197
1344,2020-11-16 06:35:47,2020-11-16 06:55:37,58.8,70.8,123.95949085648148,30.0,27.775
1345,2020-11-16 07:06:30,2020-11-16 07:24:40,77.6,88.8,121.65178571428568,30.318181818181817,28.19090909090909
1346,2020-11-16 13:45:42,2020-11-16 14:06:02,30.0,44.0,120.8819294642857,32.113821138211385,30.552845528455286
1347,2020-11-16 14:06:23,2020-11-16 14:35:53,44.4,65.2,118.03550814636749,33.61797752808989,32.37640449438202
1348,2020-11-16 14:36:14,2020-11-16 15:03:44,65.2,84.0,121.73461731678489,34.9277108433735,33.28915662650602
1349,2020-11-16 15:04:05,2020-11-16 15:25:55,84.4,97.6,127.05911531986543,35.15151515151515,34.0
1350,2020-11-17 04:59:08,2020-11-17 05:27:28,57.6,73.2,120.88139013532762,30.0,28.0
1351,2020-11-17 15:27:16,2020-11-17 15:56:46,40.8,69.6,119.30940856481482,34.348314606741575,33.061797752808985
1352,2020-11-17 15:57:07,2020-11-17 16:32:55,70.0,97.6,124.15101408514495,36.0,34.88018433179724
1353,2020-11-18 15:26:42,2020-11-18 15:47:42,8.0,22.4,121.05521469907414,34.0,32.61417322834646
1354,2020-11-18 15:48:03,2020-11-18 16:17:53,22.8,43.2,121.38076770152506,35.4,33.861111111111114
1355,2020-11-18 16:18:14,2020-11-18 16:47:24,43.6,64.0,118.6683483115469,37.88636363636363,36.35795454545455
1356,2020-11-18 16:47:45,2020-11-18 17:18:55,64.0,85.2,122.02048925576523,39.0,37.79255319148936
1357,2020-11-19 13:24:51,2020-11-19 13:52:21,26.0,49.2,119.18703436302678,31.13855421686747,29.90963855421687
1358,2020-11-19 13:52:42,2020-11-19 14:21:32,49.6,72.8,119.43727340756706,33.82183908045977,32.62068965517241
1359,2020-11-19 14:21:53,2020-11-19 14:44:33,73.2,90.0,122.9580177744709,35.0,33.89051094890511
1360,2020-11-20 01:22:55,2020-11-20 01:55:25,29.2,61.2,118.41058550347223,33.535714285714285,31.428571428571427
1361,2020-11-20 01:55:46,2020-11-20 02:23:07,61.6,87.6,122.56185896367526,36.0722891566265,33.72289156626506
1362,2020-11-20 14:59:22,2020-11-20 15:26:22,24.8,49.2,120.21233691939892,35.04294478527607,33.31901840490798
1363,2020-11-20 15:26:43,2020-11-20 15:49:53,49.6,70.8,118.704159067086,37.7,36.17857142857143
1364,2020-11-20 23:25:53,2020-11-20 23:57:43,14.0,44.4,121.66897496345032,34.604166666666664,32.3125
1365,2020-11-20 23:58:04,2020-11-21 00:32:14,44.8,78.4,118.2680536541005,38.067961165048544,35.800970873786405
1366,2020-11-21 00:32:35,2020-11-21 00:59:25,78.4,97.6,124.5927693142362,39.0,37.0
1367,2020-11-21 22:45:24,2020-11-21 23:12:14,14.8,37.6,120.14925919834309,31.598765432098766,29.950617283950617
1368,2020-11-21 23:12:35,2020-11-21 23:40:15,38.0,61.2,117.97714319923371,34.1437125748503,32.58682634730539
1369,2020-11-21 23:40:36,2020-11-22 00:06:26,61.2,81.6,119.32803485838788,35.8525641025641,34.0
1370,2020-11-22 00:06:47,2020-11-22 00:27:47,82.0,95.6,126.21732414215694,36.0,34.0
1371,2020-11-22 03:41:26,2020-11-22 03:58:06,56.4,72.4,121.52083263888886,36.851485148514854,33.56435643564357
1372,2020-11-22 03:58:27,2020-11-22 04:28:07,72.8,96.0,123.97629460009576,37.687150837988824,34.16201117318436
1373,2020-11-22 07:26:25,2020-11-22 07:49:55,83.2,97.6,124.18500974151243,34.147887323943664,31.3943661971831
1374,2020-11-22 17:17:07,2020-11-22 17:46:47,53.6,74.0,122.00097569444446,34.865921787709496,33.41340782122905
1375,2020-11-22 17:47:08,2020-11-22 18:20:33,74.4,96.0,124.33159043852883,35.68472906403941,34.0
1376,2020-11-23 06:34:49,2020-11-23 08:13:57,36.4,97.6,121.36830949527962,31.721774193548388,30.318548387096776
1377,2020-11-23 17:51:22,2020-11-23 18:17:22,20.4,38.0,122.9316467013889,30.636942675159236,28.59235668789809
1378,2020-11-23 18:17:43,2020-11-23 18:49:03,38.4,60.4,118.53660770202022,33.01587301587302,31.021164021164022
1379,2020-11-23 18:49:24,2020-11-23 19:20:14,60.8,82.0,120.96173139412996,34.33870967741935,32.526881720430104
1380,2020-11-23 19:20:35,2020-11-23 19:41:05,82.4,95.2,125.29513205295142,35.0,33.0
1381,2020-11-24 02:37:11,2020-11-24 03:05:51,72.4,94.8,121.23947687251987,31.890173410404625,29.08092485549133
1382,2020-11-24 15:44:48,2020-11-24 16:14:48,29.6,46.0,119.73575840108404,29.281767955801104,27.790055248618785
1383,2020-11-24 16:15:09,2020-11-24 16:43:59,46.0,62.8,114.20963525132277,30.95977011494253,29.632183908045977
1384,2020-11-24 16:44:20,2020-11-24 17:10:50,62.8,77.6,119.17884731606607,32.0,30.65625
1385,2020-11-24 20:04:35,2020-11-24 20:22:25,65.2,77.6,119.36608624551985,31.0,29.925925925925927
1386,2020-11-24 20:22:46,2020-11-24 20:45:56,77.6,93.2,119.85136502849,31.792857142857144,30.0
1387,2020-11-25 05:22:21,2020-11-25 05:47:31,18.4,32.0,123.06165257352939,26.710526315789473,24.901315789473685
1388,2020-11-25 05:47:52,2020-11-25 06:15:12,32.4,47.2,122.8152845345345,28.278787878787877,26.490909090909092
1389,2020-11-25 06:15:33,2020-11-25 06:45:23,47.6,64.8,115.39887839147289,29.744444444444444,28.144444444444446
1390,2020-11-25 06:45:44,2020-11-25 07:17:04,64.8,82.0,121.2645166343669,30.01058201058201,29.0
1391,2020-11-25 07:17:25,2020-11-25 07:44:25,82.4,96.8,124.77331838348773,31.0,29.0
1392,2020-11-25 20:21:25,2020-11-25 20:49:55,32.4,60.4,118.41371716269845,32.72674418604651,31.13953488372093
1393,2020-11-25 20:50:16,2020-11-25 21:18:46,60.8,88.4,119.9884590378422,35.31395348837209,33.50581395348837
1394,2020-11-26 11:18:25,2020-11-26 11:42:05,55.2,78.0,120.85466270711504,30.104895104895103,28.825174825174827
1395,2020-11-26 11:42:26,2020-11-26 12:07:56,78.4,96.8,124.14403215579716,31.01298701298701,30.0
1396,2020-11-26 19:43:02,2020-11-26 20:05:52,40.0,62.4,118.67126271081352,33.130434782608695,30.86231884057971
1397,2020-11-26 20:06:13,2020-11-26 20:38:53,62.4,91.6,120.6406923515982,34.71573604060914,32.40609137055838
1398,2020-11-27 01:03:00,2020-11-27 01:19:40,67.6,76.4,122.27429359217159,30.712871287128714,27.0
1399,2020-11-27 17:53:21,2020-11-27 18:23:11,38.0,66.8,120.94474300733029,27.627777777777776,26.205555555555556
1400,2020-11-27 18:23:32,2020-11-27 18:53:22,67.2,92.8,120.81870328776043,29.744444444444444,28.572222222222223
1401,2020-11-28 03:54:11,2020-11-28 05:19:51,22.0,97.6,119.57257351557908,28.28615863141524,26.004665629860032
1402,2020-11-29 03:16:05,2020-11-29 04:50:09,13.6,97.6,121.14929075231483,26.847025495750707,25.665722379603398
1403,2020-11-30 01:10:40,2020-11-30 01:30:40,44.4,63.6,121.53501208043977,23.371900826446282,21.975206611570247
1404,2020-11-30 01:31:01,2020-11-30 02:03:01,64.0,91.2,122.76449601715684,25.39896373056995,23.72538860103627
1405,2020-11-30 04:43:21,2020-11-30 05:09:41,81.2,95.6,123.02565663580256,24.50314465408805,21.836477987421382
1406,2020-11-30 18:45:17,2020-11-30 19:08:17,32.8,47.2,120.2025733024691,23.165467625899282,22.33093525179856
1407,2020-11-30 19:08:38,2020-11-30 19:34:48,47.2,64.0,117.3346820436508,25.170886075949365,24.17721518987342
1408,2020-11-30 19:35:09,2020-11-30 20:04:49,64.4,82.8,121.46137952898559,26.050279329608937,25.078212290502794
1409,2020-12-01 01:03:35,2020-12-01 01:33:25,46.8,65.2,121.60326086956519,25.405555555555555,23.05
1410,2020-12-01 01:33:46,2020-12-01 02:03:56,65.2,84.0,120.34722236997636,26.0,24.0
1411,2020-12-01 02:04:17,2020-12-01 02:26:47,84.0,97.2,124.4686458333333,26.860294117647058,24.852941176470587
1412,2020-12-01 14:14:24,2020-12-01 14:41:44,46.0,72.4,120.95434801136362,27.684848484848484,26.6
1413,2020-12-01 14:42:05,2020-12-01 15:07:15,72.8,93.2,122.66817728758168,29.625,28.57894736842105
1414,2020-12-02 01:13:07,2020-12-02 01:36:47,19.2,42.0,122.044963998538,24.53146853146853,22.272727272727273
1415,2020-12-02 01:37:08,2020-12-02 02:08:18,42.4,73.6,117.47374568198008,28.00531914893617,25.898936170212767
1416,2020-12-02 02:08:39,2020-12-02 02:35:59,74.0,95.2,122.35392610062894,29.812121212121212,27.76969696969697
1417,2020-12-02 13:45:52,2020-12-02 14:14:02,54.4,81.2,122.33365853026532,25.358823529411765,24.205882352941178
1418,2020-12-02 20:14:26,2020-12-02 20:42:56,55.6,82.8,123.42526256127454,26.988372093023255,25.209302325581394
1419,2020-12-02 20:43:17,2020-12-02 21:07:07,83.2,97.6,125.08585956790132,28.0,26.27777777777778
1420,2020-12-03 13:23:28,2020-12-03 13:52:18,32.4,60.4,119.15921879960317,23.833333333333332,22.517241379310345
1421,2020-12-03 13:52:39,2020-12-03 14:25:39,60.8,90.4,120.79017445570565,27.14070351758794,25.85929648241206
1422,2020-12-03 20:26:39,2020-12-03 20:55:59,56.0,84.0,122.31994915674602,26.54237288135593,24.293785310734464
1423,2020-12-04 05:59:54,2020-12-04 06:27:14,70.0,92.4,122.6072865203373,24.76969696969697,22.98181818181818
1424,2020-12-04 14:06:34,2020-12-04 15:18:21,37.2,97.6,122.02709338208247,26.855287569573285,25.16883116883117
1425,2020-12-05 03:44:02,2020-12-05 04:09:52,36.4,62.0,116.65256445312502,20.942307692307693,18.737179487179485
1426,2020-12-05 04:10:13,2020-12-05 04:34:03,62.4,84.8,120.18723834325398,23.256944444444443,21.29861111111111
1427,2020-12-05 04:34:24,2020-12-05 05:00:54,84.8,97.2,118.30423297491033,24.0,22.0
1428,2020-12-05 16:42:04,2020-12-05 17:11:34,31.6,60.8,116.8369387366819,23.10112359550562,21.685393258426966
1429,2020-12-05 17:11:55,2020-12-05 17:35:25,60.8,83.6,119.22147490253411,26.02112676056338,24.577464788732396
1430,2020-12-06 02:37:24,2020-12-06 04:25:44,17.2,97.6,121.62142467350748,23.94963144963145,22.0
1431,2020-12-06 14:44:25,2020-12-06 16:18:13,35.6,93.2,120.76930514805171,24.666193181818183,23.553977272727273
1432,2020-12-06 23:55:03,2020-12-07 00:22:13,58.4,84.4,121.87500309829056,26.28048780487805,24.25
1433,2020-12-07 00:22:34,2020-12-07 00:44:54,84.8,97.6,126.06663205295143,27.0,25.0
1434,2020-12-07 07:47:04,2020-12-07 08:12:44,58.0,78.0,121.7354296527778,23.61935483870968,21.593548387096774
1435,2020-12-07 08:13:05,2020-12-07 08:44:05,78.0,96.4,123.80434933574873,24.572192513368982,22.62566844919786
1436,2020-12-07 18:38:48,2020-12-07 19:11:28,50.0,72.4,120.5555798611111,26.16751269035533,24.766497461928935
1437,2020-12-07 19:11:49,2020-12-07 19:42:29,72.4,92.8,121.20645206971687,27.0,25.686486486486487
1438,2020-12-08 02:11:42,2020-12-08 02:28:52,11.2,22.8,123.1824571360153,28.576923076923077,25.0
1439,2020-12-08 02:29:13,2020-12-08 03:02:13,22.8,45.6,120.44771728801169,29.678391959798994,26.040201005025125
1440,2020-12-08 03:02:34,2020-12-08 03:30:54,46.0,66.0,117.81803236111111,31.690058479532162,28.29824561403509
1441,2020-12-08 03:31:15,2020-12-08 04:00:55,66.4,86.4,123.34859263888886,32.3463687150838,29.0
1442,2020-12-08 04:01:16,2020-12-08 04:20:56,86.8,97.6,127.69422235082311,33.0,29.0
1443,2020-12-08 11:48:36,2020-12-08 12:08:06,41.6,55.6,117.38692013888891,25.43220338983051,22.423728813559322
1444,2020-12-08 12:08:27,2020-12-08 12:38:27,55.6,76.4,121.55984561965812,26.845303867403317,24.07734806629834
1445,2020-12-08 12:38:48,2020-12-08 13:04:12,76.8,93.6,122.25150292658734,27.681818181818183,25.194805194805195
1446,2020-12-08 18:35:29,2020-12-08 18:52:58,72.8,88.8,123.5882859809028,27.681818181818183,25.795454545454547
1447,2020-12-09 02:10:10,2020-12-09 02:39:30,39.6,48.8,120.09667149758461,24.045197740112993,22.141242937853107
1448,2020-12-09 02:39:51,2020-12-09 03:09:41,48.8,58.4,117.05444994212961,25.0,23.0
1449,2020-12-09 03:10:02,2020-12-09 03:38:02,58.4,67.2,119.84853787878782,25.0,23.0
1450,2020-12-09 03:38:23,2020-12-09 04:10:03,67.6,77.2,124.24774016203696,25.0,23.0
1451,2020-12-09 04:10:24,2020-12-09 04:41:24,77.2,86.8,121.63199826388897,25.0,23.0
1452,2020-12-09 04:41:45,2020-12-09 05:13:55,86.8,96.4,124.78448871527772,25.0,23.0
1453,2020-12-09 16:29:52,2020-12-09 16:54:52,24.0,48.0,121.42824305555557,28.271523178807946,27.0
1454,2020-12-09 16:55:13,2020-12-09 17:40:20,48.4,90.4,119.27622801917988,31.94871794871795,30.545787545787547
1455,2020-12-10 00:27:00,2020-12-10 01:59:52,40.4,97.6,122.22334516802643,30.19368723098996,27.335724533715926
1456,2020-12-10 16:15:44,2020-12-10 16:40:14,8.8,32.4,121.29709333804144,28.506756756756758,27.20945945945946
1457,2020-12-10 16:40:35,2020-12-10 17:08:55,32.8,60.4,119.83243402777777,31.5906432748538,30.327485380116958
1458,2020-12-10 17:09:16,2020-12-10 17:40:16,60.8,89.2,122.45990473395932,34.44919786096256,33.283422459893046
1459,2020-12-11 02:40:44,2020-12-11 03:00:04,36.8,48.8,120.83680590277777,29.23931623931624,26.487179487179485
1460,2020-12-11 03:00:25,2020-12-11 03:35:15,49.2,71.2,118.75,30.69047619047619,27.88095238095238
1461,2020-12-11 03:35:36,2020-12-11 04:03:56,71.2,88.8,120.7386363636364,31.0,28.853801169590643
1462,2020-12-11 04:04:17,2020-12-11 04:21:27,88.8,97.6,126.21528330176768,31.0,29.0
1463,2020-12-11 12:18:38,2020-12-11 12:49:08,65.6,84.0,124.32065217391302,29.391304347826086,27.570652173913043
1464,2020-12-11 12:49:29,2020-12-11 13:14:19,84.4,97.6,125.86911205808093,30.0,28.32
1465,2020-12-11 17:48:10,2020-12-11 18:16:00,69.6,86.8,121.45349709302322,30.0,28.44047619047619
1466,2020-12-12 03:20:52,2020-12-12 03:46:36,36.4,61.2,121.16096278001794,27.871794871794872,26.192307692307693
1467,2020-12-12 03:46:57,2020-12-12 04:17:17,61.6,89.2,122.65248455112723,30.40983606557377,28.62295081967213
1468,2020-12-12 12:22:46,2020-12-12 12:39:26,42.8,58.8,121.72136640625004,28.504950495049506,26.73267326732673
1469,2020-12-12 12:39:47,2020-12-12 13:10:17,59.2,87.6,122.74697799295777,30.505434782608695,28.804347826086957
1470,2020-12-12 23:43:50,2020-12-13 00:04:10,22.0,41.2,123.64945797164353,27.658536585365855,26.048780487804876
1471,2020-12-13 00:04:31,2020-12-13 00:31:51,41.6,68.4,119.0163814262023,30.73939393939394,29.13939393939394
1472,2020-12-13 00:32:12,2020-12-13 01:02:25,68.8,93.6,123.34571913082439,32.666666666666664,30.934426229508198
1473,2020-12-13 05:26:40,2020-12-13 05:58:50,79.6,89.2,125.09253674768503,29.0,28.0
1474,2020-12-13 05:59:11,2020-12-13 06:24:01,89.6,96.8,126.7418418209876,29.0,28.0
1475,2020-12-13 20:23:29,2020-12-13 20:53:59,16.4,35.2,121.6755319148936,26.657608695652176,25.543478260869566
1476,2020-12-13 20:54:20,2020-12-13 21:19:10,35.6,51.2,119.39102564102564,28.52,27.366666666666667
1477,2020-12-13 21:19:31,2020-12-13 21:41:41,51.2,65.6,115.45138888888896,29.96268656716418,28.686567164179106
1478,2020-12-13 21:55:33,2020-12-13 22:22:53,65.2,82.0,122.02463632605823,30.054545454545455,28.921212121212122
1479,2020-12-13 22:23:14,2020-12-13 22:44:44,82.4,95.2,124.64192708333337,31.0,29.0
1480,2020-12-14 14:02:56,2020-12-14 14:36:16,30.4,53.6,119.2547168941571,21.36318407960199,19.323383084577113
1481,2020-12-14 14:36:37,2020-12-14 15:07:47,54.0,75.6,119.76213618827165,23.73404255319149,22.0531914893617
1482,2020-12-14 15:08:08,2020-12-14 15:41:28,75.6,96.0,122.08267674291935,24.890547263681594,23.5273631840796
1483,2020-12-15 01:54:22,2020-12-15 02:25:52,24.4,55.2,119.1860468524531,26.236842105263158,23.305263157894736
1484,2020-12-15 02:26:13,2020-12-15 02:53:43,55.2,82.0,119.55742195273633,29.08433734939759,26.566265060240966
1485,2020-12-15 14:46:12,2020-12-15 15:15:22,42.0,70.4,119.44251701877934,21.119318181818183,19.267045454545453
1486,2020-12-15 15:15:43,2020-12-15 15:43:33,70.4,92.8,119.288845796131,23.13095238095238,21.529761904761905
1487,2020-12-16 00:47:27,2020-12-16 01:11:17,34.0,47.2,123.58902367424243,22.5625,19.625
1488,2020-12-16 01:11:38,2020-12-16 01:42:18,47.6,66.4,118.06665285165482,25.89189189189189,23.14054054054054
1489,2020-12-16 01:42:39,2020-12-16 02:14:59,66.4,84.8,121.62969972826095,26.276923076923076,24.0
1490,2020-12-16 02:15:20,2020-12-16 02:42:50,85.2,97.6,123.75449148745528,27.0,24.0
1491,2020-12-16 22:52:48,2020-12-16 23:24:58,50.4,81.2,121.3555403138528,20.3659793814433,18.891752577319586
1492,2020-12-16 23:25:19,2020-12-16 23:49:49,81.6,96.0,117.63696923225304,22.0,20.10810810810811
1493,2020-12-17 03:34:23,2020-12-17 03:52:33,56.8,67.6,121.43778086419763,20.236363636363638,17.081818181818182
1494,2020-12-17 03:52:54,2020-12-17 04:17:04,68.0,81.6,124.52105167483664,21.0,18.0
1495,2020-12-17 14:17:40,2020-12-17 14:46:00,51.6,79.2,119.87772720410628,25.169590643274855,23.43859649122807
1496,2020-12-17 14:46:21,2020-12-17 15:12:11,79.2,97.2,120.8009364969136,26.0,24.391025641025642
1497,2020-12-17 22:51:14,2020-12-17 23:18:24,52.8,79.2,120.95591766624577,22.548780487804876,20.00609756097561
1498,2020-12-17 23:18:45,2020-12-17 23:43:35,79.6,95.6,122.50350677083333,23.82,21.0
1499,2020-12-18 15:56:09,2020-12-18 16:22:29,20.0,45.2,121.74436359126983,19.735849056603772,18.22012578616352
1500,2020-12-18 16:22:50,2020-12-18 16:53:30,45.6,76.4,116.01639962121209,23.783783783783782,22.34054054054054
1501,2020-12-18 16:53:51,2020-12-18 17:21:31,76.8,96.4,122.46455973639449,25.748502994011975,24.311377245508982
1502,2020-12-19 00:26:36,2020-12-19 00:56:16,57.2,85.2,121.27133625992063,22.787709497206706,20.189944134078214
1503,2020-12-19 02:57:17,2020-12-19 04:04:56,60.8,97.6,123.34972688330315,23.261811023622048,20.025590551181104
1504,2020-12-19 16:57:06,2020-12-19 17:26:06,48.0,76.4,119.17351657863846,20.702857142857145,19.485714285714284
1505,2020-12-19 17:26:27,2020-12-19 17:57:27,76.4,96.4,119.12639569444443,22.481283422459892,21.0
1506,2020-12-20 03:17:15,2020-12-20 04:21:09,63.6,97.6,123.93840503267974,19.6625,17.375
1507,2020-12-20 13:33:29,2020-12-20 14:42:36,58.0,97.6,122.98351626683505,20.246628131021193,19.146435452793835
1508,2020-12-20 19:24:14,2020-12-20 19:52:04,66.8,85.2,123.90023626207727,22.648809523809526,20.976190476190474
1509,2020-12-21 02:28:55,2020-12-21 02:47:25,56.4,74.0,122.08491193181818,21.526785714285715,19.080357142857142
1510,2020-12-21 02:49:10,2020-12-21 03:13:32,74.4,93.2,122.51152006501185,22.7248322147651,20.550335570469798
1511,2020-12-21 06:45:34,2020-12-21 07:09:34,60.0,82.8,122.03947849658871,22.089655172413792,19.282758620689656
1512,2020-12-21 09:09:40,2020-12-21 09:39:50,64.4,85.2,121.43232284989318,22.23076923076923,19.428571428571427
1513,2020-12-21 09:40:11,2020-12-21 10:07:21,85.6,97.6,125.83570474537036,23.0,20.0
1514,2020-12-21 21:08:47,2020-12-21 21:28:47,37.2,56.8,118.63664859693883,22.09090909090909,20.644628099173552
1515,2020-12-21 21:29:08,2020-12-21 22:01:18,57.2,86.8,121.77929110360364,24.577319587628867,23.2319587628866
1516,2020-12-23 09:42:28,2020-12-23 10:01:18,46.4,64.4,122.23689606481476,20.736842105263158,19.850877192982455
1517,2020-12-23 10:01:39,2020-12-23 10:30:59,64.8,90.0,123.33775710978836,22.971751412429377,22.050847457627118
1518,2020-12-23 10:31:20,2020-12-23 10:51:10,90.4,97.6,125.67714236111136,24.0,23.0
1519,2020-12-23 15:26:05,2020-12-23 15:49:15,74.0,92.8,120.57476861702128,27.185714285714287,26.0
1520,2020-12-24 01:34:08,2020-12-24 01:56:48,27.2,49.2,120.38827007575756,27.985401459854014,26.248175182481752
1521,2020-12-24 01:57:09,2020-12-24 02:16:29,49.6,68.8,117.60996412037044,30.632478632478634,28.837606837606838
1522,2020-12-24 02:26:40,2020-12-24 03:00:50,75.2,97.2,119.4716059343434,32.0,30.0
1523,2020-12-24 15:37:37,2020-12-24 16:19:17,14.8,40.4,122.0703125,25.89641434262948,24.677290836653388
1524,2020-12-24 16:19:38,2020-12-24 16:47:38,40.8,58.4,119.31976025883837,28.402366863905325,27.13609467455621
1525,2020-12-24 16:47:59,2020-12-24 17:10:59,58.8,73.2,119.87655169753084,29.841726618705035,28.165467625899282
1526,2020-12-24 23:38:21,2020-12-25 00:10:11,42.8,64.8,120.10295094696974,26.552083333333332,23.833333333333332
1527,2020-12-25 00:10:32,2020-12-25 00:39:52,64.8,84.8,121.8409888194444,27.88135593220339,25.25423728813559
1528,2020-12-25 00:40:13,2020-12-25 01:03:53,85.2,97.6,126.16598700716857,28.06993006993007,26.0
1529,2020-12-25 04:48:40,2020-12-25 05:16:50,70.4,93.2,124.48283150584798,26.935294117647057,24.305882352941175
1530,2020-12-25 18:56:03,2020-12-25 19:20:43,27.2,40.4,121.48361651936028,21.369127516778523,20.375838926174495
1531,2020-12-25 19:21:04,2020-12-25 19:49:24,40.8,56.8,117.52781805555554,23.058479532163744,22.099415204678362
1532,2020-12-25 22:25:00,2020-12-25 22:47:20,58.4,70.0,125.01914863505745,23.0,22.0
1533,2020-12-25 22:47:41,2020-12-25 23:14:51,70.4,84.8,125.34818798225315,23.628048780487806,22.859756097560975
1534,2020-12-25 23:15:12,2020-12-25 23:42:52,85.2,97.2,125.51043449074075,24.0,23.0
1535,2020-12-26 03:07:45,2020-12-26 03:28:25,73.2,90.4,123.25986216085269,24.944,23.376
1536,2020-12-26 16:18:26,2020-12-26 16:42:46,14.8,38.0,122.57664331896554,26.755102040816325,25.306122448979593
1537,2020-12-26 16:43:07,2020-12-26 17:12:57,38.4,67.6,119.44921794140033,30.25,28.772222222222222
1538,2020-12-26 17:13:18,2020-12-26 17:36:58,68.0,89.6,121.07833622685189,32.38461538461539,30.895104895104897
1539,2020-12-27 03:22:51,2020-12-27 03:53:01,22.8,33.6,121.48667026748974,26.324175824175825,24.0
1540,2020-12-27 03:53:22,2020-12-27 04:23:32,33.6,44.8,117.1205761408731,27.0,24.63736263736264
1541,2020-12-27 04:23:53,2020-12-27 04:50:23,44.8,54.8,115.24170750000002,27.9625,25.0
1542,2020-12-27 04:50:44,2020-12-27 05:19:54,55.2,66.0,117.47689686213998,28.0,25.0
1543,2020-12-27 05:20:15,2020-12-27 05:48:05,66.0,76.4,116.3969441773504,28.0,25.0
1544,2020-12-27 05:48:26,2020-12-27 06:19:16,76.4,87.2,124.15642283950623,27.725806451612904,25.0
1545,2020-12-27 06:19:37,2020-12-27 06:48:27,87.2,97.2,125.36948694444445,27.0,24.17816091954023
1546,2020-12-27 15:57:47,2020-12-27 16:27:27,56.0,84.0,123.61259935515874,29.11731843575419,28.027932960893853
1547,2020-12-28 00:06:20,2020-12-28 00:33:40,13.2,28.4,119.5833033625731,29.0,27.0
1548,2020-12-28 00:34:01,2020-12-28 01:03:21,28.4,44.8,118.94305962059622,29.937853107344633,27.937853107344633
1549,2020-12-28 01:03:42,2020-12-28 01:33:42,44.8,61.6,118.76071866732802,31.574585635359117,29.60220994475138
1550,2020-12-28 01:34:03,2020-12-28 01:54:03,62.0,73.2,118.76237227182536,32.0,30.0
1551,2020-12-28 07:06:24,2020-12-28 07:35:44,27.2,45.6,119.56521739130433,27.03954802259887,24.033898305084747
1552,2020-12-28 07:36:05,2020-12-28 08:07:15,45.6,65.6,116.8777780555556,29.00531914893617,26.27127659574468
1553,2020-12-28 08:07:36,2020-12-28 08:37:06,65.6,84.0,120.3109969806763,30.0,27.0
1554,2020-12-28 08:37:27,2020-12-28 09:00:17,84.0,97.6,124.37091850490202,30.0,27.992753623188406
1555,2020-12-28 21:55:56,2020-12-28 22:25:06,23.2,41.2,121.52777777777774,28.329545454545453,26.931818181818183
1556,2020-12-28 22:25:27,2020-12-28 22:53:57,41.6,59.6,118.72684953703703,30.47093023255814,29.063953488372093
1557,2020-12-28 22:54:18,2020-12-28 23:20:58,60.0,76.8,119.02364178240742,31.875776397515526,30.0
1558,2020-12-28 23:21:19,2020-12-28 23:50:59,76.8,94.8,122.84413549382715,32.11731843575419,30.960893854748605
1559,2020-12-29 00:26:51,2020-12-29 00:46:11,94.8,99.6,150.3849131944445,32.0,30.0
1560,2020-12-29 08:35:57,2020-12-29 09:07:47,58.0,76.4,123.11597086352654,26.708333333333332,24.307291666666668
1561,2020-12-29 09:08:08,2020-12-29 09:37:28,76.8,93.6,123.58055894510586,27.0,25.0
1562,2020-12-29 19:24:12,2020-12-29 19:42:00,43.6,56.0,118.35595163530468,30.009174311926607,28.513761467889907
1563,2020-12-29 19:42:21,2020-12-29 20:11:38,56.0,76.0,120.65922265972225,31.10169491525424,29.824858757062145
1564,2020-12-29 20:11:59,2020-12-29 20:39:59,76.0,94.0,123.74459822530864,32.0,30.532544378698226
1565,2020-12-31 09:13:01,2020-12-31 09:39:11,19.2,34.8,121.97561458333335,18.962025316455698,17.17721518987342
1566,2020-12-31 09:39:32,2020-12-31 10:09:12,35.2,56.4,116.4668353642558,25.452513966480446,23.11173184357542
1567,2020-12-31 10:09:33,2020-12-31 10:40:03,56.4,78.0,117.62731057098765,26.82608695652174,24.0
1568,2020-12-31 19:20:32,2020-12-31 19:50:32,51.6,69.2,122.90720896464646,21.22099447513812,19.066298342541437
1569,2020-12-31 19:50:53,2020-12-31 20:25:23,69.6,89.2,121.32017155612243,22.0,20.0
1570,2021-01-01 02:28:28,2021-01-01 02:48:58,50.4,68.8,123.6994273852657,23.120967741935484,19.556451612903224
1571,2021-01-03 15:37:47,2021-01-03 16:07:57,38.4,60.0,116.15095408950613,22.324175824175825,20.467032967032967
1572,2021-01-03 16:08:18,2021-01-03 16:38:28,60.4,81.2,120.61829847756404,24.412087912087912,22.62087912087912
1573,2021-01-03 16:38:49,2021-01-03 17:01:09,81.6,94.8,120.82910153619525,25.488888888888887,23.925925925925927
1574,2021-01-04 00:37:54,2021-01-04 01:55:33,35.6,96.4,121.40495334201388,26.74442538593482,24.936535162950257
1575,2021-01-04 14:26:57,2021-01-04 14:54:57,58.4,84.8,122.23746659301347,24.13609467455621,23.05325443786982
1576,2021-01-04 21:40:15,2021-01-04 22:12:05,48.4,79.6,119.17157256054134,27.114583333333332,25.609375
1577,2021-01-04 22:12:26,2021-01-04 22:32:46,80.0,94.4,123.44329793595676,28.78048780487805,27.0
1578,2021-01-05 02:09:35,2021-01-05 02:40:05,74.4,97.2,122.81558089668619,28.0,25.690217391304348
1579,2021-01-05 06:15:34,2021-01-05 06:42:04,59.2,84.0,122.66184912634411,26.65,23.64375
1580,2021-01-05 06:42:25,2021-01-05 07:07:35,84.0,97.6,122.16300153186279,27.0,24.842105263157894
1581,2021-01-05 16:44:55,2021-01-05 17:14:25,40.4,59.2,117.94772118794327,26.93820224719101,25.674157303370787
1582,2021-01-05 17:14:46,2021-01-05 18:09:50,59.2,93.2,121.44234725490199,28.66867469879518,27.56024096385542
1583,2021-01-06 14:03:37,2021-01-06 14:34:57,25.2,56.4,118.20826103988604,23.53968253968254,22.285714285714285
1584,2021-01-06 14:35:18,2021-01-06 15:03:18,56.4,84.0,119.49126086956522,27.171597633136095,25.994082840236686
1585,2021-01-07 07:21:30,2021-01-07 07:47:20,4.0,28.8,122.43559985439067,22.16025641025641,20.397435897435898
1586,2021-01-07 07:47:41,2021-01-07 08:18:21,29.2,58.8,121.87219847972972,25.043243243243243,23.37837837837838
1587,2021-01-07 08:18:42,2021-01-07 08:48:02,59.2,87.2,121.85021567460322,28.10734463276836,26.372881355932204
1588,2021-01-07 08:48:23,2021-01-07 09:12:43,87.2,98.4,123.07665054563492,29.0,27.0
1589,2021-01-07 20:54:29,2021-01-07 21:23:59,30.4,48.8,119.92452294685994,19.786516853932586,17.51123595505618
1590,2021-01-07 21:24:20,2021-01-07 21:53:00,49.2,67.2,114.82331489197533,21.595375722543352,19.335260115606935
1591,2021-01-07 21:53:21,2021-01-07 22:21:11,67.2,83.6,117.61688355352315,22.0,20.0
1592,2021-01-09 07:30:21,2021-01-09 08:00:21,58.0,76.4,121.75201305857487,21.243093922651934,17.392265193370164
1593,2021-01-09 08:00:42,2021-01-09 08:29:32,76.4,93.6,122.53558438307506,22.0,18.310344827586206
1594,2021-01-10 03:56:05,2021-01-10 04:13:55,13.2,30.8,118.3696457544192,18.34259259259259,16.37037037037037
1595,2021-01-10 04:14:16,2021-01-10 04:41:16,30.8,57.2,119.36237815656563,21.245398773006134,19.41717791411043
1596,2021-01-10 04:41:37,2021-01-10 05:08:37,57.6,83.6,120.7398571047009,24.29447852760736,22.36196319018405
1597,2021-01-10 05:08:58,2021-01-10 05:29:48,83.6,96.0,121.76861570340493,25.0,23.0
1598,2021-01-11 04:43:45,2021-01-11 05:13:25,55.2,83.2,123.28771507936509,25.094972067039105,22.620111731843576
1599,2021-01-11 05:13:46,2021-01-11 05:42:06,83.6,97.6,122.46729454365082,26.0,23.625730994152047
1600,2021-01-11 13:47:49,2021-01-11 14:25:50,42.8,77.6,121.905499533046,23.842657342657343,20.53146853146853
1601,2021-01-11 20:18:29,2021-01-11 21:20:08,39.2,93.2,121.64512462962962,26.08207343412527,22.65658747300216
1602,2021-01-12 13:16:42,2021-01-12 13:48:12,29.2,59.2,117.90093666666668,23.44736842105263,20.99473684210526
1603,2021-01-12 13:48:33,2021-01-12 14:18:13,59.6,87.2,119.55819021739129,27.670391061452513,25.463687150837988
1604,2021-01-12 14:18:34,2021-01-12 14:39:04,87.6,97.2,117.42622540509254,28.0,26.0
1605,2021-01-13 02:23:52,2021-01-13 02:48:32,39.2,61.2,122.66540997474746,22.711409395973153,19.48993288590604
1606,2021-01-13 03:11:23,2021-01-13 03:35:13,83.2,96.4,122.69151167929293,27.0,24.0
1607,2021-01-13 11:15:33,2021-01-13 11:47:33,76.4,96.4,123.96596465277779,20.984455958549223,18.77720207253886
1608,2021-01-13 20:41:19,2021-01-13 21:11:09,60.0,78.4,121.11945131340578,23.0,21.0
1609,2021-01-13 21:11:30,2021-01-13 21:39:50,78.4,94.8,120.37345968834694,23.690058479532162,21.88888888888889
1610,2021-01-14 03:44:19,2021-01-14 04:14:29,34.8,54.0,118.10043127893519,20.84065934065934,17.802197802197803
1611,2021-01-14 04:14:50,2021-01-14 04:47:00,54.0,74.4,118.52671473311547,22.108247422680414,19.0
1612,2021-01-14 04:47:21,2021-01-14 05:14:01,74.8,90.8,124.97225000000003,23.0,19.925465838509318
1613,2021-01-14 05:14:22,2021-01-14 05:31:52,91.2,97.6,127.95579774305573,23.0,20.0
1614,2021-01-14 20:34:43,2021-01-14 21:08:23,34.4,56.0,116.89686201131686,24.04433497536946,22.87192118226601
1615,2021-01-14 21:08:44,2021-01-14 21:38:04,56.0,74.4,119.5652173913043,25.915254237288135,24.8135593220339
1616,2021-01-14 21:38:25,2021-01-14 22:07:55,74.8,92.4,125.22885101010095,26.719101123595507,25.4438202247191
1617,2021-01-15 03:11:38,2021-01-15 03:41:28,45.6,75.2,118.39808277027029,26.7,23.283333333333335
1618,2021-01-15 03:41:49,2021-01-15 04:10:09,75.6,96.8,123.2619356001048,28.0,24.81286549707602
1619,2021-01-15 16:43:23,2021-01-15 17:01:33,25.6,42.8,123.39714074612411,24.60909090909091,23.3
1620,2021-01-15 17:01:54,2021-01-15 17:33:44,43.2,74.4,119.2000677973647,27.864583333333332,26.65625
1621,2021-01-15 17:34:05,2021-01-15 18:02:15,74.8,96.0,124.71503138102725,29.788235294117648,28.688235294117646
1622,2021-01-16 03:38:44,2021-01-16 03:59:44,28.0,48.4,120.8612383578431,22.748031496062993,19.79527559055118
1623,2021-01-16 04:00:05,2021-01-16 04:31:05,48.8,79.2,119.65322245065788,25.83957219251337,23.192513368983956
1624,2021-01-16 04:31:26,2021-01-16 04:57:46,79.6,97.6,125.54090617283948,27.050314465408807,24.962264150943398
1625,2021-01-17 10:52:00,2021-01-17 11:09:00,23.2,39.2,124.06424531250002,19.990291262135923,18.815533980582526
1626,2021-01-17 11:09:24,2021-01-17 11:30:14,39.6,60.0,119.1925450708061,22.8015873015873,21.69047619047619
1627,2021-01-17 11:30:35,2021-01-17 12:01:55,60.4,89.2,122.58970640432099,25.43915343915344,24.375661375661377
1628,2021-01-17 22:44:13,2021-01-17 23:02:13,18.0,35.2,122.07687177002582,21.98165137614679,19.642201834862384
1629,2021-01-17 23:02:34,2021-01-17 23:31:44,35.6,64.8,116.52635012366821,25.170454545454547,23.068181818181817
1630,2021-01-17 23:32:05,2021-01-17 23:53:55,64.8,86.0,120.18671730870021,27.401515151515152,25.446969696969695
1631,2021-01-18 13:01:07,2021-01-18 13:20:17,38.0,56.8,119.19401455378254,20.00862068965517,18.594827586206897
1632,2021-01-18 13:20:38,2021-01-18 13:51:08,57.2,86.0,121.41108400848768,22.92391304347826,21.630434782608695
1633,2021-01-19 01:41:54,2021-01-19 02:10:34,21.6,49.2,121.85687087359096,23.84393063583815,21.46242774566474
1634,2021-01-19 02:10:55,2021-01-19 03:04:10,49.6,96.0,120.5013711685824,27.934782608695652,25.406832298136646
1635,2021-01-19 12:58:00,2021-01-19 13:24:20,27.2,35.6,117.77283878968252,19.57861635220126,18.037735849056602
1636,2021-01-19 13:24:41,2021-01-19 13:51:59,35.6,44.0,121.88492162698414,20.44848484848485,19.10909090909091
1637,2021-01-19 13:52:20,2021-01-19 14:21:10,44.0,54.0,108.13194513888888,21.46551724137931,20.137931034482758
1638,2021-01-19 14:21:31,2021-01-19 14:52:51,54.0,64.0,117.56250625000003,22.0,21.0
1639,2021-01-19 14:53:42,2021-01-19 15:25:22,64.4,74.4,118.88195763888889,22.87434554973822,21.214659685863875
1640,2021-01-19 15:25:43,2021-01-19 15:52:53,74.4,82.8,121.5757571097885,23.0,22.0
1641,2021-01-19 15:53:14,2021-01-19 16:11:14,83.2,88.4,130.15762045940167,23.0,22.0
1642,2021-01-19 23:57:45,2021-01-20 00:25:15,33.2,50.4,119.90956040051681,22.873493975903614,21.481927710843372
1643,2021-01-20 00:32:05,2021-01-20 01:03:05,54.8,74.4,118.62244897959178,24.962566844919785,23.74866310160428
1644,2021-01-20 01:03:26,2021-01-20 01:32:06,74.4,92.0,121.78819444444449,25.791907514450866,24.173410404624278
1645,2021-01-20 12:19:54,2021-01-20 12:50:24,42.4,61.2,119.34695264479902,23.777173913043477,22.33695652173913
1646,2021-01-20 12:50:45,2021-01-20 13:18:35,61.2,77.6,119.59774559620601,25.089285714285715,23.94047619047619
1647,2021-01-20 23:32:54,2021-01-21 00:01:34,37.2,65.6,118.76028129890459,26.809248554913296,25.09248554913295
1648,2021-01-21 00:01:55,2021-01-21 00:35:15,66.0,94.0,122.34475322420637,29.37313432835821,27.243781094527364
1649,2021-01-22 10:55:05,2021-01-22 11:23:45,28.4,48.4,118.73752486111111,22.294797687861273,21.612716763005782
1650,2021-01-22 11:24:06,2021-01-22 11:48:56,48.4,66.4,114.28088734567896,24.753333333333334,24.06
1651,2021-01-22 11:49:17,2021-01-22 12:22:27,66.8,89.2,122.03438423859127,26.305,25.43
1652,2021-01-22 12:22:48,2021-01-22 12:39:38,89.6,97.6,125.51569270833338,27.0,26.0
1653,2021-01-23 00:32:03,2021-01-23 01:03:53,18.4,49.2,119.87419990079367,27.760416666666668,26.0625
1654,2021-01-23 01:04:14,2021-01-23 01:32:04,49.2,76.4,118.76176011029412,31.333333333333332,29.535714285714285
1655,2021-01-23 01:32:25,2021-01-23 02:00:15,76.8,97.2,122.57355739379081,32.845238095238095,30.99404761904762
1656,2021-01-23 18:15:02,2021-01-23 18:45:42,42.0,71.6,120.97927088025529,26.664864864864864,25.08108108108108
1657,2021-01-23 18:46:03,2021-01-23 19:15:23,72.0,95.2,121.62117540708812,28.706214689265536,27.203389830508474
1658,2021-01-24 01:40:17,2021-01-24 02:03:47,74.8,93.6,122.37886524822696,27.676056338028168,25.619718309859156
1659,2021-01-24 21:20:38,2021-01-24 21:42:18,63.2,76.0,120.65865646701393,23.862595419847327,22.625954198473284
1660,2021-01-24 21:42:39,2021-01-24 22:10:19,76.0,91.6,122.20799706196586,24.479041916167663,23.347305389221557
1661,2021-01-25 20:27:28,2021-01-25 22:00:44,24.8,97.6,120.68067370459403,30.304285714285715,29.252857142857142
1662,2021-01-26 15:18:51,2021-01-26 15:46:21,25.2,44.0,120.67449726654846,27.301204819277107,25.94578313253012
1663,2021-01-26 15:46:42,2021-01-26 16:15:12,44.4,64.4,117.55277680555551,29.691860465116278,28.36627906976744
1664,2021-01-26 16:15:33,2021-01-26 16:48:43,64.4,87.2,120.01583869395714,31.0,29.84
1665,2021-01-27 13:59:44,2021-01-27 14:28:54,36.4,64.4,121.40228338293649,26.232954545454547,24.72159090909091
1666,2021-01-27 14:29:15,2021-01-27 15:01:05,64.8,92.0,122.05270649509805,29.15625,27.609375
1667,2021-01-28 12:31:42,2021-01-28 12:49:22,65.6,82.0,124.62227896341457,25.233644859813083,24.345794392523363
1668,2021-01-28 12:56:05,2021-01-28 13:16:05,88.0,97.6,126.90539525462971,26.239669421487605,25.206611570247933
1669,2021-01-29 08:57:10,2021-01-29 09:13:50,29.2,45.2,120.87588428819447,19.871287128712872,18.257425742574256
1670,2021-01-29 09:14:11,2021-01-29 09:42:51,45.6,73.6,118.85219960317464,22.734104046242773,21.161849710982658
1671,2021-01-29 09:43:12,2021-01-29 10:12:52,74.0,95.6,122.19716795267495,24.69832402234637,22.905027932960895
1672,2021-01-29 21:26:12,2021-01-29 21:55:22,28.8,57.2,119.5403100547731,26.22159090909091,24.454545454545453
1673,2021-01-29 21:55:43,2021-01-29 22:27:23,57.6,87.6,120.62639004629634,29.141361256544503,27.43455497382199
1674,2021-01-30 15:53:30,2021-01-30 16:24:00,46.0,75.2,122.01009360730595,25.91304347826087,24.608695652173914
1675,2021-01-30 16:24:21,2021-01-30 16:52:41,75.6,96.8,121.79246042976939,27.86549707602339,26.730994152046783
1676,2021-02-01 01:42:08,2021-02-01 02:04:30,48.8,71.2,116.32081387648809,25.294117647058822,24.25
1677,2021-02-01 02:20:51,2021-02-01 02:45:01,86.0,97.6,122.32520162835256,27.0,26.0
1678,2021-02-01 18:17:15,2021-02-01 18:50:35,42.8,63.6,120.45942841880341,28.850746268656717,27.492537313432837
1679,2021-02-01 18:50:56,2021-02-01 19:20:06,64.0,82.0,121.79786651234568,30.0,28.732954545454547
1680,2021-02-01 19:20:27,2021-02-01 19:46:37,82.0,97.6,124.66527012108268,30.0,29.0
1681,2021-02-02 02:19:06,2021-02-02 02:47:36,58.8,86.0,122.56333558006536,30.302325581395348,28.069767441860463
1682,2021-02-02 02:47:57,2021-02-02 03:08:37,86.4,97.6,124.72596465773826,31.0,29.008
1683,2021-02-02 17:36:15,2021-02-02 18:02:25,34.8,60.8,118.10362136752137,31.449367088607595,30.025316455696203
1684,2021-02-02 18:02:46,2021-02-02 18:32:06,61.2,88.8,120.42369997987119,33.67231638418079,32.54237288135593
1685,2021-02-03 01:27:51,2021-02-03 01:45:11,54.0,70.4,123.15462576219507,29.942857142857143,27.39047619047619
1686,2021-02-03 01:45:32,2021-02-03 02:14:32,70.8,94.0,123.48239014607279,31.0,28.611428571428572
1687,2021-02-03 20:49:21,2021-02-03 21:12:00,42.4,64.0,121.32014043852881,28.145985401459853,27.40875912408759
1688,2021-02-03 21:12:21,2021-02-03 21:43:41,64.4,91.6,121.91942733864384,30.47089947089947,29.53968253968254
1689,2021-02-04 13:01:18,2021-02-04 13:32:08,54.8,73.6,123.27721394799059,25.736559139784948,24.43548387096774
1690,2021-02-04 13:32:29,2021-02-04 14:00:29,73.6,90.8,122.06559560723515,27.023668639053255,25.550295857988164
1691,2021-02-04 22:09:45,2021-02-04 22:33:35,38.0,61.2,120.15207596982755,29.07638888888889,27.15972222222222
1692,2021-02-04 22:33:56,2021-02-04 23:03:36,61.6,88.8,123.37370312500005,31.212290502793294,29.262569832402235
1693,2021-02-05 16:47:40,2021-02-05 17:07:40,66.4,85.6,121.81641616030102,27.082644628099175,25.71900826446281
1694,2021-02-05 17:08:01,2021-02-05 17:27:21,86.0,97.6,125.89202346743302,28.0,26.700854700854702
1695,2021-02-05 20:21:55,2021-02-05 20:55:00,78.8,88.8,123.50550041666666,28.0,27.0
1696,2021-02-05 21:19:01,2021-02-05 21:48:39,88.8,97.6,123.76477973484852,28.0,27.0
1697,2021-02-06 17:49:28,2021-02-06 19:38:54,28.8,97.6,118.7180266149871,31.62773722627737,30.201946472019465
1698,2021-02-07 16:04:37,2021-02-07 17:18:01,40.4,97.6,120.88887065608004,29.834845735027223,28.63520871143376
1699,2021-02-09 06:08:30,2021-02-09 06:38:20,11.6,32.0,121.8681917211329,25.227777777777778,24.294444444444444
1700,2021-02-09 06:38:41,2021-02-09 07:06:21,32.4,51.6,120.0810185185185,27.24550898203593,26.347305389221557
1701,2021-02-09 07:06:42,2021-02-09 07:32:32,52.0,69.6,122.31691919191923,29.564102564102566,28.557692307692307
1702,2021-02-09 07:32:53,2021-02-09 08:04:03,70.0,90.8,124.20539429754278,30.55851063829787,29.45744680851064
1703,2021-02-09 14:09:54,2021-02-09 14:35:04,78.8,97.2,123.85040579710143,30.0,27.980263157894736
1704,2021-02-10 05:57:37,2021-02-10 06:38:02,68.4,97.6,118.54168189687981,22.20394736842105,20.67763157894737
1705,2021-02-10 18:50:46,2021-02-10 19:29:47,67.6,91.2,122.03828155602633,19.36864406779661,18.050847457627118
1706,2021-02-11 16:15:04,2021-02-11 16:40:04,25.6,50.0,119.43932399817851,23.516556291390728,22.29139072847682
1707,2021-02-11 16:40:25,2021-02-11 17:06:35,50.4,76.0,119.09125743272571,26.803797468354432,25.70253164556962
1708,2021-02-11 17:06:56,2021-02-11 17:37:36,76.4,97.6,122.30084971174011,28.335135135135136,27.318918918918918
1709,2021-02-12 04:53:58,2021-02-12 05:24:38,10.8,30.0,119.25931250000004,24.021621621621623,21.221621621621622
1710,2021-02-12 05:24:59,2021-02-12 05:52:49,30.4,47.6,120.82692732558141,25.464285714285715,22.851190476190474
1711,2021-02-12 05:53:10,2021-02-12 06:20:00,48.0,65.2,116.43415536175709,27.04320987654321,24.617283950617285
1712,2021-02-12 06:20:21,2021-02-12 06:46:11,65.2,81.2,120.54432352430557,28.0,25.0
1713,2021-02-12 06:46:32,2021-02-12 07:15:22,81.6,97.6,125.8811160590278,28.0,25.626436781609197
1714,2021-02-13 04:18:03,2021-02-13 05:51:35,23.2,97.6,119.73570595878135,25.20940170940171,23.64814814814815
1715,2021-02-13 18:34:59,2021-02-13 20:56:57,8.8,97.6,119.00207972972979,29.578403755868546,28.43286384976526
1716,2021-02-14 03:02:07,2021-02-14 03:23:57,21.6,42.8,120.46123335953882,31.818181818181817,28.166666666666668
1717,2021-02-14 03:24:18,2021-02-14 03:56:48,43.2,75.6,117.33283633401928,34.454081632653065,31.163265306122447
1718,2021-02-14 03:57:09,2021-02-14 04:26:29,76.0,97.6,124.85406102109057,35.887005649717516,32.016949152542374
1719,2021-02-14 16:37:58,2021-02-14 17:04:18,22.8,48.8,120.35472158119663,29.40251572327044,28.12578616352201
1720,2021-02-14 17:04:39,2021-02-14 17:33:49,49.2,78.4,118.58021589611873,32.84659090909091,31.670454545454547
1721,2021-02-14 17:34:10,2021-02-14 17:59:30,78.8,97.2,123.87004883756036,34.0,33.0
1722,2021-02-15 10:39:10,2021-02-15 10:59:20,29.6,50.4,119.59869330929489,24.614754098360656,23.614754098360656
1723,2021-02-15 10:59:41,2021-02-15 11:27:51,50.8,80.4,117.37800469219215,27.86470588235294,26.86470588235294
1724,2021-02-15 11:28:12,2021-02-15 11:52:42,80.8,97.6,125.27200347222222,29.58783783783784,28.385135135135137
1725,2021-02-15 18:44:37,2021-02-15 19:08:57,31.6,55.2,120.25365283662902,33.57823129251701,31.537414965986393
1726,2021-02-15 19:09:18,2021-02-15 19:38:18,55.6,83.6,120.74008482142861,36.04,34.02857142857143
1727,2021-02-15 19:38:39,2021-02-15 19:59:29,84.0,97.6,125.01022702205886,37.0,35.0
1728,2021-02-16 00:59:28,2021-02-16 01:35:21,62.4,93.6,121.1520789797009,33.577777777777776,30.555555555555557
1729,2021-02-16 17:33:59,2021-02-16 18:47:31,28.8,95.6,119.31903531894544,31.255434782608695,30.128623188405797
1730,2021-02-17 16:08:24,2021-02-17 16:27:00,37.6,49.6,115.73338500000003,25.345132743362832,24.194690265486727
1731,2021-02-17 16:27:21,2021-02-17 16:56:21,49.6,68.4,115.17883348108748,26.897142857142857,25.874285714285715
1732,2021-02-17 16:56:42,2021-02-17 17:30:32,68.4,89.2,121.18460657051284,28.014705882352942,27.019607843137255
1733,2021-02-18 02:12:56,2021-02-18 02:32:06,38.4,48.8,118.25986028579061,25.42241379310345,23.775862068965516
1734,2021-02-18 02:32:27,2021-02-18 03:02:17,48.8,65.6,118.01999809854502,26.68888888888889,24.91111111111111
1735,2021-02-18 03:02:38,2021-02-18 03:38:08,65.6,85.2,120.35501424319723,27.0,25.99532710280374
1736,2021-02-18 03:38:29,2021-02-18 03:59:59,85.6,97.2,123.13697749042136,27.946153846153845,26.0
1737,2021-02-18 12:59:24,2021-02-18 13:28:14,60.8,80.8,120.73406326388891,27.517241379310345,26.603448275862068
1738,2021-02-18 13:28:35,2021-02-18 13:55:25,81.2,97.6,123.36216581978327,28.450617283950617,27.555555555555557
1739,2021-02-18 22:37:34,2021-02-18 23:06:44,45.2,57.2,114.1979388888889,26.96590909090909,24.65909090909091
1740,2021-02-18 23:07:05,2021-02-18 23:41:25,57.2,70.4,117.52632260101007,27.0,25.0
1741,2021-02-18 23:42:16,2021-02-19 00:10:16,70.8,81.2,119.01043776709395,27.0,25.0
1742,2021-02-19 00:10:37,2021-02-19 00:42:07,81.2,92.4,121.86634250992059,27.0,25.0
1743,2021-02-19 13:53:19,2021-02-19 14:11:59,22.0,41.6,117.80471860827663,25.68141592920354,24.539823008849556
1744,2021-02-19 14:26:59,2021-02-19 14:55:11,57.6,86.8,119.37016202435314,30.555555555555557,29.538011695906434
1745,2021-02-19 14:55:32,2021-02-19 15:14:12,87.2,97.6,126.66266359508558,31.628318584070797,30.716814159292035
1746,2021-02-20 00:19:32,2021-02-20 00:46:12,56.4,82.4,119.60951351495723,29.167701863354036,27.242236024844722
1747,2021-02-20 11:44:04,2021-02-20 12:22:05,67.6,97.6,120.47917863888888,25.43006993006993,23.846153846153847
1748,2021-02-20 20:19:14,2021-02-20 20:50:27,33.2,52.8,119.46400334467124,28.4468085106383,27.114893617021277
1749,2021-02-20 20:55:23,2021-02-20 22:08:06,52.8,97.6,120.70002514880956,30.66117216117216,29.336996336996336
1750,2021-02-21 18:07:38,2021-02-21 18:35:18,8.8,17.6,117.89772727272727,29.227544910179642,27.592814371257486
1751,2021-02-21 18:35:39,2021-02-21 19:04:59,17.6,26.8,119.56521739130437,29.0,27.0
1752,2021-02-21 19:18:09,2021-02-21 19:43:29,31.2,39.2,118.74999999999996,29.0,27.0
1753,2021-02-21 19:43:50,2021-02-21 20:15:59,39.2,49.6,115.91346033653846,29.0,27.0
1754,2021-02-21 20:16:20,2021-02-21 20:38:34,49.6,56.8,115.78703587962968,29.874074074074073,27.0
1755,2021-02-21 20:38:55,2021-02-21 21:07:15,56.8,66.0,115.4861108091787,29.64327485380117,26.894736842105264
1756,2021-02-21 21:16:12,2021-02-21 21:33:42,68.8,74.4,117.18749999999983,29.0,26.0
1757,2021-02-21 21:34:03,2021-02-21 22:05:03,74.4,84.0,121.09375000000007,29.0,25.86096256684492
1758,2021-02-21 22:05:24,2021-02-21 22:34:04,84.0,92.4,127.66203703703695,28.658959537572255,25.0
1759,2021-02-22 10:31:13,2021-02-22 11:01:43,64.8,92.0,119.0119591503268,25.51086956521739,24.652173913043477
1760,2021-02-22 18:11:41,2021-02-22 19:16:48,41.2,97.6,120.92167200305357,33.56646216768916,32.24744376278119
1761,2021-02-23 12:27:26,2021-02-23 13:01:03,62.0,92.8,117.10958662518038,28.233201581027668,27.201581027667984
1762,2021-02-23 19:19:10,2021-02-23 19:47:10,52.0,79.2,119.98416406250001,34.69230769230769,33.396449704142015
1763,2021-02-23 19:47:31,2021-02-23 20:13:01,79.6,97.6,123.67823464506174,35.94155844155844,34.0
1764,2021-02-24 17:28:17,2021-02-24 18:43:56,30.4,97.6,119.82550858341605,31.24823943661972,29.795774647887324
1765,2021-02-25 01:11:41,2021-02-25 01:31:41,36.0,52.8,118.63013797949738,29.925619834710744,27.39669421487603
1766,2021-02-25 01:32:02,2021-02-25 02:03:12,53.2,78.0,119.38341117831541,31.78191489361702,29.50531914893617
1767,2021-02-25 02:03:33,2021-02-25 02:31:33,78.4,97.2,122.0493552748227,32.79289940828402,30.201183431952664
1768,2021-02-25 13:14:49,2021-02-25 13:37:49,20.8,43.2,119.877859375,28.992805755395683,27.46043165467626
1769,2021-02-25 13:38:10,2021-02-25 14:04:30,43.6,70.0,116.30629719065657,32.18238993710692,30.666666666666668
1770,2021-02-25 14:04:51,2021-02-25 14:37:11,70.4,96.0,121.84245377604171,33.82051282051282,32.58974358974359
1771,2021-02-26 00:14:46,2021-02-26 00:42:36,38.4,66.0,118.01078814412239,30.696428571428573,28.988095238095237
1772,2021-02-26 00:42:57,2021-02-26 01:08:37,66.4,90.0,120.26544897598875,32.76774193548387,31.419354838709676
1773,2021-02-26 15:21:45,2021-02-26 16:49:25,18.0,97.6,118.80471383654385,30.851063829787233,28.998480243161094
1774,2021-02-27 17:09:27,2021-02-27 17:59:03,60.4,97.200005,121.68417324339433,25.439678284182307,23.512064343163537
1775,2021-02-28 19:47:41,2021-02-28 20:21:11,40.8,62.4,114.31906622942385,24.93069306930693,23.737623762376238
1776,2021-02-28 20:21:32,2021-02-28 20:53:02,62.4,81.2,117.85315033983453,26.436842105263157,25.221052631578946
1777,2021-02-28 20:53:23,2021-02-28 21:24:23,81.6,98.0,125.01949805216796,27.18716577540107,26.06951871657754
1778,2021-03-01 02:01:42,2021-03-01 02:24:02,66.8,88.4,119.80967830504112,27.57037037037037,25.666666666666668
1779,2021-03-01 14:14:59,2021-03-01 14:43:09,53.2,80.8,119.23511659621582,30.064705882352943,28.647058823529413
1780,2021-03-01 14:43:30,2021-03-01 15:06:40,81.2,97.2,123.3342126736111,31.40714285714286,30.0
1781,2021-03-02 00:49:29,2021-03-02 01:18:29,25.6,43.6,121.10187870370372,28.325714285714287,25.13714285714286
1782,2021-03-02 01:18:50,2021-03-02 01:47:50,44.0,62.8,115.94712958037827,30.12,27.234285714285715
1783,2021-03-02 01:48:11,2021-03-02 02:23:04,63.2,84.8,121.39187362397126,31.0,28.0
1784,2021-03-02 07:07:58,2021-03-02 07:26:28,38.4,56.8,118.2563516002416,26.875,23.241071428571427
1785,2021-03-02 07:26:49,2021-03-02 07:55:09,57.2,84.8,120.88316928341389,28.649122807017545,25.280701754385966
1786,2021-03-02 13:54:30,2021-03-02 14:18:30,86.0,97.6,121.82594971264376,24.0,22.089655172413792
1787,2021-03-03 13:24:34,2021-03-03 13:54:44,26.0,45.2,117.83854166666666,21.89010989010989,20.917582417582416
1788,2021-03-03 13:55:05,2021-03-03 14:26:05,45.6,66.0,113.97058823529413,24.427807486631018,23.43850267379679
1789,2021-03-03 14:26:26,2021-03-03 14:56:36,66.4,85.2,120.34574468085108,25.813186813186814,24.824175824175825
1790,2021-03-03 23:24:57,2021-03-04 00:36:25,36.4,97.6,120.212056016703,27.141527001862197,25.389199255121042
1791,2021-03-04 15:48:52,2021-03-04 16:17:42,14.0,32.0,119.87188688271604,20.419540229885058,19.14367816091954
1792,2021-03-04 16:18:03,2021-03-04 16:47:53,32.0,51.2,116.27746252893516,22.433333333333334,20.93888888888889
1793,2021-03-04 16:48:14,2021-03-04 17:17:14,51.2,70.0,115.4343714539007,24.502857142857142,22.81714285714286
1794,2021-03-04 17:17:35,2021-03-04 17:43:25,70.4,86.4,120.82462586805553,25.0,23.474358974358974
1795,2021-03-04 17:43:46,2021-03-04 18:08:46,86.4,97.6,125.98958990575404,25.894039735099337,24.0
1796,2021-03-05 01:02:37,2021-03-05 01:27:18,46.8,54.8,115.18883746527777,25.28494623655914,23.204301075268816
1797,2021-03-05 08:37:44,2021-03-05 08:59:05,54.0,60.8,117.21563394607848,24.18633540372671,23.0
1798,2021-03-05 09:16:42,2021-03-05 10:50:46,62.0,95.6,104.27706974206352,25.0,23.892351274787536
1799,2021-03-05 16:40:02,2021-03-05 17:03:32,53.2,76.0,120.02255148635479,27.239436619718308,25.774647887323944
1800,2021-03-05 17:03:53,2021-03-05 17:29:43,76.4,96.0,121.1125367772109,28.69871794871795,27.0
1801,2021-03-06 02:17:54,2021-03-06 02:36:44,19.6,37.6,121.63347345679011,26.359649122807017,24.350877192982455
1802,2021-03-06 02:37:05,2021-03-06 03:05:45,38.0,66.8,115.95870929783952,29.612716763005782,27.67630057803468
1803,2021-03-06 03:06:06,2021-03-06 03:26:16,67.2,86.8,119.85826814058962,31.65573770491803,29.737704918032787
1804,2021-03-06 12:55:55,2021-03-06 13:22:45,46.4,72.8,118.88259264520204,27.17283950617284,25.203703703703702
1805,2021-03-06 13:23:06,2021-03-06 13:50:36,73.2,94.8,121.75027334104946,28.825301204819276,26.86144578313253
1806,2021-03-07 10:31:03,2021-03-07 10:58:33,58.8,85.2,120.46876825547137,21.481927710843372,20.53614457831325
1807,2021-03-07 10:58:54,2021-03-07 11:24:54,85.6,97.6,125.70141724537038,23.0,22.0
1808,2021-03-07 19:28:01,2021-03-07 19:58:01,50.0,79.2,119.73078205859969,27.425414364640883,26.1878453038674
1809,2021-03-07 19:58:22,2021-03-07 20:24:12,79.2,97.6,121.37756997282617,28.942307692307693,27.576923076923077
1810,2021-03-08 01:10:05,2021-03-08 01:39:05,57.2,85.6,119.14466925860725,30.554285714285715,28.365714285714287
1811,2021-03-08 13:53:35,2021-03-08 14:22:25,38.4,66.8,118.6429123630673,27.051724137931036,25.655172413793103
1812,2021-03-08 14:22:46,2021-03-08 14:52:06,67.2,92.4,121.1017472993827,29.502824858757062,27.870056497175142
1813,2021-03-09 01:16:01,2021-03-09 01:46:31,19.2,38.8,118.01659382086169,28.820652173913043,26.407608695652176
1814,2021-03-09 01:46:52,2021-03-09 02:18:12,38.8,58.4,118.33122456065762,30.772486772486772,28.275132275132275
1815,2021-03-09 02:18:33,2021-03-09 02:45:13,58.8,74.8,118.38369192708333,32.0,29.0
1816,2021-03-09 19:21:14,2021-03-09 19:51:24,29.2,50.4,118.7762251048218,28.96153846153846,27.560439560439562
1817,2021-03-09 20:26:16,2021-03-09 20:56:46,72.4,93.2,121.16989543269231,32.0,30.483695652173914
1818,2021-03-10 03:36:49,2021-03-10 03:53:49,59.2,75.6,120.95698314701903,28.0873786407767,26.233009708737864
1819,2021-03-10 03:54:10,2021-03-10 04:21:40,76.0,96.8,121.82626382211541,29.0,27.180722891566266
1820,2021-03-10 14:20:54,2021-03-10 14:47:34,59.2,85.2,119.686437232906,28.82608695652174,27.683229813664596
1821,2021-03-10 23:15:31,2021-03-10 23:45:41,54.4,84.0,119.24175947822823,29.587912087912088,27.82967032967033
1822,2021-03-10 23:46:02,2021-03-11 00:06:42,84.0,97.6,122.87890890522881,31.0,29.0
1823,2021-03-11 10:08:07,2021-03-11 10:34:57,28.0,55.2,116.25001695261436,29.506172839506174,27.864197530864196
1824,2021-03-11 10:35:18,2021-03-11 11:04:48,55.6,84.8,119.11103952625575,32.46067415730337,30.769662921348313
1825,2021-03-11 11:05:09,2021-03-11 11:24:49,85.2,97.6,123.28966039426533,33.0,32.0
1826,2021-03-12 00:28:15,2021-03-12 00:55:45,13.2,36.4,118.49077628113027,29.680722891566266,27.83132530120482
1827,2021-03-12 00:56:06,2021-03-12 01:28:46,36.8,64.4,118.29759868156198,32.72081218274111,30.903553299492387
1828,2021-03-12 01:29:07,2021-03-12 01:58:47,64.8,89.2,120.86178961748631,34.63687150837989,32.944134078212294
1829,2021-03-12 18:50:42,2021-03-12 19:23:32,20.0,47.2,119.29538265931376,32.44444444444444,31.095959595959595
1830,2021-03-12 19:23:53,2021-03-12 19:55:23,47.6,73.6,119.72119230769238,35.04736842105263,33.71578947368421
1831,2021-03-12 19:55:44,2021-03-12 20:25:14,74.0,95.2,123.84176100628935,36.0,34.764044943820224
1832,2021-03-13 02:08:12,2021-03-13 02:38:02,30.4,60.4,118.17409564814815,34.71111111111111,31.383333333333333
1833,2021-03-13 02:38:23,2021-03-13 03:07:03,60.8,88.8,119.68603020833332,37.26589595375722,34.24277456647399
1834,2021-03-13 13:46:52,2021-03-13 15:17:19,25.6,97.6,119.39882906442902,31.483113069016152,29.641703377386197
1835,2021-03-14 00:13:23,2021-03-14 00:40:23,46.0,54.4,120.5357142857143,30.0,27.736196319018404
1836,2021-03-14 00:40:44,2021-03-14 01:09:54,54.4,64.0,113.93229166666666,30.0,28.0
1837,2021-03-14 01:10:15,2021-03-14 01:39:35,64.0,73.2,119.5652173913043,30.0,28.0
1838,2021-03-14 01:39:56,2021-03-14 02:08:36,73.2,82.4,116.8478260869565,30.0,28.0
1839,2021-03-14 02:08:57,2021-03-14 02:33:57,82.4,90.0,123.35526315789483,30.0,28.0
1840,2021-03-14 20:34:49,2021-03-14 21:04:19,8.0,33.2,118.36697277336863,33.20786516853933,31.258426966292134
1841,2021-03-14 21:04:40,2021-03-14 21:33:20,33.6,58.0,118.63503381147542,35.346820809248555,33.34104046242775
1842,2021-03-14 21:33:41,2021-03-14 22:06:01,58.4,85.6,119.96733067810459,37.22051282051282,35.0
1843,2021-03-15 03:53:01,2021-03-15 04:19:33,66.8,90.8,120.70833414351851,33.82608695652174,30.559006211180126
1844,2021-03-15 11:55:36,2021-03-15 12:44:58,50.0,90.4,119.88363275233773,32.77897574123989,30.776280323450134
1845,2021-03-15 15:58:08,2021-03-15 16:32:41,64.4,92.8,116.96430362871678,34.52307692307692,33.0
1846,2021-03-15 23:01:11,2021-03-15 23:30:31,48.0,76.4,118.97400004890454,32.67796610169491,30.37853107344633
1847,2021-03-16 05:42:23,2021-03-16 06:12:03,31.6,61.6,116.13101217592595,31.262569832402235,28.748603351955307
1848,2021-03-16 06:12:24,2021-03-16 06:42:54,62.0,90.4,119.44738174882627,33.14673913043478,30.956521739130434
1849,2021-03-16 17:11:16,2021-03-16 17:40:36,19.6,48.4,119.25108637152779,33.836158192090394,32.55367231638418
1850,2021-03-16 17:40:57,2021-03-16 18:11:37,48.8,79.2,118.11680217470759,37.178378378378376,35.65405405405406
1851,2021-03-16 18:11:58,2021-03-16 18:37:28,79.6,97.6,125.31640077160495,38.006493506493506,37.0
1852,2021-03-16 23:36:04,2021-03-16 23:55:34,60.4,79.2,120.26375214243498,35.66949152542373,32.63559322033898
1853,2021-03-16 23:55:55,2021-03-17 00:21:35,79.2,97.6,121.70971497584546,36.0,33.0
1854,2021-03-17 07:55:14,2021-03-17 08:27:14,44.0,56.0,116.41786851851855,30.66321243523316,28.259067357512954
1855,2021-03-17 08:27:35,2021-03-17 08:58:35,56.0,67.2,120.84330009920635,31.016042780748663,29.0
1856,2021-03-17 08:58:56,2021-03-17 09:30:26,67.6,78.8,122.7158206845238,31.96842105263158,29.25263157894737
1857,2021-03-17 09:30:47,2021-03-17 09:56:47,79.2,88.4,123.38772826086955,32.0,30.0
1858,2021-03-17 09:57:08,2021-03-17 10:24:18,88.4,97.6,128.9161120169084,32.0,30.0
1859,2021-03-17 20:41:31,2021-03-17 21:11:01,60.0,88.4,119.18035749217523,33.162921348314605,31.50561797752809
1860,2021-03-19 06:56:53,2021-03-19 07:20:53,53.6,76.8,120.61721258381229,30.041379310344826,28.662068965517243
1861,2021-03-19 07:28:32,2021-03-19 07:53:12,82.4,97.6,120.50072934941534,31.046979865771814,30.0
1862,2021-03-19 20:07:31,2021-03-19 20:25:01,45.6,63.6,119.96914205246914,33.31132075471698,31.57547169811321
1863,2021-03-19 20:25:22,2021-03-19 20:50:32,64.0,88.8,119.38340843413981,34.48026315789474,32.82236842105263
1864,2021-03-20 12:24:09,2021-03-20 12:41:09,22.4,36.8,118.3902588734568,29.699029126213592,28.718446601941746
1865,2021-03-20 12:41:30,2021-03-20 13:10:50,37.2,62.4,116.77691534391539,32.15819209039548,31.25423728813559
1866,2021-03-20 13:11:11,2021-03-20 13:39:21,62.8,86.4,119.76402830743875,34.1,33.15294117647059
1867,2021-03-20 13:45:12,2021-03-20 14:01:52,87.2,97.6,120.60633012820523,35.0,34.0
1868,2021-03-21 01:56:42,2021-03-21 03:20:34,22.0,97.6,119.32261012051737,33.5015873015873,31.336507936507935
1869,2021-03-21 08:43:38,2021-03-21 09:13:08,44.0,53.6,115.74657899305558,29.415730337078653,26.0
1870,2021-03-21 09:27:52,2021-03-21 10:01:52,58.4,69.2,118.58029938271606,29.35609756097561,26.08780487804878
1871,2021-03-21 10:02:13,2021-03-21 10:35:33,69.2,79.6,120.72654914529927,29.0,26.0
1872,2021-03-21 10:35:54,2021-03-21 11:03:14,79.6,88.0,122.56619179894174,28.575757575757574,25.587878787878786
1873,2021-03-21 11:03:35,2021-03-21 11:31:35,88.0,96.4,122.132992063492,28.0,25.0
1874,2021-03-21 21:45:41,2021-03-21 22:13:01,25.6,52.8,117.54444076797388,24.87272727272727,22.884848484848487
1875,2021-03-21 22:13:22,2021-03-21 22:41:52,53.2,81.2,119.07838998015873,28.1046511627907,26.186046511627907
1876,2021-03-22 01:55:37,2021-03-22 02:51:40,56.8,97.6,121.77040673679194,28.43942992874109,25.270783847980997
1877,2021-03-22 15:44:51,2021-03-22 16:14:41,30.4,51.6,117.03482979559745,24.872222222222224,23.544444444444444
1878,2021-03-22 16:15:02,2021-03-22 16:44:12,51.6,72.8,114.419526336478,27.505681818181817,26.147727272727273
1879,2021-03-22 16:44:33,2021-03-22 17:13:03,73.2,92.0,122.82872864952719,28.651162790697676,27.412790697674417
1880,2021-03-23 08:41:43,2021-03-23 09:26:17,66.4,97.6,121.65664963942311,22.098507462686566,21.37313432835821
1881,2021-03-24 00:22:31,2021-03-24 01:20:41,28.8,86.4,117.85383245081019,25.331807780320368,23.993135011441648
1882,2021-03-24 17:48:25,2021-03-24 18:57:16,37.6,97.6,119.58677406018523,27.52998065764023,26.29787234042553
1883,2021-03-25 07:37:19,2021-03-25 07:54:52,48.0,57.6,117.80096281828708,25.916666666666668,25.324074074074073
1884,2021-03-25 07:55:13,2021-03-25 08:22:13,57.6,72.8,117.87193960160822,27.042944785276074,26.300613496932517
1885,2021-03-25 08:22:34,2021-03-25 08:52:54,72.8,89.6,119.81320816798944,28.0,27.060109289617486
1886,2021-03-25 19:03:26,2021-03-25 19:34:16,46.8,68.0,118.25210953878404,32.67204301075269,31.516129032258064
1887,2021-03-25 19:34:37,2021-03-25 20:04:17,68.0,88.4,119.60445356753806,33.754189944134076,32.1731843575419
1888,2021-03-26 17:11:54,2021-03-26 17:34:44,36.0,58.8,117.85393890107217,31.847826086956523,30.26086956521739
1889,2021-03-26 17:35:05,2021-03-26 18:07:45,59.2,90.0,120.36347366522367,34.51269035532995,32.95939086294416
1890,2021-03-27 01:54:58,2021-03-27 02:20:58,15.2,29.2,120.7659330753968,31.955414012738853,29.26751592356688
1891,2021-03-27 02:21:19,2021-03-27 02:53:19,29.2,47.2,117.92598518518518,33.181347150259064,30.93782383419689
1892,2021-03-27 02:53:40,2021-03-27 03:24:10,47.6,64.8,117.63732961886308,34.80434782608695,32.733695652173914
1893,2021-03-27 03:24:31,2021-03-27 03:54:11,65.2,81.6,120.01868411246622,35.77653631284916,33.452513966480446
1894,2021-03-27 03:54:32,2021-03-27 04:21:42,81.6,96.4,121.79622165915904,36.0,34.0
1895,2021-03-27 14:18:15,2021-03-27 14:34:45,38.8,47.6,120.88381351010094,30.2,29.09
1896,2021-03-27 14:35:06,2021-03-27 15:05:16,48.0,64.8,119.4096922949736,31.604395604395606,30.565934065934066
1897,2021-03-27 15:05:37,2021-03-27 15:25:07,65.2,76.0,120.06941435185188,32.24576271186441,31.220338983050848
1898,2021-03-27 20:40:17,2021-03-27 21:09:47,49.6,74.4,118.91520693324371,34.61797752808989,33.18539325842696
1899,2021-03-27 21:10:08,2021-03-27 21:42:28,74.4,97.6,121.75046348180084,35.825641025641026,34.0
1900,2021-03-28 09:01:46,2021-03-28 09:29:36,43.6,58.8,118.86236138706145,32.357142857142854,30.529761904761905
1901,2021-03-28 09:29:57,2021-03-28 09:59:37,58.8,75.6,117.47434664351854,33.59217877094972,31.93854748603352
1902,2021-03-28 09:59:58,2021-03-28 10:30:28,75.6,92.4,120.79858779761896,34.05434782608695,32.60326086956522
1903,2021-03-28 19:56:32,2021-03-28 21:13:15,29.6,97.6,120.26976095383989,36.30034722222222,34.30555555555556
1904,2021-03-29 16:01:21,2021-03-29 16:28:11,44.0,66.4,119.76438219246029,34.41975308641975,33.27160493827161
1905,2021-03-29 16:28:32,2021-03-29 17:00:02,66.8,92.0,120.03417107583772,35.51578947368421,34.305263157894736
1906,2021-03-29 20:17:04,2021-03-29 20:36:24,85.2,97.6,123.03092316308253,36.0,34.0
1907,2021-03-30 03:27:30,2021-03-30 03:44:20,40.4,56.8,119.42921070460706,32.59803921568628,29.96078431372549
1908,2021-03-30 03:44:41,2021-03-30 04:13:21,57.2,85.2,119.0759039186508,34.36416184971098,31.76300578034682
1909,2021-03-30 16:45:47,2021-03-30 17:18:07,22.8,43.2,120.64680671296297,33.6051282051282,32.30769230769231
1910,2021-03-30 17:18:28,2021-03-30 17:50:58,43.6,64.4,115.14959708867521,35.67857142857143,34.46938775510204
1911,2021-03-30 17:51:19,2021-03-30 18:19:29,64.4,81.2,118.2382757109789,36.72352941176471,35.0
1912,2021-03-30 18:19:50,2021-03-30 18:46:10,81.2,95.6,124.2727788387346,37.0,35.0
1913,2021-03-31 02:11:30,2021-03-31 02:37:40,38.4,64.4,117.37447013888887,35.38607594936709,33.04430379746835
1914,2021-03-31 10:41:11,2021-03-31 11:07:51,47.2,66.0,118.04077689125299,32.63975155279503,30.74534161490683
1915,2021-03-31 11:08:12,2021-03-31 11:40:52,66.0,88.0,120.2727058080808,33.431472081218274,31.99492385786802
1916,2021-03-31 17:25:32,2021-03-31 17:55:12,77.2,95.6,119.60751479468608,35.0,33.0
1917,2021-04-01 03:12:43,2021-04-01 03:32:53,21.6,34.0,122.03069545250898,30.549180327868854,28.66393442622951
1918,2021-04-01 03:33:14,2021-04-01 04:00:34,34.4,52.0,116.48990025252526,32.21212121212121,30.424242424242426
1919,2021-04-01 04:00:55,2021-04-01 04:30:55,52.0,71.2,117.281548755787,33.85635359116022,32.149171270718234
1920,2021-04-01 04:31:16,2021-04-01 05:03:16,71.6,91.2,122.32923547335595,34.51813471502591,33.0
1921,2021-04-01 10:31:06,2021-04-01 10:59:16,70.0,93.6,119.80874364406782,33.95882352941177,32.0
1922,2021-04-01 20:45:03,2021-04-01 21:03:43,16.4,34.4,121.17130864197532,35.230088495575224,33.14159292035398
1923,2021-04-01 21:33:37,2021-04-01 21:53:37,64.4,84.0,119.18510140306127,39.88429752066116,37.421487603305785
1924,2021-04-01 21:54:01,2021-04-01 22:11:01,84.4,95.6,126.68776078869057,40.0,38.0
1925,2021-04-02 02:40:47,2021-04-02 03:13:27,66.4,94.0,120.6456409520934,37.0507614213198,34.03045685279188
1926,2021-04-02 11:40:46,2021-04-02 12:13:26,40.8,72.8,118.5716332465278,35.12690355329949,33.16751269035533
1927,2021-04-02 12:13:47,2021-04-02 12:40:47,73.2,94.8,121.39469984567906,37.0,35.0
1928,2021-04-02 20:13:59,2021-04-02 21:32:50,26.8,97.6,120.13139042098243,39.72466216216216,37.76858108108108
1929,2021-04-03 02:28:31,2021-04-03 03:16:49,61.2,97.6,121.91022913232605,36.84022038567493,33.170798898071624
1930,2021-04-03 12:02:59,2021-04-03 12:33:49,56.0,81.6,120.140526421441,37.123655913978496,35.56989247311828
1931,2021-04-03 12:34:10,2021-04-03 12:54:40,82.0,95.6,125.31350091911769,38.0,36.0
1932,2021-04-04 08:59:13,2021-04-04 09:26:43,34.0,62.0,115.41071517857142,32.03012048192771,30.795180722891565
1933,2021-04-04 09:27:04,2021-04-04 09:57:34,62.4,90.8,118.6306818759781,34.57065217391305,33.45108695652174
1934,2021-04-04 17:37:16,2021-04-04 18:02:06,45.2,70.0,116.91253108198924,32.20666666666666,30.293333333333333
1935,2021-04-04 18:02:27,2021-04-04 18:30:07,70.4,93.6,120.57531633141767,33.68263473053892,31.78443113772455
1936,2021-04-05 02:53:14,2021-04-05 03:23:54,16.4,29.2,116.13283832465278,29.0,27.0
1937,2021-04-05 03:24:15,2021-04-05 03:56:15,29.2,42.4,115.1683778409091,29.922279792746114,27.787564766839377
1938,2021-04-05 03:56:36,2021-04-05 04:24:46,42.4,54.0,112.73349461206894,31.0,28.86470588235294
1939,2021-04-05 04:25:07,2021-04-05 04:55:27,54.0,66.0,113.89007638888889,31.918032786885245,29.0
1940,2021-04-05 04:55:48,2021-04-05 05:25:38,66.0,77.2,117.65007762896822,31.988888888888887,29.0
1941,2021-04-05 05:25:59,2021-04-05 05:54:49,77.2,87.6,120.34322489316244,31.04597701149425,29.0
1942,2021-04-05 05:55:10,2021-04-05 06:18:50,87.6,95.6,123.98441041666663,31.0,29.0
1943,2021-04-05 17:01:07,2021-04-05 17:31:57,13.2,33.2,115.11116249999999,30.161290322580644,29.107526881720432
1944,2021-04-05 17:32:18,2021-04-05 18:01:48,33.2,52.0,117.16317287234048,31.865168539325843,30.719101123595507
1945,2021-04-05 18:02:09,2021-04-05 18:32:09,52.0,70.0,124.43986990740743,33.74033149171271,32.64088397790055
1946,2021-04-05 18:32:30,2021-04-05 19:04:53,70.4,89.6,125.9164316550927,34.746192893401016,33.101522842639596
1947,2021-04-05 23:52:15,2021-04-06 00:46:58,51.2,97.6,120.31877019576152,33.35036496350365,30.579075425790755
1948,2021-04-06 05:05:37,2021-04-06 05:33:37,72.8,95.6,119.33296917641327,32.928994082840234,30.035502958579883
1949,2021-04-06 07:55:57,2021-04-06 08:27:34,73.6,97.6,119.9067257175926,31.0,28.0
1950,2021-04-06 16:10:46,2021-04-06 16:53:28,42.0,84.4,118.63858191168764,34.90654205607477,33.29283489096573
1951,2021-04-07 03:05:05,2021-04-07 04:40:04,10.0,97.6,118.85056775431254,34.5820476858345,32.55399719495091
1952,2021-04-08 11:43:23,2021-04-08 13:10:12,18.4,97.6,118.02056878858028,29.57886676875957,27.695252679938744
1953,2021-04-08 19:44:40,2021-04-08 20:23:29,65.6,97.6,118.76992982638892,28.51027397260274,26.421232876712327
1954,2021-04-09 18:41:57,2021-04-09 18:59:27,21.6,38.8,118.96157655038763,24.056603773584907,22.80188679245283
1955,2021-04-09 18:59:48,2021-04-09 19:26:28,39.2,66.4,114.6339002757353,27.440993788819874,26.06832298136646
1956,2021-04-09 19:26:49,2021-04-09 19:55:09,66.8,92.0,118.00321092372133,29.730994152046783,28.57894736842105
1957,2021-04-10 03:22:40,2021-04-10 03:50:30,45.6,73.2,118.73189950684377,30.291666666666668,27.791666666666668
1958,2021-04-10 03:50:51,2021-04-10 04:20:41,73.6,96.8,120.80221012931037,31.82777777777778,29.65
1959,2021-04-10 20:21:39,2021-04-10 20:49:29,74.0,95.6,120.57226819701654,28.851190476190474,27.511904761904763
1960,2021-04-11 17:26:35,2021-04-11 17:53:25,46.4,63.6,115.48127616279069,33.52469135802469,31.641975308641975
1961,2021-04-11 17:53:46,2021-04-11 18:23:36,63.6,81.6,117.57949166666668,34.0,32.0
1962,2021-04-11 18:23:57,2021-04-11 18:47:07,81.6,94.8,119.9463518518518,34.0,32.0
1963,2021-04-12 03:37:10,2021-04-12 03:58:30,29.2,50.4,118.35955116614254,32.13178294573643,29.96124031007752
1964,2021-04-12 03:58:51,2021-04-12 04:25:11,50.8,77.6,115.72555534825872,34.64779874213836,32.44654088050314
1965,2021-04-12 04:25:32,2021-04-12 04:52:32,78.0,97.6,124.05187996031752,35.877300613496935,33.0
1966,2021-04-12 17:49:48,2021-04-12 18:15:58,18.4,36.8,118.74549471618359,34.639240506329116,33.35443037974684
1967,2021-04-12 18:16:19,2021-04-12 18:44:19,36.8,57.2,114.60786601307188,36.81065088757396,35.396449704142015
1968,2021-04-12 18:44:40,2021-04-12 19:13:10,57.6,78.0,116.65443504901963,38.31395348837209,37.0
1969,2021-04-13 03:19:05,2021-04-13 03:46:35,14.8,42.0,117.99888383374184,31.813253012048193,28.843373493975903
1970,2021-04-13 03:46:56,2021-04-13 04:13:16,42.0,68.8,114.71083001658377,34.735849056603776,32.15094339622642
1971,2021-04-13 04:13:37,2021-04-13 04:43:37,68.8,94.0,121.21418154761905,36.005524861878456,33.67955801104972
1972,2021-04-13 13:51:42,2021-04-13 14:21:42,32.4,62.8,114.71219490131581,35.23756906077348,33.75690607734806
1973,2021-04-13 14:22:03,2021-04-13 14:47:33,63.2,88.0,119.53015462589607,37.506493506493506,36.175324675324674
1974,2021-04-14 08:13:33,2021-04-14 08:41:33,51.2,79.2,117.91469935515873,29.98224852071006,28.88757396449704
1975,2021-04-14 08:41:54,2021-04-14 09:07:14,79.6,97.6,123.25772947530864,31.568627450980394,30.562091503267975
1976,2021-04-14 22:36:26,2021-04-14 22:54:05,39.6,51.2,114.13314343869732,33.66355140186916,32.28971962616822
1977,2021-04-14 22:54:26,2021-04-14 23:26:06,51.2,71.6,116.55298154956431,34.952879581151834,33.66492146596859
1978,2021-04-14 23:26:27,2021-04-14 23:50:27,72.0,86.8,121.79806569069072,36.0,34.0
1979,2021-04-15 21:55:11,2021-04-15 23:20:06,15.6,87.6,117.7771814216821,31.309859154929576,29.92488262910798
1980,2021-04-16 15:43:59,2021-04-16 16:33:29,44.8,91.2,118.50168156130268,27.379032258064516,26.032258064516128
1981,2021-04-17 01:43:47,2021-04-17 02:43:02,35.6,91.6,118.41014686755953,29.58876404494382,28.325842696629213
1982,2021-04-17 23:01:01,2021-04-17 23:29:11,43.2,71.2,115.50296676587301,30.929411764705883,29.470588235294116
1983,2021-04-17 23:29:32,2021-04-17 23:57:02,71.2,93.6,120.8903741319445,32.72289156626506,31.457831325301203
1984,2021-04-18 14:40:57,2021-04-18 16:10:25,21.2,93.200005,117.25320475324969,31.829123328380387,30.526002971768204
1985,2021-04-20 05:03:28,2021-04-20 05:43:36,55.600002,87.6,118.02536784880775,25.52317880794702,24.662251655629138
1986,2021-04-20 15:40:50,2021-04-20 16:54:27,23.6,93.2,117.57437367097702,31.875226039783,30.564195298372514
1987,2021-04-21 05:36:13,2021-04-21 06:56:57,24.4,97.6,117.79868880540378,30.856435643564357,29.1006600660066
1988,2021-04-21 17:41:10,2021-04-21 18:59:18,24.4,96.4,118.03750282716048,37.028960817717206,35.64906303236797
1989,2021-04-22 06:20:10,2021-04-22 06:47:30,44.0,59.6,116.524188034188,30.496969696969696,28.757575757575758
1990,2021-04-22 06:47:51,2021-04-22 07:17:21,60.0,76.4,119.64766937669373,31.4438202247191,30.0
1991,2021-04-22 07:17:42,2021-04-22 07:45:22,76.8,92.0,121.07910352704678,32.0,30.61676646706587
1992,2021-04-22 20:27:34,2021-04-22 20:54:54,39.2,66.4,117.5551657986111,35.654545454545456,34.24242424242424
1993,2021-04-22 20:55:15,2021-04-22 21:24:35,66.8,92.8,119.15119455128207,37.44632768361582,35.87005649717514
1994,2021-04-23 01:20:05,2021-04-23 01:45:02,66.0,80.8,119.01353081831836,36.0,33.0
1995,2021-04-23 22:13:23,2021-04-23 22:37:53,36.8,61.6,115.06383792562723,37.16891891891892,35.99324324324324
1996,2021-04-23 22:38:14,2021-04-23 23:06:34,61.6,89.2,118.31521573067634,39.292397660818715,37.90643274853801
1997,2021-04-24 11:39:53,2021-04-24 12:07:23,44.8,67.6,117.74489577241718,34.39156626506024,32.63253012048193
1998,2021-04-24 12:07:44,2021-04-24 12:38:14,68.0,90.8,121.22259892787525,35.33695652173913,33.92934782608695
1999,2021-04-24 15:54:39,2021-04-24 16:19:59,55.2,80.4,117.3556068121693,38.98039215686274,37.73202614379085
2000,2021-04-24 16:20:20,2021-04-24 16:44:49,80.4,97.6,121.54611455910857,40.0,38.0
2001,2021-04-25 01:35:37,2021-04-25 01:58:27,53.6,68.4,115.40445673798796,34.0,31.855072463768117
2002,2021-04-25 01:58:48,2021-04-25 02:27:28,68.4,86.4,119.17898580246913,34.06936416184971,32.0
2003,2021-04-25 02:27:49,2021-04-25 02:46:09,86.8,97.6,122.24148405349797,35.0,32.387387387387385
2004,2021-04-25 15:52:11,2021-04-25 16:25:57,4.4,23.2,117.74532734190306,32.0,30.121951219512194
2005,2021-04-25 16:26:18,2021-04-25 16:53:08,23.6,38.8,117.49998099415207,32.4320987654321,30.746913580246915
2006,2021-04-25 16:53:29,2021-04-25 17:23:59,38.8,56.0,118.01677583979327,33.891304347826086,32.375
2007,2021-04-25 17:24:20,2021-04-25 17:53:40,56.4,72.8,119.03199127710027,35.0,33.0
2008,2021-04-25 17:54:01,2021-04-25 18:24:41,72.8,89.2,124.45543335027098,35.0,33.25405405405405
2009,2021-04-26 03:09:57,2021-04-26 03:38:37,17.6,33.6,119.28904696180555,31.526011560693643,28.953757225433527
2010,2021-04-26 03:38:58,2021-04-26 04:05:58,34.0,49.2,118.33241072733918,32.95705521472393,30.45398773006135
2011,2021-04-26 04:06:19,2021-04-26 04:33:49,49.6,65.6,114.51388194444449,34.3855421686747,31.843373493975903
2012,2021-04-26 04:34:10,2021-04-26 05:07:10,65.6,84.0,119.48670712560381,35.0,32.321608040201006
2013,2021-04-26 05:07:31,2021-04-26 05:24:01,84.4,93.2,124.90213667929295,35.0,33.0
2014,2021-04-26 16:30:46,2021-04-26 16:59:26,28.8,57.6,116.03876784336418,32.0635838150289,30.179190751445088
2015,2021-04-26 16:59:47,2021-04-26 17:23:37,58.0,81.6,117.68773887711868,34.673611111111114,32.75
2016,2021-04-27 00:52:27,2021-04-27 01:19:07,21.2,38.0,118.55824206349209,29.5527950310559,27.434782608695652
2017,2021-04-27 01:19:28,2021-04-27 01:51:28,38.0,58.8,115.02537913995725,31.756476683937823,29.678756476683937
2018,2021-04-27 01:51:49,2021-04-27 02:21:39,59.2,78.0,118.65026987293147,33.0,31.127777777777776
2019,2021-04-27 02:22:00,2021-04-27 02:51:30,78.4,96.0,123.1952075441919,33.859550561797754,32.0
2020,2021-04-27 17:10:39,2021-04-27 17:35:39,28.4,44.4,116.69622413194445,27.70198675496689,25.887417218543046
2021,2021-04-27 17:36:00,2021-04-27 18:01:50,44.8,61.6,114.8380072751323,29.583333333333332,27.884615384615383
2022,2021-04-27 18:02:11,2021-04-27 18:33:31,62.0,81.6,119.4621840277778,30.925925925925927,29.08994708994709
2023,2021-04-28 00:58:35,2021-04-28 01:18:45,17.2,36.8,120.20267524092974,30.114754098360656,27.418032786885245
2024,2021-04-28 01:19:06,2021-04-28 01:50:06,37.2,68.4,115.98513799857551,33.44919786096256,30.754010695187166
2025,2021-04-29 01:49:17,2021-04-29 02:13:59,49.2,73.6,118.78813439207654,24.633333333333333,23.446666666666665
2026,2021-04-29 05:47:59,2021-04-29 06:37:29,51.2,91.6,119.32405965690323,26.182795698924732,25.080645161290324
2027,2021-04-30 07:53:15,2021-04-30 09:13:11,18.4,93.6,117.44159099992615,29.901666666666667,28.84
2028,2021-04-30 18:28:05,2021-04-30 18:56:25,34.0,62.8,114.49219902584879,37.941520467836256,36.538011695906434
2029,2021-04-30 18:56:46,2021-04-30 19:13:41,62.8,79.6,117.14246011078045,40.0,38.359223300970875
2030,2021-04-30 19:14:02,2021-04-30 19:39:20,80.0,97.6,124.97382323232328,40.967320261437905,39.0
2031,2021-05-02 13:04:55,2021-05-02 13:31:45,24.8,42.0,117.27310675064604,30.54320987654321,28.734567901234566
2032,2021-05-02 13:32:06,2021-05-02 14:00:26,42.4,60.4,115.09647291666667,32.39766081871345,30.54385964912281
2033,2021-05-02 14:00:47,2021-05-02 14:30:27,60.8,78.4,118.05084019886358,33.089385474860336,31.92737430167598
2034,2021-05-02 14:30:48,2021-05-02 15:00:28,78.8,95.2,121.78355436991866,34.0,32.0
2035,2021-05-02 23:46:04,2021-05-03 00:39:11,38.4,90.0,117.70699001399656,30.551378446115287,27.583959899749374
2036,2021-05-03 22:13:34,2021-05-03 22:47:54,33.2,65.6,114.79895417524011,31.256038647342994,29.652173913043477
2037,2021-05-03 22:48:15,2021-05-03 23:17:55,66.0,91.6,118.59863834635418,33.63687150837989,32.29608938547486
2038,2021-05-04 06:19:39,2021-05-04 06:37:16,92.4,96.0,111.68297671296314,29.0,28.0
2039,2021-05-05 13:57:23,2021-05-05 14:57:15,45.600002,97.6,119.47073737280618,32.14888888888889,30.371111111111112
2040,2021-05-06 03:05:32,2021-05-06 03:23:52,62.4,80.4,118.7623404320987,31.83783783783784,30.1981981981982
2041,2021-05-06 08:07:37,2021-05-06 08:26:07,51.2,69.6,117.57474486714985,32.169642857142854,29.991071428571427
2042,2021-05-06 08:26:28,2021-05-06 08:57:28,70.0,95.2,120.73909595458554,33.01069518716577,31.0
2043,2021-05-06 16:39:58,2021-05-06 17:05:58,64.0,89.6,116.63194731987852,36.0,34.503184713375795
2044,2021-05-07 00:04:34,2021-05-07 01:00:41,49.2,97.6,119.39434757231409,35.72748815165877,33.53317535545024
2045,2021-05-11 20:52:34,2021-05-11 21:16:04,47.2,67.2,117.75071229166667,36.471830985915496,35.38732394366197
2046,2021-05-11 21:45:56,2021-05-11 22:09:26,81.2,97.6,121.37026405826563,37.0,36.0
2047,2021-05-12 20:43:50,2021-05-12 21:12:40,34.4,59.6,115.85210130070544,37.9367816091954,36.35057471264368
2048,2021-05-12 21:13:01,2021-05-12 21:39:41,60.0,82.8,118.4728653143275,39.745341614906835,38.0
2049,2021-05-12 21:40:02,2021-05-12 22:02:02,83.2,97.6,126.4921106288581,40.0,38.29323308270677
2050,2021-05-13 03:07:52,2021-05-13 03:38:33,67.2,93.2,112.77088704594014,38.64935064935065,35.96536796536797
2051,2021-05-13 15:45:54,2021-05-13 16:07:14,21.2,43.6,117.42498034474205,36.0,34.68217054263566
2052,2021-05-13 16:07:35,2021-05-13 16:34:55,44.0,73.2,115.43332196537288,39.2060606060606,37.945454545454545
2053,2021-05-13 16:35:16,2021-05-13 16:53:06,73.6,90.4,119.08731307870366,40.77777777777778,39.351851851851855
2054,2021-05-14 13:24:35,2021-05-14 13:56:35,12.0,44.0,117.54123676215278,34.90155440414508,33.67875647668394
2055,2021-05-14 13:56:56,2021-05-14 14:26:46,44.4,74.8,115.39565899122807,38.31666666666667,37.144444444444446
2056,2021-05-14 14:27:07,2021-05-14 14:50:30,74.8,94.0,121.08652119502314,39.7887323943662,38.2112676056338
2057,2021-05-15 00:01:02,2021-05-15 00:31:02,16.0,45.6,118.24606212462463,39.0,36.591160220994475
2058,2021-05-15 00:31:23,2021-05-15 01:00:03,46.0,74.8,116.0638536361883,42.213872832369944,39.4393063583815
2059,2021-05-15 06:10:36,2021-05-15 06:28:46,38.8,57.2,115.83709835446851,37.70909090909091,34.53636363636364
2060,2021-05-15 06:29:07,2021-05-15 06:58:17,57.6,86.4,118.87296262538578,39.49431818181818,36.67613636363637
2061,2021-05-15 06:58:38,2021-05-15 07:16:18,86.8,97.6,127.0332193930042,40.0,37.0
2062,2021-05-15 13:20:12,2021-05-15 13:43:32,47.2,70.4,117.05639727011494,39.47517730496454,38.0354609929078
2063,2021-05-15 13:43:53,2021-05-15 14:13:13,70.8,94.8,121.06598605324075,40.85310734463277,39.41242937853107
2064,2021-05-15 22:56:16,2021-05-15 23:17:16,28.4,40.0,117.63887725095783,37.52755905511811,35.110236220472444
2065,2021-05-15 23:17:37,2021-05-15 23:44:27,40.4,56.0,114.50229780982903,38.648148148148145,36.370370370370374
2066,2021-05-15 23:44:48,2021-05-16 00:13:38,56.0,72.8,114.28156704695769,39.867816091954026,37.0
2067,2021-05-16 00:13:59,2021-05-16 00:36:20,72.8,85.2,119.9930387320788,40.0,37.0
2068,2021-05-16 04:07:38,2021-05-16 04:31:58,70.0,83.6,116.7616405433007,37.0,35.0
2069,2021-05-16 12:10:03,2021-05-16 12:54:29,43.2,87.6,116.58932384884888,39.69776119402985,38.115671641791046
2070,2021-05-16 21:18:46,2021-05-16 21:42:26,21.6,44.8,118.6997261135058,39.67832167832168,37.58741258741259
2071,2021-05-16 21:42:47,2021-05-16 22:12:57,45.2,75.6,115.52084228801176,42.467032967032964,40.28021978021978
2072,2021-05-16 23:53:47,2021-05-17 00:18:57,69.6,85.6,117.88889383680554,42.0,39.0
2073,2021-05-17 00:19:18,2021-05-17 00:39:05,85.6,97.6,119.63309120370369,42.0,39.0
2074,2021-05-17 13:31:28,2021-05-17 13:56:28,13.6,38.4,117.47927940188174,38.5364238410596,36.86754966887417
2075,2021-05-17 13:56:49,2021-05-17 14:19:44,38.8,61.6,117.11257188109161,41.12230215827338,39.49640287769784
2076,2021-05-17 16:10:01,2021-05-17 16:33:51,80.4,97.6,122.20931815245486,42.923611111111114,41.0
2077,2021-05-18 15:20:55,2021-05-18 15:42:15,22.0,39.6,121.29735700757574,35.91472868217054,34.50387596899225
2078,2021-05-18 15:42:36,2021-05-18 16:09:36,40.0,63.6,114.53391101694915,38.15337423312884,36.77914110429448
2079,2021-05-18 16:09:57,2021-05-18 16:38:23,64.0,88.0,118.64365140046296,39.53757225433526,38.0
2080,2021-05-19 01:51:35,2021-05-19 02:17:55,30.0,44.8,118.32204241741746,35.679245283018865,33.65408805031446
2081,2021-05-19 02:18:16,2021-05-19 02:45:36,45.2,61.2,113.60413819444443,37.339393939393936,35.27878787878788
2082,2021-05-19 02:45:57,2021-05-19 03:12:07,61.2,76.4,114.4827933114035,38.0,36.0
2083,2021-05-19 08:44:14,2021-05-19 09:59:45,28.4,97.6,118.17208272318564,38.29276895943563,36.3068783068783
2084,2021-05-19 20:16:29,2021-05-19 20:44:39,38.8,49.6,113.44911754115226,39.0,37.705882352941174
2085,2021-05-19 20:45:00,2021-05-19 21:12:20,49.6,60.0,114.32696688034194,39.86666666666667,38.41818181818182
2086,2021-05-19 21:12:41,2021-05-19 21:33:01,60.0,67.6,116.38162353801182,40.0,39.0
2087,2021-05-20 02:25:40,2021-05-20 02:53:00,11.2,38.8,115.52485763888892,38.39393939393939,36.18181818181818
2088,2021-05-20 02:53:21,2021-05-20 03:21:51,39.2,68.0,115.4513888888889,41.22093023255814,38.91279069767442
2089,2021-05-20 03:22:12,2021-05-20 03:58:57,68.4,97.6,122.10878821822686,43.0,40.432432432432435
2090,2021-05-20 12:11:32,2021-05-20 12:42:32,40.0,57.6,115.49400284090909,37.898395721925134,36.0855614973262
2091,2021-05-20 12:42:53,2021-05-20 13:10:23,58.0,73.6,117.52314832621089,39.0,37.05421686746988
2092,2021-05-20 18:23:46,2021-05-20 18:50:46,77.6,97.6,120.03195423611108,40.0,38.36196319018405
2093,2021-05-21 03:01:06,2021-05-21 03:44:10,30.800001,74.0,116.27520657015653,39.03086419753087,36.52160493827161
2094,2021-05-21 06:14:19,2021-05-21 06:36:59,48.0,67.6,116.12174178004537,39.42335766423358,36.394160583941606
2095,2021-05-21 06:37:20,2021-05-21 07:08:10,68.0,92.8,119.00538368055558,40.0,37.0
2096,2021-05-21 13:38:52,2021-05-21 14:08:32,44.8,64.0,115.8405626446759,40.25698324022346,38.63128491620112
2097,2021-05-21 19:35:50,2021-05-21 21:05:38,14.8,97.6,117.5840128723833,41.79080118694362,39.26706231454006
2098,2021-05-22 22:18:27,2021-05-22 23:25:26,37.6,97.6,118.39489250694446,39.09940357852883,37.48111332007952
2099,2021-05-23 06:27:18,2021-05-23 06:47:18,84.0,97.6,118.34253676470593,36.289256198347104,34.0
2100,2021-05-24 02:20:38,2021-05-24 02:55:08,29.6,64.8,114.23453740530309,38.6875,37.15865384615385
2101,2021-05-24 02:55:29,2021-05-24 03:17:59,64.8,87.2,117.05481857638887,41.00735294117647,39.18382352941177
2102,2021-05-25 03:03:21,2021-05-25 03:26:11,12.4,36.0,112.91431603107343,33.369565217391305,32.22463768115942
2103,2021-05-25 03:26:32,2021-05-25 03:53:22,36.4,63.6,115.1286796364379,36.08641975308642,34.7962962962963
2104,2021-05-25 03:53:43,2021-05-25 04:23:03,64.0,91.2,119.45721425653595,38.03954802259887,36.610169491525426
2105,2021-05-25 14:45:50,2021-05-25 15:02:30,38.0,52.4,115.89025000000002,36.02970297029703,34.633663366336634
2106,2021-05-25 15:02:51,2021-05-25 15:30:01,52.8,76.0,117.24857740660919,37.792682926829265,36.6280487804878
2107,2021-05-25 15:30:22,2021-05-25 15:55:22,76.4,94.8,120.8937341485508,39.0,37.64238410596027
2108,2021-05-26 02:13:09,2021-05-26 02:47:49,16.0,39.2,114.32112835249042,35.07177033492823,32.60765550239235
2109,2021-05-26 02:48:10,2021-05-26 03:20:30,39.2,60.0,115.26644370993593,37.08717948717949,34.58974358974359
2110,2021-05-26 03:20:51,2021-05-26 03:50:31,60.4,78.0,119.37343931502524,38.0,35.92178770949721
2111,2021-05-26 03:50:52,2021-05-26 04:11:44,78.4,90.0,123.39130045498092,38.0,36.0
2112,2021-05-26 09:58:11,2021-05-26 10:30:01,52.4,79.2,117.73268485696515,36.473958333333336,33.375
2113,2021-05-26 10:30:22,2021-05-26 10:49:42,79.6,93.6,119.66467331349206,37.0,34.0
2114,2021-05-26 17:22:34,2021-05-26 17:47:24,44.8,70.0,116.290814484127,38.04,36.10666666666667
2115,2021-05-26 17:47:45,2021-05-26 18:11:15,70.4,91.6,118.71791751834388,39.528169014084504,37.767605633802816
2116,2021-05-27 01:15:25,2021-05-27 02:13:44,25.2,83.6,116.19669324105786,38.31506849315068,36.04109589041096
2117,2021-05-27 12:18:18,2021-05-27 12:38:08,45.2,65.2,116.45763256944446,38.325,36.975
2118,2021-05-27 18:10:55,2021-05-27 19:46:03,17.2,95.6,117.48460687535433,40.705882352941174,39.03921568627451
2119,2021-05-28 04:43:40,2021-05-28 05:14:20,31.2,62.4,115.2564100783476,36.41081081081081,34.372972972972974
2120,2021-05-28 05:14:41,2021-05-28 05:45:11,62.8,91.2,118.85220001956178,38.65217391304348,36.755434782608695
2121,2021-05-28 17:33:44,2021-05-28 18:02:04,38.0,65.6,115.54047252415465,44.239766081871345,42.485380116959064
2122,2021-05-28 18:02:25,2021-05-28 18:26:15,66.0,86.8,118.70392487980772,46.0,44.03472222222222
2123,2021-05-29 00:15:08,2021-05-29 00:36:18,44.8,65.6,119.0371430288462,40.59375,37.4609375
2124,2021-05-29 11:53:32,2021-05-29 12:22:12,24.8,43.2,117.33169067028986,36.15606936416185,34.346820809248555
2125,2021-05-29 12:22:33,2021-05-29 12:51:23,43.6,62.0,114.84453049516907,38.11494252873563,36.50574712643678
2126,2021-05-29 12:51:44,2021-05-29 13:18:34,62.4,78.4,117.8810939236111,39.0,37.77160493827161
2127,2021-05-29 21:01:18,2021-05-29 21:30:58,37.2,67.2,114.88335055555557,34.82122905027933,31.804469273743017
2128,2021-05-29 21:31:19,2021-05-29 22:00:19,67.6,92.8,119.13306227954146,36.77142857142857,33.83428571428571
2129,2021-05-30 01:30:48,2021-05-30 01:56:58,69.2,92.0,118.6421908503899,36.778481012658226,33.78481012658228
2130,2021-05-30 17:22:07,2021-05-30 17:41:47,36.8,56.8,115.72987361111113,38.705882352941174,36.773109243697476
2131,2021-05-30 17:42:08,2021-05-30 18:12:28,57.2,87.6,117.52331789108193,40.67213114754098,38.80874316939891
2132,2021-05-31 14:00:58,2021-05-31 14:32:08,39.6,62.0,114.08978199404763,37.755319148936174,35.755319148936174
2133,2021-05-31 19:37:52,2021-05-31 19:58:02,38.0,52.4,112.88195756172843,33.68852459016394,31.491803278688526
2134,2021-05-31 19:58:23,2021-05-31 20:30:03,52.4,74.4,114.96276571969697,34.973821989528794,32.916230366492144
2135,2021-05-31 20:30:24,2021-05-31 20:56:04,74.4,91.6,117.50728133074944,35.851612903225806,33.33548387096774
2136,2021-06-01 20:43:48,2021-06-01 21:22:24,16.0,54.8,116.07732030927833,30.7766323024055,28.432989690721648
2137,2021-06-01 21:23:56,2021-06-01 22:10:12,55.2,95.6,117.88916276127614,34.62931034482759,32.45402298850575
2138,2021-06-02 20:24:47,2021-06-02 21:50:11,28.8,97.6,117.39779526606912,32.30733229329173,30.26053042121685
2139,2021-06-03 14:02:14,2021-06-03 15:11:45,28.4,88.0,116.53749629241237,37.829827915869984,35.84321223709369
2140,2021-06-03 22:24:34,2021-06-03 23:19:00,25.2,80.0,115.55252833536092,39.07334963325184,37.205378973105134
2141,2021-06-04 13:02:43,2021-06-04 13:22:23,24.4,41.2,116.65016468253968,29.33613445378151,27.025210084033613
2142,2021-06-04 13:22:44,2021-06-04 13:51:04,41.6,66.4,113.87324350358423,31.333333333333332,29.23391812865497
2143,2021-06-04 13:51:25,2021-06-04 14:15:15,66.4,86.8,116.51894247004364,32.638888888888886,30.6875
2144,2021-06-04 20:52:15,2021-06-04 21:41:43,47.600002,93.200005,117.60160205837413,32.37903225806452,30.86021505376344
2145,2021-06-05 11:02:31,2021-06-05 11:25:51,36.8,41.6,116.86348408564807,28.0,26.070921985815602
2146,2021-06-05 11:26:12,2021-06-05 11:53:32,41.6,47.2,111.82047271825392,28.206060606060607,26.842424242424244
2147,2021-06-05 11:53:53,2021-06-05 12:22:13,47.2,52.8,110.029826388889,29.0,27.023391812865498
2148,2021-06-05 12:22:34,2021-06-05 12:53:24,52.8,58.4,115.3522341269841,29.376344086021504,27.989247311827956
2149,2021-06-05 12:53:45,2021-06-05 13:23:35,58.4,64.0,112.89935887896823,30.0,28.0
2150,2021-06-05 13:23:56,2021-06-05 13:54:36,64.0,70.0,109.75237291666666,30.0,28.0
2151,2021-06-05 13:54:57,2021-06-05 14:22:17,70.0,74.8,122.88489756944452,30.0,28.0
2152,2021-06-05 14:22:38,2021-06-05 14:49:58,75.2,80.0,124.38663339120377,30.0,28.0
2153,2021-06-05 14:50:19,2021-06-05 15:18:39,80.0,85.2,119.9840352564102,30.0,28.0
2154,2021-06-05 23:52:43,2021-06-06 00:21:53,9.6,38.8,116.586766314688,33.61931818181818,32.44318181818182
2155,2021-06-06 00:22:14,2021-06-06 00:51:24,39.2,68.8,114.97373123123127,36.76704545454545,35.48295454545455
2156,2021-06-06 00:51:45,2021-06-06 01:17:25,69.2,91.6,121.15824200148815,38.541935483870965,37.0
2157,2021-06-06 11:13:26,2021-06-06 12:07:37,34.8,88.4,117.12871603182005,35.25061425061425,33.285012285012286
2158,2021-06-06 16:54:03,2021-06-06 17:18:43,60.8,85.2,118.04873764799633,39.76510067114094,38.38255033557047
2159,2021-06-06 17:19:04,2021-06-06 17:44:54,85.6,99.2,126.16832312091495,40.0,39.0
2160,2021-06-07 17:42:29,2021-06-07 18:10:19,24.0,42.0,115.97222222222223,37.767857142857146,35.732142857142854
2161,2021-06-07 18:10:40,2021-06-07 18:42:00,42.0,62.8,112.98076923076925,39.47089947089947,36.957671957671955
2162,2021-06-07 18:42:21,2021-06-07 19:11:01,63.2,81.2,119.44444444444444,40.0,37.0
2163,2021-06-07 19:11:22,2021-06-07 19:38:22,81.6,97.6,123.19963984374999,40.0,37.0
2164,2021-06-08 13:46:06,2021-06-08 14:11:06,42.0,67.2,115.8217673611111,37.43046357615894,36.211920529801326
2165,2021-06-08 14:11:27,2021-06-08 14:35:47,67.6,90.4,118.79326474171535,39.34013605442177,38.265306122448976
2166,2021-06-09 17:47:46,2021-06-09 19:27:42,15.2,96.8,117.32574819410404,40.856,39.41866666666667
2167,2021-06-10 01:05:45,2021-06-10 01:40:18,65.2,94.8,119.31490192849104,38.60769230769231,35.64230769230769
2168,2021-06-10 13:26:44,2021-06-10 13:49:14,31.6,54.4,116.27377528021444,37.220588235294116,35.60294117647059
2169,2021-06-10 13:49:35,2021-06-10 14:12:35,54.8,78.0,116.82473192049807,39.60431654676259,37.78417266187051
2170,2021-06-11 00:28:37,2021-06-11 00:57:17,32.0,60.8,115.75667153742289,35.971098265895954,34.040462427745666
2171,2021-06-11 00:57:38,2021-06-11 01:27:08,61.2,89.6,117.39829557902976,38.449438202247194,36.50561797752809
2172,2021-06-11 17:30:01,2021-06-11 17:49:51,21.6,38.8,116.24516351744192,34.50833333333333,33.15833333333333
2173,2021-06-11 17:50:12,2021-06-11 18:20:32,39.2,65.2,114.04221052350427,36.80327868852459,35.2896174863388
2174,2021-06-11 18:20:53,2021-06-11 18:46:23,65.6,85.6,118.34098097222223,38.0,36.0
2175,2021-06-11 18:46:44,2021-06-11 19:05:54,85.6,97.6,122.5972400462963,38.0,36.06896551724138
2176,2021-06-12 02:06:53,2021-06-12 02:35:23,64.0,90.8,116.46248035862357,35.901162790697676,33.94767441860465
2177,2021-06-12 10:04:33,2021-06-12 10:37:03,60.0,91.2,116.75884481837609,35.66326530612245,34.16326530612245
2178,2021-06-12 20:34:17,2021-06-12 20:51:22,67.6,82.4,115.36974821696688,33.0,31.906976744186046
2179,2021-06-13 03:49:27,2021-06-13 05:43:24,26.0,63.6,114.65718703457443,32.085380116959065,30.389473684210525
2180,2021-06-13 05:45:01,2021-06-13 07:34:50,63.2,97.6,119.75568994670542,33.0,31.228155339805824
2181,2021-06-14 07:28:14,2021-06-14 07:52:44,36.8,61.6,115.17921751792113,30.20945945945946,29.39189189189189
2182,2021-06-14 07:53:05,2021-06-14 08:22:25,62.0,90.4,116.36199902190923,32.59322033898305,31.649717514124294
2183,2021-06-15 15:11:19,2021-06-15 15:37:59,36.8,54.8,112.88119344135801,36.15527950310559,34.07453416149068
2184,2021-06-15 15:38:20,2021-06-15 16:02:20,54.8,70.4,112.87661752136746,37.86896551724138,35.87586206896552
2185,2021-06-16 00:42:42,2021-06-16 01:38:12,37.2,91.2,117.0113585313786,36.381294964028775,34.8705035971223
2186,2021-06-16 19:55:46,2021-06-16 20:20:56,22.8,48.0,116.57904017857143,38.44078947368421,35.24342105263158
2187,2021-06-16 20:21:17,2021-06-16 20:52:27,48.4,79.6,116.49662117165246,41.27127659574468,38.1436170212766
2188,2021-06-16 20:52:48,2021-06-16 21:16:38,80.0,97.6,122.8353905460859,42.0,39.0
2189,2021-06-17 11:27:14,2021-06-17 11:47:44,53.2,70.4,118.7379196543928,35.49193548387097,34.12096774193548
2190,2021-06-17 11:48:05,2021-06-17 12:18:25,70.8,94.8,117.34493142361111,36.622950819672134,35.387978142076506
2191,2021-06-17 21:27:22,2021-06-17 22:03:56,49.6,86.0,116.92339299450552,37.38545454545454,35.556363636363635
2192,2021-06-17 22:05:40,2021-06-17 22:23:01,85.6,97.6,116.78775560185188,38.0,36.9236641221374
2193,2021-06-18 15:13:51,2021-06-18 15:40:08,55.6,81.6,117.58473684829063,37.474747474747474,36.121212121212125
2194,2021-06-18 18:55:09,2021-06-18 19:23:29,52.8,79.2,117.67048290193604,40.865497076023395,39.14035087719298
2195,2021-06-19 03:33:22,2021-06-19 04:45:57,30.8,97.6,117.62017203717568,39.35412844036697,36.93577981651376
2196,2021-06-19 17:31:33,2021-06-19 17:58:53,28.0,45.6,116.4772727272727,40.333333333333336,39.236363636363635
2197,2021-06-19 17:59:14,2021-06-19 18:28:34,46.0,65.2,114.58333333333333,42.271186440677965,41.23163841807909
2198,2021-06-19 18:28:55,2021-06-19 19:01:15,65.6,86.0,118.87254901960782,43.0,42.0
2199,2021-06-19 19:01:36,2021-06-19 19:20:36,86.4,97.6,123.85663479662709,43.0,42.0
2200,2021-06-20 15:39:00,2021-06-20 15:59:50,20.8,41.6,116.9357703659188,39.96825396825397,38.285714285714285
2201,2021-06-20 16:00:11,2021-06-20 16:27:41,42.0,70.0,114.63592043650796,42.56024096385542,40.94578313253012
2202,2021-06-20 16:28:02,2021-06-20 16:56:22,70.4,95.2,118.9174610215054,44.0,42.39181286549707
2203,2021-06-20 22:58:51,2021-06-20 23:27:31,49.6,78.4,116.34839221643519,41.60115606936416,38.820809248554916
2204,2021-06-20 23:27:52,2021-06-20 23:46:02,78.4,94.0,119.48007051282057,42.0,40.0
2205,2021-06-21 12:17:26,2021-06-21 12:34:46,11.6,28.8,117.47577777777778,39.0,36.95238095238095
2206,2021-06-21 12:35:07,2021-06-21 13:01:57,29.2,56.4,115.00102553104574,40.84567901234568,39.17901234567901
2207,2021-06-21 13:02:18,2021-06-21 13:27:38,56.8,82.0,117.14837533068783,43.666666666666664,41.90196078431372
2208,2021-06-22 13:23:52,2021-06-22 13:44:42,41.2,63.2,116.69760467171722,30.57936507936508,29.444444444444443
2209,2021-06-22 13:45:03,2021-06-22 14:08:53,63.6,88.8,116.52667989417994,32.826388888888886,31.625
2210,2021-06-22 22:22:02,2021-06-22 22:51:22,55.2,84.4,117.37443954528159,34.73446327683616,33.016949152542374
2211,2021-06-22 22:51:43,2021-06-22 23:10:03,84.8,97.6,120.17687673611113,36.0,34.0
2212,2021-06-23 14:47:43,2021-06-23 15:09:43,40.8,62.8,116.12754217171717,31.285714285714285,29.827067669172934
2213,2021-06-23 23:23:44,2021-06-23 23:51:04,9.6,38.0,112.2456924882629,31.26060606060606,29.272727272727273
2214,2021-06-23 23:51:25,2021-06-24 00:21:25,38.4,68.0,118.16909919294297,34.26519337016575,32.248618784530386
2215,2021-06-24 13:42:12,2021-06-24 14:10:32,58.0,78.0,117.54657131944445,31.596491228070175,30.573099415204677
2216,2021-06-25 19:57:11,2021-06-25 20:14:08,29.6,46.8,114.82500381944448,31.29126213592233,30.300970873786408
2217,2021-06-25 20:14:29,2021-06-25 20:43:59,47.2,77.2,114.5657287962963,34.162921348314605,33.10674157303371
2218,2021-06-26 12:17:49,2021-06-26 13:03:19,45.2,84.0,116.94019709693589,34.953216374269005,33.37426900584796
2219,2021-06-26 13:15:36,2021-06-26 13:32:56,84.0,97.6,110.02125792483666,36.0,34.900763358778626
2220,2021-06-26 21:51:28,2021-06-26 22:13:28,48.4,66.8,118.67754710144926,35.556390977443606,33.59398496240601
2221,2021-06-26 22:13:49,2021-06-26 22:41:59,67.2,91.2,116.60418622685187,36.71764705882353,34.9
2222,2021-06-27 04:17:43,2021-06-27 04:45:23,48.0,76.0,115.37649469246031,38.137724550898206,35.455089820359284
2223,2021-06-27 04:45:44,2021-06-27 05:11:54,76.4,97.6,120.35902443658289,39.075949367088604,36.96835443037975
2224,2021-06-28 10:00:07,2021-06-28 10:53:13,49.2,97.6,117.95630024391646,35.721804511278194,34.31578947368421
2225,2021-06-28 15:31:21,2021-06-28 16:07:23,58.8,93.6,117.51192945801404,38.38745387453874,36.140221402214024
2226,2021-06-29 12:22:52,2021-06-29 14:01:54,23.6,86.4,115.28603982882169,35.58277254374159,34.29878869448183
2227,2021-06-29 19:34:29,2021-06-29 20:13:08,34.8,60.0,115.38978225308641,37.02136752136752,35.542735042735046
2228,2021-06-29 23:28:09,2021-06-29 23:55:19,46.0,73.6,114.62309586352659,38.38414634146341,36.43292682926829
2229,2021-06-29 23:55:40,2021-06-30 00:16:20,74.0,93.6,118.96613754251707,39.784,37.952
2230,2021-06-30 04:39:56,2021-06-30 05:25:52,55.6,97.6,118.33668215608468,38.65797101449275,35.881159420289855
2231,2021-06-30 15:16:05,2021-06-30 16:18:26,4.4,66.8,116.47133214921652,40.19444444444444,38.245726495726494
2232,2021-06-30 22:46:08,2021-06-30 23:10:18,22.4,38.4,117.45315104166669,38.07534246575342,35.75342465753425
2233,2021-06-30 23:10:39,2021-06-30 23:39:09,38.4,57.6,113.61763534432868,39.49418604651163,37.372093023255815
2234,2021-06-30 23:39:30,2021-07-01 00:07:50,58.0,76.0,115.71297932098766,40.9766081871345,38.771929824561404
2235,2021-07-01 00:08:11,2021-07-01 00:36:21,76.0,92.4,121.0323627201897,41.0,39.0
2236,2021-07-01 17:34:07,2021-07-01 17:51:37,21.2,32.8,116.33262907088128,36.81132075471698,35.820754716981135
2237,2021-07-01 17:51:58,2021-07-01 18:18:28,33.2,50.4,117.35223223514211,38.5125,37.18125
2238,2021-07-01 18:18:49,2021-07-01 18:49:29,50.8,70.8,112.94307444444445,40.556756756756755,38.945945945945944
2239,2021-07-01 18:49:50,2021-07-01 19:19:00,70.8,88.4,116.83318915719691,41.0,40.0
2240,2021-07-02 03:14:03,2021-07-02 03:33:43,23.2,42.8,117.58647519841274,37.53781512605042,35.35294117647059
2241,2021-07-02 03:34:04,2021-07-02 03:53:44,43.2,63.2,115.25279888888889,39.865546218487395,37.78991596638655
2242,2021-07-02 03:54:05,2021-07-02 04:12:55,63.6,82.8,114.95517534722231,41.666666666666664,39.54385964912281
2243,2021-07-02 04:13:16,2021-07-02 04:31:36,82.8,97.6,120.61374990615616,42.0,40.0
2244,2021-07-02 15:23:27,2021-07-02 15:44:37,39.6,53.2,117.62358026960788,37.453125,35.296875
2245,2021-07-02 15:44:58,2021-07-02 16:16:58,53.6,74.0,114.4165428240741,38.80829015544042,36.9119170984456
2246,2021-07-02 16:17:19,2021-07-02 16:49:09,74.0,92.8,118.07256663711586,39.463541666666664,37.864583333333336
2247,2021-07-03 13:55:10,2021-07-03 15:29:56,18.4,97.6,117.04096645096807,37.75246132208157,35.87060478199719
2248,2021-07-03 22:26:48,2021-07-03 23:16:27,46.8,94.8,117.66598946180555,39.06702412868633,37.061662198391424
2249,2021-07-04 14:31:37,2021-07-04 14:50:03,26.4,36.8,119.04867019230775,38.330357142857146,36.464285714285715
2250,2021-07-04 14:50:24,2021-07-04 15:07:54,37.2,47.2,117.54172500000001,39.37735849056604,37.632075471698116
2251,2021-07-04 15:08:15,2021-07-04 15:26:55,47.6,58.8,111.93705877976197,40.60176991150443,38.93805309734513
2252,2021-07-04 15:27:16,2021-07-04 15:44:46,58.8,69.2,113.01821821581193,41.801886792452834,40.0
2253,2021-07-04 15:45:07,2021-07-04 16:02:57,69.6,79.6,119.78061500000004,42.0,40.73148148148148
2254,2021-07-04 16:03:18,2021-07-04 16:21:28,80.0,90.0,122.0167269444445,42.0,41.0
2255,2021-07-06 11:31:20,2021-07-06 11:48:50,21.2,31.6,112.9661296741453,36.056603773584904,34.60377358490566
2256,2021-07-06 11:49:11,2021-07-06 12:08:11,31.6,42.8,113.93482750496038,37.3304347826087,35.68695652173913
2257,2021-07-06 12:08:32,2021-07-06 12:26:02,42.8,53.2,112.98349252136748,38.528301886792455,37.16981132075472
2258,2021-07-06 12:26:23,2021-07-06 12:45:23,53.2,64.4,113.83189062499997,39.69565217391305,38.417391304347824
2259,2021-07-06 12:45:44,2021-07-06 13:03:14,64.4,74.8,112.86595940170949,40.764150943396224,39.0
2260,2021-07-06 13:03:35,2021-07-06 13:22:05,74.8,85.2,119.23213928952983,41.0,39.776785714285715
2261,2021-07-07 00:29:33,2021-07-07 00:48:43,36.4,56.0,113.943439696712,37.43103448275862,35.66379310344828
2262,2021-07-07 00:49:04,2021-07-07 01:07:34,56.4,75.2,114.64685593971625,39.625,37.723214285714285
2263,2021-07-07 01:07:55,2021-07-07 01:27:15,75.6,94.4,119.18587071512998,40.7008547008547,38.82051282051282
2264,2021-07-07 13:50:39,2021-07-07 15:03:56,13.6,87.2,115.85431313217089,39.53636363636364,37.776363636363634
2265,2021-07-08 00:52:09,2021-07-08 01:55:10,13.6,77.6,114.71391495876739,38.07610993657505,36.1585623678647
2266,2021-07-09 00:48:13,2021-07-09 01:39:52,25.2,77.2,116.17784775106838,36.149484536082475,34.80670103092783
2267,2021-07-09 14:25:47,2021-07-09 15:44:11,16.4,95.200005,115.53679319069978,41.13921901528013,39.24448217317487
2268,2021-07-10 08:31:19,2021-07-10 09:50:29,20.4,97.6,116.19736380073404,39.05723905723906,37.44107744107744
2269,2021-07-10 15:52:56,2021-07-10 16:21:36,65.6,90.4,116.06073555107524,42.0,40.63583815028902
2270,2021-07-11 02:53:17,2021-07-11 04:11:59,16.4,83.6,115.35244354001325,39.423986486486484,37.26182432432432
2271,2021-07-11 06:59:30,2021-07-11 07:52:53,46.4,97.6,116.3914029025608,41.561097256857856,38.600997506234414
2272,2021-07-12 07:35:32,2021-07-12 08:40:16,34.4,97.6,115.79379155678622,37.47325102880659,36.27160493827161
2273,2021-07-12 19:08:13,2021-07-12 19:27:23,43.6,56.4,112.22007378472227,41.439655172413794,39.87068965517241
2274,2021-07-12 19:27:44,2021-07-12 19:46:23,56.8,68.4,117.4383662356321,42.69298245614035,41.21052631578947
2275,2021-07-12 19:46:44,2021-07-12 20:03:54,68.8,79.2,117.30770219017082,43.0,42.0
2276,2021-07-13 10:27:18,2021-07-13 10:43:58,54.4,71.2,115.5191858465608,38.0990099009901,36.97029702970297
2277,2021-07-13 10:44:19,2021-07-13 11:02:59,71.6,90.0,118.15822010869562,39.442477876106196,38.30088495575221
2278,2021-07-13 17:48:26,2021-07-13 18:05:46,54.8,72.0,114.09884762596896,44.20952380952381,42.56190476190476
2279,2021-07-13 23:55:01,2021-07-14 01:00:08,55.6,95.6,116.22668215277781,40.86912065439673,38.24948875255624
2280,2021-07-14 15:28:38,2021-07-14 15:50:28,23.6,46.0,114.76998152281747,39.47727272727273,38.14393939393939
2281,2021-07-14 15:50:49,2021-07-14 16:10:59,46.4,66.8,116.40796854575164,41.97540983606557,40.58196721311475
2282,2021-07-14 16:11:20,2021-07-14 16:31:50,67.2,88.0,116.10445032051284,43.653225806451616,42.16129032258065
2283,2021-07-15 00:39:19,2021-07-15 01:00:29,44.4,66.0,114.21166602366253,41.578125,39.2265625
2284,2021-07-15 01:00:50,2021-07-15 01:21:52,66.4,87.2,117.85428810096154,43.15625,41.0
2285,2021-07-15 09:21:31,2021-07-15 09:39:51,37.6,53.6,113.76824296874999,37.83783783783784,35.32432432432432
2286,2021-07-15 09:42:52,2021-07-15 10:11:12,53.6,78.0,115.22598639571949,39.461988304093566,36.76608187134503
2287,2021-07-15 10:11:33,2021-07-15 10:33:53,78.4,96.8,118.16426200181162,40.0,37.888888888888886
2288,2021-07-15 20:23:33,2021-07-15 20:47:13,16.0,32.0,113.61720156250004,38.0,35.00699300699301
2289,2021-07-15 20:47:34,2021-07-15 21:13:14,32.4,49.2,115.69446544312166,38.50322580645161,36.23225806451613
2290,2021-07-15 21:13:35,2021-07-15 21:35:15,49.6,63.2,117.98306464460782,39.7557251908397,37.38931297709924
2291,2021-07-15 21:35:36,2021-07-15 21:59:16,63.6,78.0,117.61576244212964,40.9020979020979,38.0
2292,2021-07-15 21:59:37,2021-07-15 22:23:07,78.4,92.0,119.77023774509807,41.0,38.0
2293,2021-07-16 08:37:46,2021-07-16 08:56:46,18.4,37.2,118.31414908392436,35.74782608695652,34.43478260869565
2294,2021-07-16 09:26:08,2021-07-16 09:55:08,47.2,76.4,116.35181877853881,39.70285714285714,38.31428571428572
2295,2021-07-16 09:55:29,2021-07-16 10:20:09,76.8,97.6,118.65920032051287,41.20134228187919,39.919463087248324
2296,2021-07-16 23:02:26,2021-07-16 23:28:56,25.2,52.0,115.36277663764511,35.90625,33.18125
2297,2021-07-16 23:29:17,2021-07-16 23:58:57,52.4,82.4,115.34445,38.60335195530726,36.18994413407821
2298,2021-07-16 23:59:18,2021-07-17 00:16:58,82.8,97.6,120.0779006193694,39.495327102803735,37.0
2299,2021-07-17 19:51:45,2021-07-17 20:08:55,28.0,42.8,115.50209299924926,36.41346153846154,34.73076923076923
2300,2021-07-17 20:09:16,2021-07-17 20:26:26,43.2,58.4,112.46804724049713,37.97115384615385,36.46153846153846
2301,2021-07-17 20:26:47,2021-07-17 20:43:47,58.8,73.6,114.3496872184685,39.58252427184466,37.89320388349515
2302,2021-07-17 20:44:08,2021-07-17 21:04:18,73.6,90.8,116.70787298126612,40.0,38.622950819672134
2303,2021-07-18 09:32:05,2021-07-18 09:55:45,28.4,49.2,115.54687433226492,33.95804195804196,32.47552447552447
2304,2021-07-18 09:56:06,2021-07-18 10:21:56,49.6,72.0,113.8715402405754,36.705128205128204,35.16025641025641
2305,2021-07-18 10:22:17,2021-07-18 10:49:17,72.4,94.0,117.44664152520579,38.09815950920245,36.5398773006135
2306,2021-07-18 15:49:56,2021-07-18 16:14:56,45.6,70.8,115.51312329144623,41.609271523178805,39.90066225165563
2307,2021-07-19 08:00:34,2021-07-19 08:17:24,72.0,88.8,116.81548197751326,36.27450980392157,35.0
2308,2021-07-19 23:51:51,2021-07-20 00:55:48,29.6,94.4,114.50723397848077,37.860416666666666,35.452083333333334
2309,2021-07-20 14:17:47,2021-07-20 15:08:26,51.2,92.8,115.62287484842415,33.971128608923884,32.58267716535433
2310,2021-07-20 23:20:24,2021-07-20 23:37:24,28.4,43.2,115.97036017267266,33.43689320388349,31.563106796116504
2311,2021-07-20 23:37:45,2021-07-20 23:55:05,43.6,59.2,112.11806365740739,35.20952380952381,33.39047619047619
2312,2021-07-20 23:55:26,2021-07-21 00:14:06,59.2,76.0,112.09904720568782,36.83185840707964,34.849557522123895
2313,2021-07-21 00:14:27,2021-07-21 00:34:07,76.0,92.8,118.19115277777786,37.64705882352941,35.6890756302521
2314,2021-07-21 11:33:52,2021-07-21 11:52:33,26.8,46.0,113.44741204427086,33.645390070921984,31.94326241134752
2315,2021-07-21 11:56:09,2021-07-21 12:50:14,46.0,97.2,116.27100464952255,37.1576354679803,35.14778325123153
2316,2021-07-22 10:32:21,2021-07-22 10:50:01,21.6,33.6,113.07060624999998,32.05607476635514,31.0
2317,2021-07-22 20:51:07,2021-07-22 21:49:55,31.6,91.2,115.24192564084636,39.753950338600454,38.237020316027085
2318,2021-07-23 03:30:08,2021-07-23 03:46:48,60.4,77.2,115.5175302579365,40.87128712871287,38.51485148514851
2319,2021-07-23 03:47:09,2021-07-23 04:04:09,77.6,94.4,117.86045370370366,41.70873786407767,39.0
2320,2021-07-23 20:18:08,2021-07-23 20:48:08,25.6,55.2,115.7606211524024,43.72375690607735,41.93370165745856
2321,2021-07-23 21:20:40,2021-07-23 21:47:00,78.0,97.6,119.79593842120187,46.0,44.0
2322,2021-07-24 17:58:02,2021-07-24 18:20:22,11.6,31.2,114.37076048752834,41.0,39.14074074074074
2323,2021-07-24 18:20:43,2021-07-24 18:39:03,31.2,47.2,115.10070390624998,41.792792792792795,40.468468468468465
2324,2021-07-24 18:39:24,2021-07-24 18:56:34,47.6,62.4,116.43206287537542,43.51923076923077,42.125
2325,2021-07-24 18:56:55,2021-07-24 19:17:05,62.8,80.0,117.73255991602068,44.91803278688525,43.204918032786885
2326,2021-07-26 11:00:11,2021-07-26 11:19:21,76.8,92.0,116.5862679093567,36.0,35.0
2327,2021-07-26 16:23:17,2021-07-26 16:41:57,72.8,91.6,115.98257550236406,40.336283185840706,38.849557522123895
2328,2021-07-27 00:59:44,2021-07-27 01:16:44,33.6,50.8,115.12840148578813,39.05825242718446,36.79611650485437
2329,2021-07-27 01:17:05,2021-07-27 01:33:35,51.2,68.4,111.74338428617574,41.13,38.81
2330,2021-07-27 15:43:36,2021-07-27 16:04:26,20.4,48.0,114.90892617753623,39.57936507936508,37.888888888888886
2331,2021-07-27 16:04:47,2021-07-27 16:24:07,48.4,73.2,114.36436615143369,42.92307692307692,41.17948717948718
2332,2021-07-29 14:49:38,2021-07-29 15:06:28,58.0,72.8,113.30896302552557,37.44117647058823,36.31372549019608
2333,2021-07-29 15:06:49,2021-07-29 15:24:59,73.2,88.8,116.10668438390321,38.46363636363636,37.28181818181818
2334,2021-07-30 01:09:34,2021-07-30 01:27:14,42.0,60.0,114.36727314814812,34.86915887850467,32.822429906542055
2335,2021-07-30 11:11:19,2021-07-30 11:35:39,4.4,25.6,116.60376467505237,37.40136054421769,36.0
2336,2021-07-30 11:36:00,2021-07-30 12:07:00,26.0,53.6,113.8325525362319,38.529411764705884,37.0427807486631
2337,2021-07-30 12:09:31,2021-07-30 12:36:51,54.4,78.0,117.41468826506593,41.32121212121212,39.64242424242424
2338,2021-07-30 12:37:12,2021-07-30 12:58:22,78.4,96.4,115.92826990740748,42.2265625,40.5390625
2339,2021-07-30 23:58:29,2021-07-31 00:16:09,52.8,70.8,114.59645887345683,39.64485981308411,37.60747663551402
2340,2021-07-31 15:25:49,2021-07-31 15:43:19,77.2,92.0,117.93826341966968,40.301886792452834,39.08490566037736
2341,2021-08-02 06:16:01,2021-08-02 06:51:48,64.0,97.6,116.0613525958995,32.11524163568773,31.356877323420075
2342,2021-08-02 15:35:31,2021-08-02 15:53:21,42.0,57.6,113.376968482906,37.69444444444444,35.870370370370374
2343,2021-08-02 15:53:42,2021-08-02 16:13:02,58.0,74.4,113.07250448848237,39.47008547008547,37.63247863247863
2344,2021-08-02 16:13:23,2021-08-02 16:32:03,74.4,89.2,116.701400243994,40.0,38.0
2345,2021-08-03 07:09:03,2021-08-03 07:30:43,28.4,47.6,113.38253305844907,30.977099236641223,29.435114503816795
2346,2021-08-03 07:31:04,2021-08-03 07:53:14,47.6,67.2,113.67560848922902,33.24626865671642,31.791044776119403
2347,2021-08-03 07:53:35,2021-08-03 08:13:15,67.6,84.8,114.87727260981914,34.714285714285715,33.0
2348,2021-08-03 08:13:36,2021-08-03 08:30:36,84.8,97.6,120.00001703559032,35.0,33.75728155339806
2349,2021-08-03 18:14:12,2021-08-03 18:34:02,65.2,82.4,115.5765600775194,37.05833333333333,35.95
2350,2021-08-04 04:53:04,2021-08-04 05:09:34,47.6,58.8,108.68925781250005,35.38,34.25
2351,2021-08-04 05:26:16,2021-08-04 05:43:16,69.6,80.0,114.71555996260676,37.0,35.0
2352,2021-08-04 05:43:37,2021-08-04 06:00:17,80.4,90.0,119.11026157407409,37.0,35.0
2353,2021-08-04 15:44:24,2021-08-04 16:12:54,62.8,92.0,115.0509147165145,37.23837209302326,35.66279069767442
2354,2021-08-05 14:42:27,2021-08-05 15:02:57,8.400001,26.4,114.21297216306637,35.0,33.95967741935484
2355,2021-08-05 15:03:18,2021-08-05 15:23:58,26.4,44.8,112.70531831219812,35.768,34.368
2356,2021-08-05 15:24:19,2021-08-05 15:47:19,45.2,64.8,117.7933719529479,37.96402877697842,36.30935251798561
2357,2021-08-05 15:47:40,2021-08-05 16:15:59,65.2,89.2,118.45481405671296,39.78362573099415,37.994152046783626
2358,2021-08-06 11:11:00,2021-08-06 12:44:35,6.0,97.6,116.55769777262253,37.047008547008545,35.88461538461539
2359,2021-08-06 18:18:04,2021-08-06 18:48:14,56.8,86.8,117.16060763425926,37.74889867841409,35.10132158590309
2360,2021-08-10 09:02:28,2021-08-10 09:35:19,20.8,55.2,111.42248213824284,29.044534412955464,28.238866396761132
2361,2021-08-10 09:44:47,2021-08-10 10:29:31,55.2,97.6,116.99440202109544,33.092261904761905,31.976190476190474
2362,2021-08-10 23:03:25,2021-08-10 23:22:35,18.0,34.8,113.69877463624343,34.0,32.060344827586206
2363,2021-08-10 23:22:56,2021-08-10 23:41:36,35.2,51.2,116.2778090277778,35.38053097345133,33.424778761061944
2364,2021-08-10 23:41:57,2021-08-11 00:01:07,51.6,67.6,119.37329982638896,37.1551724137931,35.189655172413794
2365,2021-08-11 00:01:28,2021-08-11 00:21:18,68.0,84.8,117.68686524470897,38.025,36.0
2366,2021-08-11 00:21:39,2021-08-11 00:38:49,84.8,97.6,121.88043196614586,39.0,36.15384615384615
2367,2021-08-11 07:18:12,2021-08-11 07:35:52,78.0,95.2,115.93022981266148,34.88785046728972,32.0
2368,2021-08-11 13:41:42,2021-08-11 14:02:12,47.2,68.4,112.67097831498948,36.20967741935484,34.45967741935484
2369,2021-08-11 14:02:33,2021-08-11 14:22:23,68.8,88.4,117.90390433673463,37.95,36.19166666666667
2370,2021-08-11 20:29:45,2021-08-11 21:30:45,38.4,97.2,116.05167046249056,39.7292576419214,37.504366812227076
2371,2021-08-12 03:48:28,2021-08-12 04:44:40,43.6,97.6,115.86427808899178,37.79857819905213,34.992890995260666
2372,2021-08-12 14:04:54,2021-08-12 15:26:09,2.4,82.4,117.18690658159723,41.752864157119475,40.08674304418985
2373,2021-08-12 22:11:02,2021-08-12 22:34:48,15.6,40.0,114.58801458333336,40.38194444444444,38.111111111111114
2374,2021-08-12 22:35:09,2021-08-12 22:52:09,40.4,57.6,116.28877519379847,42.28155339805825,39.61165048543689
2375,2021-08-12 23:09:01,2021-08-12 23:26:11,74.8,90.4,119.40973931623927,44.78846153846154,42.0
2376,2021-08-14 00:37:20,2021-08-14 00:54:20,49.6,67.2,112.45975828598482,37.398058252427184,36.20388349514563
2377,2021-08-14 05:01:34,2021-08-14 05:21:44,58.8,76.4,113.94493702651512,38.5,35.885245901639344
2378,2021-08-14 05:22:05,2021-08-14 05:42:55,76.4,94.4,115.16051327160497,39.0,36.62698412698413
2379,2021-08-14 13:38:41,2021-08-14 14:12:44,59.6,93.6,116.43910964460788,36.81640625,34.87890625
2380,2021-08-15 00:50:01,2021-08-15 01:10:01,44.8,65.2,114.15169076797386,36.3801652892562,35.049586776859506
2381,2021-08-15 01:10:22,2021-08-15 01:29:12,65.6,84.8,114.20573365162039,38.19298245614035,36.80701754385965
2382,2021-08-15 05:16:48,2021-08-15 05:35:08,65.6,81.6,114.8333448784722,37.927927927927925,35.0
2383,2021-08-15 12:09:46,2021-08-15 12:38:28,71.6,97.6,118.20680215811967,36.245370370370374,34.773148148148145
2384,2021-08-15 23:45:58,2021-08-16 01:00:57,24.8,97.6,115.5402719284188,34.39609236234458,32.325044404973355
2385,2021-08-16 13:27:28,2021-08-16 13:58:48,43.6,75.6,116.02866059027785,37.576719576719576,36.03703703703704
2386,2021-08-16 13:59:09,2021-08-16 14:17:59,76.0,94.8,115.68337795508275,39.219298245614034,37.99122807017544
2387,2021-08-16 22:30:52,2021-08-16 23:14:47,43.6,88.4,114.39509206039187,37.43939393939394,35.63939393939394
2388,2021-08-17 16:38:00,2021-08-17 17:05:50,26.8,45.2,116.34586564009656,36.75595238095238,35.333333333333336
2389,2021-08-17 17:06:11,2021-08-17 17:34:31,45.6,64.4,113.05335955969267,38.49707602339181,37.175438596491226
2390,2021-08-17 17:34:52,2021-08-17 18:05:52,64.8,84.0,115.86300802951388,39.893048128342244,38.0
2391,2021-08-17 18:06:13,2021-08-17 18:29:43,84.0,97.6,119.36991186683011,40.0,38.0
2392,2021-08-18 02:56:29,2021-08-18 03:15:49,48.0,68.0,112.63471069444442,40.0940170940171,37.88034188034188
2393,2021-08-18 03:16:10,2021-08-18 03:35:30,68.4,88.0,114.92133312074833,41.48717948717949,39.05128205128205
2394,2021-08-18 15:57:41,2021-08-18 16:15:21,32.8,44.4,115.08142325191571,35.570093457943926,34.14018691588785
2395,2021-08-18 16:15:42,2021-08-18 16:32:52,44.4,56.0,110.31370150862072,36.73076923076923,35.31730769230769
2396,2021-08-18 16:33:13,2021-08-18 16:51:33,56.4,68.0,114.9928286637931,37.909909909909906,36.4054054054054
2397,2021-08-18 22:14:47,2021-08-18 22:33:37,22.8,39.6,114.23859961970899,36.23684210526316,34.01754385964912
2398,2021-08-18 22:33:58,2021-08-18 22:54:28,40.0,58.0,113.7530966049383,37.935483870967744,35.67741935483871
2399,2021-08-18 22:54:49,2021-08-18 23:12:29,58.4,73.2,115.26089949324319,39.66355140186916,37.401869158878505
2400,2021-08-18 23:33:21,2021-08-18 23:50:41,76.8,90.4,118.35581055964045,40.0,37.27619047619048
2401,2021-08-19 13:57:07,2021-08-19 14:15:07,57.2,70.0,115.15843294270836,36.89908256880734,35.62385321100918
2402,2021-08-19 14:15:28,2021-08-19 14:34:08,70.4,83.6,116.7645382996634,37.84070796460177,36.15929203539823
2403,2021-08-19 14:34:29,2021-08-19 14:51:59,83.6,96.0,115.59925358422933,38.0,37.0
2404,2021-08-20 11:42:10,2021-08-20 12:00:20,29.2,41.2,114.97803124999999,34.28181818181818,32.845454545454544
2405,2021-08-20 12:00:41,2021-08-20 12:19:11,41.2,53.6,111.88174462365592,35.669642857142854,34.410714285714285
2406,2021-08-20 12:19:32,2021-08-20 12:36:22,53.6,64.8,110.35220300099213,37.294117647058826,35.80392156862745
2407,2021-08-20 12:36:43,2021-08-20 12:53:43,65.2,75.6,116.78019644764971,38.0,37.0
2408,2021-08-20 18:56:56,2021-08-20 19:50:43,43.2,96.0,116.59346584859007,40.58168316831683,39.15346534653465
2409,2021-08-21 20:39:08,2021-08-21 20:57:48,22.4,34.8,114.07260551075271,35.663716814159294,34.0
2410,2021-08-21 20:58:09,2021-08-21 21:27:39,34.8,54.4,112.23641170634919,37.04494382022472,35.342696629213485
2411,2021-08-21 21:28:00,2021-08-21 21:54:40,54.4,71.6,111.88390197028426,38.72670807453416,36.857142857142854
2412,2021-08-21 21:55:01,2021-08-21 22:27:01,71.6,90.4,117.83246291371152,39.0,37.0
2413,2021-08-22 18:50:35,2021-08-22 19:17:35,20.0,47.2,115.23643402777779,40.02453987730061,38.52760736196319
2414,2021-08-22 19:17:56,2021-08-22 19:45:16,47.6,75.6,113.32144484126987,43.054545454545455,41.2969696969697
2415,2021-08-22 19:45:37,2021-08-22 20:10:47,76.0,97.6,119.60071900720173,44.151315789473685,42.83552631578947
2416,2021-08-23 02:40:56,2021-08-23 03:33:55,46.8,97.6,116.42380667377519,42.06532663316583,39.34422110552764
2417,2021-08-23 16:26:18,2021-08-23 16:43:48,4.8,16.0,118.81822953869047,42.0,40.0
2418,2021-08-23 16:44:09,2021-08-23 17:02:29,16.4,28.4,114.39354097222221,42.0,40.0
2419,2021-08-23 17:02:50,2021-08-23 17:20:50,28.8,40.8,112.7233952546297,42.706422018348626,40.706422018348626
2420,2021-08-23 17:21:11,2021-08-23 17:40:21,40.8,53.2,114.96082549283153,43.71551724137931,41.80172413793103
2421,2021-08-23 17:40:42,2021-08-23 17:59:02,53.6,64.8,119.38989707341277,44.85585585585586,43.03603603603604
2422,2021-08-23 21:09:58,2021-08-23 21:27:28,44.8,56.4,113.14655172413792,42.15094339622642,39.74528301886792
2423,2021-08-23 21:27:49,2021-08-23 21:46:19,56.4,68.4,115.62499999999993,43.0,40.705357142857146
2424,2021-08-23 21:46:40,2021-08-23 22:06:10,68.8,81.2,117.94354838709673,43.0,41.0
2425,2021-08-23 22:06:31,2021-08-23 22:24:51,81.6,93.2,118.5344827586206,43.0,41.0
2426,2021-08-24 16:21:09,2021-08-24 16:39:09,27.6,43.2,115.61610523504274,37.357798165137616,35.559633027522935
2427,2021-08-24 16:39:30,2021-08-24 16:57:40,43.6,59.6,113.86545824652781,39.04545454545455,37.43636363636364
2428,2021-08-24 16:58:01,2021-08-24 17:15:41,60.0,75.6,113.5666030092593,40.728971962616825,38.89719626168224
2429,2021-08-24 17:16:02,2021-08-24 17:33:32,76.0,90.8,118.55387546921925,41.08490566037736,39.37735849056604
2430,2021-08-25 18:54:47,2021-08-25 19:14:27,13.2,33.6,113.03309633714595,37.0,36.0
2431,2021-08-25 19:14:48,2021-08-25 19:33:58,34.0,53.2,117.02547294560186,38.206896551724135,36.83620689655172
2432,2021-08-25 19:34:19,2021-08-25 19:53:29,53.6,72.4,119.46810180260047,40.35344827586207,39.01724137931034
2433,2021-08-25 19:53:50,2021-08-25 20:10:50,72.8,89.2,121.43548568766936,41.970873786407765,40.24271844660194
2434,2021-08-26 14:57:08,2021-08-26 15:15:58,16.8,22.8,109.06014907407406,37.0,35.0
2435,2021-08-26 15:16:19,2021-08-26 15:41:57,22.8,29.2,117.8241747829861,37.0,35.0
2436,2021-08-26 15:42:18,2021-08-26 16:00:08,29.2,34.0,104.9594542824074,37.0,35.71296296296296
2437,2021-08-26 16:00:29,2021-08-26 16:18:59,34.0,38.8,115.46871122685192,37.785714285714285,36.0
2438,2021-08-26 16:19:20,2021-08-26 16:37:50,38.8,43.2,126.77078945707052,38.0,36.901785714285715
2439,2021-08-26 16:38:11,2021-08-26 16:56:21,43.6,48.0,122.66409722222227,38.77272727272727,37.0
2440,2021-08-26 16:56:42,2021-08-26 17:16:52,48.0,53.6,108.72516071428566,39.0,37.98360655737705
2441,2021-08-26 17:33:24,2021-08-26 17:52:34,57.6,62.8,101.70669310897442,40.0,38.775862068965516
2442,2021-08-26 22:22:19,2021-08-26 22:43:19,38.0,56.4,114.15308967391312,39.110236220472444,37.25984251968504
2443,2021-08-26 22:43:40,2021-08-26 23:03:20,56.8,73.2,115.89855165989154,40.78991596638655,38.76470588235294
2444,2021-08-26 23:03:41,2021-08-26 23:23:31,73.6,89.2,118.3458128561253,41.40833333333333,39.0
2445,2021-08-27 06:13:12,2021-08-27 07:04:36,54.4,97.6,116.20611299511319,37.37942122186495,34.9903536977492
2446,2021-08-27 19:39:26,2021-08-27 20:02:24,4.0,27.2,115.31435770474138,39.0,37.96531791907515
2447,2021-08-27 20:03:20,2021-08-27 20:27:30,27.2,51.6,115.25997488046447,40.637362637362635,39.0989010989011
2448,2021-08-27 20:30:02,2021-08-27 21:22:46,51.2,97.6,117.3091619073276,44.166666666666664,42.48989898989899
2449,2021-08-28 16:35:30,2021-08-28 17:56:03,8.400001,88.4,115.72111499512505,42.11239669421487,40.533884297520665
2450,2021-08-29 10:48:17,2021-08-29 11:07:57,23.2,28.4,90.05880443376068,34.0,32.0
2451,2021-08-29 11:08:18,2021-08-29 11:26:18,28.4,33.6,119.12129401709394,34.0,32.41284403669725
2452,2021-08-29 11:26:39,2021-08-29 11:44:59,33.6,39.6,103.82873402777777,34.0990990990991,33.0
2453,2021-08-29 11:45:20,2021-08-29 12:05:30,40.0,57.6,114.0285779671717,35.76229508196721,34.25409836065574
2454,2021-08-29 12:05:51,2021-08-29 12:25:01,58.0,74.4,112.47291023035228,37.64655172413793,35.88793103448276
2455,2021-08-29 12:25:22,2021-08-29 12:44:58,74.4,90.0,116.56981406695162,38.0,36.94957983193277
2456,2021-08-30 10:48:17,2021-08-30 11:14:17,13.6,36.4,113.72564814814817,35.0,33.29299363057325
2457,2021-08-30 11:14:38,2021-08-30 11:40:08,36.4,58.8,113.56461464533729,36.688311688311686,35.44155844155844
2458,2021-08-30 11:44:39,2021-08-30 12:08:19,60.0,80.4,115.7761446078431,38.86713286713287,37.77622377622377
2459,2021-08-30 12:08:40,2021-08-30 12:29:40,80.8,97.6,118.44740922619054,40.0,38.79527559055118
2460,2021-08-30 18:28:12,2021-08-30 18:45:52,76.8,92.0,116.48940835160818,40.0,37.2803738317757
2461,2021-08-31 01:13:44,2021-08-31 01:35:34,42.0,61.2,114.70486530671293,37.68181818181818,35.49242424242424
2462,2021-08-31 01:35:55,2021-08-31 01:57:35,61.6,80.4,116.20271808510635,39.0,36.98473282442748
2463,2021-08-31 01:57:56,2021-08-31 02:18:46,80.8,97.6,117.81167964616401,39.62698412698413,37.0
2464,2021-08-31 20:05:18,2021-08-31 20:24:58,44.4,61.2,115.84409333664021,34.64705882352941,33.30252100840336
2465,2021-08-31 20:25:19,2021-08-31 20:44:09,61.6,77.2,115.04274804131055,36.0,34.78947368421053
2466,2021-08-31 20:44:30,2021-08-31 21:05:30,77.6,94.0,117.58893563685638,36.90551181102362,35.0
2467,2021-09-01 16:20:16,2021-09-01 16:40:06,73.2,89.2,116.07119210069445,31.391666666666666,30.541666666666668
2468,2021-09-02 02:12:41,2021-09-02 02:29:25,52.8,70.0,113.53238666828167,35.666666666666664,34.411764705882355
2469,2021-09-02 14:07:51,2021-09-02 14:26:15,13.2,25.2,116.16251905092594,36.0,34.0
2470,2021-09-02 14:26:36,2021-09-02 14:44:16,25.6,37.2,113.90687272509577,36.1588785046729,34.495327102803735
2471,2021-09-02 14:55:23,2021-09-02 15:12:13,44.4,55.2,114.41103446502052,38.0,36.51960784313726
2472,2021-09-02 15:12:34,2021-09-02 15:29:14,55.2,65.6,115.22170566239325,39.16831683168317,37.73267326732673
2473,2021-09-02 15:29:35,2021-09-02 15:46:25,66.0,76.0,117.85835972222225,40.0,38.5
2474,2021-09-02 20:35:20,2021-09-02 20:56:00,52.4,66.0,113.97058823529412,39.288,37.576
2475,2021-09-02 20:56:21,2021-09-02 21:15:51,66.0,78.8,114.25781250000003,40.0,38.0
2476,2021-09-02 21:16:12,2021-09-02 21:33:12,78.8,89.6,118.05555555555559,40.0,38.94174757281554
2477,2021-09-03 14:44:05,2021-09-03 15:43:33,20.4,80.8,114.6072781594923,40.348993288590606,38.360178970917225
2478,2021-09-03 18:15:52,2021-09-03 18:37:02,53.6,74.8,116.25852496069187,42.6328125,40.8828125
2479,2021-09-03 18:37:23,2021-09-03 18:59:03,75.2,95.6,118.10594716775604,43.61068702290076,42.0
2480,2021-09-04 01:40:41,2021-09-04 01:59:51,9.6,16.8,112.47692245370364,38.0,35.0
2481,2021-09-04 02:00:12,2021-09-04 02:27:42,16.8,27.2,113.70201121794872,37.55421686746988,35.0
2482,2021-09-04 02:28:03,2021-09-04 02:57:13,27.2,38.4,111.9792534722222,37.60227272727273,35.0
2483,2021-09-04 02:57:34,2021-09-04 03:23:34,38.8,48.4,116.4584236111111,38.0,35.63694267515923
2484,2021-09-04 03:23:55,2021-09-04 03:57:15,48.4,60.8,115.59148745519714,38.80597014925373,36.1044776119403
2485,2021-09-04 03:57:36,2021-09-04 04:23:46,60.8,70.8,112.51675388888887,39.0,37.0
2486,2021-09-04 04:24:07,2021-09-04 04:53:47,70.8,81.6,118.1173755144033,39.0,36.23463687150838
2487,2021-09-04 04:54:08,2021-09-04 05:20:28,81.6,91.2,117.95148032407394,39.0,36.0
2488,2021-09-04 05:20:49,2021-09-04 05:39:29,91.2,97.6,125.41676388888907,39.0,36.0
2489,2021-09-04 15:25:15,2021-09-04 15:55:25,30.4,56.8,113.81368828914145,39.45054945054945,37.967032967032964
2490,2021-09-04 15:55:46,2021-09-04 16:22:56,56.8,80.4,114.76344573917135,41.792682926829265,40.51219512195122
2491,2021-09-04 21:08:05,2021-09-04 21:24:55,46.8,64.0,113.65150258397935,41.588235294117645,39.666666666666664
2492,2021-09-05 04:54:46,2021-09-05 05:11:16,35.6,52.4,114.35929902447093,38.89,36.5
2493,2021-09-05 05:28:08,2021-09-05 05:44:38,69.6,86.4,114.38740699404755,41.58,39.0
2494,2021-09-05 13:46:16,2021-09-05 14:07:06,39.2,59.2,112.90486687500004,40.27777777777778,38.976190476190474
2495,2021-09-05 14:07:27,2021-09-05 14:27:27,59.2,78.4,112.98395464409718,42.52892561983471,40.85950413223141
2496,2021-09-05 20:06:37,2021-09-05 20:31:11,35.6,57.2,114.11285956790121,39.82119205298013,37.51655629139073
2497,2021-09-05 20:31:32,2021-09-05 20:51:22,57.2,74.0,114.04928306878313,41.725,39.458333333333336
2498,2021-09-05 20:51:43,2021-09-05 21:11:23,74.4,90.0,117.32907175925926,42.016806722689076,40.0
2499,2021-09-06 12:44:14,2021-09-06 13:16:19,10.4,43.2,114.17666873729675,39.65979381443299,38.154639175257735
2500,2021-09-06 13:16:40,2021-09-06 13:35:30,43.6,62.4,116.9001264775414,41.95614035087719,40.1140350877193
2501,2021-09-06 13:35:51,2021-09-06 13:53:31,62.8,80.8,114.4645137345679,43.80373831775701,41.87850467289719
2502,2021-09-07 01:06:54,2021-09-07 01:25:34,24.0,36.0,116.87849340277776,35.51327433628319,33.584070796460175
2503,2021-09-07 01:25:55,2021-09-07 01:44:55,36.4,48.8,115.17027598566312,36.643478260869564,34.68695652173913
2504,2021-09-07 01:45:16,2021-09-07 02:03:36,48.8,61.2,111.13353718637988,38.08108108108108,36.207207207207205
2505,2021-09-07 09:03:50,2021-09-07 09:22:20,45.6,62.0,113.18259044715448,34.732142857142854,32.410714285714285
2506,2021-09-07 09:22:41,2021-09-07 09:40:41,62.4,78.0,115.69889788105412,36.37614678899082,33.92660550458716
2507,2021-09-07 09:41:02,2021-09-07 10:00:02,78.4,94.4,119.16581302083335,37.0,34.69565217391305
2508,2021-09-07 22:34:09,2021-09-07 22:51:49,18.8,36.8,114.5439852623457,36.21495327102804,34.39252336448598
2509,2021-09-07 23:12:01,2021-09-07 23:31:51,55.2,75.2,115.65972569444445,40.458333333333336,38.65
2510,2021-09-07 23:32:12,2021-09-07 23:51:22,75.6,94.0,116.23490942028984,41.525862068965516,39.73275862068966
2511,2021-09-08 03:29:01,2021-09-08 03:46:01,65.6,82.8,115.22125500645994,40.95145631067961,37.86407766990291
2512,2021-09-08 03:46:22,2021-09-08 04:03:22,83.2,97.6,117.97454706790134,41.0,38.019417475728154
2513,2021-09-08 12:24:04,2021-09-08 12:45:24,56.8,75.2,115.65746580615941,38.42635658914729,36.72868217054263
2514,2021-09-08 12:45:45,2021-09-08 13:05:55,75.6,92.8,116.97109665697671,39.0,37.442622950819676
2515,2021-09-08 22:10:43,2021-09-08 22:27:13,36.0,50.0,117.26291696428572,36.86,34.52
2516,2021-09-08 22:27:34,2021-09-08 22:53:24,50.4,73.2,112.7351553362573,38.60897435897436,36.282051282051285
2517,2021-09-08 22:53:45,2021-09-08 23:22:55,73.6,97.2,117.80958039077214,39.59659090909091,37.0
2518,2021-09-09 02:40:08,2021-09-09 02:57:58,53.2,71.6,113.06536752717395,39.50925925925926,36.48148148148148
2519,2021-09-09 02:58:19,2021-09-09 03:20:09,71.6,93.6,115.69380700757578,40.0,37.0
2520,2021-09-09 17:26:12,2021-09-09 17:45:12,13.2,32.4,115.57799225983798,41.0,39.0
2521,2021-09-09 17:45:33,2021-09-09 18:04:03,32.8,51.6,114.8995361997636,41.642857142857146,39.9375
2522,2021-09-09 18:04:24,2021-09-09 18:24:34,52.0,71.6,118.44317828798188,43.80327868852459,41.98360655737705
2523,2021-09-09 18:24:55,2021-09-09 18:45:25,72.0,90.4,118.09331114130433,45.0,43.0
2524,2021-09-10 02:59:10,2021-09-10 03:16:40,26.8,42.0,115.12975127923977,40.528301886792455,37.70754716981132
2525,2021-09-10 03:18:17,2021-09-10 03:35:17,42.0,56.8,114.86486486486491,42.16504854368932,39.359223300970875
2526,2021-09-10 07:18:52,2021-09-10 07:35:52,45.2,60.4,112.04770696271933,41.45631067961165,38.53398058252427
2527,2021-09-10 07:36:13,2021-09-10 07:56:33,60.8,78.4,115.78520391414138,42.8780487804878,39.90243902439025
2528,2021-09-10 07:56:54,2021-09-10 08:15:54,78.8,94.8,118.9236207465278,43.0,40.43478260869565
2529,2021-09-10 15:52:17,2021-09-10 16:10:37,52.8,68.8,114.26651171875002,41.252252252252255,39.55855855855856
2530,2021-09-10 16:10:58,2021-09-10 16:28:38,68.8,84.0,115.9448174342105,42.0,40.626168224299064
2531,2021-09-11 01:23:21,2021-09-11 01:42:21,58.0,77.2,116.25289120370368,39.74782608695652,37.68695652173913
2532,2021-09-11 06:44:37,2021-09-11 07:57:29,26.4,97.6,115.79635204431962,40.63071297989031,37.77879341864717
2533,2021-09-11 20:11:34,2021-09-11 20:29:44,46.0,64.8,113.38059855200943,41.236363636363635,39.36363636363637
2534,2021-09-12 02:08:32,2021-09-12 03:07:24,38.8,96.8,115.3602848012452,41.89140271493213,39.619909502262445
2535,2021-09-12 15:47:57,2021-09-12 16:08:57,31.2,49.6,113.56131159420293,42.00787401574803,40.44094488188976
2536,2021-09-12 16:09:18,2021-09-12 16:28:38,49.6,66.8,111.84110400516805,43.68376068376068,42.2991452991453
2537,2021-09-12 16:28:59,2021-09-12 16:50:49,67.2,85.6,118.06312364130443,45.0,43.0
2538,2021-09-12 20:51:11,2021-09-12 21:13:21,60.0,79.2,114.27372612847222,45.365671641791046,42.843283582089555
2539,2021-09-12 21:13:42,2021-09-12 21:34:52,79.2,95.2,117.05902708333336,46.0,43.0
2540,2021-09-13 11:28:46,2021-09-13 11:47:56,38.4,55.2,114.43701421957671,38.10344827586207,37.23275862068966
2541,2021-09-13 11:48:17,2021-09-13 12:15:33,55.2,78.4,113.32310808788313,40.13253012048193,39.024096385542165
2542,2021-09-13 12:15:54,2021-09-13 12:34:14,78.4,92.8,117.67169309413586,41.0,40.0
2543,2021-09-13 18:15:07,2021-09-13 18:44:07,55.2,84.4,115.61835055175038,43.371428571428574,41.628571428571426
2544,2021-09-14 00:52:16,2021-09-14 01:11:26,57.2,76.4,116.62399855324075,40.69827586206897,38.189655172413794
2545,2021-09-14 01:11:47,2021-09-14 01:29:57,76.8,94.4,117.58996969696965,41.31818181818182,39.0
2546,2021-09-14 10:31:23,2021-09-14 10:54:53,60.0,80.4,116.65239712690632,34.82394366197183,32.056338028169016
2547,2021-09-14 10:55:14,2021-09-14 11:15:54,80.8,97.6,116.86260920965611,35.672,33.0
2548,2021-09-14 20:41:14,2021-09-14 21:10:54,17.6,43.6,114.77831842948719,37.59217877094972,35.21787709497207
2549,2021-09-14 21:11:15,2021-09-14 21:40:55,44.0,70.4,113.04030487163297,40.089385474860336,37.58659217877095
2550,2021-09-14 21:41:16,2021-09-14 22:09:46,70.8,95.2,117.02242184653913,41.47674418604651,39.0
2551,2021-09-15 01:09:47,2021-09-15 01:26:47,33.2,49.2,114.28037899305556,44.95145631067961,41.262135922330096
2552,2021-09-15 01:27:08,2021-09-15 01:52:27,49.6,73.2,113.4934048375706,46.65806451612903,42.9741935483871
2553,2021-09-15 05:28:09,2021-09-15 06:12:03,56.4,97.6,117.18612303128373,43.84848484848485,39.67878787878788
2554,2021-09-15 15:25:23,2021-09-15 15:44:33,8.8,25.6,114.37667245370373,40.12931034482759,38.422413793103445
2555,2021-09-15 15:44:54,2021-09-15 16:04:14,25.6,43.2,110.14600931186871,40.58119658119658,38.70940170940171
2556,2021-09-15 16:04:35,2021-09-15 16:25:05,43.2,61.2,114.15588317901238,42.395161290322584,40.41129032258065
2557,2021-09-15 16:25:26,2021-09-15 16:46:36,61.2,79.6,115.31402883454116,43.921875,41.8828125
2558,2021-09-15 16:46:57,2021-09-15 17:06:37,80.0,96.0,120.96703524305565,44.0,42.0
2559,2021-09-15 21:44:17,2021-09-15 22:30:09,54.8,97.6,117.29802739356178,41.54782608695652,38.57971014492754
2560,2021-09-16 05:37:53,2021-09-16 06:09:43,50.4,78.0,114.73129951690821,38.479166666666664,35.729166666666664
2561,2021-09-16 06:10:04,2021-09-16 06:34:34,78.4,97.6,119.02780005787044,39.62837837837838,37.0
2562,2021-09-16 13:01:34,2021-09-16 13:26:24,20.0,41.2,115.961723663522,39.373333333333335,38.11333333333334
2563,2021-09-16 13:26:45,2021-09-16 13:54:55,41.6,66.4,112.39246830197129,41.858823529411765,40.129411764705885
2564,2021-09-16 13:55:16,2021-09-16 14:22:16,66.4,89.6,115.17599964080465,43.717791411042946,41.969325153374236
2565,2021-09-16 20:38:17,2021-09-16 20:56:57,50.8,63.2,111.77420071684585,38.67256637168141,35.10619469026549
2566,2021-09-16 20:57:18,2021-09-16 21:18:28,63.2,76.4,115.23150473484849,39.0,36.0
2567,2021-09-16 21:29:45,2021-09-16 21:47:25,83.2,93.6,117.01123584401718,39.0,36.0
2568,2021-09-17 03:06:03,2021-09-17 04:37:07,13.6,90.4,116.43664394097219,40.228070175438596,37.55994152046784
2569,2021-09-17 13:43:22,2021-09-17 14:10:32,3.6,30.8,116.5298251633987,40.0,38.640243902439025
2570,2021-09-17 14:10:53,2021-09-17 14:41:13,31.2,62.0,114.81962653318905,41.95628415300546,40.41530054644809
2571,2021-09-17 14:41:34,2021-09-17 15:10:54,62.0,88.8,118.65153736525707,44.75141242937853,42.909604519774014
2572,2021-09-18 22:07:13,2021-09-18 22:25:53,68.0,90.4,115.88666592261903,42.743362831858406,41.50442477876106
2573,2021-09-19 06:15:40,2021-09-19 06:39:30,79.2,97.6,115.97977823067637,38.03472222222222,36.0
2574,2021-09-19 19:29:18,2021-09-19 19:47:18,32.4,48.4,113.51216024305553,40.522935779816514,38.981651376146786
2575,2021-09-19 19:47:39,2021-09-19 20:04:19,48.4,63.2,113.6101785848348,42.386138613861384,40.56435643564357
2576,2021-09-19 20:04:40,2021-09-19 20:21:50,63.6,78.4,117.05143581081079,43.80769230769231,41.93269230769231
2577,2021-09-20 15:24:34,2021-09-20 16:23:18,20.0,79.6,114.70866949571219,37.15419501133787,35.75283446712018
2578,2021-09-21 12:46:10,2021-09-21 13:06:40,22.4,40.8,112.80572124094203,36.645161290322584,35.29032258064516
2579,2021-09-21 13:22:25,2021-09-21 13:40:35,54.4,70.0,112.91134099002844,40.13636363636363,38.6
2580,2021-09-21 13:40:56,2021-09-21 13:57:56,70.4,84.0,117.14666186683012,41.0,39.55339805825243
2581,2021-09-21 13:58:17,2021-09-21 14:16:27,84.4,97.6,119.30240698653208,41.46363636363636,40.0
2582,2021-09-21 23:37:36,2021-09-22 00:06:16,31.6,61.2,114.22205189564568,38.46820809248555,36.35260115606936
2583,2021-09-22 00:06:37,2021-09-22 00:36:57,61.6,92.4,116.38617451298698,41.30601092896175,39.18032786885246
2584,2021-09-22 09:40:23,2021-09-22 09:58:33,26.4,44.8,114.6180713315218,34.95454545454545,32.75454545454546
2585,2021-09-22 09:58:54,2021-09-22 10:17:44,45.2,64.8,111.64117517006807,37.280701754385966,35.14912280701754
2586,2021-09-22 10:18:05,2021-09-22 10:37:55,65.2,85.2,115.25488354166673,39.19166666666667,37.21666666666667
2587,2021-09-22 17:20:37,2021-09-22 17:39:07,23.2,40.0,116.5724236111111,39.776785714285715,38.232142857142854
2588,2021-09-22 17:39:28,2021-09-22 17:58:08,40.4,58.0,112.27588667929291,41.54867256637168,39.95575221238938
2589,2021-09-22 17:58:29,2021-09-22 18:15:49,58.4,74.4,114.66840434027775,43.457142857142856,41.7047619047619
2590,2021-09-22 18:16:10,2021-09-22 18:34:20,74.4,90.8,117.30183604336048,44.0,42.29090909090909
2591,2021-09-23 06:37:47,2021-09-23 07:44:24,32.8,97.6,115.3540222800926,36.032,34.086
2592,2021-09-24 10:26:08,2021-09-24 10:46:38,48.8,70.0,112.76467007337526,34.645161290322584,33.024193548387096
2593,2021-09-24 10:46:59,2021-09-24 11:04:59,70.4,88.4,116.58409729938268,36.18348623853211,34.55045871559633
2594,2021-09-24 15:34:17,2021-09-24 15:50:57,60.4,77.2,115.85731721230157,39.35643564356435,37.693069306930695
2595,2021-09-25 14:29:47,2021-09-25 14:46:37,65.2,80.0,115.86901248123125,38.0,36.46078431372549
2596,2021-09-25 14:46:58,2021-09-25 15:04:28,80.0,95.6,114.3910443376069,38.820754716981135,37.0377358490566
2597,2021-09-25 20:25:36,2021-09-25 20:46:56,49.2,67.6,115.56842217693246,39.10077519379845,37.49612403100775
2598,2021-09-25 20:47:17,2021-09-25 21:05:57,68.0,84.0,116.2934369791667,40.0,38.0
2599,2021-09-26 09:48:42,2021-09-26 10:09:32,48.0,66.4,113.07667602656997,36.285714285714285,34.76984126984127
2600,2021-09-26 10:09:53,2021-09-26 10:27:43,66.8,82.0,117.13265624999995,37.620370370370374,36.0
2601,2021-09-26 10:28:04,2021-09-26 10:44:34,82.4,96.0,116.93115185866017,38.0,36.32
2602,2021-09-26 15:33:26,2021-09-26 15:52:46,53.6,70.4,115.32243840939157,40.36752136752137,38.77777777777778
2603,2021-09-26 15:53:07,2021-09-26 16:15:17,70.8,89.6,118.309713356974,41.0,39.33582089552239
2604,2021-09-26 23:18:18,2021-09-27 00:54:40,17.6,97.6,116.12032385069446,40.933609958506224,38.5850622406639
2605,2021-09-27 14:07:23,2021-09-27 14:57:59,34.4,85.6,115.00928904622398,39.52894736842105,37.85
2606,2021-09-28 01:41:19,2021-09-28 02:02:28,54.8,76.4,114.51306930298352,40.546875,38.8671875
2607,2021-09-28 14:28:39,2021-09-28 14:46:39,64.4,78.8,118.93712586805563,38.0,37.0
2608,2021-09-29 00:28:33,2021-09-29 00:49:13,6.0,27.2,115.23650694444447,38.984,37.0
2609,2021-09-29 00:49:34,2021-09-29 01:15:14,27.6,54.0,115.1141692445286,40.38709677419355,38.56774193548387
2610,2021-09-29 01:15:35,2021-09-29 01:42:15,54.4,81.6,116.12541973039217,43.422360248447205,41.45962732919255
2611,2021-09-29 17:11:20,2021-09-29 17:33:51,23.6,43.2,114.82574561366212,38.7956204379562,37.12408759124087
2612,2021-09-29 17:34:12,2021-09-29 17:52:32,43.6,59.6,114.53818993055553,40.67567567567568,38.83783783783784
2613,2021-09-30 03:58:34,2021-09-30 04:15:04,43.6,58.0,114.65182011959875,36.74,34.51
2614,2021-09-30 04:31:26,2021-09-30 04:49:16,72.4,87.6,117.47717114400594,39.0,36.5
2615,2021-09-30 13:14:49,2021-09-30 13:47:49,14.0,46.8,116.09080758807595,38.8391959798995,37.55778894472362
2616,2021-09-30 13:48:10,2021-09-30 14:18:00,47.2,77.2,114.7176116666667,42.18333333333333,40.794444444444444
2617,2021-09-30 14:18:21,2021-09-30 14:41:51,77.6,97.6,119.91669819444446,43.7887323943662,42.04929577464789
2618,2021-09-30 23:39:08,2021-09-30 23:57:08,26.0,41.6,114.81483529202276,39.20183486238532,37.12844036697248
2619,2021-09-30 23:57:29,2021-10-01 00:16:59,41.6,58.8,112.82059536498714,40.67796610169491,38.57627118644068
2620,2021-10-01 00:17:20,2021-10-01 00:38:50,59.2,77.6,116.27794965277785,42.0,39.96923076923077
2621,2021-10-01 00:39:11,2021-10-01 01:01:08,78.0,96.0,119.33243583333334,42.99248120300752,40.0
2622,2021-10-01 06:26:53,2021-10-01 06:47:13,13.2,31.2,115.57254020061727,40.292682926829265,37.15447154471545
2623,2021-10-01 06:47:34,2021-10-01 07:07:34,31.2,48.8,114.30162160669192,41.14876033057851,38.0
2624,2021-10-01 07:07:55,2021-10-01 07:27:25,49.2,65.6,116.71325685975617,42.55084745762712,39.389830508474574
2625,2021-10-01 07:27:46,2021-10-01 07:47:36,66.0,82.0,117.14064019097225,43.0,40.0
2626,2021-10-01 10:59:37,2021-10-01 11:30:27,58.8,85.6,115.23270760779438,42.06989247311828,39.96236559139785
2627,2021-10-02 12:18:09,2021-10-02 12:41:29,40.8,61.6,113.0134816372863,33.08510638297872,31.907801418439718
2628,2021-10-02 12:58:11,2021-10-02 13:19:51,76.0,94.8,116.24704875886526,35.79389312977099,34.717557251908396
2629,2021-10-02 20:45:16,2021-10-02 21:01:46,49.6,60.0,117.77646487713677,37.68,35.84
2630,2021-10-02 21:02:07,2021-10-02 21:19:37,60.4,71.2,117.03319843106993,38.698113207547166,36.87735849056604
2631,2021-10-02 21:19:58,2021-10-02 21:36:38,71.6,81.6,117.40139930555557,39.0,37.0
2632,2021-10-03 02:15:10,2021-10-03 02:34:00,42.8,59.2,115.16260645325198,37.21052631578947,34.96491228070175
2633,2021-10-03 02:34:21,2021-10-03 02:53:01,59.6,75.6,117.04514088541671,38.43362831858407,36.5929203539823
2634,2021-10-03 02:53:22,2021-10-03 03:16:02,76.0,95.6,115.90632199546486,39.0,37.0
2635,2021-10-03 14:14:14,2021-10-03 15:24:59,18.4,89.6,115.59678755461928,39.943502824858754,38.2241054613936
2636,2021-10-03 17:38:05,2021-10-03 18:13:09,70.4,97.6,116.54372253267977,40.678030303030305,38.0
2637,2021-10-05 17:34:22,2021-10-05 17:54:02,27.6,47.6,115.58403847222225,35.773109243697476,34.89915966386555
2638,2021-10-05 17:54:23,2021-10-05 18:19:23,48.0,73.6,114.94087977430559,38.94039735099338,37.94039735099338
2639,2021-10-05 18:19:44,2021-10-05 18:44:54,73.6,97.2,117.7295363700565,41.03947368421053,40.00657894736842
2640,2021-10-06 15:22:46,2021-10-06 15:42:46,24.4,42.0,114.32055232007576,37.33057851239669,36.29752066115702
2641,2021-10-06 15:43:07,2021-10-06 16:11:47,42.4,67.6,114.464833388448,39.69364161849711,38.774566473988436
2642,2021-10-06 16:12:08,2021-10-06 16:42:38,68.0,94.0,118.10735763888891,41.744565217391305,40.77173913043478
2643,2021-10-07 00:11:14,2021-10-07 00:35:24,56.4,77.2,115.88409428418802,40.486301369863014,37.54109589041096
2644,2021-10-07 00:35:45,2021-10-07 00:56:35,77.6,95.2,117.97979387626256,41.0,38.0
2645,2021-10-07 13:44:16,2021-10-07 14:04:26,53.2,74.0,113.22516920405987,38.49180327868852,37.204918032786885
2646,2021-10-07 14:04:47,2021-10-07 14:23:27,74.4,92.8,118.48657374698072,39.716814159292035,38.45132743362832
2647,2021-10-08 00:07:57,2021-10-08 00:24:37,68.8,76.8,112.44272725694444,40.0,38.0
2648,2021-10-08 00:40:39,2021-10-08 00:58:09,84.0,92.0,118.4531418402778,40.0,38.0
2649,2021-10-08 15:13:06,2021-10-08 15:36:46,28.4,48.8,114.86793082788671,30.74125874125874,28.034965034965033
2650,2021-10-08 15:37:07,2021-10-08 16:05:37,48.8,73.6,111.38330157930108,33.343023255813954,30.848837209302324
2651,2021-10-08 16:05:58,2021-10-08 16:34:08,74.0,96.0,116.70203080808079,34.8235294117647,32.00588235294118
2652,2021-10-09 11:39:28,2021-10-09 12:04:08,38.0,63.2,114.24603951719574,28.778523489932887,27.926174496644297
2653,2021-10-09 12:04:29,2021-10-09 12:31:29,63.6,90.8,115.7342748672386,31.950920245398773,30.76073619631902
2654,2021-10-09 21:54:21,2021-10-09 22:35:52,50.4,94.8,109.1340770332833,30.689102564102566,28.59294871794872
2655,2021-10-10 05:20:17,2021-10-10 06:20:05,40.4,97.6,115.9732721105284,31.534521158129177,29.280623608017816
2656,2021-10-10 19:19:02,2021-10-10 20:50:15,9.2,97.6,116.92701278594775,34.88921282798834,33.52040816326531
2657,2021-10-11 02:59:37,2021-10-11 03:41:31,46.8,89.2,115.28259717963836,35.99682539682539,33.44761904761905
2658,2021-10-11 21:19:10,2021-10-11 22:07:07,36.0,84.4,115.53153847279614,33.32686980609418,32.00277008310249
2659,2021-10-12 14:29:14,2021-10-12 14:57:54,26.4,55.6,114.59094786910198,30.826589595375722,29.526011560693643
2660,2021-10-12 14:58:15,2021-10-12 15:27:15,56.0,85.6,114.3679673892643,34.12,32.862857142857145
2661,2021-10-13 12:35:10,2021-10-13 12:58:10,22.8,42.4,116.72408425453516,25.258992805755394,24.46043165467626
2662,2021-10-13 12:58:31,2021-10-13 13:32:21,42.8,72.4,113.71013579204204,28.54901960784314,27.71078431372549
2663,2021-10-13 13:32:42,2021-10-13 14:02:22,72.8,96.8,118.9583568287037,30.860335195530727,30.178770949720672
2664,2021-10-13 23:43:18,2021-10-14 00:49:39,32.4,97.6,113.9638981019939,30.042168674698797,28.580321285140563
2665,2021-10-15 00:32:48,2021-10-15 02:00:54,23.6,97.6,114.11326281531531,33.18456883509833,31.626323751891075
2666,2021-10-15 07:12:55,2021-10-15 07:32:35,55.6,76.0,112.68383769063186,35.66386554621849,33.09243697478992
2667,2021-10-15 07:32:56,2021-10-15 07:53:36,76.4,96.0,116.08348703231299,36.872,34.16
2668,2021-10-15 17:55:24,2021-10-15 18:18:14,37.6,58.0,111.36575966775601,30.41304347826087,28.420289855072465
2669,2021-10-15 18:18:35,2021-10-15 18:46:25,58.4,82.8,113.48248713570128,32.726190476190474,30.75
2670,2021-10-15 18:46:46,2021-10-15 19:05:26,83.2,97.6,119.76853375771614,33.796460176991154,31.991150442477878
2671,2021-10-16 12:54:37,2021-10-16 13:20:27,39.6,62.4,112.94776528996107,28.083333333333332,26.756410256410255
2672,2021-10-16 13:20:48,2021-10-16 13:45:58,62.8,84.8,114.01266439393945,30.5,29.0
2673,2021-10-16 20:19:13,2021-10-16 20:51:23,35.2,68.8,111.42569299768523,32.74742268041237,31.061855670103093
2674,2021-10-16 20:51:44,2021-10-16 21:21:34,69.2,97.2,115.42161815476193,35.422222222222224,33.57222222222222
2675,2021-10-17 05:05:22,2021-10-17 05:26:12,44.0,66.0,110.62248636363641,30.92063492063492,27.706349206349206
2676,2021-10-17 05:26:33,2021-10-17 05:45:53,66.4,86.0,115.17787166950117,32.82051282051282,29.76068376068376
2677,2021-10-17 17:58:52,2021-10-17 18:25:22,7.6,31.2,112.25635245998117,30.0,28.75625
2678,2021-10-17 18:25:43,2021-10-17 18:53:33,31.6,56.0,113.96287625227689,31.875,30.101190476190474
2679,2021-10-17 18:53:54,2021-10-17 19:25:24,56.4,83.2,117.39633768656716,34.56842105263158,32.694736842105264
2680,2021-10-17 19:25:45,2021-10-17 19:43:45,83.6,97.6,120.53770128968256,35.79816513761468,33.8348623853211
2681,2021-10-18 00:56:32,2021-10-18 01:35:18,61.600002,97.6,115.43631606822132,31.695205479452056,28.777397260273972
2682,2021-10-18 17:59:34,2021-10-18 18:29:54,18.0,45.2,111.4424963745915,31.39344262295082,30.027322404371585
2683,2021-10-18 18:30:15,2021-10-18 19:02:05,45.2,73.2,113.579353968254,34.0625,33.005208333333336
2684,2021-10-18 19:02:26,2021-10-18 19:21:26,73.2,89.6,115.74948145325207,35.582608695652176,34.44347826086957
2685,2021-10-20 10:18:19,2021-10-20 11:33:47,22.800001,97.6,114.6243238188784,31.827464788732396,31.068661971830984
2686,2021-10-20 14:16:02,2021-10-20 14:45:46,69.200005,97.6,114.86817617788707,36.64732142857143,35.45982142857143
2687,2021-10-20 18:25:17,2021-10-20 18:44:47,67.6,84.4,115.3439346891534,37.0,35.0
2688,2021-10-21 01:30:57,2021-10-21 01:51:07,32.8,53.6,113.41748497596149,34.01639344262295,31.950819672131146
2689,2021-10-21 09:14:05,2021-10-21 10:03:59,16.8,61.2,113.19336024149149,30.624,28.317333333333334
2690,2021-10-21 10:18:09,2021-10-21 10:49:07,60.8,86.4,114.44049811197911,33.45922746781116,30.974248927038627
2691,2021-10-21 14:25:45,2021-10-21 14:52:59,64.0,92.0,114.00829836805558,31.28780487804878,28.365853658536587
2692,2021-10-22 12:49:42,2021-10-22 14:08:04,32.0,97.6,112.93683562838754,24.739795918367346,23.535714285714285
2693,2021-10-22 20:36:39,2021-10-22 20:53:39,57.6,71.6,116.76588313492068,26.145631067961165,24.514563106796118
2694,2021-10-22 20:54:00,2021-10-22 21:13:20,72.0,87.6,114.88605208333335,27.0,25.4017094017094
2695,2021-10-23 16:52:33,2021-10-23 17:19:47,32.0,60.4,111.98602117077468,25.229268292682928,24.13658536585366
2696,2021-10-23 17:20:51,2021-10-23 17:51:01,60.0,90.8,114.38380171356424,28.43612334801762,27.36123348017621
2697,2021-10-24 01:47:16,2021-10-24 02:06:35,24.0,44.0,112.6509692638889,26.310924369747898,24.04201680672269
2698,2021-10-24 02:06:56,2021-10-24 02:32:25,44.4,71.2,110.93268012541458,29.232258064516127,27.01290322580645
2699,2021-10-24 16:13:05,2021-10-24 16:31:25,27.6,47.2,115.3266746740363,29.243243243243242,28.01801801801802
2700,2021-10-24 16:31:46,2021-10-24 16:50:26,47.6,68.4,110.61431837606833,32.150442477876105,30.92920353982301
2701,2021-10-24 16:50:47,2021-10-24 17:09:47,68.8,89.2,114.81481767429193,34.165217391304346,32.76521739130435
2702,2021-10-25 09:51:00,2021-10-25 10:10:10,30.8,50.4,113.72239264455783,25.20689655172414,24.43103448275862
2703,2021-10-25 10:10:31,2021-10-25 10:28:41,50.8,70.0,110.0738152488426,28.036363636363635,27.154545454545456
2704,2021-10-25 10:29:02,2021-10-25 10:47:32,70.4,89.2,114.53089723699772,29.75,28.839285714285715
2705,2021-10-25 18:21:49,2021-10-25 18:41:39,36.8,54.4,112.08414125631319,30.125,28.825
2706,2021-10-25 18:42:00,2021-10-25 19:09:20,54.8,78.8,113.29052824074076,32.41818181818182,31.10909090909091
2707,2021-10-25 19:09:41,2021-10-25 19:32:51,79.2,97.6,118.07444346316433,33.6,32.0
2708,2021-10-26 11:10:04,2021-10-26 11:39:34,64.8,90.4,114.40756542968747,26.646067415730336,25.584269662921347
2709,2021-10-27 02:00:01,2021-10-27 02:25:11,40.8,62.8,113.24557335858587,30.00657894736842,28.361842105263158
2710,2021-10-27 02:25:32,2021-10-27 02:56:52,63.2,90.4,114.03644286151957,32.285714285714285,30.608465608465607
2711,2021-10-27 20:00:54,2021-10-27 20:19:24,30.8,50.0,112.44502633101854,32.857142857142854,31.741071428571427
2712,2021-10-27 20:19:45,2021-10-27 20:40:15,50.4,71.6,112.79349895178197,35.25,34.16935483870968
2713,2021-10-27 20:40:36,2021-10-27 20:59:46,72.0,91.6,114.0199762613379,36.78448275862069,35.60344827586207
2714,2021-10-28 05:36:19,2021-10-28 06:46:49,28.0,97.6,113.69040150862068,33.21739130434783,31.19470699432892
2715,2021-10-28 19:07:46,2021-10-28 19:28:36,24.0,45.6,112.73599453446504,33.976190476190474,32.492063492063494
2716,2021-10-28 19:28:57,2021-10-28 19:47:37,45.6,64.8,113.57133427372688,36.43362831858407,34.769911504424776
2717,2021-10-28 19:47:58,2021-10-28 20:06:28,65.2,84.0,114.9512515514185,38.285714285714285,36.526785714285715
2718,2021-10-29 17:11:47,2021-10-29 17:29:47,64.0,82.4,114.38331801026571,30.6697247706422,29.339449541284402
2719,2021-10-29 17:30:08,2021-10-29 17:47:28,82.8,97.6,115.75733399024028,31.60952380952381,30.0
2720,2021-10-30 04:25:35,2021-10-30 05:48:13,16.4,97.6,114.4786105141626,33.21290322580645,31.40483870967742
2721,2021-10-30 16:14:55,2021-10-30 17:01:09,39.2,86.8,113.27912319094307,27.97134670487106,26.008595988538683
2722,2021-10-31 13:52:00,2021-10-31 15:03:50,13.2,88.0,111.89126808526441,30.00556586270872,28.93692022263451
2723,2021-11-01 00:00:11,2021-11-01 01:06:32,17.6,85.6,113.69734612336603,32.63855421686747,30.37550200803213
2724,2021-11-01 12:39:38,2021-11-01 13:44:18,29.6,95.2,113.64168706808945,31.90965092402464,30.26488706365503
2725,2021-11-01 19:32:54,2021-11-01 19:52:34,58.4,71.2,111.79038595920136,33.05042016806723,31.0
2726,2021-11-02 14:23:51,2021-11-02 15:20:43,26.0,84.4,113.30699360017124,30.69086651053864,29.414519906323186
2727,2021-11-02 18:59:52,2021-11-02 19:18:42,46.0,65.6,112.0741189767574,33.175438596491226,30.95614035087719
2728,2021-11-02 19:19:03,2021-11-02 19:38:13,66.0,85.2,116.37368945312501,34.8448275862069,32.73275862068966
2729,2021-11-03 02:19:26,2021-11-03 03:41:31,35.6,88.8,113.05713776890146,31.771103896103895,29.0974025974026
2730,2021-11-03 08:00:29,2021-11-03 08:17:09,62.4,79.6,113.13954295865638,30.722772277227723,28.712871287128714
2731,2021-11-03 08:17:30,2021-11-03 08:36:10,80.0,96.8,115.55969427910055,31.646017699115045,29.75221238938053
2732,2021-11-05 18:38:42,2021-11-05 19:23:09,54.8,97.6,114.9421792250779,32.69760479041916,31.577844311377245
2733,2021-11-06 20:09:51,2021-11-06 21:08:03,17.6,77.6,112.95586447453705,35.318077803203664,33.97025171624714
2734,2021-11-07 05:34:52,2021-11-07 06:50:38,5.2000003,82.8,113.94632633792253,35.15909090909091,33.12062937062937
2735,2021-11-07 15:37:53,2021-11-07 16:36:22,13.2,73.2,113.43739630324075,37.41913439635535,35.535307517084284
2736,2021-11-08 11:26:10,2021-11-08 12:25:22,41.2,97.6,114.61309233254535,22.797752808988765,21.512359550561797
2737,2021-11-08 21:32:24,2021-11-08 21:51:04,19.6,39.2,111.9267312216553,23.460176991150444,22.04424778761062
2738,2021-11-08 21:51:25,2021-11-08 22:11:25,39.2,60.4,110.84119418238998,25.99173553719008,24.429752066115704
2739,2021-11-08 22:11:46,2021-11-08 22:30:56,60.8,80.8,112.60416666666666,28.525862068965516,26.732758620689655
2740,2021-11-09 06:08:07,2021-11-09 06:27:27,14.4,35.2,108.63048824786321,25.0,21.99145299145299
2741,2021-11-09 06:27:48,2021-11-09 06:46:58,35.6,54.8,116.65148748553244,26.75,23.92241379310345
2742,2021-11-09 06:47:19,2021-11-09 07:04:19,55.2,72.4,115.49015947997414,29.135922330097088,26.388349514563107
2743,2021-11-09 07:04:40,2021-11-09 07:23:50,72.8,91.6,119.15633348108751,30.551724137931036,27.905172413793103
2744,2021-11-09 18:22:30,2021-11-09 18:39:06,7.6,13.2,68.80310403769842,27.0,25.0
2745,2021-11-09 18:39:27,2021-11-09 18:59:17,13.2,20.0,89.52822683823527,27.0,25.0
2746,2021-11-09 18:59:38,2021-11-09 19:17:58,20.0,36.0,113.97570229166665,27.126126126126128,25.54054054054054
2747,2021-11-09 19:18:19,2021-11-09 19:36:59,36.4,52.8,114.63585298102983,28.575221238938052,26.938053097345133
2748,2021-11-09 19:37:20,2021-11-09 19:57:30,53.2,70.0,117.75464318783071,30.598360655737704,28.885245901639344
2749,2021-11-09 19:57:51,2021-11-09 20:17:51,70.4,86.4,117.88976987847224,32.0,30.0
2750,2021-11-10 05:20:11,2021-11-10 05:37:51,47.2,65.6,111.97236933876815,25.897196261682243,23.542056074766354
2751,2021-11-10 05:38:12,2021-11-10 05:58:22,66.0,86.8,113.08426569177352,27.540983606557376,25.278688524590162
2752,2021-11-10 13:11:19,2021-11-10 13:48:50,52.4,90.4,115.13710134137425,28.23049645390071,26.897163120567377
2753,2021-11-10 21:41:44,2021-11-10 21:59:44,78.0,93.6,114.81394435541317,32.0,30.321100917431192
2754,2021-11-11 13:03:10,2021-11-11 13:24:10,39.6,58.4,111.30026270685582,26.543307086614174,25.212598425196852
2755,2021-11-11 13:24:31,2021-11-11 13:45:01,58.8,77.2,110.95564387077292,28.79032258064516,27.629032258064516
2756,2021-11-11 13:45:22,2021-11-11 14:06:42,77.2,95.2,116.1828993055556,30.085271317829456,28.8062015503876
2757,2021-11-12 12:28:59,2021-11-12 12:49:59,4.4,22.8,116.17151600241552,27.0,26.0
2758,2021-11-12 12:50:20,2021-11-12 13:14:20,23.2,45.2,111.3125221590909,28.337931034482757,26.979310344827585
2759,2021-11-12 13:14:41,2021-11-12 13:40:01,45.6,68.0,115.58782192460318,30.875816993464053,29.705882352941178
2760,2021-11-12 13:40:22,2021-11-12 14:02:12,68.0,87.2,116.27822055844908,32.75,31.62121212121212
2761,2021-11-13 06:05:28,2021-11-13 06:31:28,67.200005,93.200005,113.30342647008548,24.505102040816325,23.102040816326532
2762,2021-11-13 14:25:32,2021-11-13 14:52:12,46.8,70.8,111.42999537037039,29.993788819875775,28.472049689440993
2763,2021-11-13 14:52:33,2021-11-13 15:18:13,71.2,93.6,114.87167088293656,31.651612903225807,30.335483870967742
2764,2021-11-13 22:29:24,2021-11-13 22:49:04,51.6,72.0,112.20113378267979,32.857142857142854,30.41176470588235
2765,2021-11-13 22:49:25,2021-11-13 23:07:55,72.4,91.2,114.4939656471632,34.0,31.732142857142858
2766,2021-11-14 04:43:24,2021-11-14 05:03:54,29.2,42.8,114.50880616830068,27.35483870967742,24.258064516129032
2767,2021-11-14 05:04:15,2021-11-14 05:25:55,43.2,57.6,112.3128956404321,28.595419847328245,25.61832061068702
2768,2021-11-14 05:26:16,2021-11-14 05:44:16,58.0,69.6,112.52754406130272,29.871559633027523,26.94495412844037
2769,2021-11-14 05:44:37,2021-11-14 06:03:17,70.0,81.6,113.5081647509579,30.0,27.0
2770,2021-11-14 06:08:06,2021-11-14 06:27:56,84.4,96.0,116.70978759578551,30.0,27.0
2771,2021-11-14 10:26:25,2021-11-14 10:44:15,65.6,80.4,114.29618149399391,28.314814814814813,25.925925925925927
2772,2021-11-14 10:44:36,2021-11-14 11:03:06,80.8,95.6,113.31833596096095,29.0,26.651785714285715
2773,2021-11-15 00:46:05,2021-11-15 01:04:35,17.6,36.4,113.90143964243498,26.660714285714285,25.276785714285715
2774,2021-11-15 01:16:06,2021-11-15 01:35:56,48.0,68.8,110.3719206063034,30.383333333333333,28.966666666666665
2775,2021-11-15 01:36:17,2021-11-15 01:54:17,69.2,87.2,115.78703240740738,32.11009174311926,30.65137614678899
2776,2021-11-15 21:42:23,2021-11-15 22:02:13,28.4,48.8,113.18083932461876,28.016666666666666,26.966666666666665
2777,2021-11-15 22:02:34,2021-11-15 22:21:44,49.2,69.2,111.59514770833337,30.844827586206897,29.767241379310345
