cycle_num,time_s,time_e,SOC_s,SOC_e,charge_capacity,Tmax,Tmin
1,2019-07-22 16:45:34,2019-07-22 16:58:54,95.6,97.2,143.05583333333257,32.0,30.0
2,2019-07-24 17:10:53,2019-07-24 19:04:38,14.4,88.4,133.5182688776276,35.55620608899297,34.33957845433255
3,2019-07-25 02:31:05,2019-07-25 03:51:48,32.4,59.2,131.00284862147592,35.65346534653465,33.37458745874587
4,2019-07-25 03:55:00,2019-07-25 04:30:38,58.4,70.0,133.5101086685824,36.0,34.0
5,2019-07-25 22:10:09,2019-07-25 23:48:41,6.8,94.0,133.59377990570843,41.90405405405406,39.917567567567566
6,2019-07-26 21:10:00,2019-07-26 22:57:40,6.0,97.6,134.47426521257887,43.61262376237624,41.66089108910891
7,2019-07-27 10:54:36,2019-07-27 12:24:48,45.6,96.0,134.76854843474428,38.25701624815362,36.81979320531758
8,2019-07-28 00:55:21,2019-07-28 01:15:59,34.4,46.0,133.41858371647507,40.69426751592356,38.65605095541401
9,2019-07-28 01:16:31,2019-07-28 01:51:52,46.0,65.6,135.2695579931973,42.109022556390975,39.86466165413534
10,2019-07-28 19:27:38,2019-07-28 20:27:40,40.8,74.8,133.01734991830068,38.43458980044346,36.348115299334815
11,2019-07-28 20:28:20,2019-07-28 20:50:11,75.2,87.6,132.74465302419367,39.0,37.0
12,2019-07-29 04:35:11,2019-07-29 08:45:11,21.2,99.6,135.19745103812363,36.26918976545842,33.67217484008529
13,2019-07-29 23:13:15,2019-07-29 23:53:56,12.8,50.4,133.87727823212177,36.173202614379086,33.627450980392155
14,2019-07-29 23:59:41,2019-07-30 01:07:35,55.6,99.6,136.67316803977278,40.55882352941177,37.741176470588236
15,2019-07-30 14:30:03,2019-07-30 16:15:27,18.8,99.6,134.7430401540154,40.958280657395704,38.529709228824274
16,2019-07-31 05:18:42,2019-07-31 07:26:10,0.4,72.0,134.11315820918688,39.330198537095086,36.39811912225705
17,2019-07-31 07:27:53,2019-07-31 08:28:19,72.0,99.6,135.9729632648954,41.0,38.0
18,2019-07-31 23:05:19,2019-07-31 23:54:09,27.6,55.6,131.09864017857146,31.885558583106267,29.60490463215259
19,2019-07-31 23:59:21,2019-08-01 01:19:08,58.4,99.2,134.48784577205882,33.98,31.925
20,2019-08-01 13:00:48,2019-08-01 14:30:38,23.6,74.8,131.5954864800347,32.67259259259259,30.191111111111113
21,2019-08-01 20:21:47,2019-08-01 21:47:34,39.2,99.6,136.57358639854675,34.15683229813665,32.037267080745345
22,2019-08-02 14:06:55,2019-08-02 15:35:14,22.8,96.4,133.7461100618961,34.81447963800905,33.56410256410256
23,2019-08-02 21:18:51,2019-08-02 22:19:57,62.0,99.6,137.02561019872934,36.91938997821351,34.78213507625272
24,2019-08-03 05:55:32,2019-08-03 08:43:11,46.8,99.6,136.25315772569445,33.97933227344992,31.748012718600954
25,2019-08-03 22:04:02,2019-08-03 23:52:38,18.4,99.6,134.68571855842916,36.2760736196319,34.392638036809814
26,2019-08-04 16:48:07,2019-08-04 17:50:10,26.0,56.8,131.5162673069986,37.98927038626609,36.47854077253219
27,2019-08-04 21:17:17,2019-08-04 22:34:32,34.0,96.8,135.12973192232838,40.09827586206897,38.5448275862069
28,2019-08-05 17:23:24,2019-08-05 18:11:50,45.6,88.8,134.36410445280353,40.81318681318681,39.324175824175825
29,2019-08-06 02:25:35,2019-08-06 05:51:08,31.6,89.6,132.8747605363985,37.20881971465629,35.25162127107652
30,2019-08-06 15:32:55,2019-08-06 16:30:25,33.6,86.0,134.27694237966497,38.083140877598154,36.75750577367206
31,2019-08-07 01:09:01,2019-08-07 01:50:18,21.6,42.0,136.2619488425926,36.52258064516129,33.95483870967742
32,2019-08-07 01:50:58,2019-08-07 03:38:18,42.4,96.8,132.8512743055556,38.827329192546586,36.71925465838509
33,2019-08-07 13:16:11,2019-08-07 15:07:22,19.2,81.6,134.22474484953707,39.552095808383235,38.202395209580835
34,2019-08-07 23:40:57,2019-08-07 23:54:33,33.2,45.6,134.24281971326167,37.89320388349515,36.0873786407767
35,2019-08-07 23:59:53,2019-08-08 01:14:52,50.8,99.6,137.21203356955832,40.204262877442275,37.90408525754884
36,2019-08-08 14:19:27,2019-08-08 15:52:54,22.0,98.0,133.9384626005117,42.5149359886202,41.09815078236131
37,2019-08-09 00:49:24,2019-08-09 04:15:49,24.0,88.0,133.38225642578124,42.24144609425436,38.88185926404132
38,2019-08-09 13:41:19,2019-08-09 15:24:44,20.0,87.2,133.62686466807205,42.15077319587629,40.98582474226804
39,2019-08-09 23:21:15,2019-08-09 23:54:53,22.0,38.8,134.07146240079368,42.312252964426875,40.3201581027668
40,2019-08-09 23:59:49,2019-08-10 00:58:07,41.2,70.8,131.96287066441442,43.863013698630134,41.80365296803653
41,2019-08-10 04:49:33,2019-08-10 06:40:32,45.2,99.6,137.97138368055562,40.87755102040816,37.827130852340936
42,2019-08-10 19:06:59,2019-08-10 21:04:07,20.0,85.6,134.5137493563686,41.996587030716725,39.98293515358362
43,2019-08-10 21:05:52,2019-08-10 21:27:05,86.8,98.0,135.66719427083333,43.0,41.0
44,2019-08-10 21:27:37,2019-08-10 21:41:21,98.0,99.6,208.8612541666675,43.0,41.0
45,2019-08-11 07:58:06,2019-08-11 10:30:28,20.4,99.6,134.2874867915264,39.36045494313211,37.265966754155734
46,2019-08-11 22:27:47,2019-08-11 23:53:58,11.2,89.6,133.53136314306974,42.69242658423493,39.12210200927357
47,2019-08-11 23:59:59,2019-08-12 00:24:32,93.2,99.6,154.68400290798633,44.0,40.36756756756757
48,2019-08-12 06:24:58,2019-08-12 08:52:15,23.2,99.6,134.0478811027487,43.19547511312217,39.62533936651584
49,2019-08-13 11:16:01,2019-08-13 13:32:07,13.6,90.0,133.6413511089296,37.38872970391595,36.20916905444126
50,2019-08-14 00:08:58,2019-08-14 02:00:02,13.2,69.2,132.86352511904764,38.800959232613906,37.010791366906474
51,2019-08-14 14:32:47,2019-08-14 19:11:14,11.2,99.6,135.28508745286578,40.611111111111114,39.52777777777778
52,2019-08-15 01:52:10,2019-08-15 05:17:06,47.2,99.6,137.37785416507634,36.87378009108653,34.33571893298634
53,2019-08-15 23:17:25,2019-08-15 23:58:31,16.0,38.8,134.2848744395712,33.48220064724919,31.588996763754047
54,2019-08-15 23:58:55,2019-08-16 01:39:39,39.2,95.6,133.06090447202527,36.473544973544975,34.55291005291005
55,2019-08-16 13:20:22,2019-08-16 15:53:09,24.4,99.2,133.79470495209443,40.19895287958115,38.49389179755672
56,2019-08-17 01:57:17,2019-08-17 03:57:54,35.2,95.2,133.045476025,34.476243093922655,31.934806629834256
57,2019-08-21 20:58:41,2019-08-21 23:02:22,32.4,99.6,134.5812262607474,37.289870689655174,36.25431034482759
58,2019-08-22 18:51:02,2019-08-22 20:24:41,49.6,99.6,136.78738099444448,38.648648648648646,37.37411095305832
59,2019-08-23 12:18:23,2019-08-23 13:59:23,21.6,72.4,132.21409647856518,38.77176781002638,36.985488126649074
60,2019-08-23 22:53:10,2019-08-24 01:41:40,12.4,99.6,135.14640726140422,38.38132911392405,36.63449367088607
61,2019-08-24 13:16:43,2019-08-24 14:12:45,38.8,88.4,132.96782540042562,40.63182897862233,39.572446555819475
62,2019-08-25 08:49:06,2019-08-25 11:21:43,29.2,99.6,135.74400598169194,37.52751091703057,35.85851528384279
63,2019-08-26 01:38:24,2019-08-26 03:29:17,19.2,99.6,134.69551319444443,35.14903846153846,32.92668269230769
64,2019-08-26 07:59:34,2019-08-26 08:56:49,67.6,99.6,139.17286402777776,33.96511627906977,30.827906976744185
65,2019-08-27 02:06:26,2019-08-27 03:42:14,32.4,99.6,134.98984531250002,34.471488178025034,32.98052851182197
66,2019-08-27 23:51:30,2019-08-28 01:36:54,23.6,99.6,135.14959681286552,38.76106194690266,37.0353982300885
67,2019-08-28 23:17:27,2019-08-28 23:53:45,24.8,58.4,133.70224451058203,40.014652014652015,38.57875457875458
68,2019-08-28 23:59:45,2019-08-29 00:59:23,64.0,99.6,138.77592733302123,43.078125,41.857142857142854
69,2019-08-30 01:15:43,2019-08-30 02:15:41,44.8,74.8,134.35138091203703,38.29424778761062,35.719026548672566
70,2019-08-30 13:34:35,2019-08-30 15:37:03,33.6,99.6,135.6611902840909,34.21980413492927,32.13928182807399
71,2019-08-31 02:00:54,2019-08-31 04:27:18,24.8,99.6,135.24223081922162,36.313974591651544,34.081669691470054
72,2019-08-31 15:51:23,2019-08-31 17:32:47,24.4,99.6,133.86341306885345,38.51116951379763,36.79894875164258
73,2019-09-01 18:43:21,2019-09-01 21:09:35,23.6,99.6,133.13617598318717,35.00820419325433,33.824977210574296
74,2019-09-02 02:27:19,2019-09-02 04:13:16,48.0,99.6,136.45483516365206,34.92578616352201,32.630188679245286
75,2019-09-02 23:08:03,2019-09-02 23:57:41,24.4,70.8,132.30246217672413,32.96782841823056,31.369973190348524
76,2019-09-03 00:00:05,2019-09-03 00:34:30,73.2,97.6,132.76072992941715,35.95752895752896,34.13513513513514
77,2019-09-03 06:13:01,2019-09-03 07:17:12,62.8,99.6,137.61948009133457,34.73651452282158,32.32572614107884
78,2019-09-04 00:32:40,2019-09-04 02:22:37,20.0,99.6,134.66038334380235,37.53454545454545,34.49939393939394
79,2019-09-04 22:45:48,2019-09-05 00:24:24,31.2,99.6,135.3080618989604,36.82297297297297,35.46621621621622
80,2019-09-05 13:08:36,2019-09-05 13:26:28,8.8,18.8,133.95334077777778,34.0,32.977777777777774
81,2019-09-05 16:11:06,2019-09-05 17:38:18,22.0,71.6,131.89292493279572,36.92998477929985,36.02435312024353
82,2019-09-06 02:06:55,2019-09-06 04:37:14,8.0,92.0,134.2151458862434,36.877767936226746,34.811337466784764
83,2019-09-06 14:07:05,2019-09-06 16:21:15,26.8,93.2,133.8929200577309,40.473684210526315,38.88381330685203
84,2019-09-07 03:35:04,2019-09-07 05:07:48,15.2,93.6,133.07573489583336,38.99425287356322,36.5933908045977
85,2019-09-07 14:42:39,2019-09-07 16:34:27,30.8,86.8,132.39585963402777,41.846245530393325,40.38140643623361
86,2019-09-07 22:47:53,2019-09-07 23:40:59,44.8,91.2,134.01555976712166,42.38345864661654,39.902255639097746
87,2019-09-08 07:59:04,2019-09-08 10:35:27,23.2,98.8,134.22355305188125,39.74850809889173,37.20289855072464
88,2019-09-09 01:45:41,2019-09-09 03:19:29,24.8,98.4,132.9755353204257,38.85511363636363,36.796875
89,2019-09-09 12:58:44,2019-09-09 14:41:44,27.2,99.6,133.94686690262435,39.20181112548512,37.86545924967658
90,2019-09-09 19:15:07,2019-09-09 19:44:28,89.2,99.6,143.67439711538472,38.0,36.95022624434389
91,2019-09-10 05:57:28,2019-09-10 06:55:46,67.2,99.6,139.4702554783951,35.445205479452056,33.93150684931507
92,2019-09-10 23:47:17,2019-09-11 01:29:30,28.4,99.6,135.20557183208493,39.98826597131682,38.303780964797916
93,2019-09-11 16:57:47,2019-09-11 18:23:59,9.6,87.2,133.8341984750859,43.239567233384854,41.502318392581145
94,2019-09-12 09:38:45,2019-09-12 11:43:46,30.4,99.6,135.4862394147399,37.217484008528785,35.46908315565032
95,2019-09-16 10:22:28,2019-09-16 12:27:59,8.0,99.6,134.49328469189717,35.196182396606574,33.79109225874868
96,2019-09-16 22:31:29,2019-09-17 01:09:59,27.6,79.6,131.95961540598293,39.36669470142977,37.44238856181665
97,2019-09-17 04:51:03,2019-09-17 06:46:51,42.8,99.6,136.92036840766824,37.848101265822784,34.466052934407365
98,2019-09-17 19:36:05,2019-09-17 20:34:15,30.4,84.8,132.50123103553923,36.97025171624714,35.17848970251716
99,2019-09-18 12:09:23,2019-09-18 13:38:15,22.0,96.4,133.12848295250893,38.715142428785605,37.16791604197901
100,2019-09-18 23:07:05,2019-09-19 00:44:21,23.6,98.8,133.18067211879438,42.31506849315068,39.868493150684934
101,2019-09-19 20:24:34,2019-09-19 22:37:59,18.4,98.4,131.14553640972227,37.999000999001,36.32267732267732
102,2019-09-20 04:59:13,2019-09-20 06:30:21,52.8,99.2,134.44806913314176,36.96491228070175,34.380116959064324
103,2019-09-20 17:51:20,2019-09-20 21:52:30,21.6,99.6,132.72794010683762,38.30624654505252,36.29297954671089
104,2019-09-21 16:35:18,2019-09-21 18:10:34,34.0,99.6,135.39219448467145,38.94832402234637,37.315642458100555
105,2019-09-22 05:33:36,2019-09-22 07:18:20,27.2,99.6,134.80862730010745,36.853689567430024,34.161577608142494
106,2019-09-23 10:10:32,2019-09-23 12:32:30,26.0,99.6,132.6103507925725,33.608450704225355,32.29671361502347
107,2019-09-23 21:37:31,2019-09-23 23:35:53,36.0,98.8,133.96107498230714,35.8013468013468,33.898989898989896
108,2019-09-24 13:25:45,2019-09-24 15:29:37,18.8,99.6,133.35973410341035,37.747854077253216,35.97639484978541
109,2019-09-24 22:45:37,2019-09-25 00:04:40,44.0,98.0,133.52925749485595,38.42929292929293,36.005050505050505
110,2019-09-25 14:57:48,2019-09-25 16:58:36,10.4,99.6,133.63772266598158,39.01212789415656,37.36824696802646
111,2019-09-26 04:09:55,2019-09-26 06:11:36,6.0,99.6,134.81259479315054,39.40854326396495,36.69003285870756
112,2019-09-26 18:36:54,2019-09-26 20:20:10,27.6,99.6,135.11301956018522,39.68516129032258,38.012903225806454
113,2019-09-27 05:08:56,2019-09-27 07:21:19,14.4,89.2,133.0327463718063,36.32663316582914,33.92060301507538
114,2019-09-27 07:27:06,2019-09-27 07:58:51,88.8,99.6,135.0388583590535,37.0,34.75313807531381
115,2019-09-27 13:55:10,2019-09-27 14:30:48,57.6,77.6,133.63000050000005,39.0,37.0
116,2019-09-27 14:42:23,2019-09-27 15:13:12,77.6,94.8,134.19541414728678,38.89655172413793,37.0
117,2019-09-27 19:00:44,2019-09-27 20:19:17,62.0,99.6,137.03900497192674,39.12013536379018,37.00338409475465
118,2019-09-29 21:37:55,2019-09-29 23:00:30,16.8,91.6,132.41642517453954,40.08064516129032,38.73548387096774
119,2019-09-30 02:49:02,2019-09-30 04:24:28,60.0,90.8,134.19444468253968,38.83124128312413,35.62761506276151
120,2019-09-30 05:09:07,2019-09-30 05:43:09,90.0,99.6,134.84172650462972,37.0,34.8125
121,2019-09-30 16:44:44,2019-09-30 18:01:49,28.4,74.0,130.45150403265112,39.255172413793105,37.27413793103448
122,2019-09-30 23:35:00,2019-10-01 00:35:22,36.8,89.6,134.480258777883,39.6784140969163,37.99339207048458
123,2019-10-02 10:28:00,2019-10-02 13:03:27,9.6,99.6,133.10130313580245,37.023156089193826,35.924528301886795
124,2019-10-02 19:08:45,2019-10-02 19:50:47,53.6,77.2,133.58662961393597,41.0,39.0
125,2019-10-03 00:25:20,2019-10-03 01:20:53,48.0,79.6,135.63112308368503,38.0,36.0
126,2019-10-03 10:58:33,2019-10-03 12:37:01,47.6,99.6,137.3499908627137,35.341001353179976,33.926928281461436
127,2019-10-03 19:02:31,2019-10-03 20:13:46,55.2,99.6,137.83256512449952,41.00747663551402,38.82616822429907
128,2019-10-04 04:22:53,2019-10-04 05:50:26,41.2,99.6,136.18730005469942,37.46048632218845,34.89817629179331
129,2019-10-04 13:08:23,2019-10-04 14:34:43,54.4,96.8,134.3682398165619,37.0,35.0
130,2019-10-04 22:57:15,2019-10-05 00:30:23,36.4,88.8,133.3269747455471,37.45064377682404,35.82546494992847
131,2019-10-05 18:24:45,2019-10-05 20:37:33,26.4,98.8,132.85502919352362,39.690070210631895,38.09027081243731
132,2019-10-06 11:37:37,2019-10-06 13:42:45,36.0,99.6,132.9759237945493,34.61341853035144,33.6506922257721
133,2019-10-07 01:33:38,2019-10-07 04:13:13,17.6,99.6,134.17736831639567,35.471177944862156,33.521303258145366
134,2019-10-07 14:00:57,2019-10-07 15:26:37,22.8,97.2,131.51007403487154,38.28416149068323,36.96739130434783
135,2019-10-08 03:07:43,2019-10-08 05:20:36,26.4,92.4,133.23440558712122,34.144433299899696,32.062186559679034
136,2019-10-08 16:52:51,2019-10-08 19:37:12,17.6,98.4,133.0864985148515,38.16531604538088,36.24311183144246
137,2019-10-09 08:18:28,2019-10-09 09:59:44,30.8,99.6,132.46731074975776,32.68157894736842,30.464473684210525
138,2019-10-09 14:38:24,2019-10-09 15:30:58,70.0,99.6,137.75238156906912,35.86582278481013,34.31645569620253
139,2019-10-10 03:14:23,2019-10-10 05:05:39,16.4,99.6,132.02073414463143,37.0814371257485,34.76407185628742
140,2019-10-10 18:10:03,2019-10-10 20:12:27,6.8,99.6,134.46926037176723,40.18715995647443,38.478781284004356
141,2019-10-11 04:55:36,2019-10-11 06:33:32,27.6,99.6,133.77179847222226,38.19455782312925,35.180952380952384
142,2019-10-12 11:07:22,2019-10-12 12:23:17,50.4,99.6,135.8087296409214,34.4,33.46140350877193
143,2019-10-13 00:39:24,2019-10-13 02:07:43,20.4,87.2,132.09909909763803,38.81598793363499,36.613876319758674
144,2019-10-13 17:04:22,2019-10-13 18:17:31,29.2,84.8,131.18439359762192,34.16304347826087,33.007246376811594
145,2019-10-14 01:23:40,2019-10-14 02:15:42,29.2,77.6,132.9356215880395,35.728900255754475,32.79539641943734
146,2019-10-14 09:30:35,2019-10-14 14:10:22,6.4,97.6,133.4425151163499,34.326501429933266,32.2626310772164
147,2019-10-14 23:46:09,2019-10-15 01:18:28,16.0,94.0,132.49841868589743,37.457431457431454,35.42857142857143
148,2019-10-15 13:57:15,2019-10-15 15:26:18,26.4,76.8,132.79593857473546,36.55439642324888,35.05961251862891
149,2019-10-15 21:27:41,2019-10-15 23:50:18,33.2,85.6,131.3268317695081,34.830065359477125,32.65266106442577
150,2019-10-16 21:09:39,2019-10-16 23:32:09,13.2,94.0,132.2566007288229,33.865294667913936,32.69597754911132
151,2019-10-17 05:19:53,2019-10-17 06:52:29,35.2,87.6,132.54304544105176,32.98848920863309,30.13093525179856
152,2019-10-17 13:04:07,2019-10-17 13:51:36,50.8,77.2,135.20615371422556,33.237430167597765,31.76536312849162
153,2019-10-17 20:55:01,2019-10-17 22:56:31,26.0,94.8,132.8914215520026,35.52521929824562,34.02412280701754
154,2019-10-18 05:34:28,2019-10-18 06:39:26,51.2,87.6,133.74777908272287,32.329918032786885,29.522540983606557
155,2019-10-18 14:31:13,2019-10-18 16:42:39,33.6,99.6,134.77005712121212,34.34178498985801,33.21906693711968
156,2019-10-19 03:43:37,2019-10-19 06:10:37,14.0,97.2,132.42586063034187,34.0362647325476,31.785131459655485
157,2019-10-19 18:31:44,2019-10-19 20:34:37,25.2,94.8,132.99426242416988,35.509761388286336,34.253796095444685
158,2019-10-20 04:43:56,2019-10-20 05:50:46,33.2,92.4,132.77321723911413,34.54183266932271,32.28486055776892
159,2019-10-20 15:27:46,2019-10-20 16:20:37,28.4,74.8,131.99919732698754,37.09319899244333,35.476070528967256
160,2019-10-21 04:44:11,2019-10-21 08:35:16,17.6,94.8,131.9132413572251,32.30467397576457,30.9267166762839
161,2019-10-21 16:10:59,2019-10-21 17:00:37,47.2,89.2,135.06115929563492,36.5186170212766,34.76063829787234
162,2019-10-22 09:06:08,2019-10-22 10:33:31,20.8,94.8,130.64577206081083,33.91920731707317,32.61737804878049
163,2019-10-22 20:48:44,2019-10-22 22:58:21,25.6,97.6,131.2540891666667,34.832648870636554,33.37782340862423
164,2019-10-23 18:37:09,2019-10-23 19:29:19,49.2,82.0,134.03816965193093,33.829081632653065,32.704081632653065
165,2019-10-23 23:01:06,2019-10-23 23:49:00,56.8,94.8,134.6985590789474,35.78333333333333,33.86388888888889
166,2019-10-24 07:30:20,2019-10-24 09:01:59,37.6,94.8,132.64281528263407,33.104651162790695,30.691860465116278
167,2019-10-24 19:56:57,2019-10-24 21:14:29,29.2,94.8,132.21550612296753,36.08247422680412,34.40549828178694
168,2019-10-25 15:13:14,2019-10-25 16:42:38,19.2,94.8,130.40808588697828,35.4575260804769,33.61549925484352
169,2019-10-26 03:30:40,2019-10-26 05:16:05,6.4,94.8,133.3609224720337,37.26481715006305,34.955863808322825
170,2019-10-26 16:47:41,2019-10-26 17:56:07,21.6,86.4,131.19854522247942,41.48443579766537,38.400778210116734
171,2019-10-27 10:17:01,2019-10-27 11:55:37,11.2,94.8,131.21631419457736,31.97972972972973,30.59054054054054
172,2019-10-27 18:38:12,2019-10-27 19:45:18,38.8,72.8,131.24457544117647,34.654761904761905,32.68452380952381
173,2019-10-27 23:21:35,2019-10-28 00:43:29,49.2,94.8,135.0035630726121,34.02597402597402,31.787337662337663
174,2019-10-28 17:37:46,2019-10-28 19:15:18,20.8,97.6,130.68565406539355,31.85928961748634,30.01366120218579
175,2019-10-29 01:13:40,2019-10-29 02:13:59,53.6,97.6,132.82112204861113,31.083885209713024,27.958057395143488
176,2019-10-29 08:05:49,2019-10-29 09:20:24,41.6,97.6,132.52832616815476,29.87142857142857,26.767857142857142
177,2019-10-29 17:03:49,2019-10-29 17:48:55,64.4,97.6,133.53707949297194,32.740412979351035,31.59882005899705
178,2019-10-30 03:44:15,2019-10-30 05:15:46,25.2,97.6,132.54267758594233,31.365356622998544,29.333333333333332
179,2019-10-30 17:39:52,2019-10-30 19:14:12,18.8,97.6,131.54640625,33.793785310734464,32.26553672316384
180,2019-10-31 03:17:27,2019-10-31 04:23:14,43.6,76.4,132.3583882665989,31.722672064777328,29.437246963562753
181,2019-11-01 01:10:51,2019-11-01 02:34:06,6.4,79.6,132.35604929417124,32.0048,30.5808
182,2019-11-01 07:00:55,2019-11-01 08:07:37,54.8,92.0,134.35543330346476,32.399201596806385,29.481037924151696
183,2019-11-01 17:33:32,2019-11-01 19:00:32,25.6,97.6,131.57944377893523,38.0260336906585,36.125574272588054
184,2019-11-02 17:27:20,2019-11-02 18:41:22,28.8,66.8,130.53629016081868,34.172661870503596,32.26798561151079
185,2019-11-03 01:39:59,2019-11-03 03:04:45,9.2,84.4,132.75888414967497,35.28100470957614,33.35164835164835
186,2019-11-03 16:26:41,2019-11-03 17:28:04,52.0,97.6,132.83150347222224,34.48156182212581,33.420824295010846
187,2019-11-04 02:05:45,2019-11-04 04:03:06,29.2,95.6,132.8450344754016,33.550510783200906,31.49489216799092
188,2019-11-04 08:59:49,2019-11-04 09:56:18,68.0,97.6,135.32135312500003,32.15764705882353,29.49411764705882
189,2019-11-04 20:10:05,2019-11-04 21:50:46,24.4,89.6,130.44834705606684,36.492063492063494,34.47486772486773
190,2019-11-05 01:25:38,2019-11-05 02:24:20,48.8,96.0,133.655728413371,36.58730158730159,32.925170068027214
191,2019-11-05 07:01:24,2019-11-05 08:35:39,60.4,86.4,135.93749999999994,31.063469675599436,28.0
192,2019-11-05 18:54:56,2019-11-05 21:04:53,33.2,97.6,131.75463599896486,31.76102564102564,30.572307692307692
193,2019-11-06 02:04:00,2019-11-06 03:31:02,51.6,97.6,133.99398743478264,32.25993883792049,29.223241590214066
194,2019-11-06 15:38:27,2019-11-06 16:41:25,22.0,81.2,131.0090596143018,34.0,32.448202959830866
195,2019-11-07 02:16:29,2019-11-07 03:30:00,16.0,81.2,131.78710124190525,34.21195652173913,31.916666666666668
196,2019-11-07 07:09:42,2019-11-07 08:25:29,35.6,97.6,133.16855635976705,36.78207381370826,33.09490333919157
197,2019-11-07 16:03:37,2019-11-07 16:50:19,44.0,86.8,133.7103256035826,34.92022792022792,32.96011396011396
198,2019-11-08 03:14:59,2019-11-08 05:50:55,11.2,97.6,131.68932960390947,31.391118701964132,29.153714773697693
199,2019-11-08 20:49:59,2019-11-08 23:46:39,29.2,88.0,130.3520812192933,30.64301886792453,29.504150943396226
200,2019-11-09 06:21:18,2019-11-09 07:39:45,32.4,97.6,132.2913373317144,32.19524617996604,29.286926994906622
201,2019-11-09 16:48:58,2019-11-09 17:52:00,50.0,97.6,133.28585187324936,34.040084388185655,32.59493670886076
202,2019-11-10 00:04:17,2019-11-10 01:19:32,57.2,97.6,133.91075376787683,32.0,29.0
203,2019-11-10 17:07:12,2019-11-10 18:09:31,37.6,84.4,132.71345077457264,31.521367521367523,30.6517094017094
204,2019-11-11 01:41:42,2019-11-11 03:18:18,6.4,92.8,132.26752120627577,35.473103448275864,33.038620689655176
205,2019-11-11 09:54:01,2019-11-11 11:24:13,45.2,97.6,132.4963357877439,32.08714918759232,28.979320531757754
206,2019-11-11 20:13:14,2019-11-11 22:14:23,29.6,97.2,131.64080794296515,33.881188118811885,32.04180418041804
207,2019-11-12 11:59:50,2019-11-12 13:04:00,50.4,97.6,132.64408105579096,30.37344398340249,28.88174273858921
208,2019-11-14 02:01:56,2019-11-14 03:22:45,37.6,97.6,130.54986589351856,30.237232289950576,29.100494233937397
209,2019-11-15 00:47:49,2019-11-15 01:59:04,21.2,85.2,131.4356011545139,32.44299065420561,30.577570093457943
210,2019-11-15 11:08:47,2019-11-15 12:44:18,31.2,97.6,132.31370274640227,31.0976290097629,29.490934449093444
211,2019-11-15 18:11:44,2019-11-15 18:46:05,64.4,83.6,134.55912993344913,33.0,31.415384615384614
212,2019-11-16 07:24:17,2019-11-16 09:01:48,46.8,97.6,133.52092002952756,28.183060109289617,26.76502732240437
213,2019-11-16 17:21:10,2019-11-16 18:33:13,40.8,81.2,133.65057770077007,32.1626617375231,30.711645101663585
214,2019-11-17 01:12:04,2019-11-17 02:10:46,37.2,88.4,133.0121739067925,32.24716553287982,30.006802721088434
215,2019-11-17 13:39:20,2019-11-17 15:21:38,15.6,97.6,132.30659020494582,35.775032509752926,34.41352405721717
216,2019-11-18 02:09:55,2019-11-18 03:17:58,45.2,97.6,133.06708470896947,33.68297455968689,31.692759295499023
217,2019-11-18 15:36:54,2019-11-18 17:11:57,21.6,97.6,131.2858841191521,34.85314685314685,33.30629370629371
218,2019-11-19 05:03:56,2019-11-19 07:10:49,21.2,97.6,129.9116111074753,27.70378151260504,25.251050420168067
219,2019-11-19 20:42:12,2019-11-19 21:15:58,35.6,67.2,131.4459248110056,29.228346456692915,27.606299212598426
220,2019-11-19 21:17:44,2019-11-19 22:03:22,67.6,97.6,129.68849928240743,31.760932944606413,29.941690962099127
221,2019-11-20 02:14:30,2019-11-20 02:49:04,57.6,87.6,132.92047282407415,31.307692307692307,27.684615384615384
222,2019-11-20 09:32:56,2019-11-20 10:56:08,51.6,96.8,133.61802293510326,26.4384,23.7872
223,2019-11-20 22:34:30,2019-11-21 00:10:26,14.8,75.6,131.41454927585892,29.85,28.209722222222222
224,2019-11-21 04:30:25,2019-11-21 05:24:51,46.4,80.4,133.7180349714052,29.718826405867972,26.584352078239608
225,2019-11-21 14:58:49,2019-11-21 16:44:37,13.2,97.6,131.94789540876778,33.20906801007557,31.141057934508815
226,2019-11-21 22:01:02,2019-11-21 23:20:57,50.0,97.6,133.5631071545285,34.153333333333336,30.886666666666667
227,2019-11-22 04:21:52,2019-11-22 05:24:43,50.8,97.6,131.77283411087373,31.885593220338983,28.23093220338983
228,2019-11-22 18:39:28,2019-11-22 20:48:45,22.4,97.6,132.10556988770688,33.84432989690722,32.2979381443299
229,2019-11-23 03:54:22,2019-11-23 05:52:59,32.4,97.6,132.28682552402867,31.773033707865167,28.59550561797753
230,2019-11-23 23:44:44,2019-11-24 00:46:15,6.4,66.0,129.6725095381245,33.93722943722944,31.952380952380953
231,2019-11-24 13:47:06,2019-11-24 15:05:38,12.0,84.4,130.9285219651627,33.829391891891895,32.40371621621622
232,2019-11-25 02:05:19,2019-11-25 03:47:31,5.2,93.2,131.0788550015783,34.79269882659713,31.889178617992176
233,2019-11-25 16:24:22,2019-11-25 17:24:56,32.8,86.0,132.71113204626147,33.93626373626373,32.75604395604395
234,2019-11-25 23:55:33,2019-11-26 01:34:16,19.6,70.0,129.86022918871254,32.82749326145552,29.881401617250674
235,2019-11-26 07:57:20,2019-11-26 10:18:14,19.6,97.6,130.3735659383903,29.77294228949858,26.755912961210974
236,2019-11-26 17:11:38,2019-11-26 18:26:13,57.6,97.6,133.1793082777778,30.95357142857143,29.548214285714284
237,2019-11-27 05:36:47,2019-11-27 07:05:50,28.0,97.6,131.67451879789274,30.674591381872215,28.953937592867756
238,2019-11-27 17:08:19,2019-11-27 17:30:12,62.8,81.6,135.516190248227,32.24242424242424,30.55151515151515
239,2019-11-28 00:08:30,2019-11-28 01:31:46,32.0,97.6,132.02474916793702,32.3552,29.4112
240,2019-11-28 11:51:14,2019-11-28 12:45:32,38.8,86.4,132.45512429388418,25.933823529411764,23.82598039215686
241,2019-11-28 20:07:49,2019-11-28 21:27:13,34.4,97.6,130.71284258746485,27.85234899328859,25.855704697986578
242,2019-11-29 03:04:31,2019-11-29 03:42:36,46.8,68.4,132.70373314043206,24.760416666666668,21.34722222222222
243,2019-11-29 12:47:01,2019-11-29 13:48:00,28.4,86.0,129.79784297357253,24.368995633187772,23.04366812227074
244,2019-11-29 22:06:44,2019-11-30 00:06:08,30.0,97.2,131.2431377273479,27.359375,25.407366071428573
245,2019-11-30 13:14:42,2019-11-30 15:22:31,1.6,83.2,130.78627018995098,30.586027111574555,29.392075078206464
246,2019-12-01 03:35:26,2019-12-01 04:54:09,17.6,89.6,132.07453371720678,30.3502538071066,28.01015228426396
247,2019-12-01 17:08:53,2019-12-01 18:49:45,17.2,97.6,132.03367241397183,32.72787318361955,31.483487450462352
248,2019-12-02 00:42:42,2019-12-02 01:49:40,54.0,91.2,134.91696556152925,27.986083499005964,23.860834990059644
249,2019-12-02 10:32:21,2019-12-02 12:53:07,17.6,96.8,131.2919824389731,25.55250709555345,23.280983916745505
250,2019-12-02 20:19:51,2019-12-02 21:50:19,54.4,97.6,133.64097896090536,26.668630338733433,25.03681885125184
251,2019-12-03 14:46:57,2019-12-03 17:09:59,24.8,97.2,128.28587219920195,24.443616029822927,23.00093196644921
252,2019-12-04 01:26:26,2019-12-04 03:07:50,21.2,73.2,129.062937270406,25.553219448094612,22.692509855453352
253,2019-12-04 09:39:17,2019-12-04 11:10:17,26.4,97.6,132.46298409215044,25.339677891654464,23.207906295754025
254,2019-12-04 20:44:40,2019-12-04 22:13:47,25.2,97.6,130.8361393224371,29.05829596412556,27.0
255,2019-12-05 02:18:30,2019-12-05 03:20:48,50.4,97.6,132.03429802848405,30.36111111111111,26.382478632478634
256,2019-12-05 16:24:56,2019-12-05 18:01:47,18.0,97.6,130.79960016401452,29.334250343878956,27.60385144429161
257,2019-12-06 02:34:03,2019-12-06 04:14:58,17.2,97.6,131.54324992917358,29.474934036939313,26.408970976253297
258,2019-12-06 15:02:54,2019-12-06 17:13:20,24.0,95.6,130.41126572780882,27.216547497446374,25.654749744637385
259,2019-12-07 00:48:50,2019-12-07 01:50:28,44.4,94.0,132.96789357358873,25.278617710583152,22.66306695464363
260,2019-12-08 04:16:45,2019-12-08 05:53:24,37.2,92.4,131.57777676630434,22.310866574965612,21.050894085281982
261,2019-12-08 13:55:12,2019-12-08 15:29:16,22.8,97.6,131.53039757687165,27.855524079320112,26.5
262,2019-12-09 16:27:04,2019-12-09 19:03:51,3.2,97.6,130.39024341160547,27.67942176870748,26.400510204081634
263,2019-12-09 22:59:50,2019-12-09 23:33:27,78.8,97.6,132.88417720892437,26.976284584980238,23.877470355731226
264,2019-12-10 06:02:07,2019-12-10 07:25:06,31.2,97.6,131.7646429697959,26.804173354735152,24.051364365971107
265,2019-12-10 17:33:31,2019-12-10 18:05:56,66.8,93.2,133.81746507786195,26.491803278688526,24.549180327868854
266,2019-12-11 02:29:33,2019-12-11 04:01:58,33.6,92.4,130.9043142148526,25.423021582733814,22.96115107913669
267,2019-12-11 13:12:34,2019-12-11 14:39:33,39.6,94.4,131.5791124112936,26.45176110260337,25.264931087289433
268,2019-12-11 22:09:17,2019-12-11 23:20:08,45.2,97.6,132.3133367074852,29.06015037593985,26.657894736842106
269,2019-12-12 03:54:56,2019-12-12 05:03:38,46.0,84.8,133.09410167525775,29.003875968992247,25.468992248062015
270,2019-12-12 18:40:02,2019-12-12 20:52:47,18.4,86.8,129.71303593648472,29.1425702811245,27.552208835341364
271,2019-12-13 20:37:17,2019-12-13 22:21:28,16.0,97.6,130.38905736655772,30.04987212276215,28.86317135549872
272,2019-12-14 03:06:49,2019-12-14 04:18:52,42.8,97.6,132.50680424776968,32.69685767097967,29.149722735674676
273,2019-12-14 19:29:02,2019-12-14 21:02:55,42.4,97.6,132.54788661181564,29.81586402266289,28.277620396600568
274,2019-12-15 14:17:35,2019-12-15 15:15:45,37.6,74.4,131.95639445954103,27.945080091533182,26.74141876430206
275,2019-12-15 16:22:22,2019-12-15 17:08:24,73.6,97.6,130.23727487268516,29.86705202312139,29.31791907514451
276,2019-12-16 13:11:33,2019-12-16 14:56:33,10.8,97.6,131.25212881464418,31.493654822335024,30.0748730964467
277,2019-12-17 00:54:17,2019-12-17 02:07:00,43.2,97.6,132.7928578993056,31.725274725274726,29.595238095238095
278,2019-12-17 14:07:24,2019-12-17 15:42:08,18.8,97.6,130.83212853567403,32.734177215189874,31.234880450070325
279,2019-12-18 01:04:43,2019-12-18 02:31:56,26.8,76.4,131.88205665322576,32.14939024390244,29.858231707317074
280,2019-12-18 07:42:19,2019-12-18 08:57:34,40.0,97.6,132.13640943769295,32.16637168141593,29.700884955752212
281,2019-12-18 18:21:38,2019-12-18 20:23:11,18.4,95.6,130.16542036917104,37.9078947368421,35.69188596491228
282,2019-12-19 11:16:17,2019-12-19 12:39:48,34.0,97.6,129.97249647318313,27.64274322169059,25.08931419457735
283,2019-12-19 22:33:10,2019-12-20 01:38:12,35.6,89.6,128.4134470468107,22.624910007199425,20.588192944564433
284,2019-12-20 14:56:23,2019-12-20 17:05:22,21.2,96.0,129.21070164512773,25.668041237113403,24.14536082474227
285,2019-12-21 02:01:28,2019-12-21 03:52:29,9.2,72.4,131.77507772723277,26.361344537815125,23.225690276110445
286,2019-12-21 05:15:47,2019-12-21 06:08:05,60.4,97.6,133.36134321983275,28.900763358778626,25.34351145038168
287,2019-12-21 11:37:02,2019-12-21 12:25:36,66.8,97.6,133.33320732774172,25.506849315068493,22.487671232876714
288,2019-12-22 02:27:26,2019-12-22 03:47:29,34.0,97.6,130.93924864168415,26.349417637271216,24.88685524126456
289,2019-12-22 17:36:18,2019-12-22 19:10:06,20.8,97.6,129.73743103479455,29.651988636363637,28.15909090909091
290,2019-12-23 15:24:58,2019-12-23 16:39:25,39.6,97.6,131.54133495929122,28.246869409660107,26.980322003577818
291,2019-12-24 05:07:09,2019-12-24 06:44:09,19.2,97.6,131.19322837655898,31.891483516483518,29.690934065934066
292,2019-12-24 14:51:48,2019-12-24 15:49:26,55.6,97.6,132.71412900462965,30.341801385681293,28.20554272517321
293,2019-12-25 01:36:48,2019-12-25 05:54:53,21.2,96.4,130.41426921542555,26.8125,24.84555785123967
294,2019-12-25 18:34:21,2019-12-25 20:16:09,37.6,97.6,130.62850845138888,29.227748691099478,28.023560209424083
295,2019-12-26 03:31:44,2019-12-26 04:38:26,49.6,97.6,132.13123399594912,28.295409181636728,25.954091816367267
296,2019-12-26 16:07:10,2019-12-26 17:28:18,35.6,97.6,130.93282696684588,30.408866995073893,28.99343185550082
297,2019-12-27 03:27:44,2019-12-27 04:57:07,27.6,97.6,130.88125695039685,25.394932935916543,22.895678092399404
298,2019-12-27 13:43:23,2019-12-27 15:08:06,52.4,96.8,133.38703569194195,24.68867924528302,22.992138364779873
299,2019-12-28 02:08:11,2019-12-28 04:11:29,7.2,78.4,129.54171595661674,25.953513513513514,23.55027027027027
300,2019-12-28 07:56:28,2019-12-28 09:36:45,50.0,97.6,132.17236251750703,24.095617529880478,20.830013280212484
301,2019-12-28 20:12:44,2019-12-28 21:34:39,35.2,97.6,131.3562893051104,28.484552845528455,26.652032520325204
302,2019-12-29 02:58:32,2019-12-29 03:21:53,54.0,68.4,135.01775925925924,27.681818181818183,24.551136363636363
303,2019-12-29 05:15:58,2019-12-29 05:59:20,52.0,78.8,134.74989947139306,27.337423312883434,24.457055214723926
304,2019-12-29 13:57:46,2019-12-29 15:32:30,23.2,97.6,129.69557437649345,30.209563994374122,28.786216596343177
305,2019-12-30 04:20:31,2019-12-30 06:41:45,12.4,94.0,129.58346807087418,29.894439208294063,27.770970782280866
306,2019-12-30 13:34:48,2019-12-30 15:13:41,37.6,97.6,132.64563518981484,32.94204851752021,31.08625336927224
307,2019-12-30 23:27:10,2019-12-31 00:35:21,26.8,88.0,133.00719151688455,32.904296875,30.599609375
308,2019-12-31 05:22:07,2019-12-31 06:19:46,55.6,97.6,132.03906202711644,32.55427251732102,29.323325635103927
309,2019-12-31 19:16:04,2019-12-31 20:42:15,29.6,97.6,130.88577765522876,30.398763523956724,29.089644513137557
310,2020-01-01 05:57:26,2020-01-01 06:25:43,11.2,29.2,130.98333722222222,25.953051643192488,23.014084507042252
311,2020-01-01 06:42:08,2020-01-01 08:39:08,28.4,97.6,128.4294376605652,29.544419134396357,27.02391799544419
312,2020-01-02 00:05:37,2020-01-02 01:53:18,21.2,92.8,130.59565666123527,27.824257425742573,25.722772277227723
313,2020-01-02 13:22:57,2020-01-02 14:28:36,43.2,76.4,132.13381809738954,25.41176470588235,23.774847870182555
314,2020-01-03 09:28:13,2020-01-03 10:56:15,30.4,97.6,129.21858174189816,25.605143721633887,24.56732223903177
315,2020-01-03 22:04:07,2020-01-03 23:33:24,29.2,97.6,129.05756226851852,31.57377049180328,29.70789865871833
316,2020-01-04 13:37:19,2020-01-04 15:15:15,20.0,97.6,130.11956726625144,30.798639455782315,29.296598639455784
317,2020-01-05 16:29:13,2020-01-05 18:20:21,20.4,99.6,130.53008798049945,30.8189448441247,29.949640287769785
318,2020-01-06 03:31:18,2020-01-06 05:41:23,25.2,97.6,131.58311392725602,31.31454918032787,28.864754098360656
319,2020-01-06 08:46:36,2020-01-06 09:25:33,75.2,96.8,133.53060833333336,31.12627986348123,28.423208191126278
320,2020-01-06 18:15:37,2020-01-06 19:35:24,49.2,99.6,132.62983932429458,32.39398998330551,30.59933222036728
321,2020-01-07 12:40:08,2020-01-07 14:28:40,31.2,87.2,129.84646087301587,29.51042944785276,28.001226993865032
322,2020-01-08 01:36:31,2020-01-08 03:12:03,8.400001,91.2,130.99480231005532,32.6373779637378,30.589958158995817
323,2020-01-08 19:19:49,2020-01-08 20:42:17,34.4,97.6,130.4380128098629,31.516962843295637,30.04523424878837
324,2020-01-09 06:36:00,2020-01-09 08:04:20,46.4,97.6,131.96533583441843,27.392156862745097,24.98793363499246
325,2020-01-09 20:12:27,2020-01-09 22:06:56,24.8,83.6,129.75510258881332,28.869615832363213,27.157159487776486
326,2020-01-10 02:35:02,2020-01-10 02:53:26,47.6,59.2,132.15901034482758,28.719424460431654,25.79136690647482
327,2020-01-10 02:53:49,2020-01-10 03:25:34,59.6,79.2,134.95005189200677,29.698744769874477,27.06694560669456
328,2020-01-10 14:22:40,2020-01-10 15:17:06,41.2,90.0,131.05277686133877,29.149144254278728,27.853300733496333
329,2020-01-10 15:18:42,2020-01-10 15:40:35,89.2,97.6,121.57559591600543,31.0,30.0
330,2020-01-10 23:51:51,2020-01-11 00:42:01,44.8,88.4,132.83976938710495,31.53846153846154,29.3289124668435
331,2020-01-11 16:41:04,2020-01-11 18:04:51,30.0,97.6,130.30326102071007,30.263910969793322,28.542130365659776
332,2020-01-12 02:33:52,2020-01-12 03:50:43,30.0,95.2,130.51756872017725,25.37261698440208,22.192374350086656
333,2020-01-12 12:43:38,2020-01-12 15:03:51,20.4,97.6,127.97690328151987,23.725285171102662,21.861216730038024
334,2020-01-13 01:21:03,2020-01-13 02:25:37,28.0,86.0,129.93014038793106,25.212371134020618,23.03298969072165
335,2020-01-13 13:43:08,2020-01-13 15:59:21,8.400001,78.4,130.2829311032482,24.755381604696673,23.283757338551858
336,2020-01-13 22:15:45,2020-01-13 23:42:45,26.0,97.6,131.1522697218343,29.39755351681957,27.09021406727829
337,2020-01-14 13:56:47,2020-01-14 15:11:46,42.0,97.6,131.0704543465228,27.39076376554174,25.7797513321492
338,2020-01-15 04:23:43,2020-01-15 06:00:51,22.4,97.6,129.0997541057181,27.10150891632373,25.44718792866941
339,2020-01-15 18:15:42,2020-01-15 20:34:52,12.8,97.6,130.69946426231655,30.3227969348659,28.914750957854405
340,2020-01-16 13:02:37,2020-01-16 14:37:13,22.8,97.6,129.0453766005645,28.876056338028167,27.847887323943663
341,2020-01-16 21:26:15,2020-01-16 22:46:02,52.0,97.6,132.10848955287526,30.075125208681136,27.09515859766277
342,2020-01-17 05:15:12,2020-01-17 07:00:52,11.2,97.6,130.21556532278808,29.539722572509458,25.75409836065574
343,2020-01-17 16:35:13,2020-01-17 18:02:29,29.6,97.6,130.57612524101313,27.44732824427481,25.58473282442748
344,2020-01-18 03:07:56,2020-01-18 04:38:56,26.8,97.6,130.62756210373513,25.843567251461987,22.880116959064328
345,2020-01-19 02:14:04,2020-01-19 03:34:31,20.8,90.4,131.2234312180715,24.89072847682119,22.973509933774835
346,2020-01-19 16:57:04,2020-01-19 18:12:19,52.0,97.6,130.98521723927877,21.265486725663717,19.890265486725664
347,2020-01-20 15:25:50,2020-01-20 16:52:58,30.4,97.6,129.74525865575401,24.295107033639145,23.412844036697248
348,2020-01-21 03:29:57,2020-01-21 04:56:16,33.6,97.6,130.28380489583338,24.378086419753085,22.381172839506174
349,2020-01-21 15:19:54,2020-01-21 16:27:48,48.8,97.6,131.31324914902095,27.935294117647057,26.74313725490196
350,2020-01-22 03:34:31,2020-01-22 05:17:39,16.4,97.6,129.45098770183364,28.959948320413435,26.72609819121447
351,2020-01-23 02:08:22,2020-01-23 03:35:05,30.8,97.6,130.85132974883567,29.41167434715822,28.013824884792626
352,2020-01-23 09:10:35,2020-01-23 10:23:42,42.0,97.6,131.61704347272186,31.051001821493625,28.48816029143898
353,2020-01-23 18:31:08,2020-01-23 19:34:31,42.8,96.4,131.5368045760779,34.0609243697479,32.38235294117647
354,2020-01-24 15:25:35,2020-01-24 17:07:15,16.8,97.6,129.27970561056105,32.699868938401046,31.536041939711666
355,2020-01-25 08:27:28,2020-01-25 09:52:11,33.6,97.6,127.91475088107643,28.632075471698112,27.4937106918239
356,2020-01-25 17:17:54,2020-01-25 20:14:41,39.2,97.6,130.0243550532725,26.833333333333332,23.89894419306184
357,2020-01-26 03:04:45,2020-01-26 03:52:15,74.8,97.6,130.5750597587719,20.745098039215687,18.742296918767508
358,2020-01-26 16:40:41,2020-01-26 18:02:05,38.4,97.6,129.49692332488743,20.599018003273322,19.240589198036005
359,2020-01-27 01:08:12,2020-01-27 01:54:22,73.6,97.6,132.19221306134258,20.40634005763689,18.73198847262248
360,2020-01-27 23:07:29,2020-01-28 00:27:32,39.2,97.6,129.12962248382803,18.066331658291457,16.582914572864322
361,2020-01-28 20:38:18,2020-01-28 23:06:31,8.8,97.6,130.79869158220723,24.069244604316548,22.33093525179856
362,2020-01-29 11:58:16,2020-01-29 13:13:00,44.4,97.6,130.19780482456142,20.930604982206404,19.320284697508896
363,2020-01-29 17:59:25,2020-01-29 19:09:44,46.4,97.6,131.01785006239152,26.005681818181817,24.098484848484848
364,2020-01-30 19:49:21,2020-01-30 22:24:07,4.8,97.6,130.75732743354888,25.204134366925064,23.738156761412576
365,2020-02-01 15:40:07,2020-02-01 16:37:14,33.6,84.4,129.7212536581365,23.25287356321839,21.87228607918263
366,2020-02-02 01:04:37,2020-02-02 02:38:41,23.6,97.6,130.43950003378376,26.491501416430594,24.246458923512748
367,2020-02-03 03:55:07,2020-02-03 05:11:34,42.0,97.6,130.20617301658675,24.874564459930312,23.11672473867596
368,2020-02-04 13:47:55,2020-02-04 14:56:38,48.8,97.6,129.14758025671676,20.71511627906977,19.837209302325583
369,2020-02-04 23:36:12,2020-02-05 01:19:05,16.4,97.6,130.38678875376303,25.39119170984456,22.75
370,2020-02-06 15:35:25,2020-02-06 16:51:27,42.8,97.6,129.5777217305353,22.13660245183888,21.234676007005255
371,2020-02-07 04:44:42,2020-02-07 06:42:38,3.6,97.6,131.78610234338063,27.45310734463277,26.07683615819209
372,2020-02-07 21:08:17,2020-02-07 22:36:28,26.4,97.6,130.18616850421353,25.815709969788518,24.137462235649547
373,2020-02-08 13:09:14,2020-02-08 14:26:05,40.8,97.6,129.9455328173905,24.939341421143848,23.259965337954938
374,2020-02-09 08:51:55,2020-02-09 10:36:07,12.0,97.6,127.39479455153169,24.71994884910486,23.516624040920718
375,2020-02-09 17:02:38,2020-02-09 18:39:30,22.0,97.6,127.78233334803059,29.312242090784043,26.671251719394775
376,2020-02-16 15:45:40,2020-02-16 19:28:29,22.4,97.6,127.24217272458631,15.016756433273489,14.351286654697786
377,2020-02-17 12:06:37,2020-02-17 14:04:34,47.2,86.8,129.07014593153764,17.605649717514126,16.466666666666665
378,2020-02-17 16:32:10,2020-02-17 17:21:16,65.2,97.6,128.26583526663242,22.420054200542005,21.29539295392954
379,2020-02-18 01:34:17,2020-02-18 02:49:40,41.6,97.6,127.14532839533732,23.070671378091873,20.219081272084807
380,2020-02-18 21:10:21,2020-02-19 00:04:28,20.4,73.6,123.25934673663326,20.330781010719754,19.007656967840735
381,2020-02-19 00:09:24,2020-02-19 01:36:48,73.6,97.6,129.4570055,21.0,19.0
382,2020-02-20 15:48:57,2020-02-20 16:26:27,76.0,97.6,130.50001590792183,20.69503546099291,20.166666666666668
383,2020-02-21 14:51:08,2020-02-21 16:15:12,27.6,97.6,126.37748824206352,31.188589540412046,29.980982567353408
384,2020-02-21 22:54:07,2020-02-21 23:54:26,51.2,97.6,128.43772520653738,30.483443708609272,27.7439293598234
385,2020-02-22 22:39:21,2020-02-23 00:10:05,20.4,97.6,125.76681389608524,28.23201174743025,27.077826725403817
386,2020-02-23 10:30:30,2020-02-23 11:52:01,53.6,97.6,128.60116312373742,25.23202614379085,23.30718954248366
387,2020-02-23 17:39:08,2020-02-23 18:27:26,69.2,97.6,127.44601083724574,29.78787878787879,28.608815426997246
388,2020-02-24 21:07:50,2020-02-24 23:35:38,10.4,97.6,125.92969235951838,30.99819657348963,29.6131650135257
389,2020-02-26 04:55:30,2020-02-26 06:27:33,47.6,97.6,127.87363236666668,27.40231548480463,25.733719247467437
390,2020-02-27 02:03:48,2020-02-27 03:34:00,22.0,97.6,127.62259051844505,33.95420974889217,32.02511078286558
391,2020-02-27 16:12:00,2020-02-27 17:07:30,54.0,97.6,128.4331137996942,31.431654676258994,30.323741007194243
392,2020-03-02 17:17:37,2020-03-02 20:26:41,22.4,88.8,123.5880597745147,28.05708245243129,26.98942917547569
393,2020-03-03 16:07:36,2020-03-03 18:38:39,18.0,97.6,125.66950545958962,29.11297440423654,28.006178287731686
394,2020-03-05 14:55:00,2020-03-05 16:34:00,49.6,97.6,128.49004217592594,21.11978465679677,19.806191117092865
395,2020-03-06 16:06:47,2020-03-06 17:36:45,23.2,97.6,126.05030883363204,29.42688330871492,27.819793205317577
396,2020-03-07 01:25:12,2020-03-07 02:44:19,34.0,97.6,127.3624357136618,29.983164983164983,27.63804713804714
397,2020-03-07 15:41:10,2020-03-07 18:29:55,39.6,97.6,126.56082435344833,27.147476340694006,25.839905362776026
398,2020-03-08 00:37:05,2020-03-08 01:51:56,55.2,97.6,128.33126516640465,28.265124555160142,26.322064056939503
399,2020-03-08 14:44:40,2020-03-08 16:17:31,45.2,97.6,127.68962162054709,28.22812051649928,27.01865136298422
400,2020-03-09 11:02:20,2020-03-09 12:24:21,21.6,94.0,125.24493974063842,29.849270664505674,28.59805510534846
401,2020-03-09 20:28:48,2020-03-09 21:34:59,41.6,97.2,127.27042973371306,32.0261569416499,30.10261569416499
402,2020-03-10 13:42:44,2020-03-10 14:28:06,64.8,97.6,128.51348846544718,26.98240469208211,25.592375366568916
403,2020-03-11 10:57:10,2020-03-11 12:00:01,52.8,97.6,128.7782818607391,24.114406779661017,22.75635593220339
404,2020-03-11 16:49:48,2020-03-11 17:04:04,87.6,95.6,123.94306263888886,24.0,22.87962962962963
405,2020-03-12 06:31:15,2020-03-12 08:09:11,17.6,97.6,125.87411737673612,26.736054421768706,25.33061224489796
406,2020-03-12 23:17:31,2020-03-13 00:22:37,41.2,96.0,127.20114684205195,28.140529531568227,26.830957230142566
407,2020-03-13 13:54:14,2020-03-13 14:48:48,56.0,97.6,127.96798990718486,29.097560975609756,27.753658536585366
408,2020-03-14 01:37:22,2020-03-14 02:50:22,40.8,97.6,126.81286588663929,26.985428051001822,24.628415300546447
409,2020-03-14 17:32:45,2020-03-14 21:27:50,7.6,97.6,126.85720197685187,31.63698241633579,30.338060124787294
410,2020-03-16 19:22:52,2020-03-16 20:03:49,52.8,66.8,127.2137392261905,26.074675324675326,24.613636363636363
411,2020-03-16 20:54:28,2020-03-16 21:52:30,64.8,96.8,126.92575506944446,27.53669724770642,26.261467889908257
412,2020-03-17 11:02:38,2020-03-17 12:23:29,52.8,97.6,128.8107612090774,28.15156507413509,26.742998352553542
413,2020-03-20 19:23:13,2020-03-20 21:44:11,51.2,97.6,129.73180076628356,25.678638941398866,24.578449905482042
414,2020-03-21 01:09:48,2020-03-21 01:37:41,68.8,85.2,127.78373280826554,26.728571428571428,24.84285714285714
415,2020-03-21 20:29:00,2020-03-21 22:32:33,24.8,97.6,126.5390396844475,30.25566343042071,28.968716289104638
416,2020-03-22 19:18:17,2020-03-22 20:49:01,22.0,97.6,126.60708252131101,34.55066079295154,33.1071953010279
417,2020-03-23 15:49:22,2020-03-23 17:04:29,32.4,97.6,127.8229691278971,36.42553191489362,35.02127659574468
418,2020-03-24 15:05:09,2020-03-24 17:23:07,18.0,97.6,126.8746512545366,34.62995169082126,33.09951690821256
419,2020-03-25 11:16:09,2020-03-25 12:36:42,32.0,97.6,126.98211941692077,31.177924217462934,29.644151565074136
420,2020-03-25 21:30:15,2020-03-25 22:28:17,49.2,97.6,127.98176511707993,34.18348623853211,32.20412844036697
421,2020-03-26 03:56:57,2020-03-26 05:01:07,48.0,97.6,128.3058999103943,34.093360995850624,30.973029045643152
422,2020-03-26 18:02:40,2020-03-26 18:39:14,33.6,67.6,125.33774897058827,31.614545454545453,30.46181818181818
423,2020-03-26 18:41:17,2020-03-26 19:24:07,67.6,97.6,128.33603215740743,33.869565217391305,32.82608695652174
424,2020-03-27 11:07:58,2020-03-27 12:39:06,22.8,97.6,125.89191643270948,33.248538011695906,31.953216374269005
425,2020-03-27 17:29:58,2020-03-27 17:49:51,61.2,72.8,128.3606345785441,33.00666666666667,30.0
426,2020-03-27 18:14:56,2020-03-27 18:40:25,72.0,87.2,125.76352536549706,33.0,29.989583333333332
427,2020-03-28 19:32:56,2020-03-28 20:52:36,33.6,97.6,127.06408660156252,27.876254180602007,26.672240802675585
428,2020-03-30 09:11:09,2020-03-30 11:01:05,8.400001,97.6,128.64640119465324,24.225454545454546,22.85212121212121
429,2020-03-31 17:17:03,2020-03-31 17:58:32,73.2,97.6,123.03029176912574,19.272435897435898,17.608974358974358
430,2020-04-01 03:44:41,2020-04-01 05:11:30,31.6,97.6,126.76427547979796,23.641052631578948,22.14421052631579
431,2020-04-01 16:13:00,2020-04-01 18:42:27,11.2,97.6,126.00137577803503,28.442462087421944,26.224799286351473
432,2020-04-02 03:27:20,2020-04-02 05:08:20,14.8,97.6,127.61327188506444,28.527704485488126,25.54881266490765
433,2020-04-02 14:53:40,2020-04-02 16:03:11,46.0,97.6,127.58625295004309,26.617590822179732,24.749521988527725
434,2020-04-03 13:37:44,2020-04-03 15:04:27,28.8,97.6,126.26676624071385,25.219662058371735,24.12442396313364
435,2020-04-04 00:32:23,2020-04-04 01:33:46,55.2,97.6,128.4103382992663,24.44468546637744,22.305856832971802
436,2020-04-05 00:20:31,2020-04-05 01:34:58,39.6,97.6,127.30956622844832,24.989266547406082,23.722719141323793
437,2020-04-05 13:47:06,2020-04-05 15:11:17,49.2,97.6,128.45463448117542,23.38132911392405,21.70886075949367
438,2020-04-05 18:31:26,2020-04-05 19:50:09,52.8,97.6,128.84613699776787,26.619289340101524,23.668358714043993
439,2020-04-06 14:03:14,2020-04-06 17:44:35,10.8,97.6,125.81943843605994,26.125301204819277,24.01144578313253
440,2020-04-06 22:08:06,2020-04-06 23:15:21,76.0,97.6,128.98843262602884,23.762376237623762,20.534653465346533
441,2020-04-07 18:55:41,2020-04-07 20:35:55,16.8,97.6,126.51250311296754,28.62948207171315,27.01195219123506
442,2020-04-08 03:02:00,2020-04-08 03:50:10,63.2,97.6,128.51656906492255,27.511049723756905,24.825966850828728
443,2020-04-08 15:42:49,2020-04-08 16:11:06,80.0,97.6,128.3593189472854,28.976525821596244,27.849765258215964
444,2020-04-09 06:54:48,2020-04-09 08:28:12,23.2,97.6,126.37018596363502,28.14814814814815,26.964387464387464
445,2020-04-10 01:42:00,2020-04-10 04:03:10,7.2,97.6,127.50967608314897,33.476864966949954,31.387157695939564
446,2020-04-10 15:01:31,2020-04-10 15:31:32,73.2,96.0,128.84308849902538,30.0,28.951327433628318
447,2020-04-11 07:02:54,2020-04-11 08:34:10,23.6,97.6,126.99295239301802,30.227737226277373,29.068613138686132
448,2020-04-12 08:34:19,2020-04-12 10:12:31,19.6,97.6,127.91191548967238,24.26729986431479,22.683853459972863
449,2020-04-13 01:48:04,2020-04-13 02:54:38,47.2,97.6,127.96590941633599,26.38,24.444
450,2020-04-13 16:17:16,2020-04-13 18:08:40,41.6,97.6,128.65563758928573,29.72846889952153,28.285885167464116
451,2020-04-14 12:22:39,2020-04-14 13:44:58,30.8,97.6,127.84009011560215,29.58252427184466,28.266990291262136
452,2020-04-15 11:36:40,2020-04-15 13:07:48,19.6,97.2,126.92338805304986,29.68859649122807,28.533625730994153
453,2020-04-15 16:41:29,2020-04-15 18:29:41,28.8,97.6,127.40565529312018,38.26108374384236,35.676108374384235
454,2020-04-16 11:36:25,2020-04-16 12:43:32,47.2,97.6,128.56501650958998,29.11706349206349,27.839285714285715
455,2020-04-16 23:00:43,2020-04-17 00:44:23,41.2,97.6,127.72453252314816,31.3573264781491,29.582262210796916
456,2020-04-17 13:23:18,2020-04-17 14:12:20,57.6,96.8,129.06386853032882,31.54054054054054,30.354054054054053
457,2020-04-18 13:41:38,2020-04-18 15:36:39,32.8,97.6,127.72819424939989,31.498261877172652,30.18539976825029
458,2020-04-18 23:37:25,2020-04-19 00:39:27,30.4,88.0,127.3191689332562,35.77467811158798,33.457081545064376
459,2020-04-19 14:00:40,2020-04-19 15:03:06,49.6,97.6,128.56269167245372,34.75266524520256,32.72494669509595
460,2020-04-20 03:26:58,2020-04-20 03:55:23,79.2,97.6,129.34760447614738,30.939252336448597,29.44859813084112
461,2020-04-21 14:27:00,2020-04-21 15:51:28,28.0,97.6,126.67800025343234,36.04574132492114,34.46687697160883
462,2020-04-22 03:16:27,2020-04-22 04:45:19,24.4,97.6,127.6484042880996,35.211394302848575,32.56671664167916
463,2020-04-22 18:15:39,2020-04-22 18:49:32,12.4,32.4,127.16502816666669,24.17560975609756,22.117073170731707
464,2020-04-22 18:49:53,2020-04-22 19:17:23,32.4,48.8,126.04169461382115,26.00602409638554,24.07831325301205
465,2020-04-22 19:17:44,2020-04-22 19:44:14,49.2,65.2,124.59551371527778,27.7375,25.78125
466,2020-04-22 19:44:35,2020-04-22 20:12:55,65.6,82.4,126.78574239417986,28.239766081871345,26.321637426900583
467,2020-04-22 20:13:16,2020-04-22 20:41:56,82.4,97.2,128.35212481231235,29.0,27.0
468,2020-04-24 11:53:59,2020-04-24 12:19:49,50.4,65.6,127.46801909722225,22.435897435897434,21.256410256410255
469,2020-04-24 12:20:10,2020-04-24 12:51:30,65.6,84.0,127.71588149154584,23.423280423280424,22.296296296296298
470,2020-04-24 12:51:51,2020-04-24 13:20:01,84.0,97.6,126.9699756944445,24.311764705882354,23.0
471,2020-04-24 17:48:50,2020-04-24 18:29:08,74.0,97.6,128.7158789548023,23.89108910891089,22.425742574257427
472,2020-04-25 19:38:48,2020-04-25 21:16:44,13.6,97.6,126.30641813822751,31.085714285714285,29.736054421768706
473,2020-04-26 15:27:58,2020-04-26 15:52:28,24.4,38.8,127.88775983796296,30.87162162162162,29.594594594594593
474,2020-04-26 15:52:49,2020-04-26 16:21:59,38.8,56.4,124.56599984217172,32.74431818181818,31.681818181818183
475,2020-04-26 16:22:20,2020-04-26 16:56:30,56.8,76.8,128.40975069444448,34.0,33.0
476,2020-04-26 16:56:51,2020-04-26 17:25:41,77.2,94.0,129.00631167328044,34.88505747126437,33.55747126436781
477,2020-04-27 00:09:16,2020-04-27 00:27:56,65.6,75.2,125.95485648148134,32.0,29.92920353982301
478,2020-04-27 00:28:17,2020-04-27 00:59:27,75.2,86.4,127.24205902777774,32.005319148936174,30.0
479,2020-04-27 00:59:48,2020-04-27 01:26:48,86.4,93.6,124.96721084104956,32.0,30.0
480,2020-04-27 15:05:50,2020-04-27 15:40:40,14.4,46.4,127.84027161458333,37.54761904761905,35.36666666666667
481,2020-04-27 15:41:01,2020-04-27 16:09:51,46.8,74.0,124.51797007761436,41.07471264367816,39.13793103448276
482,2020-04-28 12:12:31,2020-04-28 13:01:07,40.8,85.6,126.23333670014883,33.28327645051195,31.90443686006826
483,2020-04-29 08:36:45,2020-04-29 09:06:45,43.6,71.2,127.27004695048309,29.23756906077348,28.011049723756905
484,2020-04-29 09:07:06,2020-04-29 09:36:36,71.6,94.4,128.88951419346975,31.224719101123597,29.84269662921348
485,2020-04-29 20:07:13,2020-04-29 20:38:23,27.2,56.0,126.31028669945988,35.47872340425532,34.0531914893617
486,2020-04-29 20:38:44,2020-04-29 21:12:44,56.4,87.6,127.0900070779915,37.8390243902439,36.04390243902439
487,2020-04-29 21:13:05,2020-04-29 21:31:35,87.6,97.6,129.39031625000007,38.035714285714285,36.026785714285715
488,2020-04-30 15:59:39,2020-04-30 16:20:39,27.2,34.0,132.86351094771234,33.188976377952756,31.37795275590551
489,2020-04-30 16:21:00,2020-04-30 16:52:50,34.0,45.2,122.6909248511904,34.208333333333336,32.401041666666664
490,2020-04-30 16:53:11,2020-04-30 17:23:11,45.2,56.0,119.87907741769546,35.1767955801105,33.50276243093923
491,2020-04-30 17:23:32,2020-04-30 17:50:42,56.0,65.6,122.10644907407413,36.0,34.0
492,2020-04-30 17:51:03,2020-04-30 18:21:33,65.6,76.0,126.5597905982905,36.0,34.0
493,2020-04-30 18:21:54,2020-04-30 18:47:44,76.0,84.8,126.71712373737375,36.0,34.0
494,2020-04-30 18:48:05,2020-04-30 19:17:05,84.8,94.4,130.39346990740725,35.628571428571426,34.0
495,2020-05-01 05:32:20,2020-05-01 06:02:30,49.2,76.8,127.2660130334139,34.61538461538461,32.214285714285715
496,2020-05-01 06:02:51,2020-05-01 06:33:01,77.2,97.6,130.17294376361662,35.994505494505496,33.72527472527472
497,2020-05-01 17:49:51,2020-05-01 18:12:31,3.2,24.0,126.79756704059832,36.956204379562045,35.88321167883212
498,2020-05-01 18:12:52,2020-05-01 19:04:51,24.4,71.6,128.1633345750942,39.594249201277954,38.329073482428115
499,2020-05-01 19:05:12,2020-05-01 19:32:52,72.0,93.6,129.94856970164614,42.07784431137725,40.50898203592814
500,2020-05-02 06:17:34,2020-05-02 06:45:34,36.4,62.0,127.24069173177084,34.887573964497044,32.17751479289941
501,2020-05-02 06:45:55,2020-05-02 07:14:35,62.4,88.0,128.58617957899304,36.809248554913296,34.2485549132948
502,2020-05-02 07:14:56,2020-05-02 07:32:16,88.4,97.6,130.63558861714995,37.0,35.0
503,2020-05-02 18:41:33,2020-05-02 19:08:03,73.2,94.0,127.63489209401715,37.75,35.6625
504,2020-05-03 13:59:37,2020-05-03 14:34:27,41.6,62.4,125.61498537660256,37.680952380952384,35.714285714285715
505,2020-05-03 14:34:48,2020-05-03 15:06:18,62.8,81.2,128.45939636171494,38.00526315789474,37.0
506,2020-05-03 15:06:39,2020-05-03 15:35:49,81.6,97.6,131.66753923611108,38.9375,37.0
507,2020-05-03 20:07:33,2020-05-03 20:38:23,69.2,94.4,129.63129287918872,41.0,39.58064516129032
508,2020-05-04 18:09:06,2020-05-04 18:37:56,22.4,39.2,128.43416451719574,39.270114942528735,37.5
509,2020-05-04 18:38:17,2020-05-04 19:09:27,39.2,58.0,124.05877851654847,40.962765957446805,39.34574468085106
510,2020-05-04 19:09:48,2020-05-04 19:39:48,58.4,76.0,127.55678977272724,42.0,40.0
511,2020-05-04 19:40:09,2020-05-04 20:10:49,76.4,94.0,130.3913851010101,42.0,40.0
512,2020-05-05 03:07:53,2020-05-05 03:35:33,68.8,92.0,126.93487302442526,39.0,36.0
513,2020-05-05 14:28:27,2020-05-05 14:59:07,48.8,71.6,129.9165581140351,39.78378378378378,37.84864864864865
514,2020-05-05 14:59:28,2020-05-05 15:29:18,72.0,92.4,129.70725953159038,40.43333333333333,38.0
515,2020-05-06 02:03:30,2020-05-06 02:29:10,24.0,48.8,127.90435825492834,36.56774193548387,34.019354838709674
516,2020-05-06 02:29:31,2020-05-06 02:56:01,49.2,75.2,125.97704268162393,39.4875,36.68125
517,2020-05-06 02:56:22,2020-05-06 03:23:02,75.2,96.0,125.8306793536325,40.77018633540373,37.20496894409938
518,2020-05-06 16:00:19,2020-05-06 16:22:59,66.8,87.2,129.4199485974945,37.07299270072993,35.48905109489051
519,2020-05-07 08:53:06,2020-05-07 09:21:36,12.4,38.4,127.97436645299148,33.55232558139535,32.08139534883721
520,2020-05-07 09:21:57,2020-05-07 09:48:07,38.8,62.8,127.16030584490741,36.64556962025316,35.09493670886076
521,2020-05-07 09:48:28,2020-05-07 10:17:08,63.2,88.8,126.59722927517367,38.53179190751445,36.93063583815029
522,2020-05-07 10:17:29,2020-05-07 10:35:19,88.8,97.6,128.87786174242427,39.0,37.0
523,2020-05-07 19:05:48,2020-05-07 19:36:18,45.6,73.6,126.89236324404767,40.23913043478261,38.255434782608695
524,2020-05-07 19:36:39,2020-05-07 20:08:59,74.0,97.6,129.1554947622411,41.0,39.0
525,2020-05-08 13:02:30,2020-05-08 13:30:30,38.4,56.8,126.87500626509663,36.76923076923077,35.27218934911242
526,2020-05-08 13:30:51,2020-05-08 13:56:11,56.8,73.6,125.75893832671959,38.0,36.86274509803921
527,2020-05-08 19:55:21,2020-05-08 20:21:21,54.0,77.6,129.3473297434087,40.64968152866242,38.92356687898089
528,2020-05-08 20:21:42,2020-05-08 20:50:12,78.0,97.6,129.5975181405896,41.81395348837209,40.0
529,2020-05-09 19:13:36,2020-05-09 19:45:26,9.6,28.0,130.31328404287441,38.0,36.114583333333336
530,2020-05-09 19:45:47,2020-05-09 20:16:47,28.4,46.4,129.74076944444445,39.00534759358289,37.54010695187166
531,2020-05-09 20:17:08,2020-05-09 20:45:38,46.8,64.0,124.82560901162792,40.69767441860465,38.98837209302326
532,2020-05-09 20:45:59,2020-05-09 21:14:59,64.0,81.2,127.01553197674417,41.0,39.45142857142857
533,2020-05-09 21:15:20,2020-05-09 21:45:20,81.6,97.6,130.75523958333335,41.70165745856354,40.0
534,2020-05-10 05:52:50,2020-05-10 06:21:50,58.0,84.4,128.18024363425923,39.57142857142857,36.74857142857143
535,2020-05-10 06:22:11,2020-05-10 06:45:21,84.4,97.6,127.59788478535366,40.0,37.142857142857146
536,2020-05-11 12:07:07,2020-05-11 12:31:37,21.2,44.8,127.55886805555559,32.682432432432435,30.89864864864865
537,2020-05-11 12:31:58,2020-05-11 13:07:28,45.2,80.0,125.3101219268838,35.89719626168224,34.36915887850467
538,2020-05-12 11:17:00,2020-05-12 11:46:40,25.2,52.4,125.98655228758176,32.402234636871505,30.502793296089386
539,2020-05-12 11:47:01,2020-05-12 12:11:52,52.8,75.6,125.8909945419104,35.42384105960265,33.450331125827816
540,2020-05-12 12:12:13,2020-05-12 12:41:53,76.0,96.8,126.77352483974364,36.74301675977654,34.687150837988824
541,2020-05-12 23:47:37,2020-05-13 00:05:37,25.6,42.4,126.99571569113763,33.88073394495413,32.19266055045872
542,2020-05-13 00:05:58,2020-05-13 00:33:55,42.8,69.2,125.66247836700335,36.78698224852071,35.07692307692308
543,2020-05-13 00:50:51,2020-05-13 01:12:51,84.8,97.6,128.65562348090282,39.0,37.0
544,2020-05-13 20:10:52,2020-05-13 20:37:32,12.4,36.0,129.94232568267418,32.46583850931677,31.130434782608695
545,2020-05-13 20:37:53,2020-05-13 21:03:53,36.4,59.6,128.87931034482756,35.34394904458599,33.745222929936304
546,2020-05-13 21:04:14,2020-05-13 21:35:54,60.0,87.6,128.8028377113527,37.57068062827225,35.774869109947645
547,2020-05-13 21:36:15,2020-05-13 21:57:35,88.0,97.6,128.46498263888896,38.0,36.0
548,2020-05-14 13:43:32,2020-05-14 14:14:42,35.6,52.0,126.86231360094851,33.255319148936174,31.819148936170212
549,2020-05-14 14:15:03,2020-05-14 14:47:03,52.0,68.8,127.0535783730159,34.43523316062176,33.0
550,2020-05-14 14:47:24,2020-05-14 15:17:54,68.8,84.8,127.23004939236111,35.0,33.07608695652174
551,2020-05-14 15:18:15,2020-05-14 15:44:35,84.8,97.6,130.41669694010423,35.0,34.0
552,2020-05-15 05:59:19,2020-05-15 06:28:29,26.0,52.8,128.55098709577115,31.676136363636363,30.477272727272727
553,2020-05-15 06:28:50,2020-05-15 07:01:50,53.2,84.0,126.7582043199856,34.93969849246231,33.7035175879397
554,2020-05-15 16:28:13,2020-05-15 16:53:23,56.4,70.8,131.36769888117283,37.0,35.828947368421055
555,2020-05-15 19:16:38,2020-05-15 19:43:18,79.6,94.8,131.87137426900586,36.57142857142857,35.0
556,2020-05-16 05:33:54,2020-05-16 05:56:34,15.2,28.0,132.83637380642358,34.0,31.868613138686133
557,2020-05-16 05:56:55,2020-05-16 06:28:05,28.4,46.4,129.86111111111111,35.40425531914894,33.026595744680854
558,2020-05-16 06:28:26,2020-05-16 06:56:36,46.4,63.6,122.81976744186045,37.358823529411765,34.8
559,2020-05-16 06:56:57,2020-05-16 07:28:47,63.6,82.4,126.99615854018909,38.0,35.984375
560,2020-05-16 07:29:08,2020-05-16 07:57:38,82.4,97.6,129.7596860380118,38.0,36.0
561,2020-05-16 16:45:53,2020-05-16 17:08:23,44.8,52.8,128.64235069444442,37.0,35.463235294117645
562,2020-05-16 17:08:44,2020-05-16 17:36:44,53.2,62.8,132.30184924768525,37.0,36.0
563,2020-05-16 17:37:05,2020-05-16 18:09:25,62.8,74.0,130.0707005208333,37.0,36.0
564,2020-05-16 18:09:46,2020-05-16 18:36:26,74.4,83.6,129.91393161231898,37.0,36.0
565,2020-05-16 18:36:47,2020-05-16 19:01:57,83.6,92.0,132.6736989087301,37.0,36.0
566,2020-05-16 19:02:18,2020-05-16 19:19:48,92.0,97.6,130.96235367063508,37.0,35.91509433962264
567,2020-05-17 05:49:50,2020-05-17 06:22:10,24.0,53.6,127.85193778153155,31.512820512820515,29.374358974358973
568,2020-05-17 06:22:31,2020-05-17 06:58:31,54.0,86.8,128.57217869241197,34.90783410138249,32.92626728110599
569,2020-05-17 17:45:06,2020-05-17 18:16:06,10.8,38.4,131.13728824476652,37.24598930481283,36.18181818181818
570,2020-05-17 18:16:27,2020-05-17 18:49:07,38.8,68.8,127.05463138888886,39.736040609137056,38.44670050761421
571,2020-05-17 18:49:28,2020-05-17 19:18:18,69.2,92.4,129.3049670138889,41.0,39.4367816091954
572,2020-05-18 16:01:09,2020-05-18 16:21:49,60.4,70.8,132.4986665331197,33.056,32.0
573,2020-05-18 16:22:10,2020-05-18 16:51:20,71.2,86.0,131.3813813813814,34.0,32.29545454545455
574,2020-05-18 16:51:41,2020-05-18 17:15:41,86.0,97.6,129.62285129310348,34.0,33.0
575,2020-05-18 22:50:59,2020-05-18 23:10:59,76.0,86.4,130.42603699252135,34.0,32.0
576,2020-05-18 23:11:20,2020-05-18 23:34:40,86.4,97.6,131.19297879464298,34.0,32.0
577,2020-05-19 13:04:18,2020-05-19 13:22:58,60.8,72.8,130.15396168981485,34.0,32.876106194690266
578,2020-05-19 14:01:30,2020-05-19 14:18:10,87.6,96.4,122.29955839646449,35.0,34.0
579,2020-05-19 20:47:02,2020-05-19 21:04:12,50.4,66.0,128.46332905982908,36.94230769230769,35.13461538461539
580,2020-05-19 21:04:33,2020-05-19 21:30:43,66.0,88.8,128.0141380360624,37.81012658227848,36.0
581,2020-05-19 21:31:04,2020-05-19 21:49:34,88.8,97.6,125.0347386363637,38.0,36.0
582,2020-05-20 16:06:11,2020-05-20 16:35:41,38.0,57.2,128.03819444444443,35.56741573033708,34.02808988764045
583,2020-05-20 16:36:02,2020-05-20 17:01:02,57.2,73.6,127.03252032520331,37.0,35.52980132450331
584,2020-05-21 09:47:46,2020-05-21 10:12:06,27.2,43.2,127.5182603298611,31.027210884353742,30.217687074829932
585,2020-05-21 10:12:27,2020-05-21 10:41:17,43.2,62.8,123.23771024659867,33.247126436781606,32.304597701149426
586,2020-05-21 10:41:38,2020-05-21 11:09:08,63.2,81.2,127.985381095679,34.1566265060241,33.0
587,2020-05-21 19:46:17,2020-05-21 20:14:47,40.4,57.2,127.79764732142857,35.96511627906977,34.47674418604651
588,2020-05-21 20:26:38,2020-05-21 20:51:28,56.4,70.8,129.65087866512346,36.95333333333333,35.0
589,2020-05-21 20:58:19,2020-05-21 21:19:29,71.2,85.6,110.74944743441364,36.96875,35.0
590,2020-05-21 21:20:20,2020-05-21 21:40:50,86.0,97.6,133.13221336206905,37.0,35.0
591,2020-05-22 13:45:48,2020-05-22 14:12:18,41.2,56.4,128.8916490314328,32.23125,30.7875
592,2020-05-22 14:12:39,2020-05-22 14:42:39,56.4,73.2,126.74026140873013,33.0,32.0
593,2020-05-22 14:43:00,2020-05-22 15:11:10,73.2,88.0,129.96435519894897,33.28823529411765,32.0
594,2020-05-22 15:11:31,2020-05-22 15:31:31,88.4,97.6,133.29862424516926,34.0,32.0
595,2020-05-22 23:24:46,2020-05-22 23:58:16,45.2,66.8,129.24382716049388,35.66831683168317,33.663366336633665
596,2020-05-22 23:58:37,2020-05-23 00:25:17,67.2,84.4,129.19896640826872,36.409937888198755,34.39751552795031
597,2020-05-23 00:25:38,2020-05-23 00:50:18,84.4,97.6,129.84536258417518,37.0,35.0
598,2020-05-23 07:55:34,2020-05-23 08:26:53,37.6,66.4,127.31262343750005,35.65608465608466,32.883597883597886
599,2020-05-23 09:12:25,2020-05-23 09:29:45,80.4,94.4,116.57739236111111,37.0,34.923809523809524
600,2020-05-27 10:24:42,2020-05-27 10:55:32,26.0,54.0,129.45437152777777,31.747311827956988,30.666666666666668
601,2020-05-27 10:55:53,2020-05-27 11:27:13,54.0,82.4,129.7364145637715,35.31216931216931,34.10582010582011
602,2020-05-27 11:27:34,2020-05-27 11:53:14,82.8,97.6,132.51595645645648,36.94193548387097,35.45161290322581
603,2020-05-28 02:32:01,2020-05-28 02:56:41,10.0,27.6,129.88165151515153,36.06711409395973,34.0
604,2020-05-28 02:57:02,2020-05-28 03:23:42,28.0,47.2,128.7051730324074,37.56521739130435,35.05590062111801
605,2020-05-28 03:24:03,2020-05-28 03:54:33,47.2,69.2,128.5151746212121,39.60326086956522,36.84239130434783
606,2020-05-28 03:54:54,2020-05-28 04:21:34,69.6,88.4,131.153244680851,40.0,37.93788819875776
607,2020-05-28 04:21:55,2020-05-28 04:41:05,88.8,97.6,132.94985874368697,40.0,38.0
608,2020-05-28 12:37:23,2020-05-28 13:03:43,40.0,58.8,130.03326935579202,35.42767295597484,33.880503144654085
609,2020-05-28 13:04:04,2020-05-28 13:33:14,59.2,80.0,130.27447242254277,36.24431818181818,35.0
610,2020-05-29 00:12:02,2020-05-29 00:37:42,22.0,40.0,132.664381558642,34.49677419354839,32.81290322580645
611,2020-05-29 00:38:03,2020-05-29 01:08:23,40.4,62.8,125.98341431051591,37.05464480874317,35.25136612021858
612,2020-05-29 01:08:44,2020-05-29 01:31:14,63.2,79.6,127.64907994579954,38.0514705882353,36.44117647058823
613,2020-05-29 05:19:10,2020-05-29 05:48:00,44.0,70.0,129.59723974358974,37.5,34.39080459770115
614,2020-05-30 09:12:40,2020-05-30 09:45:50,26.4,43.2,131.39382721560838,30.73,30.0
615,2020-05-30 09:46:11,2020-05-30 10:11:51,43.2,57.6,118.62170013503086,32.561290322580646,31.670967741935485
616,2020-05-30 10:12:12,2020-05-30 10:41:52,57.6,73.2,126.61323112535617,33.357541899441344,32.324022346368714
617,2020-05-30 10:42:13,2020-05-30 11:15:23,73.6,90.8,128.35350072674422,34.0,33.0
618,2020-05-30 11:15:44,2020-05-30 11:33:04,90.8,97.6,126.9281049836602,34.0,33.0
619,2020-05-31 01:13:57,2020-05-31 01:32:57,27.2,44.8,125.75836908143943,32.78260869565217,31.069565217391304
620,2020-05-31 01:33:18,2020-05-31 02:02:48,44.8,72.4,124.48068196457325,35.43258426966292,33.764044943820224
621,2020-05-31 02:03:09,2020-05-31 02:31:59,72.8,94.8,128.26515681818185,36.98275862068966,35.0
622,2020-05-31 16:33:23,2020-05-31 17:04:23,42.0,70.8,125.72628443287041,35.3048128342246,33.07486631016043
623,2020-05-31 17:04:44,2020-05-31 17:34:54,71.2,94.8,126.79850188323923,36.93956043956044,34.675824175824175
624,2020-06-01 04:23:33,2020-06-01 04:44:23,46.0,58.4,126.31051198476706,31.753968253968253,29.706349206349206
625,2020-06-01 04:44:44,2020-06-01 05:15:44,58.4,76.8,126.63952083333336,32.67914438502674,30.727272727272727
626,2020-06-01 05:16:05,2020-06-01 05:48:05,76.8,95.6,127.94329078014188,33.0,31.05699481865285
627,2020-06-01 19:25:56,2020-06-01 19:43:02,20.4,32.8,126.5728208109319,32.20192307692308,30.682692307692307
628,2020-06-01 19:43:23,2020-06-01 20:13:13,32.8,54.8,124.4318308080808,34.227777777777774,32.916666666666664
629,2020-06-01 20:13:34,2020-06-01 20:46:04,55.2,78.8,126.37301229990585,36.39795918367347,34.83673469387755
630,2020-06-01 20:46:25,2020-06-01 21:14:15,79.2,96.8,129.3181953914142,37.0,35.0
631,2020-06-02 03:56:38,2020-06-02 04:23:38,52.4,77.2,128.30815216173832,34.809815950920246,31.98159509202454
632,2020-06-02 04:23:59,2020-06-02 04:55:09,77.6,97.6,129.35350104166665,36.0,33.34574468085106
633,2020-06-02 16:30:09,2020-06-02 16:59:29,23.6,50.4,127.53006384742956,33.07344632768361,30.796610169491526
634,2020-06-02 16:59:50,2020-06-02 17:29:50,50.8,78.8,124.78770287698413,36.049723756906076,33.77900552486188
635,2020-06-02 17:30:11,2020-06-02 17:57:11,78.8,97.2,126.92256838768112,37.0,35.0
636,2020-06-03 02:00:51,2020-06-03 02:21:47,53.2,72.8,128.01600556972792,34.76377952755905,32.511811023622045
637,2020-06-03 02:22:08,2020-06-03 02:43:18,73.2,90.8,128.01531344696977,35.9375,33.703125
638,2020-06-06 01:23:50,2020-06-06 03:21:15,2.4,90.8,127.29698840026398,35.09307604994325,33.57094211123723
639,2020-06-06 06:54:03,2020-06-06 08:00:38,53.6,97.6,128.8692377051768,36.0,33.162
640,2020-06-06 21:19:49,2020-06-06 21:38:39,21.6,38.8,127.93121963824294,30.5,28.596491228070175
641,2020-06-06 21:39:00,2020-06-06 22:11:00,38.8,69.2,123.02861769005847,33.67357512953368,31.66839378238342
642,2020-06-06 22:24:15,2020-06-06 22:52:25,81.2,97.6,125.76729649390252,36.0,33.34705882352941
643,2020-06-07 19:23:02,2020-06-07 19:52:12,32.0,59.2,125.53413480392157,32.10227272727273,30.71590909090909
644,2020-06-07 19:52:33,2020-06-07 20:26:13,59.6,89.2,127.48595669106611,34.689655172413794,33.49261083743843
645,2020-06-07 20:26:34,2020-06-07 20:43:34,89.6,97.6,129.11111944444448,35.12621359223301,34.0
646,2020-06-08 15:29:14,2020-06-08 16:00:44,41.6,70.8,125.69872740677323,33.11578947368421,31.257894736842104
647,2020-06-08 16:01:05,2020-06-08 16:24:45,71.2,90.8,126.49306498015875,34.77622377622377,32.93706293706294
648,2020-06-08 19:23:54,2020-06-08 19:50:14,69.2,86.0,127.7479897486773,35.899371069182386,33.0
649,2020-06-09 09:43:19,2020-06-09 10:09:59,47.2,71.2,129.32871412037036,31.267080745341616,30.11801242236025
650,2020-06-09 10:10:20,2020-06-09 10:44:20,71.6,96.4,128.53942971550174,32.87317073170732,31.839024390243903
651,2020-06-09 19:01:07,2020-06-09 19:32:27,43.2,63.6,129.14146262254903,33.613756613756614,31.296296296296298
652,2020-06-09 19:32:48,2020-06-09 20:03:48,64.0,84.4,127.87853812636163,34.6524064171123,32.0
653,2020-06-09 20:04:09,2020-06-09 20:28:29,84.4,97.6,127.51788520622904,35.0,32.04761904761905
654,2020-06-10 01:57:36,2020-06-10 02:25:46,30.0,48.8,126.34606471631209,35.741176470588236,32.694117647058825
655,2020-06-10 02:26:07,2020-06-10 02:51:27,48.8,66.0,124.2046426841085,37.55555555555556,34.549019607843135
656,2020-06-10 02:51:48,2020-06-10 03:24:28,66.4,88.0,127.53860519547331,38.0,35.0
657,2020-06-10 03:24:49,2020-06-10 03:42:09,88.4,97.6,132.18903411835768,38.0,35.0
658,2020-06-10 14:02:41,2020-06-10 14:29:11,40.0,57.6,124.97164109848488,38.05625,36.6125
659,2020-06-10 19:05:50,2020-06-10 19:36:50,42.4,71.2,126.38309259259258,38.64171122994652,36.64171122994652
660,2020-06-10 19:37:11,2020-06-10 20:06:01,71.6,94.4,128.6903053118908,40.0,38.0
661,2020-06-11 01:45:15,2020-06-11 02:13:15,37.6,63.2,127.71485340711803,40.01775147928994,36.49112426035503
662,2020-06-11 02:13:36,2020-06-11 02:44:46,63.6,90.4,128.12189386401326,41.398936170212764,38.0
663,2020-06-12 00:00:30,2020-06-12 00:30:30,34.8,62.4,126.73862937801934,35.52486187845304,34.19889502762431
664,2020-06-12 00:30:51,2020-06-12 00:57:31,62.8,87.2,126.17942190346083,37.67701863354037,36.43478260869565
665,2020-06-12 11:05:54,2020-06-12 11:30:04,15.6,37.6,127.86111994949496,36.32876712328767,34.54109589041096
666,2020-06-12 11:30:25,2020-06-12 11:57:55,38.0,63.6,124.99133138020832,38.933734939759034,37.2289156626506
667,2020-06-12 11:58:16,2020-06-12 12:27:26,63.6,89.2,126.94337163628472,40.61363636363637,38.97159090909091
668,2020-06-12 17:32:04,2020-06-12 17:53:34,54.8,74.8,128.4180757638889,42.12307692307692,40.76923076923077
669,2020-06-12 23:00:24,2020-06-12 23:17:54,20.0,36.0,129.4175337673611,40.16981132075472,38.06603773584906
670,2020-06-12 23:18:15,2020-06-12 23:48:45,36.4,64.8,127.08724608763696,42.21739130434783,40.13586956521739
671,2020-06-12 23:49:06,2020-06-13 00:18:56,65.2,91.2,127.19070518162393,43.71666666666667,41.522222222222226
672,2020-06-13 03:19:43,2020-06-13 03:47:41,74.4,95.6,128.95139875524117,42.0,38.112426035502956
673,2020-06-13 12:27:08,2020-06-13 12:53:28,54.0,68.8,128.05369538288295,39.0,38.0
674,2020-06-13 12:53:49,2020-06-13 13:27:38,68.8,87.2,126.9764693538647,39.0,38.0
675,2020-06-13 13:27:59,2020-06-13 13:48:59,87.2,97.6,130.81065170940184,39.0,38.0
676,2020-06-14 04:56:29,2020-06-14 05:25:19,11.2,37.6,128.0029603324916,34.660919540229884,32.63793103448276
677,2020-06-14 05:25:40,2020-06-14 05:53:40,38.0,64.4,124.3229333438552,37.75739644970414,35.455621301775146
678,2020-06-14 05:54:01,2020-06-14 06:22:31,64.8,89.6,126.27184531810036,39.401162790697676,37.0
679,2020-06-14 06:22:52,2020-06-14 06:40:12,89.6,97.6,123.54863055555556,39.80952380952381,37.0
680,2020-06-14 21:38:26,2020-06-14 23:29:34,16.0,97.6,126.73863581835514,36.13549160671463,34.39328537170264
681,2020-06-15 04:42:34,2020-06-15 05:48:53,54.0,97.6,129.0468430364424,36.44578313253012,33.528112449799195
682,2020-06-15 15:55:30,2020-06-15 16:57:57,31.2,80.4,126.71480438685634,36.52452025586354,34.349680170575695
683,2020-06-16 01:17:38,2020-06-16 02:50:30,9.2,82.0,127.73890908310442,38.36298421807747,36.064562410329984
684,2020-06-16 16:04:55,2020-06-16 17:28:11,10.8,76.8,126.233255513468,36.9792,35.2976
685,2020-06-17 06:20:35,2020-06-17 06:50:15,37.2,64.8,125.44938068639293,33.01675977653631,31.374301675977655
686,2020-06-17 06:50:36,2020-06-17 07:21:36,65.2,91.2,127.5619780982906,34.8235294117647,33.37433155080214
687,2020-06-17 21:20:17,2020-06-17 21:49:07,46.0,62.8,129.00631167328044,34.0,32.672413793103445
688,2020-06-17 21:49:28,2020-06-17 22:18:08,63.2,80.0,128.26061044973548,35.0,33.78034682080925
689,2020-06-17 22:18:29,2020-06-17 22:50:29,80.0,97.6,126.147441919192,35.5699481865285,34.0
690,2020-06-18 12:35:12,2020-06-18 13:09:12,27.2,47.2,127.49999999999997,35.41951219512195,34.0390243902439
691,2020-06-18 13:09:33,2020-06-18 13:46:23,47.6,70.0,123.34077529761905,37.6981981981982,36.490990990990994
692,2020-06-18 13:46:44,2020-06-18 14:21:24,70.0,90.4,127.4761735430283,38.16267942583732,37.0
693,2020-06-19 00:57:11,2020-06-19 01:23:31,10.0,34.0,127.89409936342592,37.106918238993714,35.21383647798742
694,2020-06-19 01:23:52,2020-06-19 01:51:42,34.0,60.0,124.72062077991455,39.232142857142854,37.5
695,2020-06-19 01:52:03,2020-06-19 02:23:03,60.0,88.0,126.6835398809524,41.0,39.0
696,2020-06-19 12:19:46,2020-06-19 12:45:06,34.0,52.0,129.07485192901234,38.810457516339866,37.052287581699346
697,2020-06-19 12:45:27,2020-06-19 13:12:37,52.4,72.0,127.09538385770975,40.51219512195122,38.84756097560975
698,2020-06-19 13:12:58,2020-06-19 13:43:08,72.4,93.2,127.74840050747865,41.0,39.527472527472526
699,2020-06-23 01:09:33,2020-06-23 01:39:13,36.8,52.4,126.78062678062678,36.45810055865922,35.06145251396648
700,2020-06-23 01:39:34,2020-06-23 02:10:14,52.8,68.8,127.77083263888889,37.8,36.0
701,2020-06-23 02:10:35,2020-06-23 02:41:15,69.2,85.2,127.77256892361109,38.0,36.0
702,2020-06-23 02:41:36,2020-06-23 03:05:36,85.2,97.6,129.02105622759865,38.0,36.0
703,2020-06-23 21:07:45,2020-06-23 21:32:35,23.2,45.6,129.07366840277777,38.78,37.17333333333333
704,2020-06-23 21:32:56,2020-06-23 22:01:46,45.6,72.0,127.12753630050506,41.78735632183908,40.02298850574713
705,2020-06-24 07:23:26,2020-06-24 07:41:06,88.8,97.6,129.854815814394,37.0,34.0
706,2020-06-24 21:20:32,2020-06-24 21:37:52,18.8,34.4,129.55840633903136,38.6,37.24761904761905
707,2020-06-24 21:38:13,2020-06-24 22:11:13,34.8,65.2,126.50356647478074,41.221105527638194,39.608040201005025
708,2020-06-24 22:11:34,2020-06-24 22:33:34,65.6,85.6,128.1541752777778,43.0,41.0
709,2020-06-25 16:33:15,2020-06-25 16:54:55,39.2,59.2,126.5875161111111,36.12977099236641,35.10687022900763
710,2020-06-25 16:55:16,2020-06-25 17:25:06,59.2,86.4,128.13471721813724,38.272222222222226,37.16111111111111
711,2020-06-25 17:25:27,2020-06-25 17:46:27,86.8,97.6,126.42751774691361,39.0,38.0
712,2020-06-26 03:26:27,2020-06-26 03:57:37,46.4,75.6,125.7953019406393,35.223404255319146,33.329787234042556
713,2020-06-26 03:57:58,2020-06-26 04:26:18,75.6,96.8,127.26284689465406,36.853801169590646,34.98830409356725
714,2020-06-26 15:46:01,2020-06-26 16:19:51,47.6,78.4,128.5461966991342,40.916666666666664,39.25
715,2020-06-27 00:22:47,2020-06-27 00:53:27,45.6,73.6,126.31847093253971,40.42162162162162,38.2972972972973
716,2020-06-27 00:53:48,2020-06-27 01:20:28,74.0,94.4,127.71719900599126,41.79503105590062,39.61490683229814
717,2020-06-27 06:20:54,2020-06-27 06:52:44,34.0,55.2,125.1113712002096,40.552083333333336,37.380208333333336
718,2020-06-27 06:53:05,2020-06-27 07:24:35,55.2,76.0,126.17921781517094,41.794736842105266,38.0
719,2020-06-27 07:24:56,2020-06-27 07:55:56,76.4,96.0,128.3815281320862,41.0,38.0
720,2020-06-28 14:10:25,2020-06-28 14:43:05,19.2,48.8,129.49041150525525,40.89340101522843,39.28426395939086
721,2020-06-28 14:43:26,2020-06-28 15:15:56,49.2,79.6,125.43675356359647,43.816326530612244,42.63775510204081
722,2020-06-28 20:45:08,2020-06-28 21:15:28,54.0,81.2,130.0326723856209,42.96174863387978,40.78688524590164
723,2020-06-28 21:15:49,2020-06-28 21:40:39,81.6,97.6,129.27431805555557,44.0,41.00666666666667
724,2020-06-29 16:21:55,2020-06-29 16:50:45,65.6,90.4,128.80266168234763,40.07471264367816,38.35632183908046
725,2020-06-30 10:37:08,2020-06-30 11:01:28,18.4,40.4,128.14394122474746,37.054421768707485,35.70068027210884
726,2020-06-30 11:42:08,2020-06-30 12:12:13,40.8,68.0,128.01316375612743,39.747252747252745,38.0989010989011
727,2020-06-30 12:12:34,2020-06-30 12:44:04,68.4,93.2,128.00739454525092,41.6,39.78421052631579
728,2020-06-30 20:52:03,2020-06-30 21:20:43,38.0,64.0,128.4252236645299,42.0635838150289,40.115606936416185
729,2020-06-30 21:21:04,2020-06-30 21:47:44,64.4,88.4,127.60707135416666,43.453416149068325,41.45962732919255
730,2020-06-30 21:48:05,2020-06-30 22:04:35,88.4,97.6,128.38467723429966,43.96,41.63
731,2020-07-01 06:35:53,2020-07-01 07:04:33,20.8,46.8,128.56998135683764,37.50867052023121,34.89017341040462
732,2020-07-01 07:04:54,2020-07-01 07:33:54,47.2,74.0,126.08519900497517,40.371428571428574,37.691428571428574
733,2020-07-01 07:34:15,2020-07-01 08:03:25,74.4,96.4,127.60291609848483,41.09090909090909,38.94886363636363
734,2020-07-01 23:55:27,2020-07-02 00:26:37,46.4,75.2,126.34115272955249,39.473404255319146,36.829787234042556
735,2020-07-02 00:26:58,2020-07-02 00:57:28,75.2,97.2,125.64900012626264,40.03260869565217,38.0
736,2020-07-02 05:50:54,2020-07-02 06:19:56,55.2,82.4,126.4620240093954,41.96590909090909,38.34090909090909
737,2020-07-03 18:31:34,2020-07-03 18:53:04,42.4,62.0,127.81817254818594,31.446153846153845,30.46153846153846
738,2020-07-03 18:53:25,2020-07-03 19:24:05,62.4,88.8,128.49484864267677,33.47027027027027,32.535135135135135
739,2020-07-04 15:29:59,2020-07-04 15:58:19,42.0,68.0,127.59083920940174,35.666666666666664,33.7953216374269
740,2020-07-04 15:58:40,2020-07-04 16:22:10,68.4,88.4,128.88960687500003,37.056338028169016,35.33802816901409
741,2020-07-04 16:22:31,2020-07-04 16:42:41,88.8,97.6,124.96054561237379,37.10655737704918,35.68032786885246
742,2020-07-04 22:35:41,2020-07-04 23:06:31,59.2,87.2,129.13443020833336,37.435483870967744,35.005376344086024
743,2020-07-04 23:06:52,2020-07-04 23:26:22,87.6,97.6,130.56529305555554,38.0,35.33898305084746
744,2020-07-05 04:47:06,2020-07-05 05:16:26,52.8,80.0,127.01748166870917,37.21468926553672,34.463276836158194
745,2020-07-05 05:16:47,2020-07-05 05:45:27,80.0,97.6,125.94225544507583,38.0,35.872832369942195
746,2020-07-05 12:21:11,2020-07-05 12:49:41,60.8,86.8,129.27886426282055,37.377906976744185,36.04651162790697
747,2020-07-05 12:50:02,2020-07-05 13:10:02,87.2,97.6,128.94100801282065,38.0,37.0
748,2020-07-05 23:03:34,2020-07-05 23:26:04,23.2,43.6,129.02166870915033,36.88970588235294,34.94117647058823
749,2020-07-05 23:26:25,2020-07-05 23:52:55,44.0,68.8,125.02129928315415,39.5875,37.7125
750,2020-07-05 23:53:16,2020-07-06 00:23:06,69.2,93.6,125.86239099499097,41.0,39.0
751,2020-07-06 06:13:39,2020-07-06 06:46:29,50.4,80.4,128.22686717592592,37.27272727272727,34.51010101010101
752,2020-07-06 06:46:50,2020-07-06 07:14:20,80.8,97.6,129.2526611276455,38.0,35.0
753,2020-07-06 18:34:24,2020-07-06 19:02:44,15.6,32.8,127.58965027454781,41.0,39.239766081871345
754,2020-07-06 19:03:05,2020-07-06 19:29:35,32.8,48.8,125.99566718749998,42.175,40.59375
755,2020-07-06 19:29:56,2020-07-06 20:00:56,49.2,67.2,126.46144475308645,43.6096256684492,41.94117647058823
756,2020-07-06 20:01:17,2020-07-06 20:28:17,67.6,82.8,125.2576949013158,44.0,42.0
757,2020-07-06 20:28:38,2020-07-06 20:55:08,82.8,96.8,128.58533759920633,44.0,42.0
758,2020-07-07 02:40:26,2020-07-07 03:12:46,54.4,72.8,131.8040469504831,41.0,38.0
759,2020-07-07 03:13:07,2020-07-07 03:39:27,73.2,88.4,129.9890405701754,41.0,38.477987421383645
760,2020-07-07 03:39:48,2020-07-07 03:58:28,88.8,97.6,131.2926226325758,41.36283185840708,39.0
761,2020-07-07 19:38:13,2020-07-07 20:06:43,28.8,55.2,126.34682333754208,40.47674418604651,39.098837209302324
762,2020-07-07 20:07:04,2020-07-07 20:38:14,55.6,84.4,126.74144661458331,43.297872340425535,41.79255319148936
763,2020-07-08 17:44:14,2020-07-08 18:17:29,20.4,51.2,126.89439511183258,40.930348258706466,39.6318407960199
764,2020-07-08 18:17:50,2020-07-08 19:13:59,51.6,96.8,126.06564451204525,44.585798816568044,43.112426035502956
765,2020-07-09 02:16:52,2020-07-09 02:45:47,38.8,65.2,127.70433968855217,40.16571428571429,37.0
766,2020-07-09 02:46:08,2020-07-09 03:25:10,65.6,96.4,128.23377386363632,41.78813559322034,38.72457627118644
767,2020-07-09 06:17:18,2020-07-09 06:40:58,82.8,97.6,128.65052683933936,39.0,36.32867132867133
768,2020-07-09 16:04:43,2020-07-09 16:32:13,28.4,54.0,125.09928401692709,41.25301204819277,39.89156626506024
769,2020-07-09 16:32:34,2020-07-09 16:58:54,54.4,78.8,125.69046271630239,43.79874213836478,42.60377358490566
770,2020-07-10 00:01:25,2020-07-10 00:32:15,32.0,60.4,126.75372554773084,42.274193548387096,39.59139784946237
771,2020-07-10 00:32:36,2020-07-10 01:01:06,60.8,86.0,126.8871336529982,44.36046511627907,41.79651162790697
772,2020-07-10 01:01:27,2020-07-10 01:19:27,86.0,96.8,128.409246399177,45.0,42.0
773,2020-07-10 12:16:38,2020-07-10 12:45:28,46.4,72.8,126.87501830808084,38.52298850574713,37.39655172413793
774,2020-07-10 12:45:49,2020-07-10 13:20:19,73.2,97.6,128.61283578096544,39.99038461538461,38.77403846153846
775,2020-07-10 18:25:12,2020-07-10 18:54:42,80.0,97.6,130.2612306660354,39.0,37.91573033707865
776,2020-07-11 02:56:33,2020-07-11 03:22:33,16.0,38.8,134.98967007797276,37.968152866242036,35.802547770700635
777,2020-07-11 03:22:54,2020-07-11 03:55:44,39.2,70.4,125.02718656517095,41.09090909090909,38.89393939393939
778,2020-07-11 03:56:05,2020-07-11 04:23:15,70.8,93.2,125.19099001736109,42.71341463414634,40.0
779,2020-07-11 15:22:20,2020-07-11 15:45:40,20.4,41.2,128.82811091079057,40.4113475177305,38.86524822695036
780,2020-07-11 15:46:01,2020-07-11 16:15:01,41.6,68.4,124.19154477611943,43.222857142857144,41.41142857142857
781,2020-07-11 16:15:22,2020-07-11 16:42:22,68.8,90.0,125.86021868448638,44.68711656441718,42.828220858895705
782,2020-07-12 17:59:37,2020-07-12 18:20:47,14.8,34.0,128.80788773148154,40.59375,38.4453125
783,2020-07-12 18:21:08,2020-07-12 18:50:48,34.4,62.0,125.55657699275362,43.11731843575419,40.944134078212294
784,2020-07-12 18:51:09,2020-07-12 19:19:19,62.4,86.8,125.26072148224046,44.86470588235294,42.3235294117647
785,2020-07-12 19:19:40,2020-07-12 19:39:20,86.8,97.6,126.17542875514405,44.865546218487395,42.0
786,2020-07-13 05:34:53,2020-07-13 06:00:23,60.4,83.2,130.77731292641323,37.68181818181818,35.4025974025974
787,2020-07-13 06:00:44,2020-07-13 06:24:04,83.6,97.6,128.69047251984128,38.0,36.0
788,2020-07-13 15:52:49,2020-07-13 16:20:50,15.6,32.4,128.44478462301586,42.59411764705882,41.0
789,2020-07-13 16:21:11,2020-07-13 16:53:11,32.4,51.6,125.88471397569442,43.90673575129534,42.16580310880829
790,2020-07-13 16:53:32,2020-07-13 17:20:22,52.0,67.6,125.26355653490032,45.0,43.0
791,2020-07-13 17:20:43,2020-07-13 17:49:33,68.0,84.0,126.33508689236112,45.12068965517241,43.0
792,2020-07-13 17:49:54,2020-07-13 18:16:04,84.0,97.6,129.96937510212427,45.81012658227848,43.0
793,2020-07-14 11:27:51,2020-07-14 12:47:30,32.4,97.6,126.6544060135481,39.202341137123746,37.43478260869565
794,2020-07-14 19:16:46,2020-07-14 19:43:16,29.6,53.6,128.5283677662037,43.125,40.85625
795,2020-07-14 19:43:37,2020-07-14 20:14:17,54.0,82.0,127.55804682539681,45.362162162162164,42.94054054054054
796,2020-07-14 20:14:38,2020-07-14 20:40:08,82.4,97.6,130.7904000365498,45.935064935064936,43.0
797,2020-07-15 04:07:30,2020-07-15 04:37:10,42.0,50.8,126.42045454545459,40.0,37.055865921787706
798,2020-07-15 04:37:31,2020-07-15 05:04:51,50.8,59.2,122.02380952380945,40.0,38.0
799,2020-07-15 05:05:12,2020-07-15 05:28:32,59.2,66.0,128.67647058823536,40.0,38.0
800,2020-07-15 05:28:53,2020-07-15 05:58:53,66.4,75.2,127.84090909090912,40.0,38.0
801,2020-07-15 05:59:14,2020-07-15 06:32:24,75.2,84.8,129.55729166666674,40.0,38.0
802,2020-07-15 06:32:45,2020-07-15 07:01:35,84.8,93.2,128.72023809523802,39.747126436781606,38.0
803,2020-07-15 09:20:40,2020-07-15 09:49:00,62.8,78.4,128.5131957799145,39.15204678362573,37.16374269005848
804,2020-07-15 10:25:42,2020-07-15 10:46:12,78.8,90.8,116.52316921296297,38.71774193548387,36.0
805,2020-07-15 18:30:01,2020-07-15 18:58:11,52.8,78.4,128.1293452690972,45.03529411764706,43.63529411764706
806,2020-07-15 18:58:32,2020-07-15 19:29:12,78.8,97.6,129.8094131205674,45.956756756756754,44.0
807,2020-07-16 13:29:22,2020-07-16 13:51:16,14.0,26.8,129.23962252604164,42.0,40.0
808,2020-07-16 21:40:24,2020-07-16 22:10:44,36.0,54.0,127.2338517746914,37.92934782608695,34.15217391304348
809,2020-07-16 22:34:02,2020-07-16 22:50:52,58.0,68.0,126.98365825000005,39.0,35.0
810,2020-07-17 05:26:25,2020-07-17 05:49:15,23.2,43.6,130.06402178649236,36.63768115942029,34.405797101449274
811,2020-07-17 05:49:36,2020-07-17 06:17:26,43.6,69.2,126.38620285373266,39.523809523809526,37.523809523809526
812,2020-07-17 06:17:47,2020-07-17 06:51:47,69.6,96.0,128.8247202756734,41.0,39.0
813,2020-07-17 20:32:43,2020-07-17 21:03:33,34.4,63.6,125.94749999999996,42.763440860215056,41.58064516129032
814,2020-07-17 21:03:54,2020-07-17 21:38:14,63.6,91.6,127.80557375992065,44.89855072463768,43.10144927536232
815,2020-07-18 18:19:20,2020-07-18 18:47:00,36.4,62.0,125.96244476996527,42.40718562874252,40.796407185628745
816,2020-07-18 18:47:21,2020-07-18 19:16:31,62.0,87.2,126.01300126763665,44.30113636363637,42.78409090909091
817,2020-07-18 19:16:52,2020-07-18 19:35:12,87.2,97.6,126.16321941773518,44.93693693693694,43.0
818,2020-07-19 12:34:12,2020-07-19 13:07:22,65.2,84.4,129.84811906828705,38.725,37.52
819,2020-07-19 13:07:43,2020-07-19 13:34:03,84.4,97.6,129.48340993266007,39.0,38.0
820,2020-07-20 02:12:44,2020-07-20 02:42:14,16.8,43.2,130.22462894570702,40.831460674157306,38.48876404494382
821,2020-07-20 02:42:35,2020-07-20 03:13:55,43.6,72.4,126.78239737654317,43.851851851851855,41.32275132275132
822,2020-07-20 03:14:16,2020-07-20 03:38:26,72.4,90.8,127.56643176328508,45.0,42.11643835616438
823,2020-07-20 14:06:28,2020-07-20 14:41:58,40.8,73.2,127.885808127572,42.82710280373832,41.294392523364486
824,2020-07-20 14:42:19,2020-07-20 15:13:09,73.6,96.8,128.46565415469348,44.03763440860215,42.96774193548387
825,2020-07-20 23:23:28,2020-07-20 23:59:21,35.6,63.6,128.1058606845238,40.96296296296296,38.51481481481481
826,2020-07-21 00:00:01,2020-07-21 00:28:51,64.0,86.4,128.50211697668647,42.60829493087557,40.0
827,2020-07-21 04:31:47,2020-07-21 05:04:07,68.0,94.0,129.333346474359,39.94871794871795,37.07692307692308
828,2020-07-21 13:24:12,2020-07-21 13:48:39,34.4,46.8,128.7455112007169,38.69318181818182,37.0
829,2020-07-21 13:49:00,2020-07-21 14:20:00,46.8,63.2,125.87142860772353,39.58988764044944,37.70505617977528
830,2020-07-21 14:20:21,2020-07-21 14:52:01,63.6,80.0,128.55011788617887,40.0,37.52356020942408
831,2020-07-21 15:08:23,2020-07-21 15:27:03,88.4,97.6,132.24333001207742,40.0,37.0
832,2020-07-21 21:43:21,2020-07-21 22:08:41,58.0,80.8,129.81665972222225,40.90196078431372,39.0
833,2020-07-21 22:09:02,2020-07-21 22:33:42,80.8,97.2,126.35928421409213,41.0,39.0
834,2020-07-22 12:37:58,2020-07-22 13:01:18,47.2,68.0,131.22664843750002,38.290780141843975,36.851063829787236
835,2020-07-22 13:01:39,2020-07-22 13:34:59,68.4,94.8,128.03294170875424,39.65174129353234,38.51243781094527
836,2020-07-23 02:07:20,2020-07-23 02:38:10,70.8,94.8,128.28067164351853,36.994623655913976,35.564516129032256
837,2020-07-23 14:10:37,2020-07-23 14:41:37,25.2,53.6,127.11708460485134,41.524064171122994,39.45989304812834
838,2020-07-23 14:41:58,2020-07-23 15:12:58,54.0,82.4,127.15865351134583,44.4331550802139,42.524064171122994
839,2020-07-23 15:13:19,2020-07-23 15:29:49,82.8,92.8,128.29862416666666,45.0,43.0
840,2020-07-24 00:04:30,2020-07-24 00:20:14,36.4,45.6,128.5495451690821,39.0,36.45378151260504
841,2020-07-24 03:45:27,2020-07-24 05:20:03,45.6,97.6,129.78120087873933,37.04788732394366,34.85492957746479
842,2020-07-24 16:11:55,2020-07-24 16:41:35,6.8,33.6,129.10914749170811,42.98324022346369,40.340782122905026
843,2020-07-24 16:41:56,2020-07-24 17:13:06,34.0,62.4,127.95090228873242,44.973404255319146,42.8563829787234
844,2020-07-24 17:13:27,2020-07-24 17:43:57,62.8,88.0,128.84480169753084,46.22282608695652,44.0
845,2020-07-24 17:44:18,2020-07-24 18:02:58,88.4,97.6,130.4227330917876,46.0,44.0
846,2020-07-25 01:24:51,2020-07-25 01:55:51,34.0,62.4,127.02271596244134,44.77005347593583,41.25133689839572
847,2020-07-25 01:56:12,2020-07-25 02:24:52,62.8,87.2,128.11477794854278,46.67052023121387,43.0
848,2020-07-25 02:25:13,2020-07-25 02:43:43,87.2,97.6,128.07026575854712,46.973214285714285,42.3125
849,2020-07-25 08:51:40,2020-07-25 09:43:43,58.4,97.6,130.57030364229027,40.29923273657289,37.97442455242967
850,2020-07-25 20:12:11,2020-07-25 20:32:51,21.6,40.0,131.20548165760871,42.384,40.64
851,2020-07-25 20:33:12,2020-07-25 21:06:12,40.4,70.8,126.8174514802632,45.20100502512563,43.50251256281407
852,2020-07-25 21:06:33,2020-07-25 21:37:33,71.2,94.4,126.68525963840997,46.780748663101605,45.0
853,2020-07-26 02:03:40,2020-07-26 02:30:50,71.6,93.2,129.30878047839502,43.0,40.66463414634146
854,2020-07-26 13:20:30,2020-07-26 13:48:56,17.6,43.2,129.54123536241318,40.877906976744185,39.06976744186046
855,2020-07-26 13:49:17,2020-07-26 14:15:47,43.6,68.4,124.49317288306452,43.95625,42.21875
856,2020-07-26 19:56:15,2020-07-26 20:13:36,62.0,77.6,130.07987636217956,43.69465648854962,41.47328244274809
857,2020-07-26 21:44:35,2020-07-26 22:11:05,80.4,97.6,130.34804610788123,43.2,40.60625
858,2020-07-27 01:29:25,2020-07-27 02:21:19,69.2,97.6,131.3974980438185,41.0,38.0
859,2020-07-27 21:45:51,2020-07-27 22:14:11,12.8,38.4,129.81499104817712,39.39181286549707,38.23391812865497
860,2020-07-27 22:14:32,2020-07-27 22:42:02,38.8,64.4,125.96897092013887,42.19879518072289,41.09036144578313
861,2020-07-27 22:42:23,2020-07-27 23:04:03,64.8,84.8,127.09096020833333,44.0,42.61068702290076
862,2020-07-28 05:48:06,2020-07-28 06:15:16,38.4,63.2,127.64055482750891,39.28048780487805,36.707317073170735
863,2020-07-28 06:15:37,2020-07-28 06:44:27,63.6,88.8,128.80070249118165,41.0,38.4367816091954
864,2020-07-28 06:44:48,2020-07-28 07:02:38,88.8,97.6,125.81442771464653,41.0,38.879629629629626
865,2020-07-28 18:35:05,2020-07-28 19:01:45,34.8,48.4,130.31862826797385,40.94409937888199,39.36645962732919
866,2020-07-28 19:02:06,2020-07-28 19:32:36,48.8,64.8,127.08333333333333,41.96195652173913,40.65217391304348
867,2020-07-28 19:32:57,2020-07-28 20:02:07,64.8,80.0,127.9239766081871,42.0,41.0
868,2020-07-28 20:02:28,2020-07-28 20:26:58,80.4,92.8,131.72043010752697,42.0,41.0
869,2020-07-29 00:37:12,2020-07-29 00:57:29,65.6,81.2,129.7922119123931,42.0,39.071895424836605
870,2020-07-29 04:33:42,2020-07-29 04:57:42,46.8,68.0,130.7580176231656,40.55172413793103,37.36551724137931
871,2020-07-29 04:58:03,2020-07-29 05:24:43,68.4,90.4,129.4589806186869,41.80124223602485,38.850931677018636
872,2020-07-29 16:37:48,2020-07-29 17:04:38,12.0,36.4,128.64128705601098,44.117283950617285,42.03703703703704
873,2020-07-29 17:04:59,2020-07-29 17:34:59,36.4,64.4,125.27481046626983,47.04419889502763,45.27624309392265
874,2020-07-29 17:35:20,2020-07-29 18:09:50,64.4,92.0,126.29177732487926,48.96634615384615,47.0
875,2020-07-29 18:10:11,2020-07-29 18:27:41,92.0,97.6,126.61461086309542,48.820754716981135,47.0
876,2020-07-30 02:17:47,2020-07-30 02:47:17,58.4,84.8,129.93426520412459,41.561797752808985,38.337078651685395
877,2020-07-30 02:47:38,2020-07-30 03:04:38,84.8,96.0,125.39806845238091,42.0,39.0
878,2020-07-30 06:42:53,2020-07-30 07:13:03,67.6,87.6,130.47080819444443,39.0,36.0
879,2020-07-30 07:13:24,2020-07-30 07:32:34,88.0,97.6,133.8657679398149,39.0,36.0
880,2020-07-30 19:30:12,2020-07-30 20:02:52,24.4,43.6,130.14758897569442,40.33502538071066,38.70558375634518
881,2020-07-30 20:03:13,2020-07-30 20:28:33,43.6,58.8,124.27450539108192,41.928104575163395,40.37908496732026
882,2020-07-30 20:28:54,2020-07-30 20:56:54,59.2,74.8,128.73666809116813,43.0,41.0
883,2020-07-30 20:57:15,2020-07-30 21:27:25,75.2,91.2,130.14758854166664,43.0,41.0
884,2020-07-31 16:13:53,2020-07-31 17:38:29,13.2,80.0,126.2913601983533,37.23779527559055,36.2
885,2020-08-01 01:56:59,2020-08-01 02:31:09,15.2,37.2,129.4191919191919,37.31553398058252,34.4126213592233
886,2020-08-01 02:31:30,2020-08-01 03:02:40,37.6,58.4,124.866452991453,39.191489361702125,36.319148936170215
887,2020-08-01 03:03:01,2020-08-01 03:37:51,58.4,81.6,125.11973180076632,40.0,37.0
888,2020-08-01 03:38:12,2020-08-01 04:06:12,82.0,97.2,125.38926882309941,40.0,37.0
889,2020-08-01 06:42:59,2020-08-01 07:11:49,74.4,90.8,131.288164041328,37.95402298850575,34.0
890,2020-08-01 19:57:04,2020-08-01 20:19:54,62.0,75.2,129.8358874158249,32.0,30.97826086956522
891,2020-08-01 20:20:15,2020-08-01 20:49:55,75.2,92.4,129.93542926356588,32.849162011173185,31.0
892,2020-08-02 02:40:06,2020-08-02 03:56:01,54.4,97.6,129.5814394354424,33.424561403508775,31.352631578947367
893,2020-08-02 16:22:39,2020-08-02 17:30:18,33.6,92.4,128.11760865693498,35.511811023622045,33.675196850393704
894,2020-08-03 00:16:33,2020-08-03 00:45:23,46.0,55.6,129.6498342013888,35.0,33.0
895,2020-08-03 00:45:44,2020-08-03 01:22:44,55.6,68.0,128.80371370967737,35.99103139013453,33.84304932735426
896,2020-08-03 01:23:05,2020-08-03 01:53:25,68.4,78.4,130.93883833333328,35.20765027322405,33.79234972677595
897,2020-08-03 01:53:46,2020-08-03 02:23:36,78.4,88.4,128.78050583333328,35.0,33.53333333333333
898,2020-08-03 08:43:16,2020-08-03 10:01:03,32.4,97.6,128.09667606296867,35.68664383561644,33.726027397260275
899,2020-08-03 12:46:21,2020-08-03 13:07:51,73.2,91.2,127.44754861111109,38.0,36.0
900,2020-08-03 21:48:48,2020-08-03 22:18:18,42.8,69.6,128.67383659825873,35.06741573033708,32.92696629213483
901,2020-08-03 22:18:39,2020-08-03 22:47:49,70.0,93.2,129.02900041906133,36.50568181818182,34.02272727272727
902,2020-08-05 00:35:47,2020-08-05 04:16:36,12.8,95.6,125.49103591150028,33.23309178743961,31.902173913043477
903,2020-08-05 15:24:19,2020-08-05 15:55:19,17.6,35.6,130.00468472222224,30.481283422459892,29.352941176470587
904,2020-08-05 15:55:40,2020-08-05 16:22:40,35.6,52.0,124.24208849932252,32.45398773006135,31.1840490797546
905,2020-08-05 16:23:01,2020-08-05 16:56:21,52.4,72.8,123.19856712962964,33.90547263681592,32.43283582089552
906,2020-08-05 16:56:42,2020-08-05 17:29:22,73.2,92.4,128.44334259259261,34.50761421319797,33.0
907,2020-08-06 00:29:38,2020-08-06 00:57:28,34.8,60.8,126.22438504273505,33.74404761904762,31.25
908,2020-08-06 00:57:49,2020-08-06 01:31:29,60.8,90.4,126.81918778153151,35.93103448275862,33.19211822660098
909,2020-08-06 19:21:14,2020-08-06 19:47:44,20.0,44.0,128.85243663194444,38.38125,36.70625
910,2020-08-06 19:48:05,2020-08-06 20:18:05,44.0,72.4,123.2570476330203,41.31491712707182,39.74033149171271
911,2020-08-06 20:18:26,2020-08-06 20:46:36,72.8,94.4,128.24268293467074,42.21176470588235,41.0
912,2020-08-07 02:56:07,2020-08-07 03:17:27,53.6,72.8,129.47844639756946,38.86046511627907,35.968992248062015
913,2020-08-07 04:17:33,2020-08-07 04:44:53,72.8,95.2,121.74033476562498,37.98802395209581,35.81437125748503
914,2020-08-07 16:02:50,2020-08-07 16:33:20,28.4,56.0,127.83311855877616,39.07065217391305,37.47826086956522
915,2020-08-07 16:33:41,2020-08-07 17:01:28,56.4,81.6,127.52236152998239,41.70238095238095,40.20238095238095
916,2020-08-08 00:33:35,2020-08-08 01:07:15,40.4,57.6,129.90072488695088,39.32512315270936,36.40394088669951
917,2020-08-08 01:07:36,2020-08-08 01:37:56,58.0,73.6,129.08301157407416,40.0,37.0
918,2020-08-08 01:38:17,2020-08-08 02:06:27,74.0,88.4,129.82835937499996,40.0,37.0
919,2020-08-08 02:06:48,2020-08-08 02:25:38,88.4,97.6,130.79109903381658,40.0,37.0
920,2020-08-08 20:53:03,2020-08-08 21:15:33,53.6,74.8,131.07116063941302,39.338235294117645,38.24264705882353
921,2020-08-08 21:15:54,2020-08-08 21:46:34,75.2,97.2,128.28789848484848,40.42702702702703,39.0
922,2020-08-09 20:50:35,2020-08-09 21:18:25,34.0,59.6,126.89996213107639,40.226190476190474,39.101190476190474
923,2020-08-09 21:18:46,2020-08-09 21:48:46,59.6,87.2,126.34663023349437,42.53591160220994,41.32044198895028
924,2020-08-09 21:49:07,2020-08-09 22:09:47,87.2,97.6,126.94576415598296,43.0,41.896
925,2020-08-10 17:50:08,2020-08-10 18:15:28,17.6,40.4,130.9624978070176,42.411764705882355,40.470588235294116
926,2020-08-10 18:15:49,2020-08-10 18:45:09,40.8,68.4,125.23451861916264,45.220338983050844,43.30508474576271
927,2020-08-10 18:45:30,2020-08-10 19:14:20,68.8,91.2,128.28685887896822,46.81609195402299,44.810344827586206
928,2020-08-11 20:31:18,2020-08-11 20:53:08,21.6,34.4,131.42254101562503,37.22727272727273,35.446969696969695
929,2020-08-11 20:53:29,2020-08-11 21:21:19,34.8,51.6,125.63493551587301,38.55357142857143,36.910714285714285
930,2020-08-11 21:21:40,2020-08-11 21:50:10,51.6,68.8,120.94398312338505,39.9593023255814,38.0
931,2020-08-11 21:50:31,2020-08-11 22:22:51,68.8,86.8,125.85958796296298,40.0,38.0
932,2020-08-11 22:23:12,2020-08-11 22:45:22,87.2,97.6,131.31412192841893,40.0,38.0
933,2020-08-12 04:03:03,2020-08-12 04:34:33,47.2,75.6,130.0762915688576,38.23684210526316,34.43684210526316
934,2020-08-12 04:34:54,2020-08-12 04:58:34,75.6,94.0,126.50739960748787,39.0,35.86713286713287
935,2020-08-12 15:24:12,2020-08-12 15:52:32,59.2,86.4,127.82425403390522,37.62573099415204,36.099415204678365
936,2020-08-13 00:45:20,2020-08-13 01:14:00,38.0,64.4,126.77925968013466,36.05780346820809,33.79190751445087
937,2020-08-13 01:14:21,2020-08-13 01:36:21,64.8,84.8,128.4257032638889,37.909774436090224,35.70676691729323
938,2020-08-13 15:09:57,2020-08-13 15:39:57,40.0,71.2,128.1721845619658,33.84530386740332,32.331491712707184
939,2020-08-13 15:40:18,2020-08-13 15:58:47,71.6,88.8,127.78035773578809,35.92035398230089,34.04424778761062
940,2020-08-14 00:08:25,2020-08-14 00:37:25,41.6,68.0,129.14931328914145,37.02285714285714,34.87428571428571
941,2020-08-14 00:37:46,2020-08-14 01:05:36,68.4,91.6,128.4039949712644,38.67261904761905,36.660714285714285
942,2020-08-15 10:56:08,2020-08-15 11:14:38,49.2,66.0,128.99473726851855,31.633928571428573,31.107142857142858
943,2020-08-15 11:14:59,2020-08-15 11:42:29,66.0,89.2,128.77814727011494,33.18072289156626,32.53012048192771
944,2020-08-15 11:42:50,2020-08-15 12:02:20,89.6,97.6,123.3368425347222,34.0,33.0
945,2020-08-16 07:31:36,2020-08-16 08:20:58,62.0,97.6,130.5511228269351,32.460916442048514,31.46900269541779
946,2020-08-16 20:44:47,2020-08-16 21:17:37,22.8,52.8,127.75047180555559,38.14646464646464,36.60606060606061
947,2020-08-16 21:17:58,2020-08-16 21:52:48,53.2,85.6,125.3982394118656,41.22380952380952,39.47142857142857
948,2020-08-16 21:53:09,2020-08-16 22:16:19,85.6,97.6,123.92942534722222,42.0,40.0
949,2020-08-17 12:38:09,2020-08-17 13:09:19,70.4,94.8,128.82571846539167,38.0531914893617,36.930851063829785
950,2020-08-17 23:09:20,2020-08-17 23:40:00,46.8,75.2,126.0954733959311,37.443243243243245,35.84324324324324
951,2020-08-17 23:40:21,2020-08-18 00:10:41,75.2,96.8,126.19279726080251,38.85792349726776,37.0
952,2020-08-18 05:03:46,2020-08-18 05:34:56,26.4,44.4,130.1497202160494,38.37765957446808,35.26063829787234
953,2020-08-18 05:35:17,2020-08-18 05:58:27,44.4,58.4,124.3829640873016,39.72857142857143,36.58571428571429
954,2020-08-18 05:58:48,2020-08-18 06:25:38,58.4,74.4,126.06079184027772,40.80864197530864,37.0
955,2020-08-18 06:25:59,2020-08-18 06:53:19,74.4,90.4,128.40975069444448,41.0,37.121212121212125
956,2020-08-19 08:36:04,2020-08-19 09:05:54,17.6,35.2,127.13068181818181,29.72222222222222,28.377777777777776
957,2020-08-19 09:06:15,2020-08-19 09:36:15,35.2,53.2,125.0,31.87845303867403,30.39779005524862
958,2020-08-19 09:36:36,2020-08-19 10:05:46,53.6,71.2,124.2897727272727,33.5,32.0
959,2020-08-19 10:06:07,2020-08-19 10:36:27,71.6,89.2,129.26294207702014,34.0,32.84153005464481
960,2020-08-19 10:36:48,2020-08-19 10:55:58,89.6,97.6,128.88890538194445,34.474137931034484,33.0
961,2020-08-19 14:50:48,2020-08-19 15:15:28,49.6,71.6,131.03536736111118,36.14093959731544,33.395973154362416
962,2020-08-19 15:15:49,2020-08-19 15:39:29,72.0,91.2,128.48814655671296,37.0,34.13286713286713
963,2020-08-19 15:47:10,2020-08-19 16:04:40,90.4,97.6,119.14738348765451,37.0,34.0
964,2020-08-20 03:55:30,2020-08-20 04:30:20,13.2,27.6,128.18284818672836,32.0,30.0
965,2020-08-20 04:30:41,2020-08-20 04:59:41,28.0,40.0,128.57405185185183,32.565714285714286,30.782857142857143
966,2020-08-20 05:00:02,2020-08-20 05:36:02,40.0,55.6,127.60682033475781,33.815668202764975,32.16589861751152
967,2020-08-20 05:36:23,2020-08-20 06:13:03,55.6,71.6,120.30206111111117,35.0,33.0
968,2020-08-20 06:13:24,2020-08-20 06:44:24,71.6,84.8,128.65738741582487,35.0,33.0
969,2020-08-20 06:44:45,2020-08-20 07:04:02,84.8,92.8,125.60657315972223,35.0,33.0
970,2020-08-21 04:07:27,2020-08-21 04:35:57,15.2,41.2,128.61911896367522,33.848837209302324,32.61046511627907
971,2020-08-21 04:36:18,2020-08-21 05:07:08,41.2,70.0,125.7720848283179,37.215053763440864,35.833333333333336
972,2020-08-21 05:07:29,2020-08-21 05:37:29,70.4,94.4,127.05499108796296,38.994475138121544,37.10497237569061
973,2020-08-21 10:10:52,2020-08-21 10:37:02,70.0,91.6,129.110731867284,38.664556962025316,36.639240506329116
974,2020-08-21 20:37:56,2020-08-21 22:08:24,20.8,97.2,127.81296351257998,40.91163475699558,38.326951399116346
975,2020-08-23 20:55:52,2020-08-23 21:15:32,18.8,36.4,130.01186892361113,38.34453781512605,36.890756302521005
976,2020-08-23 21:15:53,2020-08-23 21:47:33,36.8,66.0,126.15966238584475,41.06282722513089,39.66492146596859
977,2020-08-23 21:47:54,2020-08-23 22:18:24,66.4,92.0,126.00209575737851,42.90217391304348,41.04891304347826
978,2020-08-24 13:32:54,2020-08-24 13:49:44,14.4,29.6,127.2240385599415,39.22549019607843,37.6764705882353
979,2020-08-24 13:50:05,2020-08-24 14:20:35,29.6,57.2,126.93235366344607,41.891304347826086,40.22282608695652
980,2020-08-24 14:20:56,2020-08-24 14:49:26,57.6,83.2,127.72079758029513,44.66860465116279,43.20348837209303
981,2020-08-25 00:31:53,2020-08-25 00:59:40,22.4,47.6,128.82629686948852,40.220238095238095,37.773809523809526
982,2020-08-25 01:00:01,2020-08-25 01:32:41,48.0,78.4,125.57430482456142,43.3248730964467,40.82233502538071
983,2020-08-25 22:53:17,2020-08-26 00:58:34,11.2,85.2,126.91852481981982,39.79042553191489,38.056382978723406
984,2020-08-26 02:58:15,2020-08-26 03:30:25,73.6,92.4,128.1690310874704,40.0,37.0
985,2020-08-26 15:14:29,2020-08-26 15:41:29,12.8,37.2,129.1103232581967,41.65644171779141,40.26993865030675
986,2020-08-26 15:41:50,2020-08-26 16:11:00,37.6,64.8,125.10264149305561,44.11931818181818,42.39772727272727
987,2020-08-26 16:11:21,2020-08-26 16:42:11,64.8,90.0,124.30832148368604,45.81720430107527,43.274193548387096
988,2020-08-26 16:42:32,2020-08-26 16:59:52,90.0,97.6,125.14805464181298,46.0,43.0
989,2020-08-27 00:32:54,2020-08-27 00:55:34,50.0,70.0,131.97848118055558,35.75912408759124,32.481751824817515
990,2020-08-27 00:55:55,2020-08-27 01:25:55,70.4,94.0,127.85135475517895,36.950276243093924,33.77900552486188
991,2020-08-27 13:08:06,2020-08-27 13:28:46,5.6,24.4,128.345899748818,37.96,35.36
992,2020-08-27 13:29:07,2020-08-27 14:15:25,24.8,66.8,128.6862170734127,40.03214285714286,38.0
993,2020-08-27 14:15:46,2020-08-27 14:44:36,67.2,91.2,127.65105526620371,42.60919540229885,40.201149425287355
994,2020-08-28 01:26:14,2020-08-28 01:54:44,51.6,77.2,129.77485129123264,39.23837209302326,36.81395348837209
995,2020-08-28 01:55:05,2020-08-28 02:21:45,77.6,96.8,127.4066950954861,40.0,38.0
996,2020-08-28 14:29:26,2020-08-28 14:57:16,36.8,62.8,124.99306404914527,41.99404761904762,40.404761904761905
997,2020-08-28 14:57:37,2020-08-28 15:27:17,63.2,89.2,126.81410977564103,43.63128491620112,42.0
998,2020-08-28 15:27:38,2020-08-28 15:45:16,89.2,97.6,123.0588865740742,43.71028037383178,42.0
999,2020-08-29 01:28:56,2020-08-29 01:54:06,52.0,74.8,129.08931853070177,39.151315789473685,36.69078947368421
1000,2020-08-29 01:54:27,2020-08-29 02:22:07,75.2,96.0,127.59617240918809,40.0,37.449101796407184
1001,2020-08-29 15:39:11,2020-08-29 16:26:17,42.0,56.0,125.25857811507935,38.0,36.75
1002,2020-08-29 16:26:38,2020-08-29 16:53:28,56.0,64.0,124.6841333333333,38.0,36.592592592592595
1003,2020-08-29 16:53:49,2020-08-29 17:19:29,64.0,71.2,132.4924027777777,38.0,36.0
1004,2020-08-29 17:19:50,2020-08-29 17:48:20,71.6,79.6,132.40636874999998,38.0,36.0
1005,2020-08-29 17:48:41,2020-08-29 18:19:21,80.0,88.8,129.54871875000003,37.28648648648649,35.178378378378376
1006,2020-08-29 18:19:42,2020-08-29 18:49:52,88.8,97.6,127.49693118686866,37.0,35.0
1007,2020-08-30 11:25:29,2020-08-30 13:01:09,19.2,97.6,127.11588715454934,39.17827298050139,37.48050139275766
1008,2020-08-31 12:00:49,2020-08-31 13:06:44,22.8,75.2,125.70163196299828,36.96767676767677,35.54343434343434
1009,2020-08-31 19:41:18,2020-08-31 20:06:48,59.2,82.0,130.46175164473686,38.81818181818182,37.84415584415584
1010,2020-08-31 20:07:09,2020-08-31 20:33:18,82.4,97.6,128.03995640533637,39.424050632911396,38.0
1011,2020-09-01 12:45:02,2020-09-01 13:49:13,50.0,97.6,128.48209619514478,39.00207468879668,37.32780082987552
1012,2020-09-01 22:10:14,2020-09-01 22:44:34,54.0,84.8,129.4913608405484,38.70531400966183,36.08695652173913
1013,2020-09-01 22:44:55,2020-09-01 23:09:35,85.2,97.6,124.95185696684597,39.33557046979866,37.0
1014,2020-09-02 19:45:24,2020-09-02 20:01:54,12.0,26.8,131.69106409534533,36.97,35.04
1015,2020-09-02 20:02:15,2020-09-02 20:30:45,27.2,53.6,127.71885248316495,39.27325581395349,37.30232558139535
1016,2020-09-02 20:31:06,2020-09-02 21:01:46,54.0,83.2,124.44112790144595,42.2,40.064864864864866
1017,2020-09-02 21:02:07,2020-09-02 21:26:17,83.6,97.2,125.35133496732018,43.0,41.0
1018,2020-09-03 04:06:53,2020-09-03 04:26:43,30.4,48.4,128.68133695987657,39.05,36.458333333333336
1019,2020-09-03 04:27:04,2020-09-03 04:56:34,48.8,76.0,126.5752733353758,41.38202247191011,38.69101123595506
1020,2020-09-03 04:56:55,2020-09-03 05:26:45,76.4,97.6,127.85378780136276,42.0,39.05
1021,2020-09-03 16:22:15,2020-09-03 16:52:45,22.8,50.8,127.62253844246034,41.72826086956522,39.77717391304348
1022,2020-09-03 16:53:06,2020-09-03 17:24:46,51.2,80.8,125.26606362612615,44.4869109947644,42.76439790575916
1023,2020-09-03 17:25:07,2020-09-03 17:54:17,80.8,97.6,125.70685077711643,44.98863636363637,43.0
1024,2020-09-04 03:34:27,2020-09-04 05:01:03,35.2,97.6,128.69832490206554,41.07846153846154,38.33846153846154
1025,2020-09-04 12:05:04,2020-09-04 12:59:54,38.4,81.2,128.14752770638628,39.24757281553398,36.55339805825243
1026,2020-09-04 17:35:12,2020-09-04 18:05:13,54.0,80.4,132.3496535248316,39.65929203539823,37.82743362831859
1027,2020-09-04 18:08:09,2020-09-04 18:24:26,80.0,92.0,126.58924546296298,40.0,38.235772357723576
1028,2020-09-05 02:43:41,2020-09-05 03:06:41,19.2,31.2,126.75344127546298,35.17985611510792,33.0
1029,2020-09-05 03:07:02,2020-09-05 03:35:52,31.2,46.8,125.99177831196585,36.45402298850575,33.96551724137931
1030,2020-09-05 03:36:13,2020-09-05 04:07:23,46.8,64.4,120.6928423295454,37.829787234042556,35.515957446808514
1031,2020-09-05 04:07:44,2020-09-05 04:36:24,64.4,80.0,125.23413060897441,38.0,36.0
1032,2020-09-05 16:28:24,2020-09-05 16:55:34,18.8,43.2,129.64424334016394,35.0,33.23780487804878
1033,2020-09-05 16:55:55,2020-09-05 17:27:25,43.6,72.8,125.53988066019792,38.3,36.642105263157895
1034,2020-09-05 17:27:46,2020-09-05 17:59:16,73.2,96.4,126.39369157088123,39.77368421052632,38.0
1035,2020-09-06 04:53:50,2020-09-06 05:14:00,14.8,33.2,127.82608272946858,34.36065573770492,32.368852459016395
1036,2020-09-06 05:14:21,2020-09-06 05:46:41,33.2,63.6,124.02320275950294,37.225641025641025,35.16410256410256
1037,2020-09-06 05:47:02,2020-09-06 06:16:42,64.0,89.6,126.1062231445313,39.17877094972067,37.0
1038,2020-09-06 06:17:03,2020-09-06 06:34:43,90.0,97.6,125.46056505847965,39.373831775700936,37.0
1039,2020-09-06 16:14:21,2020-09-06 16:46:51,28.0,58.0,126.47037842592594,40.83163265306123,39.392857142857146
1040,2020-09-06 16:47:12,2020-09-06 17:15:12,58.0,84.0,125.68429919871795,43.27810650887574,41.76923076923077
1041,2020-09-06 17:15:33,2020-09-06 17:37:54,84.0,97.6,128.20376481821904,44.0,42.0
1042,2020-09-07 02:11:30,2020-09-07 02:36:30,34.4,58.0,125.726832450565,39.7682119205298,36.96026490066225
1043,2020-09-07 02:36:51,2020-09-07 03:09:31,58.0,88.0,127.8500213425926,42.18274111675127,39.441624365482234
1044,2020-09-07 03:09:52,2020-09-07 03:27:12,88.4,97.6,131.41457744565236,42.98095238095238,40.0
1045,2020-09-07 16:44:58,2020-09-07 17:08:28,3.2,24.4,129.33700340670862,37.76056338028169,36.0
1046,2020-09-07 17:08:49,2020-09-07 17:37:59,24.8,51.2,128.86047653619525,39.10795454545455,37.10795454545455
1047,2020-09-07 17:38:20,2020-09-07 18:08:50,51.6,80.0,125.26310377543038,41.766304347826086,39.34239130434783
1048,2020-09-08 02:15:34,2020-09-08 02:39:14,30.8,44.4,129.9949337214053,35.28671328671329,32.51748251748252
1049,2020-09-08 02:39:35,2020-09-08 03:07:15,44.8,61.2,125.96211585365853,36.65269461077844,33.9940119760479
1050,2020-09-08 03:07:36,2020-09-08 03:38:56,61.2,79.6,127.1513244263286,37.48148148148148,35.0
1051,2020-09-08 03:39:17,2020-09-08 04:07:57,80.0,96.4,130.59454657859075,38.0,35.0
1052,2020-09-08 15:31:54,2020-09-08 15:57:54,14.8,30.0,128.7619071637427,31.67515923566879,30.127388535031848
1053,2020-09-08 15:58:15,2020-09-08 16:24:25,30.0,45.6,126.1271647079772,33.06962025316456,31.651898734177216
1054,2020-09-08 16:24:46,2020-09-08 16:55:26,45.6,64.8,120.16785069444451,35.05945945945946,33.57297297297297
1055,2020-09-08 16:55:47,2020-09-08 17:26:37,65.2,83.6,126.20020908816434,36.0,34.0
1056,2020-09-08 23:58:16,2020-09-09 00:27:56,52.8,79.6,129.44187043946934,34.81005586592179,32.93296089385475
1057,2020-09-09 00:28:17,2020-09-09 00:57:47,80.0,97.6,129.05068639520206,36.0,34.0
1058,2020-09-09 21:27:14,2020-09-09 21:52:24,59.6,82.4,129.08810319200776,33.73026315789474,32.19736842105263
1059,2020-09-09 21:52:45,2020-09-09 22:19:35,82.8,97.6,127.49718074324325,34.93827160493827,33.0
1060,2020-09-10 14:40:16,2020-09-10 15:07:36,22.4,40.0,128.97256833964647,37.32727272727273,35.84848484848485
1061,2020-09-10 15:07:57,2020-09-10 15:40:57,40.0,62.4,122.31402604166671,39.10552763819096,38.120603015075375
1062,2020-09-10 15:41:18,2020-09-10 16:12:18,62.4,83.2,123.833477096688,40.0,39.0
1063,2020-09-10 16:12:39,2020-09-10 16:39:29,83.2,97.6,128.00347164351857,40.75308641975309,39.0
1064,2020-09-11 03:26:35,2020-09-11 03:50:55,23.6,45.6,128.62943693181822,35.394557823129254,32.89115646258504
1065,2020-09-11 03:51:16,2020-09-11 04:21:46,46.0,74.4,124.84352557707355,38.244565217391305,35.57065217391305
1066,2020-09-11 04:22:10,2020-09-11 04:42:50,74.4,91.2,125.47703042328047,39.0,36.992
1067,2020-09-11 13:22:13,2020-09-11 13:49:13,32.0,48.0,126.84377812500003,38.92638036809816,37.63803680981595
1068,2020-09-11 13:49:34,2020-09-11 14:16:54,48.4,64.4,128.4097506944444,40.0,38.93333333333333
1069,2020-09-11 14:17:15,2020-09-11 14:48:25,64.8,83.2,127.32037847222219,40.09574468085106,39.0
1070,2020-09-11 14:48:46,2020-09-11 15:15:06,83.2,97.6,129.36056047453712,40.905660377358494,39.0
1071,2020-09-12 01:40:40,2020-09-12 02:15:20,35.6,56.0,127.74444553376911,36.143540669856456,33.899521531100476
1072,2020-09-12 02:15:41,2020-09-12 02:46:41,56.4,74.8,126.78671286231886,37.850267379679146,35.55614973262032
1073,2020-09-12 02:47:02,2020-09-12 03:16:32,74.8,92.0,129.08675339147288,38.0,36.0
1074,2020-09-12 09:22:38,2020-09-12 09:53:28,40.4,59.2,124.91876255910167,35.81720430107527,32.79032258064516
1075,2020-09-12 09:53:49,2020-09-12 10:22:49,59.2,76.8,125.50192140151522,37.0,34.0
1076,2020-09-12 10:23:10,2020-09-12 10:55:40,76.8,96.0,128.92797960069447,37.19897959183673,34.505102040816325
1077,2020-09-12 18:21:44,2020-09-12 18:52:14,33.6,51.2,130.36382307449495,38.58152173913044,36.42391304347826
1078,2020-09-12 18:52:35,2020-09-12 19:25:35,51.6,71.2,126.6284294217687,39.969849246231156,37.0
1079,2020-09-12 19:25:56,2020-09-12 19:53:46,71.2,87.6,127.7041272018971,40.0,37.0
1080,2020-09-13 03:05:41,2020-09-13 03:36:11,26.0,43.6,129.39478606376267,33.608695652173914,30.766304347826086
1081,2020-09-13 03:36:32,2020-09-13 04:06:22,43.6,61.6,123.75314166666669,35.166666666666664,32.46111111111111
1082,2020-09-13 04:06:43,2020-09-13 04:32:53,61.6,77.2,125.24222115384616,36.0,33.0
1083,2020-09-13 04:33:14,2020-09-13 04:59:14,77.2,92.4,127.7193552631579,36.0,33.0
1084,2020-09-13 17:02:20,2020-09-13 17:29:20,24.4,40.0,130.2217168803419,34.68098159509202,33.4601226993865
1085,2020-09-13 17:29:41,2020-09-13 18:00:51,40.0,58.8,124.61734441489365,36.691489361702125,35.36702127659574
1086,2020-09-13 18:01:12,2020-09-13 18:29:12,59.2,76.0,125.49688624338629,38.0,36.44970414201183
1087,2020-09-13 18:29:33,2020-09-13 18:57:33,76.0,92.4,128.51882926829265,38.02958579881657,37.0
1088,2020-09-14 01:48:49,2020-09-14 02:18:09,45.6,60.8,128.34609484649124,36.24858757062147,33.69491525423729
1089,2020-09-14 02:18:30,2020-09-14 02:48:30,61.2,76.8,127.92999385683763,37.0,34.0
1090,2020-09-14 02:48:51,2020-09-14 03:17:31,77.2,92.0,128.8616474286787,37.0,34.0
1091,2020-09-14 13:40:03,2020-09-14 14:43:34,24.0,82.4,126.831814174277,36.725366876310275,35.56184486373166
1092,2020-09-14 18:39:51,2020-09-14 19:11:11,52.0,72.4,127.47690236928105,39.34391534391534,36.925925925925924
1093,2020-09-14 19:11:32,2020-09-14 19:39:42,72.4,90.4,129.19217762345681,40.0,37.0
1094,2020-09-15 10:14:42,2020-09-15 10:45:02,20.8,49.2,125.76733000782474,34.36612021857923,33.2896174863388
1095,2020-09-15 10:45:23,2020-09-15 11:17:43,49.6,80.4,123.62375487012986,37.717948717948715,36.37948717948718
1096,2020-09-15 11:18:04,2020-09-15 11:46:44,80.8,97.6,124.4825119874339,39.0,37.0
1097,2020-09-15 19:31:19,2020-09-15 19:49:19,34.8,51.6,126.19793386243387,34.862385321100916,31.81651376146789
1098,2020-09-15 19:49:40,2020-09-15 20:15:40,52.0,76.4,125.63583999316938,37.0828025477707,34.18471337579618
1099,2020-09-15 20:16:01,2020-09-15 20:46:21,76.8,97.2,127.05272766884532,38.0,35.22950819672131
1100,2020-09-16 05:05:10,2020-09-16 05:38:40,44.8,76.4,124.83783412447255,35.43564356435643,32.757425742574256
1101,2020-09-16 15:25:05,2020-09-16 16:55:41,6.8,79.2,125.34992226250768,38.35735294117647,37.122058823529414
1102,2020-09-16 20:21:14,2020-09-16 20:43:08,66.8,86.8,127.87869272916666,39.34586466165413,37.16541353383459
1103,2020-09-16 20:43:29,2020-09-16 21:01:59,87.2,97.6,131.20863060897443,40.0,37.625
1104,2020-09-17 04:26:56,2020-09-17 04:56:16,52.8,79.6,128.28205187603652,36.41242937853107,33.91525423728814
1105,2020-09-17 04:56:37,2020-09-17 05:24:27,80.0,97.6,126.42044594381316,37.0,35.0
1106,2020-09-17 14:46:10,2020-09-17 15:51:01,35.6,92.8,125.39447834595963,38.03285420944559,36.841889117043124
1107,2020-09-18 01:41:50,2020-09-18 02:36:49,38.0,88.0,126.23847695,35.41162227602906,33.45762711864407
1108,2020-09-18 13:39:26,2020-09-18 14:08:26,30.8,58.0,124.51083726511436,36.988571428571426,35.64
1109,2020-09-18 14:08:47,2020-09-18 14:39:47,58.4,87.2,125.56183405671295,39.54545454545455,38.219251336898395
1110,2020-09-18 21:05:22,2020-09-18 21:34:52,53.2,80.4,127.67618188316992,35.63483146067416,32.68539325842696
1111,2020-09-18 21:35:13,2020-09-18 22:03:33,80.8,97.6,127.42974330357146,36.567251461988306,33.96491228070175
1112,2020-09-19 04:28:54,2020-09-19 05:38:06,39.6,91.2,125.38416491978896,34.43269230769231,31.8
1113,2020-09-19 21:17:17,2020-09-19 23:06:33,15.6,97.6,125.21564145494581,34.74390243902439,33.36829268292683
1114,2020-09-20 09:31:31,2020-09-20 10:01:21,16.8,44.0,127.49747360089872,34.28333333333333,32.85
1115,2020-09-20 10:01:42,2020-09-20 10:28:42,44.4,70.4,120.74468643162393,37.40490797546012,35.68711656441718
1116,2020-09-20 10:29:03,2020-09-20 10:57:53,70.8,93.6,125.60552357456143,38.71264367816092,37.0
1117,2020-09-20 19:23:57,2020-09-20 19:50:57,44.8,70.0,125.07000225970015,38.41104294478528,36.668711656441715
1118,2020-09-20 19:51:18,2020-09-20 20:16:58,70.0,91.6,125.05659387860086,39.225806451612904,37.935483870967744
1119,2020-09-21 15:50:20,2020-09-21 16:23:20,17.2,48.0,124.84982643398266,36.301507537688444,34.93467336683417
1120,2020-09-21 16:23:41,2020-09-21 16:53:41,48.0,76.8,121.32763700810187,39.51933701657459,38.110497237569064
1121,2020-09-21 16:54:02,2020-09-21 17:20:12,77.2,96.4,125.22570645254625,40.79113924050633,39.0
1122,2020-09-22 12:23:11,2020-09-22 12:39:51,36.4,44.8,126.48480800595243,35.0,33.04950495049505
1123,2020-09-22 12:40:12,2020-09-22 13:12:52,44.8,62.4,123.14872711489899,35.756345177664976,34.253807106598984
1124,2020-09-22 13:13:13,2020-09-22 13:39:33,62.4,76.4,124.79172281746027,36.257861635220124,35.0
1125,2020-09-22 13:39:54,2020-09-22 14:08:34,76.8,91.6,128.50418674924927,37.0,35.0
1126,2020-09-23 02:21:56,2020-09-23 02:43:16,18.0,37.6,126.94302310090704,33.63565891472868,31.51937984496124
1127,2020-09-23 02:43:37,2020-09-23 03:17:07,37.6,69.2,123.60231276371307,36.777227722772274,34.45049504950495
1128,2020-09-23 03:17:28,2020-09-23 03:45:48,69.6,92.8,126.01173880507662,38.707602339181285,36.0
1129,2020-09-23 15:57:42,2020-09-23 17:28:53,20.4,90.4,124.51547037698411,36.81313868613139,35.34452554744526
1130,2020-09-24 02:11:06,2020-09-24 03:50:54,25.2,97.6,124.56924884898714,34.373831775700936,31.954606141522028
1131,2020-09-24 11:15:06,2020-09-24 11:33:06,46.4,58.0,127.42569036159001,35.0,33.07272727272727
1132,2020-09-24 11:33:21,2020-09-24 11:49:51,58.0,68.8,125.399986239712,35.0,34.0
1133,2020-09-24 11:50:12,2020-09-24 12:20:12,69.2,88.4,128.23788454861108,35.3756906077348,34.0
1134,2020-09-24 12:20:33,2020-09-24 12:39:33,88.8,97.6,129.92580192550508,35.80869565217391,33.982608695652175
1135,2020-09-25 07:14:47,2020-09-25 07:45:57,54.0,82.4,128.12011834898274,30.98404255319149,29.95212765957447
1136,2020-09-25 07:46:18,2020-09-25 08:12:28,82.8,97.6,122.35832066441444,32.0,31.0
1137,2020-09-25 19:11:04,2020-09-25 19:37:54,61.2,86.4,126.62478824955907,37.882716049382715,35.91975308641975
1138,2020-09-25 19:38:15,2020-09-25 19:59:15,86.8,97.6,128.6497321244857,38.023622047244096,36.031496062992126
1139,2020-09-26 03:19:33,2020-09-26 03:47:43,37.2,54.4,122.81976744186049,36.49411764705882,33.752941176470586
1140,2020-09-26 03:48:04,2020-09-26 04:18:54,54.8,73.2,125.67934782608691,37.92513368983957,35.0
1141,2020-09-26 07:47:59,2020-09-26 08:04:59,70.0,85.6,127.44570904558412,34.85436893203884,32.33009708737864
1142,2020-09-26 18:47:30,2020-09-26 19:04:40,15.2,30.8,128.0858406339031,32.53846153846154,30.557692307692307
1143,2020-09-26 19:05:01,2020-09-26 19:36:51,31.2,60.8,125.11123465653155,35.145833333333336,33.197916666666664
1144,2020-09-26 19:37:12,2020-09-26 20:04:52,61.2,86.8,125.5946454535591,37.58682634730539,35.59281437125748
1145,2020-09-26 20:05:13,2020-09-26 20:25:33,87.2,97.6,128.360060897436,38.0,36.0
1146,2020-09-27 18:36:38,2020-09-27 18:57:48,13.6,26.0,127.07442674731189,30.0,28.9296875
1147,2020-09-27 18:58:09,2020-09-27 19:29:19,26.4,44.8,126.47348641304352,31.30851063829787,29.930851063829788
1148,2020-09-27 19:29:40,2020-09-27 19:57:00,44.8,62.0,118.64346253229974,33.406060606060606,31.75151515151515
1149,2020-09-27 19:57:21,2020-09-27 20:25:11,62.0,78.8,123.68556927910058,34.0,32.98809523809524
1150,2020-09-27 20:25:32,2020-09-27 20:59:02,79.2,97.6,125.37822758152184,34.76237623762376,33.0
1151,2020-09-28 15:23:43,2020-09-28 16:00:55,50.8,72.4,128.87960092592584,32.666666666666664,30.866666666666667
1152,2020-09-28 16:01:16,2020-09-28 16:32:16,72.8,90.8,128.8796009259259,33.56149732620321,32.0
1153,2020-09-29 03:08:09,2020-09-29 03:30:46,16.4,37.2,127.04822645566236,32.386861313868614,30.744525547445257
1154,2020-09-29 03:31:07,2020-09-29 04:05:57,37.6,70.4,123.96807939532518,35.733333333333334,33.91904761904762
1155,2020-09-29 04:06:18,2020-09-29 04:34:58,70.8,94.0,124.0056421815134,37.74566473988439,35.6878612716763
1156,2020-09-29 12:33:47,2020-09-29 13:33:34,31.6,86.8,125.78859059732291,36.788418708240535,35.204899777282854
1157,2020-09-29 21:01:20,2020-09-29 21:19:00,36.8,48.8,124.84952569444445,36.429906542056074,34.598130841121495
1158,2020-09-29 21:29:01,2020-09-29 21:51:01,48.8,63.6,125.88874089714714,37.59398496240601,35.330827067669176
1159,2020-09-29 21:55:13,2020-09-29 22:17:33,63.6,78.8,124.49563450292406,38.0,35.977777777777774
1160,2020-09-29 22:24:14,2020-09-29 22:54:55,81.6,97.6,122.73056975694445,38.0,36.0
1161,2020-09-30 02:01:42,2020-09-30 02:25:22,62.0,75.2,127.89985058922557,37.14685314685315,34.98601398601399
1162,2020-09-30 02:25:43,2020-09-30 02:48:33,75.6,88.0,127.2233580869175,37.0,35.0
1163,2020-09-30 02:48:54,2020-09-30 03:08:34,88.0,97.6,129.55007942708338,37.0,35.0
1164,2020-09-30 15:14:33,2020-09-30 15:40:06,28.0,51.6,126.38689526247644,34.29032258064516,31.83225806451613
1165,2020-09-30 15:40:27,2020-09-30 16:04:48,52.0,74.8,124.68689875730996,36.804054054054056,34.46621621621622
1166,2020-09-30 16:05:09,2020-09-30 16:29:59,75.2,94.4,126.23699218749998,38.0,35.166666666666664
1167,2020-10-01 01:57:52,2020-10-01 03:35:57,14.4,91.6,125.41182629173863,35.637720488466755,33.13839891451832
1168,2020-10-01 14:30:53,2020-10-01 14:50:52,30.4,48.4,127.3480155709877,32.81967213114754,31.368852459016395
1169,2020-10-01 14:51:13,2020-10-01 15:21:53,48.8,77.2,123.78133039906103,35.45945945945946,33.91891891891892
1170,2020-10-01 19:02:12,2020-10-01 19:30:32,79.2,97.6,129.02099939613535,36.994152046783626,34.93567251461988
1171,2020-10-02 00:23:37,2020-10-02 00:48:37,67.6,89.2,127.96104918981479,36.00662251655629,33.47682119205298
1172,2020-10-02 00:48:58,2020-10-02 01:05:28,89.6,97.6,128.22050260416665,36.0,34.0
1173,2020-10-02 06:43:48,2020-10-02 08:05:11,52.4,97.6,127.27313391715836,33.57774140752864,31.00163666121113
1174,2020-10-02 19:18:19,2020-10-02 21:00:39,38.8,97.6,126.3560080522487,37.036458333333336,35.470052083333336
1175,2020-10-03 14:13:32,2020-10-03 14:43:42,59.2,87.2,126.43802242063494,36.27472527472528,34.52197802197802
1176,2020-10-03 14:44:03,2020-10-03 15:04:23,87.2,97.6,125.67713608440185,37.0,35.0
1177,2020-10-04 01:29:06,2020-10-04 02:54:14,26.8,97.6,125.53791778680166,37.77621283255086,35.99374021909233
1178,2020-10-04 06:56:40,2020-10-04 07:24:00,78.0,97.6,126.45763272392297,38.0,35.0
1179,2020-10-04 20:03:55,2020-10-04 20:25:55,82.8,97.2,125.98477748842592,33.57142857142857,32.30075187969925
1180,2020-10-05 05:19:55,2020-10-05 05:37:25,20.8,31.2,125.68513902243595,33.509433962264154,31.92452830188679
1181,2020-10-05 05:37:46,2020-10-05 06:05:06,31.6,48.0,124.44619325880764,34.83030303030303,32.945454545454545
1182,2020-10-05 06:05:27,2020-10-05 06:34:47,48.0,66.4,119.03386956521737,36.6271186440678,34.559322033898304
1183,2020-10-05 06:35:08,2020-10-05 07:00:28,66.4,81.6,124.54224113669599,37.0,35.0
1184,2020-10-05 07:00:49,2020-10-05 07:19:19,82.0,92.8,128.0902781635803,37.0,35.0
1185,2020-10-07 01:21:04,2020-10-07 01:51:14,38.0,56.4,122.96195652173914,29.774725274725274,28.736263736263737
1186,2020-10-07 01:51:35,2020-10-07 02:20:45,56.4,74.0,124.30397869318183,31.335227272727273,30.261363636363637
1187,2020-10-07 02:21:06,2020-10-07 02:50:56,74.4,92.0,127.1938194444445,32.0,31.0
1188,2020-10-07 06:08:54,2020-10-07 06:26:04,79.2,92.4,125.52190951178457,31.307692307692307,29.0
1189,2020-10-07 13:25:48,2020-10-07 13:52:08,57.2,81.2,128.2199199652778,30.58490566037736,29.169811320754718
1190,2020-10-07 13:52:29,2020-10-07 14:12:49,81.6,95.6,126.34823412698411,31.983739837398375,30.54471544715447
1191,2020-10-08 11:49:07,2020-10-08 12:10:47,44.0,56.4,128.4509446684588,28.732824427480917,27.6793893129771
1192,2020-10-08 12:11:08,2020-10-08 12:42:38,56.8,74.4,126.40548082386358,29.973684210526315,28.96315789473684
1193,2020-10-08 12:42:59,2020-10-08 13:14:39,74.8,91.6,127.59509060846565,30.643979057591622,29.61780104712042
1194,2020-10-09 16:59:42,2020-10-09 17:29:12,60.8,87.2,127.373227483165,32.550561797752806,31.325842696629213
1195,2020-10-10 01:06:21,2020-10-10 01:22:51,40.4,55.6,126.27287216739764,30.86,28.34
1196,2020-10-10 01:23:12,2020-10-10 01:53:52,56.0,84.4,125.71548097613454,33.09189189189189,30.81081081081081
1197,2020-10-10 01:54:13,2020-10-10 02:16:13,84.4,97.2,124.44877441406253,34.0,32.0
1198,2020-10-10 11:18:18,2020-10-10 11:52:08,44.8,62.4,127.89375528724744,29.563725490196077,28.495098039215687
1199,2020-10-10 11:52:29,2020-10-10 12:28:59,62.8,82.0,126.46554007523146,30.78181818181818,29.845454545454544
1200,2020-10-10 12:29:20,2020-10-10 12:55:00,82.0,95.6,125.56165747549026,31.316129032258065,30.309677419354838
1201,2020-10-11 00:29:52,2020-10-11 01:00:12,33.6,62.0,124.64348938771519,34.90710382513661,33.09289617486339
1202,2020-10-11 01:00:33,2020-10-11 01:26:53,62.4,86.8,125.22199527550093,37.35849056603774,35.44654088050314
1203,2020-10-11 01:27:14,2020-10-11 01:44:04,87.2,96.8,127.64326895254638,38.0,36.0
1204,2020-10-11 06:43:24,2020-10-11 07:10:44,68.0,90.8,128.0835864400585,35.551515151515154,32.29090909090909
1205,2020-10-11 13:39:29,2020-10-11 14:05:39,74.4,94.4,128.24306812499998,35.4746835443038,34.0
1206,2020-10-12 10:26:15,2020-10-12 10:46:35,22.0,40.8,126.15026278073285,30.983739837398375,29.56910569105691
1207,2020-10-12 10:46:56,2020-10-12 11:14:26,41.2,67.6,121.53830071548826,33.98795180722892,32.63253012048193
1208,2020-10-12 11:14:47,2020-10-12 11:45:27,67.6,93.2,123.07781277126733,35.810810810810814,34.5945945945946
1209,2020-10-12 20:32:24,2020-10-12 21:00:04,19.6,45.2,125.90820562065974,39.24550898203593,37.49700598802395
1210,2020-10-12 21:00:25,2020-10-12 21:29:55,45.6,73.2,124.43539472624798,42.235955056179776,39.98876404494382
1211,2020-10-12 21:30:16,2020-10-12 21:54:46,73.6,93.2,125.73272215136049,43.0,41.0
1212,2020-10-13 03:52:58,2020-10-13 05:04:29,50.0,97.6,127.25320028886557,36.88826815642458,33.543761638733706
1213,2020-10-13 13:31:59,2020-10-13 13:54:49,38.0,59.2,125.45860062893084,34.05797101449275,32.06521739130435
1214,2020-10-13 14:03:10,2020-10-13 14:24:30,66.4,85.6,129.32220739293993,36.37984496124031,34.348837209302324
1215,2020-10-13 23:33:17,2020-10-14 00:41:04,36.0,88.0,124.78526899839744,32.33398821218075,29.917485265225935
1216,2020-10-14 10:55:49,2020-10-14 11:24:59,36.4,56.0,124.50399305555555,31.511363636363637,30.130681818181817
1217,2020-10-14 11:25:20,2020-10-14 11:58:10,56.4,78.4,124.8743943813131,33.45454545454545,32.0959595959596
1218,2020-10-14 11:58:31,2020-10-14 12:24:31,78.4,95.2,125.18767427248683,34.15923566878981,33.0
1219,2020-10-15 00:02:05,2020-10-15 00:24:15,9.6,22.8,128.30283585858587,32.0,30.0
1220,2020-10-15 00:24:36,2020-10-15 00:51:36,23.2,39.2,126.98177413194442,32.852760736196316,31.12883435582822
1221,2020-10-15 00:51:57,2020-10-15 01:21:27,39.2,57.2,120.554799845679,34.79213483146067,33.01685393258427
1222,2020-10-15 01:21:48,2020-10-15 01:49:58,57.2,73.6,121.39144800135506,36.0,34.0
1223,2020-10-15 01:50:19,2020-10-15 02:19:29,74.0,89.6,127.28990224358974,36.0,34.0
1224,2020-10-15 02:19:50,2020-10-15 02:36:30,90.0,97.6,131.22808936403518,36.742574257425744,34.0
1225,2020-10-15 06:01:18,2020-10-15 06:29:38,68.0,91.6,127.83723287429383,35.9766081871345,33.01169590643275
1226,2020-10-15 19:53:40,2020-10-15 21:26:56,18.8,97.6,125.06154812641006,36.705714285714286,34.98714285714286
1227,2020-10-16 16:53:05,2020-10-16 17:20:05,35.6,61.2,123.9925196940104,36.079754601226995,34.42944785276074
1228,2020-10-16 17:20:26,2020-10-16 17:48:36,61.6,87.6,124.90652649572654,38.423529411764704,36.72352941176471
1229,2020-10-17 07:55:05,2020-10-17 08:23:45,15.6,42.0,126.4204648569024,30.09248554913295,28.121387283236995
1230,2020-10-17 08:24:06,2020-10-17 08:53:56,42.4,71.2,120.50155825617284,33.522222222222226,31.705555555555556
1231,2020-10-17 08:54:17,2020-10-17 09:22:57,71.2,94.0,123.01718871832361,35.13294797687861,33.421965317919074
1232,2020-10-17 15:21:21,2020-10-17 15:46:11,82.8,97.6,128.46005189564568,34.0,32.96666666666667
1233,2020-10-18 02:52:33,2020-10-18 03:11:23,49.6,66.8,126.95899345930238,29.42105263157895,27.157894736842106
1234,2020-10-18 03:11:44,2020-10-18 03:36:54,67.2,88.8,126.35933076131691,30.763157894736842,28.644736842105264
1235,2020-10-18 03:37:15,2020-10-18 03:57:05,88.8,97.6,120.95175647095975,31.066666666666666,29.158333333333335
1236,2020-10-18 21:16:11,2020-10-18 21:44:51,30.8,46.0,125.41480829678366,30.08670520231214,28.965317919075144
1237,2020-10-18 21:45:12,2020-10-18 22:11:12,46.0,60.4,120.06748591820991,31.630573248407643,30.573248407643312
1238,2020-10-18 22:11:33,2020-10-18 22:41:53,60.4,76.8,122.9911636178862,32.759562841530055,31.21311475409836
1239,2020-10-18 22:42:14,2020-10-18 23:14:34,76.8,93.6,127.95632605820106,33.0,32.0
1240,2020-10-19 10:33:19,2020-10-19 11:02:49,78.8,96.8,123.12733958333332,31.775280898876403,30.0
1241,2020-10-19 18:57:16,2020-10-19 19:47:42,56.0,96.8,126.22573649577889,32.656992084432716,31.20844327176781
1242,2020-10-20 01:25:39,2020-10-20 02:13:25,62.4,97.6,126.88503903488007,32.317548746518106,29.649025069637883
1243,2020-10-20 07:58:55,2020-10-20 08:16:25,51.2,67.2,127.99220390625001,30.367924528301888,27.22641509433962
1244,2020-10-20 08:16:46,2020-10-20 08:46:56,67.6,92.4,125.81990574596769,31.505494505494507,28.516483516483518
1245,2020-10-20 22:55:45,2020-10-20 23:16:55,32.0,44.4,128.30759968637997,29.34375,27.6171875
1246,2020-10-20 23:17:16,2020-10-20 23:43:46,44.4,60.8,121.45327845528455,30.98125,29.4
1247,2020-10-20 23:44:07,2020-10-21 00:14:37,60.8,79.2,124.59694791666662,32.0,30.472826086956523
1248,2020-10-21 00:14:58,2020-10-21 00:40:48,79.6,94.8,127.74491081871346,32.78846153846154,31.0
1249,2020-10-21 16:04:38,2020-10-21 16:29:38,68.0,89.2,128.28093212788258,32.6953642384106,31.6158940397351
1250,2020-10-22 02:26:10,2020-10-22 02:53:30,36.0,54.4,123.54164281400968,29.993939393939392,27.812121212121212
1251,2020-10-22 02:53:51,2020-10-22 03:20:21,54.8,72.8,122.45753896604938,31.80625,29.675
1252,2020-10-22 03:20:42,2020-10-22 03:48:22,72.8,91.2,123.43673105374391,32.449101796407184,30.45508982035928
1253,2020-10-23 02:41:31,2020-10-23 03:10:41,27.6,54.8,125.13378584558825,29.710227272727273,28.181818181818183
1254,2020-10-23 03:11:02,2020-10-23 03:41:22,55.2,83.6,124.6503367077465,32.868852459016395,31.224043715846996
1255,2020-10-23 03:41:43,2020-10-23 04:05:23,84.0,97.6,126.70857066993469,34.0,32.0
1256,2020-10-23 08:35:35,2020-10-23 08:59:25,43.2,66.0,122.48358497807024,32.78472222222222,29.26388888888889
1257,2020-10-23 08:59:46,2020-10-23 09:28:36,66.0,90.8,124.03507767697135,34.35057471264368,30.862068965517242
1258,2020-10-23 21:43:04,2020-10-23 22:06:34,37.6,60.0,122.33754377480159,31.091549295774648,29.633802816901408
1259,2020-10-23 22:06:55,2020-10-23 22:38:45,60.4,88.8,124.98631015258216,33.432291666666664,31.713541666666668
1260,2020-10-23 22:39:06,2020-10-23 22:57:06,89.2,97.6,127.4620016534393,34.0,32.0
1261,2020-10-24 23:51:40,2020-10-25 00:12:40,14.0,34.0,124.03540993055553,29.35433070866142,27.921259842519685
1262,2020-10-25 00:13:01,2020-10-25 00:41:21,34.0,61.6,121.32899079106278,32.33918128654971,30.719298245614034
1263,2020-10-25 00:41:42,2020-10-25 01:10:52,62.0,88.8,123.27942749792706,34.55681818181818,32.92045454545455
1264,2020-10-25 16:10:53,2020-10-25 16:39:03,56.0,74.8,125.39601049054376,33.55882352941177,32.0
1265,2020-10-25 16:39:24,2020-10-25 17:02:54,75.2,90.4,127.52562746710522,34.0,32.767605633802816
1266,2020-10-26 01:16:15,2020-10-26 01:46:05,27.6,47.6,124.16179118055555,33.16111111111111,31.0
1267,2020-10-26 01:46:26,2020-10-26 02:16:46,48.0,68.8,121.3968886217949,35.114754098360656,32.89071038251366
1268,2020-10-26 02:17:07,2020-10-26 02:45:27,69.2,88.0,125.50457173463356,36.0,34.0
1269,2020-10-26 02:45:48,2020-10-26 03:03:18,88.4,97.6,129.0866956521741,36.0,34.0
1270,2020-10-26 12:20:15,2020-10-26 12:48:15,47.6,62.4,125.83048845720725,33.0,32.0
1271,2020-10-26 12:48:36,2020-10-26 13:17:06,62.8,78.0,124.70209009502922,33.895348837209305,32.0
1272,2020-10-26 13:17:27,2020-10-26 13:44:27,78.0,92.4,124.69132716049376,34.0,32.0
1273,2020-10-27 04:11:08,2020-10-27 04:29:38,3.2,12.8,124.65130393518523,32.0,30.0
1274,2020-10-27 04:29:59,2020-10-27 05:03:19,13.2,31.2,123.15892083333333,32.3134328358209,30.208955223880597
1275,2020-10-27 05:03:40,2020-10-27 05:33:00,31.2,47.2,121.93226267361108,33.75141242937853,31.672316384180792
1276,2020-10-27 05:33:21,2020-10-27 05:59:01,47.2,61.2,121.94243234126982,35.38709677419355,33.348387096774196
1277,2020-10-27 05:59:22,2020-10-27 06:26:52,61.6,76.4,123.65331878753749,36.0,34.0
1278,2020-10-27 15:44:44,2020-10-27 16:06:54,12.8,30.8,125.82562924382714,36.0,34.17910447761194
1279,2020-10-27 16:07:15,2020-10-27 16:28:35,31.2,48.4,124.3386736111111,37.29457364341085,36.0
1280,2020-10-27 16:57:13,2020-10-27 17:13:56,65.6,78.4,121.93523284505198,39.490196078431374,38.0
1281,2020-10-27 17:14:17,2020-10-27 17:38:47,78.4,94.8,122.76171316056919,40.0,38.04054054054054
1282,2020-10-29 08:25:54,2020-10-29 09:40:13,40.0,97.6,124.86486904176314,29.315412186379927,28.451612903225808
1283,2020-10-30 10:05:13,2020-10-30 11:40:21,18.0,97.6,121.82200041876048,30.34173669467787,28.859943977591037
1284,2020-10-30 15:09:40,2020-10-30 15:28:00,60.0,77.2,124.36208091085268,34.054054054054056,32.387387387387385
1285,2020-10-30 15:28:21,2020-10-30 15:57:11,77.6,97.2,125.90987648809524,35.0,33.0
1286,2020-10-31 01:10:56,2020-10-31 01:27:56,30.0,46.0,125.89932065972229,32.58252427184466,29.825242718446603
1287,2020-10-31 01:28:17,2020-10-31 01:57:47,46.4,75.2,121.55721431327163,35.17977528089887,32.38202247191011
1288,2020-10-31 01:58:08,2020-10-31 02:18:48,75.2,92.4,122.51535925387593,36.584,33.824
1289,2020-10-31 20:20:45,2020-10-31 20:44:35,33.2,55.6,124.11086693948414,31.17361111111111,29.694444444444443
1290,2020-10-31 20:44:56,2020-10-31 21:15:46,56.0,85.2,123.01988265791475,33.72043010752688,32.376344086021504
1291,2020-10-31 21:16:07,2020-10-31 21:38:37,85.6,97.6,127.49886805555559,34.99264705882353,33.0
1292,2020-11-01 05:30:34,2020-11-01 05:54:14,55.6,77.6,124.96907190656572,31.657342657342657,29.04895104895105
1293,2020-11-01 05:54:35,2020-11-01 06:21:55,78.0,97.2,123.97642621527778,32.78787878787879,30.1030303030303
1294,2020-11-01 21:56:29,2020-11-01 22:22:49,38.0,54.4,120.42682926829269,31.836477987421382,30.471698113207548
1295,2020-11-01 22:23:10,2020-11-01 22:50:40,54.4,71.2,122.76785714285711,33.0,31.897590361445783
1296,2020-11-01 22:51:01,2020-11-01 23:19:11,71.6,88.4,125.74404761904754,33.89411764705882,32.0
1297,2020-11-01 23:19:32,2020-11-01 23:37:52,88.8,97.6,130.47354245580814,34.0,32.0
1298,2020-11-02 04:03:36,2020-11-02 04:30:56,79.6,97.6,125.10341643518521,33.0,30.01212121212121
1299,2020-11-02 13:27:59,2020-11-02 13:58:59,34.0,53.2,121.09374999999997,33.01069518716577,31.59893048128342
1300,2020-11-02 13:59:20,2020-11-02 14:25:30,53.6,70.0,119.66463414634147,34.620253164556964,33.0
1301,2020-11-02 14:25:51,2020-11-02 14:55:01,70.0,87.6,124.28977272727278,35.0,33.11363636363637
1302,2020-11-02 14:55:22,2020-11-02 15:14:42,88.0,97.6,129.22748365162045,35.14529914529915,34.0
1303,2020-11-03 04:31:17,2020-11-03 04:58:37,28.0,44.4,125.55558333333335,27.496969696969696,25.666666666666668
1304,2020-11-03 04:58:58,2020-11-03 05:30:08,44.8,64.4,119.79736281179134,29.52127659574468,27.601063829787233
1305,2020-11-03 05:30:29,2020-11-03 05:59:29,64.4,82.4,121.38274413580245,30.33142857142857,28.462857142857143
1306,2020-11-03 05:59:50,2020-11-03 06:27:50,82.4,97.6,126.0681813779241,31.0,29.0
1307,2020-11-03 11:17:22,2020-11-03 11:44:02,75.6,95.6,125.26321027777779,30.956521739130434,28.8944099378882
1308,2020-11-03 17:00:15,2020-11-03 17:26:05,68.8,90.8,125.52652563131312,32.583333333333336,30.903846153846153
1309,2020-11-04 01:00:12,2020-11-04 01:31:12,45.6,62.4,122.99933697089949,30.898395721925134,28.641711229946523
1310,2020-11-04 01:31:33,2020-11-04 02:08:19,62.8,82.4,125.02465666099766,32.0,29.89189189189189
1311,2020-11-04 06:33:04,2020-11-04 06:57:04,62.0,82.8,125.06611237980772,29.944827586206898,27.662068965517243
1312,2020-11-04 06:57:25,2020-11-04 07:21:45,83.2,97.6,126.92133015046305,31.0,28.537414965986393
1313,2020-11-04 12:46:35,2020-11-04 13:17:35,53.6,82.8,123.40517589421619,30.914438502673796,29.149732620320854
1314,2020-11-04 13:17:56,2020-11-04 13:36:36,82.8,95.6,121.7827897135417,32.0,30.0
1315,2020-11-04 21:17:59,2020-11-04 22:26:41,41.6,97.6,124.65412480654766,33.10271317829457,31.046511627906977
1316,2020-11-05 15:59:11,2020-11-05 16:20:11,19.2,33.2,124.77676339285712,31.84251968503937,30.47244094488189
1317,2020-11-05 16:20:32,2020-11-05 16:49:42,33.6,53.6,121.28469791666667,33.61931818181818,32.47159090909091
1318,2020-11-05 16:50:03,2020-11-05 17:19:33,54.0,74.4,120.26549877450974,35.19662921348315,34.0
1319,2020-11-05 17:19:54,2020-11-05 17:46:44,74.4,92.0,123.8983458017677,36.0,34.870370370370374
1320,2020-11-06 12:44:28,2020-11-06 13:09:25,38.8,63.6,120.22280036962366,32.66225165562914,31.185430463576157
1321,2020-11-06 13:09:46,2020-11-06 13:32:59,64.0,86.4,123.95352074652774,34.858156028368796,33.5531914893617
1322,2020-11-07 11:07:57,2020-11-07 11:39:17,31.2,61.2,120.97592537037036,31.058201058201057,29.867724867724867
1323,2020-11-07 11:39:38,2020-11-07 12:08:18,61.6,88.0,121.6829737478956,33.67052023121387,32.630057803468205
1324,2020-11-07 12:08:39,2020-11-07 12:28:49,88.0,97.6,124.1984833622686,34.4344262295082,33.24590163934426
1325,2020-11-08 00:15:56,2020-11-08 00:43:39,49.6,75.6,125.17178625000003,32.61538461538461,30.85207100591716
1326,2020-11-08 16:39:44,2020-11-08 17:06:44,30.0,56.4,119.39131602483167,33.392638036809814,32.03680981595092
1327,2020-11-08 17:07:05,2020-11-08 17:34:35,56.4,82.8,121.54461458333334,36.006024096385545,34.602409638554214
1328,2020-11-09 00:23:33,2020-11-09 00:47:33,36.0,58.8,123.83102814327486,32.89655172413793,30.46896551724138
1329,2020-11-09 00:47:54,2020-11-09 01:15:44,59.2,85.6,124.22350441919197,35.267857142857146,32.964285714285715
1330,2020-11-09 01:16:05,2020-11-09 01:37:45,85.6,97.6,124.11230289351852,36.0,34.0
1331,2020-11-09 04:15:05,2020-11-09 04:31:35,83.2,94.8,123.2471465517242,33.32,30.0
1332,2020-11-09 16:46:48,2020-11-09 17:19:18,14.8,45.6,123.00189127886001,32.3469387755102,30.617346938775512
1333,2020-11-09 17:19:39,2020-11-09 17:48:59,45.6,74.4,118.77651885609566,35.87570621468927,34.152542372881356
1334,2020-11-09 17:49:20,2020-11-09 18:23:10,74.4,97.6,123.19386338601541,37.0,35.80882352941177
1335,2020-11-10 02:18:53,2020-11-10 02:48:23,66.8,91.6,124.52006642025091,31.971910112359552,29.196629213483146
1336,2020-11-10 13:55:22,2020-11-10 14:22:32,52.0,77.6,123.70333691406255,31.115853658536587,29.908536585365855
1337,2020-11-10 14:22:53,2020-11-10 14:48:23,77.6,96.4,122.18678132387701,32.33766233766234,31.0
1338,2020-11-11 10:39:18,2020-11-11 11:02:08,33.2,48.4,125.59761312134508,25.565217391304348,24.565217391304348
1339,2020-11-11 11:02:29,2020-11-11 11:32:09,48.8,69.2,121.51963208061001,27.75418994413408,26.70391061452514
1340,2020-11-11 11:32:30,2020-11-11 11:58:00,69.2,86.4,123.8792236757106,29.0,28.0
1341,2020-11-12 07:25:26,2020-11-12 07:53:56,32.8,41.6,121.44886363636358,24.151162790697676,23.0
1342,2020-11-12 07:54:17,2020-11-12 08:25:17,41.6,51.6,116.25000000000001,25.053475935828878,23.919786096256683
1343,2020-11-12 08:25:38,2020-11-12 08:54:18,51.6,60.8,116.84782608695659,26.0,24.791907514450866
1344,2020-11-12 08:54:39,2020-11-12 09:25:19,60.8,70.4,119.79166666666656,26.0,25.0
1345,2020-11-12 09:25:40,2020-11-12 09:55:10,70.4,79.2,125.71022727272731,26.0,25.0
1346,2020-11-12 09:55:31,2020-11-12 10:24:01,79.6,88.0,127.23214285714278,26.569767441860463,25.0
1347,2020-11-12 18:21:50,2020-11-12 18:44:10,54.0,74.8,125.62167855235045,32.18518518518518,30.977777777777778
1348,2020-11-12 18:44:31,2020-11-12 19:15:21,75.2,97.2,125.65216351010102,33.0,32.0
1349,2020-11-13 01:28:28,2020-11-13 01:55:58,28.4,54.4,123.38034775641025,33.16867469879518,29.837349397590362
1350,2020-11-13 01:56:19,2020-11-13 02:25:19,54.8,82.0,124.22743979779412,35.78285714285714,32.70285714285714
1351,2020-11-13 02:25:40,2020-11-13 02:47:20,82.4,97.2,124.57208671171176,37.0,33.98473282442748
1352,2020-11-13 13:31:41,2020-11-13 15:01:53,24.8,95.6,122.77337169452294,32.38404726735598,31.107828655834563
1353,2020-11-13 23:20:44,2020-11-13 23:49:34,39.2,66.0,123.73289878731345,33.867816091954026,31.729885057471265
1354,2020-11-13 23:49:55,2020-11-14 00:23:45,66.4,94.0,124.74537097423514,35.80392156862745,33.720588235294116
1355,2020-11-14 07:13:52,2020-11-14 07:43:12,48.8,57.6,125.55561111111106,31.0,28.0
1356,2020-11-14 07:43:33,2020-11-14 08:12:53,57.6,66.8,120.09667149758461,31.0,28.0
1357,2020-11-14 08:13:14,2020-11-14 08:45:44,66.8,76.4,127.51741753472214,31.0,28.0
1358,2020-11-14 08:46:05,2020-11-14 09:11:15,76.8,84.4,124.72958735380104,31.0,28.0
1359,2020-11-14 09:11:36,2020-11-14 09:45:26,84.4,94.4,127.2458704166667,30.80392156862745,28.0
1360,2020-11-15 00:04:36,2020-11-15 00:34:26,36.0,64.4,122.61444258607195,26.194444444444443,24.494444444444444
1361,2020-11-15 00:34:47,2020-11-15 01:02:17,64.4,88.8,124.10235735428058,28.626506024096386,27.156626506024097
1362,2020-11-15 17:27:46,2020-11-15 17:59:26,54.4,74.0,121.44277069160995,29.670157068062828,28.277486910994764
1363,2020-11-15 17:59:47,2020-11-15 18:19:27,74.4,86.0,127.43776772030657,30.008403361344538,29.0
1364,2020-11-16 01:34:52,2020-11-16 02:00:22,34.0,58.0,123.72106516203705,29.045454545454547,26.694805194805195
1365,2020-11-16 02:00:43,2020-11-16 02:31:13,58.4,87.2,123.3101875,31.690217391304348,29.570652173913043
1366,2020-11-16 02:31:34,2020-11-16 02:49:44,87.2,97.6,123.85018723290611,32.79090909090909,30.645454545454545
1367,2020-11-16 06:32:17,2020-11-16 07:03:07,70.8,95.2,123.76652999772313,30.989247311827956,27.951612903225808
1368,2020-11-17 02:59:40,2020-11-17 03:27:00,27.6,53.6,122.78900860042737,30.33939393939394,28.515151515151516
1369,2020-11-17 03:27:21,2020-11-17 03:55:21,54.0,81.2,120.33651542075165,33.414201183431956,31.62721893491124
1370,2020-11-17 03:55:42,2020-11-17 04:23:52,81.6,97.6,123.64326171875003,34.029411764705884,33.0
1371,2020-11-17 15:47:04,2020-11-17 16:07:54,20.8,40.4,125.6675058106576,31.8015873015873,30.19047619047619
1372,2020-11-17 16:08:15,2020-11-17 16:39:55,40.8,71.6,121.53407801226548,34.973821989528794,33.32984293193717
1373,2020-11-17 16:40:16,2020-11-17 17:09:26,71.6,95.2,123.53754213747644,36.85227272727273,35.0
1374,2020-11-18 18:06:28,2020-11-18 18:39:08,36.0,67.6,122.27056390646977,35.81725888324873,34.04060913705584
1375,2020-11-18 18:39:29,2020-11-18 19:04:19,68.0,90.0,124.35984476010104,37.78,35.833333333333336
1376,2020-11-19 14:24:22,2020-11-19 15:09:04,50.0,90.0,124.88990086458334,33.80357142857143,32.285714285714285
1377,2020-11-19 22:26:46,2020-11-19 22:59:26,48.0,79.2,123.5247814280627,34.70558375634518,33.30964467005076
1378,2020-11-20 01:34:24,2020-11-20 02:03:14,65.6,90.8,125.3362156084656,36.804597701149426,33.88505747126437
1379,2020-11-20 15:36:15,2020-11-20 17:15:40,5.2,94.8,123.96568639942957,37.6970509383378,35.684986595174266
1380,2020-11-21 02:27:50,2020-11-21 03:01:30,40.4,72.4,123.30774674479166,34.73399014778325,32.275862068965516
1381,2020-11-21 03:01:51,2020-11-21 03:27:01,72.8,93.2,125.25667442810457,36.578947368421055,34.0
1382,2020-11-21 18:35:46,2020-11-21 20:40:31,3.6,97.6,124.97693790632387,35.22542735042735,33.50534188034188
1383,2020-11-22 02:01:54,2020-11-22 02:26:34,58.8,82.0,124.19780801005746,34.81879194630873,31.758389261744966
1384,2020-11-22 02:26:55,2020-11-22 02:52:05,82.0,97.6,125.30271857193738,36.0,33.0
1385,2020-11-22 07:04:49,2020-11-22 07:31:39,78.4,97.6,122.97888708043989,32.98148148148148,30.141975308641975
1386,2020-11-22 16:48:28,2020-11-22 17:07:48,70.8,85.2,124.13774845679009,33.72649572649573,32.35042735042735
1387,2020-11-23 05:43:57,2020-11-23 06:06:27,35.2,56.4,124.35667682127887,28.88235294117647,26.580882352941178
1388,2020-11-23 06:06:48,2020-11-23 06:35:58,56.8,84.4,123.94776182568434,31.443181818181817,29.193181818181817
1389,2020-11-23 06:36:19,2020-11-23 07:09:49,84.8,99.2,128.25425829475304,32.01980198019802,30.0
1390,2020-11-23 18:11:28,2020-11-23 18:39:48,49.2,76.0,123.07266775497516,30.760233918128655,29.239766081871345
1391,2020-11-24 14:37:19,2020-11-24 15:06:09,42.4,62.4,120.58821847222222,29.775862068965516,28.402298850574713
1392,2020-11-24 15:06:30,2020-11-24 15:37:50,62.8,83.6,126.0296725427351,31.12169312169312,30.03174603174603
1393,2020-11-25 06:01:31,2020-11-25 06:21:11,17.2,35.6,125.00454627113531,27.126050420168067,25.436974789915965
1394,2020-11-25 06:21:32,2020-11-25 06:52:22,36.0,66.0,120.27409361111114,30.553763440860216,28.951612903225808
1395,2020-11-25 06:52:43,2020-11-25 07:23:43,66.4,92.8,123.30442287457916,33.342245989304814,31.668449197860962
1396,2020-11-25 15:02:51,2020-11-25 16:05:03,59.2,78.0,122.96937653664301,33.0,32.0
1397,2020-11-25 16:09:35,2020-11-25 17:08:18,78.0,95.6,123.18483701073237,33.0,31.96825396825397
1398,2020-11-25 22:26:23,2020-11-25 22:52:23,77.2,94.0,123.75911995701061,32.00636942675159,30.611464968152866
1399,2020-11-26 20:24:22,2020-11-26 20:54:52,41.2,70.8,118.8513700262763,31.929347826086957,30.76086956521739
1400,2020-11-26 20:55:13,2020-11-26 21:16:03,71.2,89.6,122.57550754830926,33.65873015873016,32.301587301587304
1401,2020-11-27 02:39:11,2020-11-27 03:05:41,52.0,77.6,120.85667941623267,30.83125,27.4875
1402,2020-11-27 03:06:02,2020-11-27 03:33:32,77.6,97.6,123.30557854166666,32.0,28.85542168674699
1403,2020-11-27 15:57:17,2020-11-27 16:18:57,50.0,70.8,121.82493750000005,28.84732824427481,27.69465648854962
1404,2020-11-27 16:19:18,2020-11-27 16:54:48,71.2,97.6,123.78842145412463,30.53271028037383,28.981308411214954
1405,2020-11-27 23:21:29,2020-11-27 23:50:39,51.2,79.2,121.28224469246032,29.369318181818183,26.460227272727273
1406,2020-11-28 13:45:00,2020-11-28 14:13:00,68.8,78.8,121.41251555555553,22.21301775147929,21.869822485207102
1407,2020-11-28 22:36:21,2020-11-28 23:07:21,50.0,71.2,121.04824240041927,25.299465240641712,24.203208556149733
1408,2020-11-28 23:07:42,2020-11-28 23:35:12,71.2,90.0,120.18914694148938,26.30722891566265,25.0
1409,2020-11-29 05:32:48,2020-11-29 05:56:08,22.8,45.6,119.57969054580897,27.170212765957448,24.120567375886523
1410,2020-11-29 05:56:29,2020-11-29 06:26:09,46.0,75.2,118.70292389649923,30.363128491620113,27.502793296089386
1411,2020-11-29 06:26:30,2020-11-29 06:54:20,75.6,96.4,124.25682565438028,31.970238095238095,29.077380952380953
1412,2020-11-29 22:40:15,2020-11-29 23:10:25,27.6,57.2,118.86730152027027,26.406593406593405,24.25824175824176
1413,2020-11-29 23:10:46,2020-11-29 23:39:56,57.6,85.6,121.4955324900794,29.318181818181817,27.244318181818183
1414,2020-11-30 11:37:44,2020-11-30 12:02:14,16.4,33.2,121.26320965608464,23.243243243243242,21.783783783783782
1415,2020-11-30 12:02:35,2020-11-30 12:30:05,33.2,52.8,116.67373370181409,25.680722891566266,24.216867469879517
1416,2020-11-30 12:30:26,2020-11-30 12:58:46,52.8,73.2,115.50311049836594,27.842105263157894,26.619883040935672
1417,2020-11-30 12:59:07,2020-11-30 13:24:17,73.2,90.4,120.12998901808783,29.0,27.710526315789473
1418,2020-12-01 01:07:27,2020-12-01 01:33:47,29.6,55.2,119.53615489366321,23.79874213836478,21.742138364779873
1419,2020-12-01 01:34:08,2020-12-01 02:01:18,55.6,81.6,121.4642353098291,26.628048780487806,24.695121951219512
1420,2020-12-01 02:01:39,2020-12-01 02:27:29,82.0,97.6,125.4861382656696,27.993589743589745,26.0
1421,2020-12-01 18:21:06,2020-12-01 18:50:16,58.4,86.4,121.73861091269839,26.892045454545453,25.585227272727273
1422,2020-12-01 18:50:37,2020-12-01 19:13:17,86.4,97.6,123.61854947916682,28.0,26.8978102189781
1423,2020-12-02 15:25:24,2020-12-02 15:54:54,24.0,52.4,121.04458685446009,26.707865168539325,25.078651685393258
1424,2020-12-02 15:55:15,2020-12-02 16:21:17,52.8,78.4,118.50183065321178,30.132911392405063,28.803797468354432
1425,2020-12-02 16:21:38,2020-12-02 16:51:38,78.8,97.6,124.67200029550831,31.38121546961326,30.0
1426,2020-12-03 01:09:53,2020-12-03 01:35:53,48.8,64.8,121.89672838541668,25.770700636942674,22.643312101910826
1427,2020-12-03 01:36:14,2020-12-03 02:01:19,65.2,80.4,124.04151142178361,26.38157894736842,23.276315789473685
1428,2020-12-03 02:01:40,2020-12-03 02:27:50,80.8,95.6,122.16032160285289,27.0,24.0
1429,2020-12-03 06:07:33,2020-12-03 06:29:23,80.8,94.4,118.85826368464048,24.0,21.03787878787879
1430,2020-12-03 17:53:12,2020-12-03 18:23:52,41.2,71.2,119.41630630092592,27.693548387096776,26.268817204301076
1431,2020-12-03 18:24:13,2020-12-03 18:48:13,71.6,91.6,121.75765111111114,29.641379310344828,28.510344827586206
1432,2020-12-03 22:45:28,2020-12-03 23:09:18,49.6,72.4,121.07334210526315,27.625,24.055555555555557
1433,2020-12-03 23:09:39,2020-12-03 23:30:30,72.8,90.4,121.78758019255045,28.905511811023622,25.5748031496063
1434,2020-12-04 10:57:54,2020-12-04 11:53:52,50.0,95.6,121.78896824744155,22.862232779097386,21.458432304038006
1435,2020-12-04 20:44:38,2020-12-04 21:14:38,63.2,90.0,121.13547320688227,22.58011049723757,21.243093922651934
1436,2020-12-04 21:14:59,2020-12-04 21:34:59,90.0,97.6,129.139288011696,23.0,22.0
1437,2020-12-05 04:58:45,2020-12-05 05:29:05,62.8,88.0,121.84359689153439,20.75409836065574,18.743169398907103
1438,2020-12-05 17:02:15,2020-12-05 17:23:45,36.0,57.2,118.34316247379451,22.676923076923078,21.315384615384616
1439,2020-12-05 17:24:06,2020-12-05 17:55:26,57.2,87.2,120.20601328703707,25.396825396825395,24.25925925925926
1440,2020-12-06 17:04:16,2020-12-06 17:24:36,11.6,32.8,113.17153753930822,24.089430894308943,22.504065040650406
1441,2020-12-06 17:24:57,2020-12-06 17:56:57,33.2,64.8,119.50819888361468,27.45077720207254,26.067357512953368
1442,2020-12-06 17:57:18,2020-12-06 18:26:18,64.8,90.8,122.02563279914528,30.314285714285713,28.76
1443,2020-12-07 01:44:35,2020-12-07 02:14:45,58.4,87.2,121.4945217496142,28.467032967032967,25.423076923076923
1444,2020-12-07 02:15:06,2020-12-07 02:35:26,87.6,97.6,128.98892194444448,29.0,26.764227642276424
1445,2020-12-07 15:10:41,2020-12-07 15:42:31,51.2,82.4,120.17941515313393,27.651041666666668,26.494791666666668
1446,2020-12-07 15:42:52,2020-12-07 16:06:08,82.4,97.2,121.83702038288293,29.0,28.0
1447,2020-12-08 11:36:27,2020-12-08 11:53:47,20.0,36.8,120.37450768849207,22.542857142857144,20.685714285714287
1448,2020-12-08 11:54:08,2020-12-08 12:21:48,36.8,64.4,117.05868594001605,25.940119760479043,24.20359281437126
1449,2020-12-08 12:22:09,2020-12-08 12:56:09,64.8,93.2,121.45835357981221,28.658536585365855,27.297560975609755
1450,2020-12-09 01:20:32,2020-12-09 02:37:23,29.2,97.2,120.25983085375816,26.058925476603118,23.930675909878683
1451,2020-12-09 15:59:57,2020-12-09 17:16:37,34.4,97.6,121.2947967255626,27.40727902946274,25.904679376083187
1452,2020-12-10 05:35:30,2020-12-10 06:56:22,30.0,97.6,120.96928980317227,27.341021416803954,25.952224052718286
1453,2020-12-10 16:19:49,2020-12-10 16:48:55,61.2,88.4,122.786057689951,27.4337899543379,26.06392694063927
1454,2020-12-10 23:33:34,2020-12-11 00:05:04,60.4,89.2,122.05152049575618,29.45263157894737,27.726315789473684
1455,2020-12-11 13:43:59,2020-12-11 14:02:19,33.6,51.2,120.9627701231061,28.036036036036037,26.18018018018018
1456,2020-12-11 14:02:40,2020-12-11 14:39:28,51.6,86.8,121.5137156999685,30.80269058295964,29.17488789237668
1457,2020-12-11 15:59:28,2020-12-11 16:18:48,72.0,85.2,120.8333333333333,32.0,30.102564102564102
1458,2020-12-12 15:17:51,2020-12-12 15:48:01,34.8,51.2,120.55047398373979,26.04945054945055,24.576923076923077
1459,2020-12-12 15:48:22,2020-12-12 16:21:12,51.6,69.6,121.5956780864198,27.848484848484848,26.641414141414142
1460,2020-12-12 16:21:33,2020-12-12 16:40:33,70.0,80.4,121.76815972222215,28.973913043478262,27.286956521739132
1461,2020-12-13 00:31:19,2020-12-13 01:04:49,28.8,47.2,121.52552815519321,26.955445544554454,25.435643564356436
1462,2020-12-13 01:05:10,2020-12-13 01:37:50,47.2,66.0,116.04094629137118,28.99492385786802,27.578680203045685
1463,2020-12-13 01:38:11,2020-12-13 02:02:21,66.0,79.2,122.36535037878787,30.0,28.28767123287671
1464,2020-12-13 04:55:31,2020-12-13 05:21:51,62.0,87.2,121.96869984567901,28.88050314465409,26.427672955974842
1465,2020-12-14 11:54:35,2020-12-14 12:14:15,20.8,40.0,119.59057458043982,21.310924369747898,18.983193277310924
1466,2020-12-14 12:14:36,2020-12-14 12:39:56,40.0,65.2,117.2585953483245,24.431372549019606,22.18954248366013
1467,2020-12-14 12:40:17,2020-12-14 13:10:57,65.6,92.0,120.6928708438552,26.65945945945946,24.545945945945945
1468,2020-12-15 08:35:52,2020-12-15 09:05:32,27.2,46.0,121.49973079196216,22.865921787709496,19.821229050279328
1469,2020-12-15 09:05:53,2020-12-15 09:35:13,46.0,67.2,114.41433123689728,26.785310734463277,23.76271186440678
1470,2020-12-15 09:35:34,2020-12-15 10:06:14,67.2,88.4,119.78448427672959,27.113513513513514,24.9027027027027
1471,2020-12-15 10:06:35,2020-12-15 10:26:05,88.4,97.6,124.49726630434795,27.991525423728813,25.0
1472,2020-12-15 15:14:49,2020-12-15 15:44:49,62.8,89.6,122.51607789179108,24.784530386740332,21.337016574585636
1473,2020-12-15 15:45:10,2020-12-15 16:01:50,90.0,97.2,125.60378800154312,25.198019801980198,22.0
1474,2020-12-16 01:02:13,2020-12-16 01:29:53,18.8,36.0,120.11632881136953,19.479041916167663,16.431137724550897
1475,2020-12-16 01:30:14,2020-12-16 02:04:04,36.0,57.6,116.95478472222227,21.79901960784314,19.029411764705884
1476,2020-12-16 02:04:25,2020-12-16 02:33:35,58.0,76.4,118.37187824577296,23.301136363636363,20.943181818181817
1477,2020-12-16 02:33:56,2020-12-16 03:00:06,76.4,92.4,121.46269409722224,24.0,21.89240506329114
1478,2020-12-16 10:45:16,2020-12-16 11:03:47,76.4,89.6,120.55177464225602,19.31858407079646,17.061946902654867
1479,2020-12-16 18:24:48,2020-12-16 18:54:58,44.8,63.6,119.79171823286055,19.928571428571427,18.021978021978022
1480,2020-12-16 18:55:19,2020-12-16 19:21:39,63.6,80.0,119.88487669376697,21.044025157232703,19.352201257861637
1481,2020-12-17 02:36:08,2020-12-17 02:55:48,27.6,41.6,121.19346448412696,22.462184873949578,18.941176470588236
1482,2020-12-17 02:56:09,2020-12-17 03:18:07,42.0,59.6,118.10228388573232,26.86466165413534,23.31578947368421
1483,2020-12-17 03:18:28,2020-12-17 03:43:58,59.6,79.6,118.67640076388892,28.0,24.9025974025974
1484,2020-12-17 03:44:19,2020-12-17 04:14:12,79.6,97.6,124.09169166666665,28.54696132596685,25.414364640883978
1485,2020-12-17 09:46:29,2020-12-17 10:06:59,28.8,48.4,122.28247243480727,21.758064516129032,17.677419354838708
1486,2020-12-17 10:07:20,2020-12-17 10:34:10,48.8,75.2,118.84050515572389,24.37037037037037,20.47530864197531
1487,2020-12-17 10:34:31,2020-12-17 11:01:41,75.6,95.2,122.4801619189342,25.774390243902438,22.0
1488,2020-12-17 21:09:52,2020-12-17 21:39:42,45.2,74.8,119.00854950262767,20.927777777777777,18.805555555555557
1489,2020-12-17 21:40:03,2020-12-17 22:08:33,74.8,95.2,121.57885511982568,22.930232558139537,21.238372093023255
1490,2020-12-18 14:37:21,2020-12-18 15:09:01,24.8,55.6,119.96392640692642,22.047120418848166,20.413612565445025
1491,2020-12-18 15:09:22,2020-12-18 15:39:22,56.0,85.2,119.88441994863012,25.88950276243094,24.392265193370164
1492,2020-12-18 22:25:55,2020-12-18 22:54:35,58.4,80.4,120.41478781565651,22.179190751445088,19.179190751445088
1493,2020-12-18 22:54:56,2020-12-18 23:23:46,80.4,96.4,123.31425373263886,23.0,20.2816091954023
1494,2020-12-20 19:51:47,2020-12-20 20:16:27,28.0,43.6,118.54522792022793,19.06040268456376,17.36241610738255
1495,2020-12-20 20:16:48,2020-12-20 20:44:38,43.6,61.6,115.97222222222223,21.351190476190474,19.595238095238095
1496,2020-12-20 20:44:59,2020-12-20 21:12:19,62.0,78.8,122.02380952380953,22.593939393939394,21.0
1497,2020-12-20 21:12:40,2020-12-20 21:44:40,79.2,96.4,123.49241973514211,23.430051813471504,21.761658031088082
1498,2020-12-21 03:36:44,2020-12-21 04:05:04,47.2,74.8,119.80827702294687,23.216374269005847,20.198830409356724
1499,2020-12-21 04:05:25,2020-12-21 04:34:25,74.8,95.2,122.08062506808275,24.85142857142857,21.954285714285714
1500,2020-12-21 13:11:28,2020-12-21 13:42:48,4.0,34.0,120.58845587962963,23.502645502645503,21.211640211640212
1501,2020-12-21 13:43:09,2020-12-21 14:14:49,34.4,64.8,120.26684265350877,27.162303664921467,24.984293193717278
1502,2020-12-21 21:47:56,2020-12-21 22:15:46,24.4,51.2,120.13472854477611,27.970238095238095,25.214285714285715
1503,2020-12-21 22:16:07,2020-12-21 22:44:57,51.6,79.2,120.86602953904992,30.936781609195403,28.24137931034483
1504,2020-12-21 22:45:18,2020-12-21 23:02:28,79.6,92.4,124.12435677083324,32.0,29.0
1505,2020-12-22 02:33:43,2020-12-22 03:04:43,81.2,97.6,125.16768716124669,27.0,23.0
1506,2020-12-22 15:50:01,2020-12-22 16:42:20,39.6,88.4,120.83362671334244,23.470737913486005,21.94147582697201
1507,2020-12-23 00:11:06,2020-12-23 00:50:38,56.0,91.6,120.36820941791515,27.251046025104603,25.292887029288703
1508,2020-12-23 13:51:31,2020-12-23 14:23:11,17.2,36.8,121.1734693877551,23.74869109947644,22.827225130890053
1509,2020-12-23 14:23:32,2020-12-23 14:53:02,37.2,56.0,117.68617021276597,26.224719101123597,25.3876404494382
1510,2020-12-23 14:53:23,2020-12-23 15:24:13,56.0,75.6,117.98469387755107,28.037634408602152,27.258064516129032
1511,2020-12-23 15:24:34,2020-12-23 15:49:24,75.6,90.8,122.11714501096489,29.0,28.0
1512,2020-12-24 00:20:47,2020-12-24 00:40:27,38.4,57.6,119.89223003472222,27.50420168067227,25.04201680672269
1513,2020-12-24 00:40:48,2020-12-24 01:08:28,58.0,84.4,122.45897690446125,29.88622754491018,27.7125748502994
1514,2020-12-24 01:08:49,2020-12-24 01:29:07,84.8,97.6,124.29797949218752,31.0,29.0
1515,2020-12-25 01:24:45,2020-12-25 01:45:15,22.0,41.6,122.53615369897959,22.693548387096776,21.024193548387096
1516,2020-12-25 01:56:10,2020-12-25 02:24:50,52.8,80.8,119.82193938492063,27.254335260115607,25.751445086705203
1517,2020-12-25 02:25:11,2020-12-25 02:52:11,81.2,97.6,121.75137245934965,28.883435582822084,27.0
1518,2020-12-25 16:21:50,2020-12-25 16:52:00,36.8,67.2,115.87217712902044,25.95054945054945,24.252747252747252
1519,2020-12-25 16:52:21,2020-12-25 17:20:31,67.6,91.6,120.36633090277779,28.51764705882353,26.68235294117647
1520,2020-12-25 22:05:26,2020-12-25 22:23:41,70.8,87.6,123.3002666997355,27.486486486486488,24.873873873873872
1521,2020-12-26 01:58:20,2020-12-26 02:19:55,56.8,77.2,123.35111011029409,27.931297709923665,24.931297709923665
1522,2020-12-26 09:01:02,2020-12-26 09:23:32,30.8,46.0,122.90572039473686,25.779411764705884,22.926470588235293
1523,2020-12-26 09:23:53,2020-12-26 09:52:03,46.4,66.0,119.27725878684808,27.67058823529412,25.2
1524,2020-12-26 09:52:24,2020-12-26 10:19:24,66.4,84.8,121.79352717391312,28.96319018404908,26.533742331288344
1525,2020-12-26 10:19:45,2020-12-26 10:40:55,85.2,97.6,127.34656754032268,29.3828125,27.1953125
1526,2020-12-26 17:27:20,2020-12-26 18:05:09,57.2,91.2,121.43068639297387,29.54385964912281,27.859649122807017
1527,2020-12-27 05:28:01,2020-12-27 05:58:51,29.6,60.0,118.48639985380119,27.682795698924732,25.4247311827957
1528,2020-12-27 05:59:12,2020-12-27 06:29:52,60.4,88.8,120.58344537363068,30.524324324324326,28.44864864864865
1529,2020-12-27 15:21:04,2020-12-27 15:45:04,48.0,55.6,118.4301909722222,28.013793103448275,27.16551724137931
1530,2020-12-27 15:45:25,2020-12-27 16:40:49,55.6,72.4,123.66071428571423,28.976119402985073,28.0
1531,2020-12-27 22:53:34,2020-12-27 23:18:24,52.4,76.4,121.5526593171296,29.08,27.04
1532,2020-12-27 23:18:45,2020-12-27 23:36:45,76.8,91.6,121.33728021771772,30.0,28.0
1533,2020-12-28 23:41:02,2020-12-29 00:11:32,30.0,60.0,119.815296712963,28.766304347826086,27.35326086956522
1534,2020-12-29 17:34:44,2020-12-29 18:04:04,26.4,44.8,121.16697584541065,29.96045197740113,28.54237288135593
1535,2020-12-29 18:04:25,2020-12-29 18:36:15,44.8,64.8,117.00209590277781,31.963541666666668,30.645833333333332
1536,2020-12-29 18:49:46,2020-12-29 19:08:46,70.4,81.2,123.03243351337451,32.89565217391304,31.0
1537,2020-12-29 19:09:07,2020-12-29 19:36:37,81.2,96.4,122.67088505116956,33.0,31.0
1538,2020-12-30 02:01:27,2020-12-30 02:34:27,38.0,70.0,120.02866102430556,28.306532663316585,24.261306532663315
1539,2020-12-30 02:34:48,2020-12-30 03:04:48,70.4,94.4,122.23899652777777,30.0,26.69060773480663
1540,2020-12-30 14:55:20,2020-12-30 15:48:10,30.0,74.8,118.2550111297123,21.299748110831235,19.79596977329975
1541,2020-12-30 18:44:30,2020-12-30 19:43:37,53.2,89.6,121.42358917506108,22.68018018018018,20.38063063063063
1542,2020-12-31 02:17:39,2020-12-31 02:39:09,9.6,31.2,115.37294997427982,20.46923076923077,16.907692307692308
1543,2020-12-31 02:39:30,2020-12-31 03:09:10,31.2,59.6,121.09058030125193,23.18435754189944,19.743016759776538
1544,2020-12-31 03:09:31,2020-12-31 03:39:51,60.0,88.0,121.77084613095239,25.6775956284153,22.562841530054644
1545,2020-12-31 15:01:52,2020-12-31 15:30:12,51.2,78.8,120.61292169887281,25.374269005847953,22.730994152046783
1546,2020-12-31 15:30:33,2020-12-31 15:51:43,79.2,94.4,122.78235087719294,26.90625,24.578125
1547,2021-01-01 08:56:30,2021-01-01 09:24:37,8.8,34.8,117.90279204059833,21.91176470588235,19.394117647058824
1548,2021-01-01 09:52:29,2021-01-01 10:19:39,54.8,80.4,122.70507291666664,28.75,26.23170731707317
1549,2021-01-01 10:20:00,2021-01-01 10:48:30,80.4,97.6,126.14666174095616,29.96511627906977,27.0
1550,2021-01-02 00:07:05,2021-01-02 00:28:02,38.8,58.8,123.15278493055557,21.007874015748033,18.338582677165356
1551,2021-01-02 00:28:23,2021-01-02 01:00:23,59.2,88.0,123.49055444637347,23.321243523316063,20.906735751295336
1552,2021-01-02 13:34:20,2021-01-02 14:02:30,49.2,76.4,121.78054549632351,20.476470588235294,19.070588235294117
1553,2021-01-02 19:19:37,2021-01-02 19:37:27,50.4,67.2,124.2344736276455,22.74074074074074,21.13888888888889
1554,2021-01-02 19:37:48,2021-01-02 20:04:38,67.6,90.4,122.01572971491224,24.364197530864196,22.64814814814815
1555,2021-01-02 20:04:59,2021-01-02 20:24:59,90.4,97.6,121.44872588734586,25.0,23.0
1556,2021-01-03 02:18:30,2021-01-03 02:48:50,43.6,72.8,121.09541909246579,24.185792349726775,21.295081967213115
1557,2021-01-03 02:49:11,2021-01-03 03:14:01,73.2,92.8,123.97251778628122,25.973333333333333,23.366666666666667
1558,2021-01-03 20:51:10,2021-01-03 21:24:00,56.4,76.4,122.5778325,23.555555555555557,22.914141414141415
1559,2021-01-03 21:24:21,2021-01-03 21:43:47,76.4,88.0,125.03429913793116,24.39830508474576,24.0
1560,2021-01-04 04:56:10,2021-01-04 05:24:20,67.6,91.2,124.34969620998113,24.50588235294118,22.429411764705883
1561,2021-01-04 05:24:41,2021-01-04 05:42:01,91.6,97.6,133.307862037037,25.0,23.0
1562,2021-01-04 17:15:32,2021-01-04 18:53:28,4.0,93.6,122.55969920014884,28.722448979591835,27.092517006802723
1563,2021-01-05 01:26:45,2021-01-05 01:49:15,39.2,57.6,121.3715404589372,27.602941176470587,24.11764705882353
1564,2021-01-05 01:49:36,2021-01-05 02:18:06,57.6,79.6,122.34029147727277,29.13953488372093,25.912790697674417
1565,2021-01-05 02:18:27,2021-01-05 02:45:37,80.0,97.2,123.61595292312661,30.0,27.0
1566,2021-01-05 07:38:20,2021-01-05 08:07:30,83.2,97.6,124.2852983217593,26.0,23.0
1567,2021-01-06 00:27:56,2021-01-06 00:51:56,52.4,66.0,127.88298335375816,25.26206896551724,24.689655172413794
1568,2021-01-06 00:52:17,2021-01-06 01:09:24,66.4,76.0,125.46572582465288,26.0,25.01923076923077
1569,2021-01-06 06:03:00,2021-01-06 06:25:50,62.4,83.6,124.7923271095388,23.579710144927535,21.731884057971016
1570,2021-01-06 06:26:11,2021-01-06 06:55:11,83.6,97.6,124.87998115079368,24.64,23.0
1571,2021-01-06 13:07:37,2021-01-06 13:29:47,46.0,67.2,122.43712093815515,25.082089552238806,22.94776119402985
1572,2021-01-06 13:30:08,2021-01-06 13:56:38,67.6,90.0,124.58583054315471,26.7625,24.80625
1573,2021-01-06 20:46:33,2021-01-06 21:16:23,45.6,73.6,124.63592857142862,26.88888888888889,24.633333333333333
1574,2021-01-06 21:16:44,2021-01-06 21:44:04,74.0,94.8,121.7568261217949,28.733333333333334,26.69090909090909
1575,2021-01-07 15:03:30,2021-01-07 15:32:10,43.6,71.2,121.61133866747183,22.13872832369942,20.647398843930635
1576,2021-01-07 15:32:31,2021-01-07 15:59:11,71.6,92.8,123.15909361897275,24.459627329192546,22.82608695652174
1577,2021-01-07 22:52:48,2021-01-07 23:15:48,46.0,62.8,124.1154236937831,23.575539568345324,19.25179856115108
1578,2021-01-07 23:16:09,2021-01-07 23:44:49,62.8,84.4,123.69857355967073,27.0,22.815028901734102
1579,2021-01-08 13:24:29,2021-01-08 13:46:39,29.6,43.2,122.14769199346405,19.17910447761194,17.074626865671643
1580,2021-01-08 13:47:00,2021-01-08 14:30:30,43.2,70.4,114.99644475081698,21.395437262357415,19.479087452471482
1581,2021-01-08 14:30:51,2021-01-08 14:59:31,70.4,86.8,119.3834849254743,22.520231213872833,20.976878612716764
1582,2021-01-08 23:59:59,2021-01-09 00:28:59,18.4,46.8,122.77631758607201,25.497142857142858,21.485714285714284
1583,2021-01-09 00:29:20,2021-01-09 00:47:10,47.2,65.6,119.51389553140103,29.38888888888889,25.574074074074073
1584,2021-01-09 06:19:29,2021-01-09 06:50:09,11.2,31.6,121.43788984204791,26.216216216216218,20.605405405405406
1585,2021-01-09 06:50:30,2021-01-09 07:16:40,31.6,49.6,120.89966712962963,27.664556962025316,22.943037974683545
1586,2021-01-09 07:17:01,2021-01-09 07:47:21,49.6,70.8,119.00023860062893,29.349726775956285,24.715846994535518
1587,2021-01-09 07:47:42,2021-01-09 08:15:12,70.8,89.2,123.51899781099027,30.0,25.0
1588,2021-01-09 08:15:33,2021-01-09 08:33:33,89.6,97.6,129.5624822916666,29.908256880733944,25.431192660550458
1589,2021-01-09 16:28:54,2021-01-09 16:51:54,44.0,65.6,124.64701581790129,21.107913669064747,17.93525179856115
1590,2021-01-09 16:52:15,2021-01-09 17:19:15,66.0,89.2,123.07952646072798,23.41717791411043,20.588957055214724
1591,2021-01-09 17:19:36,2021-01-09 17:41:26,89.6,97.6,123.29865850694443,24.0,21.916666666666668
1592,2021-01-10 02:02:57,2021-01-10 02:32:43,56.8,84.4,123.83872630334135,22.816666666666666,20.038888888888888
1593,2021-01-10 12:35:20,2021-01-10 13:46:19,46.0,97.6,122.98992094099918,21.377110694183866,19.73170731707317
1594,2021-01-11 01:09:59,2021-01-11 02:36:19,28.0,97.6,122.44441889367816,26.791666666666668,23.844135802469136
1595,2021-01-11 08:00:05,2021-01-11 08:26:45,80.4,95.2,124.75696846846853,21.0,16.987577639751553
1596,2021-01-11 17:33:40,2021-01-11 17:50:10,24.8,32.4,125.33261641081872,21.83,18.33
1597,2021-01-11 17:50:31,2021-01-11 18:21:11,32.4,49.6,118.86304909560721,25.90810810810811,22.475675675675674
1598,2021-01-11 18:21:32,2021-01-11 18:48:32,49.6,65.6,112.50000000000004,27.0,23.84049079754601
1599,2021-01-11 18:48:53,2021-01-11 19:18:13,65.6,82.0,119.24119241192408,27.0,24.0
1600,2021-01-11 19:18:34,2021-01-11 19:53:09,82.0,97.6,121.4885925925926,27.0,24.0
1601,2021-01-12 14:18:22,2021-01-12 14:51:02,24.4,42.8,124.47691983695654,22.390862944162436,19.95431472081218
1602,2021-01-12 14:51:23,2021-01-12 15:23:33,43.2,63.6,115.18859837962965,26.355670103092784,24.015463917525775
1603,2021-01-12 15:23:54,2021-01-12 16:03:28,63.6,86.4,120.45177350146199,27.0,25.0
1604,2021-01-12 20:33:32,2021-01-12 21:01:52,72.4,89.2,125.83256233465609,24.0,21.0
1605,2021-01-12 21:02:13,2021-01-12 21:23:43,89.6,97.6,123.86805781250001,24.0,21.0
1606,2021-01-13 02:19:33,2021-01-13 02:44:53,56.8,80.4,123.92597434086623,20.607843137254903,16.99346405228758
1607,2021-01-13 02:45:14,2021-01-13 03:04:14,80.8,92.8,120.03126678240739,21.06086956521739,18.0
1608,2021-01-13 03:09:45,2021-01-13 03:26:35,92.0,97.2,114.5540536858973,21.0,18.0
1609,2021-01-13 10:22:11,2021-01-13 10:45:21,47.2,59.6,123.52935875896058,22.435714285714287,19.228571428571428
1610,2021-01-13 10:45:42,2021-01-13 11:15:12,60.0,76.4,127.17227955623301,26.0,22.640449438202246
1611,2021-01-13 11:15:33,2021-01-13 11:47:33,76.8,94.0,125.28264171511626,26.00518134715026,23.40414507772021
1612,2021-01-13 16:35:19,2021-01-13 17:02:03,46.0,71.2,123.88239494047617,29.234567901234566,27.049382716049383
1613,2021-01-13 17:02:24,2021-01-13 17:31:34,71.6,94.4,124.53521777534107,30.789772727272727,28.676136363636363
1614,2021-01-14 02:39:19,2021-01-14 04:50:53,21.2,97.6,122.4049346476876,23.017223910840933,19.878419452887538
1615,2021-01-14 19:00:28,2021-01-14 21:19:22,15.2,97.6,122.57162289644019,26.715930902111324,25.450095969289826
1616,2021-01-15 02:40:32,2021-01-15 03:11:42,74.0,95.6,123.1455945859054,23.97872340425532,20.73404255319149
1617,2021-01-15 15:59:15,2021-01-15 16:16:25,18.8,35.2,122.47884662940385,24.509615384615383,22.865384615384617
1618,2021-01-15 16:16:46,2021-01-15 16:46:36,35.6,64.4,121.20757995756173,27.916666666666668,26.416666666666668
1619,2021-01-15 16:46:57,2021-01-15 17:14:47,64.8,89.6,122.12367265905021,30.583333333333332,29.398809523809526
1620,2021-01-15 17:15:08,2021-01-15 17:31:38,90.0,97.6,127.67913395467852,31.0,30.0
1621,2021-01-16 03:38:03,2021-01-16 05:07:58,42.8,95.2,123.82045539652249,25.445925925925927,22.04
1622,2021-01-16 15:28:12,2021-01-16 16:30:54,74.8,97.6,122.95976289961015,23.369426751592357,22.365180467091296
1623,2021-01-17 04:12:46,2021-01-17 04:34:46,24.8,45.6,123.52164282852564,22.834586466165412,20.992481203007518
1624,2021-01-17 04:35:07,2021-01-17 05:05:47,46.0,76.0,119.38519314814815,26.124324324324323,24.427027027027027
1625,2021-01-17 05:06:08,2021-01-17 05:36:48,76.4,97.2,120.8293342013889,27.843243243243244,26.0
1626,2021-01-17 17:40:51,2021-01-17 18:02:03,31.6,52.0,121.45562377450983,24.302325581395348,22.705426356589147
1627,2021-01-17 18:02:24,2021-01-17 18:26:34,52.4,75.6,121.70020270593874,27.19178082191781,25.69178082191781
1628,2021-01-17 18:26:55,2021-01-17 18:59:58,76.0,97.6,124.35977387474284,28.805,27.075
1629,2021-01-18 01:53:40,2021-01-18 02:20:30,32.4,59.2,123.45408794568822,27.82716049382716,23.438271604938272
1630,2021-01-18 02:20:51,2021-01-18 02:44:33,59.6,83.6,121.77755034722226,30.208333333333332,26.055555555555557
1631,2021-01-18 15:37:13,2021-01-18 16:13:43,24.0,58.8,123.67459494731801,24.936363636363637,23.46818181818182
1632,2021-01-18 16:14:04,2021-01-18 16:35:14,59.2,79.6,122.37067088779963,28.5,27.1875
1633,2021-01-18 21:59:39,2021-01-18 22:55:42,37.6,89.2,123.02541743916882,26.64608076009501,23.717339667458432
1634,2021-01-19 07:00:19,2021-01-19 08:21:02,34.0,97.6,122.45581522755067,27.084158415841586,23.50825082508251
1635,2021-01-23 11:40:11,2021-01-23 13:23:03,5.2,97.6,121.44966630741946,26.07383419689119,24.729274611398964
1636,2021-01-24 02:37:26,2021-01-24 04:01:11,24.8,97.6,120.65602361301895,27.968203497615264,25.934817170111288
1637,2021-01-24 08:50:01,2021-01-24 09:31:14,71.6,97.6,122.84002547542737,26.616129032258065,23.34193548387097
1638,2021-01-24 18:51:14,2021-01-24 19:22:03,48.4,85.6,121.53891055107529,28.25,27.04310344827586
1639,2021-01-25 00:06:21,2021-01-25 00:37:31,57.2,87.2,120.67316560185188,29.340425531914892,26.75
1640,2021-01-25 00:37:52,2021-01-25 00:57:42,87.2,97.6,122.5734679487181,30.0,28.0
1641,2021-01-25 12:34:09,2021-01-25 13:03:19,44.8,74.8,119.98195328703707,27.698863636363637,25.96590909090909
1642,2021-01-25 13:03:40,2021-01-25 13:32:00,75.2,96.4,123.33924790356394,29.859649122807017,28.31578947368421
1643,2021-01-26 01:24:24,2021-01-26 01:41:54,26.8,33.2,118.53082009548608,26.0,24.0
1644,2021-01-26 01:42:15,2021-01-26 02:14:35,33.2,45.2,116.75925925925925,27.15897435897436,24.892307692307693
1645,2021-01-26 02:14:56,2021-01-26 02:42:16,45.2,56.0,109.67078189300415,28.193939393939395,26.33939393939394
1646,2021-01-26 02:42:37,2021-01-26 03:09:57,56.0,66.4,113.88888888888884,29.0,27.0
1647,2021-01-26 03:10:18,2021-01-26 03:41:28,66.4,77.6,120.59027827380963,29.0,27.111702127659573
1648,2021-01-26 03:41:49,2021-01-26 04:14:59,78.0,89.6,123.99186757662844,29.0,28.0
1649,2021-01-26 04:15:20,2021-01-26 04:38:50,89.6,97.6,127.29861180555557,29.0,28.0
1650,2021-01-26 17:15:28,2021-01-26 17:43:58,28.8,46.4,121.72035527146467,28.569767441860463,27.02906976744186
1651,2021-01-26 17:44:19,2021-01-26 18:14:57,46.8,66.4,117.48103511904762,30.5752688172043,29.102150537634408
1652,2021-01-26 18:21:39,2021-01-26 18:48:29,70.8,87.2,122.99291344850944,31.0,30.0
1653,2021-01-27 02:47:50,2021-01-27 03:26:03,24.8,62.4,118.7269225694445,27.875,24.78448275862069
1654,2021-01-27 03:26:24,2021-01-27 03:55:24,62.8,89.2,122.10544055134677,31.257142857142856,28.451428571428572
1655,2021-01-27 14:35:45,2021-01-27 15:02:05,22.8,39.2,120.1591873306233,27.38364779874214,26.40880503144654
1656,2021-01-27 15:02:26,2021-01-27 15:34:06,39.6,59.6,118.41735534722224,29.403141361256544,28.403141361256544
1657,2021-01-27 15:34:27,2021-01-27 16:01:37,60.0,76.8,120.89699776785716,31.0,29.963414634146343
1658,2021-01-27 16:01:58,2021-01-27 16:34:08,77.2,96.4,124.08346990740739,31.551546391752577,30.262886597938145
1659,2021-01-28 02:07:15,2021-01-28 02:31:35,34.8,50.0,120.0685309758772,26.877551020408163,24.741496598639454
1660,2021-01-28 02:31:56,2021-01-28 02:57:26,50.0,66.4,116.61585365853655,28.558441558441558,26.571428571428573
1661,2021-01-28 02:57:47,2021-01-28 03:25:07,66.4,83.6,119.20381314599493,29.0,27.163636363636364
1662,2021-01-28 03:25:28,2021-01-28 03:51:28,83.6,97.6,124.87303660714288,29.878980891719745,28.0
1663,2021-01-28 07:24:45,2021-01-28 07:47:45,85.6,97.6,121.8205972222222,27.035971223021583,24.985611510791365
1664,2021-01-29 11:03:25,2021-01-29 11:20:05,22.8,28.4,120.07938368055558,17.88118811881188,16.0
1665,2021-01-29 11:20:26,2021-01-29 11:48:16,28.4,37.6,122.22077611714973,18.49404761904762,17.05952380952381
1666,2021-01-29 11:48:37,2021-01-29 12:14:17,38.0,46.8,117.51583648989904,19.612903225806452,18.212903225806453
1667,2021-01-29 12:14:38,2021-01-29 12:42:38,46.8,57.2,108.1464006410256,20.680473372781066,19.349112426035504
1668,2021-01-29 17:34:38,2021-01-29 18:03:18,53.2,80.8,121.57007261473439,25.84971098265896,24.55491329479769
1669,2021-01-29 18:03:39,2021-01-29 18:30:09,80.8,97.6,123.9484420469577,27.0,26.0
1670,2021-01-30 07:18:01,2021-01-30 07:45:21,32.0,58.8,119.41492988184082,25.78787878787879,24.44242424242424
1671,2021-01-30 07:45:42,2021-01-30 08:15:12,59.2,87.2,121.64833680555557,28.758426966292134,27.280898876404493
1672,2021-01-30 08:15:33,2021-01-30 08:35:23,87.6,97.6,127.16804944444439,30.0,28.0
1673,2021-01-30 19:57:25,2021-01-30 20:22:05,39.6,63.6,120.17073449074074,26.966442953020135,25.322147651006713
1674,2021-01-30 20:22:26,2021-01-30 20:42:38,64.0,83.6,120.42972168367352,29.040650406504064,27.365853658536587
1675,2021-01-30 20:42:59,2021-01-30 21:06:59,84.0,97.6,125.97839491421574,30.0,28.0
1676,2021-01-31 04:27:06,2021-01-31 04:56:36,3.2,19.2,120.13975699913195,26.0,22.297752808988765
1677,2021-01-31 04:56:57,2021-01-31 05:24:27,19.6,35.2,117.52136752136751,26.518072289156628,23.271084337349397
1678,2021-01-31 05:24:48,2021-01-31 05:52:18,35.2,50.4,120.61403508771933,27.85542168674699,24.740963855421686
1679,2021-01-31 05:52:39,2021-01-31 06:21:29,50.4,66.4,120.13888888888884,29.298850574712645,26.442528735632184
1680,2021-01-31 06:21:50,2021-01-31 06:51:50,66.8,83.2,121.94783163956633,30.0,27.0
1681,2021-01-31 06:52:11,2021-01-31 07:20:21,83.2,97.6,127.54919087577167,30.0,27.0
1682,2021-02-01 00:56:56,2021-02-01 02:11:47,34.0,97.6,120.92632488207549,29.802491103202847,27.68683274021352
1683,2021-02-02 17:40:52,2021-02-02 18:00:21,61.2,77.2,121.6846375607639,23.102040816326532,22.19047619047619
1684,2021-02-03 14:17:26,2021-02-03 15:16:57,54.8,97.6,122.74549964953272,24.845637583892618,23.935123042505595
1685,2021-02-04 01:42:13,2021-02-04 01:59:23,28.4,45.2,119.21462268518519,26.71153846153846,24.46153846153846
1686,2021-02-04 01:59:44,2021-02-04 02:29:34,45.6,74.8,119.20710459474888,29.666666666666668,27.65
1687,2021-02-04 02:29:55,2021-02-04 03:00:35,75.2,97.6,124.88902585565481,31.27027027027027,29.708108108108107
1688,2021-02-04 14:30:14,2021-02-04 14:56:44,24.0,50.0,119.40333114316242,28.99375,27.0375
1689,2021-02-04 14:57:05,2021-02-04 15:25:35,50.0,78.4,117.50735401995304,32.27906976744186,30.38953488372093
1690,2021-02-04 15:25:56,2021-02-04 15:52:46,78.4,97.6,121.50392042824083,33.74074074074074,31.950617283950617
1691,2021-02-04 23:59:32,2021-02-05 01:03:18,28.4,89.2,120.4541409539474,32.08977035490605,29.48643006263048
1692,2021-02-05 13:28:51,2021-02-05 13:56:51,34.4,52.4,116.14820000000003,27.94674556213018,26.384615384615383
1693,2021-02-05 13:57:12,2021-02-05 14:27:52,52.8,72.0,119.17973278356482,29.805405405405406,28.43243243243243
1694,2021-02-05 14:28:13,2021-02-05 14:55:33,72.4,89.2,121.42944808201062,30.490909090909092,29.006060606060608
1695,2021-02-05 14:55:54,2021-02-05 15:12:54,89.2,97.6,124.38327496693131,31.0,29.990291262135923
1696,2021-02-06 00:10:00,2021-02-06 01:12:02,20.4,80.4,120.28931868055554,33.027896995708154,30.56008583690987
1697,2021-02-06 17:40:31,2021-02-06 19:06:50,16.4,94.8,120.16659856150793,33.08641975308642,31.682098765432098
1698,2021-02-07 05:49:30,2021-02-07 06:18:10,26.4,42.0,122.20082407407405,26.595375722543352,23.826589595375722
1699,2021-02-07 06:18:31,2021-02-07 06:49:21,42.4,60.0,116.50091777146463,28.231182795698924,25.456989247311828
1700,2021-02-07 06:49:42,2021-02-07 07:19:52,60.4,77.2,119.41465310846557,29.0,26.0
1701,2021-02-07 07:20:13,2021-02-07 07:47:53,77.2,92.0,124.31490897147151,29.0,26.0
1702,2021-02-08 10:10:16,2021-02-08 10:44:46,30.8,50.0,119.79166666666667,23.72596153846154,22.778846153846153
1703,2021-02-08 10:45:07,2021-02-08 11:16:57,50.0,68.4,115.33816425120769,25.84375,24.885416666666668
1704,2021-02-08 11:17:18,2021-02-08 11:51:38,68.4,87.2,121.74940898345157,27.028985507246375,26.082125603864736
1705,2021-02-08 11:51:59,2021-02-08 12:14:19,87.2,97.6,124.97731063034196,28.0,27.0
1706,2021-02-09 09:55:47,2021-02-09 10:25:57,35.2,53.6,114.49121663647341,24.46153846153846,22.87912087912088
1707,2021-02-09 10:26:18,2021-02-09 10:57:38,53.6,72.4,116.38886111111104,26.116402116402117,24.608465608465607
1708,2021-02-09 10:57:59,2021-02-09 11:26:19,72.4,88.8,120.64868411246617,27.0,25.17543859649123
1709,2021-02-09 11:26:40,2021-02-09 11:43:20,88.8,97.6,125.06941824494947,27.326732673267326,26.0
1710,2021-02-10 11:36:10,2021-02-10 12:14:31,16.8,54.8,118.16894799707605,20.36637931034483,18.95258620689655
1711,2021-02-10 12:14:52,2021-02-10 12:45:42,55.2,84.8,119.50639789789793,24.774193548387096,23.338709677419356
1712,2021-02-10 12:46:03,2021-02-10 13:10:53,85.2,97.6,121.6689237231184,26.0,24.76
1713,2021-02-10 20:29:32,2021-02-10 20:54:02,65.2,84.0,121.33054063238772,23.054054054054053,20.527027027027028
1714,2021-02-10 20:54:23,2021-02-10 21:22:14,84.4,97.6,125.28516161616172,24.0,21.609467455621303
1715,2021-02-11 06:58:42,2021-02-11 07:28:22,60.4,78.0,120.02842376893939,21.916201117318437,19.804469273743017
1716,2021-02-11 07:28:43,2021-02-11 07:59:53,78.0,94.8,122.17760135582014,22.51063829787234,20.52659574468085
1717,2021-02-11 23:32:18,2021-02-11 23:53:08,43.6,64.0,119.47373924291942,24.142857142857142,22.476190476190474
1718,2021-02-11 23:53:29,2021-02-12 00:21:19,64.0,89.6,119.0570980902778,26.339285714285715,24.595238095238095
1719,2021-02-12 00:21:40,2021-02-12 00:38:30,89.6,97.6,127.60242048611106,27.0,25.647058823529413
1720,2021-02-12 16:19:24,2021-02-12 16:41:54,2.4,10.8,116.23844262566139,25.0,24.0
1721,2021-02-12 16:42:15,2021-02-12 17:10:45,10.8,21.2,118.7580136217949,25.098837209302324,24.0
1722,2021-02-12 17:11:06,2021-02-12 17:41:26,21.2,32.8,113.31417624521075,26.202185792349727,24.868852459016395
1723,2021-02-12 17:41:47,2021-02-12 18:11:37,33.2,44.0,119.70936291152267,27.31111111111111,26.13888888888889
1724,2021-02-12 18:11:58,2021-02-12 18:30:28,44.0,50.8,117.89215686274517,28.026785714285715,27.0
1725,2021-02-12 19:00:34,2021-02-12 19:48:54,55.6,72.8,121.7700258397933,29.0,28.0
1726,2021-02-12 19:49:15,2021-02-12 20:20:45,73.2,84.4,121.87996081349203,29.0,28.0
1727,2021-02-12 20:21:06,2021-02-12 20:48:46,84.4,94.0,124.8900468750001,29.0,28.0
1728,2021-02-13 19:59:10,2021-02-13 21:28:50,18.4,97.6,119.15896028865043,29.956909361069837,28.841010401188708
1729,2021-02-14 13:39:32,2021-02-14 14:09:32,15.6,32.0,121.36015023712741,26.76795580110497,26.066298342541437
1730,2021-02-14 14:09:53,2021-02-14 14:39:33,32.4,48.8,120.0254571476965,28.59776536312849,27.75418994413408
1731,2021-02-14 14:39:54,2021-02-14 15:10:44,48.8,66.4,116.27529103535346,30.521505376344088,29.607526881720432
1732,2021-02-14 15:13:06,2021-02-14 15:44:16,67.6,84.8,120.30929675387596,31.0,30.0
1733,2021-02-15 02:50:25,2021-02-15 03:12:05,30.0,43.6,119.41281250000002,25.12213740458015,22.66412213740458
1734,2021-02-15 03:12:26,2021-02-15 03:36:42,44.0,59.6,116.92595185185188,26.610738255033556,24.449664429530202
1735,2021-02-15 03:37:03,2021-02-15 04:09:13,60.0,80.4,118.5226297657952,27.84536082474227,25.551546391752577
1736,2021-02-15 04:09:34,2021-02-15 04:31:34,80.4,94.0,120.18689767156867,28.0,26.0
1737,2021-02-16 00:41:02,2021-02-16 01:11:22,24.8,54.4,118.65239733483483,27.770491803278688,26.360655737704917
1738,2021-02-16 01:11:43,2021-02-16 01:41:23,54.4,83.2,119.230797501929,31.094972067039105,29.502793296089386
1739,2021-02-16 15:31:54,2021-02-16 16:39:01,33.2,94.0,119.97255126553364,29.716269841269842,28.515873015873016
1740,2021-02-17 19:33:09,2021-02-17 20:57:36,32.0,97.6,120.09686727853999,28.99211356466877,27.902208201892744
1741,2021-02-18 02:07:32,2021-02-18 02:37:22,62.8,89.6,121.46662411898843,30.644444444444446,27.7
1742,2021-02-18 13:19:38,2021-02-18 13:48:48,20.4,48.8,119.94181460289515,25.301136363636363,24.142045454545453
1743,2021-02-18 13:49:09,2021-02-18 14:17:39,49.2,77.6,117.0662226623631,29.186046511627907,28.093023255813954
1744,2021-02-18 14:18:00,2021-02-18 14:46:10,78.0,97.6,122.76149454365084,30.905882352941177,29.858823529411765
1745,2021-02-18 20:22:50,2021-02-18 20:43:10,61.6,81.6,118.75348243055561,30.91869918699187,28.479674796747968
1746,2021-02-18 20:43:31,2021-02-18 21:07:41,81.6,97.6,122.5243279513889,31.965753424657535,29.0
1747,2021-02-19 02:13:45,2021-02-19 03:27:32,44.4,97.6,121.27750539891397,29.339350180505416,26.29783393501805
1748,2021-02-20 20:33:09,2021-02-20 22:28:50,8.8,97.6,122.18976966810561,30.02880184331797,29.10483870967742
1749,2021-02-21 18:13:43,2021-02-21 18:33:20,22.0,40.8,122.41740460992906,29.6218487394958,28.159663865546218
1750,2021-02-21 18:33:41,2021-02-21 19:03:01,41.2,70.4,117.89906045471842,32.740112994350284,31.463276836158194
1751,2021-02-21 19:03:22,2021-02-21 19:37:52,70.8,97.6,123.14106737147598,34.71153846153846,33.01442307692308
1752,2021-02-22 00:49:45,2021-02-22 01:39:23,56.0,97.2,122.98612591693636,32.37265415549598,28.798927613941018
1753,2021-02-22 11:54:25,2021-02-22 12:28:34,60.8,91.2,121.85417529239766,27.867704280155642,26.330739299610894
1754,2021-02-22 20:58:20,2021-02-22 21:40:54,44.4,79.2,122.26971926085568,31.140625,30.16875
1755,2021-02-22 22:05:51,2021-02-22 22:22:32,82.4,93.2,122.59118900462964,32.86507936507937,31.0
1756,2021-02-23 02:52:03,2021-02-23 03:12:33,54.8,74.4,123.52112074829924,32.0,28.991935483870968
1757,2021-02-23 03:12:54,2021-02-23 03:43:34,74.8,97.6,124.03202966617934,33.0,30.427027027027027
1758,2021-02-24 02:33:53,2021-02-24 03:02:53,18.4,34.4,120.64928715277776,28.565714285714286,26.897142857142857
1759,2021-02-24 03:03:14,2021-02-24 03:34:14,34.4,52.0,117.32401144255047,30.46524064171123,28.78609625668449
1760,2021-02-24 03:34:35,2021-02-24 04:03:25,52.4,68.8,117.1239752710027,31.942528735632184,30.132183908045977
1761,2021-02-24 04:03:46,2021-02-24 04:33:16,68.8,85.2,119.81960391260156,32.48876404494382,31.0
1762,2021-02-24 04:33:37,2021-02-24 04:56:47,85.2,97.6,124.47243828405028,33.0,31.0
1763,2021-02-24 16:06:38,2021-02-24 16:28:48,25.6,37.6,120.10530349537036,29.134328358208954,28.111940298507463
1764,2021-02-24 16:29:09,2021-02-24 17:02:19,38.0,56.4,120.03848331823673,30.89,29.955
1765,2021-02-24 17:02:40,2021-02-24 17:22:14,56.8,67.6,120.61675303497942,32.11764705882353,31.19327731092437
1766,2021-02-24 17:22:35,2021-02-24 17:53:45,68.0,84.8,123.5168490410053,33.0,32.0
1767,2021-02-25 12:32:52,2021-02-25 13:36:55,24.0,86.0,120.33206084901435,30.41995841995842,28.893970893970895
1768,2021-02-25 20:48:17,2021-02-25 21:10:33,54.0,75.6,121.57641514917702,31.830882352941178,29.83823529411765
1769,2021-02-25 21:10:54,2021-02-25 21:38:24,76.0,96.8,122.26364710202992,33.0,31.0
1770,2021-02-26 10:51:00,2021-02-26 11:10:20,26.0,44.8,120.13963933215133,28.034188034188034,26.358974358974358
1771,2021-02-26 11:10:41,2021-02-26 11:44:01,45.2,77.6,119.99014107510293,31.19402985074627,29.51741293532338
1772,2021-02-26 11:44:22,2021-02-26 12:11:32,78.0,97.6,122.70764264455786,32.96951219512195,31.0
1773,2021-02-26 21:48:36,2021-02-26 22:17:16,20.4,38.0,122.59630366161618,25.040462427745666,22.15606936416185
1774,2021-02-26 22:17:37,2021-02-26 22:50:27,38.0,59.6,114.51134220679013,27.156565656565657,24.40909090909091
1775,2021-02-26 22:50:48,2021-02-26 23:19:38,59.6,78.0,118.04954302536234,28.442528735632184,26.0
1776,2021-02-27 05:15:14,2021-02-27 05:46:24,42.0,72.4,120.04067616959064,25.8031914893617,22.77127659574468
1777,2021-02-27 05:46:45,2021-02-27 06:13:55,72.8,94.4,121.69690014146086,27.853658536585368,25.48170731707317
1778,2021-02-27 19:03:11,2021-02-27 19:32:11,53.2,80.8,122.91969680958137,25.537142857142857,23.725714285714286
1779,2021-02-27 19:32:32,2021-02-27 20:00:02,81.2,97.6,121.99273577235779,27.0,25.451807228915662
1780,2021-02-28 02:28:57,2021-02-28 02:57:57,55.6,83.6,120.89237048611116,27.525714285714287,24.937142857142856
1781,2021-02-28 22:19:59,2021-02-28 22:49:39,33.6,62.8,118.56735521308978,27.46927374301676,26.24581005586592
1782,2021-02-28 22:50:00,2021-02-28 23:11:10,63.2,83.6,121.06753976034864,29.8125,28.6015625
1783,2021-03-01 10:03:23,2021-03-01 10:22:33,69.2,87.2,123.83179822530867,24.724137931034484,23.387931034482758
1784,2021-03-01 10:22:54,2021-03-01 10:46:04,87.6,97.6,125.14585722222222,25.542857142857144,24.0
1785,2021-03-01 16:57:11,2021-03-01 17:28:21,45.2,62.4,120.79941844315248,32.22872340425532,30.29787234042553
1786,2021-03-01 17:28:42,2021-03-01 17:58:22,62.8,78.8,123.60937482638887,33.0,31.0
1787,2021-03-01 17:58:43,2021-03-01 18:28:33,79.2,95.2,124.29861041666666,33.0,31.0
1788,2021-03-02 00:37:56,2021-03-02 00:54:56,55.2,64.4,119.48973429951685,30.0,26.825242718446603
1789,2021-03-02 00:55:17,2021-03-02 01:24:17,64.4,80.4,120.8142342013889,30.0,27.245714285714286
1790,2021-03-02 12:10:20,2021-03-02 12:30:10,59.6,70.0,123.81543314636751,22.975,21.308333333333334
1791,2021-03-02 12:35:47,2021-03-02 12:54:27,73.2,83.2,124.34999055555554,23.893805309734514,22.283185840707965
1792,2021-03-02 20:34:54,2021-03-02 21:05:44,39.6,58.8,120.71544921875005,25.258064516129032,23.903225806451612
1793,2021-03-02 21:06:05,2021-03-02 21:35:45,59.2,77.6,121.19265972222229,26.860335195530727,25.22905027932961
1794,2021-03-02 21:36:06,2021-03-02 22:01:46,77.6,93.2,122.80628080484325,27.26451612903226,26.0
1795,2021-03-03 04:17:04,2021-03-03 04:43:54,50.8,76.4,121.88533783637152,26.746913580246915,24.395061728395063
1796,2021-03-03 04:44:15,2021-03-03 05:15:45,76.8,97.6,124.30024345619664,28.03684210526316,26.231578947368423
1797,2021-03-03 16:37:21,2021-03-03 17:00:32,32.8,55.6,118.87440821150095,26.21276595744681,24.9645390070922
1798,2021-03-03 17:00:53,2021-03-03 17:32:23,55.6,86.4,119.60274071067822,29.18421052631579,28.11578947368421
1799,2021-03-03 17:32:44,2021-03-03 17:53:44,86.8,97.6,126.98051118827172,30.0,29.0
1800,2021-03-04 03:06:04,2021-03-04 03:32:54,50.8,76.4,122.40181103515621,26.537037037037038,24.179012345679013
1801,2021-03-04 13:42:40,2021-03-04 14:53:23,36.8,96.8,121.55794830092594,24.346516007532955,22.372881355932204
1802,2021-03-04 22:00:17,2021-03-04 22:23:27,42.8,58.8,120.51474592013886,24.12142857142857,22.042857142857144
1803,2021-03-04 22:23:48,2021-03-04 22:54:48,59.2,80.4,121.80161936582807,25.689839572192515,23.711229946524064
1804,2021-03-04 22:55:09,2021-03-04 23:25:19,80.4,97.6,122.19720663759703,26.802197802197803,24.96153846153846
1805,2021-03-06 03:56:39,2021-03-06 04:25:29,62.8,89.2,121.51832328493266,25.620689655172413,24.5
1806,2021-03-06 19:34:40,2021-03-06 19:51:30,11.6,22.0,121.14583573717948,25.0,23.872549019607842
1807,2021-03-06 19:51:51,2021-03-06 20:26:21,22.4,43.6,122.05188679245282,26.653846153846153,25.197115384615383
1808,2021-03-06 20:26:42,2021-03-06 20:57:32,43.6,63.6,115.62638902777778,29.150537634408604,27.682795698924732
1809,2021-03-06 20:57:53,2021-03-06 21:25:53,63.6,81.2,119.33712310606059,30.366863905325445,29.0
1810,2021-03-06 21:26:14,2021-03-06 21:55:44,81.2,97.6,124.36655818089437,31.06741573033708,29.60112359550562
1811,2021-03-07 01:04:06,2021-03-07 01:26:56,83.6,97.6,122.03872896825399,31.0,28.0
1812,2021-03-07 21:17:19,2021-03-07 21:46:09,40.4,58.8,117.7883715277778,25.85632183908046,24.879310344827587
1813,2021-03-07 21:46:30,2021-03-07 22:17:10,58.8,78.0,120.05789699074076,27.12972972972973,26.0
1814,2021-03-08 19:13:51,2021-03-08 20:33:47,36.8,97.6,121.64785576343205,28.283333333333335,26.915
1815,2021-03-09 02:49:33,2021-03-09 03:36:55,44.0,82.8,122.26909494558996,27.974719101123597,25.390449438202246
1816,2021-03-09 03:37:15,2021-03-09 04:03:35,83.2,97.6,125.71220794753096,29.251256281407034,27.0
1817,2021-03-09 14:10:29,2021-03-09 14:39:39,54.4,82.4,121.9370275297619,29.15340909090909,27.801136363636363
1818,2021-03-09 14:40:00,2021-03-09 15:05:40,82.8,97.6,124.17136608483487,30.73548387096774,29.36774193548387
1819,2021-03-10 01:35:55,2021-03-10 02:00:53,34.8,59.2,119.81491320582873,27.835526315789473,25.38157894736842
1820,2021-03-10 02:01:14,2021-03-10 02:33:44,59.6,89.6,120.9430717592593,30.428571428571427,28.198979591836736
1821,2021-03-10 13:57:23,2021-03-10 14:20:33,40.0,62.8,118.3400384381092,28.535714285714285,27.27857142857143
1822,2021-03-10 14:20:54,2021-03-10 14:47:34,62.8,88.0,120.1570857032628,30.732919254658384,29.59006211180124
1823,2021-03-10 22:48:16,2021-03-10 23:06:27,25.2,42.8,120.8146479008839,30.117117117117118,28.135135135135137
1824,2021-03-10 23:36:02,2021-03-11 00:05:12,68.0,92.4,123.10452026411656,34.63636363636363,32.72159090909091
1825,2021-03-11 05:36:50,2021-03-11 06:33:54,50.8,97.6,122.75191160493829,33.45687645687646,30.19114219114219
1826,2021-03-11 10:53:23,2021-03-11 11:25:40,72.8,97.6,120.96395011200718,30.728395061728396,27.91769547325103
1827,2021-03-12 13:31:33,2021-03-12 14:39:53,25.2,90.0,119.57816399819959,31.393762183235868,30.091617933723196
1828,2021-03-12 21:23:21,2021-03-12 22:14:59,38.0,87.6,121.28007473678318,35.31185567010309,33.33247422680412
1829,2021-03-12 22:21:25,2021-03-12 22:37:01,87.6,97.6,115.92005066666667,37.0,34.88135593220339
1830,2021-03-13 04:40:29,2021-03-13 05:10:39,22.4,51.6,121.29850913242011,34.84615384615385,31.35164835164835
1831,2021-03-13 05:11:00,2021-03-13 05:41:10,52.0,81.2,121.18483414193302,37.65934065934066,34.17032967032967
1832,2021-03-13 05:41:31,2021-03-13 06:02:51,81.6,96.4,123.62613222597585,38.24031007751938,35.0
1833,2021-03-13 15:46:52,2021-03-13 16:15:32,46.8,74.4,121.35820888687596,31.260115606936417,29.30057803468208
1834,2021-03-13 16:15:53,2021-03-13 16:45:43,74.8,96.8,124.55557727272728,32.96111111111111,31.322222222222223
1835,2021-03-14 05:44:31,2021-03-14 06:05:11,73.6,90.8,123.85902729328167,26.592,24.768
1836,2021-03-14 15:09:50,2021-03-14 15:40:20,63.2,90.4,121.65236774918301,29.679347826086957,28.26086956521739
1837,2021-03-15 01:23:45,2021-03-15 01:52:55,30.4,58.8,118.21694737871678,29.477272727272727,27.448863636363637
1838,2021-03-15 01:53:16,2021-03-15 02:11:18,58.8,76.0,120.57170542635657,32.10909090909091,30.29090909090909
1839,2021-03-15 02:11:38,2021-03-15 02:33:18,76.4,93.2,122.8298697916667,33.0,31.0381679389313
1840,2021-03-15 21:01:08,2021-03-15 21:29:58,35.6,64.4,116.79398070987652,32.6551724137931,31.011494252873565
1841,2021-03-15 21:30:19,2021-03-15 21:55:59,64.8,88.8,120.5451391203704,35.174193548387095,33.380645161290325
1842,2021-03-16 03:24:48,2021-03-16 03:54:10,71.2,95.2,119.12431686921296,31.959276018099548,29.0
1843,2021-03-16 08:47:28,2021-03-16 09:11:58,73.6,93.6,118.86945951388887,29.81081081081081,27.68918918918919
1844,2021-03-17 09:40:05,2021-03-17 11:15:05,21.2,97.6,118.20530509198663,30.757363253856944,29.46704067321178
1845,2021-03-17 15:48:45,2021-03-17 16:13:45,48.8,73.2,119.45640089936246,35.66225165562914,34.4635761589404
1846,2021-03-17 23:40:37,2021-03-18 00:07:37,43.6,70.4,117.58240479892206,34.760736196319016,32.25153374233129
1847,2021-03-18 00:07:58,2021-03-18 00:36:18,70.8,94.0,122.50599353448276,36.005847953216374,33.64912280701754
1848,2021-03-18 08:37:39,2021-03-18 08:57:29,37.6,57.2,118.36311359126988,31.275,28.75
1849,2021-03-18 09:29:31,2021-03-18 09:57:01,65.2,90.4,119.82310615079366,33.65060240963855,31.55421686746988
1850,2021-03-18 19:47:50,2021-03-18 20:14:10,38.0,64.0,118.22276244658119,34.666666666666664,33.0377358490566
1851,2021-03-18 20:14:31,2021-03-18 20:43:51,64.4,90.8,121.5198871527778,36.728813559322035,34.80790960451977
1852,2021-03-19 12:39:33,2021-03-19 13:11:53,79.6,97.6,120.29860393518517,30.553846153846155,29.50769230769231
1853,2021-03-20 01:12:42,2021-03-20 01:39:22,19.2,37.6,119.49956031099033,31.490683229813666,29.981366459627328
1854,2021-03-20 01:39:43,2021-03-20 02:07:03,38.0,56.8,115.95081235224586,33.666666666666664,32.127272727272725
1855,2021-03-20 02:07:24,2021-03-20 02:34:04,57.2,75.2,118.1859699074074,35.05590062111801,33.63975155279503
1856,2021-03-20 11:15:53,2021-03-20 11:39:53,6.8,30.4,118.8382897834275,33.220689655172414,31.248275862068965
1857,2021-03-20 11:40:14,2021-03-20 12:11:24,30.8,61.2,119.73593722587724,36.0531914893617,34.16489361702128
1858,2021-03-20 12:11:45,2021-03-20 12:38:35,61.6,87.2,122.41743420138889,38.73006134969325,36.74846625766871
1859,2021-03-20 12:38:56,2021-03-20 12:56:33,87.6,97.6,130.9837657361111,39.10280373831776,37.0
1860,2021-03-20 21:10:14,2021-03-20 21:29:34,25.2,44.0,118.99969370567376,35.93162393162393,33.05982905982906
1861,2021-03-20 21:29:55,2021-03-20 21:58:55,44.4,73.2,116.48532928240738,38.651428571428575,36.09142857142857
1862,2021-03-20 21:59:16,2021-03-20 22:26:36,73.6,95.2,121.88143614969131,40.0,37.806060606060605
1863,2021-03-21 03:54:45,2021-03-21 04:25:05,59.2,78.4,118.75291984953702,34.0,30.0
1864,2021-03-21 04:25:26,2021-03-21 04:52:06,78.8,95.2,120.46157020663952,34.0,30.93167701863354
1865,2021-03-21 16:50:59,2021-03-21 17:17:19,48.8,70.8,119.47852436868686,24.20125786163522,22.566037735849058
1866,2021-03-21 17:17:40,2021-03-21 17:47:10,71.2,93.6,120.60640500992068,25.634831460674157,24.286516853932586
1867,2021-03-22 13:14:58,2021-03-22 13:31:38,26.8,40.8,118.45438511904764,22.96039603960396,21.603960396039604
1868,2021-03-22 13:31:59,2021-03-22 14:00:19,40.8,65.6,113.66041330645164,25.596491228070175,24.350877192982455
1869,2021-03-22 14:00:40,2021-03-22 14:31:00,66.0,90.4,118.95607741347902,27.579234972677597,26.51366120218579
1870,2021-03-23 08:55:54,2021-03-23 09:16:14,29.2,49.6,117.08605419389977,21.73170731707317,20.78048780487805
1871,2021-03-23 09:16:35,2021-03-23 09:44:55,50.0,78.4,117.22515659233177,24.75438596491228,23.71345029239766
1872,2021-03-23 09:45:16,2021-03-23 10:14:16,78.8,97.6,119.21468594858158,26.377142857142857,25.0
1873,2021-03-23 15:33:51,2021-03-23 16:17:59,67.6,97.6,121.71371654814817,25.97590361445783,24.1144578313253
1874,2021-03-24 00:43:12,2021-03-24 01:05:32,37.6,59.6,119.22853598484848,24.962962962962962,22.807407407407407
1875,2021-03-24 01:05:53,2021-03-24 01:30:03,60.0,84.0,118.31712974537038,27.486301369863014,25.506849315068493
1876,2021-03-24 14:52:48,2021-03-24 15:21:48,58.0,86.4,119.45424237089202,25.942857142857143,24.497142857142858
1877,2021-03-24 15:22:09,2021-03-24 15:42:59,86.8,97.6,126.74644058641982,27.0,26.0
1878,2021-03-25 03:58:57,2021-03-25 04:22:27,14.4,37.2,119.56019712475634,27.302816901408452,25.281690140845072
1879,2021-03-25 04:22:48,2021-03-25 04:52:28,37.6,66.4,119.45988734567901,30.324022346368714,28.34078212290503
1880,2021-03-25 04:52:49,2021-03-25 05:23:49,66.8,92.8,123.51230496794872,32.63636363636363,30.609625668449198
1881,2021-03-25 13:15:21,2021-03-25 14:26:52,34.4,97.6,119.64446362078061,34.24953445065177,32.67411545623836
1882,2021-03-25 19:07:47,2021-03-25 19:32:27,60.8,74.4,118.14539820261429,34.95302013422819,32.0
1883,2021-03-25 19:32:48,2021-03-25 19:51:48,74.4,85.2,117.03829848251029,35.0,32.96521739130435
1884,2021-03-26 01:52:10,2021-03-26 02:13:10,40.8,61.2,119.49484061819172,32.25196850393701,29.322834645669293
1885,2021-03-26 02:13:31,2021-03-26 02:46:51,61.6,91.6,119.75465532407412,34.353233830845774,31.592039800995025
1886,2021-03-26 06:18:02,2021-03-26 06:48:32,75.2,97.6,123.04191418650798,33.0,29.652173913043477
1887,2021-03-26 20:24:13,2021-03-26 20:49:10,49.6,75.6,118.79478771367526,30.840425531914892,29.71808510638298
1888,2021-03-26 21:18:23,2021-03-26 21:44:56,76.4,97.6,115.88783588836485,31.945,30.85
1889,2021-03-27 21:04:45,2021-03-27 21:36:05,26.0,46.0,119.32780388888892,31.253968253968253,29.984126984126984
1890,2021-03-27 21:36:26,2021-03-27 22:07:36,46.4,66.8,116.36576620370374,32.8936170212766,31.78723404255319
1891,2021-03-27 22:07:57,2021-03-27 22:39:47,67.2,87.2,121.23197097222223,33.442708333333336,32.71875
1892,2021-03-27 22:40:08,2021-03-27 22:57:38,87.6,97.6,128.212485,34.0,33.0
1893,2021-03-28 02:38:12,2021-03-28 03:04:52,78.0,97.6,121.27906781462589,33.93167701863354,30.93167701863354
1894,2021-03-28 20:51:16,2021-03-28 21:16:46,34.4,59.6,117.73150462962964,36.103896103896105,34.62987012987013
1895,2021-03-28 21:17:07,2021-03-28 21:42:17,60.0,84.4,120.17644478597447,38.4078947368421,36.75
1896,2021-03-28 21:42:38,2021-03-28 22:02:58,84.8,97.6,125.35047504340282,39.0,37.0
1897,2021-03-30 03:23:28,2021-03-30 03:48:28,24.8,49.6,118.08861687948031,32.29139072847682,30.56953642384106
1898,2021-03-30 03:48:49,2021-03-30 04:20:49,50.0,81.6,118.5764064258088,35.41450777202073,33.601036269430054
1899,2021-03-30 04:21:10,2021-03-30 04:44:20,82.0,97.6,125.21547026353281,36.957142857142856,35.0
1900,2021-03-30 19:04:00,2021-03-30 19:56:34,27.6,79.6,117.79757009882479,36.60253164556962,35.48607594936709
1901,2021-03-30 20:24:27,2021-03-30 20:44:44,79.6,94.8,117.58764275402045,38.00653594771242,36.810457516339866
1902,2021-03-31 10:23:43,2021-03-31 11:06:57,62.4,97.6,121.76788788667932,30.603076923076923,28.93846153846154
1903,2021-03-31 18:46:43,2021-03-31 19:20:03,68.4,95.6,121.26380826184648,33.169154228855724,31.71144278606965
1904,2021-04-04 20:54:42,2021-04-04 21:24:02,33.6,63.2,115.25434187312314,29.54237288135593,28.271186440677965
1905,2021-04-04 21:37:04,2021-04-04 22:07:18,76.0,97.6,123.90140050154328,32.759562841530055,31.7103825136612
1906,2021-04-05 13:33:05,2021-04-05 14:01:15,42.8,70.8,116.75199970238097,30.711764705882352,28.888235294117646
1907,2021-04-05 14:01:36,2021-04-05 14:27:16,71.2,92.8,119.73767489711938,32.670967741935485,30.870967741935484
1908,2021-04-06 00:42:07,2021-04-06 03:28:55,36.0,88.8,117.94123541666667,29.54828411811652,28.192338387869114
1909,2021-04-06 12:10:39,2021-04-06 12:40:19,37.6,68.4,119.08415859487734,33.279329608938546,31.921787709497206
1910,2021-04-06 12:40:40,2021-04-06 13:11:00,68.8,94.8,122.99039391025642,35.885245901639344,34.595628415300546
1911,2021-04-06 22:24:06,2021-04-06 22:40:36,6.4,14.8,116.41866765873013,34.01,32.0
1912,2021-04-06 22:40:57,2021-04-06 23:09:07,14.8,28.0,116.29210848063975,34.0,32.0
1913,2021-04-06 23:09:28,2021-04-06 23:35:18,28.0,39.2,117.08707056051585,34.71153846153846,32.06410256410256
1914,2021-04-06 23:35:39,2021-04-07 00:04:09,39.2,50.4,118.7363846726191,35.44767441860465,33.0
1915,2021-04-07 00:04:30,2021-04-07 00:32:30,50.8,61.2,118.09297235576915,36.0,33.0
1916,2021-04-07 00:32:51,2021-04-07 00:58:11,61.2,70.8,117.88341160300932,36.0,33.0
1917,2021-04-07 00:58:32,2021-04-07 01:24:12,71.2,80.8,122.03127502893526,36.0,33.0
1918,2021-04-07 14:14:25,2021-04-07 14:50:50,29.6,66.0,116.61500483058612,31.10948905109489,29.722627737226276
1919,2021-04-07 14:52:18,2021-04-07 15:13:39,65.6,86.4,119.58654289529909,33.36645962732919,31.919254658385093
1920,2021-04-07 22:02:20,2021-04-07 23:05:27,34.4,92.8,119.09889252758754,34.87552742616034,32.80801687763713
1921,2021-04-08 04:53:45,2021-04-08 05:20:05,78.8,97.6,122.6433334810875,33.0,30.9937106918239
1922,2021-04-08 14:43:55,2021-04-08 15:14:25,30.8,61.6,116.82948336038964,28.467391304347824,26.005434782608695
1923,2021-04-08 15:14:46,2021-04-08 15:46:46,61.6,91.2,118.27188579204207,31.310880829015545,28.746113989637305
1924,2021-04-08 21:37:51,2021-04-08 22:28:25,60.8,97.6,121.87157651721017,28.721052631578946,26.5
1925,2021-04-09 08:12:37,2021-04-09 10:31:23,56.8,97.6,122.84622666462421,26.156580211335253,25.266090297790587
1926,2021-04-09 13:47:50,2021-04-09 14:06:29,85.2,96.4,121.29093191964282,27.0,25.605263157894736
1927,2021-04-09 19:13:38,2021-04-09 19:40:58,70.4,93.2,121.53326870126708,28.98787878787879,27.721212121212123
1928,2021-04-10 02:27:31,2021-04-10 02:53:07,43.2,59.6,117.15193877032523,27.52258064516129,25.29032258064516
1929,2021-04-10 02:53:28,2021-04-10 03:22:28,59.6,78.0,118.40959156099034,28.81142857142857,26.725714285714286
1930,2021-04-10 03:22:49,2021-04-10 03:46:08,78.4,92.4,123.8343463293651,29.156028368794328,27.43262411347518
1931,2021-04-10 08:02:47,2021-04-10 08:24:23,82.0,96.8,120.99701171171174,27.233128834355828,25.0
1932,2021-04-10 16:32:11,2021-04-10 17:04:46,44.8,76.8,118.98968098524307,33.35532994923858,31.98477157360406
1933,2021-04-10 17:05:07,2021-04-10 17:32:37,77.2,97.2,123.05001305555557,34.993975903614455,33.51204819277108
1934,2021-04-10 23:19:05,2021-04-11 00:01:39,48.0,83.6,119.72660158785892,33.13125,30.534375
1935,2021-04-11 00:01:59,2021-04-11 00:23:43,84.0,97.6,125.97632066993472,34.0,31.853658536585368
1936,2021-04-11 06:47:46,2021-04-11 07:18:36,47.2,66.0,119.45701056442084,30.43548387096774,27.70967741935484
1937,2021-04-11 07:18:57,2021-04-11 07:51:27,66.4,85.2,120.30956190898348,31.0,28.933673469387756
1938,2021-04-11 07:51:48,2021-04-11 08:13:28,85.6,97.2,125.34484674329494,31.297709923664122,29.015267175572518
1939,2021-04-11 23:23:13,2021-04-11 23:49:13,32.0,58.0,116.99948568376071,32.57324840764331,31.37579617834395
1940,2021-04-11 23:49:34,2021-04-12 00:12:12,58.4,80.8,118.08607686011908,34.94927536231884,33.68840579710145
1941,2021-04-12 14:01:12,2021-04-12 15:32:44,26.800001,97.6,119.60432401002659,34.71449275362319,33.54782608695652
1942,2021-04-13 01:57:51,2021-04-13 03:41:51,12.0,94.8,119.30489836017175,35.42125480153649,33.14852752880922
1943,2021-04-13 10:27:12,2021-04-13 10:56:02,56.4,79.2,119.91351017300195,32.95977011494253,30.862068965517242
1944,2021-04-13 10:56:23,2021-04-13 11:24:03,79.6,97.6,123.76777793209881,33.946107784431135,32.0
1945,2021-04-13 23:18:39,2021-04-13 23:44:59,30.8,57.2,116.63827735690235,33.918238993710695,32.459119496855344
1946,2021-04-13 23:45:20,2021-04-14 00:07:30,57.6,79.2,120.05660429526748,36.44776119402985,34.78358208955224
1947,2021-04-14 06:21:29,2021-04-14 06:44:19,41.6,56.4,116.45932066441442,33.60144927536232,31.471014492753625
1948,2021-04-14 06:44:40,2021-04-14 07:06:30,56.4,70.4,117.74409960317453,34.95454545454545,32.833333333333336
1949,2021-04-14 11:59:38,2021-04-14 12:29:58,48.0,67.2,118.48958333333333,33.56284153005465,32.486338797814206
1950,2021-04-14 12:30:19,2021-04-14 12:56:29,67.6,83.6,122.65625,34.0,33.0
1951,2021-04-14 19:21:33,2021-04-14 20:07:43,46.8,90.4,120.0279489169215,37.293948126801155,35.184438040345825
1952,2021-04-15 23:07:06,2021-04-16 00:01:16,58.0,90.0,120.02202044270835,28.14004914004914,27.513513513513512
1953,2021-04-16 19:41:11,2021-04-16 20:07:31,20.4,46.8,118.1676252104377,27.32704402515723,26.037735849056602
1954,2021-04-16 20:07:52,2021-04-16 20:37:52,47.2,78.0,115.5055175865801,30.900552486187845,29.679558011049725
1955,2021-04-16 20:38:13,2021-04-16 21:06:23,78.0,97.6,121.9005114087302,32.38823529411765,31.0
1956,2021-04-17 03:02:31,2021-04-17 03:52:01,55.6,97.2,120.78565088141025,30.577956989247312,27.583333333333332
1957,2021-04-17 15:45:13,2021-04-17 16:12:03,44.0,70.4,120.04261368897305,28.771604938271604,27.45679012345679
1958,2021-04-17 16:12:24,2021-04-17 16:41:04,70.8,94.4,120.36723175612047,31.387283236994218,29.710982658959537
1959,2021-04-18 11:51:41,2021-04-18 12:12:01,56.0,76.0,118.82709555555557,27.666666666666668,26.45528455284553
1960,2021-04-18 12:12:22,2021-04-18 12:41:36,76.4,97.6,122.5995919156185,29.27683615819209,28.073446327683616
1961,2021-04-19 14:08:27,2021-04-19 14:36:57,55.2,83.2,118.81399955357143,30.732558139534884,29.348837209302324
1962,2021-04-19 14:37:18,2021-04-19 14:59:28,83.6,97.6,124.95933958333335,32.0,30.940298507462686
1963,2021-04-20 20:42:22,2021-04-20 21:13:30,13.6,44.0,119.57320069444448,28.68617021276596,27.925531914893618
1964,2021-04-20 21:20:21,2021-04-20 21:40:31,50.4,70.0,120.08220734126982,32.74590163934426,32.08196721311475
1965,2021-04-20 21:40:52,2021-04-20 22:09:42,70.4,93.6,121.46193259099624,34.189655172413794,33.60344827586207
1966,2021-04-21 23:53:04,2021-04-22 00:23:14,70.0,94.8,121.45946628584232,31.478021978021978,30.043956043956044
1967,2021-04-22 11:37:50,2021-04-22 12:15:43,52.8,88.8,119.49653554783953,31.564912280701755,30.24561403508772
1968,2021-04-22 15:55:24,2021-04-22 16:25:14,58.8,88.0,119.14811953006088,36.888888888888886,35.4
1969,2021-04-22 16:25:35,2021-04-22 16:42:25,88.0,97.6,125.06946585648157,37.0,36.0
1970,2021-04-23 02:49:05,2021-04-23 03:18:25,12.8,41.6,118.74952252121913,35.76836158192091,33.0
1971,2021-04-23 03:18:46,2021-04-23 03:46:26,42.0,69.2,118.51512111928106,38.89221556886228,36.23353293413174
1972,2021-04-23 05:34:23,2021-04-23 06:02:43,58.4,82.4,118.93517476851846,40.005847953216374,36.69005847953216
1973,2021-04-23 06:03:04,2021-04-23 06:25:44,82.8,97.6,125.3387585397898,40.67153284671533,37.0
1974,2021-04-23 13:22:19,2021-04-23 14:11:13,30.8,62.0,117.55662475071225,37.52173913043478,36.15760869565217
1975,2021-04-23 17:11:14,2021-04-23 17:43:32,59.6,74.4,117.79357746809308,37.26639344262295,36.0
1976,2021-04-24 07:27:13,2021-04-24 07:54:33,63.2,87.6,119.22644438752282,32.472727272727276,31.606060606060606
1977,2021-04-24 07:54:54,2021-04-24 08:17:24,88.0,97.6,111.14296629050932,33.0,32.0
1978,2021-04-24 19:47:33,2021-04-24 20:06:44,30.4,49.6,116.7173137948495,36.76068376068376,34.94017094017094
1979,2021-04-24 20:07:05,2021-04-24 20:34:15,50.0,76.8,118.38827663764513,39.0609756097561,37.390243902439025
1980,2021-04-24 20:34:36,2021-04-24 21:02:06,77.2,97.2,123.04584638888892,40.0,38.0
1981,2021-04-25 06:24:26,2021-04-25 06:44:26,43.6,50.8,119.54288715277784,32.0,30.0
1982,2021-04-25 06:44:47,2021-04-25 07:15:47,50.8,62.0,119.02042881944439,32.967914438502675,30.59893048128342
1983,2021-04-25 07:16:08,2021-04-25 07:49:38,62.0,74.4,116.17392383512536,33.0,31.0
1984,2021-04-25 07:49:59,2021-04-25 08:18:39,74.4,84.4,123.2667622222222,33.0,31.0
1985,2021-04-25 08:19:00,2021-04-25 08:52:50,84.4,96.4,121.35422523148148,33.0,31.0
1986,2021-04-25 21:23:01,2021-04-25 21:57:51,32.4,55.2,114.83798842592594,30.685714285714287,29.052380952380954
1987,2021-04-25 21:58:12,2021-04-25 22:29:29,55.2,75.2,116.63572051388891,32.53439153439153,30.88888888888889
1988,2021-04-26 02:05:56,2021-04-26 02:32:06,17.6,43.6,118.6399795405983,31.90506329113924,29.17721518987342
1989,2021-04-26 02:32:27,2021-04-26 03:01:06,44.0,72.8,117.4365529320988,35.25433526011561,32.52023121387283
1990,2021-04-26 03:01:27,2021-04-26 03:25:47,73.2,93.6,122.16911322167763,36.87755102040816,34.0
1991,2021-04-26 14:28:01,2021-04-26 15:12:51,58.8,96.4,120.97396512632979,29.626112759643917,28.1513353115727
1992,2021-04-27 00:32:59,2021-04-27 01:28:54,42.4,93.2,119.02447742508748,29.82857142857143,28.021428571428572
1993,2021-04-27 06:49:40,2021-04-27 07:46:30,51.2,97.6,120.8827077765805,30.49648711943794,28.330210772833723
1994,2021-04-27 17:55:29,2021-04-27 18:46:19,55.6,97.6,121.43831173280427,28.57068062827225,27.217277486910994
1995,2021-04-28 15:18:21,2021-04-28 16:21:28,36.0,93.6,118.66453391203706,28.38818565400844,26.72573839662447
1996,2021-04-29 02:31:22,2021-04-29 03:56:06,20.8,97.6,118.14385015552662,30.4748427672956,28.517295597484278
1997,2021-04-30 02:10:12,2021-04-30 03:00:22,47.6,92.8,120.19992565757131,29.397877984084882,27.957559681697614
1998,2021-04-30 13:24:41,2021-04-30 14:03:28,34.0,72.8,118.3930526131157,34.01709401709402,32.12820512820513
1999,2021-04-30 14:03:49,2021-04-30 14:21:02,73.2,89.2,119.37770802951393,36.0,34.40952380952381
2000,2021-05-01 11:24:27,2021-05-01 11:55:07,55.2,85.6,118.95150552814331,31.237837837837837,30.4
2001,2021-05-02 09:00:59,2021-05-02 09:32:59,35.6,67.2,117.84768191807318,31.05181347150259,30.015544041450777
2002,2021-05-02 09:33:20,2021-05-02 10:03:10,67.6,92.8,121.89485229276895,33.544444444444444,32.46111111111111
2003,2021-05-02 17:05:55,2021-05-02 17:26:15,46.0,63.2,117.73178092700259,35.5609756097561,32.28455284552845
2004,2021-05-02 17:26:36,2021-05-02 17:54:06,63.6,86.4,120.26196381578946,36.7289156626506,33.09036144578313
2005,2021-05-02 17:54:27,2021-05-02 18:12:27,86.8,97.6,125.38840110596713,37.0,34.0
2006,2021-05-03 19:00:30,2021-05-03 19:21:30,32.8,50.4,119.63701452020207,27.188976377952756,26.236220472440944
2007,2021-05-03 19:51:32,2021-05-03 20:20:22,74.0,94.8,121.83629407051284,30.942528735632184,30.0
2008,2021-05-04 03:19:55,2021-05-04 03:39:05,36.4,52.4,119.76390065972224,36.36206896551724,33.62931034482759
2009,2021-05-04 04:49:09,2021-05-04 05:19:09,77.6,96.0,121.18737047101446,37.0,34.0
2010,2021-05-04 13:27:09,2021-05-04 13:46:29,52.0,71.2,117.46817173032404,34.888888888888886,33.666666666666664
2011,2021-05-04 13:46:50,2021-05-04 14:11:50,71.6,92.4,121.4857150774572,35.980132450331126,34.82119205298013
2012,2021-05-04 14:12:11,2021-05-04 14:29:51,92.8,99.2,129.032122829861,36.0,35.0
2013,2021-05-05 00:02:14,2021-05-05 00:36:54,42.0,77.2,115.12548934659091,32.09090909090909,29.885167464114833
2014,2021-05-05 00:37:45,2021-05-05 01:05:15,78.0,97.6,122.93368154761912,33.8855421686747,31.512048192771083
2015,2021-05-05 05:10:18,2021-05-05 05:30:48,54.4,65.6,118.98313477182545,33.0,30.0
2016,2021-05-05 05:31:09,2021-05-05 06:02:19,66.0,83.2,120.80103359173124,33.0,30.04255319148936
2017,2021-05-05 06:02:40,2021-05-05 06:29:10,83.6,97.6,123.23313382936509,33.21875,31.0
2018,2021-05-05 18:24:28,2021-05-05 18:44:18,12.4,29.6,117.96754909560723,34.975,32.93333333333333
2019,2021-05-05 18:44:39,2021-05-05 19:13:29,30.0,54.4,118.05443027094718,36.90229885057471,34.798850574712645
2020,2021-05-05 19:28:38,2021-05-05 19:47:18,65.6,80.4,118.06495251501492,39.0,37.0
2021,2021-05-06 01:59:03,2021-05-06 02:18:23,3.2,16.4,121.55202262205387,38.0,35.0
2022,2021-05-06 02:18:44,2021-05-06 02:50:44,16.4,39.2,116.32252016325535,38.30569948186528,35.3419689119171
2023,2021-05-06 02:51:05,2021-05-06 03:20:35,39.6,60.0,119.83118355119831,39.938202247191015,36.848314606741575
2024,2021-05-06 03:20:56,2021-05-06 03:51:06,60.4,81.2,120.324562366453,41.0,38.0
2025,2021-05-06 03:51:27,2021-05-06 04:17:47,81.6,97.6,126.05646276041666,41.0,37.496855345911946
2026,2021-05-06 06:35:20,2021-05-06 07:16:49,64.4,97.6,120.91589539407634,39.19551282051282,34.77884615384615
2027,2021-05-06 21:01:08,2021-05-06 21:49:50,38.4,85.6,119.01484994114881,34.33879781420765,33.13387978142077
2028,2021-05-07 02:47:05,2021-05-07 03:39:29,49.2,95.6,119.65015658524906,35.50253807106599,33.30203045685279
2029,2021-05-07 15:15:13,2021-05-07 16:16:04,24.4,85.2,117.0569200063962,39.53610503282276,37.64113785557987
2030,2021-05-07 23:31:20,2021-05-08 00:24:10,37.2,88.8,118.87187257751938,39.82619647355164,37.31738035264484
2031,2021-05-08 19:24:35,2021-05-08 19:50:55,12.4,38.4,118.25802067307694,39.64779874213836,37.76100628930818
2032,2021-05-08 19:51:16,2021-05-08 20:21:46,38.8,68.8,118.66250606481483,42.30434782608695,40.23913043478261
2033,2021-05-08 20:22:07,2021-05-08 20:51:57,69.2,94.0,122.88587259184591,43.96111111111111,41.46111111111111
2034,2021-05-09 02:18:19,2021-05-09 02:46:49,34.0,62.0,118.68006135912698,39.55232558139535,36.36046511627907
2035,2021-05-09 06:22:51,2021-05-09 07:50:14,22.4,94.0,119.0820195065177,39.78048780487805,36.701219512195124
2036,2021-05-09 19:56:37,2021-05-09 21:09:28,10.0,82.0,118.0032042013889,40.21206581352833,38.48811700182815
2037,2021-05-10 01:40:43,2021-05-10 02:37:33,42.8,94.8,119.25480093215812,40.28103044496487,37.414519906323186
2038,2021-05-10 09:10:52,2021-05-10 09:29:02,51.2,62.8,117.47485811781615,35.88181818181818,33.0
2039,2021-05-10 09:29:23,2021-05-10 09:47:03,62.8,74.0,118.3035714285714,36.0,33.99065420560748
2040,2021-05-10 10:00:14,2021-05-10 10:32:54,76.0,96.0,120.71874270833334,36.243654822335024,34.0
2041,2021-05-10 19:28:27,2021-05-10 20:00:07,20.8,52.0,118.35203276353276,40.382198952879584,38.82722513089005
2042,2021-05-10 20:00:28,2021-05-10 20:30:28,52.4,82.0,118.17614841403905,43.552486187845304,41.59668508287293
2043,2021-05-10 20:30:49,2021-05-10 20:53:39,82.4,97.6,124.9223387244153,44.0,42.0
2044,2021-05-11 16:21:21,2021-05-11 16:40:21,19.6,32.8,119.31191393097652,38.13913043478261,36.55652173913043
2045,2021-05-11 16:40:42,2021-05-11 17:08:32,33.2,53.2,115.45629118055554,39.69642857142857,38.345238095238095
2046,2021-05-11 22:50:38,2021-05-11 23:49:12,14.4,72.4,118.17532662356322,40.252272727272725,38.111363636363635
2047,2021-05-12 13:13:16,2021-05-12 14:51:36,1.6,84.0,119.28878858717636,40.0650406504065,38.71815718157182
2048,2021-05-13 01:34:33,2021-05-13 01:59:33,30.8,57.2,117.15279797979798,37.973509933774835,36.43046357615894
2049,2021-05-13 01:59:54,2021-05-13 02:31:34,57.6,89.6,118.45922712673614,40.72251308900523,39.35602094240838
2050,2021-05-13 13:52:18,2021-05-13 14:21:38,48.8,66.8,118.39122677469138,37.847457627118644,35.69491525423729
2051,2021-05-13 14:21:59,2021-05-13 14:53:09,67.2,85.2,120.45063248456789,38.1063829787234,36.0
2052,2021-05-13 20:09:42,2021-05-13 20:32:02,40.0,62.0,118.3838356060606,39.05185185185185,36.94814814814815
2053,2021-05-13 20:32:23,2021-05-13 21:01:23,62.4,89.6,119.7549005310458,40.70857142857143,38.56
2054,2021-05-14 04:03:32,2021-05-14 04:24:42,35.2,46.8,118.57517782567055,36.5546875,34.03125
2055,2021-05-14 04:25:03,2021-05-14 04:57:43,47.2,65.6,118.164231884058,37.7258883248731,35.38578680203046
2056,2021-05-14 04:58:04,2021-05-14 05:28:44,66.0,83.2,118.70153423772607,38.0,36.0
2057,2021-05-14 05:29:05,2021-05-14 05:55:45,83.2,97.6,123.31692274305558,38.0,36.0
2058,2021-05-14 21:03:45,2021-05-14 21:39:22,29.6,64.8,117.96918793797349,34.35648148148148,32.263888888888886
2059,2021-05-14 21:39:43,2021-05-14 22:10:47,65.2,92.4,119.6125500510621,36.941489361702125,34.75
2060,2021-05-15 04:27:22,2021-05-15 04:53:52,26.0,52.4,117.13331476220539,36.3875,33.83125
2061,2021-05-15 04:54:13,2021-05-15 05:15:13,52.8,73.6,117.81851262019232,38.818897637795274,36.574803149606296
2062,2021-05-15 12:30:35,2021-05-15 13:54:46,30.8,97.6,119.72077157351964,38.05537974683544,36.54430379746835
2063,2021-05-16 13:54:58,2021-05-16 15:01:01,17.2,82.8,117.3621091526931,40.431451612903224,38.54838709677419
2064,2021-05-16 18:38:01,2021-05-16 19:10:31,51.6,84.0,118.59781777263376,43.285714285714285,41.04081632653061
2065,2021-05-17 19:46:51,2021-05-17 20:13:01,32.4,51.2,116.24115817080376,38.24683544303797,36.677215189873415
2066,2021-05-17 20:13:22,2021-05-17 20:42:52,51.6,72.4,118.42550440705128,39.758426966292134,38.13483146067416
2067,2021-05-18 01:56:33,2021-05-18 02:15:33,55.2,68.4,119.7569251893939,36.834782608695654,35.0
2068,2021-05-18 02:15:54,2021-05-18 02:43:54,68.8,88.4,118.87682532596367,37.0,35.289940828402365
2069,2021-05-18 15:27:28,2021-05-18 16:42:35,20.0,84.0,117.41324361328122,38.652482269503544,37.562056737588655
2070,2021-05-19 12:29:32,2021-05-19 13:52:47,28.0,95.6,118.36845115261343,38.1264,36.712
2071,2021-05-19 20:54:22,2021-05-19 21:24:22,56.4,86.0,118.44596227477477,39.86740331491713,38.34254143646409
2072,2021-05-19 21:24:43,2021-05-19 21:41:13,86.4,96.4,127.32641291666673,41.0,39.0
2073,2021-05-20 17:46:22,2021-05-20 18:10:42,42.0,66.4,116.3689734175774,39.3469387755102,38.142857142857146
2074,2021-05-20 18:11:03,2021-05-20 18:38:15,66.8,91.2,120.92168674863386,41.018181818181816,39.78181818181818
2075,2021-05-21 01:21:48,2021-05-21 02:02:54,38.4,79.2,117.76881292551742,40.5210355987055,38.10032362459547
2076,2021-05-21 05:39:42,2021-05-21 06:06:22,21.2,47.6,118.01032649410776,39.33540372670807,36.35403726708075
2077,2021-05-21 06:06:43,2021-05-21 06:35:53,48.0,77.2,116.69759893455097,42.35227272727273,39.44318181818182
2078,2021-05-21 12:13:17,2021-05-21 12:44:07,34.4,56.4,117.26012436868689,40.89247311827957,38.704301075268816
2079,2021-05-21 12:44:28,2021-05-21 13:06:58,56.4,72.4,117.65280121527772,42.0,40.0
2080,2021-05-21 16:28:55,2021-05-21 16:56:13,43.2,70.4,118.06200237949346,43.397590361445786,41.475903614457835
2081,2021-05-21 22:43:03,2021-05-22 00:14:35,28.0,85.2,118.35413054584305,42.148471615720524,39.93449781659389
2082,2021-05-22 08:22:17,2021-05-22 08:52:57,73.6,97.2,120.67268037900185,38.0,36.08108108108108
2083,2021-05-22 21:51:53,2021-05-22 23:09:56,11.6,88.8,118.26047528785261,41.76621160409557,40.29863481228669
2084,2021-05-23 04:08:01,2021-05-23 04:40:41,51.2,83.6,118.5168088134431,41.776649746192895,38.72081218274111
2085,2021-05-23 04:41:02,2021-05-23 05:02:12,83.6,97.6,123.6964526785714,42.296875,39.078125
2086,2021-05-23 14:04:13,2021-05-23 14:32:43,55.6,83.2,120.01612650966183,41.38953488372093,39.5
2087,2021-05-23 14:33:04,2021-05-23 14:54:24,83.6,97.6,123.19050376984131,42.0,40.0
2088,2021-05-23 22:14:23,2021-05-23 22:35:33,46.4,66.8,120.48000095315908,40.5390625,38.7109375
2089,2021-05-23 22:35:54,2021-05-23 23:03:04,67.2,91.6,119.02210416666672,41.96341463414634,40.21341463414634
2090,2021-05-24 09:00:48,2021-05-24 09:32:28,43.2,48.4,108.88359321581207,35.0,33.0
2091,2021-05-24 09:32:49,2021-05-24 10:12:39,48.4,53.2,104.25930613425916,35.0,33.0
2092,2021-05-24 10:13:00,2021-05-24 10:41:20,53.2,57.2,109.55907604166666,35.0,33.0
2093,2021-05-24 10:41:41,2021-05-24 11:08:31,57.2,60.8,122.60807870370387,35.0,33.0
2094,2021-05-24 11:08:52,2021-05-24 11:40:22,60.8,64.8,128.47575104166668,35.0,33.0
2095,2021-05-24 11:40:43,2021-05-24 12:13:53,65.2,69.6,113.32075770202042,34.61,33.0
2096,2021-05-24 12:14:14,2021-05-24 12:32:04,69.6,72.0,110.34727083333307,34.0,33.0
2097,2021-05-24 17:02:07,2021-05-24 17:23:27,24.0,44.8,119.09056196581196,36.4031007751938,33.968992248062015
2098,2021-05-24 17:23:48,2021-05-24 17:52:48,45.2,74.0,116.85283314043211,39.28,37.18857142857143
2099,2021-05-24 17:53:09,2021-05-24 18:11:39,74.4,90.8,121.10012042682938,40.892857142857146,38.848214285714285
2100,2021-05-25 03:55:47,2021-05-25 05:22:19,14.8,95.6,118.2506911028603,37.815384615384616,35.85076923076923
2101,2021-05-25 09:12:30,2021-05-25 09:37:10,71.6,92.8,119.66130575209644,37.651006711409394,35.0
2102,2021-05-25 17:10:41,2021-05-25 17:30:41,68.0,87.6,119.1851023242631,37.86776859504132,36.31404958677686
2103,2021-05-26 00:16:04,2021-05-26 01:10:06,47.6,95.6,119.50067231192132,37.21182266009852,35.30295566502463
2104,2021-05-26 12:03:08,2021-05-26 12:35:38,39.6,69.6,117.52964333333335,34.974489795918366,33.5969387755102
2105,2021-05-26 12:35:59,2021-05-26 12:55:29,69.6,87.6,117.59646790123462,36.63559322033898,35.220338983050844
2106,2021-05-27 11:56:46,2021-05-27 12:16:46,8.0,27.6,118.71032079081634,35.93388429752066,33.95867768595041
2107,2021-05-27 12:17:07,2021-05-27 12:45:27,28.0,56.4,116.34585847026607,37.9766081871345,36.27485380116959
2108,2021-05-27 12:45:48,2021-05-27 13:14:28,56.8,84.8,119.3864164186508,40.716763005780344,39.27745664739884
2109,2021-05-28 10:14:25,2021-05-28 11:41:45,15.6,96.4,119.07123799229919,37.1280487804878,35.8719512195122
2110,2021-05-28 18:53:02,2021-05-28 19:14:12,31.6,52.4,116.26469871794876,41.34375,39.6328125
2111,2021-05-28 19:14:33,2021-05-28 19:42:23,52.4,79.6,116.90870935457518,43.625,41.76190476190476
2112,2021-05-29 01:30:42,2021-05-29 01:59:42,48.8,73.6,117.40647838261651,40.925714285714285,38.14857142857143
2113,2021-05-29 02:00:03,2021-05-29 02:31:23,73.6,97.2,119.64454972928434,42.0,39.0
2114,2021-05-29 17:28:38,2021-05-29 17:48:48,59.6,76.8,117.30378779069773,33.9344262295082,31.639344262295083
2115,2021-05-29 17:49:09,2021-05-29 18:17:29,77.2,97.6,122.10104936002185,34.619883040935676,32.0
2116,2021-05-30 02:28:31,2021-05-30 02:57:51,29.2,58.4,116.96204685121768,33.03389830508475,31.180790960451976
2117,2021-05-30 02:58:12,2021-05-30 03:29:52,58.8,89.6,119.15538821248197,36.03664921465968,34.21465968586387
2118,2021-05-30 13:38:12,2021-05-30 14:08:02,43.2,62.4,116.00767795138891,38.25,36.68888888888889
2119,2021-05-30 14:08:23,2021-05-30 14:34:23,62.8,78.4,119.20763336894582,39.35031847133758,38.0
2120,2021-05-30 16:35:41,2021-05-30 16:49:33,73.200005,86.8,119.1078958484912,40.0,39.0
2121,2021-05-31 15:40:04,2021-05-31 16:09:04,21.2,49.6,118.89916084702661,39.04,37.42857142857143
2122,2021-05-31 16:09:45,2021-05-31 16:27:15,50.0,67.6,115.77730658143946,41.716981132075475,40.24528301886792
2123,2021-06-01 14:57:23,2021-06-01 15:24:33,13.2,40.0,118.30949885986732,30.71951219512195,29.78048780487805
2124,2021-06-01 15:24:54,2021-06-01 15:52:14,40.4,67.2,119.0376293014096,33.903030303030306,32.85454545454545
2125,2021-06-01 15:52:35,2021-06-01 16:14:25,67.6,88.4,122.50133934294864,36.22727272727273,34.666666666666664
2126,2021-06-02 00:11:44,2021-06-02 01:24:32,31.2,97.6,118.73745324966534,32.586837294332724,30.230347349177332
2127,2021-06-02 14:08:27,2021-06-02 14:39:57,19.6,50.8,117.75908457977211,34.536842105263155,33.10526315789474
2128,2021-06-02 14:40:18,2021-06-02 15:07:28,51.2,78.4,116.47059247344771,37.926829268292686,36.51829268292683
2129,2021-06-02 23:34:35,2021-06-03 00:02:45,26.4,50.8,115.93409619763206,32.96470588235294,30.476470588235294
2130,2021-06-03 00:03:06,2021-06-03 00:31:36,50.8,74.8,114.02778929398147,35.53488372093023,32.91279069767442
2131,2021-06-03 00:31:57,2021-06-03 00:53:37,74.8,91.6,118.22173999669315,36.038167938931295,34.0
2132,2021-06-03 06:13:19,2021-06-03 06:44:49,70.0,94.0,118.43982916666668,33.089473684210525,30.657894736842106
2133,2021-06-04 14:51:50,2021-06-04 15:10:00,10.0,28.0,117.7924428240741,29.972727272727273,28.381818181818183
2134,2021-06-04 15:10:21,2021-06-04 15:38:51,28.4,56.4,118.82540436507935,32.16860465116279,30.651162790697676
2135,2021-06-04 15:39:12,2021-06-04 16:11:02,56.8,87.6,120.66965174062052,35.416666666666664,33.723958333333336
2136,2021-06-05 00:19:26,2021-06-05 00:46:56,39.2,66.4,117.79716697303921,33.81325301204819,31.403614457831324
2137,2021-06-05 00:47:17,2021-06-05 01:14:27,66.4,92.0,118.20311621093754,35.957317073170735,33.5609756097561
2138,2021-06-06 02:33:01,2021-06-06 03:00:21,57.6,79.6,118.14584463383841,31.26060606060606,30.084848484848486
2139,2021-06-06 03:00:42,2021-06-06 03:23:12,79.6,96.0,118.0411775914634,32.0,31.0
2140,2021-06-06 06:47:51,2021-06-06 07:31:29,59.6,97.6,119.78801833333337,33.33841463414634,31.04268292682927
2141,2021-06-06 12:40:47,2021-06-06 13:01:27,81.2,97.2,121.11980190972224,36.872,35.0
2142,2021-06-07 01:31:28,2021-06-07 02:00:08,25.2,53.6,117.88684409233177,37.19653179190752,35.08092485549133
2143,2021-06-07 02:00:29,2021-06-07 02:30:39,54.0,84.0,117.27870398148148,40.142857142857146,38.027472527472526
2144,2021-06-07 15:29:12,2021-06-07 15:52:12,26.8,49.6,117.84844986598442,36.431654676258994,34.97841726618705
2145,2021-06-07 15:52:33,2021-06-07 16:22:23,50.0,79.6,117.59244092530032,39.327777777777776,37.93888888888889
2146,2021-06-07 16:22:44,2021-06-07 16:45:04,80.0,97.6,122.5276319444445,40.696296296296296,39.0
2147,2021-06-08 02:49:09,2021-06-08 03:11:29,56.0,78.0,118.56882184343436,35.58518518518518,33.54074074074074
2148,2021-06-08 03:11:50,2021-06-08 03:36:00,78.4,97.6,121.84462326388893,36.60958904109589,34.17123287671233
2149,2021-06-08 20:03:40,2021-06-08 20:24:20,57.2,77.6,118.26662091503275,37.656,35.84
2150,2021-06-08 20:24:41,2021-06-08 20:48:31,78.0,97.6,120.40179513888891,38.208333333333336,36.854166666666664
2151,2021-06-09 17:39:55,2021-06-09 18:02:05,44.8,66.8,117.6275345328283,38.11194029850746,36.73134328358209
2152,2021-06-09 18:02:26,2021-06-09 18:18:56,67.2,83.2,120.1875059027778,39.43,38.0
2153,2021-06-10 17:43:53,2021-06-10 18:03:53,27.2,44.4,116.97271689276485,37.33884297520661,35.56198347107438
2154,2021-06-10 18:04:14,2021-06-10 18:32:24,44.4,68.4,114.38600839120366,39.423529411764704,37.98235294117647
2155,2021-06-10 18:32:45,2021-06-10 19:03:05,68.4,92.0,118.69410534369116,40.967213114754095,39.0
2156,2021-06-11 13:22:03,2021-06-11 13:43:28,21.2,43.6,118.0385140438988,34.60769230769231,33.46923076923077
2157,2021-06-11 13:43:49,2021-06-11 14:12:09,44.0,74.0,116.52361731481481,37.98245614035088,36.865497076023395
2158,2021-06-11 14:12:30,2021-06-11 14:34:50,74.4,95.2,118.96702457264958,39.86666666666667,38.51851851851852
2159,2021-06-11 21:38:47,2021-06-11 22:02:47,34.0,57.6,117.92903742937852,37.62068965517241,35.04827586206896
2160,2021-06-11 22:03:08,2021-06-11 22:33:58,58.0,88.4,117.76637298976607,39.806451612903224,37.526881720430104
2161,2021-06-12 20:33:51,2021-06-12 21:01:11,58.4,85.2,119.16046019900497,34.60606060606061,33.32727272727273
2162,2021-06-13 05:39:47,2021-06-13 06:08:57,56.8,85.6,118.17033844521607,33.86931818181818,32.09090909090909
2163,2021-06-13 17:13:54,2021-06-13 17:37:14,21.2,44.4,118.3614849137931,34.312056737588655,32.156028368794324
2164,2021-06-13 18:04:35,2021-06-13 18:33:55,72.4,97.6,121.46661535493833,38.89265536723164,36.045197740113
2165,2021-06-14 15:39:01,2021-06-14 16:09:41,30.0,50.0,117.26529486111113,32.5945945945946,31.227027027027027
2166,2021-06-14 16:10:02,2021-06-14 16:40:12,50.4,69.6,116.08943518518524,34.64835164835165,33.53846153846154
2167,2021-06-14 16:40:33,2021-06-14 16:58:53,70.0,81.2,116.71504303075399,35.4954954954955,34.0
2168,2021-06-14 20:18:02,2021-06-14 21:04:28,60.0,97.6,119.0948682033097,35.739255014326645,33.739255014326645
2169,2021-06-15 02:53:39,2021-06-15 03:55:57,47.2,97.6,119.48192864858906,36.05982905982906,33.863247863247864
2170,2021-06-15 20:53:56,2021-06-15 21:21:16,11.6,38.8,117.39380075571897,34.915151515151514,34.21818181818182
2171,2021-06-15 21:21:37,2021-06-15 21:50:17,38.8,67.2,117.78707619327074,37.94219653179191,37.28901734104046
2172,2021-06-15 22:09:11,2021-06-15 22:28:41,81.6,97.6,118.47744010416667,40.95762711864407,39.94915254237288
2173,2021-06-16 11:36:10,2021-06-16 11:57:40,37.2,60.0,116.38950645711503,36.46153846153846,35.246153846153845
2174,2021-06-16 12:07:51,2021-06-16 12:28:52,64.8,86.8,117.85607001262628,39.3125,38.328125
2175,2021-06-16 20:53:14,2021-06-16 21:14:02,50.8,71.2,118.36627840413938,36.357142857142854,33.69047619047619
2176,2021-06-16 21:14:23,2021-06-16 21:44:13,71.2,97.6,119.75431286826603,37.85,35.477777777777774
2177,2021-06-17 00:37:13,2021-06-17 00:57:14,70.8,87.6,119.16072473544975,37.62251655629139,35.0
2178,2021-06-17 21:07:07,2021-06-17 21:55:19,16.8,65.6,116.76758078893444,37.439862542955325,36.25773195876289
2179,2021-06-17 21:55:40,2021-06-17 22:26:00,66.0,95.2,119.11481868340942,41.076502732240435,39.68852459016394
2180,2021-06-18 19:23:02,2021-06-18 20:18:14,34.4,80.0,117.99489517543857,38.28915662650602,37.272289156626506
2181,2021-06-18 20:26:38,2021-06-18 20:46:38,80.4,96.0,116.96511133903135,40.0,39.0
2182,2021-06-19 13:13:29,2021-06-19 13:40:51,62.0,88.8,119.42082635779441,36.728155339805824,35.38834951456311
2183,2021-06-20 14:16:57,2021-06-20 15:02:59,44.4,89.6,118.6943278023599,37.53757225433526,36.3757225433526
2184,2021-06-20 20:14:25,2021-06-20 20:38:15,34.0,57.6,117.74481756120527,40.451388888888886,38.6875
2185,2021-06-20 20:38:36,2021-06-20 21:06:06,58.0,84.8,119.57607452321727,42.765060240963855,40.795180722891565
2186,2021-06-22 09:50:02,2021-06-22 10:21:12,18.8,50.4,115.0843895042194,31.590425531914892,30.30851063829787
2187,2021-06-22 10:21:33,2021-06-22 10:48:23,50.8,77.6,116.7640932835821,34.907407407407405,33.44444444444444
2188,2021-06-22 10:48:44,2021-06-22 11:11:14,78.0,97.6,121.33361635487532,36.5735294117647,34.963235294117645
2189,2021-06-23 00:35:33,2021-06-23 01:02:23,48.0,75.2,114.98671721813724,33.98148148148148,32.15432098765432
2190,2021-06-23 01:02:44,2021-06-23 01:26:54,75.2,97.2,116.4659061868687,35.678082191780824,33.85616438356164
2191,2021-06-23 19:21:57,2021-06-23 19:39:31,26.8,38.4,115.76892159961692,31.19626168224299,29.345794392523363
2192,2021-06-23 19:39:52,2021-06-23 20:10:42,38.8,59.2,113.63291156045747,32.89784946236559,31.0
2193,2021-06-23 20:11:03,2021-06-23 20:38:53,59.6,77.2,114.04752138573232,34.595238095238095,32.535714285714285
2194,2021-06-24 14:09:45,2021-06-24 14:37:05,24.8,52.0,117.11344868259803,33.39393939393939,31.830303030303032
2195,2021-06-24 22:52:01,2021-06-24 23:45:29,30.800001,84.8,115.6281976680119,36.63681592039801,34.31592039800995
2196,2021-06-26 08:39:28,2021-06-26 10:03:42,16.8,97.6,117.21589373109185,31.1123417721519,29.901898734177216
2197,2021-06-26 17:53:57,2021-06-26 18:24:17,41.6,61.6,114.05973590277779,35.10382513661202,32.950819672131146
2198,2021-06-26 18:24:38,2021-06-26 18:50:38,62.0,78.0,117.22310251736113,36.52866242038217,34.0
2199,2021-06-26 18:50:59,2021-06-26 19:22:19,78.4,96.4,120.7484713734568,37.0,34.15343915343915
2200,2021-06-27 15:05:59,2021-06-27 15:34:29,31.2,60.4,114.94674486301373,37.75581395348837,36.69767441860465
2201,2021-06-27 15:34:50,2021-06-27 15:53:20,60.4,79.2,115.86954949763597,40.375,39.142857142857146
2202,2021-06-27 22:54:25,2021-06-27 23:23:15,23.2,52.0,116.29776017554012,35.98850574712644,34.132183908045974
2203,2021-06-28 13:20:08,2021-06-28 13:39:41,28.4,48.0,115.99053232709751,36.621848739495796,35.57142857142857
2204,2021-06-28 14:08:16,2021-06-28 14:25:26,76.8,93.6,118.90131307870374,40.91346153846154,39.77884615384615
2205,2021-06-30 13:24:16,2021-06-30 13:53:16,37.6,62.8,115.56219841269846,33.794285714285714,32.8
2206,2021-06-30 13:53:37,2021-06-30 14:23:07,62.8,88.0,117.62017945326278,36.54494382022472,35.52808988764045
2207,2021-07-01 05:05:50,2021-07-01 05:33:40,7.6,35.6,115.16567678571428,36.279761904761905,34.67261904761905
2208,2021-07-01 05:34:01,2021-07-01 06:07:01,36.0,68.8,116.56292577066394,39.175879396984925,37.30653266331658
2209,2021-07-01 06:07:22,2021-07-01 06:33:12,69.2,94.0,120.73869517249103,41.59615384615385,39.40384615384615
2210,2021-07-01 17:58:07,2021-07-01 18:22:37,18.4,42.8,116.36498747723132,39.513513513513516,37.722972972972975
2211,2021-07-01 18:22:58,2021-07-01 18:49:58,43.2,70.0,116.74129788557215,42.49079754601227,40.71165644171779
2212,2021-07-01 18:50:19,2021-07-01 19:16:39,70.4,93.6,119.63123024425293,44.477987421383645,42.710691823899374
2213,2021-07-02 18:15:56,2021-07-02 18:35:36,23.2,42.8,116.2436240787982,35.80672268907563,34.075630252100844
2214,2021-07-02 18:35:57,2021-07-02 19:01:57,43.2,69.2,115.85042905982905,38.789808917197455,37.32484076433121
2215,2021-07-02 19:02:18,2021-07-02 19:30:58,69.6,96.8,118.31853528390522,41.2485549132948,39.67052023121387
2216,2021-07-03 03:18:12,2021-07-03 03:40:32,39.6,59.6,112.02222986111113,39.08888888888889,36.74074074074074
2217,2021-07-03 03:40:53,2021-07-03 04:02:33,59.6,78.4,115.64273943557917,40.83206106870229,38.10687022900763
2218,2021-07-03 04:02:54,2021-07-03 04:23:24,78.8,96.0,118.00873078165375,41.07258064516129,39.0
2219,2021-07-03 13:06:12,2021-07-03 14:22:24,28.4,94.0,116.15559976498982,39.93356643356643,38.51398601398601
2220,2021-07-04 00:34:55,2021-07-04 01:32:27,31.2,89.6,115.25341737062409,38.861111111111114,37.041666666666664
2221,2021-07-04 06:42:54,2021-07-04 07:02:54,26.4,33.6,115.3028111496913,36.0,33.0
2222,2021-07-04 07:03:15,2021-07-04 07:29:05,33.6,42.8,116.53075030193239,36.0,33.53846153846154
2223,2021-07-04 07:29:26,2021-07-04 07:49:56,42.8,50.4,111.94074451754379,36.54032258064516,34.0
2224,2021-07-04 07:50:17,2021-07-04 08:13:17,50.4,58.8,113.63090674603176,37.0,34.78417266187051
2225,2021-07-04 08:13:38,2021-07-04 08:36:18,59.2,67.2,117.58328611111111,37.802919708029194,35.0
2226,2021-07-04 08:36:39,2021-07-04 08:57:39,67.2,74.8,114.6710065789474,38.0,35.0
2227,2021-07-04 08:58:00,2021-07-04 09:20:50,74.8,82.8,118.4478690972222,38.0,35.0
2228,2021-07-04 09:21:11,2021-07-04 09:44:31,83.2,91.2,121.04161805555556,37.87943262411348,35.0
2229,2021-07-04 09:44:52,2021-07-04 10:04:22,91.2,97.6,126.44526171875012,37.04237288135593,35.0
2230,2021-07-04 23:01:35,2021-07-04 23:56:58,35.6,83.6,115.26747274305558,39.30288461538461,37.71153846153846
2231,2021-07-05 03:05:47,2021-07-05 03:22:57,56.0,73.6,113.90310298295464,40.34615384615385,37.69230769230769
2232,2021-07-05 03:23:18,2021-07-05 03:41:08,73.6,91.6,115.56790709876546,41.0,38.80555555555556
2233,2021-07-05 16:11:30,2021-07-05 16:28:40,34.0,51.6,114.2605922506313,40.33653846153846,38.63461538461539
2234,2021-07-05 16:35:55,2021-07-05 16:53:35,58.8,76.8,114.9290313271605,42.822429906542055,41.16822429906542
2235,2021-07-06 00:16:07,2021-07-06 00:41:27,36.0,61.6,115.11721614583337,38.94117647058823,36.745098039215684
2236,2021-07-06 00:41:48,2021-07-06 01:09:18,62.0,89.6,115.92041832729474,41.3433734939759,38.873493975903614
2237,2021-07-06 06:17:53,2021-07-06 07:00:04,58.0,97.6,118.0594224256454,38.50788643533123,35.10094637223975
2238,2021-07-06 17:56:53,2021-07-06 20:50:08,2.4,97.6,120.07811155170403,39.78290993071594,37.86528098537337
2239,2021-07-07 19:59:06,2021-07-07 20:23:56,55.6,71.2,116.07195543091167,34.71333333333333,33.74
2240,2021-07-07 20:24:17,2021-07-07 20:54:37,71.2,89.6,115.99487749094214,35.612021857923494,34.04371584699454
2241,2021-07-08 17:22:53,2021-07-08 17:40:13,25.6,40.4,118.1569198573574,37.142857142857146,34.819047619047616
2242,2021-07-08 17:43:19,2021-07-08 18:02:09,43.2,59.6,113.37314888211387,38.94736842105263,36.91228070175438
2243,2021-07-08 18:02:30,2021-07-08 18:20:20,60.0,74.8,115.02065803303307,40.157407407407405,38.148148148148145
2244,2021-07-08 18:20:41,2021-07-08 18:39:11,74.8,89.2,118.60919598765429,41.0,38.964285714285715
2245,2021-07-09 01:57:36,2021-07-09 02:14:56,14.4,32.0,114.95107733585859,41.0,38.0
2246,2021-07-09 02:30:48,2021-07-09 02:49:08,48.4,66.4,117.75849328703704,43.73873873873874,40.828828828828826
2247,2021-07-09 12:29:57,2021-07-09 12:47:47,40.4,58.4,114.4182416666667,38.879629629629626,37.861111111111114
2248,2021-07-09 20:45:29,2021-07-09 21:03:39,35.6,54.0,114.50859488224636,40.836363636363636,39.27272727272727
2249,2021-07-09 21:04:00,2021-07-09 21:33:00,54.4,83.2,117.26803833912037,42.97142857142857,41.325714285714284
2250,2021-07-09 21:33:21,2021-07-09 21:49:51,83.6,97.6,120.91071567460321,44.0,42.0
2251,2021-07-11 00:01:46,2021-07-11 00:20:06,22.4,41.2,114.07359781323878,38.531531531531535,37.234234234234236
2252,2021-07-11 00:20:27,2021-07-11 00:37:37,41.6,58.8,116.75873756459956,40.67307692307692,39.03846153846154
2253,2021-07-11 14:06:00,2021-07-11 15:27:52,18.4,97.6,117.32239038159373,40.82439024390244,39.59674796747967
2254,2021-07-11 20:52:49,2021-07-11 21:10:59,63.6,82.0,115.08680034722221,42.0,39.981818181818184
2255,2021-07-11 21:11:20,2021-07-11 21:29:00,82.4,97.6,120.24489108187144,42.71028037383178,40.242990654205606
2256,2021-07-12 05:09:39,2021-07-12 06:08:32,41.2,97.6,117.33610421591807,38.80542986425339,36.61538461538461
2257,2021-07-12 13:40:28,2021-07-12 13:57:18,63.6,80.8,114.25227260981919,42.6764705882353,40.90196078431372
2258,2021-07-13 00:16:13,2021-07-13 01:48:27,5.2,85.6,114.77212098880597,41.33815028901734,39.01445086705202
2259,2021-07-13 04:09:41,2021-07-13 04:26:31,61.2,71.6,117.21823357371804,42.0,38.64705882352941
2260,2021-07-13 04:26:52,2021-07-13 04:45:32,71.6,83.2,113.59436613984666,42.0,39.0
2261,2021-07-13 04:45:53,2021-07-13 05:06:13,83.2,95.2,116.40973773148147,42.8130081300813,39.0
2262,2021-07-13 14:21:32,2021-07-13 14:38:52,40.4,52.0,116.46074413314176,41.76190476190476,40.20952380952381
2263,2021-07-13 14:39:13,2021-07-13 14:56:33,52.4,64.0,113.9104546216475,43.22857142857143,41.56190476190476
2264,2021-07-13 21:21:26,2021-07-13 21:43:56,31.2,50.8,115.18851218820865,40.529411764705884,38.86764705882353
2265,2021-07-13 21:44:17,2021-07-13 22:10:17,51.2,74.0,114.48101973684213,42.72611464968153,41.01910828025478
2266,2021-07-14 06:53:20,2021-07-14 07:10:40,24.4,42.0,115.07971827651514,38.180952380952384,35.44761904761905
2267,2021-07-14 07:11:01,2021-07-14 07:30:21,42.0,61.2,117.61936950231483,39.97435897435897,37.47008547008547
2268,2021-07-14 07:30:42,2021-07-14 07:48:12,61.6,78.8,118.8404495316538,41.87735849056604,39.45283018867924
2269,2021-07-14 07:48:33,2021-07-14 08:06:03,78.8,95.6,121.00778273809527,43.0,40.009433962264154
2270,2021-07-14 16:19:31,2021-07-14 16:54:13,39.6,74.4,116.05616218071518,42.90421455938697,41.82375478927203
2271,2021-07-15 11:55:07,2021-07-15 12:46:55,24.8,77.2,115.28753888888888,37.63753213367609,36.61953727506427
2272,2021-07-15 19:32:41,2021-07-15 19:51:41,49.2,68.8,113.92786529195014,38.95652173913044,36.38260869565217
2273,2021-07-16 13:06:27,2021-07-16 13:28:07,28.4,50.4,116.33585568181819,36.67175572519084,35.587786259541986
2274,2021-07-16 13:28:28,2021-07-16 13:52:08,50.8,75.2,114.6721206739526,39.32867132867133,38.46853146853147
2275,2021-07-17 05:03:28,2021-07-17 06:05:32,37.6,97.6,115.98385886574079,33.92489270386266,32.33047210300429
2276,2021-07-17 15:39:05,2021-07-17 16:02:05,20.0,43.2,116.02133219588123,37.87769784172662,36.273381294964025
2277,2021-07-17 16:02:26,2021-07-17 16:24:46,43.6,66.4,114.67290320419103,40.11851851851852,38.63703703703704
2278,2021-07-17 16:25:07,2021-07-17 16:47:17,66.8,88.8,117.9697220959596,41.917910447761194,40.0
2279,2021-07-18 01:47:34,2021-07-18 02:04:54,39.2,56.8,114.83032773042932,36.60952380952381,34.34285714285714
2280,2021-07-18 02:05:15,2021-07-18 02:24:25,57.2,76.4,116.34330389178236,38.63793103448276,36.543103448275865
2281,2021-07-18 02:24:46,2021-07-18 02:42:26,76.8,94.0,119.75855208333333,39.64485981308411,37.44859813084112
2282,2021-07-19 10:29:42,2021-07-19 10:49:22,54.8,74.4,115.48966404478453,35.66386554621849,34.53781512605042
2283,2021-07-19 10:49:43,2021-07-19 11:10:53,74.8,95.2,116.9151755174292,37.0,35.7421875
2284,2021-07-19 17:09:50,2021-07-19 17:58:50,51.6,97.6,118.1006942693237,37.22554347826087,35.47282608695652
2285,2021-07-21 10:02:54,2021-07-21 11:12:43,25.6,94.8,115.92971793111757,33.51145038167939,32.45992366412214
2286,2021-07-21 18:58:41,2021-07-21 19:20:31,62.0,84.0,115.23991565656566,33.96969696969697,32.28787878787879
2287,2021-07-22 13:32:26,2021-07-22 13:53:16,13.6,32.0,115.50801419082131,38.0,36.0
2288,2021-07-22 13:53:37,2021-07-22 14:21:57,32.0,56.8,113.9521821796595,39.09356725146199,37.32748538011696
2289,2021-07-22 20:35:31,2021-07-22 21:03:21,70.4,92.4,117.42678188131315,36.86904761904762,34.851190476190474
2290,2021-07-23 13:51:58,2021-07-23 14:09:48,15.6,30.8,117.31907839912279,39.96296296296296,38.06481481481482
2291,2021-07-23 14:10:09,2021-07-23 14:30:19,31.2,48.4,117.23837112403102,41.09836065573771,39.52459016393443
2292,2021-07-23 14:30:40,2021-07-23 14:48:00,48.8,63.6,117.10960885885882,43.03809523809524,41.50476190476191
2293,2021-07-23 18:48:45,2021-07-23 19:07:15,69.2,84.8,118.97347240028493,43.0,40.74107142857143
2294,2021-07-24 13:59:29,2021-07-24 14:20:59,10.4,29.2,115.03251374113476,40.97692307692308,38.96153846153846
2295,2021-07-24 14:21:20,2021-07-24 14:52:30,29.2,56.4,115.34006311274511,42.09574468085106,40.101063829787236
2296,2021-07-24 14:52:51,2021-07-24 15:19:41,56.8,79.6,118.62633570906434,44.629629629629626,42.71604938271605
2297,2021-07-24 15:20:02,2021-07-24 15:44:52,80.0,97.6,122.1851407039142,45.0,43.0
2298,2021-07-24 21:26:59,2021-07-24 21:46:59,44.4,57.6,114.10776367845116,44.446280991735534,41.710743801652896
2299,2021-07-24 21:47:20,2021-07-24 22:09:10,57.6,71.6,113.88394275793657,45.0,42.446969696969695
2300,2021-07-24 22:09:31,2021-07-24 22:29:41,72.0,84.0,119.03357835648147,45.0,42.02459016393443
2301,2021-07-25 06:49:02,2021-07-25 07:08:02,15.6,34.8,115.35806358506949,40.10434782608696,38.0
2302,2021-07-25 07:08:23,2021-07-25 07:27:43,35.2,54.8,114.95393161848078,41.82905982905983,39.58119658119658
2303,2021-07-25 07:28:04,2021-07-25 07:46:24,54.8,72.8,116.06944151234575,44.03603603603604,41.62162162162162
2304,2021-07-25 07:46:45,2021-07-25 08:07:25,73.2,91.2,121.11113549382715,45.0,42.384
2305,2021-07-26 01:13:57,2021-07-26 01:30:27,34.0,50.4,117.21543563685637,38.39,35.69
2306,2021-07-26 01:30:48,2021-07-26 01:49:30,50.8,70.0,113.46997141927082,40.46491228070175,37.666666666666664
2307,2021-07-26 01:49:51,2021-07-26 02:07:41,70.4,88.0,118.04056005366166,41.842592592592595,39.0
2308,2021-07-26 07:12:19,2021-07-26 07:28:59,70.8,85.2,115.54107069830242,38.663366336633665,36.0
2309,2021-07-26 18:45:08,2021-07-26 20:45:31,11.2,88.4,116.71772511334196,42.30011074197121,40.842746400885936
2310,2021-07-27 13:42:25,2021-07-27 13:59:05,46.4,63.6,114.14245801033593,42.98019801980198,41.13861386138614
2311,2021-07-27 20:07:22,2021-07-27 20:24:42,40.4,56.0,112.24182763532767,43.23809523809524,41.74285714285714
2312,2021-07-27 20:57:45,2021-07-27 21:14:25,80.8,94.0,118.57745643939393,45.0,43.91089108910891
2313,2021-07-28 01:33:28,2021-07-28 02:22:11,51.2,97.6,116.81927043223183,43.46994535519126,40.28688524590164
2314,2021-07-28 11:06:39,2021-07-28 11:46:58,54.0,94.0,117.4551071076389,39.947194719471945,37.85478547854785
2315,2021-07-28 19:38:07,2021-07-28 19:55:27,66.8,84.0,117.77132873062013,40.0,36.58095238095238
2316,2021-07-29 15:07:39,2021-07-29 15:24:09,30.0,46.8,114.43204621362437,42.78,40.85
2317,2021-07-29 18:31:05,2021-07-29 18:50:55,34.0,50.8,117.21562285052917,40.075,36.625
2318,2021-07-29 18:51:16,2021-07-29 19:20:36,51.2,76.4,115.55005588624338,41.898305084745765,38.610169491525426
2319,2021-07-29 19:20:57,2021-07-29 19:42:17,76.8,94.8,117.69909089506172,43.0,39.0
2320,2021-07-30 04:00:55,2021-07-30 05:21:56,19.2,97.6,116.59616432114512,38.51809210526316,36.24177631578947
2321,2021-07-30 11:44:47,2021-07-30 12:01:47,60.4,74.8,117.7363168402778,38.66990291262136,36.79611650485437
2322,2021-07-30 19:09:27,2021-07-30 19:27:47,22.4,38.4,115.20400842013889,37.45945945945946,36.108108108108105
2323,2021-07-30 19:28:08,2021-07-30 19:49:18,38.4,56.8,115.63633303140095,39.046875,37.5
2324,2021-07-30 20:06:20,2021-07-30 20:24:30,71.6,86.8,120.21382958698827,41.0,39.054545454545455
2325,2021-07-31 03:40:11,2021-07-31 04:08:01,54.4,82.0,116.8276987721417,38.732142857142854,36.589285714285715
2326,2021-07-31 04:08:22,2021-07-31 04:26:52,82.4,97.6,117.79149314692994,39.982142857142854,37.955357142857146
2327,2021-07-31 23:32:36,2021-07-31 23:56:26,11.6,27.6,116.41667230902779,36.0,34.638888888888886
2328,2021-07-31 23:56:47,2021-08-01 00:24:37,27.6,46.4,113.56902430555557,36.5,35.273809523809526
2329,2021-08-01 00:24:58,2021-08-01 00:55:58,46.4,66.4,115.72708888888883,38.44919786096256,36.94652406417112
2330,2021-08-01 00:56:19,2021-08-01 01:26:09,66.8,84.8,118.42131311728399,39.30555555555556,38.0
2331,2021-08-01 01:26:30,2021-08-01 01:49:00,84.8,97.6,121.16321050347226,40.0,38.0
2332,2021-08-01 05:18:38,2021-08-01 05:45:28,75.6,97.2,118.75450970936208,39.074074074074076,37.0
2333,2021-08-01 15:01:31,2021-08-01 15:32:11,33.2,64.0,115.32243641774893,42.924324324324324,40.79459459459459
2334,2021-08-02 12:43:02,2021-08-02 13:00:52,50.8,69.2,113.13934714673908,34.324074074074076,32.851851851851855
2335,2021-08-02 20:49:12,2021-08-02 21:19:42,40.8,71.6,116.11066761363642,41.07065217391305,39.59782608695652
2336,2021-08-02 21:20:03,2021-08-02 21:48:33,72.0,97.6,118.47820198567709,43.03488372093023,41.72674418604651
2337,2021-08-03 04:10:58,2021-08-03 04:29:58,52.8,71.6,118.12944606973998,37.904347826086955,35.19130434782609
2338,2021-08-03 04:30:19,2021-08-03 04:50:19,72.0,92.0,116.80695381944443,39.0,36.27272727272727
2339,2021-08-03 06:31:27,2021-08-03 06:48:35,77.6,94.4,118.33237179232796,40.0,37.0
2340,2021-08-03 12:44:43,2021-08-03 13:04:29,47.6,67.2,117.47343220663267,38.86577181208054,37.24832214765101
2341,2021-08-03 13:25:34,2021-08-03 13:54:00,67.6,95.2,117.85734646235908,40.48598130841121,39.046728971962615
2342,2021-08-04 00:32:34,2021-08-04 00:51:44,46.0,65.2,114.93056857638888,36.077586206896555,34.03448275862069
2343,2021-08-04 12:38:47,2021-08-04 12:59:17,34.8,52.4,113.92994436553035,33.92741935483871,32.58064516129032
2344,2021-08-04 12:59:38,2021-08-04 13:22:18,52.8,72.0,115.38124059606483,36.05797101449275,34.85507246376812
2345,2021-08-04 13:22:39,2021-08-04 13:47:59,72.4,93.2,119.1239523904915,37.169934640522875,36.06535947712418
2346,2021-08-04 20:41:18,2021-08-04 21:01:28,57.2,74.4,115.55476308139534,36.622950819672134,35.032786885245905
2347,2021-08-04 21:01:49,2021-08-04 21:19:59,74.8,90.0,117.99070641447366,37.21818181818182,36.0
2348,2021-08-06 02:06:28,2021-08-06 02:26:48,48.4,68.8,115.3152157543573,34.203252032520325,32.699186991869915
2349,2021-08-06 02:27:09,2021-08-06 02:45:29,69.2,87.6,115.36986277173918,35.666666666666664,34.027027027027025
2350,2021-08-06 16:12:51,2021-08-06 16:29:21,72.0,86.4,115.45523861882714,37.43,36.0
2351,2021-08-07 13:59:00,2021-08-07 14:15:50,46.4,63.6,114.35078585271323,37.72549019607843,35.94117647058823
2352,2021-08-08 01:16:57,2021-08-08 02:10:37,44.4,96.4,116.82656422809829,34.61042183622829,32.754342431761785
2353,2021-08-08 13:59:55,2021-08-08 14:20:15,45.6,58.8,113.45750441919196,34.63414634146341,33.50406504065041
2354,2021-08-08 14:20:36,2021-08-08 14:39:26,59.2,70.8,116.09197102490427,35.973684210526315,34.85087719298246
2355,2021-08-08 14:39:47,2021-08-08 14:59:27,71.2,82.8,117.9645742337166,36.0,35.0
2356,2021-08-08 21:48:23,2021-08-08 22:43:40,36.4,92.0,115.66530738409276,36.89423076923077,34.98076923076923
2357,2021-08-09 06:08:39,2021-08-09 06:29:19,67.6,88.4,115.87005495459395,36.792,34.528
2358,2021-08-09 16:03:15,2021-08-09 16:29:25,30.4,53.2,114.36406944444445,35.08860759493671,33.0
2359,2021-08-09 16:29:46,2021-08-09 16:54:46,53.6,75.2,115.32861053240744,37.602649006622514,35.397350993377486
2360,2021-08-09 16:55:07,2021-08-09 17:19:37,75.6,96.0,117.38769301470586,38.567567567567565,36.0
2361,2021-08-10 03:49:54,2021-08-10 05:07:14,23.2,97.6,116.72588593189968,35.566265060240966,33.760757314974185
2362,2021-08-10 14:51:14,2021-08-10 15:58:37,14.8,83.2,115.11553080125083,36.29388560157791,34.2879684418146
2363,2021-08-11 00:10:37,2021-08-11 00:27:57,38.8,56.4,114.95265593434343,33.68571428571428,31.923809523809524
2364,2021-08-11 00:28:18,2021-08-11 00:45:08,56.8,73.6,116.90062954695766,35.745098039215684,33.90196078431372
2365,2021-08-11 12:07:35,2021-08-11 12:28:25,47.2,68.8,112.91089834104942,32.75396825396825,30.92063492063492
2366,2021-08-11 12:28:46,2021-08-11 12:47:36,68.8,88.0,114.8047064525463,34.3859649122807,32.64035087719298
2367,2021-08-11 21:31:41,2021-08-11 22:40:34,18.4,88.0,115.74343121408049,38.83172147001934,37.42166344294004
2368,2021-08-12 08:26:33,2021-08-12 08:57:33,66.0,85.2,115.23366905381944,33.09090909090909,31.807486631016044
2369,2021-08-13 12:14:11,2021-08-13 12:35:31,26.4,47.6,116.945121134696,36.798449612403104,34.736434108527135
2370,2021-08-13 12:35:52,2021-08-13 12:56:12,48.0,68.8,113.59109842414534,39.21138211382114,37.3089430894309
2371,2021-08-13 20:42:46,2021-08-13 23:05:43,8.0,97.6,117.52737750186016,39.21641791044776,37.27518656716418
2372,2021-08-14 08:38:02,2021-08-14 09:06:22,73.2,96.8,116.81323522834278,33.578947368421055,31.567251461988302
2373,2021-08-16 06:30:42,2021-08-16 07:41:20,29.6,97.6,116.75429700571895,34.88301886792453,34.20566037735849
2374,2021-08-16 13:55:24,2021-08-16 14:39:32,52.4,95.6,116.69245874164096,38.351351351351354,36.474474474474476
2375,2021-08-16 20:35:03,2021-08-16 20:55:13,26.8,40.0,114.98529429713807,40.48360655737705,37.78688524590164
2376,2021-08-16 21:12:05,2021-08-16 21:30:55,50.8,63.2,110.80759374999998,42.53508771929825,39.71052631578947
2377,2021-08-16 21:31:16,2021-08-16 21:49:36,63.2,74.8,111.97918474616866,43.0,40.0
2378,2021-08-16 21:49:57,2021-08-16 22:06:57,74.8,84.8,117.59723583333333,43.0,40.0
2379,2021-08-17 12:10:24,2021-08-17 13:03:32,26.0,80.0,115.44545835390947,38.80451127819549,37.0
2380,2021-08-17 21:47:04,2021-08-17 22:09:04,26.8,46.0,117.95865465856481,39.142857142857146,38.150375939849624
2381,2021-08-17 22:09:25,2021-08-17 22:33:25,46.4,68.0,114.44061792695477,41.60689655172414,40.33103448275862
2382,2021-08-17 22:33:46,2021-08-17 22:58:36,68.4,90.0,118.46002938528812,43.12,41.9
2383,2021-08-18 03:55:52,2021-08-18 04:14:42,65.6,84.4,116.78338460401885,42.0,38.81578947368421
2384,2021-08-18 13:45:04,2021-08-18 14:02:14,38.4,56.8,115.03170954106285,42.59615384615385,40.78846153846154
2385,2021-08-18 14:02:35,2021-08-18 14:20:05,57.2,74.0,116.18057093253971,44.68867924528302,42.735849056603776
2386,2021-08-18 23:04:39,2021-08-19 00:15:56,11.2,82.4,116.9237201954588,39.55140186915888,37.2392523364486
2387,2021-08-19 20:57:02,2021-08-19 21:17:12,20.4,33.6,118.19867476851852,30.204918032786885,29.0
2388,2021-08-19 21:17:33,2021-08-19 21:37:33,34.0,47.2,115.83229229797978,31.50413223140496,30.25619834710744
2389,2021-08-19 21:37:54,2021-08-19 21:58:24,47.2,60.8,113.12602420343146,33.12903225806452,31.612903225806452
2390,2021-08-20 00:31:50,2021-08-20 00:50:00,48.0,63.6,115.03384277065524,34.75454545454546,33.054545454545455
2391,2021-08-20 00:50:21,2021-08-20 01:10:21,64.0,80.4,115.90363829607043,36.0,34.074380165289256
2392,2021-08-20 01:10:42,2021-08-20 01:29:42,80.8,95.6,117.72523986486489,36.77391304347826,34.99130434782609
2393,2021-08-20 02:22:36,2021-08-20 02:44:53,78.0,97.6,116.95422767857147,37.93452380952381,35.82738095238095
2394,2021-08-20 16:07:52,2021-08-20 16:24:22,4.4,20.8,117.32045765582657,38.0,36.0
2395,2021-08-20 16:24:43,2021-08-20 16:47:33,21.2,44.4,114.56418726053641,38.91304347826087,36.7536231884058
2396,2021-08-20 17:12:19,2021-08-20 17:32:09,68.8,88.0,120.18737782118056,43.46666666666667,41.016666666666666
2397,2021-08-21 04:54:27,2021-08-21 06:28:34,6.8,97.6,117.83138169052864,39.96463932107496,38.039603960396036
2398,2021-08-21 13:23:43,2021-08-21 13:50:53,71.2,94.8,116.23589171374769,41.0,39.00609756097561
2399,2021-08-21 23:37:16,2021-08-21 23:57:56,14.4,32.4,117.65742129629632,39.08,37.016
2400,2021-08-21 23:58:17,2021-08-22 00:16:27,32.8,48.8,114.31424704861111,40.04545454545455,37.77272727272727
2401,2021-08-22 00:16:48,2021-08-22 00:35:48,48.8,65.2,113.83300626693764,41.504347826086956,39.31304347826087
2402,2021-08-22 00:36:09,2021-08-22 00:54:39,65.2,80.4,115.38012938596489,42.0,40.0
2403,2021-08-22 00:55:00,2021-08-22 01:11:30,80.8,93.2,122.09790524193542,42.0,40.0
2404,2021-08-22 14:30:47,2021-08-22 14:47:37,43.6,60.8,113.65310925387604,36.94117647058823,35.754901960784316
2405,2021-08-22 14:47:58,2021-08-22 15:17:18,60.8,90.4,115.2487091779279,38.98870056497175,37.75141242937853
2406,2021-08-22 23:10:17,2021-08-22 23:28:07,27.2,45.6,114.25953253321256,37.51851851851852,36.175925925925924
2407,2021-08-22 23:28:28,2021-08-22 23:45:28,46.0,63.6,113.85971141098486,39.85436893203884,38.54368932038835
2408,2021-08-22 23:45:49,2021-08-23 00:04:29,64.0,82.8,117.0353344414894,41.72566371681416,40.30088495575221
2409,2021-08-23 15:03:51,2021-08-23 16:15:55,25.2,94.0,116.40912422076875,43.00739371534196,41.26062846580407
2410,2021-08-24 13:17:57,2021-08-24 14:16:01,24.0,83.2,115.09195110735735,39.6651376146789,38.071100917431195
2411,2021-08-25 08:33:46,2021-08-25 08:51:56,48.0,63.6,116.61237330840453,34.42727272727273,33.481818181818184
2412,2021-08-25 08:52:17,2021-08-25 09:11:27,64.0,80.8,114.33698991402122,35.93103448275862,34.93103448275862
2413,2021-08-25 09:11:48,2021-08-25 09:28:38,80.8,95.2,117.24056732253081,36.77450980392157,35.794117647058826
2414,2021-08-25 18:10:30,2021-08-25 19:01:53,25.6,70.0,114.68450963463464,37.50259067357513,35.97409326424871
2415,2021-08-26 14:07:26,2021-08-26 14:57:53,17.2,68.4,115.15566897786458,40.09473684210526,38.357894736842105
2416,2021-08-26 19:53:23,2021-08-26 20:12:53,38.0,58.0,114.63403493055557,40.47457627118644,38.898305084745765
2417,2021-08-26 22:13:52,2021-08-26 23:03:32,43.2,92.8,116.83090187051974,41.89544235924933,39.67292225201072
2418,2021-08-27 03:04:22,2021-08-27 03:32:02,50.8,74.8,114.8761936342593,39.7185628742515,36.74251497005988
2419,2021-08-27 03:32:23,2021-08-27 04:00:23,74.8,97.6,117.24784247076026,40.98816568047337,38.0
2420,2021-08-27 14:29:45,2021-08-27 14:58:15,32.8,51.6,113.94949335106381,37.54651162790697,36.46511627906977
2421,2021-08-27 14:58:36,2021-08-27 15:27:56,51.6,71.2,112.49435600907032,39.42372881355932,38.20338983050848
2422,2021-08-27 15:28:17,2021-08-27 15:58:47,71.2,90.8,116.96856335034016,40.02717391304348,39.0
2423,2021-08-28 01:14:15,2021-08-28 02:23:00,10.0,78.8,116.62294499757752,39.281007751937985,37.122093023255815
2424,2021-08-28 09:26:45,2021-08-28 09:43:45,73.2,83.6,114.33362299679497,36.0,34.0
2425,2021-08-28 09:44:06,2021-08-28 10:03:06,84.0,94.8,119.92414519032926,36.68695652173913,34.04347826086956
2426,2021-08-28 19:22:58,2021-08-28 19:47:58,21.6,43.2,115.49446418467075,36.258278145695364,34.37748344370861
2427,2021-08-28 19:48:19,2021-08-28 20:16:29,43.6,68.0,115.34721322859747,38.27058823529412,36.59411764705882
2428,2021-08-28 20:16:50,2021-08-28 20:45:00,68.4,92.4,117.29860486111112,39.72352941176471,38.0
2429,2021-08-29 04:22:12,2021-08-29 05:41:38,19.2,96.8,116.21245275272052,38.75209380234506,36.34003350083752
2430,2021-08-29 13:50:25,2021-08-29 14:07:25,28.8,39.6,117.52959130658436,37.49514563106796,35.36893203883495
2431,2021-08-29 14:55:19,2021-08-29 15:19:43,70.0,84.4,116.89980436921292,41.0,39.0
2432,2021-08-29 21:26:56,2021-08-29 21:45:26,44.8,56.8,115.61344780092593,36.892857142857146,34.714285714285715
2433,2021-08-29 21:45:47,2021-08-29 22:09:47,57.2,72.0,117.93920974099102,37.93103448275862,35.793103448275865
2434,2021-08-30 00:54:52,2021-08-30 01:21:32,68.0,89.2,117.79089209905655,38.037267080745345,36.0
2435,2021-08-30 13:45:43,2021-08-30 14:24:09,18.8,57.6,115.51220974012027,39.15916955017301,37.48096885813149
2436,2021-08-30 15:15:59,2021-08-30 15:37:19,66.8,80.0,116.03326357323233,42.0,40.945736434108525
2437,2021-08-30 22:16:47,2021-08-30 23:10:34,26.8,81.6,115.25826056366586,39.386138613861384,37.49752475247525
2438,2021-08-31 14:37:31,2021-08-31 15:23:57,24.4,64.4,115.2671623923611,35.277936962750715,34.02865329512894
2439,2021-08-31 23:08:21,2021-08-31 23:41:03,22.0,54.8,116.10255747798107,36.66260162601626,34.947154471544714
2440,2021-09-01 12:50:12,2021-09-01 13:11:02,13.2,27.6,114.71837499999995,36.0,34.03968253968254
2441,2021-09-01 13:11:23,2021-09-01 13:31:03,27.6,41.2,113.02698100490194,36.32773109243698,34.588235294117645
2442,2021-09-01 13:36:24,2021-09-01 13:56:34,44.8,58.0,117.53473737373734,37.721311475409834,35.90163934426229
2443,2021-09-01 13:56:55,2021-09-01 14:14:35,58.0,68.8,122.80736522633751,38.90654205607477,37.0
2444,2021-09-01 17:02:58,2021-09-01 17:41:01,46.0,84.0,116.80237880482458,38.87762237762238,36.97202797202797
2445,2021-09-02 08:43:23,2021-09-02 09:59:44,23.6,97.6,117.02586685623122,36.07329842931937,34.70680628272251
2446,2021-09-02 19:56:34,2021-09-02 20:16:04,54.0,70.4,115.56488414634146,39.41525423728814,37.59322033898305
2447,2021-09-02 20:32:46,2021-09-02 20:51:26,84.0,97.6,119.73857669526151,40.017699115044245,38.0
2448,2021-09-03 03:03:07,2021-09-03 03:20:17,62.4,79.6,116.14503811369516,39.875,37.03846153846154
2449,2021-09-03 10:44:36,2021-09-03 11:01:46,22.8,37.6,115.60439151651656,35.48076923076923,33.94230769230769
2450,2021-09-03 11:18:38,2021-09-03 11:36:28,52.0,67.6,113.93522186609695,38.55555555555556,36.675925925925924
2451,2021-09-03 11:52:30,2021-09-03 12:10:50,81.2,96.4,116.48759576023393,40.0,38.0
2452,2021-09-03 16:31:41,2021-09-03 16:48:41,55.6,70.4,115.38946443318314,41.43689320388349,39.54368932038835
2453,2021-09-03 16:49:02,2021-09-03 17:07:02,70.8,86.4,115.91346990740735,42.0,40.0
2454,2021-09-04 01:01:37,2021-09-04 01:21:37,31.2,48.8,114.07513147095965,38.52066115702479,36.34710743801653
2455,2021-09-04 01:21:58,2021-09-04 01:41:18,49.2,66.4,112.78747149547803,40.43589743589744,38.1025641025641
2456,2021-09-04 01:41:39,2021-09-04 02:01:59,66.4,84.0,116.0677157512627,41.65853658536585,39.0
2457,2021-09-04 21:08:05,2021-09-04 21:24:55,52.0,69.2,114.07540947997413,38.11764705882353,36.549019607843135
2458,2021-09-05 03:10:03,2021-09-05 04:09:55,32.8,93.200005,115.75882838641046,40.94,38.24444444444445
2459,2021-09-05 19:16:39,2021-09-05 19:33:04,68.8,76.8,121.54513454861113,37.0,36.0
2460,2021-09-05 19:33:25,2021-09-05 19:50:15,77.2,85.6,114.03273859126992,37.0,36.0
2461,2021-09-06 00:16:40,2021-09-06 00:37:40,4.4,25.6,115.58635187368975,38.503937007874015,36.0
2462,2021-09-06 00:39:21,2021-09-06 01:01:21,25.6,47.6,116.65278345959598,38.99248120300752,36.849624060150376
2463,2021-09-06 01:01:42,2021-09-06 01:30:42,48.0,76.4,119.13194957942095,41.691428571428574,39.348571428571425
2464,2021-09-06 01:31:03,2021-09-06 01:50:43,76.8,96.0,119.51317267071761,43.0,40.99159663865546
2465,2021-09-06 22:24:54,2021-09-06 22:42:54,38.0,49.6,117.49162679597703,35.14678899082569,33.42201834862385
2466,2021-09-06 22:55:25,2021-09-06 23:13:05,58.0,69.2,115.0359677579365,37.39252336448598,35.74766355140187
2467,2021-09-06 23:13:26,2021-09-06 23:29:56,69.6,79.6,117.31252388888889,38.0,36.24
2468,2021-09-07 02:42:54,2021-09-07 03:01:34,54.0,72.8,115.78309131205677,38.48672566371681,36.31858407079646
2469,2021-09-07 03:01:55,2021-09-07 03:20:35,72.8,91.6,115.73433052600475,39.50442477876106,37.176991150442475
2470,2021-09-07 12:51:15,2021-09-07 13:10:55,27.6,46.0,115.80389621074883,37.436974789915965,36.226890756302524
2471,2021-09-07 13:11:16,2021-09-07 13:36:43,46.4,70.8,113.01969734744992,39.61038961038961,38.47402597402598
2472,2021-09-07 22:14:39,2021-09-07 22:31:09,14.8,29.2,115.23438975694447,39.0,37.0
2473,2021-09-08 13:00:30,2021-09-08 13:31:50,31.6,63.6,114.2322096354167,38.96296296296296,37.53968253968254
2474,2021-09-08 13:32:11,2021-09-08 14:04:41,64.0,95.2,117.56455613425925,41.63265306122449,40.32142857142857
2475,2021-09-08 17:26:39,2021-09-08 17:50:29,74.4,96.4,117.69823989898988,43.0,40.99305555555556
2476,2021-09-09 21:58:00,2021-09-09 22:17:20,46.8,59.2,116.13016711469525,39.324786324786324,37.376068376068375
2477,2021-09-10 00:10:34,2021-09-10 00:28:34,48.8,67.2,115.4695153985507,39.03669724770642,37.46788990825688
2478,2021-09-10 00:28:55,2021-09-10 00:46:35,67.6,85.6,116.00693217592593,40.345794392523366,38.93457943925234
2479,2021-09-10 13:35:22,2021-09-10 13:52:12,26.8,41.6,114.01276876876875,38.529411764705884,36.872549019607845
2480,2021-09-10 14:09:14,2021-09-10 14:27:14,56.4,72.0,115.71581837606837,41.74311926605505,40.06422018348624
2481,2021-09-11 00:13:47,2021-09-11 00:31:57,28.0,44.0,113.5659746527778,37.68181818181818,35.7
2482,2021-09-11 00:32:18,2021-09-11 00:50:48,44.0,60.4,112.82859315718159,39.57142857142857,37.625
2483,2021-09-11 00:51:09,2021-09-11 01:08:49,60.8,76.0,116.24451918859646,41.22429906542056,39.14018691588785
2484,2021-09-11 03:07:36,2021-09-11 03:28:06,57.2,77.6,117.60759109477132,41.104838709677416,38.5
2485,2021-09-11 03:28:27,2021-09-11 03:47:37,78.0,96.0,117.49462191358026,42.0,39.077586206896555
2486,2021-09-11 14:29:16,2021-09-11 15:28:09,17.6,76.0,114.49044868483638,42.79864253393665,41.30542986425339
2487,2021-09-12 00:35:29,2021-09-12 00:52:49,51.6,67.6,117.18664809027783,45.04761904761905,43.142857142857146
2488,2021-09-13 15:18:26,2021-09-13 16:23:12,35.2,97.6,116.53846971955129,42.17622950819672,40.079918032786885
2489,2021-09-14 00:05:14,2021-09-14 00:52:05,26.0,73.6,114.83030299953319,41.38068181818182,39.34659090909091
2490,2021-09-14 02:10:18,2021-09-14 02:27:38,68.0,85.2,117.56056209625321,43.06666666666667,40.666666666666664
2491,2021-09-14 14:04:23,2021-09-14 14:22:33,38.4,56.8,116.68100505736719,40.10909090909091,38.481818181818184
2492,2021-09-15 00:10:49,2021-09-15 01:31:59,8.0,77.2,116.96330370905585,38.731147540983606,36.88360655737705
2493,2021-09-15 08:26:03,2021-09-15 08:46:23,14.4,32.0,115.23989796401514,37.0,34.853658536585364
2494,2021-09-15 08:46:44,2021-09-15 09:10:04,32.0,52.4,114.45738800381264,38.41843971631206,36.04964539007092
2495,2021-09-15 09:10:25,2021-09-15 09:33:55,52.4,72.8,115.43779153050112,40.61971830985915,38.34507042253521
2496,2021-09-15 09:34:16,2021-09-15 09:57:16,73.2,92.8,117.73244586167806,41.906474820143885,39.28776978417266
2497,2021-09-15 17:59:41,2021-09-15 18:17:21,49.6,65.2,115.1415604522792,40.13084112149533,37.850467289719624
2498,2021-09-16 03:09:34,2021-09-16 03:27:54,21.6,37.6,116.45053272569446,36.567567567567565,34.585585585585584
2499,2021-09-16 03:28:15,2021-09-16 03:45:45,38.0,53.2,115.25037499999998,38.18867924528302,36.20754716981132
2500,2021-09-16 03:46:06,2021-09-16 04:03:26,53.2,68.0,114.11037218468472,39.75238095238095,37.714285714285715
2501,2021-09-16 12:15:45,2021-09-16 12:35:25,3.6,17.2,114.63338398692812,39.0,38.0
2502,2021-09-16 12:35:46,2021-09-16 12:54:36,17.2,30.0,114.48025976562502,39.0,38.0
2503,2021-09-16 12:54:57,2021-09-16 13:14:07,30.0,43.2,111.66774389730642,39.76724137931034,38.51724137931034
2504,2021-09-16 13:14:28,2021-09-16 13:34:38,43.2,56.4,115.90804429713808,41.30327868852459,39.778688524590166
2505,2021-09-16 13:34:59,2021-09-16 13:55:29,56.4,68.8,122.2502471998208,42.66935483870968,41.29838709677419
2506,2021-09-17 09:06:32,2021-09-17 09:29:22,40.8,63.6,116.20554788011697,33.56521739130435,32.68115942028985
2507,2021-09-17 09:29:43,2021-09-17 09:47:23,64.0,81.6,116.48991571969702,35.94392523364486,34.87850467289719
2508,2021-09-17 09:47:44,2021-09-17 10:06:04,82.0,97.6,120.76390900997163,37.0,36.0
2509,2021-09-18 10:06:02,2021-09-18 11:06:06,24.0,84.8,114.99372866639257,35.78048780487805,34.58536585365854
2510,2021-09-18 19:40:13,2021-09-18 19:59:53,26.0,42.8,116.64024669312174,38.168067226890756,36.54621848739496
2511,2021-09-18 20:00:14,2021-09-18 20:18:34,43.2,59.2,114.21965078125005,39.81981981981982,38.31531531531532
2512,2021-09-18 20:18:55,2021-09-18 20:37:45,59.6,76.0,114.48427735433606,41.51304347826087,39.7304347826087
2513,2021-09-18 20:38:06,2021-09-18 20:56:56,76.0,92.0,117.36807916666665,42.0,40.0
2514,2021-09-19 05:15:09,2021-09-19 05:33:09,22.0,37.6,115.88497934472935,36.0,33.57798165137615
2515,2021-09-19 05:33:30,2021-09-19 05:52:50,38.0,54.8,115.54812268518522,37.36752136752137,35.205128205128204
2516,2021-09-19 05:53:11,2021-09-19 06:11:41,55.2,71.2,116.14670616319445,39.107142857142854,36.830357142857146
2517,2021-09-19 06:12:02,2021-09-19 06:31:32,71.6,88.0,119.5138976117886,40.0,37.86440677966102
2518,2021-09-19 14:42:31,2021-09-19 15:02:33,35.6,48.4,118.32813706597224,41.459016393442624,39.278688524590166
2519,2021-09-19 15:02:54,2021-09-19 15:23:14,48.8,62.0,114.25190603956227,42.67479674796748,40.54471544715447
2520,2021-09-19 20:14:26,2021-09-19 20:32:56,36.4,48.8,113.25382426075276,38.973214285714285,36.919642857142854
2521,2021-09-19 20:33:17,2021-09-19 20:54:17,48.8,62.4,115.1511661560457,40.13385826771653,37.89763779527559
2522,2021-09-19 20:54:38,2021-09-19 21:17:28,62.8,77.2,114.23034442515426,41.0,38.992753623188406
2523,2021-09-19 21:17:49,2021-09-19 21:37:09,77.2,88.8,116.59962643678166,41.0,39.0
2524,2021-09-20 01:40:59,2021-09-20 02:38:47,39.6,96.0,116.60896000788021,42.52304147465438,39.35023041474654
2525,2021-09-20 13:45:30,2021-09-20 14:16:36,44.8,76.0,115.79724856214386,36.43162393162393,35.042735042735046
2526,2021-09-20 18:55:27,2021-09-20 19:26:47,45.2,72.4,115.2057811989379,38.3068783068783,37.06878306878307
2527,2021-09-20 19:27:08,2021-09-20 19:43:38,72.8,86.8,117.87202529761906,40.0,38.32
2528,2021-09-21 01:20:09,2021-09-21 01:37:29,61.2,78.4,117.61144291020669,38.74285714285714,36.714285714285715
2529,2021-09-21 08:56:48,2021-09-21 09:23:18,42.0,65.2,114.75636805555555,34.90625,33.09375
2530,2021-09-21 09:23:39,2021-09-21 09:49:59,65.6,88.4,116.25181865253403,36.9559748427673,35.289308176100626
2531,2021-09-22 08:54:20,2021-09-22 10:30:47,31.2,97.6,115.51200150644247,34.950413223140494,33.96831955922865
2532,2021-09-22 18:49:48,2021-09-22 20:07:04,27.2,92.4,115.520972597137,38.688468158347675,37.12048192771084
2533,2021-09-23 05:09:51,2021-09-23 06:35:41,9.2,94.4,117.38387157668232,38.92391304347826,37.07142857142857
2534,2021-09-24 07:28:01,2021-09-24 07:56:21,47.2,76.0,114.79986733217594,34.75438596491228,33.77777777777778
2535,2021-09-24 07:56:42,2021-09-24 08:20:42,76.4,97.6,118.33399010744242,36.62068965517241,35.48275862068966
2536,2021-09-24 23:35:45,2021-09-24 23:53:15,54.4,76.0,116.01595357510286,40.85849056603774,39.0377358490566
2537,2021-09-25 05:04:24,2021-09-25 05:27:44,41.6,56.8,115.63781469298249,38.01418439716312,34.780141843971634
2538,2021-09-25 05:48:18,2021-09-25 06:11:58,70.0,84.4,116.22011545138884,39.0,36.0
2539,2021-09-25 15:36:24,2021-09-25 16:09:31,18.8,52.0,116.13270533801874,37.42570281124498,36.30120481927711
2540,2021-09-25 16:09:50,2021-09-25 16:36:52,52.4,80.0,114.01379914452497,41.28921568627451,40.22549019607843
2541,2021-09-25 21:50:15,2021-09-25 22:40:07,26.0,76.4,115.36166466049383,41.224,39.61066666666667
2542,2021-09-26 04:14:03,2021-09-26 04:33:23,32.0,50.4,113.54469414251207,37.17948717948718,34.77777777777778
2543,2021-09-26 04:33:44,2021-09-26 04:55:24,50.4,71.2,112.66024305555553,39.2442748091603,36.786259541984734
2544,2021-09-26 04:55:45,2021-09-26 05:16:05,71.6,90.4,116.99170862884152,40.292682926829265,38.0
2545,2021-09-26 16:37:49,2021-09-26 16:56:19,10.0,21.6,119.37138397988507,39.0,37.82142857142857
2546,2021-09-26 16:56:40,2021-09-26 17:14:50,22.0,34.0,113.28932662037036,39.0,37.41818181818182
2547,2021-09-26 17:28:13,2021-09-26 17:46:43,42.4,54.4,115.36802986111113,40.464285714285715,39.026785714285715
2548,2021-09-26 17:47:04,2021-09-26 18:05:34,54.8,66.4,119.34623778735624,41.580357142857146,40.0
2549,2021-09-26 18:05:55,2021-09-26 18:24:55,66.8,78.8,118.4860847222222,42.0,40.86086956521739
2550,2021-09-27 02:53:55,2021-09-27 04:08:43,25.2,97.6,116.30444592349602,38.89520426287744,36.763765541740675
2551,2021-09-27 11:37:05,2021-09-27 11:57:45,42.4,64.0,113.6837912165638,37.416,36.328
2552,2021-09-27 19:02:26,2021-09-27 20:16:30,25.6,97.6,116.16229714699075,42.26258992805755,40.68345323741007
2553,2021-09-28 02:16:20,2021-09-28 03:23:20,26.4,92.0,115.88838645833337,42.737574552683895,39.739562624254475
2554,2021-09-28 06:31:16,2021-09-28 06:51:56,64.0,76.4,119.24285013440858,41.0,37.0
2555,2021-09-28 06:52:17,2021-09-28 07:14:27,76.8,90.0,116.55304745370367,40.014925373134325,37.0
2556,2021-09-28 14:05:19,2021-09-28 14:53:35,45.600002,94.0,116.32668100982615,39.63085399449036,38.37190082644628
2557,2021-09-29 02:15:49,2021-09-29 02:32:39,60.0,74.4,116.31753568672833,40.90196078431372,38.72549019607843
2558,2021-09-29 15:37:19,2021-09-29 16:08:09,38.4,64.8,114.86480618686869,40.88709677419355,39.553763440860216
2559,2021-09-29 16:08:30,2021-09-29 16:35:20,65.2,86.8,115.99281005658437,42.907407407407405,41.48148148148148
2560,2021-09-30 11:06:42,2021-09-30 11:57:12,40.8,92.4,113.92014853305339,37.92894736842105,36.78947368421053
2561,2021-09-30 15:23:45,2021-09-30 15:40:45,65.6,82.8,115.44574717377263,43.0,41.0
2562,2021-09-30 18:17:06,2021-09-30 18:40:36,76.0,97.6,115.86961183127578,43.88135593220339,42.333333333333336
2563,2021-10-05 19:59:15,2021-10-05 20:19:25,35.6,56.4,112.10603231837608,36.24590163934426,34.795081967213115
2564,2021-10-05 20:19:46,2021-10-05 20:38:16,56.4,75.6,111.4084164496528,38.526785714285715,36.86607142857143
2565,2021-10-05 20:38:37,2021-10-05 20:57:57,76.0,94.8,117.18527637411351,39.35897435897436,38.0
2566,2021-10-06 18:29:25,2021-10-06 19:26:33,22.0,80.8,112.95222683531749,40.50349650349651,38.6946386946387
2567,2021-10-07 03:15:15,2021-10-07 04:35:44,17.6,97.6,114.61700083333332,41.52483443708609,39.55960264900662
2568,2021-10-07 18:08:40,2021-10-07 19:26:45,48.0,97.6,113.02463036794359,38.901023890784984,38.069965870307165
2569,2021-10-08 16:52:19,2021-10-08 18:22:33,9.2,97.6,116.08591553858724,34.240768094534715,32.64549483013294
2570,2021-10-09 18:19:14,2021-10-09 18:36:34,20.0,38.0,112.25925061728394,30.666666666666668,29.37142857142857
2571,2021-10-09 18:36:55,2021-10-09 18:55:25,38.4,57.2,114.73255777186759,32.848214285714285,31.410714285714285
2572,2021-10-09 18:55:46,2021-10-09 19:15:06,57.6,77.2,115.01203975340135,35.23076923076923,33.675213675213676
2573,2021-10-10 01:02:08,2021-10-10 01:22:38,34.4,52.4,113.3418451388889,32.58870967741935,29.451612903225808
2574,2021-10-10 01:22:59,2021-10-10 01:43:19,52.4,70.8,110.00606280193239,34.577235772357724,31.59349593495935
2575,2021-10-10 01:43:40,2021-10-10 02:03:10,70.8,87.6,115.59113318452387,35.728813559322035,32.96610169491525
2576,2021-10-10 13:20:31,2021-10-10 13:37:51,49.2,64.4,113.26756140350878,34.87619047619047,32.74285714285714
2577,2021-10-10 13:54:43,2021-10-10 14:11:43,79.2,94.0,114.1122563813814,36.9126213592233,34.36893203883495
2578,2021-10-10 23:38:26,2021-10-11 00:50:02,21.2,94.4,113.83378699149966,35.680297397769515,33.86617100371747
2579,2021-10-12 02:13:50,2021-10-12 03:58:30,7.2000003,97.6,113.4160639014545,33.55089058524173,31.702290076335878
2580,2021-10-12 09:25:38,2021-10-12 09:44:18,78.4,95.2,115.390226603836,34.84070796460177,32.0
2581,2021-10-12 21:01:44,2021-10-12 21:18:24,44.0,61.6,111.4244124842172,32.73267326732673,31.0
2582,2021-10-12 21:18:45,2021-10-12 21:37:35,62.0,81.6,113.08533134920637,34.675438596491226,32.85964912280702
2583,2021-10-12 21:37:56,2021-10-12 21:56:16,82.0,97.6,117.68163301282055,35.75675675675676,34.0
2584,2021-10-13 08:13:46,2021-10-13 08:42:20,72.0,97.6,115.16716577148442,29.36279069767442,27.493023255813952
2585,2021-10-13 15:26:40,2021-10-13 15:44:30,44.4,60.4,113.66755659722226,30.185185185185187,28.416666666666668
2586,2021-10-13 15:44:51,2021-10-13 16:10:51,60.8,84.4,112.61595580273067,31.961783439490446,30.229299363057326
2587,2021-10-13 16:11:12,2021-10-13 16:27:52,84.4,97.6,116.1332090698654,33.0,31.0
2588,2021-10-14 02:44:17,2021-10-14 04:11:20,13.2,97.6,115.48550701026858,33.80398162327718,31.60643185298622
2589,2021-10-14 11:57:15,2021-10-14 12:18:58,38.4,61.2,111.57944305555552,35.13636363636363,33.234848484848484
2590,2021-10-14 12:19:19,2021-10-14 12:37:29,61.6,80.0,116.30209993961358,37.4,35.472727272727276
2591,2021-10-15 17:23:26,2021-10-15 18:37:28,25.2,97.6,114.84770723027933,31.091726618705035,29.886690647482013
2592,2021-10-16 05:46:01,2021-10-16 06:06:01,28.4,48.4,116.66319562500003,29.31404958677686,27.50413223140496
2593,2021-10-16 06:06:22,2021-10-16 06:23:42,48.8,66.0,117.5944794089147,31.876190476190477,29.99047619047619
2594,2021-10-16 06:24:03,2021-10-16 06:42:23,66.4,84.4,118.83719436728393,33.75675675675676,31.846846846846848
2595,2021-10-16 16:08:34,2021-10-16 16:29:34,30.4,52.0,113.74165817901236,31.937007874015748,30.31496062992126
2596,2021-10-16 16:49:16,2021-10-16 17:09:36,68.4,89.2,114.29822362446582,35.048780487804876,33.0
2597,2021-10-17 04:27:06,2021-10-17 04:44:16,32.8,50.4,113.94808404356058,29.5,27.0
2598,2021-10-17 04:44:37,2021-10-17 05:02:07,50.8,68.8,113.61420949074075,31.90566037735849,29.42452830188679
2599,2021-10-17 08:51:26,2021-10-17 09:11:06,68.0,88.0,115.01112750000001,31.008403361344538,28.361344537815125
2600,2021-10-17 17:39:47,2021-10-17 18:01:37,48.0,67.2,113.63280425347217,30.59090909090909,29.181818181818183
2601,2021-10-17 18:01:58,2021-10-17 18:23:28,67.6,86.0,116.79347282608691,32.08461538461538,30.838461538461537
2602,2021-10-18 08:57:50,2021-10-18 09:22:40,47.6,69.6,112.72791553030305,28.153333333333332,27.2
2603,2021-10-18 09:23:01,2021-10-18 09:45:21,70.0,89.6,113.7514266581633,29.896296296296295,28.918518518518518
2604,2021-10-18 19:41:33,2021-10-18 20:00:23,33.6,50.0,114.71883409552848,30.82456140350877,29.263157894736842
2605,2021-10-18 20:00:44,2021-10-18 20:21:34,50.4,68.8,113.22010824275364,32.57142857142857,30.658730158730158
2606,2021-10-18 20:21:55,2021-10-18 20:43:45,69.2,88.0,116.14361790780143,33.75,31.886363636363637
2607,2021-10-19 07:15:14,2021-10-19 07:32:04,30.4,47.6,114.21754126291988,30.34313725490196,28.91176470588235
2608,2021-10-19 07:32:25,2021-10-19 07:51:35,48.0,67.6,114.07029591836739,32.956896551724135,31.448275862068964
2609,2021-10-19 07:51:56,2021-10-19 08:10:26,68.0,86.8,114.77467811761232,34.74107142857143,33.267857142857146
2610,2021-10-20 12:56:46,2021-10-20 13:13:56,56.8,65.2,118.92360201719568,31.0,30.0
2611,2021-10-20 13:14:17,2021-10-20 13:32:47,65.6,74.8,116.97312424516906,31.973214285714285,30.964285714285715
2612,2021-10-20 21:02:38,2021-10-20 22:00:26,26.0,85.2,113.85341853181308,34.882488479262676,33.86866359447004
2613,2021-10-21 03:07:10,2021-10-21 03:28:20,50.8,72.4,114.29462133487647,35.4765625,33.3046875
2614,2021-10-21 03:28:41,2021-10-21 03:48:41,72.8,92.8,116.62569090277776,36.88429752066116,34.56198347107438
2615,2021-10-21 10:27:56,2021-10-21 10:57:56,68.4,94.4,114.81358947649574,32.0939226519337,29.07182320441989
2616,2021-10-21 20:48:44,2021-10-21 21:51:21,30.8,94.4,113.81403643212786,28.45744680851064,25.823404255319147
2617,2021-10-22 04:28:06,2021-10-22 04:48:16,32.4,53.2,113.34002256944441,27.459016393442624,24.631147540983605
2618,2021-10-22 04:48:37,2021-10-22 05:07:27,53.2,72.4,114.67810894097224,30.00877192982456,27.289473684210527
2619,2021-10-22 12:56:07,2021-10-22 13:26:17,39.2,65.6,114.65648111321552,28.692307692307693,26.236263736263737
2620,2021-10-22 13:26:38,2021-10-22 13:50:28,66.0,86.8,115.04075848023507,30.72222222222222,28.229166666666668
2621,2021-10-22 21:48:53,2021-10-22 22:15:02,50.0,76.4,115.08898368581649,27.299492385786802,25.071065989847718
2622,2021-10-23 16:14:52,2021-10-23 16:40:13,42.4,59.6,110.50276254844962,24.545454545454547,23.564935064935064
2623,2021-10-23 16:40:34,2021-10-23 16:59:44,60.0,72.4,112.15615882616483,26.0,25.0
2624,2021-10-23 17:00:05,2021-10-23 17:20:05,72.4,84.8,113.81497894265242,26.165289256198346,25.14876033057851
2625,2021-10-24 15:23:21,2021-10-24 15:48:11,2.8,24.4,114.65278067129631,30.973333333333333,29.966666666666665
2626,2021-10-24 15:48:32,2021-10-24 16:18:22,24.8,51.2,112.7435851746633,32.205555555555556,31.133333333333333
2627,2021-10-24 16:18:43,2021-10-24 16:52:53,51.2,80.0,118.25958116319448,35.20873786407767,34.14563106796116
2628,2021-10-24 16:53:14,2021-10-24 17:15:04,80.4,97.2,122.06352058531746,36.52272727272727,35.0
2629,2021-10-25 12:48:14,2021-10-25 13:15:54,32.8,41.6,118.65059854797973,26.293413173652695,24.74251497005988
2630,2021-10-25 13:16:15,2021-10-25 13:44:25,41.6,66.4,110.9307920922939,28.623529411764707,27.294117647058822
2631,2021-10-25 13:44:46,2021-10-25 14:09:26,66.8,87.2,113.26594090413941,30.83221476510067,29.61744966442953
2632,2021-10-25 21:06:03,2021-10-25 21:26:43,32.0,53.2,113.81028092243186,30.216,28.344
2633,2021-10-25 21:27:04,2021-10-25 21:44:34,53.6,71.6,113.53164351851856,32.66981132075472,30.754716981132077
2634,2021-10-25 21:44:55,2021-10-25 22:03:55,72.0,91.2,115.51650282118055,34.0,32.0
2635,2021-10-26 09:09:15,2021-10-26 09:28:15,26.4,45.6,114.94214670138886,26.304347826086957,24.382608695652173
2636,2021-10-26 09:28:36,2021-10-26 09:58:26,46.0,76.8,112.48017487373738,29.666666666666668,27.72222222222222
2637,2021-10-26 09:58:47,2021-10-26 10:22:41,77.2,97.6,118.81783080065367,31.744827586206895,29.82758620689655
2638,2021-10-26 18:48:48,2021-10-26 19:07:02,65.2,80.8,116.414383173077,33.44144144144144,31.63063063063063
2639,2021-10-27 13:23:45,2021-10-27 13:43:25,28.8,47.2,113.2427660024155,29.932773109243698,28.34453781512605
2640,2021-10-27 13:43:46,2021-10-27 14:02:46,47.2,65.6,109.38331302838169,32.417391304347824,30.982608695652175
2641,2021-10-27 16:11:56,2021-10-27 16:28:26,78.8,95.2,115.90871358401083,35.0,33.39
2642,2021-10-28 15:26:14,2021-10-28 15:44:44,7.6,26.8,112.43851468460649,34.0,32.00892857142857
2643,2021-10-28 15:45:05,2021-10-28 16:04:25,26.8,46.8,112.72152326388888,34.93162393162393,33.35897435897436
2644,2021-10-28 16:04:46,2021-10-28 16:21:46,47.2,64.0,118.0133893022487,36.95145631067961,35.33980582524272
2645,2021-10-28 16:22:07,2021-10-28 16:40:47,64.4,82.8,118.27369874698073,38.769911504424776,36.97345132743363
2646,2021-10-29 00:10:41,2021-10-29 01:12:33,27.2,90.4,114.96294376318563,36.83870967741935,34.24731182795699
2647,2021-10-29 14:10:55,2021-10-29 14:29:45,50.0,69.2,112.80816015625001,33.53508771929825,32.23684210526316
2648,2021-10-29 20:41:28,2021-10-29 20:59:08,36.4,52.0,113.06087945156695,34.8411214953271,33.48598130841121
2649,2021-10-29 20:59:29,2021-10-29 21:18:12,52.4,69.2,111.25775606812165,36.79824561403509,35.44736842105263
2650,2021-10-29 21:18:33,2021-10-29 21:35:53,69.6,84.4,117.09083821321312,38.0,36.19047619047619
2651,2021-10-29 21:36:14,2021-10-29 21:52:54,84.8,97.6,118.77061675347224,38.475247524752476,37.0
2652,2021-10-30 06:28:53,2021-10-30 06:47:53,50.0,69.6,113.26602565192749,31.878260869565217,28.808695652173913
2653,2021-10-30 06:48:14,2021-10-30 07:09:14,70.0,91.2,115.72459001572328,33.38582677165354,30.448818897637796
2654,2021-10-30 19:34:19,2021-10-30 19:55:59,42.4,61.6,112.90727560763887,26.916030534351144,25.17557251908397
2655,2021-10-30 19:56:20,2021-10-30 20:16:40,62.0,79.6,115.65420833333337,28.983739837398375,27.463414634146343
2656,2021-10-30 20:17:01,2021-10-30 20:38:41,80.0,97.2,117.27714922480618,30.0,28.49618320610687
2657,2021-10-31 14:39:52,2021-10-31 15:03:42,50.8,75.2,113.5462412909836,24.57638888888889,23.65277777777778
2658,2021-10-31 15:04:03,2021-10-31 15:29:23,75.2,97.6,116.26860819692466,26.673202614379086,25.758169934640524
2659,2021-11-01 00:09:49,2021-11-01 00:28:29,34.0,50.4,113.79743631436317,28.47787610619469,26.707964601769913
2660,2021-11-01 00:28:50,2021-11-01 00:53:40,50.8,72.8,112.89395157828281,30.74,29.02
2661,2021-11-01 00:54:01,2021-11-01 01:19:01,73.2,94.8,115.4565451388889,32.13907284768212,30.37748344370861
2662,2021-11-01 03:46:59,2021-11-01 04:05:39,72.8,88.0,114.53125959429823,32.61946902654867,29.646017699115045
2663,2021-11-01 12:07:39,2021-11-01 12:31:59,50.0,71.6,113.16361239711941,31.35374149659864,29.707482993197278
2664,2021-11-01 19:34:56,2021-11-01 20:37:09,31.2,94.4,114.24682318037975,32.93576017130621,31.56745182012848
2665,2021-11-02 01:23:36,2021-11-02 01:46:10,59.6,82.4,115.96516803118905,32.55294117647059,30.11764705882353
2666,2021-11-02 06:21:53,2021-11-02 07:08:52,53.2,97.6,115.52932831581586,30.943342776203966,28.586402266288953
2667,2021-11-02 22:14:29,2021-11-02 23:28:42,20.4,94.0,115.16745070387984,31.755834829443447,30.18491921005386
2668,2021-11-03 02:34:19,2021-11-03 02:51:49,76.0,93.6,115.98721425189396,32.79245283018868,29.80188679245283
2669,2021-11-03 15:00:25,2021-11-03 16:08:14,26.8,85.6,112.7778120464853,31.390962671905697,30.18860510805501
2670,2021-11-04 00:22:23,2021-11-04 00:42:46,50.4,71.6,112.31893373951785,32.62096774193548,30.64516129032258
2671,2021-11-04 05:15:22,2021-11-04 16:27:23,44.4,92.4,116.54028519308446,30.089250297500993,28.846489488298296
2672,2021-11-04 23:11:12,2021-11-04 23:36:52,64.0,90.0,114.90118862179489,34.02564102564103,32.53846153846154
2673,2021-11-05 04:57:37,2021-11-05 05:17:47,41.6,59.2,113.50456873421714,31.557377049180328,29.25409836065574
2674,2021-11-05 05:18:08,2021-11-05 05:34:58,59.6,74.0,115.91242168209877,33.320388349514566,30.883495145631066
2675,2021-11-05 11:52:39,2021-11-05 12:12:09,69.6,89.6,113.7881992361111,34.355932203389834,32.45762711864407
2676,2021-11-05 20:44:23,2021-11-05 21:13:13,41.2,66.8,112.96931130642365,35.96551724137931,34.08620689655172
2677,2021-11-05 21:13:34,2021-11-05 21:41:54,67.2,91.6,116.54943158014575,37.953216374269005,36.0233918128655
2678,2021-11-06 05:05:39,2021-11-06 05:34:49,45.6,70.8,113.60891953262787,34.28409090909091,31.431818181818183
2679,2021-11-06 05:35:10,2021-11-06 06:03:40,71.2,94.0,115.94969590643277,35.901162790697676,33.0
2680,2021-11-07 00:21:44,2021-11-07 00:47:11,54.4,80.4,113.90225399572647,33.91612903225806,32.174193548387095
2681,2021-11-07 14:41:36,2021-11-07 14:58:16,65.2,82.4,114.0189114179587,38.54455445544554,36.9009900990099
2682,2021-11-07 21:19:44,2021-11-07 21:42:34,69.6,88.4,113.7729166666666,36.47826086956522,34.108695652173914
2683,2021-11-08 16:59:02,2021-11-08 17:17:42,17.2,36.4,113.6212510127315,24.194690265486727,23.123893805309734
2684,2021-11-08 17:18:03,2021-11-08 17:46:53,36.8,66.8,112.19213513888889,27.32758620689655,26.32183908045977
2685,2021-11-08 17:47:14,2021-11-08 18:14:04,67.2,93.6,115.47296433080811,30.333333333333332,29.37037037037037
2686,2021-11-09 19:20:10,2021-11-09 19:39:10,20.8,40.4,113.35531398809529,26.695652173913043,25.730434782608697
2687,2021-11-09 19:39:31,2021-11-09 19:59:41,40.8,61.6,113.28860483440168,29.229508196721312,28.25409836065574
2688,2021-11-09 20:00:02,2021-11-09 20:18:02,62.0,80.4,114.27763669987922,31.623853211009173,30.587155963302752
2689,2021-11-10 03:54:59,2021-11-10 05:05:52,8.400001,80.4,114.88457445055738,30.340225563909776,27.26691729323308
2690,2021-11-10 10:58:51,2021-11-10 11:18:41,36.0,56.8,111.29674612713676,27.333333333333332,24.616666666666667
2691,2021-11-10 11:19:02,2021-11-10 11:36:32,57.2,75.2,113.3919764660494,29.82075471698113,27.30188679245283
2692,2021-11-10 11:36:53,2021-11-10 11:55:13,75.6,94.0,114.26328842089369,31.207207207207208,28.73873873873874
2693,2021-11-10 22:47:26,2021-11-10 23:05:36,31.2,46.8,115.86362339743592,27.027272727272727,24.78181818181818
2694,2021-11-10 23:05:57,2021-11-10 23:24:57,47.2,64.8,107.40137531565664,29.05217391304348,26.85217391304348
2695,2021-11-10 23:25:18,2021-11-10 23:42:28,64.8,80.0,112.36661275584794,30.375,28.0
2696,2021-11-10 23:42:49,2021-11-10 23:59:29,80.4,94.4,114.58335376984128,31.0,28.99009900990099
2697,2021-11-11 08:31:40,2021-11-11 08:57:20,70.8,94.8,115.87790596064818,26.509677419354837,24.516129032258064
2698,2021-11-11 13:59:40,2021-11-11 14:18:50,81.2,97.6,114.59690768970196,29.836206896551722,29.0
2699,2021-11-12 01:58:02,2021-11-12 02:19:32,28.4,50.8,112.41508215525795,29.630769230769232,27.8
2700,2021-11-12 02:19:53,2021-11-12 02:41:43,51.2,73.6,114.14499076140878,32.333333333333336,30.545454545454547
2701,2021-11-12 02:42:04,2021-11-12 03:03:14,74.0,94.4,118.05555160675382,34.015625,32.1875
2702,2021-11-12 17:37:16,2021-11-12 17:53:45,52.4,69.6,111.99169559108533,27.871287128712872,26.683168316831683
2703,2021-11-12 17:54:06,2021-11-12 18:12:36,70.0,88.8,114.91061591312062,29.392857142857142,28.258928571428573
2704,2021-11-13 20:30:44,2021-11-13 20:52:54,34.4,54.0,112.42702388038548,26.917910447761194,25.649253731343283
2705,2021-11-13 20:53:15,2021-11-13 21:26:55,54.4,84.0,112.86928307995497,29.532019704433498,28.354679802955665
2706,2021-11-13 21:27:16,2021-11-13 21:44:56,84.0,97.6,116.81068116830072,31.0,29.77570093457944
2707,2021-11-14 12:08:06,2021-11-14 12:31:36,66.8,81.2,115.97127276234565,26.85211267605634,25.718309859154928
2708,2021-11-15 00:38:15,2021-11-15 00:56:05,26.8,38.8,114.17593900462968,25.50925925925926,24.23148148148148
2709,2021-11-15 00:56:26,2021-11-15 01:18:16,38.8,53.6,111.65072719594593,26.96969696969697,25.62121212121212
2710,2021-11-15 10:23:37,2021-11-15 10:52:27,53.2,79.2,111.22384348290599,26.333333333333332,24.563218390804597
2711,2021-11-15 10:52:48,2021-11-15 11:15:38,79.2,97.6,115.45368123490346,27.934782608695652,26.5
