cycle_num,time_s,time_e,SOC_s,SOC_e,charge_capacity,Tmax,Tmin
1,2019-07-26 11:17:42,2019-07-26 14:48:57,15.2,75.6,131.15687086092717,35.34889589905363,33.37287066246057
2,2019-07-27 00:41:59,2019-07-27 01:41:13,20.0,75.2,132.1562871678744,39.38426966292135,37.73932584269663
3,2019-07-27 01:43:45,2019-07-27 02:06:50,74.8,93.2,131.16953205012075,41.94827586206897,39.96551724137931
4,2019-07-27 10:33:19,2019-07-27 12:14:39,24.8,99.6,133.69322742127153,41.45203679369251,39.62023653088042
5,2019-07-27 21:48:29,2019-07-27 23:33:54,22.0,74.4,131.0714393818914,41.38811630847029,38.905183312262956
6,2019-07-28 11:56:11,2019-07-28 13:48:40,15.2,99.6,133.88402892476304,40.2654028436019,38.53317535545024
7,2019-07-29 05:54:57,2019-07-29 07:01:32,58.4,99.6,137.06199295105182,38.792,36.414
8,2019-07-30 01:36:57,2019-07-30 02:26:27,47.6,90.4,131.405602982217,33.61290322580645,31.943548387096776
9,2019-07-30 07:19:53,2019-07-30 09:14:22,42.0,99.6,133.76523529610338,34.62165308498254,32.655413271245635
10,2019-07-30 18:34:05,2019-07-30 20:05:45,32.8,99.6,133.18878440618764,39.14825581395349,37.26453488372093
11,2019-07-31 05:14:11,2019-07-31 07:59:38,47.6,99.6,134.31607944978634,35.0,33.0
12,2019-07-31 17:16:46,2019-07-31 19:08:35,43.2,99.6,134.0980433067376,34.45887961859356,31.98688915375447
13,2019-08-01 16:56:31,2019-08-01 21:28:37,23.6,99.6,130.1611875526316,29.806072477962783,28.62095984329089
14,2019-08-02 06:14:19,2019-08-02 07:46:15,34.8,99.6,132.8428707111626,32.844927536231886,30.605797101449276
15,2019-08-02 17:50:48,2019-08-02 19:35:24,49.2,98.8,132.4003463468862,35.738853503184714,33.84203821656051
16,2019-08-03 06:40:09,2019-08-03 09:16:08,23.2,98.8,132.10712572788066,33.19401709401709,31.62735042735043
17,2019-08-04 00:34:47,2019-08-04 01:57:46,20.0,93.6,130.95158279551634,35.13322632423756,33.71107544141252
18,2019-08-04 12:23:34,2019-08-04 14:47:46,20.4,68.8,129.1109443721304,36.27239150507849,34.74792243767313
19,2019-08-04 19:40:19,2019-08-04 21:07:19,30.0,74.0,130.58784666717173,38.73660030627871,37.34303215926493
20,2019-08-04 21:07:59,2019-08-04 22:11:06,74.4,99.6,140.65926803350973,39.0,37.84388185654009
21,2019-08-05 05:31:57,2019-08-05 06:43:44,36.4,72.8,129.17092950244205,36.37291280148423,33.601113172541744
22,2019-08-05 09:05:11,2019-08-05 10:05:21,66.4,99.6,138.94124171686752,36.68362831858407,34.7146017699115
23,2019-08-05 22:31:01,2019-08-05 23:54:09,23.2,94.4,131.06392323657929,41.65865384615385,39.844551282051285
24,2019-08-07 06:42:52,2019-08-07 09:31:39,19.6,99.6,132.86027320833333,33.943083003952566,33.024505928853756
25,2019-08-07 15:41:52,2019-08-07 17:16:27,32.4,99.6,133.50313682208997,44.28169014084507,42.44225352112676
26,2019-08-08 19:33:37,2019-08-08 21:00:36,21.2,96.0,130.8500617702763,42.166921898928024,40.21592649310873
27,2019-08-08 21:26:13,2019-08-08 21:44:37,95.6,99.6,147.11120722222222,42.1,38.92142857142857
28,2019-08-09 13:41:57,2019-08-09 15:29:05,27.2,99.6,134.43038298994782,44.14427860696517,42.82835820895522
29,2019-08-10 01:18:57,2019-08-10 02:46:28,38.8,99.6,133.90975451845765,43.32572298325723,40.97716894977169
30,2019-08-10 16:34:38,2019-08-10 19:29:09,13.6,98.8,132.7926449321857,43.31321619556914,41.0855614973262
31,2019-08-11 04:05:58,2019-08-11 05:49:24,53.2,99.6,135.26439982040233,38.050257731958766,36.27319587628866
32,2019-08-11 18:45:13,2019-08-11 20:49:52,42.4,99.6,134.6503904088967,41.42459893048128,39.30909090909091
33,2019-08-12 14:55:03,2019-08-12 17:48:08,6.4,94.4,132.7627840909091,43.03158705701079,41.3382126348228
34,2019-08-13 09:46:13,2019-08-13 11:20:50,58.0,99.6,135.67938240518168,33.00422535211268,31.611267605633802
35,2019-08-14 00:53:32,2019-08-14 02:04:07,44.8,98.8,132.00870667181067,39.152830188679246,37.47547169811321
36,2019-08-14 16:01:46,2019-08-14 17:08:13,18.4,80.8,130.7591545628561,43.37474949899799,41.791583166332664
37,2019-08-14 20:39:05,2019-08-14 21:44:03,51.2,99.2,132.4252475462963,44.79303278688525,42.17827868852459
38,2019-08-15 04:48:53,2019-08-15 06:08:17,47.2,99.6,134.6476050360475,38.23489932885906,33.56879194630873
39,2019-08-16 14:02:00,2019-08-16 14:41:54,26.8,46.8,130.87359018333336,37.733333333333334,35.75
40,2019-08-16 15:09:39,2019-08-16 16:13:02,46.8,78.4,132.29823165436002,39.607142857142854,37.82773109243698
41,2019-08-16 16:29:50,2019-08-16 16:48:31,77.6,86.8,130.6642259444444,40.0,38.0
42,2019-08-17 00:45:05,2019-08-17 02:40:05,28.8,87.6,130.70680697278914,35.517960602549245,33.36848203939745
43,2019-08-17 17:17:16,2019-08-17 18:57:13,50.8,99.6,134.15019479451274,33.364,31.724
44,2019-08-18 16:46:21,2019-08-18 18:57:38,32.4,99.6,133.20211972552914,35.27208121827411,33.50355329949239
45,2019-08-19 21:01:35,2019-08-19 23:05:32,12.0,82.8,131.31509066619586,37.601075268817205,36.388172043010755
46,2019-08-20 12:51:46,2019-08-20 14:29:33,48.4,99.6,134.86643359917537,36.53542234332425,35.258855585831064
47,2019-08-20 23:10:13,2019-08-21 00:28:24,60.0,99.6,135.50774163860834,37.0,35.0
48,2019-08-21 05:42:08,2019-08-21 07:30:37,41.2,98.8,132.334859919946,36.84398034398034,34.558968058968055
49,2019-08-21 20:01:18,2019-08-21 21:53:02,39.2,98.8,132.77359296001123,38.82836710369487,37.45411203814064
50,2019-08-22 11:15:21,2019-08-22 12:32:43,48.4,99.6,133.90742331542972,37.91222030981067,36.51635111876076
51,2019-08-23 00:51:10,2019-08-23 02:36:35,19.6,99.6,133.7454440503472,41.529709228824274,39.41087231352718
52,2019-08-23 15:18:31,2019-08-23 16:59:48,26.0,99.6,133.27446690066427,38.752631578947366,36.34473684210526
53,2019-08-24 00:04:05,2019-08-24 01:08:56,36.0,94.0,131.1264071791188,41.09034907597536,38.64271047227926
54,2019-08-24 17:25:04,2019-08-24 19:38:54,30.4,99.6,133.3360798892101,42.69521912350598,40.60557768924303
55,2019-08-25 09:39:25,2019-08-25 12:47:23,39.2,99.6,132.31673429451806,35.732624113475175,33.82836879432624
56,2019-08-25 17:25:08,2019-08-25 17:48:13,23.2,36.0,135.25998324652778,34.88505747126437,31.448275862068964
57,2019-08-25 18:26:21,2019-08-25 20:16:42,43.2,99.6,130.33360738770688,36.8707729468599,32.992753623188406
58,2019-08-26 11:44:37,2019-08-26 13:24:17,26.8,99.6,132.6513271157662,33.48663101604278,31.65374331550802
59,2019-08-26 21:26:20,2019-08-26 23:28:56,43.2,78.4,131.74153532196968,34.0,32.07717391304348
60,2019-08-26 23:41:28,2019-08-27 00:32:11,78.4,99.6,135.3083344077569,34.0,32.82722513089005
61,2019-08-27 12:53:57,2019-08-27 15:35:16,32.8,90.0,130.73208268016703,35.46859504132232,33.49586776859504
62,2019-08-27 21:58:14,2019-08-27 22:57:28,36.0,70.0,130.96297838235296,38.384787472035796,35.52125279642058
63,2019-08-28 08:11:49,2019-08-28 09:18:02,70.0,99.6,135.87822797484986,33.47791164658634,31.877510040160644
64,2019-08-28 23:06:37,2019-08-28 23:55:03,18.0,63.2,131.9883389534169,41.895604395604394,39.645604395604394
65,2019-08-29 00:00:07,2019-08-29 00:37:05,68.0,95.6,132.5741019223028,44.92446043165467,42.35971223021583
66,2019-08-29 13:08:59,2019-08-29 14:23:01,50.4,99.6,134.3068007734869,41.606115107913666,39.611510791366904
67,2019-08-30 01:11:27,2019-08-30 02:33:07,12.4,88.8,131.47272061336534,39.63132137030995,37.174551386623165
68,2019-08-30 13:04:50,2019-08-30 14:24:54,46.4,99.6,133.40720257153302,36.7720465890183,34.53577371048253
69,2019-08-31 01:32:10,2019-08-31 03:16:22,23.2,99.6,132.2704626236184,38.01150895140665,36.04092071611253
70,2019-08-31 15:06:43,2019-08-31 16:45:51,28.4,99.6,132.0325996098627,36.88172043010753,35.42204301075269
71,2019-09-01 15:09:48,2019-09-01 16:23:35,52.0,99.6,135.2941472280579,38.87003610108303,37.13898916967509
72,2019-09-02 12:34:36,2019-09-02 14:08:40,52.0,99.6,134.65802078373017,34.45467422096317,32.788951841359776
73,2019-09-03 01:27:26,2019-09-03 02:56:09,19.6,97.2,131.57015147479953,35.132132132132135,33.2957957957958
74,2019-09-03 16:12:38,2019-09-03 17:51:54,24.8,99.6,132.5435835115865,39.05637583892617,37.46979865771812
75,2019-09-04 01:48:31,2019-09-04 03:58:28,21.6,96.0,131.56364919728196,35.96820512820513,32.75179487179487
76,2019-09-04 07:28:05,2019-09-04 07:59:21,80.4,97.2,134.0410343915344,33.91139240506329,31.0
77,2019-09-04 19:56:42,2019-09-04 22:25:53,22.4,99.6,133.0399858304548,36.44235924932976,34.55853440571939
78,2019-09-05 04:23:18,2019-09-05 05:32:41,48.4,82.8,133.23245928133073,35.0,32.95777351247601
79,2019-09-05 15:08:33,2019-09-05 17:00:22,15.6,99.6,132.084707271627,40.420738974970206,39.07628128724672
80,2019-09-06 01:20:33,2019-09-06 02:54:13,36.0,99.6,134.25383219121244,39.51778093883357,36.84495021337126
81,2019-09-06 15:26:19,2019-09-06 16:56:44,20.8,73.2,129.6352598865564,40.70986745213549,38.929307805596466
82,2019-09-07 01:08:53,2019-09-07 02:41:04,22.8,97.6,132.15957097445042,40.21965317919075,38.138728323699425
83,2019-09-07 15:45:18,2019-09-07 17:47:23,32.0,99.6,134.13651030571998,42.38646288209607,40.7467248908297
84,2019-09-08 06:14:52,2019-09-08 09:30:36,4.4,98.8,133.64352309204332,39.420980926430516,37.11376021798365
85,2019-09-08 23:38:55,2019-09-09 01:48:37,15.2,81.2,131.65020111952862,36.44912641315519,34.67112024665982
86,2019-09-09 12:39:22,2019-09-09 13:56:37,23.6,91.6,130.64829418300656,38.898275862068964,37.317241379310346
87,2019-09-09 19:15:49,2019-09-09 21:00:18,43.2,99.6,135.07226162825063,41.80994897959184,39.75255102040816
88,2019-09-10 12:23:21,2019-09-10 14:11:47,9.2,70.8,132.60789369588747,39.73955773955774,38.13022113022113
89,2019-09-10 20:10:12,2019-09-10 22:27:00,29.6,99.6,134.25697703174603,40.876338851022396,38.96299902629016
90,2019-09-11 06:40:36,2019-09-11 08:30:24,18.0,99.6,132.98966274850218,40.25728155339806,37.81310679611651
91,2019-09-11 22:48:21,2019-09-12 00:47:13,21.2,89.2,131.6856500490196,40.880044843049326,39.15470852017937
92,2019-09-12 16:36:10,2019-09-12 18:34:07,15.2,99.6,132.9615874193655,44.30169491525424,42.14576271186441
93,2019-09-14 17:30:00,2019-09-14 18:57:07,38.4,99.6,130.76167739651416,34.157492354740064,33.18042813455658
94,2019-09-15 04:18:37,2019-09-15 05:40:49,38.4,98.8,130.94649678991905,35.21035598705502,33.01294498381877
95,2019-09-15 16:47:37,2019-09-15 19:01:36,29.6,99.6,132.82006823412698,40.25745526838966,38.941351888667995
96,2019-09-16 14:17:11,2019-09-16 15:47:23,16.8,94.8,131.67985411324787,36.967503692762186,35.41506646971935
97,2019-09-17 01:59:52,2019-09-17 03:51:49,15.2,99.2,130.98577075892857,38.720238095238095,35.90714285714286
98,2019-09-17 16:40:44,2019-09-17 18:24:48,35.6,99.6,133.90281361111113,37.57362355953905,35.635083226632524
99,2019-09-18 13:07:58,2019-09-18 14:52:26,26.0,99.6,133.25520607261475,38.785714285714285,37.29336734693877
100,2019-09-19 14:19:01,2019-09-19 15:59:06,38.4,99.6,133.612443057825,38.03058510638298,36.53191489361702
101,2019-09-20 00:04:20,2019-09-20 01:45:04,38.0,99.6,134.04359896058807,38.78042328042328,36.64021164021164
102,2019-09-20 04:06:43,2019-09-20 04:41:00,86.0,99.6,140.35133402777785,37.5,34.58914728682171
103,2019-09-21 05:26:14,2019-09-21 07:23:31,14.8,99.6,133.24669483425055,36.35600907029478,34.68027210884354
104,2019-09-21 19:41:56,2019-09-21 21:15:12,43.2,99.6,133.85919838209222,38.652857142857144,35.86571428571428
105,2019-09-22 22:02:42,2019-09-22 23:37:50,32.8,99.6,132.89766250623754,37.11344537815126,35.3235294117647
106,2019-09-23 13:38:31,2019-09-23 14:34:41,25.2,35.2,136.18962812499993,34.0,32.59715639810427
107,2019-09-23 14:36:40,2019-09-23 15:24:18,35.2,44.0,131.20537400568188,34.0,33.0
108,2019-09-23 15:25:54,2019-09-23 16:07:24,43.2,82.0,131.84239427620278,36.53525641025641,34.88461538461539
109,2019-09-24 00:28:24,2019-09-24 02:05:08,7.2,94.0,131.34066606982847,37.391184573002754,35.95316804407714
110,2019-09-24 06:53:30,2019-09-24 08:18:32,42.0,99.6,132.7218700255594,37.63223787167449,34.40845070422535
111,2019-09-24 23:33:22,2019-09-25 00:31:32,33.2,88.4,130.1416729166667,37.4141876430206,35.71395881006865
112,2019-09-25 13:06:57,2019-09-25 14:18:04,24.0,86.8,130.99941035916493,38.0749063670412,36.89700374531835
113,2019-09-25 20:07:43,2019-09-25 23:01:50,44.4,99.6,133.84420222423515,38.0,35.96018376722818
114,2019-09-27 00:41:41,2019-09-27 02:16:25,29.6,84.4,130.23056419302517,34.11251758087201,32.66385372714487
115,2019-09-27 07:01:38,2019-09-27 07:21:19,58.4,69.6,132.37800548115086,33.0,31.0
116,2019-09-27 07:27:06,2019-09-27 08:34:05,69.6,99.6,134.98039679629633,33.290258449304176,31.840954274353876
117,2019-09-27 14:43:08,2019-09-27 16:11:35,53.6,99.6,135.75610961956525,38.03313253012048,36.506024096385545
118,2019-09-28 03:03:06,2019-09-28 04:59:35,15.6,99.6,133.18884923776454,38.4908466819222,36.05263157894737
119,2019-09-28 14:33:58,2019-09-28 15:25:25,28.8,58.8,128.90081450462964,38.67783505154639,37.01030927835052
120,2019-09-28 15:41:52,2019-09-28 16:53:40,58.0,97.6,132.04730702160498,39.318518518518516,38.0
121,2019-09-29 17:31:21,2019-09-29 19:32:46,7.6,99.6,133.74063996225846,42.682766190998905,41.14050493962679
122,2019-09-30 16:05:03,2019-09-30 16:21:44,44.8,50.4,129.53625997023806,36.0,34.65873015873016
123,2019-09-30 21:24:45,2019-09-30 22:40:08,19.2,89.6,130.25232758641098,40.07597173144876,38.503533568904594
124,2019-10-01 05:32:34,2019-10-01 06:31:42,37.6,71.6,130.85337896241836,35.7123595505618,33.66966292134831
125,2019-10-01 06:35:11,2019-10-01 06:55:16,71.6,82.8,135.04368157242064,36.0,34.0
126,2019-10-01 15:49:53,2019-10-01 17:19:33,22.4,74.4,129.90173814102565,40.08172362555721,38.661218424962854
127,2019-10-01 20:58:31,2019-10-01 22:51:46,38.8,99.6,134.94397082191153,40.33607520564042,37.75440658049354
128,2019-10-02 08:11:14,2019-10-02 10:29:02,29.2,99.6,133.74220041035358,35.808510638297875,33.39168278529981
129,2019-10-03 00:37:13,2019-10-03 02:06:27,16.4,94.8,131.3627602855726,39.776785714285715,38.080357142857146
130,2019-10-03 07:51:51,2019-10-03 09:14:14,52.0,97.6,132.5705385782164,37.0,34.07915993537964
131,2019-10-03 17:19:31,2019-10-03 18:46:07,40.0,99.6,135.72384114932888,42.14153846153846,40.27538461538462
132,2019-10-04 02:25:05,2019-10-04 04:01:00,34.8,99.6,133.74894012560017,38.57083333333333,36.15416666666667
133,2019-10-04 16:28:57,2019-10-04 18:17:40,12.4,68.4,130.08073761904762,38.71813725490196,37.07107843137255
134,2019-10-04 21:48:49,2019-10-04 23:29:49,38.4,89.2,131.8928272965879,39.721635883905016,36.85883905013193
135,2019-10-05 05:43:36,2019-10-05 06:20:35,54.8,73.6,131.80529312943264,37.0,34.0
136,2019-10-05 14:12:39,2019-10-05 15:36:02,17.2,92.4,131.40149156693263,40.16134185303515,38.66773162939297
137,2019-10-05 23:10:52,2019-10-06 00:15:19,38.0,70.4,131.22344473336761,38.731404958677686,36.63429752066116
138,2019-10-06 11:43:44,2019-10-06 13:00:35,61.2,99.6,136.27311576967597,34.31369150779896,32.95667244367418
139,2019-10-06 20:27:12,2019-10-06 21:30:27,61.6,99.6,135.64936045321642,36.88421052631579,34.96421052631579
140,2019-10-07 05:11:06,2019-10-07 06:23:49,54.0,99.6,133.74998610806531,33.824175824175825,31.88095238095238
141,2019-10-07 18:39:41,2019-10-07 20:36:01,11.6,99.6,131.87989467171718,38.22222222222222,36.46735395189003
142,2019-10-08 03:23:15,2019-10-08 04:18:45,46.4,88.0,133.0061853932959,36.09832134292566,33.489208633093526
143,2019-10-08 10:44:27,2019-10-08 14:13:14,32.8,99.6,133.1111192074185,34.430121250797704,32.795788130185066
144,2019-10-09 00:45:09,2019-10-09 01:57:36,36.8,96.8,130.1542550300926,35.908088235294116,33.38970588235294
145,2019-10-09 12:51:53,2019-10-09 13:57:00,42.4,96.0,130.70934363339555,33.04498977505112,31.20245398773006
146,2019-10-09 20:40:29,2019-10-09 22:32:20,34.0,97.6,130.84286161338227,36.30952380952381,33.4202380952381
147,2019-10-10 09:32:17,2019-10-10 12:11:17,20.8,98.8,129.46086235861824,33.48872180451128,31.969924812030076
148,2019-10-10 18:58:50,2019-10-10 20:17:10,39.6,84.4,131.0813492063492,37.64795918367347,36.01360544217687
149,2019-10-11 03:25:33,2019-10-11 04:34:16,33.2,92.4,130.37481516516516,36.26162790697674,34.19961240310077
150,2019-10-11 15:40:42,2019-10-11 16:51:38,13.2,54.4,129.70256399676379,38.20973782771536,36.69101123595506
151,2019-10-11 20:02:00,2019-10-11 21:35:47,35.2,99.6,133.47775506383718,40.09232954545455,38.375
152,2019-10-12 05:30:21,2019-10-12 07:08:17,32.0,99.6,133.30090400641026,37.97823129251701,35.40408163265306
153,2019-10-12 12:52:03,2019-10-12 14:31:03,51.2,99.6,134.7931355831038,39.48452220726783,37.86810228802153
154,2019-10-13 02:35:12,2019-10-13 03:44:11,34.0,93.6,129.63955177339676,36.9015444015444,34.86293436293436
155,2019-10-13 15:01:15,2019-10-13 16:19:34,10.8,85.2,130.31249385454004,36.7108843537415,35.29761904761905
156,2019-10-14 18:36:48,2019-10-14 19:07:29,38.4,52.0,85.35685949754902,33.0,32.0
157,2019-10-14 19:26:02,2019-10-14 19:44:42,54.4,59.6,135.62826495726486,33.0,32.0
158,2019-10-14 19:52:35,2019-10-14 20:08:19,59.2,63.6,134.78793828282832,33.0,32.0
159,2019-10-16 03:13:35,2019-10-16 03:32:16,65.2,84.0,74.0673969562648,30.93617021276596,28.95744680851064
160,2019-10-16 11:33:58,2019-10-16 12:31:28,48.0,96.4,132.05467829430668,33.229166666666664,31.50925925925926
161,2019-10-17 00:03:24,2019-10-17 01:09:11,18.4,80.4,130.74946625224013,35.61943319838057,33.31983805668016
162,2019-10-17 06:04:33,2019-10-17 07:23:24,40.4,98.8,131.70004269644218,35.62837837837838,32.54391891891892
163,2019-10-17 16:11:50,2019-10-17 17:23:20,31.6,72.8,130.6904284924488,37.018621973929235,35.432029795158286
164,2019-10-17 21:49:55,2019-10-17 23:49:12,39.2,99.6,133.6198540149007,36.758659217877096,33.894972067039106
165,2019-10-18 04:40:46,2019-10-18 05:13:19,67.6,94.0,133.6501095275673,33.542857142857144,30.726530612244897
166,2019-10-18 12:58:19,2019-10-18 14:18:17,49.6,94.8,132.9116568215339,32.91514143094842,31.58901830282862
167,2019-10-18 22:31:14,2019-10-18 23:40:37,36.0,94.8,131.4344849584278,36.52975047984645,34.712092130518236
168,2019-10-19 11:55:33,2019-10-19 13:16:33,22.4,94.8,129.8885122544506,34.421052631578945,33.07565789473684
169,2019-10-20 00:24:46,2019-10-20 01:39:45,28.0,85.6,130.06134900655866,34.4822695035461,32.804964539007095
170,2019-10-20 14:22:23,2019-10-20 15:19:04,18.8,70.0,129.1423621744792,36.828638497652584,34.98826291079812
171,2019-10-20 15:22:44,2019-10-20 15:41:33,70.0,86.4,133.80081696307587,38.929577464788736,36.901408450704224
172,2019-10-20 21:49:06,2019-10-20 22:33:05,34.4,59.6,131.0407037014991,36.38670694864048,33.755287009063444
173,2019-10-20 22:54:06,2019-10-20 23:19:48,65.6,80.0,134.15242172067897,37.11794871794872,34.98461538461538
174,2019-10-21 11:58:50,2019-10-21 13:20:06,36.4,88.8,130.96199162425788,32.855737704918035,31.763934426229508
175,2019-10-21 18:35:46,2019-10-21 19:34:21,52.4,94.8,132.79557107573373,36.28636363636364,34.40909090909091
176,2019-10-22 04:21:42,2019-10-22 05:35:19,48.0,84.8,132.16490491394927,32.57323688969259,30.511754068716094
177,2019-10-22 13:48:05,2019-10-22 15:31:00,26.4,85.6,130.9643683699325,35.99870801033592,34.20284237726098
178,2019-10-23 00:59:41,2019-10-23 02:07:12,36.8,75.6,130.48038445017184,33.36883629191321,31.451676528599606
179,2019-10-23 04:08:46,2019-10-23 04:53:12,59.2,94.8,132.69324407771538,34.6437125748503,32.40119760479042
180,2019-10-23 18:48:33,2019-10-23 20:29:34,34.0,86.0,130.48099392094022,33.666666666666664,32.44664031620553
181,2019-10-24 15:56:24,2019-10-24 16:54:59,54.8,84.0,132.0854917246956,30.71818181818182,29.870454545454546
182,2019-10-25 00:52:35,2019-10-25 02:19:01,20.8,94.8,130.99170949324323,34.78736517719569,32.39291217257319
183,2019-10-25 17:45:52,2019-10-25 18:01:53,20.4,34.4,132.73404112103177,33.51239669421488,31.710743801652892
184,2019-10-25 19:08:20,2019-10-25 20:13:34,44.4,94.8,128.06836456128747,36.689795918367345,35.124489795918365
185,2019-10-26 05:28:31,2019-10-26 06:36:58,34.0,92.4,131.46015533437975,35.66536964980545,33.44163424124513
186,2019-10-26 14:08:23,2019-10-26 14:56:25,46.8,89.6,132.9375138174974,35.307479224376735,33.35457063711911
187,2019-10-26 22:55:16,2019-10-27 00:03:36,34.4,94.8,131.03229468589038,34.32879377431907,31.815175097276263
188,2019-10-27 07:28:48,2019-10-27 08:41:54,33.2,94.8,130.65639208152962,32.455373406193075,30.05646630236794
189,2019-10-28 06:38:02,2019-10-28 07:41:40,40.8,94.8,130.99387557098765,29.53765690376569,28.52510460251046
190,2019-10-29 13:51:00,2019-10-29 14:59:26,47.2,85.6,132.71776697048617,27.638132295719846,26.056420233463037
191,2019-10-29 19:50:58,2019-10-29 20:53:32,47.2,67.6,133.45947377450986,30.0,28.83404255319149
192,2019-10-29 20:56:52,2019-10-29 21:27:49,67.2,77.2,134.64380158333333,30.11587982832618,29.0
193,2019-10-30 02:58:10,2019-10-30 04:39:50,31.2,83.2,129.95765985042738,30.777195281782436,28.52948885976409
194,2019-10-30 13:17:10,2019-10-30 14:41:05,30.0,73.2,129.51363294753085,30.534920634920635,29.13015873015873
195,2019-10-30 20:57:43,2019-10-30 23:04:44,34.0,97.6,130.3841659071454,31.77229800629591,29.99265477439664
196,2019-10-31 02:53:31,2019-10-31 03:27:56,69.6,96.0,132.1489458701599,32.640926640926644,29.7027027027027
197,2019-10-31 14:03:23,2019-10-31 15:10:06,30.8,89.6,130.45148649612625,32.77245508982036,31.291417165668662
198,2019-11-01 02:13:08,2019-11-01 03:51:20,18.8,97.6,130.60237006309927,32.86024423337856,30.990502035278155
199,2019-11-01 14:47:16,2019-11-01 15:26:48,48.4,68.0,134.35883270975057,33.51006711409396,31.835570469798657
200,2019-11-01 21:10:37,2019-11-01 22:35:53,25.2,97.6,131.01115607542974,36.271875,34.7828125
201,2019-11-02 02:28:41,2019-11-02 02:45:21,70.4,80.0,130.59725277777784,34.96825396825397,31.817460317460316
202,2019-11-02 09:32:57,2019-11-02 12:03:11,34.4,85.2,128.36958098479874,31.732919254658384,30.229813664596275
203,2019-11-02 19:38:43,2019-11-02 22:10:25,11.6,97.6,130.37196468992246,37.159050966608085,35.00263620386643
204,2019-11-03 21:00:57,2019-11-03 22:26:04,26.0,97.6,130.78617713376786,36.38341158059468,34.36932707355243
205,2019-11-04 05:14:20,2019-11-04 07:04:40,36.4,97.6,131.50093787218594,33.2524154589372,30.01328502415459
206,2019-11-04 13:16:48,2019-11-04 15:14:29,14.4,81.6,131.44476455646497,36.18006795016988,34.2321630804077
207,2019-11-04 19:45:34,2019-11-04 22:40:05,48.4,97.6,133.58486038279133,36.0672268907563,33.0
208,2019-11-05 07:35:00,2019-11-05 08:51:19,36.0,97.6,130.42319057765152,31.739965095986037,28.82198952879581
209,2019-11-05 22:34:20,2019-11-05 23:59:27,8.400001,73.2,131.54716932471626,33.798122065727696,31.96400625978091
210,2019-11-05 23:59:51,2019-11-06 00:39:21,73.6,97.6,131.79486057291666,36.96296296296296,35.0
211,2019-11-06 05:52:54,2019-11-06 07:04:48,49.6,97.6,131.77689851273152,33.47222222222222,30.025925925925925
212,2019-11-06 20:38:38,2019-11-06 23:24:41,40.0,94.8,131.80981327554747,31.84269662921348,30.506420545746387
213,2019-11-07 06:28:22,2019-11-07 09:00:07,47.2,96.8,132.96554061379928,28.86578947368421,26.899122807017545
214,2019-11-07 19:48:50,2019-11-07 20:43:49,52.4,92.4,133.1848723125,31.7409200968523,30.573849878934624
215,2019-11-08 02:41:52,2019-11-08 03:31:56,48.0,85.6,132.94655492390663,30.742705570291776,28.180371352785144
216,2019-11-08 13:57:11,2019-11-08 15:10:34,17.6,83.2,130.9025444232724,32.84573502722323,31.36842105263158
217,2019-11-08 20:57:38,2019-11-08 22:45:26,38.4,97.6,131.18559406906908,33.68726823238566,31.57972805933251
218,2019-11-09 05:37:41,2019-11-09 08:50:28,32.8,97.6,129.8830228352195,28.758644536652834,25.782157676348547
219,2019-11-09 19:57:18,2019-11-09 23:15:11,25.6,92.0,129.1086011914324,30.50808625336927,29.277628032345014
220,2019-11-10 03:55:50,2019-11-10 05:58:11,28.8,97.6,129.47375539405687,31.14161220043573,28.045751633986928
221,2019-11-10 23:44:32,2019-11-11 01:30:58,11.6,97.6,129.68452130813958,33.01875,31.68375
222,2019-11-11 12:15:29,2019-11-11 13:42:21,32.0,82.0,130.01286017777778,30.191424196018378,29.052067381317
223,2019-11-12 01:18:09,2019-11-12 03:39:46,10.8,92.4,130.1448121051198,33.000940733772346,31.180620884289745
224,2019-11-12 16:58:39,2019-11-12 19:25:41,15.2,97.6,130.8485666868932,34.2973708068903,32.73436083408885
225,2019-11-13 02:46:56,2019-11-13 04:31:40,40.0,97.6,132.18904268904322,32.91857506361323,30.3117048346056
226,2019-11-13 14:38:47,2019-11-13 15:56:11,11.2,84.4,130.22981283394049,35.81411359724613,34.25989672977625
227,2019-11-13 18:56:13,2019-11-13 19:13:22,70.4,76.0,133.7391393353176,36.0,33.0
228,2019-11-14 14:40:58,2019-11-14 15:28:28,40.4,84.8,132.03097952014517,29.358543417366946,28.478991596638654
229,2019-11-15 02:46:30,2019-11-15 05:16:39,10.0,86.4,130.60558455497383,30.40691489361702,28.63031914893617
230,2019-11-15 16:20:03,2019-11-15 17:42:47,15.2,78.8,129.93267254760656,33.87600644122383,32.42512077294686
231,2019-11-16 02:09:11,2019-11-16 03:52:43,19.2,79.2,129.91093159259262,34.384813384813384,31.863577863577863
232,2019-11-16 09:38:51,2019-11-16 11:56:01,13.2,97.6,131.38249260136917,34.76482021379981,32.034985422740526
233,2019-11-16 18:59:10,2019-11-16 20:06:00,47.2,85.2,132.0345986622807,34.691235059760956,32.147410358565736
234,2019-11-17 01:25:45,2019-11-17 02:30:04,48.0,97.2,130.35178125846883,32.75569358178054,30.08695652173913
235,2019-11-17 13:24:23,2019-11-17 14:14:25,61.6,97.6,131.20013106095683,30.710106382978722,29.57712765957447
236,2019-11-18 02:10:17,2019-11-18 03:59:11,22.4,78.0,129.5531507713829,31.816625916870414,30.5
237,2019-11-18 12:22:32,2019-11-18 14:27:57,18.8,92.0,129.05467344034608,32.95642933049947,31.56748140276302
238,2019-11-18 21:59:41,2019-11-18 23:52:01,22.8,80.4,129.27019461323303,30.262158956109133,27.61447212336892
239,2019-11-19 19:10:51,2019-11-19 21:01:03,37.6,97.6,130.8011392777778,27.556227327690447,26.112454655380894
240,2019-11-20 17:11:08,2019-11-20 19:12:00,30.0,70.8,128.49044980596406,29.410143329658215,28.013230429988976
241,2019-11-21 00:33:44,2019-11-21 01:35:15,31.6,88.8,131.0128131264569,30.9004329004329,28.861471861471863
242,2019-11-21 18:14:23,2019-11-21 20:02:20,6.4,97.6,130.29322567769253,33.208641975308645,31.755555555555556
243,2019-11-22 18:06:29,2019-11-22 20:04:18,17.2,86.0,128.88500113452844,32.68099547511312,31.101809954751133
244,2019-11-23 04:31:24,2019-11-23 06:19:48,6.0,97.6,130.1716858639617,33.09079754601227,30.505521472392637
245,2019-11-23 21:41:19,2019-11-23 23:10:35,25.6,97.6,130.4466191415895,34.188059701492534,32.507462686567166
246,2019-11-24 18:11:45,2019-11-24 19:54:47,14.4,97.6,129.74333130508816,35.1937984496124,33.64341085271318
247,2019-11-25 02:46:02,2019-11-25 03:29:16,51.2,90.0,131.1909797895189,33.323076923076925,30.166153846153847
248,2019-11-25 12:14:52,2019-11-25 12:58:22,22.4,47.2,132.14205481630822,30.642201834862384,29.29051987767584
249,2019-11-25 13:25:27,2019-11-25 13:55:11,47.2,64.4,130.24809108527126,32.29017857142857,31.254464285714285
250,2019-11-25 14:05:33,2019-11-25 14:25:37,64.4,75.6,134.99011061507952,32.723684210526315,31.861842105263158
251,2019-11-25 23:09:05,2019-11-26 01:01:26,17.6,90.4,128.52471255723438,32.65005931198102,30.609727164887307
252,2019-11-26 04:44:06,2019-11-26 05:18:40,59.6,90.0,131.69959985836988,32.7,29.153846153846153
253,2019-11-26 17:28:41,2019-11-26 19:10:13,13.2,97.6,130.16022261716697,33.014435695538054,31.6994750656168
254,2019-11-27 02:15:43,2019-11-27 03:30:02,36.4,97.6,131.09834218182647,33.376344086021504,30.872759856630825
255,2019-11-27 13:46:14,2019-11-27 14:44:30,35.2,86.8,131.03406813092164,33.257990867579906,31.365296803652967
256,2019-11-27 22:01:37,2019-11-27 23:17:40,35.2,97.2,130.00150172715055,34.92321116928447,31.848167539267017
257,2019-11-28 13:43:46,2019-11-28 15:30:54,12.4,97.6,128.5674788650887,29.98507462686567,28.16915422885572
258,2019-11-29 03:30:40,2019-11-29 04:48:43,22.8,91.2,129.45563929499676,25.718909710391824,22.908006814310053
259,2019-11-29 16:32:25,2019-11-29 17:15:47,20.0,41.6,132.1687236419753,24.17484662576687,22.89877300613497
260,2019-11-29 17:16:43,2019-11-29 19:01:11,40.8,94.0,130.14410881411862,27.625,26.480867346938776
261,2019-11-30 05:26:24,2019-11-30 07:15:00,10.8,97.6,129.77937555523553,26.996319018404908,24.922699386503066
262,2019-11-30 17:34:05,2019-11-30 18:06:15,74.0,97.6,130.0380811617232,25.169421487603305,24.227272727272727
263,2019-12-01 07:43:35,2019-12-01 08:30:49,65.2,97.6,131.6633825274349,27.72112676056338,26.55492957746479
264,2019-12-01 21:57:12,2019-12-02 00:03:41,20.8,97.6,128.35968379810478,27.21917808219178,24.973656480505795
265,2019-12-02 11:42:48,2019-12-02 12:33:38,56.4,95.6,130.58164269416102,24.157068062827225,22.31413612565445
266,2019-12-03 00:11:59,2019-12-03 01:59:23,12.4,97.6,130.04033132009653,26.008684863523573,23.872208436724566
267,2019-12-03 11:03:31,2019-12-03 11:33:08,85.2,97.6,126.96617267025101,23.94170403587444,21.847533632286996
268,2019-12-03 19:09:13,2019-12-03 19:34:53,47.2,62.0,130.60410226163668,24.74871794871795,23.256410256410255
269,2019-12-04 02:23:28,2019-12-04 04:51:49,14.8,96.8,130.51145203590784,24.938903863432166,22.2785265049416
270,2019-12-04 15:28:05,2019-12-04 16:50:56,23.6,77.2,129.0377019848673,26.105939004815408,24.597110754414125
271,2019-12-05 00:22:12,2019-12-05 01:33:03,20.4,66.4,128.8390667663043,24.977443609022558,22.94172932330827
272,2019-12-05 13:56:38,2019-12-05 15:26:57,19.6,96.8,127.7491802892919,25.803834808259587,24.62684365781711
273,2019-12-06 00:24:48,2019-12-06 01:50:44,28.0,97.6,130.1661492197478,27.420155038759688,25.38139534883721
274,2019-12-06 16:51:56,2019-12-06 18:12:56,18.4,92.4,129.80570364864866,27.345394736842106,26.05263157894737
275,2019-12-07 01:39:53,2019-12-07 02:22:03,41.6,68.4,131.3472367070895,25.62460567823344,22.26813880126183
276,2019-12-07 05:27:21,2019-12-07 06:30:43,53.6,74.4,132.01656009615382,22.439075630252102,19.0
277,2019-12-07 07:16:34,2019-12-07 08:02:12,68.4,97.6,130.7127304509133,22.889212827988338,20.26822157434402
278,2019-12-07 17:23:50,2019-12-07 18:36:57,40.8,97.6,129.27947016334113,26.639344262295083,25.209471766848814
279,2019-12-08 04:15:53,2019-12-08 05:53:41,15.6,97.6,130.06779562330624,26.53542234332425,24.02316076294278
280,2019-12-08 17:24:48,2019-12-08 18:47:08,31.6,97.6,129.39810792929293,27.084142394822006,25.597087378640776
281,2019-12-09 04:04:24,2019-12-09 05:43:16,19.2,97.6,129.4704452451814,25.947439353099732,23.71563342318059
282,2019-12-09 16:34:32,2019-12-09 18:52:05,19.6,97.6,129.46423880698003,30.920542635658915,29.149224806201552
283,2019-12-10 18:28:36,2019-12-10 19:53:36,28.4,97.6,129.03952841000321,28.437304075235108,27.224137931034484
284,2019-12-11 20:52:58,2019-12-11 22:09:26,39.2,97.6,130.47745415953202,26.865853658536587,25.77177700348432
285,2019-12-12 14:56:22,2019-12-12 16:28:18,38.0,96.0,130.23679654454023,27.520289855072463,26.068115942028985
286,2019-12-13 10:32:17,2019-12-13 13:09:28,18.0,97.6,128.49172576249305,25.341815097540287,24.5284139100933
287,2019-12-13 23:23:55,2019-12-14 01:19:20,30.8,70.4,126.75207966470255,27.333718244803695,25.136258660508084
288,2019-12-14 05:49:06,2019-12-14 07:18:01,26.8,97.6,130.67832970613622,27.989536621823618,25.446935724962632
289,2019-12-15 15:14:49,2019-12-15 16:41:25,32.4,82.8,129.15942019400353,26.807692307692307,25.426153846153845
290,2019-12-16 01:41:59,2019-12-16 03:34:59,6.4,97.6,130.50215423672032,32.323113207547166,30.339622641509433
291,2019-12-16 15:50:20,2019-12-16 17:03:40,27.6,91.2,128.87702819706496,35.26497277676951,33.4519056261343
292,2019-12-17 02:58:58,2019-12-17 05:24:35,15.6,97.6,130.6940156792005,32.23604757548033,29.78316559926807
293,2019-12-17 13:11:42,2019-12-17 13:26:39,56.4,65.2,127.70930861742417,30.0,28.601769911504423
294,2019-12-17 16:25:42,2019-12-17 16:51:27,64.4,79.2,130.78812959834835,29.912371134020617,28.7680412371134
295,2019-12-17 17:20:08,2019-12-17 17:35:05,79.2,89.6,108.06172267628213,30.0,29.0
296,2019-12-18 14:10:00,2019-12-18 16:15:57,5.6,86.0,130.0443547557352,34.01164021164021,32.3058201058201
297,2019-12-19 00:43:13,2019-12-19 01:57:31,23.2,90.0,129.4057751996008,33.982078853046595,31.60573476702509
298,2019-12-19 15:33:27,2019-12-19 16:48:34,22.4,89.6,128.09106064814816,27.897163120567377,25.179078014184398
299,2019-12-20 00:12:52,2019-12-20 01:09:26,36.0,86.4,130.04807646604934,26.57176470588235,23.595294117647057
300,2019-12-20 15:51:22,2019-12-20 17:25:34,14.0,94.8,129.4146906714109,27.995756718528995,26.51768033946252
301,2019-12-21 03:33:20,2019-12-21 03:53:18,38.4,56.4,129.59098439814815,24.282894736842106,21.835526315789473
302,2019-12-21 03:54:46,2019-12-21 04:55:13,56.4,97.6,128.35916839266451,26.740088105726873,24.601321585903083
303,2019-12-21 16:32:08,2019-12-21 18:09:32,17.2,97.6,128.07751157925654,28.906976744186046,27.748290013679892
304,2019-12-22 02:27:54,2019-12-22 03:31:41,51.6,97.6,130.4726805283817,27.674321503131523,25.219206680584552
305,2019-12-22 13:49:26,2019-12-22 15:04:57,22.8,89.6,129.78706182010978,28.250440917107582,26.664902998236332
306,2019-12-22 22:56:07,2019-12-23 00:05:22,47.2,97.6,130.75264307760142,27.265384615384615,25.0
307,2019-12-23 09:26:06,2019-12-23 10:58:02,25.2,97.6,129.4053772214549,27.120289855072464,25.384057971014492
308,2019-12-23 19:33:25,2019-12-23 20:57:12,32.0,97.6,128.7845955263381,31.276629570747218,29.643879173290937
309,2019-12-24 03:00:04,2019-12-24 04:14:47,39.6,97.6,130.77032399425292,32.948306595365416,29.912655971479502
310,2019-12-25 00:49:49,2019-12-25 02:23:36,12.4,92.8,130.82617602611944,28.937677053824363,26.847025495750707
311,2019-12-25 19:32:30,2019-12-25 21:08:42,22.0,97.6,128.45315504115229,30.21191135734072,28.99584487534626
312,2019-12-26 03:45:40,2019-12-26 05:19:32,25.2,98.4,130.17258309236493,31.46099290780142,28.425531914893618
313,2019-12-26 17:05:08,2019-12-26 18:41:52,20.4,97.6,129.50042699158035,29.546831955922865,27.93250688705234
314,2019-12-27 17:56:34,2019-12-27 19:46:31,15.2,98.8,128.228429362706,27.658181818181816,26.326060606060604
315,2019-12-28 05:26:15,2019-12-28 06:40:26,48.0,98.8,129.1624960766623,23.700179533213646,21.012567324955118
316,2019-12-28 16:29:15,2019-12-28 16:52:04,36.4,49.6,130.21720061026934,24.523255813953487,23.313953488372093
317,2019-12-28 17:20:29,2019-12-28 17:42:54,49.6,62.4,131.85072510850702,26.011834319526628,24.85207100591716
318,2019-12-28 22:30:34,2019-12-28 23:24:28,61.6,92.0,133.43204705774855,25.619753086419752,24.516049382716048
319,2019-12-29 05:09:10,2019-12-29 06:33:45,29.2,83.2,130.606462186214,26.84724409448819,24.5496062992126
320,2019-12-29 12:11:36,2019-12-29 13:38:43,47.2,97.6,130.82274298390655,27.168195718654435,25.69724770642202
321,2019-12-29 23:01:14,2019-12-30 00:38:25,19.6,97.6,129.72976805733617,30.76027397260274,28.938356164383563
322,2019-12-30 04:51:15,2019-12-30 05:49:09,55.6,97.6,131.84699762235454,30.72183908045977,27.641379310344828
323,2019-12-30 17:27:01,2019-12-30 19:18:19,7.2,97.6,130.66271062868736,35.3732057416268,33.717703349282296
324,2019-12-31 02:13:35,2019-12-31 03:02:03,40.4,85.6,132.26681694321536,33.46027397260274,30.24931506849315
325,2019-12-31 14:40:01,2019-12-31 16:34:23,12.4,99.2,129.35219809107784,32.330616996507565,30.82188591385332
326,2020-01-01 01:17:38,2020-01-01 02:37:09,18.0,88.8,130.20064738112055,32.95812395309883,30.105527638190956
327,2020-01-01 11:47:17,2020-01-01 13:28:57,16.8,97.6,128.0604219746975,29.427260812581913,27.003931847968545
328,2020-01-02 00:42:36,2020-01-02 01:43:02,35.6,88.8,129.16302691102757,27.292951541850222,24.997797356828194
329,2020-01-02 13:16:47,2020-01-02 15:13:00,26.0,97.6,128.14444191883928,28.166284403669724,26.443807339449542
330,2020-01-02 20:50:40,2020-01-02 21:38:10,64.8,97.6,131.89204018462064,29.481792717086833,26.784313725490197
331,2020-01-03 02:57:05,2020-01-03 03:23:43,60.8,75.6,135.00375750750754,26.492537313432837,23.069651741293534
332,2020-01-03 03:31:51,2020-01-03 03:49:04,75.6,86.8,133.48936093749998,26.96153846153846,23.96153846153846
333,2020-01-03 08:09:43,2020-01-03 08:37:20,62.4,78.0,132.5551965099715,25.95673076923077,23.0
334,2020-01-03 08:42:05,2020-01-03 09:11:27,77.6,93.6,134.9713450520833,26.226244343891402,23.83710407239819
335,2020-01-03 20:42:28,2020-01-03 22:40:56,26.4,94.8,129.89766081871343,31.896512935883013,29.376827896512935
336,2020-01-04 07:18:02,2020-01-04 09:29:35,31.6,97.6,130.25873781144782,27.505572441742654,24.989868287740627
337,2020-01-04 19:54:16,2020-01-04 22:31:34,18.0,97.6,129.91106199329988,31.854237288135593,30.21864406779661
338,2020-01-06 09:38:06,2020-01-06 10:35:36,34.8,86.4,128.40955065676138,26.69675925925926,25.91898148148148
339,2020-01-06 11:02:10,2020-01-06 11:29:07,86.0,97.6,118.22381181752877,28.970443349753694,28.0
340,2020-01-06 20:29:47,2020-01-06 20:57:00,24.8,40.4,131.1629564992878,30.463414634146343,29.13170731707317
341,2020-01-06 21:07:40,2020-01-06 22:50:48,40.0,96.8,130.14165786384976,33.263565891472865,31.72093023255814
342,2020-01-07 12:18:10,2020-01-07 13:07:16,23.6,52.0,130.24807310250392,27.28918918918919,26.02972972972973
343,2020-01-07 13:16:28,2020-01-07 13:48:05,51.6,69.6,132.33891865740745,29.91176470588235,28.819327731092436
344,2020-01-07 19:36:35,2020-01-07 22:40:43,36.8,90.0,130.37014958228906,29.85228095582911,28.67270094134685
345,2020-01-08 05:35:43,2020-01-08 07:04:42,28.4,85.2,130.43987289955007,29.32185628742515,27.24251497005988
346,2020-01-08 13:41:48,2020-01-08 14:44:14,41.6,94.4,129.8847550899621,30.816631130063964,29.686567164179106
347,2020-01-09 06:13:00,2020-01-09 08:06:33,28.0,97.6,128.54258593949555,28.887323943661972,26.753521126760564
348,2020-01-09 21:29:10,2020-01-09 22:52:18,32.0,97.6,130.50064401253388,32.493589743589745,30.283653846153847
349,2020-01-10 21:28:00,2020-01-10 23:02:12,22.8,97.6,128.03768323306596,31.258840169731258,30.096181046676097
350,2020-01-11 04:53:05,2020-01-11 06:35:33,47.6,97.6,131.3397489866667,30.107932379713915,27.208062418725618
351,2020-01-11 20:40:00,2020-01-11 21:58:19,53.6,97.6,130.4699933396465,25.187074829931973,22.30952380952381
352,2020-01-12 18:38:31,2020-01-12 19:39:44,34.4,66.0,128.8546646536568,22.386117136659436,21.023861171366594
353,2020-01-13 11:02:24,2020-01-13 12:27:55,27.2,96.8,128.9108059965677,23.306853582554517,22.09968847352025
354,2020-01-13 20:57:23,2020-01-13 22:32:39,41.2,97.6,130.31870785805754,27.072727272727274,25.43076923076923
355,2020-01-14 18:04:24,2020-01-14 19:57:57,22.8,96.0,128.2481043317395,28.163145539906104,26.81338028169014
356,2020-01-15 15:23:01,2020-01-15 16:37:27,24.4,90.4,128.01021295664984,28.207513416815743,26.722719141323793
357,2020-03-03 14:51:41,2020-03-03 15:58:56,46.8,97.6,127.43807400207787,27.043564356435642,26.021782178217823
358,2020-03-04 17:22:53,2020-03-04 19:01:45,15.2,97.6,125.30548088592238,26.146900269541778,23.305929919137466
359,2020-03-05 14:36:07,2020-03-05 15:13:12,48.8,84.0,130.1307409840593,23.455197132616487,21.817204301075268
360,2020-03-05 19:14:42,2020-03-05 19:45:23,83.6,97.6,114.8871490873016,23.0,21.995670995670995
361,2020-03-11 09:16:08,2020-03-11 10:37:15,30.4,97.6,125.0254974950397,26.307060755336618,24.36945812807882
362,2020-03-11 18:16:36,2020-03-11 19:32:31,38.4,97.6,128.60034708614864,30.742105263157896,27.770175438596493
363,2020-03-11 23:49:31,2020-03-12 00:27:32,78.4,97.6,131.04386390335657,29.0,25.087412587412587
364,2020-03-13 01:05:58,2020-03-13 03:21:07,13.2,97.6,125.96745168016064,30.259368836291912,28.615384615384617
365,2020-03-13 19:43:55,2020-03-13 21:21:11,39.2,97.6,129.27905673515983,31.83013698630137,28.83013698630137
366,2020-03-15 16:28:16,2020-03-15 18:12:36,12.8,97.6,126.13646764773323,30.464878671775224,29.144316730523627
367,2020-03-17 14:13:59,2020-03-17 15:47:14,42.4,97.6,129.10394445702497,27.292857142857144,26.242857142857144
368,2020-03-18 14:05:26,2020-03-18 15:43:46,12.8,96.4,126.17868396963053,28.308943089430894,26.612466124661246
369,2020-03-19 11:36:16,2020-03-19 12:50:36,42.4,97.6,127.5622915257649,26.39426523297491,24.659498207885303
370,2020-03-20 14:07:10,2020-03-20 15:47:52,43.2,97.6,127.98439341554332,26.05019815059445,24.800528401585204
371,2020-03-21 00:27:23,2020-03-21 01:37:58,45.2,97.6,128.1043683047074,29.147169811320754,26.871698113207547
372,2020-03-23 10:06:39,2020-03-23 11:24:34,55.6,97.6,129.96200176587305,29.022222222222222,28.006837606837607
373,2020-03-23 23:29:11,2020-03-24 02:23:58,39.2,97.6,129.19253959760272,31.84134248665141,30.401220442410374
374,2020-03-24 16:00:47,2020-03-24 19:33:45,26.4,97.6,129.11644520131088,34.62640801001252,33.169586983729666
375,2020-03-25 17:33:43,2020-03-25 19:04:10,25.6,97.6,128.306491714892,33.888070692194404,32.369661266568485
376,2020-03-26 18:15:01,2020-03-26 19:06:57,13.2,60.0,129.5071018310779,32.72378516624041,31.47826086956522
377,2020-03-26 19:08:49,2020-03-26 20:03:33,60.4,97.6,127.71256625224015,36.49029126213592,34.8252427184466
378,2020-03-27 12:59:57,2020-03-27 14:22:56,53.2,97.6,131.7962842905406,30.024077046548957,28.9438202247191
379,2020-03-27 20:34:59,2020-03-27 21:15:25,70.8,97.6,130.64169151119404,29.220394736842106,26.70394736842105
380,2020-03-28 19:14:43,2020-03-28 20:44:55,26.8,97.6,129.89844971359074,28.36927621861152,27.307237813884786
381,2020-03-29 13:17:42,2020-03-29 14:49:14,26.0,97.6,128.3736687577592,27.26783114992722,26.08151382823872
382,2020-03-29 20:27:42,2020-03-29 21:02:40,75.6,97.6,131.1957831439394,27.34980988593156,25.03422053231939
383,2020-03-30 14:39:00,2020-03-30 15:01:49,64.4,84.4,131.87001116666667,20.674418604651162,19.040697674418606
384,2020-03-30 20:57:37,2020-03-30 21:27:48,57.6,84.4,131.39848419879766,21.649122807017545,19.82017543859649
385,2020-03-31 14:15:50,2020-03-31 14:49:19,56.0,85.2,132.53525209760275,20.996031746031747,19.678571428571427
386,2020-04-01 11:52:22,2020-04-01 13:04:57,20.0,86.0,127.16222738425927,22.842201834862387,21.65137614678899
387,2020-04-02 00:12:18,2020-04-02 02:00:55,46.0,97.6,130.84292052648578,22.226993865030675,20.45398773006135
388,2020-04-02 17:05:43,2020-04-02 18:51:23,47.6,97.6,130.6551165316667,23.010088272383353,21.47919293820933
389,2020-04-03 10:41:54,2020-04-03 12:07:10,58.0,97.6,132.236397397587,23.1015625,21.9640625
390,2020-04-04 02:26:13,2020-04-04 05:13:08,4.0,97.6,128.6246430169753,26.375399361022364,24.067891373801917
391,2020-04-04 16:06:51,2020-04-04 17:24:14,38.4,97.6,130.63561475929058,27.564543889845094,25.841652323580035
392,2020-04-06 15:58:30,2020-04-06 17:06:08,35.2,92.8,127.91354857735342,22.10433070866142,20.944881889763778
393,2020-04-06 17:33:13,2020-04-06 17:50:34,92.4,97.6,121.64482403846179,24.0,23.0
394,2020-04-07 14:12:15,2020-04-07 15:29:23,42.0,97.6,127.13914230615508,23.328151986183073,22.231433506044905
395,2020-04-08 02:05:08,2020-04-08 03:25:28,29.2,96.4,128.48867081266536,26.666666666666668,25.12106135986733
396,2020-04-08 15:52:44,2020-04-08 17:10:23,38.0,97.6,130.17669930089482,30.727272727272727,29.60034305317324
397,2020-04-09 13:53:04,2020-04-09 15:56:45,30.4,97.6,129.4992541335979,31.645474137931036,30.132543103448278
398,2020-04-10 09:58:52,2020-04-10 11:27:52,26.8,84.8,126.91683148467432,27.898203592814372,26.516467065868262
399,2020-04-10 11:35:20,2020-04-10 12:04:18,85.2,97.6,123.12311705869186,30.0,28.977064220183486
400,2020-04-10 18:47:51,2020-04-10 19:32:01,76.0,97.6,133.7948352623457,32.61144578313253,31.0
401,2020-04-12 07:45:00,2020-04-12 09:24:32,17.2,97.6,128.4336655818132,24.23293172690763,22.56091030789826
402,2020-04-12 18:33:39,2020-04-12 19:33:17,58.0,92.4,130.5320056363049,29.372767857142858,28.089285714285715
403,2020-04-13 14:48:41,2020-04-13 15:53:31,28.8,88.0,127.25893392454957,29.696098562628336,27.897330595482547
404,2020-04-14 01:54:18,2020-04-14 02:56:21,40.4,93.2,129.00589731691917,28.776824034334766,26.839055793991417
405,2020-04-14 17:34:41,2020-04-14 18:42:27,62.4,97.6,130.58781243292302,26.62671905697446,25.402750491159136
406,2020-04-15 10:10:00,2020-04-15 10:54:02,66.8,94.4,129.71972294685986,24.64652567975831,23.598187311178247
407,2020-04-16 00:26:32,2020-04-16 01:42:11,36.8,97.6,127.87199231999273,32.09154929577465,30.70950704225352
408,2020-04-16 12:57:07,2020-04-16 14:04:22,45.6,97.6,129.15325311698717,32.22178217821782,31.138613861386137
409,2020-04-17 00:19:40,2020-04-17 00:58:54,52.4,87.6,129.67047277462126,31.99322033898305,29.647457627118644
410,2020-04-17 19:59:46,2020-04-17 21:32:21,21.2,97.6,128.76150342859225,34.371223021582736,33.10647482014389
411,2020-04-18 13:56:17,2020-04-18 14:58:44,50.0,97.6,129.35251179096642,33.17910447761194,31.35820895522388
412,2020-04-19 13:55:05,2020-04-19 16:12:14,18.4,97.6,125.86980299172279,33.797862001943635,32.20991253644315
413,2020-04-19 22:18:34,2020-04-19 23:09:31,58.8,97.6,130.40152921320163,35.668407310704964,33.5378590078329
414,2020-04-20 03:55:18,2020-04-20 05:15:28,56.0,97.6,131.13847438568376,34.27363184079602,31.771144278606965
415,2020-04-20 16:17:39,2020-04-20 17:22:46,46.8,97.6,129.7152364938758,35.40899795501022,34.1799591002045
416,2020-04-21 13:26:40,2020-04-21 14:59:47,35.2,83.6,127.44549478937101,33.59014084507042,32.4056338028169
417,2020-04-22 00:27:31,2020-04-22 01:30:45,49.2,97.6,129.29064016299358,33.61052631578947,32.27157894736842
418,2020-04-22 17:29:18,2020-04-22 18:52:41,32.0,97.6,126.5424802718496,28.05591054313099,25.896166134185304
419,2020-04-23 01:54:29,2020-04-23 02:51:43,44.8,93.2,129.48913545684113,27.81860465116279,24.63720930232558
420,2020-04-23 13:41:00,2020-04-23 14:58:06,38.8,97.6,127.66934000614134,26.877374784110536,25.392055267702936
421,2020-04-23 23:51:20,2020-04-24 00:44:58,58.8,97.6,129.3446945912085,26.60545905707196,24.905707196029777
422,2020-04-24 19:14:29,2020-04-24 20:12:08,60.4,97.6,123.46738251194745,23.57043879907621,22.496535796766743
423,2020-04-25 22:14:24,2020-04-25 23:50:12,20.4,97.6,125.63679050626082,30.872044506258693,29.429763560500696
424,2020-04-26 18:06:28,2020-04-26 18:40:58,42.8,74.0,128.82879847756413,32.32211538461539,31.14423076923077
425,2020-04-26 18:41:19,2020-04-26 19:10:09,74.4,96.0,128.4683796939301,33.827586206896555,32.775862068965516
426,2020-04-27 00:36:12,2020-04-27 01:05:02,57.2,83.2,130.04968199786327,33.40229885057471,30.839080459770116
427,2020-04-27 01:05:23,2020-04-27 01:25:23,83.2,96.8,126.70037510212421,34.0,32.0
428,2020-04-27 18:25:20,2020-04-27 18:54:00,23.2,47.2,129.0428388888889,35.884393063583815,34.445086705202314
429,2020-04-27 18:54:21,2020-04-27 19:21:51,47.2,70.8,125.85336252354054,38.295180722891565,36.7710843373494
430,2020-04-27 19:22:12,2020-04-27 19:54:32,71.2,95.6,127.51994324908931,39.0,37.246153846153845
431,2020-05-01 19:07:06,2020-05-01 19:35:46,14.8,33.2,129.93358408816422,33.09826589595376,31.14450867052023
432,2020-05-01 19:36:07,2020-05-01 20:05:47,33.6,52.8,128.82017303240744,34.93296089385475,33.08379888268156
433,2020-05-01 20:06:08,2020-05-01 20:38:28,53.2,74.8,124.78588310185185,36.794871794871796,34.90769230769231
434,2020-05-01 20:38:49,2020-05-01 21:10:59,74.8,95.2,128.6342679738562,37.0,35.25773195876289
435,2020-05-02 04:08:28,2020-05-02 04:29:18,51.2,70.0,130.1248536495272,34.5,31.793650793650794
436,2020-05-02 04:29:39,2020-05-02 04:51:49,70.0,89.2,128.60317006655092,35.54477611940298,33.09701492537314
437,2020-05-02 09:48:47,2020-05-02 10:17:37,56.0,80.0,130.48844571759258,34.0,31.96551724137931
438,2020-05-02 10:17:58,2020-05-02 10:46:08,80.0,97.6,128.83129253472228,34.970588235294116,33.0
439,2020-05-02 21:41:53,2020-05-02 22:14:33,32.8,62.4,128.4074995307808,37.48730964467005,35.55329949238579
440,2020-05-02 22:14:54,2020-05-02 22:44:54,62.8,89.2,128.76684837962964,39.67955801104972,37.74585635359116
441,2020-05-03 08:25:20,2020-05-03 08:52:50,64.8,89.2,128.32593015710378,34.2710843373494,32.325301204819276
442,2020-05-03 08:53:11,2020-05-03 09:09:51,89.2,97.6,127.77284110449752,35.0,33.0
443,2020-05-03 15:33:04,2020-05-03 16:07:34,53.2,84.4,130.28313964565524,38.36538461538461,36.64423076923077
444,2020-05-03 16:07:55,2020-05-03 16:30:05,84.8,97.6,129.2578077256945,39.0,37.07462686567164
445,2020-05-03 18:57:15,2020-05-03 19:28:15,66.0,91.6,130.99664263237852,41.01604278074866,39.32620320855615
446,2020-05-04 14:43:49,2020-05-04 15:07:19,23.2,44.4,129.40448696278827,35.92253521126761,34.443661971830984
447,2020-05-04 15:07:40,2020-05-04 15:37:50,44.8,73.2,123.95198058489827,39.027472527472526,37.59340659340659
448,2020-05-04 15:38:11,2020-05-04 16:08:21,73.2,96.4,126.26976909722222,40.36813186813187,39.0
449,2020-05-05 13:33:30,2020-05-05 14:00:10,27.2,42.8,128.77762847222226,36.149068322981364,34.26086956521739
450,2020-05-05 14:00:31,2020-05-05 14:32:31,43.2,62.4,125.55558333333339,37.626943005181346,35.73575129533679
451,2020-05-05 14:32:52,2020-05-05 14:56:22,62.8,76.8,126.45240892857143,38.0,36.183098591549296
452,2020-05-05 15:08:13,2020-05-05 15:35:13,76.8,94.0,118.25664769056847,38.0,36.31288343558282
453,2020-05-06 01:32:28,2020-05-06 01:55:28,19.2,30.8,128.86851637931034,34.32374100719424,33.0
454,2020-05-06 01:55:49,2020-05-06 02:25:19,30.8,46.0,128.9528514254386,35.40449438202247,33.42696629213483
455,2020-05-06 02:25:40,2020-05-06 02:55:10,46.4,62.0,125.62144675925926,36.6123595505618,34.331460674157306
456,2020-05-06 02:55:31,2020-05-06 03:28:11,62.4,79.2,129.193123015873,37.0,34.0
457,2020-05-06 03:28:32,2020-05-06 03:57:32,79.6,94.4,130.1820609984984,37.0,34.0
458,2020-05-06 16:49:33,2020-05-06 17:09:13,22.8,40.4,130.18859682765154,37.36974789915966,35.19327731092437
459,2020-05-06 17:09:34,2020-05-06 17:38:12,40.8,67.2,126.39739773779459,39.4367816091954,37.4080459770115
460,2020-05-06 17:38:33,2020-05-06 18:11:13,67.6,94.0,128.7468459069865,40.6243654822335,38.95939086294416
461,2020-05-07 04:03:13,2020-05-07 04:21:43,25.6,42.4,128.59624239417994,34.839285714285715,32.8125
462,2020-05-07 04:22:04,2020-05-07 04:41:44,42.8,60.8,127.57254120370376,37.18487394957983,35.11764705882353
463,2020-05-07 04:52:58,2020-05-07 05:20:58,71.2,93.6,128.257695436508,39.0,37.0
464,2020-05-07 14:00:27,2020-05-07 14:27:17,27.2,51.2,129.38540439814813,38.46913580246913,36.91358024691358
465,2020-05-07 14:27:38,2020-05-07 14:55:58,51.6,77.2,128.0240708550347,40.95906432748538,39.50292397660819
466,2020-05-07 14:56:19,2020-05-07 15:14:39,77.6,92.0,127.39390509259255,42.0,40.0
467,2020-05-07 20:31:53,2020-05-07 20:57:23,20.8,43.6,130.76695309454195,40.16233766233766,37.532467532467535
468,2020-05-07 20:57:44,2020-05-07 21:25:54,44.0,70.0,126.63249636752138,42.94705882352941,40.05882352941177
469,2020-05-07 21:26:15,2020-05-07 21:54:05,70.0,92.8,128.9839281189084,44.0,41.0
470,2020-05-08 06:32:35,2020-05-08 07:02:05,23.6,40.8,129.20545494186055,36.29213483146067,33.46067415730337
471,2020-05-08 07:02:26,2020-05-08 07:33:06,41.2,59.6,125.55558333333339,37.92972972972973,35.383783783783784
472,2020-05-08 07:33:27,2020-05-08 08:08:07,59.6,80.4,125.55558333333335,39.0,36.0
473,2020-05-08 08:08:28,2020-05-08 08:39:38,80.4,97.6,130.2737705910854,39.0,36.6968085106383
474,2020-05-08 15:36:25,2020-05-08 16:08:05,44.0,72.8,129.69090697337964,39.79057591623037,38.31413612565445
475,2020-05-08 16:08:26,2020-05-08 16:25:56,73.2,88.4,130.1699827302632,41.132075471698116,39.74528301886792
476,2020-05-09 00:16:48,2020-05-09 00:45:38,26.4,50.8,128.0464522996357,39.93103448275862,37.06896551724138
477,2020-05-09 00:45:59,2020-05-09 01:15:29,51.2,76.0,128.87321191756274,42.438202247191015,39.58988764044944
478,2020-05-09 01:15:50,2020-05-09 01:36:00,76.4,92.0,127.88195219017098,43.0,40.0
479,2020-05-09 12:07:09,2020-05-09 12:34:49,29.2,54.0,128.6548125,38.38922155688623,36.83832335329341
480,2020-05-09 12:35:10,2020-05-09 13:02:40,54.4,79.2,127.86628192204299,40.71686746987952,38.92168674698795
481,2020-05-09 13:03:01,2020-05-09 13:30:01,79.6,97.6,130.88503680555556,41.061349693251536,39.31288343558282
482,2020-05-09 17:19:45,2020-05-09 17:57:05,58.4,82.8,129.02381767987254,41.0,39.0
483,2020-05-09 17:57:26,2020-05-09 18:23:26,82.8,97.6,129.67999455705709,41.0,38.98726114649681
484,2020-05-10 21:00:25,2020-05-10 21:26:45,47.6,71.6,127.90798547453707,32.0503144654088,30.08176100628931
485,2020-05-10 21:27:06,2020-05-10 22:01:06,71.6,96.4,127.37624495967736,33.64878048780488,31.71219512195122
486,2020-05-11 12:40:01,2020-05-11 13:11:31,32.4,51.2,126.65411798167847,32.2,30.942105263157895
487,2020-05-11 13:11:52,2020-05-11 13:34:32,51.2,65.2,122.4880742063492,33.96350364963504,32.85401459854015
488,2020-05-11 14:57:35,2020-05-11 15:23:21,65.6,83.6,108.3223533796296,34.17307692307692,33.19871794871795
489,2020-05-11 15:23:42,2020-05-11 15:47:42,83.6,97.6,129.71425714285712,35.0,34.0
490,2020-05-12 02:39:50,2020-05-12 03:02:30,21.2,42.0,127.5060290464744,29.861313868613138,27.62043795620438
491,2020-05-12 03:02:51,2020-05-12 03:31:51,42.0,69.2,124.70538950163399,33.02857142857143,30.805714285714284
492,2020-05-12 03:32:12,2020-05-12 04:02:02,69.6,93.6,127.71934976851853,34.74444444444445,32.62777777777778
493,2020-05-12 17:20:58,2020-05-12 17:50:18,26.0,52.8,127.78141412728026,36.53107344632768,34.68361581920904
494,2020-05-12 17:50:39,2020-05-12 18:18:19,53.2,78.8,126.20715196397572,39.137724550898206,37.29940119760479
495,2020-05-12 18:18:40,2020-05-12 18:47:40,78.8,97.6,127.6691863179669,40.0,38.0
496,2020-05-13 00:33:00,2020-05-13 00:52:20,54.8,72.0,131.06346164405687,36.99145299145299,34.52991452991453
497,2020-05-13 00:52:41,2020-05-13 01:24:51,72.4,96.8,128.54510029599277,38.0,35.0
498,2020-05-13 20:43:10,2020-05-13 21:14:40,22.8,51.2,128.90211712636935,33.8421052631579,32.33684210526316
499,2020-05-13 21:15:01,2020-05-13 21:45:01,51.6,79.2,126.35721301328506,36.72375690607735,34.87292817679558
500,2020-05-13 21:45:22,2020-05-13 22:13:52,79.6,97.6,129.62348672839508,37.38953488372093,35.91860465116279
501,2020-05-14 06:32:33,2020-05-14 07:00:13,26.8,52.0,128.05446042768963,34.41916167664671,32.08982035928144
502,2020-05-14 07:00:34,2020-05-14 07:27:44,52.4,77.2,127.76602111335123,36.8780487804878,34.63414634146341
503,2020-05-14 07:28:05,2020-05-14 07:57:45,77.6,97.6,130.47014937499998,38.0,35.0
504,2020-05-15 07:00:41,2020-05-15 07:25:41,36.4,51.6,123.62941337719298,30.814569536423843,29.973509933774835
505,2020-05-15 07:26:02,2020-05-15 08:04:29,52.0,75.2,124.57581785201153,32.39914163090129,31.459227467811157
506,2020-05-15 08:04:50,2020-05-15 08:37:10,75.2,94.4,126.58278269675927,33.0,32.0
507,2020-05-16 02:04:29,2020-05-16 02:22:19,26.4,42.4,130.0329893229167,35.574074074074076,33.870370370370374
508,2020-05-16 07:40:18,2020-05-16 08:10:38,64.4,90.0,128.4993546006945,36.3551912568306,34.76502732240437
509,2020-05-16 08:10:59,2020-05-16 08:28:59,90.0,97.6,122.07606286549716,37.0,35.0
510,2020-05-16 19:02:55,2020-05-16 19:23:05,53.6,65.2,130.96746192528738,37.0,35.0
511,2020-05-16 19:30:57,2020-05-16 19:50:47,65.6,78.8,113.11765982744105,37.0,35.0
512,2020-05-16 19:51:08,2020-05-16 20:18:18,79.2,94.8,131.18948771367528,37.0,35.0
513,2020-05-17 01:57:12,2020-05-17 02:18:12,56.0,74.8,130.17213807624114,32.92913385826772,29.79527559055118
514,2020-05-17 02:18:33,2020-05-17 02:37:04,75.2,90.4,129.4066320723684,33.88495575221239,30.876106194690266
515,2020-05-17 15:36:11,2020-05-17 15:59:51,0.4,14.0,130.82621364379082,38.0,36.79020979020979
516,2020-05-17 16:00:12,2020-05-17 16:31:42,14.4,32.8,128.68209375,38.06315789473684,36.45789473684211
517,2020-05-17 16:32:03,2020-05-17 17:03:03,33.2,51.2,129.45373240740741,39.54545454545455,38.11229946524064
518,2020-05-17 17:03:24,2020-05-17 17:32:34,51.6,68.8,127.46288355943156,41.0,39.63068181818182
519,2020-05-17 17:32:55,2020-05-17 18:03:45,68.8,86.8,128.75774459876544,41.96236559139785,40.0
520,2020-05-17 18:04:06,2020-05-17 18:25:46,87.2,97.6,132.4185563568377,42.0,40.0
521,2020-05-18 01:23:41,2020-05-18 01:52:01,63.2,88.0,131.82236245519718,34.8187134502924,31.70175438596491
522,2020-05-18 01:52:22,2020-05-18 02:10:12,88.4,97.6,130.73220939009678,35.0,32.0
523,2020-05-18 06:32:10,2020-05-18 06:55:00,61.2,81.6,131.085951048475,34.231884057971016,31.355072463768117
524,2020-05-18 06:55:21,2020-05-18 07:21:41,82.0,97.6,129.5895789707978,35.0,32.0
525,2020-05-18 13:10:12,2020-05-18 13:30:42,50.8,64.0,130.24203798400674,35.16129032258065,33.38709677419355
526,2020-05-18 13:31:03,2020-05-18 14:01:23,64.4,84.0,129.5727390873016,36.0,34.0
527,2020-05-18 14:01:44,2020-05-18 14:28:04,84.0,97.6,128.7489888684641,36.0,34.25157232704402
528,2020-05-18 16:59:14,2020-05-18 17:30:24,64.0,90.8,128.24731871890546,39.0,36.98936170212766
529,2020-05-19 03:02:31,2020-05-19 03:30:41,29.2,54.8,127.9508784179688,34.1764705882353,31.929411764705883
530,2020-05-19 03:31:02,2020-05-19 04:05:02,55.2,86.4,126.76285576923077,36.49268292682927,34.2
531,2020-05-19 04:05:23,2020-05-19 04:27:13,86.4,97.6,125.10914335317473,37.0,34.803030303030305
532,2020-05-19 17:20:11,2020-05-19 17:48:11,20.4,45.6,129.49570309744269,38.887573964497044,36.81065088757396
533,2020-05-19 17:48:32,2020-05-19 18:22:32,46.0,77.2,127.00009245904562,41.79024390243902,39.62439024390244
534,2020-05-19 18:22:53,2020-05-19 18:53:03,77.6,97.6,128.6090467361111,43.0,40.31318681318681
535,2020-05-20 14:54:38,2020-05-20 15:20:08,36.4,60.0,125.82215836864408,37.116883116883116,35.15584415584416
536,2020-05-20 15:20:29,2020-05-20 15:44:09,60.4,82.0,127.55016422325103,38.86013986013986,36.99300699300699
537,2020-05-21 00:10:42,2020-05-21 00:42:52,31.6,61.2,128.31223062124627,34.608247422680414,31.484536082474225
538,2020-05-21 00:43:13,2020-05-21 01:08:33,61.6,84.8,128.98886033285441,36.549019607843135,33.59477124183007
539,2020-05-21 16:19:06,2020-05-21 16:47:56,33.2,52.0,127.30501300236412,35.82183908045977,34.224137931034484
540,2020-05-21 21:26:45,2020-05-21 21:59:45,36.8,56.4,126.27551020408163,35.87437185929648,33.28643216080402
541,2020-05-21 22:00:06,2020-05-21 22:51:03,56.4,86.4,127.37499999999997,37.03559870550162,34.70550161812298
542,2020-05-21 22:51:24,2020-05-21 23:12:04,86.4,97.6,128.87525421627,38.0,35.0
543,2020-05-22 21:32:39,2020-05-22 22:01:59,25.2,42.4,128.0692991763566,33.33898305084746,31.677966101694917
544,2020-05-22 22:02:20,2020-05-22 22:33:10,42.4,61.2,123.12575081264774,35.17741935483871,33.58064516129032
545,2020-05-22 22:33:31,2020-05-22 23:05:01,61.6,80.0,128.67001524758456,36.0,34.6578947368421
546,2020-05-22 23:05:22,2020-05-22 23:32:32,80.4,96.0,130.84225979344734,36.3109756097561,35.0
547,2020-05-23 04:54:04,2020-05-23 05:23:54,37.6,65.2,125.9978787741546,35.605555555555554,33.18888888888889
548,2020-05-23 05:24:15,2020-05-23 05:54:25,65.2,90.8,127.36816465928823,37.11538461538461,34.879120879120876
549,2020-05-23 17:15:51,2020-05-23 17:44:51,25.6,52.4,126.79573616293538,36.182857142857145,34.62285714285714
550,2020-05-23 17:45:12,2020-05-23 18:19:02,52.8,84.0,127.07357069088323,38.759803921568626,37.09803921568628
551,2020-05-23 18:19:23,2020-05-23 18:42:53,84.4,97.6,127.77777525252539,39.50704225352113,37.88732394366197
552,2020-05-24 18:48:47,2020-05-24 19:27:59,70.4,97.6,129.7621806474674,34.0,32.12236286919831
553,2020-05-25 12:43:04,2020-05-25 13:12:44,51.6,78.4,129.54034100331674,33.960893854748605,32.33519553072626
554,2020-05-25 13:13:05,2020-05-25 13:32:15,78.8,93.2,128.70371923225306,35.03448275862069,33.87068965517241
555,2020-05-26 13:21:13,2020-05-26 13:43:33,16.0,33.2,129.84496172480618,34.28148148148148,32.34814814814815
556,2020-05-26 13:43:54,2020-05-26 14:12:34,33.6,56.4,125.64814181286552,36.61849710982659,34.774566473988436
557,2020-05-26 14:12:55,2020-05-26 14:41:15,56.8,79.2,126.39818297371028,38.461988304093566,36.760233918128655
558,2020-05-26 14:52:55,2020-05-26 15:12:35,84.8,96.8,123.9745634259259,39.0,37.0
559,2020-05-27 00:35:39,2020-05-27 01:21:49,40.0,76.0,128.14401997299382,36.04322766570605,33.106628242074926
560,2020-05-27 09:26:16,2020-05-27 10:38:27,45.2,97.2,128.36104509348291,32.40774907749078,31.081180811808117
561,2020-05-27 16:25:08,2020-05-27 16:55:58,61.6,88.8,128.5774180964053,34.446236559139784,32.89247311827957
562,2020-05-27 16:56:19,2020-05-27 17:13:39,88.8,97.6,127.72256218434347,35.0,33.41904761904762
563,2020-05-28 11:54:17,2020-05-28 12:15:37,56.4,75.6,129.34607537615747,30.155038759689923,29.155038759689923
564,2020-05-28 18:22:41,2020-05-28 18:53:51,60.8,83.2,129.22001872519837,35.888297872340424,33.973404255319146
565,2020-05-28 18:54:12,2020-05-28 19:19:22,83.6,97.6,130.49804801587305,36.276315789473685,34.80263157894737
566,2020-05-29 08:35:51,2020-05-29 09:59:07,43.2,97.6,129.02143716299022,33.016,31.4864
567,2020-05-29 17:09:40,2020-05-29 17:52:29,58.0,88.8,129.8086807449495,35.285714285714285,32.91614906832298
568,2020-05-30 00:59:09,2020-05-30 01:26:49,29.2,48.8,129.3749981575964,34.1497005988024,32.33532934131737
569,2020-05-30 01:27:10,2020-05-30 01:56:50,49.2,70.8,125.84747415123461,36.55307262569833,34.60335195530726
570,2020-05-30 01:57:11,2020-05-30 02:17:01,71.2,85.2,129.85714246031745,37.025,35.05833333333333
571,2020-05-30 06:37:53,2020-05-30 07:09:43,52.4,82.4,130.48751837962965,36.510416666666664,34.114583333333336
572,2020-05-30 07:10:04,2020-05-30 07:34:14,82.8,97.6,128.8954734421922,37.0,34.93150684931507
573,2020-05-30 15:50:54,2020-05-30 17:00:01,45.6,94.8,128.69852435354562,36.76300578034682,34.80732177263969
574,2020-05-31 03:21:41,2020-05-31 03:40:31,24.8,42.0,127.85692328811369,31.20175438596491,29.894736842105264
575,2020-05-31 03:40:52,2020-05-31 04:09:52,42.4,69.2,126.34277523839134,34.09142857142857,32.674285714285716
576,2020-05-31 04:10:13,2020-05-31 04:36:33,69.6,91.2,129.77560255915634,35.75471698113208,34.0440251572327
577,2020-05-31 17:03:03,2020-05-31 17:34:23,44.8,73.6,127.038491560571,34.32275132275132,32.56613756613756
578,2020-05-31 17:34:44,2020-05-31 18:01:04,74.0,94.0,129.6520971527778,35.75471698113208,34.0
579,2020-06-01 05:23:46,2020-06-01 05:46:46,21.2,35.2,127.02978749999996,31.244604316546763,29.546762589928058
580,2020-06-01 05:47:07,2020-06-01 06:10:57,35.2,49.6,125.97127247299385,32.625,31.17361111111111
581,2020-06-01 06:11:18,2020-06-01 06:39:58,50.0,67.2,122.3998787952196,34.0,32.578034682080926
582,2020-06-01 07:06:23,2020-06-01 07:35:13,79.2,94.4,129.79077741228068,34.93103448275862,33.0
583,2020-06-01 16:22:30,2020-06-01 16:52:30,13.2,30.8,127.977444207702,34.0,31.464088397790054
584,2020-06-01 16:54:13,2020-06-01 17:21:53,30.4,46.4,129.70920355902777,35.22754491017964,33.137724550898206
585,2020-06-01 17:22:14,2020-06-01 17:46:44,46.8,61.6,124.15915953453451,36.770270270270274,34.722972972972975
586,2020-06-01 17:47:05,2020-06-01 18:14:35,61.6,78.0,125.86298433265584,37.475903614457835,35.68674698795181
587,2020-06-01 18:14:56,2020-06-01 18:46:36,78.0,96.4,128.49638881340576,38.0,36.0
588,2020-06-02 05:35:07,2020-06-02 06:02:07,12.8,32.0,128.15757552083335,32.31901840490798,29.858895705521473
589,2020-06-02 06:02:28,2020-06-02 06:31:38,32.0,52.8,127.7991686698718,34.20454545454545,31.710227272727273
590,2020-06-02 06:31:59,2020-06-02 07:00:49,53.2,73.6,128.80585144335518,36.21264367816092,33.747126436781606
591,2020-06-02 07:01:10,2020-06-02 07:29:20,74.0,92.8,131.0668029698582,37.0,34.53529411764706
592,2020-06-02 14:20:47,2020-06-02 15:09:29,64.8,97.6,129.97362913702574,34.62021857923497,31.81967213114754
593,2020-06-03 00:51:41,2020-06-03 01:23:11,36.4,65.6,126.96967132800614,35.16315789473684,32.02105263157895
594,2020-06-03 01:23:32,2020-06-03 01:50:02,66.0,89.2,129.17506351772033,37.0,34.0
595,2020-06-03 06:21:03,2020-06-03 06:47:53,42.8,67.2,129.36533748861564,35.376543209876544,31.90740740740741
596,2020-06-03 06:48:14,2020-06-03 07:14:54,67.6,90.4,129.04668110380112,36.98757763975155,33.50310559006211
597,2020-06-03 13:45:48,2020-06-03 14:18:58,44.8,66.0,129.8506810796646,38.565,36.125
598,2020-06-03 14:19:19,2020-06-03 14:46:29,66.4,83.6,131.09501388888899,39.353658536585364,37.09756097560975
599,2020-06-03 18:49:54,2020-06-03 19:20:44,62.4,89.2,130.53380825041458,38.0,34.33870967741935
600,2020-06-04 17:25:06,2020-06-04 17:54:06,17.6,44.0,129.0940678661616,38.205714285714286,35.605714285714285
601,2020-06-04 17:54:27,2020-06-04 18:22:37,44.0,70.4,125.36405734427606,41.11176470588235,38.470588235294116
602,2020-06-04 18:22:58,2020-06-04 18:51:08,70.8,93.6,127.74063042153998,42.082352941176474,39.95294117647059
603,2020-06-05 04:26:49,2020-06-05 04:57:39,32.4,61.2,125.82272646604937,38.22043010752688,35.68817204301075
604,2020-06-05 04:58:00,2020-06-05 05:29:40,61.6,89.6,128.25893452380953,40.21465968586387,37.916230366492144
605,2020-06-05 16:14:03,2020-06-05 16:44:13,37.6,65.6,126.89882748015877,40.142857142857146,38.76373626373626
606,2020-06-05 16:44:34,2020-06-05 17:16:24,66.0,92.8,126.31375476782758,41.994791666666664,40.0
607,2020-06-06 00:35:50,2020-06-06 01:32:14,34.0,78.0,128.27661644886362,36.97641509433962,33.9127358490566
608,2020-06-06 14:50:50,2020-06-06 15:15:30,20.0,37.6,127.95221946022725,32.40939597315436,30.97986577181208
609,2020-06-06 15:15:51,2020-06-06 15:49:33,37.6,62.4,123.98076711469537,34.71078431372549,33.205882352941174
610,2020-06-06 15:49:54,2020-06-06 16:18:04,62.8,82.8,128.54726111111114,36.2,34.523529411764706
611,2020-06-06 16:18:25,2020-06-06 16:44:35,83.2,97.6,129.46569695216058,37.0,35.0
612,2020-06-07 00:50:00,2020-06-07 01:17:30,55.6,80.8,127.91062538580253,34.174698795180724,31.41566265060241
613,2020-06-07 07:58:05,2020-06-07 08:24:25,27.6,52.0,126.56478125000004,33.704402515723274,31.21383647798742
614,2020-06-07 08:24:46,2020-06-07 08:53:46,52.0,79.2,125.03166023284315,36.68,34.05142857142857
615,2020-06-07 08:58:57,2020-06-07 09:23:07,79.2,97.6,121.24397093900974,37.78767123287671,34.95205479452055
616,2020-06-07 23:50:25,2020-06-08 00:07:05,48.0,63.2,127.78509064327483,32.59405940594059,31.18811881188119
617,2020-06-08 00:07:26,2020-06-08 00:39:46,63.2,90.8,127.48994278381647,33.88717948717949,32.63076923076923
618,2020-06-08 06:47:25,2020-06-08 07:18:45,53.6,71.6,130.84725123456798,33.0,30.687830687830687
619,2020-06-08 07:19:06,2020-06-08 07:48:56,72.0,89.2,130.42638549741602,33.75,31.0
620,2020-06-08 07:49:17,2020-06-08 08:07:17,89.6,97.6,131.20836857638895,34.0,31.357798165137616
621,2020-06-08 20:27:24,2020-06-08 20:52:14,28.8,43.2,129.6277293595679,31.466666666666665,29.9
622,2020-06-08 20:52:35,2020-06-08 21:26:25,43.2,63.6,124.6623368736384,33.30392156862745,31.676470588235293
623,2020-06-08 21:26:46,2020-06-08 21:57:56,63.6,82.0,127.32037847222226,34.0,32.57446808510638
624,2020-06-08 22:05:17,2020-06-08 22:22:57,82.8,92.8,132.79586277777778,34.0,32.97196261682243
625,2020-06-09 05:10:15,2020-06-09 05:39:15,59.6,85.6,130.9593918803419,34.82857142857143,33.06285714285714
626,2020-06-09 05:42:11,2020-06-09 06:01:31,88.0,97.6,128.862892650463,36.0,34.0
627,2020-06-09 13:10:20,2020-06-09 13:40:00,49.2,77.2,131.16618313492066,36.22346368715084,34.25139664804469
628,2020-06-09 13:40:21,2020-06-09 13:58:31,77.6,91.6,130.9851236111111,37.2,35.0
629,2020-06-09 18:26:11,2020-06-09 18:48:11,61.6,81.2,131.32654931972786,36.962406015037594,34.51127819548872
630,2020-06-09 18:48:32,2020-06-09 19:14:42,81.6,97.6,131.56511085069445,37.050632911392405,35.0
631,2020-06-10 02:05:58,2020-06-10 02:31:48,67.6,89.2,130.82498707561726,33.77564102564103,31.275641025641026
632,2020-06-10 02:32:09,2020-06-10 02:49:49,89.6,97.6,128.5555699652778,34.0,32.0
633,2020-06-10 14:25:12,2020-06-10 14:52:32,19.2,43.6,130.4439966985428,36.92727272727273,34.93333333333333
634,2020-06-10 14:52:53,2020-06-10 15:22:03,44.0,70.8,126.73248999792703,40.09090909090909,38.28977272727273
635,2020-06-10 15:22:24,2020-06-10 15:45:24,71.2,90.4,129.94069299768515,41.2589928057554,39.719424460431654
636,2020-06-10 20:08:51,2020-06-10 20:35:51,49.2,68.0,132.60341134751775,39.0,35.77300613496933
637,2020-06-10 20:36:12,2020-06-10 20:57:32,68.4,83.6,129.61072642543868,39.42635658914729,36.0
638,2020-06-11 11:49:48,2020-06-11 12:23:38,40.4,70.8,130.44181199744156,36.0735294117647,34.318627450980394
639,2020-06-11 12:23:59,2020-06-11 13:01:21,71.2,97.6,130.33297582070716,37.69469026548673,35.889380530973455
640,2020-06-11 19:15:38,2020-06-11 19:38:38,52.4,72.8,131.39570111655775,40.58273381294964,38.86330935251799
641,2020-06-11 19:38:59,2020-06-11 20:08:09,73.2,95.6,128.47471509176592,41.0,39.64772727272727
642,2020-06-12 16:24:32,2020-06-12 16:52:12,35.6,60.8,126.73117994929457,39.712574850299404,37.67065868263473
643,2020-06-12 16:52:33,2020-06-12 17:14:23,61.2,80.8,128.56578727324268,41.878787878787875,39.96212121212121
644,2020-06-13 10:27:38,2020-06-13 11:02:48,15.6,47.6,127.83249956597223,36.221698113207545,35.033018867924525
645,2020-06-13 11:03:09,2020-06-13 11:32:29,47.6,75.2,123.62322222222224,39.52542372881356,38.3728813559322
646,2020-06-13 11:32:50,2020-06-13 12:02:40,75.6,96.8,127.00016044287213,40.84444444444444,39.35
647,2020-06-13 22:35:21,2020-06-13 23:07:21,12.0,40.8,129.45553351658953,38.67357512953368,36.61658031088083
648,2020-06-13 23:07:42,2020-06-13 23:43:22,41.2,74.0,126.63110162601627,41.89302325581395,39.57674418604651
649,2020-06-13 23:43:43,2020-06-14 00:00:13,74.4,88.8,126.49113541666675,43.0,41.0
650,2020-06-14 15:06:24,2020-06-14 15:29:24,76.8,94.4,128.63480034722218,33.7410071942446,31.971223021582734
651,2020-06-15 21:33:37,2020-06-15 22:04:27,44.4,60.4,128.329846875,34.435483870967744,32.67741935483871
652,2020-06-15 22:04:48,2020-06-15 22:38:18,60.4,77.6,129.69636757105945,35.0,33.24752475247525
653,2020-06-15 22:38:39,2020-06-15 23:09:29,78.0,93.6,131.6087805377493,35.0,34.0
654,2020-06-16 08:38:35,2020-06-16 09:03:35,51.6,74.4,127.89717726608185,34.602649006622514,32.75496688741722
655,2020-06-16 09:03:56,2020-06-16 09:36:06,74.8,97.2,129.07800861855154,35.84020618556701,33.99484536082474
656,2020-06-16 20:49:00,2020-06-16 21:19:00,24.8,52.0,128.6601290849673,35.607734806629836,33.96132596685083
657,2020-06-16 21:19:21,2020-06-16 21:50:21,52.4,80.8,127.3327450117371,38.711229946524064,36.83422459893048
658,2020-06-16 21:50:42,2020-06-16 22:17:02,81.2,97.6,129.6832936144987,39.905660377358494,37.9559748427673
659,2020-06-17 12:28:51,2020-06-17 12:59:01,45.6,72.8,129.39951062091504,37.18681318681319,35.19230769230769
660,2020-06-17 12:59:22,2020-06-17 13:29:22,72.8,95.6,129.5084027168616,38.58563535911602,36.67403314917127
661,2020-06-17 18:49:07,2020-06-17 19:18:57,55.2,82.0,129.89739666252075,41.266666666666666,38.0
662,2020-06-17 19:26:56,2020-06-17 19:43:56,88.8,97.6,130.48613794191922,41.76699029126213,37.980582524271846
663,2020-06-18 19:46:03,2020-06-18 20:14:23,15.2,40.8,129.04134575737848,36.63742690058479,34.87719298245614
664,2020-06-18 20:14:44,2020-06-18 20:46:34,40.8,70.4,125.34534459459456,39.390625,37.546875
665,2020-06-18 20:46:55,2020-06-18 21:16:55,70.8,94.4,128.641135769774,40.8232044198895,38.87845303867403
666,2020-06-19 15:38:10,2020-06-19 16:02:00,8.400001,29.6,131.17860314783766,40.0,38.104166666666664
667,2020-06-19 16:02:21,2020-06-19 16:31:31,30.0,56.8,126.98953809079605,42.21022727272727,40.42045454545455
668,2020-06-19 16:31:52,2020-06-19 17:04:32,57.2,85.6,128.00861688184668,44.41624365482234,42.7258883248731
669,2020-06-20 03:17:26,2020-06-20 03:50:26,17.2,48.8,128.84274538502112,37.85427135678392,35.85427135678392
670,2020-06-20 03:50:47,2020-06-20 04:17:37,49.2,75.6,125.40773027146473,40.72222222222222,38.80864197530864
671,2020-06-20 12:10:02,2020-06-20 12:40:02,68.8,92.8,130.92709537037038,38.9171270718232,37.51381215469613
672,2020-06-20 19:37:04,2020-06-20 19:58:34,68.0,87.2,129.99854788773146,42.8,41.02307692307692
673,2020-06-21 02:31:41,2020-06-21 03:01:21,46.0,71.6,134.4053990885417,38.899441340782126,36.52513966480447
674,2020-06-21 03:05:43,2020-06-21 03:25:03,74.0,89.6,129.14620183404563,40.0,37.94871794871795
675,2020-06-21 20:04:42,2020-06-21 20:35:32,20.8,41.2,128.17605017701524,39.543010752688176,37.91935483870968
676,2020-06-21 20:35:53,2020-06-21 21:07:23,41.2,62.4,125.78620020964364,41.57368421052632,39.689473684210526
677,2020-06-21 21:07:44,2020-06-21 21:38:14,62.8,83.2,126.45632781862741,42.0,40.0
678,2020-06-21 21:38:35,2020-06-21 22:03:05,83.2,97.6,129.66919241898157,42.66216216216216,40.0
679,2020-06-22 14:58:05,2020-06-22 15:25:15,12.0,36.4,130.00456466302367,42.146341463414636,40.176829268292686
680,2020-06-22 15:25:36,2020-06-22 15:53:56,36.8,62.8,127.20299807692305,44.432748538011694,42.69005847953216
681,2020-06-22 15:54:17,2020-06-22 16:17:57,63.2,84.4,127.42990808438152,46.0,44.16083916083916
682,2020-06-23 00:31:19,2020-06-23 01:02:49,34.8,64.0,128.2163460806697,42.71578947368421,39.94736842105263
683,2020-06-23 01:03:10,2020-06-23 01:24:00,64.4,83.6,127.87977785011586,44.43650793650794,42.0
684,2020-06-23 17:10:52,2020-06-23 17:41:32,20.8,48.8,128.84773397817463,42.043243243243246,40.07027027027027
685,2020-06-23 17:41:53,2020-06-23 18:11:23,49.2,76.4,127.55413766339868,44.8876404494382,43.264044943820224
686,2020-06-23 22:36:03,2020-06-23 22:56:43,55.6,74.0,130.6756059027778,42.952,40.496
687,2020-06-23 22:57:04,2020-06-23 23:29:44,74.4,97.6,130.67771449952116,43.878172588832484,41.0507614213198
688,2020-06-24 21:24:04,2020-06-24 21:54:04,24.8,42.4,128.12502840909096,38.248618784530386,36.53591160220994
689,2020-06-24 21:54:25,2020-06-24 22:42:25,42.4,71.2,125.27780555555556,39.98275862068966,38.57586206896552
690,2020-06-24 22:42:46,2020-06-24 23:05:36,71.2,84.8,126.19896589052296,41.0,39.0
691,2020-06-25 02:33:31,2020-06-25 02:57:21,58.0,79.6,129.13453677983543,39.145833333333336,37.0
692,2020-06-25 02:57:42,2020-06-25 03:24:32,80.0,97.6,130.11997743055562,39.54320987654321,37.0
693,2020-06-25 06:56:28,2020-06-25 07:27:38,70.8,95.2,129.8998279826958,39.962765957446805,37.0
694,2020-06-25 17:01:00,2020-06-25 17:18:20,72.4,88.0,129.2129642984331,37.05714285714286,35.304761904761904
695,2020-06-26 04:07:38,2020-06-26 04:34:08,42.0,66.4,126.57558333333327,33.70625,32.1625
696,2020-06-26 04:34:29,2020-06-26 05:06:39,66.8,93.2,126.96601930765993,35.49484536082474,33.79896907216495
697,2020-06-26 13:06:14,2020-06-26 13:38:14,50.4,79.6,128.69339064878238,40.07772020725388,38.54922279792746
698,2020-06-26 13:38:35,2020-06-26 14:04:55,80.0,97.6,127.37769515467178,41.0,39.9748427672956
699,2020-06-26 16:44:11,2020-06-26 17:10:01,72.4,94.0,128.47288432355973,42.756410256410255,40.916666666666664
700,2020-06-28 12:17:30,2020-06-28 12:50:30,44.0,74.0,127.6569627777778,38.65829145728643,36.71859296482412
701,2020-06-28 12:50:51,2020-06-28 13:08:31,74.4,89.2,129.69126651651655,40.14018691588785,38.4392523364486
702,2020-06-28 20:17:10,2020-06-28 21:51:02,30.8,97.6,128.17484992930807,42.35410764872521,40.85694050991501
703,2020-06-29 16:49:58,2020-06-29 18:09:53,26.0,88.4,128.05780294025993,42.14333333333333,39.97833333333333
704,2020-06-30 01:55:29,2020-06-30 02:14:39,18.4,35.6,130.00646640826875,39.80172413793103,37.310344827586206
705,2020-06-30 02:15:00,2020-06-30 02:38:20,35.6,57.2,126.03524447016459,42.0,39.4113475177305
706,2020-06-30 02:43:35,2020-06-30 03:01:41,57.6,74.0,128.79556806402445,43.65765765765766,40.945945945945944
707,2020-06-30 13:41:37,2020-06-30 14:08:07,26.4,50.8,126.65983128415301,39.375,37.96875
708,2020-06-30 14:08:28,2020-06-30 14:44:28,51.2,84.0,128.04158125846882,42.12442396313364,40.806451612903224
709,2020-06-30 23:46:01,2020-07-01 00:17:01,28.0,56.4,126.81339964788737,41.31016042780749,39.144385026737964
710,2020-07-01 00:17:22,2020-07-01 00:50:02,56.8,86.4,128.23528824136636,43.81218274111675,41.5736040609137
711,2020-07-01 12:13:34,2020-07-01 12:41:04,40.8,50.0,129.69959435386468,38.897590361445786,37.475903614457835
712,2020-07-01 12:41:25,2020-07-01 13:10:25,50.0,60.4,120.92682558760686,39.87428571428571,38.542857142857144
713,2020-07-01 17:51:23,2020-07-01 18:12:03,77.2,85.2,112.15106232638891,39.0,38.0
714,2020-07-02 02:28:04,2020-07-02 02:59:14,18.8,46.8,130.50397946428575,38.319148936170215,36.03191489361702
715,2020-07-02 02:59:35,2020-07-02 03:27:15,47.2,72.8,126.71496142578131,41.35329341317365,38.73652694610779
716,2020-07-02 03:27:36,2020-07-02 03:55:26,73.2,95.2,126.17675978535354,42.095238095238095,39.910714285714285
717,2020-07-02 08:50:27,2020-07-02 09:17:17,75.2,90.8,129.311816417379,36.882716049382715,33.99382716049383
718,2020-07-02 22:49:44,2020-07-02 23:22:24,16.0,34.8,130.60877600472818,34.431472081218274,33.01015228426396
719,2020-07-02 23:22:45,2020-07-02 23:44:05,35.2,47.6,129.3190250896058,36.248062015503876,34.434108527131784
720,2020-07-02 23:46:27,2020-07-03 00:07:29,47.6,60.0,127.49689171146954,37.640625,35.8359375
721,2020-07-03 00:07:50,2020-07-03 00:40:00,60.0,78.8,128.60966208628847,38.0,36.07216494845361
722,2020-07-03 00:40:21,2020-07-03 01:09:11,78.8,95.2,126.15348653455287,38.63793103448276,36.98850574712644
723,2020-07-03 16:48:41,2020-07-03 18:00:12,35.2,90.4,127.54423888385669,35.80074487895717,33.646182495344505
724,2020-07-04 01:11:37,2020-07-04 01:42:37,29.2,51.6,126.8725210813492,35.74331550802139,33.62566844919786
725,2020-07-04 01:42:58,2020-07-04 02:11:18,51.6,72.4,124.88248023504272,37.748538011695906,35.64912280701754
726,2020-07-04 14:50:01,2020-07-04 15:11:51,28.8,48.4,129.56918388605447,33.666666666666664,31.795454545454547
727,2020-07-04 15:12:12,2020-07-04 15:37:52,48.8,72.8,124.50753015046298,36.16774193548387,34.33548387096774
728,2020-07-04 15:54:08,2020-07-04 16:14:08,87.2,97.6,125.4113445512822,37.0,35.03305785123967
729,2020-07-05 15:42:40,2020-07-05 16:02:40,14.0,32.4,130.47404747886472,36.13223140495868,34.231404958677686
730,2020-07-05 16:03:01,2020-07-05 16:31:11,32.8,60.0,124.44445955882352,38.970588235294116,37.370588235294115
731,2020-07-05 16:31:32,2020-07-05 17:01:32,60.4,88.0,126.52276288244768,41.48618784530387,40.005524861878456
732,2020-07-06 09:02:27,2020-07-06 10:41:51,26.0,97.6,125.88334854903789,35.59651474530831,34.06836461126005
733,2020-07-06 18:41:35,2020-07-06 19:03:25,36.0,55.6,130.0099280045351,39.196969696969695,37.57575757575758
734,2020-07-06 19:03:46,2020-07-06 19:27:36,56.0,78.0,126.38573882575757,40.895833333333336,39.0
735,2020-07-06 19:27:57,2020-07-06 19:57:47,78.0,97.6,127.31435643424041,41.0,39.25
736,2020-07-07 10:35:47,2020-07-07 11:08:07,38.0,68.0,127.12688268518517,39.61025641025641,37.92307692307692
737,2020-07-07 11:08:28,2020-07-07 11:40:28,68.4,94.0,129.22474902343757,41.52849740932643,39.84455958549223
738,2020-07-07 19:19:52,2020-07-07 19:37:52,47.2,63.2,130.36545668402778,41.440366972477065,39.60550458715596
739,2020-07-07 19:38:13,2020-07-07 20:02:43,63.6,85.6,129.0688203914142,42.736486486486484,41.11486486486486
740,2020-07-08 02:44:18,2020-07-08 03:14:28,18.4,36.0,128.32699779040402,39.05494505494506,36.395604395604394
741,2020-07-08 03:14:49,2020-07-08 03:47:49,36.0,55.6,126.10967729591836,40.527638190954775,38.19597989949749
742,2020-07-08 03:48:10,2020-07-08 04:17:50,56.0,73.6,126.17106092171721,42.0,39.564245810055866
743,2020-07-08 04:18:11,2020-07-08 04:46:51,73.6,90.4,127.7430322420634,42.0,40.0
744,2020-07-08 12:04:06,2020-07-08 13:18:33,46.0,97.6,128.3051873438846,39.991055456171736,37.661896243291594
745,2020-07-08 19:46:34,2020-07-08 20:52:23,51.6,97.2,128.98374836440058,41.63030303030303,38.96363636363636
746,2020-07-09 18:47:47,2020-07-09 20:07:18,20.4,91.2,126.51177652228498,40.767169179229484,38.348408710217754
747,2020-07-10 00:37:15,2020-07-10 01:03:28,68.0,90.4,130.05222077132936,40.113207547169814,37.81761006289308
748,2020-07-10 14:45:35,2020-07-10 15:14:05,28.4,54.4,127.79379690170943,39.43023255813954,38.145348837209305
749,2020-07-10 15:14:26,2020-07-10 15:46:46,54.8,84.8,125.63842310185184,41.95384615384615,40.65128205128205
750,2020-07-10 15:47:07,2020-07-10 16:09:27,84.8,97.6,125.92451030815977,42.977777777777774,41.0
751,2020-07-11 02:35:53,2020-07-11 04:03:17,13.2,82.0,127.09561311369512,39.951219512195124,37.515243902439025
752,2020-07-11 15:16:08,2020-07-11 15:42:58,18.8,43.2,128.24168345856103,39.925925925925924,38.21604938271605
753,2020-07-11 15:43:19,2020-07-11 16:13:39,43.6,72.0,124.45176814358373,42.923497267759565,41.322404371584696
754,2020-07-11 16:14:00,2020-07-11 16:46:50,72.4,96.8,128.60315186703104,44.0,42.14646464646464
755,2020-07-12 01:22:47,2020-07-12 01:44:47,32.0,52.0,128.42292562499998,40.609022556390975,37.92481203007519
756,2020-07-12 01:45:08,2020-07-12 02:12:18,52.4,77.2,127.86795032482077,42.78048780487805,39.859756097560975
757,2020-07-12 02:12:39,2020-07-12 02:39:19,77.6,97.2,127.73031398809518,43.161490683229815,40.90683229813665
758,2020-07-12 13:03:47,2020-07-12 13:34:37,64.4,91.6,127.97591758578439,39.446236559139784,37.69892473118279
759,2020-07-13 01:39:32,2020-07-13 02:15:32,26.8,48.0,127.66512264150948,40.13824884792627,37.953917050691246
760,2020-07-13 02:15:53,2020-07-13 02:43:23,48.4,65.2,123.05227595899468,41.86746987951807,39.68072289156626
761,2020-07-13 02:43:44,2020-07-13 03:13:04,65.6,82.8,128.3357842377261,42.0,40.0
762,2020-07-13 03:39:26,2020-07-13 03:57:16,89.2,97.6,124.59495419973565,42.0,39.96296296296296
763,2020-07-14 03:16:35,2020-07-14 03:48:15,20.0,48.8,128.09944237075618,38.42931937172775,36.46596858638743
764,2020-07-14 03:48:36,2020-07-14 04:17:26,49.2,76.0,125.35655617744612,41.241379310344826,39.06896551724138
765,2020-07-14 04:17:47,2020-07-14 04:38:17,76.4,92.4,126.91146970486112,42.0,40.0
766,2020-07-14 13:38:31,2020-07-14 13:56:41,24.0,40.4,129.33351211043365,41.018181818181816,39.24545454545454
767,2020-07-14 13:57:02,2020-07-14 14:25:02,40.8,66.8,125.73558541666665,43.46153846153846,41.994082840236686
768,2020-07-14 14:25:23,2020-07-14 14:57:43,66.8,92.4,125.94076909722216,45.0,43.687179487179485
769,2020-07-15 00:23:05,2020-07-15 00:52:15,29.2,56.0,126.80711572346601,42.68181818181818,40.26136363636363
770,2020-07-15 00:52:36,2020-07-15 01:21:26,56.4,82.4,129.17521837606836,44.94252873563219,42.63793103448276
771,2020-07-15 12:53:41,2020-07-15 13:10:51,32.8,48.4,128.65866899928778,40.20952380952381,38.55238095238095
772,2020-07-15 13:11:12,2020-07-15 13:32:22,48.8,68.4,126.405210388322,42.515625,40.9765625
773,2020-07-15 15:00:39,2020-07-15 15:28:39,71.6,92.4,130.59027978098285,44.798816568047336,43.0
774,2020-07-16 01:20:00,2020-07-16 01:46:20,24.4,48.4,128.90219693287037,41.0314465408805,38.465408805031444
775,2020-07-16 01:46:41,2020-07-16 02:15:11,48.8,75.2,126.80976062710437,43.7093023255814,41.16279069767442
776,2020-07-16 09:41:54,2020-07-16 10:05:54,49.2,62.8,130.55965645424843,39.234482758620686,36.96551724137931
777,2020-07-16 10:06:15,2020-07-16 10:36:45,63.2,80.0,129.2063630125662,40.0,37.891304347826086
778,2020-07-16 10:37:06,2020-07-16 11:06:56,80.0,96.0,127.4488097222222,40.0,38.0
779,2020-07-16 22:50:31,2020-07-16 23:20:21,31.2,58.4,128.50442733864384,42.37777777777778,40.394444444444446
780,2020-07-16 23:20:42,2020-07-16 23:49:12,58.8,84.8,126.10633012820516,44.7093023255814,42.63953488372093
781,2020-07-17 15:27:13,2020-07-17 15:58:43,65.6,82.8,129.69479053617567,41.0,39.421052631578945
782,2020-07-17 15:59:04,2020-07-17 16:16:34,82.8,92.0,130.28383574879223,41.160377358490564,40.0
783,2020-07-18 01:40:00,2020-07-18 02:07:20,16.4,41.2,129.50044780465944,38.67272727272727,36.842424242424244
784,2020-07-18 02:07:41,2020-07-18 02:39:31,41.6,71.2,126.3574504035285,41.541666666666664,39.53125
785,2020-07-18 02:39:52,2020-07-18 03:09:52,71.6,95.2,127.41938753531068,43.0,40.92817679558011
786,2020-07-18 12:28:19,2020-07-18 13:40:46,49.6,97.6,129.42148295717595,39.99080882352941,38.455882352941174
787,2020-07-18 19:46:28,2020-07-18 20:03:18,49.6,64.8,130.4742521929826,41.86274509803921,40.05882352941177
788,2020-07-18 20:03:39,2020-07-18 20:33:29,65.2,90.4,131.25057451499117,42.99444444444445,41.08888888888889
789,2020-07-19 04:51:31,2020-07-19 05:22:41,62.0,88.8,129.65018195480928,39.287234042553195,37.005319148936174
790,2020-07-19 18:26:49,2020-07-19 18:46:49,6.4,24.0,132.66415025252525,41.0,38.96694214876033
791,2020-07-19 18:47:10,2020-07-19 19:18:50,24.4,53.2,128.33285643325615,42.58115183246073,40.46596858638743
792,2020-07-19 19:19:11,2020-07-19 19:50:11,53.6,82.0,127.4173583235524,45.16577540106952,42.92513368983957
793,2020-07-19 19:50:32,2020-07-19 20:18:32,82.4,97.6,126.15407785087733,45.603550295857985,43.0
794,2020-07-20 02:25:57,2020-07-20 02:58:57,62.8,90.8,130.0843482638889,41.74874371859296,39.10552763819096
795,2020-07-20 13:10:43,2020-07-20 16:04:51,24.8,71.2,124.77260734255266,39.290742157612854,37.942616679418514
796,2020-07-20 20:14:37,2020-07-20 20:34:07,38.0,50.4,132.04748319892477,40.26271186440678,38.567796610169495
797,2020-07-20 20:34:28,2020-07-20 20:58:28,50.8,66.4,129.21027964743584,41.717241379310344,40.2
798,2020-07-20 20:58:49,2020-07-20 21:30:19,66.8,87.2,129.6881663943355,42.53157894736842,41.0
799,2020-07-20 21:30:40,2020-07-20 21:49:00,87.6,97.6,133.32918458333336,43.0,41.252252252252255
800,2020-07-21 05:18:44,2020-07-21 05:54:44,19.6,38.0,128.55072122584542,38.30414746543779,35.516129032258064
801,2020-07-21 05:55:05,2020-07-21 06:25:45,38.0,54.4,124.5850194783198,39.63243243243243,37.08108108108108
802,2020-07-21 06:26:06,2020-07-21 06:53:16,54.8,69.2,125.66356944444439,40.94512195121951,38.0
803,2020-07-21 06:53:37,2020-07-21 07:17:47,69.6,82.4,125.75736740451376,41.0,38.0
804,2020-07-21 07:18:08,2020-07-21 07:48:38,82.4,97.6,129.6637357456141,41.0,38.0
805,2020-07-21 13:16:02,2020-07-21 13:48:39,63.2,79.6,130.49711908875346,40.381410256410255,38.75961538461539
806,2020-07-21 13:49:00,2020-07-21 14:20:00,80.0,95.6,132.4732900641026,40.0,38.0
807,2020-07-21 17:46:49,2020-07-21 18:13:55,78.0,91.6,129.4101142595997,39.613545816733065,38.0
808,2020-07-22 01:36:20,2020-07-22 02:00:40,46.4,66.8,129.03184599673205,39.17006802721088,37.19047619047619
809,2020-07-22 02:01:01,2020-07-22 02:32:51,67.2,92.0,129.44108098118284,40.453125,38.46875
810,2020-07-22 08:17:38,2020-07-22 08:47:08,61.2,87.6,129.16981439393945,39.29213483146067,37.10674157303371
811,2020-07-22 08:47:29,2020-07-22 09:06:19,88.0,97.6,129.700562644676,40.0,37.14035087719298
812,2020-07-22 20:56:38,2020-07-22 21:19:48,34.8,56.0,127.54193396226412,36.107142857142854,34.1
813,2020-07-22 21:20:09,2020-07-22 21:47:39,56.4,81.2,129.46517512320784,38.51807228915663,36.1144578313253
814,2020-07-22 21:48:00,2020-07-22 22:14:30,81.6,97.6,127.66840546875,39.0,36.89375
815,2020-07-23 16:31:22,2020-07-23 16:55:42,10.4,32.8,128.92735342261906,43.08163265306123,40.27210884353742
816,2020-07-23 16:56:03,2020-07-23 17:24:03,33.2,59.2,127.84564353632481,45.37278106508876,42.994082840236686
817,2020-07-23 17:24:24,2020-07-23 17:51:54,59.6,84.8,126.40985664682545,47.40963855421687,45.295180722891565
818,2020-07-24 01:42:28,2020-07-24 02:42:38,42.8,88.8,130.03614680253622,41.10176991150443,38.42035398230089
819,2020-07-24 12:57:11,2020-07-24 14:06:22,28.8,82.8,128.16037031893003,41.93846153846154,40.37692307692308
820,2020-07-24 20:07:31,2020-07-24 20:40:51,33.6,64.4,126.90025928932178,45.61691542288557,43.77114427860697
821,2020-07-24 20:41:12,2020-07-24 21:11:32,64.8,89.6,128.43415092965952,47.53005464480874,45.78142076502732
822,2020-07-25 04:59:48,2020-07-25 05:16:38,25.6,40.8,128.91538697002923,39.69607843137255,36.71568627450981
823,2020-07-25 05:16:59,2020-07-25 05:49:39,41.2,70.8,128.6340908877628,42.11675126903553,38.75126903553299
824,2020-07-25 05:50:00,2020-07-25 06:18:20,71.2,94.0,127.45248812134504,43.0,39.80701754385965
825,2020-07-25 13:50:07,2020-07-25 14:19:52,51.2,77.6,131.42508766835022,42.575892857142854,40.64732142857143
826,2020-07-25 23:32:12,2020-07-25 23:52:22,22.8,34.4,132.10012200670502,39.26229508196721,37.81967213114754
827,2020-07-25 23:52:43,2020-07-26 00:24:33,34.8,53.6,128.55054639479906,40.895833333333336,39.3125
828,2020-07-26 00:24:54,2020-07-26 00:53:34,54.0,71.2,126.54313557816532,42.554913294797686,40.861271676300575
829,2020-07-26 03:59:21,2020-07-26 04:19:01,72.4,85.6,113.09240225168358,40.0,38.0
830,2020-07-26 04:19:22,2020-07-26 04:39:52,85.6,97.6,129.64121296296295,40.0,38.0
831,2020-07-26 15:33:27,2020-07-26 16:05:47,34.0,63.6,127.11290714151657,43.51282051282051,41.97435897435897
832,2020-07-26 16:06:08,2020-07-26 16:38:38,63.6,90.0,126.99917108585859,45.60204081632653,44.0
833,2020-07-26 21:24:41,2020-07-26 21:57:51,64.4,91.2,127.68658887852406,44.68,41.55
834,2020-07-27 14:57:31,2020-07-27 15:30:31,58.0,87.6,128.7828380255256,42.608040201005025,40.949748743718594
835,2020-07-27 23:36:30,2020-07-28 00:06:10,40.4,68.0,126.60277556360708,42.21787709497207,39.25698324022346
836,2020-07-28 03:40:10,2020-07-28 04:05:20,40.8,64.0,127.42576831896548,42.39473684210526,38.526315789473685
837,2020-07-28 04:05:41,2020-07-28 04:33:51,64.4,89.2,129.3128495183692,43.61764705882353,39.970588235294116
838,2020-07-28 23:24:46,2020-07-28 23:47:16,26.8,46.8,129.59515694444448,37.86029411764706,36.39705882352941
839,2020-07-28 23:47:37,2020-07-29 00:14:37,47.2,71.6,127.35485980191261,40.263803680981596,38.65644171779141
840,2020-07-29 04:44:21,2020-07-29 05:55:12,38.0,97.6,129.01038515333707,41.03947368421053,38.79135338345865
841,2020-07-29 13:52:40,2020-07-29 14:19:00,26.0,50.0,128.7198958333333,42.0062893081761,40.44654088050314
842,2020-07-29 14:19:21,2020-07-29 14:52:41,50.4,80.8,128.6892212627924,44.850746268656714,43.343283582089555
843,2020-07-29 14:53:02,2020-07-29 15:20:02,81.2,97.6,129.0692968326559,46.0,44.0
844,2020-07-30 02:11:19,2020-07-30 03:35:14,18.4,92.4,127.4295853003003,40.98095238095238,38.422222222222224
845,2020-07-30 13:03:29,2020-07-30 13:27:19,28.8,50.8,128.13888333333335,39.69444444444444,37.38194444444444
846,2020-07-30 13:27:40,2020-07-30 13:58:30,50.8,79.6,126.64737249228399,42.3494623655914,40.026881720430104
847,2020-07-30 18:21:30,2020-07-30 18:41:40,45.2,63.2,130.379650308642,43.32786885245902,41.81147540983606
848,2020-07-30 18:42:01,2020-07-30 19:13:21,63.6,89.2,129.2128042534722,44.682539682539684,43.0
849,2020-07-31 01:20:08,2020-07-31 01:43:48,61.6,83.2,127.92053382201647,42.0979020979021,39.36363636363637
850,2020-07-31 10:15:54,2020-07-31 11:10:45,56.0,97.6,129.1438719451122,37.49757281553398,35.62864077669903
851,2020-07-31 20:34:56,2020-07-31 20:59:26,33.2,55.6,128.1876427951389,35.939189189189186,34.108108108108105
852,2020-07-31 20:59:47,2020-07-31 21:29:27,56.0,83.2,127.91768658088233,38.47486033519553,36.59217877094972
853,2020-07-31 21:29:48,2020-07-31 21:54:48,83.6,97.6,127.26984801587302,39.0,37.05298013245033
854,2020-08-01 05:06:50,2020-08-01 05:34:30,56.8,81.6,131.37490759408607,37.32335329341317,34.64071856287425
855,2020-08-01 05:34:51,2020-08-01 05:59:51,82.0,97.6,124.4702934472935,38.0,36.0
856,2020-08-01 18:33:22,2020-08-01 18:49:52,38.4,53.6,126.76719042397657,33.34,30.45
857,2020-08-01 18:50:13,2020-08-01 19:17:43,54.0,78.8,129.45117316308244,35.433734939759034,32.56024096385542
858,2020-08-01 19:18:04,2020-08-01 19:48:04,79.2,97.6,127.51661903683582,36.28176795580111,33.90055248618785
859,2020-08-02 03:25:07,2020-08-02 03:45:57,24.4,42.8,131.9014108544686,33.51587301587302,31.103174603174605
860,2020-08-02 03:46:18,2020-08-02 04:14:08,43.2,68.8,126.5381015082466,36.285714285714285,34.00595238095238
861,2020-08-02 04:14:29,2020-08-02 04:48:03,69.2,95.6,127.6370677241162,37.94581280788177,35.679802955665025
862,2020-08-02 16:37:00,2020-08-02 17:09:30,46.8,76.4,127.67927317942942,36.63775510204081,34.82142857142857
863,2020-08-02 17:09:51,2020-08-02 17:41:21,76.8,97.6,125.22772642895303,38.0,36.0
864,2020-08-02 21:15:48,2020-08-02 21:42:58,72.4,89.6,131.2798739502585,37.0,35.0
865,2020-08-03 11:00:42,2020-08-03 12:49:27,17.6,97.6,126.4028694722222,35.96813725490196,34.189950980392155
866,2020-08-03 17:56:15,2020-08-03 18:28:15,69.2,94.8,128.88891547309035,36.601036269430054,34.07772020725388
867,2020-08-04 05:57:09,2020-08-04 06:17:59,20.0,38.8,131.14658244680854,31.825396825396826,30.261904761904763
868,2020-08-04 06:18:20,2020-08-04 06:46:50,39.2,66.0,126.05619475538974,34.71511627906977,33.03488372093023
869,2020-08-04 06:47:11,2020-08-04 07:18:21,66.4,92.8,126.06956718223911,36.547872340425535,34.819148936170215
870,2020-08-05 02:29:44,2020-08-05 02:53:04,13.2,34.4,129.0716846829141,33.354609929078016,31.921985815602838
871,2020-08-05 02:53:25,2020-08-05 03:20:05,34.4,59.6,123.98812808641979,36.01863354037267,34.38509316770186
872,2020-08-05 03:20:26,2020-08-05 03:46:56,60.0,84.8,125.24867641129038,38.0625,36.375
873,2020-08-05 03:47:17,2020-08-05 04:10:57,85.2,97.6,126.5815381944445,38.41958041958042,36.86713286713287
874,2020-08-06 13:20:44,2020-08-06 13:49:14,16.0,42.0,128.4327288461539,36.575581395348834,34.25
875,2020-08-06 13:49:35,2020-08-06 14:19:45,42.4,70.4,126.23465808531749,39.527472527472526,37.68131868131868
876,2020-08-06 14:20:06,2020-08-06 14:50:46,70.8,94.8,126.84954403935184,41.0,39.0
877,2020-08-07 03:54:30,2020-08-07 04:56:40,51.2,97.6,128.43523935584292,35.3254817987152,33.42184154175589
878,2020-08-07 13:12:08,2020-08-07 13:33:58,35.6,55.6,126.99375684722223,37.833333333333336,35.95454545454545
879,2020-08-07 13:34:19,2020-08-07 14:04:39,56.0,83.6,128.27093900966187,39.76502732240437,38.08743169398907
880,2020-08-07 14:05:00,2020-08-07 14:29:40,84.0,97.6,125.69446660539225,40.92617449664429,39.0
881,2020-08-07 18:37:32,2020-08-07 18:57:42,68.0,86.0,132.02471288580247,41.967213114754095,39.950819672131146
882,2020-08-07 18:58:03,2020-08-07 19:17:43,86.4,97.6,129.30930059523823,42.0,40.09243697478992
883,2020-08-08 12:34:14,2020-08-08 13:01:44,53.2,78.8,127.70997531467019,40.06024096385542,38.56024096385542
884,2020-08-08 13:02:05,2020-08-08 13:30:25,79.2,97.6,129.0021125452899,41.0,39.888888888888886
885,2020-08-09 13:27:18,2020-08-09 13:47:08,20.0,38.0,128.77779537037043,38.13333333333333,36.24166666666667
886,2020-08-09 13:47:29,2020-08-09 14:15:19,38.4,64.0,127.06599034288195,40.67857142857143,38.92261904761905
887,2020-08-09 14:15:40,2020-08-09 14:41:40,64.4,88.0,126.80851571327689,42.54140127388535,40.732484076433124
888,2020-08-09 14:42:01,2020-08-09 14:59:51,88.0,97.6,125.94761979166675,43.0,41.0
889,2020-08-09 17:43:08,2020-08-09 18:10:58,75.6,95.2,129.94261720521538,45.0,43.0
890,2020-08-10 03:14:10,2020-08-10 03:43:50,43.6,61.2,127.54732070707068,38.737430167597765,36.167597765363126
891,2020-08-10 03:44:11,2020-08-10 04:16:11,61.6,80.4,128.79429787234037,39.4300518134715,37.0
892,2020-08-10 04:16:32,2020-08-10 04:47:22,80.8,97.6,130.4034183201058,40.0,37.0
893,2020-08-10 16:38:19,2020-08-10 17:54:14,17.2,76.8,127.27540442067489,42.1859649122807,40.14035087719298
894,2020-08-10 22:00:02,2020-08-10 22:30:42,49.6,69.2,129.65635225340137,41.8054054054054,39.52972972972973
895,2020-08-10 22:31:03,2020-08-10 23:00:23,69.2,88.0,129.4230640514185,42.0,40.0
896,2020-08-10 23:00:44,2020-08-10 23:18:44,88.4,97.6,131.60481038647367,42.0,39.96330275229358
897,2020-08-11 08:49:11,2020-08-11 09:11:21,59.2,78.8,128.1065819160998,36.90298507462686,35.14179104477612
898,2020-08-11 09:46:03,2020-08-11 10:14:53,80.4,96.8,79.64600000000003,37.0,35.0
899,2020-08-11 14:18:31,2020-08-11 14:48:31,72.0,89.2,130.81395348837208,40.0,39.0
900,2020-08-12 00:53:39,2020-08-12 01:24:39,34.4,62.4,127.36607589285711,38.331550802139034,36.406417112299465
901,2020-08-12 01:25:00,2020-08-12 01:56:20,62.8,89.6,128.2089706674959,40.58730158730159,38.645502645502646
902,2020-08-12 07:25:36,2020-08-12 07:53:46,71.6,94.0,127.83358736359125,38.0,34.10588235294118
903,2020-08-12 17:16:55,2020-08-12 17:47:15,61.2,88.0,129.67871159825873,35.131147540983605,32.57377049180328
904,2020-08-13 03:09:41,2020-08-13 03:38:11,39.2,65.2,127.96047970085469,33.98837209302326,32.122093023255815
905,2020-08-13 03:38:32,2020-08-13 04:04:52,65.6,88.8,127.57843025622604,35.83018867924528,33.9748427672956
906,2020-08-13 04:05:13,2020-08-13 04:23:03,88.8,97.6,126.53568102904045,36.0,34.0
907,2020-08-13 16:40:17,2020-08-13 17:08:37,19.6,45.2,129.0923445638021,33.87719298245614,32.280701754385966
908,2020-08-13 17:08:58,2020-08-13 17:36:58,45.6,71.6,125.46741543803424,37.04733727810651,35.42011834319526
909,2020-08-13 17:37:19,2020-08-13 18:03:23,72.0,92.8,127.23999099893165,38.0,36.82911392405063
910,2020-08-14 00:24:45,2020-08-14 00:57:35,46.8,68.8,129.82767645202023,37.45959595959596,34.74242424242424
911,2020-08-14 00:57:56,2020-08-14 01:31:21,68.8,91.2,129.78673121279763,38.0,35.9009900990099
912,2020-08-14 07:23:39,2020-08-14 07:56:19,54.4,73.2,129.45038356973993,35.0,32.0507614213198
913,2020-08-14 07:56:40,2020-08-14 08:27:10,73.6,91.2,129.10514251893932,35.0,32.96739130434783
914,2020-08-14 20:51:06,2020-08-14 22:24:22,30.0,97.6,126.83420557610125,36.51571428571429,34.82714285714286
915,2020-08-15 04:22:37,2020-08-15 05:38:16,44.8,97.6,128.67788265204126,37.191901408450704,34.47007042253521
916,2020-08-15 18:06:55,2020-08-15 19:34:19,8.8,77.2,127.69729272254709,37.920731707317074,36.24390243902439
917,2020-08-16 05:31:24,2020-08-16 06:50:47,28.0,90.0,126.85242887768817,36.26510067114094,34.38422818791946
918,2020-08-16 12:16:18,2020-08-16 12:47:58,33.2,62.0,128.24363396990742,39.382198952879584,37.575916230366495
919,2020-08-16 12:48:19,2020-08-16 13:17:59,62.4,88.8,127.89615503998317,41.70391061452514,39.79329608938548
920,2020-08-16 13:18:20,2020-08-16 13:35:10,88.8,97.6,127.11021212121214,42.0,40.0
921,2020-08-17 14:53:12,2020-08-17 16:15:31,26.0,96.4,126.78966226523043,38.38996763754045,36.74595469255664
922,2020-08-18 01:05:39,2020-08-18 01:24:09,20.8,32.0,127.54340305059526,35.205357142857146,33.24107142857143
923,2020-08-18 01:24:30,2020-08-18 01:50:40,32.4,48.8,127.64735823170734,36.46835443037975,34.5253164556962
924,2020-08-18 01:51:01,2020-08-18 02:20:31,49.2,68.4,122.91811357060185,37.859550561797754,35.93258426966292
925,2020-08-18 02:20:52,2020-08-18 02:45:02,68.4,84.0,123.94052795584048,38.0,36.0
926,2020-08-18 12:25:40,2020-08-18 12:54:40,48.0,66.4,130.81225030193235,36.47428571428571,34.794285714285714
927,2020-08-18 12:55:01,2020-08-18 13:27:01,66.8,87.2,130.19613071895424,37.09844559585492,35.968911917098445
928,2020-08-18 22:43:09,2020-08-19 00:00:16,33.6,97.2,127.84810104821803,36.991364421416236,34.637305699481864
929,2020-08-19 10:23:10,2020-08-19 10:47:43,83.2,97.6,128.39353653549392,31.78918918918919,29.0
930,2020-08-19 22:30:58,2020-08-19 22:58:08,25.2,50.0,127.622639280914,33.36585365853659,31.323170731707318
931,2020-08-19 22:58:29,2020-08-19 23:33:19,50.0,82.4,125.28377014746228,36.5,34.40952380952381
932,2020-08-20 11:14:41,2020-08-20 12:08:31,23.2,72.4,127.16717115232612,36.61538461538461,34.86153846153846
933,2020-08-20 12:08:52,2020-08-20 12:34:32,72.8,93.2,126.56525068082787,39.54838709677419,37.516129032258064
934,2020-08-20 23:12:24,2020-08-20 23:41:54,39.2,58.0,115.8422096631206,38.92134831460674,36.62359550561798
935,2020-08-20 23:42:15,2020-08-21 00:09:45,58.4,74.0,124.9439236111111,39.0,37.0
936,2020-08-21 00:10:06,2020-08-21 00:42:26,74.4,91.2,117.86294932208999,39.0,37.0
937,2020-08-22 01:21:01,2020-08-22 01:41:41,16.8,28.4,133.83384195402303,34.0,31.208
938,2020-08-22 01:42:02,2020-08-22 02:09:42,28.8,44.8,129.9531515625,34.91017964071856,32.52095808383233
939,2020-08-22 02:10:03,2020-08-22 02:39:23,45.2,63.2,122.410512654321,36.66101694915254,34.27683615819209
940,2020-08-22 02:39:44,2020-08-22 03:04:54,63.2,78.4,124.44995413011692,37.0,35.0
941,2020-08-22 12:41:05,2020-08-22 13:09:45,6.8,32.4,130.91147629123265,38.03468208092485,36.15028901734104
942,2020-08-22 13:10:06,2020-08-22 13:40:56,32.8,61.6,125.2025641396605,40.494623655913976,38.736559139784944
943,2020-08-22 13:41:17,2020-08-22 14:08:47,61.6,86.8,125.23811281966492,42.68072289156626,40.98795180722892
944,2020-08-22 14:09:08,2020-08-22 14:29:38,87.2,97.6,120.46741012286336,43.0,41.13709677419355
945,2020-08-23 00:00:09,2020-08-23 00:35:19,34.8,44.0,127.99221346618357,35.490566037735846,32.528301886792455
946,2020-08-23 00:35:40,2020-08-23 01:05:30,44.0,52.4,118.97823379629632,36.0,33.0
947,2020-08-23 01:05:51,2020-08-23 01:38:21,52.4,61.2,123.72165246212118,36.0,33.0
948,2020-08-23 01:38:42,2020-08-23 02:06:32,61.2,68.8,122.68646454678374,36.0,33.0
949,2020-08-23 02:06:53,2020-08-23 02:38:03,68.8,77.2,124.28908234126976,35.276595744680854,33.0
950,2020-08-23 02:38:24,2020-08-23 03:04:24,77.2,84.0,128.06787214052292,35.0,32.98089171974522
951,2020-08-23 15:15:21,2020-08-23 15:32:11,12.0,26.4,134.6846255787038,38.1764705882353,36.6078431372549
952,2020-08-23 15:32:32,2020-08-23 15:58:02,26.8,49.6,128.8578399122807,40.25974025974026,38.53896103896104
953,2020-08-23 15:58:23,2020-08-23 16:32:03,50.0,81.2,124.30023103632479,43.23645320197044,41.51231527093596
954,2020-08-24 19:40:37,2020-08-24 20:09:17,61.2,86.8,130.04503613281256,40.58381502890173,39.17341040462428
955,2020-08-24 20:09:38,2020-08-24 20:31:28,86.8,97.6,124.77755401234572,41.0,39.93181818181818
956,2020-08-25 01:42:22,2020-08-25 02:01:22,38.8,56.0,129.12388412467698,41.00869565217391,38.052173913043475
957,2020-08-25 02:01:43,2020-08-25 02:27:53,56.4,80.0,129.50742784839926,42.651898734177216,39.67088607594937
958,2020-08-25 02:32:55,2020-08-25 02:54:25,84.4,97.6,125.02106292087554,43.0,40.0
959,2020-08-25 06:27:14,2020-08-25 07:07:32,68.8,97.6,130.8236005111883,40.0,37.273927392739274
960,2020-08-25 14:40:18,2020-08-25 14:59:08,29.2,41.2,130.25582974537036,40.91228070175438,39.00877192982456
961,2020-08-25 14:59:29,2020-08-25 15:25:59,41.6,58.8,127.88764534883728,42.425,40.73125
962,2020-08-25 15:26:20,2020-08-25 15:47:50,59.2,73.2,127.46433690476191,43.76923076923077,42.0
963,2020-08-26 00:34:44,2020-08-26 01:01:24,25.6,50.0,127.56205037568307,40.1055900621118,37.83229813664596
964,2020-08-26 01:01:45,2020-08-26 01:36:15,50.4,82.4,125.79731063368054,42.80769230769231,40.30769230769231
965,2020-08-26 01:36:36,2020-08-26 01:59:23,82.8,97.2,123.62386186342587,43.29710144927536,40.94202898550725
966,2020-08-26 10:57:23,2020-08-26 13:24:01,14.8,97.6,127.70340186862587,40.24818181818182,38.28181818181818
967,2020-08-26 17:32:33,2020-08-26 17:54:33,72.0,87.6,130.33833324430205,41.1578947368421,39.0
968,2020-08-26 17:54:54,2020-08-26 18:13:34,87.6,97.6,130.02085527777777,41.0,39.0
969,2020-08-27 14:18:37,2020-08-27 14:39:27,14.0,32.4,131.9081950483092,37.23809523809524,35.333333333333336
970,2020-08-27 14:39:48,2020-08-27 15:08:54,32.8,59.6,126.49604388474293,39.70786516853933,38.08426966292135
971,2020-08-27 15:09:15,2020-08-27 15:38:55,60.0,87.2,127.06799765114378,42.1945945945946,40.58918918918919
972,2020-08-27 15:39:36,2020-08-27 15:58:46,87.6,97.6,128.79030819444446,42.917355371900825,41.0
973,2020-08-28 01:27:48,2020-08-28 01:57:48,46.0,73.2,128.03004289215687,38.69060773480663,36.629834254143645
974,2020-08-28 01:58:09,2020-08-28 02:27:29,73.6,95.6,128.28977651515154,39.80225988700565,37.90395480225989
975,2020-08-28 16:20:58,2020-08-28 16:39:28,22.4,39.2,130.59856258267197,39.294642857142854,37.38392857142857
976,2020-08-28 16:40:19,2020-08-28 17:07:49,40.0,66.0,125.67417777777783,42.04216867469879,40.174698795180724
977,2020-08-28 17:08:10,2020-08-28 17:33:50,66.4,89.2,127.47624342105266,43.79354838709678,41.94838709677419
978,2020-08-29 03:13:52,2020-08-29 03:35:42,34.8,54.8,127.78196847222223,38.22727272727273,35.90151515151515
979,2020-08-29 03:36:03,2020-08-29 04:05:03,55.2,81.6,128.62692266414152,40.537142857142854,38.285714285714285
980,2020-08-29 04:05:24,2020-08-29 04:22:34,82.0,94.4,126.9825435707885,41.0,39.0
981,2020-08-29 15:55:36,2020-08-29 16:30:16,28.4,60.4,126.51737039930558,40.31578947368421,38.4688995215311
982,2020-08-29 16:30:37,2020-08-29 16:57:37,60.8,85.6,127.04861559139786,42.41717791411043,40.69938650306749
983,2020-08-29 16:57:58,2020-08-29 17:20:08,86.0,97.6,127.59101831896558,43.0,41.0
984,2020-08-30 10:53:31,2020-08-30 11:14:31,36.4,55.6,127.69821549479168,34.98425196850393,34.15748031496063
985,2020-08-30 11:14:52,2020-08-30 11:43:52,56.0,82.4,128.14183775252525,37.44,36.57714285714286
986,2020-08-30 11:44:13,2020-08-30 12:11:43,82.8,97.6,125.97786880630635,38.69277108433735,37.80722891566265
987,2020-08-30 19:50:48,2020-08-30 20:14:58,45.2,67.2,128.20139526515152,40.62328767123287,38.965753424657535
988,2020-08-30 20:15:19,2020-08-30 20:44:49,67.2,91.6,128.95264731329695,42.0,40.0
989,2020-08-31 04:32:15,2020-08-31 04:48:45,42.4,57.2,130.15766554054048,36.19,32.67
990,2020-08-31 04:49:06,2020-08-31 05:18:56,57.6,84.4,129.7813019278607,37.666666666666664,34.388888888888886
991,2020-08-31 05:19:17,2020-08-31 05:42:37,84.8,97.6,126.61677712673615,38.0,35.0
992,2020-08-31 18:00:34,2020-08-31 18:24:34,9.6,30.8,132.02109348794548,39.50344827586207,37.98620689655172
993,2020-08-31 18:24:55,2020-08-31 18:55:35,31.2,59.6,125.9008192488263,41.52972972972973,39.58918918918919
994,2020-08-31 18:55:56,2020-08-31 19:22:06,59.6,84.0,125.00740169626596,43.31645569620253,41.39873417721519
995,2020-09-01 15:40:31,2020-09-01 16:04:41,26.8,48.4,130.5992848508231,40.83561643835616,38.69178082191781
996,2020-09-01 16:05:02,2020-09-01 16:36:22,48.8,77.6,126.95409230324077,43.544973544973544,41.698412698412696
997,2020-09-02 10:07:47,2020-09-02 10:40:57,50.8,62.0,127.33640823412694,34.0,32.87
998,2020-09-02 10:41:18,2020-09-02 11:14:28,62.0,73.2,127.33640823412694,34.0,33.0
999,2020-09-02 11:14:49,2020-09-02 11:46:59,73.2,84.0,128.0710869341564,34.0,33.0
1000,2020-09-02 11:47:20,2020-09-02 12:16:40,84.0,94.0,126.13343111111111,34.07344632768361,33.11864406779661
1001,2020-09-03 08:57:11,2020-09-03 10:25:14,35.2,97.6,127.74031085292026,36.97276853252647,35.446293494704996
1002,2020-09-03 15:19:57,2020-09-03 15:45:37,56.4,79.6,130.08621623563218,43.04516129032258,41.00645161290323
1003,2020-09-04 00:56:43,2020-09-04 01:26:03,18.4,44.8,129.26558785774412,41.91525423728814,39.72316384180791
1004,2020-09-04 01:26:24,2020-09-04 01:54:24,45.2,71.2,125.2777949252137,44.887573964497044,42.49704142011834
1005,2020-09-04 01:54:45,2020-09-04 02:18:55,71.6,90.4,126.38077895981081,46.0,43.21232876712329
1006,2020-09-04 10:58:43,2020-09-04 11:15:46,58.0,69.2,126.57996767113093,37.5,34.0
1007,2020-09-04 11:16:07,2020-09-04 11:46:17,69.2,88.4,130.66837702546295,38.0,34.043956043956044
1008,2020-09-04 21:17:07,2020-09-04 21:47:07,54.8,82.0,128.24604641544119,38.16574585635359,35.14364640883978
1009,2020-09-04 21:47:28,2020-09-04 22:13:58,82.0,97.6,125.74522088675218,39.0,36.0
1010,2020-09-05 03:55:31,2020-09-05 04:18:11,64.4,84.8,129.44443818082794,36.13138686131387,33.65693430656934
1011,2020-09-05 04:18:32,2020-09-05 04:41:02,84.8,97.6,127.65626497395834,37.0,34.0
1012,2020-09-05 08:50:58,2020-09-05 09:07:38,72.4,87.2,131.4348775337838,34.93069306930693,32.9009900990099
1013,2020-09-05 09:07:59,2020-09-05 09:27:49,87.6,97.6,129.79862708333334,35.0,33.05
1014,2020-09-05 17:41:48,2020-09-05 18:13:36,35.6,65.2,126.46050842717722,37.338541666666664,35.395833333333336
1015,2020-09-05 18:27:54,2020-09-05 19:03:14,75.6,97.6,125.82640782828285,39.0,37.0
1016,2020-09-06 13:15:43,2020-09-06 13:45:23,53.6,62.0,133.02915939153445,34.0,32.0
1017,2020-09-06 16:28:48,2020-09-06 16:49:58,62.0,68.4,124.57253732638884,32.0,28.0
1018,2020-09-06 20:34:56,2020-09-06 20:59:56,68.0,75.6,123.86518256578955,29.85430463576159,26.0
1019,2020-09-06 22:05:39,2020-09-06 22:31:29,78.4,88.0,101.34697627314821,29.0,25.0
1020,2020-09-06 23:05:41,2020-09-06 23:32:11,88.8,96.4,131.33412207602328,29.0,25.0
1021,2020-09-07 21:00:07,2020-09-07 21:26:07,37.2,61.2,126.19907783564817,33.796178343949045,32.31210191082803
1022,2020-09-07 21:26:28,2020-09-07 21:52:58,61.2,85.6,126.52835382513665,35.8125,34.44375
1023,2020-09-07 21:53:19,2020-09-07 22:16:19,86.0,97.6,124.72343761973185,36.21582733812949,35.0
1024,2020-09-08 17:53:34,2020-09-08 18:21:34,55.6,80.4,129.82638765681,32.24260355029586,30.78698224852071
1025,2020-09-08 18:21:55,2020-09-08 18:49:45,80.8,97.2,123.80588982046064,33.0,32.0
1026,2020-09-09 04:41:28,2020-09-09 05:00:58,14.8,32.4,129.14219199810603,32.58474576271186,31.084745762711865
1027,2020-09-09 05:01:19,2020-09-09 05:29:59,32.4,59.2,124.66054151119404,35.040462427745666,33.48554913294798
1028,2020-09-09 05:30:20,2020-09-09 05:56:00,59.6,83.6,124.62151585648154,37.096774193548384,35.32258064516129
1029,2020-09-09 05:56:21,2020-09-09 06:22:01,83.6,97.6,122.61016051587306,37.63870967741936,35.74193548387097
1030,2020-09-10 06:35:25,2020-09-10 06:55:45,26.8,44.4,135.3148876262627,32.8780487804878,32.19512195121951
1031,2020-09-10 06:56:06,2020-09-10 07:27:36,44.8,74.4,124.91694092530028,35.77894736842105,34.95263157894737
1032,2020-09-10 07:27:57,2020-09-10 07:59:27,74.8,96.4,124.43994302983535,37.21578947368421,36.0
1033,2020-09-11 08:02:35,2020-09-11 08:31:45,41.2,68.8,123.57590328099843,34.19318181818182,33.32386363636363
1034,2020-09-11 08:32:06,2020-09-11 09:01:26,69.2,93.2,124.73208043981484,36.21468926553672,35.26553672316384
1035,2020-09-11 17:14:25,2020-09-11 17:38:15,46.8,68.4,128.33593852880657,38.520833333333336,36.916666666666664
1036,2020-09-11 17:38:36,2020-09-11 18:05:36,68.8,91.6,125.31618756091622,39.59509202453988,38.0
1037,2020-09-12 03:24:34,2020-09-12 03:53:34,36.4,63.6,124.65381678921568,36.114285714285714,32.66285714285714
1038,2020-09-12 03:53:55,2020-09-12 04:27:45,64.0,92.8,124.22407122878087,38.0,34.77450980392157
1039,2020-09-12 15:19:18,2020-09-12 15:51:38,50.0,80.0,126.01668407407409,38.666666666666664,37.35897435897436
1040,2020-09-12 15:51:59,2020-09-12 16:09:29,80.4,93.2,124.03755664062501,40.0,38.0
1041,2020-09-12 23:56:05,2020-09-13 00:25:05,35.6,62.8,124.68138832720592,36.86857142857143,33.497142857142855
1042,2020-09-13 00:25:26,2020-09-13 01:02:36,63.2,94.4,125.26977857905983,38.857142857142854,35.64732142857143
1043,2020-09-13 06:59:48,2020-09-13 07:17:38,38.0,48.8,124.17955439814821,34.111111111111114,30.89814814814815
1044,2020-09-13 07:17:59,2020-09-13 07:48:59,48.8,67.6,124.0957721631206,35.529411764705884,32.46524064171123
1045,2020-09-13 07:49:20,2020-09-13 08:23:10,68.0,88.0,127.43752819444447,36.0,33.0
1046,2020-09-13 08:23:31,2020-09-13 08:42:31,88.4,97.6,130.59332306763304,36.0,33.29565217391304
1047,2020-09-13 19:06:53,2020-09-13 20:13:28,44.4,97.6,126.60451410296577,36.236,34.562
1048,2020-09-14 02:44:40,2020-09-14 03:16:30,43.6,73.2,125.50722855668168,37.307291666666664,34.708333333333336
1049,2020-09-14 03:16:51,2020-09-14 03:44:01,73.6,94.8,126.64767158018866,38.8719512195122,36.01829268292683
1050,2020-09-15 02:45:29,2020-09-15 03:01:59,6.8,22.4,123.48558449074076,32.04,31.0
1051,2020-09-15 03:02:20,2020-09-15 03:32:50,22.4,51.6,121.81935269216133,34.15217391304348,32.96739130434783
1052,2020-09-15 03:33:11,2020-09-15 04:01:21,52.0,78.4,124.41761821338382,37.241176470588236,35.77058823529412
1053,2020-09-15 04:01:42,2020-09-15 04:29:02,78.8,97.6,126.17096394799057,38.0,36.981818181818184
1054,2020-09-15 12:41:04,2020-09-15 13:09:24,56.0,73.2,123.90991117571062,35.900584795321635,33.0
1055,2020-09-15 13:09:45,2020-09-15 13:38:25,73.6,90.8,125.30283583656332,36.0,33.17341040462428
1056,2020-09-15 23:42:23,2020-09-15 23:59:28,26.4,42.4,124.10703271701391,32.41860465116279,30.434108527131784
1057,2020-09-15 23:59:52,2020-09-16 01:04:02,42.8,97.6,123.5933507147202,36.03734439834025,34.087136929460584
1058,2020-09-16 04:17:40,2020-09-16 04:47:30,33.6,62.4,120.9688575906636,39.355555555555554,35.98888888888889
1059,2020-09-16 04:47:51,2020-09-16 05:20:41,62.8,91.6,124.03984177276234,41.23737373737374,38.0
1060,2020-09-16 12:05:09,2020-09-16 12:23:39,54.0,63.6,124.6961574652778,36.0,34.0
1061,2020-09-16 12:24:00,2020-09-16 12:50:20,63.6,78.0,121.62419945987655,36.0,34.0
1062,2020-09-16 12:50:41,2020-09-16 13:16:31,78.0,92.0,122.75195773809524,36.51923076923077,34.65384615384615
1063,2020-09-16 19:28:32,2020-09-16 19:45:12,53.6,64.4,127.25565252057609,36.0990099009901,34.0
1064,2020-09-16 19:45:33,2020-09-16 20:15:03,64.8,84.4,124.15957936507931,37.0,34.0
1065,2020-09-16 20:15:24,2020-09-16 20:38:34,84.4,97.6,126.17317319023577,37.0,34.02857142857143
1066,2020-09-17 09:44:22,2020-09-17 10:11:42,59.2,73.6,124.07792187500006,32.0,30.90909090909091
1067,2020-09-17 10:12:03,2020-09-17 10:44:13,73.6,90.8,124.50418168604646,32.396907216494846,31.329896907216494
1068,2020-09-18 03:23:24,2020-09-18 04:05:23,12.0,37.2,125.22809214065258,34.28853754940712,32.42292490118577
1069,2020-09-18 04:05:44,2020-09-18 04:37:34,37.2,56.8,122.08194316893429,36.364583333333336,34.692708333333336
1070,2020-09-18 04:37:55,2020-09-18 05:06:35,57.2,74.8,122.43058270202025,37.994219653179194,36.0
1071,2020-09-18 05:06:56,2020-09-18 05:34:56,74.8,91.6,125.24721387235454,38.0,36.31360946745562
1072,2020-09-18 17:20:57,2020-09-18 17:50:37,34.0,63.2,119.62853671993913,35.74860335195531,33.229050279329606
1073,2020-09-18 17:50:58,2020-09-18 18:34:12,63.6,97.6,124.628080502451,37.911877394636015,35.593869731800766
1074,2020-09-19 19:33:27,2020-09-19 20:01:07,21.2,31.2,120.37087944444448,29.790419161676645,28.239520958083833
1075,2020-09-19 20:01:28,2020-09-19 20:33:48,31.2,42.8,121.25004645593876,30.605128205128207,29.384615384615383
1076,2020-09-19 20:34:09,2020-09-19 21:03:49,42.8,54.0,115.22325843253971,31.748603351955307,30.575418994413408
1077,2020-09-19 21:04:10,2020-09-19 21:30:30,54.0,63.6,119.32296238425928,32.79245283018868,31.0
1078,2020-09-19 21:30:51,2020-09-19 22:02:41,64.0,75.2,123.63844022817463,33.0,31.0
1079,2020-09-19 22:03:02,2020-09-19 22:33:12,75.2,86.0,121.50467618312763,33.0,31.686813186813186
1080,2020-09-19 22:33:33,2020-09-19 23:03:03,86.0,96.0,128.3250491666667,33.0,32.0
1081,2020-09-20 05:11:47,2020-09-20 05:31:37,76.8,93.2,120.12449449525737,32.95,30.966666666666665
1082,2020-09-20 18:00:22,2020-09-20 18:30:22,12.0,30.0,124.72065169753084,37.187845303867405,35.12154696132597
1083,2020-09-20 18:30:43,2020-09-20 19:04:33,30.0,50.4,124.08154432189545,38.627450980392155,36.61274509803921
1084,2020-09-20 19:04:54,2020-09-20 19:35:04,50.8,68.8,125.38346921296298,40.324175824175825,38.120879120879124
1085,2020-09-20 19:35:25,2020-09-20 20:04:15,68.8,86.0,125.44732348191212,40.98850574712644,38.88505747126437
1086,2020-09-20 20:04:36,2020-09-20 20:24:36,86.0,97.6,128.8446119492338,41.0,39.0
1087,2020-09-21 14:35:02,2020-09-21 14:53:22,30.4,42.8,123.25493301971326,35.32432432432432,32.972972972972975
1088,2020-09-21 14:53:43,2020-09-21 15:23:03,42.8,63.2,119.83524060457513,37.03389830508475,34.333333333333336
1089,2020-09-21 15:23:24,2020-09-21 15:51:34,63.2,82.4,122.29022381365735,38.0,35.34705882352941
1090,2020-09-21 15:51:55,2020-09-21 16:16:25,82.4,97.6,126.74798638523401,38.41891891891892,36.0
1091,2020-09-21 22:00:26,2020-09-21 22:34:56,45.2,77.6,124.29913305898495,38.47115384615385,35.37980769230769
1092,2020-09-21 22:35:17,2020-09-21 23:03:27,77.6,97.6,126.30417812499999,39.11764705882353,36.83529411764706
1093,2020-09-22 04:06:01,2020-09-22 04:31:31,38.0,53.6,122.86861698717951,40.63636363636363,36.92857142857143
1094,2020-09-22 04:31:52,2020-09-22 04:59:52,53.6,70.8,122.36436821705432,41.56804733727811,38.0
1095,2020-09-22 05:00:13,2020-09-22 05:29:23,71.2,88.4,127.46288355943149,41.0,38.0
1096,2020-09-22 15:00:10,2020-09-22 15:21:40,37.6,58.0,123.16586145152509,37.853846153846156,35.1
1097,2020-09-22 15:22:01,2020-09-22 15:49:21,58.0,84.0,122.69658749999999,39.78181818181818,37.31515151515151
1098,2020-09-23 00:32:10,2020-09-23 06:06:18,6.8,97.6,124.19102469560694,37.113727055067834,34.57861133280128
1099,2020-09-23 17:24:37,2020-09-23 18:56:09,11.2,85.6,122.95398906623359,36.32023289665211,33.47161572052402
1100,2020-09-24 04:10:44,2020-09-24 04:39:54,19.2,46.8,123.32880983293077,33.29545454545455,31.238636363636363
1101,2020-09-24 04:40:15,2020-09-24 05:28:33,47.2,91.2,121.6265822916667,37.171821305841924,35.11340206185567
1102,2020-09-24 18:13:22,2020-09-24 18:45:22,21.6,52.0,122.63889391447371,36.398963730569946,34.652849740932645
1103,2020-09-24 18:45:43,2020-09-24 19:17:43,52.4,82.8,122.62975995979532,39.23834196891192,37.689119170984455
1104,2020-09-24 19:18:04,2020-09-24 19:40:34,83.2,97.6,127.82987181712973,40.0,38.0
1105,2020-09-25 10:09:24,2020-09-25 10:28:44,62.8,74.4,124.72219444444434,30.700854700854702,29.28205128205128
1106,2020-09-25 11:06:56,2020-09-25 11:30:56,74.0,88.8,121.37103350225225,30.96551724137931,29.862068965517242
1107,2020-09-25 11:31:17,2020-09-25 11:48:37,88.8,97.6,125.83969523358589,31.38095238095238,30.0
1108,2020-09-25 20:53:23,2020-09-25 21:19:53,43.2,68.0,124.79559873431903,35.175,33.8375
1109,2020-09-25 21:20:14,2020-09-25 21:45:24,68.4,90.4,124.2159159090909,36.66447368421053,35.03947368421053
1110,2020-09-26 08:19:43,2020-09-26 08:50:33,37.2,62.0,121.27073168682799,33.403225806451616,31.693548387096776
1111,2020-09-26 08:50:54,2020-09-26 09:10:14,62.0,77.2,120.01280710891811,35.0,33.0
1112,2020-09-26 09:51:36,2020-09-26 10:11:36,85.6,96.0,122.12340785256404,35.0,33.04132231404959
1113,2020-09-27 12:34:32,2020-09-27 13:04:52,42.0,71.6,119.68798231043547,31.24590163934426,30.136612021857925
1114,2020-09-27 13:25:31,2020-09-27 13:42:01,89.6,97.6,126.81075954861107,33.0,32.0
1115,2020-09-28 00:06:21,2020-09-28 00:38:11,22.4,39.2,125.96230274470896,30.119791666666668,28.515625
1116,2020-09-28 00:38:32,2020-09-28 01:08:12,39.6,56.0,120.597899898374,31.932960893854748,30.491620111731844
1117,2020-09-28 01:08:33,2020-09-28 01:43:13,56.4,75.2,122.93291976950354,33.1244019138756,31.91866028708134
1118,2020-09-28 01:43:34,2020-09-28 02:12:24,75.6,90.8,126.49031716008771,34.0,32.00574712643678
1119,2020-09-28 02:43:46,2020-09-28 03:18:26,10.0,27.6,130.80810306186868,31.31578947368421,29.071770334928228
1120,2020-09-28 03:18:47,2020-09-28 03:48:47,28.0,43.2,130.99326178728066,32.61878453038674,30.65745856353591
1121,2020-09-28 03:49:08,2020-09-28 04:19:28,43.6,60.8,117.08254400839793,34.55191256830601,32.57377049180328
1122,2020-09-28 04:19:49,2020-09-28 04:47:59,60.8,77.6,111.29301421957676,35.0,33.0
1123,2020-09-28 04:48:20,2020-09-28 05:12:50,77.6,94.0,99.14551837737126,35.0,33.763513513513516
1124,2020-09-28 16:36:34,2020-09-28 17:59:34,16.8,92.8,122.44888800986841,35.08346709470305,33.698234349919744
1125,2020-09-29 10:37:23,2020-09-29 11:10:33,56.4,87.2,125.22007079725832,34.2,32.92
1126,2020-09-29 11:10:54,2020-09-29 11:30:24,87.6,97.6,128.08747749999995,35.0,33.983050847457626
1127,2020-09-29 21:39:06,2020-09-29 22:06:26,18.4,44.0,124.54860937499998,34.95757575757576,33.61212121212121
1128,2020-09-29 22:06:47,2020-09-29 22:32:27,44.4,69.2,120.60930779569891,38.038709677419355,36.41290322580645
1129,2020-09-29 22:32:48,2020-09-29 23:02:08,69.2,93.6,123.09369199681244,39.0,37.717514124293785
1130,2020-09-30 13:29:14,2020-09-30 13:55:44,41.2,66.4,122.6587275132275,35.50625,33.8125
1131,2020-09-30 13:56:05,2020-09-30 14:23:25,66.4,90.4,124.43402210648149,37.121212121212125,35.27272727272727
1132,2020-10-01 00:28:30,2020-10-01 00:59:50,13.6,24.8,121.69647519841274,33.0,30.476190476190474
1133,2020-10-01 01:00:11,2020-10-01 01:30:21,24.8,35.2,126.17793295940172,33.0,30.846153846153847
1134,2020-10-01 01:30:42,2020-10-01 02:08:11,35.6,48.8,123.52466853956237,33.86725663716814,31.623893805309734
1135,2020-10-01 02:08:32,2020-10-01 02:36:12,48.8,58.8,120.35004611111115,34.880239520958085,32.43712574850299
1136,2020-10-01 02:36:33,2020-10-01 03:04:43,59.2,69.2,122.52504694444448,35.0,33.0
1137,2020-10-01 03:05:04,2020-10-01 03:35:04,69.2,80.0,120.83337962962972,35.0,32.49723756906077
1138,2020-10-01 03:35:25,2020-10-01 04:03:05,80.0,89.6,125.36463136574088,35.0,32.0
1139,2020-10-01 04:03:26,2020-10-01 04:27:16,89.6,97.6,129.59379965277782,35.0,32.0
1140,2020-10-01 13:06:28,2020-10-01 13:36:08,26.8,55.2,122.06623107394365,33.41899441340782,31.608938547486034
1141,2020-10-01 13:36:29,2020-10-01 14:04:29,55.6,82.4,122.01389946102816,36.171597633136095,34.4792899408284
1142,2020-10-01 14:04:50,2020-10-01 14:27:00,82.8,97.6,127.98235228978983,37.0,35.0
1143,2020-10-02 01:14:02,2020-10-02 01:45:02,25.6,54.8,122.43913489345515,33.64705882352941,32.06417112299465
1144,2020-10-02 01:45:23,2020-10-02 02:13:43,55.2,82.0,121.93409774046438,36.67251461988304,35.07017543859649
1145,2020-10-02 02:14:04,2020-10-02 02:35:54,82.0,96.8,124.77480105105113,37.916666666666664,36.0
1146,2020-10-02 23:27:04,2020-10-02 23:49:44,34.0,55.6,122.45499241255145,35.518248175182485,33.68613138686131
1147,2020-10-02 23:50:05,2020-10-03 00:20:05,55.6,84.0,123.31622442292644,37.71270718232044,36.033149171270715
1148,2020-10-03 08:04:02,2020-10-03 09:36:38,37.2,99.6,127.22419544604702,36.57410071942446,34.307913669064746
1149,2020-10-03 13:43:50,2020-10-03 14:05:20,72.8,85.2,122.00718940412183,39.0,37.52307692307692
1150,2020-10-03 22:26:25,2020-10-03 22:57:25,15.2,34.0,123.68351189420804,36.05882352941177,34.0
1151,2020-10-03 22:57:46,2020-10-03 23:29:06,34.0,53.6,119.89795918367345,37.613756613756614,35.423280423280424
1152,2020-10-03 23:29:27,2020-10-03 23:57:47,53.6,71.6,118.0555555555556,39.0,36.91228070175438
1153,2020-10-03 23:58:08,2020-10-04 00:26:48,71.6,88.8,124.99999999999997,39.0,37.0
1154,2020-10-04 13:47:55,2020-10-04 14:19:05,60.4,88.8,125.21127024647889,36.53191489361702,35.202127659574465
1155,2020-10-05 01:39:25,2020-10-05 02:09:25,36.8,56.0,124.18621368634257,35.22099447513812,33.80110497237569
1156,2020-10-05 02:09:46,2020-10-05 02:36:36,56.4,74.0,122.41320935921716,36.91358024691358,35.0
1157,2020-10-05 02:36:57,2020-10-05 02:56:17,74.0,86.4,126.13375360663078,37.0,35.97457627118644
1158,2020-10-05 02:56:38,2020-10-05 03:18:14,86.8,97.6,129.44575138888894,37.0,36.0
1159,2020-10-05 10:08:31,2020-10-05 10:37:01,48.0,65.2,124.82560901162792,34.29651162790697,32.075581395348834
1160,2020-10-05 10:37:22,2020-10-05 11:09:12,65.6,84.8,124.9016480034722,35.0,33.0
1161,2020-10-05 11:09:33,2020-10-05 11:34:13,84.8,97.6,126.82728906250007,35.0,33.0
1162,2020-10-05 18:59:53,2020-10-05 19:19:13,50.8,62.4,125.00122497605366,34.69230769230769,32.93162393162393
1163,2020-10-05 19:19:34,2020-10-05 19:50:04,62.8,80.8,127.36576898148147,35.0,33.31521739130435
1164,2020-10-05 19:50:25,2020-10-05 20:19:55,81.2,97.6,126.77846925813017,35.98876404494382,34.0
1165,2020-10-06 23:47:31,2020-10-07 00:18:21,19.2,38.0,123.27869163711587,31.317204301075268,28.913978494623656
1166,2020-10-07 00:18:42,2020-10-07 00:53:12,38.0,59.6,120.0540385802469,33.34615384615385,31.235576923076923
1167,2020-10-07 00:53:33,2020-10-07 01:20:43,60.0,76.8,121.54929943783073,34.98780487804878,32.890243902439025
1168,2020-10-07 01:21:04,2020-10-07 01:49:44,77.2,94.4,125.20270114664083,35.0,33.0
1169,2020-10-08 08:09:59,2020-10-08 08:39:29,16.4,36.8,120.92458735021792,28.40449438202247,26.741573033707866
1170,2020-10-08 08:39:50,2020-10-08 09:09:10,37.2,58.4,115.76522222222228,30.83050847457627,29.152542372881356
1171,2020-10-08 09:09:31,2020-10-08 09:39:31,58.4,79.6,118.42245807127884,32.348066298342545,30.81767955801105
1172,2020-10-08 19:14:09,2020-10-08 19:44:49,14.4,43.6,122.7226202435312,32.62162162162162,30.437837837837836
1173,2020-10-08 19:45:10,2020-10-08 20:15:20,44.0,73.6,119.08457028903908,36.137362637362635,33.93956043956044
1174,2020-10-08 20:15:41,2020-10-08 20:45:11,74.0,96.4,125.0707062251984,37.78651685393258,35.63483146067416
1175,2020-10-09 04:34:58,2020-10-09 05:03:18,74.0,96.0,122.55369476010105,31.660818713450293,29.0
1176,2020-10-10 16:43:04,2020-10-10 16:59:54,5.2,15.6,121.67604193376069,34.0,32.0
1177,2020-10-10 17:00:15,2020-10-10 17:25:35,15.6,31.6,119.01391527777783,34.071895424836605,32.169934640522875
1178,2020-10-10 17:25:56,2020-10-10 17:57:36,31.6,51.2,121.44277069160995,35.64921465968586,33.675392670157066
1179,2020-10-10 17:57:57,2020-10-10 18:30:07,51.6,71.2,123.36028812358278,37.345360824742265,35.402061855670105
1180,2020-10-10 18:30:28,2020-10-10 18:58:48,71.6,88.8,123.82108688630493,38.0,36.0
1181,2020-10-11 04:57:10,2020-10-11 05:25:30,28.0,55.6,119.97737082326894,32.333333333333336,30.04093567251462
1182,2020-10-11 05:25:51,2020-10-11 05:51:31,56.0,80.8,121.00472132616491,34.81935483870968,32.651612903225804
1183,2020-10-11 05:51:52,2020-10-11 06:15:52,81.2,97.6,127.20446121273721,35.97241379310345,33.0
1184,2020-10-11 12:21:36,2020-10-11 12:42:46,26.4,46.8,121.23503342864927,35.1796875,33.6328125
1185,2020-10-11 12:43:07,2020-10-11 13:09:37,47.2,72.8,120.75521310763895,38.03125,36.33125
1186,2020-10-11 13:09:58,2020-10-11 13:39:08,73.2,96.0,124.27876145224175,39.48863636363637,37.80113636363637
1187,2020-10-11 21:20:03,2020-10-11 21:47:53,26.4,53.2,121.33241573383084,39.31547619047619,36.81547619047619
1188,2020-10-11 21:48:14,2020-10-11 22:19:14,53.6,83.6,120.67038120370373,41.76470588235294,38.90909090909091
1189,2020-10-11 22:19:35,2020-10-11 22:40:15,84.0,97.6,126.749402879902,42.0,39.0
1190,2020-10-12 02:45:56,2020-10-12 03:21:26,37.6,72.4,119.75374125957852,40.27570093457944,36.55607476635514
1191,2020-10-12 03:21:47,2020-10-12 03:53:17,72.8,97.2,123.95263490437156,41.27894736842105,38.0
1192,2020-10-12 15:15:41,2020-10-12 15:48:11,20.4,52.0,120.72475927390998,38.05612244897959,36.265306122448976
1193,2020-10-12 15:48:32,2020-10-12 16:16:12,52.4,79.2,121.19868392412934,40.9940119760479,39.26946107784431
1194,2020-10-12 23:03:08,2020-10-12 23:33:58,22.0,49.6,121.34663828502414,37.52150537634409,35.23118279569893
1195,2020-10-12 23:34:19,2020-10-12 23:59:39,49.6,72.8,118.59676173371652,40.22222222222222,37.75816993464052
1196,2020-10-13 00:07:00,2020-10-13 00:30:20,79.2,96.0,125.33980663029108,41.0,39.0
1197,2020-10-13 06:03:47,2020-10-13 06:22:57,69.2,87.2,123.62653986111111,35.474137931034484,32.35344827586207
1198,2020-10-13 06:23:18,2020-10-13 06:40:08,87.6,97.6,125.08888944444448,36.0,32.55882352941177
1199,2020-10-13 13:12:13,2020-10-13 14:36:00,46.8,97.6,123.45573638998253,34.56279809220986,33.09379968203498
1200,2020-10-14 00:18:33,2020-10-14 00:50:53,20.4,51.6,121.00294680377492,32.53846153846154,30.3025641025641
1201,2020-10-14 00:51:14,2020-10-14 01:20:24,52.0,80.4,119.87774911971829,35.85795454545455,33.63068181818182
1202,2020-10-14 01:20:45,2020-10-14 01:45:05,80.8,97.6,124.51886259920637,37.0,34.97959183673469
1203,2020-10-14 08:28:09,2020-10-14 08:49:39,83.2,97.6,125.14179330632724,33.0,30.984615384615385
1204,2020-10-14 20:52:56,2020-10-14 21:16:56,73.6,93.2,123.58490121882082,31.979310344827585,30.724137931034484
1205,2020-10-15 08:41:38,2020-10-15 09:13:38,44.8,70.4,120.91092773437492,31.409326424870468,30.797927461139896
1206,2020-10-15 09:13:59,2020-10-15 09:47:09,70.8,94.0,124.51749515086208,32.975,32.24
1207,2020-10-15 16:43:37,2020-10-15 17:00:07,49.2,64.8,123.30572444800576,36.0,34.43
1208,2020-10-15 17:00:28,2020-10-15 17:31:08,65.2,92.0,122.28181669776122,37.0,35.497297297297294
1209,2020-10-16 01:23:50,2020-10-16 01:42:10,36.4,48.0,117.94059075670498,34.54054054054054,32.108108108108105
1210,2020-10-16 01:42:31,2020-10-16 02:11:51,48.0,66.4,119.29949033816418,35.75141242937853,33.42372881355932
1211,2020-10-16 02:12:12,2020-10-16 02:39:22,66.8,83.2,123.96169325880753,36.0,34.0
1212,2020-10-16 02:39:43,2020-10-16 03:03:43,83.6,97.6,126.72814603174601,36.38620689655173,34.0
1213,2020-10-16 08:30:50,2020-10-16 08:58:00,74.8,95.6,123.5109571314103,32.99390243902439,30.603658536585368
1214,2020-10-17 04:48:47,2020-10-17 05:12:37,8.400001,22.8,124.69814725913055,30.3125,28.71527777777778
1215,2020-10-17 05:12:58,2020-10-17 05:42:48,23.2,41.6,122.14374682971014,31.18888888888889,29.366666666666667
1216,2020-10-17 05:43:09,2020-10-17 06:17:19,42.0,63.2,121.4098801100629,33.18446601941748,31.223300970873787
1217,2020-10-17 06:17:40,2020-10-17 06:45:20,63.2,80.4,121.17573740310077,34.0,32.0
1218,2020-10-17 06:45:41,2020-10-17 07:12:16,80.4,96.4,124.06947213541673,34.27950310559006,32.0
1219,2020-10-17 11:23:52,2020-10-17 11:48:12,81.2,97.6,122.59824974593505,33.02040816326531,31.0
1220,2020-10-18 00:27:23,2020-10-18 00:56:23,27.2,57.2,119.77871259259261,30.97714285714286,29.222857142857144
1221,2020-10-18 00:56:44,2020-10-18 01:23:34,57.6,85.2,120.3864841988728,33.98765432098765,32.19753086419753
1222,2020-10-18 20:42:16,2020-10-18 21:14:56,33.2,65.2,119.20226692708336,30.522842639593907,29.543147208121827
1223,2020-10-18 21:15:17,2020-10-18 21:44:47,65.6,91.2,122.12945686848956,32.764044943820224,31.808988764044944
1224,2020-10-19 03:25:39,2020-10-19 03:53:29,34.8,52.4,118.97018726325759,32.32738095238095,29.398809523809526
1225,2020-10-19 04:01:20,2020-10-19 04:19:30,53.6,64.4,121.90717644032914,33.0,31.0
1226,2020-10-19 04:54:52,2020-10-19 05:17:32,70.8,83.6,121.34876323784725,33.0,31.0
1227,2020-10-19 05:29:33,2020-10-19 05:54:33,84.8,93.2,73.31512185846556,33.0,31.0
1228,2020-10-19 20:57:24,2020-10-19 22:21:02,10.0,95.6,99.64474095924196,38.64261931187569,36.67591564927858
1229,2020-10-20 00:52:54,2020-10-20 01:22:15,80.8,97.6,124.09095433201061,32.0,29.244343891402714
1230,2020-10-20 19:02:25,2020-10-20 19:26:35,34.4,58.0,119.56863000235404,29.863013698630137,28.84246575342466
1231,2020-10-20 19:26:56,2020-10-20 19:55:16,58.0,85.6,119.78966032608697,32.473684210526315,31.450292397660817
1232,2020-10-21 01:00:34,2020-10-21 01:26:44,51.2,76.4,120.98819185405645,31.303797468354432,28.79113924050633
1233,2020-10-21 01:27:05,2020-10-21 01:55:35,76.4,97.6,121.36200963050318,32.0,29.901162790697676
1234,2020-10-21 12:01:08,2020-10-21 13:07:44,38.4,92.0,121.1074164800995,30.18363273453094,28.870259481037923
1235,2020-10-22 00:18:24,2020-10-22 01:21:22,24.0,85.2,119.9013705292302,30.758985200845665,29.247357293868923
1236,2020-10-22 20:29:22,2020-10-22 20:55:32,48.4,73.6,121.30237334656087,29.367088607594937,28.40506329113924
1237,2020-10-22 21:26:14,2020-10-22 21:45:24,86.0,97.6,121.21527885536405,31.0,30.0
1238,2020-10-23 04:27:54,2020-10-23 04:44:34,24.4,40.4,121.85852491319449,29.336633663366335,27.019801980198018
1239,2020-10-23 04:44:55,2020-10-23 05:16:45,40.4,72.0,117.83229527074546,32.286458333333336,29.984375
1240,2020-10-23 11:13:25,2020-10-23 11:33:55,27.2,47.2,118.7381978472222,30.346774193548388,28.411290322580644
1241,2020-10-23 11:34:16,2020-10-23 12:03:06,47.6,75.6,119.40824677579367,33.28735632183908,31.367816091954023
1242,2020-10-23 12:03:27,2020-10-23 12:26:57,75.6,94.0,123.51148173309177,34.809859154929576,32.99295774647887
1243,2020-10-23 21:59:31,2020-10-23 22:29:21,37.6,66.8,119.12670528919334,32.99444444444445,31.144444444444446
1244,2020-10-23 22:29:42,2020-10-23 22:59:22,67.2,92.8,121.78602300347225,34.899441340782126,33.0
1245,2020-10-24 02:59:10,2020-10-24 03:27:20,58.8,86.0,120.7858436989379,33.82941176470588,30.811764705882354
1246,2020-10-24 12:49:04,2020-10-24 13:16:24,61.2,87.6,120.34039641203707,30.43030303030303,28.866666666666667
1247,2020-10-24 13:16:45,2020-10-24 13:34:25,88.0,97.6,128.33478993055564,31.0,30.0
1248,2020-10-24 23:16:12,2020-10-24 23:43:12,49.2,75.6,118.4080329335017,33.07361963190184,31.263803680981596
1249,2020-10-25 03:35:22,2020-10-25 03:59:32,83.2,97.6,122.3659458912038,32.0,29.972602739726028
1250,2020-10-25 17:22:10,2020-10-25 17:44:00,18.4,39.6,120.18475131027253,33.03787878787879,31.424242424242426
1251,2020-10-25 17:44:21,2020-10-25 18:11:41,40.0,66.8,118.9780265339967,35.64848484848485,34.13333333333333
1252,2020-10-25 18:12:02,2020-10-25 18:41:12,67.2,92.4,121.8854758046737,37.21022727272727,35.59090909090909
1253,2020-10-26 01:56:37,2020-10-26 02:26:17,53.6,76.8,121.82831836685826,32.87150837988827,30.558659217877096
1254,2020-10-26 12:02:00,2020-10-26 12:26:17,41.2,64.8,120.03802213983055,32.13661202185792,30.60655737704918
1255,2020-10-26 12:28:41,2020-10-26 13:11:54,64.4,97.6,122.94784080070285,33.78153846153846,32.43692307692308
1256,2020-10-26 22:25:35,2020-10-26 22:52:25,39.2,65.6,118.63163462752529,35.01851851851852,33.24074074074074
1257,2020-10-26 22:52:46,2020-10-26 23:19:36,66.0,90.0,123.02315312500001,36.74074074074074,34.98148148148148
1258,2020-10-27 04:59:44,2020-10-27 05:25:54,67.6,90.8,122.56584937739461,33.99367088607595,31.443037974683545
1259,2020-10-27 13:54:54,2020-10-27 15:19:30,34.8,87.6,120.18064030671299,35.29133858267716,33.5259842519685
1260,2020-10-28 11:53:06,2020-10-28 12:19:16,21.6,46.8,121.11221373456793,31.462025316455698,30.132911392405063
1261,2020-10-28 12:19:37,2020-10-28 12:45:57,47.2,73.2,118.09722371794874,34.666666666666664,33.35220125786164
1262,2020-10-29 09:46:08,2020-10-29 10:03:08,12.0,28.8,118.93270717592594,28.24271844660194,26.155339805825243
1263,2020-10-29 10:03:29,2020-10-29 10:36:09,29.2,61.6,118.43964060356649,31.00507614213198,28.949238578680202
1264,2020-10-29 10:36:30,2020-10-29 11:03:00,61.6,87.2,119.51063324652777,33.4875,31.5125
1265,2020-10-29 11:03:21,2020-10-29 11:22:41,87.6,97.6,125.46947097222225,34.0,32.0
1266,2020-10-29 19:29:17,2020-10-29 19:55:47,34.4,60.4,119.73610876068376,31.10625,28.61875
1267,2020-10-29 19:56:08,2020-10-29 20:27:18,60.8,89.6,121.60783564814814,33.547872340425535,31.21276595744681
1268,2020-10-30 04:47:55,2020-10-30 05:16:35,35.6,64.0,117.90298679577464,32.71098265895954,29.91329479768786
1269,2020-10-30 05:16:56,2020-10-30 05:48:56,64.4,92.4,121.47273010912699,34.7979274611399,32.38341968911917
1270,2020-10-30 20:24:03,2020-10-30 21:18:21,47.6,94.8,122.34631710805087,30.91176470588235,29.80392156862745
1271,2020-11-01 20:02:31,2020-11-01 20:31:31,20.0,48.0,120.84970689484129,32.142857142857146,30.462857142857143
1272,2020-11-01 20:31:52,2020-11-01 21:02:42,48.4,78.8,118.23830847953221,35.33870967741935,33.62903225806452
1273,2020-11-01 21:03:03,2020-11-01 21:29:13,78.8,97.6,123.46337352245867,36.11392405063291,34.89873417721519
1274,2020-11-02 01:11:00,2020-11-02 01:33:10,68.0,80.4,124.50606586021502,34.0,31.82089552238806
1275,2020-11-02 06:31:51,2020-11-02 06:55:01,44.0,58.4,119.68366010802471,30.47142857142857,27.992857142857144
1276,2020-11-02 06:55:22,2020-11-02 07:20:42,58.4,73.6,119.42618156067257,31.0,29.0
1277,2020-11-02 07:21:03,2020-11-02 07:44:43,73.6,87.2,120.65668014705876,31.965034965034967,29.447552447552447
1278,2020-11-02 07:45:04,2020-11-02 08:04:34,87.2,97.6,126.24868282585484,32.0,30.0
1279,2020-11-02 19:19:37,2020-11-02 19:46:17,26.4,43.2,119.31136888227513,31.366459627329192,30.093167701863354
1280,2020-11-02 19:46:38,2020-11-02 20:17:48,43.2,63.6,114.83798842592594,32.73936170212766,31.68617021276596
1281,2020-11-02 20:18:09,2020-11-02 20:46:59,63.6,81.6,120.40589089506177,33.741379310344826,32.0
1282,2020-11-02 20:47:20,2020-11-02 21:12:30,82.0,96.8,126.36168928303306,34.0,32.953947368421055
1283,2020-11-03 20:28:32,2020-11-03 20:56:02,28.4,45.6,120.08803431847544,29.30722891566265,27.379518072289155
1284,2020-11-03 20:56:23,2020-11-03 21:25:43,46.0,64.8,117.17643395390074,31.27683615819209,29.412429378531073
1285,2020-11-03 22:00:05,2020-11-03 22:28:55,76.8,94.4,122.44399076704542,32.44827586206897,30.810344827586206
1286,2020-11-04 07:27:12,2020-11-04 07:58:12,41.6,61.2,118.97749234693877,31.636363636363637,28.352941176470587
1287,2020-11-04 07:58:33,2020-11-04 08:27:23,61.6,79.6,120.67286620370376,33.0,29.804597701149426
1288,2020-11-04 08:27:44,2020-11-04 08:55:44,79.6,96.4,124.23612789351846,33.0,30.17751479289941
1289,2020-11-04 19:38:46,2020-11-04 20:09:36,7.6,37.6,120.11853250000001,32.18279569892473,29.833333333333332
1290,2020-11-04 20:09:57,2020-11-04 20:37:07,38.0,64.4,120.18361695075754,34.98170731707317,32.853658536585364
1291,2020-11-04 20:37:28,2020-11-04 21:04:58,64.4,89.6,122.1059404210759,37.07831325301205,34.77710843373494
1292,2020-11-05 04:19:15,2020-11-05 04:39:15,32.4,49.2,119.88344229497352,33.586776859504134,30.421487603305785
1293,2020-11-05 04:54:32,2020-11-05 05:19:52,62.0,81.6,121.70423639455785,36.0,32.96078431372549
1294,2020-11-05 05:26:01,2020-11-05 05:43:31,85.2,96.4,122.03123809523805,36.0,33.0
1295,2020-11-05 14:33:22,2020-11-05 16:19:03,32.4,97.6,121.17582387099523,33.79571248423707,31.252206809583857
1296,2020-11-06 06:11:55,2020-11-06 06:39:05,39.6,56.4,121.38393898809522,28.384146341463413,26.98780487804878
1297,2020-11-06 06:39:26,2020-11-06 07:09:56,56.8,75.6,121.9459490248227,29.92391304347826,28.717391304347824
1298,2020-11-06 07:10:17,2020-11-06 07:39:27,76.0,93.6,123.8802297190657,30.789772727272727,29.568181818181817
1299,2020-11-06 15:26:10,2020-11-06 15:56:30,58.8,82.4,121.52367278719393,33.94535519125683,32.38251366120219
1300,2020-11-07 01:08:40,2020-11-07 01:35:00,43.2,68.4,122.01555241402116,32.75471698113208,30.90566037735849
1301,2020-11-07 01:35:21,2020-11-07 01:57:41,68.8,89.2,121.97168627450976,34.18518518518518,32.422222222222224
1302,2020-11-07 07:12:09,2020-11-07 07:39:49,47.6,74.0,122.23379324494952,33.40119760479042,30.580838323353294
1303,2020-11-07 07:40:10,2020-11-07 08:09:10,74.4,96.4,123.62436066919189,34.777142857142856,32.0
1304,2020-11-07 20:30:47,2020-11-07 20:50:37,72.4,83.6,121.23885565476205,33.0,31.0
1305,2020-11-07 20:50:58,2020-11-07 21:16:58,83.6,97.6,123.05160803571427,33.0,31.0
1306,2020-11-08 04:08:01,2020-11-08 04:37:21,57.6,73.6,122.20833194444447,33.0,30.54237288135593
1307,2020-11-08 04:37:42,2020-11-08 05:02:52,73.6,87.2,123.3415008169934,33.0,31.0
1308,2020-11-08 13:34:35,2020-11-08 13:50:52,42.8,58.4,121.42843354700852,30.772357723577237,29.398373983739837
1309,2020-11-08 14:14:37,2020-11-08 14:39:34,58.8,84.8,111.57288121794873,32.07446808510638,30.79787234042553
1310,2020-11-08 23:03:01,2020-11-08 23:31:21,24.0,51.2,121.35876588031047,32.85964912280702,31.280701754385966
1311,2020-11-08 23:31:42,2020-11-08 23:58:52,51.6,78.0,119.84691187920878,35.926829268292686,34.298780487804876
1312,2020-11-08 23:59:13,2020-11-09 00:26:03,78.4,97.6,125.67564597800936,37.0,35.0
1313,2020-11-09 06:44:29,2020-11-09 07:21:02,38.4,61.6,118.41932690373565,31.361990950226243,28.14027149321267
1314,2020-11-09 07:21:23,2020-11-09 07:55:03,61.6,82.4,121.66402270299147,32.35960591133005,29.620689655172413
1315,2020-11-09 07:55:24,2020-11-09 08:19:04,82.8,96.8,125.50695843253969,33.0,30.0
1316,2020-11-09 14:58:12,2020-11-09 15:27:52,53.2,70.8,121.90342140151517,33.849162011173185,32.212290502793294
1317,2020-11-09 15:28:13,2020-11-09 15:58:33,71.2,88.4,122.27553238049096,34.20765027322405,33.0
1318,2020-11-10 02:56:38,2020-11-10 04:28:58,15.2,97.6,121.33848963895635,32.74025974025974,30.733044733044732
1319,2020-11-10 14:53:26,2020-11-10 15:19:16,45.2,70.4,121.84690779320988,30.653846153846153,29.493589743589745
1320,2020-11-10 15:19:37,2020-11-10 15:46:07,70.8,93.2,122.05729420882933,32.49375,31.525
1321,2020-11-11 00:40:51,2020-11-11 01:34:53,54.0,95.6,122.2546488047543,30.320197044334975,28.20689655172414
1322,2020-11-11 05:56:35,2020-11-11 06:24:55,46.4,69.2,121.11416910331383,29.280701754385966,26.391812865497077
1323,2020-11-11 06:25:16,2020-11-11 06:50:06,69.2,88.0,122.32270752068564,30.0,27.46
1324,2020-11-11 13:32:38,2020-11-11 14:03:28,55.6,84.8,123.36331544901068,29.537634408602152,28.123655913978496
1325,2020-11-12 06:58:49,2020-11-12 07:23:39,36.4,60.4,121.05673148148148,26.046666666666667,24.36
1326,2020-11-12 07:24:00,2020-11-12 07:52:50,60.8,88.0,120.67352685866015,28.54597701149425,27.04022988505747
1327,2020-11-12 07:53:11,2020-11-12 08:12:31,88.0,97.6,124.77578356481489,29.23931623931624,28.0
1328,2020-11-12 20:29:29,2020-11-13 00:07:30,15.2,83.6,119.5266812865497,31.246483180428136,29.69663608562691
1329,2020-11-13 00:23:54,2020-11-13 00:43:55,84.4,90.4,125.10416666666666,32.0,30.0
1330,2020-11-13 00:53:32,2020-11-13 01:18:05,90.4,97.6,125.00110968364216,32.0,30.0
1331,2020-11-13 21:31:29,2020-11-13 21:58:59,24.4,33.2,120.14519665404033,29.0,28.0
1332,2020-11-13 21:59:20,2020-11-13 22:32:30,33.2,44.0,117.57843145576136,29.9,28.515
1333,2020-11-13 22:32:51,2020-11-13 22:59:51,44.0,53.2,112.75663511473428,30.711656441717793,29.355828220858896
1334,2020-11-13 23:00:12,2020-11-13 23:31:22,53.2,63.2,119.32361250000001,31.0,30.0
1335,2020-11-13 23:31:43,2020-11-14 00:02:33,63.6,73.2,122.31334143518518,31.0,30.0
1336,2020-11-14 00:02:54,2020-11-14 00:23:14,73.6,79.6,129.0323787037037,31.0,30.0
1337,2020-11-14 00:41:55,2020-11-14 01:09:35,79.6,96.4,122.16601306216923,31.760479041916167,30.48502994011976
1338,2020-11-14 12:47:35,2020-11-14 14:20:19,14.8,97.6,121.5100009812802,31.933908045977013,30.58189655172414
1339,2020-11-15 15:49:04,2020-11-15 17:09:15,10.8,88.8,119.60521558048434,29.539867109634553,28.34717607973422
1340,2020-11-16 01:36:32,2020-11-16 02:41:39,43.2,97.6,122.9460079682394,29.834355828220858,27.807770961145195
1341,2020-11-16 15:41:07,2020-11-16 16:11:17,24.4,42.8,122.6766067330918,31.126373626373628,29.9010989010989
1342,2020-11-16 16:11:38,2020-11-16 16:41:48,43.2,62.4,117.57665205439815,33.85164835164835,32.54945054945055
1343,2020-11-16 16:42:09,2020-11-16 17:14:49,62.4,82.8,119.83112799564269,35.48730964467005,34.25888324873097
1344,2020-11-16 17:15:10,2020-11-16 17:40:10,82.8,97.6,124.7869905217718,36.34437086092715,35.026490066225165
1345,2020-11-17 12:41:12,2020-11-17 13:15:32,41.6,65.2,120.98867749529188,31.782608695652176,30.314009661835748
1346,2020-11-17 13:15:53,2020-11-17 13:47:23,65.6,86.8,123.63402220911945,33.0,31.68421052631579
1347,2020-11-17 13:47:44,2020-11-17 14:05:14,87.2,97.6,126.08177056623946,33.575471698113205,32.0
1348,2020-11-18 02:26:58,2020-11-18 02:56:28,14.8,35.6,118.57240611645304,31.325842696629213,29.44943820224719
1349,2020-11-18 02:56:49,2020-11-18 03:27:39,35.6,57.2,119.26185506687246,33.483870967741936,31.811827956989248
1350,2020-11-18 03:28:00,2020-11-18 03:55:50,57.2,76.4,121.10607161458333,35.142857142857146,33.51190476190476
1351,2020-11-18 03:56:11,2020-11-18 04:20:41,76.8,92.8,124.47832309027777,36.0,34.0
1352,2020-11-18 17:28:56,2020-11-18 17:59:46,5.2,26.4,121.1038949816562,34.274193548387096,33.0
1353,2020-11-18 18:00:07,2020-11-18 18:26:47,26.8,45.2,120.58874969806762,35.47826086956522,33.6583850931677
1354,2020-11-18 18:27:08,2020-11-18 18:56:08,45.6,65.2,123.05836592970519,37.417142857142856,35.52571428571429
1355,2020-11-18 18:56:29,2020-11-18 19:29:59,65.6,88.0,124.43555863715274,38.0,36.0
1356,2020-11-18 22:59:18,2020-11-18 23:30:28,62.0,83.2,122.71948866614255,38.38297872340426,35.8936170212766
1357,2020-11-18 23:30:49,2020-11-18 23:53:39,83.6,97.6,126.00398333333334,38.97826086956522,36.0
1358,2020-11-19 13:57:18,2020-11-19 14:25:18,42.0,58.0,116.95836250000002,33.67455621301775,32.49112426035503
1359,2020-11-19 14:25:39,2020-11-19 14:56:09,58.0,75.2,118.51262645348835,35.0,33.380434782608695
1360,2020-11-19 14:56:30,2020-11-19 15:26:10,75.2,91.2,123.92016979166667,35.0,34.0
1361,2020-11-20 19:20:26,2020-11-20 19:51:26,14.8,32.8,120.8295021604939,33.05347593582888,31.550802139037433
1362,2020-11-20 19:51:47,2020-11-20 20:21:27,32.8,50.4,118.16131739267676,34.44134078212291,33.16201117318436
1363,2020-11-20 20:21:48,2020-11-20 20:48:08,50.4,66.0,118.39389779202276,35.83018867924528,34.528301886792455
1364,2020-11-20 20:59:09,2020-11-20 21:22:29,66.0,79.2,124.03727693602693,36.0,34.0
1365,2020-11-20 21:22:50,2020-11-20 21:50:50,79.6,95.6,122.78995954861114,36.0,34.66863905325444
1366,2020-11-21 19:37:29,2020-11-21 20:03:09,32.0,50.0,118.62806651234567,33.225806451612904,31.006451612903227
1367,2020-11-21 20:03:30,2020-11-21 20:36:20,50.0,72.8,119.7867715643275,35.07070707070707,32.994949494949495
1368,2020-11-21 20:36:41,2020-11-21 21:05:11,73.2,92.0,123.84972096631206,36.0,34.0
1369,2020-11-22 02:32:15,2020-11-22 03:07:45,70.0,97.6,123.07710273752015,33.95880149812734,31.711610486891384
1370,2020-11-22 16:52:44,2020-11-22 17:09:54,15.6,21.2,122.87702579365083,32.54807692307692,31.0
1371,2020-11-22 17:10:15,2020-11-22 17:42:55,21.6,32.4,121.39278215020582,32.776649746192895,31.0
1372,2020-11-22 17:43:16,2020-11-22 18:14:36,32.4,42.8,120.4393919604701,33.5026455026455,31.867724867724867
1373,2020-11-22 18:14:57,2020-11-22 18:40:27,42.8,52.0,112.56492285628015,34.116883116883116,32.72727272727273
1374,2020-11-22 18:40:48,2020-11-22 19:11:08,52.0,62.4,117.84727657585472,35.0,33.0
1375,2020-11-22 19:11:29,2020-11-22 19:40:59,62.8,72.8,118.74171597222225,35.0,33.0
1376,2020-11-22 19:41:20,2020-11-22 20:12:30,72.8,82.8,125.1542026388889,34.75,33.0
1377,2020-11-22 20:12:51,2020-11-22 20:41:16,83.2,92.0,129.3150374842172,34.0,32.68604651162791
1378,2020-11-22 20:41:37,2020-11-22 21:01:27,92.0,98.0,129.1874960648148,34.0,32.0
1379,2020-11-23 00:38:02,2020-11-23 01:14:20,75.6,97.6,122.30038107323233,32.53846153846154,29.996336996336996
1380,2020-11-23 15:31:56,2020-11-23 15:57:46,18.4,43.2,121.4678546706989,29.602564102564102,28.147435897435898
1381,2020-11-23 15:58:27,2020-11-23 16:28:27,44.0,73.6,118.13016314752257,33.149171270718234,31.795580110497237
1382,2020-11-23 18:55:24,2020-11-23 19:21:04,64.8,78.4,123.25877718545743,32.15483870967742,30.0
1383,2020-11-23 19:21:25,2020-11-23 19:50:15,78.8,94.4,123.14903142806261,33.0,30.126436781609197
1384,2020-11-24 04:40:27,2020-11-24 05:10:47,24.0,53.6,119.79731437687687,27.69945355191257,25.40983606557377
1385,2020-11-24 05:11:08,2020-11-24 05:38:18,54.0,80.4,120.30620391414139,30.920731707317074,28.73170731707317
1386,2020-11-24 05:38:39,2020-11-24 05:59:29,80.8,95.6,124.13101829954955,32.0,30.0
1387,2020-11-24 15:47:22,2020-11-24 16:14:02,18.0,44.0,120.10793392094018,30.279503105590063,28.565217391304348
1388,2020-11-24 16:14:23,2020-11-24 16:43:23,44.4,73.2,117.86460532407408,33.777142857142856,32.16
1389,2020-11-24 16:43:44,2020-11-24 17:12:04,73.2,95.6,121.0243317832342,35.60233918128655,33.87134502923977
1390,2020-11-25 03:34:44,2020-11-25 03:53:14,10.4,28.4,119.68287044753083,28.946428571428573,26.383928571428573
1391,2020-11-25 03:53:35,2020-11-25 04:25:45,28.8,60.0,120.10949884259259,31.38144329896907,29.11340206185567
1392,2020-11-25 04:26:06,2020-11-25 04:55:36,60.4,88.4,121.29513110119046,34.19662921348315,31.870786516853933
1393,2020-11-25 17:34:34,2020-11-25 17:56:34,24.8,46.0,121.09866647012578,31.63157894736842,30.030075187969924
1394,2020-11-25 17:56:55,2020-11-25 18:26:45,46.4,75.6,119.21756292808222,34.43888888888889,33.05555555555556
1395,2020-11-25 18:27:06,2020-11-25 18:55:26,75.6,97.2,122.19072344392998,35.94736842105263,34.01754385964912
1396,2020-11-26 01:30:14,2020-11-26 01:52:24,55.2,72.8,120.74496117424252,32.66417910447761,29.84328358208955
1397,2020-11-26 02:00:05,2020-11-26 02:25:25,72.4,90.8,122.78760658212569,33.0,30.73202614379085
1398,2020-11-26 05:50:53,2020-11-26 06:17:23,53.2,78.8,120.89790587022573,32.66875,29.33125
1399,2020-11-26 06:17:44,2020-11-26 06:42:04,79.2,96.4,125.36095356912142,33.06802721088435,30.027210884353742
1400,2020-11-26 16:36:28,2020-11-26 17:08:38,40.0,71.6,119.05416613924054,34.04123711340206,32.577319587628864
1401,2020-11-26 17:08:59,2020-11-26 17:38:29,72.0,95.6,121.81911205273074,35.80898876404494,34.0
1402,2020-11-27 01:04:23,2020-11-27 01:29:13,59.2,82.8,123.15797857815447,31.06,28.44
1403,2020-11-27 11:35:25,2020-11-27 12:05:55,55.2,84.4,121.96775951293762,28.03804347826087,26.53804347826087
1404,2020-11-27 12:06:16,2020-11-27 12:28:16,84.8,97.6,125.09007215711809,29.037593984962406,28.0
1405,2020-11-27 16:49:52,2020-11-27 17:09:42,86.0,97.6,124.24690960249049,31.0,29.316666666666666
1406,2020-11-28 12:42:31,2020-11-28 13:09:01,23.2,48.8,119.91482297092016,24.625,23.28125
1407,2020-11-28 13:09:22,2020-11-28 13:36:32,49.2,76.0,117.46839225746268,28.28048780487805,27.03048780487805
1408,2020-11-28 13:36:53,2020-11-28 14:05:43,76.0,97.2,122.75879251834381,30.264367816091955,28.844827586206897
1409,2020-11-29 12:30:04,2020-11-29 13:00:44,36.4,66.8,116.44099862938597,24.167567567567566,23.18918918918919
1410,2020-11-29 13:01:05,2020-11-29 13:31:45,67.2,92.8,120.65539322916672,26.0972972972973,25.0
1411,2020-11-30 10:37:29,2020-11-30 12:44:23,24.8,97.6,118.89308898809527,22.107142857142858,21.238445378151262
1412,2020-12-02 09:54:10,2020-12-02 10:17:30,20.4,43.2,119.3457593810916,18.418439716312058,17.5531914893617
1413,2020-12-02 10:17:51,2020-12-02 10:37:11,43.2,62.4,117.48553327546298,21.837606837606838,20.957264957264957
1414,2020-12-02 10:39:19,2020-12-02 11:03:43,62.4,85.2,121.7104128776803,24.16216216216216,23.263513513513512
1415,2020-12-02 20:46:55,2020-12-02 21:17:15,46.8,76.8,119.43333037037038,27.07103825136612,25.371584699453553
1416,2020-12-02 21:17:36,2020-12-02 21:47:36,77.2,97.6,124.94143321078437,28.80110497237569,26.972375690607734
1417,2020-12-03 03:13:04,2020-12-03 04:02:50,46.8,92.0,121.496865443707,27.39666666666667,24.376666666666665
1418,2020-12-03 14:29:31,2020-12-03 14:51:51,29.2,37.6,122.83568783068779,21.91111111111111,20.733333333333334
1419,2020-12-03 14:52:12,2020-12-03 15:21:42,38.0,49.2,119.45936421130949,22.870786516853933,21.831460674157302
1420,2020-12-03 15:22:03,2020-12-03 15:41:43,49.6,57.2,115.54461385233921,24.0,23.0
1421,2020-12-03 15:42:04,2020-12-03 16:08:54,57.2,67.2,117.80975416666668,24.808641975308642,23.77777777777778
1422,2020-12-03 23:16:37,2020-12-03 23:46:07,42.8,62.0,115.65179065393521,24.359550561797754,21.915730337078653
1423,2020-12-03 23:46:28,2020-12-04 00:16:28,62.4,81.2,120.20171099290778,25.320441988950275,23.0
1424,2020-12-04 00:29:55,2020-12-04 00:50:05,89.2,97.6,127.36941765873033,26.0,23.0
1425,2020-12-04 13:23:42,2020-12-04 13:50:32,53.6,79.2,122.3345316297743,23.487654320987655,22.074074074074073
1426,2020-12-04 13:50:53,2020-12-04 14:15:43,79.6,95.6,121.07379513888887,25.0,23.88
1427,2020-12-05 15:40:40,2020-12-05 16:01:47,24.0,37.2,119.98106060606058,21.71875,20.1953125
1428,2020-12-05 16:02:08,2020-12-05 16:31:18,37.2,56.4,113.9322916666667,23.931818181818183,22.431818181818183
1429,2020-12-05 16:31:39,2020-12-05 16:58:49,56.4,74.0,115.76704545454544,25.71951219512195,24.225609756097562
1430,2020-12-05 16:59:10,2020-12-05 17:22:10,74.0,88.4,119.79166666666663,26.39568345323741,25.0
1431,2020-12-05 22:37:35,2020-12-05 23:31:06,54.0,97.6,123.04269863340984,25.870646766169155,23.592039800995025
1432,2020-12-06 13:06:28,2020-12-06 13:34:28,16.4,43.2,121.00953461857378,22.118343195266274,20.680473372781066
1433,2020-12-06 13:34:49,2020-12-06 14:07:19,43.6,75.6,117.66623493923613,26.010204081632654,24.775510204081634
1434,2020-12-06 14:07:40,2020-12-06 14:37:30,76.0,97.2,122.72273984538782,27.92222222222222,26.822222222222223
1435,2020-12-07 03:56:55,2020-12-07 04:17:15,88.0,97.2,124.12139190821247,26.658536585365855,24.0
1436,2020-12-07 15:05:44,2020-12-07 15:23:14,18.8,36.0,119.05606153100776,25.78301886792453,24.547169811320753
1437,2020-12-07 15:23:35,2020-12-07 15:53:15,36.0,65.6,117.42777336711718,28.798882681564248,27.720670391061454
1438,2020-12-07 15:53:36,2020-12-07 16:25:36,66.0,93.2,121.4425053104575,31.414507772020727,29.875647668393782
1439,2020-12-08 08:27:23,2020-12-08 08:54:43,54.4,83.6,121.46213860350079,20.842424242424244,19.2
1440,2020-12-08 08:55:04,2020-12-08 09:22:14,83.6,97.2,121.239800245098,22.0,21.0
1441,2020-12-08 20:53:16,2020-12-08 21:21:26,56.8,78.8,121.04294090909092,25.576470588235296,24.523529411764706
1442,2020-12-08 21:21:47,2020-12-08 21:49:27,78.8,97.2,122.32489862620773,26.61676646706587,25.191616766467067
1443,2020-12-09 16:39:51,2020-12-09 17:42:23,47.2,97.6,121.48485118220901,25.641188959660298,23.940552016985137
1444,2020-12-10 07:18:17,2020-12-10 07:48:27,8.400001,37.6,120.56174566231243,24.692307692307693,23.36263736263736
1445,2020-12-10 07:48:48,2020-12-10 08:20:18,38.0,68.4,120.85251873172513,28.4,27.11578947368421
1446,2020-12-10 08:20:39,2020-12-10 08:51:49,68.4,94.0,122.95409857855904,30.75531914893617,29.55851063829787
1447,2020-12-11 00:57:57,2020-12-11 01:26:26,42.4,70.4,119.48114608134918,27.167630057803468,25.820809248554912
1448,2020-12-11 01:26:47,2020-12-11 02:00:07,70.8,96.8,123.41560438034189,29.16915422885572,27.875621890547265
1449,2020-12-11 13:32:56,2020-12-11 14:03:16,41.6,71.6,119.11436870370376,28.049180327868854,26.704918032786885
1450,2020-12-11 14:03:37,2020-12-11 14:32:47,72.0,95.2,122.64489337883143,29.960227272727273,28.72159090909091
1451,2020-12-11 17:47:15,2020-12-11 18:16:15,57.6,85.6,121.40378343253973,31.97142857142857,30.102857142857143
1452,2020-12-11 18:16:36,2020-12-11 18:36:56,86.0,97.6,126.09317995689663,32.853658536585364,30.983739837398375
1453,2020-12-11 23:45:37,2020-12-12 00:12:27,72.0,87.2,122.06964427997076,30.85185185185185,28.0
1454,2020-12-12 05:17:02,2020-12-12 05:49:27,74.8,97.6,122.7799804337232,26.737704918032787,24.311475409836067
1455,2020-12-12 17:06:39,2020-12-12 17:36:09,15.2,40.0,120.3125113687276,27.971910112359552,26.752808988764045
1456,2020-12-12 17:36:30,2020-12-12 18:06:10,40.4,65.2,116.81340636200714,31.1731843575419,29.932960893854748
1457,2020-12-12 18:06:31,2020-12-12 18:35:51,65.2,88.0,119.04423836500978,32.887005649717516,31.598870056497177
1458,2020-12-13 10:02:51,2020-12-13 11:16:25,35.2,97.6,120.24337344862894,27.864376130198917,26.359855334538878
1459,2020-12-13 15:32:18,2020-12-13 15:57:28,71.6,85.6,122.5654490079365,29.0,27.0
1460,2020-12-14 01:03:34,2020-12-14 01:38:33,17.2,38.8,122.00980065586423,25.72037914691943,24.341232227488153
1461,2020-12-14 01:38:54,2020-12-14 02:08:04,39.2,58.0,116.87354831560286,27.96590909090909,26.318181818181817
1462,2020-12-14 02:08:25,2020-12-14 02:34:35,58.0,74.8,117.3346820436508,29.0,27.063291139240505
1463,2020-12-14 02:34:56,2020-12-14 03:02:44,74.8,92.0,121.3440191860465,29.976190476190474,28.0
1464,2020-12-14 13:28:57,2020-12-14 14:21:15,26.0,70.4,118.049441626001,23.821882951653944,21.353689567430024
1465,2020-12-14 14:23:47,2020-12-14 14:59:04,70.0,95.6,120.85873755967884,26.605263157894736,24.05639097744361
1466,2020-12-14 22:59:52,2020-12-14 23:28:42,16.8,44.8,120.59971899801589,22.35632183908046,19.477011494252874
1467,2020-12-14 23:29:03,2020-12-15 00:00:03,45.2,76.0,117.83641360028862,25.93048128342246,23.219251336898395
1468,2020-12-15 00:00:24,2020-12-15 00:28:44,76.4,97.2,121.38690377938038,27.426900584795323,24.859649122807017
1469,2020-12-15 06:24:26,2020-12-15 06:45:56,19.2,40.0,120.7492109375,21.484615384615385,17.29230769230769
1470,2020-12-15 06:46:17,2020-12-15 07:15:17,40.4,68.8,119.20090659233178,24.617142857142856,20.805714285714284
1471,2020-12-15 07:15:38,2020-12-15 07:44:48,69.2,93.2,121.21760011574072,26.602272727272727,22.90340909090909
1472,2020-12-15 20:09:53,2020-12-15 20:40:33,56.4,84.4,121.0798952876984,19.57837837837838,17.875675675675677
1473,2020-12-15 20:40:54,2020-12-15 21:10:04,84.4,97.6,120.85966498316509,20.90340909090909,19.0
1474,2020-12-16 15:40:33,2020-12-16 16:13:13,49.2,80.8,120.86104004043608,21.081218274111674,19.81725888324873
1475,2020-12-16 20:13:54,2020-12-16 20:37:14,62.0,78.0,121.18490147569445,22.879432624113477,20.106382978723403
1476,2020-12-17 01:48:27,2020-12-17 02:07:37,40.0,53.2,119.24246296296297,21.025862068965516,17.775862068965516
1477,2020-12-17 02:07:58,2020-12-17 02:35:38,53.2,72.4,118.39991840277781,22.62874251497006,19.508982035928145
1478,2020-12-17 02:35:59,2020-12-17 03:05:09,72.4,91.6,122.18606192129637,23.34090909090909,20.551136363636363
1479,2020-12-17 16:48:37,2020-12-17 17:15:47,25.6,40.8,119.2827250548246,24.49390243902439,21.932926829268293
1480,2020-12-17 17:16:08,2020-12-17 17:42:58,40.8,56.8,111.97397517361112,25.839506172839506,23.419753086419753
1481,2020-12-18 00:16:50,2020-12-18 00:44:20,37.2,64.4,118.14493009599674,21.879518072289155,19.066265060240966
1482,2020-12-18 00:44:41,2020-12-18 01:15:01,64.8,91.2,121.76400431397307,24.44808743169399,21.661202185792348
1483,2020-12-18 04:40:38,2020-12-18 05:00:48,55.6,69.6,119.29169067460326,22.983606557377048,19.270491803278688
1484,2020-12-18 05:01:09,2020-12-18 05:30:59,69.6,89.6,122.2465526388889,23.41111111111111,20.0
1485,2020-12-18 05:31:20,2020-12-18 05:52:00,90.0,97.6,125.36736951754395,24.0,20.952
1486,2020-12-18 20:43:10,2020-12-18 21:00:50,23.6,40.8,120.74128439922482,19.91588785046729,18.08411214953271
1487,2020-12-18 21:34:53,2020-12-18 22:02:33,49.6,76.4,121.3749038660862,23.75449101796407,21.94610778443114
1488,2020-12-18 22:02:54,2020-12-18 22:33:14,76.8,96.0,121.68261523437496,25.0,23.0
1489,2020-12-20 11:29:33,2020-12-20 11:46:03,46.0,55.6,122.3350972222222,18.38,17.03
1490,2020-12-20 11:46:24,2020-12-20 12:14:44,55.6,75.2,121.02894387755106,24.666666666666668,22.42105263157895
1491,2020-12-20 12:15:05,2020-12-20 12:43:55,75.2,94.4,120.4130857204861,25.367816091954023,23.367816091954023
1492,2020-12-21 00:15:09,2020-12-21 00:41:39,29.2,55.2,119.22971784188033,20.94375,18.725
1493,2020-12-21 00:42:00,2020-12-21 01:10:20,55.6,83.2,119.86112796900161,23.994152046783626,21.871345029239766
1494,2020-12-21 01:10:41,2020-12-21 01:39:01,83.2,97.6,123.55326813271613,25.0,23.0
1495,2020-12-22 18:18:40,2020-12-22 18:46:40,24.8,44.0,121.23335337094908,19.71005917159763,18.70414201183432
1496,2020-12-22 18:47:01,2020-12-22 19:13:41,44.4,64.0,113.14128210034013,22.62111801242236,21.46583850931677
1497,2020-12-22 19:14:02,2020-12-22 19:43:32,64.4,84.8,120.26277900326798,24.303370786516854,23.179775280898877
1498,2020-12-24 07:15:52,2020-12-24 07:43:02,36.4,63.6,116.83774142156862,20.71951219512195,19.926829268292682
1499,2020-12-24 07:43:23,2020-12-24 08:04:38,64.0,84.4,119.62298074618735,23.407692307692308,22.53076923076923
1500,2020-12-24 08:04:59,2020-12-24 08:30:09,84.4,97.6,122.380061868687,24.32894736842105,23.50657894736842
1501,2020-12-24 19:09:57,2020-12-24 19:39:57,26.0,45.2,117.71342353877314,24.248618784530386,23.18232044198895
1502,2020-12-24 19:40:18,2020-12-24 20:10:38,45.2,65.2,114.25558083333334,26.48633879781421,25.3551912568306
1503,2020-12-24 20:10:59,2020-12-24 20:38:49,65.2,82.8,119.13512736742429,27.583333333333332,26.0
1504,2020-12-24 20:39:10,2020-12-24 21:03:50,82.8,97.6,123.01896931306308,28.0,26.993288590604028
1505,2020-12-25 03:18:23,2020-12-25 03:45:33,49.2,66.4,118.73306895994833,24.701219512195124,22.0609756097561
1506,2020-12-25 03:45:54,2020-12-25 04:16:54,66.4,86.0,118.88608078231297,25.262032085561497,23.0
1507,2020-12-25 04:17:15,2020-12-25 04:43:45,86.0,97.6,123.98948934386975,26.0,23.85625
1508,2020-12-25 20:55:00,2020-12-25 21:12:42,25.6,36.8,118.52926612103181,22.72222222222222,22.046296296296298
1509,2020-12-25 21:13:03,2020-12-25 21:41:23,36.8,55.2,115.5404640700483,24.690058479532162,23.818713450292396
1510,2020-12-25 21:41:44,2020-12-25 22:19:24,55.6,79.6,117.95951585648154,26.45614035087719,25.486842105263158
1511,2020-12-25 22:19:45,2020-12-25 22:46:15,80.0,96.0,122.52170902777782,27.175,26.0
1512,2020-12-26 03:38:45,2020-12-26 04:21:59,64.0,97.6,121.69474258845902,26.96,24.596923076923076
1513,2020-12-26 14:14:42,2020-12-26 14:38:02,31.2,44.0,118.74456226128471,25.404255319148938,24.127659574468087
1514,2020-12-26 14:38:23,2020-12-26 15:06:23,44.0,60.4,113.54672052845527,27.059171597633135,25.757396449704142
1515,2020-12-26 15:06:44,2020-12-26 15:37:14,60.4,77.6,117.9263275193799,28.0,27.0
1516,2020-12-26 23:51:54,2020-12-27 00:15:34,34.0,46.8,120.8420375434028,27.517482517482517,25.727272727272727
1517,2020-12-27 00:15:55,2020-12-27 00:46:55,47.2,65.2,115.05326057098763,28.887700534759357,27.44385026737968
1518,2020-12-27 00:47:16,2020-12-27 01:15:46,65.2,81.2,119.04690451388889,29.947674418604652,28.0
1519,2020-12-27 20:46:04,2020-12-27 21:44:35,26.0,63.6,115.91313525413713,28.615819209039547,27.23728813559322
1520,2020-12-27 21:44:56,2020-12-27 22:12:46,63.6,80.0,119.116716294038,30.428571428571427,29.0
1521,2020-12-27 22:13:07,2020-12-27 22:43:57,80.4,97.2,123.97984300595243,31.0,29.0
1522,2020-12-28 18:07:21,2020-12-28 18:37:31,22.0,43.6,117.14444656635803,30.681318681318682,29.197802197802197
1523,2020-12-28 18:37:52,2020-12-28 19:07:22,43.6,65.2,114.61099311985599,33.01685393258427,31.629213483146067
1524,2020-12-28 19:07:43,2020-12-28 19:40:03,65.2,88.0,119.05396875000001,34.0,32.85641025641026
1525,2020-12-30 00:03:00,2020-12-30 00:23:50,15.2,35.6,119.49892905773423,24.22222222222222,22.634920634920636
1526,2020-12-30 00:24:11,2020-12-30 00:56:21,36.0,68.4,116.17114308984911,27.7319587628866,26.24742268041237
1527,2020-12-30 01:06:45,2020-12-30 01:28:05,78.8,94.8,120.70662291666667,30.0,28.968992248062015
1528,2020-12-30 16:29:36,2020-12-30 16:59:56,48.8,78.4,119.24364358108109,21.69945355191257,20.562841530054644
1529,2020-12-31 18:03:14,2020-12-31 18:29:24,28.0,52.8,118.84017971550182,23.09493670886076,20.949367088607595
1530,2020-12-31 18:29:45,2020-12-31 19:01:15,53.2,84.4,118.09830742521368,27.50526315789474,25.21578947368421
1531,2020-12-31 19:01:36,2020-12-31 19:24:06,84.8,97.6,123.7359195963542,28.0,26.0
1532,2020-12-31 22:55:32,2020-12-31 23:16:12,64.8,79.2,119.29108805941353,25.976,22.0
1533,2020-12-31 23:16:33,2020-12-31 23:42:43,79.2,95.6,118.33590057588086,26.0,22.658227848101266
1534,2021-01-01 06:49:14,2021-01-01 07:22:04,18.0,40.0,118.75823194444446,25.449494949494948,20.883838383838384
1535,2021-01-01 07:22:25,2021-01-01 07:52:35,40.0,62.0,113.58209356060607,28.263736263736263,24.04945054945055
1536,2021-01-01 07:52:56,2021-01-01 08:23:16,62.0,83.2,118.51941588050315,29.0,25.0
1537,2021-01-01 08:23:37,2021-01-01 08:47:47,83.6,97.6,124.6756221230159,29.0,25.0
1538,2021-01-02 09:14:54,2021-01-02 09:43:24,24.8,42.8,119.12964212962964,20.441860465116278,18.319767441860463
1539,2021-01-02 10:15:46,2021-01-02 10:45:56,53.6,74.8,118.95901218553465,26.5,23.9010989010989
1540,2021-01-02 10:46:17,2021-01-02 11:15:27,75.2,94.0,121.86245486111113,27.0,24.647727272727273
1541,2021-01-03 01:06:07,2021-01-03 01:35:47,38.0,57.2,116.14296556712962,20.743016759776538,17.60335195530726
1542,2021-01-03 01:36:08,2021-01-03 02:06:18,57.2,76.4,118.10043127893519,22.0,19.0
1543,2021-01-03 02:06:39,2021-01-03 02:33:39,76.8,93.2,122.58385518292681,22.650306748466257,19.85276073619632
1544,2021-01-03 08:10:46,2021-01-03 08:38:36,56.0,82.4,119.3634222958754,19.94047619047619,17.25
1545,2021-01-03 08:38:57,2021-01-03 09:07:37,82.8,96.8,122.26983194444443,21.0,18.53179190751445
1546,2021-01-03 19:53:13,2021-01-03 20:14:53,30.0,45.2,118.52702960526311,26.35114503816794,24.450381679389313
1547,2021-01-03 20:15:14,2021-01-03 20:45:34,45.2,66.8,116.734819058642,28.415300546448087,26.453551912568305
1548,2021-01-03 20:45:55,2021-01-03 21:14:35,67.2,86.8,121.62554634353744,29.54335260115607,27.578034682080926
1549,2021-01-03 21:14:56,2021-01-03 21:32:26,87.2,97.6,125.53820940170954,30.0,28.0
1550,2021-01-04 04:53:31,2021-01-04 05:12:51,36.4,50.0,118.87972079248368,24.384615384615383,21.521367521367523
1551,2021-01-04 05:13:12,2021-01-04 05:41:42,50.0,70.4,116.87502328431371,26.3546511627907,23.563953488372093
1552,2021-01-04 05:42:03,2021-01-04 06:14:23,70.8,92.4,122.78744425154315,27.28205128205128,24.8
1553,2021-01-04 18:04:12,2021-01-04 18:36:32,22.0,54.0,118.19142335069446,27.03076923076923,25.266666666666666
1554,2021-01-04 18:36:53,2021-01-04 19:13:49,54.4,89.6,118.12131681660358,30.829596412556054,28.968609865470853
1555,2021-01-05 00:29:23,2021-01-05 00:56:33,52.8,78.8,121.5694619123932,28.567073170731707,25.524390243902438
1556,2021-01-05 06:50:57,2021-01-05 07:24:47,56.4,88.0,121.66931737869197,25.57843137254902,22.892156862745097
1557,2021-01-05 07:25:08,2021-01-05 07:46:58,88.4,97.6,128.62171029589388,26.46969696969697,24.0
1558,2021-01-05 17:08:05,2021-01-05 17:36:45,76.8,97.6,123.31331497061966,25.77456647398844,24.653179190751445
1559,2021-01-06 03:33:19,2021-01-06 03:57:39,12.4,25.6,120.31670869107745,24.0,21.931972789115648
1560,2021-01-06 03:58:00,2021-01-06 04:28:20,26.0,42.8,120.3703703703704,25.26775956284153,23.240437158469945
1561,2021-01-06 04:28:41,2021-01-06 05:00:51,43.2,61.6,116.54589371980677,27.25257731958763,25.216494845360824
1562,2021-01-06 05:01:12,2021-01-06 05:29:32,61.6,77.6,118.0555555555556,28.0,26.0
1563,2021-01-06 05:29:53,2021-01-06 06:04:03,77.6,96.0,123.79679996980673,28.888349514563107,26.723300970873787
1564,2021-01-06 14:36:42,2021-01-06 15:03:32,28.8,55.6,116.56458037935325,25.839506172839506,24.185185185185187
1565,2021-01-06 15:03:53,2021-01-06 15:32:13,56.0,84.0,117.80903427579368,28.964912280701753,27.350877192982455
1566,2021-01-07 00:18:15,2021-01-07 00:34:45,22.4,38.8,117.81252498306239,25.03,22.63
1567,2021-01-07 00:35:06,2021-01-07 01:03:06,39.2,67.2,117.15627594246034,28.041420118343197,25.816568047337277
1568,2021-01-07 01:03:27,2021-01-07 01:35:17,67.6,94.0,122.11071070075756,30.489583333333332,28.447916666666668
1569,2021-01-07 16:48:24,2021-01-07 18:34:29,17.6,97.6,118.03006382986109,22.912060301507537,21.018844221105528
1570,2021-01-08 18:58:04,2021-01-08 20:22:39,17.6,87.2,118.01348540070245,25.118110236220474,22.165354330708663
1571,2021-01-08 23:54:48,2021-01-09 00:12:28,52.0,69.2,120.17928100775195,23.1588785046729,18.53271028037383
1572,2021-01-09 00:12:49,2021-01-09 00:41:19,69.6,92.8,120.48372689176243,24.0,19.773255813953487
1573,2021-01-09 23:55:40,2021-01-10 00:21:00,26.4,48.0,117.95397254372429,25.137254901960784,22.535947712418302
1574,2021-01-10 00:21:21,2021-01-10 00:47:41,48.4,70.4,115.4179406565656,26.937106918238992,24.72327044025157
1575,2021-01-10 00:48:02,2021-01-10 01:15:02,70.8,90.8,119.55209604166667,27.84049079754601,25.073619631901842
1576,2021-01-10 05:13:28,2021-01-10 05:30:18,62.0,78.0,120.87154496527783,22.92156862745098,18.764705882352942
1577,2021-01-10 05:37:42,2021-01-10 05:54:52,84.4,95.2,118.2908888888889,24.0,20.0
1578,2021-01-10 13:16:47,2021-01-10 13:33:47,54.4,70.0,118.43752190170942,19.29126213592233,16.893203883495147
1579,2021-01-10 13:34:08,2021-01-10 13:56:58,70.4,88.0,121.34787231691926,20.485507246376812,18.036231884057973
1580,2021-01-10 17:15:58,2021-01-10 17:36:08,65.2,76.0,121.33487654320992,20.0,17.639344262295083
1581,2021-01-10 17:36:29,2021-01-10 18:04:29,76.4,91.6,122.80701754385974,20.402366863905325,18.29585798816568
1582,2021-01-11 00:35:06,2021-01-11 00:55:06,26.4,48.8,119.18155859375001,19.371900826446282,16.84297520661157
1583,2021-01-11 00:55:27,2021-01-11 01:22:27,49.2,80.0,116.92956804653683,22.920245398773005,20.607361963190183
1584,2021-01-11 01:22:48,2021-01-11 01:51:18,80.4,97.6,123.30507541989675,24.203488372093023,22.0
1585,2021-01-11 13:23:10,2021-01-11 13:50:20,84.4,97.6,123.01875252525265,25.0,22.0
1586,2021-01-11 23:08:16,2021-01-11 23:24:46,23.2,37.6,119.01236487268518,19.91,16.9
1587,2021-01-11 23:25:07,2021-01-11 23:53:07,38.0,66.4,115.2802395344288,27.106508875739646,23.526627218934912
1588,2021-01-11 23:53:28,2021-01-12 00:23:58,66.4,92.8,117.78462663089229,28.75,25.108695652173914
1589,2021-01-12 16:45:09,2021-01-12 17:15:49,14.0,44.0,119.61112995370371,21.016216216216215,19.794594594594596
1590,2021-01-12 17:16:10,2021-01-12 17:45:30,44.4,73.6,117.51333590182651,24.88135593220339,23.73446327683616
1591,2021-01-12 17:45:51,2021-01-12 18:19:17,74.0,97.6,122.07875042372885,26.846534653465348,25.702970297029704
1592,2021-01-13 13:47:40,2021-01-13 14:19:20,20.4,40.8,119.18233605664487,20.005235602094242,18.586387434554975
1593,2021-01-13 14:19:41,2021-01-13 14:46:31,40.8,58.0,116.98726098191213,22.64814814814815,21.166666666666668
1594,2021-01-13 14:46:52,2021-01-13 15:16:52,58.0,76.0,119.81560046296296,24.34254143646409,22.944751381215468
1595,2021-01-13 15:17:13,2021-01-13 15:44:23,76.4,91.6,123.5599628106726,25.0,23.98170731707317
1596,2021-01-14 11:19:31,2021-01-14 11:45:11,26.4,42.8,117.63891497289973,25.07741935483871,22.503225806451614
1597,2021-01-14 11:45:32,2021-01-14 12:13:52,42.8,62.0,110.92305700231482,26.81286549707602,24.567251461988302
1598,2021-01-14 12:14:13,2021-01-14 12:44:43,62.0,81.6,116.96856335034016,28.0,25.83695652173913
1599,2021-01-14 12:45:04,2021-01-14 13:08:34,81.6,96.0,120.3231091820987,28.253521126760564,26.37323943661972
1600,2021-01-15 06:51:19,2021-01-15 07:22:49,61.6,81.2,120.26783035714284,23.873684210526317,21.652631578947368
1601,2021-01-15 07:23:10,2021-01-15 07:51:20,81.2,96.8,121.99163247863251,24.194117647058825,22.0
1602,2021-01-15 14:46:45,2021-01-15 15:16:05,40.8,59.6,117.29981914893617,26.214689265536723,24.858757062146893
1603,2021-01-15 15:16:26,2021-01-15 15:45:36,59.6,78.0,119.27161458333333,27.53409090909091,26.28409090909091
1604,2021-01-15 15:45:57,2021-01-15 16:13:07,78.4,94.8,123.18345028794046,28.152439024390244,27.0
1605,2021-01-16 00:45:39,2021-01-16 01:12:49,18.0,35.2,118.68542312661494,27.304878048780488,23.70731707317073
1606,2021-01-16 01:13:10,2021-01-16 01:41:10,35.6,53.6,116.87193410493828,28.757396449704142,25.615384615384617
1607,2021-01-16 01:41:31,2021-01-16 02:12:01,53.6,73.2,116.96856335034012,30.0,27.005434782608695
1608,2021-01-16 02:12:22,2021-01-16 02:44:02,73.6,92.8,123.19807971643522,30.769633507853403,27.963350785340314
1609,2021-01-16 06:04:16,2021-01-16 06:25:36,62.4,75.6,121.24263773148152,26.0,22.0
1610,2021-01-16 06:25:57,2021-01-16 06:54:17,76.0,93.2,122.3247882751938,26.608187134502923,22.842105263157894
1611,2021-01-16 23:22:41,2021-01-16 23:52:41,36.8,66.4,118.37885698198195,23.287292817679557,21.96132596685083
1612,2021-01-16 23:53:02,2021-01-17 00:22:52,66.8,92.4,121.15940722656245,25.727777777777778,24.61111111111111
1613,2021-01-17 05:55:22,2021-01-17 06:27:42,70.0,95.6,121.60156081814237,27.035897435897436,25.02051282051282
1614,2021-01-17 18:28:47,2021-01-17 19:41:54,44.4,98.4,119.96050793467074,25.418943533697632,23.650273224043715
1615,2021-01-18 01:37:50,2021-01-18 02:05:50,51.6,78.8,119.16053125000002,23.940828402366865,20.71005917159763
1616,2021-01-18 02:06:11,2021-01-18 02:31:31,78.8,96.0,120.49824168281653,25.0,22.0
1617,2021-01-18 12:48:48,2021-01-18 13:16:58,19.6,23.2,123.77706936728403,17.0,15.952941176470588
1618,2021-01-18 13:17:19,2021-01-18 13:46:39,23.2,27.2,114.69451256944446,17.8135593220339,16.440677966101696
1619,2021-01-18 13:47:00,2021-01-18 14:15:10,27.2,30.8,121.51243040123451,18.16470588235294,17.0
1620,2021-01-18 14:15:31,2021-01-18 14:45:11,30.8,34.8,113.42717229166679,19.0,17.75977653631285
1621,2021-01-18 14:45:32,2021-01-18 15:15:42,34.8,38.8,114.77091541666667,19.560439560439562,18.0
1622,2021-01-18 15:16:03,2021-01-18 15:46:43,38.8,42.8,114.47922708333331,20.0,18.98918918918919
1623,2021-01-18 15:47:04,2021-01-18 16:17:04,42.8,47.2,100.03164141414129,20.756906077348066,19.386740331491712
1624,2021-01-18 16:17:25,2021-01-18 16:43:35,47.2,51.2,94.01396097222221,21.0,20.0
1625,2021-01-18 16:43:56,2021-01-18 17:11:06,51.2,54.8,105.53247314814831,21.847560975609756,20.170731707317074
1626,2021-01-18 17:11:27,2021-01-18 17:40:37,54.8,58.4,112.7855711419753,22.0,21.0
1627,2021-01-18 17:40:58,2021-01-18 18:18:44,58.8,63.6,110.17251231481471,22.0,21.0
1628,2021-01-18 18:19:05,2021-01-18 18:48:15,63.6,67.2,114.66439606481478,22.0,21.0
1629,2021-01-18 18:48:36,2021-01-18 19:17:06,67.2,70.8,112.57334158950636,22.0,21.0
1630,2021-01-18 19:17:27,2021-01-18 19:41:47,70.8,73.6,124.55365773809535,22.0,21.0
1631,2021-01-18 19:42:08,2021-01-18 20:11:08,73.6,77.2,115.84499467592566,22.0,21.0
1632,2021-01-18 20:11:29,2021-01-18 20:40:49,77.2,80.4,132.94285416666654,22.0,20.305084745762713
1633,2021-01-18 20:41:10,2021-01-18 21:09:40,80.8,84.0,130.33866406249987,21.99418604651163,20.0
1634,2021-01-18 21:10:01,2021-01-18 21:44:41,84.0,88.0,127.38552437500002,21.10047846889952,20.0
1635,2021-01-18 21:45:02,2021-01-18 22:10:22,88.0,90.8,134.4891358134922,21.0,20.0
1636,2021-01-18 22:10:43,2021-01-18 22:37:53,90.8,94.0,126.78388958333319,21.0,20.0
1637,2021-01-18 22:38:14,2021-01-18 23:06:04,94.0,97.2,130.19535729166657,21.0,20.0
1638,2021-01-19 19:35:10,2021-01-19 19:56:20,74.8,88.0,120.56294760101008,23.0,21.0
1639,2021-01-19 19:56:41,2021-01-19 20:19:01,88.0,97.6,122.13393721064823,23.0,21.822222222222223
1640,2021-01-20 12:45:54,2021-01-20 13:09:54,55.6,78.8,121.16979088841,22.910344827586208,21.613793103448277
1641,2021-01-20 13:10:15,2021-01-20 13:39:25,79.2,97.2,121.87733379629631,24.369318181818183,23.005681818181817
1642,2021-01-20 22:54:25,2021-01-20 23:24:05,36.8,66.4,117.04017750563062,26.59776536312849,25.22905027932961
1643,2021-01-20 23:24:26,2021-01-20 23:52:56,66.8,91.6,121.97805740367387,28.790697674418606,27.552325581395348
1644,2021-01-21 22:33:34,2021-01-21 22:52:24,32.0,50.4,118.33711194142514,24.81578947368421,23.587719298245613
1645,2021-01-21 22:52:45,2021-01-21 23:20:05,50.8,77.6,117.85138588308462,27.375757575757575,26.23030303030303
1646,2021-01-21 23:20:26,2021-01-21 23:48:16,77.6,97.6,122.73057256944449,28.857142857142858,27.625
1647,2021-01-22 14:42:17,2021-01-22 15:00:37,37.2,56.4,118.22196108217598,24.774774774774773,23.144144144144143
1648,2021-01-22 15:13:57,2021-01-22 15:42:47,70.4,94.4,121.82756059027777,28.614942528735632,27.298850574712645
1649,2021-01-23 00:10:42,2021-01-23 00:32:12,26.0,47.2,118.45192570754715,27.084615384615386,24.70769230769231
1650,2021-01-23 00:32:33,2021-01-23 00:59:53,47.6,74.8,117.33763214869283,30.01212121212121,27.56969696969697
1651,2021-01-23 01:00:14,2021-01-23 01:32:04,75.2,97.2,124.4293027146465,31.0,29.0
1652,2021-01-23 18:36:37,2021-01-23 19:04:17,28.0,45.6,119.12722159090909,27.29940119760479,26.023952095808383
1653,2021-01-23 19:04:38,2021-01-23 19:35:18,46.0,65.2,116.93361552372683,29.36756756756757,28.07027027027027
1654,2021-01-23 19:35:39,2021-01-23 20:02:09,65.6,81.2,119.27440972222215,30.0,29.0
1655,2021-01-23 20:02:30,2021-01-23 20:32:30,81.2,97.6,123.57217555894316,30.906077348066297,29.016574585635357
1656,2021-01-24 12:32:12,2021-01-24 13:05:42,12.0,30.8,118.7810270390071,26.282178217821784,25.0
1657,2021-01-24 13:06:03,2021-01-24 13:36:23,30.8,48.0,117.5355261627907,27.846994535519126,26.437158469945356
1658,2021-01-24 13:36:44,2021-01-24 14:07:04,48.0,64.8,120.32158903769843,29.628415300546447,28.23497267759563
1659,2021-01-24 14:07:25,2021-01-24 14:36:45,65.2,81.2,122.18228767361113,30.09039548022599,29.0
1660,2021-01-24 14:37:06,2021-01-24 15:07:46,81.2,97.6,124.58078463753397,31.0,29.0
1661,2021-01-24 23:28:55,2021-01-24 23:57:25,47.2,75.6,117.16109991197187,30.38953488372093,27.912790697674417
1662,2021-01-24 23:57:46,2021-01-25 00:23:36,76.0,95.6,123.04280449263044,31.871794871794872,29.294871794871796
1663,2021-01-25 11:19:41,2021-01-25 12:08:15,54.8,96.0,120.86351352818232,26.45205479452055,25.008219178082193
1664,2021-01-26 00:05:05,2021-01-26 00:32:45,57.2,84.0,120.56126482172476,29.50299401197605,27.994011976047904
1665,2021-01-26 03:28:50,2021-01-26 03:45:50,71.2,84.4,119.66857544191922,29.0,26.533980582524272
1666,2021-01-26 03:46:11,2021-01-26 04:06:21,84.8,97.6,122.86242719184031,29.049180327868854,27.0
1667,2021-02-17 00:29:42,2021-02-17 01:33:45,25.6,88.4,118.3705883470453,30.114345114345113,28.95218295218295
1668,2021-02-18 08:19:26,2021-02-18 08:42:56,30.4,54.0,116.40125918079096,20.97887323943662,19.816901408450704
1669,2021-02-18 08:43:17,2021-02-18 09:08:07,54.4,78.8,118.83482103825138,23.953333333333333,22.92
1670,2021-02-18 09:08:28,2021-02-18 09:36:28,79.2,97.6,122.09844308574887,25.349112426035504,24.307692307692307
1671,2021-02-18 15:32:29,2021-02-18 15:53:29,56.8,71.6,118.47412218468469,29.53543307086614,28.37795275590551
1672,2021-02-18 15:59:01,2021-02-18 16:28:01,75.2,94.4,120.95848770254631,30.24,29.165714285714287
1673,2021-02-19 02:12:01,2021-02-19 02:42:51,34.8,67.2,117.56731695816185,26.634408602150536,24.032258064516128
1674,2021-02-19 02:43:12,2021-02-19 03:14:52,67.6,94.8,119.02983542687909,28.81675392670157,26.083769633507853
1675,2021-02-20 15:32:25,2021-02-20 15:59:05,58.4,84.4,119.6239282051282,27.496894409937887,25.857142857142858
1676,2021-02-20 15:59:26,2021-02-20 16:20:36,84.8,97.6,125.95054622395838,28.984375,27.0625
1677,2021-02-20 22:24:12,2021-02-20 22:44:22,54.0,73.6,120.34298944161002,29.385245901639344,27.385245901639344
1678,2021-02-20 22:44:43,2021-02-20 23:15:03,74.0,97.2,121.31407028256702,30.666666666666668,28.726775956284154
1679,2021-02-21 04:07:29,2021-02-21 04:33:09,62.4,87.2,121.09880678763439,28.690322580645162,26.032258064516128
1680,2021-02-21 04:33:30,2021-02-21 04:50:40,87.6,97.6,124.63056833333334,29.5,27.0
1681,2021-02-21 15:46:37,2021-02-21 16:11:17,18.8,43.2,117.5933818306011,29.496644295302012,27.812080536912752
1682,2021-02-21 16:11:38,2021-02-21 16:40:38,43.2,72.4,115.57888227739727,32.83428571428571,31.005714285714287
1683,2021-02-21 16:40:59,2021-02-21 17:07:59,72.8,94.4,122.46208410493824,34.54601226993865,32.28834355828221
1684,2021-02-22 11:57:24,2021-02-22 12:24:54,22.0,49.6,117.24387635869564,28.451807228915662,26.951807228915662
1685,2021-02-22 12:25:15,2021-02-22 12:56:35,50.0,81.2,118.18956445868946,32.148148148148145,30.767195767195766
1686,2021-02-22 12:56:56,2021-02-22 13:15:46,81.6,95.2,122.94525857843131,33.79824561403509,32.0
1687,2021-02-22 19:43:48,2021-02-22 20:11:48,46.4,64.0,119.05300378787875,33.875739644970416,31.502958579881657
1688,2021-02-22 20:12:09,2021-02-22 20:42:19,64.0,82.8,120.07828294917256,34.64835164835165,32.0
1689,2021-02-23 03:59:47,2021-02-23 04:24:37,30.8,55.2,118.89801155510018,30.333333333333332,26.946666666666665
1690,2021-02-23 04:24:58,2021-02-23 04:54:38,55.6,84.8,118.67105612633185,32.798882681564244,29.64804469273743
1691,2021-02-23 04:54:59,2021-02-23 05:14:49,85.2,97.6,126.93548263888898,33.21666666666667,30.491666666666667
1692,2021-02-23 20:58:23,2021-02-23 21:27:33,34.0,63.2,117.03675209284631,33.72159090909091,32.71022727272727
1693,2021-02-23 21:27:54,2021-02-23 21:55:04,63.6,89.2,120.22461664496527,36.27439024390244,34.926829268292686
1694,2021-02-24 22:02:12,2021-02-24 22:30:32,75.6,96.8,122.99792492138361,29.0,27.269005847953217
1695,2021-02-25 05:36:52,2021-02-25 06:03:42,56.0,82.0,120.34134011752138,29.104938271604937,26.62962962962963
1696,2021-02-25 06:04:03,2021-02-25 06:25:23,82.4,96.4,126.07442599206348,30.0,27.968992248062015
1697,2021-02-25 15:39:50,2021-02-25 16:56:50,32.0,94.0,120.03210992831544,31.81660899653979,30.230103806228374
1698,2021-02-26 03:07:06,2021-02-26 03:37:36,35.6,66.0,118.08800890899124,29.815217391304348,27.945652173913043
1699,2021-02-26 03:37:57,2021-02-26 04:03:17,66.4,90.0,120.25660657956689,32.26797385620915,30.248366013071895
1700,2021-02-26 12:35:31,2021-02-26 12:57:11,26.0,39.6,121.68915482026141,29.900763358778626,27.541984732824428
1701,2021-02-26 12:57:32,2021-02-26 13:28:22,40.0,60.0,114.7514043055556,31.591397849462364,29.247311827956988
1702,2021-02-26 13:28:43,2021-02-26 13:56:43,60.4,77.2,118.697107390873,32.92307692307692,30.0
1703,2021-02-26 13:57:04,2021-02-26 14:30:24,77.6,96.0,123.86097856280189,33.0,30.0
1704,2021-02-26 23:37:27,2021-02-26 23:58:07,42.8,56.0,116.81920822811445,25.088,22.328
1705,2021-02-26 23:58:28,2021-02-27 00:30:38,56.0,76.0,120.35691763888887,26.09278350515464,23.649484536082475
1706,2021-02-27 05:21:30,2021-02-27 05:53:00,43.2,74.0,119.5702731782107,24.457894736842107,22.16315789473684
1707,2021-02-27 05:53:21,2021-02-27 06:26:31,74.4,96.8,122.5632762896826,26.02,24.0
1708,2021-02-27 15:54:43,2021-02-27 16:22:02,43.6,70.4,119.03540509950248,24.23030303030303,22.424242424242426
1709,2021-02-27 18:46:46,2021-02-27 19:13:56,74.4,95.6,121.38757809224326,25.78048780487805,24.00609756097561
1710,2021-02-27 23:46:28,2021-02-28 00:02:58,72.0,87.2,119.86293932748535,24.93,22.72
1711,2021-02-28 18:06:12,2021-02-28 18:31:42,39.2,64.4,118.37909474206347,26.25974025974026,24.993506493506494
1712,2021-02-28 18:32:03,2021-02-28 18:59:23,64.8,89.6,121.50987247983875,28.606060606060606,27.490909090909092
1713,2021-03-01 03:32:47,2021-03-01 04:01:47,60.8,88.0,120.56324433210783,28.057142857142857,26.057142857142857
1714,2021-03-01 14:03:31,2021-03-01 14:25:31,45.6,67.2,119.93250154320987,28.25563909774436,26.902255639097746
1715,2021-03-01 14:25:52,2021-03-01 14:53:32,67.6,92.0,120.04953568989069,30.4251497005988,29.101796407185628
1716,2021-03-01 20:02:00,2021-03-01 20:36:25,70.8,97.6,122.60978762437813,30.694980694980696,28.8030888030888
1717,2021-03-02 12:52:17,2021-03-02 13:21:07,34.8,45.6,116.21532227366251,22.229885057471265,20.988505747126435
1718,2021-03-02 13:21:28,2021-03-02 13:48:18,45.6,56.0,112.28503231837612,23.623456790123456,22.555555555555557
1719,2021-03-02 13:48:39,2021-03-02 14:17:19,56.4,67.2,115.69063065843619,24.86705202312139,23.728323699421967
1720,2021-03-02 14:17:40,2021-03-02 14:48:30,67.2,78.4,120.07197048611108,25.446236559139784,24.177419354838708
1721,2021-03-02 14:48:51,2021-03-02 15:20:31,78.8,90.0,123.21557291666667,26.0,25.0
1722,2021-03-02 15:20:52,2021-03-02 15:43:22,90.0,97.6,129.2160581140352,26.875,25.49264705882353
1723,2021-03-03 01:24:35,2021-03-03 03:00:55,21.6,97.6,119.02716443530701,27.356846473029044,25.49100968188105
1724,2021-03-03 13:23:45,2021-03-03 14:33:16,24.0,83.2,117.45922916197446,26.331417624521073,24.720306513409962
1725,2021-03-03 22:54:05,2021-03-04 00:15:21,21.6,96.0,119.01666317502988,28.008183306055646,26.00327332242226
1726,2021-03-04 12:46:12,2021-03-04 13:15:12,41.2,58.0,115.14220205026457,24.405714285714286,21.874285714285715
1727,2021-03-04 13:15:33,2021-03-04 13:44:53,58.4,74.8,119.30386805555557,25.80225988700565,23.29943502824859
1728,2021-03-04 13:45:14,2021-03-04 14:19:24,74.8,93.6,121.20937270981089,26.359223300970875,24.184466019417474
1729,2021-03-05 00:20:23,2021-03-05 01:19:45,29.2,87.6,117.9341476193874,27.849775784753362,25.69730941704036
1730,2021-03-05 15:24:39,2021-03-05 16:24:34,28.8,87.6,118.38534818121693,26.975555555555555,25.644444444444446
1731,2021-03-06 20:40:12,2021-03-06 22:12:48,13.2,97.6,119.08887054535285,28.73093525179856,27.553956834532375
1732,2021-03-09 10:43:41,2021-03-09 11:26:07,56.8,93.6,120.45219024758455,22.523510971786834,21.717868338557995
1733,2021-03-09 22:16:57,2021-03-09 23:15:08,30.4,87.6,118.43823294483296,28.59725400457666,27.263157894736842
1734,2021-03-10 06:46:14,2021-03-10 08:02:25,26.8,97.6,119.9652700054928,30.77097902097902,28.442307692307693
1735,2021-03-10 16:36:41,2021-03-10 17:02:31,30.4,56.4,117.12929529914531,31.30128205128205,29.78846153846154
1736,2021-03-10 17:02:52,2021-03-10 17:30:22,56.8,83.6,121.09402627487565,33.975903614457835,32.37951807228916
1737,2021-03-10 17:30:43,2021-03-10 17:51:23,84.0,97.6,124.14012724673209,35.0,33.0
1738,2021-03-11 06:50:19,2021-03-11 07:23:59,60.8,90.8,121.47641560185187,27.58128078817734,25.87192118226601
1739,2021-03-11 14:14:07,2021-03-11 14:38:37,48.0,72.0,119.96412199074075,31.81756756756757,29.763513513513512
1740,2021-03-11 19:46:24,2021-03-11 20:12:54,62.8,88.4,120.3521212565104,32.775,31.30625
1741,2021-03-12 19:10:58,2021-03-12 19:31:18,32.0,52.0,118.42776499999998,29.24390243902439,27.69918699186992
1742,2021-03-12 19:31:39,2021-03-12 19:58:49,52.4,79.2,118.09803534411274,31.945121951219512,30.451219512195124
1743,2021-03-12 19:59:10,2021-03-12 20:25:00,79.6,97.6,124.15355895061728,33.0,32.0
1744,2021-03-13 02:47:44,2021-03-13 03:17:14,51.2,80.0,120.2932036072531,32.30898876404494,29.769662921348313
1745,2021-03-13 03:17:35,2021-03-13 03:42:15,80.4,97.6,123.13713751614995,33.006711409395976,31.0
1746,2021-03-13 14:41:44,2021-03-13 15:12:04,38.4,68.4,118.35141148148148,29.049180327868854,27.743169398907103
1747,2021-03-13 15:12:25,2021-03-13 15:39:45,68.8,92.4,121.08406344161958,31.503030303030304,30.35757575757576
1748,2021-03-13 23:30:42,2021-03-13 23:57:02,49.6,75.6,118.19231068376072,33.0377358490566,31.0
1749,2021-03-14 03:38:48,2021-03-14 04:30:42,54.0,97.6,121.81031056001532,32.4025641025641,29.564102564102566
1750,2021-03-14 19:12:52,2021-03-14 20:40:24,18.4,97.6,119.45413203914141,33.35007610350076,32.00608828006088
1751,2021-03-15 05:03:14,2021-03-15 05:31:04,28.0,55.6,117.68065896739131,32.785714285714285,29.99404761904762
1752,2021-03-15 05:31:25,2021-03-15 05:58:55,56.0,83.2,117.97794362745095,35.506024096385545,32.74698795180723
1753,2021-03-15 12:07:13,2021-03-15 12:25:23,46.8,58.0,121.24505505952379,31.990909090909092,29.863636363636363
1754,2021-03-15 12:25:44,2021-03-15 12:53:24,58.4,75.6,120.10341279069775,32.77245508982036,30.952095808383234
1755,2021-03-15 12:53:45,2021-03-15 13:24:15,75.6,94.4,120.11011325354603,33.0,31.13586956521739
1756,2021-03-15 18:40:13,2021-03-15 19:09:02,56.0,84.0,120.23299758432542,34.26267281105991,32.59907834101382
1757,2021-03-16 00:59:17,2021-03-16 01:20:53,62.4,83.2,121.59404337606834,31.165644171779142,28.987730061349694
1758,2021-03-16 11:26:04,2021-03-16 11:43:44,28.0,45.2,119.47030571705426,28.53271028037383,27.50467289719626
1759,2021-03-16 11:44:05,2021-03-16 12:14:45,45.6,76.0,117.5968495979532,31.38918918918919,30.275675675675675
1760,2021-03-16 12:15:06,2021-03-16 12:32:46,76.4,91.2,123.16252852852855,33.0,31.8411214953271
1761,2021-03-16 15:00:17,2021-03-16 15:21:37,80.0,91.6,122.45688170498093,34.0,33.0
1762,2021-03-17 06:03:45,2021-03-17 06:29:55,62.4,88.8,120.48770959595963,28.639240506329113,26.9873417721519
1763,2021-03-17 16:08:55,2021-03-17 16:26:05,9.2,19.2,120.20555930555558,34.10576923076923,33.0
1764,2021-03-17 16:26:26,2021-03-17 16:56:46,19.2,37.2,117.96296296296293,34.21857923497268,33.12568306010929
1765,2021-03-17 16:57:07,2021-03-17 17:27:57,37.6,56.0,117.30072463768116,35.634408602150536,34.41935483870968
1766,2021-03-17 17:28:18,2021-03-17 17:59:28,56.0,74.4,118.56884057971011,37.0,35.0
1767,2021-03-17 17:59:49,2021-03-17 18:26:59,74.8,90.4,121.90170940170933,37.0,35.0
1768,2021-03-18 01:36:40,2021-03-18 02:05:30,62.0,88.8,121.21529576077945,34.42857142857143,31.97714285714286
1769,2021-03-18 05:51:16,2021-03-18 06:45:59,66.0,97.6,120.83273314873422,32.0,29.201946472019465
1770,2021-03-18 14:12:44,2021-03-18 14:39:14,45.6,60.8,115.91006688596497,33.38125,31.8375
1771,2021-03-18 14:39:35,2021-03-18 15:04:05,60.8,74.4,119.74528801062083,34.0,33.0
1772,2021-03-18 15:04:26,2021-03-18 15:21:36,74.8,84.0,123.9553218599034,34.0,33.0
1773,2021-03-19 00:01:01,2021-03-19 00:31:51,42.8,73.6,117.46571257215007,34.693548387096776,33.04838709677419
1774,2021-03-19 00:32:12,2021-03-19 00:54:32,74.0,92.4,121.85310016606279,36.0,34.111111111111114
1775,2021-03-19 09:57:51,2021-03-19 10:15:21,42.8,60.0,118.90020752583979,32.10377358490566,30.30188679245283
1776,2021-03-19 10:54:54,2021-03-19 11:27:24,65.6,93.2,121.63144902375195,33.826530612244895,32.47959183673469
1777,2021-03-19 15:08:39,2021-03-19 15:37:59,72.4,91.6,120.81237131076396,35.0,33.0
1778,2021-03-19 17:57:59,2021-03-19 18:34:27,74.0,97.2,117.12477966954023,36.0,34.0
1779,2021-03-21 08:20:38,2021-03-21 08:49:58,32.0,61.2,116.4616728025114,25.429378531073446,24.09039548022599
1780,2021-03-21 08:50:19,2021-03-21 09:15:29,61.6,86.4,117.68482571684584,28.05263157894737,26.638157894736842
1781,2021-03-21 09:15:50,2021-03-21 09:35:20,86.4,97.6,122.91294444444453,29.0,27.271186440677965
1782,2021-03-22 19:59:48,2021-03-22 21:23:49,31.2,98.8,119.20485884286656,28.35340729001585,27.307448494453247
1783,2021-03-23 01:15:53,2021-03-23 02:09:39,73.6,99.6,129.112243840812,27.985148514851485,25.205445544554454
1784,2021-03-23 11:44:39,2021-03-23 12:05:59,19.6,40.4,118.44353879540603,25.11627906976744,23.046511627906977
1785,2021-03-23 12:06:20,2021-03-23 12:36:10,40.8,70.4,116.35231719219222,28.4,26.333333333333332
1786,2021-03-23 12:36:31,2021-03-23 13:01:51,70.8,92.0,121.82852109538784,30.130718954248366,28.143790849673202
1787,2021-03-23 20:25:54,2021-03-23 21:08:28,32.4,74.4,118.23889515873016,29.25,26.590625
1788,2021-03-23 21:09:24,2021-03-23 21:32:05,74.4,93.2,119.1146677526596,31.619883040935672,28.976608187134502
1789,2021-03-24 03:08:58,2021-03-24 04:16:29,39.6,97.6,120.33123637212645,28.23076923076923,24.952662721893493
1790,2021-03-24 17:18:14,2021-03-24 17:48:04,31.6,61.6,116.9245446759259,27.13888888888889,25.97222222222222
1791,2021-03-24 17:48:25,2021-03-24 18:16:35,62.0,88.8,118.86972823383087,29.764705882352942,28.75294117647059
1792,2021-03-25 02:00:47,2021-03-25 02:22:57,35.2,47.2,120.17938497685185,27.611940298507463,24.686567164179106
1793,2021-03-25 02:23:18,2021-03-25 02:54:38,47.6,65.2,118.55585811237373,29.48148148148148,26.613756613756614
1794,2021-03-25 02:54:59,2021-03-25 03:22:49,65.6,81.2,118.85237669159534,30.035714285714285,27.863095238095237
1795,2021-03-25 10:36:08,2021-03-25 11:05:18,27.2,56.0,118.77121884645064,29.914772727272727,28.085227272727273
1796,2021-03-25 11:05:39,2021-03-25 11:35:59,56.4,86.4,118.66618995370366,33.14207650273224,31.338797814207652
1797,2021-03-25 11:36:20,2021-03-25 11:54:20,86.8,97.6,126.40563258744861,34.0,32.0
1798,2021-03-25 20:04:38,2021-03-25 20:26:42,70.0,90.0,120.85617873611112,33.73134328358209,31.925373134328357
1799,2021-03-26 07:42:20,2021-03-26 08:04:30,23.6,39.2,118.2959285968661,27.66417910447761,26.044776119402986
1800,2021-03-26 08:04:51,2021-03-26 08:34:51,39.2,60.8,115.55232169495888,30.011049723756905,28.441988950276244
1801,2021-03-26 08:35:12,2021-03-26 09:06:42,61.2,83.2,119.3156563131313,31.742105263157896,30.173684210526314
1802,2021-03-26 21:17:20,2021-03-26 21:45:40,22.4,50.4,118.42314394841272,33.26315789473684,31.47953216374269
1803,2021-03-26 21:46:01,2021-03-26 22:12:31,50.8,77.2,117.58210132575759,36.36875,34.55
1804,2021-03-26 22:12:52,2021-03-26 22:39:12,77.6,97.2,123.29368034297048,37.16352201257862,35.125786163522015
1805,2021-03-27 19:22:57,2021-03-27 19:52:17,34.4,63.2,118.17131327160493,35.2090395480226,33.59322033898305
1806,2021-03-27 19:52:38,2021-03-27 20:19:08,63.6,88.8,120.1058366953263,37.4875,35.64375
1807,2021-03-28 08:34:25,2021-03-28 09:05:45,13.2,43.2,119.92591222222218,29.973544973544975,28.005291005291006
1808,2021-03-28 09:08:06,2021-03-28 09:38:56,43.2,72.8,119.61804044669671,33.526881720430104,31.56989247311828
1809,2021-03-28 09:39:17,2021-03-28 10:10:37,72.8,96.4,123.10205025894534,35.18518518518518,33.0
1810,2021-03-29 01:07:59,2021-03-29 01:38:29,15.6,45.2,120.32236444256756,32.766304347826086,30.91304347826087
1811,2021-03-29 01:38:50,2021-03-29 02:10:50,45.6,77.2,118.2080760812236,35.81347150259067,33.95336787564767
1812,2021-03-29 02:11:11,2021-03-29 02:39:01,77.6,97.6,125.54723104166668,37.0,35.0
1813,2021-03-29 14:36:03,2021-03-29 15:03:13,12.8,39.6,119.06146056177447,34.170731707317074,32.6219512195122
1814,2021-03-29 15:03:34,2021-03-29 15:38:44,40.0,74.8,118.73004390166031,37.905660377358494,36.52358490566038
1815,2021-03-30 07:01:21,2021-03-30 07:18:01,42.4,58.8,118.66193343495937,30.356435643564357,28.940594059405942
1816,2021-03-30 07:18:22,2021-03-30 07:44:32,58.8,84.4,119.27897650824649,32.31645569620253,30.860759493670887
1817,2021-03-30 07:44:53,2021-03-30 08:05:23,84.8,97.6,127.41646354166669,33.0,32.0
1818,2021-03-30 15:29:12,2021-03-30 15:43:41,62.0,76.0,121.53591063492064,35.17272727272727,33.81818181818182
1819,2021-03-30 22:25:34,2021-03-30 23:31:29,40.0,97.6,121.42697469376932,35.7939393939394,34.15959595959596
1820,2021-03-31 14:58:15,2021-03-31 15:30:35,33.2,65.2,117.6449690104167,33.31794871794872,32.31794871794872
1821,2021-03-31 15:30:56,2021-03-31 16:00:36,65.6,92.0,120.00893081860266,35.77653631284916,34.60335195530726
1822,2021-04-01 03:47:18,2021-04-01 04:16:08,45.2,73.6,117.09215385367766,32.56896551724138,31.04597701149425
1823,2021-04-01 04:16:29,2021-04-01 04:39:19,74.0,92.4,123.26995078502412,34.02173913043478,32.768115942028984
1824,2021-04-01 14:33:03,2021-04-01 15:01:03,35.6,63.2,118.71982764694042,33.875739644970416,32.37869822485207
1825,2021-04-01 15:01:24,2021-04-01 15:30:44,63.6,90.4,121.19041723673298,36.101694915254235,34.610169491525426
1826,2021-04-01 23:00:49,2021-04-01 23:27:15,68.0,91.6,121.00647594161961,34.74846625766871,32.63803680981595
1827,2021-04-02 07:14:15,2021-04-02 07:49:55,53.6,78.4,120.0873895609319,33.544186046511626,30.934883720930234
1828,2021-04-02 07:50:16,2021-04-02 08:20:16,78.4,97.6,122.56872352430565,34.0,32.0
1829,2021-04-02 16:53:08,2021-04-02 17:15:08,30.0,51.6,118.88503787294238,37.63157894736842,36.045112781954884
1830,2021-04-02 17:15:29,2021-04-02 17:47:59,52.0,84.0,118.44878914930557,39.91326530612245,38.454081632653065
1831,2021-04-02 17:48:20,2021-04-02 18:09:10,84.4,97.6,127.09176620370381,41.0,39.0
1832,2021-04-03 13:03:07,2021-04-03 13:27:47,29.2,53.6,119.05170110428051,34.18791946308725,32.80536912751678
1833,2021-04-03 13:28:08,2021-04-03 13:57:08,54.0,82.8,118.70469029706796,36.822857142857146,35.537142857142854
1834,2021-04-03 17:52:36,2021-04-03 18:22:36,39.2,69.2,118.0597376388889,42.668508287292816,40.32596685082873
1835,2021-04-03 18:22:57,2021-04-03 18:49:17,69.2,92.4,120.33524137931033,44.0440251572327,42.0
1836,2021-04-04 00:03:52,2021-04-04 00:23:02,52.4,70.8,121.59722946859905,39.81896551724138,36.69827586206897
1837,2021-04-04 00:23:23,2021-04-04 00:41:58,71.2,88.8,120.04419760101013,40.31858407079646,37.21238938053097
1838,2021-04-04 05:16:59,2021-04-04 05:46:19,42.8,71.6,118.92313522376546,36.163841807909606,33.045197740113
1839,2021-04-04 05:46:40,2021-04-04 06:14:00,72.0,94.4,121.71875706845236,37.09090909090909,34.0
1840,2021-04-04 10:57:07,2021-04-04 11:29:53,65.200005,93.6,120.97870504906784,33.63157894736842,30.63157894736842
1841,2021-04-06 13:08:27,2021-04-06 13:38:27,23.2,52.8,119.3271564376877,32.24309392265194,30.41988950276243
1842,2021-04-06 13:38:48,2021-04-06 14:08:38,53.2,82.8,118.75564742867873,35.38333333333333,33.93888888888889
1843,2021-04-06 22:01:34,2021-04-06 22:36:04,42.4,76.4,119.60623006535951,35.53846153846154,33.66346153846154
1844,2021-04-06 22:36:25,2021-04-06 22:57:25,76.8,93.6,123.10849255952388,37.0,35.0
1845,2021-04-07 18:29:16,2021-04-07 18:50:16,13.2,34.0,117.8425534855769,32.330708661417326,31.055118110236222
1846,2021-04-07 18:50:37,2021-04-07 19:20:11,34.4,63.6,118.19654377853878,34.98324022346369,33.58659217877095
1847,2021-04-07 19:20:52,2021-04-07 19:47:22,64.4,89.2,120.77510075044803,37.0,35.525
1848,2021-04-08 03:27:17,2021-04-08 03:45:37,54.4,72.4,119.50616851851844,31.90990990990991,29.45045045045045
1849,2021-04-08 03:45:58,2021-04-08 04:15:38,72.4,96.0,121.60959092514128,33.0,30.70949720670391
1850,2021-04-08 13:44:26,2021-04-08 14:38:44,43.6,88.8,119.74060161627338,29.433823529411764,27.149509803921568
1851,2021-04-08 18:06:38,2021-04-08 18:34:48,61.6,79.2,120.51060140467173,30.0,27.0
1852,2021-04-08 18:35:09,2021-04-08 18:54:39,79.6,91.6,121.5902967592593,30.0,27.3135593220339
1853,2021-04-09 00:40:04,2021-04-09 01:20:06,44.8,84.0,119.20302449333902,29.096345514950166,25.750830564784053
1854,2021-04-09 01:59:02,2021-04-09 02:23:27,80.4,97.6,121.78844911175719,29.967391304347824,26.46195652173913
1855,2021-04-09 14:18:37,2021-04-09 16:18:15,22.8,97.6,119.45614826945932,27.92324805339266,26.477196885428253
1856,2021-04-10 01:19:55,2021-04-10 01:49:45,21.2,50.8,118.08937096471477,31.31111111111111,28.788888888888888
1857,2021-04-10 01:50:06,2021-04-10 02:21:46,51.2,82.4,118.88402069978635,34.46596858638743,31.827225130890053
1858,2021-04-10 02:22:07,2021-04-10 02:44:47,82.4,97.6,123.13691145833343,35.02189781021898,33.0
1859,2021-04-10 16:10:15,2021-04-10 16:37:35,37.2,64.0,119.60406529850749,31.187878787878788,29.52121212121212
1860,2021-04-10 16:37:56,2021-04-10 17:08:26,64.4,91.6,120.29462326388895,33.505434782608695,31.755434782608695
1861,2021-04-12 12:38:03,2021-04-12 12:56:31,46.8,58.4,119.94758603927205,30.265486725663717,28.460176991150444
1862,2021-04-12 12:56:52,2021-04-12 13:13:56,58.4,69.2,119.04529382716046,31.0,29.457142857142856
1863,2021-04-12 20:46:18,2021-04-12 21:10:58,71.6,86.8,122.11351964546782,30.93288590604027,29.536912751677853
1864,2021-04-13 00:14:51,2021-04-13 00:36:01,58.8,79.6,118.668530849359,31.71875,30.453125
1865,2021-04-13 00:36:22,2021-04-13 01:01:12,80.0,97.6,123.37122735164145,32.806666666666665,31.0
1866,2021-04-13 11:21:41,2021-04-13 11:43:41,50.4,73.2,119.27754593079922,32.609022556390975,31.270676691729324
1867,2021-04-13 11:44:02,2021-04-13 12:05:02,73.6,91.6,122.3572678240741,33.803149606299215,32.645669291338585
1868,2021-04-14 06:04:46,2021-04-14 06:35:56,71.2,94.4,121.62119240900383,32.36702127659574,30.670212765957448
1869,2021-04-14 13:35:11,2021-04-14 13:58:21,55.2,68.0,117.84612163628474,34.0,32.90714285714286
1870,2021-04-14 13:58:42,2021-04-14 14:25:12,68.0,82.8,119.14599868618619,34.93125,33.0
1871,2021-04-14 14:25:33,2021-04-14 14:49:23,82.8,96.0,120.14938867845115,35.0,33.604166666666664
1872,2021-04-15 00:23:13,2021-04-15 00:53:43,31.6,41.2,119.14641261574073,33.25,31.0
1873,2021-04-15 00:54:04,2021-04-15 01:23:34,41.2,50.8,115.23726880787046,34.0,31.792134831460675
1874,2021-04-15 01:23:55,2021-04-15 01:52:45,51.2,60.4,117.53623278985512,34.810344827586206,32.43103448275862
1875,2021-04-15 01:53:06,2021-04-15 02:24:16,60.4,70.4,116.91111472222215,35.0,33.0
1876,2021-04-15 02:24:37,2021-04-15 02:52:07,70.4,78.8,122.80092923280436,35.0,32.96987951807229
1877,2021-04-15 02:52:28,2021-04-15 03:22:28,79.2,88.0,127.94508617424245,34.76243093922652,32.530386740331494
1878,2021-04-15 03:22:49,2021-04-15 03:43:28,88.4,94.4,127.65511226851858,34.0,32.0
1879,2021-04-15 13:44:16,2021-04-15 14:07:56,29.6,52.8,118.74043797892723,32.62237762237762,30.81118881118881
1880,2021-04-15 14:08:17,2021-04-15 14:38:37,53.2,82.8,119.13337804992497,35.45355191256831,33.63387978142077
1881,2021-04-15 18:43:08,2021-04-15 19:16:48,66.4,78.4,121.57407407407408,34.0,32.0
1882,2021-04-16 14:01:09,2021-04-16 14:28:59,27.2,54.8,117.53220682367152,29.077380952380953,27.857142857142858
1883,2021-04-16 14:29:20,2021-04-16 14:57:00,54.8,82.4,116.84380424718192,32.17964071856287,30.74251497005988
1884,2021-04-16 22:01:47,2021-04-16 22:30:47,46.0,66.4,118.46541407952067,30.08,27.794285714285714
1885,2021-04-16 22:31:08,2021-04-16 22:59:18,66.4,86.0,119.75907057823132,31.0,29.0
1886,2021-04-16 22:59:39,2021-04-16 23:16:09,86.4,96.4,124.02775763888889,31.92,29.9
1887,2021-04-17 03:50:47,2021-04-17 05:22:58,14.0,97.6,119.86746473617755,33.05057803468208,30.00578034682081
1888,2021-04-17 17:46:46,2021-04-17 19:02:49,30.0,97.6,120.15757606426693,32.24868651488617,30.912434325744307
1889,2021-04-18 13:46:35,2021-04-18 14:07:45,12.8,24.4,117.77418149305556,29.328125,28.0
1890,2021-04-18 14:08:06,2021-04-18 14:37:16,24.8,40.8,121.44530425347224,30.551136363636363,29.073863636363637
1891,2021-04-18 14:37:37,2021-04-18 15:06:47,41.2,58.0,115.60183796296295,32.46022727272727,30.914772727272727
1892,2021-04-18 15:07:08,2021-04-18 15:37:18,58.4,75.6,116.76839518733848,33.36813186813187,32.0
1893,2021-04-18 21:53:32,2021-04-18 22:25:02,58.8,88.4,120.41904466966969,34.94210526315789,32.584210526315786
1894,2021-04-18 22:25:23,2021-04-18 22:42:43,88.4,97.6,123.3318499396137,35.42857142857143,33.0
1895,2021-04-19 03:27:41,2021-04-19 03:56:21,81.2,97.6,122.28150575880765,31.0,28.0
1896,2021-04-19 09:25:59,2021-04-19 09:54:39,60.4,88.0,120.39603260869566,30.61849710982659,28.479768786127167
1897,2021-04-20 14:56:13,2021-04-20 15:18:13,18.8,40.4,118.73906012088477,26.962406015037594,25.76691729323308
1898,2021-04-20 15:18:34,2021-04-20 15:49:24,40.8,71.6,116.72257593795095,30.801075268817204,29.725806451612904
1899,2021-04-20 15:49:45,2021-04-20 16:17:55,72.0,94.8,121.83296637426902,33.03529411764706,32.294117647058826
1900,2021-04-22 08:08:45,2021-04-22 08:32:05,22.4,45.6,118.48361458333333,29.092198581560282,28.333333333333332
1901,2021-04-22 08:32:26,2021-04-22 09:01:36,46.0,75.2,117.85058185882804,32.61931818181818,31.823863636363637
1902,2021-04-22 09:01:57,2021-04-22 09:30:27,75.6,97.2,122.76426459619339,34.56976744186046,33.66860465116279
1903,2021-04-22 17:29:42,2021-04-22 18:29:04,38.8,93.2,120.26741985549427,36.506726457399104,34.562780269058294
1904,2021-04-23 00:02:30,2021-04-23 00:27:30,45.6,70.0,119.8457596197632,37.271523178807946,34.76158940397351
1905,2021-04-23 09:13:06,2021-04-23 09:43:39,59.2,88.4,119.9429264174277,34.18378378378378,33.07027027027027
1906,2021-04-23 16:26:49,2021-04-23 16:55:19,39.6,67.6,118.663194593254,40.05813953488372,38.883720930232556
1907,2021-04-24 00:05:22,2021-04-24 00:27:02,9.6,30.4,121.28205582264961,38.19083969465649,35.969465648854964
1908,2021-04-24 00:27:23,2021-04-24 00:55:53,30.8,58.8,118.43851726190482,40.48255813953488,37.854651162790695
1909,2021-04-24 05:42:57,2021-04-24 06:12:37,48.0,68.4,120.7842911220043,36.80446927374302,33.597765363128495
1910,2021-04-24 06:12:58,2021-04-24 06:44:48,68.8,90.4,122.00872202932092,37.0,34.0
1911,2021-04-24 16:05:40,2021-04-24 16:36:10,27.2,36.8,119.56457841435191,36.0,34.34239130434783
1912,2021-04-24 16:36:31,2021-04-24 17:05:41,36.8,46.4,114.4387080439815,36.96022727272727,35.0
1913,2021-04-24 20:16:52,2021-04-24 20:47:02,25.6,55.2,118.83304509196697,36.434065934065934,34.78021978021978
1914,2021-04-24 20:50:54,2021-04-24 21:19:34,59.2,87.2,119.33233065476192,39.225433526011564,37.52023121387283
1915,2021-04-24 21:19:55,2021-04-24 21:37:05,87.6,97.6,127.76253277777776,40.0,38.0
1916,2021-04-25 14:14:44,2021-04-25 14:31:34,50.4,66.8,119.86112228997294,32.666666666666664,31.392156862745097
1917,2021-04-25 14:31:55,2021-04-25 14:59:35,67.2,91.6,120.05010274362482,33.77245508982036,32.395209580838326
1918,2021-04-26 00:48:45,2021-04-26 01:11:25,36.4,49.2,115.36566529947912,29.291970802919707,27.32846715328467
1919,2021-04-26 01:11:46,2021-04-26 01:32:36,49.2,61.2,115.68055439814815,30.547619047619047,28.626984126984127
1920,2021-04-26 02:22:43,2021-04-26 02:39:13,77.2,91.2,121.61608442460319,32.0,30.0
1921,2021-04-26 08:22:50,2021-04-26 08:40:10,56.8,67.6,120.43210455246918,28.504761904761907,26.21904761904762
1922,2021-04-26 08:40:31,2021-04-26 09:08:41,68.0,85.6,120.11443410669196,29.0,27.070588235294117
1923,2021-04-26 09:09:02,2021-04-26 09:28:52,85.6,97.6,121.1770837962963,29.725,28.0
1924,2021-04-26 18:14:05,2021-04-26 18:39:55,61.6,86.4,121.94557935707884,30.455128205128204,28.891025641025642
1925,2021-04-26 18:40:16,2021-04-26 18:58:56,86.8,97.6,124.05607600308646,31.088495575221238,30.0
1926,2021-04-27 03:47:21,2021-04-27 04:16:11,19.2,47.6,118.49521219679187,28.695402298850574,26.971264367816094
1927,2021-04-27 04:16:32,2021-04-27 04:47:02,48.0,78.0,118.64815185185186,32.32608695652174,30.53804347826087
1928,2021-04-27 04:47:23,2021-04-27 05:14:03,78.4,97.6,122.71918431712972,33.88198757763975,32.0
1929,2021-04-27 18:42:13,2021-04-27 19:11:23,44.0,73.2,116.22719235159819,30.119318181818183,28.84659090909091
1930,2021-04-27 19:11:44,2021-04-27 19:39:54,73.2,95.2,120.91984684343436,31.86470588235294,30.541176470588237
1931,2021-04-28 15:22:32,2021-04-28 15:51:22,44.4,72.8,118.95102489241005,25.56896551724138,24.660919540229884
1932,2021-04-28 15:51:43,2021-04-28 16:18:13,73.2,94.0,122.90733052884622,27.63125,26.65625
1933,2021-04-29 04:43:58,2021-04-29 05:12:48,40.8,59.2,118.05331755736714,24.103448275862068,22.919540229885058
1934,2021-04-29 05:13:09,2021-04-29 05:42:09,59.6,77.6,121.3703972222223,25.548571428571428,24.285714285714285
1935,2021-04-29 05:42:30,2021-04-29 06:12:30,78.0,96.0,123.70603541666667,26.25414364640884,25.0
1936,2021-04-29 12:53:39,2021-04-29 13:17:19,56.8,71.6,120.47206184309309,29.0,27.937062937062937
1937,2021-04-29 13:17:40,2021-04-29 13:46:20,72.0,90.0,119.9753351851852,29.820809248554912,28.61849710982659
1938,2021-04-29 18:03:35,2021-04-29 18:25:45,67.2,74.0,122.82072426470592,32.0,31.0
1939,2021-04-29 18:26:06,2021-04-29 18:56:56,74.4,84.0,120.97806278935192,32.0,31.0
1940,2021-04-30 03:19:39,2021-04-30 04:41:58,25.2,97.6,119.68382551603747,32.02750809061489,29.728155339805824
1941,2021-04-30 15:47:42,2021-04-30 16:12:02,25.2,38.4,120.61766466750845,35.87074829931973,33.27891156462585
1942,2021-04-30 16:12:23,2021-04-30 16:43:03,38.8,56.4,116.40074992108586,36.17297297297297,34.58918918918919
1943,2021-04-30 16:43:24,2021-04-30 17:14:14,56.4,74.0,117.04469057765152,37.0,35.0
1944,2021-04-30 20:12:26,2021-04-30 20:49:23,68.0,97.6,123.03522043918925,37.97122302158273,35.960431654676256
1945,2021-05-01 05:34:46,2021-05-01 06:20:32,40.8,85.2,119.97651779592091,35.31686046511628,32.281976744186046
1946,2021-05-01 18:05:28,2021-05-01 18:24:08,27.2,45.6,119.68449192330917,36.06194690265487,34.89380530973451
1947,2021-05-01 18:24:29,2021-05-01 18:57:29,46.0,78.4,120.24950025720165,39.08040201005025,37.72361809045226
1948,2021-05-01 18:57:50,2021-05-01 19:23:50,78.8,97.6,124.28042619680855,40.70063694267516,39.0
1949,2021-05-02 03:17:57,2021-05-02 03:49:07,30.0,60.8,118.30448777958156,36.27127659574468,33.12234042553192
1950,2021-05-02 03:49:31,2021-05-02 04:09:48,61.2,80.8,120.9794662344105,38.52845528455285,35.34146341463415
1951,2021-05-02 04:10:09,2021-05-02 04:33:49,81.2,97.6,124.46224491869926,39.0,36.0
1952,2021-05-02 17:43:53,2021-05-02 18:13:53,38.4,57.6,117.44794270833331,33.790055248618785,31.45303867403315
1953,2021-05-02 18:14:14,2021-05-02 18:42:14,57.6,75.2,119.58335984848485,35.0,32.94082840236686
1954,2021-05-02 18:42:35,2021-05-02 19:04:25,75.6,89.2,120.6720038807189,35.666666666666664,33.0
1955,2021-05-02 23:42:19,2021-05-03 00:10:49,49.6,73.2,121.11525453154425,32.19186046511628,28.459302325581394
1956,2021-05-03 00:11:10,2021-05-03 00:38:00,73.6,93.6,121.51320909722223,33.0,29.71604938271605
1957,2021-05-03 05:58:59,2021-05-03 06:19:29,4.0,11.6,117.94413980263163,30.0,26.024193548387096
1958,2021-05-03 06:19:50,2021-05-03 06:47:30,11.6,22.0,116.19395753205129,29.508982035928145,26.0
1959,2021-05-03 06:56:02,2021-05-03 07:19:02,25.2,34.0,114.16987089646466,29.798561151079138,26.56115107913669
1960,2021-05-03 07:19:23,2021-05-03 07:47:53,34.0,44.4,119.8424780982906,30.093023255813954,27.08139534883721
1961,2021-05-03 07:48:14,2021-05-03 08:19:44,44.4,56.0,118.76443175287352,31.0,28.0
1962,2021-05-03 08:20:05,2021-05-03 08:48:25,56.0,66.4,119.12532865918794,31.690058479532162,28.976608187134502
1963,2021-05-03 08:48:46,2021-05-03 09:15:46,66.4,76.4,117.9694963888889,31.012269938650306,29.0
1964,2021-05-03 09:16:07,2021-05-03 09:48:17,76.4,87.6,125.53577455357154,31.0,29.0
1965,2021-05-03 09:48:38,2021-05-03 10:16:58,87.6,97.6,124.07091541666664,31.0,29.0
1966,2021-05-03 15:21:28,2021-05-03 15:49:48,60.4,84.0,120.15066854990583,31.842105263157894,29.719298245614034
1967,2021-05-03 15:50:09,2021-05-03 16:13:29,84.0,97.6,121.41442473447717,32.99290780141844,30.4468085106383
1968,2021-05-03 23:51:59,2021-05-04 00:19:29,62.0,88.4,120.35196659301344,33.41566265060241,31.349397590361445
1969,2021-05-04 06:44:03,2021-05-04 07:14:13,51.2,72.0,118.1116589209402,31.884615384615383,29.708791208791208
1970,2021-05-04 07:14:34,2021-05-04 07:39:44,72.0,89.6,117.77621212121217,32.953947368421055,30.467105263157894
1971,2021-05-04 07:40:05,2021-05-04 07:57:05,89.6,97.6,128.67884010416665,33.0,31.0
1972,2021-05-04 20:38:47,2021-05-04 21:08:57,49.2,68.0,117.24809685283688,32.010989010989015,29.32967032967033
1973,2021-05-04 21:09:18,2021-05-04 21:35:18,68.0,83.2,119.95159228801171,33.0,30.0
1974,2021-05-04 21:35:39,2021-05-04 22:01:49,83.2,97.6,122.95140711805566,33.0,30.740506329113924
1975,2021-05-05 18:11:32,2021-05-05 18:36:12,5.6,30.0,118.40620964253188,35.0,32.97986577181208
1976,2021-05-05 18:36:33,2021-05-05 19:06:13,30.4,59.2,120.55364424189814,36.98882681564246,35.13966480446928
1977,2021-05-05 19:06:34,2021-05-05 19:37:54,59.6,89.2,120.91640376313816,39.28042328042328,37.56613756613756
1978,2021-05-06 01:52:59,2021-05-06 02:26:39,60.4,90.8,121.43367434210528,37.083743842364534,34.48275862068966
1979,2021-05-06 13:31:55,2021-05-06 13:53:35,35.2,56.4,118.40409014675055,32.47328244274809,30.83206106870229
1980,2021-05-06 13:53:56,2021-05-06 14:13:43,56.8,76.0,119.3997442997685,34.68595041322314,33.17355371900826
1981,2021-05-06 14:14:04,2021-05-06 14:40:54,76.4,96.4,121.76874381944445,35.89506172839506,34.04320987654321
1982,2021-05-06 22:50:04,2021-05-06 23:15:34,24.0,49.2,118.3201221340388,34.8051948051948,32.64935064935065
1983,2021-05-06 23:15:55,2021-05-06 23:42:45,49.2,76.0,117.03100476782755,37.623456790123456,35.425925925925924
1984,2021-05-06 23:43:06,2021-05-07 00:10:16,76.4,96.8,123.11003989651421,38.98170731707317,36.170731707317074
1985,2021-05-07 05:56:34,2021-05-07 07:28:22,56.0,99.6,129.49247409212538,34.00725689404935,31.0
1986,2021-05-07 12:08:34,2021-05-07 13:03:40,64.4,97.6,121.13138642904954,35.0,33.69806763285024
1987,2021-05-07 16:22:54,2021-05-07 16:57:57,71.2,96.0,120.87512582885304,38.4622641509434,36.966981132075475
1988,2021-05-08 02:04:03,2021-05-08 03:33:19,16.800001,97.6,120.04232720968228,38.723214285714285,36.263392857142854
1989,2021-05-08 12:52:15,2021-05-08 14:01:11,19.6,87.200005,119.05522316652689,37.77220077220077,36.59073359073359
1990,2021-05-08 14:02:07,2021-05-08 14:20:07,86.4,97.6,119.80853632936521,40.0,39.0
1991,2021-05-09 05:29:03,2021-05-09 06:30:52,41.2,96.0,119.87211294708031,35.94193548387097,34.01720430107527
1992,2021-05-09 18:49:51,2021-05-09 20:14:00,26.800001,94.0,118.68753512059827,40.56220472440945,38.86614173228347
1993,2021-05-10 04:49:21,2021-05-10 06:22:45,12.4,97.6,119.20735025756393,38.87446504992867,36.114122681883025
1994,2021-05-10 15:22:28,2021-05-10 16:34:15,14.4,85.6,117.66981150319916,41.07421150278293,39.37105751391466
1995,2021-05-11 13:20:37,2021-05-11 14:05:28,18.8,47.6,117.26348081597224,35.79044117647059,34.330882352941174
1996,2021-05-11 14:05:49,2021-05-11 14:33:19,47.6,66.0,112.59060461956523,38.5722891566265,37.295180722891565
1997,2021-05-11 20:37:04,2021-05-11 21:07:14,14.8,44.4,119.00479649962466,38.94505494505494,37.57142857142857
1998,2021-05-11 21:07:35,2021-05-11 21:36:15,44.8,73.2,117.85652352308291,42.179190751445084,40.47398843930636
1999,2021-05-11 21:54:16,2021-05-11 22:17:06,73.6,93.2,118.71671237244894,42.891304347826086,40.92028985507246
2000,2021-05-12 03:20:02,2021-05-12 03:39:52,58.0,77.6,118.18666035997738,38.36666666666667,35.5
2001,2021-05-12 03:40:13,2021-05-12 04:07:03,78.0,97.6,123.17106767290254,39.0,36.0
2002,2021-05-13 21:05:26,2021-05-13 21:22:36,30.4,35.6,123.80074813034183,31.0,29.0
2003,2021-05-13 21:51:14,2021-05-13 22:31:30,44.8,58.8,107.85714285714285,32.4,30.440816326530612
2004,2021-05-13 22:31:51,2021-05-13 23:00:23,58.8,68.0,116.30434782608691,33.0,31.0
2005,2021-05-14 03:14:47,2021-05-14 04:42:51,24.8,96.0,118.93444076740012,35.73071104387292,34.662632375189105
2006,2021-05-14 17:52:08,2021-05-14 19:35:40,10.4,94.4,119.58740386574074,37.997425997426,36.7052767052767
2007,2021-05-15 01:15:41,2021-05-15 01:55:51,50.4,74.8,118.69366163479054,37.62582781456954,34.847682119205295
2008,2021-05-15 03:09:06,2021-05-15 03:32:59,66.4,89.6,118.87525034722228,37.47222222222222,34.92777777777778
2009,2021-05-15 13:29:04,2021-05-15 14:16:25,23.2,70.4,116.96601807026839,40.758426966292134,39.0252808988764
2010,2021-05-16 12:39:11,2021-05-16 14:08:34,3.2,90.8,117.94265420471841,36.71087928464978,35.378539493293594
2011,2021-05-16 20:22:26,2021-05-16 21:07:48,48.4,91.2,119.28381851635514,40.02639296187683,38.06158357771261
2012,2021-05-17 13:40:05,2021-05-17 14:07:55,36.0,64.0,117.1121197420635,39.06547619047619,37.24404761904762
2013,2021-05-17 23:51:45,2021-05-18 01:35:33,2.4,88.8,120.18076848797583,40.94865211810013,38.78177150192555
2014,2021-05-18 05:32:27,2021-05-18 06:07:40,63.2,91.6,120.53952155712054,40.113207547169814,37.4188679245283
2015,2021-05-18 10:35:37,2021-05-18 11:03:37,44.4,67.6,120.68845773467436,39.69230769230769,37.680473372781066
2016,2021-05-18 11:03:58,2021-05-18 11:43:35,68.0,97.2,121.36510692541856,40.97489539748954,38.50209205020921
2017,2021-05-18 23:18:15,2021-05-18 23:44:05,21.6,43.6,117.91288699494949,37.48717948717949,35.69871794871795
2018,2021-05-18 23:44:26,2021-05-19 00:12:56,43.6,68.4,115.37355477150537,39.95348837209303,38.133720930232556
2019,2021-05-19 00:13:17,2021-05-19 00:45:47,68.8,94.0,120.67681795634917,41.0,39.0
2020,2021-05-19 19:42:48,2021-05-19 20:07:48,10.0,31.2,118.49059617400421,39.0,37.00662251655629
2021,2021-05-19 20:08:09,2021-05-19 20:42:17,31.2,60.4,117.41294060597414,40.73300970873787,38.89320388349515
2022,2021-05-20 11:43:43,2021-05-20 12:08:03,29.6,50.4,116.97049165331197,33.48979591836735,32.6530612244898
2023,2021-05-20 12:08:24,2021-05-20 12:35:24,50.8,74.0,116.54216187739463,35.71165644171779,34.73006134969325
2024,2021-05-20 12:35:45,2021-05-20 13:08:25,74.4,97.6,122.918475395115,36.964467005076145,35.92893401015228
2025,2021-05-20 22:31:30,2021-05-20 22:59:20,29.2,49.2,116.20418986111109,41.88095238095238,39.291666666666664
2026,2021-05-20 22:59:41,2021-05-20 23:30:21,49.6,71.2,118.54940637860085,43.69189189189189,40.87567567567567
2027,2021-05-20 23:30:42,2021-05-20 23:57:22,71.6,90.0,121.01451690821254,44.0,41.0
2028,2021-05-21 03:48:56,2021-05-21 04:14:26,54.0,79.2,117.9624172729277,41.03896103896104,37.92857142857143
2029,2021-05-21 11:15:13,2021-05-21 11:32:33,53.2,70.0,120.23642840608466,38.84761904761905,37.49523809523809
2030,2021-05-21 16:38:01,2021-05-21 17:07:31,19.2,48.0,119.0731260609568,43.32022471910113,41.67977528089887
2031,2021-05-21 17:07:52,2021-05-21 17:25:12,48.4,64.4,118.36285503472217,45.59047619047619,43.714285714285715
2032,2021-05-21 17:37:03,2021-05-21 18:04:43,73.2,93.6,120.48339780773425,46.89820359281437,45.0
2033,2021-05-22 03:11:38,2021-05-22 03:29:58,20.0,38.4,116.4643836050725,38.78378378378378,35.81981981981982
2034,2021-05-22 03:30:19,2021-05-22 04:01:59,38.4,70.4,115.61850030381942,41.68586387434555,38.712041884816756
2035,2021-05-22 04:02:20,2021-05-22 04:35:20,70.8,97.2,120.56977430555553,43.0,40.07537688442211
2036,2021-05-22 12:09:57,2021-05-22 13:31:01,7.2,58.8,117.80948329565031,40.92006525285481,38.97716150081566
2037,2021-05-22 14:52:37,2021-05-22 15:20:07,51.6,78.4,119.59577881426202,43.18072289156626,41.403614457831324
2038,2021-05-22 15:20:28,2021-05-22 15:37:48,78.8,92.8,120.9970336309524,44.0,42.0
2039,2021-05-22 21:07:32,2021-05-22 21:36:02,37.2,65.2,118.71131329365082,40.71511627906977,38.30813953488372
2040,2021-05-22 21:36:23,2021-05-22 22:03:53,65.6,90.8,120.17637522045854,42.51807228915663,40.0
2041,2021-05-23 07:55:05,2021-05-23 09:20:37,53.6,99.6,122.7997608635266,35.1993769470405,33.18535825545171
2042,2021-05-24 16:45:29,2021-05-24 17:13:19,27.2,57.2,116.42363967592595,34.44047619047619,33.535714285714285
2043,2021-05-24 17:13:40,2021-05-24 17:44:10,57.6,88.8,118.35070081018524,37.88586956521739,36.78260869565217
2044,2021-05-24 17:44:31,2021-05-24 18:04:31,88.8,98.8,122.91944472222222,38.710743801652896,37.0
2045,2021-05-25 06:43:32,2021-05-25 07:09:22,32.0,58.0,115.93429642094017,33.55128205128205,31.55128205128205
2046,2021-05-25 07:09:43,2021-05-25 07:40:43,58.4,88.4,118.72824541666664,36.096256684491976,33.74866310160428
2047,2021-05-25 19:12:48,2021-05-25 20:10:10,40.0,88.0,119.35322124710648,37.76102088167053,36.34802784222738
2048,2021-05-25 23:42:09,2021-05-26 00:05:59,73.2,93.2,118.95486854166668,40.0,37.24305555555556
2049,2021-05-26 09:05:06,2021-05-26 09:34:56,31.6,62.4,115.25703192640695,34.08888888888889,32.11666666666667
2050,2021-05-26 09:35:17,2021-05-26 10:04:07,62.4,90.0,118.86926031602256,36.724137931034484,34.747126436781606
2051,2021-05-26 18:05:56,2021-05-26 18:46:21,33.2,73.2,117.87639041666664,37.64344262295082,35.50409836065574
2052,2021-05-26 18:46:42,2021-05-26 19:18:18,73.6,97.6,122.61226967592593,39.795811518324605,37.753926701570684
2053,2021-05-27 01:28:48,2021-05-27 02:00:46,60.8,90.8,119.4377909074074,37.64730290456431,35.643153526970956
2054,2021-05-27 10:52:00,2021-05-27 11:16:50,46.0,70.8,118.81218346774196,37.9,36.22
2055,2021-05-27 11:17:11,2021-05-27 11:42:51,71.2,93.2,119.85545151515156,39.47096774193548,37.83225806451613
2056,2021-05-27 23:30:26,2021-05-28 00:01:16,18.8,49.6,118.02716977813854,37.376344086021504,35.94086021505376
2057,2021-05-28 00:01:37,2021-05-28 00:29:17,50.0,78.0,116.53028437500004,40.56287425149701,39.06586826347306
2058,2021-05-28 06:01:27,2021-05-28 06:25:27,46.4,70.4,117.00059224537036,37.855172413793106,35.10344827586207
2059,2021-05-28 06:25:48,2021-05-28 06:55:48,70.8,95.2,120.80887147085608,39.0,36.02209944751381
2060,2021-05-28 15:15:09,2021-05-28 17:18:02,36.8,89.2,117.77735056721797,41.93275488069414,40.39045553145336
2061,2021-05-28 21:32:41,2021-05-28 21:56:51,53.6,77.6,117.5532475115741,40.965753424657535,38.91095890410959
2062,2021-05-29 13:51:10,2021-05-29 14:09:30,36.4,54.8,117.0908931159421,36.22522522522522,34.810810810810814
2063,2021-05-29 14:09:51,2021-05-29 14:40:41,55.2,86.0,117.93877931096684,38.45161290322581,37.17204301075269
2064,2021-05-30 14:44:51,2021-05-30 15:16:21,58.8,88.4,120.51474939001501,34.94210526315789,33.82631578947368
2065,2021-05-31 00:03:33,2021-05-31 01:13:36,35.6,97.6,119.63447960349463,36.17490494296578,33.834600760456276
2066,2021-05-31 19:31:22,2021-05-31 19:58:02,31.6,54.8,114.63243588362072,33.29192546583851,30.757763975155278
2067,2021-05-31 19:58:23,2021-05-31 20:30:03,55.2,80.8,117.00413731553823,35.2565445026178,32.890052356020945
2068,2021-05-31 20:30:24,2021-05-31 20:51:24,80.8,95.2,119.3856129436728,36.0,33.75590551181102
2069,2021-06-01 03:07:44,2021-06-01 03:33:24,68.8,92.0,118.59255214319921,34.16774193548387,31.43225806451613
2070,2021-06-01 16:44:42,2021-06-01 17:11:02,30.4,53.2,115.84187524366469,33.0,30.962264150943398
2071,2021-06-01 17:11:23,2021-06-01 17:38:43,53.2,75.6,116.58235528273815,35.193939393939395,32.96363636363636
2072,2021-06-01 17:39:04,2021-06-01 18:08:14,76.0,96.4,119.98027376089323,36.0,34.0
2073,2021-06-02 01:08:44,2021-06-02 01:33:04,30.8,54.8,118.14352291666668,30.979591836734695,28.1156462585034
2074,2021-06-02 01:33:25,2021-06-02 02:02:35,55.2,84.0,117.981291087963,33.56818181818182,30.806818181818183
2075,2021-06-02 02:02:56,2021-06-02 02:23:16,84.4,97.6,124.68540435606073,34.0,32.0
2076,2021-06-03 06:08:47,2021-06-03 06:39:57,57.6,89.2,118.6911206487342,29.069148936170212,28.074468085106382
2077,2021-06-03 15:07:24,2021-06-03 15:37:40,42.0,72.0,117.49991378703703,37.08152173913044,35.369565217391305
2078,2021-06-04 11:11:52,2021-06-04 11:38:29,31.6,54.4,116.95487234405462,32.267080745341616,30.47826086956522
2079,2021-06-04 11:47:51,2021-06-04 12:14:01,62.4,84.4,119.20329419191916,34.88607594936709,33.0
2080,2021-06-04 12:14:22,2021-06-04 12:34:02,84.8,97.6,125.38521050347225,35.0,33.0
2081,2021-06-04 20:33:49,2021-06-04 21:01:59,60.4,84.0,119.44386764359697,32.89411764705882,30.75294117647059
2082,2021-06-04 21:02:20,2021-06-04 21:22:30,84.4,97.6,123.4248864688553,33.90163934426229,31.57377049180328
2083,2021-06-06 18:17:13,2021-06-06 19:55:05,6.4,96.4,121.03691975308641,38.736054421768706,37.00408163265306
2084,2021-06-07 19:14:05,2021-06-07 19:40:45,13.6,30.8,119.34836127260976,38.0,36.130434782608695
2085,2021-06-07 19:41:06,2021-06-07 20:12:46,31.2,51.2,119.70279152777776,39.026178010471206,37.575916230366495
2086,2021-06-07 20:13:07,2021-06-07 20:41:27,51.6,69.2,117.36586174242424,40.69005847953216,39.1578947368421
2087,2021-06-08 01:23:17,2021-06-08 01:48:07,29.2,54.0,117.62544948476703,38.513333333333335,35.66
2088,2021-06-08 01:48:28,2021-06-08 02:17:48,54.4,83.6,118.13214369292237,40.813559322033896,37.84180790960452
2089,2021-06-08 02:18:09,2021-06-08 02:37:19,84.0,97.6,124.00327022058832,41.474137931034484,38.422413793103445
2090,2021-06-08 18:42:46,2021-06-08 19:12:16,16.0,32.8,118.23244477513228,37.21910112359551,35.342696629213485
2091,2021-06-08 19:12:37,2021-06-08 19:42:37,33.2,50.4,117.43860239018093,38.49171270718232,36.59668508287293
2092,2021-06-08 19:42:58,2021-06-08 20:13:08,50.4,68.0,115.18864275568184,39.7967032967033,37.97802197802198
2093,2021-06-08 20:13:29,2021-06-08 20:41:09,68.0,84.0,116.1667170138889,40.0,38.0
2094,2021-06-08 20:41:30,2021-06-08 20:59:10,84.0,93.6,123.62852662037045,40.0,38.0
2095,2021-06-09 10:24:07,2021-06-09 10:52:27,4.4,22.4,121.08412407407407,38.19298245614035,36.228070175438596
2096,2021-06-09 10:52:48,2021-06-09 11:21:28,22.8,41.2,117.534728638285,38.1849710982659,36.39306358381503
2097,2021-06-09 11:21:49,2021-06-09 11:51:49,41.6,60.0,120.18494217995172,39.39779005524862,37.552486187845304
2098,2021-06-09 11:52:10,2021-06-09 12:22:00,60.0,77.6,119.7798491950758,40.0,38.0
2099,2021-06-09 12:22:21,2021-06-09 12:54:01,78.0,95.2,124.88615875322999,40.0,37.989528795811516
2100,2021-06-09 21:45:19,2021-06-09 22:16:39,27.6,58.8,116.99695966880344,39.05820105820106,37.05820105820106
2101,2021-06-10 02:03:36,2021-06-10 02:30:46,40.4,67.2,117.6078091314262,38.926829268292686,36.47560975609756
2102,2021-06-10 02:31:07,2021-06-10 02:59:57,67.6,94.0,119.48970465067336,40.64367816091954,38.08620689655172
2103,2021-06-10 14:12:05,2021-06-10 14:33:55,9.6,23.2,120.67506760620918,38.0,37.0
2104,2021-06-10 14:34:16,2021-06-10 15:03:10,23.6,42.0,118.06071458333336,38.645714285714284,37.42857142857143
2105,2021-06-10 15:04:59,2021-06-10 15:23:49,42.8,55.2,114.16445183691755,40.36842105263158,38.93859649122807
2106,2021-06-10 20:17:13,2021-06-10 20:46:13,21.2,39.6,119.0391139039855,39.15428571428571,37.21714285714286
2107,2021-06-10 20:46:34,2021-06-10 21:14:54,39.6,57.6,116.47145833333335,40.578947368421055,38.60818713450293
2108,2021-06-10 21:15:15,2021-06-10 21:50:05,58.0,78.8,118.67656744123936,41.98571428571429,39.976190476190474
2109,2021-06-10 21:50:26,2021-06-10 22:15:16,78.8,92.8,120.80954196428576,42.0,40.0
2110,2021-06-11 12:23:02,2021-06-11 12:50:22,40.4,67.6,116.69834201388892,35.878787878787875,34.04242424242424
2111,2021-06-11 12:50:43,2021-06-11 13:08:13,68.0,84.8,120.94661127645506,38.0,36.15094339622642
2112,2021-06-11 18:14:08,2021-06-11 18:42:48,36.4,50.8,116.14004764660496,36.971098265895954,34.52023121387283
2113,2021-06-11 18:43:09,2021-06-11 19:15:09,50.8,66.8,116.6909746527778,38.362694300518136,35.84455958549223
2114,2021-06-11 19:15:30,2021-06-11 19:46:50,67.2,82.4,120.26041785453216,39.0,36.0
2115,2021-06-11 19:47:11,2021-06-11 20:12:21,82.8,94.8,121.88310324074074,39.0,36.473684210526315
2116,2021-06-12 16:40:21,2021-06-12 17:11:01,50.4,80.8,117.33006779970762,36.49189189189189,35.075675675675676
2117,2021-06-12 23:51:06,2021-06-13 00:15:36,32.0,56.4,117.2979415983607,36.5472972972973,33.6554054054054
2118,2021-06-13 00:15:57,2021-06-13 00:43:47,56.8,84.4,117.77829232085344,38.833333333333336,36.06547619047619
2119,2021-06-13 00:44:08,2021-06-13 01:01:38,84.4,97.6,121.58460858585869,39.72641509433962,37.0
2120,2021-06-14 08:10:34,2021-06-14 09:33:14,20.4,97.6,118.94258064191139,33.6231884057971,32.552334943639295
2121,2021-06-14 16:55:19,2021-06-14 17:23:39,31.6,59.6,118.20636061507936,34.45029239766082,32.228070175438596
2122,2021-06-14 17:24:00,2021-06-14 17:52:00,60.0,87.6,118.41133881843804,36.875739644970416,34.73372781065089
2123,2021-06-15 00:43:09,2021-06-15 01:09:09,63.6,71.6,122.96359635416678,34.0,31.019108280254777
2124,2021-06-15 01:09:30,2021-06-15 01:38:50,72.0,81.2,120.62807246376805,33.112994350282484,31.096045197740114
2125,2021-06-15 01:39:11,2021-06-15 02:07:41,81.2,90.4,117.20113858695649,33.0,31.662790697674417
2126,2021-06-15 02:08:02,2021-06-15 02:31:42,90.4,97.6,123.47421585648164,33.0,31.993006993006993
2127,2021-06-15 15:11:19,2021-06-15 15:37:59,35.6,52.8,117.56219840116285,37.7639751552795,35.93788819875776
2128,2021-06-15 15:38:20,2021-06-15 16:05:40,53.2,70.4,116.42767393410853,39.624242424242425,37.81818181818182
2129,2021-06-16 06:33:36,2021-06-16 07:22:58,45.2,93.2,118.49543384837963,34.86522911051213,33.525606469002696
2130,2021-06-16 18:51:21,2021-06-16 19:23:01,15.6,42.4,120.03886686359868,36.638743455497384,35.2565445026178
2131,2021-06-16 19:23:22,2021-06-16 19:53:42,42.8,69.2,116.81555150462961,39.459016393442624,37.68852459016394
2132,2021-06-16 19:54:03,2021-06-16 20:23:23,69.6,94.0,120.31820377959923,41.0,39.0
2133,2021-06-17 04:40:36,2021-06-17 17:42:06,22.0,84.8,117.56352168922506,34.22925913280983,31.658245134858312
2134,2021-06-19 21:10:50,2021-06-19 21:27:31,84.4,97.2,121.11372944878478,28.634920634920636,26.96031746031746
2135,2021-06-23 12:37:25,2021-06-23 13:44:13,23.6,80.0,116.20016917257684,30.894422310756973,29.53386454183267
2136,2021-06-23 20:50:37,2021-06-23 21:47:03,46.0,97.6,120.27631082579676,30.891509433962263,28.349056603773583
2137,2021-06-24 18:43:56,2021-06-24 19:07:56,40.8,64.4,118.67702760122407,31.77241379310345,29.875862068965517
2138,2021-06-24 19:08:17,2021-06-24 19:33:05,64.8,89.2,118.52789513888887,33.98,32.28
2139,2021-06-25 00:23:28,2021-06-25 00:54:08,51.6,81.6,119.42269791666669,34.50810810810811,31.745945945945945
2140,2021-06-25 00:54:29,2021-06-25 01:14:15,82.0,97.6,121.68573222934478,35.983333333333334,33.0
2141,2021-06-26 00:58:57,2021-06-26 01:19:27,25.2,42.4,119.6277500807494,31.362903225806452,29.911290322580644
2142,2021-06-26 01:19:48,2021-06-26 01:42:38,42.8,62.4,117.00326410147393,33.55797101449275,32.15942028985507
2143,2021-06-26 01:42:59,2021-06-26 02:06:19,62.8,82.8,117.11042506944445,35.38297872340426,33.93617021276596
2144,2021-06-26 02:06:40,2021-06-26 02:26:10,83.2,97.6,122.59646170910499,36.0,34.567796610169495
2145,2021-06-27 00:08:48,2021-06-27 01:42:12,17.2,95.6,117.98064311755954,35.339514978602,34.081312410841655
2146,2021-06-27 15:33:57,2021-06-27 16:01:17,42.4,44.8,121.56258715277784,34.0,32.0
2147,2021-06-27 16:01:38,2021-06-27 16:30:08,44.8,47.6,105.51609384920617,34.0,32.0
2148,2021-06-27 16:30:29,2021-06-27 16:59:39,47.6,50.0,123.26399305555562,34.0,32.0
2149,2021-06-27 17:00:00,2021-06-27 17:31:40,50.0,53.2,97.27867005208324,34.0,32.0
2150,2021-06-27 17:32:01,2021-06-27 18:01:51,53.2,55.6,119.41571064814822,34.0,32.0
2151,2021-06-27 18:02:12,2021-06-27 18:28:52,55.6,58.0,102.35535428240748,34.0,32.0
2152,2021-06-27 18:29:13,2021-06-27 18:59:53,58.0,60.0,133.97932,34.0,32.0
2153,2021-06-27 19:00:14,2021-06-27 19:32:54,60.0,62.4,112.99187557870374,34.0,32.0
2154,2021-06-27 19:33:15,2021-06-27 20:05:15,62.4,64.8,107.2051319444445,33.870466321243526,32.0
2155,2021-06-27 20:05:36,2021-06-27 20:31:36,64.8,66.4,126.53673802083267,33.0,32.0
2156,2021-06-27 20:31:57,2021-06-27 21:02:27,66.4,68.4,117.85436263888889,33.0,32.0
2157,2021-06-27 21:02:48,2021-06-27 21:30:08,68.8,70.4,123.00348524305491,33.0,31.381818181818183
2158,2021-06-27 21:30:29,2021-06-27 21:58:39,70.4,71.6,135.91442335648279,33.0,31.0
2159,2021-06-27 21:59:00,2021-06-27 22:28:30,71.6,73.2,93.04701776041617,33.0,31.0
2160,2021-06-27 22:28:51,2021-06-27 23:01:51,73.2,74.4,133.78492291666632,32.1356783919598,31.0
2161,2021-06-27 23:02:12,2021-06-27 23:31:32,74.4,75.6,118.27571921296409,32.0,31.0
2162,2021-06-27 23:31:53,2021-06-27 23:58:33,75.6,76.4,147.37872121527568,32.0,31.0
2163,2021-06-27 23:58:54,2021-06-28 00:27:04,76.4,77.6,107.10664398148246,32.0,31.0
2164,2021-06-28 00:27:25,2021-06-28 00:56:35,77.6,78.4,151.82299479166448,32.0,31.0
2165,2021-06-28 00:56:56,2021-06-28 01:26:26,78.4,79.6,95.62508819444535,32.0,30.915730337078653
2166,2021-06-28 01:26:47,2021-06-28 01:55:57,79.6,80.4,131.3195424652759,31.59659090909091,30.164772727272727
2167,2021-06-28 01:56:18,2021-06-28 02:23:38,80.4,81.2,122.7257038194449,31.0,30.0
2168,2021-06-28 02:23:59,2021-06-28 02:51:09,81.2,82.0,125.38198819444489,31.0,30.0
2169,2021-06-28 02:51:30,2021-06-28 03:20:50,82.0,82.8,139.77442114583383,31.0,30.0
2170,2021-06-28 03:21:11,2021-06-28 03:51:01,82.8,83.6,127.23979583333377,31.0,30.0
2171,2021-06-28 03:51:22,2021-06-28 04:20:02,83.6,84.4,113.36824822916505,31.0,30.0
2172,2021-06-28 04:20:23,2021-06-28 04:49:33,84.4,84.8,209.02835090278225,31.0,30.0
2173,2021-06-28 04:49:54,2021-06-28 05:22:14,85.2,85.6,227.2574134027826,31.0,29.98974358974359
2174,2021-06-28 05:22:35,2021-06-28 05:54:55,85.6,86.4,117.91683552083165,30.369230769230768,29.256410256410255
2175,2021-06-28 05:55:16,2021-06-28 06:31:16,86.4,87.2,133.68078493055603,30.0,29.0
2176,2021-06-28 06:31:37,2021-06-28 07:01:27,87.2,88.0,107.06608888888928,30.0,29.0
2177,2021-06-28 07:01:48,2021-06-28 07:27:48,88.0,88.4,174.0279486805531,30.0,29.0
2178,2021-06-28 07:28:09,2021-06-28 07:54:29,88.4,88.8,161.076595555559,30.0,29.0
2179,2021-06-28 07:54:50,2021-06-28 08:26:20,88.8,89.6,116.64949736111154,30.0,29.0
2180,2021-06-28 08:26:41,2021-06-28 08:58:41,89.6,90.4,113.92383194444284,30.0,29.0
2181,2021-06-28 08:59:02,2021-06-28 09:30:32,90.4,90.8,217.9863673611158,30.0,29.0
2182,2021-06-28 09:30:53,2021-06-28 10:00:03,90.8,91.2,167.43073680555318,30.0,29.0
2183,2021-06-28 10:00:24,2021-06-28 10:27:24,91.2,92.0,78.36810149305583,30.0,29.0
2184,2021-06-28 22:19:30,2021-06-28 22:37:30,32.0,43.6,118.8901072796935,32.53211009174312,31.03669724770642
2185,2021-06-28 22:37:51,2021-06-28 22:55:31,43.6,55.2,115.0443111829502,33.8411214953271,32.47663551401869
2186,2021-06-28 22:55:52,2021-06-28 23:13:32,55.6,67.2,112.21863888888886,35.12149532710281,33.7196261682243
2187,2021-06-28 23:13:53,2021-06-28 23:32:53,67.2,78.8,117.30843702107285,36.0,34.0
2188,2021-06-28 23:33:14,2021-06-28 23:51:54,79.2,90.0,120.59029693930043,36.0,34.68141592920354
2189,2021-06-29 17:22:26,2021-06-29 17:40:46,27.6,43.2,118.03600053418806,34.54054054054054,33.4954954954955
2190,2021-06-29 17:41:07,2021-06-29 18:02:07,43.6,62.0,114.6490364583334,36.58267716535433,35.196850393700785
2191,2021-06-29 18:02:28,2021-06-29 18:22:48,62.4,80.0,116.04090932765155,38.1219512195122,36.84552845528455
2192,2021-06-29 18:23:09,2021-06-29 18:45:39,80.0,97.6,119.8145793087122,39.0,37.0
2193,2021-06-30 07:53:54,2021-06-30 08:40:50,54.8,97.6,120.26194858774663,33.892351274787536,32.711048158640224
2194,2021-06-30 15:10:17,2021-06-30 15:33:07,46.4,61.6,116.96822679093569,38.51449275362319,36.84057971014493
2195,2021-06-30 19:23:22,2021-06-30 19:46:12,34.4,49.2,117.15092595720719,37.289855072463766,34.992753623188406
2196,2021-06-30 20:13:34,2021-06-30 20:40:14,62.4,78.4,119.31338272569438,39.0,37.0
2197,2021-06-30 20:40:35,2021-06-30 21:07:15,78.8,94.0,121.10838852339178,39.0,37.0
2198,2021-07-01 10:57:34,2021-07-01 11:25:24,37.2,55.2,117.57717237654323,35.589285714285715,33.976190476190474
2199,2021-07-01 11:25:45,2021-07-01 11:58:05,55.6,75.6,118.23613250000005,37.41025641025641,35.635897435897434
2200,2021-07-01 11:58:26,2021-07-01 12:27:36,76.0,92.8,121.56251529431223,38.0,36.0
2201,2021-07-01 22:24:25,2021-07-01 23:54:42,11.6,95.6,118.27335410449736,42.97938144329897,40.597938144329895
2202,2021-07-02 07:41:06,2021-07-02 08:10:06,60.8,88.8,120.74255163690478,38.34285714285714,36.12571428571429
2203,2021-07-02 13:38:05,2021-07-02 14:10:05,68.0,95.2,118.78676051879084,38.2020725388601,36.84455958549223
2204,2021-07-02 23:26:42,2021-07-03 00:28:38,24.8,86.4,118.01439728309884,39.42795698924731,37.733333333333334
2205,2021-07-03 12:39:18,2021-07-03 13:02:28,30.0,53.2,117.80175407088124,39.17857142857143,37.22142857142857
2206,2021-07-03 13:02:49,2021-07-03 13:25:09,53.6,76.4,115.56654495614036,41.91111111111111,39.94074074074074
2207,2021-07-03 23:50:33,2021-07-04 00:08:33,26.4,44.0,119.41604245580808,38.45871559633027,36.36697247706422
2208,2021-07-04 09:05:33,2021-07-04 09:40:03,12.4,42.0,116.20592013888891,36.32692307692308,34.25961538461539
2209,2021-07-04 09:40:24,2021-07-04 10:11:54,42.0,68.4,119.0067478956229,39.10526315789474,36.98421052631579
2210,2021-07-04 10:12:15,2021-07-04 10:43:15,68.8,94.0,122.77776763668426,41.19251336898396,39.02139037433155
2211,2021-07-04 17:03:33,2021-07-04 17:32:54,20.8,30.8,122.29166666666667,41.0,39.0
2212,2021-07-04 17:33:15,2021-07-04 18:05:12,30.8,42.0,118.86160714285714,41.175257731958766,39.06701030927835
2213,2021-07-04 18:22:14,2021-07-04 18:43:14,48.0,55.6,115.13157894736841,42.0,40.0
2214,2021-07-04 18:43:35,2021-07-04 19:01:05,56.0,62.0,121.52777777777779,42.89622641509434,40.06603773584906
2215,2021-07-04 19:01:26,2021-07-04 19:18:46,62.4,68.4,120.37037037037024,43.0,40.59047619047619
2216,2021-07-04 19:19:07,2021-07-04 19:37:37,68.8,75.2,120.44270833333321,43.0,40.0
2217,2021-07-05 01:44:50,2021-07-05 02:51:43,34.4,97.6,119.14471592167723,40.25298804780876,37.68326693227092
2218,2021-07-05 12:29:49,2021-07-05 13:04:37,23.6,56.4,118.19174106199188,37.59315589353612,35.77946768060836
2219,2021-07-05 23:23:07,2021-07-05 23:50:47,25.2,48.8,118.78004984698687,38.29940119760479,36.616766467065865
2220,2021-07-05 23:51:08,2021-07-06 00:24:18,49.2,78.0,116.71685320216054,41.155,39.185
2221,2021-07-06 00:24:39,2021-07-06 00:49:09,78.4,97.6,122.25548755787044,42.04054054054054,40.0
2222,2021-07-06 06:19:43,2021-07-06 06:36:13,54.8,71.2,117.6067219681572,40.04,36.85
2223,2021-07-06 17:54:03,2021-07-06 18:11:23,76.8,94.0,117.13340875322996,40.56190476190476,38.91428571428571
2224,2021-07-07 02:08:09,2021-07-07 02:24:49,61.2,77.6,118.3646689532521,40.603960396039604,38.42574257425743
2225,2021-07-07 07:17:51,2021-07-07 07:35:51,17.6,32.8,116.84943676900588,39.0,36.0
2226,2021-07-07 08:08:54,2021-07-07 08:27:34,60.4,76.0,118.1232453703704,42.70796460176991,39.0
2227,2021-07-07 08:27:55,2021-07-07 08:44:35,76.4,90.0,121.0702957516341,43.0,39.05940594059406
2228,2021-07-07 16:06:16,2021-07-07 16:35:16,48.0,77.2,115.97841405060885,39.502857142857145,36.965714285714284
2229,2021-07-07 16:35:37,2021-07-07 16:52:47,77.6,94.0,121.05607130758808,41.0,38.0
2230,2021-07-07 21:07:40,2021-07-07 21:25:10,57.6,72.0,117.71799209104941,39.0,36.301886792452834
2231,2021-07-07 21:25:31,2021-07-07 21:42:21,72.4,85.6,119.5454652777779,39.0,37.0
2232,2021-07-07 21:42:42,2021-07-07 21:59:22,85.6,97.6,119.65164039351852,39.62376237623762,37.0
2233,2021-07-08 01:52:48,2021-07-08 02:25:31,71.6,97.6,119.89376429487177,37.41463414634146,34.96341463414634
2234,2021-07-08 13:57:54,2021-07-08 15:03:43,18.8,84.4,117.39267427803186,36.55668016194332,35.2914979757085
2235,2021-07-09 02:37:07,2021-07-09 02:53:47,74.0,87.2,117.83881860269356,40.0,38.0
2236,2021-07-09 18:23:43,2021-07-09 18:46:53,31.2,46.4,117.89018640350876,38.23571428571429,36.42857142857143
2237,2021-07-09 18:47:14,2021-07-09 19:07:24,46.8,60.0,115.98169665404039,39.28688524590164,37.540983606557376
2238,2021-07-09 19:07:45,2021-07-09 19:30:15,60.4,74.4,117.85518025793642,40.0,38.0
2239,2021-07-09 19:30:36,2021-07-09 19:51:26,74.4,86.8,119.26860909498218,40.0,38.0
2240,2021-07-10 09:18:22,2021-07-10 09:36:52,36.0,42.8,118.3456335784315,30.0,27.0
2241,2021-07-10 09:37:13,2021-07-10 09:55:03,42.8,49.2,121.21098394097218,30.84259259259259,27.87962962962963
2242,2021-07-10 09:55:24,2021-07-10 10:13:44,49.6,56.4,117.27945669934653,31.603603603603602,28.55855855855856
2243,2021-07-14 08:59:44,2021-07-14 09:21:54,53.2,66.8,119.7906582924837,33.298507462686565,31.58955223880597
2244,2021-07-14 09:22:15,2021-07-14 09:46:55,66.8,81.6,118.180386448949,34.0,32.0
2245,2021-07-14 09:47:16,2021-07-14 10:09:46,82.0,94.8,120.67059277343752,34.0,32.36029411764706
2246,2021-07-14 18:16:26,2021-07-14 18:34:06,30.0,41.6,117.5838271072797,41.0,39.0
2247,2021-07-14 18:46:55,2021-07-14 19:05:55,49.6,62.0,115.1523483422939,42.56521739130435,40.834782608695654
2248,2021-07-14 19:06:16,2021-07-14 19:25:56,62.4,74.8,115.49509285394267,43.0,41.94957983193277
2249,2021-07-14 19:26:17,2021-07-14 19:45:47,74.8,86.4,119.16787679597691,43.13559322033898,42.0
2250,2021-07-15 03:47:06,2021-07-15 04:08:26,24.0,44.8,119.19540137553419,39.29457364341085,36.96124031007752
2251,2021-07-15 04:08:47,2021-07-15 04:27:47,45.2,64.0,117.41727600472815,41.51304347826087,39.11304347826087
2252,2021-07-15 04:28:08,2021-07-15 04:48:48,64.4,84.8,117.75737704248372,43.28,40.848
2253,2021-07-15 21:04:13,2021-07-15 21:22:33,44.8,56.8,113.93520185185186,39.44144144144144,36.252252252252255
2254,2021-07-15 21:22:54,2021-07-15 21:53:14,56.8,75.2,118.68585892210145,40.67213114754098,37.612021857923494
2255,2021-07-15 21:53:35,2021-07-15 22:25:45,75.6,94.0,120.4551779136473,41.0,38.0
2256,2021-07-16 18:42:31,2021-07-16 19:00:31,10.8,26.0,117.99619873903515,40.0,38.0
2257,2021-07-16 19:00:52,2021-07-16 19:18:42,26.0,41.2,116.94173985745617,40.27777777777778,38.675925925925924
2258,2021-07-16 19:19:03,2021-07-16 19:37:43,41.6,57.2,119.25483787393163,41.663716814159294,40.02654867256637
2259,2021-07-16 19:38:04,2021-07-16 19:57:24,57.6,73.6,120.36548515625003,43.495726495726494,41.60683760683761
2260,2021-07-16 19:57:45,2021-07-16 20:16:35,74.0,89.2,123.49053837719298,44.0,42.0
2261,2021-07-17 22:03:22,2021-07-17 22:22:22,7.6,23.6,118.17363263888893,38.0,36.0
2262,2021-07-17 22:22:43,2021-07-17 22:41:43,23.6,40.0,115.30490040650409,38.31304347826087,36.3304347826087
2263,2021-07-17 22:42:04,2021-07-17 23:01:24,40.4,56.4,120.26564878472226,39.794871794871796,37.717948717948715
2264,2021-07-17 23:01:45,2021-07-17 23:25:25,56.8,76.4,120.18001232993191,41.67132867132867,39.51748251748252
2265,2021-07-17 23:25:46,2021-07-17 23:42:56,76.4,90.4,122.0843536706349,42.20192307692308,40.0
2266,2021-07-18 07:41:48,2021-07-18 07:58:38,54.8,69.2,117.1325366512345,37.5,34.6764705882353
2267,2021-07-18 08:15:30,2021-07-18 08:34:00,83.6,97.6,121.62501359126985,38.05357142857143,36.0
2268,2021-07-18 15:02:09,2021-07-18 15:21:08,26.8,45.6,118.0096900783097,41.678260869565214,39.54782608695652
2269,2021-07-18 23:52:50,2021-07-19 00:50:37,20.8,77.6,118.10787620794213,40.382488479262676,37.935483870967744
2270,2021-07-19 04:51:45,2021-07-19 06:15:04,18.0,97.6,118.41750536711335,40.9728,38.1392
2271,2021-07-19 14:49:27,2021-07-19 15:11:07,28.4,46.8,118.61562817028985,37.93129770992366,35.725190839694655
2272,2021-07-19 15:11:28,2021-07-19 15:31:48,47.2,64.8,116.3683587436869,39.926829268292686,37.78861788617886
2273,2021-07-19 15:32:09,2021-07-19 15:52:49,65.2,82.8,118.34042937184348,41.152,39.0
2274,2021-07-20 11:54:40,2021-07-20 12:12:40,21.2,36.8,116.00963942307696,33.211009174311926,32.06422018348624
2275,2021-07-20 12:13:01,2021-07-20 12:32:11,37.2,53.2,120.41496250000002,34.63793103448276,33.46551724137931
2276,2021-07-20 12:32:32,2021-07-20 12:49:22,53.6,68.0,117.509675925926,36.509803921568626,35.18627450980392
2277,2021-07-20 12:49:43,2021-07-20 13:06:33,68.4,82.8,117.48846084104949,37.490196078431374,36.0
2278,2021-07-20 21:17:51,2021-07-20 21:35:31,36.0,53.6,117.11016429924244,34.71028037383178,32.90654205607477
2279,2021-07-20 21:35:52,2021-07-20 21:54:12,54.0,72.4,116.26660854468598,37.11711711711712,35.31531531531532
2280,2021-07-21 03:27:30,2021-07-21 03:46:50,48.8,65.2,117.26204539295395,37.05128205128205,34.23076923076923
2281,2021-07-21 03:47:11,2021-07-21 04:07:11,65.6,82.4,118.4441335978835,38.0,35.429752066115704
2282,2021-07-21 14:30:28,2021-07-21 15:40:00,25.6,94.0,118.14210436362897,35.61494252873563,33.53639846743295
2283,2021-07-22 15:11:13,2021-07-22 16:08:28,19.6,76.4,117.62725813526995,38.24418604651163,36.35581395348837
2284,2021-07-22 19:57:42,2021-07-22 20:17:32,54.8,67.2,117.69603718637991,40.983333333333334,38.958333333333336
2285,2021-07-22 20:17:53,2021-07-22 20:38:43,67.6,80.0,119.77040154569885,41.0,39.0
2286,2021-07-23 07:52:09,2021-07-23 08:08:49,33.2,44.0,117.5926102109054,34.118811881188115,32.772277227722775
2287,2021-07-23 08:09:10,2021-07-23 08:33:00,44.0,59.6,114.4132963853276,35.49305555555556,33.826388888888886
2288,2021-07-23 08:33:21,2021-07-23 08:55:51,60.0,74.0,116.23017440476191,36.88970588235294,35.0
2289,2021-07-23 08:56:12,2021-07-23 09:17:32,74.0,86.8,116.86742241753475,37.0,35.18604651162791
2290,2021-07-23 09:17:53,2021-07-23 09:37:13,86.8,97.6,122.0974929269548,37.085470085470085,36.0
2291,2021-07-23 19:11:35,2021-07-23 19:36:05,11.2,35.6,118.24682912112931,43.17567567567568,41.37162162162162
2292,2021-07-23 19:36:26,2021-07-23 20:06:26,36.0,64.4,118.11523175860717,45.32596685082873,43.70165745856354
2293,2021-07-23 20:06:47,2021-07-23 20:29:27,64.8,85.6,119.97864316239315,47.1021897810219,45.87591240875913
2294,2021-07-24 17:35:35,2021-07-24 17:54:55,28.8,45.2,118.29185730013553,39.58974358974359,38.23076923076923
2295,2021-07-24 17:55:16,2021-07-24 18:11:56,45.6,60.0,116.1516421682099,41.48514851485149,40.07920792079208
2296,2021-07-24 18:27:58,2021-07-24 18:45:08,74.0,88.4,119.6566604938271,43.44230769230769,42.04807692307692
2297,2021-07-24 23:45:00,2021-07-25 00:01:30,61.6,75.2,122.26408854166664,42.0,39.95
2298,2021-07-25 00:01:51,2021-07-25 00:18:51,75.6,90.0,119.10590943287032,42.80582524271845,40.00970873786408
2299,2021-07-25 06:28:41,2021-07-25 07:22:44,47.6,97.6,119.58151759722226,39.935960591133004,37.63793103448276
2300,2021-07-25 18:31:19,2021-07-25 18:47:59,80.4,93.6,121.78241508838397,46.0,44.0
2301,2021-07-26 13:31:18,2021-07-26 14:45:15,20.4,93.6,117.84510334889195,40.73513513513514,39.39099099099099
2302,2021-07-26 23:23:22,2021-07-26 23:51:22,30.4,48.4,118.3727092592593,39.23668639053255,37.319526627218934
2303,2021-07-26 23:51:43,2021-07-27 00:22:13,48.4,68.0,115.04395564058957,40.90760869565217,38.983695652173914
2304,2021-07-27 00:22:34,2021-07-27 00:50:44,68.4,85.2,118.73430861441803,42.0,40.0
2305,2021-07-27 00:51:05,2021-07-27 01:13:15,85.2,97.6,122.28944287634418,42.0,40.0
2306,2021-07-27 14:48:53,2021-07-27 16:01:05,29.6,95.6,118.30041543560608,43.70479704797048,41.61808118081181
2307,2021-07-28 10:44:14,2021-07-28 11:39:02,50.4,93.6,120.51210036008231,37.800970873786405,36.74757281553398
2308,2021-07-28 20:14:45,2021-07-28 20:45:05,36.8,67.2,116.54606446454676,38.37158469945355,36.49726775956284
2309,2021-07-28 20:45:26,2021-07-28 21:03:06,67.6,84.8,120.18331920219639,40.626168224299064,38.822429906542055
2310,2021-07-29 12:35:44,2021-07-29 12:54:04,42.0,57.6,117.43766969373219,37.54054054054054,35.85585585585586
2311,2021-07-29 12:54:25,2021-07-29 13:12:45,57.6,73.2,117.45725854700852,39.42342342342342,37.72072072072072
2312,2021-07-29 13:13:06,2021-07-29 13:37:00,73.6,93.6,119.49583291666666,40.248275862068965,38.889655172413796
2313,2021-07-30 00:24:02,2021-07-30 00:41:12,41.6,56.0,119.26505150462965,32.83653846153846,31.125
2314,2021-07-30 00:41:33,2021-07-30 01:11:53,56.4,82.0,118.68274419487845,34.73770491803279,33.076502732240435
2315,2021-07-30 19:41:09,2021-07-30 19:57:39,32.8,48.8,120.52084765625001,36.6,34.89
2316,2021-07-31 00:40:21,2021-07-31 00:57:01,54.0,70.4,118.51371451558259,39.26732673267327,37.12871287128713
2317,2021-07-31 00:57:22,2021-07-31 01:15:02,70.8,88.0,119.83042619509041,40.00934579439252,38.0
2318,2021-07-31 15:26:49,2021-07-31 16:37:18,16.4,86.4,117.41990383928571,38.790170132325144,37.33648393194707
2319,2021-08-01 12:12:46,2021-08-01 12:33:26,10.0,23.6,119.92546813725494,38.0,36.0
2320,2021-08-01 12:33:47,2021-08-01 12:52:27,24.0,36.4,117.19311077508961,38.150442477876105,36.3716814159292
2321,2021-08-01 12:52:48,2021-08-01 13:11:28,36.4,48.8,116.35305107526884,39.3716814159292,37.65486725663717
2322,2021-08-01 13:11:49,2021-08-01 13:31:49,48.8,62.0,115.92594528619529,40.72727272727273,39.32231404958678
2323,2021-08-01 13:32:10,2021-08-01 13:50:50,62.0,73.6,118.9475818965518,42.0,40.52212389380531
2324,2021-08-01 18:31:38,2021-08-01 18:48:38,35.2,46.4,115.56177405753971,38.407766990291265,35.04854368932039
2325,2021-08-01 18:48:59,2021-08-01 19:07:29,46.4,58.4,115.56599178240741,39.339285714285715,36.17857142857143
2326,2021-08-01 19:07:50,2021-08-01 19:25:40,58.8,69.6,120.54142515432102,40.0,37.0
2327,2021-08-01 19:26:01,2021-08-01 19:46:21,70.0,82.0,120.21877025462963,40.00813008130081,37.0
2328,2021-08-01 19:46:42,2021-08-01 20:03:32,82.4,92.0,121.28763310185195,40.0,37.0
2329,2021-08-02 03:27:57,2021-08-02 03:44:57,52.0,66.4,115.86613638117282,35.33009708737864,32.53398058252427
2330,2021-08-02 03:45:18,2021-08-02 04:04:50,66.4,82.0,118.4401798433049,36.075630252100844,33.714285714285715
2331,2021-08-02 12:42:38,2021-08-02 13:03:58,59.2,80.0,118.92362286324787,35.68217054263566,34.36434108527132
2332,2021-08-02 13:04:19,2021-08-02 13:24:19,80.4,97.2,121.1136026785715,36.68595041322314,35.074380165289256
2333,2021-08-02 21:54:52,2021-08-02 22:15:22,23.2,36.4,118.80368550084175,36.36290322580645,33.96774193548387
2334,2021-08-02 22:15:43,2021-08-02 22:33:33,36.4,48.0,116.2093122605364,37.4537037037037,35.083333333333336
2335,2021-08-02 22:33:54,2021-08-02 22:52:14,48.0,60.0,113.51043576388886,38.5945945945946,36.234234234234236
2336,2021-08-03 10:23:32,2021-08-03 10:41:32,42.4,53.6,119.54613851686504,33.61467889908257,32.25688073394495
2337,2021-08-03 10:41:53,2021-08-03 11:00:13,54.0,65.2,118.89510143849206,34.891891891891895,33.57657657657658
2338,2021-08-03 11:00:34,2021-08-03 11:21:04,65.6,78.0,116.42250638440854,36.0,34.57258064516129
2339,2021-08-03 11:21:25,2021-08-03 11:42:35,78.0,90.0,120.79631134259262,36.0,35.0
2340,2021-08-03 19:37:42,2021-08-03 19:56:02,64.0,82.0,118.90278533950615,38.26126126126126,36.24324324324324
2341,2021-08-03 19:56:23,2021-08-03 20:14:53,82.4,97.6,121.20341438231009,39.0,37.0
2342,2021-08-04 11:07:44,2021-08-04 11:26:24,22.4,40.8,118.8224797705314,33.389380530973455,32.30088495575221
2343,2021-08-04 11:26:45,2021-08-04 11:44:35,41.2,59.2,115.89585077160496,35.5462962962963,34.342592592592595
2344,2021-08-04 11:44:56,2021-08-04 12:02:36,59.6,77.6,114.81097530864201,37.570093457943926,36.45794392523364
2345,2021-08-04 12:02:57,2021-08-04 12:20:37,78.0,94.4,120.3260663109756,38.373831775700936,37.12149532710281
2346,2021-08-04 18:04:43,2021-08-04 18:23:33,28.0,46.4,119.65430351751208,40.56140350877193,38.54385964912281
2347,2021-08-04 18:23:54,2021-08-04 18:41:14,46.8,64.0,117.82705167958653,42.7047619047619,40.51428571428571
2348,2021-08-04 18:41:35,2021-08-04 19:01:45,64.4,84.4,117.12432291666666,44.09016393442623,41.97540983606557
2349,2021-08-04 19:02:06,2021-08-04 19:21:06,84.4,97.6,122.98928693181833,45.0,42.0
2350,2021-08-05 14:11:00,2021-08-05 14:30:10,55.2,67.2,117.42361956018522,35.6551724137931,34.258620689655174
2351,2021-08-05 14:30:31,2021-08-05 14:48:01,67.2,78.0,115.83849768518523,36.028301886792455,35.0
2352,2021-08-06 07:26:49,2021-08-06 07:58:29,55.2,82.0,117.5321507048093,32.12041884816754,31.277486910994764
2353,2021-08-06 07:58:50,2021-08-06 08:19:00,82.0,97.6,119.18448842592599,33.02459016393443,32.30327868852459
2354,2021-08-06 22:13:24,2021-08-06 23:15:56,22.0,84.4,116.93251523860395,34.96382978723404,33.16808510638298
2355,2021-08-07 12:38:39,2021-08-07 13:37:48,42.4,97.6,118.85490460698472,36.88963963963964,35.5
2356,2021-08-08 10:06:45,2021-08-08 11:42:34,39.2,97.6,118.08463452007231,33.57997218358832,32.24061196105702
2357,2021-08-08 20:31:43,2021-08-08 20:55:33,36.8,57.6,116.56651388888888,35.11805555555556,33.80555555555556
2358,2021-08-08 20:55:54,2021-08-08 21:20:54,57.6,79.6,115.6982484848485,37.4635761589404,36.05298013245033
2359,2021-08-08 21:21:15,2021-08-08 21:43:55,79.6,97.6,120.28088526234568,38.33576642335766,37.0
2360,2021-08-09 11:47:15,2021-08-09 12:12:05,36.4,54.0,118.04137452651516,34.92,33.233333333333334
2361,2021-08-09 12:12:26,2021-08-09 12:36:56,54.4,72.0,116.40074921085856,36.7027027027027,34.810810810810814
2362,2021-08-09 12:37:17,2021-08-09 13:02:17,72.0,89.6,118.83051609848489,37.3046357615894,35.0
2363,2021-08-09 23:10:44,2021-08-10 00:12:00,39.6,97.2,118.62705696614584,34.45217391304348,31.832608695652173
2364,2021-08-10 07:39:41,2021-08-10 08:36:57,44.4,97.6,119.62121922253553,34.448837209302326,30.893023255813954
2365,2021-08-10 17:58:48,2021-08-10 19:02:46,37.2,97.6,118.49204960080944,35.834368530020704,33.83643892339545
2366,2021-08-11 06:58:26,2021-08-11 07:33:06,71.6,97.6,120.2842029059829,30.938697318007662,29.482758620689655
2367,2021-08-11 21:12:19,2021-08-11 21:31:49,35.2,48.0,116.37262586805556,37.53389830508475,36.20338983050848
2368,2021-08-11 21:48:01,2021-08-11 22:06:01,58.0,68.8,122.86010866769547,39.72477064220183,38.38532110091743
2369,2021-08-11 22:06:22,2021-08-11 22:32:19,68.8,84.0,121.78273135964908,40.36942675159236,39.0
2370,2021-08-12 20:32:58,2021-08-12 22:05:20,41.2,97.6,118.15520762165093,35.97258297258297,34.31024531024531
2371,2021-08-13 02:31:14,2021-08-13 03:02:26,51.2,82.0,118.27417561327564,37.12765957446808,35.15744680851064
2372,2021-08-13 11:59:27,2021-08-13 12:15:57,25.2,36.0,117.41256854423871,35.99,34.03
2373,2021-08-13 12:16:18,2021-08-13 12:35:28,36.0,48.4,117.55266845878141,37.12068965517241,35.39655172413793
2374,2021-08-13 12:35:49,2021-08-13 12:53:09,48.8,60.0,115.71802244543647,38.46666666666667,36.714285714285715
2375,2021-08-13 12:53:30,2021-08-13 13:12:20,60.0,72.0,114.10418692129632,39.57017543859649,37.973684210526315
2376,2021-08-13 13:12:41,2021-08-13 13:33:01,72.4,84.4,119.78821168981482,40.0,38.447154471544714
2377,2021-08-13 17:11:14,2021-08-13 17:28:54,56.0,70.8,120.08352637012014,38.36448598130841,36.21495327102804
2378,2021-08-13 17:29:15,2021-08-13 18:01:15,70.8,96.8,119.31836549145298,39.0,37.0
2379,2021-08-14 23:36:39,2021-08-15 00:06:32,37.6,62.8,117.17914959215172,34.61538461538461,32.84615384615385
2380,2021-08-15 00:06:53,2021-08-15 00:29:23,62.8,81.6,118.38948891843977,36.74264705882353,34.919117647058826
2381,2021-08-15 00:29:44,2021-08-15 00:50:24,82.0,97.6,120.44068847934474,37.44,35.856
2382,2021-08-15 05:03:17,2021-08-15 05:23:07,75.2,94.4,119.14786653645835,35.94166666666667,34.0
2383,2021-08-15 17:19:02,2021-08-15 17:47:42,31.2,59.6,117.2442462832551,35.34104046242775,34.16184971098266
2384,2021-08-15 17:48:33,2021-08-15 18:17:03,60.4,88.4,118.2817671626984,38.44186046511628,37.27325581395349
2385,2021-08-16 13:58:23,2021-08-16 14:15:03,18.8,32.8,118.4335523809524,36.0,34.0
2386,2021-08-16 14:15:24,2021-08-16 14:32:54,32.8,47.6,117.69334215465463,36.83018867924528,34.95283018867924
2387,2021-08-16 14:33:15,2021-08-16 14:50:15,48.0,62.4,117.51738599537038,38.45631067961165,36.66019417475728
2388,2021-08-16 14:50:36,2021-08-16 15:08:06,62.8,77.6,117.75246968843847,39.75471698113208,38.0
2389,2021-08-16 15:08:27,2021-08-16 15:26:27,78.0,92.8,121.15994481981988,40.0,38.15596330275229
2390,2021-08-16 23:20:30,2021-08-16 23:41:20,49.2,69.6,119.04274795751637,37.88095238095238,35.53174603174603
2391,2021-08-17 11:19:47,2021-08-17 11:41:47,56.8,75.6,116.63863017139484,36.78195488721804,35.421052631578945
2392,2021-08-17 11:42:08,2021-08-17 12:03:38,75.6,93.6,119.05867808641976,37.853846153846156,36.0
2393,2021-08-17 23:17:42,2021-08-18 00:25:07,16.8,83.6,117.62205309797073,39.351778656126484,37.67193675889328
2394,2021-08-18 15:19:09,2021-08-18 15:38:19,22.0,40.8,120.36866038711587,37.66379310344828,35.56896551724138
2395,2021-08-18 15:38:40,2021-08-18 15:57:20,41.2,60.0,117.14615048758867,39.85840707964602,37.88495575221239
2396,2021-08-18 15:57:41,2021-08-18 16:15:21,60.4,78.0,118.36729190340911,41.794392523364486,39.76635514018692
2397,2021-08-18 22:31:38,2021-08-18 22:53:18,32.8,51.2,116.97087862318836,36.98473282442748,34.52671755725191
2398,2021-08-18 22:53:39,2021-08-18 23:18:39,51.2,72.8,114.89841615226342,39.00662251655629,36.496688741721854
2399,2021-08-18 23:19:00,2021-08-18 23:39:30,72.8,90.0,118.36161006136952,40.0,37.0
2400,2021-08-19 03:07:40,2021-08-19 03:29:10,49.6,68.0,116.57458137077295,40.41538461538462,37.06923076923077
2401,2021-08-19 03:29:31,2021-08-19 03:54:51,68.4,89.6,119.23807448899375,41.0,38.0
2402,2021-08-19 14:31:01,2021-08-19 16:04:05,10.8,95.6,119.2010494431342,44.44699140401146,42.439828080229226
2403,2021-08-20 00:29:09,2021-08-20 00:54:39,14.0,38.8,119.34813446460578,36.34415584415584,33.76623376623377
2404,2021-08-20 00:55:00,2021-08-20 01:23:20,39.2,67.2,117.49456051587306,38.801169590643276,36.19298245614035
2405,2021-08-20 01:23:41,2021-08-20 01:53:41,67.2,95.6,117.82278672730835,40.92265193370166,38.408839779005525
2406,2021-08-20 15:57:42,2021-08-20 16:16:42,13.6,25.6,122.79977870370367,38.0,37.0
2407,2021-08-20 16:17:03,2021-08-20 16:36:52,26.0,39.2,115.04779088804715,38.46666666666667,37.05833333333333
2408,2021-08-20 16:49:15,2021-08-20 17:09:05,46.8,59.6,116.00154134114584,40.30833333333333,38.9
2409,2021-08-22 09:37:21,2021-08-22 09:58:51,30.8,52.4,118.28706854423874,35.707692307692305,34.95384615384615
2410,2021-08-22 09:59:12,2021-08-22 10:18:52,52.4,72.4,116.88613388888889,38.36134453781513,37.46218487394958
2411,2021-08-22 10:19:13,2021-08-22 10:38:33,72.8,91.6,122.36553028959811,39.85470085470085,38.78632478632478
2412,2021-08-22 18:52:24,2021-08-22 20:05:48,31.6,97.6,118.38978031144785,43.814882032667875,42.19963702359347
2413,2021-08-23 02:53:03,2021-08-23 03:12:53,72.0,88.8,118.50118229166672,39.80833333333333,37.0
2414,2021-08-23 06:46:46,2021-08-23 07:04:16,76.0,90.8,118.51353256381385,37.0,35.0
2415,2021-08-23 18:18:42,2021-08-23 19:23:43,36.4,97.6,118.81463797884896,42.403688524590166,40.71516393442623
2416,2021-08-24 11:00:32,2021-08-24 11:21:52,68.0,80.8,119.7330927734375,36.0,35.0
2417,2021-08-24 11:22:13,2021-08-24 11:42:53,80.8,93.2,116.31162063172039,36.0,35.0
2418,2021-08-25 00:39:59,2021-08-25 01:00:19,15.2,28.8,117.51838776552286,38.08130081300813,36.00813008130081
2419,2021-08-25 01:00:40,2021-08-25 01:19:50,28.8,41.6,116.28039680989586,38.224137931034484,36.30172413793103
2420,2021-08-25 01:20:11,2021-08-25 01:42:11,41.6,56.0,117.01776736111114,39.29323308270677,37.285714285714285
2421,2021-08-25 01:42:32,2021-08-25 02:05:02,56.0,69.6,123.24653880718957,40.51470588235294,38.0
2422,2021-08-25 02:05:23,2021-08-25 02:30:43,70.0,84.8,122.96736458333338,41.0,38.0
2423,2021-08-25 02:31:04,2021-08-25 02:53:44,85.2,97.6,127.02062511200727,41.0,38.0
2424,2021-08-25 12:37:00,2021-08-25 13:17:25,56.8,94.8,120.11644088450294,39.49673202614379,37.98366013071895
2425,2021-08-25 23:52:49,2021-08-26 00:12:49,12.0,26.8,107.89979110360362,35.82644628099174,33.950413223140494
2426,2021-08-26 00:13:10,2021-08-26 00:33:20,27.2,40.4,120.2241146885522,35.74590163934426,33.92622950819672
2427,2021-08-26 07:25:28,2021-08-26 07:47:08,24.4,42.4,120.66437114197532,34.55725190839695,32.70992366412214
2428,2021-08-26 07:47:29,2021-08-26 08:08:29,42.8,61.2,114.47465670289856,36.724409448818896,34.74803149606299
2429,2021-08-26 08:08:50,2021-08-26 08:33:10,61.2,82.4,115.19787382075471,38.63265306122449,36.61224489795919
2430,2021-08-26 08:33:31,2021-08-26 08:52:41,82.4,97.2,121.02667023273277,39.0,37.0
2431,2021-08-26 20:01:10,2021-08-26 20:17:50,21.2,37.6,118.46798907520323,39.16831683168317,37.31683168316832
2432,2021-08-27 01:00:18,2021-08-27 01:30:28,42.0,67.6,117.4642264539931,41.10989010989011,38.285714285714285
2433,2021-08-27 01:30:49,2021-08-27 02:03:09,68.0,95.2,118.51054815155231,42.87692307692308,40.0
2434,2021-08-27 13:58:54,2021-08-27 14:29:24,14.8,40.0,118.63152430555554,38.67567567567568,37.15675675675676
2435,2021-08-27 14:29:45,2021-08-27 14:58:15,40.4,64.4,116.37559716435182,40.52906976744186,39.116279069767444
2436,2021-08-27 14:58:36,2021-08-27 15:27:56,64.4,88.8,117.48977407786892,42.31073446327684,40.954802259887
2437,2021-08-27 22:18:28,2021-08-27 22:37:08,62.0,80.4,118.45336080917872,37.769911504424776,35.65486725663717
2438,2021-08-27 22:37:29,2021-08-27 22:56:29,80.8,97.2,118.58486957994575,38.06086956521739,36.0
2439,2021-08-28 06:00:05,2021-08-28 06:19:25,34.8,54.0,117.39944364872686,35.14529914529915,32.68376068376068
2440,2021-08-28 06:19:46,2021-08-28 06:37:56,54.4,72.8,115.06792587560386,37.472727272727276,34.90909090909091
2441,2021-08-29 02:22:47,2021-08-29 02:52:27,28.0,57.6,117.03219871433932,36.59217877094972,34.95530726256983
2442,2021-08-29 02:52:48,2021-08-29 03:22:18,58.0,87.2,118.12739507229833,39.97191011235955,38.21348314606742
2443,2021-08-29 08:52:27,2021-08-29 09:09:27,52.0,66.8,116.36452458708717,37.47572815533981,34.970873786407765
2444,2021-08-29 09:09:48,2021-08-29 09:26:58,66.8,81.6,117.60606165540545,38.57692307692308,36.0
2445,2021-08-29 09:27:19,2021-08-29 09:45:29,82.0,96.4,122.00230536265425,39.0,36.77272727272727
2446,2021-08-30 07:38:03,2021-08-30 08:49:49,36.4,63.6,114.74330255310457,30.808550185873607,29.79553903345725
2447,2021-08-30 09:25:46,2021-08-30 10:44:30,66.4,97.6,108.53675722934474,32.10321489001692,31.0
2448,2021-08-30 19:17:43,2021-08-30 19:37:43,67.2,87.2,117.00210340277776,39.611570247933884,37.950413223140494
2449,2021-08-31 05:10:43,2021-08-31 06:04:19,48.0,97.6,119.1764996387769,36.93300248138958,34.94789081885856
2450,2021-08-31 15:02:50,2021-08-31 15:21:00,49.6,68.0,115.1147270531401,36.445454545454545,34.945454545454545
2451,2021-08-31 15:21:21,2021-08-31 15:38:51,68.4,85.6,118.61998603036183,38.0,36.490566037735846
2452,2021-09-01 10:15:23,2021-09-01 10:34:43,26.8,39.2,118.54727396953406,32.47008547008547,31.427350427350426
2453,2021-09-01 10:35:04,2021-09-01 10:52:54,39.6,51.2,115.57112547892719,33.851851851851855,32.861111111111114
2454,2021-09-01 10:53:15,2021-09-01 11:12:55,51.2,64.0,113.02736100260422,35.42016806722689,34.45378151260504
2455,2021-09-01 11:13:16,2021-09-01 11:30:36,64.4,75.2,114.66049974279842,36.0,35.095238095238095
2456,2021-09-01 18:05:46,2021-09-01 18:25:56,32.0,49.2,118.14842837532298,36.540983606557376,34.76229508196721
2457,2021-09-01 18:26:17,2021-09-01 18:46:27,49.2,66.4,114.9693275193798,38.50819672131148,36.795081967213115
2458,2021-09-01 18:46:48,2021-09-01 19:06:48,66.8,82.8,117.8663340277778,39.62809917355372,38.0
2459,2021-09-01 19:07:09,2021-09-01 19:27:19,83.2,97.6,121.86729928626552,40.0,38.0
2460,2021-09-02 01:02:41,2021-09-02 01:19:11,36.0,52.4,117.46613279132791,36.85,34.47
2461,2021-09-02 01:39:13,2021-09-02 01:55:43,70.8,86.8,120.42188411458332,39.84,37.3
2462,2021-09-02 07:36:10,2021-09-02 08:05:30,57.6,82.0,118.94808970856101,37.66101694915254,34.48587570621469
2463,2021-09-02 08:05:51,2021-09-02 08:25:51,82.4,97.6,120.2403071089182,38.0,35.0
2464,2021-09-02 16:23:36,2021-09-02 17:27:09,20.8,84.0,117.45851991473279,42.0104821802935,39.928721174004195
2465,2021-09-07 10:09:05,2021-09-07 10:29:45,28.8,49.2,118.29453628812637,33.008,32.016
2466,2021-09-07 10:55:33,2021-09-07 11:14:03,75.2,93.2,119.35108688271605,37.642857142857146,36.589285714285715
2467,2021-09-07 19:59:27,2021-09-07 20:16:57,45.6,57.6,117.33103391203706,38.698113207547166,37.386792452830186
2468,2021-09-07 20:17:18,2021-09-07 20:38:38,58.0,72.4,118.56772222222216,39.798449612403104,38.52713178294574
2469,2021-09-07 20:38:59,2021-09-07 20:59:39,72.8,86.8,119.26688154761904,40.0,39.0
2470,2021-09-08 23:35:23,2021-09-09 00:30:47,22.8,78.0,116.83122953904991,39.50240384615385,37.54086538461539
2471,2021-09-09 10:26:48,2021-09-09 12:11:17,31.2,94.0,118.46805801043881,39.03057324840764,37.406369426751596
2472,2021-09-09 18:12:04,2021-09-09 18:30:04,44.8,62.8,117.0000179012346,43.07339449541284,41.055045871559635
2473,2021-09-10 13:23:05,2021-09-10 13:41:35,19.2,31.6,115.35060394265228,39.0,37.0
2474,2021-09-10 13:41:56,2021-09-10 14:00:46,31.6,43.6,119.9699340277778,39.35964912280702,37.76315789473684
2475,2021-09-10 14:01:07,2021-09-10 14:22:37,44.0,58.0,115.5754134920635,40.753846153846155,39.34615384615385
2476,2021-09-10 14:56:09,2021-09-10 15:12:41,66.0,76.0,118.59112161111109,42.0,40.48514851485149
2477,2021-09-10 15:13:02,2021-09-10 15:31:42,76.4,87.2,121.10341177983544,42.0353982300885,40.991150442477874
2478,2021-09-10 15:32:03,2021-09-10 15:50:06,87.6,97.6,123.34446527777776,43.0,41.0
2479,2021-09-11 02:05:18,2021-09-11 03:45:40,3.2,97.6,121.58196843220344,45.05046480743692,42.01726427622842
2480,2021-09-11 12:14:52,2021-09-11 13:10:14,43.2,97.6,118.52020972477537,41.847457627118644,40.23002421307506
2481,2021-09-11 20:20:18,2021-09-11 20:38:38,50.0,68.0,119.0895219907408,42.891891891891895,40.91891891891892
2482,2021-09-12 02:29:17,2021-09-12 02:48:07,47.2,63.2,116.78039244791667,41.333333333333336,38.45614035087719
2483,2021-09-12 02:48:28,2021-09-12 03:07:18,63.6,78.8,118.16429934210528,42.56140350877193,39.68421052631579
2484,2021-09-12 03:12:29,2021-09-12 03:30:39,82.8,96.0,123.07976567760939,43.0,40.0
2485,2021-09-12 08:30:37,2021-09-12 08:48:07,67.2,81.6,120.55170929783958,39.0,36.698113207547166
2486,2021-09-12 08:48:28,2021-09-12 09:08:38,82.0,97.6,120.75055537749293,39.122950819672134,37.0
2487,2021-09-12 16:04:37,2021-09-12 16:54:49,33.2,82.4,117.86862607836494,43.13793103448276,41.63925729442971
2488,2021-09-12 23:05:17,2021-09-13 00:05:38,22.4,81.2,116.77676668792516,43.31567328918322,40.96026490066225
2489,2021-09-13 13:03:17,2021-09-13 13:52:08,34.4,83.2,116.95108899704007,40.09264305177112,38.31880108991825
2490,2021-09-13 19:29:30,2021-09-13 20:47:11,26.4,97.6,117.72858137679466,43.269296740994854,41.96397941680961
2491,2021-09-14 07:34:03,2021-09-14 08:18:54,56.4,97.6,119.47218057241102,38.02373887240356,36.09495548961424
2492,2021-09-14 16:04:20,2021-09-14 16:20:50,42.4,56.4,116.99703601190474,38.39,36.91
2493,2021-09-14 16:21:11,2021-09-14 16:37:41,56.8,70.8,117.02580873015872,39.75,38.4
2494,2021-09-15 05:14:24,2021-09-15 05:41:14,51.2,74.0,117.54810958820666,38.77777777777778,36.41975308641975
2495,2021-09-15 05:41:35,2021-09-15 06:06:25,74.4,95.2,119.36965598290601,40.0,37.72
2496,2021-09-15 18:01:02,2021-09-15 18:20:22,26.4,42.8,118.89397273035229,37.9059829059829,36.26495726495727
2497,2021-09-15 18:20:43,2021-09-15 18:38:13,43.2,58.4,116.09100877192986,39.471698113207545,37.716981132075475
2498,2021-09-15 18:38:34,2021-09-15 18:57:04,58.4,74.4,116.60764079861106,40.892857142857146,39.07142857142857
2499,2021-09-16 00:35:13,2021-09-16 01:25:01,33.6,82.8,118.09448896228547,40.94385026737968,38.518716577540104
2500,2021-09-16 05:50:56,2021-09-16 06:09:36,60.8,79.2,118.19442995169081,39.04424778761062,36.389380530973455
2501,2021-09-16 06:09:57,2021-09-16 06:29:17,79.6,96.4,121.86589541997344,40.0,37.0
2502,2021-09-16 12:03:53,2021-09-16 12:35:23,59.2,85.6,119.406048348064,38.54210526315789,36.73157894736842
2503,2021-09-16 22:24:38,2021-09-16 22:53:34,28.8,57.6,116.9711572820216,35.674285714285716,33.85142857142857
2504,2021-09-16 22:53:55,2021-09-16 23:14:05,58.0,78.0,117.49374854166668,38.57377049180328,36.704918032786885
2505,2021-09-17 03:28:35,2021-09-17 04:50:31,18.800001,97.6,117.49025583849735,40.564935064935064,38.29058441558441
2506,2021-09-17 06:27:39,2021-09-17 06:45:59,83.2,97.6,119.04130594135809,41.0,38.0
2507,2021-09-17 12:37:21,2021-09-17 12:56:41,40.8,57.6,115.41089914021165,39.572649572649574,37.82051282051282
2508,2021-09-17 12:57:02,2021-09-17 13:24:12,57.6,81.2,115.62267773069684,41.52439024390244,39.66463414634146
2509,2021-09-17 13:24:33,2021-09-17 13:45:33,81.2,97.6,119.70276820799464,42.0,40.031496062992126
2510,2021-09-17 22:23:58,2021-09-17 22:49:58,38.0,60.4,115.89655989583333,38.64968152866242,36.22929936305732
2511,2021-09-17 22:50:19,2021-09-17 23:19:59,60.4,85.6,117.64825071649032,40.62011173184357,37.98324022346369
2512,2021-09-18 05:33:23,2021-09-18 06:16:43,38.0,81.200005,117.0776643711551,38.27914110429448,35.782208588957054
2513,2021-09-18 11:54:22,2021-09-18 12:13:42,36.4,52.8,118.28084917005424,37.46153846153846,35.29059829059829
2514,2021-09-18 12:14:03,2021-09-18 12:32:23,53.2,68.8,118.04668536324795,39.13513513513514,37.009009009009006
2515,2021-09-18 12:32:44,2021-09-18 12:50:14,69.2,84.0,118.821359421922,40.0,38.0
2516,2021-09-18 12:50:35,2021-09-18 13:07:15,84.4,97.6,118.87523747895636,40.00990099009901,38.10891089108911
2517,2021-09-18 20:05:51,2021-09-18 20:37:31,27.2,58.8,116.54099112165967,41.675392670157066,39.72251308900523
2518,2021-09-18 20:37:52,2021-09-18 20:57:12,58.8,77.2,117.0305070199275,44.65811965811966,42.68376068376068
2519,2021-09-18 21:06:33,2021-09-18 21:25:13,84.4,97.6,118.75209532828292,45.08849557522124,43.0
2520,2021-09-24 23:40:58,2021-09-25 00:06:28,61.6,86.4,119.77541638664874,32.993506493506494,31.824675324675326
2521,2021-09-25 17:51:31,2021-09-25 18:32:06,32.4,73.2,115.64884670479303,37.045901639344265,35.334426229508196
2522,2021-09-26 11:19:40,2021-09-26 11:50:40,21.2,52.0,117.12348886183264,34.50267379679144,33.67914438502674
2523,2021-09-26 11:51:01,2021-09-26 12:18:41,52.4,80.4,115.03125808531746,38.275449101796404,37.34730538922156
2524,2021-09-26 12:19:02,2021-09-26 12:38:52,80.8,97.6,120.92343121693116,39.916666666666664,38.95
2525,2021-09-26 22:06:15,2021-09-26 22:23:15,28.4,45.2,117.54796660052911,38.0873786407767,36.16504854368932
2526,2021-09-26 22:39:57,2021-09-26 22:56:27,62.4,78.8,116.87840464092145,41.85,39.88
2527,2021-09-27 04:44:35,2021-09-27 05:10:45,18.0,40.4,116.96243905009919,39.265822784810126,35.4873417721519
2528,2021-09-27 05:11:06,2021-09-27 05:35:56,40.8,62.4,115.17555047582304,41.1,37.60666666666667
2529,2021-09-27 05:36:17,2021-09-27 06:00:07,62.4,83.2,114.74961104433758,42.854166666666664,39.15277777777778
2530,2021-09-27 06:00:28,2021-09-27 06:19:18,83.2,97.6,120.4610470679013,43.0,40.0
2531,2021-09-27 19:59:32,2021-09-27 20:28:17,42.0,70.4,115.960586228482,43.62285714285714,41.76571428571429
2532,2021-09-28 00:52:42,2021-09-28 01:28:20,61.2,95.2,118.21862295751635,42.75373134328358,39.43283582089552
2533,2021-09-28 16:47:57,2021-09-28 17:08:17,6.4,24.0,114.56755050505049,42.0,40.0
2534,2021-09-28 17:08:38,2021-09-28 17:37:28,24.0,48.8,115.27665591397849,42.52873563218391,40.68390804597701
2535,2021-09-28 17:37:49,2021-09-28 18:10:59,49.2,77.2,117.43848938492063,45.085,43.255
2536,2021-09-29 10:39:49,2021-09-29 11:08:19,19.2,44.0,115.40269494847672,33.348837209302324,31.459302325581394
2537,2021-09-29 11:08:40,2021-09-29 11:38:50,44.4,70.4,116.47385026709398,36.21978021978022,34.21978021978022
2538,2021-09-29 11:39:11,2021-09-29 12:08:21,70.8,95.2,118.78817235883423,38.35227272727273,36.35227272727273
2539,2021-09-29 20:51:11,2021-09-29 21:53:44,48.4,97.6,118.5506289346206,40.15106382978723,38.65106382978723
2540,2021-09-30 06:18:00,2021-09-30 07:45:04,7.2000003,94.8,115.9812296513817,40.14067278287462,37.45107033639144
2541,2021-09-30 13:03:05,2021-09-30 13:25:55,51.2,70.8,117.0450802862812,41.31159420289855,39.42028985507246
2542,2021-09-30 13:26:16,2021-09-30 13:48:46,71.2,90.4,117.79587319155091,42.25,40.463235294117645
2543,2021-10-01 04:30:19,2021-10-01 05:14:46,35.2,77.2,116.82798119708994,45.0748502994012,40.3562874251497
2544,2021-10-01 05:19:10,2021-10-01 05:46:01,77.2,97.6,119.51614547249466,46.16831683168317,41.96534653465346
2545,2021-10-01 15:16:48,2021-10-01 16:04:36,44.0,91.6,117.12949802170871,39.89693593314763,37.50139275766017
2546,2021-10-01 22:45:54,2021-10-01 23:03:34,50.0,68.0,114.64507345679013,36.96261682242991,34.242990654205606
2547,2021-10-02 09:43:12,2021-10-02 10:00:32,35.2,50.4,115.275052631579,36.333333333333336,34.36190476190476
2548,2021-10-02 10:32:15,2021-10-02 10:49:39,77.6,91.2,118.98693772467314,39.028301886792455,37.29245283018868
2549,2021-10-03 01:50:50,2021-10-03 02:11:10,17.6,37.6,118.40835048611112,37.91869918699187,36.016260162601625
2550,2021-10-03 02:11:31,2021-10-03 02:40:41,38.0,66.0,121.87452261904764,40.125,38.40340909090909
2551,2021-10-03 02:41:02,2021-10-03 03:13:42,66.4,96.8,122.61378271198835,43.121827411167516,41.21827411167513
2552,2021-10-03 08:08:23,2021-10-03 08:30:23,78.4,97.6,117.73004282407413,40.0,37.0
2553,2021-10-03 14:38:33,2021-10-03 14:55:43,58.0,75.2,116.87744823966409,38.88461538461539,37.59615384615385
2554,2021-10-03 21:36:02,2021-10-03 22:47:18,29.2,97.6,117.17680419712477,38.97757009345794,37.001869158878506
2555,2021-10-04 05:28:40,2021-10-04 05:46:50,33.6,49.2,116.9275565349003,34.527272727272724,32.14545454545455
2556,2021-10-04 05:47:11,2021-10-04 06:14:51,49.6,73.6,115.76276076388896,36.41317365269461,33.97005988023952
2557,2021-10-04 06:15:12,2021-10-04 06:43:52,74.0,97.2,119.00446551724137,37.421965317919074,35.0
2558,2021-10-04 14:55:18,2021-10-04 15:54:30,46.0,94.0,117.53844045833335,38.4561797752809,36.8561797752809
2559,2021-10-05 03:08:33,2021-10-05 04:36:23,25.6,97.6,116.7836931404321,38.53414264036419,36.03793626707132
2560,2021-10-05 21:57:03,2021-10-05 22:13:33,26.4,34.0,117.2587900219298,36.45,35.0
2561,2021-10-05 22:30:35,2021-10-05 22:47:05,42.0,49.6,117.06873793859647,37.77,36.09
2562,2021-10-05 23:19:38,2021-10-05 23:37:48,65.2,74.0,111.42836600378794,39.0,38.0
2563,2021-10-05 23:38:09,2021-10-05 23:54:39,74.0,81.6,116.90975420321648,39.0,38.0
2564,2021-10-06 07:48:34,2021-10-06 09:06:24,22.4,97.6,116.89449252548762,38.78082191780822,37.04623287671233
2565,2021-10-06 17:28:10,2021-10-06 17:45:20,2.0,16.4,120.48130844907408,44.38461538461539,42.46153846153846
2566,2021-10-06 17:45:41,2021-10-06 18:18:41,16.8,45.6,115.86711014660493,44.03517587939699,42.17085427135678
2567,2021-10-06 18:19:02,2021-10-06 18:48:12,46.0,70.8,118.93707157258066,45.6875,43.90909090909091
2568,2021-10-06 18:48:33,2021-10-06 19:05:33,71.2,85.2,122.83732261904761,47.0,45.0
2569,2021-10-07 02:43:22,2021-10-07 03:00:12,46.4,63.6,114.28537629198972,40.0,37.23529411764706
2570,2021-10-07 15:25:43,2021-10-07 16:32:59,10.0,76.4,117.17407759579987,41.86732673267327,40.28910891089109
2571,2021-10-07 23:44:06,2021-10-08 00:25:23,35.2,71.6,115.92691421703303,41.273092369477915,39.07630522088353
2572,2021-10-08 00:25:44,2021-10-08 00:47:34,72.0,90.8,118.83273005319148,43.11363636363637,41.0
2573,2021-10-08 05:06:25,2021-10-08 05:49:40,57.2,97.6,118.08667717615515,40.45846153846154,37.10769230769231
2574,2021-10-08 19:42:14,2021-10-08 19:58:54,20.8,35.2,117.18270592206792,31.603960396039604,29.26732673267327
2575,2021-10-09 04:19:34,2021-10-09 04:36:34,62.4,79.2,117.56532928240746,33.90291262135922,30.825242718446603
2576,2021-10-10 22:12:34,2021-10-10 22:31:44,37.6,57.2,115.92405257936507,32.991379310344826,31.370689655172413
2577,2021-10-10 22:32:05,2021-10-10 22:50:45,57.6,76.8,115.2582627314815,35.29203539823009,33.64601769911504
2578,2021-10-11 13:11:01,2021-10-11 13:32:31,19.6,38.0,116.82744361413042,32.96153846153846,31.46153846153846
2579,2021-10-11 13:32:52,2021-10-11 14:00:22,38.0,62.0,114.62500416666666,35.30722891566265,34.01807228915663
2580,2021-10-11 14:00:43,2021-10-11 14:33:13,62.4,90.0,117.83766943438,37.70918367346939,36.535714285714285
2581,2021-10-11 20:57:37,2021-10-11 21:24:47,56.8,80.4,118.07145344868168,35.573170731707314,33.16463414634146
2582,2021-10-11 21:25:08,2021-10-11 21:46:18,80.8,97.6,118.27546139219571,36.0,34.0
2583,2021-10-12 01:09:15,2021-10-12 01:38:35,57.2,92.4,117.38440029198233,40.163841807909606,36.74576271186441
2584,2021-10-12 16:24:30,2021-10-12 17:58:44,6.8,97.6,118.32580988589085,33.916548797736915,32.42857142857143
2585,2021-10-13 02:52:19,2021-10-13 04:15:28,37.6,87.2,115.2436047827061,30.80448717948718,28.701923076923077
2586,2021-10-13 11:56:03,2021-10-13 12:14:53,13.2,32.8,118.6968650793651,29.359649122807017,27.149122807017545
2587,2021-10-13 12:15:14,2021-10-13 12:34:04,33.2,53.2,116.1798670138889,31.24561403508772,29.05263157894737
2588,2021-10-13 16:10:15,2021-10-13 16:59:47,40.8,90.4,116.45122298667113,34.46774193548387,31.927419354838708
2589,2021-10-14 02:24:31,2021-10-14 02:42:31,67.2,85.2,117.16669043209879,34.211009174311926,32.42201834862385
2590,2021-10-14 14:18:02,2021-10-14 15:39:28,11.6,92.4,117.37191199119911,37.12602291325695,35.48117839607201
2591,2021-10-15 11:32:43,2021-10-15 11:49:33,38.4,55.6,114.35966779715763,29.284313725490197,28.686274509803923
2592,2021-10-15 11:49:54,2021-10-15 12:08:14,55.6,74.4,113.83127231087471,31.7027027027027,31.08108108108108
2593,2021-10-15 12:08:35,2021-10-15 12:26:35,74.4,92.4,116.71682847222225,33.1651376146789,32.440366972477065
2594,2021-10-16 08:33:07,2021-10-16 09:46:17,28.0,97.6,116.81875359794063,29.136612021857925,28.42622950819672
2595,2021-10-16 19:58:47,2021-10-16 20:52:03,42.0,94.4,116.69177173717131,32.7625,31.11
2596,2021-10-17 03:02:05,2021-10-17 03:20:51,54.4,73.2,116.66978365839242,30.535087719298247,28.035087719298247
2597,2021-10-17 12:46:09,2021-10-17 13:05:39,25.2,44.8,116.19048554421774,29.35593220338983,28.135593220338983
2598,2021-10-17 13:06:00,2021-10-17 13:25:40,45.2,65.2,114.80903486111114,32.02521008403362,30.80672268907563
2599,2021-10-17 23:05:33,2021-10-17 23:27:13,8.0,30.4,112.39833370535717,30.99236641221374,28.0
2600,2021-10-17 23:27:34,2021-10-17 23:49:14,30.8,52.4,116.58631397890949,31.885496183206108,29.610687022900763
2601,2021-10-17 23:49:35,2021-10-18 00:08:45,52.8,71.6,118.48849807919626,34.224137931034484,31.974137931034484
2602,2021-10-18 00:09:06,2021-10-18 00:30:56,71.6,92.8,119.71307507861637,35.84090909090909,33.34090909090909
2603,2021-10-18 06:22:17,2021-10-18 07:30:00,32.8,97.6,117.2451065895062,32.37377690802348,29.052837573385517
2604,2021-10-18 22:23:11,2021-10-18 22:40:41,48.0,66.0,113.74693024691362,33.301886792452834,31.537735849056602
2605,2021-10-18 22:41:02,2021-10-18 22:57:32,66.4,82.8,117.7083504403795,34.96,33.18
2606,2021-10-19 06:43:05,2021-10-19 08:16:04,41.600002,97.6,116.26080992945353,32.287142857142854,29.65714285714286
2607,2021-10-19 17:34:17,2021-10-19 18:08:07,20.8,50.0,115.74294796423136,35.81372549019608,34.19607843137255
2608,2021-10-19 18:08:28,2021-10-19 18:41:08,50.0,78.4,114.91489524647886,38.568527918781726,37.065989847715734
2609,2021-10-19 18:41:29,2021-10-19 19:06:09,78.4,97.6,119.42780107060192,39.95302013422819,38.0
2610,2021-10-20 15:42:08,2021-10-20 16:49:48,30.0,97.6,116.70927771408617,34.381889763779526,33.56692913385827
2611,2021-10-20 23:58:41,2021-10-21 00:19:51,60.4,73.6,116.82767055976437,34.484375,32.78125
2612,2021-10-21 00:20:12,2021-10-21 00:49:52,74.0,91.6,118.40752911931823,35.0,33.0
2613,2021-10-21 16:40:38,2021-10-21 17:01:08,66.0,83.6,116.32416398358592,26.967741935483872,25.483870967741936
2614,2021-10-21 17:01:29,2021-10-21 17:19:59,83.6,97.6,117.25593938492065,27.928571428571427,26.044642857142858
2615,2021-10-21 23:25:00,2021-10-21 23:46:40,68.0,89.6,117.280750771605,27.709923664122137,25.519083969465647
2616,2021-10-23 03:37:37,2021-10-23 04:43:18,28.4,84.4,114.48924775545632,29.40365111561866,26.843813387423936
2617,2021-10-23 14:18:30,2021-10-23 14:37:10,32.0,50.8,116.2559290780142,25.76991150442478,24.265486725663717
2618,2021-10-23 14:37:31,2021-10-23 14:54:01,51.2,68.4,112.33043863049095,28.27,26.89
2619,2021-10-23 14:54:22,2021-10-23 15:13:02,68.8,87.6,116.20716740543735,30.035398230088497,28.539823008849556
2620,2021-10-24 00:05:01,2021-10-24 00:23:11,42.0,58.0,113.02432951388887,26.70909090909091,24.445454545454545
2621,2021-10-24 06:17:08,2021-10-24 06:36:18,9.6,29.2,100.88507263321998,26.0,23.732758620689655
2622,2021-10-24 06:36:39,2021-10-24 06:54:09,29.2,44.8,113.8132219551282,26.79245283018868,24.59433962264151
2623,2021-10-24 06:54:30,2021-10-24 07:12:20,44.8,60.0,117.00293576388887,28.62037037037037,26.51851851851852
2624,2021-10-24 07:12:41,2021-10-24 07:33:11,60.4,76.8,120.42430149051495,30.588709677419356,28.5
2625,2021-10-24 07:33:32,2021-10-24 07:53:12,77.2,92.4,120.08773135964914,31.33613445378151,29.0
2626,2021-10-24 23:27:26,2021-10-24 23:47:16,32.8,50.0,115.86403270348835,28.608333333333334,27.383333333333333
2627,2021-10-24 23:47:37,2021-10-25 00:07:57,50.0,68.0,110.33720123456787,30.84552845528455,29.4390243902439
2628,2021-10-25 00:08:18,2021-10-25 00:27:28,68.0,83.6,115.48790438034193,32.0,30.370689655172413
2629,2021-10-25 03:59:33,2021-10-25 05:21:17,37.2,88.0,114.81125955818024,31.29641693811075,28.04885993485342
2630,2021-10-25 17:02:46,2021-10-25 18:12:04,18.4,78.4,114.51492045601852,30.755769230769232,29.392307692307693
2631,2021-10-25 22:54:03,2021-10-25 23:13:23,33.2,52.8,115.36212039399099,30.53846153846154,28.22222222222222
2632,2021-10-25 23:13:44,2021-10-25 23:32:04,53.2,72.0,114.00267582742323,32.85585585585586,30.54954954954955
2633,2021-10-26 20:54:23,2021-10-26 21:12:03,24.4,36.0,116.77204537835249,27.878504672897197,26.523364485981308
2634,2021-10-26 21:12:24,2021-10-26 21:30:04,36.4,48.0,115.51127107279689,29.121495327102803,27.85981308411215
2635,2021-10-26 21:30:25,2021-10-26 21:47:45,48.0,59.6,111.40925981800767,30.419047619047618,29.34285714285714
2636,2021-10-27 12:34:21,2021-10-27 12:52:31,24.0,42.0,118.30787916666665,29.754545454545454,28.263636363636362
2637,2021-10-27 12:52:52,2021-10-27 13:10:32,42.4,60.8,112.64567036533815,32.12149532710281,30.83177570093458
2638,2021-10-27 17:40:39,2021-10-27 18:09:29,28.0,53.2,114.97908906525576,35.229885057471265,33.4367816091954
2639,2021-10-27 18:09:50,2021-10-27 18:39:10,53.6,79.2,115.16061805555557,37.644067796610166,35.740112994350284
2640,2021-10-27 18:39:31,2021-10-27 19:02:21,79.6,97.6,120.73459367283952,38.391304347826086,36.86231884057971
2641,2021-10-28 03:24:43,2021-10-28 03:59:01,66.0,97.6,117.84134327531648,33.2906976744186,31.25968992248062
2642,2021-10-28 21:20:55,2021-10-28 21:39:15,49.6,61.6,113.768534375,32.234234234234236,30.62162162162162
2643,2021-10-28 21:39:36,2021-10-28 21:58:46,61.6,73.6,115.27200185185191,33.0,31.78448275862069
2644,2021-10-28 21:59:07,2021-10-28 22:19:17,74.0,86.0,117.85418541666665,33.33606557377049,32.0
2645,2021-10-28 23:53:32,2021-10-29 00:16:22,72.4,92.0,117.0202993905896,34.0,32.0
2646,2021-10-29 13:17:02,2021-10-29 13:46:12,28.8,58.8,114.2601875925926,32.70454545454545,31.02840909090909
2647,2021-10-29 13:46:33,2021-10-29 14:15:13,59.2,88.0,117.10601152584879,35.959537572254334,34.225433526011564
2648,2021-10-29 21:37:07,2021-10-29 22:13:12,51.6,83.2,114.62291477672292,36.50684931506849,34.1689497716895
2649,2021-10-30 02:59:32,2021-10-30 03:19:02,35.6,55.2,116.10261082766439,35.42372881355932,32.33898305084746
2650,2021-10-30 08:01:58,2021-10-30 08:18:58,50.0,64.8,112.8050044106607,33.0,29.184466019417474
2651,2021-10-30 08:19:19,2021-10-30 08:37:19,65.2,80.0,115.22054645270272,34.0,30.376146788990827
2652,2021-10-30 08:37:40,2021-10-30 08:56:10,80.4,94.8,117.74885667438278,34.38392857142857,31.0
2653,2021-10-30 15:39:12,2021-10-30 16:08:22,43.6,69.2,114.39618625217017,30.119318181818183,27.335227272727273
2654,2021-10-30 16:08:43,2021-10-30 16:25:53,69.6,84.4,116.5071636636636,31.875,29.0
2655,2021-10-31 00:41:27,2021-10-31 01:02:25,38.0,56.8,112.18853962765955,26.79527559055118,24.653543307086615
2656,2021-10-31 01:02:46,2021-10-31 01:29:46,57.2,81.2,113.18113616898147,29.042944785276074,26.938650306748468
2657,2021-10-31 01:30:07,2021-10-31 01:47:47,81.2,95.6,117.3630709876544,30.0,28.0
2658,2021-10-31 08:37:50,2021-10-31 11:03:13,39.2,50.4,114.19656216517862,27.203296703296704,25.573260073260073
2659,2021-10-31 11:10:25,2021-10-31 23:05:31,50.4,96.0,120.4419061428789,28.70883010432191,27.56203427719821
2660,2021-11-01 02:39:06,2021-11-01 02:56:16,81.6,95.6,118.60517460317462,28.26923076923077,26.634615384615383
2661,2021-11-01 08:11:10,2021-11-01 08:34:00,56.0,75.6,117.38734070294787,28.666666666666668,27.07246376811594
2662,2021-11-01 08:34:21,2021-11-01 08:54:41,76.0,93.6,116.4441397569445,30.0,28.4390243902439
2663,2021-11-02 06:15:26,2021-11-02 07:26:42,39.6,97.6,116.37505961446364,33.93457943925234,30.90467289719626
2664,2021-11-02 18:41:48,2021-11-02 19:10:18,43.6,68.4,113.02532560483868,31.709302325581394,30.25
2665,2021-11-02 19:10:39,2021-11-02 19:39:19,68.8,91.6,117.17350432504875,33.48554913294798,32.0
2666,2021-11-03 21:20:41,2021-11-03 21:39:11,24.4,40.8,114.70699271680218,30.25,29.142857142857142
2667,2021-11-03 21:39:32,2021-11-03 22:00:22,40.8,58.8,115.60186319444443,32.03174603174603,31.0
2668,2021-11-03 22:00:43,2021-11-03 22:20:23,59.2,75.6,115.54963761856376,33.8235294117647,32.81512605042017
2669,2021-11-05 14:49:20,2021-11-05 15:10:42,35.2,56.8,115.24511723251034,33.26086956521739,31.434782608695652
2670,2021-11-05 15:11:38,2021-11-05 15:34:03,56.0,78.4,116.59548908730157,36.094674556213015,34.35502958579882
2671,2021-11-05 21:28:47,2021-11-05 21:45:57,26.0,43.2,115.80266521317834,35.04807692307692,32.83653846153846
2672,2021-11-06 04:42:19,2021-11-06 05:51:49,30.4,97.6,116.06064406622028,37.54214559386973,34.06704980842912
2673,2021-11-06 11:02:44,2021-11-06 11:19:54,68.8,82.8,115.84028878968256,36.0,32.875
2674,2021-11-06 11:20:15,2021-11-06 11:38:35,83.2,96.8,118.79494536356215,36.0,33.0
2675,2021-11-06 19:09:52,2021-11-06 19:36:42,33.6,61.2,113.48229488727858,36.75925925925926,35.111111111111114
2676,2021-11-07 03:47:48,2021-11-07 04:14:48,23.6,47.2,115.57675547316384,33.61963190184049,30.920245398773005
2677,2021-11-07 04:15:09,2021-11-07 04:44:19,47.6,72.4,114.66679183467741,36.23863636363637,33.70454545454545
2678,2021-11-07 04:44:40,2021-11-07 05:09:30,72.8,92.4,117.42277281746026,37.693333333333335,35.0
2679,2021-11-07 12:03:55,2021-11-07 12:21:25,66.8,84.4,116.08428772095951,35.87735849056604,33.68867924528302
2680,2021-11-08 01:16:37,2021-11-08 01:49:34,49.2,82.4,116.03657878597727,30.306451612903224,26.379032258064516
2681,2021-11-08 10:41:23,2021-11-08 11:03:43,71.6,89.2,116.83476783459592,22.103703703703705,19.814814814814813
2682,2021-11-08 23:03:11,2021-11-08 23:20:31,20.0,34.8,117.27478969594598,23.571428571428573,22.0
2683,2021-11-08 23:20:52,2021-11-08 23:39:42,35.2,51.6,115.011026846206,25.228070175438596,23.614035087719298
2684,2021-11-09 13:38:44,2021-11-09 13:56:04,56.8,71.6,115.80426097972976,24.485714285714284,23.438095238095237
2685,2021-11-09 13:56:25,2021-11-09 14:14:35,71.6,87.2,115.09083760683755,25.71818181818182,24.69090909090909
2686,2021-11-10 00:36:45,2021-11-10 01:06:25,26.0,52.0,115.27778808760682,24.45810055865922,22.536312849162012
2687,2021-11-10 01:06:46,2021-11-10 01:35:26,52.4,76.8,113.53940095628417,27.722543352601157,25.965317919075144
2688,2021-11-10 14:24:18,2021-11-10 14:44:40,44.0,64.8,114.3768796340812,28.741935483870968,27.68548387096774
2689,2021-11-10 14:45:01,2021-11-10 15:05:31,65.2,86.0,115.12621100427351,30.95967741935484,29.927419354838708
2690,2021-11-10 22:19:36,2021-11-10 22:38:06,39.2,55.2,115.1458625,27.455357142857142,25.357142857142858
2691,2021-11-10 22:38:27,2021-11-10 22:55:37,55.2,70.4,112.48175475146198,29.403846153846153,27.317307692307693
2692,2021-11-10 22:55:58,2021-11-10 23:13:28,70.4,85.6,114.73322404970772,30.27358490566038,28.22641509433962
2693,2021-11-11 03:16:49,2021-11-11 03:50:11,72.0,97.6,117.327760655382,28.661354581673308,25.605577689243027
2694,2021-11-11 13:14:48,2021-11-11 13:35:58,42.8,64.4,114.68623418209876,27.8984375,26.8515625
2695,2021-11-11 13:36:19,2021-11-11 13:59:19,64.4,87.6,116.17818342911886,30.546762589928058,29.510791366906474
2696,2021-11-11 18:20:20,2021-11-11 18:37:30,76.8,93.6,117.4123854166667,31.01923076923077,29.326923076923077
2697,2021-11-12 05:57:18,2021-11-12 08:04:30,22.8,97.6,115.54565628342246,27.9958071278826,26.31970649895178
2698,2021-11-13 12:36:04,2021-11-13 12:53:49,34.0,51.6,117.17875954071972,27.046296296296298,25.98148148148148
2699,2021-11-13 12:54:10,2021-11-13 13:17:00,52.0,75.2,114.35226951628353,29.89855072463768,28.89855072463768
2700,2021-11-13 19:52:31,2021-11-13 20:17:53,45.6,67.2,116.12301780478393,30.23560209424084,28.586387434554975
2701,2021-11-13 20:21:13,2021-11-13 20:49:01,67.6,89.6,118.58088468434345,31.904761904761905,30.28095238095238
2702,2021-11-14 21:30:32,2021-11-14 22:47:50,22.8,97.6,115.70137604538031,31.412068965517243,30.49137931034483
2703,2021-11-15 04:55:33,2021-11-15 05:14:23,79.6,96.4,116.17395271164013,30.728070175438596,28.087719298245613
2704,2021-11-15 16:28:00,2021-11-15 16:46:50,15.2,34.0,117.23553959810877,29.289473684210527,28.087719298245613
2705,2021-11-15 16:47:11,2021-11-15 17:10:41,34.4,58.4,114.57640659722223,31.485915492957748,30.197183098591548
2706,2021-11-15 17:11:02,2021-11-15 17:32:42,58.8,80.8,115.25191281565658,34.31297709923664,32.74809160305343
