cycle_num,time_s,time_e,SOC_s,SOC_e,charge_capacity,Tmax,Tmin
1,2019-07-26 01:07:17,2019-07-26 02:26:06,15.6,67.2,132.6230336401809,38.505902192242836,36.61045531197302
2,2019-07-26 22:12:17,2019-07-26 23:27:08,12.4,81.2,134.87156106266153,39.288256227758005,38.27580071174377
3,2019-07-27 09:08:28,2019-07-27 10:45:52,28.0,99.6,135.53696814090625,39.4172366621067,37.93844049247606
4,2019-07-28 23:59:55,2019-07-29 01:45:11,18.4,99.6,134.35630812807887,40.8746835443038,39.164556962025316
5,2019-07-29 20:31:53,2019-07-29 21:30:11,27.6,66.0,132.0208226128472,35.12785388127854,32.60045662100457
6,2019-07-30 03:27:11,2019-07-30 05:10:43,24.8,99.6,133.27408092134584,37.14157014157014,34.86486486486486
7,2019-07-30 16:07:12,2019-07-30 17:42:12,29.6,99.6,134.9912127619048,39.3632538569425,37.81767180925666
8,2019-07-31 01:47:09,2019-07-31 04:10:40,35.6,82.8,131.7415257297552,36.9721706864564,34.81354359925788
9,2019-07-31 13:28:07,2019-07-31 15:15:40,16.4,77.2,132.65232092470757,36.179455445544555,34.81559405940594
10,2019-07-31 18:10:48,2019-07-31 19:39:32,56.8,99.6,136.53339387331258,36.0,33.11561561561562
11,2019-08-01 07:33:31,2019-08-01 08:27:58,51.6,82.4,132.99561030844157,30.56723716381418,29.198044009779952
12,2019-08-01 09:59:11,2019-08-01 10:16:40,84.8,94.4,136.89441704282393,31.0,30.0
13,2019-08-01 21:58:57,2019-08-01 23:42:37,44.0,77.6,133.6392195767196,29.773778920308484,27.99228791773779
14,2019-08-02 03:11:34,2019-08-02 03:44:08,52.4,70.8,133.04984833937198,30.69795918367347,28.56326530612245
15,2019-08-02 11:12:00,2019-08-02 13:19:25,11.2,83.6,131.91389653928795,31.676778242677823,30.271966527196653
16,2019-08-02 23:58:18,2019-08-03 01:48:30,15.6,99.6,134.56622776620375,38.85006045949214,37.09915356711004
17,2019-08-03 20:17:45,2019-08-03 21:07:07,73.2,99.6,136.84413064499162,31.954177897574123,30.900269541778975
18,2019-08-04 14:19:54,2019-08-04 15:27:09,38.8,96.8,132.68711406848658,37.35049504950495,35.85742574257426
19,2019-08-05 00:07:45,2019-08-05 01:20:51,22.8,86.8,133.7837998263889,40.92714025500911,38.73952641165756
20,2019-08-05 19:31:41,2019-08-05 22:27:52,4.4,62.0,133.0482032527971,39.993197278911566,38.44671201814059
21,2019-08-06 02:47:44,2019-08-06 03:58:11,40.0,80.0,132.66752954861113,38.758034026465026,36.36672967863894
22,2019-08-06 14:28:19,2019-08-06 16:14:31,18.0,99.6,132.88757416258173,40.131744040150565,38.12547051442911
23,2019-08-07 01:40:10,2019-08-07 04:26:17,3.2,84.4,133.6571222188013,37.90216519647153,35.21170809943865
24,2019-08-08 02:09:09,2019-08-08 03:55:13,40.4,74.8,133.17486077196384,35.72989949748744,34.72989949748744
25,2019-08-08 10:21:55,2019-08-08 12:44:38,26.0,99.6,134.73976661760267,37.62278244631186,36.27637721755369
26,2019-08-08 23:18:25,2019-08-08 23:54:03,20.8,52.0,133.17943617788458,41.21641791044776,39.59701492537314
27,2019-08-08 23:59:55,2019-08-09 00:57:17,57.2,98.8,133.7944447215545,44.538283062645014,42.538283062645014
28,2019-08-09 15:34:06,2019-08-09 17:27:13,16.4,99.6,134.42886371193913,45.50705882352941,43.79176470588235
29,2019-08-10 05:39:02,2019-08-10 07:38:51,10.4,99.6,134.66538581371455,41.44827586206897,39.265850945494996
30,2019-08-10 22:11:38,2019-08-10 23:40:29,39.2,99.6,135.15998110283297,39.22938530734633,37.215892053973015
31,2019-08-11 12:21:24,2019-08-11 14:12:17,14.0,99.6,134.53659398364488,42.24038461538461,40.58894230769231
32,2019-08-11 23:59:57,2019-08-12 01:28:49,33.2,99.6,133.20082560031798,43.758620689655174,41.083958020989506
33,2019-08-12 17:20:33,2019-08-12 19:39:11,22.8,99.6,135.50027649377893,42.94615384615385,41.35769230769231
34,2019-08-13 04:29:32,2019-08-13 05:58:48,36.4,99.6,134.77026007164204,37.17313432835821,33.788059701492536
35,2019-08-13 20:05:19,2019-08-13 22:24:12,27.6,99.6,134.34061892361115,40.43240651965484,38.580057526366254
36,2019-08-14 06:11:06,2019-08-14 08:32:40,26.8,99.6,134.63487369505492,38.41431261770245,34.79943502824859
37,2019-08-14 15:55:08,2019-08-14 17:30:00,48.4,99.6,135.70708938802085,42.55477528089887,40.98174157303371
38,2019-08-15 05:22:18,2019-08-15 07:21:51,10.4,99.6,134.04498743616097,39.73021181716834,35.75808249721293
39,2019-08-15 22:36:45,2019-08-15 23:53:44,23.2,57.2,131.3118025735294,37.38062283737024,35.76470588235294
40,2019-08-15 23:59:53,2019-08-16 00:44:42,60.8,86.0,133.97577919973546,39.55192878338279,38.0
41,2019-08-16 12:06:26,2019-08-16 13:57:43,24.8,61.6,131.51522232035026,37.75928143712575,36.32215568862276
42,2019-08-16 17:29:58,2019-08-16 19:02:17,33.6,99.6,136.0298542213805,42.515151515151516,41.05194805194805
43,2019-08-17 21:44:31,2019-08-18 01:16:32,19.6,89.6,131.75342349603173,33.161006289308176,31.528930817610064
44,2019-08-18 05:24:29,2019-08-18 06:40:47,47.6,99.6,135.8126196634616,36.17277486910995,34.30890052356021
45,2019-08-18 15:26:51,2019-08-18 16:37:25,39.6,97.2,133.14862041377316,37.82518796992481,36.63157894736842
46,2019-08-19 06:03:08,2019-08-19 07:37:51,33.6,99.6,134.64459859848486,35.985935302391,34.10689170182841
47,2019-08-20 00:12:48,2019-08-20 02:25:49,18.0,84.8,131.97340775532268,35.84769539078156,34.16032064128257
48,2019-08-20 17:24:17,2019-08-20 19:30:22,21.2,85.6,130.270925640528,38.58562367864693,37.4492600422833
49,2019-08-20 19:32:06,2019-08-20 20:04:48,85.2,98.8,129.4405854575164,40.0,38.016260162601625
50,2019-08-21 05:27:56,2019-08-21 08:39:42,5.6,98.8,133.40852177277065,38.836692147324534,35.96594857539958
51,2019-08-22 01:29:24,2019-08-22 03:35:37,30.4,93.6,132.22164168204995,37.705385427666315,35.78669482576557
52,2019-08-22 09:57:40,2019-08-22 11:36:32,50.8,99.6,135.47698048724953,37.405660377358494,35.71024258760108
53,2019-08-22 22:55:04,2019-08-23 00:23:16,36.0,99.6,133.14925725235852,41.21450151057402,39.28549848942598
54,2019-08-23 11:55:08,2019-08-23 13:36:40,44.0,99.6,135.58257632893688,40.00787401574803,38.68766404199475
55,2019-08-23 22:15:03,2019-08-23 23:22:02,50.0,83.6,134.21954736276456,38.0,36.0
56,2019-08-24 05:08:36,2019-08-24 07:20:42,36.8,99.6,133.27073366507435,36.74369323915237,34.70332996972755
57,2019-08-24 17:26:09,2019-08-24 19:26:57,44.0,99.6,135.45020408673065,41.7317880794702,39.32008830022075
58,2019-08-25 04:56:30,2019-08-25 06:37:14,23.6,99.6,134.59107116593566,42.73412698412698,40.44179894179894
59,2019-08-25 14:25:11,2019-08-25 16:21:48,40.4,99.6,134.5338862073011,39.4,36.861714285714285
60,2019-08-25 23:46:08,2019-08-26 00:40:26,56.4,97.6,133.13583037014564,33.96568627450981,31.120098039215687
61,2019-08-26 04:21:22,2019-08-26 05:14:52,68.8,99.6,135.47646073232323,33.450248756218905,30.012437810945272
62,2019-08-26 21:47:25,2019-08-26 23:19:05,35.2,99.6,134.11619649327127,35.2281976744186,34.01744186046512
63,2019-08-27 14:00:42,2019-08-27 15:30:54,33.6,99.6,132.5285453219697,37.76957163958641,36.02511078286558
64,2019-08-28 03:01:18,2019-08-28 06:04:49,11.6,99.6,133.41207158301768,37.17173913043478,35.22391304347826
65,2019-08-28 18:04:55,2019-08-28 21:17:29,3.6,98.8,134.11693075980392,44.0878892733564,41.962629757785464
66,2019-08-29 05:13:12,2019-08-29 07:06:12,13.2,99.6,134.70110263631688,42.5377358490566,39.91391509433962
67,2019-08-29 14:28:02,2019-08-29 15:18:12,48.8,80.4,133.81502487253863,41.737400530503976,40.23342175066313
68,2019-08-29 21:18:02,2019-08-29 22:50:22,35.6,99.6,134.77527532986116,38.59307359307359,36.486291486291485
69,2019-08-30 14:00:46,2019-08-30 15:13:33,52.8,99.6,135.1567751572887,34.6837294332724,33.49725776965265
70,2019-08-30 22:01:22,2019-08-30 23:39:10,47.6,99.6,135.23245396634618,37.0,35.0
71,2019-08-31 02:49:23,2019-08-31 05:12:25,25.6,99.6,134.27427428678678,42.22180801491146,38.775396085740915
72,2019-08-31 14:01:04,2019-08-31 15:52:28,16.8,99.6,132.63566227019592,41.95574162679426,38.86722488038278
73,2019-09-02 06:33:36,2019-09-02 08:37:49,28.8,99.6,132.29360715042372,32.787553648068666,31.796137339055793
74,2019-09-02 18:48:10,2019-09-02 21:10:15,30.8,98.8,133.52966927042485,32.74390243902439,31.146341463414632
75,2019-09-03 05:34:39,2019-09-03 07:00:19,35.6,78.8,132.5239519804527,33.11819595645412,31.27371695178849
76,2019-09-03 11:15:26,2019-09-03 12:18:24,78.4,96.8,133.41761757246385,31.27061310782241,30.473572938689216
77,2019-09-03 21:44:04,2019-09-03 23:11:28,45.2,88.4,133.77933217399692,33.80030487804878,32.0
78,2019-09-04 05:43:32,2019-09-04 06:27:34,54.0,76.0,133.1725748358586,31.238670694864048,29.574018126888216
79,2019-09-04 06:38:55,2019-09-04 07:15:44,76.0,94.0,132.94282344907407,31.9927797833935,30.332129963898918
80,2019-09-04 19:21:18,2019-09-04 21:18:03,23.6,81.2,131.71576113040123,36.02625570776256,34.44063926940639
81,2019-09-05 03:45:00,2019-09-05 05:28:17,26.4,99.6,134.67951748254404,36.05290322580645,34.20645161290322
82,2019-09-06 01:20:17,2019-09-06 03:23:26,9.6,99.6,133.44059728240742,40.226190476190474,38.03679653679654
83,2019-09-06 09:03:43,2019-09-06 11:04:17,33.6,99.6,134.90306743897307,38.271523178807946,35.52538631346578
84,2019-09-06 18:43:30,2019-09-06 20:07:18,56.4,99.6,135.79477099729942,39.0,37.79968203497615
85,2019-09-07 02:13:37,2019-09-07 03:45:25,52.4,99.6,135.15501443326275,39.0,36.105950653120466
86,2019-09-07 18:57:19,2019-09-07 20:17:28,34.8,80.4,132.34310943591618,41.41625207296849,39.66832504145937
87,2019-09-08 05:05:37,2019-09-08 08:08:57,14.4,99.6,134.00114436619722,38.39695210449928,36.425253991291726
88,2019-09-08 15:41:32,2019-09-08 16:16:13,66.4,94.4,133.2854451388889,39.52873563218391,38.310344827586206
89,2019-09-09 04:02:20,2019-09-09 05:48:48,18.8,99.6,132.79168327832784,39.06758448060075,37.3116395494368
90,2019-09-09 23:42:25,2019-09-10 01:19:56,8.8,92.8,132.53040959160055,39.80464480874317,38.217213114754095
91,2019-09-10 19:30:46,2019-09-10 21:33:15,5.2,99.6,133.72689493585216,43.37105549510337,42.07725788900979
92,2019-09-11 08:55:51,2019-09-11 10:34:12,28.4,99.6,134.10351526217232,39.300405953991884,37.52368064952638
93,2019-09-11 19:56:57,2019-09-11 21:20:44,44.4,99.6,136.06193198721823,42.030206677265504,39.89984101748808
94,2019-09-12 06:31:51,2019-09-12 07:45:14,53.2,99.6,136.2391374072079,37.85843920145191,35.67332123411978
95,2019-09-13 02:10:18,2019-09-13 03:28:45,16.0,87.6,132.2368182010397,40.597623089983024,39.01528013582343
96,2019-09-13 07:10:01,2019-09-13 08:18:03,57.6,99.6,136.80507219907412,40.09001956947162,37.13307240704501
97,2019-09-13 23:37:14,2019-09-14 01:18:07,28.4,99.6,134.05688633153872,39.27212681638045,37.31836195508586
98,2019-09-14 15:49:32,2019-09-14 17:22:58,33.6,99.6,133.61783561658248,37.1177304964539,35.15744680851064
99,2019-09-15 18:29:02,2019-09-15 20:32:03,5.6,99.6,133.08605356087472,40.648970747562295,38.937161430119176
100,2019-09-16 08:43:20,2019-09-16 11:30:39,17.6,98.8,132.89999630507666,35.2796812749004,33.190438247011954
101,2019-09-16 23:53:42,2019-09-17 01:42:56,13.6,76.0,131.8752073985043,37.94512195121951,36.16951219512195
102,2019-09-17 03:54:26,2019-09-17 04:57:33,62.4,99.6,138.0562345280765,38.06962025316456,35.5
103,2019-09-17 13:44:08,2019-09-17 15:27:56,43.2,99.6,134.5211544227739,35.829268292682926,34.73940949935815
104,2019-09-17 23:17:50,2019-09-18 01:43:16,16.0,99.6,133.40208401282564,39.63428047662695,37.18515123739688
105,2019-09-18 04:34:05,2019-09-18 05:45:12,52.8,99.6,136.62754516856606,41.22846441947566,37.81647940074907
106,2019-09-18 18:03:36,2019-09-18 19:52:28,20.8,99.6,134.31003207311056,42.03794369645043,40.52386780905753
107,2019-09-19 11:40:20,2019-09-19 13:35:45,27.2,90.8,131.17415823069533,36.213625866050805,35.10623556581986
108,2019-09-20 00:03:42,2019-09-20 01:54:19,18.0,99.6,133.40502063589327,39.76626506024096,37.78192771084338
109,2019-09-20 17:39:58,2019-09-20 19:25:06,20.8,99.6,131.91525414375354,39.49302915082383,38.08111533586819
110,2019-09-21 03:33:56,2019-09-21 05:13:05,26.8,99.6,134.7230899076618,39.31989247311828,36.58467741935484
111,2019-09-21 16:16:26,2019-09-21 17:31:30,31.2,87.6,132.6261013888889,37.41843971631206,35.569148936170215
112,2019-09-21 17:32:35,2019-09-21 18:06:28,87.2,99.6,136.97885145609328,38.0,35.66796875
113,2019-09-22 05:12:32,2019-09-22 07:20:58,24.0,97.2,131.8618234289617,34.01348547717842,32.19502074688797
114,2019-09-22 16:18:56,2019-09-22 18:31:33,20.0,96.4,130.72123317699246,38.48040201005025,37.4
115,2019-09-23 06:20:33,2019-09-23 08:22:12,27.6,97.2,131.2565744372606,32.84682713347921,31.176148796498907
116,2019-09-24 03:43:33,2019-09-24 05:20:09,26.8,99.6,132.9865022893773,36.24,34.49655172413793
117,2019-09-24 14:40:34,2019-09-24 15:23:47,57.6,94.0,133.3404031478938,35.621538461538464,34.58769230769231
118,2019-09-24 22:40:37,2019-09-24 23:45:43,43.2,97.2,132.53285368055558,37.41104294478528,35.59509202453988
119,2019-09-25 12:26:31,2019-09-25 14:02:19,16.8,96.8,131.8550118125,36.52712100139082,34.570236439499304
120,2019-09-25 22:54:31,2019-09-26 00:39:15,22.0,99.6,134.29640561461915,39.844783715012724,37.61832061068702
121,2019-09-26 16:39:58,2019-09-26 18:19:56,46.8,99.6,135.40882894044614,37.753661784287615,36.28894806924101
122,2019-09-27 17:44:21,2019-09-27 19:24:25,10.4,97.6,131.04180423356271,39.757656458055926,38.138482023968045
123,2019-09-28 06:07:16,2019-09-28 08:03:12,9.2,99.6,132.4837207903147,37.324137931034485,34.91494252873563
124,2019-09-28 18:47:32,2019-09-28 19:42:54,35.6,67.2,131.99334857594934,39.74759615384615,38.30288461538461
125,2019-09-29 01:35:32,2019-09-29 03:14:08,27.6,99.6,134.21726967978395,40.47162162162162,38.462162162162166
126,2019-09-29 15:20:41,2019-09-29 17:35:51,24.0,99.6,133.01112315182243,37.928994082840234,36.31065088757396
127,2019-09-30 01:44:21,2019-09-30 02:17:26,54.0,84.4,134.3937450749269,37.28112449799197,35.06425702811245
128,2019-09-30 09:03:49,2019-09-30 10:42:25,51.2,99.6,135.47205781106524,35.74864864864865,34.15810810810811
129,2019-09-30 22:48:49,2019-09-30 23:59:31,20.8,83.6,131.74438228282028,39.154425612052734,37.59510357815443
130,2019-10-01 00:01:56,2019-10-01 00:37:58,83.6,99.6,130.10236940104167,41.0,38.84870848708487
131,2019-10-01 22:51:03,2019-10-02 00:44:59,14.4,72.4,129.9689330842912,37.59298245614035,35.81637426900585
132,2019-10-02 14:07:29,2019-10-02 15:55:34,40.0,99.6,134.99148633482477,37.995073891625616,36.316502463054185
133,2019-10-03 16:30:41,2019-10-03 18:25:34,14.4,99.6,133.22924090538606,39.47911832946636,38.27030162412993
134,2019-10-04 06:38:55,2019-10-04 09:03:49,29.2,98.8,133.06169305276183,34.48022079116836,32.52069917203312
135,2019-10-05 09:17:01,2019-10-05 10:32:48,49.6,99.6,134.4399331166667,35.45869947275923,34.293497363796135
136,2019-10-05 20:28:58,2019-10-05 22:26:55,26.0,86.4,130.5969098463944,38.389830508474574,36.607909604519776
137,2019-10-07 11:24:56,2019-10-07 13:20:58,25.6,85.6,128.93240805555558,31.56422018348624,30.934633027522935
138,2019-10-07 17:23:43,2019-10-07 17:56:56,61.2,77.2,136.28472222222223,33.0,31.0
139,2019-10-08 00:34:01,2019-10-08 01:42:17,40.4,74.8,130.98381709302328,32.06225680933852,30.494163424124512
140,2019-10-08 04:16:05,2019-10-08 05:43:12,37.2,82.0,130.28611871899804,33.83639143730887,31.970948012232416
141,2019-10-08 15:52:07,2019-10-08 17:21:07,17.6,94.8,130.52354704411343,39.36077844311377,38.18712574850299
142,2019-10-08 23:46:08,2019-10-09 00:23:54,52.4,73.6,133.91224143081763,37.778169014084504,34.0
143,2019-10-09 10:23:31,2019-10-09 11:53:43,53.2,99.6,134.66079747964562,30.189069423929098,29.146233382570163
144,2019-10-09 16:09:53,2019-10-09 16:25:46,72.8,87.6,133.84910611861872,34.833333333333336,33.725
145,2019-10-10 01:09:26,2019-10-10 03:44:22,11.6,99.6,133.646865228851,36.4552495697074,34.424268502581754
146,2019-10-10 17:50:30,2019-10-10 19:45:55,13.2,99.6,132.14032672485857,39.73210161662818,38.595842956120094
147,2019-10-11 04:34:56,2019-10-11 05:18:18,47.2,85.2,133.44789954678362,35.533742331288344,33.263803680981596
148,2019-10-11 13:43:00,2019-10-11 15:34:46,12.4,76.4,131.51947389756947,39.18906064209275,37.87514863258026
149,2019-10-11 21:48:16,2019-10-11 23:01:15,31.6,96.0,132.39952121937543,41.386861313868614,39.447080291970806
150,2019-10-12 04:54:03,2019-10-12 06:48:07,43.2,78.0,130.76097302841637,37.68691588785047,34.348130841121495
151,2019-10-12 12:20:05,2019-10-12 12:49:50,52.8,67.6,133.01373567942943,35.955357142857146,34.964285714285715
152,2019-10-13 01:10:36,2019-10-13 02:21:35,17.2,80.0,131.4571289720453,38.37711069418386,36.9718574108818
153,2019-10-13 08:25:50,2019-10-13 10:48:51,29.6,98.8,131.41005772318564,34.229263746505126,31.597390493942218
154,2019-10-14 09:29:37,2019-10-14 09:54:18,46.0,58.0,133.5062415138889,28.747311827956988,28.134408602150536
155,2019-10-14 10:23:07,2019-10-14 11:41:02,58.0,98.8,123.72764361587694,29.962393162393163,29.295726495726495
156,2019-10-15 03:46:45,2019-10-15 05:23:02,11.2,93.2,132.35557803692413,36.398340248962654,34.40940525587828
157,2019-10-15 18:01:29,2019-10-15 19:38:06,6.4,62.8,129.32023978526402,35.662534435261705,34.08402203856749
158,2019-10-16 00:23:23,2019-10-16 02:40:09,22.8,99.6,134.00314798900465,36.04191033138402,33.32066276803119
159,2019-10-16 13:18:09,2019-10-16 14:49:45,28.0,95.6,131.6473983727811,36.69230769230769,35.365747460087086
160,2019-10-17 02:36:21,2019-10-17 03:54:24,15.2,85.6,130.8365173926768,35.40443686006826,33.08873720136519
161,2019-10-17 15:14:03,2019-10-17 16:46:07,16.8,95.6,131.48658641250705,37.45586107091172,36.63675832127352
162,2019-10-18 00:19:00,2019-10-18 01:46:47,42.0,86.4,132.06903322697693,34.80424886191199,32.30349013657056
163,2019-10-19 00:36:25,2019-10-19 01:58:37,9.2,86.0,131.5119173376013,34.55105348460292,33.37763371150729
164,2019-10-19 15:13:37,2019-10-19 16:38:45,22.4,94.8,130.31753692833027,36.430359937402194,35.10641627543036
165,2019-10-20 03:58:12,2019-10-20 05:13:19,28.4,94.8,130.75670702392904,34.51418439716312,32.65425531914894
166,2019-10-20 13:47:25,2019-10-20 15:10:52,29.6,72.4,130.77360560747664,35.80542264752791,34.119617224880386
167,2019-10-20 21:42:35,2019-10-20 23:05:11,24.8,94.8,131.98871649404762,36.97741935483871,35.17741935483871
168,2019-10-21 13:39:05,2019-10-21 14:13:31,52.0,69.2,132.46030687984495,33.810810810810814,32.108108108108105
169,2019-10-21 20:04:58,2019-10-21 21:36:05,17.2,94.8,132.19077032681847,37.09356725146199,35.146198830409354
170,2019-10-22 01:58:09,2019-10-22 02:44:35,55.6,94.8,132.59278001700682,36.86819484240688,33.74785100286533
171,2019-10-22 11:46:17,2019-10-22 13:00:13,30.4,94.8,132.12495469504833,34.42086330935252,32.8794964028777
172,2019-10-23 02:14:13,2019-10-23 03:48:08,10.8,94.8,131.23277056878308,36.03971631205674,34.225531914893615
173,2019-10-23 15:20:28,2019-10-23 17:26:01,12.8,86.8,130.922541463964,35.5646186440678,33.978813559322035
174,2019-10-24 02:05:40,2019-10-24 03:47:05,30.4,88.4,131.4384869971264,33.30880420499343,31.392904073587385
175,2019-10-24 11:31:52,2019-10-24 14:17:25,32.8,88.0,129.95491165458935,31.93322606596943,30.456154465004023
176,2019-10-24 22:42:35,2019-10-25 00:16:54,22.0,70.4,130.56304907598712,33.451977401129945,31.577683615819208
177,2019-10-26 00:44:12,2019-10-26 01:51:19,6.8,66.0,131.7214433887012,33.648809523809526,32.35912698412698
178,2019-10-26 10:23:03,2019-10-26 11:22:00,30.4,68.0,129.34567086288416,32.734234234234236,31.065315315315317
179,2019-10-26 11:23:23,2019-10-26 11:55:06,67.6,87.2,133.5024094104308,34.2928870292887,32.87029288702929
180,2019-10-26 19:13:34,2019-10-26 21:14:27,33.6,94.8,130.73902994825707,33.54906284454245,31.91069459757442
181,2019-10-27 05:14:54,2019-10-27 08:14:05,4.4,94.8,131.9304514749263,32.789434523809526,30.58407738095238
182,2019-10-27 20:41:45,2019-10-27 21:03:06,12.0,24.0,133.42916675925923,32.0,31.0
183,2019-10-27 21:43:54,2019-10-27 23:38:21,23.6,89.6,130.0158871527778,34.6546511627907,32.80930232558139
184,2019-10-28 15:00:24,2019-10-28 17:18:26,12.4,83.6,128.63724349094883,30.697203471552555,29.303760848601737
185,2019-10-29 02:41:45,2019-10-29 04:15:17,22.8,97.6,131.0826032364082,29.662393162393162,27.74928774928775
186,2019-10-29 21:43:44,2019-10-29 23:14:28,25.6,97.6,130.13022710069444,33.37738619676946,31.74596182085169
187,2019-10-30 05:20:41,2019-10-30 06:06:02,74.4,97.6,133.84845590277786,29.527859237536656,26.964809384164223
188,2019-10-30 18:48:48,2019-10-30 19:37:22,15.2,42.4,134.2216392361111,29.90958904109589,28.73972602739726
189,2019-10-30 20:01:01,2019-10-30 21:13:53,46.0,87.2,132.8970089805825,33.10200364298725,31.62295081967213
190,2019-10-31 03:31:27,2019-10-31 07:26:57,30.0,97.6,130.6397928994083,31.565685164212912,29.435447338618346
191,2019-10-31 19:55:21,2019-10-31 22:03:13,24.0,96.8,131.14914409340662,32.418314255983354,31.151925078043703
192,2019-11-01 03:13:12,2019-11-01 04:10:18,39.6,89.2,133.29313123879928,35.086247086247084,32.3053613053613
193,2019-11-01 13:48:59,2019-11-01 14:52:54,24.0,84.0,131.2113919351852,35.34375,33.989583333333336
194,2019-11-01 19:52:07,2019-11-01 21:31:55,40.0,96.4,133.27800437352244,37.13618157543391,34.84646194926569
195,2019-11-02 03:04:02,2019-11-02 04:47:50,47.6,81.6,132.23268043137256,33.5596919127086,31.0
196,2019-11-02 15:27:40,2019-11-02 17:07:03,3.6,53.6,132.18402285000002,35.55689424364123,34.04819277108434
197,2019-11-02 22:23:27,2019-11-03 00:29:24,19.2,97.6,130.30658205428009,36.803174603174604,34.70899470899471
198,2019-11-03 16:08:26,2019-11-03 17:49:34,11.2,87.6,132.2325688208988,38.43873517786561,36.785243741765484
199,2019-11-04 14:21:49,2019-11-04 14:59:59,39.6,63.6,132.26594650462965,31.529616724738677,30.37630662020906
200,2019-11-04 21:41:53,2019-11-05 00:08:19,13.6,96.8,129.7973146668002,34.087272727272726,32.54272727272727
201,2019-11-05 07:37:44,2019-11-05 09:18:45,43.2,97.6,131.9666358302696,30.752305665349144,28.3965744400527
202,2019-11-05 21:10:59,2019-11-05 23:40:35,9.2,94.8,131.35021900149275,33.39626001780944,31.65538735529831
203,2019-11-06 21:22:07,2019-11-06 23:33:05,22.0,96.8,129.6050634469697,31.925737538148525,30.60122075279756
204,2019-11-07 05:18:33,2019-11-07 06:22:28,50.4,97.6,132.65464338806498,32.42916666666667,29.822916666666668
205,2019-11-07 18:36:57,2019-11-07 19:30:03,35.6,63.2,127.96399004126408,30.7575,29.37
206,2019-11-08 00:47:06,2019-11-08 03:00:24,21.2,88.4,131.471439963707,31.907,30.435
207,2019-11-08 11:49:15,2019-11-08 13:23:50,3.2,63.6,131.5124682786056,31.443661971830984,30.028169014084508
208,2019-11-08 19:19:16,2019-11-08 21:02:08,28.8,93.2,132.41210938793995,34.85233160621762,32.681347150259064
209,2019-11-09 03:09:34,2019-11-09 05:02:10,4.4,97.6,132.3797260670005,36.62248520710059,33.22011834319527
210,2019-11-09 15:32:44,2019-11-09 16:26:47,35.6,83.6,131.40333495659723,32.54679802955665,31.216748768472907
211,2019-11-10 01:43:50,2019-11-10 02:52:01,24.0,87.6,131.52219682695667,31.939453125,29.724609375
212,2019-11-10 13:34:40,2019-11-10 14:43:13,20.4,56.0,128.96273496410737,29.580582524271843,28.16504854368932
213,2019-11-10 19:55:44,2019-11-10 21:48:20,28.8,91.2,130.92785284009975,32.42011834319526,31.307692307692307
214,2019-11-11 18:09:20,2019-11-11 20:07:57,36.4,96.0,131.83554661819537,32.28089887640449,31.13370786516854
215,2019-11-12 12:57:19,2019-11-12 14:31:06,42.8,97.6,131.75655699006487,30.87784090909091,29.930397727272727
216,2019-11-12 23:16:03,2019-11-13 01:04:48,32.4,97.6,131.68672975034085,33.58700980392157,31.795343137254903
217,2019-11-14 00:51:54,2019-11-14 02:39:02,33.6,97.6,130.86055126302088,30.604477611940297,29.157960199004975
218,2019-11-14 14:21:58,2019-11-14 16:58:05,16.8,69.2,129.11927929389313,30.497011101622544,28.893253629376602
219,2019-11-15 01:23:35,2019-11-15 01:46:40,8.400001,21.6,131.47289264104404,28.0,26.517241379310345
220,2019-11-15 02:21:21,2019-11-15 04:08:18,21.6,83.2,130.50972410263344,31.37733499377335,29.858032378580322
221,2019-11-15 04:09:44,2019-11-15 04:41:29,82.8,97.6,128.73483305180181,33.0,31.811715481171547
222,2019-11-16 02:32:41,2019-11-16 06:05:49,15.2,78.0,127.8348053255485,31.150093808630395,29.20762976860538
223,2019-11-16 06:11:01,2019-11-16 06:32:38,77.2,83.6,127.24745212673629,32.0,30.0
224,2019-11-16 16:06:30,2019-11-16 18:12:48,22.0,94.4,131.41853750000004,33.03270042194093,31.825949367088608
225,2019-11-17 01:35:24,2019-11-17 03:12:24,20.0,98.0,131.6223766470798,34.956043956043956,32.20879120879121
226,2019-11-17 23:56:00,2019-11-18 01:25:08,11.2,89.2,131.29806445156694,34.48729446935725,33.186846038863976
227,2019-11-18 15:57:32,2019-11-18 17:38:08,17.2,82.0,129.5994647397977,32.39205298013245,31.325827814569536
228,2019-11-19 00:14:58,2019-11-19 00:53:24,48.0,83.6,133.7898777543696,28.94463667820069,26.224913494809687
229,2019-11-19 02:59:29,2019-11-19 03:49:07,62.0,97.6,131.50673029026223,28.991957104557642,26.39946380697051
230,2019-11-19 18:45:18,2019-11-19 20:27:54,36.4,97.6,131.3875188975127,29.212987012987014,28.05974025974026
231,2019-11-20 05:20:02,2019-11-20 07:09:27,6.4,97.6,131.83549625974663,31.639464068209502,29.267965895249695
232,2019-11-20 11:53:04,2019-11-20 12:50:10,70.0,97.6,133.90441528281,29.846153846153847,27.181818181818183
233,2019-11-20 20:46:59,2019-11-20 21:52:45,47.2,97.6,131.942862921627,31.76923076923077,29.91497975708502
234,2019-11-21 02:46:10,2019-11-21 03:31:40,64.0,89.2,135.12408891093472,29.567251461988302,26.961988304093566
235,2019-11-21 14:36:44,2019-11-21 15:41:43,26.0,84.0,130.31602826628352,30.959016393442624,29.868852459016395
236,2019-11-22 02:32:56,2019-11-22 03:58:52,12.8,90.8,131.12116764423078,31.606201550387595,29.75813953488372
237,2019-11-22 16:53:51,2019-11-22 18:28:19,28.4,88.4,131.01108960879628,32.22002820874471,30.866008462623412
238,2019-11-23 02:07:07,2019-11-23 03:22:30,9.2,78.8,133.56727474856325,35.02650176678445,32.35865724381625
239,2019-11-23 07:39:53,2019-11-23 08:47:08,43.6,97.6,132.50132575874488,34.0,30.247524752475247
240,2019-11-23 16:09:20,2019-11-23 16:30:49,49.2,61.2,134.87040048611112,32.79012345679013,31.0
241,2019-11-23 19:17:53,2019-11-23 20:03:47,44.8,70.4,134.1629477647569,32.75942028985507,31.14782608695652
242,2019-11-24 01:29:38,2019-11-24 03:58:08,32.0,81.6,130.0006983198925,30.673249551166965,28.988330341113105
243,2019-11-24 03:59:42,2019-11-24 04:35:11,81.2,92.4,137.79990250496027,31.0,30.0
244,2019-11-25 00:43:05,2019-11-25 03:42:28,24.0,84.0,129.02171078703702,30.85586924219911,29.433878157503713
245,2019-11-25 09:39:31,2019-11-25 10:51:33,54.8,97.6,131.49686272715476,30.129390018484287,28.476894639556377
246,2019-11-25 20:42:16,2019-11-25 21:00:09,32.4,48.4,130.32369881944447,31.659259259259258,30.022222222222222
247,2019-11-25 21:10:49,2019-11-25 21:55:39,48.4,88.0,130.40214980709877,34.640949554896146,33.002967359050444
248,2019-11-26 12:28:22,2019-11-26 13:49:36,30.0,97.6,127.81426227810655,29.17049180327869,27.74754098360656
249,2019-11-27 02:44:55,2019-11-27 04:39:07,3.6,97.6,129.56045318262412,32.5075845974329,30.71761960326721
250,2019-11-27 14:31:25,2019-11-27 15:41:52,28.0,90.4,128.7398529936788,34.16446124763705,32.869565217391305
251,2019-11-27 21:49:14,2019-11-27 23:19:01,38.8,90.8,129.49839775641024,32.986646884273,30.08605341246291
252,2019-11-28 06:09:14,2019-11-28 07:18:13,43.2,97.6,130.3177213107639,28.06949806949807,24.974903474903474
253,2019-11-28 14:48:19,2019-11-28 15:05:56,70.0,85.6,131.17327394943027,26.962406015037594,25.37593984962406
254,2019-11-29 00:13:51,2019-11-29 01:34:51,27.6,96.4,128.78744309189273,26.01644736842105,23.886513157894736
255,2019-11-29 17:05:25,2019-11-29 17:50:15,29.6,56.4,125.4684910862355,25.41839762611276,24.347181008902076
256,2019-11-29 18:08:08,2019-11-29 18:33:21,56.4,75.2,100.60372393617018,27.33684210526316,26.0
257,2019-11-30 00:50:57,2019-11-30 02:21:16,28.8,98.8,128.94287929166666,28.11946902654867,26.09882005899705
258,2019-11-30 08:23:18,2019-11-30 08:54:15,38.0,56.4,126.05163278985509,25.854077253218883,22.84978540772532
259,2019-11-30 09:05:03,2019-11-30 09:38:16,56.0,75.2,129.88926424334488,27.0,24.324
260,2019-11-30 10:10:42,2019-11-30 11:06:22,75.2,99.6,129.81742068533703,27.18854415274463,25.231503579952268
261,2019-12-01 00:52:00,2019-12-01 01:42:28,37.6,63.6,129.41068465811964,26.039473684210527,24.25
262,2019-12-01 04:31:13,2019-12-01 05:45:16,38.8,97.6,129.71288616543842,28.715827338129497,26.7068345323741
263,2019-12-01 17:19:26,2019-12-01 18:55:46,14.8,97.6,129.1083135819243,31.692946058091287,30.017980636237898
264,2019-12-02 18:59:45,2019-12-02 20:44:13,11.6,97.6,127.58240344476744,26.357142857142858,25.161989795918366
265,2019-12-03 01:59:05,2019-12-03 02:50:07,48.0,77.6,129.88028410285287,25.7734375,22.356770833333332
266,2019-12-03 19:06:23,2019-12-03 21:21:57,12.8,97.6,128.2182461854691,25.908554572271388,24.55850540806293
267,2019-12-04 14:49:34,2019-12-04 17:15:08,8.0,83.2,128.22019572251776,25.761904761904763,24.59065934065934
268,2019-12-05 00:38:13,2019-12-05 01:36:15,28.4,66.0,128.85717554299646,25.355504587155963,23.105504587155963
269,2019-12-05 10:00:43,2019-12-05 11:36:34,39.6,94.8,129.34669673409823,23.204166666666666,21.615277777777777
270,2019-12-05 17:32:21,2019-12-05 18:23:18,55.6,84.8,130.88527591324203,24.845953002610965,23.43864229765013
271,2019-12-05 23:19:54,2019-12-06 01:40:48,51.2,97.6,130.57064446839084,24.873226111636708,23.309366130558182
272,2019-12-06 06:00:18,2019-12-06 06:59:33,54.8,97.6,129.66060967354622,26.44943820224719,24.123595505617978
273,2019-12-06 13:50:11,2019-12-06 14:43:18,58.0,97.6,130.02150675154323,25.69,24.245
274,2019-12-07 02:30:21,2019-12-07 04:21:06,6.0,97.6,128.8747927432072,26.86401925391095,24.010830324909747
275,2019-12-07 15:01:26,2019-12-07 16:37:22,22.4,72.4,127.09737529444442,25.204166666666666,24.106944444444444
276,2019-12-07 17:22:52,2019-12-07 18:22:07,62.4,97.6,131.0527378393308,28.548314606741574,27.125842696629213
277,2019-12-08 02:59:09,2019-12-08 05:05:23,16.0,81.6,127.3569294769648,25.909186906019006,23.101372756071807
278,2019-12-08 09:39:07,2019-12-08 11:14:31,21.2,97.6,129.2410260634817,27.31145251396648,24.558659217877096
279,2019-12-08 22:53:30,2019-12-09 01:28:24,8.0,87.6,128.95718459101062,26.20826161790017,23.888984509466436
280,2019-12-09 05:29:53,2019-12-09 06:52:45,50.4,97.6,130.22737160722696,24.916398713826368,21.709003215434084
281,2019-12-09 18:18:40,2019-12-09 19:01:32,41.6,66.4,130.30356798835126,23.910493827160494,22.580246913580247
282,2019-12-10 02:05:32,2019-12-10 04:44:50,9.2,97.6,128.2712471248115,24.655230125523012,22.397489539748953
283,2019-12-10 17:39:29,2019-12-10 20:11:19,11.6,97.6,128.41967472222223,29.389815627743634,28.149253731343283
284,2019-12-11 02:19:14,2019-12-11 04:11:43,29.2,94.8,128.82231008553524,29.335308056872037,25.364928909952607
285,2019-12-11 07:23:43,2019-12-11 08:18:30,63.2,94.4,130.77966741274923,28.0,24.0
286,2019-12-12 05:40:44,2019-12-12 07:06:15,30.0,97.6,128.49255803131163,25.6993769470405,24.00467289719626
287,2019-12-12 20:37:00,2019-12-12 22:26:41,29.2,97.6,128.9304042072775,28.16767922235723,26.815309842041312
288,2019-12-13 14:47:11,2019-12-13 16:25:55,5.6,92.4,128.71892664170505,31.0944669365722,29.879892037786774
289,2019-12-14 00:24:41,2019-12-14 03:16:00,29.6,87.6,128.0119030100575,28.761867704280156,26.430350194552528
290,2019-12-14 11:48:07,2019-12-14 13:23:23,20.4,97.6,127.3226214018423,29.234965034965036,27.965034965034967
291,2019-12-15 18:08:44,2019-12-15 19:10:55,38.8,71.2,128.2708653206447,27.278372591006423,26.06423982869379
292,2019-12-16 00:25:03,2019-12-16 02:34:36,23.2,97.6,129.5978942502987,29.47222222222222,27.828189300411523
293,2019-12-16 09:10:06,2019-12-16 10:40:34,45.2,96.8,130.16706552002586,28.99558173784978,26.85861561119293
294,2019-12-16 20:22:38,2019-12-16 21:31:12,45.2,97.6,130.52460302162854,31.050485436893204,29.827184466019418
295,2019-12-17 10:55:27,2019-12-17 12:14:10,52.8,97.6,131.2263166170635,28.800338409475465,27.72927241962775
296,2019-12-17 22:54:41,2019-12-18 00:23:40,21.2,97.6,129.3835075134526,33.10778443113772,31.464071856287426
297,2019-12-19 00:55:53,2019-12-19 02:03:56,34.4,93.2,128.89077735733184,30.702544031311156,29.46379647749511
298,2019-12-19 05:54:15,2019-12-19 06:39:53,64.4,97.6,130.62836342871492,31.428571428571427,28.46064139941691
299,2019-12-19 18:54:56,2019-12-19 21:34:55,7.6,97.6,128.1915779691358,25.94333333333333,23.99
300,2019-12-20 16:41:01,2019-12-20 18:48:02,18.4,97.6,127.9087229622615,26.557187827911857,25.416579223504723
301,2019-12-21 02:19:40,2019-12-21 03:21:10,30.4,85.6,129.17976303341385,27.82251082251082,25.0974025974026
302,2019-12-21 11:32:35,2019-12-21 13:56:49,16.8,97.6,128.71030472187846,28.066543438077634,26.00184842883549
303,2019-12-22 09:50:58,2019-12-22 11:39:42,30.4,97.6,128.91581991360786,24.620098039215687,23.707107843137255
304,2019-12-22 18:54:22,2019-12-22 20:25:37,42.4,97.6,129.84267978562804,28.204379562043794,26.664233576642335
305,2019-12-23 05:32:46,2019-12-23 07:02:02,46.0,97.6,130.07529872416023,24.85820895522388,22.943283582089553
306,2019-12-23 15:35:05,2019-12-23 16:05:14,60.0,87.2,130.1748095332925,29.63876651982379,28.599118942731277
307,2019-12-23 23:42:28,2019-12-24 00:57:28,38.0,97.6,129.45513144807984,30.47069271758437,28.541740674955594
308,2019-12-24 03:49:43,2019-12-24 04:31:21,68.4,97.6,129.90764077720706,30.878594249201278,28.057507987220447
309,2019-12-24 22:42:27,2019-12-24 23:57:02,37.2,97.6,129.38466686902137,27.226785714285715,25.742857142857144
310,2019-12-25 12:17:45,2019-12-25 13:29:24,26.8,74.0,126.00463068502827,26.58550185873606,25.485130111524164
311,2019-12-25 14:00:53,2019-12-25 14:41:51,74.0,97.2,129.98136277538316,29.444805194805195,28.428571428571427
312,2019-12-26 02:48:25,2019-12-26 04:01:24,41.2,97.6,129.56091360323092,29.322992700729927,27.596715328467152
313,2019-12-26 20:39:30,2019-12-26 22:26:06,11.2,97.6,127.67666345968365,27.5475,25.73875
314,2019-12-27 02:39:45,2019-12-27 03:41:48,51.6,97.6,129.9693521014493,27.88197424892704,24.472103004291846
315,2019-12-27 09:41:17,2019-12-27 11:35:28,4.0,97.6,130.3196170346629,31.292882147024503,27.455075845974328
316,2019-12-27 21:43:18,2019-12-27 23:33:23,24.8,82.8,126.53663833812261,26.105326876513317,24.196125907990314
317,2019-12-28 08:25:41,2019-12-28 09:57:45,54.0,97.6,130.72828024974515,21.751085383502172,20.51808972503618
318,2019-12-28 21:57:34,2019-12-28 23:26:18,54.0,97.6,130.14627844036696,26.3003003003003,24.714714714714713
319,2019-12-29 05:34:42,2019-12-29 06:50:37,38.8,97.6,128.26420455404383,27.65438596491228,25.44736842105263
320,2019-12-29 18:44:51,2019-12-29 20:22:40,16.0,97.6,128.65560693252996,31.865122615803816,30.540871934604905
321,2019-12-30 03:50:16,2019-12-30 05:21:32,22.8,97.6,129.5258720309715,32.21897810218978,29.245255474452556
322,2019-12-30 15:37:29,2019-12-30 16:19:44,44.8,72.4,130.87394188808372,30.20754716981132,28.632075471698112
323,2019-12-31 10:08:25,2019-12-31 11:57:17,4.4,97.6,127.71146713459704,30.543451652386782,28.842105263157894
324,2020-01-01 03:11:05,2020-01-01 04:30:10,11.2,58.4,125.81074932909604,26.410774410774412,24.73063973063973
325,2020-01-01 13:57:43,2020-01-01 14:57:37,26.0,81.2,126.5061893870773,26.446666666666665,25.07111111111111
326,2020-01-01 23:38:43,2020-01-02 00:59:42,24.0,94.8,125.53187494703391,28.263157894736842,26.21546052631579
327,2020-01-02 20:48:29,2020-01-02 22:27:44,11.2,96.8,127.0100541958723,29.43489932885906,28.20268456375839
328,2020-01-03 06:06:59,2020-01-03 07:27:18,32.0,97.6,127.16959009569786,27.034825870646767,24.470978441127695
329,2020-01-03 19:46:48,2020-01-03 21:15:56,22.4,97.6,125.56438042627074,32.91479820627803,31.15844544095665
330,2020-01-04 12:13:55,2020-01-04 13:16:14,48.8,97.6,127.83320607069675,27.882478632478634,26.873931623931625
331,2020-01-04 22:40:13,2020-01-04 23:44:00,37.6,94.8,126.86896750922692,30.44676409185804,28.5741127348643
332,2020-01-05 23:07:23,2020-01-06 00:21:43,34.4,97.6,127.31051026722928,29.64695340501792,28.532258064516128
333,2020-01-06 04:57:06,2020-01-06 05:46:12,60.0,97.6,128.92761498965723,30.70731707317073,28.420054200542005
334,2020-01-06 13:35:38,2020-01-06 14:31:56,36.4,88.4,127.21174310897436,31.29078014184397,29.929078014184398
335,2020-01-07 02:42:15,2020-01-07 04:20:27,13.6,97.6,127.35002373677251,31.234735413839893,29.565807327001355
336,2020-01-07 16:18:14,2020-01-07 17:35:29,20.4,91.6,127.20758704353933,33.60344827586207,31.510344827586206
337,2020-01-08 00:53:47,2020-01-08 01:45:57,38.8,87.2,126.41000880394854,32.19387755102041,29.573979591836736
338,2020-01-08 13:58:37,2020-01-08 15:36:16,14.4,97.6,125.70151772168805,32.07094133697135,30.949522510231922
339,2020-01-08 22:33:27,2020-01-08 23:14:08,47.2,86.4,128.14460428358845,32.6764705882353,30.225490196078432
340,2020-01-09 04:50:05,2020-01-09 06:00:15,40.0,97.6,127.71426397810572,30.98481973434535,28.296015180265655
341,2020-01-09 16:35:33,2020-01-09 18:35:46,19.6,97.6,126.40838760149573,31.463414634146343,30.029933481152995
342,2020-01-10 01:03:32,2020-01-10 01:41:58,36.8,72.4,127.49571342852681,31.823529411764707,29.079584775086506
343,2020-01-10 06:01:41,2020-01-10 07:09:27,26.8,71.6,126.1786417937748,29.852652259332025,27.18271119842829
344,2020-01-10 08:19:06,2020-01-10 09:01:56,71.2,97.6,128.41547358480648,30.854037267080745,28.56832298136646
345,2020-01-10 17:16:34,2020-01-10 18:10:28,55.2,97.6,128.80340374082812,32.57283950617284,31.177777777777777
346,2020-01-11 03:50:20,2020-01-11 05:32:56,10.8,97.6,127.6513465917819,31.51818181818182,29.027272727272727
347,2020-01-12 00:28:50,2020-01-12 02:36:31,18.4,97.6,126.31782436167234,24.05427974947808,21.87473903966597
348,2020-01-12 05:07:27,2020-01-12 06:04:25,55.6,97.6,127.33182090277784,27.67056074766355,24.492990654205606
349,2020-01-13 00:00:29,2020-01-13 01:51:37,4.4,97.6,128.8945285914402,26.655875299760194,25.06714628297362
350,2020-01-13 16:18:24,2020-01-13 17:56:04,36.0,97.6,126.13455522637089,25.813096862210095,24.62892223738063
351,2020-01-14 14:42:13,2020-01-14 15:43:35,53.2,93.2,126.70913938541666,23.067245119305856,22.407809110629067
352,2020-01-15 01:05:32,2020-01-15 02:06:22,33.2,90.0,126.46908647300472,25.770240700218817,24.218818380743983
353,2020-01-15 13:55:41,2020-01-15 15:36:42,10.8,97.6,127.50945635720687,33.638522427440634,31.846965699208443
354,2020-01-16 02:22:34,2020-01-16 04:00:54,10.8,97.6,127.52345691564264,31.67479674796748,29.570460704607047
355,2020-01-16 17:48:56,2020-01-16 19:16:44,21.2,97.6,126.28315273414779,30.96358118361153,29.493171471927162
356,2020-01-17 02:07:56,2020-01-17 03:06:38,48.4,95.6,127.80856896186444,26.430839002267575,22.510204081632654
357,2020-01-17 13:43:44,2020-01-17 15:24:12,15.2,97.6,125.89127908238946,24.242705570291776,23.192307692307693
358,2020-01-18 00:57:33,2020-01-18 02:31:05,17.2,97.2,126.73406921006946,26.736467236467238,24.435897435897434
359,2020-01-18 12:27:43,2020-01-18 13:59:54,21.6,97.6,125.9262525,24.920520231213874,23.391618497109828
360,2020-01-19 02:17:31,2020-01-19 04:02:31,10.8,97.6,126.26036119911674,26.531725888324875,24.554568527918782
361,2020-01-19 14:58:42,2020-01-19 16:41:11,10.4,97.6,126.60000371432214,26.52405721716515,24.328998699609883
362,2020-01-20 15:49:34,2020-01-20 17:16:17,25.2,97.6,125.06243656384291,25.16589861751152,24.087557603686637
363,2020-01-21 10:56:29,2020-01-21 12:50:57,40.8,97.6,126.04929422926448,21.36786961583236,20.651920838183933
364,2020-01-22 01:42:46,2020-01-22 03:14:34,20.8,97.6,125.54252297453704,29.78519593613933,27.79245283018868
365,2020-01-22 09:47:03,2020-01-22 11:07:14,48.8,97.6,127.87880871470858,28.272425249169434,25.769102990033222
366,2020-01-22 20:26:46,2020-01-22 21:53:22,21.2,97.6,126.42712510543923,33.04769230769231,31.173846153846153
367,2020-01-23 11:12:31,2020-01-23 12:50:11,32.8,84.4,126.730355620155,29.22237380627558,28.201909959072307
368,2020-01-23 17:28:38,2020-01-23 18:32:32,45.6,97.6,127.77893562767098,33.425,32.15625
369,2020-01-24 07:29:15,2020-01-24 09:48:40,16.4,97.6,124.95448849890533,29.23135755258126,27.71032504780115
370,2020-03-09 10:25:41,2020-03-09 10:58:22,69.2,88.4,127.8233790653935,24.57894736842105,23.89068825910931
371,2020-03-10 09:54:15,2020-03-10 11:12:02,52.4,97.6,127.7246983806539,23.909246575342465,23.128424657534246
372,2020-03-10 23:43:44,2020-03-11 01:14:12,21.6,97.6,124.97199723318715,28.814432989690722,27.260677466863033
373,2020-03-11 15:42:57,2020-03-11 17:19:48,44.4,97.6,126.79925162907269,25.88445667125172,24.665749656121044
374,2020-03-12 17:29:24,2020-03-12 19:02:07,20.4,97.6,125.37631184513532,29.070402298850574,27.902298850574713
375,2020-03-13 02:47:54,2020-03-13 03:28:52,66.0,97.6,127.7664463519691,28.948051948051948,27.350649350649352
376,2020-03-13 16:40:55,2020-03-13 17:58:02,33.2,97.6,126.47484816468257,31.345423143350605,30.241796200345423
377,2020-03-15 14:02:02,2020-03-15 15:36:14,20.0,97.6,124.04563166881444,28.445544554455445,27.586987270155586
378,2020-03-15 23:38:40,2020-03-16 01:17:56,42.4,97.6,127.08526587157813,29.624161073825505,27.586577181208053
379,2020-03-16 17:47:59,2020-03-16 18:55:29,44.0,97.6,127.62875917547677,29.747534516765285,28.384615384615383
380,2020-03-17 16:31:23,2020-03-17 17:52:47,30.0,97.6,126.04603131369167,30.191176470588236,29.163398692810457
381,2020-03-18 14:27:05,2020-03-18 15:52:21,27.2,97.6,126.311575647096,28.13125,26.8375
382,2020-03-19 19:25:29,2020-03-19 21:05:56,13.6,97.6,126.33408301587303,27.40318302387268,26.362068965517242
383,2020-03-20 11:05:51,2020-03-20 12:16:10,41.6,83.6,126.12175417658736,25.994339622641508,24.69622641509434
384,2020-03-20 19:00:23,2020-03-20 20:24:09,38.4,88.4,125.92947236666664,28.93968253968254,27.33015873015873
385,2020-03-21 18:53:13,2020-03-21 20:25:16,47.6,97.6,125.90971934444445,30.290462427745666,29.16329479768786
386,2020-03-22 05:05:05,2020-03-22 06:17:56,37.2,97.6,127.30291790149009,31.636197440585008,29.63436928702011
387,2020-03-22 19:45:45,2020-03-22 20:56:20,39.6,97.6,126.95860947557476,34.21509433962264,33.2
388,2020-03-23 16:54:13,2020-03-23 18:35:13,10.0,97.6,126.61917374746321,35.205804749340366,33.95514511873351
389,2020-03-24 16:12:02,2020-03-24 16:30:35,30.8,48.4,122.70691974431823,32.457142857142856,30.82857142857143
390,2020-03-24 16:40:19,2020-03-24 17:43:34,48.0,97.6,126.31681822356636,35.99578947368421,34.30947368421052
391,2020-03-25 15:55:46,2020-03-25 17:29:34,10.8,94.4,125.7248001030037,34.40198863636363,32.86931818181818
392,2020-03-26 12:22:51,2020-03-26 13:08:29,61.2,97.6,127.17013109355923,29.090379008746357,28.104956268221574
393,2020-03-26 21:04:11,2020-03-26 22:11:17,42.4,97.6,126.7993015272746,32.595238095238095,31.017857142857142
394,2020-03-27 20:16:52,2020-03-27 21:36:23,17.2,90.0,124.88752459554335,29.395309882747068,27.604690117252932
395,2020-03-28 13:22:34,2020-03-28 14:43:57,30.0,97.6,123.88230255793889,27.72504091653028,26.585924713584287
396,2020-03-29 03:30:14,2020-03-29 04:49:05,32.0,97.6,125.51940020113486,27.197635135135137,25.33783783783784
397,2020-03-29 13:18:57,2020-03-29 13:54:03,76.8,97.6,127.75622221554488,24.825757575757574,23.40530303030303
398,2020-03-29 23:44:12,2020-03-30 01:05:11,18.8,92.0,124.80952746091378,28.136513157894736,26.138157894736842
399,2020-03-30 17:21:32,2020-03-30 18:23:35,43.6,95.2,125.88949184431529,21.82832618025751,20.56008583690987
400,2020-03-31 10:13:10,2020-03-31 11:09:52,58.8,97.6,124.81953845217642,22.629107981220656,21.55399061032864
401,2020-04-01 09:11:25,2020-04-01 09:58:47,41.6,69.6,122.61172852182543,19.207865168539325,18.623595505617978
402,2020-04-01 10:26:08,2020-04-01 11:17:06,69.6,97.6,119.55859993551587,21.054830287206265,20.334203655352482
403,2020-04-02 00:47:49,2020-04-02 02:13:21,23.6,97.6,124.6555156418919,25.828547990155865,24.0
404,2020-04-02 16:04:37,2020-04-02 17:15:19,47.6,90.0,125.62188384433965,23.131826741996232,22.03578154425612
405,2020-04-03 00:14:52,2020-04-03 01:25:59,23.2,89.2,124.237838253367,28.60861423220974,26.677902621722847
406,2020-04-03 15:48:29,2020-04-03 17:16:24,25.6,97.6,124.06148566743829,25.93030303030303,24.153030303030302
407,2020-04-03 21:44:34,2020-04-03 22:08:35,64.8,85.6,124.71828504941243,26.226519337016576,23.464088397790054
408,2020-04-04 14:20:41,2020-04-04 15:30:28,41.6,97.6,125.75552292658732,25.517175572519083,24.541984732824428
409,2020-04-07 11:16:18,2020-04-07 12:45:49,24.0,97.6,124.24778684141005,23.419642857142858,22.482142857142858
410,2020-04-08 09:28:09,2020-04-08 11:48:38,22.8,97.6,123.12861464163696,25.20967741935484,24.198292220113853
411,2020-04-09 16:09:01,2020-04-09 18:04:26,32.0,97.6,123.33885940464097,29.494226327944574,27.964203233256352
412,2020-04-10 02:23:44,2020-04-10 04:27:25,32.0,97.6,124.83294584476627,32.918103448275865,30.947198275862068
413,2020-04-10 15:33:52,2020-04-10 16:37:22,18.8,82.4,123.64303239212089,35.262054507337524,34.115303983228515
414,2020-04-11 11:25:16,2020-04-11 12:29:27,46.4,97.6,126.79805993381078,28.441908713692946,27.456431535269708
415,2020-04-12 01:52:49,2020-04-12 03:23:40,20.4,97.6,125.10029325885152,28.71700879765396,26.70967741935484
416,2020-04-12 16:22:11,2020-04-12 17:14:06,55.2,97.6,126.93587438417195,27.29230769230769,26.266666666666666
417,2020-04-13 01:23:32,2020-04-13 02:14:27,53.2,96.0,125.53661038421602,27.469973890339425,25.577023498694516
418,2020-04-13 15:40:36,2020-04-13 16:35:03,36.8,88.0,124.90986703830293,29.933985330073348,28.931540342298288
419,2020-04-13 19:22:19,2020-04-13 20:09:17,70.4,97.6,127.01371243872559,30.96600566572238,29.121813031161473
420,2020-04-14 12:33:56,2020-04-14 13:53:59,49.2,97.6,126.64706130624428,26.336106489184694,25.387687188019967
421,2020-04-15 13:02:07,2020-04-15 14:42:36,23.2,97.6,125.21805437201314,30.572944297082227,29.107427055702917
422,2020-04-15 20:30:18,2020-04-15 21:13:24,63.2,97.6,126.83270295138894,32.71913580246913,30.848765432098766
423,2020-04-16 05:08:10,2020-04-16 06:32:45,24.4,97.6,125.71289579538558,31.718110236220472,29.176377952755907
424,2020-04-17 00:02:39,2020-04-17 01:30:03,41.6,91.6,125.16901607777784,31.0609756097561,29.42530487804878
425,2020-04-17 05:37:33,2020-04-17 06:18:31,67.2,97.6,127.29050392909365,29.87012987012987,27.636363636363637
426,2020-04-17 14:19:20,2020-04-17 15:27:39,40.8,97.6,126.68225292204617,33.994152046783626,32.74074074074074
427,2020-04-18 00:58:41,2020-04-18 02:11:32,36.8,97.6,126.0951182131762,33.89762340036563,31.879341864716636
428,2020-04-18 06:39:57,2020-04-18 07:03:58,84.4,97.6,125.15501880260955,32.0,29.0
429,2020-04-18 19:13:31,2020-04-18 21:33:45,13.2,97.6,125.16615130990002,35.02661596958175,33.68346007604563
430,2020-04-19 01:47:49,2020-04-19 02:48:55,58.0,97.6,126.43548486251406,34.41394335511983,31.516339869281047
431,2020-04-20 15:06:38,2020-04-20 16:46:35,11.6,97.6,125.47729060885014,36.745333333333335,35.164
432,2020-04-20 21:41:53,2020-04-20 22:33:07,56.8,97.6,127.66868897739654,37.69090909090909,34.981818181818184
433,2020-04-21 16:17:30,2020-04-21 17:09:48,35.6,84.4,125.02638657217669,35.72773536895674,34.11450381679389
434,2020-04-21 22:45:45,2020-04-21 23:16:42,62.4,90.0,126.53417515599837,34.587982832618025,32.64377682403433
435,2020-04-22 12:30:42,2020-04-22 13:05:47,64.8,93.6,127.38012720871914,27.579545454545453,25.59090909090909
436,2020-04-22 23:14:14,2020-04-23 00:48:18,18.4,97.6,124.24586947601013,28.13456090651558,25.940509915014164
437,2020-04-23 14:52:15,2020-04-23 15:53:53,62.8,97.6,126.5804106242018,24.62850971922246,23.617710583153347
438,2020-04-25 00:57:09,2020-04-25 01:20:49,20.4,34.4,126.91966091269842,21.566433566433567,20.496503496503497
439,2020-04-25 01:21:10,2020-04-25 01:53:00,34.8,54.4,122.0266655328798,23.661458333333332,22.583333333333332
440,2020-04-25 01:53:21,2020-04-25 02:21:51,54.4,72.0,121.71877698863636,25.424418604651162,24.11046511627907
441,2020-04-25 02:22:12,2020-04-25 02:56:32,72.4,92.8,126.50601933551206,26.193236714975846,25.0
442,2020-04-25 06:54:34,2020-04-25 07:21:54,83.6,92.8,128.73792210144924,25.0,22.830303030303032
443,2020-04-25 19:20:44,2020-04-25 20:29:27,41.2,97.6,126.2331968848503,31.027131782945737,29.862403100775193
444,2020-04-26 12:30:52,2020-04-26 13:00:32,31.6,59.6,123.53620987103173,29.212290502793294,27.949720670391063
445,2020-04-26 13:00:53,2020-04-26 13:28:23,60.0,85.2,127.17207423941798,31.96385542168675,30.771084337349397
446,2020-04-26 13:28:44,2020-04-26 13:49:24,85.6,97.6,128.99423703703704,33.0,32.0
447,2020-04-26 19:10:15,2020-04-26 19:38:45,61.2,87.6,125.82702809343441,35.50581395348837,33.877906976744185
448,2020-04-26 19:39:06,2020-04-26 19:55:46,87.6,97.6,127.35002055555556,36.0,34.7029702970297
449,2020-04-27 12:48:30,2020-04-27 13:16:10,40.0,62.0,123.54420763888892,31.976047904191617,30.449101796407184
450,2020-04-27 13:16:31,2020-04-27 13:43:31,62.4,82.4,126.17362493055553,33.06748466257669,31.773006134969325
451,2020-04-27 13:43:52,2020-04-27 14:09:12,82.8,97.6,129.15167548798803,34.0,32.0
452,2020-04-27 16:52:48,2020-04-27 17:13:38,83.6,97.6,126.90577311507936,36.0,34.301587301587304
453,2020-04-28 05:17:14,2020-04-28 05:45:24,47.6,73.6,126.66026971153852,30.788235294117648,29.141176470588235
454,2020-04-28 05:45:45,2020-04-28 06:14:45,74.0,96.4,124.75571719990074,32.0,30.0
455,2020-04-28 15:24:13,2020-04-28 15:53:43,28.8,46.4,125.74732062815659,36.36516853932584,35.12359550561798
456,2020-04-28 16:04:04,2020-04-28 16:27:04,46.0,59.6,126.94036917892156,37.78417266187051,36.719424460431654
457,2020-04-28 16:27:25,2020-04-28 16:54:35,60.0,76.0,127.36632170138888,38.51829268292683,37.0
458,2020-04-28 17:30:07,2020-04-28 17:51:57,84.8,97.2,122.86516073028668,39.0,37.14393939393939
459,2020-04-29 12:47:33,2020-04-29 13:19:03,60.0,88.4,125.94337803208136,31.0,29.989473684210527
460,2020-04-29 13:19:24,2020-04-29 13:37:24,88.8,97.6,130.94383554292932,32.0,31.0
461,2020-04-29 22:48:38,2020-04-29 23:15:48,48.8,74.0,125.83444179894178,34.75609756097561,32.96341463414634
462,2020-04-29 23:16:09,2020-04-29 23:46:29,74.4,97.2,127.0912692495127,36.0,34.0
463,2020-04-30 16:28:31,2020-04-30 16:39:31,32.4,37.6,132.17678606303411,33.0,32.0
464,2020-04-30 16:39:42,2020-04-30 17:10:52,38.0,54.8,123.36802463624343,34.14323962516733,32.98527443105756
465,2020-04-30 17:11:13,2020-04-30 17:44:23,54.8,72.8,122.53546342592591,35.62797074954296,34.0
466,2020-04-30 17:44:34,2020-04-30 18:09:34,72.8,86.0,125.95535648148146,36.0,34.19928825622776
467,2020-04-30 22:27:38,2020-04-30 22:55:28,7.2,25.6,125.81972267512076,35.0,32.04761904761905
468,2020-04-30 22:55:49,2020-04-30 23:27:49,26.0,47.2,125.53194680293498,35.943005181347154,33.53367875647668
469,2020-04-30 23:28:10,2020-04-30 23:59:30,47.2,68.0,125.23770219017096,37.77777777777778,35.370370370370374
470,2020-04-30 23:59:51,2020-05-01 00:28:41,68.4,87.2,127.53839450354612,38.0,36.0
471,2020-05-01 00:29:02,2020-05-01 00:46:42,87.6,97.6,134.44029583333335,38.570093457943926,36.0
472,2020-05-01 18:49:58,2020-05-01 19:09:48,12.0,30.4,125.83183197463772,35.85,34.0
473,2020-05-01 19:10:09,2020-05-01 19:36:49,30.4,55.6,123.50364654982361,37.515527950310556,35.7888198757764
474,2020-05-01 19:37:10,2020-05-01 20:03:00,56.0,79.6,127.70716366525427,39.782051282051285,37.51282051282051
475,2020-05-01 20:03:21,2020-05-01 20:28:31,80.0,97.6,128.69161971275255,40.026315789473685,37.99342105263158
476,2020-05-03 01:06:25,2020-05-03 01:30:15,34.4,56.8,124.37253292410715,32.90972222222222,31.54861111111111
477,2020-05-03 01:30:36,2020-05-03 01:58:21,57.2,82.8,126.65517595486118,35.05357142857143,33.470238095238095
478,2020-05-03 01:58:42,2020-05-03 02:20:22,83.2,97.6,128.4143655478396,36.0,34.0
479,2020-05-03 15:10:43,2020-05-03 15:30:13,36.8,55.2,123.7907718900966,38.32203389830509,36.45762711864407
480,2020-05-03 15:30:34,2020-05-03 15:59:54,55.2,82.4,125.92576465482024,39.836158192090394,38.31638418079096
481,2020-05-03 16:00:15,2020-05-03 16:22:15,82.8,97.6,127.74776351351352,40.203007518796994,39.0
482,2020-05-04 03:58:58,2020-05-04 04:21:28,18.4,39.2,126.17721440972218,33.830882352941174,32.11764705882353
483,2020-05-04 04:21:49,2020-05-04 04:52:59,39.6,68.8,124.499141314688,36.691489361702125,35.005319148936174
484,2020-05-04 04:53:20,2020-05-04 05:25:20,69.2,94.8,126.84950895182297,38.015544041450774,36.16580310880829
485,2020-05-04 15:22:16,2020-05-04 15:50:56,54.8,71.6,126.61376256613757,39.76300578034682,38.0
486,2020-05-04 15:51:17,2020-05-04 16:16:57,72.0,86.8,128.7077788100601,40.0,38.23870967741936
487,2020-05-04 16:17:18,2020-05-04 16:36:48,87.2,97.6,130.71449706196594,40.0,39.0
488,2020-05-05 01:19:59,2020-05-05 01:38:56,42.8,60.4,125.57630605271464,38.18260869565217,35.91304347826087
489,2020-05-05 01:39:17,2020-05-05 02:05:07,60.8,84.8,125.57349484953704,39.66025641025641,37.37820512820513
490,2020-05-05 13:45:37,2020-05-05 14:19:42,30.4,51.2,123.44286919070511,37.271844660194176,35.9126213592233
491,2020-05-06 01:31:29,2020-05-06 01:58:59,33.6,59.2,125.40311149088541,37.644578313253014,35.71686746987952
492,2020-05-06 01:59:20,2020-05-06 02:29:10,59.6,87.2,126.15439834943638,39.733333333333334,37.772222222222226
493,2020-05-06 02:29:31,2020-05-06 02:46:31,87.6,97.6,130.60419111111105,40.0,38.0
494,2020-05-06 13:32:20,2020-05-06 13:50:30,13.6,24.4,126.2062799639918,36.0,34.32727272727273
495,2020-05-06 13:50:51,2020-05-06 14:22:21,24.8,43.6,125.66637130614657,36.61052631578947,35.473684210526315
496,2020-05-06 14:22:42,2020-05-06 14:48:22,43.6,59.6,120.3125,38.49677419354839,37.30967741935484
497,2020-05-06 14:48:43,2020-05-06 15:16:33,60.0,76.4,127.29505504742545,39.083333333333336,38.0
498,2020-05-06 21:18:10,2020-05-06 21:50:50,56.8,87.2,125.66111092836256,40.045685279187815,38.16751269035533
499,2020-05-06 21:51:11,2020-05-06 22:08:11,87.2,97.6,127.30635056089756,41.0,39.0
500,2020-05-07 16:26:21,2020-05-07 16:54:11,27.6,53.6,125.18751773504275,39.023809523809526,37.67261904761905
501,2020-05-07 16:54:32,2020-05-07 17:22:59,54.0,80.4,125.9827060290404,41.52325581395349,40.01162790697674
502,2020-05-08 03:28:07,2020-05-08 03:56:27,69.2,92.8,126.58487370527311,36.292397660818715,34.538011695906434
503,2020-05-08 14:21:32,2020-05-08 14:51:22,16.4,44.0,126.22636035628018,38.705555555555556,37.522222222222226
504,2020-05-08 14:51:43,2020-05-08 15:22:03,44.4,72.8,124.67674779929577,41.50273224043716,40.0655737704918
505,2020-05-08 15:22:24,2020-05-08 15:38:54,73.2,88.4,125.11970705409358,42.8,41.0
506,2020-05-09 00:47:19,2020-05-09 01:14:49,19.6,45.6,125.18323092948718,37.7289156626506,35.28313253012048
507,2020-05-09 01:15:10,2020-05-09 01:46:00,46.0,75.6,123.37041164602105,40.55913978494624,37.75268817204301
508,2020-05-09 11:37:01,2020-05-09 12:02:11,12.4,35.6,125.6501434386973,36.546052631578945,35.30263157894737
509,2020-05-09 12:02:32,2020-05-09 12:20:15,35.6,52.4,122.1254932208995,38.7962962962963,37.44444444444444
510,2020-05-09 12:20:36,2020-05-09 12:54:06,52.8,83.6,125.94831858766236,41.18811881188119,39.584158415841586
511,2020-05-10 01:09:16,2020-05-10 01:32:06,16.4,37.6,125.84448735587002,36.20289855072464,34.69565217391305
512,2020-05-10 01:32:27,2020-05-10 02:04:27,38.0,68.0,124.58334694444444,39.196891191709845,37.829015544041454
513,2020-05-10 02:04:48,2020-05-10 02:33:08,68.4,92.4,125.98785995370369,41.04093567251462,39.49122807017544
514,2020-05-10 17:29:05,2020-05-10 17:56:55,17.6,43.6,125.0699950854701,34.523809523809526,31.80952380952381
515,2020-05-10 17:57:16,2020-05-10 18:28:06,44.0,73.2,123.3442868626332,37.456989247311824,34.73118279569893
516,2020-05-11 14:51:28,2020-05-11 15:23:38,37.2,69.2,124.09636406250002,36.44845360824742,35.18556701030928
517,2020-05-11 17:59:44,2020-05-11 18:23:44,80.8,97.6,128.14568220899474,39.0,37.0
518,2020-05-12 15:58:09,2020-05-12 16:16:29,22.4,33.6,125.21703509424597,33.0,31.126126126126128
519,2020-05-12 16:16:50,2020-05-12 16:48:40,33.6,53.2,122.24562478741497,34.317708333333336,32.864583333333336
520,2020-05-12 16:49:01,2020-05-12 17:19:31,53.6,71.2,125.27622601010103,35.93478260869565,34.0
521,2020-05-12 17:19:52,2020-05-12 17:48:32,71.6,87.2,127.5739134615384,36.0,34.72254335260116
522,2020-05-13 03:56:10,2020-05-13 04:25:40,66.4,89.6,125.59448024425295,33.97191011235955,32.31460674157304
523,2020-05-13 06:53:34,2020-05-13 07:26:24,67.6,94.4,125.41408312603643,36.83838383838384,34.621212121212125
524,2020-05-13 17:19:46,2020-05-13 17:54:16,56.4,89.6,125.64257262382867,36.61057692307692,34.61057692307692
525,2020-05-14 15:59:06,2020-05-14 16:16:46,49.6,58.8,127.9242175422706,34.87850467289719,33.822429906542055
526,2020-05-14 16:17:07,2020-05-14 16:46:27,59.2,74.8,125.36146777065531,35.0,34.0
527,2020-05-15 01:02:44,2020-05-15 01:29:04,33.2,58.0,124.03899131944445,35.45283018867924,33.64150943396226
528,2020-05-15 01:29:25,2020-05-15 01:59:15,58.4,86.0,126.2283708232689,37.84444444444444,35.90555555555556
529,2020-05-15 01:59:36,2020-05-15 02:17:58,86.4,97.6,132.15738570188506,38.973214285714285,36.17857142857143
530,2020-05-15 15:57:48,2020-05-15 16:22:28,26.8,50.0,124.35406704980845,37.919463087248324,35.993288590604024
531,2020-05-15 16:22:49,2020-05-15 16:54:19,50.0,79.6,124.248789085961,40.584210526315786,38.9
532,2020-05-15 16:54:40,2020-05-15 17:18:16,80.0,96.8,127.66436046626986,41.89510489510489,40.0
533,2020-05-16 01:54:36,2020-05-16 02:23:26,36.8,64.0,123.64583067810455,39.87931034482759,37.0919540229885
534,2020-05-16 02:23:47,2020-05-16 02:51:37,64.4,89.6,125.4050903880071,41.42857142857143,38.44047619047619
535,2020-05-16 13:37:40,2020-05-16 14:06:30,59.6,86.0,127.1580508207071,35.04597701149425,33.44252873563219
536,2020-05-16 23:13:49,2020-05-16 23:42:39,24.8,52.0,123.49673672385623,35.02298850574713,32.14367816091954
537,2020-05-16 23:43:00,2020-05-17 00:09:50,52.4,77.2,126.04559111783153,37.74691358024691,34.78395061728395
538,2020-05-17 03:51:14,2020-05-17 04:20:14,53.6,80.4,126.39149476575456,36.434285714285714,32.84
539,2020-05-17 04:20:35,2020-05-17 04:46:35,80.8,97.6,128.56070552248678,37.0,33.77070063694268
540,2020-05-17 20:40:51,2020-05-17 21:10:11,37.2,64.8,123.68710975241551,36.81920903954802,34.35028248587571
541,2020-05-17 21:10:32,2020-05-17 21:31:52,65.2,85.2,124.12779069444446,38.35658914728682,35.97674418604651
542,2020-05-18 11:31:21,2020-05-18 11:52:20,42.8,62.4,124.95741779336736,31.716535433070867,30.606299212598426
543,2020-05-18 11:52:41,2020-05-18 12:34:04,62.8,96.4,125.98715665095897,33.54980079681275,32.52988047808765
544,2020-05-19 14:59:21,2020-05-19 15:27:11,32.4,59.2,121.4526499792703,34.601190476190474,33.11904761904762
545,2020-05-19 15:27:32,2020-05-19 15:55:12,59.2,85.2,124.46796709401711,36.97604790419162,35.221556886227546
546,2020-05-19 15:55:33,2020-05-19 16:16:33,85.6,97.6,128.60300694444447,38.0,36.0
547,2020-05-20 06:51:35,2020-05-20 07:22:55,49.6,74.8,124.34413921957675,33.7037037037037,32.095238095238095
548,2020-05-20 07:23:16,2020-05-20 07:50:46,75.2,94.8,126.81052706916103,34.83132530120482,33.0
549,2020-05-20 23:14:10,2020-05-20 23:39:50,28.0,52.0,124.74594681712962,32.52258064516129,30.56774193548387
550,2020-05-20 23:40:11,2020-05-21 00:10:21,52.4,80.4,125.693452281746,35.35164835164835,33.357142857142854
551,2020-05-21 03:46:39,2020-05-21 04:11:19,66.8,88.8,128.1969883207071,35.30201342281879,32.46979865771812
552,2020-05-21 17:24:36,2020-05-21 17:46:06,22.8,39.6,127.77778505291005,34.52307692307692,32.98461538461538
553,2020-05-21 17:46:27,2020-05-21 18:16:17,40.0,64.4,122.07423292349723,37.02777777777778,35.41111111111111
554,2020-05-21 18:16:38,2020-05-21 18:42:08,64.4,84.8,124.75014889705889,38.22727272727273,37.0
555,2020-05-22 00:35:00,2020-05-22 00:53:00,42.8,59.6,126.05986805555555,34.522935779816514,31.642201834862384
556,2020-05-22 00:53:21,2020-05-22 01:10:01,60.0,75.6,125.74787873931635,35.95049504950495,33.0
557,2020-05-22 10:31:08,2020-05-22 10:59:38,51.6,73.2,125.75618672839504,32.56976744186046,30.436046511627907
558,2020-05-22 10:59:59,2020-05-22 11:30:39,73.6,94.4,127.313048477564,33.41081081081081,31.232432432432432
559,2020-05-22 19:43:58,2020-05-22 20:00:48,29.6,41.6,129.35535104166672,34.05882352941177,32.51960784313726
560,2020-05-22 20:01:09,2020-05-22 20:31:39,42.0,64.8,123.31144261695913,35.65217391304348,34.233695652173914
561,2020-05-22 20:32:00,2020-05-22 20:59:20,65.2,85.2,126.00350506944447,37.0,35.0
562,2020-05-22 20:59:41,2020-05-22 21:19:11,85.6,97.6,130.5891471064815,37.0,35.0
563,2020-05-23 04:37:46,2020-05-23 04:57:46,29.2,48.0,125.04655341312055,34.892561983471076,32.586776859504134
564,2020-05-23 04:58:07,2020-05-23 05:26:47,48.4,75.6,124.05689869281049,37.3121387283237,34.98843930635838
565,2020-05-23 05:27:08,2020-05-23 05:56:08,76.0,97.2,126.53500700995808,38.0,36.0
566,2020-05-23 18:57:14,2020-05-23 19:26:54,58.4,76.0,126.69826010101013,35.0,34.0
567,2020-05-23 19:27:15,2020-05-23 19:44:05,76.0,86.0,126.53058361111111,35.86274509803921,34.1764705882353
568,2020-05-24 18:05:46,2020-05-24 18:23:16,10.4,26.8,124.5274429200542,34.66981132075472,32.9622641509434
569,2020-05-24 18:23:37,2020-05-24 18:55:07,27.2,56.8,124.14790015015016,36.46842105263158,34.810526315789474
570,2020-05-24 18:55:28,2020-05-24 19:26:28,57.2,86.0,125.55555835262346,38.86096256684492,37.1283422459893
571,2020-05-24 19:26:49,2020-05-24 19:46:19,86.4,97.6,131.92835317460333,39.00847457627118,37.228813559322035
572,2020-05-25 14:36:51,2020-05-25 15:20:31,21.2,48.0,124.34091222014925,33.11363636363637,31.931818181818183
573,2020-05-25 15:20:52,2020-05-25 15:55:22,48.4,69.2,121.28006897702991,35.39423076923077,33.87980769230769
574,2020-05-25 16:11:26,2020-05-25 16:35:06,78.4,91.2,127.19576981336812,36.0,34.0
575,2020-05-26 11:33:02,2020-05-26 12:01:52,24.4,51.6,123.82762888071895,33.98850574712644,32.9080459770115
576,2020-05-26 12:02:13,2020-05-26 12:28:53,52.0,77.2,123.59293678350969,36.850931677018636,35.63975155279503
577,2020-05-26 12:29:14,2020-05-26 12:59:24,77.2,97.6,126.01446160130725,38.0,36.81868131868132
578,2020-05-27 09:59:31,2020-05-27 10:26:51,54.4,80.0,124.79059874131944,32.64242424242424,31.33939393939394
579,2020-05-27 10:27:12,2020-05-27 10:54:52,80.4,97.6,127.15683704780372,33.958083832335326,32.203592814371255
580,2020-05-27 18:38:58,2020-05-27 19:11:48,53.6,84.0,125.91556122076024,36.111111111111114,34.55555555555556
581,2020-05-27 19:12:09,2020-05-27 19:33:39,84.4,97.6,127.55999558080819,37.0,35.1
582,2020-05-28 15:56:09,2020-05-28 16:15:49,23.6,42.0,124.89886896135269,33.38655462184874,31.857142857142858
583,2020-05-28 16:16:10,2020-05-28 16:44:30,42.0,69.2,121.63042274305553,36.16959064327485,34.619883040935676
584,2020-05-28 16:44:51,2020-05-28 17:16:55,69.6,95.2,125.41364319661454,37.68205128205128,36.02564102564103
585,2020-05-29 04:10:09,2020-05-29 04:39:49,28.0,55.6,125.17713808373594,33.63128491620112,31.77094972067039
586,2020-05-29 04:40:10,2020-05-29 05:08:30,56.0,82.4,124.96686558291246,36.31578947368421,34.36257309941521
587,2020-05-29 05:08:51,2020-05-29 05:31:21,82.8,97.6,130.30594369369373,37.0,35.0
588,2020-05-29 15:45:25,2020-05-29 16:12:05,25.6,43.2,126.01007575757572,35.38509316770186,33.546583850931675
589,2020-05-29 16:12:26,2020-05-29 16:43:56,43.6,65.2,121.28469791666664,37.51052631578948,35.66315789473684
590,2020-05-29 19:57:47,2020-05-29 20:58:45,52.4,97.6,126.6608967428712,37.58951965065502,35.48689956331878
591,2020-05-30 19:49:40,2020-05-30 20:06:40,68.4,84.0,127.13853917378925,31.262135922330096,30.25242718446602
592,2020-05-30 20:07:01,2020-05-30 20:29:01,84.4,97.6,128.5080164141415,32.0,31.0
593,2020-05-31 15:49:03,2020-05-31 16:16:03,35.2,51.6,123.82794071815721,32.3680981595092,30.282208588957054
594,2020-05-31 16:16:24,2020-05-31 16:52:44,52.0,74.0,124.37376489898992,33.858447488584474,31.82648401826484
595,2020-05-31 16:53:05,2020-05-31 17:22:15,74.0,91.6,124.83430792297983,34.25,32.02272727272727
596,2020-06-01 08:39:24,2020-06-01 09:04:04,59.6,82.4,126.36027113791421,29.812080536912752,29.20805369127517
597,2020-06-01 09:04:25,2020-06-01 09:29:45,82.8,97.6,128.9836852477478,31.0,30.0
598,2020-06-01 22:52:13,2020-06-01 23:16:33,1.2,20.4,114.97466731770831,32.48299319727891,30.843537414965986
599,2020-06-01 23:16:54,2020-06-01 23:44:34,20.4,40.8,122.99085709422657,33.191616766467064,31.610778443113773
600,2020-06-01 23:44:55,2020-06-02 00:09:25,41.2,58.8,126.25077327967176,35.277027027027025,33.71621621621622
601,2020-06-02 00:09:46,2020-06-02 00:35:16,58.8,77.2,125.56612590579705,36.90909090909091,35.0
602,2020-06-02 03:57:20,2020-06-02 04:23:40,56.0,80.0,127.23844004629629,38.540880503144656,35.132075471698116
603,2020-06-02 04:24:01,2020-06-02 04:48:41,80.4,97.6,127.29331839470295,39.0,36.0
604,2020-06-02 16:42:20,2020-06-02 17:09:30,37.6,52.8,118.90896692251465,31.8109756097561,30.475609756097562
605,2020-06-02 17:09:51,2020-06-02 17:41:11,52.8,70.0,121.23059851421185,33.0,31.77777777777778
606,2020-06-02 17:41:32,2020-06-02 18:09:42,70.4,85.2,126.68729335585589,33.688235294117646,32.0
607,2020-06-02 18:10:03,2020-06-02 18:35:53,85.6,97.6,129.5844775462963,34.0,32.794871794871796
608,2020-06-03 01:17:50,2020-06-03 01:37:10,40.0,58.4,122.37922463768118,34.0940170940171,32.11965811965812
609,2020-06-03 01:37:31,2020-06-03 02:06:41,58.4,85.6,124.93156770833336,35.84659090909091,33.76136363636363
610,2020-06-03 02:07:02,2020-06-03 02:27:12,86.0,97.6,129.76534782088132,36.81147540983606,34.5
611,2020-06-03 06:48:06,2020-06-03 07:18:46,78.0,97.6,127.90038761337874,35.84324324324324,33.005405405405405
612,2020-06-04 05:56:06,2020-06-04 06:18:46,74.0,92.8,126.2359629875887,30.67883211678832,29.67883211678832
613,2020-06-04 16:51:55,2020-06-04 17:18:35,13.6,29.6,125.0,37.422360248447205,36.22360248447205
614,2020-06-04 17:18:56,2020-06-04 17:47:16,29.6,46.8,123.546511627907,38.567251461988306,37.36842105263158
615,2020-06-04 17:47:37,2020-06-04 18:19:17,46.8,66.4,121.17346938775503,40.0,38.617801047120416
616,2020-06-04 18:19:38,2020-06-04 18:45:58,66.8,82.4,126.60256410256403,41.0,38.088050314465406
617,2020-06-04 18:46:19,2020-06-04 19:13:09,82.4,97.6,127.5858918128656,41.0,38.0
618,2020-06-05 13:26:48,2020-06-05 13:44:08,38.4,48.8,125.04407491987183,36.0,34.58095238095238
619,2020-06-05 13:44:29,2020-06-05 14:12:29,49.2,66.0,125.00000000000003,37.16568047337278,35.781065088757394
620,2020-06-05 19:05:26,2020-06-05 19:27:46,60.0,80.8,125.26042120726497,35.74074074074074,32.903703703703705
621,2020-06-05 19:28:07,2020-06-05 19:51:57,81.2,97.6,128.97782943766944,36.0,33.9375
622,2020-06-06 02:19:42,2020-06-06 02:49:42,50.8,80.4,125.81457038288283,34.57340720221607,32.53462603878116
623,2020-06-06 02:49:53,2020-06-06 03:15:53,80.4,98.0,124.65043087121217,35.92332268370607,33.97444089456869
624,2020-06-06 18:31:28,2020-06-06 18:55:58,15.2,33.2,124.97918695987651,30.304054054054053,28.33783783783784
625,2020-06-06 18:56:19,2020-06-06 19:23:49,33.2,54.0,121.37688735309831,32.41566265060241,30.55421686746988
626,2020-06-06 19:24:10,2020-06-06 19:52:20,54.0,75.2,121.97132186844861,34.42941176470588,32.43529411764706
627,2020-06-06 19:52:41,2020-06-06 20:20:21,75.2,94.4,124.20501873553238,35.0,33.0
628,2020-06-07 05:18:02,2020-06-07 05:46:02,32.8,59.2,124.0283221801347,33.0887573964497,30.964497041420117
629,2020-06-07 05:46:23,2020-06-07 06:14:23,59.6,85.6,125.92202649572653,35.42603550295858,33.124260355029584
630,2020-06-07 06:14:44,2020-06-07 06:34:14,86.0,97.6,129.87187535919546,36.0,34.0
631,2020-06-08 06:59:44,2020-06-08 07:34:24,18.4,52.0,120.67627380952379,32.98086124401914,31.449760765550238
632,2020-06-08 07:34:45,2020-06-08 08:07:05,52.0,83.2,121.24111413817667,36.09230769230769,34.57435897435897
633,2020-06-08 08:07:26,2020-06-08 08:30:36,83.6,97.6,126.29364206349206,37.0,35.0
634,2020-06-08 19:10:26,2020-06-08 19:42:06,39.6,70.0,121.86953641264624,34.84293193717277,33.09424083769633
635,2020-06-08 19:42:27,2020-06-08 20:12:27,70.4,94.8,124.01299345400736,36.66298342541437,34.80110497237569
636,2020-06-09 03:08:09,2020-06-09 03:45:38,46.8,82.4,123.00168952871407,37.8300395256917,35.284584980237156
637,2020-06-09 03:45:59,2020-06-09 04:04:19,82.8,94.4,123.04359614463591,39.0,36.0
638,2020-06-09 15:54:05,2020-06-09 16:19:45,30.4,54.8,122.66109175774137,33.71612903225807,32.13548387096774
639,2020-06-09 16:20:06,2020-06-09 16:52:46,55.2,86.4,122.08912210648148,36.45177664974619,34.974619289340104
640,2020-06-10 16:55:56,2020-06-10 17:22:36,21.6,46.8,123.36198346560849,35.54037267080745,34.006211180124225
641,2020-06-10 17:22:57,2020-06-10 17:53:17,47.2,76.8,119.4772818130631,38.486338797814206,36.89071038251366
642,2020-06-10 17:53:38,2020-06-10 18:21:48,76.8,97.6,123.93697115384619,39.77058823529412,38.0
643,2020-06-11 12:46:52,2020-06-11 13:14:52,38.0,55.2,122.34821842700259,33.38461538461539,32.437869822485204
644,2020-06-11 13:15:13,2020-06-11 13:39:43,55.6,70.8,121.15682510964916,35.0,34.0
645,2020-06-11 13:40:04,2020-06-11 14:07:04,70.8,87.2,123.76357757452574,36.0,34.95705521472393
646,2020-06-11 14:07:25,2020-06-11 14:24:45,87.6,97.6,128.31669555555558,36.885714285714286,35.77142857142857
647,2020-06-11 23:43:33,2020-06-12 00:14:03,29.2,48.4,119.140625,37.53260869565217,35.55978260869565
648,2020-06-12 00:14:24,2020-06-12 00:44:54,48.4,67.6,119.07479087094907,39.0,36.983695652173914
649,2020-06-12 00:45:15,2020-06-12 01:20:25,68.0,89.2,124.31930431079662,39.7877358490566,37.0
650,2020-06-12 05:59:09,2020-06-12 06:28:39,64.0,82.4,120.766180102657,36.949438202247194,34.0
651,2020-06-12 06:29:00,2020-06-12 06:54:06,82.8,97.6,126.43152225975977,37.0,34.0
652,2020-06-12 13:36:35,2020-06-12 14:04:55,34.8,58.0,120.79083943965514,40.42690058479532,38.95906432748538
653,2020-06-12 14:05:16,2020-06-12 14:32:26,58.4,79.2,122.87661458333329,41.90853658536585,40.109756097560975
654,2020-06-12 14:32:47,2020-06-12 15:00:47,79.6,97.6,127.53164506172838,42.0,41.0
655,2020-06-12 23:02:12,2020-06-12 23:36:02,34.0,66.8,120.62840476795395,41.338235294117645,38.916666666666664
656,2020-06-12 23:36:23,2020-06-13 00:02:43,67.2,90.8,124.4144430320151,43.0,40.484276729559745
657,2020-06-13 02:20:38,2020-06-13 02:40:08,83.2,96.8,122.62358343545756,40.36440677966102,37.220338983050844
658,2020-06-13 13:39:26,2020-06-13 14:00:36,27.6,48.0,120.89189011437911,38.7265625,37.171875
659,2020-06-13 22:27:42,2020-06-13 22:56:22,76.8,97.6,125.5281933092949,37.0,35.93063583815029
660,2020-06-14 05:11:49,2020-06-14 05:38:29,50.4,76.0,122.69478776041669,36.64596273291925,33.79503105590062
661,2020-06-14 05:38:50,2020-06-14 06:07:40,76.4,97.6,126.47144765461225,37.78735632183908,35.0
662,2020-06-14 14:21:47,2020-06-14 14:39:57,40.0,57.6,121.18450244633839,34.372727272727275,32.627272727272725
663,2020-06-14 14:40:18,2020-06-14 15:06:48,58.0,83.2,123.63371533289242,36.1875,34.325
664,2020-06-15 09:57:10,2020-06-15 10:25:50,49.6,78.4,122.42815764853397,32.38150289017341,31.3757225433526
665,2020-06-15 10:26:11,2020-06-15 10:52:31,78.8,97.6,125.85921106678488,33.867924528301884,32.84905660377358
666,2020-06-15 16:19:39,2020-06-15 16:48:29,50.0,67.6,122.86931818181823,34.6551724137931,32.833333333333336
667,2020-06-15 16:48:50,2020-06-15 17:22:40,67.6,88.4,121.99519230769225,35.161764705882355,33.6421568627451
668,2020-06-16 03:01:41,2020-06-16 03:32:11,33.2,62.8,120.36834848911413,35.10326086956522,33.29891304347826
669,2020-06-16 03:32:32,2020-06-16 04:05:12,63.2,92.0,123.5301026234568,37.17258883248731,35.370558375634516
670,2020-06-16 17:28:50,2020-06-16 17:59:30,8.8,39.6,115.5050670995671,34.61081081081081,33.12972972972973
671,2020-06-16 17:59:51,2020-06-16 18:31:01,40.0,69.2,123.8118517884323,37.84574468085106,36.148936170212764
672,2020-06-16 18:31:22,2020-06-16 19:00:22,69.6,93.6,126.59261226851852,39.68,37.93142857142857
673,2020-06-17 05:11:53,2020-06-17 05:37:43,22.8,32.0,122.14678592995172,33.0,30.634615384615383
674,2020-06-17 05:38:04,2020-06-17 06:05:04,32.0,41.6,122.34379687500004,33.30061349693251,31.32515337423313
675,2020-06-17 06:05:25,2020-06-17 06:30:45,41.6,51.2,114.79171064814815,34.0,32.01307189542484
676,2020-06-17 06:31:06,2020-06-17 06:59:36,51.2,61.6,119.20677644230776,34.901162790697676,33.0
677,2020-06-17 06:59:57,2020-06-17 07:29:07,62.0,72.4,121.99523904914527,35.0,33.0
678,2020-06-17 07:29:28,2020-06-17 08:04:08,72.4,84.4,125.66671481481487,35.0,33.0
679,2020-06-17 17:41:43,2020-06-17 18:03:13,12.4,28.0,119.45067726139602,36.0,33.97692307692308
680,2020-06-17 19:16:06,2020-06-17 19:41:06,28.0,48.4,106.22481093409586,36.12582781456954,33.75496688741722
681,2020-06-17 19:41:27,2020-06-17 20:13:37,48.4,71.2,122.27095516569197,38.05670103092783,35.675257731958766
682,2020-06-17 20:51:39,2020-06-17 21:13:59,70.8,86.8,120.53993246527777,38.0,35.28888888888889
683,2020-06-18 00:59:47,2020-06-18 01:18:17,91.2,97.6,78.45488476562514,34.0,32.0
684,2020-06-18 18:14:45,2020-06-18 18:43:15,36.4,64.0,120.4780602858293,36.77906976744186,35.75
685,2020-06-18 18:43:36,2020-06-18 19:14:56,64.0,91.6,123.11543453099843,38.7037037037037,37.576719576719576
686,2020-06-19 03:13:24,2020-06-19 03:31:44,39.6,49.2,123.27982297453705,36.0,34.01801801801802
687,2020-06-19 03:32:05,2020-06-19 04:01:05,49.2,65.2,120.3203455729167,36.988571428571426,35.0
688,2020-06-19 04:01:26,2020-06-19 04:29:26,65.6,80.8,122.33280455043858,37.0,35.0
689,2020-06-19 04:29:47,2020-06-19 05:01:47,80.8,97.6,126.46745527447092,37.0,35.0
690,2020-06-19 13:47:15,2020-06-19 14:11:35,18.0,30.8,123.93987345920137,40.0,38.0
691,2020-06-19 14:11:56,2020-06-19 14:41:26,31.2,47.2,122.62670711805552,40.62921348314607,38.97191011235955
692,2020-06-19 14:41:47,2020-06-19 15:12:17,47.6,64.4,120.74484565145498,41.85326086956522,40.0
693,2020-06-19 15:12:38,2020-06-19 15:43:18,64.8,81.2,124.37327743902433,42.0,40.0
694,2020-06-19 15:43:39,2020-06-19 16:14:49,81.2,97.6,126.42612500000008,42.0,40.0
695,2020-06-20 03:43:07,2020-06-20 04:02:07,14.4,32.8,120.4981911231884,37.28695652173913,35.06086956521739
696,2020-06-20 04:02:28,2020-06-20 04:34:18,33.2,63.6,122.16694074378655,39.755208333333336,37.65625
697,2020-06-20 04:34:39,2020-06-20 04:59:09,64.0,87.2,123.20641786398465,41.8445945945946,39.317567567567565
698,2020-06-20 06:30:31,2020-06-20 06:47:41,70.8,86.8,125.42015633680563,41.0,38.0
699,2020-06-20 06:48:02,2020-06-20 07:05:02,87.2,97.6,125.93617922008558,41.00970873786408,38.04854368932039
700,2020-06-20 14:17:38,2020-06-20 14:45:18,47.2,73.6,122.24957765151518,41.041916167664674,39.59880239520958
701,2020-06-20 14:45:39,2020-06-20 15:14:29,73.6,96.0,124.40599541170634,42.0,40.764367816091955
702,2020-06-20 23:08:46,2020-06-20 23:27:46,26.4,44.4,123.12577106481484,41.165217391304346,38.73913043478261
703,2020-06-20 23:28:07,2020-06-20 23:59:17,44.8,75.2,119.55546788194444,43.244680851063826,40.744680851063826
704,2020-06-20 23:59:38,2020-06-21 00:29:28,75.6,97.6,127.27462847222225,44.0,41.422222222222224
705,2020-06-21 13:13:23,2020-06-21 13:37:03,52.8,67.6,119.68844284909915,34.6993006993007,33.0
706,2020-06-21 13:37:24,2020-06-21 14:04:24,67.6,84.0,123.71784264905148,35.01840490797546,33.70552147239264
707,2020-06-21 14:04:45,2020-06-21 14:27:15,84.4,97.6,126.44047337962978,35.98529411764706,34.0
708,2020-06-21 23:41:14,2020-06-22 00:13:04,35.6,68.0,121.64482034465023,39.546875,37.8125
709,2020-06-22 00:18:07,2020-06-22 00:42:47,73.2,94.0,124.01844651442309,41.68456375838926,39.0
710,2020-06-22 11:24:12,2020-06-22 11:41:42,28.0,38.8,120.82173302469137,38.0,36.33018867924528
711,2020-06-22 11:51:37,2020-06-22 12:24:27,44.8,65.2,120.44251130174288,39.64141414141414,38.54545454545455
712,2020-06-22 12:24:48,2020-06-22 12:57:08,65.6,84.8,126.02138396990736,40.764102564102565,39.04102564102564
713,2020-06-22 12:57:29,2020-06-22 13:18:59,85.2,97.6,128.104809811828,41.0,40.0
714,2020-06-22 18:17:10,2020-06-22 18:48:40,66.0,83.2,122.09383083010334,41.689473684210526,40.0
715,2020-06-22 18:49:01,2020-06-22 19:15:51,83.2,97.6,124.22646585648154,41.99382716049383,40.0
716,2020-06-23 16:08:40,2020-06-23 16:36:40,42.4,69.2,121.4049754871476,41.33136094674556,39.710059171597635
717,2020-06-23 16:37:01,2020-06-23 17:04:11,69.6,92.8,123.17292259339081,42.98170731707317,41.542682926829265
718,2020-06-24 02:07:01,2020-06-24 02:29:41,20.8,42.4,123.24459297839508,37.72992700729927,35.97810218978102
719,2020-06-24 02:30:02,2020-06-24 03:05:02,42.8,76.8,120.89787001633987,40.682464454976305,38.758293838862556
720,2020-06-24 03:05:23,2020-06-24 03:33:23,77.2,97.6,127.24947385620922,42.0,40.0
721,2020-06-24 16:39:30,2020-06-24 18:31:02,5.2,92.4,123.91696127357288,43.256869772998805,41.83034647550777
722,2020-06-25 01:51:42,2020-06-25 02:28:37,21.2,43.6,123.62041325644839,38.24215246636771,35.62780269058296
723,2020-06-25 02:28:58,2020-06-25 03:02:28,44.0,65.2,118.51415094339622,39.727722772277225,37.504950495049506
724,2020-06-25 03:02:49,2020-06-25 03:33:54,65.2,84.4,121.42361154513888,40.0,38.0
725,2020-06-25 12:07:02,2020-06-25 12:33:32,24.4,40.8,121.73190404810299,36.81875,35.425
726,2020-06-25 12:33:53,2020-06-25 13:01:23,41.2,58.4,120.44576308139538,38.46987951807229,36.68072289156626
727,2020-06-25 13:01:44,2020-06-25 13:33:44,58.8,78.4,122.9932244897959,39.0,37.0
728,2020-06-25 13:34:05,2020-06-25 14:05:55,78.4,97.2,126.56178945035464,39.421875,37.0
729,2020-06-26 19:44:34,2020-06-26 20:08:04,7.2,30.0,120.15228131091618,38.15492957746479,37.0
730,2020-06-26 20:08:25,2020-06-26 20:36:25,30.4,57.2,121.82316905058043,40.30769230769231,38.76331360946745
731,2020-06-26 20:36:46,2020-06-26 21:07:46,57.6,86.8,123.8027912385845,42.41711229946524,40.55614973262032
732,2020-06-26 21:08:07,2020-06-26 21:25:37,87.2,97.6,128.2825857371796,43.0,40.87735849056604
733,2020-06-27 04:16:23,2020-06-27 04:46:53,38.0,67.2,121.90925413812784,38.75,36.06521739130435
734,2020-06-27 04:47:14,2020-06-27 05:21:04,67.6,95.2,125.07196935386469,40.544117647058826,37.96078431372549
735,2020-06-27 20:00:14,2020-06-27 20:27:04,22.4,48.0,122.50760888671874,39.888888888888886,38.24074074074074
736,2020-06-27 20:27:25,2020-06-27 20:57:35,48.4,77.2,122.30566131365741,42.637362637362635,40.81318681318681
737,2020-06-27 20:57:56,2020-06-27 21:25:36,77.6,97.6,126.92084631944445,43.08982035928144,41.89820359281437
738,2020-06-28 04:14:46,2020-06-28 04:46:26,51.2,70.4,123.64727502893513,38.69109947643979,35.97905759162304
739,2020-06-28 04:46:47,2020-06-28 05:16:07,70.8,88.4,124.97553416982319,39.0,36.0
740,2020-06-28 12:26:09,2020-06-28 12:57:09,55.2,84.4,123.94645072298323,39.24598930481283,38.032085561497325
741,2020-06-28 12:57:30,2020-06-28 13:17:20,84.8,97.6,126.78278027343754,40.0,39.0
742,2020-06-28 19:43:37,2020-06-28 20:05:27,48.8,69.6,122.82186672008551,41.734848484848484,40.333333333333336
743,2020-06-29 01:26:59,2020-06-29 01:53:39,54.0,79.6,121.71388183593751,40.409937888198755,37.91925465838509
744,2020-06-29 01:54:00,2020-06-29 02:19:20,79.6,97.6,124.71296620370369,41.0,38.97385620915033
745,2020-06-29 17:01:53,2020-06-29 17:30:33,36.8,64.4,121.03814226046697,41.29479768786127,39.872832369942195
746,2020-06-30 02:23:57,2020-06-30 02:52:17,55.6,82.8,121.30464455678107,39.36842105263158,37.43859649122807
747,2020-06-30 10:05:43,2020-06-30 10:28:43,29.6,51.6,122.07324078282828,37.2589928057554,35.62589928057554
748,2020-06-30 10:29:04,2020-06-30 10:59:14,52.0,80.8,122.24537336033954,39.642857142857146,37.71978021978022
749,2020-06-30 10:59:35,2020-06-30 11:22:05,80.8,96.8,124.91667187499999,40.220588235294116,38.0
750,2020-07-01 01:24:34,2020-07-01 01:52:44,42.4,69.6,120.46265614787588,40.14705882352941,38.4
751,2020-07-01 01:53:05,2020-07-01 02:28:45,70.0,97.6,125.4106511674719,41.76279069767442,39.883720930232556
752,2020-07-01 13:50:51,2020-07-01 14:16:21,43.2,67.6,121.91712112932609,39.701298701298704,38.23376623376623
753,2020-07-01 14:16:42,2020-07-01 14:47:42,67.6,93.6,123.69230833333336,41.49732620320856,39.81283422459893
754,2020-07-01 20:57:45,2020-07-01 21:28:05,60.8,89.2,123.36022691705786,40.40983606557377,38.622950819672134
755,2020-07-02 19:03:48,2020-07-02 19:40:18,38.4,73.2,121.07681577266922,36.32272727272727,35.07272727272727
756,2020-07-02 19:40:39,2020-07-02 20:11:29,73.6,96.8,125.11016726532569,38.0,36.166666666666664
757,2020-07-03 09:50:19,2020-07-03 10:17:19,28.0,54.4,119.96001178451179,34.93251533742331,33.76687116564417
758,2020-07-03 10:17:40,2020-07-03 10:47:20,54.8,83.2,122.54498122065725,37.497206703910614,36.42458100558659
759,2020-07-03 10:47:41,2020-07-03 11:08:51,83.6,97.6,126.39784791666673,38.15625,37.0
760,2020-07-03 20:24:36,2020-07-03 20:44:26,35.6,54.4,123.14125834810876,34.391666666666666,32.325
761,2020-07-03 20:44:47,2020-07-03 21:16:37,54.8,85.2,122.16922532894736,36.635416666666664,34.447916666666664
762,2020-07-03 21:16:58,2020-07-03 21:36:28,85.6,97.6,130.0845138888889,37.059322033898304,35.0
763,2020-07-04 15:25:18,2020-07-04 15:46:08,10.0,30.0,121.16808847222227,32.904761904761905,31.182539682539684
764,2020-07-04 15:46:29,2020-07-04 16:18:19,30.4,60.8,121.84761348684212,35.588541666666664,34.015625
765,2020-07-04 16:18:40,2020-07-04 16:36:50,61.2,78.4,122.96270163113694,38.054545454545455,36.527272727272724
766,2020-07-04 20:14:39,2020-07-04 20:45:29,51.6,61.2,120.43692071759256,36.0,33.0
767,2020-07-04 20:45:50,2020-07-04 21:14:50,61.2,70.0,123.50378030303035,35.80571428571429,33.0
768,2020-07-04 21:39:43,2020-07-04 22:13:36,77.2,87.6,122.01588615117531,35.0,33.0
769,2020-07-04 22:13:57,2020-07-04 22:42:27,87.6,96.0,126.11276256613748,34.55232558139535,32.51162790697674
770,2020-07-05 04:45:57,2020-07-05 05:12:17,32.4,58.0,120.03798263888888,34.15094339622642,32.276729559748425
771,2020-07-05 05:12:38,2020-07-05 05:44:58,58.0,88.4,122.7933177083333,36.48205128205128,34.63076923076923
772,2020-07-05 17:13:46,2020-07-05 17:33:26,2.4,11.2,122.66889756944445,37.621848739495796,35.26890756302521
773,2020-07-05 17:33:47,2020-07-05 18:00:57,11.6,23.2,122.89394193007664,36.792682926829265,34.97560975609756
774,2020-07-05 18:01:18,2020-07-05 18:29:38,23.6,35.6,118.74423645833335,36.9766081871345,35.0
775,2020-07-05 18:29:59,2020-07-05 19:01:59,35.6,48.4,121.81642220052085,37.26943005181347,35.170984455958546
776,2020-07-05 19:02:20,2020-07-05 19:29:10,48.4,58.8,121.55852457264957,38.0,36.0
777,2020-07-05 19:29:31,2020-07-05 20:03:51,58.8,71.2,125.6328519265232,38.0,35.71497584541063
778,2020-07-05 20:04:12,2020-07-05 20:31:12,71.6,80.8,130.31706295289848,37.0920245398773,35.0
779,2020-07-05 20:31:33,2020-07-05 21:06:13,81.2,92.8,130.12335524425293,37.0,34.99043062200957
780,2020-07-06 03:24:56,2020-07-06 03:50:46,48.0,73.2,121.47653444664901,37.243589743589745,35.35897435897436
781,2020-07-06 03:51:07,2020-07-06 04:21:47,73.2,97.2,124.5220076388889,38.1027027027027,36.8054054054054
782,2020-07-06 16:53:53,2020-07-06 17:18:53,10.0,27.2,120.51684270025842,41.19867549668874,40.0
783,2020-07-06 17:19:14,2020-07-06 17:44:42,27.6,44.8,122.89152222222228,42.696774193548386,41.380645161290325
784,2020-07-06 18:02:31,2020-07-06 18:32:41,55.2,75.6,122.73697739651426,45.0,44.0
785,2020-07-07 12:15:09,2020-07-07 12:46:29,37.6,68.4,118.72971207611833,38.423280423280424,37.05291005291005
786,2020-07-07 12:46:50,2020-07-07 13:17:00,68.4,93.6,124.04321009700183,40.065934065934066,38.92307692307692
787,2020-07-07 23:20:38,2020-07-07 23:41:48,22.8,43.2,122.55309769880172,38.421875,36.796875
788,2020-07-07 23:56:43,2020-07-08 00:16:53,58.0,77.6,121.6744534438776,42.0,40.27049180327869
789,2020-07-08 05:29:19,2020-07-08 06:00:59,48.0,78.4,121.54011453764615,41.55497382198953,38.55497382198953
790,2020-07-08 06:01:20,2020-07-08 06:28:00,78.8,97.6,127.60416260342791,42.12422360248447,39.88198757763975
791,2020-07-09 07:07:10,2020-07-09 08:13:21,40.8,97.6,123.54875046459313,35.971830985915496,34.87726358148893
792,2020-07-09 16:08:32,2020-07-09 16:37:32,59.2,86.8,122.82107055152981,40.42285714285714,38.86857142857143
793,2020-07-09 16:37:53,2020-07-09 16:55:43,86.8,97.6,126.14840676440333,41.0,39.0
794,2020-07-10 03:31:19,2020-07-10 03:58:49,44.0,70.0,122.9434011752137,36.903614457831324,35.30120481927711
795,2020-07-10 03:59:10,2020-07-10 04:30:00,70.4,95.2,123.83458506944447,38.543010752688176,36.854838709677416
796,2020-07-10 23:39:55,2020-07-11 00:07:05,21.6,47.6,122.22170544871796,37.28658536585366,35.798780487804876
797,2020-07-11 00:07:26,2020-07-11 00:38:56,48.0,78.4,121.19884767909357,40.05263157894737,38.421052631578945
798,2020-07-11 00:39:17,2020-07-11 01:05:47,78.8,97.6,126.96737027186762,41.0,39.0
799,2020-07-11 04:33:06,2020-07-11 05:03:36,32.0,51.2,119.17462970196762,41.40217391304348,38.21195652173913
800,2020-07-11 05:03:57,2020-07-11 05:35:57,51.2,70.4,120.1099710648148,42.740932642487046,39.0
801,2020-07-11 05:36:18,2020-07-11 06:07:58,70.8,88.4,124.09013959911607,43.0,39.0
802,2020-07-11 06:08:19,2020-07-11 06:25:59,88.4,97.6,128.16578049516923,42.401869158878505,39.0
803,2020-07-11 15:13:22,2020-07-11 15:35:32,48.4,61.6,121.75399884259255,40.52985074626866,39.0
804,2020-07-11 20:44:13,2020-07-11 21:15:53,72.0,90.4,124.77355072463763,37.0,35.0
805,2020-07-12 12:45:25,2020-07-12 13:13:15,51.6,78.0,122.96086174242427,38.36309523809524,36.67857142857143
806,2020-07-12 13:13:36,2020-07-12 13:40:16,78.4,97.6,125.11357689525471,39.0,38.0
807,2020-07-12 19:33:06,2020-07-12 20:01:26,32.8,60.0,121.53237867647057,41.60818713450293,40.23391812865497
808,2020-07-12 20:01:47,2020-07-12 20:30:07,60.4,87.2,123.325039800995,43.64912280701754,42.23391812865497
809,2020-07-12 20:30:28,2020-07-12 20:47:38,87.2,97.6,127.48930288461548,44.0,42.44230769230769
810,2020-07-13 03:01:12,2020-07-13 03:32:42,55.2,84.8,123.65430011261267,40.136842105263156,37.38947368421053
811,2020-07-13 03:33:03,2020-07-13 03:52:43,85.2,97.6,129.06028853046604,41.0,38.0
812,2020-07-13 12:08:34,2020-07-13 12:27:34,52.8,66.0,119.46974494949497,39.76521739130435,38.74782608695652
813,2020-07-13 20:37:49,2020-07-13 21:09:39,10.0,30.4,121.36780494281048,43.0,41.0
814,2020-07-13 21:10:00,2020-07-13 21:36:10,30.8,47.2,121.87247569444446,43.62658227848101,42.24050632911393
815,2020-07-13 21:45:15,2020-07-13 22:10:05,51.2,66.0,122.9861255630631,45.0,43.373333333333335
816,2020-07-13 22:10:26,2020-07-13 22:39:56,66.4,83.2,123.86658457341271,45.0,43.0
817,2020-07-13 22:40:17,2020-07-13 23:06:37,83.6,97.6,127.65180892857144,45.0,43.0
818,2020-07-14 16:33:47,2020-07-14 18:38:08,25.6,64.4,119.64943112113401,42.87995712754555,41.452304394426584
819,2020-07-14 19:00:16,2020-07-14 20:47:01,64.4,97.6,119.74856606007367,43.0,41.612983770287144
820,2020-07-15 01:12:11,2020-07-15 01:41:41,50.8,79.2,122.33716519953053,42.92134831460674,40.58988764044944
821,2020-07-15 01:42:02,2020-07-15 02:00:12,79.6,93.6,126.26093452380954,44.0,41.0
822,2020-07-15 16:44:50,2020-07-15 17:12:50,29.6,56.8,120.36817493872552,41.72189349112426,40.544378698224854
823,2020-07-15 17:13:11,2020-07-15 17:45:31,57.2,86.4,123.51171033105024,44.4,42.91794871794872
824,2020-07-15 17:45:52,2020-07-15 18:05:02,86.8,97.6,130.3575303497943,45.0,43.19827586206897
825,2020-07-16 03:04:50,2020-07-16 04:34:06,18.8,97.6,123.16053876198536,41.50149253731343,39.25671641791045
826,2020-07-16 09:46:10,2020-07-16 10:46:12,60.4,97.6,122.323130421147,40.0,37.569844789356985
827,2020-07-16 19:22:08,2020-07-16 19:51:18,24.0,42.0,122.898150154321,42.06818181818182,40.65340909090909
828,2020-07-16 19:51:39,2020-07-16 20:20:49,42.4,60.8,120.2068236714976,43.625,42.40340909090909
829,2020-07-17 02:02:27,2020-07-17 02:30:17,24.0,50.8,121.08570931799338,41.57738095238095,39.30952380952381
830,2020-07-17 02:30:38,2020-07-17 03:01:18,51.2,80.0,121.72020336612657,44.34054054054054,41.78918918918919
831,2020-07-17 03:01:39,2020-07-17 03:29:09,80.4,97.6,128.99385142118874,45.0,42.0
832,2020-07-17 17:00:06,2020-07-17 17:29:56,18.0,46.8,122.48168682484568,42.82222222222222,41.266666666666666
833,2020-07-17 17:30:17,2020-07-17 18:04:07,47.2,78.8,120.63468508263011,45.8235294117647,44.450980392156865
834,2020-07-17 18:04:28,2020-07-17 18:21:48,79.2,91.2,127.52201516203708,47.0,45.0
835,2020-07-18 04:25:43,2020-07-18 04:43:23,2.8,13.6,123.23047993827161,38.0,36.0
836,2020-07-18 04:43:44,2020-07-18 05:13:54,13.6,32.8,118.36229470486114,38.043956043956044,36.010989010989015
837,2020-07-18 05:14:15,2020-07-18 05:42:55,32.8,50.8,119.9753351851852,39.38728323699422,37.40462427745665
838,2020-07-18 05:43:16,2020-07-18 06:15:56,50.8,70.4,125.5555833333333,40.82741116751269,38.80203045685279
839,2020-07-18 06:16:17,2020-07-18 06:40:37,70.8,85.2,127.29941087962962,41.0,39.0
840,2020-07-18 14:28:29,2020-07-18 15:03:39,36.8,70.4,121.53854257605818,42.85377358490566,41.278301886792455
841,2020-07-18 20:42:00,2020-07-18 21:15:10,50.8,82.4,122.19102412974681,42.85,40.835
842,2020-07-18 21:15:31,2020-07-18 21:37:41,82.8,97.6,128.8522673611111,44.0,42.0
843,2020-07-19 19:16:00,2020-07-19 19:42:50,30.0,56.4,119.07199926346806,42.5679012345679,40.54938271604938
844,2020-07-19 19:43:11,2020-07-19 20:10:01,56.4,81.2,122.28832678091396,44.78395061728395,42.888888888888886
845,2020-07-19 20:10:22,2020-07-19 20:35:22,81.6,97.2,127.50983431267801,45.0,43.0
846,2020-07-20 01:49:03,2020-07-20 02:11:13,56.0,77.2,123.77031335167715,41.559701492537314,38.843283582089555
847,2020-07-20 02:11:34,2020-07-20 02:38:44,77.6,97.6,124.9041901388889,42.0,39.0
848,2020-07-20 20:54:28,2020-07-20 21:22:58,37.2,64.8,120.66929720209343,39.122093023255815,37.91279069767442
849,2020-07-20 21:23:19,2020-07-20 21:53:19,65.2,91.6,123.65268108164986,40.84530386740332,39.25966850828729
850,2020-07-21 05:43:38,2020-07-21 07:12:32,18.8,97.6,122.70046382719968,42.696107784431135,39.75449101796407
851,2020-07-21 14:49:55,2020-07-21 15:19:45,53.6,71.2,123.85734958964645,40.87222222222222,38.0
852,2020-07-21 15:20:06,2020-07-21 15:53:46,71.6,90.4,125.30217309397156,41.0,38.935960591133004
853,2020-07-21 22:15:49,2020-07-21 22:43:39,57.6,84.0,122.89666550925926,40.24404761904762,38.49404761904762
854,2020-07-21 22:44:00,2020-07-21 23:04:30,84.4,97.6,128.13130765993276,41.0,39.0
855,2020-07-22 02:22:29,2020-07-22 02:50:29,76.8,97.6,124.94059241452995,40.0,37.65680473372781
856,2020-07-22 13:25:17,2020-07-22 13:54:17,51.6,79.2,121.50814699074076,38.691428571428574,36.691428571428574
857,2020-07-22 17:00:56,2020-07-22 17:18:06,42.8,59.2,122.42041150067753,43.28846153846154,41.49038461538461
858,2020-07-22 17:48:38,2020-07-22 18:09:48,85.2,97.6,125.21841991487463,45.0,42.0703125
859,2020-07-23 06:31:19,2020-07-23 06:57:49,78.4,97.6,124.74464959490746,36.0,34.0
860,2020-07-23 13:30:22,2020-07-23 14:04:02,54.8,87.2,121.54836552640604,42.04433497536946,40.16256157635468
861,2020-07-23 14:04:23,2020-07-23 14:21:43,87.2,97.6,126.53981223290609,43.0,41.0
862,2020-07-23 22:47:11,2020-07-23 23:32:09,26.4,63.2,121.02684192708332,41.39349112426036,39.633136094674555
863,2020-07-23 23:59:06,2020-07-24 00:31:39,62.8,87.6,122.71982737455198,42.906122448979595,40.8734693877551
864,2020-07-24 07:01:29,2020-07-24 08:27:00,33.6,97.6,123.02900687717018,38.95794392523364,36.69314641744548
865,2020-07-24 16:58:46,2020-07-24 17:24:54,43.2,61.2,121.12786888117284,42.465408805031444,41.056603773584904
866,2020-07-24 23:29:05,2020-07-25 00:56:37,8.400001,88.4,122.26087761506652,43.534246575342465,41.58599695585997
867,2020-07-25 04:29:16,2020-07-25 04:48:56,64.8,83.6,122.21410867316791,42.0,39.03361344537815
868,2020-07-25 04:49:17,2020-07-25 05:09:37,84.0,97.6,127.47957904411771,42.357723577235774,39.3089430894309
869,2020-07-25 11:32:36,2020-07-25 11:54:06,55.6,76.0,122.5898986928105,40.76923076923077,39.45384615384615
870,2020-07-25 11:54:27,2020-07-25 12:23:17,76.4,97.6,126.2834344208596,41.85632183908046,40.747126436781606
871,2020-07-25 19:05:41,2020-07-25 19:30:21,27.6,52.0,120.53279331739526,43.241610738255034,41.80536912751678
872,2020-07-25 19:30:42,2020-07-25 19:57:22,52.0,77.2,120.70879635141094,44.95652173913044,43.80124223602485
873,2020-07-25 19:57:43,2020-07-25 20:27:23,77.6,97.6,126.97570680555556,45.09497206703911,44.0
874,2020-07-26 17:44:16,2020-07-26 18:15:16,40.8,70.8,120.55371092592596,38.88235294117647,37.919786096256686
875,2020-07-26 19:22:49,2020-07-26 19:45:14,81.6,97.6,124.08429749131946,40.0,39.0
876,2020-07-27 17:29:57,2020-07-27 17:56:17,47.2,63.6,121.80471265243906,42.80503144654088,41.38364779874214
877,2020-07-27 22:23:56,2020-07-27 22:49:46,32.8,57.6,121.694678875448,41.25,39.37179487179487
878,2020-07-27 22:50:07,2020-07-27 23:17:27,58.0,83.6,124.60504079861113,43.42424242424242,41.24848484848485
879,2020-07-27 23:17:48,2020-07-27 23:38:28,84.0,97.6,128.56108312908503,44.0,42.0
880,2020-07-28 20:13:39,2020-07-28 20:32:49,10.0,28.4,122.11278449577301,38.939655172413794,37.077586206896555
881,2020-07-28 20:33:10,2020-07-28 21:02:20,28.4,56.8,120.42449755477311,41.0,39.22159090909091
882,2020-07-28 21:02:41,2020-07-28 21:32:21,56.8,85.2,122.50244860133022,43.513966480446925,41.4804469273743
883,2020-07-28 21:32:42,2020-07-28 21:52:02,85.6,97.6,128.89240416666672,44.0,42.0
884,2020-07-29 06:58:00,2020-07-29 07:34:57,72.4,97.6,125.46187513778666,37.20503597122302,35.64748201438849
885,2020-07-30 16:27:07,2020-07-30 16:55:57,18.4,30.4,120.83683182870371,38.00574712643678,36.13793103448276
886,2020-07-30 16:56:18,2020-07-30 17:24:18,30.4,41.6,120.5047315228174,39.0,37.27218934911242
887,2020-07-30 17:24:39,2020-07-30 17:57:29,41.6,54.8,115.19258754208757,39.65151515151515,38.0
888,2020-07-30 17:57:50,2020-07-30 18:28:20,54.8,66.4,116.53976999521068,40.0,38.0
889,2020-07-30 18:28:41,2020-07-30 18:59:31,66.4,77.2,123.447821244856,39.93010752688172,38.0
890,2020-07-30 18:59:52,2020-07-30 19:28:22,77.6,86.8,131.60931868961347,39.0,38.0
891,2020-07-30 19:28:43,2020-07-30 19:47:43,87.2,93.2,132.49312777777777,39.0,37.19130434782609
892,2020-07-31 03:12:20,2020-07-31 03:30:40,30.4,47.6,123.69430071059435,37.08108108108108,35.387387387387385
893,2020-07-31 03:31:01,2020-07-31 03:59:30,48.0,75.2,121.549139185049,39.57225433526011,38.104046242774565
894,2020-07-31 03:59:51,2020-07-31 04:29:31,75.6,97.6,124.92929633838385,41.0,39.14525139664804
895,2020-07-31 18:15:50,2020-07-31 20:04:03,2.4,90.8,121.96990444947208,39.50369458128079,37.48399014778325
896,2020-08-02 14:13:08,2020-08-02 14:37:38,76.8,95.6,123.20921919326244,30.945945945945947,30.0
897,2020-08-03 01:37:37,2020-08-03 02:03:37,76.4,96.4,125.23889388888887,32.67515923566879,31.764331210191084
898,2020-08-03 13:53:58,2020-08-03 14:23:08,28.0,56.0,121.57937023809527,32.76136363636363,31.454545454545453
899,2020-08-03 14:23:29,2020-08-03 14:54:39,56.4,86.0,122.99269308370873,35.59574468085106,34.297872340425535
900,2020-08-03 14:55:00,2020-08-03 15:14:00,86.4,97.6,129.34896391369062,36.208695652173915,35.0
901,2020-08-04 00:47:57,2020-08-04 01:08:27,33.2,52.8,121.59157979024948,33.07258064516129,31.379032258064516
902,2020-08-04 01:08:48,2020-08-04 01:35:38,53.2,78.4,123.81892333553792,35.51234567901235,33.69135802469136
903,2020-08-04 01:35:59,2020-08-04 01:59:01,78.8,95.6,125.88810737433866,36.72142857142857,34.9
904,2020-08-04 13:15:54,2020-08-04 13:44:04,49.2,76.0,123.29756327736318,36.370588235294115,34.56470588235294
905,2020-08-04 13:44:25,2020-08-04 14:13:45,76.4,97.6,126.72824855870029,37.07909604519774,35.88135593220339
906,2020-08-04 21:13:07,2020-08-04 21:45:47,60.4,82.4,123.64645606060603,36.0,33.0
907,2020-08-04 21:46:08,2020-08-04 22:06:48,82.4,95.6,123.1439300294614,36.0,33.0
908,2020-08-05 05:09:50,2020-08-05 05:39:40,20.4,40.4,125.02851965277782,34.37222222222222,32.15555555555556
909,2020-08-05 05:40:01,2020-08-05 06:09:41,40.8,61.2,121.82329643246183,36.435754189944134,34.3072625698324
910,2020-08-05 06:10:02,2020-08-05 06:38:22,61.6,80.8,123.65311038773153,37.89473684210526,35.14035087719298
911,2020-08-05 06:38:43,2020-08-05 07:05:13,81.2,97.6,128.05476236449874,38.0,36.0
912,2020-08-05 16:22:02,2020-08-05 16:51:32,37.6,66.0,121.33315248435055,33.87640449438202,31.910112359550563
913,2020-08-05 16:51:53,2020-08-05 17:22:13,66.4,92.4,123.33655443376068,35.87978142076503,33.84153005464481
914,2020-08-06 00:29:00,2020-08-06 00:47:50,43.2,61.2,121.99228595679013,33.95614035087719,31.517543859649123
915,2020-08-06 00:48:11,2020-08-06 01:16:41,61.2,88.0,122.7000477300995,35.54651162790697,33.30813953488372
916,2020-08-06 04:52:44,2020-08-06 05:24:06,63.2,82.4,122.52604166666666,36.0,33.084210526315786
917,2020-08-06 05:24:27,2020-08-06 05:50:47,82.4,97.6,125.48245732821646,36.15723270440252,34.0
918,2020-08-06 17:24:41,2020-08-06 17:53:21,12.8,30.0,124.16669444444446,39.005780346820806,37.09826589595376
919,2020-08-06 17:53:42,2020-08-06 18:22:52,30.4,48.0,123.46120186237374,40.40909090909091,38.45454545454545
920,2020-08-06 18:23:13,2020-08-06 18:55:03,48.0,67.6,120.99917672902498,41.84375,39.8125
921,2020-08-06 18:55:24,2020-08-06 19:18:14,68.0,81.6,125.0817275326798,42.0,40.0
922,2020-08-07 12:04:57,2020-08-07 12:34:47,59.6,70.0,124.32158279914532,34.0,33.0
923,2020-08-07 12:35:08,2020-08-07 13:06:18,70.0,81.2,120.69569556051587,34.0,33.0
924,2020-08-07 13:06:39,2020-08-07 13:35:29,81.2,91.2,125.34448444444448,34.0,33.0
925,2020-08-07 13:35:50,2020-08-07 13:55:00,91.2,97.6,130.1107107204863,34.0,33.0
926,2020-08-07 17:11:23,2020-08-07 17:30:13,86.8,97.6,125.34207960390951,38.0,37.0
927,2020-08-08 15:20:46,2020-08-08 15:49:46,23.2,41.6,121.55042987620774,39.457142857142856,37.64
928,2020-08-08 15:50:07,2020-08-08 16:20:17,41.6,60.8,117.96514778645839,41.434065934065934,39.66483516483517
929,2020-08-08 16:20:38,2020-08-08 16:51:28,60.8,78.8,123.05865671296297,42.0,40.543010752688176
930,2020-08-08 16:51:49,2020-08-08 17:09:59,79.2,89.2,126.18196888888886,42.58181818181818,41.0
931,2020-08-09 00:08:53,2020-08-09 00:28:46,40.8,60.0,119.77530341435185,40.917355371900825,38.94214876033058
932,2020-08-09 04:37:37,2020-08-09 05:05:37,51.2,70.0,124.12160246749411,39.467455621301774,36.562130177514796
933,2020-08-09 05:05:58,2020-08-09 05:35:58,70.4,90.4,124.42708333333334,40.0,37.0
934,2020-08-09 15:24:28,2020-08-09 15:55:28,25.2,46.0,123.70197275641029,41.94652406417112,40.37433155080214
935,2020-08-09 15:55:49,2020-08-09 16:20:49,46.4,63.6,120.63958333333333,43.6953642384106,42.42384105960265
936,2020-08-10 09:46:19,2020-08-10 10:12:29,20.4,34.8,121.14197530864197,35.335443037974684,34.40506329113924
937,2020-08-10 10:12:50,2020-08-10 10:44:10,34.8,52.4,118.68686868686868,37.03703703703704,36.19047619047619
938,2020-08-10 10:44:31,2020-08-10 11:14:31,52.4,69.2,119.0558870701058,38.76243093922652,37.87845303867403
939,2020-08-10 11:14:52,2020-08-10 11:44:42,69.2,85.6,121.33554141260167,39.0,38.05
940,2020-08-10 11:45:03,2020-08-10 12:07:53,85.6,97.6,126.89468020833334,39.992753623188406,39.0
941,2020-08-11 11:36:37,2020-08-11 12:47:44,18.0,86.0,122.0338289603758,38.92883895131086,37.50374531835206
942,2020-08-11 15:19:38,2020-08-11 15:51:38,68.4,90.0,123.93263786008237,42.0,40.295336787564764
943,2020-08-11 20:44:29,2020-08-11 21:11:49,57.2,71.6,126.2248917824075,42.21212121212121,40.0
944,2020-08-11 21:12:10,2020-08-11 21:43:50,72.0,88.8,125.34388492063493,42.0,39.20942408376963
945,2020-08-12 14:39:34,2020-08-12 15:08:34,42.8,70.4,122.3450191223832,35.822857142857146,34.78285714285714
946,2020-08-12 15:08:55,2020-08-12 15:37:55,70.8,94.0,126.22187104885055,37.57714285714286,36.59428571428571
947,2020-08-13 01:48:06,2020-08-13 02:17:36,28.4,56.8,121.02404724178403,34.76966292134831,33.151685393258425
948,2020-08-13 02:17:57,2020-08-13 02:49:17,57.2,86.8,123.34646002252256,37.6031746031746,35.645502645502646
949,2020-08-13 02:49:38,2020-08-13 03:07:18,87.2,97.6,129.50452510683772,38.0,36.0
950,2020-08-13 13:45:31,2020-08-13 14:09:31,28.8,52.0,120.70103274664751,35.80689655172414,34.11724137931034
951,2020-08-13 14:36:49,2020-08-13 15:04:39,66.4,90.8,123.92931284153012,38.732142857142854,36.94047619047619
952,2020-08-13 23:43:39,2020-08-14 00:00:09,17.6,33.6,120.67449262152779,35.47,33.28
953,2020-08-14 00:00:30,2020-08-14 00:29:50,34.0,62.4,120.88273928990614,37.83050847457627,35.57627118644068
954,2020-08-14 00:30:11,2020-08-14 01:02:11,62.8,91.2,123.94710049882625,39.84455958549223,37.2020725388601
955,2020-08-14 07:01:24,2020-08-14 08:46:48,14.8,97.6,122.67056305018788,40.34513274336283,36.769911504424776
956,2020-08-15 15:42:20,2020-08-15 16:12:00,42.8,63.6,119.37903485576922,31.0,30.06145251396648
957,2020-08-15 16:12:21,2020-08-15 16:43:11,63.6,84.8,121.7708661556604,32.36021505376344,31.21505376344086
958,2020-08-15 16:43:32,2020-08-15 17:04:22,84.8,97.6,126.50069531250003,33.0,32.0
959,2020-08-16 09:13:56,2020-08-16 09:45:16,42.8,60.0,120.88909633397932,31.280423280423282,30.476190476190474
960,2020-08-16 09:45:37,2020-08-16 10:14:07,60.0,75.6,121.21354976851858,32.30232558139535,31.302325581395348
961,2020-08-16 10:14:28,2020-08-16 10:40:48,75.6,89.6,124.79568988095238,33.0,32.0
962,2020-08-17 03:27:46,2020-08-17 03:57:16,24.4,42.4,122.91666666666667,34.48876404494382,32.89887640449438
963,2020-08-17 03:57:37,2020-08-17 04:31:47,42.8,64.0,120.87264150943395,36.37378640776699,34.46601941747573
964,2020-08-17 04:32:08,2020-08-17 04:58:48,64.4,80.4,125.0,37.0,35.0
965,2020-08-17 04:59:09,2020-08-17 05:27:29,80.8,97.6,125.88872354497357,37.0,35.0
966,2020-08-17 13:37:56,2020-08-17 14:08:36,44.4,73.6,121.81603624429226,39.96756756756757,38.49189189189189
967,2020-08-17 14:08:57,2020-08-17 14:37:47,74.0,96.0,125.86366003787882,41.0,39.839080459770116
968,2020-08-17 20:50:10,2020-08-17 21:15:40,60.8,74.4,124.99999999999991,38.0,36.0
969,2020-08-17 21:16:01,2020-08-17 21:46:51,74.8,91.2,125.33875338753384,38.0,36.0
970,2020-08-18 16:04:57,2020-08-18 16:33:17,38.8,65.6,122.90529218490882,38.95906432748538,37.01754385964912
971,2020-08-18 16:33:38,2020-08-18 17:02:48,66.0,91.6,122.93568793402781,40.68181818181818,38.93181818181818
972,2020-08-19 13:09:45,2020-08-19 13:38:05,30.4,57.6,121.67382996323528,31.08187134502924,29.450292397660817
973,2020-08-19 13:38:26,2020-08-19 14:08:56,58.0,87.2,122.01913674847793,33.755434782608695,32.25
974,2020-08-19 14:09:17,2020-08-19 14:28:07,87.2,97.6,124.55264770299159,34.87719298245614,33.0
975,2020-08-20 03:50:13,2020-08-20 04:18:23,68.4,92.4,124.23091302083336,31.51764705882353,30.735294117647058
976,2020-08-20 16:36:59,2020-08-20 17:04:39,13.2,40.0,121.1390877902156,37.67664670658683,36.07784431137725
977,2020-08-20 17:05:00,2020-08-20 17:33:40,40.0,68.0,120.05655168650794,40.69942196531792,39.127167630057805
978,2020-08-20 17:34:01,2020-08-20 17:58:51,68.4,90.4,124.13383510101008,42.1,40.64666666666667
979,2020-08-21 02:55:17,2020-08-21 04:03:12,36.0,95.6,122.91053985132368,37.909803921568624,35.38235294117647
980,2020-08-21 13:52:05,2020-08-21 14:35:52,23.2,65.2,121.48253013227514,38.66792452830189,37.075471698113205
981,2020-08-21 14:36:13,2020-08-21 15:03:40,65.6,90.0,124.4285614241803,41.125748502994014,39.47305389221557
982,2020-08-21 23:48:03,2020-08-22 00:05:33,24.8,41.6,121.79317212301586,37.41509433962264,34.490566037735846
983,2020-08-22 00:05:54,2020-08-22 00:32:54,41.6,68.0,119.46392313762628,39.87116564417178,36.95092024539877
984,2020-08-22 00:33:15,2020-08-22 01:03:25,68.0,93.6,123.07835335286464,41.137362637362635,38.15934065934066
985,2020-08-22 16:03:03,2020-08-22 16:28:13,8.400001,33.2,118.5618496507914,39.80921052631579,38.3421052631579
986,2020-08-22 16:28:34,2020-08-22 16:58:04,33.6,61.6,123.08979885912701,42.37640449438202,40.96067415730337
987,2020-08-22 16:58:25,2020-08-22 17:17:25,62.0,79.6,125.55636190025254,44.130434782608695,42.96521739130435
988,2020-08-23 09:00:38,2020-08-23 09:17:48,29.2,45.6,122.11805530149051,31.826923076923077,30.98076923076923
989,2020-08-23 09:18:09,2020-08-23 09:49:19,46.0,76.4,119.60115053910816,34.46808510638298,33.54255319148936
990,2020-08-23 11:49:34,2020-08-23 12:15:34,81.2,97.6,121.80217640582663,34.0,32.94267515923567
991,2020-08-23 19:24:44,2020-08-23 19:43:24,31.6,44.4,119.3424722222223,38.0,36.93805309734513
992,2020-08-23 19:43:45,2020-08-23 20:11:25,44.4,63.2,120.42851152482268,39.131736526946106,37.724550898203596
993,2020-08-23 20:11:46,2020-08-23 20:38:56,63.6,81.6,123.59801898148157,40.0,38.0
994,2020-08-24 02:29:24,2020-08-24 03:44:47,32.0,97.6,123.53121459180217,40.485865724381625,38.159010600706715
995,2020-08-24 11:11:13,2020-08-24 11:28:33,42.4,56.8,119.75502768132718,37.43809523809524,36.23809523809524
996,2020-08-24 11:28:54,2020-08-24 12:00:24,57.2,81.2,124.41031359953702,38.82105263157895,37.310526315789474
997,2020-08-24 12:00:45,2020-08-24 12:25:45,81.6,97.6,127.17101328125,39.0,38.0
998,2020-08-24 18:17:39,2020-08-24 18:40:29,60.4,82.0,123.8805446244856,42.0,40.44927536231884
999,2020-08-24 18:40:50,2020-08-24 19:03:20,82.4,97.6,128.02999040570188,42.0,40.94117647058823
1000,2020-08-25 00:12:49,2020-08-25 00:41:19,61.6,88.4,122.92600906923714,40.77906976744186,38.43604651162791
1001,2020-08-25 09:09:34,2020-08-25 10:09:36,46.8,97.6,124.06199086012688,37.39467849223947,35.450110864745014
1002,2020-08-25 23:13:18,2020-08-25 23:45:28,15.6,46.0,123.26296116593565,37.94845360824742,36.7319587628866
1003,2020-08-26 14:21:39,2020-08-26 14:37:00,58.4,73.6,95.95989819992693,38.75,36.922413793103445
1004,2020-08-26 15:29:59,2020-08-26 15:46:00,73.6,85.6,123.90209666666665,38.1900826446281,36.05785123966942
1005,2020-08-26 22:39:28,2020-08-26 22:56:08,20.0,30.4,122.44393936965811,34.0,31.0
1006,2020-08-26 22:56:29,2020-08-26 23:27:29,30.8,50.0,121.52635112847221,35.24064171122995,32.42245989304813
1007,2020-08-26 23:27:50,2020-08-26 23:58:50,50.4,68.8,122.12033808876812,36.82887700534759,33.90909090909091
1008,2020-08-26 23:59:11,2020-08-27 00:26:01,69.2,84.4,122.89749470029237,37.0,34.0
1009,2020-08-27 05:19:05,2020-08-27 06:28:28,44.8,97.6,123.99987633101854,35.92514395393474,33.314779270633395
1010,2020-08-27 12:19:35,2020-08-27 12:47:55,58.0,75.2,122.99747093023254,36.16959064327485,35.0
1011,2020-08-27 12:48:16,2020-08-27 13:17:06,75.2,92.4,124.95402874677002,37.0,35.339080459770116
1012,2020-08-27 20:11:50,2020-08-27 20:36:30,42.0,65.2,122.17671611590038,40.04697986577181,38.49664429530201
1013,2020-08-27 20:36:51,2020-08-27 21:07:01,65.6,91.6,123.95992841880341,41.0989010989011,39.29120879120879
1014,2020-08-28 12:50:09,2020-08-28 13:12:19,38.0,59.2,122.19864989517819,38.26119402985075,36.8134328358209
1015,2020-08-28 13:12:40,2020-08-28 13:37:40,59.6,83.2,123.62700841572504,39.76158940397351,38.13907284768212
1016,2020-08-28 13:38:01,2020-08-28 13:59:11,83.6,97.6,126.3581505952381,40.0,39.0
1017,2020-08-28 23:04:47,2020-08-28 23:33:37,38.4,66.8,120.96977547926451,42.08045977011494,40.1551724137931
1018,2020-08-28 23:33:58,2020-08-28 23:54:48,67.2,87.2,123.97637333333331,43.77777777777778,41.65079365079365
1019,2020-08-29 03:52:14,2020-08-29 04:22:44,65.2,91.6,125.46298027146472,41.45108695652174,38.54891304347826
1020,2020-08-29 17:19:46,2020-08-29 17:55:36,35.6,70.4,120.38555064655169,40.824074074074076,39.675925925925924
1021,2020-08-29 17:55:57,2020-08-29 18:27:47,70.4,96.0,123.57422987196185,42.911458333333336,41.239583333333336
1022,2020-08-30 15:41:06,2020-08-30 16:02:16,12.0,32.4,122.20657979302838,38.21875,36.4453125
1023,2020-08-30 16:02:37,2020-08-30 16:31:37,32.8,61.2,120.28121821205006,40.78857142857143,39.22857142857143
1024,2020-08-30 16:31:58,2020-08-30 17:01:58,61.6,89.6,122.54962192460322,42.94475138121547,41.31491712707182
1025,2020-08-31 02:36:07,2020-08-31 02:58:07,52.0,72.8,124.1840182959402,38.669172932330824,36.69172932330827
1026,2020-08-31 02:58:28,2020-08-31 03:30:38,73.2,97.6,125.15142457877964,39.8041237113402,37.8041237113402
1027,2020-08-31 14:37:52,2020-08-31 15:09:42,50.0,80.0,122.06111444444443,36.8125,35.458333333333336
1028,2020-08-31 15:10:03,2020-08-31 15:35:13,80.4,97.6,127.18105644379854,38.0,36.0328947368421
1029,2020-09-01 00:50:01,2020-09-01 01:21:51,41.2,71.6,121.76629431652049,38.875,37.390625
1030,2020-09-01 01:22:12,2020-09-01 01:55:52,72.0,97.6,125.73409309895843,40.69458128078818,39.0
1031,2020-09-01 12:33:28,2020-09-01 13:01:38,55.6,82.4,124.2205574212272,40.28823529411765,38.78235294117647
1032,2020-09-01 13:01:59,2020-09-01 13:23:39,82.8,97.6,125.89059675300302,41.0,39.94656488549618
1033,2020-09-02 06:25:59,2020-09-02 07:58:35,8.400001,83.2,123.64654305974285,36.30503597122302,34.80431654676259
1034,2020-09-02 08:01:39,2020-09-02 08:23:08,83.6,97.6,125.73364463293653,39.0,37.592592592592595
1035,2020-09-02 15:17:25,2020-09-02 15:51:55,37.6,48.4,120.85139068930046,40.60576923076923,39.0
1036,2020-09-02 15:52:16,2020-09-02 16:21:36,48.4,58.0,115.59032870370368,41.0,39.59322033898305
1037,2020-09-02 16:21:57,2020-09-02 16:49:07,58.0,66.4,122.35785813492058,41.0,39.23170731707317
1038,2020-09-02 22:04:30,2020-09-02 22:35:20,32.8,52.0,120.97875947627317,41.166666666666664,39.36021505376344
1039,2020-09-02 22:35:41,2020-09-02 23:04:31,52.4,70.0,123.41543134469697,42.793103448275865,40.729885057471265
1040,2020-09-02 23:04:52,2020-09-02 23:34:02,70.4,88.0,124.84219933712126,43.0,41.0
1041,2020-09-02 23:34:23,2020-09-02 23:51:03,88.4,97.6,131.9218297101451,43.0,41.0
1042,2020-09-03 06:13:30,2020-09-03 06:42:40,48.0,76.0,121.42113874007936,39.77840909090909,37.47727272727273
1043,2020-09-03 06:43:01,2020-09-03 07:12:11,76.4,97.6,127.05189865041935,41.0,38.0
1044,2020-09-03 17:51:43,2020-09-03 18:25:33,19.6,52.0,120.95508547668041,43.76960784313726,41.78431372549019
1045,2020-09-03 18:25:54,2020-09-03 18:53:44,52.0,78.0,120.50695422008548,45.910714285714285,43.92261904761905
1046,2020-09-03 18:54:05,2020-09-03 19:19:55,78.4,95.6,126.7563116117572,46.0,44.0
1047,2020-09-04 01:51:14,2020-09-04 02:12:04,49.2,68.8,124.2984863236962,41.698412698412696,39.24603174603175
1048,2020-09-04 02:12:25,2020-09-04 02:48:25,69.2,97.6,124.33051100352117,42.894009216589865,40.10138248847926
1049,2020-09-06 17:30:42,2020-09-06 18:01:32,56.0,85.6,123.72046616929435,34.87096774193548,33.76881720430107
1050,2020-09-06 18:01:53,2020-09-06 18:21:33,86.0,97.6,128.01725000000005,36.0,35.0
1051,2020-09-07 01:37:26,2020-09-07 02:02:46,82.4,97.6,124.30098684210536,35.0,34.0
1052,2020-09-07 03:51:20,2020-09-07 04:09:00,82.8,93.6,121.77980851337449,35.0,33.925233644859816
1053,2020-09-07 17:30:31,2020-09-07 18:05:41,17.2,38.8,121.8351066100823,35.594339622641506,34.47641509433962
1054,2020-09-07 18:06:02,2020-09-07 18:36:32,38.8,58.0,118.8758415798611,37.58152173913044,36.53260869565217
1055,2020-09-07 18:36:53,2020-09-07 19:04:03,58.4,75.2,121.01022437169307,38.99390243902439,37.81707317073171
1056,2020-09-07 19:04:24,2020-09-07 19:32:34,75.6,92.4,125.2851908068782,39.0,38.0
1057,2020-09-08 02:26:55,2020-09-08 02:56:45,56.4,86.8,123.04963783808482,38.69444444444444,36.144444444444446
1058,2020-09-08 15:59:17,2020-09-08 16:24:57,6.4,32.4,115.30289444444443,32.54838709677419,31.206451612903226
1059,2020-09-08 16:25:18,2020-09-08 16:53:08,32.4,58.8,123.05135469276097,35.36904761904762,33.982142857142854
1060,2020-09-08 16:53:29,2020-09-08 17:17:59,59.2,82.0,125.41728393031191,38.08108108108108,36.6554054054054
1061,2020-09-09 07:30:14,2020-09-09 07:56:04,30.8,56.0,120.73248930776015,32.48717948717949,31.141025641025642
1062,2020-09-09 07:56:25,2020-09-09 08:24:05,56.0,82.8,121.67653446310123,35.10179640718563,33.50299401197605
1063,2020-09-09 08:24:26,2020-09-09 08:48:36,83.2,97.6,125.50350530478403,36.0,34.0
1064,2020-09-09 15:54:53,2020-09-09 16:27:03,42.8,74.0,121.9738248753561,37.628865979381445,35.71649484536083
1065,2020-09-10 02:10:35,2020-09-10 02:34:55,28.8,45.6,121.37818510251326,33.61904761904762,31.653061224489797
1066,2020-09-10 02:35:16,2020-09-10 02:58:56,45.6,62.8,115.2438980943153,35.55244755244755,33.52447552447553
1067,2020-09-10 02:59:17,2020-09-10 03:25:27,62.8,81.2,119.21502279589372,36.348101265822784,34.050632911392405
1068,2020-09-10 03:25:48,2020-09-10 03:55:08,81.2,97.6,125.0669581639567,37.0,35.0
1069,2020-09-10 13:55:56,2020-09-10 14:23:36,50.8,68.0,121.17573740310077,38.58083832335329,37.377245508982035
1070,2020-09-10 14:23:57,2020-09-10 14:54:37,68.0,86.8,122.88418794326248,39.0,38.0
1071,2020-09-10 14:54:58,2020-09-10 15:12:48,87.2,97.6,126.88569324252146,39.80555555555556,38.416666666666664
1072,2020-09-10 23:12:34,2020-09-10 23:39:44,38.0,55.2,118.36808179909562,36.8109756097561,34.6890243902439
1073,2020-09-10 23:40:05,2020-09-11 00:08:55,55.2,73.2,120.40589089506173,38.0,36.0
1074,2020-09-11 00:09:16,2020-09-11 00:40:36,73.6,92.4,124.9320551122931,38.301587301587304,36.0
1075,2020-09-11 07:49:21,2020-09-11 08:17:31,18.0,35.6,120.5626845801768,37.15294117647059,34.5
1076,2020-09-11 08:17:52,2020-09-11 08:51:42,36.0,57.6,117.99899729938275,38.76470588235294,36.25
1077,2020-09-11 08:52:03,2020-09-11 09:22:53,57.6,76.8,120.97803602430561,40.0,37.0
1078,2020-09-11 09:23:14,2020-09-11 09:52:34,77.2,94.8,124.73171283143947,40.0,37.0225988700565
1079,2020-09-11 21:57:08,2020-09-11 22:27:18,32.4,61.6,118.600639935312,40.35164835164835,38.324175824175825
1080,2020-09-11 22:27:39,2020-09-11 23:00:59,61.6,91.2,122.04720106043541,42.5771144278607,40.39303482587065
1081,2020-09-12 15:05:11,2020-09-12 15:31:41,22.4,48.4,119.10418295940171,38.73125,36.85625
1082,2020-09-12 15:32:02,2020-09-12 16:01:02,48.4,76.8,119.28405115414711,41.31428571428572,39.48
1083,2020-09-12 16:01:23,2020-09-12 16:29:13,77.2,97.6,124.83321766067546,42.0,40.0
1084,2020-09-13 00:11:26,2020-09-13 00:43:17,50.8,61.2,123.52088437499992,34.0,31.0
1085,2020-09-13 00:43:38,2020-09-13 01:13:58,61.2,71.2,122.34449500000004,34.0,31.0
1086,2020-09-13 01:14:19,2020-09-13 01:46:09,71.6,82.0,123.45624759615383,34.0,31.0
1087,2020-09-13 01:46:30,2020-09-13 02:18:30,82.0,92.4,123.87024358974355,33.76165803108808,31.0
1088,2020-09-13 02:18:51,2020-09-13 02:36:01,92.4,97.6,129.8504823717952,33.0,31.0
1089,2020-09-13 05:47:01,2020-09-13 06:15:01,77.2,97.6,125.25735893246193,34.74556213017752,32.0
1090,2020-09-13 16:05:15,2020-09-13 16:34:25,36.0,54.4,118.35754076086961,35.05113636363637,33.50568181818182
1091,2020-09-13 16:34:46,2020-09-13 17:02:56,54.4,72.0,119.49500284090908,36.06470588235294,34.794117647058826
1092,2020-09-13 17:03:17,2020-09-13 17:35:07,72.4,91.6,123.63936870659728,37.0,35.0
1093,2020-09-13 22:28:31,2020-09-13 22:48:51,54.8,74.4,121.1288342545351,36.77235772357724,34.82113821138211
1094,2020-09-13 22:49:12,2020-09-13 23:19:02,74.8,97.2,124.55048561507934,37.37777777777778,35.76111111111111
1095,2020-09-14 04:35:25,2020-09-14 05:10:34,48.8,82.8,120.86341559640526,37.68867924528302,34.924528301886795
1096,2020-09-14 05:10:55,2020-09-14 05:28:25,83.2,95.2,123.99537106481479,39.0,36.0
1097,2020-09-14 13:16:38,2020-09-14 14:01:20,54.8,90.8,121.86809822916666,36.51488095238095,35.229166666666664
1098,2020-09-14 22:11:07,2020-09-14 22:42:17,34.0,64.8,118.04924179292931,35.3936170212766,33.6063829787234
1099,2020-09-14 22:42:38,2020-09-14 23:13:08,64.8,92.0,120.27880402369281,37.55978260869565,35.65217391304348
1100,2020-09-15 22:54:42,2020-09-15 23:21:02,23.6,49.6,118.84293237179486,30.566037735849058,29.49685534591195
1101,2020-09-15 23:21:23,2020-09-15 23:45:53,50.0,74.0,119.78007581018517,33.57432432432432,32.54054054054054
1102,2020-09-15 23:46:14,2020-09-16 00:14:44,74.4,96.4,123.01831212121212,34.94186046511628,33.866279069767444
1103,2020-09-16 11:53:04,2020-09-16 12:21:54,22.8,50.8,120.1681576884921,36.41954022988506,34.741379310344826
1104,2020-09-16 12:22:15,2020-09-16 12:50:45,51.2,78.8,120.54700840378425,39.48255813953488,37.74418604651163
1105,2020-09-16 12:51:06,2020-09-16 13:17:16,79.2,97.6,126.1088681310387,40.139240506329116,39.0
1106,2020-09-17 02:54:35,2020-09-17 03:23:45,33.2,61.2,120.03176319444447,34.31818181818182,32.81818181818182
1107,2020-09-17 03:24:06,2020-09-17 03:50:56,61.6,87.2,120.7915754123264,36.68518518518518,35.0
1108,2020-09-17 03:51:17,2020-09-17 04:08:57,87.2,97.6,127.00320846688045,37.0,35.16822429906542
1109,2020-09-17 11:31:34,2020-09-17 11:56:14,54.4,78.0,121.86145639124292,36.348993288590606,34.95302013422819
1110,2020-09-17 11:56:35,2020-09-17 12:23:25,78.4,97.6,124.94938961226858,37.0,36.0
1111,2020-09-17 21:23:57,2020-09-17 21:48:07,18.8,42.4,120.63207956685503,36.02739726027397,33.65068493150685
1112,2020-09-17 21:48:28,2020-09-17 22:15:48,42.8,70.0,118.44517948325164,38.96969696969697,36.41818181818182
1113,2020-09-17 22:16:09,2020-09-17 22:43:59,70.4,93.6,123.97213254310353,40.535714285714285,37.99404761904762
1114,2020-09-18 03:45:07,2020-09-18 04:50:46,44.0,95.2,122.31456535373262,38.47464503042596,35.649087221095336
1115,2020-09-18 17:26:25,2020-09-18 17:55:45,28.0,56.8,119.25831983024693,33.55367231638418,31.463276836158194
1116,2020-09-18 17:56:06,2020-09-18 18:25:46,57.2,86.0,120.65347487461422,36.150837988826815,34.055865921787706
1117,2020-09-18 18:26:07,2020-09-18 18:44:47,86.0,97.6,125.22868726053646,37.0,35.0
1118,2020-09-19 14:32:25,2020-09-19 14:54:01,55.2,76.0,121.099353525641,34.94656488549618,33.70229007633588
1119,2020-09-19 14:54:22,2020-09-19 15:22:22,76.4,97.2,123.66588261217953,36.0,34.19526627218935
1120,2020-09-20 01:40:42,2020-09-20 02:12:12,46.4,77.6,118.38453262998578,34.810526315789474,33.32105263157895
1121,2020-09-20 04:52:55,2020-09-20 05:13:55,77.6,94.0,122.19259705284556,35.92913385826772,33.13385826771653
1122,2020-09-20 20:17:19,2020-09-20 20:46:19,36.4,65.2,117.62588276427468,37.537142857142854,36.38857142857143
1123,2020-09-20 20:46:40,2020-09-20 21:26:44,65.6,97.6,122.466598046875,39.59670781893004,38.065843621399175
1124,2020-09-21 01:00:56,2020-09-21 01:32:56,52.4,83.2,121.33072785894663,41.0,38.0
1125,2020-09-21 01:33:17,2020-09-21 01:54:37,83.6,97.6,124.5109300595238,41.0,38.07751937984496
1126,2020-09-21 06:19:54,2020-09-21 06:52:14,76.0,94.0,122.0370098765432,37.0,34.0
1127,2020-09-21 17:26:51,2020-09-21 18:53:35,20.0,97.6,121.05767219358535,40.2073732718894,38.445468509984636
1128,2020-09-22 19:29:00,2020-09-22 20:38:39,11.6,79.6,119.1955135866013,36.5793499043977,35.216061185468455
1129,2020-09-23 01:30:00,2020-09-23 01:58:10,50.8,78.4,119.36646225845409,38.688235294117646,36.576470588235296
1130,2020-09-23 01:58:31,2020-09-23 02:15:11,78.4,92.0,123.86950102124192,39.37623762376238,37.28712871287129
1131,2020-09-23 16:20:22,2020-09-23 16:47:22,31.2,58.0,117.75550844734661,36.68098159509202,34.97546012269939
1132,2020-09-23 16:47:43,2020-09-23 17:21:23,58.0,89.6,120.67951292194097,39.07881773399015,36.83743842364532
1133,2020-09-24 00:47:38,2020-09-24 01:04:48,30.4,41.2,121.90201376028807,33.39423076923077,30.846153846153847
1134,2020-09-24 01:05:09,2020-09-24 01:36:39,41.6,61.6,118.09029236111112,34.88421052631579,32.373684210526314
1135,2020-09-24 01:37:00,2020-09-24 02:04:30,61.6,78.0,120.21682969173439,36.0,33.0
1136,2020-09-24 02:04:51,2020-09-24 02:34:41,78.4,94.8,125.07030631775076,36.0,33.58888888888889
1137,2020-09-24 14:52:17,2020-09-24 15:19:27,59.6,85.6,122.372892948718,37.18292682926829,36.02439024390244
1138,2020-09-24 19:56:20,2020-09-24 20:18:40,60.4,82.0,120.80055047582303,35.94074074074074,33.84444444444444
1139,2020-09-24 20:19:01,2020-09-24 20:41:31,82.4,97.6,126.53693119517551,36.955882352941174,34.02205882352941
1140,2020-09-25 03:30:48,2020-09-25 03:56:28,71.2,92.8,121.41397389403295,35.03225806451613,33.0
1141,2020-09-25 10:53:47,2020-09-25 11:55:02,61.2,97.6,123.57441744505499,32.71521739130435,31.441304347826087
1142,2020-09-25 21:15:24,2020-09-25 21:47:24,53.6,84.0,122.43561380665209,37.15025906735751,35.41450777202073
1143,2020-09-25 21:47:45,2020-09-25 22:08:25,84.4,97.6,127.08229271885534,38.0,36.0
1144,2020-09-26 03:54:26,2020-09-26 04:25:46,53.2,83.2,121.80046851851851,38.55026455026455,35.857142857142854
1145,2020-09-26 15:15:03,2020-09-26 15:43:26,50.0,77.2,121.60932555657678,36.73837209302326,35.22674418604651
1146,2020-09-26 15:43:47,2020-09-26 16:11:36,77.6,97.6,125.45320894444446,38.0,36.0
1147,2020-09-26 18:11:44,2020-09-26 18:30:24,86.0,97.6,124.37023826628362,36.0,33.46017699115044
1148,2020-09-27 03:58:59,2020-09-27 04:26:59,33.6,51.6,116.27084837962963,29.976331360946745,27.80473372781065
1149,2020-09-27 04:27:20,2020-09-27 04:54:10,51.6,68.4,119.37749793320106,31.71604938271605,29.59259259259259
1150,2020-09-27 04:54:31,2020-09-27 05:22:01,68.8,85.6,122.26607977843922,32.1566265060241,30.042168674698797
1151,2020-09-27 05:22:22,2020-09-27 05:42:42,85.6,97.6,124.62037847222224,33.0,31.0
1152,2020-09-27 17:16:16,2020-09-27 17:37:16,54.0,74.4,120.19404554738561,30.653543307086615,29.637795275590552
1153,2020-09-27 17:37:37,2020-09-27 18:09:07,74.4,97.6,121.09255172413802,31.86315789473684,30.852631578947367
1154,2020-09-28 01:44:13,2020-09-28 02:12:33,35.6,63.6,118.13244766865083,32.888888888888886,30.95906432748538
1155,2020-09-28 02:12:54,2020-09-28 02:39:04,64.0,88.4,123.1568805783242,35.00632911392405,32.90506329113924
1156,2020-09-28 06:54:47,2020-09-28 07:25:37,74.4,95.6,123.63603190513632,34.0,31.0
1157,2020-09-28 14:56:23,2020-09-28 15:22:53,35.2,52.4,115.80913420542637,36.35,34.4375
1158,2020-09-28 15:23:14,2020-09-28 15:54:14,52.4,72.0,118.88608078231293,37.83422459893048,35.8716577540107
1159,2020-09-28 15:54:35,2020-09-28 16:20:35,72.4,88.0,125.27780555555562,38.0,36.0
1160,2020-09-28 23:36:02,2020-09-29 00:37:17,49.2,96.4,122.09749672198681,35.791304347826085,33.495652173913044
1161,2020-09-29 10:33:23,2020-09-29 11:40:24,56.8,97.6,122.58024403935185,32.77777777777778,31.682539682539684
1162,2020-09-29 23:04:45,2020-09-29 23:31:15,15.2,41.2,119.07960646367522,35.6625,33.975
1163,2020-09-29 23:34:26,2020-09-29 23:59:51,40.4,65.2,119.71411172715052,38.48701298701299,36.73376623376623
1164,2020-09-30 00:15:02,2020-09-30 00:32:02,65.6,85.2,101.29677558106573,39.77669902912621,37.54368932038835
1165,2020-09-30 09:48:22,2020-09-30 10:17:22,63.6,83.2,123.29931972789115,36.0,34.285714285714285
1166,2020-09-30 10:17:43,2020-09-30 10:40:23,83.6,97.6,124.64884265873015,36.67153284671533,35.0
1167,2020-09-30 23:07:23,2020-09-30 23:32:56,18.4,43.2,120.26020053203403,34.2,32.483870967741936
1168,2020-09-30 23:33:17,2020-10-01 00:08:47,43.6,78.4,118.89687699553,37.41588785046729,35.59345794392523
1169,2020-10-01 00:09:08,2020-10-01 00:32:08,78.8,95.6,125.04217948082015,38.97841726618705,37.0
1170,2020-10-01 20:50:39,2020-10-01 21:11:09,27.2,47.6,118.86165577342047,33.693548387096776,32.443548387096776
1171,2020-10-01 21:11:30,2020-10-01 21:37:50,48.0,74.0,119.85897521367521,36.20754716981132,34.672955974842765
1172,2020-10-02 03:36:14,2020-10-02 03:58:34,31.6,53.6,119.51138055555555,33.837037037037035,31.496296296296297
1173,2020-10-02 03:58:55,2020-10-02 04:21:00,54.0,75.6,120.39064203960908,36.28148148148148,33.91111111111111
1174,2020-10-02 04:21:21,2020-10-02 04:50:41,75.6,97.6,124.2683366161616,37.0,35.0
1175,2020-10-02 11:13:05,2020-10-02 11:38:45,57.6,82.8,121.7680992614639,35.70322580645161,34.16129032258065
1176,2020-10-02 11:39:06,2020-10-02 12:01:16,83.2,97.6,125.65105054012353,36.97761194029851,35.0
1177,2020-10-03 12:03:50,2020-10-03 12:33:00,32.0,61.2,116.36083147831052,33.4375,32.54545454545455
1178,2020-10-03 12:33:21,2020-10-03 13:03:41,61.2,89.6,119.17303022300472,36.34426229508197,35.41530054644809
1179,2020-10-03 18:40:57,2020-10-03 19:01:47,19.2,32.4,121.23002335858588,38.42063492063492,37.0
1180,2020-10-03 19:02:08,2020-10-03 19:30:53,32.8,51.2,118.2737160326087,39.88505747126437,38.28735632183908
1181,2020-10-03 19:31:14,2020-10-03 20:07:24,51.2,73.2,119.3277960479798,41.70319634703196,39.63470319634703
1182,2020-10-03 20:07:45,2020-10-03 20:38:25,73.6,90.4,126.47653844246022,42.0,40.0
1183,2020-10-04 12:58:22,2020-10-04 13:34:32,63.6,84.4,123.30931009615382,35.293577981651374,34.0
1184,2020-10-04 13:34:53,2020-10-04 13:58:43,84.4,97.6,122.82514414983177,36.0,34.94444444444444
1185,2020-10-05 09:08:52,2020-10-05 09:34:32,34.0,50.4,118.25459417344175,32.18709677419355,30.967741935483872
1186,2020-10-05 09:34:53,2020-10-05 10:07:43,50.4,70.8,116.98463139978215,33.84848484848485,32.77777777777778
1187,2020-10-05 10:08:04,2020-10-05 10:36:44,70.8,87.2,121.72342445799454,34.85549132947977,33.27167630057804
1188,2020-10-05 10:37:05,2020-10-05 10:56:15,87.6,97.6,129.13334777777777,35.0,34.0
1189,2020-10-05 22:34:32,2020-10-05 23:03:22,60.0,69.6,124.64404716435189,33.0,32.0
1190,2020-10-05 23:03:43,2020-10-05 23:36:33,70.0,80.8,126.16507278806581,33.0,32.0
1191,2020-10-05 23:36:54,2020-10-06 00:06:44,80.8,90.8,123.8082836111111,33.0,32.0
1192,2020-10-06 00:07:05,2020-10-06 00:30:45,91.2,97.6,135.42962586805572,33.0,32.0
1193,2020-10-06 06:03:43,2020-10-06 06:34:13,41.2,71.2,120.42778893518518,35.55978260869565,33.40217391304348
1194,2020-10-06 06:34:34,2020-10-06 07:01:44,71.6,94.0,122.91978162202379,37.0,34.75
1195,2020-10-06 15:21:56,2020-10-06 15:41:26,35.2,54.0,121.19386908983458,34.0,32.45762711864407
1196,2020-10-06 15:41:47,2020-10-06 16:13:27,54.4,84.8,121.63241113852341,36.287958115183244,34.544502617801044
1197,2020-10-06 16:13:48,2020-10-06 16:32:28,85.2,97.2,124.396990625,37.0,35.0
1198,2020-10-06 23:36:15,2020-10-07 00:00:35,44.4,68.4,118.1822811921296,34.605442176870746,32.36054421768708
1199,2020-10-07 00:00:56,2020-10-07 00:32:16,68.4,94.4,121.71900587606837,36.0,33.783068783068785
1200,2020-10-07 16:34:01,2020-10-07 17:04:01,33.2,52.4,117.45879340277783,29.662983425414364,28.80110497237569
1201,2020-10-07 17:04:22,2020-10-07 17:35:22,52.4,72.0,118.88608078231293,31.545454545454547,30.545454545454547
1202,2020-10-07 17:35:43,2020-10-07 18:06:33,72.4,91.2,123.04302164598113,32.24731182795699,31.129032258064516
1203,2020-10-08 01:31:29,2020-10-08 02:03:29,31.6,63.2,118.15401366912799,33.03626943005181,30.865284974093264
1204,2020-10-08 02:03:50,2020-10-08 02:35:00,63.6,91.2,122.68318090781001,35.42553191489362,33.1436170212766
1205,2020-10-08 14:20:10,2020-10-08 14:50:50,72.8,96.4,124.00895627354045,29.951351351351352,28.967567567567567
1206,2020-10-08 21:44:45,2020-10-08 22:50:42,47.2,96.0,122.56857370389342,31.5,29.703629032258064
1207,2020-10-09 03:31:01,2020-10-09 03:57:11,13.2,38.8,120.17633132595489,32.60126582278481,29.835443037974684
1208,2020-10-09 03:57:32,2020-10-09 04:24:02,39.2,65.2,119.86699748931625,35.4125,32.84375
1209,2020-10-09 04:24:23,2020-10-09 04:52:33,65.6,90.8,121.84524801587303,37.0,34.13529411764706
1210,2020-10-09 22:49:33,2020-10-09 23:17:23,58.8,85.2,122.99242340067336,33.57738095238095,31.857142857142858
1211,2020-10-09 23:17:44,2020-10-09 23:39:04,85.6,97.6,126.61115405092598,34.0,33.0
1212,2020-10-10 14:39:32,2020-10-10 15:02:02,59.2,80.8,121.56765239197536,33.455882352941174,31.610294117647058
1213,2020-10-10 22:27:33,2020-10-10 22:58:03,39.2,68.8,121.59725337837844,33.55434782608695,32.06521739130435
1214,2020-10-10 22:58:24,2020-10-10 23:24:44,69.2,92.0,122.48235910087722,35.42767295597484,33.742138364779876
1215,2020-10-11 04:45:00,2020-10-11 05:06:10,66.0,86.0,123.63681791666671,35.28125,32.84375
1216,2020-10-11 13:01:21,2020-10-11 13:29:31,45.6,72.4,120.65660566956879,34.86470588235294,33.311764705882354
1217,2020-10-11 13:29:52,2020-10-11 13:57:52,72.8,94.4,125.62177488425921,36.30177514792899,34.76331360946745
1218,2020-10-12 12:33:35,2020-10-12 13:01:35,20.4,49.6,119.04442346841704,34.289940828402365,32.70414201183432
1219,2020-10-12 13:01:56,2020-10-12 13:29:26,50.0,78.4,120.28218422339587,37.7289156626506,36.3433734939759
1220,2020-10-12 19:32:52,2020-10-12 20:03:32,51.6,70.0,121.11036714975847,38.8054054054054,36.85405405405405
1221,2020-10-12 20:03:53,2020-10-12 20:29:33,70.0,84.8,121.08954373123125,39.0,37.0
1222,2020-10-13 15:13:26,2020-10-13 15:38:36,29.2,45.2,118.68754930555556,35.723684210526315,33.57236842105263
1223,2020-10-13 15:38:57,2020-10-13 16:06:07,45.2,62.4,119.24908365633078,37.323170731707314,34.853658536585364
1224,2020-10-13 16:06:28,2020-10-13 16:38:28,62.8,82.4,123.26536054421766,38.0,35.15025906735751
1225,2020-10-13 16:38:49,2020-10-13 17:04:09,82.8,97.6,127.69617670795796,38.0,36.0
1226,2020-10-14 14:22:08,2020-10-14 14:54:32,30.0,41.6,121.03568019636015,29.346938775510203,28.642857142857142
1227,2020-10-14 14:54:53,2020-10-14 15:55:14,41.6,64.0,116.74851190476193,30.636612021857925,29.792349726775956
1228,2020-10-14 16:00:28,2020-10-14 16:27:48,64.0,73.6,123.37962962962972,31.0,30.0
1229,2020-10-14 16:28:09,2020-10-14 16:59:29,74.0,84.8,125.72016460905353,31.0,30.0
1230,2020-10-14 16:59:50,2020-10-14 17:31:50,84.8,96.0,123.8095238095238,31.0,30.0
1231,2020-10-15 00:51:57,2020-10-15 01:21:27,47.2,76.0,120.30381423611114,33.95505617977528,32.151685393258425
1232,2020-10-15 01:21:48,2020-10-15 01:49:58,76.4,97.2,125.59227944711542,35.0,33.71176470588235
1233,2020-10-15 15:20:57,2020-10-15 16:34:52,19.6,90.0,120.01507545178347,35.956756756756754,34.32072072072072
1234,2020-10-16 02:31:50,2020-10-16 03:04:10,46.4,77.6,120.93866378650289,35.255102040816325,33.33673469387755
1235,2020-10-16 10:56:28,2020-10-16 11:27:08,48.4,78.0,120.83051398273273,33.01081081081081,31.572972972972973
1236,2020-10-16 11:27:29,2020-10-16 11:54:39,78.4,97.6,125.81961436631954,34.11585365853659,33.0
1237,2020-10-16 23:03:42,2020-10-16 23:33:52,42.8,61.6,120.39968033392432,32.510989010989015,30.67032967032967
1238,2020-10-16 23:34:13,2020-10-17 00:05:03,62.0,80.8,123.2387940307329,33.225806451612904,31.758064516129032
1239,2020-10-17 00:05:24,2020-10-17 00:24:14,81.2,92.8,121.31587080938704,34.0,32.0
1240,2020-10-17 04:33:36,2020-10-17 04:52:26,75.2,91.2,123.4947953125,33.0,30.912280701754387
1241,2020-10-17 14:47:02,2020-10-17 15:15:22,18.4,37.6,122.47689872685189,31.181286549707604,29.92982456140351
1242,2020-10-17 15:15:43,2020-10-17 15:45:13,37.6,57.6,122.42157409722225,33.07865168539326,32.056179775280896
1243,2020-10-17 15:45:34,2020-10-17 16:16:14,58.0,78.4,124.80192000272328,34.913513513513514,33.71351351351351
1244,2020-10-17 16:16:35,2020-10-17 16:47:05,78.8,97.6,128.59783525413718,35.78804347826087,34.0
1245,2020-10-18 14:54:25,2020-10-18 15:14:45,44.8,55.6,122.31866849279831,30.414634146341463,29.341463414634145
1246,2020-10-18 15:15:06,2020-10-18 15:46:46,56.0,73.2,122.66633640180875,31.455497382198953,30.26178010471204
1247,2020-10-18 15:47:07,2020-10-18 16:12:27,73.6,87.2,124.0471677900326,32.0,31.0
1248,2020-10-19 10:08:54,2020-10-19 10:42:04,24.4,57.2,117.86287876863145,27.925,27.215
1249,2020-10-19 10:42:25,2020-10-19 11:11:45,57.2,86.0,118.76156751543212,31.1864406779661,30.412429378531073
1250,2020-10-19 15:44:55,2020-10-19 16:04:55,47.6,66.8,121.95097981770837,34.33057851239669,32.90909090909091
1251,2020-10-19 16:05:16,2020-10-19 16:32:56,67.2,91.6,122.54954485428058,35.83233532934132,34.56287425149701
1252,2020-10-19 21:37:26,2020-10-19 22:05:56,34.4,60.0,114.7943822157118,41.883720930232556,40.24418604651163
1253,2020-10-19 22:06:17,2020-10-19 22:34:17,60.4,84.8,118.04647199453552,44.19526627218935,42.467455621301774
1254,2020-10-19 22:34:38,2020-10-19 22:52:48,85.2,97.6,124.29101747311837,45.0,43.0
1255,2020-10-20 01:32:41,2020-10-20 02:01:21,45.6,73.6,120.96328561507939,32.213872832369944,29.67630057803468
1256,2020-10-20 04:53:15,2020-10-20 05:22:05,66.0,91.6,120.57347753906254,32.5919540229885,29.49425287356322
1257,2020-10-20 17:57:30,2020-10-20 18:28:00,28.4,58.4,119.01900532407407,33.11413043478261,31.75
1258,2020-10-20 18:28:21,2020-10-20 18:56:31,58.4,85.6,121.2495153696896,35.88823529411765,34.411764705882355
1259,2020-10-21 06:23:16,2020-10-21 06:53:46,36.8,66.4,118.97807150900898,29.994565217391305,27.717391304347824
1260,2020-10-21 06:54:07,2020-10-21 07:23:57,66.8,92.0,123.02362119708997,32.35,29.755555555555556
1261,2020-10-22 10:10:02,2020-10-22 10:27:12,33.6,50.4,119.41056407076726,25.60576923076923,24.903846153846153
1262,2020-10-22 13:45:09,2020-10-22 14:06:59,50.0,71.2,120.34658064727464,28.053030303030305,27.143939393939394
1263,2020-10-22 14:07:20,2020-10-22 14:37:10,71.2,94.8,120.54791902071568,29.7,28.733333333333334
1264,2020-10-23 02:29:47,2020-10-23 02:59:47,18.0,47.2,120.59978010844748,30.43646408839779,28.5414364640884
1265,2020-10-23 03:00:08,2020-10-23 03:30:28,47.2,77.2,118.74906842592594,33.69398907103825,31.55191256830601
1266,2020-10-23 03:30:49,2020-10-23 03:55:29,77.2,96.0,122.16683252068559,35.0,32.25503355704698
1267,2020-10-23 17:33:19,2020-10-23 17:57:49,26.0,50.0,119.22686273148149,29.68918918918919,28.925675675675677
1268,2020-10-23 17:58:10,2020-10-23 18:26:30,50.0,78.0,118.16816423611112,32.83625730994152,32.08187134502924
1269,2020-10-23 18:26:51,2020-10-23 18:55:41,78.4,97.6,122.71051352719915,34.0,33.0
1270,2020-10-24 03:30:31,2020-10-24 03:58:01,11.2,34.4,121.39189295977013,30.457831325301203,28.319277108433734
1271,2020-10-24 03:58:22,2020-10-24 04:23:22,34.8,55.6,120.04274772970085,32.88079470198676,30.94701986754967
1272,2020-10-24 04:23:43,2020-10-24 04:53:23,56.0,79.6,119.68633592278721,34.86033519553072,32.87709497206704
1273,2020-10-24 04:53:44,2020-10-24 05:11:54,79.6,92.4,122.42297026909714,35.68181818181818,33.445454545454545
1274,2020-10-24 17:47:10,2020-10-24 18:11:20,22.0,42.0,121.74236986111111,30.513698630136986,29.28767123287671
1275,2020-10-24 18:11:41,2020-10-24 18:37:01,42.4,63.2,118.92228973023504,33.0,31.65359477124183
1276,2020-10-24 18:37:22,2020-10-24 19:07:22,63.6,86.4,122.16375536062375,34.13812154696133,33.0
1277,2020-10-24 19:07:43,2020-10-24 19:25:33,86.8,97.6,125.57100900205766,35.0,33.0
1278,2020-10-25 05:42:22,2020-10-25 06:10:52,31.2,58.8,120.51832613727862,37.116279069767444,33.44186046511628
1279,2020-10-25 06:11:13,2020-10-25 06:40:13,59.2,87.2,120.81449206349207,39.04571428571428,35.674285714285716
1280,2020-10-25 06:40:34,2020-10-25 06:57:54,87.2,97.6,124.74627817841888,39.10476190476191,36.0
1281,2020-10-25 16:31:25,2020-10-25 17:00:05,30.0,58.0,119.38244330357143,34.283236994219656,33.01156069364162
1282,2020-10-25 17:00:26,2020-10-25 17:20:26,58.4,77.6,121.45110141782412,36.70247933884298,35.19834710743802
1283,2020-10-25 17:26:01,2020-10-25 17:48:11,82.8,97.6,125.52742098348352,37.701492537313435,36.0
1284,2020-10-26 01:29:00,2020-10-26 02:41:43,38.0,93.6,121.45397508493205,34.34432234432234,31.924908424908423
1285,2020-10-26 03:53:41,2020-10-26 04:11:21,86.4,97.6,120.93504141865093,35.0,32.0
1286,2020-10-26 15:33:45,2020-10-26 16:01:25,27.6,54.8,118.67903109681377,35.64670658682635,34.01197604790419
1287,2020-10-26 16:01:46,2020-10-26 16:30:16,55.2,82.4,122.18035712826796,38.424418604651166,36.80813953488372
1288,2020-10-26 16:30:37,2020-10-26 16:48:47,82.8,95.6,121.93035123697918,39.0,38.0
1289,2020-10-27 02:34:02,2020-10-27 04:49:12,14.0,97.6,120.9596012958533,35.501972386587774,32.790927021696255
1290,2020-10-27 16:04:45,2020-10-27 16:34:55,31.2,40.8,118.36232089120378,35.0,34.0
1291,2020-10-27 16:35:16,2020-10-27 16:57:43,40.8,48.0,117.4468112268518,35.0,34.0
1292,2020-10-27 16:58:04,2020-10-27 17:29:24,48.0,58.4,113.48295619658124,35.80952380952381,34.0
1293,2020-10-27 17:29:45,2020-10-27 18:01:25,58.4,68.4,119.27783055555552,36.0,34.0
1294,2020-10-27 18:01:46,2020-10-27 18:32:36,68.4,78.0,120.97806278935192,35.32795698924731,33.446236559139784
1295,2020-10-27 18:32:57,2020-10-27 19:05:07,78.0,88.0,121.16116472222225,35.0,33.0
1296,2020-10-27 19:05:28,2020-10-27 19:32:58,88.0,96.0,127.98961579861113,35.0,33.0
1297,2020-10-28 10:50:38,2020-10-28 11:57:37,39.6,97.6,121.62222902777782,33.06361829025845,32.0
1298,2020-10-29 01:10:01,2020-10-29 01:34:51,63.2,77.6,120.92305150462973,30.0,28.12
1299,2020-10-29 14:23:57,2020-10-29 14:56:07,29.6,61.6,117.53343689236114,29.298969072164947,27.417525773195877
1300,2020-10-29 14:56:28,2020-10-29 15:27:18,62.0,90.0,120.88741517857144,32.19892473118279,29.967741935483872
1301,2020-10-30 00:12:50,2020-10-30 00:39:00,42.4,67.6,121.21252860449736,28.31645569620253,26.651898734177216
1302,2020-10-30 04:59:06,2020-10-30 05:28:06,76.4,97.6,125.25027555031454,29.8,28.177142857142858
1303,2020-10-31 02:05:48,2020-10-31 02:28:58,70.4,90.8,123.0045045615469,28.62142857142857,27.34285714285714
1304,2020-10-31 14:17:59,2020-10-31 15:54:35,15.6,93.6,120.77987949786326,34.63448275862069,32.976551724137934
1305,2020-10-31 23:05:23,2020-10-31 23:22:03,51.6,67.6,122.26910182291675,33.603960396039604,31.207920792079207
1306,2020-10-31 23:22:24,2020-10-31 23:48:14,68.0,90.8,122.99039498050686,34.53846153846154,32.1474358974359
1307,2020-11-02 12:00:05,2020-11-02 12:20:25,1.2,20.8,120.62358297902492,30.15447154471545,29.252032520325205
1308,2020-11-02 12:20:46,2020-11-02 12:48:56,21.2,48.8,119.04790630032207,32.14705882352941,31.147058823529413
1309,2020-11-02 12:49:17,2020-11-02 13:16:37,48.8,74.8,122.60897446581198,35.2,34.02424242424242
1310,2020-11-02 13:16:58,2020-11-02 13:35:18,75.2,90.8,124.16311485042746,36.27927927927928,35.0
1311,2020-11-02 16:53:27,2020-11-02 17:19:47,58.0,75.6,124.1919674873738,35.886792452830186,34.0
1312,2020-11-02 17:20:08,2020-11-02 17:47:58,76.0,94.0,124.03013695987654,36.0,34.0
1313,2020-11-03 16:14:06,2020-11-03 16:46:06,37.6,68.8,119.76318554131056,31.523316062176164,30.27979274611399
1314,2020-11-03 16:46:27,2020-11-03 17:11:27,69.2,91.2,121.86364734848488,33.47682119205298,32.41721854304636
1315,2020-11-04 10:57:41,2020-11-04 11:16:31,42.8,60.8,122.50388356481483,26.780701754385966,26.157894736842106
1316,2020-11-04 11:16:52,2020-11-04 11:46:42,61.2,89.2,120.54269052579367,29.06111111111111,28.42222222222222
1317,2020-11-04 18:49:24,2020-11-04 19:19:44,47.6,68.8,119.61349344863734,32.666666666666664,31.218579234972676
1318,2020-11-04 19:20:05,2020-11-04 19:47:15,69.2,87.6,123.50319489734306,33.640243902439025,32.0
1319,2020-11-04 19:47:36,2020-11-04 20:04:06,88.0,97.6,126.95169864004636,34.0,32.95
1320,2020-11-05 07:17:59,2020-11-05 07:48:09,35.6,56.8,118.37393121069186,30.04945054945055,27.626373626373628
1321,2020-11-05 07:48:30,2020-11-05 08:22:30,56.8,80.4,119.82931014595097,31.5609756097561,29.0
1322,2020-11-05 08:22:51,2020-11-05 08:44:01,80.8,94.4,122.93504595588225,32.0,29.9921875
1323,2020-11-05 15:19:13,2020-11-05 15:42:33,49.2,71.6,121.5370788070437,35.58156028368794,33.90070921985816
1324,2020-11-05 15:42:54,2020-11-05 16:08:04,72.0,92.8,122.73371474358976,36.78947368421053,35.0
1325,2020-11-05 23:32:58,2020-11-06 01:00:37,44.4,97.6,122.86070709325398,33.422492401215806,30.711246200607903
1326,2020-11-06 16:19:40,2020-11-06 16:52:00,40.4,71.6,120.82264138176639,32.646153846153844,31.22051282051282
1327,2020-11-06 16:52:21,2020-11-06 17:22:21,72.0,95.6,124.06016025188329,34.58563535911602,33.0
1328,2020-11-07 02:34:34,2020-11-07 03:51:25,30.0,97.6,121.25565382766273,33.994800693240904,32.251299826689774
1329,2020-11-07 13:32:25,2020-11-07 13:56:45,39.2,62.8,120.39254690442564,32.5578231292517,31.183673469387756
1330,2020-11-07 13:57:06,2020-11-07 14:25:06,63.2,89.2,121.57425443376067,34.603550295857985,33.366863905325445
1331,2020-11-08 00:19:55,2020-11-08 00:52:15,24.8,45.2,119.13945996732028,33.56923076923077,31.58974358974359
1332,2020-11-08 00:52:36,2020-11-08 01:22:06,45.2,64.4,115.51000824652779,35.57303370786517,33.556179775280896
1333,2020-11-08 01:22:27,2020-11-08 01:51:47,64.4,82.4,122.67595308641978,36.2090395480226,34.0
1334,2020-11-08 02:04:18,2020-11-08 02:21:08,87.6,97.6,124.09582055555555,36.98039215686274,34.627450980392155
1335,2020-11-08 11:43:54,2020-11-08 12:13:14,68.4,93.2,121.38049803987457,30.10169491525424,29.350282485875706
1336,2020-11-08 18:24:12,2020-11-08 18:53:12,23.2,43.2,119.63750125000001,33.93714285714286,32.54857142857143
1337,2020-11-08 18:53:33,2020-11-08 19:26:33,43.6,66.8,117.34794049329503,36.0,34.45728643216081
1338,2020-11-08 19:26:54,2020-11-08 19:56:34,66.8,86.8,122.39514090277778,37.0,35.0
1339,2020-11-09 02:32:10,2020-11-09 02:49:10,0.8,17.2,121.11451388888894,39.89320388349515,36.0
1340,2020-11-09 02:49:31,2020-11-09 03:17:51,17.6,45.2,119.8903093800322,40.12280701754386,36.68421052631579
1341,2020-11-09 03:18:12,2020-11-09 03:48:32,45.6,74.8,121.30994187595132,42.63387978142077,39.021857923497265
1342,2020-11-09 03:48:53,2020-11-09 04:15:53,75.2,95.6,125.44459483932467,43.0,39.83435582822086
1343,2020-11-09 17:27:06,2020-11-09 17:56:16,30.4,58.8,119.98338918231613,34.38636363636363,33.25568181818182
1344,2020-11-09 17:56:37,2020-11-09 18:27:27,59.2,88.4,121.26238280060883,37.215053763440864,35.68817204301075
1345,2020-11-09 23:22:00,2020-11-09 23:48:40,71.2,87.6,121.95121951219518,34.0,31.4472049689441
1346,2020-11-10 15:10:38,2020-11-10 15:43:18,42.4,74.0,120.62104593002812,31.32994923857868,30.223350253807105
1347,2020-11-10 15:43:39,2020-11-10 16:14:29,74.4,97.6,122.50899730603457,33.0,31.182795698924732
1348,2020-11-11 04:25:33,2020-11-11 04:53:23,22.0,49.2,119.01861836192813,28.273809523809526,26.392857142857142
1349,2020-11-11 04:53:44,2020-11-11 05:24:54,49.6,79.6,120.83058750000004,31.81382978723404,30.03191489361702
1350,2020-11-11 05:25:35,2020-11-11 05:51:15,80.4,97.6,126.72803811369518,33.0,31.038709677419355
1351,2020-11-11 10:33:58,2020-11-11 10:53:18,66.8,80.0,121.60357491582496,30.0,27.846153846153847
1352,2020-11-11 10:53:39,2020-11-11 11:20:09,80.0,96.8,123.11098404431218,30.275,28.1625
1353,2020-11-12 05:45:15,2020-11-12 06:15:25,14.8,40.4,119.86057845052083,28.824175824175825,27.082417582417584
1354,2020-11-12 06:15:46,2020-11-12 06:44:36,40.4,64.4,118.01100781249995,31.735632183908045,30.097701149425287
1355,2020-11-12 06:44:57,2020-11-12 07:04:57,64.4,80.0,120.44783733974363,33.0,31.297520661157026
1356,2020-11-12 07:15:35,2020-11-12 07:39:00,84.4,97.2,119.9593256835938,34.0,32.0
1357,2020-11-13 10:53:18,2020-11-13 11:46:10,40.8,90.4,120.0060028953853,29.636363636363637,28.86833855799373
1358,2020-11-13 19:04:49,2020-11-13 19:33:19,75.6,97.2,122.21452321244854,32.0,31.0
1359,2020-11-14 15:43:38,2020-11-14 16:09:58,17.6,43.2,120.88541861979168,27.28301886792453,26.42138364779874
1360,2020-11-14 16:10:19,2020-11-14 16:40:39,43.2,73.6,117.29761152229537,30.83606557377049,29.901639344262296
1361,2020-11-14 16:41:00,2020-11-14 17:06:40,74.0,94.4,120.88305099400868,32.354838709677416,31.07741935483871
1362,2020-11-15 02:24:42,2020-11-15 02:50:32,47.2,72.4,119.21133912037038,28.923076923076923,26.55128205128205
1363,2020-11-15 02:50:53,2020-11-15 03:13:53,72.8,91.6,122.4268939125296,30.503597122302157,28.345323741007196
1364,2020-11-15 12:21:38,2020-11-15 12:51:58,26.0,45.6,116.08701948696145,26.398907103825138,25.08743169398907
1365,2020-11-15 12:52:19,2020-11-15 13:22:49,45.6,65.6,114.37500000000004,28.597826086956523,27.47826086956522
1366,2020-11-15 13:23:10,2020-11-15 13:56:30,65.6,86.4,120.19765010683756,29.895522388059703,28.64179104477612
1367,2020-11-15 13:56:51,2020-11-15 14:14:21,86.4,96.8,122.98612700320524,30.60377358490566,29.245283018867923
1368,2020-11-15 18:49:38,2020-11-15 19:11:18,67.2,88.8,115.22699517746918,30.52671755725191,28.702290076335878
1369,2020-11-16 13:56:52,2020-11-16 14:21:12,28.0,52.4,117.00704337431694,30.448979591836736,29.06122448979592
1370,2020-11-16 14:21:33,2020-11-16 14:48:33,52.8,79.6,118.17578088723053,32.987730061349694,31.865030674846626
1371,2020-11-16 18:45:14,2020-11-16 19:04:04,56.8,75.6,117.9787397310875,33.95614035087719,32.666666666666664
1372,2020-11-17 02:24:17,2020-11-17 02:53:17,53.6,82.0,120.40642209507044,33.537142857142854,31.53142857142857
1373,2020-11-17 02:53:38,2020-11-17 03:16:08,82.4,97.6,125.78673090277786,34.0,32.294117647058826
1374,2020-11-17 12:40:59,2020-11-17 13:35:02,44.0,86.8,120.42323325545172,32.26847290640394,30.807881773399014
1375,2020-11-17 20:37:02,2020-11-17 21:50:25,42.0,96.8,121.12658615673155,33.22867513611615,31.58802177858439
1376,2020-11-18 05:21:45,2020-11-18 05:41:35,78.0,93.6,119.82638906695165,32.958333333333336,30.766666666666666
1377,2020-11-18 21:00:26,2020-11-18 21:27:06,38.0,64.4,118.09502735690236,34.40372670807454,33.69565217391305
1378,2020-11-18 21:27:27,2020-11-18 21:54:57,64.8,90.0,120.90278924162257,36.536144578313255,35.69879518072289
1379,2020-11-19 13:46:27,2020-11-19 14:15:47,10.8,39.6,119.06540779320989,34.40677966101695,33.40112994350282
1380,2020-11-19 14:16:08,2020-11-19 14:42:28,40.0,65.6,120.22299490017365,37.19496855345912,36.17610062893082
1381,2020-11-19 14:42:49,2020-11-19 15:07:39,66.0,89.2,122.05101969588124,38.99333333333333,37.78666666666667
1382,2020-11-20 01:18:38,2020-11-20 01:43:48,24.8,49.6,118.49295312499999,35.2171052631579,32.921052631578945
1383,2020-11-20 01:53:37,2020-11-20 02:13:21,59.6,78.8,120.0115839120371,38.266666666666666,35.875
1384,2020-11-20 10:53:22,2020-11-20 11:12:12,49.6,62.8,118.60585048400678,33.35087719298246,31.5
1385,2020-11-20 11:12:33,2020-11-20 11:37:43,63.2,80.4,121.93152454780358,34.01315789473684,32.39473684210526
1386,2020-11-20 11:38:04,2020-11-20 12:05:04,80.8,97.6,124.67843369708997,35.0,33.104294478527606
1387,2020-11-20 18:57:01,2020-11-20 19:24:51,60.8,82.4,121.12526929012341,37.0,35.0
1388,2020-11-20 19:25:12,2020-11-20 19:48:52,82.8,97.6,126.60098526651653,37.0,35.0
1389,2020-11-21 02:33:47,2020-11-21 02:59:27,23.2,45.2,117.91541534090906,36.28387096774193,33.67741935483871
1390,2020-11-21 02:59:48,2020-11-21 03:28:28,45.6,69.2,118.22035240112993,38.54913294797688,35.71098265895954
1391,2020-11-21 03:28:49,2020-11-21 03:52:09,69.6,87.2,122.99717305871205,39.0,36.0
1392,2020-11-21 16:37:59,2020-11-21 17:11:19,29.2,62.4,117.36238286479251,35.407960199004975,34.17910447761194
1393,2020-11-21 17:11:40,2020-11-21 17:39:10,62.4,88.8,120.26306392045458,38.30722891566265,36.96987951807229
1394,2020-11-22 02:02:16,2020-11-22 02:29:46,29.2,46.8,117.45188841540406,32.2710843373494,30.05421686746988
1395,2020-11-22 02:30:07,2020-11-22 02:59:57,47.2,66.4,116.79545413773147,33.7,31.644444444444446
1396,2020-11-22 03:00:18,2020-11-22 03:30:28,66.4,85.2,120.61320641252959,34.0,32.0
1397,2020-11-22 03:30:49,2020-11-22 04:05:09,85.6,99.6,132.9523875,34.68599033816425,32.0
1398,2020-11-22 09:40:17,2020-11-22 10:31:55,54.4,97.6,121.47975835262346,34.123711340206185,32.46649484536083
1399,2020-11-22 14:17:33,2020-11-22 14:39:13,64.0,84.8,120.13222903311969,35.89312977099237,34.02290076335878
1400,2020-11-22 14:39:34,2020-11-22 14:59:24,85.2,97.6,126.19176478494634,36.0,35.0
1401,2020-11-23 11:04:59,2020-11-23 11:27:19,43.2,65.2,118.63826944444446,27.40740740740741,26.20740740740741
1402,2020-11-23 11:27:40,2020-11-23 11:55:50,65.6,90.8,120.90554580026453,29.53529411764706,28.376470588235293
1403,2020-11-23 18:47:46,2020-11-23 19:19:46,52.0,82.8,120.18847736291485,32.005181347150256,29.870466321243523
1404,2020-11-23 19:20:07,2020-11-23 19:42:17,83.2,97.6,126.18150212191365,33.0,31.0
1405,2020-11-23 23:21:35,2020-11-23 23:46:45,70.8,92.0,121.87959538784064,30.86842105263158,27.888157894736842
1406,2020-11-24 15:31:13,2020-11-24 15:57:13,49.2,74.8,118.70118760850697,30.38216560509554,28.81528662420382
1407,2020-11-24 15:57:34,2020-11-24 16:24:14,75.2,95.6,123.49129690904148,31.944099378881987,30.62111801242236
1408,2020-11-25 03:09:25,2020-11-25 04:07:44,48.0,97.6,121.78915994343642,29.993150684931507,28.143835616438356
1409,2020-11-25 10:53:30,2020-11-25 11:22:30,66.8,86.8,121.31113687500003,30.0,28.502857142857142
1410,2020-11-25 16:31:53,2020-11-25 16:48:43,32.4,44.4,117.33798634259259,32.94117647058823,31.42156862745098
1411,2020-11-25 16:49:04,2020-11-25 17:21:34,44.4,67.6,117.18512871168588,34.392857142857146,32.923469387755105
1412,2020-11-25 17:21:55,2020-11-25 17:47:35,68.0,85.6,122.01549179292937,35.0,34.0
1413,2020-11-25 17:47:56,2020-11-25 18:07:16,86.0,97.6,126.55293235153262,35.98290598290598,34.0
1414,2020-11-25 22:28:44,2020-11-25 22:57:44,66.8,92.0,121.4225216049383,34.537142857142854,31.931428571428572
1415,2020-11-26 03:02:56,2020-11-26 03:19:46,54.8,72.4,119.65515506628786,32.970588235294116,29.99019607843137
1416,2020-11-26 03:20:07,2020-11-26 03:45:37,72.8,94.0,120.72132481656186,34.0,31.142857142857142
1417,2020-11-26 13:31:33,2020-11-26 13:56:50,34.4,59.6,116.13259744268076,32.509803921568626,31.392156862745097
1418,2020-11-26 13:57:11,2020-11-26 14:26:51,60.0,88.0,121.42409682539682,34.832402234636874,33.59217877094972
1419,2020-11-26 17:42:23,2020-11-26 18:14:33,65.6,87.6,121.58331439393939,35.3041237113402,33.0
1420,2020-11-27 01:45:58,2020-11-27 02:11:08,57.6,82.0,120.366579007286,29.138157894736842,26.605263157894736
1421,2020-11-27 02:11:29,2020-11-27 02:34:29,82.4,97.6,126.57167479897673,30.0,27.971223021582734
1422,2020-11-27 18:33:12,2020-11-27 18:50:32,14.4,31.6,118.03135933462532,27.99047619047619,26.523809523809526
1423,2020-11-27 18:50:53,2020-11-27 19:18:53,32.0,60.0,117.1270134920635,30.59171597633136,29.37278106508876
1424,2020-11-27 19:19:14,2020-11-27 19:46:44,60.0,86.8,120.20681037520737,33.41566265060241,31.740963855421686
1425,2020-11-28 00:29:03,2020-11-28 01:02:03,56.0,75.2,120.60839091435184,29.0,25.718592964824122
1426,2020-11-28 01:02:24,2020-11-28 01:30:44,75.6,92.0,120.94684798441737,29.05263157894737,26.0
1427,2020-11-28 20:10:53,2020-11-28 20:37:43,14.0,33.2,115.60476866319442,27.166666666666668,25.765432098765434
1428,2020-11-28 20:38:04,2020-11-28 21:09:34,33.6,55.6,118.34850688131316,29.026315789473685,27.86315789473684
1429,2020-11-28 21:09:55,2020-11-28 21:39:45,55.6,76.4,118.52031824252134,30.916666666666668,29.366666666666667
1430,2020-11-28 21:40:06,2020-11-28 22:06:46,76.4,93.6,123.01599854651168,31.472049689440993,30.0
1431,2020-11-29 01:36:19,2020-11-29 02:02:19,11.2,28.0,116.32939087301588,31.0,27.15286624203822
1432,2020-11-29 02:02:40,2020-11-29 02:32:00,28.4,46.8,119.83094444444448,32.12429378531073,28.62146892655367
1433,2020-11-29 02:32:21,2020-11-29 03:00:21,47.2,65.6,114.38408333333341,33.650887573964496,30.384615384615383
1434,2020-11-29 03:00:42,2020-11-29 03:30:32,65.6,84.4,119.28046380023636,34.0,31.0
1435,2020-11-29 03:30:53,2020-11-29 03:48:33,84.4,95.2,120.48739531893007,34.0,31.0
1436,2020-11-29 12:26:28,2020-11-29 12:58:08,29.6,52.0,117.57190104166668,26.98952879581152,24.94764397905759
1437,2020-11-29 12:58:29,2020-11-29 13:29:09,52.4,74.0,118.07610802469131,29.38918918918919,27.416216216216217
1438,2020-11-29 13:29:30,2020-11-29 14:02:10,74.0,95.6,120.43402289094654,30.33502538071066,28.507614213197968
1439,2020-11-29 17:07:43,2020-11-29 17:34:00,79.2,95.2,121.69566609375002,29.66875,27.0
1440,2020-11-30 03:18:44,2020-11-30 03:46:44,20.8,38.4,119.46972356376267,22.207100591715978,19.680473372781066
1441,2020-11-30 03:47:05,2020-11-30 04:20:55,38.8,60.8,115.59724785353538,24.127450980392158,21.774509803921568
1442,2020-11-30 04:21:16,2020-11-30 04:53:06,61.2,81.6,117.29441598583885,25.208333333333332,23.0
1443,2020-11-30 04:53:27,2020-11-30 05:22:57,81.6,96.8,124.1949875730994,26.0,23.0
1444,2020-11-30 13:07:38,2020-11-30 13:37:58,62.4,81.2,121.27957771867611,26.0,24.62295081967213
1445,2020-11-30 13:38:19,2020-11-30 14:04:59,81.2,97.6,119.9618907520326,26.993788819875775,25.633540372670808
1446,2020-11-30 20:42:05,2020-11-30 21:26:07,62.8,94.8,121.6911161501736,26.20845921450151,24.26283987915408
1447,2020-12-01 16:20:47,2020-12-01 16:49:07,25.2,45.2,118.76671305555556,25.830409356725145,24.29824561403509
1448,2020-12-01 16:49:28,2020-12-01 17:15:38,45.6,64.8,114.25062398726857,28.28481012658228,26.924050632911392
1449,2020-12-01 17:15:59,2020-12-01 17:45:59,65.2,86.0,120.92285510149577,29.43646408839779,28.082872928176794
1450,2020-12-01 17:46:20,2020-12-01 18:05:10,86.4,97.6,126.81922904265888,30.0,29.0
1451,2020-12-02 01:35:19,2020-12-02 02:05:49,35.6,46.4,117.66975308641977,26.277173913043477,23.402173913043477
1452,2020-12-02 02:06:10,2020-12-02 02:36:50,46.4,58.0,110.15325670498083,27.0,24.156756756756756
1453,2020-12-02 02:37:11,2020-12-02 03:10:41,58.0,70.0,116.31944444444444,27.0,25.0
1454,2020-12-02 03:11:02,2020-12-02 03:39:52,70.0,80.0,120.13888888888889,27.0,24.597701149425287
1455,2020-12-02 03:40:13,2020-12-02 04:15:23,80.0,92.0,122.1064814814815,27.0,24.485849056603772
1456,2020-12-02 04:15:44,2020-12-02 04:36:24,92.0,97.6,133.14242261904784,27.0,24.0
1457,2020-12-02 12:27:00,2020-12-02 12:52:30,49.2,66.8,120.88780823863642,24.928571428571427,23.305194805194805
1458,2020-12-02 12:52:51,2020-12-02 13:23:41,67.2,88.4,121.39874004192875,26.403225806451612,24.78494623655914
1459,2020-12-02 13:24:02,2020-12-02 13:43:12,88.8,97.6,127.51576641414142,27.00862068965517,26.0
1460,2020-12-03 13:15:30,2020-12-03 13:48:20,16.4,50.0,120.52620771329366,24.535353535353536,23.681818181818183
1461,2020-12-03 13:48:41,2020-12-03 14:19:51,50.4,82.0,121.6772187060478,28.75,27.94148936170213
1462,2020-12-03 14:20:12,2020-12-03 14:39:52,82.4,95.6,129.24769244528633,30.0,29.0
1463,2020-12-04 00:07:22,2020-12-04 00:57:00,62.8,97.6,123.86131919300767,24.22788203753351,21.94101876675603
1464,2020-12-04 09:27:57,2020-12-04 10:20:00,67.6,97.6,120.6458668703704,19.647058823529413,18.125319693094628
1465,2020-12-04 23:47:09,2020-12-05 00:17:09,30.4,60.8,115.04430779422516,22.11049723756906,20.74585635359116
1466,2020-12-05 16:22:18,2020-12-05 17:41:15,20.8,87.6,117.68547513722555,22.683501683501685,21.905723905723907
1467,2020-12-06 01:50:01,2020-12-06 02:20:21,26.8,57.6,115.97674801587303,22.726775956284154,20.612021857923498
1468,2020-12-06 02:20:42,2020-12-06 02:48:02,58.0,84.8,120.1109208644279,25.975757575757576,24.060606060606062
1469,2020-12-06 06:48:37,2020-12-06 07:13:07,32.8,50.4,116.49702722537876,22.87162162162162,19.614864864864863
1470,2020-12-06 07:13:28,2020-12-06 07:44:18,50.8,72.8,117.24749810606063,24.655913978494624,21.586021505376344
1471,2020-12-06 07:44:39,2020-12-06 08:14:09,72.8,92.8,119.99515798611111,25.0,22.44943820224719
1472,2020-12-06 16:28:38,2020-12-06 18:11:21,34.0,97.6,119.7322748777079,28.077720207253886,26.85880829015544
1473,2020-12-07 03:17:35,2020-12-07 04:53:07,43.2,97.6,121.06276522671571,25.629009762900978,23.211994421199442
1474,2020-12-07 14:14:29,2020-12-07 15:03:35,38.8,86.8,119.50886863425927,27.218855218855218,26.074074074074073
1475,2020-12-07 19:37:34,2020-12-07 19:57:34,46.4,66.0,118.9916332908163,29.28099173553719,27.123966942148762
1476,2020-12-07 20:07:35,2020-12-07 20:36:05,68.8,92.8,121.1070509837963,30.761627906976745,28.651162790697676
1477,2020-12-08 20:40:52,2020-12-08 21:46:31,61.6,97.6,123.34665102623464,24.6105476673428,23.58823529411765
1478,2020-12-09 18:28:41,2020-12-09 18:51:01,14.4,30.4,116.74568298611112,25.274074074074075,23.85925925925926
1479,2020-12-09 18:51:22,2020-12-09 19:19:52,30.4,50.8,116.86685334967324,27.267441860465116,26.0
1480,2020-12-09 19:20:13,2020-12-09 19:48:43,51.2,71.6,116.8763849400872,29.523255813953487,27.930232558139537
1481,2020-12-09 19:49:04,2020-12-09 20:05:34,72.0,83.2,123.25895312499999,30.0,29.0
1482,2020-12-10 11:51:45,2020-12-10 12:18:55,50.4,77.2,118.04208820480926,28.304878048780488,27.23780487804878
1483,2020-12-10 12:19:16,2020-12-10 12:42:56,77.6,95.2,122.99480926452016,29.944055944055943,28.937062937062937
1484,2020-12-10 15:18:12,2020-12-10 15:41:52,74.4,93.6,120.76462709780098,31.678321678321677,29.916083916083917
1485,2020-12-10 20:41:29,2020-12-10 21:07:49,53.6,79.6,118.62501997863252,31.61635220125786,29.352201257861637
1486,2020-12-10 21:08:10,2020-12-10 21:26:00,80.0,93.2,124.9305650252525,32.129629629629626,30.00925925925926
1487,2020-12-11 10:12:01,2020-12-11 11:33:24,34.8,97.6,120.29921727485846,28.219312602291325,27.104746317512276
1488,2020-12-11 14:51:09,2020-12-11 15:21:26,66.0,90.4,120.16445547017298,31.653508771929825,30.32456140350877
1489,2020-12-12 00:05:13,2020-12-12 00:24:23,43.6,62.4,119.09945286643031,27.646551724137932,26.129310344827587
1490,2020-12-12 00:24:44,2020-12-12 01:02:23,62.8,94.4,121.71256802039376,29.599118942731277,27.82819383259912
1491,2020-12-12 12:22:43,2020-12-12 12:51:23,63.6,89.6,121.09082761752138,27.31791907514451,26.15028901734104
1492,2020-12-13 02:43:36,2020-12-13 03:05:26,9.6,28.4,118.93322421690308,26.727272727272727,24.977272727272727
1493,2020-12-13 03:05:47,2020-12-13 03:34:17,28.8,52.8,118.88427048611112,28.808139534883722,27.41860465116279
1494,2020-12-13 03:34:38,2020-12-13 04:01:38,53.2,75.2,117.366173989899,31.39877300613497,29.773006134969325
1495,2020-12-13 04:01:59,2020-12-13 04:27:39,75.2,93.2,122.60727175925925,32.05806451612903,30.696774193548386
1496,2020-12-13 11:36:58,2020-12-13 12:24:20,58.4,97.6,122.02470362811795,29.073033707865168,26.71629213483146
1497,2020-12-13 17:42:41,2020-12-13 18:09:21,48.8,74.8,119.80556757478634,30.08695652173913,28.080745341614907
1498,2020-12-13 18:09:42,2020-12-13 18:39:12,75.2,97.2,122.33524457070706,31.0,29.00561797752809
1499,2020-12-14 03:05:03,2020-12-14 03:35:23,45.6,75.6,118.31621976851854,30.595628415300546,28.224043715846996
1500,2020-12-14 03:35:44,2020-12-14 04:05:24,75.6,96.4,120.22437272970079,32.0,29.966480446927374
1501,2020-12-14 14:21:44,2020-12-14 14:49:14,48.0,74.8,119.70771082089553,23.686746987951807,21.53012048192771
1502,2020-12-14 14:49:35,2020-12-14 15:20:55,75.2,96.4,121.65554258385744,25.296296296296298,23.603174603174605
1503,2020-12-15 00:45:24,2020-12-15 01:15:44,30.0,49.2,117.96301562500003,25.639344262295083,22.311475409836067
1504,2020-12-15 01:16:05,2020-12-15 01:46:18,49.6,69.2,115.11116250000002,27.0,23.918032786885245
1505,2020-12-15 13:23:08,2020-12-15 13:50:18,23.6,50.8,118.39411376633988,20.591463414634145,18.76829268292683
1506,2020-12-15 13:50:39,2020-12-15 14:22:09,51.2,82.8,118.11008003691987,24.278947368421054,22.61578947368421
1507,2020-12-15 14:22:30,2020-12-15 14:48:10,83.2,97.2,121.95837271825395,25.903225806451612,24.0
1508,2020-12-16 06:34:42,2020-12-16 06:59:22,10.0,35.6,112.55426757812499,18.93959731543624,18.241610738255034
1509,2020-12-16 06:59:43,2020-12-16 07:28:13,36.0,64.0,118.92065188492064,22.162790697674417,21.290697674418606
1510,2020-12-16 07:28:34,2020-12-16 07:57:24,64.0,90.0,122.05503985042736,24.735632183908045,23.57471264367816
1511,2020-12-16 07:57:45,2020-12-16 08:15:15,90.4,97.6,135.43405034722244,25.60377358490566,24.0
1512,2020-12-16 14:41:11,2020-12-16 15:10:51,68.4,85.2,122.80754918981485,21.48603351955307,19.363128491620113
1513,2020-12-16 15:11:12,2020-12-16 15:39:22,85.6,97.6,118.2176273148148,22.0,20.0
1514,2020-12-17 00:00:20,2020-12-17 00:21:30,34.8,55.6,117.91733860844012,19.515625,17.1796875
1515,2020-12-17 00:21:51,2020-12-17 00:50:41,56.0,83.6,119.92049220008056,22.24137931034483,20.114942528735632
1516,2020-12-17 19:53:38,2020-12-17 20:21:18,14.0,40.8,120.05340873756225,18.880239520958085,17.44311377245509
1517,2020-12-17 20:21:39,2020-12-17 20:51:09,41.2,70.8,115.96473723723729,22.50561797752809,21.06741573033708
1518,2020-12-17 20:51:30,2020-12-17 21:20:30,70.8,94.0,118.52312224616858,24.605714285714285,22.908571428571427
1519,2020-12-18 17:38:08,2020-12-18 17:58:28,30.8,45.2,116.71394907407407,18.365853658536587,17.4390243902439
1520,2020-12-18 17:58:49,2020-12-18 18:30:19,45.2,68.0,114.15267318469789,20.710526315789473,19.810526315789474
1521,2020-12-18 18:30:40,2020-12-18 19:00:10,68.4,88.4,121.77361972222222,22.213483146067414,21.269662921348313
1522,2020-12-18 22:10:19,2020-12-18 22:36:59,58.8,77.2,120.45742557367146,24.37888198757764,22.0
1523,2020-12-18 22:37:20,2020-12-18 22:55:00,77.6,89.6,120.2198925925926,25.0,22.485981308411215
1524,2020-12-19 03:09:10,2020-12-19 04:02:40,59.6,97.6,122.33787641447368,22.713930348258707,20.109452736318406
1525,2020-12-19 06:46:03,2020-12-19 07:15:43,51.6,75.6,118.20429467592596,23.145251396648046,19.737430167597765
1526,2020-12-19 07:16:04,2020-12-19 07:43:44,75.6,94.8,118.32176273148146,24.0,20.94610778443114
1527,2020-12-19 18:45:35,2020-12-19 19:02:15,75.2,88.0,120.27996321614584,18.0,17.584158415841586
1528,2020-12-20 08:55:33,2020-12-20 09:25:53,69.2,93.6,119.85029832650278,25.737704918032787,22.546448087431695
1529,2020-12-20 13:47:05,2020-12-20 14:18:25,60.4,78.8,119.48674335748797,23.841269841269842,21.608465608465607
1530,2020-12-20 23:15:14,2020-12-21 00:00:44,23.2,69.2,116.16531139794688,23.42982456140351,21.18421052631579
1531,2020-12-21 00:04:04,2020-12-21 00:46:46,68.4,97.6,119.86744962423903,26.825545171339563,24.81619937694704
1532,2020-12-21 16:43:30,2020-12-21 18:05:25,24.4,97.6,119.00541646364604,25.59512195121951,24.27967479674797
1533,2020-12-22 18:36:42,2020-12-22 19:05:22,50.0,78.8,116.68259669174388,24.641618497109828,23.283236994219653
1534,2020-12-22 19:05:43,2020-12-22 19:33:23,78.8,97.6,122.43055910165485,26.48502994011976,25.0
1535,2020-12-23 03:44:18,2020-12-23 04:12:48,41.6,70.4,115.54688151041665,25.78488372093023,23.86627906976744
1536,2020-12-23 04:13:09,2020-12-23 04:31:49,70.4,88.0,119.36159256628794,27.63716814159292,25.84070796460177
1537,2020-12-23 14:05:22,2020-12-23 14:32:02,26.8,53.2,117.96560558712122,27.012422360248447,26.06832298136646
1538,2020-12-23 14:32:23,2020-12-23 15:00:53,53.6,82.0,117.16550234741786,30.238372093023255,29.313953488372093
1539,2020-12-24 03:41:22,2020-12-24 03:59:32,51.2,69.2,118.14353271604942,24.181818181818183,22.036363636363635
1540,2020-12-24 03:59:53,2020-12-24 04:27:43,69.2,92.4,119.85573754789274,25.720238095238095,23.720238095238095
1541,2020-12-24 13:57:50,2020-12-24 14:30:40,58.0,88.8,120.88385511363637,27.727272727272727,26.41919191919192
1542,2020-12-24 22:02:50,2020-12-24 22:21:10,54.0,72.0,118.77623757716052,27.52252252252252,25.234234234234233
1543,2020-12-24 22:25:01,2020-12-24 22:52:41,72.4,96.0,112.6718566384181,28.664670658682635,26.65868263473054
1544,2020-12-25 02:23:07,2020-12-25 02:43:00,72.8,90.8,117.09947272376544,26.84,23.873333333333335
1545,2020-12-25 05:57:44,2020-12-25 06:16:54,69.6,84.4,120.39415784534523,24.862068965517242,22.060344827586206
1546,2020-12-25 06:17:15,2020-12-25 06:38:05,84.4,96.4,119.4884324074074,25.0,23.0
1547,2020-12-25 14:02:19,2020-12-25 14:33:49,45.2,75.6,119.40288724415211,24.2,22.49473684210526
1548,2020-12-25 19:49:03,2020-12-25 20:20:33,54.8,85.6,119.53103747294375,26.794736842105262,25.010526315789473
1549,2020-12-25 20:20:54,2020-12-25 20:41:04,86.0,97.6,124.95212356321845,28.0,26.0
1550,2020-12-26 02:18:26,2020-12-26 02:46:16,62.0,88.4,118.54797485269356,27.654761904761905,25.452380952380953
1551,2020-12-26 09:52:45,2020-12-26 10:21:45,67.2,89.2,121.28662872474747,25.194285714285716,23.251428571428573
1552,2020-12-26 10:22:06,2020-12-26 10:41:56,89.6,97.6,129.7604258680555,26.0,24.0
1553,2020-12-26 16:57:00,2020-12-26 17:19:10,61.2,76.4,120.4194185855263,27.171641791044777,26.119402985074625
1554,2020-12-26 17:19:31,2020-12-26 17:50:31,76.8,96.4,122.43553932823123,28.0,27.0427807486631
1555,2020-12-27 02:18:23,2020-12-27 02:44:03,54.4,79.2,120.99407834901432,28.761290322580646,26.651612903225807
1556,2020-12-27 23:17:40,2020-12-27 23:50:10,40.8,62.0,114.9764150943396,26.214285714285715,25.056122448979593
1557,2020-12-27 23:50:31,2020-12-28 00:07:56,62.0,73.2,116.63132459077379,27.5188679245283,26.0
1558,2020-12-28 00:08:17,2020-12-28 00:30:47,73.2,87.2,120.53968293650794,28.0,26.948529411764707
1559,2020-12-28 20:36:31,2020-12-28 22:10:22,25.6,85.6,117.83447056944448,30.251063829787235,29.458156028368794
1560,2020-12-29 03:44:06,2020-12-29 04:10:46,30.4,56.8,118.06188236531987,29.099378881987576,26.29813664596273
1561,2020-12-29 04:11:07,2020-12-29 04:36:47,57.2,82.4,119.03550705467374,31.70967741935484,29.219354838709677
1562,2020-12-29 10:30:40,2020-12-29 10:55:20,24.4,48.8,117.76640084244082,29.241610738255034,26.644295302013422
1563,2020-12-29 10:55:41,2020-12-29 11:29:21,49.2,82.4,118.39776388888887,32.37931034482759,29.97536945812808
1564,2020-12-29 21:53:27,2020-12-29 22:22:17,39.6,68.4,117.14411005015432,32.82183908045977,30.43103448275862
1565,2020-12-29 22:22:38,2020-12-29 22:53:08,68.8,94.4,120.1497532552083,34.608695652173914,32.0
1566,2020-12-30 03:35:51,2020-12-30 04:04:01,57.6,84.8,121.26226736111114,28.641176470588235,24.194117647058825
1567,2020-12-30 04:04:22,2020-12-30 04:24:02,85.2,97.6,123.43527419354845,29.0,25.04201680672269
1568,2020-12-30 13:50:30,2020-12-30 14:19:40,38.0,67.2,116.70140268264839,21.443181818181817,19.539772727272727
1569,2020-12-30 14:20:01,2020-12-30 14:49:21,67.6,92.0,121.22382604735881,23.75141242937853,22.15819209039548
1570,2020-12-30 23:30:14,2020-12-30 23:47:04,44.4,62.0,119.58176807133837,22.49019607843137,19.352941176470587
1571,2020-12-30 23:47:25,2020-12-31 00:14:45,62.4,89.2,120.12179534618572,26.696969696969695,23.563636363636363
1572,2020-12-31 16:28:17,2020-12-31 16:48:04,58.0,77.2,118.7230352068866,19.133333333333333,18.141666666666666
1573,2020-12-31 16:48:25,2020-12-31 17:17:15,77.2,95.6,118.9153251056764,20.482758620689655,19.649425287356323
1574,2021-01-01 00:12:36,2021-01-01 00:35:36,59.2,71.6,120.599208982975,18.0,16.158273381294965
1575,2021-01-01 00:35:57,2021-01-01 01:06:37,72.0,88.8,121.3888584656085,18.91891891891892,17.0
1576,2021-01-01 01:06:58,2021-01-01 01:24:18,89.2,96.4,124.49844714506169,19.0,17.98095238095238
1577,2021-01-04 11:48:14,2021-01-04 12:17:14,7.6,36.4,118.08160040509262,21.474285714285713,20.34285714285714
1578,2021-01-04 12:17:35,2021-01-04 12:46:45,36.8,66.0,117.19271746575342,25.1875,24.22159090909091
1579,2021-01-04 12:47:06,2021-01-04 13:19:23,66.0,93.2,121.29777576593135,27.794871794871796,26.784615384615385
1580,2021-01-04 23:34:41,2021-01-04 23:53:41,10.0,26.4,118.55438279132792,25.62608695652174,23.452173913043477
1581,2021-01-04 23:54:02,2021-01-05 00:22:42,26.8,51.2,117.66622495446266,27.485549132947977,25.63583815028902
1582,2021-01-05 00:23:03,2021-01-05 00:50:53,51.6,74.4,116.73185922270955,29.886904761904763,27.851190476190474
1583,2021-01-05 00:51:14,2021-01-05 01:19:24,74.8,94.4,121.3874776077097,31.0,28.86470588235294
1584,2021-01-05 05:05:37,2021-01-05 05:34:27,56.0,84.0,119.85715873015876,29.17241379310345,25.764367816091955
1585,2021-01-05 05:34:48,2021-01-05 05:55:38,84.4,97.6,125.61024936868696,30.0,27.0
1586,2021-01-05 16:37:08,2021-01-05 17:00:28,53.6,76.4,119.54314096003897,27.69503546099291,26.5177304964539
1587,2021-01-05 17:00:49,2021-01-05 17:25:29,76.8,95.2,121.69008129528981,28.986577181208055,27.892617449664428
1588,2021-01-06 06:03:20,2021-01-06 06:25:50,22.4,44.4,119.77210965909093,21.779411764705884,19.83823529411765
1589,2021-01-06 06:26:11,2021-01-06 06:55:11,44.8,74.0,116.24192908105024,25.04,23.251428571428573
1590,2021-01-06 06:55:32,2021-01-06 07:23:32,74.4,96.0,119.8167614454733,26.810650887573964,24.958579881656803
1591,2021-01-06 13:11:17,2021-01-06 14:14:18,50.8,90.4,118.80754760101011,27.473684210526315,25.025263157894738
1592,2021-01-06 21:44:25,2021-01-06 22:11:35,55.2,81.6,120.51979587542094,26.158536585365855,24.21951219512195
1593,2021-01-06 22:11:56,2021-01-06 22:35:36,82.0,97.6,123.02441257122514,27.25874125874126,25.902097902097903
1594,2021-01-07 12:59:29,2021-01-07 13:28:49,11.6,32.4,117.0446510416667,21.175141242937855,19.429378531073446
1595,2021-01-07 13:29:10,2021-01-07 14:00:40,32.8,54.8,118.81696452020203,23.189473684210526,21.92105263157895
1596,2021-01-07 14:01:01,2021-01-07 14:31:11,55.2,76.0,120.37130849358977,25.423076923076923,23.884615384615383
1597,2021-01-07 14:31:32,2021-01-07 14:58:02,76.4,93.6,122.28202810077534,26.15625,24.8125
1598,2021-01-07 20:17:21,2021-01-07 20:34:21,34.0,45.6,121.6499494731801,22.0873786407767,18.533980582524272
1599,2021-01-07 20:34:42,2021-01-07 21:07:12,46.0,69.2,116.30990110153259,23.637755102040817,20.275510204081634
1600,2021-01-07 23:04:07,2021-01-07 23:35:27,78.4,96.0,118.58272758838389,22.936507936507937,20.174603174603174
1601,2021-01-08 02:04:45,2021-01-08 02:36:35,42.0,73.6,118.07490581047824,24.375,20.598958333333332
1602,2021-01-08 02:36:56,2021-01-08 03:06:26,74.0,95.2,118.81683398846958,26.0,22.55056179775281
1603,2021-01-08 06:48:22,2021-01-08 07:18:42,68.0,91.2,119.26964008620689,21.10928961748634,17.579234972677597
1604,2021-01-08 16:43:47,2021-01-08 17:11:27,21.2,47.2,117.89584300213673,22.976047904191617,19.892215568862277
1605,2021-01-08 17:11:48,2021-01-08 17:41:28,47.6,77.2,117.26165334084084,27.92737430167598,24.636871508379887
1606,2021-01-09 00:23:30,2021-01-09 00:51:10,42.8,60.4,117.37063304924244,26.664670658682635,22.25748502994012
1607,2021-01-09 00:51:31,2021-01-09 01:16:41,60.8,76.4,120.44342895299141,27.0,23.0
1608,2021-01-09 01:17:02,2021-01-09 01:38:52,76.8,90.0,123.25026441498312,27.0,23.0
1609,2021-01-09 07:44:33,2021-01-09 08:12:13,19.6,36.8,118.96476994509048,26.24550898203593,21.311377245508982
1610,2021-01-09 08:12:34,2021-01-09 08:41:54,37.2,56.0,116.76120330969265,27.62146892655367,23.463276836158194
1611,2021-01-09 08:57:54,2021-01-09 09:26:24,66.0,84.0,118.48608472222222,29.0,25.0
1612,2021-01-09 09:26:45,2021-01-09 09:57:04,84.0,98.8,124.65293132507504,29.0,25.0
1613,2021-01-09 17:33:22,2021-01-09 18:07:30,45.2,78.4,120.13120467704152,21.310679611650485,18.771844660194176
1614,2021-01-09 18:07:51,2021-01-09 18:29:31,78.8,94.4,120.51548709045579,23.0,20.709923664122137
1615,2021-01-10 00:37:02,2021-01-10 01:00:42,27.6,50.8,118.66382614942535,21.65034965034965,18.95104895104895
1616,2021-01-10 01:01:03,2021-01-10 01:31:43,51.2,81.2,118.92410574074077,24.67027027027027,22.17837837837838
1617,2021-01-10 01:32:04,2021-01-10 01:51:24,81.6,94.8,120.81338899410777,26.0,23.367521367521366
1618,2021-01-10 04:43:35,2021-01-10 05:20:57,65.2,93.6,120.855944018975,23.498220640569397,19.672597864768683
1619,2021-01-10 18:05:21,2021-01-10 18:22:41,16.4,32.0,119.25927795584046,20.6,18.81904761904762
1620,2021-01-10 18:23:02,2021-01-10 18:52:12,32.4,61.6,116.21245153158297,26.21590909090909,24.181818181818183
1621,2021-01-10 18:52:33,2021-01-10 19:23:03,62.0,89.6,120.87509878220617,28.527173913043477,26.581521739130434
1622,2021-01-11 11:19:48,2021-01-11 12:10:38,35.6,83.6,119.761758744213,24.672774869109947,21.51832460732984
1623,2021-01-11 15:20:59,2021-01-11 15:46:09,50.8,68.0,120.79538945413437,24.0,19.80263157894737
1624,2021-01-11 15:46:30,2021-01-11 16:16:40,68.4,89.2,119.314921607906,24.983516483516482,20.802197802197803
1625,2021-01-11 23:00:52,2021-01-11 23:45:58,62.0,96.4,120.31138929667311,24.646017699115045,21.345132743362832
1626,2021-01-12 15:30:11,2021-01-12 16:03:51,50.4,83.2,119.36316196646342,21.285714285714285,20.261083743842363
1627,2021-01-13 00:39:28,2021-01-13 01:09:18,12.4,42.0,118.12361481794298,20.75,18.016666666666666
1628,2021-01-13 01:09:39,2021-01-13 01:29:45,42.4,62.4,117.77634357638891,23.853658536585368,21.260162601626018
1629,2021-01-13 01:30:06,2021-01-13 01:58:26,62.8,88.8,119.85686025641029,25.75438596491228,23.34502923976608
1630,2021-01-13 08:58:37,2021-01-13 09:26:57,70.8,93.2,120.67090035962298,23.976608187134502,21.157894736842106
1631,2021-01-13 20:07:12,2021-01-13 20:36:22,53.2,69.2,121.52777777777777,23.772727272727273,22.0
1632,2021-01-13 20:36:43,2021-01-13 21:05:43,69.6,85.6,120.83506961805557,24.0,22.97142857142857
1633,2021-01-13 21:06:04,2021-01-13 21:34:24,85.6,97.6,123.2939971064815,24.964912280701753,23.0
1634,2021-01-14 20:10:12,2021-01-14 20:38:12,18.0,45.6,118.64483967391305,22.21301775147929,21.041420118343197
1635,2021-01-14 20:38:33,2021-01-14 21:07:23,46.0,74.8,116.99027170138892,25.92528735632184,24.683908045977013
1636,2021-01-14 21:07:44,2021-01-14 21:37:34,75.2,97.2,121.79294248737375,27.7,26.066666666666666
1637,2021-01-16 08:05:25,2021-01-16 08:31:15,46.4,70.4,120.29747343749997,22.083333333333332,20.42948717948718
1638,2021-01-16 08:31:36,2021-01-16 08:58:46,70.8,93.2,119.2962737475198,25.054878048780488,23.670731707317074
1639,2021-01-16 15:32:43,2021-01-16 15:53:23,42.8,63.2,119.85225755718952,27.352,25.896
1640,2021-01-16 15:53:44,2021-01-16 16:22:20,63.6,90.0,120.15677535774412,29.520231213872833,28.115606936416185
1641,2021-01-16 20:23:29,2021-01-16 20:40:49,64.4,76.4,121.11925312500003,31.0,28.580952380952382
1642,2021-01-16 20:41:10,2021-01-16 21:07:00,76.4,93.6,119.98551275839802,31.0,29.0
1643,2021-01-17 14:06:46,2021-01-17 14:36:06,28.8,50.0,116.46423028039831,20.045197740112993,19.34463276836158
1644,2021-01-17 14:36:27,2021-01-17 15:05:27,50.0,71.6,113.00282934670784,22.674285714285713,21.982857142857142
1645,2021-01-17 15:05:48,2021-01-17 15:37:08,71.6,92.8,120.68986838312368,24.227513227513228,23.47089947089947
1646,2021-01-17 20:00:28,2021-01-17 20:25:58,40.0,58.0,118.05092546296294,29.31168831168831,26.694805194805195
1647,2021-01-17 20:26:19,2021-01-17 20:57:29,58.0,80.0,118.05050454545454,30.04787234042553,27.606382978723403
1648,2021-01-17 20:57:50,2021-01-17 21:26:20,80.0,97.2,121.27987911821702,31.0,28.0
1649,2021-01-18 08:26:30,2021-01-18 08:56:30,27.6,49.2,116.62873006687242,25.983425414364643,21.756906077348066
1650,2021-01-18 08:56:51,2021-01-18 09:22:51,49.2,68.8,112.74376303854876,27.961783439490446,23.904458598726116
1651,2021-01-18 09:23:12,2021-01-18 09:51:02,68.8,88.8,118.14582986111111,28.136904761904763,24.916666666666668
1652,2021-01-18 09:51:23,2021-01-18 10:08:43,88.8,97.6,124.08143907828284,28.885714285714286,25.0
1653,2021-01-18 20:17:28,2021-01-18 20:36:28,46.0,64.4,119.43540372886471,23.286956521739132,21.31304347826087
1654,2021-01-18 20:36:49,2021-01-18 21:06:39,64.8,90.8,120.48507008547011,25.066666666666666,23.272222222222222
1655,2021-01-18 21:07:00,2021-01-18 21:25:20,90.8,97.6,127.02210049019615,26.0,24.0
1656,2021-01-19 19:36:48,2021-01-19 19:59:48,30.4,53.2,117.40315649366472,22.834532374100718,21.51798561151079
1657,2021-01-19 20:00:09,2021-01-19 20:30:59,53.6,84.0,118.20722898391813,25.731182795698924,24.376344086021504
1658,2021-01-19 20:31:20,2021-01-19 20:53:50,84.4,97.6,126.33418960437722,27.0,25.970588235294116
1659,2021-01-20 04:26:13,2021-01-20 04:53:13,62.8,88.0,119.34965553350969,25.288343558282207,22.975460122699385
1660,2021-01-20 04:53:34,2021-01-20 05:16:34,88.4,97.6,127.03811050724656,26.0,24.0
1661,2021-01-20 23:52:38,2021-01-21 00:24:28,36.0,56.8,115.0374185363248,23.979166666666668,22.921875
1662,2021-01-21 00:24:49,2021-01-21 00:56:39,56.8,77.2,117.29441598583877,25.848958333333332,24.755208333333332
1663,2021-01-21 00:57:00,2021-01-21 01:23:00,77.6,93.2,123.94233547008542,26.777070063694268,25.681528662420384
1664,2021-01-21 16:55:17,2021-01-21 17:42:23,51.6,90.4,118.98733612184995,26.25423728813559,25.203389830508474
1665,2021-01-22 00:47:16,2021-01-22 01:12:16,51.2,75.6,119.93967884790531,27.09271523178808,25.158940397350992
1666,2021-01-22 01:12:37,2021-01-22 01:37:47,76.0,95.2,121.4091610966435,28.67763157894737,26.861842105263158
1667,2021-01-23 02:01:12,2021-01-23 02:33:02,29.6,61.6,116.49437105034725,26.114583333333332,25.34375
1668,2021-01-23 02:33:23,2021-01-23 03:02:03,62.0,88.8,120.31096056177451,29.271676300578033,28.398843930635838
1669,2021-01-23 06:56:19,2021-01-23 07:25:19,70.4,94.0,120.48553807674203,27.897142857142857,24.86285714285714
1670,2021-01-23 18:12:00,2021-01-23 18:39:20,30.0,57.2,117.34478768382353,27.35151515151515,26.503030303030304
1671,2021-01-23 18:39:41,2021-01-23 19:10:51,57.6,88.0,118.21182108918131,30.345744680851062,29.361702127659573
1672,2021-01-23 19:11:12,2021-01-23 19:28:02,88.0,97.6,124.60650289351855,31.0,30.0
1673,2021-01-24 23:56:50,2021-01-25 00:17:40,22.4,43.2,117.83922422542732,27.904761904761905,26.00793650793651
1674,2021-01-25 00:18:01,2021-01-25 00:45:11,43.2,70.8,115.82731109098232,30.829268292682926,28.829268292682926
1675,2021-01-25 00:45:32,2021-01-25 01:16:42,71.2,96.0,122.66075123207887,32.61702127659574,30.04787234042553
1676,2021-01-25 06:06:24,2021-01-25 06:28:14,72.0,78.8,120.76598488562095,28.0,25.0
1677,2021-01-25 06:28:35,2021-01-25 06:58:15,78.8,88.4,116.40051446759252,27.92737430167598,25.0
1678,2021-01-25 06:58:36,2021-01-25 07:27:16,88.4,96.8,124.84132506613773,27.0,25.0
1679,2021-01-25 17:31:33,2021-01-25 17:59:33,41.2,59.2,116.92595185185186,29.745562130177515,28.31360946745562
1680,2021-01-25 17:59:54,2021-01-25 18:29:34,59.2,78.0,118.61409249408987,31.0,29.58659217877095
1681,2021-01-25 18:29:55,2021-01-25 19:00:15,78.0,96.4,121.90824003623186,31.737704918032787,30.0
1682,2021-01-26 02:09:45,2021-01-26 03:30:53,16.8,85.6,118.08029585150193,31.35960591133005,28.697865353037766
1683,2021-01-26 07:19:46,2021-01-26 07:53:26,54.8,76.0,119.63315015723272,30.68472906403941,27.029556650246306
1684,2021-01-26 07:53:47,2021-01-26 08:23:27,76.0,94.4,120.11778049516906,31.0,28.0
1685,2021-01-26 18:35:31,2021-01-26 18:59:11,47.2,62.0,119.96811974474477,29.356643356643357,28.0
1686,2021-01-26 18:59:32,2021-01-26 19:27:22,62.4,79.6,121.63600888242898,30.208333333333332,29.0
1687,2021-01-26 19:27:43,2021-01-26 19:54:33,80.0,96.4,120.7334283536585,31.0,29.882716049382715
1688,2021-01-27 12:56:25,2021-01-27 13:29:37,73.2,97.6,122.52223011156656,26.029850746268657,24.970149253731343
1689,2021-01-27 20:18:15,2021-01-27 21:14:41,50.8,97.6,121.56973643459166,29.33254716981132,28.099056603773583
1690,2021-01-28 04:57:46,2021-01-28 05:24:56,28.4,55.6,116.50429411764705,29.591463414634145,27.28048780487805
1691,2021-01-28 05:25:17,2021-01-28 05:53:47,56.0,84.0,118.68750545634923,32.48837209302326,30.127906976744185
1692,2021-01-28 05:54:08,2021-01-28 06:16:18,84.4,97.6,124.10775862794625,33.0,31.0
1693,2021-01-29 00:30:08,2021-01-29 01:16:02,26.4,72.0,117.45766560063353,27.63898916967509,24.43321299638989
1694,2021-01-29 01:16:23,2021-01-29 01:40:13,72.4,92.4,119.8062589583333,30.0,27.0
1695,2021-01-29 12:42:28,2021-01-29 13:33:50,52.0,95.6,120.44166795998983,23.992227979274613,22.624352331606218
1696,2021-01-29 20:57:31,2021-01-29 21:25:30,28.8,56.4,118.49981540861516,25.72189349112426,24.556213017751478
1697,2021-01-29 21:25:51,2021-01-29 21:56:11,56.8,86.4,119.73772184684684,28.721311475409838,27.398907103825138
1698,2021-01-29 21:56:32,2021-01-29 22:15:52,86.8,97.6,125.24179025205764,29.914529914529915,28.0
1699,2021-01-30 19:16:07,2021-01-30 19:46:57,29.2,46.4,119.21024144056847,22.333333333333332,21.623655913978496
1700,2021-01-30 19:47:18,2021-01-30 20:18:08,46.8,64.8,113.9120084876543,24.28494623655914,23.580645161290324
1701,2021-01-30 20:18:29,2021-01-30 20:46:49,64.8,80.8,117.7603871527778,25.0,24.0
1702,2021-01-30 20:47:10,2021-01-30 21:05:50,80.8,91.2,119.35894444444435,25.61061946902655,24.902654867256636
1703,2021-02-01 00:33:25,2021-02-01 01:00:05,60.4,86.0,120.62445458984377,26.006211180124225,24.757763975155278
1704,2021-02-01 01:00:26,2021-02-01 01:20:36,86.4,97.6,125.16992063492079,27.0,26.0
1705,2021-02-01 16:25:10,2021-02-01 16:42:56,57.6,74.8,121.49217960271326,25.75,24.824074074074073
1706,2021-02-01 16:43:17,2021-02-01 17:09:17,75.2,95.2,122.428486875,27.356687898089174,26.598726114649683
1707,2021-02-02 13:43:56,2021-02-02 14:16:56,27.2,60.0,117.81251566734421,28.170854271356784,26.753768844221106
1708,2021-02-02 14:17:17,2021-02-02 14:37:37,60.4,80.4,118.96390680555552,31.24390243902439,29.70731707317073
1709,2021-02-02 14:43:48,2021-02-02 15:05:28,84.4,97.2,120.57618359375002,32.0,31.0
1710,2021-02-03 09:31:17,2021-02-03 09:56:47,48.4,73.2,120.05153147401433,27.87012987012987,25.149350649350648
1711,2021-02-03 23:21:06,2021-02-03 23:53:36,51.2,82.8,120.64785864978906,29.020408163265305,27.392857142857142
1712,2021-02-03 23:53:57,2021-02-04 00:16:07,83.2,97.6,122.06888782793219,30.149253731343283,29.0
1713,2021-02-04 21:37:18,2021-02-04 23:09:30,14.4,97.6,120.27197707832534,31.547687861271676,30.154624277456648
1714,2021-02-05 15:03:42,2021-02-05 15:57:52,31.6,84.8,118.81775353487886,29.759213759213758,28.5995085995086
1715,2021-02-05 22:44:24,2021-02-05 23:09:34,22.8,38.4,120.85025186965812,28.611842105263158,26.532894736842106
1716,2021-02-05 23:09:55,2021-02-05 23:41:25,38.4,58.8,114.58333333333334,30.4,28.278947368421054
1717,2021-02-05 23:41:46,2021-02-06 00:11:36,58.8,77.2,116.67798913043474,31.83888888888889,29.0
1718,2021-02-06 00:11:57,2021-02-06 00:46:09,77.6,97.6,124.9452668888889,32.0,29.594202898550726
1719,2021-02-06 05:48:43,2021-02-06 06:18:03,30.4,48.8,119.7426203955314,27.64406779661017,24.372881355932204
1720,2021-02-06 06:18:24,2021-02-06 06:47:44,49.2,68.0,117.04048655437353,29.361581920903955,25.853107344632768
1721,2021-02-06 06:48:05,2021-02-06 07:20:15,68.0,88.0,120.76737534722221,30.0,26.75257731958763
1722,2021-02-06 18:49:18,2021-02-06 19:15:48,14.0,39.6,120.81218218315975,30.7875,29.6875
1723,2021-02-06 19:16:09,2021-02-06 19:45:09,40.0,68.8,117.49614959490746,34.05142857142857,32.92
1724,2021-02-06 19:45:30,2021-02-06 20:15:00,68.8,93.6,120.73813625672045,35.825842696629216,34.58988764044944
1725,2021-02-07 20:55:50,2021-02-07 21:17:42,8.400001,22.0,120.07787339216387,26.150375939849624,25.902255639097746
1726,2021-02-07 21:18:03,2021-02-07 21:48:13,22.4,41.2,119.81092819148938,27.675824175824175,26.774725274725274
1727,2021-02-07 21:48:34,2021-02-07 22:19:34,41.2,61.2,115.76462562500001,29.893048128342247,28.925133689839573
1728,2021-02-07 22:19:55,2021-02-07 22:51:45,61.2,80.8,121.5249209183674,31.026041666666668,30.0
1729,2021-02-07 22:52:06,2021-02-07 23:14:36,81.2,94.4,125.76810869107737,32.0,30.397058823529413
1730,2021-02-08 05:02:55,2021-02-08 05:23:55,42.0,55.2,119.16982628367,27.708661417322833,25.19685039370079
1731,2021-02-08 05:24:16,2021-02-08 05:51:36,55.2,72.4,119.42589607558138,29.0,26.503030303030304
1732,2021-02-08 05:51:57,2021-02-08 06:25:47,72.4,93.2,121.49174085202993,29.598039215686274,27.107843137254903
1733,2021-02-08 13:17:09,2021-02-08 13:49:59,36.0,54.4,116.84402519625606,30.636363636363637,29.383838383838384
1734,2021-02-08 13:50:20,2021-02-08 14:18:00,54.4,70.0,117.9380046296296,32.0,30.84431137724551
1735,2021-02-08 14:18:21,2021-02-08 14:49:51,70.4,87.6,121.78776017441868,32.73684210526316,31.0
1736,2021-02-08 22:50:48,2021-02-08 23:11:58,57.2,77.6,121.12201136982574,29.7109375,28.2265625
1737,2021-02-08 23:12:19,2021-02-08 23:39:49,78.0,97.6,122.92233049886624,30.849397590361445,29.174698795180724
1738,2021-02-09 12:39:06,2021-02-09 13:16:43,60.0,93.2,118.44679648594378,26.47703180212014,25.374558303886925
1739,2021-02-09 18:00:50,2021-02-09 18:25:10,64.0,87.6,119.72282803672319,26.86394557823129,24.523809523809526
1740,2021-02-09 18:25:31,2021-02-09 18:45:01,87.6,97.6,124.55831847222221,27.991525423728813,25.771186440677965
1741,2021-02-10 01:13:48,2021-02-10 01:36:18,29.2,51.2,119.53663099747473,24.78676470588235,22.080882352941178
1742,2021-02-10 01:49:09,2021-02-10 02:17:29,64.0,89.6,121.37696511501738,28.432748538011698,25.748538011695906
1743,2021-02-10 07:23:45,2021-02-10 09:03:01,10.8,97.6,120.78038332853305,28.86711409395973,25.3006711409396
1744,2021-02-11 08:33:34,2021-02-11 09:53:14,40.4,98.8,120.20811237871007,20.71571906354515,19.84448160535117
1745,2021-02-12 14:21:13,2021-02-12 15:55:41,22.8,97.6,120.19591890411469,27.792665726375176,26.77574047954866
1746,2021-02-12 23:38:27,2021-02-13 00:02:47,49.6,69.2,120.52367864229024,27.156462585034014,25.448979591836736
1747,2021-02-13 00:03:08,2021-02-13 00:33:48,69.2,92.0,119.70152430555557,28.248648648648647,26.643243243243244
1748,2021-02-13 16:35:27,2021-02-13 17:03:47,35.2,51.2,117.68315338541666,26.426900584795323,25.350877192982455
1749,2021-02-13 17:04:08,2021-02-13 17:32:38,51.6,67.6,118.34375312500009,27.877906976744185,26.936046511627907
1750,2021-02-13 17:32:59,2021-02-13 18:18:29,68.0,92.8,121.8699699260753,28.598540145985403,27.631386861313867
1751,2021-02-14 13:39:32,2021-02-14 13:56:22,89.2,97.2,119.0156302083334,24.323529411764707,23.558823529411764
1752,2021-02-15 20:11:24,2021-02-15 20:35:41,14.0,38.0,119.91187666087966,29.34013605442177,28.210884353741495
1753,2021-02-15 20:36:02,2021-02-15 21:03:52,38.4,66.0,119.53504045893722,32.51190476190476,31.31547619047619
1754,2021-02-15 21:04:13,2021-02-15 21:31:23,66.4,90.8,121.45835154826963,34.50609756097561,33.05487804878049
1755,2021-02-16 03:36:07,2021-02-16 04:04:37,76.0,97.2,122.2576016116352,30.953488372093023,27.808139534883722
1756,2021-02-16 13:03:56,2021-02-16 13:59:58,51.2,97.6,122.44573971204504,29.251781472684087,27.96437054631829
1757,2021-02-17 02:06:50,2021-02-17 03:31:41,22.0,97.6,119.76029239417991,31.028257456828886,29.255886970172686
1758,2021-02-17 13:45:23,2021-02-17 14:16:03,29.6,48.8,120.08392057291668,26.72972972972973,25.454054054054055
1759,2021-02-17 14:16:24,2021-02-17 14:47:34,49.2,68.4,117.44286017071757,28.73936170212766,27.72340425531915
1760,2021-02-17 14:47:55,2021-02-17 15:20:45,68.4,87.2,120.8643823877069,29.853535353535353,28.772727272727273
1761,2021-02-17 15:21:06,2021-02-17 15:40:16,87.6,97.6,128.04029236111109,30.0,29.0
1762,2021-02-17 20:22:23,2021-02-17 21:07:45,64.8,97.6,122.30802571985096,30.483870967741936,28.680351906158357
1763,2021-02-18 02:17:02,2021-02-18 03:17:29,53.2,97.6,121.58475044419421,29.376651982378856,26.495594713656388
1764,2021-02-19 09:11:46,2021-02-19 09:39:46,28.0,47.2,120.28645572916665,23.201183431952664,22.514792899408285
1765,2021-02-19 09:40:07,2021-02-19 10:06:47,47.6,66.4,117.00132779255314,25.627329192546583,24.91304347826087
1766,2021-02-19 10:07:08,2021-02-19 10:30:58,66.8,82.8,122.89062500000001,26.97222222222222,26.0
1767,2021-02-19 10:31:19,2021-02-19 10:56:19,83.2,97.6,125.90758256172845,27.821192052980134,27.0
1768,2021-02-19 18:59:25,2021-02-19 19:22:55,26.0,48.8,120.54704385964914,30.612676056338028,28.950704225352112
1769,2021-02-19 19:23:16,2021-02-19 19:54:06,49.2,79.6,118.59696217105267,33.483870967741936,31.71505376344086
1770,2021-02-19 19:54:27,2021-02-19 20:19:47,80.0,97.6,125.40405642361114,34.908496732026144,33.0
1771,2021-02-20 02:43:38,2021-02-20 03:56:53,34.4,97.6,121.29965455564349,30.883636363636363,27.756363636363638
1772,2021-02-21 02:50:00,2021-02-21 03:12:57,3.6,26.4,117.61794532163745,28.0,26.99421965317919
1773,2021-02-21 03:13:16,2021-02-21 04:34:39,26.4,97.6,121.29799563436332,32.833060556464815,31.44844517184943
1774,2021-02-21 23:24:45,2021-02-21 23:53:45,44.8,73.6,118.68829205246915,31.05142857142857,29.52
1775,2021-02-21 23:54:06,2021-02-22 00:24:16,74.0,97.2,122.98432321599617,32.0,30.928571428571427
1776,2021-02-22 11:25:30,2021-02-22 12:43:09,38.0,97.6,120.73663342188668,29.36986301369863,27.916095890410958
1777,2021-02-22 21:17:09,2021-02-22 22:27:20,21.6,89.6,118.26771070057187,34.32827324478178,32.27514231499051
1778,2021-02-24 13:49:20,2021-02-24 14:52:34,23.6,93.6,119.24832381746032,29.909473684210525,28.793684210526315
1779,2021-02-25 08:38:15,2021-02-25 09:08:25,36.4,66.4,117.35926370370366,28.939560439560438,28.071428571428573
1780,2021-02-25 10:05:10,2021-02-25 10:29:10,80.0,97.6,124.38134083017682,31.0,29.951724137931034
1781,2021-02-27 19:10:33,2021-02-27 19:35:33,50.0,74.4,120.91874442167578,26.39072847682119,24.08609271523179
1782,2021-02-27 19:35:54,2021-02-27 20:06:34,74.8,97.6,123.90353362573103,27.82162162162162,25.74054054054054
1783,2021-02-28 12:16:59,2021-02-28 12:44:09,44.8,71.6,119.82328161276952,22.774390243902438,21.634146341463413
1784,2021-02-28 12:44:30,2021-02-28 13:08:20,72.0,91.6,123.394985048186,24.729166666666668,23.72222222222222
1785,2021-02-28 15:36:28,2021-02-28 16:10:29,72.4,97.6,122.33390057319231,26.84765625,25.7578125
1786,2021-02-28 23:20:29,2021-03-01 00:02:15,64.0,97.6,122.71764366319448,27.29299363057325,25.477707006369428
1787,2021-03-01 15:28:28,2021-03-01 15:56:08,32.0,46.8,121.72678098723728,27.461077844311376,26.449101796407184
1788,2021-03-01 15:56:29,2021-03-01 16:26:59,47.2,64.4,117.67446317829456,29.358695652173914,28.309782608695652
1789,2021-03-01 23:55:41,2021-03-02 00:24:21,38.4,66.4,119.49256433531741,29.473988439306357,27.92485549132948
1790,2021-03-02 00:24:42,2021-03-02 00:51:32,66.4,90.8,120.18671465163936,31.52469135802469,29.84567901234568
1791,2021-03-02 23:54:26,2021-03-03 00:22:56,27.2,47.2,118.30489965277778,23.11627906976744,22.046511627906977
1792,2021-03-03 00:23:17,2021-03-03 00:56:57,47.2,71.2,116.45085086805558,25.561576354679804,24.44334975369458
1793,2021-03-03 00:57:18,2021-03-03 01:30:48,71.6,93.6,122.7329701388889,26.806930693069308,25.445544554455445
1794,2021-03-03 20:06:38,2021-03-03 20:33:18,7.6,33.6,119.90279155982905,25.51552795031056,24.341614906832298
1795,2021-03-03 20:33:39,2021-03-03 21:04:59,34.0,64.4,120.41713418311402,28.719576719576718,27.582010582010582
1796,2021-03-03 21:05:20,2021-03-03 21:37:10,64.8,92.4,120.56412308776163,31.473958333333332,29.802083333333332
1797,2021-03-04 02:43:41,2021-03-04 03:05:41,47.6,69.2,120.36392528292181,28.954887218045112,25.473684210526315
1798,2021-03-04 14:26:00,2021-03-04 14:56:20,30.8,61.2,116.70094901315788,23.89071038251366,22.027322404371585
1799,2021-03-04 14:56:41,2021-03-04 15:27:41,61.6,89.6,120.07193685515878,26.828877005347593,25.09090909090909
1800,2021-03-04 18:28:45,2021-03-04 18:47:15,87.2,97.6,119.98531810897445,27.0,24.330357142857142
1801,2021-03-05 14:34:32,2021-03-05 14:56:32,22.8,44.4,119.40458834876549,23.51127819548872,22.25563909774436
1802,2021-03-05 14:56:53,2021-03-05 15:24:23,44.8,72.8,115.25743318452383,26.92168674698795,25.710843373493976
1803,2021-03-05 15:24:44,2021-03-05 15:49:44,72.8,93.2,119.76579711328974,28.67549668874172,27.629139072847682
1804,2021-03-05 22:05:17,2021-03-05 23:03:09,36.8,90.8,120.60968081893004,30.40919540229885,28.310344827586206
1805,2021-03-06 02:54:39,2021-03-06 03:22:39,70.0,93.2,122.28089762931032,30.857988165680474,27.88757396449704
1806,2021-03-06 14:33:47,2021-03-06 15:05:27,21.6,43.6,119.2809748737374,25.727748691099478,24.167539267015705
1807,2021-03-06 15:05:48,2021-03-06 15:33:48,44.0,64.0,116.20004666666668,28.301775147928993,26.928994082840237
1808,2021-03-06 15:34:09,2021-03-06 16:01:29,64.4,83.2,120.67232963947994,29.69090909090909,28.13939393939394
1809,2021-03-06 22:14:02,2021-03-06 22:39:12,35.6,44.4,117.67523721590916,28.0,25.526315789473685
1810,2021-03-06 22:39:33,2021-03-06 23:10:43,44.4,55.6,114.54865749007936,28.79787234042553,26.664893617021278
1811,2021-03-06 23:11:04,2021-03-06 23:42:54,55.6,66.4,121.2937734053498,29.71875,27.760416666666668
1812,2021-03-06 23:43:15,2021-03-07 00:13:55,66.8,77.2,121.10047649572647,30.0,28.0
1813,2021-03-07 00:14:16,2021-03-07 00:44:56,77.2,87.6,121.28343589743602,30.0,28.0
1814,2021-03-07 00:45:17,2021-03-07 01:17:07,87.6,97.2,126.41637152777764,30.0,28.0
1815,2021-03-07 14:51:10,2021-03-07 16:05:37,40.0,97.6,121.73848393132718,26.81216457960644,25.876565295169947
1816,2021-03-07 23:02:08,2021-03-07 23:31:18,34.4,63.2,118.818481095679,31.863636363636363,29.823863636363637
1817,2021-03-07 23:31:39,2021-03-07 23:53:39,63.6,84.8,121.8107958595388,34.0,31.796992481203006
1818,2021-03-08 06:11:09,2021-03-08 06:36:09,40.8,56.4,120.71850970441595,27.47682119205298,24.450331125827816
1819,2021-03-08 06:36:50,2021-03-08 07:07:10,56.8,76.0,119.01623003472221,28.89071038251366,25.918032786885245
1820,2021-03-08 07:07:31,2021-03-08 07:34:21,76.0,92.8,119.60733060515875,29.0,26.78395061728395
1821,2021-03-08 14:35:41,2021-03-08 16:11:31,6.8,94.8,121.44636506944447,31.445833333333333,29.5125
1822,2021-03-08 23:59:38,2021-03-09 00:24:28,47.6,71.6,119.68748645833335,29.85333333333333,27.286666666666665
1823,2021-03-09 00:33:54,2021-03-09 00:51:14,80.4,93.2,122.19184754774311,31.885714285714286,29.495238095238093
1824,2021-03-09 07:12:48,2021-03-09 07:43:08,33.2,62.8,119.92259525150153,30.153005464480874,27.666666666666668
1825,2021-03-09 07:43:29,2021-03-09 08:12:59,63.2,90.4,120.75879896854573,32.735955056179776,30.51685393258427
1826,2021-03-09 15:57:51,2021-03-09 16:14:27,62.0,78.0,120.68805463541665,31.792079207920793,29.91089108910891
1827,2021-03-09 23:12:40,2021-03-10 00:11:47,24.8,83.2,118.31481914716515,32.4527027027027,29.914414414414413
1828,2021-03-10 12:13:31,2021-03-10 13:05:57,35.2,86.0,120.27069861384516,28.581218274111674,27.284263959390863
1829,2021-03-10 21:07:44,2021-03-10 21:35:34,22.0,39.6,118.49746369949492,29.863095238095237,28.363095238095237
1830,2021-03-10 21:35:55,2021-03-10 22:07:35,39.6,60.0,116.35892619825712,31.952879581151834,30.19371727748691
1831,2021-03-10 22:07:56,2021-03-10 22:36:16,60.0,78.0,117.84179961419751,33.0,31.0
1832,2021-03-10 22:36:37,2021-03-10 23:02:37,78.0,93.6,123.89780190527071,33.35668789808917,31.070063694267517
1833,2021-03-11 14:21:27,2021-03-11 14:38:37,15.6,32.8,118.2768217861758,28.53846153846154,27.490384615384617
1834,2021-03-11 14:38:58,2021-03-11 15:16:38,32.8,70.8,117.57238494152045,32.096916299559474,30.73568281938326
1835,2021-03-11 20:38:37,2021-03-11 21:19:35,59.6,94.8,121.77413339251896,32.77597402597402,31.224025974025974
1836,2021-03-12 02:01:25,2021-03-12 02:26:25,65.2,88.8,121.5695763300377,32.258278145695364,29.549668874172184
1837,2021-03-12 07:17:49,2021-03-12 07:42:30,59.2,82.8,121.93597744821096,32.75806451612903,30.27956989247312
1838,2021-03-12 07:42:50,2021-03-12 08:04:51,83.2,97.6,124.61180673225316,33.536144578313255,31.0
1839,2021-03-12 14:12:42,2021-03-12 14:53:38,57.600002,93.200005,122.57241509533334,32.892857142857146,31.766233766233768
1840,2021-03-13 01:56:39,2021-03-13 03:25:37,17.2,97.6,120.07277355583197,33.93273542600897,32.16143497757847
1841,2021-03-13 15:46:25,2021-03-13 16:12:55,21.6,47.6,118.79432601495728,30.0375,28.7625
1842,2021-03-13 16:13:16,2021-03-13 16:41:36,48.0,76.0,117.95435496031747,33.239766081871345,31.80701754385965
1843,2021-03-13 16:41:57,2021-03-13 17:11:07,76.4,97.6,123.1066697458072,34.6875,33.0
1844,2021-03-14 05:11:08,2021-03-14 05:29:48,38.8,56.8,120.04167052469137,29.4070796460177,28.43362831858407
1845,2021-03-14 05:30:09,2021-03-14 06:00:59,57.2,86.8,120.79017755255259,31.78494623655914,30.612903225806452
1846,2021-03-14 06:01:20,2021-03-14 06:19:40,87.2,97.6,129.09056450320523,33.0,31.52252252252252
1847,2021-03-14 17:37:26,2021-03-14 18:03:56,25.6,52.0,117.67045512415828,31.60625,30.44375
1848,2021-03-14 18:04:17,2021-03-14 18:32:37,52.4,80.4,118.76784603174599,34.50877192982456,33.175438596491226
1849,2021-03-14 18:32:58,2021-03-14 18:53:18,80.8,95.2,125.37231018518517,35.86178861788618,34.0
1850,2021-03-15 05:57:19,2021-03-15 07:47:55,9.6,97.6,120.94386178819443,31.01566265060241,29.22409638554217
1851,2021-03-16 10:22:02,2021-03-16 12:07:19,13.6,97.6,119.74136359953704,30.563291139240505,29.59620253164557
1852,2021-03-16 14:21:53,2021-03-16 14:43:43,79.2,95.6,120.14398678861792,33.97727272727273,32.95454545454545
1853,2021-03-17 01:31:02,2021-03-17 01:58:35,16.8,34.0,120.21917404715762,31.293413173652695,29.353293413173652
1854,2021-03-17 01:58:56,2021-03-17 02:31:06,34.4,55.2,116.2433484241453,33.170103092783506,31.27319587628866
1855,2021-03-17 02:31:27,2021-03-17 03:01:57,55.2,74.8,116.96856335034016,34.89673913043478,32.93478260869565
1856,2021-03-17 03:02:18,2021-03-17 03:29:08,74.8,91.6,119.70653703703711,35.0,33.0
1857,2021-03-17 11:38:15,2021-03-17 12:08:45,52.0,83.2,120.86406009615382,31.940217391304348,30.543478260869566
1858,2021-03-17 12:09:06,2021-03-17 12:26:26,83.6,95.2,124.36663266283516,33.0,32.0
1859,2021-03-18 15:23:58,2021-03-18 15:43:18,21.6,40.4,120.29700354609933,30.70940170940171,29.316239316239315
1860,2021-03-18 15:43:39,2021-03-18 16:11:59,40.8,69.2,116.53512407081377,33.654970760233915,32.432748538011694
1861,2021-03-18 16:12:20,2021-03-18 16:41:30,69.6,94.0,120.86237340619303,35.53977272727273,34.11931818181818
1862,2021-03-19 02:48:33,2021-03-19 03:06:03,14.8,31.6,121.65923933531747,32.5188679245283,30.132075471698112
1863,2021-03-19 03:06:24,2021-03-19 03:40:04,32.0,65.2,118.46972849732262,35.54679802955665,33.29556650246305
1864,2021-03-19 03:40:25,2021-03-19 04:08:35,65.6,90.8,122.19468237433864,38.07058823529412,35.705882352941174
1865,2021-03-19 17:22:38,2021-03-19 17:42:18,39.2,55.6,119.96782334010845,34.96638655462185,33.436974789915965
1866,2021-03-19 17:42:39,2021-03-19 18:13:59,56.0,82.0,120.64103846153844,36.58730158730159,34.86243386243386
1867,2021-03-19 18:14:20,2021-03-19 18:37:30,82.4,97.6,126.09013212719309,37.0,35.0
1868,2021-03-20 01:20:20,2021-03-20 01:58:43,26.4,58.8,118.69762971536355,34.22844827586207,31.353448275862068
1869,2021-03-20 01:59:04,2021-03-20 02:25:54,59.2,80.4,119.85326618186582,36.0,33.29012345679013
1870,2021-03-20 02:26:15,2021-03-20 02:52:15,80.8,97.6,125.37534771825398,36.968152866242036,34.0
1871,2021-03-20 21:19:43,2021-03-20 22:25:06,34.8,94.4,120.32061224599178,35.833333333333336,34.5630081300813
1872,2021-03-21 14:31:26,2021-03-21 15:48:49,30.0,97.6,120.2155550172584,27.158347676419965,24.562822719449226
1873,2021-03-21 22:49:11,2021-03-21 23:22:11,55.2,86.4,120.87562059294868,25.331658291457288,22.979899497487438
1874,2021-03-21 23:22:32,2021-03-21 23:42:42,86.4,97.6,123.31227864583347,26.401639344262296,24.483606557377048
1875,2021-03-22 16:41:11,2021-03-22 18:04:10,24.4,97.6,119.83024552595631,28.17817014446228,26.865168539325843
1876,2021-03-23 10:43:14,2021-03-23 11:00:34,71.2,87.2,120.21268428819445,23.476190476190474,22.295238095238094
1877,2021-03-23 21:03:25,2021-03-23 21:34:15,27.2,57.6,118.55127457967836,27.666666666666668,26.0
1878,2021-03-23 21:34:36,2021-03-23 21:59:36,58.0,82.4,119.71426491347901,30.655629139072847,28.748344370860927
1879,2021-03-24 04:14:20,2021-03-24 04:40:40,52.4,79.2,121.34485328565505,27.37735849056604,24.32704402515723
1880,2021-03-24 12:31:20,2021-03-24 12:56:20,50.0,74.4,119.93341649590164,24.927152317880793,23.24503311258278
1881,2021-03-24 12:56:41,2021-03-24 13:21:31,74.8,94.4,120.29621754535142,26.68,25.226666666666667
1882,2021-03-24 20:53:20,2021-03-24 21:12:20,30.8,49.2,120.72767247886473,27.860869565217392,26.382608695652173
1883,2021-03-24 21:28:45,2021-03-24 22:07:33,65.6,96.8,121.97989938568374,31.71794871794872,30.10683760683761
1884,2021-03-26 01:00:28,2021-03-26 01:32:58,24.0,46.4,119.92126705109128,28.867346938775512,27.852040816326532
1885,2021-03-26 01:33:19,2021-03-26 01:59:09,46.8,64.8,115.76544351851852,31.23076923076923,30.006410256410255
1886,2021-03-26 01:59:30,2021-03-26 02:25:20,64.8,82.4,119.55572664141407,32.1025641025641,31.0
1887,2021-03-26 02:25:41,2021-03-26 02:53:01,82.8,97.6,126.85624971846849,33.0,31.0
1888,2021-03-26 05:51:27,2021-03-26 06:11:51,80.8,95.6,121.5540634534535,31.0,28.785714285714285
1889,2021-03-26 17:29:00,2021-03-26 17:50:30,7.2,28.0,120.55154500534186,32.23076923076923,31.0
1890,2021-03-26 17:50:51,2021-03-26 18:22:21,28.4,59.2,119.26676975108224,34.73684210526316,33.36842105263158
1891,2021-03-26 18:22:42,2021-03-26 18:50:52,59.6,86.8,120.75315987540851,37.43529411764706,35.71176470588235
1892,2021-03-26 18:51:13,2021-03-26 19:09:13,87.2,97.6,129.37236605235057,38.0,36.0
1893,2021-03-27 02:34:23,2021-03-27 03:02:33,29.6,44.0,116.83067071759261,31.147058823529413,28.458823529411763
1894,2021-03-27 03:02:54,2021-03-27 03:31:44,44.0,59.2,115.50807967836253,32.39655172413793,29.724137931034484
1895,2021-03-27 03:32:05,2021-03-27 04:02:45,59.6,75.6,117.98962378472227,33.0,30.0
1896,2021-03-27 04:03:06,2021-03-27 04:26:56,75.6,87.6,123.2986539351852,33.0,30.0
1897,2021-03-27 12:41:56,2021-03-27 13:16:51,59.6,91.2,121.2535742659986,31.35377358490566,30.358490566037737
1898,2021-03-27 20:13:07,2021-03-27 20:40:57,57.2,84.4,119.61245205269609,34.208333333333336,32.68452380952381
1899,2021-03-27 20:41:18,2021-03-27 20:57:48,84.4,95.6,120.77381882440493,35.0,33.0
1900,2021-03-28 04:38:09,2021-03-28 05:06:29,50.8,78.4,119.75493709742346,33.058479532163744,30.80701754385965
1901,2021-03-28 05:06:50,2021-03-28 05:33:20,78.8,97.6,124.65057476359343,34.0,32.0
1902,2021-03-28 16:42:24,2021-03-28 17:13:24,48.0,78.0,120.72778953703707,35.64705882352941,34.49732620320856
1903,2021-03-28 17:13:45,2021-03-28 17:34:15,78.4,94.0,122.66472240028496,36.95161290322581,35.935483870967744
1904,2021-03-29 13:47:05,2021-03-29 14:12:15,33.6,58.0,120.17928796675774,31.585526315789473,30.526315789473685
1905,2021-03-29 14:12:36,2021-03-29 14:41:46,58.4,86.8,119.67770525234742,34.09090909090909,33.10795454545455
1906,2021-03-29 14:42:07,2021-03-29 14:59:57,86.8,97.6,124.73767888374489,35.0,34.0
1907,2021-03-30 01:11:24,2021-03-30 01:40:04,18.4,46.8,119.18281636345856,34.31791907514451,32.47398843930636
1908,2021-03-30 01:40:25,2021-03-30 02:07:55,47.2,74.4,119.38471052900329,37.493975903614455,35.536144578313255
1909,2021-03-30 02:08:16,2021-03-30 02:38:26,74.8,97.6,124.38963407651073,38.97802197802198,36.8021978021978
1910,2021-03-31 08:57:28,2021-03-31 10:19:39,24.0,97.6,119.67278694897345,32.79416531604538,31.54781199351702
1911,2021-03-31 17:28:43,2021-03-31 18:45:34,53.6,97.6,122.098029709596,34.346620450606586,32.856152512998264
1912,2021-04-01 16:56:46,2021-04-01 18:23:25,11.2,92.8,119.87756564712693,37.76190476190476,36.18279569892473
1913,2021-04-02 13:07:50,2021-04-02 14:15:29,38.8,97.6,121.32408351284963,35.01574803149607,33.42913385826772
1914,2021-04-03 10:57:51,2021-04-03 11:29:21,29.6,44.0,119.98266155478396,31.8,30.75263157894737
1915,2021-04-03 11:29:42,2021-04-03 11:57:32,44.4,56.8,115.59365759408604,33.291666666666664,32.291666666666664
1916,2021-04-03 11:57:53,2021-04-03 12:26:03,56.8,68.4,119.1199979645593,34.0,33.0
1917,2021-04-03 16:05:52,2021-04-03 16:22:42,28.8,39.2,121.24866466346151,36.46078431372549,35.11764705882353
1918,2021-04-03 16:23:03,2021-04-03 16:53:33,39.6,58.8,119.13628428819445,37.875,36.53260869565217
1919,2021-04-03 16:53:54,2021-04-03 17:21:14,59.2,76.0,122.02380952380953,39.0,37.915151515151514
1920,2021-04-03 17:21:35,2021-04-03 17:45:55,76.4,91.2,123.26295101351351,39.0,38.0
1921,2021-04-04 09:18:38,2021-04-04 10:39:59,26.0,97.6,119.42202713570764,31.769607843137255,29.937908496732025
1922,2021-04-04 18:49:48,2021-04-04 19:13:08,49.6,65.2,120.77103116096866,29.680851063829788,27.78723404255319
1923,2021-04-04 19:13:29,2021-04-04 19:42:29,65.6,85.2,120.55911387471652,30.525714285714287,28.942857142857143
1924,2021-04-04 19:42:50,2021-04-04 20:06:30,85.2,97.6,124.91714000896066,31.0,29.342657342657343
1925,2021-04-05 19:31:23,2021-04-05 20:10:11,66.8,97.6,122.70888691919193,27.82191780821918,26.98972602739726
1926,2021-04-06 02:44:15,2021-04-06 03:04:05,43.6,62.8,120.79284035011584,31.108333333333334,29.058333333333334
1927,2021-04-06 03:04:26,2021-04-06 03:33:16,63.2,90.0,119.80981902985076,32.793103448275865,30.70689655172414
1928,2021-04-06 23:51:09,2021-04-07 00:20:19,20.4,38.8,118.3726328502416,33.5,31.869318181818183
1929,2021-04-07 00:20:40,2021-04-07 00:47:20,38.8,56.0,115.8123751614987,35.30434782608695,33.49068322981366
1930,2021-04-07 00:47:41,2021-04-07 01:16:11,56.4,74.4,118.26855740740736,36.26744186046512,34.0
1931,2021-04-07 14:22:29,2021-04-07 14:42:45,52.0,71.6,120.79422682539689,32.18300653594771,31.084967320261438
1932,2021-04-08 00:55:11,2021-04-08 02:22:01,41.2,94.8,121.08250907960203,31.771822358346096,29.92343032159265
1933,2021-04-08 03:53:32,2021-04-08 04:22:12,64.4,86.8,119.47421955605164,35.0,32.42774566473989
1934,2021-04-08 04:22:33,2021-04-08 04:40:23,86.8,97.6,123.80789094650211,35.0,33.0
1935,2021-04-08 15:36:37,2021-04-08 17:13:03,11.2,97.6,120.77695514403293,30.724137931034484,28.50758620689655
1936,2021-04-09 04:12:43,2021-04-09 05:51:19,9.2,97.6,120.76309516716945,29.254054054054055,26.025675675675675
1937,2021-04-09 15:38:07,2021-04-09 16:09:45,20.4,47.2,119.07940685116085,28.270833333333332,26.713541666666668
1938,2021-04-09 16:10:06,2021-04-09 16:39:50,47.2,72.0,115.53282933467743,31.227777777777778,29.544444444444444
1939,2021-04-09 16:40:11,2021-04-09 17:08:21,72.4,92.8,121.29290965413948,32.37647058823529,30.605882352941176
1940,2021-04-10 04:23:22,2021-04-10 04:50:32,37.2,52.8,116.09152368233622,27.225609756097562,25.445121951219512
1941,2021-04-10 04:50:53,2021-04-10 05:30:11,53.2,75.6,116.94704688740083,28.79746835443038,26.91983122362869
1942,2021-04-10 05:30:32,2021-04-10 06:01:02,75.6,92.4,121.00528835978824,29.29891304347826,27.804347826086957
1943,2021-04-10 12:34:17,2021-04-10 13:21:54,61.2,97.6,121.30079802350431,28.608938547486034,27.385474860335197
1944,2021-04-11 03:22:30,2021-04-11 04:27:12,42.8,97.6,122.01905265865776,30.226337448559672,28.77777777777778
1945,2021-04-11 14:07:29,2021-04-11 15:38:53,9.2,94.4,119.99062299817425,34.7201166180758,33.46064139941691
1946,2021-04-11 23:41:19,2021-04-12 00:11:39,47.6,77.2,119.61993853228228,34.66120218579235,32.45355191256831
1947,2021-04-12 00:12:00,2021-04-12 00:39:40,77.6,97.6,124.5132215277778,36.0,33.808383233532936
1948,2021-04-12 06:54:50,2021-04-12 07:20:20,79.2,97.6,121.21981182065223,31.0,28.935064935064936
1949,2021-04-12 17:52:43,2021-04-12 18:21:33,57.2,74.8,122.59624794823236,34.87356321839081,33.64367816091954
1950,2021-04-12 22:47:27,2021-04-12 23:14:27,45.2,53.2,119.53125,32.0,30.0
1951,2021-04-12 23:14:48,2021-04-12 23:40:08,53.2,60.4,124.13194444444451,32.0,30.0
1952,2021-04-12 23:40:29,2021-04-13 00:07:49,60.8,68.8,120.3125,32.0,29.957575757575757
1953,2021-04-14 10:12:42,2021-04-14 10:41:42,28.4,57.2,117.70303940007716,32.52571428571429,31.354285714285716
1954,2021-04-14 10:42:03,2021-04-14 11:09:43,57.2,84.4,118.80209701797384,35.35928143712575,33.964071856287426
1955,2021-04-14 11:10:04,2021-04-14 11:29:36,84.8,97.2,124.14114280913972,36.0,35.0
1956,2021-04-14 19:27:42,2021-04-14 19:45:12,52.8,63.6,121.2576890432098,36.886792452830186,34.971698113207545
1957,2021-04-14 19:45:33,2021-04-14 20:14:03,64.0,81.6,121.17895028409093,37.0,35.0
1958,2021-04-15 05:31:19,2021-04-15 05:48:09,26.4,31.6,121.7227558760683,29.431372549019606,27.901960784313726
1959,2021-04-15 05:48:30,2021-04-15 06:09:10,31.6,44.4,118.17493869357642,30.456,28.776
1960,2021-04-15 06:20:11,2021-04-15 06:49:31,51.6,70.0,119.83094444444448,32.77401129943503,31.203389830508474
1961,2021-04-15 06:49:52,2021-04-15 07:16:52,70.4,87.2,120.80359821428577,33.22699386503067,32.0
1962,2021-04-15 15:49:09,2021-04-15 16:17:59,31.6,49.2,118.54800505050504,31.385057471264368,29.683908045977013
1963,2021-04-15 16:18:20,2021-04-15 16:39:10,49.2,61.6,116.76749686379928,32.801587301587304,31.0
1964,2021-04-15 20:42:28,2021-04-15 20:59:38,70.8,81.6,119.77628369341573,31.0,30.0
1965,2021-04-16 16:59:55,2021-04-16 17:33:45,38.8,72.0,118.96587081659975,28.372549019607842,27.11764705882353
1966,2021-04-16 17:34:06,2021-04-16 18:06:56,72.4,97.6,121.90754354056443,30.848484848484848,29.696969696969695
1967,2021-04-17 12:50:06,2021-04-17 13:19:46,47.6,76.8,118.68627325913246,28.69832402234637,27.793296089385475
1968,2021-04-17 13:20:07,2021-04-17 13:46:47,76.8,96.4,122.28246903344666,30.453416149068325,29.714285714285715
1969,2021-04-17 17:40:21,2021-04-17 18:03:11,65.6,87.6,121.2512763257576,32.39855072463768,30.891304347826086
1970,2021-04-17 18:03:32,2021-04-17 18:21:12,87.6,97.6,123.63195805555559,33.0,31.02803738317757
1971,2021-04-18 04:26:06,2021-04-18 04:55:46,24.0,53.2,118.28768074581433,30.48603351955307,28.497206703910614
1972,2021-04-18 04:56:07,2021-04-18 05:25:57,53.6,82.8,118.83658694824966,33.605555555555554,31.544444444444444
1973,2021-04-18 18:31:55,2021-04-18 19:00:35,22.0,50.0,119.40179047619048,31.728323699421967,30.67630057803468
1974,2021-04-18 19:00:56,2021-04-18 19:31:56,50.4,80.8,118.89026932565791,35.06417112299465,33.82887700534759
1975,2021-04-18 19:32:17,2021-04-18 19:56:37,81.2,97.6,125.1643127540651,36.0,35.0
1976,2021-04-19 03:34:15,2021-04-19 04:06:05,43.2,63.6,117.08197644335512,31.5625,28.442708333333332
1977,2021-04-19 04:06:26,2021-04-19 04:39:16,63.6,84.0,120.74551000816996,32.484848484848484,29.87878787878788
1978,2021-04-19 04:39:37,2021-04-19 05:01:57,84.4,97.6,124.34344854797989,33.0,30.244444444444444
1979,2021-04-19 10:39:57,2021-04-19 11:04:37,58.0,81.6,122.2410689736347,30.395973154362416,28.120805369127517
1980,2021-04-19 11:04:58,2021-04-19 11:26:38,82.0,96.8,122.44746668543547,31.0,29.0
1981,2021-04-19 23:51:09,2021-04-20 00:20:09,46.4,74.8,119.39702244718313,30.30857142857143,29.05142857142857
1982,2021-04-20 00:20:30,2021-04-20 00:46:20,75.2,95.2,122.52640208333337,31.974358974358974,30.737179487179485
1983,2021-04-20 05:34:16,2021-04-20 06:15:22,63.2,97.6,122.43218451631141,30.588996763754047,28.084142394822006
1984,2021-04-20 22:32:37,2021-04-20 22:49:47,81.6,94.0,120.84118615591397,28.83653846153846,28.0
1985,2021-04-21 04:54:37,2021-04-21 05:22:47,69.6,93.2,122.63713518126174,29.858823529411765,28.641176470588235
1986,2021-04-21 13:57:46,2021-04-21 14:26:46,50.8,79.2,119.96967791471047,36.37714285714286,35.06285714285714
1987,2021-04-21 22:12:03,2021-04-21 22:38:13,56.0,81.6,119.17589388020838,38.11392405063291,36.39873417721519
1988,2021-04-21 22:38:34,2021-04-21 22:59:34,82.0,96.4,126.29727440200614,39.0,37.0
1989,2021-04-22 19:59:56,2021-04-22 21:12:55,28.0,94.8,119.99635139304725,35.46350364963504,33.25
1990,2021-04-23 14:14:52,2021-04-23 15:48:56,22.8,97.6,119.8831224394682,36.38385269121813,34.71671388101983
1991,2021-04-24 10:52:17,2021-04-24 11:38:35,59.6,97.6,122.22519301169592,32.72701149425287,31.448275862068964
1992,2021-04-24 17:46:33,2021-04-24 18:16:42,43.6,72.8,120.35916076388891,36.779735682819386,35.33480176211454
1993,2021-04-24 18:21:31,2021-04-24 18:41:48,72.4,90.4,119.89128983024693,37.93464052287582,36.65359477124183
1994,2021-04-25 05:28:30,2021-04-25 05:57:50,22.4,51.2,118.81220915316358,33.378531073446325,31.875706214689266
1995,2021-04-25 05:58:11,2021-04-25 06:29:11,51.6,82.4,117.38951672979798,36.588235294117645,34.86631016042781
1996,2021-04-25 13:30:00,2021-04-25 13:55:57,35.6,50.0,119.8192272955247,34.35668789808917,32.605095541401276
1997,2021-04-25 13:56:18,2021-04-25 14:24:28,50.4,66.0,120.01423148148149,35.68235294117647,33.78235294117647
1998,2021-04-25 14:24:49,2021-04-25 14:54:49,66.4,82.8,121.60736602303533,36.0,34.0
1999,2021-04-25 14:55:10,2021-04-25 15:18:10,83.2,95.6,123.27731966845887,36.0,34.0
2000,2021-04-25 18:57:57,2021-04-25 19:22:37,68.4,88.8,120.85919921023971,34.68456375838926,32.0
2001,2021-04-26 02:05:46,2021-04-26 02:34:36,24.0,52.4,118.80136830007825,34.689655172413794,31.775862068965516
2002,2021-04-26 02:34:57,2021-04-26 03:02:57,52.8,80.4,118.73895038244764,37.19526627218935,33.98224852071006
2003,2021-04-26 03:03:18,2021-04-26 03:27:48,80.4,97.6,122.22951671511638,38.0,34.432432432432435
2004,2021-04-26 16:09:06,2021-04-26 16:36:46,38.8,56.4,115.297522885101,28.91616766467066,27.479041916167663
2005,2021-04-26 16:37:07,2021-04-26 17:04:27,56.4,72.8,117.48731224593496,30.151515151515152,28.824242424242424
2006,2021-04-26 17:04:48,2021-04-26 17:35:58,72.8,90.4,120.04973327020201,31.0,29.19148936170213
2007,2021-04-27 02:08:09,2021-04-27 02:28:19,20.8,40.4,120.8163212868481,27.778688524590162,26.15573770491803
2008,2021-04-27 02:28:40,2021-04-27 02:57:40,40.8,70.0,116.81412747336377,30.874285714285715,29.28
2009,2021-04-27 02:58:01,2021-04-27 03:25:11,70.4,93.2,120.8229797149123,32.78658536585366,31.0
2010,2021-04-27 05:58:22,2021-04-27 06:31:03,78.8,97.6,121.58231519651304,31.735772357723576,28.934959349593495
2011,2021-04-27 12:56:01,2021-04-27 13:16:21,13.2,30.4,118.88486781330752,28.235772357723576,26.178861788617887
2012,2021-04-27 13:16:42,2021-04-27 13:47:52,30.4,56.8,118.67427325336703,30.622340425531913,28.648936170212767
2013,2021-04-27 13:48:13,2021-04-27 14:19:13,57.2,83.2,119.83176907051285,33.20855614973262,31.101604278074866
2014,2021-04-27 14:19:34,2021-04-27 14:41:34,83.2,97.6,123.14143614969142,34.0,32.0
2015,2021-04-27 20:55:18,2021-04-27 21:20:31,83.2,97.6,118.8526479456019,29.0,26.942105263157895
2016,2021-04-28 12:22:30,2021-04-28 13:03:52,45.2,85.6,119.4879027055831,26.668810289389068,25.842443729903536
2017,2021-04-28 23:01:17,2021-04-28 23:30:07,20.4,48.8,117.8594652777778,27.982758620689655,26.413793103448278
2018,2021-04-28 23:30:28,2021-04-29 00:02:38,49.2,81.2,116.71876675347224,31.422680412371133,29.922680412371133
2019,2021-04-29 00:02:59,2021-04-29 00:21:09,81.2,94.4,118.98778808922556,33.0,31.0
2020,2021-04-29 16:15:41,2021-04-29 16:32:31,54.4,70.8,120.1033380758808,32.76470588235294,31.58823529411765
2021,2021-04-30 07:17:54,2021-04-30 09:15:03,28.0,97.6,119.7099095925128,27.919226393629124,26.591581342434583
2022,2021-04-30 16:01:36,2021-04-30 16:31:16,56.4,74.4,117.46297947530861,36.23463687150838,34.614525139664806
2023,2021-04-30 16:31:37,2021-04-30 17:00:47,74.4,91.2,118.89221387235453,37.0,35.29545454545455
2024,2021-05-01 00:51:56,2021-05-01 01:11:06,39.2,58.8,115.25937634637194,35.06896551724138,32.96551724137931
2025,2021-05-01 01:11:27,2021-05-01 01:37:17,58.8,84.4,119.1254509548611,37.14102564102564,34.96153846153846
2026,2021-05-01 01:37:38,2021-05-01 01:57:38,84.8,97.6,124.50303689236112,38.0,36.0
2027,2021-05-01 12:30:58,2021-05-01 13:05:56,57.2,90.4,118.94223969628514,33.97338403041825,32.00380228136882
2028,2021-05-01 20:45:17,2021-05-01 21:02:57,22.4,40.0,116.85133601641414,36.03738317757009,34.22429906542056
2029,2021-05-01 21:03:18,2021-05-01 21:24:38,40.4,61.6,117.1324818527254,38.17054263565891,36.2093023255814
2030,2021-05-02 03:30:56,2021-05-02 04:00:16,36.8,66.4,115.64753012387385,35.91525423728814,33.79661016949152
2031,2021-05-02 04:00:37,2021-05-02 04:25:37,66.8,90.0,121.64392636494253,37.920529801324506,35.56953642384106
2032,2021-05-02 13:57:45,2021-05-02 14:49:00,36.8,88.0,116.56901795789932,36.37540453074433,35.336569579288025
2033,2021-05-04 17:37:53,2021-05-04 17:55:03,12.0,29.2,116.49467417635661,30.98076923076923,29.25
2034,2021-05-04 17:55:24,2021-05-04 18:25:24,29.6,60.0,115.19417525584798,33.3646408839779,31.87292817679558
2035,2021-05-04 18:25:45,2021-05-04 18:58:55,60.4,90.8,119.678371938962,35.845,34.165
2036,2021-05-05 02:40:38,2021-05-05 03:48:57,30.0,88.0,117.65515165469347,33.085769980506825,30.66861598440546
2037,2021-05-05 06:06:53,2021-05-05 06:34:53,52.4,80.0,118.39120707528178,34.4792899408284,31.497041420118343
2038,2021-05-05 12:29:00,2021-05-05 13:40:47,28.8,95.2,118.5472919427711,36.426716141001855,35.077922077922075
2039,2021-05-05 22:21:50,2021-05-05 22:56:00,33.6,56.0,114.82206262400791,35.310679611650485,33.359223300970875
2040,2021-05-05 22:56:21,2021-05-05 23:28:31,56.4,76.0,117.6403305697279,36.91752577319588,34.855670103092784
2041,2021-05-05 23:28:52,2021-05-05 23:55:02,76.0,90.8,121.58879354354357,37.0,35.0
2042,2021-05-06 18:01:41,2021-05-06 18:49:51,35.2,76.4,116.93389840547465,33.13812154696133,32.005524861878456
2043,2021-05-07 02:46:39,2021-05-07 03:14:39,6.0,34.4,115.1100424491393,32.15384615384615,30.50887573964497
2044,2021-05-07 03:15:00,2021-05-07 03:42:20,34.8,62.0,117.29064966299016,34.903030303030306,33.43636363636364
2045,2021-05-07 03:42:41,2021-05-07 04:10:41,62.4,89.2,119.53255229063018,37.396449704142015,35.4792899408284
2046,2021-05-07 15:16:47,2021-05-07 15:48:27,39.6,71.2,116.96290937060479,37.78534031413613,36.29842931937173
2047,2021-05-07 15:48:48,2021-05-07 16:20:08,71.6,96.4,121.89405997983866,39.074074074074076,37.92063492063492
2048,2021-05-08 10:28:54,2021-05-08 10:49:14,19.2,39.6,114.69567538126361,32.00813008130081,30.821138211382113
2049,2021-05-08 10:49:35,2021-05-08 11:19:35,39.6,69.6,114.98240564814817,35.033149171270715,33.81767955801105
2050,2021-05-08 11:19:56,2021-05-08 11:47:46,70.0,93.2,120.2592176125479,36.833333333333336,35.541666666666664
2051,2021-05-08 16:38:25,2021-05-08 17:07:55,53.2,72.0,118.47079698581567,39.67977528089887,38.38202247191011
2052,2021-05-08 17:08:16,2021-05-08 17:32:34,72.4,87.6,120.70071118421062,40.0,39.0
2053,2021-05-09 10:51:12,2021-05-09 11:17:12,46.4,72.8,115.0883959911616,34.99363057324841,34.22929936305732
2054,2021-05-09 11:22:23,2021-05-09 11:47:33,76.4,96.0,119.54153840702952,36.78947368421053,35.776315789473685
2055,2021-05-09 17:12:42,2021-05-09 17:40:02,51.6,78.8,118.43854248366017,41.63030303030303,39.78787878787879
2056,2021-05-10 02:04:47,2021-05-10 02:26:47,15.2,37.2,116.5814313762626,36.51127819548872,34.2406015037594
2057,2021-05-10 02:27:08,2021-05-10 02:56:18,37.6,66.8,116.44310397640794,39.43181818181818,37.14204545454545
2058,2021-05-10 12:20:05,2021-05-10 13:42:32,9.6,90.4,117.27258603204069,35.92891760904685,34.17609046849758
2059,2021-05-10 18:50:29,2021-05-10 19:28:31,41.6,79.2,117.98962504063242,40.34615384615385,38.36013986013986
2060,2021-05-11 01:40:07,2021-05-11 02:08:37,37.6,66.4,115.78994801311728,39.06976744186046,37.075581395348834
2061,2021-05-11 02:08:58,2021-05-11 02:33:48,66.8,90.0,120.54659506704981,40.85333333333333,38.72
2062,2021-05-11 15:24:46,2021-05-11 15:57:05,11.6,44.4,116.22016762787946,38.714285714285715,36.88265306122449
2063,2021-05-11 15:57:26,2021-05-11 16:26:36,44.8,74.4,116.20310247747744,41.71590909090909,39.86363636363637
2064,2021-05-11 22:18:34,2021-05-11 23:39:26,24.0,97.6,118.87037271663647,41.68204283360791,39.551894563426686
2065,2021-05-12 18:14:14,2021-05-12 18:43:14,48.4,66.8,115.96998271437198,36.83428571428571,35.78285714285714
2066,2021-05-12 18:43:35,2021-05-12 19:11:15,66.8,83.2,119.02694791666661,37.23952095808383,36.2814371257485
2067,2021-05-12 19:11:36,2021-05-12 19:36:56,83.6,97.6,123.1389046626984,38.0,37.0
2068,2021-05-13 10:04:49,2021-05-13 10:29:39,42.8,68.0,114.38383476631392,38.81333333333333,37.64666666666667
2069,2021-05-13 10:30:00,2021-05-13 10:49:30,68.0,87.2,117.88847178819447,40.33050847457627,39.13559322033898
2070,2021-05-14 01:37:07,2021-05-14 02:43:49,34.0,95.2,117.71671284722225,36.5748502994012,34.93213572854292
2071,2021-05-14 06:19:29,2021-05-14 06:44:17,64.4,89.200005,116.75715214125518,37.839572192513366,35.5668449197861
2072,2021-05-14 14:26:31,2021-05-14 15:40:42,12.4,86.8,116.383629801374,39.13464991023339,36.59245960502693
2073,2021-05-15 00:28:24,2021-05-15 00:57:34,24.0,33.6,114.4387080439815,35.0,33.0
2074,2021-05-15 00:57:55,2021-05-15 01:25:35,33.6,42.8,113.27299698067641,35.19760479041916,33.52694610778443
2075,2021-05-15 01:25:56,2021-05-15 01:55:36,42.8,52.8,111.74449388888891,36.0,34.11731843575419
2076,2021-05-15 01:55:57,2021-05-15 02:24:27,52.8,62.4,111.82296614583336,36.7906976744186,35.0
2077,2021-05-15 17:13:25,2021-05-15 17:34:25,18.4,32.4,113.26787192460321,37.77952755905512,35.960629921259844
2078,2021-05-15 17:34:46,2021-05-15 18:08:16,32.4,54.0,114.95822010030865,39.95049504950495,38.12376237623762
2079,2021-05-15 18:08:37,2021-05-15 18:39:37,54.4,73.2,117.11216260342789,41.88770053475936,40.31016042780749
2080,2021-05-15 18:39:58,2021-05-15 19:08:28,73.6,89.6,121.59636961805556,42.4593023255814,41.0
2081,2021-05-16 15:37:25,2021-05-16 16:10:55,14.0,36.0,117.2272904040404,39.113861386138616,37.65346534653465
2082,2021-05-16 16:11:16,2021-05-16 16:32:37,36.4,50.4,115.46430307539683,41.215384615384615,39.76923076923077
2083,2021-05-16 16:32:58,2021-05-16 17:03:38,50.8,70.0,116.67319741030092,42.821621621621624,41.65405405405406
2084,2021-05-16 17:03:59,2021-05-16 17:29:09,70.0,84.8,119.47448883258261,43.7171052631579,42.23684210526316
2085,2021-05-16 23:49:32,2021-05-17 00:17:12,25.2,53.2,115.38939325396822,39.16766467065868,37.16766467065868
2086,2021-05-17 00:17:33,2021-05-17 00:45:43,53.6,81.6,117.50745109126987,41.67058823529412,39.55882352941177
2087,2021-05-17 21:28:57,2021-05-17 21:57:47,12.8,37.6,116.74115608198925,39.189655172413794,37.4367816091954
2088,2021-05-17 21:58:08,2021-05-17 22:27:28,38.0,63.2,116.87720916005289,41.440677966101696,39.78531073446328
2089,2021-05-17 22:27:49,2021-05-17 22:53:49,63.6,85.2,120.851344843107,43.0,41.0
2090,2021-05-17 22:54:10,2021-05-17 23:13:40,85.6,97.6,127.2280230324074,43.0,41.0
2091,2021-05-18 11:52:26,2021-05-18 12:24:26,48.4,75.6,117.68178451797388,38.652849740932645,37.538860103626945
2092,2021-05-18 12:24:47,2021-05-18 12:55:07,75.6,97.6,119.91856540404041,39.612021857923494,38.0
2093,2021-05-19 00:46:17,2021-05-19 01:07:47,12.8,31.6,115.2009463652482,35.38461538461539,33.9
2094,2021-05-19 01:08:08,2021-05-19 01:37:48,32.0,58.0,114.98343317307693,37.63128491620112,36.04469273743017
2095,2021-05-19 01:38:09,2021-05-19 02:07:49,58.0,83.6,116.78873074001739,39.720670391061454,37.944134078212294
2096,2021-05-19 06:37:49,2021-05-19 06:59:49,30.0,44.0,117.85416636904762,37.21804511278196,34.54887218045113
2097,2021-05-19 07:00:10,2021-05-19 07:31:50,44.4,65.2,114.17467868589742,38.52356020942408,35.79057591623037
2098,2021-05-19 07:32:11,2021-05-19 08:05:11,65.2,86.0,118.99038461538463,39.0,36.0
2099,2021-05-19 08:05:32,2021-05-19 08:24:42,86.4,97.6,123.91493055555567,39.0,36.0
2100,2021-05-19 19:04:13,2021-05-19 19:38:13,35.6,70.0,115.29675254360467,40.985365853658536,39.0390243902439
2101,2021-05-20 01:44:39,2021-05-20 02:12:49,50.8,74.0,116.68882812499999,38.54705882352941,36.694117647058825
2102,2021-05-20 02:13:10,2021-05-20 02:31:30,74.0,88.4,117.12771122685184,39.0,37.0
2103,2021-05-20 10:31:18,2021-05-20 10:53:28,53.2,67.2,115.27779315476192,36.94776119402985,35.45522388059702
2104,2021-05-20 10:53:49,2021-05-20 11:21:29,67.2,83.6,118.7491700542006,37.0,36.0
2105,2021-05-21 11:35:45,2021-05-21 12:05:25,12.8,42.4,116.34620659722223,37.5195530726257,36.10614525139665
2106,2021-05-21 12:05:46,2021-05-21 12:31:56,42.8,68.8,116.70994786324786,40.949367088607595,39.70886075949367
2107,2021-05-21 20:30:21,2021-05-21 20:53:21,14.8,38.0,117.23299102011495,40.47482014388489,39.093525179856115
2108,2021-05-21 20:53:42,2021-05-21 21:16:12,38.4,61.6,114.69407836446359,43.02205882352941,41.220588235294116
2109,2021-05-22 01:09:00,2021-05-22 01:32:40,20.8,44.8,115.73841296296297,40.83216783216783,38.27972027972028
2110,2021-05-22 01:33:01,2021-05-22 02:02:21,45.2,74.8,116.28893107169671,43.378531073446325,40.81920903954802
2111,2021-05-22 02:02:42,2021-05-22 02:20:22,74.8,91.2,118.35618462059617,44.018691588785046,42.0
2112,2021-05-22 14:19:08,2021-05-22 14:50:18,16.8,48.0,116.53490438034189,38.45744680851064,37.6063829787234
2113,2021-05-22 14:50:39,2021-05-22 15:18:59,48.4,76.8,116.29646141431927,41.6140350877193,40.6140350877193
2114,2021-05-22 15:19:20,2021-05-22 15:40:55,77.2,94.0,122.1614683779762,42.93129770992366,41.79389312977099
2115,2021-05-22 22:17:03,2021-05-22 22:45:03,60.8,78.8,116.1466566358025,39.9585798816568,38.0
2116,2021-05-22 22:45:24,2021-05-22 23:14:04,78.8,96.4,119.38689141414139,40.0,38.0
2117,2021-05-23 14:13:39,2021-05-23 14:41:49,58.4,78.4,117.34166472222216,37.411764705882355,36.13529411764706
2118,2021-05-23 20:49:53,2021-05-23 21:12:12,27.6,42.0,115.89602814429014,39.536764705882355,37.02205882352941
2119,2021-05-23 21:12:33,2021-05-23 21:41:03,42.0,60.8,113.69680851063832,40.46511627906977,38.0
2120,2021-05-23 21:41:24,2021-05-23 22:13:14,61.2,81.2,119.37500000000001,41.0,38.0
2121,2021-05-23 22:13:35,2021-05-23 22:39:35,81.6,96.8,125.38834064327484,41.0,37.12101910828026
2122,2021-05-24 05:59:10,2021-05-24 06:22:10,34.8,57.6,115.98135666423002,36.402877697841724,34.21582733812949
2123,2021-05-24 06:22:31,2021-05-24 06:50:01,58.0,84.8,117.9679690609453,38.18072289156626,36.08433734939759
2124,2021-05-24 20:29:44,2021-05-24 20:55:34,9.2,36.0,113.77591884328359,34.55769230769231,33.40384615384615
2125,2021-05-24 21:09:46,2021-05-24 21:36:26,50.4,76.8,119.36236468855219,38.962732919254655,37.29192546583851
2126,2021-05-24 21:36:47,2021-05-24 22:04:27,77.2,97.6,125.74483360566452,40.0,38.0
2127,2021-05-25 20:07:52,2021-05-25 20:34:42,18.8,36.8,114.10572314814817,35.388888888888886,34.01851851851852
2128,2021-05-25 20:35:03,2021-05-25 20:53:53,36.8,49.2,114.59118324372754,36.719298245614034,35.42982456140351
2129,2021-05-25 20:54:14,2021-05-25 21:23:14,49.6,68.0,115.18721059782612,37.96,36.73142857142857
2130,2021-05-25 21:23:35,2021-05-25 22:15:16,68.4,97.6,122.21258377568498,38.98402555910543,37.0
2131,2021-05-26 04:36:40,2021-05-26 05:08:30,72.4,97.2,121.45106188396059,36.197916666666664,33.994791666666664
2132,2021-05-26 17:19:23,2021-05-26 17:46:13,3.6,30.0,116.61302283249162,36.141975308641975,34.95679012345679
2133,2021-05-26 17:46:34,2021-05-26 18:13:24,30.4,56.8,116.60039720117848,38.370370370370374,36.89506172839506
2134,2021-05-26 18:13:45,2021-05-26 18:42:35,56.8,84.8,118.16419578373018,40.741379310344826,38.93103448275862
2135,2021-05-26 18:42:56,2021-05-26 19:03:06,84.8,97.6,124.87739605034724,41.0,39.0
2136,2021-05-27 03:09:36,2021-05-27 06:22:42,26.4,97.6,117.96719563826468,36.175983436853,33.76190476190476
2137,2021-05-27 12:34:42,2021-05-27 13:06:12,56.0,87.2,117.6384467147436,40.6578947368421,39.026315789473685
2138,2021-05-28 01:06:46,2021-05-28 01:37:26,9.6,40.8,115.45093968126783,36.68648648648649,35.54054054054054
2139,2021-05-28 01:37:47,2021-05-28 02:08:47,41.2,72.0,118.25757521645022,39.95187165775401,38.63636363636363
2140,2021-05-28 14:33:29,2021-05-28 15:02:39,32.4,49.6,113.89702034883722,39.44318181818182,37.64204545454545
2141,2021-05-28 15:03:00,2021-05-28 15:33:40,50.0,67.6,117.03288636363641,40.821621621621624,39.0
2142,2021-05-28 21:47:18,2021-05-28 22:11:48,11.2,36.4,113.93300672398593,41.358108108108105,39.3445945945946
2143,2021-05-28 22:12:09,2021-05-28 22:43:19,36.4,66.8,116.01152142726609,44.15425531914894,42.20744680851064
2144,2021-05-28 22:43:40,2021-05-28 23:13:30,67.2,91.6,119.35904337431695,45.95,43.95
2145,2021-05-29 17:17:11,2021-05-29 17:38:45,42.4,64.0,116.85624574331274,37.6412213740458,35.282442748091604
2146,2021-05-30 10:37:14,2021-05-30 11:07:04,23.6,49.6,115.1757531517094,32.61666666666667,31.294444444444444
2147,2021-05-30 11:07:25,2021-05-30 11:25:13,49.6,65.6,111.56128835069448,35.111111111111114,33.833333333333336
2148,2021-05-30 11:25:34,2021-05-30 11:53:24,65.6,89.6,116.34202071759259,36.345238095238095,35.18452380952381
2149,2021-05-30 19:05:56,2021-05-30 19:34:36,34.4,55.6,117.06301133385743,38.35260115606936,36.85549132947977
2150,2021-05-30 19:34:57,2021-05-30 20:04:37,56.0,78.0,116.6439169191919,39.737430167597765,38.0
2151,2021-05-30 20:04:58,2021-05-30 20:23:58,78.0,92.0,117.41863075396826,40.0,38.0
2152,2021-06-02 23:25:41,2021-06-02 23:55:41,19.6,45.2,117.3692594943576,31.331491712707184,29.552486187845304
2153,2021-06-02 23:56:02,2021-06-03 00:22:54,45.2,68.0,118.06165939327488,33.95705521472393,32.190184049079754
2154,2021-06-03 00:23:15,2021-06-03 00:49:51,68.4,90.0,123.41179293981486,35.42857142857143,33.46583850931677
2155,2021-06-03 23:11:39,2021-06-03 23:32:19,41.6,62.0,117.5245265522876,37.048,35.448
2156,2021-06-03 23:32:40,2021-06-04 00:05:00,62.4,92.4,118.06853620370367,39.15897435897436,37.63076923076923
2157,2021-06-05 03:15:41,2021-06-05 03:50:21,56.4,77.6,116.97328668763107,30.095693779904305,28.923444976076556
2158,2021-06-05 03:50:42,2021-06-05 04:19:32,77.6,94.0,120.4649564701897,31.0,30.0
2159,2021-06-05 20:27:36,2021-06-05 20:53:26,62.0,87.2,119.44387781084656,33.42307692307692,32.32051282051282
2160,2021-06-06 19:02:31,2021-06-06 19:32:21,28.4,47.6,117.05297728587962,38.05,36.8
2161,2021-06-06 19:32:42,2021-06-06 20:02:32,48.0,67.6,114.66555824829936,39.916666666666664,38.67777777777778
2162,2021-06-06 20:02:53,2021-06-06 20:33:43,67.6,87.2,118.50909651360541,41.0,39.39247311827957
2163,2021-06-06 20:34:04,2021-06-06 20:51:04,87.6,97.6,124.76808388888887,41.0,40.0
2164,2021-06-07 19:08:52,2021-06-07 20:19:59,26.8,87.6,116.94168210663378,39.60861423220974,37.949438202247194
2165,2021-06-08 10:16:37,2021-06-08 10:46:47,14.4,44.4,117.65326055555556,34.95054945054945,33.994505494505496
2166,2021-06-08 10:47:08,2021-06-08 11:16:28,44.8,74.4,116.01822944819817,38.429378531073446,37.36158192090395
2167,2021-06-08 11:16:49,2021-06-08 11:36:19,74.8,92.8,119.45141975308648,40.09322033898305,39.0
2168,2021-06-10 10:19:04,2021-06-10 11:12:42,33.2,86.8,117.14621332400499,34.32258064516129,33.101736972704714
2169,2021-06-11 12:27:31,2021-06-11 13:01:22,38.4,72.4,115.98174229166666,35.65853658536585,34.48780487804878
2170,2021-06-11 13:01:43,2021-06-11 13:30:33,72.8,96.8,120.55614976851857,37.706896551724135,36.60919540229885
2171,2021-06-11 19:33:17,2021-06-11 19:47:01,46.8,60.4,117.64543039215684,36.89423076923077,34.91346153846154
2172,2021-06-11 19:49:21,2021-06-11 20:09:45,60.8,80.8,118.85833661111111,38.27922077922078,36.27272727272727
2173,2021-06-13 12:52:16,2021-06-13 13:18:26,11.2,37.6,115.95540309343436,32.12658227848101,31.21518987341772
2174,2021-06-13 13:18:47,2021-06-13 13:40:27,38.0,60.0,115.16541988636364,34.80152671755725,33.916030534351144
2175,2021-06-13 13:40:48,2021-06-13 14:06:28,60.4,86.0,117.19348155381944,37.225806451612904,36.4
2176,2021-06-16 11:35:37,2021-06-16 11:52:37,14.8,26.0,117.14907477678575,34.96116504854369,33.0
2177,2021-06-16 11:52:58,2021-06-16 12:20:58,26.4,44.4,118.41129182098766,35.82248520710059,34.248520710059175
2178,2021-06-16 12:21:19,2021-06-16 12:49:19,44.8,62.8,115.39740084876541,37.887573964497044,36.349112426035504
2179,2021-06-16 12:49:40,2021-06-16 13:17:30,63.2,80.0,118.03242319775138,39.0,37.32738095238095
2180,2021-06-16 13:17:51,2021-06-16 13:46:01,80.4,96.0,123.86219631410262,39.22352941176471,38.0
2181,2021-06-16 21:44:53,2021-06-16 22:07:23,27.2,42.0,114.93713072447447,36.39705882352941,33.8014705882353
2182,2021-06-16 22:07:44,2021-06-16 22:37:34,42.0,61.2,114.80686964699076,37.87777777777778,35.41111111111111
2183,2021-06-16 22:37:55,2021-06-16 23:07:55,61.6,79.6,117.8703892746914,39.0,36.21546961325967
2184,2021-06-16 23:08:16,2021-06-16 23:30:10,80.0,92.4,120.63419670698919,39.0,37.0
2185,2021-06-17 23:34:02,2021-06-17 23:55:32,24.8,44.0,113.92651714409723,36.45384615384615,34.746153846153845
2186,2021-06-17 23:55:53,2021-06-18 00:31:53,44.0,76.0,114.62415069444447,39.16129032258065,37.42857142857143
2187,2021-06-18 00:32:14,2021-06-18 01:00:04,76.0,97.6,120.09389396862144,40.476190476190474,39.0
2188,2021-06-18 14:57:12,2021-06-18 15:25:42,35.2,60.0,115.14506754032261,38.33139534883721,37.20348837209303
2189,2021-06-18 15:26:03,2021-06-18 15:56:53,60.4,86.4,118.91027622863245,40.55913978494624,39.053763440860216
2190,2021-06-19 00:07:43,2021-06-19 00:27:53,44.0,64.4,115.83608619281046,41.59836065573771,39.28688524590164
2191,2021-06-19 00:28:14,2021-06-19 00:52:24,64.8,88.4,120.04062329331448,43.226027397260275,40.95205479452055
2192,2021-06-19 14:31:09,2021-06-19 16:14:16,28.4,97.6,116.95417471660248,40.26064516129032,38.56516129032258
2193,2021-06-20 02:13:12,2021-06-20 03:14:08,41.2,97.6,118.29394391252957,39.53930131004367,37.55458515283843
2194,2021-06-20 21:33:58,2021-06-20 22:01:38,47.6,75.6,115.22421021825402,38.778443113772454,37.449101796407184
2195,2021-06-20 22:01:59,2021-06-20 22:27:49,75.6,97.6,119.6837185606061,40.0,38.83974358974359
2196,2021-06-21 11:50:28,2021-06-21 12:19:38,49.6,74.4,116.67955269937276,38.57386363636363,37.5625
2197,2021-06-21 12:19:59,2021-06-21 12:46:39,74.8,96.0,119.49818022798742,39.92546583850932,38.92546583850932
2198,2021-06-22 00:23:55,2021-06-22 01:56:15,20.4,97.6,116.97911774071679,36.86868686868687,33.15440115440116
2199,2021-06-22 15:51:31,2021-06-22 17:15:42,21.6,94.0,115.95779665438917,33.12658227848101,32.0126582278481
2200,2021-06-23 00:05:33,2021-06-23 00:32:53,32.0,59.2,116.18974540441175,33.339393939393936,31.21212121212121
2201,2021-06-23 00:33:14,2021-06-23 01:01:24,59.6,87.2,117.91165599838973,36.241176470588236,34.1
2202,2021-06-23 10:17:08,2021-06-23 10:44:48,32.8,60.4,116.30235044283413,32.50299401197605,30.508982035928145
2203,2021-06-23 13:11:29,2021-06-23 13:28:39,79.2,89.6,118.3840989583334,35.0,32.47115384615385
2204,2021-06-24 11:53:29,2021-06-24 12:17:39,37.2,62.0,114.79784397401438,31.82191780821918,30.45205479452055
2205,2021-06-24 17:18:26,2021-06-24 17:38:16,26.4,46.4,115.45556166666667,34.233333333333334,32.21666666666667
2206,2021-06-24 17:38:37,2021-06-24 18:05:17,46.8,74.0,114.11817080269611,36.70807453416149,34.94409937888199
2207,2021-06-24 18:05:38,2021-06-24 18:32:28,74.0,97.6,118.9147931379473,38.0,36.49382716049383
2208,2021-06-25 11:46:51,2021-06-25 12:15:51,38.8,68.0,115.86901269977173,33.651428571428575,32.26857142857143
2209,2021-06-25 12:16:12,2021-06-25 12:42:42,68.4,94.4,117.85043135683762,36.35625,34.8375
2210,2021-06-26 14:05:56,2021-06-26 14:31:01,60.8,86.0,115.39463056657844,36.32236842105263,35.21052631578947
2211,2021-06-27 01:29:00,2021-06-27 03:09:28,7.2,92.4,117.74492293948877,37.01591511936339,35.15384615384615
2212,2021-06-27 19:37:43,2021-06-27 19:54:33,60.4,77.2,117.047796875,33.44117647058823,32.28431372549019
2213,2021-06-27 19:54:54,2021-06-27 20:17:54,77.6,97.6,119.4659726388889,34.53237410071942,33.45323741007194
2214,2021-06-28 09:55:35,2021-06-28 10:14:25,73.2,92.0,115.68560948581568,34.36842105263158,33.41228070175438
2215,2021-06-28 18:55:30,2021-06-28 19:27:05,36.8,64.0,115.35847492851306,33.49738219895288,32.09424083769633
2216,2021-06-28 19:27:26,2021-06-28 19:47:16,64.0,81.2,114.58173756459954,35.31666666666667,34.0
2217,2021-06-29 13:24:15,2021-06-29 13:42:25,34.8,53.6,113.10285328014184,34.53636363636364,32.86363636363637
2218,2021-06-29 19:02:36,2021-06-29 19:20:46,52.4,67.6,117.22771454678364,38.027272727272724,36.42727272727273
2219,2021-06-29 19:21:07,2021-06-29 19:44:57,68.0,86.8,119.12161052009455,39.0,37.0
2220,2021-06-30 03:02:19,2021-06-30 04:32:00,20.0,96.0,117.25344352887429,38.144130757800895,36.1887072808321
2221,2021-06-30 16:02:19,2021-06-30 16:24:19,4.8,28.8,107.2042993055556,37.96992481203007,36.00751879699248
2222,2021-06-30 16:24:40,2021-06-30 16:51:10,29.2,55.6,117.58104776936027,39.08125,37.7625
2223,2021-06-30 16:51:31,2021-06-30 17:08:31,56.0,72.4,121.43803709349585,41.650485436893206,39.96116504854369
2224,2021-07-01 13:39:09,2021-07-01 14:06:49,12.8,40.4,117.96599899355877,39.02994011976048,37.26946107784431
2225,2021-07-01 14:07:10,2021-07-01 14:34:40,40.8,67.6,120.76597895936985,41.25903614457831,39.75301204819277
2226,2021-07-01 14:35:01,2021-07-01 15:07:25,68.0,97.6,124.16067744932433,43.61734693877551,42.045918367346935
2227,2021-07-02 04:07:30,2021-07-02 04:36:40,36.4,66.4,114.85739925925924,37.6875,35.86363636363637
2228,2021-07-02 04:37:01,2021-07-02 05:10:41,66.4,97.6,118.03195539529918,40.31527093596059,37.99014778325123
2229,2021-07-02 17:21:07,2021-07-02 17:53:27,45.6,78.8,115.74383726572964,40.12307692307692,38.55897435897436
2230,2021-07-02 17:53:48,2021-07-02 18:14:58,79.2,97.6,122.27582223731888,41.8125,40.0
2231,2021-07-04 07:47:29,2021-07-04 08:10:29,37.6,60.8,115.14668959530654,33.47482014388489,32.70503597122302
2232,2021-07-04 08:10:50,2021-07-04 08:32:00,61.2,82.4,116.06134525681342,35.7734375,34.8125
2233,2021-07-04 08:32:21,2021-07-04 08:50:21,82.8,97.6,121.52780808933935,36.981651376146786,35.93577981651376
2234,2021-07-05 12:14:42,2021-07-05 12:41:12,4.4,27.6,114.60849640804595,37.41875,36.0
2235,2021-07-05 12:41:33,2021-07-05 13:10:43,27.6,53.2,114.31099989149305,38.59090909090909,36.88068181818182
2236,2021-07-05 13:11:04,2021-07-05 13:40:04,53.6,78.0,119.2526386042805,40.72,39.21714285714286
2237,2021-07-05 13:40:25,2021-07-05 14:05:15,78.4,97.6,122.08408174189825,41.64666666666667,40.0
2238,2021-07-05 18:31:26,2021-07-05 18:49:36,72.0,87.6,116.58566141381768,42.0,40.0
2239,2021-07-06 19:41:03,2021-07-06 19:57:53,47.6,64.0,119.65276812330623,40.26470588235294,38.57843137254902
2240,2021-07-06 19:58:14,2021-07-06 20:15:44,64.4,81.2,121.43600405092596,41.66981132075472,39.81132075471698
2241,2021-07-07 18:04:38,2021-07-07 18:24:08,43.2,63.6,112.4836757897604,37.771186440677965,36.25423728813559
2242,2021-07-08 03:41:58,2021-07-08 05:11:09,5.6,95.2,116.05797678416418,39.25112107623318,36.29745889387145
2243,2021-07-09 01:53:27,2021-07-09 02:11:07,46.0,64.0,114.50617283950618,37.44859813084112,36.16822429906542
2244,2021-07-09 14:02:42,2021-07-09 14:20:42,8.400001,14.8,116.72089171854205,40.0,38.54128440366973
2245,2021-07-09 14:21:03,2021-07-09 14:40:13,14.8,22.0,110.47449266975305,40.0,38.0
2246,2021-07-09 14:48:57,2021-07-09 15:08:47,24.8,32.4,108.30039510233915,39.68333333333333,38.0
2247,2021-07-09 15:09:08,2021-07-09 15:27:58,32.4,39.2,114.93867933006526,40.0,38.25438596491228
2248,2021-07-09 15:47:06,2021-07-09 16:06:26,46.0,52.8,117.99014869281046,41.0,39.0
2249,2021-07-09 16:06:47,2021-07-09 16:23:17,53.2,58.8,122.27673660714294,41.2,39.97
2250,2021-07-09 21:11:38,2021-07-09 21:33:28,46.8,65.6,116.71026071217499,40.52272727272727,39.18939393939394
2251,2021-07-09 21:33:49,2021-07-09 21:55:19,66.0,84.4,117.40414538043476,42.0,40.146153846153844
2252,2021-07-09 21:55:40,2021-07-09 22:12:40,84.4,97.6,121.19109048821556,42.271844660194176,41.0
2253,2021-07-10 16:21:09,2021-07-10 16:39:59,69.2,85.2,117.3481191840278,40.31578947368421,39.3421052631579
2254,2021-07-10 22:59:29,2021-07-10 23:17:29,34.8,53.2,115.24911118659422,39.22935779816514,37.60550458715596
2255,2021-07-10 23:17:50,2021-07-10 23:49:00,53.2,84.8,116.36342730309428,41.861702127659576,40.090425531914896
2256,2021-07-11 18:46:09,2021-07-11 19:03:59,61.6,78.4,115.1876740244709,44.898148148148145,43.0
2257,2021-07-11 19:04:20,2021-07-11 19:21:00,78.8,92.4,122.61438562091496,45.0,43.504950495049506
2258,2021-07-12 02:01:26,2021-07-12 02:22:36,49.6,70.8,116.48650452044029,41.0859375,38.546875
2259,2021-07-12 02:22:57,2021-07-12 02:41:57,71.2,90.0,117.85164923167851,42.095652173913045,39.66086956521739
2260,2021-07-12 22:40:21,2021-07-12 22:56:51,30.0,46.8,113.48959945436509,36.88,35.47
2261,2021-07-12 22:57:12,2021-07-12 23:17:32,46.8,67.6,113.00347636217953,39.03252032520325,37.642276422764226
2262,2021-07-13 14:39:55,2021-07-13 15:00:15,18.8,32.0,118.27126588804715,37.0,35.0
2263,2021-07-13 15:00:36,2021-07-13 15:21:56,32.4,46.4,115.50299156746031,38.01550387596899,36.31782945736434
2264,2021-07-13 15:22:17,2021-07-13 15:41:37,46.4,59.2,112.89714648437499,39.401709401709404,37.65811965811966
2265,2021-07-13 15:41:58,2021-07-13 16:03:48,59.2,73.2,113.1617125,40.59848484848485,38.916666666666664
2266,2021-07-13 16:04:09,2021-07-13 16:24:59,73.2,85.6,118.31207045250902,41.0,39.0
2267,2021-07-13 16:25:20,2021-07-13 16:46:40,85.6,97.6,121.72339872685185,41.0,39.0
2268,2021-07-14 01:20:21,2021-07-14 01:39:51,47.2,66.8,114.70381476757376,38.47457627118644,36.73728813559322
2269,2021-07-14 01:40:12,2021-07-14 02:01:02,67.2,87.6,117.75941244553383,39.92063492063492,38.0
2270,2021-07-14 06:51:07,2021-07-14 07:10:17,53.6,69.6,116.90365763888894,38.775862068965516,36.327586206896555
2271,2021-07-14 07:10:38,2021-07-14 07:27:48,69.6,83.6,115.43751339285713,39.82692307692308,37.0
2272,2021-07-14 14:50:21,2021-07-14 15:12:11,40.8,63.2,114.3967007068452,41.43181818181818,39.765151515151516
2273,2021-07-14 15:28:38,2021-07-14 15:49:18,79.6,97.6,120.15740023148149,43.992,42.0
2274,2021-07-16 11:15:03,2021-07-16 12:20:04,27.2,92.4,116.31214029694954,35.915983606557376,34.71311475409836
2275,2021-07-16 20:15:10,2021-07-16 20:37:30,33.2,55.6,114.94111297123015,37.592592592592595,34.8962962962963
2276,2021-07-16 20:37:51,2021-07-16 21:03:04,56.0,80.8,117.21171066308247,39.83660130718954,37.091503267973856
2277,2021-07-16 21:03:25,2021-07-16 21:21:35,81.2,96.8,119.85935158475792,41.0,38.0
2278,2021-07-17 15:11:22,2021-07-17 15:33:12,29.2,44.0,113.97241563438436,35.71969696969697,33.628787878787875
2279,2021-07-17 15:33:33,2021-07-17 16:02:13,44.0,63.2,112.75102821180556,37.676300578034684,35.589595375722546
2280,2021-07-17 16:02:34,2021-07-17 16:32:54,63.6,82.4,116.53297244385341,39.0,37.0
2281,2021-07-17 16:33:15,2021-07-17 16:59:05,82.4,97.2,121.2669071884385,39.0,37.0
2282,2021-07-18 03:33:40,2021-07-18 05:12:10,12.8,95.2,116.57661891686892,37.63328822733423,36.24763193504736
2283,2021-07-18 15:11:42,2021-07-18 16:00:41,24.8,74.0,115.78747717649051,39.84510869565217,38.17391304347826
2284,2021-07-18 16:01:01,2021-07-18 16:26:22,74.4,97.2,119.231316087963,42.83769633507853,41.0
2285,2021-07-19 01:38:13,2021-07-19 01:55:03,4.4,21.6,114.14890423126616,39.0,36.911764705882355
2286,2021-07-19 01:55:24,2021-07-19 02:21:24,21.6,48.0,114.81692550505052,39.40127388535032,37.29936305732484
2287,2021-07-19 02:21:45,2021-07-19 02:49:15,48.4,75.6,117.84620629084972,42.05421686746988,39.5722891566265
2288,2021-07-19 02:49:36,2021-07-19 03:15:06,76.0,97.6,123.31147987397124,43.0,40.98051948051948
2289,2021-07-19 11:31:05,2021-07-19 11:48:35,76.8,94.0,118.53521253229971,40.943396226415096,38.613207547169814
2290,2021-07-19 16:29:21,2021-07-19 16:48:21,67.2,86.0,118.24765440307333,39.06086956521739,36.86086956521739
2291,2021-07-20 00:31:57,2021-07-20 00:49:17,38.0,45.2,115.01546662808639,33.0,31.0
2292,2021-07-20 00:49:38,2021-07-20 01:07:58,45.2,52.8,113.32970120614041,33.288288288288285,31.0
2293,2021-07-20 01:08:19,2021-07-20 01:26:19,53.2,60.4,114.3653819444445,34.0,31.990825688073393
2294,2021-07-20 01:42:51,2021-07-20 01:59:21,66.8,73.2,114.07553624131933,35.0,32.0
2295,2021-07-20 01:59:42,2021-07-20 02:16:12,73.2,79.2,120.34495694444448,35.0,32.08
2296,2021-07-20 02:16:33,2021-07-20 02:34:13,79.6,86.0,119.71354774305543,35.0,32.87850467289719
2297,2021-07-20 20:56:09,2021-07-20 21:12:59,43.2,55.6,113.35351724910396,31.362745098039216,29.647058823529413
2298,2021-07-20 21:26:08,2021-07-20 21:43:28,65.2,77.6,116.7226935483872,33.0,31.0
2299,2021-07-21 10:42:13,2021-07-21 11:12:03,15.2,41.6,115.28831207912458,33.16111111111111,31.52777777777778
2300,2021-07-21 11:12:24,2021-07-21 11:44:34,41.6,69.2,114.8495474537037,35.40721649484536,34.0360824742268
2301,2021-07-21 11:44:55,2021-07-21 12:17:35,69.6,94.8,120.37754960317457,37.0,35.0507614213198
2302,2021-07-21 18:39:46,2021-07-21 19:06:36,46.8,69.6,118.27306499756341,34.70987654320987,33.17901234567901
2303,2021-07-21 19:06:57,2021-07-21 19:34:47,70.0,93.6,118.5346417137477,36.107142857142854,34.583333333333336
2304,2021-07-22 04:09:04,2021-07-22 05:23:57,25.6,97.6,116.48931971064815,35.15302491103203,33.403914590747334
2305,2021-07-22 13:59:42,2021-07-22 14:18:32,19.2,38.4,114.80760170717595,40.14035087719298,38.20175438596491
2306,2021-07-22 14:18:53,2021-07-22 14:36:23,38.8,56.0,119.063326873385,41.783018867924525,39.886792452830186
2307,2021-07-22 14:53:25,2021-07-22 15:10:55,73.2,89.6,121.630268292683,44.33018867924528,42.886792452830186
2308,2021-07-22 22:58:12,2021-07-22 23:20:02,36.0,58.0,115.83270675505051,40.04545454545455,38.06818181818182
2309,2021-07-22 23:20:23,2021-07-22 23:39:13,58.4,77.2,116.82623640661936,41.973684210526315,39.87719298245614
2310,2021-07-23 05:43:44,2021-07-23 06:05:28,62.8,80.4,117.55872580808075,38.0,35.048780487804876
2311,2021-07-23 12:31:10,2021-07-23 13:50:11,12.8,89.6,117.29334078052665,42.93929173693086,41.02023608768971
2312,2021-07-23 17:57:17,2021-07-23 18:14:07,40.0,54.8,113.94146021021024,44.705882352941174,43.30392156862745
2313,2021-07-23 18:14:28,2021-07-23 18:36:18,54.8,73.6,116.30394703014184,46.15151515151515,44.65909090909091
2314,2021-07-24 00:09:21,2021-07-24 00:37:21,47.2,71.2,116.58043119212964,43.66863905325444,41.396449704142015
2315,2021-07-24 00:37:42,2021-07-24 01:11:32,71.2,97.6,118.10552819865325,44.950980392156865,42.0
2316,2021-07-24 04:37:11,2021-07-24 04:55:51,59.2,70.8,116.84148970306522,40.0,37.0
2317,2021-07-24 04:56:12,2021-07-24 05:21:02,70.8,85.6,118.12408070570572,40.0,37.0
2318,2021-07-24 05:21:23,2021-07-24 05:42:03,86.0,97.6,121.53378101053649,40.0,37.0
2319,2021-07-24 19:28:06,2021-07-24 19:47:16,20.4,37.2,113.67149611441798,42.0,40.1551724137931
2320,2021-07-24 19:47:37,2021-07-24 20:05:57,37.2,53.2,114.14239340277778,43.06306306306306,41.450450450450454
2321,2021-07-24 20:06:18,2021-07-24 20:26:18,53.2,70.4,115.78491182170542,44.52892561983471,42.8099173553719
2322,2021-07-24 20:26:39,2021-07-24 20:46:19,70.8,87.2,119.4470178692412,45.0,43.0
2323,2021-07-25 06:49:02,2021-07-25 07:08:02,30.8,50.0,115.37470298032409,37.85217391304348,36.45217391304348
2324,2021-07-25 07:08:23,2021-07-25 07:27:43,50.4,70.0,114.92063095238096,40.23076923076923,38.675213675213676
2325,2021-07-25 07:28:04,2021-07-25 07:46:24,70.0,88.4,116.09449743357484,41.75675675675676,40.0
2326,2021-08-11 10:39:16,2021-08-11 10:58:16,38.4,48.0,120.67707609953702,29.88695652173913,28.965217391304346
2327,2021-08-11 10:58:37,2021-08-11 11:15:17,48.4,56.4,125.99652152777779,30.97029702970297,30.0
2328,2021-08-11 16:06:39,2021-08-11 16:23:29,80.4,94.8,117.37461979166675,38.0,36.872549019607845
2329,2021-08-12 04:39:47,2021-08-12 04:56:57,62.4,77.2,115.37445626876872,33.5,31.884615384615383
2330,2021-08-12 04:57:18,2021-08-12 05:17:08,77.2,94.0,117.4834871031747,34.166666666666664,32.7
2331,2021-08-12 13:25:32,2021-08-12 14:22:56,21.6,79.2,116.39463706356095,40.35730858468678,38.52900232018561
2332,2021-08-13 00:29:30,2021-08-13 00:46:20,51.2,68.0,117.02299140211645,38.833333333333336,37.26470588235294
2333,2021-08-13 00:46:41,2021-08-13 01:03:41,68.4,85.2,118.16717038690476,40.04854368932039,38.213592233009706
2334,2021-08-13 14:04:19,2021-08-13 14:34:09,44.8,74.8,116.05000731481485,37.51111111111111,36.294444444444444
2335,2021-08-13 21:48:21,2021-08-13 22:23:14,32.8,68.4,114.42084778792135,36.24644549763033,34.51184834123223
2336,2021-08-13 22:23:35,2021-08-13 22:51:05,68.8,95.2,117.97401536195284,38.75903614457831,36.92168674698795
2337,2021-08-14 02:52:53,2021-08-14 03:24:37,64.0,89.2,117.93299345238096,37.63598326359833,35.13389121338912
2338,2021-08-14 16:05:47,2021-08-14 17:00:23,40.8,94.8,116.79260504115226,38.0,36.68613138686131
2339,2021-08-15 16:47:57,2021-08-15 17:53:14,46.0,86.4,116.00348399339933,33.96734693877551,32.85918367346939
2340,2021-08-16 00:07:43,2021-08-16 00:27:01,20.0,32.8,116.00240182291672,32.376068376068375,31.0
2341,2021-08-16 00:27:22,2021-08-16 00:53:42,33.2,50.0,119.08152447089948,33.459119496855344,31.88679245283019
2342,2021-08-16 00:54:03,2021-08-16 01:27:33,50.4,71.6,116.17009139150947,35.37623762376238,33.64356435643565
2343,2021-08-16 01:27:54,2021-08-16 01:55:54,72.0,88.4,119.96698644986448,36.0,34.0
2344,2021-08-16 01:56:15,2021-08-16 02:16:25,88.8,99.6,126.80171720679019,36.0,34.0
2345,2021-08-16 15:41:40,2021-08-16 16:50:07,12.0,80.8,116.74432489704458,39.80544747081712,38.16731517509728
2346,2021-08-17 12:43:52,2021-08-17 13:07:32,20.4,40.8,116.841640795207,34.51048951048951,33.39160839160839
2347,2021-08-17 13:07:53,2021-08-17 13:37:13,41.2,66.8,115.57943120659723,37.45762711864407,36.41242937853107
2348,2021-08-17 13:46:51,2021-08-17 14:14:41,73.2,96.4,117.67602113266284,39.79761904761905,38.73809523809524
2349,2021-08-17 23:50:09,2021-08-18 00:12:19,38.8,58.4,112.80046655328799,40.082089552238806,37.82835820895522
2350,2021-08-18 00:12:40,2021-08-18 00:37:40,58.4,80.0,115.44497042181072,41.77483443708609,39.0
2351,2021-08-18 00:38:01,2021-08-18 01:00:31,80.0,97.6,119.66304324494956,42.0,39.81617647058823
2352,2021-08-19 00:30:30,2021-08-19 00:58:40,36.8,60.8,116.05557557870372,33.0,31.91176470588235
2353,2021-08-19 00:59:01,2021-08-19 01:27:01,61.2,85.2,115.38716718749997,35.31360946745562,33.89940828402367
2354,2021-08-19 01:27:22,2021-08-19 01:44:02,85.2,97.6,119.87118929211478,36.0,34.82178217821782
2355,2021-08-19 20:00:52,2021-08-19 20:23:02,43.2,62.8,113.42759821428574,34.19402985074627,33.12686567164179
2356,2021-08-19 20:23:23,2021-08-19 20:44:33,63.2,81.6,115.3985698973431,35.96875,34.71875
2357,2021-08-19 20:44:54,2021-08-19 21:05:14,82.0,97.6,121.84030217236477,36.829268292682926,35.0
2358,2021-08-20 12:25:36,2021-08-20 12:47:36,18.4,37.2,116.72799460697397,38.0,36.54887218045113
2359,2021-08-20 12:47:57,2021-08-20 13:07:47,37.6,54.8,115.01696681201554,39.25,37.791666666666664
2360,2021-08-20 13:08:08,2021-08-20 13:27:18,54.8,71.6,113.75993683862436,40.78448275862069,39.08620689655172
2361,2021-08-20 13:27:39,2021-08-20 13:51:09,72.0,91.6,119.59609906462589,41.50704225352113,40.0
2362,2021-08-21 09:09:58,2021-08-21 10:22:44,27.2,97.6,116.42557019018311,36.36996336996337,35.41208791208791
2363,2021-08-22 10:40:19,2021-08-22 12:07:46,14.0,97.6,118.30232270899789,37.65853658536585,36.583841463414636
2364,2021-08-22 22:42:13,2021-08-23 00:17:17,9.6,97.6,118.30516485953284,42.32398316970547,40.73913043478261
2365,2021-08-23 05:18:18,2021-08-23 05:36:18,55.6,67.2,116.37931034482759,39.944954128440365,36.80733944954128
2366,2021-08-23 05:52:40,2021-08-23 06:10:10,77.6,88.8,117.18998040674602,40.0,37.0
2367,2021-08-23 11:43:52,2021-08-23 12:00:22,37.2,54.0,115.40509292328045,39.91,38.39
2368,2021-08-23 12:16:54,2021-08-23 12:33:54,70.8,87.6,118.92857440476192,43.0,41.19417475728155
2369,2021-08-23 18:47:36,2021-08-23 19:41:48,33.2,87.6,116.66663201082518,42.28992628992629,40.54545454545455
2370,2021-08-24 15:28:22,2021-08-24 15:47:12,58.0,77.2,114.41912420428241,42.3421052631579,41.08771929824562
2371,2021-08-25 06:20:01,2021-08-25 07:16:38,38.8,86.0,116.50942661840864,36.90117647058823,34.95529411764706
2372,2021-08-25 11:38:48,2021-08-25 12:15:54,46.4,83.6,116.56202904719235,38.91756272401434,36.992831541218635
2373,2021-08-25 16:38:18,2021-08-25 16:59:08,30.4,44.4,113.46627886904766,38.19047619047619,35.801587301587304
2374,2021-08-25 16:59:29,2021-08-25 17:23:39,44.4,60.4,113.06424322916668,39.534246575342465,37.417808219178085
2375,2021-08-25 17:24:00,2021-08-25 17:42:50,60.4,72.4,113.7882143518518,40.91228070175438,38.70175438596491
2376,2021-08-25 17:43:11,2021-08-25 18:02:51,72.4,84.4,115.60418611111115,41.0,39.0
2377,2021-08-25 18:03:12,2021-08-25 18:20:32,84.4,94.0,124.1608990162038,41.0,39.0
2378,2021-08-26 06:56:36,2021-08-26 07:29:46,22.8,44.8,116.46150612373742,35.115,32.725
2379,2021-08-26 07:30:07,2021-08-26 07:58:17,45.2,63.6,115.22344572765701,36.88823529411765,34.6764705882353
2380,2021-08-26 07:58:38,2021-08-26 08:27:08,63.6,81.2,116.84976893939394,38.0,36.0
2381,2021-08-26 08:27:29,2021-08-26 08:51:49,81.2,95.2,120.93553214285716,38.095238095238095,36.0
2382,2021-08-26 18:06:37,2021-08-26 18:32:57,50.8,77.2,117.78619938973065,39.40880503144654,37.9496855345912
2383,2021-08-26 18:33:18,2021-08-26 18:55:38,77.6,97.6,119.14652555555556,40.75555555555555,39.0
2384,2021-08-27 05:39:30,2021-08-27 06:16:42,31.6,69.200005,115.51949358635576,37.582142857142856,35.57857142857143
2385,2021-08-27 07:14:50,2021-08-27 07:32:50,66.0,84.0,116.86729953703707,38.981651376146786,36.6605504587156
2386,2021-08-27 20:20:57,2021-08-27 20:39:07,39.6,58.0,115.00453577898551,35.836363636363636,34.8
2387,2021-08-27 20:39:28,2021-08-27 20:58:48,58.4,77.6,117.08263592303247,37.77777777777778,36.72649572649573
2388,2021-08-27 20:59:09,2021-08-27 21:18:59,78.0,96.0,120.24771172839507,38.916666666666664,37.641666666666666
2389,2021-08-28 06:23:13,2021-08-28 06:45:33,15.6,30.4,117.31983295795798,33.0,31.0
2390,2021-08-28 06:45:54,2021-08-28 07:06:34,30.8,44.4,116.48081924019608,33.688,31.936
2391,2021-08-28 07:06:55,2021-08-28 07:28:25,44.8,58.8,115.78673055555555,35.246153846153845,33.292307692307695
2392,2021-08-28 07:28:46,2021-08-28 07:47:36,59.2,70.8,118.86256944444453,36.51754385964912,34.08771929824562
2393,2021-08-29 08:48:04,2021-08-29 09:10:34,11.6,34.0,118.14547395833333,31.99264705882353,31.073529411764707
2394,2021-08-29 09:10:55,2021-08-29 09:32:45,34.4,56.4,116.94067323232322,33.93939393939394,32.96212121212121
2395,2021-08-29 09:33:06,2021-08-29 09:54:36,56.4,77.6,119.50539000262057,36.69230769230769,35.55384615384615
2396,2021-08-29 09:54:57,2021-08-29 10:14:07,78.0,95.6,125.20757315340916,38.0948275862069,36.78448275862069
2397,2021-08-29 20:10:01,2021-08-29 20:36:21,56.0,78.8,116.26581932261209,38.18867924528302,36.34591194968554
2398,2021-08-29 20:36:42,2021-08-29 21:00:12,79.2,97.6,121.3043269172706,39.0,37.0
2399,2021-08-30 11:56:04,2021-08-30 12:24:24,36.4,61.2,114.71048874327958,35.54385964912281,34.1812865497076
2400,2021-08-30 12:24:45,2021-08-30 12:42:20,61.6,76.8,116.12758397295326,37.601851851851855,36.22222222222222
2401,2021-08-31 00:55:14,2021-08-31 02:29:46,4.0,96.0,118.23055060386474,39.82535211267606,37.82112676056338
2402,2021-08-31 13:47:49,2021-08-31 14:49:47,38.0,97.6,116.42225827367636,36.55460385438972,35.16059957173447
2403,2021-09-01 02:20:38,2021-09-01 02:47:48,30.4,54.0,115.86215672080979,36.13414634146341,34.71341463414634
2404,2021-09-01 02:48:09,2021-09-01 03:16:39,54.4,79.2,115.67818643593186,38.75581395348837,37.372093023255815
2405,2021-09-01 03:17:00,2021-09-01 03:39:50,79.6,97.6,120.12421844135804,40.0,38.0
2406,2021-09-01 11:45:55,2021-09-01 12:05:25,34.8,51.2,116.30167903116528,37.271186440677965,35.52542372881356
2407,2021-09-01 12:05:46,2021-09-01 12:22:16,51.6,65.6,113.23215347222228,39.15,37.47
2408,2021-09-01 19:37:02,2021-09-01 20:05:02,28.0,52.4,114.02096618852462,36.349112426035504,34.75739644970414
2409,2021-09-01 20:05:23,2021-09-01 20:37:33,52.8,80.4,115.77447584541063,39.16494845360825,37.45876288659794
2410,2021-09-01 20:37:54,2021-09-01 20:59:24,80.8,97.6,119.88841302910056,40.0,38.46153846153846
2411,2021-09-02 14:26:54,2021-09-02 14:48:44,25.2,44.0,115.6301983599291,38.31818181818182,36.833333333333336
2412,2021-09-02 14:49:05,2021-09-02 15:11:05,44.4,64.0,111.73400899943309,40.17293233082707,38.87218045112782
2413,2021-09-02 15:11:26,2021-09-02 15:28:16,64.0,78.4,116.35419020061724,41.568627450980394,40.0
2414,2021-09-02 15:28:37,2021-09-02 15:45:31,78.8,93.2,116.90744027777772,42.0,40.43689320388349
2415,2021-09-02 23:42:42,2021-09-03 00:45:02,21.6,85.2,115.17420314683787,40.97008547008547,38.822649572649574
2416,2021-09-03 12:59:53,2021-09-03 13:17:13,18.8,36.4,115.41590301452023,37.333333333333336,35.94285714285714
2417,2021-09-03 13:17:34,2021-09-03 13:36:44,36.8,56.4,114.5649407596372,39.241379310344826,37.89655172413793
2418,2021-09-03 18:27:02,2021-09-03 18:46:42,33.2,50.4,115.22851413113699,40.42016806722689,39.12605042016807
2419,2021-09-03 18:47:03,2021-09-03 19:07:13,50.8,68.4,115.46479695391412,42.122950819672134,40.549180327868854
2420,2021-09-03 19:07:34,2021-09-03 19:25:14,68.8,84.0,117.09520184576022,43.0,41.0
2421,2021-09-04 10:21:30,2021-09-04 11:55:48,12.8,93.2,115.51343459611662,40.19915254237288,38.4774011299435
2422,2021-09-05 01:35:24,2021-09-05 02:40:09,3.2,68.4,115.95572026244037,40.10082304526749,38.27160493827161
2423,2021-09-06 01:12:27,2021-09-06 02:34:26,5.2,88.0,115.59570297906603,37.27804878048781,36.10243902439024
2424,2021-09-06 10:58:58,2021-09-06 11:17:08,31.6,50.0,115.43781295289864,35.75454545454546,34.25454545454546
2425,2021-09-06 11:17:29,2021-09-06 11:34:39,50.4,68.0,114.00411489898987,38.00961538461539,36.55769230769231
2426,2021-09-06 11:35:00,2021-09-06 11:52:10,68.4,85.6,116.70301614987093,39.50961538461539,38.0
2427,2021-09-06 13:50:21,2021-09-06 14:38:13,56.0,99.6,118.0305845259939,42.175,40.56944444444444
2428,2021-09-07 16:30:34,2021-09-07 16:58:04,21.6,46.8,108.91533807319225,35.0,33.566265060240966
2429,2021-09-07 16:58:25,2021-09-07 17:25:35,47.2,70.8,114.98880679143129,37.829268292682926,36.1890243902439
2430,2021-09-07 17:25:56,2021-09-07 17:55:56,71.2,96.4,118.51410559964728,39.430939226519335,37.66298342541437
2431,2021-09-08 07:28:09,2021-09-08 07:52:39,32.0,53.2,114.88929834905662,32.92567567567568,31.54054054054054
2432,2021-09-08 07:53:00,2021-09-08 08:26:20,53.2,82.0,115.20401673418215,35.53233830845771,34.09452736318408
2433,2021-09-08 08:26:41,2021-09-08 08:46:31,82.4,97.6,119.82824926900592,36.875,35.0
2434,2021-09-08 19:02:21,2021-09-08 19:22:01,36.0,56.0,114.95973840277782,39.0,37.63865546218487
2435,2021-09-08 19:22:22,2021-09-08 19:40:42,56.4,75.2,113.9531748670213,40.747747747747745,39.52252252252252
2436,2021-09-08 19:41:03,2021-09-08 19:59:53,75.2,94.0,117.06930961879436,41.728070175438596,40.0
2437,2021-09-09 01:35:42,2021-09-09 01:54:32,56.4,69.2,116.1957615017361,39.526315789473685,36.921052631578945
2438,2021-09-09 01:54:53,2021-09-09 02:15:23,69.2,83.2,116.6617215277778,40.0,37.0
2439,2021-09-09 02:15:44,2021-09-09 02:34:14,83.6,96.0,119.57214863351251,40.0,37.94642857142857
2440,2021-09-09 17:26:12,2021-09-09 17:45:12,31.6,51.2,113.06901665249431,39.17391304347826,37.947826086956525
2441,2021-09-09 17:45:33,2021-09-09 18:04:03,51.2,70.4,112.3177005208333,41.38392857142857,40.13392857142857
2442,2021-09-09 18:04:24,2021-09-09 18:24:34,70.4,90.4,117.55763187500001,42.60655737704918,41.295081967213115
2443,2021-09-10 12:00:33,2021-09-10 12:19:23,28.0,46.8,117.3530017730497,36.20175438596491,35.20175438596491
2444,2021-09-10 12:19:44,2021-09-10 12:46:54,47.2,75.2,113.79513814484127,39.21341463414634,38.28658536585366
2445,2021-09-10 12:47:15,2021-09-10 13:12:15,75.6,97.6,119.56060416666669,41.0,40.05298013245033
2446,2021-09-12 16:52:28,2021-09-12 17:12:47,9.2,26.8,116.2547556818182,43.0,41.0
2447,2021-09-12 17:13:08,2021-09-12 17:29:48,27.2,42.0,114.6884572072072,43.386138613861384,41.584158415841586
2448,2021-09-12 17:30:09,2021-09-12 17:46:59,42.4,57.2,115.829598536036,44.833333333333336,43.26470588235294
2449,2021-09-12 17:47:20,2021-09-12 18:04:10,57.2,72.0,115.78548808183187,46.51960784313726,44.73529411764706
2450,2021-09-13 01:41:44,2021-09-13 02:03:44,24.4,43.6,114.31279412615743,43.18796992481203,40.526315789473685
2451,2021-09-13 02:04:05,2021-09-13 02:26:05,43.6,62.8,114.31641051793981,44.57142857142857,42.11278195488722
2452,2021-09-13 02:26:26,2021-09-13 02:47:16,63.2,81.2,115.42902870370368,46.0,43.0
2453,2021-09-13 02:47:37,2021-09-13 03:10:27,81.6,97.6,122.06599748263886,46.0,43.0
2454,2021-09-13 14:54:57,2021-09-13 15:16:37,33.2,52.4,113.29067947048614,39.57251908396947,38.62595419847328
2455,2021-09-13 15:16:58,2021-09-13 15:41:48,52.4,74.4,113.28284987373733,41.56666666666667,40.593333333333334
2456,2021-09-13 15:42:09,2021-09-13 16:07:38,74.4,96.0,116.98273043338483,42.5974025974026,41.34415584415584
2457,2021-09-14 12:22:02,2021-09-14 12:40:12,16.0,32.8,107.97122073412702,33.04545454545455,32.07272727272727
2458,2021-09-14 12:40:33,2021-09-14 12:59:23,33.2,49.2,117.59287039930557,34.49122807017544,33.50877192982456
2459,2021-09-14 12:59:44,2021-09-14 13:19:04,49.6,66.0,117.7633684789973,36.666666666666664,35.52991452991453
2460,2021-09-14 13:19:25,2021-09-14 13:39:35,66.4,83.6,117.18264849806211,38.09836065573771,36.959016393442624
2461,2021-09-15 10:20:47,2021-09-15 10:39:07,25.6,41.6,114.44095798611113,35.369369369369366,34.27927927927928
2462,2021-09-15 10:39:28,2021-09-15 10:58:58,42.0,58.8,115.90772172619043,37.07627118644068,35.889830508474574
2463,2021-09-15 10:59:19,2021-09-15 11:22:09,59.2,79.2,113.99859430555557,38.77536231884058,37.492753623188406
2464,2021-09-15 11:22:30,2021-09-15 11:43:10,79.2,96.0,118.669802744709,39.448,38.0
2465,2021-09-15 17:17:52,2021-09-15 18:21:25,37.6,97.6,117.21448761805556,42.142557651991616,40.312368972746334
2466,2021-09-16 13:17:33,2021-09-16 14:36:19,7.2,85.2,116.1317411823362,42.159052453468696,40.14382402707276
2467,2021-09-16 19:25:50,2021-09-16 20:06:03,52.4,92.4,117.74200674652778,40.34323432343234,37.5973597359736
2468,2021-09-18 10:51:19,2021-09-18 11:22:03,38.0,58.4,113.6646348583878,35.04838709677419,33.924731182795696
2469,2021-09-18 11:22:24,2021-09-18 11:43:44,58.8,72.0,117.75989667508415,36.93798449612403,35.82170542635659
2470,2021-09-18 17:06:15,2021-09-18 18:38:59,6.0,94.4,117.18533360671192,43.73419540229885,42.56752873563219
2471,2021-09-19 15:10:19,2021-09-19 15:39:19,14.8,39.6,116.49084890232974,39.16,37.354285714285716
2472,2021-09-19 15:39:40,2021-09-19 16:07:00,40.0,63.6,115.32194367937856,41.42424242424242,39.96363636363636
2473,2021-09-19 16:07:21,2021-09-19 16:33:51,64.0,86.4,117.90926463293654,43.23125,41.99375
2474,2021-09-19 18:52:51,2021-09-19 19:11:51,65.2,80.8,115.87340918803423,43.0,41.017391304347825
2475,2021-09-19 19:12:12,2021-09-19 19:30:02,81.2,94.8,120.46365655637261,43.583333333333336,41.99074074074074
2476,2021-09-20 05:33:28,2021-09-20 05:51:28,28.4,44.0,115.81909054487178,34.58715596330275,32.76146788990825
2477,2021-09-20 05:51:49,2021-09-20 06:10:39,44.0,60.8,112.64881423611112,36.48245614035088,34.51754385964912
2478,2021-09-20 06:11:00,2021-09-20 06:28:00,61.2,75.6,118.55903780864206,37.95145631067961,35.980582524271846
2479,2021-09-20 14:10:37,2021-09-20 14:29:17,28.4,44.4,117.01302899305557,36.796460176991154,35.45132743362832
2480,2021-09-20 14:45:39,2021-09-20 15:02:49,58.8,74.0,113.25566429093566,39.97115384615385,38.50961538461539
2481,2021-09-20 15:03:10,2021-09-20 15:20:10,74.0,88.4,118.38542206790119,41.0,39.0
2482,2021-09-21 00:06:47,2021-09-21 00:54:39,45.600002,93.6,116.46390049618107,37.82222222222222,36.361111111111114
2483,2021-09-21 03:41:07,2021-09-21 04:03:27,49.2,68.8,115.41953344671208,38.48148148148148,35.577777777777776
2484,2021-09-21 04:03:48,2021-09-21 04:25:28,69.2,87.6,119.32974094202906,39.0,36.0
2485,2021-09-21 19:06:18,2021-09-21 20:15:11,23.2,92.4,116.0842190831728,38.970986460348165,36.79883945841393
2486,2021-09-22 03:08:25,2021-09-22 04:20:53,11.6,84.4,116.17113890415138,39.11580882352941,37.080882352941174
2487,2021-09-22 05:35:21,2021-09-22 05:59:15,76.4,97.6,119.665559735325,40.96666666666667,37.99444444444445
2488,2021-09-22 13:45:35,2021-09-22 14:36:28,40.8,92.0,115.83629483778213,40.03655352480418,38.718015665796344
2489,2021-09-22 18:28:20,2021-09-22 19:01:09,59.6,92.4,116.78329295816397,42.11336032388664,40.51821862348178
2490,2021-09-23 00:09:28,2021-09-23 01:13:04,28.0,92.0,115.89496531944444,41.52301255230125,39.0418410041841
2491,2021-09-23 07:47:06,2021-09-23 08:13:46,26.0,53.2,114.4500683721405,37.70807453416149,35.024844720496894
2492,2021-09-23 08:14:07,2021-09-23 08:40:47,53.2,80.4,114.50368872549018,40.54037267080745,38.04347826086956
2493,2021-09-23 08:41:08,2021-09-23 09:00:58,80.8,97.6,120.8151579861111,41.84166666666667,39.0
2494,2021-09-23 17:04:58,2021-09-23 17:37:16,66.8,94.4,117.28649153079704,37.16326530612245,35.19387755102041
2495,2021-09-24 02:48:25,2021-09-24 03:15:45,46.0,73.2,115.20580918096405,36.084848484848486,34.163636363636364
2496,2021-09-24 03:16:06,2021-09-24 03:39:06,73.6,95.2,117.65113876028803,37.87769784172662,36.093525179856115
2497,2021-09-24 08:45:17,2021-09-24 09:05:37,62.4,82.4,117.72707965277773,35.91056910569106,33.91056910569106
2498,2021-09-24 09:05:58,2021-09-24 09:23:58,82.8,97.6,119.92117332957959,37.0,35.0
2499,2021-09-24 20:13:11,2021-09-24 20:41:41,20.8,49.6,115.43499064429012,36.56976744186046,34.883720930232556
2500,2021-09-24 20:42:02,2021-09-24 21:08:52,50.0,77.2,115.1174451593137,39.870370370370374,38.24074074074074
2501,2021-09-24 21:09:13,2021-09-24 21:32:23,77.6,97.6,120.992361875,41.535714285714285,39.75
2502,2021-09-25 12:35:27,2021-09-25 13:29:47,44.4,96.8,116.78663814143341,38.15686274509804,36.93872549019608
2503,2021-09-26 10:44:01,2021-09-26 11:03:11,36.0,55.6,114.64357816043088,36.422413793103445,35.189655172413794
2504,2021-09-26 11:03:32,2021-09-26 11:21:42,56.0,74.4,115.72239364432362,38.69090909090909,37.654545454545456
2505,2021-09-26 18:03:10,2021-09-26 19:19:02,25.2,97.6,116.5643081000614,42.68771929824561,40.8421052631579
2506,2021-09-27 16:13:27,2021-09-27 16:30:37,90.4,98.0,121.92617799707608,39.0,38.0
2507,2021-09-28 02:39:04,2021-09-28 03:55:57,23.2,97.6,116.55972165845282,38.63084922010398,37.01733102253033
2508,2021-09-28 09:45:45,2021-09-28 10:52:30,36.4,91.6,116.6896248263889,39.12375249500998,36.786427145708586
2509,2021-09-28 16:31:17,2021-09-28 17:01:37,46.4,73.2,114.50976243781092,39.885245901639344,38.513661202185794
2510,2021-09-28 17:01:58,2021-09-28 17:21:08,73.2,90.0,115.4538916170635,41.0,39.060344827586206
2511,2021-09-29 00:31:22,2021-09-29 01:01:32,24.8,51.2,115.75550589225591,38.32967032967033,36.53846153846154
2512,2021-09-29 01:01:53,2021-09-29 01:32:03,51.6,78.0,115.76602840909096,41.21978021978022,39.2967032967033
2513,2021-09-29 01:32:24,2021-09-29 01:56:24,78.4,97.6,119.944322410301,42.206896551724135,40.172413793103445
2514,2021-09-29 07:03:40,2021-09-29 08:20:58,22.8,97.6,116.49452699049317,40.59655172413793,38.25689655172414
2515,2021-09-29 18:24:35,2021-09-29 18:54:15,14.8,40.8,115.00854252136754,42.167597765363126,40.36871508379888
2516,2021-09-29 18:54:36,2021-09-29 19:22:56,41.2,65.6,117.0514535519126,44.111111111111114,42.6140350877193
2517,2021-09-29 19:23:17,2021-09-29 19:51:17,65.6,89.6,117.58043396990743,46.0,44.0
2518,2021-09-30 01:54:22,2021-09-30 02:12:02,64.4,82.8,115.61974041364739,44.0,41.0
2519,2021-10-01 07:46:19,2021-10-01 08:11:59,52.0,68.4,115.34045096544709,37.41290322580645,35.44516129032258
2520,2021-10-01 08:12:20,2021-10-01 08:35:00,68.8,82.4,118.35377930964044,38.0,36.0
2521,2021-10-01 08:35:21,2021-10-01 08:57:11,82.8,95.2,121.2813734318996,38.0,36.03787878787879
2522,2021-10-01 15:37:41,2021-10-01 16:45:19,32.4,89.2,115.71387046165884,38.42632612966601,36.68958742632613
2523,2021-10-02 18:13:54,2021-10-02 19:08:52,41.2,95.2,116.57832935442387,39.20823244552058,37.66101694915254
2524,2021-10-03 00:11:48,2021-10-03 00:29:58,56.0,74.0,117.53858935185191,38.69090909090909,36.70909090909091
2525,2021-10-03 00:30:19,2021-10-03 00:55:59,74.4,97.6,117.98432962164757,39.87096774193548,37.86451612903226
2526,2021-10-03 15:28:36,2021-10-03 15:45:36,25.2,42.4,115.641166505168,38.87378640776699,37.699029126213595
2527,2021-10-03 16:18:49,2021-10-03 16:35:59,76.0,92.8,119.66437996031749,43.38461538461539,42.0
2528,2021-10-04 03:56:43,2021-10-04 04:24:43,47.2,72.0,113.32997552643371,36.55621301775148,34.50887573964497
2529,2021-10-04 04:25:04,2021-10-04 04:48:34,72.0,92.0,117.90694590277778,37.92253521126761,35.640845070422536
2530,2021-10-04 23:01:27,2021-10-04 23:20:47,48.0,64.8,113.72025074404766,34.743589743589745,33.76923076923077
2531,2021-10-04 23:21:08,2021-10-04 23:40:38,65.2,81.2,115.81685286458332,36.0,35.0
2532,2021-10-05 14:42:06,2021-10-05 15:30:33,32.0,81.2,114.82339848690155,34.59615384615385,33.17032967032967
2533,2021-10-05 21:19:29,2021-10-05 21:38:59,26.4,39.2,116.22072786458331,37.19491525423729,35.41525423728814
2534,2021-10-05 21:39:20,2021-10-05 22:00:20,39.6,53.2,116.21427308006538,38.338582677165356,36.47244094488189
2535,2021-10-05 22:00:41,2021-10-05 22:20:31,53.6,66.4,113.84766569010414,39.458333333333336,37.583333333333336
2536,2021-10-05 22:20:52,2021-10-05 22:40:32,66.4,78.4,116.75002152777776,40.0,38.0
2537,2021-10-05 22:40:53,2021-10-05 22:58:08,78.8,88.8,119.83390647222222,40.0,38.0
2538,2021-10-07 01:05:01,2021-10-07 01:21:51,24.0,41.2,114.45576542312664,35.26470588235294,34.42156862745098
2539,2021-10-07 01:22:12,2021-10-07 01:50:32,41.2,70.4,113.62445509893455,38.08187134502924,37.22222222222222
2540,2021-10-07 01:50:53,2021-10-07 02:16:43,70.8,95.6,117.29896398969537,40.36538461538461,39.1474358974359
2541,2021-10-08 00:35:23,2021-10-08 01:51:15,19.2,94.8,116.35626388594946,38.51929824561404,37.545614035087716
2542,2021-10-08 07:42:20,2021-10-08 08:01:20,52.8,72.4,113.2483117205215,39.61739130434783,36.56521739130435
2543,2021-10-08 08:01:41,2021-10-08 08:20:11,72.4,90.8,117.50907367149767,40.99107142857143,37.49107142857143
2544,2021-10-08 19:04:22,2021-10-08 19:33:02,36.4,62.0,112.35244921874998,31.38150289017341,29.271676300578033
2545,2021-10-08 19:33:23,2021-10-08 20:05:33,62.0,90.0,115.26886894841273,33.850515463917525,31.72680412371134
2546,2021-10-09 03:50:28,2021-10-09 04:08:18,58.4,76.4,115.35725763888887,31.453703703703702,28.98148148148148
2547,2021-10-09 04:08:39,2021-10-09 04:26:29,76.8,94.0,117.80039518733854,32.53703703703704,30.15740740740741
2548,2021-10-09 09:46:24,2021-10-09 10:03:04,54.4,68.8,114.83507532793209,31.514851485148515,28.84158415841584
2549,2021-10-09 10:03:25,2021-10-09 10:20:45,68.8,83.6,116.20214573948951,32.46666666666667,30.0
2550,2021-10-09 10:21:06,2021-10-09 10:38:56,84.0,97.6,117.71854728349678,33.0,30.814814814814813
2551,2021-10-09 23:38:27,2021-10-10 00:08:47,9.2,36.0,114.9046368159204,31.256830601092897,29.229508196721312
2552,2021-10-10 00:09:08,2021-10-10 00:41:28,36.4,64.8,115.59711057316117,33.825641025641026,31.76923076923077
2553,2021-10-10 00:41:49,2021-10-10 01:08:19,65.2,88.0,117.98488206627684,36.23125,33.9875
2554,2021-10-10 14:55:23,2021-10-10 15:46:46,49.2,97.6,117.28358480831041,33.354922279792746,31.844559585492227
2555,2021-10-12 13:00:11,2021-10-12 14:17:57,22.4,97.6,115.93516055333927,33.095726495726495,31.97094017094017
2556,2021-10-12 21:07:26,2021-10-12 21:34:56,21.2,45.6,114.12286606329691,34.144578313253014,31.765060240963855
2557,2021-10-12 21:35:17,2021-10-12 22:07:57,46.0,74.4,116.48770124217525,36.79187817258883,34.35532994923858
2558,2021-10-12 22:08:18,2021-10-12 22:37:18,74.8,97.6,120.88026066033144,38.04,35.89142857142857
2559,2021-10-14 08:10:58,2021-10-14 08:33:28,24.8,44.4,114.65205477607712,26.183823529411764,25.566176470588236
2560,2021-10-14 08:33:49,2021-10-14 09:02:09,44.4,69.6,112.28558923059965,29.064327485380115,28.29824561403509
2561,2021-10-14 09:02:30,2021-10-14 09:27:00,70.0,90.8,117.73570519497866,30.925675675675677,30.135135135135137
2562,2021-10-14 16:03:39,2021-10-14 16:24:49,52.0,59.6,120.20646509502915,35.0859375,34.0
2563,2021-10-14 16:25:10,2021-10-14 16:56:00,60.0,71.2,118.75245957341265,35.715053763440864,34.0
2564,2021-10-14 16:56:21,2021-10-14 17:24:01,71.6,81.6,119.28749597222219,35.16766467065868,34.0
2565,2021-10-16 10:12:45,2021-10-16 11:52:29,16.4,97.6,118.12932433771212,28.252336448598133,27.60614152202937
2566,2021-10-16 19:30:58,2021-10-16 19:48:58,48.0,66.4,113.66698746980677,32.027522935779814,30.486238532110093
2567,2021-10-16 19:49:19,2021-10-16 20:06:59,66.8,84.0,119.37421519702845,33.654205607476634,32.0
2568,2021-10-17 18:55:27,2021-10-17 19:12:37,23.2,40.8,114.0467312184344,30.625,29.528846153846153
2569,2021-10-17 19:12:58,2021-10-17 19:32:18,40.8,60.8,113.01528993055558,32.92307692307692,31.88034188034188
2570,2021-10-17 19:32:39,2021-10-17 19:51:09,61.2,79.6,117.58304695048322,35.19642857142857,33.830357142857146
2571,2021-10-18 19:58:38,2021-10-18 20:28:48,24.0,50.8,113.94797854477612,29.043956043956044,27.54945054945055
2572,2021-10-18 20:29:09,2021-10-18 20:47:14,50.8,66.8,110.81121111111109,31.636363636363637,30.327272727272728
2573,2021-10-18 20:47:35,2021-10-18 21:15:55,66.8,89.6,116.50464242202732,33.0,31.75438596491228
2574,2021-10-19 06:14:37,2021-10-19 07:06:46,37.6,90.0,116.2148890134648,31.520408163265305,29.068877551020407
2575,2021-10-19 17:17:47,2021-10-19 17:35:37,38.0,50.0,114.65047511574076,34.56481481481482,33.398148148148145
2576,2021-10-19 17:35:58,2021-10-19 17:54:58,50.4,62.8,115.87814381720428,35.69565217391305,34.51304347826087
2577,2021-10-19 17:55:19,2021-10-19 18:14:49,63.2,75.6,115.2117051971327,36.847457627118644,35.0
2578,2021-10-19 18:15:10,2021-10-19 18:33:00,75.6,86.4,117.74821952160484,37.0,35.05555555555556
2579,2021-10-20 01:21:41,2021-10-20 01:46:51,29.2,51.2,114.93311565656568,35.723684210526315,33.401315789473685
2580,2021-10-20 01:47:12,2021-10-20 02:14:02,51.6,74.8,116.23686685823759,38.129629629629626,35.666666666666664
2581,2021-10-20 02:14:23,2021-10-20 02:42:23,75.2,97.6,119.18715966021833,39.0,36.857988165680474
2582,2021-10-20 12:33:49,2021-10-20 12:50:49,55.2,69.6,117.19619241898151,34.067961165048544,32.70873786407767
2583,2021-10-20 12:51:10,2021-10-20 13:20:10,70.0,94.4,117.67419985200365,35.05142857142857,33.691428571428574
2584,2021-10-20 23:51:03,2021-10-21 00:13:33,24.8,44.4,116.495174744898,33.39705882352941,31.455882352941178
2585,2021-10-21 00:13:54,2021-10-21 00:36:24,44.4,64.4,114.12847118055555,35.455882352941174,33.404411764705884
2586,2021-10-21 00:36:45,2021-10-21 00:57:25,64.8,82.8,116.49613634259259,37.0,34.776
2587,2021-10-21 00:57:46,2021-10-21 01:16:36,83.2,97.6,120.67901707175935,37.70175438596491,35.0
2588,2021-10-21 11:39:15,2021-10-21 12:08:35,59.6,84.8,116.38007054673724,30.333333333333332,27.661016949152543
2589,2021-10-21 12:08:56,2021-10-21 12:26:06,84.8,97.6,117.92536881510425,31.0,28.846153846153847
2590,2021-10-21 23:29:47,2021-10-21 23:49:57,36.4,54.0,113.68137728851013,25.270491803278688,22.84426229508197
2591,2021-10-21 23:50:18,2021-10-22 00:10:18,54.0,71.6,113.21815009469702,27.363636363636363,24.793388429752067
2592,2021-10-22 00:10:39,2021-10-22 00:33:39,72.0,91.6,116.95085749716559,28.46043165467626,26.050359712230215
2593,2021-10-22 19:58:23,2021-10-22 20:21:43,41.6,62.4,112.55343750000002,23.886524822695037,23.02836879432624
2594,2021-10-22 20:22:04,2021-10-22 20:52:24,62.8,89.2,115.31147001262624,26.453551912568305,25.562841530054644
2595,2021-10-23 15:39:50,2021-10-23 15:58:10,54.4,72.8,115.90884812801934,28.666666666666668,27.576576576576578
2596,2021-10-24 00:30:42,2021-10-24 00:57:32,16.0,39.2,115.45197838840993,27.22222222222222,25.395061728395063
2597,2021-10-24 00:57:53,2021-10-24 01:24:13,39.6,62.4,115.40569261695907,29.471698113207548,27.90566037735849
2598,2021-10-24 01:24:34,2021-10-24 01:52:54,62.4,86.4,117.96874131944439,31.748538011695906,29.87719298245614
2599,2021-10-24 14:32:48,2021-10-24 14:49:38,68.8,85.2,119.75101642953925,30.49019607843137,29.264705882352942
2600,2021-10-24 20:13:20,2021-10-24 20:52:41,30.0,64.8,113.54903800287362,35.38655462184874,33.0672268907563
2601,2021-10-24 20:53:02,2021-10-24 21:21:42,64.8,89.6,116.00584655017923,37.872832369942195,35.0
2602,2021-10-25 03:29:56,2021-10-25 03:55:56,45.2,68.0,114.02534015594543,31.095541401273884,27.11464968152866
2603,2021-10-25 03:56:17,2021-10-25 04:23:17,68.0,91.2,116.41283860153256,32.49693251533742,28.858895705521473
2604,2021-10-25 10:25:29,2021-10-25 10:54:29,68.4,95.2,118.9521290422886,30.34857142857143,28.034285714285716
2605,2021-10-25 20:22:33,2021-10-25 20:54:13,33.2,60.8,114.62659953703707,32.2565445026178,30.329842931937172
2606,2021-10-25 20:54:34,2021-10-25 21:28:14,61.2,90.0,116.80313478973767,34.689655172413794,32.57142857142857
2607,2021-10-26 06:21:52,2021-10-26 06:45:32,22.0,42.4,115.38264460784316,27.51048951048951,25.517482517482517
2608,2021-10-26 06:45:53,2021-10-26 07:17:43,42.4,70.4,113.13295674603172,30.369791666666668,28.458333333333332
2609,2021-10-26 07:18:04,2021-10-26 07:36:34,70.8,86.4,118.04311556267801,32.0,30.008928571428573
2610,2021-10-26 22:27:37,2021-10-26 22:52:17,32.4,61.2,115.87336665702159,32.95973154362416,31.79194630872483
2611,2021-10-26 22:52:38,2021-10-26 23:22:28,61.6,91.6,115.92176731481484,36.022222222222226,34.65
2612,2021-10-27 04:05:48,2021-10-27 04:32:28,64.0,86.8,115.96673799951269,33.732919254658384,30.86335403726708
2613,2021-10-27 17:14:48,2021-10-27 17:40:17,33.6,55.6,114.73559281565655,35.10322580645161,33.79354838709678
2614,2021-10-28 14:38:03,2021-10-28 14:57:23,37.2,57.2,113.33264881944447,34.14529914529915,33.07692307692308
2615,2021-10-28 14:57:44,2021-10-28 15:16:14,57.6,76.4,115.3516712470449,36.598214285714285,35.330357142857146
2616,2021-10-28 15:16:35,2021-10-28 15:37:35,76.8,96.0,118.85055475983796,37.669291338582674,36.06299212598425
2617,2021-10-29 01:31:13,2021-10-29 02:39:10,21.6,90.0,115.90739183317086,34.8235294117647,33.11372549019608
2618,2021-10-29 07:27:57,2021-10-29 07:47:07,48.4,68.0,114.1149404053288,34.793103448275865,32.11206896551724
2619,2021-10-29 07:47:28,2021-10-29 08:06:28,68.4,87.2,117.94622133569743,36.23478260869565,33.469565217391306
2620,2021-10-29 14:49:52,2021-10-29 15:16:58,73.2,97.6,118.46591375796909,34.004901960784316,32.779411764705884
2621,2021-10-29 22:22:39,2021-10-29 23:23:55,32.0,93.6,115.77462932449495,36.42391304347826,34.53913043478261
2622,2021-10-30 06:51:12,2021-10-30 07:55:57,35.6,97.6,116.44191879704304,32.15637860082305,29.296296296296298
2623,2021-10-30 15:04:09,2021-10-30 15:57:17,47.6,90.8,117.27351342592594,29.040100250626566,26.586466165413533
2624,2021-10-31 21:08:59,2021-10-31 21:26:19,36.8,51.6,116.32789846096092,30.457142857142856,29.314285714285713
2625,2021-11-01 14:59:03,2021-11-01 15:16:53,20.4,38.0,118.29704135101007,31.25,30.203703703703702
2626,2021-11-01 15:17:14,2021-11-01 15:34:54,38.4,56.0,117.18198169191922,33.03738317757009,31.953271028037385
2627,2021-11-01 15:35:15,2021-11-01 15:53:45,56.4,74.8,117.34526637983093,35.30357142857143,33.964285714285715
2628,2021-11-01 19:19:19,2021-11-01 19:47:29,68.8,95.6,116.91593190298511,35.8,33.411764705882355
2629,2021-11-02 03:20:23,2021-11-02 03:37:23,46.0,56.8,117.40228716563792,29.45631067961165,27.203883495145632
2630,2021-11-02 03:37:44,2021-11-02 03:56:24,57.2,68.8,116.74451221264374,30.539823008849556,28.0
2631,2021-11-02 03:56:45,2021-11-02 04:17:45,68.8,81.6,115.46659624565972,31.0,28.976377952755904
2632,2021-11-03 05:19:13,2021-11-03 05:39:03,30.8,50.8,115.8958448611112,30.433333333333334,29.725
2633,2021-11-03 05:39:24,2021-11-03 05:58:44,51.2,70.8,115.27991652494333,33.136752136752136,32.31623931623932
2634,2021-11-03 05:59:05,2021-11-03 06:19:15,71.2,91.2,117.83959437500002,34.68852459016394,33.868852459016395
2635,2021-11-04 20:41:45,2021-11-04 21:42:37,36.4,96.0,116.50233863255035,33.75054704595186,32.88402625820569
2636,2021-11-05 01:52:53,2021-11-05 02:12:53,61.2,81.2,116.96668333333331,35.603305785123965,33.00826446280992
2637,2021-11-05 06:45:07,2021-11-05 07:50:06,35.2,97.6,116.87033276130703,36.278688524590166,33.46311475409836
2638,2021-11-05 17:23:32,2021-11-05 18:32:57,16.4,86.4,115.85590429563493,37.30902111324376,35.56813819577735
2639,2021-11-06 00:51:31,2021-11-06 01:13:41,43.6,66.0,114.80408358134919,34.93283582089552,32.56716417910448
2640,2021-11-06 01:14:02,2021-11-06 01:35:12,66.4,87.2,118.06291733440177,36.7890625,34.2890625
2641,2021-11-06 08:06:35,2021-11-06 08:29:55,69.6,88.4,116.26848130910157,32.05673758865248,29.98581560283688
2642,2021-11-06 17:02:02,2021-11-06 18:14:00,32.0,91.6,116.14917777544743,36.81481481481482,35.324074074074076
2643,2021-11-07 01:47:57,2021-11-07 02:06:57,60.4,76.8,115.60467225609754,36.82608695652174,34.46086956521739
2644,2021-11-07 02:07:18,2021-11-07 02:25:58,76.8,92.8,116.40972152777778,37.1858407079646,35.0
2645,2021-11-07 14:41:36,2021-11-07 14:58:16,36.4,53.2,115.563812334656,34.24752475247525,32.71287128712871
2646,2021-11-07 14:58:37,2021-11-07 15:15:47,53.6,70.8,116.26613695090435,36.52884615384615,34.68269230769231
2647,2021-11-08 01:00:14,2021-11-08 01:21:54,27.2,48.8,117.33219264403294,30.251908396946565,27.076335877862597
2648,2021-11-08 01:22:15,2021-11-08 01:41:25,49.2,68.8,114.41469912131524,32.689655172413794,29.448275862068964
2649,2021-11-08 01:41:46,2021-11-08 02:02:36,69.2,90.0,117.2008727297009,34.0,30.72222222222222
2650,2021-11-08 06:28:26,2021-11-08 06:46:26,65.2,76.4,114.14436470734124,27.0,21.862385321100916
2651,2021-11-08 06:46:47,2021-11-08 07:05:47,76.4,87.6,117.42561111111127,27.0,22.0
2652,2021-11-08 07:06:08,2021-11-08 07:23:28,88.0,97.6,121.78821469907413,27.0,22.0
2653,2021-11-08 19:20:20,2021-11-08 20:38:28,22.4,98.0,115.27683409024105,26.61839863713799,25.420783645655877
2654,2021-11-09 13:18:32,2021-11-09 13:47:52,52.0,63.2,112.61913492063489,20.62146892655367,19.836158192090394
2655,2021-11-09 13:48:13,2021-11-09 14:17:03,63.2,74.0,114.79947170781895,21.919540229885058,21.0
2656,2021-11-09 21:18:05,2021-11-09 21:39:15,23.2,41.6,117.19506023550727,25.3515625,24.046875
2657,2021-11-09 21:39:36,2021-11-09 21:59:36,42.0,59.6,113.34044807449493,27.31404958677686,26.107438016528924
2658,2021-11-09 21:59:57,2021-11-09 22:19:07,59.6,76.0,112.42040650406508,29.344827586206897,27.775862068965516
2659,2021-11-09 22:19:28,2021-11-09 22:40:38,76.0,92.8,116.79399454365087,30.0,28.1875
2660,2021-11-10 15:10:04,2021-11-10 15:26:44,32.8,49.6,116.08137012235449,26.762376237623762,25.633663366336634
2661,2021-11-10 15:27:05,2021-11-10 15:45:15,50.0,68.8,113.10433510638305,29.418181818181818,28.227272727272727
2662,2021-11-10 22:35:47,2021-11-10 23:26:44,44.0,94.4,116.23717965828924,30.088541666666668,28.078125
2663,2021-11-11 07:03:38,2021-11-11 07:22:58,42.0,55.6,114.94384221813722,24.521367521367523,22.435897435897434
2664,2021-11-11 07:23:19,2021-11-11 07:43:19,55.6,69.6,114.89684365079371,25.983471074380166,23.950413223140497
2665,2021-11-11 07:53:59,2021-11-11 08:13:19,77.2,90.4,119.61701430976429,27.0,25.0
2666,2021-11-11 22:58:46,2021-11-11 23:15:16,18.0,32.4,114.44057214506174,28.13,26.19
2667,2021-11-11 23:32:18,2021-11-11 23:49:18,47.2,61.6,117.97452893518525,31.038834951456312,29.16504854368932
2668,2021-11-11 23:49:39,2021-11-12 00:07:49,62.0,77.2,119.43164345760233,32.736363636363635,30.754545454545454
2669,2021-11-12 00:08:10,2021-11-12 00:25:20,77.2,91.6,119.21296296296305,33.63461538461539,31.41346153846154
2670,2021-11-12 06:06:55,2021-11-12 06:35:14,26.4,51.6,113.88256143628746,29.91860465116279,26.36046511627907
2671,2021-11-12 06:35:35,2021-11-12 06:55:05,51.6,68.4,113.79382671957676,32.16949152542373,28.694915254237287
2672,2021-11-12 06:55:26,2021-11-12 07:13:56,68.8,84.0,114.91960032894737,33.0,30.0
2673,2021-11-12 07:14:17,2021-11-12 07:32:17,84.0,97.2,118.71844023569021,33.137614678899084,30.0
2674,2021-11-12 13:30:07,2021-11-12 13:48:54,44.0,56.4,114.7061084901434,30.12280701754386,28.219298245614034
2675,2021-11-12 13:49:15,2021-11-12 14:20:05,56.4,76.0,114.73571053004534,31.532258064516128,29.473118279569892
2676,2021-11-12 14:20:26,2021-11-12 14:49:56,76.0,93.6,117.03126720328285,32.0,30.0
2677,2021-11-12 21:24:28,2021-11-12 21:43:38,69.2,88.4,115.5808687065972,29.03448275862069,27.060344827586206
2678,2021-11-13 07:35:09,2021-11-13 08:01:59,39.6,66.8,114.6487140522876,26.604938271604937,24.876543209876544
2679,2021-11-13 13:52:50,2021-11-13 14:10:40,41.2,59.2,115.65046867283952,29.083333333333332,28.11111111111111
2680,2021-11-13 14:11:01,2021-11-13 14:28:51,59.6,77.6,115.63426527777784,31.5,30.435185185185187
2681,2021-11-13 19:50:23,2021-11-13 20:17:53,46.0,73.6,116.43831692834141,31.719806763285025,29.71014492753623
2682,2021-11-14 02:26:20,2021-11-14 02:45:20,37.6,57.2,113.39641716269841,30.017391304347825,27.16521739130435
2683,2021-11-14 02:45:41,2021-11-14 03:02:51,57.6,75.2,114.07908751578289,32.31730769230769,29.60576923076923
2684,2021-11-14 13:46:34,2021-11-14 15:17:03,16.8,93.2,115.68911209824024,30.80117820324006,29.564064801178205
2685,2021-11-15 10:41:37,2021-11-15 10:58:27,44.0,58.8,113.9724130067568,26.69607843137255,25.686274509803923
2686,2021-11-15 11:14:49,2021-11-15 11:31:29,73.2,87.6,116.03106568287045,29.415841584158414,28.455445544554454
2687,2021-11-15 18:02:24,2021-11-15 18:58:44,44.8,97.6,117.26467816971802,31.54373522458629,29.89125295508274
