cycle_num,time_s,time_e,SOC_s,SOC_e,charge_capacity,Tmax,Tmin
1,2019-07-23 08:51:50,2019-07-23 09:21:03,50.0,75.2,135.64530151014108,31.45909090909091,30.322727272727274
2,2019-07-23 09:30:40,2019-07-23 09:45:04,75.6,89.6,116.30874730158732,32.74311926605505,31.55045871559633
3,2019-07-23 11:06:27,2019-07-23 11:39:01,89.6,99.6,151.19642493055557,32.93061224489796,31.0
4,2019-07-26 04:25:40,2019-07-26 06:30:10,24.0,98.8,133.39700948083782,37.59871931696905,35.67235859124867
5,2019-07-26 18:20:51,2019-07-26 19:37:02,18.0,67.2,134.50431675135502,41.81643356643357,39.85839160839161
6,2019-07-26 19:53:51,2019-07-26 20:33:45,67.6,92.8,135.8770613811728,43.0,40.96666666666667
7,2019-07-27 03:19:32,2019-07-27 03:49:50,43.6,58.4,133.41557466216221,38.925438596491226,35.916666666666664
8,2019-07-27 23:25:41,2019-07-27 23:40:06,74.0,86.4,136.08380647401427,42.0,40.091743119266056
9,2019-07-28 14:52:14,2019-07-28 16:00:01,33.6,66.8,133.0486451388889,38.58939096267191,37.153241650294696
10,2019-07-28 22:50:24,2019-07-28 23:54:10,18.0,75.2,133.2932716516123,39.26722338204593,37.34237995824635
11,2019-07-29 00:00:02,2019-07-29 00:13:39,80.4,91.2,132.72995859053503,42.0,40.0
12,2019-07-29 23:29:17,2019-07-29 23:54:57,16.0,40.0,133.98937060185185,33.57216494845361,31.829896907216494
13,2019-07-29 23:59:53,2019-07-30 01:18:02,44.4,99.6,135.27015112721418,38.311754684838164,36.442930153321974
14,2019-07-30 23:15:57,2019-07-30 23:53:51,18.4,53.6,132.98281279987373,37.242105263157896,35.67719298245614
15,2019-07-30 23:59:51,2019-07-31 00:31:12,59.2,87.6,136.20443979851336,41.03389830508475,39.3728813559322
16,2019-07-31 06:13:42,2019-07-31 07:10:40,67.6,99.6,138.91290227864584,37.35514018691589,34.84345794392523
17,2019-08-01 00:46:27,2019-08-01 02:03:21,23.6,90.0,134.00563644578313,33.8598615916955,32.0
18,2019-08-01 14:54:14,2019-08-01 16:26:01,33.6,99.2,134.0819830284553,33.65021770682148,31.014513788098693
19,2019-08-02 04:12:27,2019-08-02 09:01:30,8.0,99.6,135.22697344432316,31.34516129032258,29.11935483870968
20,2019-08-02 21:09:09,2019-08-02 23:20:58,38.4,75.6,133.14242903524496,32.70273003033367,30.843276036400404
21,2019-08-03 19:25:23,2019-08-03 21:35:31,15.6,88.8,133.63102537947782,32.68474923234391,31.326509723643806
22,2019-08-04 02:26:02,2019-08-04 03:23:33,41.2,73.6,133.08247602880664,34.648148148148145,32.298611111111114
23,2019-08-04 16:55:43,2019-08-04 20:52:48,13.6,80.8,132.3369331597222,37.39775280898876,36.157303370786515
24,2019-08-05 13:17:58,2019-08-05 14:47:55,32.0,82.8,133.0690911909449,36.251479289940825,34.32396449704142
25,2019-08-06 01:44:22,2019-08-06 03:47:55,8.0,77.2,134.2037468408799,40.3764832793959,37.996763754045304
26,2019-08-06 11:30:09,2019-08-06 12:58:05,39.6,99.6,137.13396348148152,40.46212121212121,38.85606060606061
27,2019-08-06 22:54:43,2019-08-06 23:59:01,40.4,94.0,134.00357460095356,40.15527950310559,37.94409937888199
28,2019-08-07 13:29:18,2019-08-07 15:05:01,36.4,90.0,134.35253805451904,39.24061196105702,37.77190542420028
29,2019-08-07 21:09:34,2019-08-07 23:06:27,36.4,99.6,136.37652108386078,41.87571265678449,38.96921322690992
30,2019-08-08 03:55:33,2019-08-08 04:36:25,64.8,97.2,134.39781783264743,38.71335504885994,35.6514657980456
31,2019-08-08 04:40:49,2019-08-08 04:57:46,97.2,99.6,189.31942951388956,39.0,36.0
32,2019-08-08 16:24:15,2019-08-08 20:51:04,15.6,99.6,135.5887568150794,42.00899550224887,40.051974012993504
33,2019-08-09 04:28:29,2019-08-09 06:25:54,43.6,98.8,135.09938331873997,39.79795686719637,36.953461975028375
34,2019-08-09 23:00:31,2019-08-09 23:54:26,29.6,79.2,134.5008653225806,42.264197530864195,40.187654320987654
35,2019-08-09 23:59:54,2019-08-10 00:37:47,84.4,99.6,145.9681645650586,43.6,40.90877192982456
36,2019-08-10 11:55:30,2019-08-10 14:12:55,29.6,99.6,135.59939794047622,42.0184287099903,40.65955383123181
37,2019-08-11 00:39:45,2019-08-11 02:24:05,23.2,75.6,131.780724802799,39.08684546615581,36.77139208173691
38,2019-08-11 06:08:22,2019-08-11 07:57:22,47.2,98.8,134.64317380275628,38.914425427872864,35.92053789731052
39,2019-08-12 00:55:37,2019-08-12 02:51:42,11.6,99.6,135.19237756313132,41.3134328358209,38.330654420206656
40,2019-08-13 08:45:58,2019-08-13 10:49:03,29.6,99.6,133.04204811706347,33.73081081081081,32.611891891891894
41,2019-08-14 02:00:51,2019-08-14 04:48:33,8.8,90.4,134.61260923202616,39.26232114467408,36.629570747217805
42,2019-08-14 19:49:05,2019-08-14 21:11:49,26.0,66.4,132.76921779427943,40.06602254428341,37.370370370370374
43,2019-08-14 23:23:50,2019-08-14 23:53:51,50.8,78.4,134.49257086352654,40.73893805309734,38.58849557522124
44,2019-08-14 23:59:51,2019-08-15 00:39:05,84.0,99.6,146.8629360933049,42.0,40.0
45,2019-08-15 06:16:05,2019-08-15 07:35:12,51.2,95.6,133.62324852352353,36.02020202020202,32.47811447811448
46,2019-08-15 19:23:15,2019-08-15 22:20:38,6.8,99.6,134.79505101472702,39.07432432432432,36.82657657657658
47,2019-08-16 10:41:58,2019-08-16 12:53:58,27.6,99.6,136.2819560320216,38.21796165489405,36.7941473259334
48,2019-08-17 14:19:48,2019-08-17 16:54:50,12.4,99.6,133.5811211248089,34.67325881341358,33.37059329320722
49,2019-08-18 17:27:21,2019-08-18 19:09:57,45.2,99.6,135.88069394914223,33.518181818181816,32.22077922077922
50,2019-08-19 04:41:23,2019-08-19 07:24:41,14.4,99.6,133.53210980046953,37.14530612244898,34.66040816326531
51,2019-08-19 16:48:02,2019-08-19 18:05:57,37.6,76.4,132.94816772623136,37.712820512820514,35.94871794871795
52,2019-08-20 02:14:33,2019-08-20 04:33:56,29.6,99.6,135.7453929325397,36.49665711556829,34.19102196752627
53,2019-08-21 02:48:01,2019-08-21 05:01:11,27.2,98.8,133.51807100403477,36.01501501501502,33.85485485485486
54,2019-08-21 15:40:44,2019-08-21 18:47:15,19.6,80.8,132.49412755537404,39.42877492877493,37.55555555555556
55,2019-08-22 01:45:22,2019-08-22 04:28:01,16.0,99.6,134.66968128654977,40.015573770491805,37.92213114754098
56,2019-08-22 17:26:34,2019-08-22 20:00:08,16.8,99.2,133.60544576591153,42.1328125,40.27430555555556
57,2019-08-23 02:31:24,2019-08-23 04:00:16,39.2,89.2,133.81891862222227,40.916041979010494,37.92203898050975
58,2019-08-23 14:55:50,2019-08-23 17:51:41,19.2,99.6,133.76314289835548,37.47536012130402,35.19636087945413
59,2019-08-24 04:46:27,2019-08-24 07:06:01,19.6,97.6,132.64725146011392,36.1098376313276,33.97516714422159
60,2019-08-24 17:15:40,2019-08-24 18:59:51,30.4,89.2,132.9594993031935,42.584398976982094,40.98849104859335
61,2019-08-25 14:21:38,2019-08-25 16:40:48,23.2,99.6,134.30775719531704,36.842911877394634,35.3419540229885
62,2019-08-26 05:15:02,2019-08-26 07:36:06,21.6,99.6,135.26841836004274,33.64716981132076,31.095283018867924
63,2019-08-26 20:42:22,2019-08-26 22:57:16,31.6,99.6,134.84423784313725,35.6294466403162,33.44960474308301
64,2019-08-27 10:46:45,2019-08-27 12:57:40,33.6,99.6,135.24834955808083,34.7293997965412,32.38758901322482
65,2019-08-27 19:21:52,2019-08-27 20:42:43,46.0,99.6,136.18732983260782,40.44316309719934,38.20593080724876
66,2019-08-28 15:25:12,2019-08-28 16:36:53,21.2,62.4,130.4985174217907,41.00922509225092,38.87638376383764
67,2019-08-28 16:38:43,2019-08-28 17:29:49,61.6,90.0,134.94997128814558,42.97680412371134,41.0
68,2019-08-29 00:13:30,2019-08-29 01:26:29,46.8,98.8,134.97062633547012,41.56751824817518,39.30474452554745
69,2019-08-29 16:40:12,2019-08-29 18:22:40,28.0,99.6,135.25113546516138,41.02080624187256,39.11703511053316
70,2019-08-30 07:06:48,2019-08-30 08:52:04,48.0,99.6,134.9401383694014,33.972151898734175,32.01392405063291
71,2019-08-31 00:55:28,2019-08-31 02:52:37,11.6,99.6,134.84956271780305,39.0967007963595,37.42775881683732
72,2019-08-31 10:33:09,2019-08-31 12:00:00,53.6,99.6,137.7880408997585,36.68558282208589,34.622699386503065
73,2019-09-01 01:17:04,2019-09-01 03:09:19,16.8,99.6,134.7691077999195,36.7239336492891,34.593601895734594
74,2019-09-01 15:34:53,2019-09-01 17:04:25,24.4,69.2,132.02253758506944,37.18452380952381,35.413690476190474
75,2019-09-01 17:06:25,2019-09-01 17:31:14,68.4,80.8,130.37071191308254,37.82887700534759,36.0
76,2019-09-02 01:37:35,2019-09-02 04:22:33,12.4,94.8,132.46733381202804,35.008885298869146,32.362681744749594
77,2019-09-02 15:25:38,2019-09-02 17:39:27,25.6,92.8,131.89181195891203,35.256972111553786,32.36553784860558
78,2019-09-03 00:49:44,2019-09-03 02:28:44,48.8,97.2,134.53830342378328,32.943472409152086,30.35262449528937
79,2019-09-03 14:41:00,2019-09-03 16:12:23,35.6,99.6,134.72084466362847,36.86151603498542,35.70699708454811
80,2019-09-04 04:48:50,2019-09-04 05:58:53,7.2,68.4,133.06912992238563,33.946768060836504,31.602661596958175
81,2019-09-04 05:59:49,2019-09-04 06:57:03,68.4,99.6,135.8919597177707,37.783720930232555,35.097674418604655
82,2019-09-04 17:48:17,2019-09-04 18:49:48,71.2,99.6,137.02435390258222,36.0,34.74891774891775
83,2019-09-05 05:56:16,2019-09-05 08:02:37,25.2,99.6,133.61496084042713,35.462025316455694,33.369198312236286
84,2019-09-05 20:16:12,2019-09-05 21:52:49,30.8,99.6,134.19647562984497,39.88429752066116,38.362258953168045
85,2019-09-06 21:05:56,2019-09-06 23:05:05,12.4,99.6,134.3521351936799,41.78635346756152,39.833333333333336
86,2019-09-07 03:55:34,2019-09-07 04:59:04,60.8,99.6,136.64981305483965,40.9475890985325,38.106918238993714
87,2019-09-07 15:00:22,2019-09-07 15:56:24,40.8,89.2,133.95823376090448,42.572446555819475,40.942992874109265
88,2019-09-08 01:47:06,2019-09-08 03:07:17,21.6,90.4,133.55389870397286,42.28405315614618,40.16279069767442
89,2019-09-08 14:39:30,2019-09-08 16:55:55,2.8,70.4,134.30845581114394,40.5380859375,39.0419921875
90,2019-09-08 23:30:35,2019-09-09 00:59:03,40.0,99.6,135.25175619174126,38.727409638554214,36.38704819277108
91,2019-09-09 11:54:21,2019-09-09 13:21:52,38.4,99.6,135.70358770878724,39.951293759512936,38.17503805175038
92,2019-09-10 01:48:54,2019-09-10 03:45:06,16.0,99.6,134.43739643806484,40.61009174311926,38.25229357798165
93,2019-09-10 20:35:04,2019-09-10 22:34:37,13.2,99.6,135.03081525366517,41.69788182831661,40.00780379041249
94,2019-09-11 09:35:56,2019-09-11 11:15:52,47.2,99.6,135.9573174167727,37.62133333333333,35.828
95,2019-09-11 21:40:06,2019-09-11 22:55:53,27.6,94.8,133.1181565062831,41.804920913884004,40.21616871704745
96,2019-09-12 04:33:14,2019-09-12 05:38:44,62.4,99.6,137.51064491860814,37.97357723577236,34.93089430894309
97,2019-09-12 19:39:42,2019-09-12 22:57:42,16.4,81.2,132.91174451303155,41.39057239057239,38.21279461279461
98,2019-09-13 04:17:25,2019-09-13 06:23:30,36.8,99.6,136.62430825371555,39.17547568710359,36.49577167019027
99,2019-09-13 14:58:14,2019-09-13 16:38:02,40.0,96.0,133.93971224206348,42.76769025367156,41.1388518024032
100,2019-09-14 01:59:01,2019-09-14 03:41:05,33.2,90.4,132.92718626651128,38.58355091383812,36.579634464751955
101,2019-09-14 14:46:44,2019-09-14 16:21:04,54.8,99.6,137.06135021701394,36.032485875706215,34.0
102,2019-09-15 01:50:06,2019-09-15 04:20:45,22.8,99.6,134.95528753616898,36.85322723253758,34.47833775419982
103,2019-09-15 17:16:41,2019-09-15 19:05:33,22.4,84.4,132.00038768817203,40.00856793145655,38.152998776009795
104,2019-09-16 05:03:57,2019-09-16 07:11:01,10.0,82.4,132.09099763658688,36.928721174004195,34.71802935010482
105,2019-09-16 14:42:24,2019-09-16 15:20:25,12.8,36.8,132.478961400463,37.30419580419581,35.74825174825175
106,2019-09-16 15:29:48,2019-09-16 16:37:40,38.8,81.6,132.51845841121494,40.32163742690059,38.66276803118908
107,2019-09-16 16:39:37,2019-09-16 17:22:19,82.0,99.6,132.2088691761364,41.0,39.00934579439252
108,2019-09-17 04:22:27,2019-09-17 06:15:52,18.8,99.6,133.03073340209022,37.428907168037604,34.952996474735606
109,2019-09-17 22:58:17,2019-09-18 00:36:05,28.8,99.6,131.3918256826742,36.54768392370572,34.70980926430518
110,2019-09-18 05:34:34,2019-09-18 07:27:18,46.4,98.8,134.41512433047072,36.758865248226954,33.853427895981085
111,2019-09-18 21:55:09,2019-09-18 22:47:44,55.2,88.4,133.68890691934405,38.0,36.0
112,2019-09-19 02:07:35,2019-09-19 02:55:53,9.2,39.2,131.90956387037033,40.611570247933884,37.30853994490358
113,2019-09-19 02:56:12,2019-09-19 04:51:36,39.2,99.6,135.4674215415747,42.277136258660505,38.73441108545035
114,2019-09-19 16:06:11,2019-09-19 17:58:16,20.8,99.6,135.676420338057,42.903686087990486,40.99881093935791
115,2019-09-20 05:09:26,2019-09-20 08:09:19,17.6,99.6,134.54141162771003,35.17777777777778,32.42444444444445
116,2019-09-26 19:22:55,2019-09-26 21:16:03,15.6,99.6,134.05154769841272,39.10482921083628,36.839811542991754
117,2019-09-27 02:12:48,2019-09-27 03:16:43,46.8,93.2,134.15227403915227,38.96666666666667,35.725
118,2019-09-27 13:26:37,2019-09-27 15:36:50,34.0,99.6,134.7430039337737,36.22722620266121,34.545547594677586
119,2019-09-27 22:51:21,2019-09-28 01:21:35,50.0,92.0,134.1456357936508,36.30434782608695,33.993788819875775
120,2019-09-28 07:28:43,2019-09-28 08:43:10,62.8,99.6,136.97882122207125,33.79248658318426,31.626118067978535
121,2019-09-28 22:17:39,2019-09-29 00:43:29,20.4,99.6,132.90734704335023,37.29250457038391,35.446983546617915
122,2019-09-29 11:14:16,2019-09-29 13:03:49,19.2,99.6,134.57866395626039,38.57299270072993,37.099756690997566
123,2019-09-30 00:10:17,2019-09-30 01:57:10,19.2,99.6,133.82025362942235,40.64713216957606,38.14588528678304
124,2019-09-30 08:03:44,2019-09-30 10:06:36,22.8,99.6,135.27500665328412,38.47027027027027,35.29081081081081
125,2019-10-01 02:33:12,2019-10-01 03:03:29,61.6,84.4,132.90979010112082,38.0,35.96052631578947
126,2019-10-01 13:09:13,2019-10-01 15:01:58,2.0,65.6,133.21958754804334,39.93742621015348,38.62219598583235
127,2019-10-01 16:57:17,2019-10-01 17:26:22,52.0,68.4,131.98563335027097,42.0,40.84018264840183
128,2019-10-01 22:50:43,2019-10-02 00:17:58,29.2,98.4,132.90002156390497,41.93617021276596,39.901215805471125
129,2019-10-03 00:28:23,2019-10-03 01:57:15,15.2,94.0,133.27730074379585,39.89655172413793,38.14092953523238
130,2019-10-03 16:56:26,2019-10-03 18:07:57,54.0,99.6,136.89385656067253,39.78957169459963,38.5903165735568
131,2019-10-04 01:54:07,2019-10-04 03:34:43,33.2,99.6,135.2123539616801,38.19867549668874,34.68609271523179
132,2019-10-04 15:27:35,2019-10-04 17:15:52,8.0,96.4,133.08866715843388,42.977914110429445,41.074846625766874
133,2019-10-05 04:23:08,2019-10-05 05:59:12,30.8,99.6,133.60823578609495,38.625520110957005,36.00970873786408
134,2019-10-05 15:01:51,2019-10-05 16:02:01,55.2,98.4,133.5482470807613,39.0,37.02433628318584
135,2019-10-06 01:47:07,2019-10-06 03:23:35,35.6,99.6,135.68072059895835,37.32689655172414,35.37379310344828
136,2019-10-06 18:18:59,2019-10-06 20:53:53,20.4,98.0,131.92709331615123,38.172977624784856,36.32874354561102
137,2019-10-07 13:07:51,2019-10-07 14:41:05,45.2,97.6,133.2776288008906,35.52496433666191,33.37660485021398
138,2019-10-07 23:36:25,2019-10-08 01:09:09,22.4,98.0,132.1482347038507,36.418103448275865,34.20402298850575
139,2019-10-08 14:23:07,2019-10-08 15:26:30,40.8,94.0,132.76676473997495,36.75,34.964285714285715
140,2019-10-08 23:13:09,2019-10-09 00:50:57,30.8,99.6,134.073592126938,38.59809264305177,36.19346049046322
141,2019-10-09 14:51:48,2019-10-09 16:30:06,25.2,97.2,131.25052613618826,36.45602165087957,34.3234100135318
142,2019-10-10 05:01:17,2019-10-10 07:06:26,8.400001,99.6,132.82070243559497,36.401490947816825,34.687965921192756
143,2019-10-11 06:43:36,2019-10-11 07:55:47,55.2,99.6,135.65153195382885,33.37822878228782,31.940959409594097
144,2019-10-11 16:54:16,2019-10-11 17:44:10,54.8,95.2,131.8386022861661,38.58133333333333,36.76533333333333
145,2019-10-12 01:50:37,2019-10-12 03:18:12,10.4,55.2,130.90020615451388,38.040971168437025,35.55386949924127
146,2019-10-12 03:52:48,2019-10-12 04:32:26,61.2,81.6,129.94937873093687,39.0,36.0
147,2019-10-12 07:03:13,2019-10-12 08:16:05,54.0,99.6,136.08600581749513,39.46435100548446,36.493601462522854
148,2019-10-12 22:31:47,2019-10-13 02:18:19,14.8,80.4,129.49610433604332,37.047675103001765,35.20600353148911
149,2019-10-13 11:07:08,2019-10-13 13:56:59,42.8,98.4,130.8247411820543,31.87205651491366,30.070643642072213
150,2019-10-14 13:09:11,2019-10-14 13:49:45,56.4,79.6,131.03016120689657,33.04262295081967,31.57377049180328
151,2019-10-14 20:08:10,2019-10-14 21:11:08,26.0,86.0,129.7501790277778,36.520084566596196,34.92177589852008
152,2019-10-15 18:01:24,2019-10-15 20:10:09,26.8,99.6,133.05490905448718,33.74120082815735,32.126293995859214
153,2019-10-16 05:13:39,2019-10-16 07:05:59,16.8,99.6,132.3568054062668,35.97627520759193,33.432977461447216
154,2019-10-16 10:49:22,2019-10-16 11:59:09,58.0,99.6,134.17299849759615,38.291984732824424,35.57442748091603
155,2019-10-16 23:47:15,2019-10-17 00:56:06,22.8,88.0,129.67280591342876,37.3036750483559,34.61121856866538
156,2019-10-17 16:24:18,2019-10-17 18:14:07,45.6,99.6,133.66085797325104,32.317961165048544,31.099514563106798
157,2019-10-18 00:30:26,2019-10-18 01:34:54,39.2,94.0,130.1301468521898,36.14020618556701,33.812371134020616
158,2019-10-18 16:50:30,2019-10-18 18:17:17,17.2,94.8,130.18006276489123,36.72699386503067,34.91104294478528
159,2019-10-19 04:31:40,2019-10-19 05:55:51,18.8,94.8,129.27394312500002,35.8876582278481,33.039556962025316
160,2019-10-19 18:48:02,2019-10-19 20:04:05,31.2,94.8,130.81855677847662,36.39754816112084,34.74080560420315
161,2019-10-20 03:45:05,2019-10-20 05:13:49,18.8,94.8,129.8663033899854,38.51951951951952,35.466966966966964
162,2019-10-20 16:54:52,2019-10-20 18:27:51,11.6,94.8,130.97075288461537,38.64183381088825,36.95558739255014
163,2019-10-21 01:52:12,2019-10-21 02:52:55,44.8,94.8,132.16538503888887,36.098684210526315,33.07675438596491
164,2019-10-21 06:57:59,2019-10-21 07:41:21,59.6,94.8,132.05667463699496,35.782208588957054,32.47239263803681
165,2019-10-21 21:11:40,2019-10-21 22:35:03,23.6,94.8,130.23316946200063,36.6629392971246,34.884984025559106
166,2019-10-22 13:26:37,2019-10-22 14:42:05,38.8,94.8,130.31176108630953,34.399647887323944,32.725352112676056
167,2019-10-22 21:43:34,2019-10-22 23:15:22,26.4,94.8,130.16280773838528,36.879535558780844,34.54571843251089
168,2019-10-23 17:08:42,2019-10-23 18:41:26,12.0,94.8,130.48637018585617,38.025862068965516,36.22126436781609
169,2019-10-24 12:26:16,2019-10-24 14:31:17,20.8,84.8,129.7905259266493,30.501066098081022,29.46588486140725
170,2019-10-24 16:46:29,2019-10-24 17:18:46,69.6,94.8,130.79819313271602,34.0,32.983539094650205
171,2019-10-25 00:53:00,2019-10-25 02:02:39,51.2,94.8,131.2653877930683,32.82600382409178,30.36137667304015
172,2019-10-25 17:52:03,2019-10-25 18:45:50,39.2,87.2,130.3792111255787,35.27970297029703,33.45049504950495
173,2019-10-26 01:59:05,2019-10-26 04:09:37,27.6,94.8,129.79798210978836,35.4118246687054,33.21916411824669
174,2019-10-26 21:54:08,2019-10-26 23:15:07,44.0,94.8,130.9866861056431,31.32236842105263,29.67105263157895
175,2019-10-27 06:21:43,2019-10-27 07:30:26,36.4,94.8,130.66190048040338,34.33139534883721,31.80426356589147
176,2019-10-28 00:51:52,2019-10-28 01:57:14,25.6,84.8,129.89716228415915,34.132382892057024,32.16089613034623
177,2019-10-28 12:52:31,2019-10-28 14:26:27,40.8,94.8,130.6658726049383,30.97304964539007,29.043971631205675
178,2019-10-29 01:29:21,2019-10-29 06:07:05,16.8,97.6,128.86922458745875,28.168426103646834,26.103646833013435
179,2019-10-29 16:37:09,2019-10-29 17:25:59,43.6,87.2,130.6815563519368,32.67302452316076,30.749318801089917
180,2019-10-30 00:33:43,2019-10-30 01:55:14,26.0,95.6,129.5304491499042,33.178104575163395,30.522875816993466
181,2019-10-30 09:39:40,2019-10-30 10:46:55,46.8,97.6,131.0437987724191,30.203960396039605,27.76039603960396
182,2019-10-31 02:29:10,2019-10-31 04:07:38,16.4,97.6,129.9975093903941,32.48849797023004,30.52638700947226
183,2019-10-31 05:51:34,2019-10-31 06:11:59,85.6,97.6,132.33916504629633,34.0,31.0
184,2019-10-31 16:49:09,2019-10-31 18:26:17,17.2,97.6,130.7226177757048,34.45679012345679,33.10013717421125
185,2019-11-01 06:16:13,2019-11-01 07:34:00,35.2,97.6,130.53779105457625,31.573630136986303,29.52568493150685
186,2019-11-01 20:02:43,2019-11-01 21:32:30,33.2,90.0,129.42977477992957,35.21661721068249,33.65875370919881
187,2019-11-02 04:30:23,2019-11-02 06:29:56,27.6,96.8,129.95157824743097,35.138238573021184,32.44927536231884
188,2019-11-02 17:35:12,2019-11-02 19:12:44,15.6,97.6,130.04600486449866,38.06284153005465,36.631147540983605
189,2019-11-03 19:18:53,2019-11-03 20:29:04,40.4,97.6,131.28270256895885,34.14800759013283,32.690702087286525
190,2019-11-04 03:34:17,2019-11-04 05:48:02,29.2,97.6,129.64780611598448,32.52589641434263,30.20816733067729
191,2019-11-04 18:25:52,2019-11-04 19:46:20,32.0,97.6,130.7197738694106,35.3046357615894,33.66887417218543
192,2019-11-05 14:43:15,2019-11-05 16:09:58,23.6,97.6,129.91439534346844,34.84024577572965,32.854070660522275
193,2019-11-06 03:46:53,2019-11-06 05:15:12,23.2,97.6,129.40232534348868,33.07843137254902,30.56108597285068
194,2019-11-06 17:28:15,2019-11-06 19:02:19,9.2,91.2,130.63114103319782,35.875354107648725,34.184135977337114
195,2019-11-07 04:47:15,2019-11-07 06:18:12,23.2,97.6,130.61809644937279,33.12298682284041,30.497803806734993
196,2019-11-07 10:09:40,2019-11-07 11:03:18,66.0,97.6,131.23672214310835,32.98263027295285,29.995037220843674
197,2019-11-07 22:09:58,2019-11-07 23:41:22,18.8,97.6,130.49590136597575,35.11078717201166,33.04956268221574
198,2019-11-08 15:18:31,2019-11-08 17:30:54,48.4,86.0,132.56374071956262,30.819919517102615,29.367203219315897
199,2019-11-09 03:28:31,2019-11-09 05:53:17,15.6,97.6,128.77994720867207,30.476058931860038,28.430018416206263
200,2019-11-09 16:19:40,2019-11-09 17:39:51,33.6,80.4,128.530036348528,31.865448504983387,30.305647840531563
201,2019-11-09 23:46:36,2019-11-10 00:58:07,42.4,79.2,129.80973951539852,30.134078212290504,28.018621973929235
202,2019-11-10 04:56:12,2019-11-10 06:02:17,37.2,93.6,130.11878978526406,31.344064386317907,28.517102615694164
203,2019-11-10 17:55:31,2019-11-10 18:50:23,34.0,66.0,128.89885670138887,33.06280193236715,31.019323671497585
204,2019-11-11 12:14:15,2019-11-11 14:20:20,11.2,84.0,129.65819151594934,29.66596194503171,27.908033826638476
205,2019-11-11 19:19:05,2019-11-11 20:56:58,44.0,97.6,132.3283962660655,33.4421768707483,31.6
206,2019-11-12 10:36:33,2019-11-12 11:51:00,40.8,97.6,130.73345482443273,29.90339892665474,28.642218246869408
207,2019-11-12 20:32:32,2019-11-12 21:30:26,32.8,83.6,131.83919912237533,34.50804597701149,32.675862068965515
208,2019-11-13 02:50:52,2019-11-13 03:51:03,30.4,83.6,131.11916013471176,34.969026548672566,31.72566371681416
209,2019-11-13 06:43:31,2019-11-13 07:31:17,57.2,84.4,131.90872861519608,34.969359331476326,31.0
210,2019-11-13 19:55:19,2019-11-13 22:48:19,39.2,96.8,130.150462962963,31.810623556581987,30.075442648190915
211,2019-11-14 16:29:20,2019-11-14 18:31:17,23.2,97.6,129.97199980398747,32.527868852459015,30.868852459016395
212,2019-11-15 15:41:34,2019-11-15 17:43:39,8.0,71.2,129.10310005713782,32.93668122270742,30.945414847161572
213,2019-11-15 22:41:59,2019-11-16 00:46:15,33.2,95.6,132.10885995370373,32.90782422293676,30.565916398713828
214,2019-11-16 05:24:35,2019-11-16 06:27:57,50.0,97.6,132.16123971171805,33.09033613445378,29.834033613445378
215,2019-11-16 17:04:01,2019-11-16 19:16:28,23.2,97.6,130.03857008101852,33.41005025125628,31.931658291457286
216,2019-11-17 08:14:18,2019-11-17 10:34:32,19.2,97.6,129.4335586646117,30.895437262357415,29.630228136882128
217,2019-11-17 20:59:59,2019-11-17 22:19:59,38.0,84.0,130.4417881400966,33.417637271214645,31.420965058236273
218,2019-11-18 11:34:34,2019-11-18 12:44:53,41.2,97.6,131.3077153984437,31.72159090909091,30.15340909090909
219,2019-11-18 23:17:38,2019-11-19 00:35:49,31.6,96.4,129.948143287037,30.10732538330494,27.410562180579216
220,2019-11-19 04:54:22,2019-11-19 05:31:43,73.2,97.6,132.4713258993625,27.75800711743772,24.26690391459075
221,2019-11-19 17:52:50,2019-11-19 19:32:30,18.0,97.6,129.95563369800396,30.72192513368984,29.052139037433154
222,2019-11-20 05:26:38,2019-11-20 06:55:13,28.4,97.6,129.0083635376526,29.548872180451127,26.768421052631577
223,2019-11-20 18:34:37,2019-11-20 19:48:08,41.6,97.6,130.49137837797622,30.84963768115942,29.005434782608695
224,2019-11-21 03:01:38,2019-11-21 03:21:54,46.0,59.2,133.06228939393935,27.686274509803923,24.666666666666668
225,2019-11-21 07:03:54,2019-11-21 08:40:57,30.0,86.0,130.2675388045635,27.774281805745552,25.428180574555405
226,2019-11-21 14:57:45,2019-11-21 15:51:47,39.6,87.2,132.18829138655462,31.507389162561577,30.04679802955665
227,2019-11-22 00:17:15,2019-11-22 01:32:47,10.0,77.2,131.4554791501323,34.69135802469136,31.580246913580247
228,2019-11-22 12:35:13,2019-11-22 14:04:21,17.2,94.4,130.02019891515545,32.31390134529148,30.539611360239164
229,2019-11-23 03:51:52,2019-11-23 05:28:11,17.2,97.6,130.58350310254286,31.752420470262795,29.612724757952975
230,2019-11-23 20:32:04,2019-11-23 22:23:37,8.0,97.6,130.63035086960568,34.096774193548384,32.37395459976105
231,2019-11-24 20:06:46,2019-11-24 21:48:50,15.6,97.6,131.1030187872629,34.40861618798956,32.680156657963444
232,2019-11-25 13:01:07,2019-11-25 14:18:38,36.4,97.6,131.44362278050107,34.04123711340206,32.48969072164948
233,2019-11-25 19:21:25,2019-11-25 20:55:29,37.2,96.4,131.52852430555555,35.95750708215297,32.95325779036827
234,2019-11-26 02:39:11,2019-11-26 03:15:44,56.0,87.6,133.29074813203238,32.13818181818182,28.156363636363636
235,2019-11-26 15:11:24,2019-11-26 16:39:28,25.6,71.2,127.64299958089667,30.23146747352496,28.632375189107414
236,2019-11-26 16:52:32,2019-11-26 17:25:53,72.8,89.2,132.9083357012195,32.0,30.633466135458168
237,2019-11-27 09:05:36,2019-11-27 11:01:01,16.8,90.8,129.93714970345346,30.310623556581987,29.42147806004619
238,2019-11-28 07:40:02,2019-11-28 09:52:28,25.6,97.6,130.63935061728395,25.662311557788946,24.395979899497487
239,2019-11-28 20:16:26,2019-11-28 21:56:30,38.0,97.6,129.84642861437362,26.681757656458057,24.677762982689746
240,2019-11-29 07:35:46,2019-11-29 10:00:32,18.0,97.6,128.81330541073424,24.432780847145487,22.08839779005525
241,2019-11-29 14:51:17,2019-11-29 15:21:26,74.4,96.4,131.26396061237372,26.696035242290748,24.964757709251103
242,2019-11-29 20:14:53,2019-11-29 21:47:38,55.6,99.6,133.51524633522732,27.705882352941178,25.58393113342898
243,2019-11-30 08:42:03,2019-11-30 09:39:57,55.2,97.6,131.1751294287212,26.30344827586207,23.563218390804597
244,2019-11-30 19:00:37,2019-11-30 21:29:47,22.0,97.6,129.81193870149912,30.47899910634495,28.942806076854335
245,2019-12-02 16:10:48,2019-12-02 17:43:16,38.4,85.6,129.8720690991055,23.370317002881844,21.7478386167147
246,2019-12-03 04:57:17,2019-12-03 06:53:06,2.0,97.6,130.592046208159,24.883774453394707,22.468354430379748
247,2019-12-03 18:23:08,2019-12-03 19:11:42,46.4,77.2,131.76504023719338,24.78904109589041,23.175342465753424
248,2019-12-04 00:24:09,2019-12-04 01:27:32,27.2,84.4,131.12053177933177,26.264705882352942,23.52310924369748
249,2019-12-04 03:22:25,2019-12-04 04:34:35,60.8,97.6,132.70501639492755,26.988929889298895,22.985239852398525
250,2019-12-04 14:14:19,2019-12-04 15:40:07,30.4,97.6,129.24550429274143,26.847826086956523,25.29192546583851
251,2019-12-05 02:33:08,2019-12-05 03:43:52,20.0,83.6,129.02078512622296,26.25,23.708646616541355
252,2019-12-05 03:46:21,2019-12-05 04:14:56,84.0,97.6,127.24467879901967,29.0,26.458715596330276
253,2019-12-05 14:44:30,2019-12-05 16:12:02,43.6,87.6,131.73177924936869,24.80213089802131,23.140030441400306
254,2019-12-05 20:49:50,2019-12-05 21:52:01,49.2,97.6,130.78387038854459,28.066381156316915,25.760171306209852
255,2019-12-06 04:33:38,2019-12-06 05:19:48,45.6,87.6,132.20881777116404,25.57348703170029,22.697406340057636
256,2019-12-06 13:44:41,2019-12-06 15:17:36,36.0,89.2,130.85759938909774,24.72349570200573,23.25787965616046
257,2019-12-06 22:17:23,2019-12-06 23:14:05,55.6,97.6,131.01171924603176,26.183098591549296,24.187793427230048
258,2019-12-07 04:04:00,2019-12-07 05:26:19,33.2,97.6,130.71622387422363,27.07281553398058,23.56472491909385
259,2019-12-07 15:42:10,2019-12-07 17:11:57,26.8,97.6,129.47708439069368,27.64540059347181,26.182492581602375
260,2019-12-08 17:14:46,2019-12-08 18:37:13,45.6,97.6,130.75116424412397,25.077544426494345,23.463651050080774
261,2019-12-09 01:46:35,2019-12-09 03:35:32,22.8,95.6,129.9525966765873,27.501222493887532,24.306845965770172
262,2019-12-09 20:43:24,2019-12-09 22:56:47,17.6,94.8,129.87125073042606,27.422577422577422,25.94105894105894
263,2019-12-10 14:22:11,2019-12-10 15:39:02,53.6,97.6,131.30977855113636,26.2842287694974,24.837088388214905
264,2019-12-11 11:45:06,2019-12-11 13:06:05,24.4,93.6,129.1514542228645,26.22495894909688,24.490968801313628
265,2019-12-11 13:08:30,2019-12-11 13:22:16,93.6,97.6,126.03894305555556,29.095238095238095,28.0
266,2019-12-12 01:48:38,2019-12-12 03:38:20,10.4,97.6,129.401150637105,28.627118644067796,26.180387409200968
267,2019-12-12 16:35:04,2019-12-12 17:18:18,47.6,69.2,133.89226592078188,27.68,25.904615384615386
268,2019-12-12 23:30:23,2019-12-13 00:50:34,16.0,86.8,131.58385012162591,29.95514950166113,27.67940199335548
269,2019-12-13 03:48:43,2019-12-13 04:37:57,62.4,97.6,132.25300423768945,31.59189189189189,27.748648648648647
270,2019-12-13 21:02:36,2019-12-13 22:26:39,30.4,97.6,130.34891742931552,30.47068145800317,29.48811410459588
271,2019-12-14 13:15:38,2019-12-14 13:59:08,54.0,90.8,131.17917727581522,26.920489296636084,25.480122324159023
272,2019-12-15 00:08:41,2019-12-15 02:11:26,28.8,97.6,129.41974910771964,28.102062975027145,25.807817589576548
273,2019-12-15 18:43:10,2019-12-15 21:23:40,16.0,97.6,129.7741347698802,31.04734219269103,29.339700996677742
274,2019-12-16 02:25:44,2019-12-16 03:09:13,63.2,96.8,131.24857047371032,30.434250764525995,27.434250764525995
275,2019-12-16 16:20:31,2019-12-16 17:03:53,39.6,64.4,130.2921292674731,29.54601226993865,28.484662576687118
276,2019-12-16 20:25:07,2019-12-16 21:39:34,51.6,89.2,132.33358796542552,30.130590339892667,28.59391771019678
277,2019-12-17 15:34:52,2019-12-17 16:40:38,51.2,88.4,132.59617703106332,29.27327935222672,27.856275303643724
278,2019-12-18 16:06:25,2019-12-18 17:39:41,16.0,76.4,128.70364578734365,33.26285714285714,31.28
279,2019-12-18 23:45:54,2019-12-19 00:48:53,28.8,69.2,130.1320954104785,32.84355179704017,30.456659619450317
280,2019-12-19 05:41:00,2019-12-19 07:31:45,30.8,97.6,130.11453154316368,31.00240673886883,27.74849578820698
281,2019-12-19 17:02:51,2019-12-19 18:02:29,56.4,97.6,130.7149780980313,24.611607142857142,22.328125
282,2019-12-20 01:07:04,2019-12-20 02:09:07,39.6,92.0,129.8762900498304,25.317596566523605,22.761802575107296
283,2019-12-20 15:22:04,2019-12-20 16:39:43,38.8,97.6,129.99465339191232,26.404802744425385,24.593481989708405
284,2019-12-21 03:31:21,2019-12-21 04:46:28,40.8,97.6,130.1497166226526,24.29609929078014,22.22872340425532
285,2019-12-21 07:08:14,2019-12-21 07:34:55,69.6,84.8,131.67581959064321,25.0,22.039800995024876
286,2019-12-21 19:28:07,2019-12-21 21:11:47,14.8,97.6,129.86304702261137,29.140102827763496,27.438303341902312
287,2019-12-22 04:36:15,2019-12-22 05:28:34,60.8,97.6,131.98944356129232,27.46055979643766,24.544529262086513
288,2019-12-22 16:59:09,2019-12-22 18:37:13,19.2,97.6,128.9333772427721,29.440217391304348,27.702445652173914
289,2019-12-22 23:18:53,2019-12-23 00:01:27,68.0,97.6,131.05913650994748,28.05,25.184375
290,2019-12-23 09:35:45,2019-12-23 10:00:50,43.2,58.8,133.642978187322,24.58730158730159,22.50793650793651
291,2019-12-23 10:21:47,2019-12-23 11:25:01,59.2,97.6,129.1478152741609,26.44421052631579,24.751578947368422
292,2019-12-23 19:54:54,2019-12-23 21:14:17,36.0,97.6,130.6646318249459,31.44295302013423,29.562080536912752
293,2019-12-24 02:59:43,2019-12-24 04:09:54,44.4,97.6,131.01567891604014,32.00189753320683,28.82732447817837
294,2019-12-24 05:13:56,2019-12-24 05:30:13,86.0,96.4,132.14265646367517,31.991869918699187,28.0
295,2019-12-24 12:59:44,2019-12-24 14:34:27,18.4,97.2,129.66232776015227,33.23347398030943,30.9971870604782
296,2019-12-24 19:48:30,2019-12-24 20:26:03,66.8,88.0,132.7135746855346,30.98939929328622,27.498233215547703
297,2019-12-25 04:54:23,2019-12-25 05:44:41,32.8,78.0,129.55830021202067,26.357142857142858,23.87037037037037
298,2019-12-25 05:51:28,2019-12-25 06:25:46,79.6,97.6,125.43023770061727,28.93798449612403,26.899224806201552
299,2019-12-25 19:56:29,2019-12-25 20:47:02,18.4,47.2,131.92971629050925,28.1710843373494,26.513253012048192
300,2019-12-25 21:01:30,2019-12-25 22:16:29,46.4,89.2,131.68934643691586,31.05861456483126,29.403197158081706
301,2019-12-25 22:19:08,2019-12-25 22:39:08,88.4,96.8,102.87168730158737,32.0,30.0
302,2019-12-26 05:23:44,2019-12-26 06:30:51,49.2,97.6,131.1075602530992,29.182539682539684,26.023809523809526
303,2019-12-26 14:57:29,2019-12-26 15:36:54,51.2,86.0,132.43296278336533,28.195286195286194,26.49158249158249
304,2019-12-26 15:40:14,2019-12-26 16:05:03,86.0,97.6,127.2603168582376,29.689839572192515,27.983957219251337
305,2019-12-27 05:44:50,2019-12-27 07:45:09,12.4,81.6,129.8340301140013,22.81195652173913,21.098913043478262
306,2019-12-27 15:48:40,2019-12-27 16:47:06,41.2,71.2,130.16132853703704,23.943052391799544,22.840546697038725
307,2019-12-27 23:20:48,2019-12-28 00:42:59,33.2,97.6,129.83650872584548,26.249594813614262,24.3257698541329
308,2019-12-28 16:42:03,2019-12-28 18:40:08,25.6,97.6,128.51374999035494,27.357787810383748,25.70767494356659
309,2019-12-29 22:51:09,2019-12-30 00:22:05,30.8,77.6,129.52635529439698,27.04099560761347,25.50658857979502
310,2019-12-30 05:39:10,2019-12-30 07:04:25,48.4,97.6,131.3166063798555,27.621875,25.621875
311,2019-12-30 14:57:32,2019-12-30 15:29:02,72.8,92.4,132.68070858134914,29.219409282700422,27.848101265822784
312,2019-12-31 02:46:11,2019-12-31 04:50:32,21.6,97.6,128.56135725694443,30.262593783494104,28.40192926045016
313,2019-12-31 20:21:58,2019-12-31 21:34:49,22.4,87.6,129.5059822895365,29.43510054844607,27.859232175502743
314,2020-01-01 04:59:01,2020-01-01 06:02:23,33.2,89.2,131.00508288938488,28.460084033613445,25.45798319327731
315,2020-01-01 14:36:44,2020-01-01 15:23:18,48.8,90.0,131.83613613470874,26.02,24.405714285714286
316,2020-01-02 00:17:37,2020-01-02 02:46:07,22.4,97.6,129.42729301721337,27.01346499102334,24.93447037701975
317,2020-01-02 07:02:49,2020-01-02 07:50:52,64.8,97.6,131.2109166158537,28.50415512465374,25.426592797783933
318,2020-01-02 18:57:54,2020-01-02 20:34:07,20.0,97.6,129.40968495131736,29.610803324099724,27.957063711911356
319,2020-01-03 05:37:32,2020-01-03 06:22:28,33.2,59.2,129.67308269230767,26.911504424778762,24.047197640117993
320,2020-01-03 06:24:51,2020-01-03 07:17:17,59.2,88.8,132.99829134290542,28.736040609137056,25.873096446700508
321,2020-01-03 19:07:53,2020-01-03 21:23:25,16.0,94.8,129.0018334884377,30.24411764705882,28.79705882352941
322,2020-01-04 02:29:16,2020-01-04 02:59:26,60.4,87.2,131.63999890650913,29.370044052863435,26.145374449339208
323,2020-01-04 12:59:29,2020-01-04 13:43:07,23.2,52.0,126.53576032021603,27.103658536585368,25.28048780487805
324,2020-01-04 14:08:43,2020-01-04 15:29:35,51.2,97.6,125.61658803280655,30.906095551894563,29.102141680395388
325,2020-01-05 00:16:07,2020-01-05 01:42:02,27.6,83.6,127.90206359871033,30.466666666666665,27.787596899224805
326,2020-01-05 05:46:57,2020-01-05 07:03:36,34.4,97.6,128.9290229628165,32.65277777777778,29.18402777777778
327,2020-01-05 14:50:27,2020-01-05 15:44:17,56.4,97.6,129.48922826995687,29.192592592592593,27.177777777777777
328,2020-01-05 23:04:41,2020-01-05 23:59:39,56.8,97.6,129.05225731549567,30.033898305084747,28.11864406779661
329,2020-01-06 04:51:38,2020-01-06 05:55:02,49.6,97.6,129.30974428240745,31.165271966527197,28.594142259414227
330,2020-01-06 17:46:54,2020-01-06 18:20:31,50.0,67.2,127.75626733527127,29.49802371541502,28.529644268774703
331,2020-01-07 01:15:07,2020-01-07 02:26:37,24.4,66.8,127.05218028039835,28.613382899628252,27.202602230483272
332,2020-01-07 08:29:27,2020-01-07 09:19:45,69.2,97.6,130.2373549393584,27.25132275132275,25.632275132275133
333,2020-01-07 15:18:31,2020-01-07 16:22:34,47.2,97.6,128.8779774939374,34.054054054054056,32.71309771309771
334,2020-01-08 16:20:30,2020-01-08 17:20:48,32.4,86.8,128.28575373008582,28.986784140969164,27.39647577092511
335,2020-01-09 01:31:39,2020-01-09 02:06:55,58.4,78.8,129.65740746187367,27.958646616541355,25.793233082706767
336,2020-01-09 07:10:06,2020-01-09 11:30:09,10.8,86.8,128.3141447368421,28.954358974358975,26.81230769230769
337,2020-01-09 17:57:50,2020-01-09 19:30:17,42.8,74.0,128.40277777777777,30.502881844380404,28.45821325648415
338,2020-01-10 02:40:08,2020-01-10 04:31:32,32.0,96.8,127.96059106652953,29.807416267942585,27.778708133971293
339,2020-01-10 16:09:25,2020-01-10 17:56:38,8.0,97.6,128.36466796875,34.13416149068323,32.515527950310556
340,2020-01-11 03:18:04,2020-01-11 04:50:00,21.2,97.6,128.50561631762656,33.22463768115942,30.06231884057971
341,2020-01-11 20:46:37,2020-01-11 22:07:36,33.6,97.6,126.8291602777778,27.707236842105264,24.626644736842106
342,2020-01-12 22:51:13,2020-01-13 00:41:57,36.8,97.6,128.51655883589183,24.069795427196148,22.456077015643803
343,2020-01-13 22:19:58,2020-01-14 00:16:35,18.8,87.6,127.088743879199,25.390857142857143,23.92
344,2020-01-14 20:19:13,2020-01-14 21:34:28,40.0,97.6,128.38561799286268,26.920353982300885,25.704424778761062
345,2020-01-15 13:36:12,2020-01-15 15:27:21,6.8,79.2,128.39436258824432,29.392086330935253,27.73381294964029
346,2020-01-15 21:14:21,2020-01-15 22:44:33,42.4,97.6,130.0433206320451,31.282127031019204,28.89807976366322
347,2020-01-16 04:42:53,2020-01-16 06:05:44,29.2,97.6,128.01000037971087,30.9951768488746,28.0016077170418
348,2020-01-16 16:46:31,2020-01-16 18:37:47,28.4,97.6,127.36487483542072,30.562874251497007,29.076646706586825
349,2020-01-17 00:59:19,2020-01-17 01:54:17,42.0,74.0,128.80173347222222,26.47457627118644,22.421307506053267
350,2020-01-17 10:50:20,2020-01-17 12:39:37,42.0,96.4,127.23990225183823,19.428048780487806,17.847560975609756
351,2020-01-17 14:08:32,2020-01-17 14:37:05,83.2,97.6,127.84223419174393,22.0,20.94418604651163
352,2020-01-18 01:45:35,2020-01-18 02:59:06,28.4,93.2,127.20485016718104,23.105072463768117,21.028985507246375
353,2020-01-18 13:11:02,2020-01-18 13:42:23,18.0,36.4,128.35751674214978,21.635593220338983,19.872881355932204
354,2020-01-18 13:45:35,2020-01-18 14:52:28,36.0,75.6,127.23627958052757,25.101391650099405,23.467196819085487
355,2020-01-18 20:56:51,2020-01-18 22:09:03,35.2,96.8,127.33870866477275,27.584870848708487,25.263837638376383
356,2020-01-19 17:31:09,2020-01-19 18:48:41,40.4,97.6,127.56254012237764,22.123711340206185,20.5446735395189
357,2020-01-19 23:46:43,2020-01-20 00:56:45,46.8,97.6,128.30188192530622,25.106463878326995,22.127376425855513
358,2020-01-20 15:38:04,2020-01-20 17:03:19,29.2,97.6,127.0349838470598,26.0515625,24.3625
359,2020-01-22 05:40:51,2020-01-22 07:13:59,20.0,97.6,126.24537741623713,25.105865522174536,24.160228898426322
360,2020-01-22 13:55:29,2020-01-22 14:37:46,58.8,94.4,125.9481980961298,27.67610062893082,25.98427672955975
361,2020-01-22 23:06:28,2020-01-23 00:26:39,29.6,97.6,125.95003472834966,31.858803986710964,29.602990033222593
362,2020-01-23 05:29:39,2020-01-23 07:12:39,30.0,97.6,126.201683530572,34.24191461836999,30.596377749029756
363,2020-01-23 16:26:52,2020-01-23 17:43:59,38.0,89.6,125.33041669089151,34.07944732297064,32.16234887737478
364,2020-01-26 16:00:58,2020-01-26 17:57:50,26.0,97.6,123.80412523471449,17.972633979475486,16.91448118586089
365,2020-01-27 18:45:17,2020-01-27 20:48:02,21.6,97.6,124.18197988304097,19.762214983713356,18.476655808903367
366,2020-01-28 02:04:43,2020-01-28 03:51:03,38.4,97.6,125.63326402027029,22.573934837092732,19.343358395989974
367,2020-01-28 09:41:57,2020-01-28 11:53:06,23.6,97.6,124.9330576783033,23.00609756097561,19.46849593495935
368,2020-01-29 13:19:02,2020-01-29 15:29:47,30.8,97.6,124.73672292082503,19.591233435270134,18.273190621814475
369,2020-01-30 01:34:13,2020-01-30 02:52:09,38.4,97.6,126.48287297766518,22.07508532423208,19.914675767918087
370,2020-01-30 13:46:17,2020-01-30 15:45:39,37.2,97.6,126.09231581585728,22.414715719063544,20.998885172798218
371,2020-02-04 15:43:50,2020-02-04 17:58:04,28.4,97.6,123.1985148843931,20.46276067527309,19.168818272095333
372,2020-02-06 17:19:42,2020-02-06 18:49:54,20.4,97.6,122.81553454051529,25.420974889217135,23.957163958641065
373,2020-02-07 01:13:13,2020-02-07 03:08:30,28.4,97.6,123.89526101878619,28.123699421965316,25.341040462427745
374,2020-02-07 22:37:49,2020-02-08 02:01:58,25.6,97.6,122.55030819444444,22.743958197256696,21.468974526453298
375,2020-02-08 19:19:38,2020-02-08 20:29:41,45.2,97.6,126.27927980810011,22.79087452471483,21.655893536121674
376,2020-02-09 17:58:38,2020-02-09 19:23:08,25.6,97.6,123.95683858796298,24.930708661417324,23.19685039370079
377,2020-02-10 01:45:39,2020-02-10 02:49:50,50.4,97.6,126.05179563912432,25.33195020746888,23.182572614107883
378,2020-02-12 09:30:27,2020-02-12 10:47:19,57.2,97.6,125.59644663778884,19.79896013864818,19.09358752166378
379,2020-02-16 15:13:35,2020-02-16 18:33:27,40.8,97.6,124.797610032277,14.196797865243497,13.364242828552369
380,2020-02-17 16:55:36,2020-02-17 18:07:07,44.8,97.6,124.99834496527778,20.258845437616387,18.810055865921786
381,2020-02-18 12:48:56,2020-02-18 13:59:55,40.8,97.6,124.37586444395541,22.43714821763602,21.105065666041277
382,2020-02-23 19:22:35,2020-02-23 20:46:30,24.8,97.6,123.5213028178419,29.723809523809525,28.493650793650794
383,2020-02-24 14:25:21,2020-02-24 15:20:59,51.2,97.6,124.43481533764371,30.198564593301434,28.576555023923444
384,2020-02-25 12:42:40,2020-02-25 14:00:36,30.4,97.6,122.65616931836973,30.38974358974359,29.138461538461538
385,2020-02-26 22:05:48,2020-02-27 00:22:18,16.8,97.6,123.07425580995601,33.2099609375,31.3935546875
386,2020-02-27 16:34:24,2020-02-27 18:13:57,60.4,97.6,125.93991808542417,31.921017402945115,30.933065595716197
387,2020-02-28 10:53:25,2020-02-28 12:34:57,29.6,97.6,122.2647294158497,27.059055118110237,25.595800524934383
388,2020-02-28 22:14:34,2020-02-28 23:06:12,64.0,97.6,123.16435624586646,28.97680412371134,27.010309278350515
389,2020-02-29 23:25:53,2020-03-01 00:58:21,37.2,97.6,123.4750856949044,30.965417867435157,29.586455331412104
390,2020-03-01 21:56:02,2020-03-01 23:17:42,25.6,97.6,122.61955935185188,33.060358890701465,31.31647634584013
391,2020-03-02 15:37:10,2020-03-02 16:28:24,55.6,97.6,124.71825000000001,28.12207792207792,26.654545454545456
392,2020-03-02 23:26:38,2020-03-03 00:35:05,38.4,97.6,123.60330826529655,30.708171206225682,28.75875486381323
393,2020-03-03 15:53:25,2020-03-03 16:44:47,49.6,97.6,125.08855778356487,28.870466321243523,27.33937823834197
394,2020-03-04 15:07:09,2020-03-04 16:08:32,39.6,97.6,123.88916553400387,25.19522776572668,23.362255965292842
395,2020-03-05 11:57:38,2020-03-05 14:01:19,25.2,97.6,121.72388380141194,22.78448275862069,21.454741379310345
396,2020-03-06 17:52:20,2020-03-06 19:44:08,29.2,97.6,122.53024163417807,27.702026221692492,26.295589988081048
397,2020-03-07 16:16:37,2020-03-07 17:09:51,53.6,97.6,124.92501319128793,27.0975,25.325
398,2020-03-08 17:04:17,2020-03-08 18:36:52,41.6,97.6,124.16371803075398,28.562589928057555,26.834532374100718
399,2020-03-09 02:12:25,2020-03-09 03:12:36,47.2,97.6,125.00852858245153,29.957964601769913,28.06637168141593
400,2020-03-09 16:38:48,2020-03-09 19:29:03,34.4,97.6,124.28949415216246,29.58418167580266,28.066562255285827
401,2020-03-10 19:10:21,2020-03-10 19:33:42,34.4,48.8,121.69505017361114,27.193181818181817,25.443181818181817
402,2020-03-10 19:59:43,2020-03-10 20:32:08,48.4,68.4,121.8354436805555,28.5327868852459,26.848360655737704
403,2020-03-11 10:32:03,2020-03-11 13:35:38,42.8,97.6,124.48509845498785,22.750181554103122,21.49019607843137
404,2020-03-11 22:58:28,2020-03-12 00:16:49,30.0,97.6,123.49621191444776,27.512733446519526,25.741935483870968
405,2020-03-12 16:23:18,2020-03-12 17:46:49,47.2,97.6,123.79728719135805,26.274322169059012,24.637958532695375
406,2020-03-13 02:42:35,2020-03-13 04:26:56,41.6,97.6,123.56862075148811,27.618135376756065,26.094508301404854
407,2020-03-14 08:04:47,2020-03-14 08:59:54,66.8,97.6,124.4208323277417,21.6256038647343,20.46135265700483
408,2020-03-14 21:46:02,2020-03-14 23:21:41,34.0,97.6,122.9956770505765,27.662952646239553,26.394150417827298
409,2020-03-16 00:22:43,2020-03-16 01:31:10,39.6,97.6,124.32679892720309,28.394941634241246,26.667315175097276
410,2020-03-16 09:38:28,2020-03-16 10:20:06,77.6,97.6,122.55555849999999,25.57188498402556,23.78594249201278
411,2020-03-17 09:36:54,2020-03-17 11:18:42,42.0,97.6,124.15522400829337,25.848167539267017,25.036649214659686
412,2020-03-17 20:47:33,2020-03-17 22:34:49,40.0,97.6,123.77405366030096,27.520496894409938,25.744099378881987
413,2020-03-18 21:05:42,2020-03-18 22:19:37,34.8,97.6,123.2286274703645,27.63243243243243,26.075675675675676
414,2020-03-19 11:22:30,2020-03-19 12:06:08,64.8,97.6,123.88860257876017,25.65548780487805,23.929878048780488
415,2020-03-20 13:51:36,2020-03-20 15:10:11,29.2,97.6,122.46265093607865,28.098305084745764,26.613559322033897
416,2020-03-21 00:50:17,2020-03-21 02:08:20,32.0,97.6,123.1142729928862,29.568259385665527,27.549488054607508
417,2020-03-21 18:48:33,2020-03-21 20:23:16,40.0,97.6,123.10654433352626,29.685393258426966,28.155898876404493
418,2020-03-22 18:53:28,2020-03-22 20:30:04,12.4,97.6,124.16845446498439,35.426206896551726,33.855172413793106
419,2020-03-23 01:33:19,2020-03-23 02:09:28,69.6,97.6,125.30914031746032,33.98529411764706,31.121323529411764
420,2020-03-23 21:19:07,2020-03-23 23:05:28,4.0,97.6,124.7301836835233,35.255639097744364,33.852130325814535
421,2020-03-24 18:04:44,2020-03-24 19:01:42,50.0,97.6,124.78082245564894,33.39018691588785,31.345794392523363
422,2020-03-29 18:06:45,2020-03-29 18:56:31,41.2,87.6,123.0505869073276,22.6951871657754,22.029411764705884
423,2020-03-30 12:05:24,2020-03-30 13:11:10,48.4,97.6,124.13914086495035,24.05668016194332,21.79757085020243
424,2020-03-30 22:31:49,2020-03-30 23:57:44,27.2,97.6,123.08538895596593,23.869767441860464,21.590697674418603
425,2020-03-31 16:18:51,2020-03-31 18:24:16,23.6,97.6,121.86142793543546,23.162248144220573,21.546129374337223
426,2020-04-01 15:04:17,2020-04-01 16:07:08,51.6,97.6,124.71553695048314,21.904661016949152,20.516949152542374
427,2020-04-02 00:01:40,2020-04-02 02:03:45,26.4,97.6,122.8364745786517,24.799126637554586,22.85589519650655
428,2020-04-02 03:17:57,2020-04-02 03:52:46,86.0,97.6,125.74042739463607,25.35114503816794,23.0
429,2020-04-03 00:45:00,2020-04-03 03:42:43,35.6,97.6,123.05977044578853,22.703675918979744,21.453863465866466
430,2020-04-03 05:27:32,2020-04-03 05:53:09,85.2,97.6,122.84142591845885,23.94818652849741,22.0
431,2020-04-03 18:23:15,2020-04-03 19:07:41,33.6,86.0,121.4389395091179,25.04191616766467,23.164670658682635
432,2020-04-04 15:36:10,2020-04-04 16:38:53,44.8,97.6,124.4219145570286,26.673728813559322,25.29237288135593
433,2020-04-07 23:31:58,2020-04-08 01:12:35,9.2,97.6,123.5097573796506,28.487417218543047,27.14039735099338
434,2020-04-08 14:44:48,2020-04-08 15:37:54,53.6,97.6,124.51029578914145,30.318295739348372,28.92230576441103
435,2020-04-09 02:13:57,2020-04-09 03:25:04,36.4,97.6,123.90344261755628,29.975655430711612,27.741573033707866
436,2020-04-10 02:57:06,2020-04-10 03:58:29,46.0,97.6,124.23478932762704,29.40997830802603,27.815618221258134
437,2020-04-10 13:57:25,2020-04-10 14:36:31,65.6,97.6,121.61810920572917,30.62925170068027,29.54421768707483
438,2020-04-11 03:09:53,2020-04-11 04:23:24,34.0,97.6,123.56683566561846,31.144927536231883,29.43840579710145
439,2020-04-11 20:37:15,2020-04-11 22:15:27,11.2,97.6,124.01925451067387,31.360922659430123,29.150610583446404
440,2020-04-12 09:43:16,2020-04-12 10:33:02,62.8,97.6,125.87159010217115,22.494652406417114,20.66042780748663
441,2020-04-12 21:43:09,2020-04-12 23:12:17,19.6,97.6,123.21005721509972,31.881913303437965,29.753363228699552
442,2020-04-13 12:18:30,2020-04-13 13:28:01,55.6,97.6,123.90022599867727,25.804597701149426,24.279693486590038
443,2020-04-13 23:50:30,2020-04-14 01:02:25,35.6,97.6,123.77078377464159,29.32037037037037,27.537037037037038
444,2020-04-14 17:11:35,2020-04-14 19:31:44,22.0,97.6,122.9382726767343,29.77851711026616,28.155893536121674
445,2020-04-15 13:19:22,2020-04-15 14:18:52,49.2,97.6,124.80651269800278,30.125279642058164,28.595078299776286
446,2020-04-16 00:14:30,2020-04-16 01:47:53,14.4,97.6,123.16850683259885,33.932952924393724,31.380884450784592
447,2020-04-16 11:41:37,2020-04-16 12:39:24,49.2,97.6,124.03699171544997,31.016129032258064,29.26036866359447
448,2020-04-16 14:54:08,2020-04-16 15:18:01,81.6,97.6,124.72746571180558,33.95,32.0
449,2020-04-17 01:15:53,2020-04-17 02:23:32,33.2,94.0,122.9286369083516,32.72834645669291,30.362204724409448
450,2020-04-17 06:41:02,2020-04-17 07:09:35,76.8,97.6,124.27619114583337,30.832558139534882,27.76279069767442
451,2020-04-17 21:48:56,2020-04-17 23:10:43,19.2,94.4,122.78067394725176,34.920195439739416,33.10749185667753
452,2020-04-19 12:25:46,2020-04-19 13:51:58,21.2,97.6,122.53825919684411,32.29057187017001,30.993817619783616
453,2020-04-20 19:16:51,2020-04-20 21:28:40,18.0,97.6,124.29684153056952,33.01112234580384,31.961577350859454
454,2020-04-21 03:17:27,2020-04-21 04:29:31,35.2,97.6,123.06426064592237,34.78558225508318,32.046210720887245
455,2020-04-21 16:34:23,2020-04-21 18:13:40,10.0,97.6,124.2080373810883,36.98926174496644,35.49664429530201
456,2020-04-22 18:41:52,2020-04-22 19:09:32,64.8,89.6,123.22917697132618,24.724550898203592,22.688622754491018
457,2020-04-22 19:09:53,2020-04-22 19:28:53,90.0,97.6,136.8585721856726,25.321739130434782,23.469565217391306
458,2020-04-23 13:48:42,2020-04-23 15:12:45,25.2,97.6,122.04747568677104,26.91442155309033,25.624405705229794
459,2020-04-24 01:52:46,2020-04-24 02:16:56,4.8,28.0,121.874420677682,26.801369863013697,24.226027397260275
460,2020-04-24 02:17:17,2020-04-24 02:42:47,28.4,52.4,124.32409444444448,29.07792207792208,26.7012987012987
461,2020-04-24 02:43:08,2020-04-24 03:08:48,52.8,76.8,125.14122418981482,31.729032258064517,29.6
462,2020-04-24 03:09:09,2020-04-24 03:37:59,77.2,97.6,130.15321398420485,32.99425287356322,30.804597701149426
463,2020-04-24 10:07:00,2020-04-24 10:31:10,80.4,97.6,124.7343182332042,28.075342465753426,26.0
464,2020-04-24 11:03:52,2020-04-24 11:31:12,54.0,79.2,125.7457101521164,27.98181818181818,25.533333333333335
465,2020-04-24 11:31:33,2020-04-24 11:52:53,79.2,96.0,105.79448239087306,30.3953488372093,27.0
466,2020-04-24 23:48:50,2020-04-25 00:35:12,25.6,70.4,120.92802760416667,26.135231316725978,23.98576512455516
467,2020-04-25 00:35:33,2020-04-25 00:56:23,70.8,89.2,125.65974698067632,29.015873015873016,26.896825396825395
468,2020-04-25 14:55:01,2020-04-25 15:23:58,26.4,54.8,119.53061975743351,28.78857142857143,27.49142857142857
469,2020-04-25 15:24:19,2020-04-25 15:56:09,55.2,85.6,122.78189724963453,31.979166666666668,30.578125
470,2020-04-25 15:56:30,2020-04-25 16:15:40,85.6,97.6,126.46992986111114,33.0,31.42241379310345
471,2020-04-26 01:34:02,2020-04-26 02:19:36,42.8,86.8,122.48888310606061,30.145214521452147,27.89108910891089
472,2020-04-26 22:01:17,2020-04-26 22:29:57,33.6,61.2,121.22736025563607,32.543352601156066,30.953757225433527
473,2020-04-26 22:30:18,2020-04-26 22:57:18,61.6,87.2,123.10547460937498,34.77914110429448,33.263803680981596
474,2020-04-26 22:57:39,2020-04-26 23:14:59,87.6,97.6,131.5583208333333,35.48571428571429,34.0
475,2020-04-27 12:54:18,2020-04-27 13:23:58,34.0,62.8,120.5083123553241,32.75977653631285,31.100558659217878
476,2020-04-27 13:24:19,2020-04-27 13:55:29,62.8,90.8,123.05805104166667,34.776595744680854,33.180851063829785
477,2020-04-28 01:44:21,2020-04-28 02:11:31,40.0,66.4,121.78977472643093,32.140243902439025,29.99390243902439
478,2020-04-28 02:11:52,2020-04-28 02:41:12,66.8,92.4,124.19217789713537,33.813559322033896,31.757062146892654
479,2020-04-28 11:39:57,2020-04-28 12:06:17,59.6,73.6,122.69640162698418,32.0,30.371069182389938
480,2020-04-28 12:06:38,2020-04-28 12:34:18,73.6,88.4,124.31115559309302,32.0,31.0
481,2020-04-28 12:34:39,2020-04-28 12:51:39,88.8,97.6,128.453254419192,32.0,31.0
482,2020-04-28 18:11:55,2020-04-28 18:37:15,54.8,78.8,122.93056597222225,38.111111111111114,36.0
483,2020-04-28 18:37:36,2020-04-28 18:58:46,79.2,94.8,125.70781063034192,39.0,36.2109375
484,2020-04-29 00:05:01,2020-04-29 00:37:31,56.4,68.0,120.47423132183906,35.635467980295566,32.039408866995075
485,2020-04-29 00:37:52,2020-04-29 00:59:52,68.0,75.6,124.47378070175445,35.0,32.0
486,2020-04-29 01:00:13,2020-04-29 01:32:03,75.6,86.8,122.21735664682534,35.0,32.0
487,2020-04-29 01:32:24,2020-04-29 02:01:34,86.8,96.8,125.41676388888887,34.57386363636363,31.164772727272727
488,2020-04-29 07:21:11,2020-04-29 07:46:41,67.6,82.0,124.25348649691355,31.0,28.0
489,2020-04-29 07:47:02,2020-04-29 08:15:42,82.0,97.6,124.41864387464392,31.0,28.76300578034682
490,2020-04-29 19:21:40,2020-04-29 19:40:40,59.2,77.6,122.24864696557975,34.96521739130435,33.608695652173914
491,2020-04-29 19:41:01,2020-04-29 20:07:31,78.0,97.6,126.7665919075964,35.89375,34.01875
492,2020-04-30 17:30:04,2020-04-30 17:57:54,8.0,25.2,121.90571172480622,37.0,35.0
493,2020-04-30 17:58:15,2020-04-30 18:27:15,25.6,43.2,124.1288153409091,37.59428571428571,35.48571428571429
494,2020-04-30 18:27:36,2020-04-30 19:01:46,43.6,64.4,123.74468549679487,38.898058252427184,36.75728155339806
495,2020-04-30 19:02:07,2020-04-30 19:28:37,64.8,80.4,127.97011378205121,39.0,37.0
496,2020-05-01 03:35:15,2020-05-01 04:02:45,31.6,56.4,120.27330846774196,34.63253012048193,31.55421686746988
497,2020-05-01 04:03:06,2020-05-01 04:32:06,56.8,82.4,122.83204009331594,36.817142857142855,33.994285714285716
498,2020-05-01 04:32:27,2020-05-01 04:55:17,82.4,97.6,127.34375721856739,37.92028985507246,35.0
499,2020-05-01 15:18:57,2020-05-01 15:48:17,54.4,72.0,121.10324171401517,36.847457627118644,34.0
500,2020-05-01 15:48:38,2020-05-01 16:14:31,72.0,86.8,122.42728416854357,37.0,34.210191082802545
501,2020-05-01 16:14:52,2020-05-01 16:35:02,86.8,97.6,126.74512950102886,37.0,35.0
502,2020-05-02 07:27:09,2020-05-02 07:55:49,58.4,85.6,123.10918469158503,31.30635838150289,29.91907514450867
503,2020-05-02 07:56:10,2020-05-02 08:14:50,86.0,97.6,129.06371336206902,32.0,31.0
504,2020-05-02 19:03:54,2020-05-02 19:21:54,22.4,39.6,122.22061999354005,36.37614678899082,34.41284403669725
505,2020-05-02 19:22:15,2020-05-02 19:54:55,40.0,71.6,120.66939816279888,38.868020304568525,37.131979695431475
506,2020-05-02 19:55:16,2020-05-02 20:25:36,72.0,95.6,127.49294103107347,40.0,38.076502732240435
507,2020-05-03 14:04:36,2020-05-03 14:35:36,50.4,80.0,122.58213565127629,38.598930481283425,36.475935828877006
508,2020-05-03 14:35:57,2020-05-03 15:00:37,80.4,97.6,127.55412564599493,39.0,37.0
509,2020-05-04 01:38:47,2020-05-04 02:12:27,72.0,97.6,124.63758772786461,36.0,34.73399014778325
510,2020-05-04 20:35:00,2020-05-04 21:02:00,20.8,46.8,122.72756372863249,37.17791411042945,35.760736196319016
511,2020-05-04 21:02:21,2020-05-04 21:34:11,47.2,78.0,122.3421755952381,40.192708333333336,38.583333333333336
512,2020-05-04 21:34:32,2020-05-04 22:01:12,78.4,97.6,127.0117210648149,41.0,39.0
513,2020-05-05 13:11:30,2020-05-05 13:32:20,21.2,41.2,122.55418104166668,36.72222222222222,34.86507936507937
514,2020-05-05 13:32:41,2020-05-05 14:01:41,41.2,69.6,120.2748605242567,39.30285714285714,37.47428571428571
515,2020-05-05 14:02:02,2020-05-05 14:30:32,70.0,93.6,126.04521274717521,40.7906976744186,39.0
516,2020-05-06 00:54:53,2020-05-06 01:22:33,30.4,56.8,122.04755408249159,38.49101796407186,36.203592814371255
517,2020-05-06 01:22:54,2020-05-06 01:51:54,57.2,84.4,124.16053656045749,40.72,38.10857142857143
518,2020-05-06 01:52:15,2020-05-06 02:12:25,84.8,97.6,129.29361295572917,41.0,38.40163934426229
519,2020-05-06 16:20:58,2020-05-06 16:52:58,36.0,58.4,120.39746137152778,38.41968911917098,36.64248704663213
520,2020-05-06 16:53:19,2020-05-06 17:25:59,58.4,80.8,122.88133823164682,39.28934010152284,37.0
521,2020-05-06 17:26:20,2020-05-06 17:51:20,81.2,96.8,128.31643919159552,40.0,37.0
522,2020-05-07 02:11:47,2020-05-07 02:33:37,40.8,55.6,124.17793262012012,38.28787878787879,35.93181818181818
523,2020-05-07 02:33:58,2020-05-07 03:03:28,56.0,76.4,121.87161172385619,39.0,36.90449438202247
524,2020-05-07 03:03:49,2020-05-07 03:32:59,76.4,95.2,126.42511103723409,39.0,37.0
525,2020-05-07 17:28:58,2020-05-07 17:51:18,14.0,35.6,120.51183551954733,37.27407407407407,35.6
526,2020-05-07 17:51:39,2020-05-07 18:19:29,35.6,62.4,121.05722092661695,39.845238095238095,38.19642857142857
527,2020-05-07 18:19:50,2020-05-07 18:51:20,62.8,90.8,125.3130043154762,41.636842105263156,39.99473684210526
528,2020-05-08 19:25:23,2020-05-08 19:51:53,52.0,77.6,120.66677620442712,38.63125,37.0125
529,2020-05-08 19:52:14,2020-05-08 20:19:54,77.6,97.6,126.95001527777781,39.0,38.0
530,2020-05-09 00:18:18,2020-05-09 00:45:38,62.4,86.4,123.25753200231478,39.0,36.36969696969697
531,2020-05-09 06:33:15,2020-05-09 06:50:25,30.4,44.8,120.37713445216053,36.0,33.32692307692308
532,2020-05-09 06:50:46,2020-05-09 07:17:06,44.8,66.4,119.00656925154314,37.477987421383645,34.735849056603776
533,2020-05-09 07:17:27,2020-05-09 07:44:47,66.4,86.8,124.53909490740745,38.0,35.53333333333333
534,2020-05-09 07:45:08,2020-05-09 08:02:38,87.2,97.6,130.2323855502138,38.0,36.0
535,2020-05-09 16:01:44,2020-05-09 16:29:54,40.4,65.6,120.57376036155205,40.28235294117647,38.77058823529412
536,2020-05-09 16:30:15,2020-05-09 16:56:55,66.0,89.2,123.96313589559387,41.714285714285715,40.09316770186335
537,2020-05-10 01:29:11,2020-05-10 01:55:51,20.0,45.6,121.46972075737847,38.683229813664596,35.88819875776397
538,2020-05-10 01:56:12,2020-05-10 02:23:32,45.6,72.0,120.73284348695287,41.193939393939395,38.43636363636364
539,2020-05-10 02:23:53,2020-05-10 02:51:53,72.4,94.8,125.57725093005958,42.0,39.0
540,2020-05-10 21:26:03,2020-05-10 21:51:23,50.8,74.8,123.2731582175926,32.88235294117647,31.019607843137255
541,2020-05-10 21:51:44,2020-05-10 22:20:54,75.2,96.8,128.0214836033951,34.00568181818182,32.33522727272727
542,2020-05-11 05:00:43,2020-05-11 05:30:13,20.8,49.2,121.31212074530515,34.050561797752806,31.48314606741573
543,2020-05-11 05:30:34,2020-05-11 06:03:34,49.6,81.2,121.89390528305204,37.04522613065327,34.527638190954775
544,2020-05-11 06:03:55,2020-05-11 06:27:25,81.6,97.6,126.44618107638892,38.0,35.08450704225352
545,2020-05-11 22:54:54,2020-05-11 23:25:34,43.6,73.2,120.9365670045045,35.35675675675676,32.351351351351354
546,2020-05-11 23:25:55,2020-05-11 23:58:25,73.2,97.6,126.78621095173045,36.89795918367347,33.96938775510204
547,2020-05-12 04:02:24,2020-05-12 04:31:44,67.6,93.2,122.02255316840271,34.51977401129943,31.06779661016949
548,2020-05-13 01:05:23,2020-05-13 01:34:43,58.0,86.0,122.8035886904762,33.92090395480226,32.6045197740113
549,2020-05-13 16:34:02,2020-05-13 17:06:39,24.0,55.2,121.7819215500356,34.83248730964467,32.9492385786802
550,2020-05-13 17:07:00,2020-05-13 17:35:20,55.6,82.8,121.32813036151964,37.58479532163743,35.748538011695906
551,2020-05-14 13:08:22,2020-05-14 13:38:12,37.6,66.8,119.37263560692544,34.83888888888889,33.18333333333333
552,2020-05-14 13:38:33,2020-05-14 14:07:13,66.8,92.0,123.27988210978835,36.786127167630056,35.3121387283237
553,2020-05-15 13:20:12,2020-05-15 13:53:52,18.8,30.4,125.2825186781609,34.0,32.04926108374384
554,2020-05-15 13:54:13,2020-05-15 14:19:53,30.8,39.6,125.90272916666663,34.87096774193548,33.038709677419355
555,2020-05-15 14:20:14,2020-05-15 14:53:04,40.0,51.6,122.18146623563213,35.85353535353536,34.23232323232323
556,2020-05-15 14:53:25,2020-05-15 15:19:25,52.0,61.2,121.99270652173905,36.98089171974522,35.0
557,2020-05-15 15:19:46,2020-05-15 15:47:46,61.2,71.2,120.86661999999997,37.0,35.0
558,2020-05-15 15:48:07,2020-05-15 16:19:07,71.2,82.0,123.90427314814814,37.0,35.00534759358289
559,2020-05-15 16:19:28,2020-05-15 16:49:28,82.0,92.0,129.49994999999996,37.0,35.972375690607734
560,2020-05-15 16:49:49,2020-05-15 17:06:39,92.0,97.6,129.75689434523815,37.0,36.0
561,2020-05-16 03:13:10,2020-05-16 03:39:20,18.4,43.2,122.87914857750894,34.848101265822784,32.778481012658226
562,2020-05-16 03:39:41,2020-05-16 04:03:41,43.6,66.8,120.48611326628355,37.46206896551724,35.36551724137931
563,2020-05-16 04:04:02,2020-05-16 04:27:02,67.2,88.8,123.82459342849799,38.64748201438849,36.431654676258994
564,2020-05-16 16:05:45,2020-05-16 16:40:45,34.0,68.0,119.90359665032682,38.18009478672986,36.88151658767772
565,2020-05-16 16:41:06,2020-05-16 17:03:56,68.0,89.2,123.89217315251572,39.63768115942029,38.26086956521739
566,2020-05-16 21:23:59,2020-05-16 21:43:49,48.0,60.4,119.64270239695341,38.0,34.74166666666667
567,2020-05-16 21:44:10,2020-05-16 22:15:00,60.4,79.2,123.09915240839243,38.005376344086024,35.0
568,2020-05-16 22:15:21,2020-05-16 22:42:41,79.6,96.0,124.15736068766935,38.878787878787875,35.2969696969697
569,2020-05-17 13:02:17,2020-05-17 13:28:57,54.8,71.2,122.22224932249321,34.34782608695652,33.0
570,2020-05-17 13:29:18,2020-05-17 13:58:58,71.2,89.2,123.88428657407411,35.02793296089386,33.66480446927374
571,2020-05-17 19:36:37,2020-05-17 20:08:07,58.8,78.0,123.35289192708333,37.247368421052634,36.0
572,2020-05-17 20:08:28,2020-05-17 20:40:08,78.4,97.2,125.1861981382979,38.0,36.0
573,2020-05-18 00:52:40,2020-05-18 01:22:50,69.6,94.0,124.94195366575589,35.0,32.0
574,2020-05-18 06:32:31,2020-05-18 07:04:01,58.4,88.4,121.6291838888889,35.536842105263155,32.66842105263158
575,2020-05-18 13:17:48,2020-05-18 13:45:48,64.0,90.0,122.97542232905985,35.33136094674556,33.42603550295858
576,2020-05-18 19:33:54,2020-05-18 19:53:34,63.2,82.0,121.53813874113482,36.21008403361345,34.05042016806723
577,2020-05-18 19:53:55,2020-05-18 20:16:45,82.4,97.6,126.88143411915216,37.0,34.391304347826086
578,2020-05-19 17:41:56,2020-05-19 18:12:46,30.8,60.4,121.43674981231231,35.596774193548384,34.376344086021504
579,2020-05-19 18:13:07,2020-05-19 18:42:57,60.8,88.8,122.78869394841271,38.06111111111111,36.61666666666667
580,2020-05-20 12:48:27,2020-05-20 13:19:17,48.4,66.4,124.12501759259254,34.51075268817204,32.865591397849464
581,2020-05-20 13:19:38,2020-05-20 13:47:18,66.8,82.4,123.3351306089743,35.0,33.880239520958085
582,2020-05-20 17:22:16,2020-05-20 17:50:46,60.8,77.2,123.30709552845525,36.0,33.52906976744186
583,2020-05-20 17:51:07,2020-05-20 18:12:47,77.2,89.2,123.91089768518519,36.0,34.0
584,2020-05-21 00:09:46,2020-05-21 00:26:56,45.2,61.6,122.79301185636855,33.625,30.85576923076923
585,2020-05-21 00:27:17,2020-05-21 00:53:27,62.0,86.8,123.84407291666668,35.08227848101266,32.38607594936709
586,2020-05-21 00:53:48,2020-05-21 01:11:38,87.2,97.6,131.2179799679489,36.0,33.0
587,2020-05-21 07:34:26,2020-05-21 08:12:49,44.8,81.2,122.5624098710317,34.07327586206897,31.478448275862068
588,2020-05-21 17:06:06,2020-05-21 17:38:36,33.6,65.6,119.72918906250005,37.83673469387755,36.33673469387755
589,2020-05-21 17:38:57,2020-05-21 18:09:57,65.6,92.8,123.04741191789216,39.88235294117647,38.27807486631016
590,2020-05-22 01:34:01,2020-05-22 02:09:03,35.6,69.2,121.62441938657406,35.759433962264154,32.41981132075472
591,2020-05-22 02:09:24,2020-05-22 02:38:13,69.6,93.6,123.32887223958333,37.222857142857144,34.0
592,2020-05-22 16:17:23,2020-05-22 16:49:36,13.2,33.2,121.08099906944445,33.43589743589744,31.892307692307693
593,2020-05-22 16:49:57,2020-05-22 17:19:47,33.2,51.6,121.87351736111114,35.327777777777776,33.766666666666666
594,2020-05-22 17:20:08,2020-05-22 17:50:18,52.0,70.4,123.23523263888889,36.90659340659341,35.14835164835165
595,2020-05-22 17:50:39,2020-05-22 18:20:49,70.8,88.8,125.97379336419756,37.43956043956044,36.0
596,2020-05-23 05:00:24,2020-05-23 05:25:54,30.4,55.2,120.26043458781362,33.45454545454545,31.337662337662337
597,2020-05-23 05:26:15,2020-05-23 05:53:45,55.6,81.6,123.87876981837613,35.98192771084337,33.81927710843374
598,2020-05-23 14:02:11,2020-05-23 14:19:31,60.8,71.6,120.76262962962971,32.89523809523809,30.942857142857143
599,2020-05-23 14:19:52,2020-05-23 14:45:52,71.6,87.6,122.3880479166667,33.0,31.089171974522294
600,2020-05-23 14:46:13,2020-05-23 15:03:12,87.6,97.6,125.84947275,33.51923076923077,32.0
601,2020-05-24 02:40:54,2020-05-24 02:59:44,28.4,42.8,120.20449710648154,31.666666666666668,29.75438596491228
602,2020-05-24 03:00:05,2020-05-24 03:30:45,43.2,66.4,121.47691379310346,33.65405405405406,31.751351351351353
603,2020-05-24 03:31:06,2020-05-24 03:56:56,66.8,86.0,123.69793909143519,35.0,33.0
604,2020-05-24 03:57:17,2020-05-24 04:15:47,86.4,97.6,128.90875793650807,35.232142857142854,33.0
605,2020-05-24 13:18:27,2020-05-24 13:47:27,49.2,70.8,122.85105877057619,34.52,32.92
606,2020-05-24 13:47:48,2020-05-24 14:25:28,71.2,96.8,125.46927707248268,35.4625550660793,34.0
607,2020-05-25 08:38:23,2020-05-25 09:07:33,56.8,76.4,123.51195436507936,31.232954545454547,30.363636363636363
608,2020-05-25 09:07:54,2020-05-25 09:41:14,76.8,97.6,126.57189890491458,32.14427860696517,31.308457711442784
609,2020-05-25 19:57:35,2020-05-25 20:25:45,28.8,56.0,120.80729702818628,36.68421052631579,35.06432748538012
610,2020-05-25 20:26:06,2020-05-25 20:52:06,56.4,81.2,122.22670542114693,38.84076433121019,37.140127388535035
611,2020-05-25 20:52:27,2020-05-25 21:16:17,81.2,97.6,126.75559917005428,39.00694444444444,38.0
612,2020-05-26 08:12:07,2020-05-26 08:41:27,66.0,85.6,124.21986217403635,32.69491525423729,30.915254237288135
613,2020-05-26 08:41:48,2020-05-26 09:00:48,86.0,97.6,124.52591666666677,33.0,31.26086956521739
614,2020-05-26 17:31:03,2020-05-26 17:58:23,20.0,46.0,122.73772248931623,40.2060606060606,38.71515151515152
615,2020-05-26 17:58:44,2020-05-26 18:29:04,46.4,74.8,124.68310602503914,42.80327868852459,41.14207650273224
616,2020-05-26 18:29:25,2020-05-26 18:51:05,74.8,92.8,125.94986195987654,44.0,42.0
617,2020-05-27 05:11:07,2020-05-27 05:39:47,19.2,46.4,123.31854483251637,34.028901734104046,31.55491329479769
618,2020-05-27 05:40:08,2020-05-27 06:12:38,46.8,78.0,121.86522444800572,37.15816326530612,34.59183673469388
619,2020-05-27 06:12:59,2020-05-27 06:39:59,78.4,97.6,128.0100214843751,38.0,35.331288343558285
620,2020-05-27 18:38:43,2020-05-27 19:13:33,47.2,71.2,122.33682337962964,34.13333333333333,32.57142857142857
621,2020-05-27 19:13:54,2020-05-27 19:44:14,71.6,92.0,124.03597113289757,35.0,33.0
622,2020-05-28 05:47:56,2020-05-28 06:06:06,24.0,36.4,121.56926355286744,31.881818181818183,29.527272727272727
623,2020-05-28 06:06:27,2020-05-28 06:32:37,36.8,54.8,120.68676743827164,33.38607594936709,31.10126582278481
624,2020-05-28 06:32:58,2020-05-28 07:01:48,54.8,74.8,119.68823354166669,34.833333333333336,32.36206896551724
625,2020-05-28 07:02:09,2020-05-28 07:32:59,74.8,94.8,124.26877076388891,35.0,33.0
626,2020-05-28 17:17:18,2020-05-28 17:48:58,51.6,81.6,123.01852092592596,35.717277486910994,34.20942408376963
627,2020-05-28 17:49:19,2020-05-28 18:12:49,82.0,97.6,128.85862642450147,36.90845070422535,35.0
628,2020-05-29 01:45:44,2020-05-29 02:12:54,42.4,68.4,121.81570945512819,36.359756097560975,34.1280487804878
629,2020-05-29 02:13:15,2020-05-29 02:44:05,68.8,94.0,126.10119819223983,37.76881720430107,35.60215053763441
630,2020-05-29 16:35:00,2020-05-29 17:05:30,34.8,58.0,120.56154729406128,36.94021739130435,34.75
631,2020-05-29 17:05:51,2020-05-29 17:30:31,58.0,76.4,122.94535597826084,38.18791946308725,36.0
632,2020-05-29 17:30:52,2020-05-29 18:02:12,76.8,97.6,125.89744310897437,39.0,36.0
633,2020-05-30 01:34:03,2020-05-30 02:00:53,45.6,62.0,122.44069088753389,36.45679012345679,33.648148148148145
634,2020-05-30 02:01:14,2020-05-30 02:32:24,62.4,81.2,124.0587785165484,37.0,34.712765957446805
635,2020-05-30 10:07:43,2020-05-30 10:35:33,5.6,32.4,121.01573963515757,34.345238095238095,32.160714285714285
636,2020-05-30 10:35:54,2020-05-30 11:08:04,32.4,63.2,121.69010010822507,37.329896907216494,34.81443298969072
637,2020-05-30 11:08:25,2020-05-30 11:35:15,63.2,88.4,123.98973914241623,39.388888888888886,37.0
638,2020-05-30 22:28:12,2020-05-30 23:00:02,36.4,67.2,120.96276848845599,34.234375,31.963541666666668
639,2020-05-30 23:00:23,2020-05-30 23:21:13,67.2,87.2,121.84793180555558,36.15873015873016,34.05555555555556
640,2020-05-31 03:38:42,2020-05-31 04:12:32,34.0,66.4,122.62988035836761,36.6078431372549,33.72549019607843
641,2020-05-31 04:12:53,2020-05-31 04:43:03,66.8,92.8,123.86591330128208,38.55494505494506,35.76373626373626
642,2020-05-31 14:57:43,2020-05-31 15:28:33,20.8,42.0,120.95778498427671,35.806451612903224,33.145161290322584
643,2020-05-31 15:28:54,2020-05-31 15:55:34,42.0,60.4,120.53137681159419,37.81366459627329,35.33540372670807
644,2020-05-31 15:55:55,2020-05-31 16:24:45,60.8,80.4,122.34549702380949,39.0,36.0
645,2020-05-31 16:25:06,2020-05-31 16:52:56,80.4,97.6,126.78130377906984,39.0,36.226190476190474
646,2020-06-01 01:33:59,2020-06-01 01:55:49,31.2,48.0,120.39766972552908,33.484848484848484,30.636363636363637
647,2020-06-01 01:56:10,2020-06-01 02:22:40,48.0,68.4,120.39558265250541,35.15625,32.56875
648,2020-06-01 02:23:01,2020-06-01 02:49:31,68.8,88.8,122.88960541666667,36.0,33.0
649,2020-06-01 13:07:04,2020-06-01 13:55:03,30.8,67.2,120.15134980921856,35.259515570934255,32.57439446366782
650,2020-06-01 13:55:24,2020-06-01 14:22:34,67.2,87.6,121.40797440087152,37.0,34.0
651,2020-06-01 19:23:25,2020-06-01 19:48:35,50.0,66.8,124.61224627976193,36.48684210526316,33.776315789473685
652,2020-06-01 19:48:56,2020-06-01 20:18:56,67.2,87.6,122.38151919934646,37.0,34.0
653,2020-06-01 20:19:17,2020-06-01 20:36:17,87.6,97.6,127.70138402777778,37.0,34.0
654,2020-06-02 04:38:25,2020-06-02 05:06:15,69.6,90.0,124.86182271241826,33.607142857142854,31.029761904761905
655,2020-06-02 10:55:43,2020-06-02 11:22:23,62.8,82.8,121.75281833333335,35.0,32.869565217391305
656,2020-06-02 11:22:44,2020-06-02 11:45:54,82.8,97.6,125.26280762012014,35.85,33.0
657,2020-06-02 21:28:53,2020-06-02 22:01:23,49.6,80.8,121.52066012286329,33.91326530612245,31.918367346938776
658,2020-06-02 22:01:44,2020-06-02 22:25:54,81.2,97.6,127.1036629403795,35.0,33.0
659,2020-06-03 12:55:46,2020-06-03 13:25:36,40.8,69.6,120.61343315972223,36.12222222222222,34.53888888888889
660,2020-06-03 13:25:57,2020-06-03 13:53:27,69.6,92.8,123.47762062978927,37.59036144578313,36.0
661,2020-06-03 21:21:12,2020-06-03 21:50:52,61.2,79.2,123.88582993827161,33.87150837988827,31.536312849162012
662,2020-06-03 21:51:13,2020-06-03 22:19:13,79.6,96.4,124.27582126322743,34.0,32.094674556213015
663,2020-06-04 13:26:50,2020-06-04 13:53:30,55.2,71.6,122.20700389566406,35.0,33.577639751552795
664,2020-06-04 13:53:51,2020-06-04 14:21:11,72.0,88.4,125.27780555555555,35.92121212121212,34.25454545454546
665,2020-06-04 23:54:09,2020-06-05 00:24:09,38.0,67.2,119.69558751902586,37.88397790055249,36.03867403314917
666,2020-06-05 00:24:30,2020-06-05 00:51:30,67.6,91.2,124.82580673258002,39.41717791411043,37.5521472392638
667,2020-06-05 15:16:44,2020-06-05 15:34:24,42.8,59.6,124.17659556878304,37.38317757009346,35.51401869158879
668,2020-06-05 15:34:45,2020-06-05 16:02:05,60.0,86.4,122.28272427398991,38.81212121212121,36.85454545454545
669,2020-06-06 00:25:34,2020-06-06 00:54:04,20.0,47.6,120.46749642713365,33.41860465116279,31.209302325581394
670,2020-06-06 00:54:25,2020-06-06 01:25:35,48.0,78.0,121.13518861111112,36.505319148936174,34.27127659574468
671,2020-06-06 16:02:55,2020-06-06 16:37:05,28.8,61.6,120.32607672764229,33.93689320388349,32.019417475728154
672,2020-06-06 16:37:26,2020-06-06 17:06:26,62.0,88.8,123.37689458955228,36.48,34.47428571428571
673,2020-06-06 20:34:34,2020-06-06 20:55:24,58.8,74.4,123.47132736823355,34.25396825396825,31.0
674,2020-06-06 20:55:45,2020-06-06 21:24:55,74.8,95.2,123.49673284313722,35.0,31.47159090909091
675,2020-06-08 10:18:38,2020-06-08 10:46:48,26.4,53.6,120.10060518790849,30.63529411764706,29.24705882352941
676,2020-06-08 10:47:09,2020-06-08 11:14:29,53.6,80.0,120.01000394570707,33.47878787878788,32.06060606060606
677,2020-06-08 11:14:50,2020-06-08 11:40:00,80.0,97.6,125.72919815340914,34.44078947368421,33.0
678,2020-06-08 18:51:54,2020-06-08 19:10:54,52.8,70.8,123.3040212962963,34.04347826086956,31.904347826086955
679,2020-06-08 19:11:15,2020-06-08 19:40:15,71.2,94.4,124.89644330699232,35.0,32.994285714285716
680,2020-06-09 00:23:33,2020-06-09 00:48:33,54.8,63.6,123.10606060606055,35.0,33.0
681,2020-06-09 00:48:54,2020-06-09 01:22:34,64.0,75.6,125.76628352490427,35.0,33.0
682,2020-06-09 01:22:55,2020-06-09 01:52:35,76.0,86.4,123.61111111111104,35.0,33.0
683,2020-06-09 01:52:56,2020-06-09 02:26:06,86.4,97.6,128.32341269841282,35.0,32.855
684,2020-06-09 15:55:53,2020-06-09 16:23:53,68.0,77.6,126.87504861111123,31.473372781065088,30.0
685,2020-06-09 16:24:14,2020-06-09 16:53:14,78.0,88.0,126.15004833333339,32.0,30.0
686,2020-06-09 16:53:35,2020-06-09 17:16:55,88.4,96.4,126.87504861111114,32.0,30.0
687,2020-06-10 01:45:36,2020-06-10 02:15:26,39.6,68.8,120.93274681316592,30.66111111111111,28.483333333333334
688,2020-06-10 02:15:47,2020-06-10 02:35:27,69.2,88.0,123.75814265661944,32.529411764705884,30.42016806722689
689,2020-06-10 14:28:48,2020-06-10 15:26:51,14.8,62.0,121.65799793137946,38.52522935779817,36.31422018348624
690,2020-06-10 20:35:13,2020-06-10 21:03:23,31.2,58.4,120.94721206086602,37.28235294117647,34.51176470588236
691,2020-06-10 21:03:44,2020-06-10 21:32:34,58.8,86.4,121.99779428341382,39.304597701149426,36.37931034482759
692,2020-06-11 03:57:12,2020-06-11 04:22:22,19.2,42.8,122.97318161487757,36.9078947368421,33.5921052631579
693,2020-06-11 04:22:43,2020-06-11 04:50:53,43.2,70.0,121.20648517827533,39.523529411764706,36.53529411764706
694,2020-06-11 04:51:14,2020-06-11 05:19:14,70.4,93.2,126.96091758040941,40.994082840236686,38.0
695,2020-06-11 16:38:05,2020-06-11 17:00:15,26.8,48.0,122.44499849318662,40.417910447761194,38.73134328358209
696,2020-06-11 17:00:36,2020-06-11 17:27:26,48.4,74.0,122.82880577256947,42.98148148148148,41.339506172839506
697,2020-06-12 00:41:17,2020-06-12 01:10:17,19.2,46.8,122.93379367954913,39.27428571428572,36.53142857142857
698,2020-06-12 01:10:38,2020-06-12 01:37:18,47.2,72.4,123.81064384920634,42.285714285714285,39.49689440993789
699,2020-06-12 01:37:39,2020-06-12 02:00:49,72.8,92.0,128.60968836805554,43.51428571428571,40.878571428571426
700,2020-06-12 11:50:28,2020-06-12 12:54:55,42.8,93.6,123.02436748687664,39.22727272727273,37.22107438016529
701,2020-06-12 20:16:38,2020-06-12 20:33:18,18.4,34.4,121.39410381944447,40.51485148514851,38.45544554455446
702,2020-06-12 20:33:39,2020-06-12 20:59:39,34.8,59.6,122.09342204301072,42.64968152866242,40.439490445859875
703,2020-06-12 21:00:00,2020-06-12 21:29:50,60.0,88.0,124.10020952380954,44.0,42.0
704,2020-06-13 02:24:10,2020-06-13 02:54:10,59.2,87.6,123.21302552816904,41.171270718232044,37.767955801104975
705,2020-06-13 08:52:43,2020-06-13 09:19:03,58.8,84.4,121.94283007812497,37.465408805031444,35.22012578616352
706,2020-06-13 09:19:24,2020-06-13 09:39:14,84.4,97.6,126.03429776936039,38.0,36.0
707,2020-06-14 07:50:57,2020-06-14 08:08:57,30.4,48.0,119.31028961489898,31.59633027522936,30.28440366972477
708,2020-06-14 08:09:18,2020-06-14 08:37:28,48.0,75.2,120.82822865604577,34.082352941176474,32.94117647058823
709,2020-06-14 08:37:49,2020-06-14 09:04:59,75.6,96.0,125.49428553921567,35.6280487804878,34.0
710,2020-06-15 13:55:33,2020-06-15 14:26:53,42.0,72.4,120.52359173976608,35.264550264550266,33.86772486772487
711,2020-06-15 20:28:59,2020-06-15 20:50:49,34.4,55.6,121.07967269392033,36.79545454545455,34.92424242424242
712,2020-06-15 20:51:10,2020-06-15 21:19:00,56.0,82.8,122.25540671641792,38.666666666666664,36.791666666666664
713,2020-06-15 21:19:21,2020-06-15 21:41:11,83.2,97.6,129.44254224537048,39.0,37.0
714,2020-06-16 01:38:00,2020-06-16 02:09:30,71.2,96.4,121.98249713403881,38.0,35.02105263157895
715,2020-06-16 14:05:15,2020-06-16 14:29:45,52.8,76.0,123.00048060344828,35.317567567567565,33.88513513513514
716,2020-06-16 19:28:05,2020-06-16 19:45:45,55.6,72.4,122.09491261574072,36.0,34.0
717,2020-06-16 19:46:06,2020-06-16 20:14:16,72.8,95.2,124.30618830605155,36.8,35.0
718,2020-06-17 03:12:38,2020-06-17 03:39:58,34.4,42.8,121.82043667328044,33.0,30.006060606060608
719,2020-06-17 03:40:19,2020-06-17 04:13:29,42.8,53.6,115.162037037037,33.0,30.0
720,2020-06-17 04:13:50,2020-06-17 04:42:10,53.6,62.4,120.7386363636364,33.0,29.12280701754386
721,2020-06-17 04:42:31,2020-06-17 05:11:31,62.4,71.6,118.2065217391305,32.26285714285714,28.754285714285714
722,2020-06-17 05:11:52,2020-06-17 05:43:02,71.6,80.8,127.03804347826082,32.0,28.0
723,2020-06-17 05:43:23,2020-06-17 06:13:23,81.2,90.0,127.84090909090912,31.325966850828728,27.53038674033149
724,2020-06-17 06:13:44,2020-06-17 06:41:24,90.0,97.6,134.45723684210535,31.0,27.0
725,2020-06-17 12:48:21,2020-06-17 13:14:51,48.8,65.2,121.45836026422758,34.9625,33.41875
726,2020-06-17 13:15:12,2020-06-17 13:47:12,65.2,84.8,122.80614965986403,35.23834196891192,34.0
727,2020-06-17 13:47:33,2020-06-17 14:08:53,84.8,97.6,123.67190277777785,36.0,34.62015503875969
728,2020-06-17 22:26:07,2020-06-17 22:55:47,52.4,80.4,123.34772862103173,36.41340782122905,34.24022346368715
729,2020-06-17 22:56:08,2020-06-17 23:15:18,80.8,94.8,124.46231845238091,37.0,35.0
730,2020-06-18 10:41:09,2020-06-18 11:13:09,23.6,54.8,120.77458880876073,36.248704663212436,34.44559585492228
731,2020-06-18 11:13:30,2020-06-18 11:48:10,54.8,88.0,123.12586194779117,39.119617224880386,37.411483253588514
732,2020-06-18 21:56:10,2020-06-18 22:23:30,40.8,67.2,121.45359716961279,38.915151515151514,37.04848484848485
733,2020-06-18 22:23:51,2020-06-18 22:51:01,67.6,91.2,125.76917920197737,40.11585365853659,38.048780487804876
734,2020-06-19 19:43:27,2020-06-19 20:11:27,18.4,45.2,121.96051694651737,39.35502958579882,37.71597633136095
735,2020-06-19 20:11:48,2020-06-19 20:46:08,45.2,78.0,122.20359908536587,42.333333333333336,40.56521739130435
736,2020-06-19 20:46:29,2020-06-19 21:13:29,78.4,97.6,127.86750014467603,43.0,41.92638036809816
737,2020-06-20 03:55:59,2020-06-20 04:24:39,48.4,65.6,124.72461975129198,39.0,35.83815028901734
738,2020-06-20 04:25:00,2020-06-20 04:54:00,66.0,83.6,123.37908412247478,39.73714285714286,36.73714285714286
739,2020-06-20 04:54:21,2020-06-20 05:12:01,83.6,94.4,121.54704899691345,40.0,37.0
740,2020-06-20 22:38:32,2020-06-20 23:06:22,32.8,59.6,121.12148284618571,39.63690476190476,37.892857142857146
741,2020-06-20 23:06:43,2020-06-20 23:32:13,60.0,84.0,123.88078877314817,41.44805194805195,39.74025974025974
742,2020-06-21 06:23:49,2020-06-21 06:46:19,73.2,92.4,121.9639990596065,36.970588235294116,34.713235294117645
743,2020-06-21 18:05:43,2020-06-21 18:28:53,65.2,77.6,121.80331496415779,39.0,37.0
744,2020-06-21 18:29:14,2020-06-21 18:58:54,77.6,93.6,123.58159427083335,39.0,37.0
745,2020-06-22 11:12:10,2020-06-22 11:39:20,46.4,64.8,124.80679257246379,35.96341463414634,34.6890243902439
746,2020-06-22 11:39:41,2020-06-22 12:05:41,65.2,82.8,125.00951231060613,36.64968152866242,35.0828025477707
747,2020-06-22 12:06:02,2020-06-22 12:29:02,83.2,97.6,126.25583969907414,37.0,36.0
748,2020-06-22 19:52:32,2020-06-22 20:17:12,35.6,44.0,127.06679894179895,40.18120805369127,38.95302013422819
749,2020-06-22 20:17:33,2020-06-22 20:41:13,44.4,52.8,122.08994708994712,41.0,39.26573426573427
750,2020-06-22 21:12:35,2020-06-22 21:44:05,56.8,67.6,126.38888888888893,41.0,39.66315789473684
751,2020-06-22 22:10:27,2020-06-22 22:41:47,76.8,88.4,117.0498084291187,41.0,39.0
752,2020-06-22 22:42:08,2020-06-22 23:08:38,88.4,97.6,124.81884057971028,41.0,39.0
753,2020-06-23 07:13:51,2020-06-23 07:37:01,24.0,46.4,121.90602548363098,37.042857142857144,34.44285714285714
754,2020-06-23 07:37:22,2020-06-23 08:09:52,46.8,78.0,122.91224759615389,40.12755102040816,37.673469387755105
755,2020-06-23 08:10:13,2020-06-23 08:36:43,78.4,97.6,126.51474891493069,41.7,39.0
756,2020-06-23 13:14:37,2020-06-23 13:43:17,56.8,84.0,123.2506304636438,42.93063583815029,41.052023121387286
757,2020-06-23 19:23:38,2020-06-23 19:49:38,47.2,66.4,124.17896882233794,41.617834394904456,39.904458598726116
758,2020-06-23 19:49:59,2020-06-23 20:20:29,66.8,89.2,124.74267640128964,42.0,40.0
759,2020-06-25 00:17:34,2020-06-25 00:39:34,34.8,48.4,121.3204674223856,37.0,35.21804511278196
760,2020-06-25 00:39:55,2020-06-25 01:13:25,48.4,69.2,120.79326923076921,37.93564356435643,36.48514851485149
761,2020-06-25 01:13:46,2020-06-25 01:41:56,69.6,86.4,125.74404761904754,38.0,37.0
762,2020-06-25 01:42:17,2020-06-25 02:01:07,86.8,97.6,128.92232510288068,38.0,37.0
763,2020-06-25 13:56:26,2020-06-25 14:23:46,57.6,83.6,123.41879316239319,37.31515151515151,35.29090909090909
764,2020-06-25 22:37:38,2020-06-26 02:00:35,22.8,78.8,120.51903451388888,33.888961892247046,31.653088042049934
765,2020-06-26 06:52:36,2020-06-26 07:25:11,52.0,82.8,123.59290808080814,33.421319796954315,31.487309644670052
766,2020-06-26 15:47:14,2020-06-26 16:11:34,27.2,45.6,121.27113979468598,38.78231292517007,37.285714285714285
767,2020-06-26 17:10:37,2020-06-26 17:41:07,52.0,74.8,122.6200044468811,40.0,38.94021739130435
768,2020-06-27 02:02:55,2020-06-27 02:31:05,53.6,80.4,122.66895180348256,40.94117647058823,38.53529411764706
769,2020-06-27 02:31:26,2020-06-27 02:58:36,80.8,97.6,127.40493543320109,42.0,39.0
770,2020-06-27 11:32:28,2020-06-27 12:01:08,75.6,97.2,124.1364561471193,35.947976878612714,33.95375722543353
771,2020-06-27 20:01:40,2020-06-27 20:23:20,44.4,59.2,123.21133577327323,39.0,37.61068702290076
772,2020-06-27 20:23:41,2020-06-27 20:55:31,59.6,81.2,124.0477114840535,39.0,38.0
773,2020-06-27 20:55:52,2020-06-27 21:21:42,81.6,97.6,127.35069947916666,39.94871794871795,38.0
774,2020-06-28 01:57:34,2020-06-28 02:15:34,52.8,66.0,125.15784343434342,39.0,36.027522935779814
775,2020-06-28 02:15:55,2020-06-28 02:44:55,66.4,88.0,123.0806336805556,39.0,36.994285714285716
776,2020-06-28 08:57:44,2020-06-28 09:32:54,54.0,87.6,123.31020473710322,38.37264150943396,36.47641509433962
777,2020-06-28 09:33:15,2020-06-28 09:49:45,88.0,97.6,129.47483593750007,39.0,37.0
778,2020-06-28 15:36:25,2020-06-28 16:16:33,42.0,64.0,121.05168915404043,41.0,39.06611570247934
779,2020-06-28 16:16:54,2020-06-28 16:44:04,64.0,78.8,121.80560322822825,41.0,39.0
780,2020-06-29 00:24:00,2020-06-29 00:47:10,19.2,41.2,122.25190031565656,37.892857142857146,36.107142857142854
781,2020-06-29 00:47:31,2020-06-29 01:20:31,41.6,73.2,121.5853618582982,40.46733668341709,38.93467336683417
782,2020-06-29 14:27:28,2020-06-29 14:54:08,18.4,44.0,121.75294335937501,39.69565217391305,38.13664596273292
783,2020-06-29 14:54:29,2020-06-29 15:22:29,44.4,71.2,122.06676248963515,42.514792899408285,41.053254437869825
784,2020-06-29 15:22:50,2020-06-29 15:45:00,71.6,91.2,123.0477727465986,43.85820895522388,42.0
785,2020-06-29 20:06:29,2020-06-29 20:33:29,69.6,86.0,122.9242715955284,43.0,40.00613496932515
786,2020-06-29 20:33:50,2020-06-29 20:52:50,86.4,97.6,125.44270672123028,43.0,40.0
787,2020-06-30 00:58:48,2020-06-30 01:29:58,58.4,88.0,122.93450628753754,41.515957446808514,38.430851063829785
788,2020-06-30 01:30:19,2020-06-30 01:46:59,88.0,97.6,127.29600506365753,42.0,39.0
789,2020-06-30 13:44:31,2020-06-30 14:17:31,45.6,65.6,123.2153284722223,38.608040201005025,37.28140703517588
790,2020-06-30 14:17:52,2020-06-30 14:46:22,65.6,83.2,120.90914488636362,39.48837209302326,38.04651162790697
791,2020-06-30 14:46:43,2020-06-30 15:11:13,83.2,97.6,125.619269675926,40.0,39.0
792,2020-07-01 02:55:33,2020-07-01 03:31:33,42.8,65.2,120.80359821428573,38.064516129032256,36.474654377880185
793,2020-07-01 03:31:54,2020-07-01 04:02:54,65.2,84.0,123.94506294326244,39.0,37.0
794,2020-07-01 04:03:15,2020-07-01 04:26:05,84.4,97.6,128.37124095117858,39.0,37.0
795,2020-07-01 13:13:13,2020-07-01 13:46:03,39.6,60.0,120.99607802287582,41.01010101010101,38.74242424242424
796,2020-07-01 14:07:03,2020-07-01 14:35:43,72.0,89.6,122.43216098484855,42.0,40.0
797,2020-07-01 23:09:37,2020-07-01 23:35:37,20.8,45.6,122.2087815860215,39.06962025316456,36.924050632911396
798,2020-07-01 23:35:58,2020-07-02 00:07:08,46.0,76.0,121.03935569444447,42.0531914893617,39.648936170212764
799,2020-07-02 00:07:29,2020-07-02 00:36:39,76.4,97.6,127.6749314072328,43.0,40.95454545454545
800,2020-07-02 23:56:14,2020-07-03 00:21:54,38.0,53.6,122.64604487179487,33.45161290322581,32.26451612903226
801,2020-07-03 00:22:15,2020-07-03 00:49:55,54.0,70.8,122.68851951058201,34.84431137724551,33.55688622754491
802,2020-07-03 00:50:16,2020-07-03 01:15:26,70.8,86.0,123.36991264619883,35.19078947368421,34.0
803,2020-07-03 11:55:52,2020-07-03 12:17:52,26.0,47.2,121.13928825995805,34.65413533834587,33.16541353383459
804,2020-07-03 12:18:13,2020-07-03 12:52:03,47.6,80.0,121.77855225480113,37.46568627450981,36.03921568627451
805,2020-07-03 12:52:24,2020-07-03 13:17:24,80.4,97.6,128.03779295865644,38.913907284768214,37.0
806,2020-07-03 22:53:33,2020-07-03 23:20:43,44.4,70.4,121.65117954059828,36.451219512195124,34.51219512195122
807,2020-07-03 23:21:04,2020-07-03 23:52:54,70.8,96.0,124.17769951499116,37.932291666666664,35.96875
808,2020-07-04 14:18:35,2020-07-04 14:37:35,47.6,65.6,123.03704120370378,32.721739130434784,30.652173913043477
809,2020-07-04 14:37:56,2020-07-04 15:04:46,66.0,90.0,123.54919612268517,34.19135802469136,32.08641975308642
810,2020-07-05 17:23:12,2020-07-05 17:48:22,26.4,50.8,120.28688069216757,38.03947368421053,36.14473684210526
811,2020-07-05 17:48:43,2020-07-05 18:20:13,51.2,81.2,122.35971152777776,40.7,38.73684210526316
812,2020-07-05 18:20:34,2020-07-05 18:44:04,81.6,97.6,126.70745512152777,41.49295774647887,39.46478873239437
813,2020-07-06 02:03:50,2020-07-06 02:32:40,37.2,64.8,122.79388516505634,38.11494252873563,35.695402298850574
814,2020-07-06 02:33:01,2020-07-06 02:59:41,65.2,90.0,122.54369590053767,39.65217391304348,37.13664596273292
815,2020-07-06 16:59:37,2020-07-06 18:20:28,11.6,77.6,122.28535464646461,41.113673805601316,38.782537067545306
816,2020-07-06 23:50:46,2020-07-07 00:20:16,42.8,71.2,121.16099755477308,42.09550561797753,39.258426966292134
817,2020-07-07 05:08:17,2020-07-07 05:40:57,58.4,89.2,123.50063812229439,40.2741116751269,37.35532994923858
818,2020-07-07 22:23:24,2020-07-07 22:50:04,8.400001,25.6,121.34854662233154,39.0,37.0
819,2020-07-07 22:50:25,2020-07-07 23:15:55,25.6,41.6,122.85418046875,39.84415584415584,37.896103896103895
820,2020-07-07 23:22:46,2020-07-07 23:48:56,41.6,57.6,123.10938489583334,41.43037974683544,39.392405063291136
821,2020-07-07 23:49:17,2020-07-08 00:23:37,58.0,78.0,123.91946083333335,42.02415458937198,40.0
822,2020-07-08 00:23:58,2020-07-08 00:51:18,78.0,93.2,124.55045184576021,43.0,40.0
823,2020-07-08 20:02:25,2020-07-08 20:33:35,12.4,42.0,122.95280766704204,39.255319148936174,37.308510638297875
824,2020-07-08 20:33:56,2020-07-08 21:03:06,42.4,70.0,123.37158635265699,41.51136363636363,39.5
825,2020-07-08 21:03:27,2020-07-08 21:33:17,70.4,94.4,126.42767939814816,42.977777777777774,40.022222222222226
826,2020-07-09 17:15:43,2020-07-09 17:48:43,48.4,71.2,120.66764668615981,41.72361809045226,39.879396984924625
827,2020-07-09 17:49:04,2020-07-09 18:23:24,71.2,93.6,125.06201636904768,42.35265700483092,40.927536231884055
828,2020-07-10 09:54:00,2020-07-10 10:23:10,44.0,64.0,120.834055625,34.55681818181818,33.26704545454545
829,2020-07-10 10:23:31,2020-07-10 10:41:51,64.4,76.8,122.5381140232976,35.054054054054056,34.0
830,2020-07-10 11:04:52,2020-07-10 11:24:02,77.2,90.4,120.41670496632997,35.16379310344828,33.8448275862069
831,2020-07-10 19:03:03,2020-07-10 19:50:01,45.2,83.2,123.29883980994151,39.74787535410765,38.240793201133144
832,2020-07-12 10:04:00,2020-07-12 10:33:20,28.0,37.2,121.15952657004824,31.819209039548024,31.028248587570623
833,2020-07-12 10:33:41,2020-07-12 10:59:21,37.2,45.6,116.11121296296297,32.6258064516129,32.0
834,2020-07-12 10:59:42,2020-07-12 11:30:02,45.6,55.6,115.26676777777776,33.50819672131148,32.73224043715847
835,2020-07-12 11:30:23,2020-07-12 12:03:03,55.6,66.4,114.93837242798347,34.0,33.0
836,2020-07-12 12:03:24,2020-07-12 12:32:24,66.4,75.2,125.23684943181821,34.0,33.0
837,2020-07-12 12:32:45,2020-07-12 13:09:45,75.6,86.8,125.55318030753962,34.0,33.0
838,2020-07-12 13:10:06,2020-07-12 13:39:36,86.8,95.2,132.45874437830676,34.90449438202247,33.0
839,2020-07-12 18:56:37,2020-07-12 19:22:07,60.0,83.6,124.61748505178912,40.22077922077922,38.55194805194805
840,2020-07-13 14:06:01,2020-07-13 14:35:31,30.4,50.8,121.07982625272331,39.157303370786515,37.5
841,2020-07-13 14:35:52,2020-07-13 15:05:52,51.2,72.0,120.71183346688036,40.828729281767956,39.0
842,2020-07-13 15:06:13,2020-07-13 15:40:23,72.0,94.4,124.44385621279758,41.0,39.0
843,2020-07-13 22:44:43,2020-07-13 23:16:53,53.2,77.6,124.92851795309659,40.950413223140494,38.98347107438016
844,2020-07-14 17:57:47,2020-07-14 18:27:37,34.0,62.0,121.7663873511905,44.77777777777778,43.166666666666664
845,2020-07-14 18:27:58,2020-07-14 18:56:18,62.4,86.8,124.46665647768671,46.80701754385965,45.198830409356724
846,2020-07-15 00:32:59,2020-07-15 01:05:49,64.4,86.4,124.09152556818182,43.0,40.0
847,2020-07-15 01:06:10,2020-07-15 01:24:20,86.4,97.6,124.1369151785716,43.0,40.0
848,2020-07-15 18:57:00,2020-07-15 19:29:30,6.4,37.6,122.0326175658832,42.21938775510204,40.316326530612244
849,2020-07-15 19:29:51,2020-07-15 19:55:41,38.0,61.6,125.00648999529191,44.60897435897436,42.743589743589745
850,2020-07-15 19:56:02,2020-07-15 20:24:42,62.0,86.8,125.14729463485664,46.0,44.0
851,2020-07-15 20:25:03,2020-07-15 20:44:23,86.8,97.6,131.32845177469136,46.0,44.0
852,2020-07-16 10:33:51,2020-07-16 11:02:11,35.6,55.2,120.47831767290249,37.67251461988304,36.578947368421055
853,2020-07-16 11:02:32,2020-07-16 11:31:22,55.6,75.2,122.5907029478458,39.14367816091954,38.0
854,2020-07-16 11:31:43,2020-07-16 12:02:33,75.2,95.2,124.27847368055554,40.0,38.935483870967744
855,2020-07-16 20:36:05,2020-07-16 21:05:15,18.4,46.4,121.5560597718254,42.11931818181818,40.33522727272727
856,2020-07-16 21:05:36,2020-07-16 21:34:16,46.8,73.6,121.45005394900501,44.566473988439306,42.51445086705202
857,2020-07-16 21:34:37,2020-07-16 22:02:47,74.0,94.0,127.0708486111111,45.0,42.49411764705882
858,2020-07-17 14:28:46,2020-07-17 14:52:36,28.0,51.2,120.06048102250956,41.486111111111114,39.701388888888886
859,2020-07-17 14:52:57,2020-07-17 15:19:17,51.6,76.8,122.06019984567902,43.685534591194966,41.83647798742138
860,2020-07-17 15:19:38,2020-07-17 15:47:58,76.8,97.6,126.0743936298077,44.005847953216374,42.93567251461988
861,2020-07-18 12:20:56,2020-07-18 12:48:16,45.2,71.6,120.63342077020206,38.63030303030303,37.38181818181818
862,2020-07-18 12:48:37,2020-07-18 13:16:27,71.6,94.4,122.709559454191,40.0,38.708333333333336
863,2020-07-18 18:01:34,2020-07-18 18:18:54,58.8,75.2,123.40109518970186,42.0,41.0
864,2020-07-18 18:19:15,2020-07-18 18:49:05,75.6,97.6,126.35038756313133,42.28888888888889,41.0
865,2020-07-19 02:44:34,2020-07-19 03:16:44,54.0,84.8,121.83035583513711,40.05154639175258,37.597938144329895
866,2020-07-19 03:17:05,2020-07-19 03:34:25,85.2,96.0,130.70601556069963,41.0,38.0
867,2020-07-19 16:16:50,2020-07-19 17:07:48,36.4,85.2,121.86657841245446,42.253263707571804,39.668407310704964
868,2020-07-19 20:36:25,2020-07-19 21:07:45,74.0,97.6,124.95469179613939,40.93650793650794,39.0
869,2020-07-20 00:21:08,2020-07-20 01:19:02,62.4,97.6,123.58307127525256,39.08965517241379,37.0
870,2020-07-20 12:22:06,2020-07-20 14:00:02,38.0,97.6,122.88954174123789,39.7047619047619,37.66122448979592
871,2020-07-21 02:00:00,2020-07-21 02:33:50,17.6,50.8,121.56711420682733,39.36764705882353,37.38725490196079
872,2020-07-21 02:34:11,2020-07-21 03:06:41,50.8,82.4,122.63450105485228,42.61734693877551,40.535714285714285
873,2020-07-21 03:07:02,2020-07-21 03:29:02,82.8,97.6,129.27930705705708,43.18796992481203,41.0
874,2020-07-21 12:14:00,2020-07-21 12:40:00,28.8,45.2,121.5862420392954,38.72611464968153,37.0828025477707
875,2020-07-21 12:40:21,2020-07-21 13:10:31,45.2,64.0,119.33068513593379,40.5,38.675824175824175
876,2020-07-21 13:10:52,2020-07-21 13:43:12,64.4,82.8,124.98643032910634,41.0,39.0
877,2020-07-21 13:43:33,2020-07-21 14:10:43,83.2,97.6,128.86576070601862,41.0,39.0
878,2020-07-21 23:49:00,2020-07-22 00:50:07,20.8,71.2,121.20739796626981,40.03485838779957,38.00435729847494
879,2020-07-22 04:17:18,2020-07-22 04:34:08,31.2,47.6,119.65023805894306,38.529411764705884,35.68627450980392
880,2020-07-22 04:34:29,2020-07-22 05:04:49,47.6,76.8,121.05926498287674,40.57377049180328,37.721311475409834
881,2020-07-22 05:05:10,2020-07-22 05:29:00,77.2,95.2,127.02623950617287,41.0,38.86805555555556
882,2020-07-22 11:42:51,2020-07-22 12:30:29,46.4,85.2,122.9736316867125,40.175977653631286,38.047486033519554
883,2020-07-22 21:51:50,2020-07-22 22:14:40,32.8,48.4,121.26516212606838,38.10144927536232,36.333333333333336
884,2020-07-22 22:15:01,2020-07-22 22:41:51,48.8,67.2,120.79863541666664,39.55555555555556,37.71604938271605
885,2020-07-22 22:42:12,2020-07-22 23:12:12,67.2,87.6,121.81375000000007,40.0,38.0
886,2020-07-22 23:12:33,2020-07-22 23:29:33,87.6,97.6,127.93199263888897,40.0,38.0
887,2020-07-23 04:36:16,2020-07-23 05:15:13,69.6,97.6,124.70125552083336,37.0,34.70648464163823
888,2020-07-23 17:08:39,2020-07-23 17:41:09,27.6,58.4,120.55241233766239,45.734693877551024,43.673469387755105
889,2020-07-23 17:41:30,2020-07-23 18:09:40,58.8,84.8,122.96262478632481,47.95882352941177,45.94705882352941
890,2020-07-23 18:10:01,2020-07-23 18:29:21,84.8,96.4,125.2730135296934,48.0,46.0
891,2020-07-24 01:39:33,2020-07-24 02:10:33,32.8,62.0,120.3510420471842,44.88235294117647,41.54545454545455
892,2020-07-24 02:10:54,2020-07-24 02:40:44,62.4,87.6,124.45107264109352,46.65,43.083333333333336
893,2020-07-24 02:41:05,2020-07-24 02:58:15,88.0,97.6,131.11544950810188,47.0,43.0
894,2020-07-24 23:53:38,2020-07-25 00:17:28,59.2,82.0,122.74487500000002,39.40277777777778,37.94444444444444
895,2020-07-25 05:16:59,2020-07-25 05:49:39,49.2,80.4,122.19373646723646,39.28934010152284,36.994923857868024
896,2020-07-25 05:50:00,2020-07-25 06:14:20,80.8,97.6,127.28755266203709,40.0,37.74149659863946
897,2020-07-25 13:17:55,2020-07-25 13:45:15,35.2,61.6,120.85122490530304,43.11515151515152,41.31515151515151
898,2020-07-25 13:45:36,2020-07-25 14:06:15,62.0,80.8,122.99529828605206,44.872,43.0
899,2020-07-25 14:06:36,2020-07-25 14:27:46,81.2,94.8,125.0357480596406,45.0,43.375
900,2020-07-25 21:03:04,2020-07-25 21:21:34,56.8,74.4,122.59470020517674,42.25892857142857,39.973214285714285
901,2020-07-25 21:21:55,2020-07-25 21:48:05,74.4,94.8,124.69976450163406,43.0,40.9873417721519
902,2020-07-26 22:04:42,2020-07-26 22:31:22,33.2,58.8,121.3812885199653,37.962732919254655,36.57142857142857
903,2020-07-26 22:31:43,2020-07-26 23:03:43,59.2,88.8,124.01746649774783,40.09844559585492,38.590673575129536
904,2020-07-27 04:23:06,2020-07-27 04:55:16,40.8,71.6,121.74827800324677,39.68556701030928,37.21649484536083
905,2020-07-27 04:55:37,2020-07-27 05:17:47,72.0,91.2,123.46425528067127,41.0,38.52238805970149
906,2020-07-27 15:55:22,2020-07-27 16:27:04,14.4,44.4,122.42686265740743,43.510416666666664,41.03125
907,2020-07-27 16:27:25,2020-07-27 16:57:05,44.4,72.0,119.42232065217394,46.25698324022346,43.79329608938548
908,2020-07-28 00:20:46,2020-07-28 00:42:46,26.0,47.2,121.44000982704401,40.421052631578945,38.045112781954884
909,2020-07-28 00:43:07,2020-07-28 01:16:47,47.6,80.0,121.58266572359399,43.0935960591133,40.63054187192118
910,2020-07-28 01:17:08,2020-07-28 01:40:38,80.0,96.8,126.42529026124343,44.0,41.95070422535211
911,2020-07-28 10:35:28,2020-07-28 13:28:24,29.6,82.8,120.81861188387634,39.20200462606014,37.62066306861989
912,2020-07-28 14:01:22,2020-07-28 14:22:42,83.2,97.6,125.03762847222231,40.0,39.0
913,2020-07-29 00:14:58,2020-07-29 00:45:58,46.4,76.0,122.10350164226725,42.598930481283425,40.11764705882353
914,2020-07-29 00:46:19,2020-07-29 01:15:19,76.4,97.6,126.71842262840678,43.55428571428571,41.0
915,2020-07-29 12:08:56,2020-07-29 13:10:34,45.6,97.6,124.04375540064106,40.159827213822894,38.25053995680346
916,2020-07-29 18:09:44,2020-07-29 18:40:57,54.4,80.0,121.73785095486112,43.361702127659576,41.53617021276596
917,2020-07-30 01:02:41,2020-07-30 01:28:41,35.2,60.8,121.49254117838548,40.05732484076433,37.27388535031847
918,2020-07-30 01:29:02,2020-07-30 01:55:12,61.2,86.4,124.27471759259261,42.164556962025316,39.278481012658226
919,2020-07-30 01:55:33,2020-07-30 02:12:53,86.8,97.6,128.32564390432105,43.0,40.0
920,2020-07-30 13:30:52,2020-07-30 14:00:52,39.6,68.8,121.12920957001525,40.51933701657459,38.629834254143645
921,2020-07-30 14:01:13,2020-07-30 14:26:43,69.2,91.6,123.74878763640879,42.0,40.0
922,2020-07-30 23:45:57,2020-07-31 00:06:10,31.2,50.4,122.90480928819446,39.53658536585366,37.46341463414634
923,2020-07-31 00:06:31,2020-07-31 00:33:31,50.8,76.8,121.17521581196581,41.71165644171779,39.625766871165645
924,2020-07-31 00:33:52,2020-07-31 01:01:12,77.2,97.2,126.72569062500001,42.82424242424243,40.0
925,2020-07-31 04:48:12,2020-07-31 05:16:42,82.4,97.6,124.84190670687143,39.0,36.0
926,2020-07-31 10:12:27,2020-07-31 10:41:07,60.4,80.0,124.03697994614511,38.0,36.0
927,2020-07-31 10:41:28,2020-07-31 11:08:38,80.4,97.6,126.21608187984504,38.603658536585364,36.53048780487805
928,2020-07-31 21:40:04,2020-07-31 22:07:34,28.4,55.2,119.8124063018242,36.25903614457831,33.95180722891566
929,2020-07-31 22:07:55,2020-07-31 22:35:25,55.6,82.0,121.49885006313133,38.54216867469879,35.93975903614458
930,2020-07-31 22:35:46,2020-07-31 22:58:46,82.0,97.6,125.7576624821938,39.0,36.007194244604314
931,2020-08-01 05:07:41,2020-08-01 05:27:31,67.2,86.0,123.0644259013003,35.17355371900826,32.710743801652896
932,2020-08-01 05:27:52,2020-08-01 05:46:12,86.4,97.6,125.9895977182541,36.0,33.0
933,2020-08-01 15:31:34,2020-08-01 16:02:04,42.0,63.2,120.36952148846957,34.04347826086956,32.44021739130435
934,2020-08-01 16:02:25,2020-08-01 16:31:35,63.2,83.2,122.02224736111108,35.0,33.02840909090909
935,2020-08-01 16:31:56,2020-08-01 16:55:06,83.2,97.6,124.63543026620381,35.0,34.0
936,2020-08-02 09:42:20,2020-08-02 10:13:50,37.6,59.2,119.08371778549383,31.089473684210525,30.110526315789475
937,2020-08-02 10:14:11,2020-08-02 10:40:21,59.6,77.2,121.23735574494951,32.29746835443038,31.17721518987342
938,2020-08-02 10:40:42,2020-08-02 11:10:42,77.2,96.0,124.33731405141846,33.0,32.0
939,2020-08-02 16:14:28,2020-08-02 16:43:58,55.6,75.6,122.18474736111118,37.96067415730337,36.0
940,2020-08-02 16:44:19,2020-08-02 17:12:29,76.0,94.0,124.99926010802471,38.0,36.0
941,2020-08-03 02:47:06,2020-08-03 03:19:46,27.6,59.2,120.64917805028128,36.974619289340104,34.69543147208122
942,2020-08-03 03:20:07,2020-08-03 03:48:27,59.2,86.0,123.50436950663355,39.53216374269006,37.41520467836257
943,2020-08-03 03:48:48,2020-08-03 04:07:08,86.4,97.6,127.81499392361124,40.0,38.0
944,2020-08-03 16:03:06,2020-08-03 16:26:26,8.8,31.2,121.82603422619047,35.06382978723404,32.234042553191486
945,2020-08-03 16:26:47,2020-08-03 16:56:47,31.6,60.4,121.83740200617285,37.48066298342541,34.806629834254146
946,2020-08-03 16:57:08,2020-08-03 17:24:58,60.8,87.2,123.35965788089223,39.607142857142854,37.125
947,2020-08-03 17:25:19,2020-08-03 17:42:39,87.6,97.6,129.2778063888889,40.0,37.142857142857146
948,2020-08-04 04:20:07,2020-08-04 04:51:17,34.0,64.4,119.80721271929826,35.265957446808514,32.9468085106383
949,2020-08-04 04:51:38,2020-08-04 05:20:48,64.8,90.8,122.57319375,37.23863636363637,34.97159090909091
950,2020-08-04 17:19:22,2020-08-04 19:31:43,17.2,97.6,122.63970344803764,39.03722334004024,37.35814889336016
951,2020-08-04 22:57:20,2020-08-05 01:09:25,15.2,96.0,122.516923459846,38.37436932391524,35.401614530776996
952,2020-08-05 06:25:48,2020-08-05 06:50:08,47.6,71.2,120.26895203625234,38.63265306122449,35.49659863945578
953,2020-08-05 06:50:29,2020-08-05 07:20:09,71.6,95.2,125.5037742467043,39.63687150837989,36.32960893854749
954,2020-08-05 17:01:03,2020-08-05 17:22:13,41.2,61.6,120.41804622821353,33.4921875,30.71875
955,2020-08-05 17:22:34,2020-08-05 17:51:44,61.6,88.8,122.27942994281051,35.25568181818182,32.52840909090909
956,2020-08-05 23:01:40,2020-08-05 23:29:30,37.6,64.4,121.00849264096188,34.148809523809526,31.50595238095238
957,2020-08-05 23:29:51,2020-08-05 23:58:31,64.8,90.4,123.61815326605898,35.91329479768786,33.39884393063584
958,2020-08-06 06:18:09,2020-08-06 06:50:49,40.8,72.4,120.84433843178624,34.253807106598984,31.710659898477157
959,2020-08-06 06:51:10,2020-08-06 07:19:10,72.4,94.8,123.95215066964292,35.946745562130175,33.19526627218935
960,2020-08-06 15:05:45,2020-08-06 15:40:43,30.8,64.4,121.27617221808859,40.424528301886795,38.344339622641506
961,2020-08-06 15:41:04,2020-08-06 16:08:44,64.8,90.0,123.6838664021164,42.41317365269461,40.40119760479042
962,2020-08-07 02:20:30,2020-08-07 02:47:10,14.8,28.8,123.63291889186505,35.409937888198755,33.09316770186335
963,2020-08-07 02:47:31,2020-08-07 03:15:11,29.2,44.0,124.36183558558555,36.61077844311377,34.40119760479042
964,2020-08-07 03:15:32,2020-08-07 03:45:12,44.4,60.8,120.34211551490517,38.22346368715084,35.77653631284916
965,2020-08-07 03:45:33,2020-08-07 04:14:33,60.8,76.8,120.60935260416666,39.0,36.74285714285714
966,2020-08-07 04:14:54,2020-08-07 04:46:04,76.8,93.6,123.44326364087304,39.0,37.0
967,2020-08-07 16:58:10,2020-08-07 17:23:30,24.8,38.8,120.34719345238096,38.77777777777778,36.86274509803921
968,2020-08-07 17:23:51,2020-08-07 17:52:31,38.8,54.8,119.14927604166667,40.07514450867052,38.27167630057804
969,2020-08-07 17:52:52,2020-08-07 18:21:42,55.2,70.8,122.94156766381774,41.0,39.0
970,2020-08-07 18:22:03,2020-08-07 18:54:23,71.2,88.4,125.04115398901806,41.0,39.0
971,2020-08-07 18:54:44,2020-08-07 19:12:14,88.4,97.6,126.57153396739147,41.0,39.0
972,2020-08-08 13:43:08,2020-08-08 14:15:08,46.0,76.8,121.10344295634923,39.6839378238342,37.865284974093264
973,2020-08-08 14:15:29,2020-08-08 14:43:59,77.2,97.6,127.18478410947718,40.71511627906977,39.0
974,2020-08-09 01:58:52,2020-08-09 02:24:12,8.400001,25.6,122.74306309552689,38.0,35.07843137254902
975,2020-08-09 02:24:33,2020-08-09 02:50:53,26.0,43.6,124.68434343434342,38.496855345911946,36.24528301886792
976,2020-08-09 02:51:14,2020-08-09 03:21:54,44.0,65.2,120.54507337526204,40.37837837837838,37.78918918918919
977,2020-08-09 03:22:15,2020-08-09 03:55:05,65.2,87.2,124.36868686868688,41.0,38.676767676767675
978,2020-08-09 03:55:26,2020-08-09 04:12:36,87.6,97.6,129.63888888888889,41.0,39.0
979,2020-08-09 13:21:30,2020-08-09 13:52:00,32.4,62.0,120.67570490803305,40.5,38.77717391304348
980,2020-08-09 13:52:21,2020-08-09 14:20:01,62.4,88.8,122.37903293350176,42.616766467065865,41.041916167664674
981,2020-08-10 01:35:44,2020-08-10 02:02:54,15.2,41.2,121.92040934829056,38.52439024390244,36.34146341463415
982,2020-08-10 02:03:15,2020-08-10 02:33:05,41.2,70.0,120.80681225887349,41.355555555555554,39.21111111111111
983,2020-08-10 02:33:26,2020-08-10 03:06:46,70.4,96.4,125.73237612179489,42.96517412935324,40.17910447761194
984,2020-08-10 18:52:08,2020-08-10 19:14:38,26.8,48.4,121.41975552983541,39.911764705882355,38.81617647058823
985,2020-08-10 19:14:59,2020-08-10 19:40:49,48.8,73.2,123.312845856102,42.48076923076923,41.08974358974359
986,2020-08-10 19:41:10,2020-08-10 20:14:40,73.6,97.6,126.5162166087963,43.73267326732673,42.0
987,2020-08-11 04:11:36,2020-08-11 04:34:16,40.0,61.6,122.53666210133744,39.14598540145985,36.37956204379562
988,2020-08-11 04:34:37,2020-08-11 05:06:07,61.6,90.4,122.98950212191357,40.626315789473686,38.078947368421055
989,2020-08-12 02:09:30,2020-08-12 02:27:00,31.2,47.6,123.9625859586721,37.867924528301884,35.85849056603774
990,2020-08-12 02:27:21,2020-08-12 02:59:01,48.0,78.0,122.62224000000003,40.35078534031414,38.460732984293195
991,2020-08-12 02:59:22,2020-08-12 03:26:22,78.4,97.6,126.96687181712969,41.74233128834356,39.877300613496935
992,2020-08-12 08:46:21,2020-08-12 09:15:11,56.4,83.6,123.73877267156863,38.37931034482759,34.304597701149426
993,2020-08-12 09:15:32,2020-08-12 09:38:22,83.6,97.6,124.81845436507936,39.0,35.0
994,2020-08-12 23:35:12,2020-08-12 23:55:02,12.0,24.0,123.33567071759262,32.15,30.95
995,2020-08-12 23:55:23,2020-08-13 00:21:43,24.4,40.0,125.99361609686608,33.40251572327044,31.559748427672957
996,2020-08-13 00:22:04,2020-08-13 00:50:54,40.4,58.4,119.55635354938272,35.160919540229884,33.41379310344828
997,2020-08-13 00:51:15,2020-08-13 01:21:45,58.4,77.2,121.06902977245862,36.05978260869565,34.09239130434783
998,2020-08-13 01:22:06,2020-08-13 01:51:56,77.2,94.8,126.28000623421723,37.0,35.0
999,2020-08-13 12:23:20,2020-08-13 12:50:50,43.6,69.6,123.3050138354701,35.265060240963855,33.25301204819277
1000,2020-08-13 12:51:11,2020-08-13 13:24:41,70.0,96.0,126.88194551282051,36.75247524752475,34.693069306930695
1001,2020-08-13 18:14:39,2020-08-13 18:43:09,65.2,90.8,123.2959147135417,35.94186046511628,33.5406976744186
1002,2020-08-14 20:18:38,2020-08-14 20:50:28,23.6,44.8,124.88074017295598,33.890625,32.604166666666664
1003,2020-08-14 20:50:49,2020-08-14 21:22:09,45.2,67.2,118.44947121212117,36.301587301587304,34.698412698412696
1004,2020-08-14 21:26:20,2020-08-14 21:56:20,66.4,86.8,122.30866333061006,37.0,35.45303867403315
1005,2020-08-14 21:56:41,2020-08-14 22:16:31,86.8,97.6,125.26231983024691,37.88333333333333,36.0
1006,2020-08-15 21:54:28,2020-08-15 22:23:58,18.8,47.2,123.26390688575901,38.63483146067416,36.853932584269664
1007,2020-08-15 22:24:19,2020-08-15 22:51:09,47.6,73.2,124.36416688368057,41.382716049382715,39.28395061728395
1008,2020-08-15 22:51:30,2020-08-15 23:22:40,73.6,97.2,127.49294562146889,42.037234042553195,40.0
1009,2020-08-16 07:30:40,2020-08-16 08:01:20,26.0,44.4,125.0,36.945945945945944,33.73513513513514
1010,2020-08-16 08:01:41,2020-08-16 08:30:01,44.8,62.4,120.73863636363636,38.49122807017544,35.432748538011694
1011,2020-08-16 08:41:28,2020-08-16 09:14:58,68.4,88.4,125.62500000000001,39.0,36.0
1012,2020-08-17 09:32:34,2020-08-17 10:02:54,50.0,68.4,123.09184239130435,32.0655737704918,30.75409836065574
1013,2020-08-17 10:03:15,2020-08-17 10:33:45,68.8,87.2,123.76817119565217,33.0,31.391304347826086
1014,2020-08-17 10:34:06,2020-08-17 10:54:16,87.2,97.6,127.38921020299159,33.549180327868854,32.0
1015,2020-08-17 20:13:52,2020-08-17 20:42:12,28.0,45.6,120.95093663194443,35.409356725146196,33.70175438596491
1016,2020-08-17 20:42:33,2020-08-17 21:11:43,45.6,64.0,119.07233144625606,37.13636363636363,35.51704545454545
1017,2020-08-17 21:12:04,2020-08-17 21:33:44,64.0,77.2,123.379656986532,38.0,36.0
1018,2020-08-17 21:46:35,2020-08-17 22:10:45,83.2,97.6,125.0627208719137,38.0,36.0
1019,2020-08-18 19:47:08,2020-08-18 20:18:28,65.6,82.4,123.76906109457666,36.0,34.0
1020,2020-08-18 20:18:49,2020-08-18 20:47:19,82.4,97.6,124.54405418494163,36.0,34.0
1021,2020-08-19 21:20:02,2020-08-19 22:50:46,18.4,97.6,123.7633353868547,33.44493392070485,32.00440528634361
1022,2020-08-20 06:02:57,2020-08-20 06:33:07,35.6,52.4,119.70734110449737,34.06043956043956,31.60989010989011
1023,2020-08-20 06:33:28,2020-08-20 07:01:48,52.4,68.0,121.08084027777775,35.0,33.0
1024,2020-08-20 07:02:09,2020-08-20 07:35:09,68.0,86.0,122.21604876543208,35.92964824120603,33.175879396984925
1025,2020-08-20 07:35:30,2020-08-20 07:57:30,86.0,97.6,126.43079442049813,36.0,34.0
1026,2020-08-20 21:24:59,2020-08-20 21:56:59,24.8,55.6,122.20735421176047,38.015544041450774,36.4300518134715
1027,2020-08-20 21:57:20,2020-08-20 22:24:59,56.0,82.4,123.18493428556397,40.74251497005988,38.93413173652694
1028,2020-08-20 22:25:20,2020-08-20 22:41:53,82.8,94.8,122.39724520833335,41.91089108910891,39.801980198019805
1029,2020-08-21 05:35:21,2020-08-21 05:52:31,35.2,51.6,121.98338736449861,36.69230769230769,33.44230769230769
1030,2020-08-21 05:52:52,2020-08-21 06:23:32,52.0,80.8,124.09045727237655,38.729729729729726,35.74054054054054
1031,2020-08-21 06:23:53,2020-08-21 06:50:23,81.2,98.4,125.2567668766149,39.9375,37.0
1032,2020-08-21 16:11:59,2020-08-21 16:41:39,9.2,37.6,121.96108064358371,41.25698324022346,39.262569832402235
1033,2020-08-21 16:42:00,2020-08-21 17:04:30,37.6,59.2,121.00309304269545,43.61029411764706,41.60294117647059
1034,2020-08-21 17:12:41,2020-08-21 17:42:11,62.4,87.2,124.73566801075266,45.0,43.0
1035,2020-08-21 21:41:28,2020-08-21 22:03:18,66.0,86.8,122.38514342948721,41.25757575757576,37.43939393939394
1036,2020-08-21 22:03:39,2020-08-21 22:20:39,87.2,97.6,128.0795858707266,42.0,38.0
1037,2020-08-22 05:28:04,2020-08-22 05:49:24,51.2,63.2,127.83220497685186,35.676923076923075,33.0
1038,2020-08-22 05:49:45,2020-08-22 06:17:25,63.6,79.2,123.17398361823362,36.0,33.0
1039,2020-08-22 06:17:46,2020-08-22 06:47:26,79.2,95.2,123.98612769097224,36.0,33.06145251396648
1040,2020-08-22 12:08:54,2020-08-22 12:33:44,80.0,97.6,126.69035093118693,38.0,36.593333333333334
1041,2020-08-22 20:01:29,2020-08-22 20:18:09,73.2,88.0,126.5418622372373,40.0,38.198019801980195
1042,2020-08-22 20:18:30,2020-08-22 20:36:20,88.4,97.6,127.23585552536245,40.0,38.0
1043,2020-08-23 11:30:14,2020-08-23 11:54:44,42.4,66.8,124.67043118169401,35.33783783783784,34.101351351351354
1044,2020-08-23 11:55:05,2020-08-23 12:26:05,67.2,94.0,124.41078036898843,37.58288770053476,36.56149732620321
1045,2020-08-23 18:37:21,2020-08-23 19:07:21,54.0,70.0,124.80379982638887,41.0,39.71823204419889
1046,2020-08-23 19:07:42,2020-08-23 19:37:02,70.0,86.0,122.00865920138888,41.59887005649718,40.0
1047,2020-08-23 19:37:23,2020-08-23 19:59:33,86.0,97.6,127.15155615421463,42.0,40.0
1048,2020-08-24 12:34:56,2020-08-24 13:00:36,30.0,47.2,124.80622642118861,38.651612903225804,37.28387096774193
1049,2020-08-24 13:00:57,2020-08-24 13:31:17,47.6,68.4,121.91375293803416,40.46994535519126,38.79234972677595
1050,2020-08-24 13:31:38,2020-08-24 14:04:08,68.8,90.4,125.55429462448558,41.0,39.326530612244895
1051,2020-08-24 23:54:15,2020-08-25 01:31:15,4.0,82.8,122.9660058710519,41.604395604395606,39.07967032967033
1052,2020-08-25 06:09:46,2020-08-25 06:44:06,22.8,44.0,123.30190749475891,39.333333333333336,35.79710144927536
1053,2020-08-25 06:44:27,2020-08-25 07:11:57,44.4,61.2,121.0995634093915,40.765060240963855,36.95180722891566
1054,2020-08-25 07:19:20,2020-08-25 07:47:50,65.6,82.0,122.40600982384822,41.0,37.0
1055,2020-08-25 07:48:11,2020-08-25 08:12:31,82.4,95.2,129.26867827690975,41.0,37.0
1056,2020-08-25 21:22:44,2020-08-25 22:01:25,58.0,92.0,124.12745028594773,40.611111111111114,38.94017094017094
1057,2020-08-26 15:35:33,2020-08-26 16:10:55,44.8,78.8,121.38648376225491,38.40601503759399,37.13533834586466
1058,2020-08-27 01:05:01,2020-08-27 01:32:11,22.8,48.8,121.96207809829063,34.23170731707317,32.170731707317074
1059,2020-08-27 01:32:32,2020-08-27 02:00:42,48.8,76.0,120.89359242238562,37.18235294117647,35.12352941176471
1060,2020-08-27 12:54:35,2020-08-27 13:23:55,49.6,77.6,122.61460520833339,36.6045197740113,34.71186440677966
1061,2020-08-27 13:24:16,2020-08-27 13:51:36,77.6,97.6,123.89377597222224,37.83030303030303,35.987878787878785
1062,2020-08-28 02:10:46,2020-08-28 03:44:46,14.4,97.6,123.00101437633548,37.98441926345609,35.978753541076486
1063,2020-08-28 13:10:26,2020-08-28 13:41:06,43.2,72.8,120.70899507319824,40.36756756756757,38.68108108108108
1064,2020-08-28 13:41:27,2020-08-28 14:08:37,73.2,94.8,125.25013625257205,41.859756097560975,40.0
1065,2020-08-28 20:37:40,2020-08-28 20:58:00,47.6,68.4,122.66494965277779,41.65853658536585,39.422764227642276
1066,2020-08-28 20:58:21,2020-08-28 21:33:21,68.8,97.2,125.06699931533645,42.829383886255926,40.03317535545024
1067,2020-08-29 03:44:46,2020-08-29 04:12:26,26.4,53.2,120.65662722844111,40.82035928143713,37.33532934131737
1068,2020-08-29 04:12:47,2020-08-29 04:41:57,53.6,81.6,121.69842356150798,43.07954545454545,39.66477272727273
1069,2020-08-29 20:33:40,2020-08-29 20:56:50,12.8,25.2,121.64088846326166,38.0,36.0
1070,2020-08-29 20:57:11,2020-08-29 21:26:11,25.2,41.2,120.6154296006944,38.32,36.26285714285714
1071,2020-08-29 21:26:32,2020-08-29 21:56:02,41.2,57.6,119.7103450203252,39.5,37.21910112359551
1072,2020-08-29 21:56:23,2020-08-29 22:23:53,57.6,72.8,120.41847459795325,40.0,37.60843373493976
1073,2020-08-29 22:24:14,2020-08-29 22:51:34,72.8,87.6,122.92133868243245,40.0,37.0
1074,2020-08-29 22:51:55,2020-08-29 23:10:55,87.6,97.6,126.46664666666668,40.0,37.0
1075,2020-08-30 06:16:27,2020-08-30 07:36:07,36.0,97.6,123.23812624684345,38.80936454849498,36.075250836120404
1076,2020-08-30 17:40:05,2020-08-30 18:41:20,28.4,78.8,121.4606243248457,42.928260869565214,40.971739130434784
1077,2020-08-31 07:10:57,2020-08-31 07:44:37,52.8,84.4,124.33764464662443,35.118226600985224,33.04926108374384
1078,2020-08-31 07:44:58,2020-08-31 08:05:08,84.8,97.6,127.07790614149307,36.0,34.0
1079,2020-08-31 15:56:25,2020-08-31 16:27:35,64.4,85.2,124.11727924679492,37.0,35.9468085106383
1080,2020-08-31 16:27:56,2020-08-31 16:47:56,85.6,97.6,126.18058333333337,37.0,36.0
1081,2020-09-01 00:46:05,2020-09-01 01:08:05,67.2,88.0,123.02151462339745,39.3609022556391,37.58646616541353
1082,2020-09-01 06:28:35,2020-09-01 06:50:21,40.4,61.2,122.15719168002133,38.16541353383459,35.64661654135338
1083,2020-09-01 06:50:42,2020-09-01 07:21:52,61.6,90.4,122.46528761574072,39.829787234042556,37.4468085106383
1084,2020-09-01 15:34:05,2020-09-01 16:01:05,52.4,78.0,123.22050347222225,42.3680981595092,40.90184049079755
1085,2020-09-01 16:01:26,2020-09-01 16:19:36,78.4,92.8,124.60843132716057,43.0,42.0
1086,2020-09-02 10:12:35,2020-09-02 12:08:40,26.8,97.6,122.56385272873509,36.19747416762342,35.05051664753157
1087,2020-09-02 18:07:26,2020-09-02 18:24:06,37.2,47.6,121.40759508547009,41.00990099009901,39.67326732673267
1088,2020-09-02 18:24:27,2020-09-02 18:55:37,47.6,66.4,121.70658156028367,42.0,40.0
1089,2020-09-02 18:55:58,2020-09-02 19:22:08,66.8,81.6,124.51108915165166,42.0,40.0
1090,2020-09-02 19:22:29,2020-09-02 19:51:59,81.6,97.6,125.05904244791668,41.18539325842696,39.3876404494382
1091,2020-09-03 05:46:15,2020-09-03 06:11:55,35.2,51.2,120.25433446180556,35.36129032258064,33.251612903225805
1092,2020-09-03 06:12:16,2020-09-03 06:41:26,51.6,69.6,121.48456358024693,36.82386363636363,34.0
1093,2020-09-03 06:41:47,2020-09-03 07:11:37,69.6,88.0,121.60326086956519,37.166666666666664,34.0
1094,2020-09-03 13:59:35,2020-09-03 14:43:20,25.6,53.2,120.73724481682773,40.37386018237082,38.765957446808514
1095,2020-09-03 14:51:05,2020-09-03 15:06:41,52.8,62.4,123.77896307870368,42.30508474576271,40.83898305084746
1096,2020-09-03 19:28:52,2020-09-03 20:55:36,19.2,94.4,122.88435524896573,44.21966205837174,42.17357910906298
1097,2020-09-04 03:44:49,2020-09-04 04:04:19,24.4,42.8,123.88135763888893,41.66949152542373,38.813559322033896
1098,2020-09-04 04:04:40,2020-09-04 04:33:40,43.2,71.2,120.93602197420637,43.65714285714286,40.714285714285715
1099,2020-09-04 04:34:01,2020-09-04 05:03:51,71.6,94.0,126.09003162202379,44.672222222222224,41.37777777777778
1100,2020-09-04 13:54:59,2020-09-04 14:22:59,15.2,38.4,122.9023114822797,38.83431952662722,36.37869822485207
1101,2020-09-04 14:23:20,2020-09-04 14:54:50,38.8,64.4,121.14150640190968,41.294736842105266,38.88421052631579
1102,2020-09-04 14:55:11,2020-09-04 15:26:11,64.4,88.0,122.26519591572507,42.75935828877005,40.0
1103,2020-09-05 14:18:11,2020-09-05 14:50:11,26.0,45.6,121.90481632653064,31.979274611398964,30.756476683937823
1104,2020-09-05 14:50:32,2020-09-05 15:20:32,46.0,64.8,119.14898936170218,34.26519337016575,32.73480662983425
1105,2020-09-05 15:20:53,2020-09-05 15:51:13,64.8,83.6,120.52308835697406,35.01092896174863,33.814207650273225
1106,2020-09-05 15:51:34,2020-09-05 16:15:14,83.6,97.6,124.79368630952384,35.97202797202797,34.0
1107,2020-09-06 03:58:22,2020-09-06 04:18:12,16.4,35.2,124.23612869385346,33.84166666666667,32.041666666666664
1108,2020-09-06 04:18:33,2020-09-06 04:48:03,35.6,64.4,120.59174160879628,36.73033707865169,34.69662921348315
1109,2020-09-06 04:48:24,2020-09-06 05:18:14,64.8,91.2,124.16773768939393,38.61666666666667,36.50555555555555
1110,2020-09-06 05:28:15,2020-09-06 05:49:25,32.4,52.0,126.5348784013606,37.390625,34.265625
1111,2020-09-06 05:49:46,2020-09-06 06:20:06,52.0,80.4,125.1393961756651,40.39344262295082,37.060109289617486
1112,2020-09-06 06:20:27,2020-09-06 06:44:17,80.4,97.6,117.00261086886312,41.0,37.77777777777778
1113,2020-09-06 12:26:29,2020-09-06 13:11:51,49.2,86.0,123.08530033212561,37.624633431085044,35.81524926686217
1114,2020-09-06 17:48:52,2020-09-06 18:09:32,49.6,69.6,122.0513835416667,40.816,38.832
1115,2020-09-06 18:09:53,2020-09-06 18:41:23,69.6,95.2,124.63432014973954,41.921052631578945,39.90526315789474
1116,2020-09-07 02:06:35,2020-09-07 02:59:58,50.8,92.8,122.7485228968254,38.99251870324189,36.408977556109726
1117,2020-09-07 15:02:58,2020-09-07 15:28:28,27.2,51.6,121.57276201047362,37.935064935064936,36.47402597402598
1118,2020-09-07 15:28:49,2020-09-07 15:59:09,52.0,81.2,120.80671337519027,40.5792349726776,39.114754098360656
1119,2020-09-07 15:59:30,2020-09-07 16:19:30,81.2,95.6,123.63910619212972,41.0,40.0
1120,2020-09-08 02:01:55,2020-09-08 03:31:18,28.0,97.6,122.54580421256387,36.50372578241431,34.71535022354694
1121,2020-09-08 06:22:14,2020-09-08 06:40:14,65.2,82.0,124.83382564484131,36.96330275229358,33.0
1122,2020-09-08 06:40:35,2020-09-08 07:03:55,82.4,97.6,124.9954569627194,36.94326241134752,33.304964539007095
1123,2020-09-08 17:55:51,2020-09-08 18:16:01,21.6,41.2,121.16427451814056,32.76229508196721,31.229508196721312
1124,2020-09-08 18:16:22,2020-09-08 18:45:02,41.6,69.6,120.55458055555557,35.49132947976879,34.092485549132945
1125,2020-09-08 18:45:23,2020-09-08 19:17:53,70.0,96.0,124.00643108974359,37.0,35.65816326530612
1126,2020-09-09 15:46:10,2020-09-09 16:11:40,42.0,66.4,121.84254627732236,35.55844155844156,33.967532467532465
1127,2020-09-09 16:12:01,2020-09-09 16:41:01,66.8,91.6,124.46290933019715,37.331428571428575,35.57142857142857
1128,2020-09-10 02:39:26,2020-09-10 03:00:36,44.0,64.4,121.60473277505449,33.625,31.8828125
1129,2020-09-10 03:00:57,2020-09-10 03:32:57,64.8,92.4,124.06552048107888,35.47150259067357,33.62176165803109
1130,2020-09-10 14:09:13,2020-09-10 14:38:43,14.4,42.4,123.6974121031746,38.51685393258427,36.69662921348315
1131,2020-09-10 14:39:04,2020-09-10 15:07:34,42.8,70.8,119.50941572420636,41.372093023255815,39.674418604651166
1132,2020-09-10 15:07:55,2020-09-10 15:29:35,70.8,90.4,121.22589866780041,42.83206106870229,41.0
1133,2020-09-10 22:46:27,2020-09-10 23:15:37,32.8,60.8,121.47519315476191,40.0,37.28977272727273
1134,2020-09-10 23:15:58,2020-09-10 23:39:58,61.2,84.0,122.71258802387916,41.89655172413793,39.0
1135,2020-09-10 23:40:19,2020-09-11 00:00:59,84.0,97.6,126.38274325980396,42.0,39.0
1136,2020-09-11 12:51:49,2020-09-11 13:31:27,53.2,89.6,123.36672522512214,38.35906040268456,36.80201342281879
1137,2020-09-11 16:51:43,2020-09-11 17:22:13,68.4,93.6,124.70459005731928,40.10326086956522,38.0
1138,2020-09-12 01:08:05,2020-09-12 01:25:55,39.2,56.0,122.33136673280427,37.53703703703704,35.111111111111114
1139,2020-09-12 01:26:16,2020-09-12 01:47:34,56.4,76.4,122.74473997222218,39.01538461538462,36.753846153846155
1140,2020-09-12 16:03:14,2020-09-12 16:42:27,45.2,82.4,122.49086933617083,35.383050847457625,34.0271186440678
1141,2020-09-13 00:09:10,2020-09-13 01:26:17,9.6,83.2,122.08828052913645,36.5993091537133,33.60967184801382
1142,2020-09-13 06:22:39,2020-09-13 07:33:54,43.2,97.6,123.6416013735703,35.697196261682244,32.61308411214953
1143,2020-09-13 20:32:53,2020-09-13 22:35:14,25.6,97.6,122.93230351466049,34.96078431372549,33.119825708061
1144,2020-09-14 05:53:49,2020-09-14 06:23:09,52.0,80.0,122.10466790674606,36.49717514124294,34.152542372881356
1145,2020-09-14 06:23:30,2020-09-14 06:48:20,80.4,97.6,125.56041279069777,37.06,35.0
1146,2020-09-14 15:27:21,2020-09-14 15:50:35,28.8,50.8,121.84787633838387,37.191489361702125,35.42553191489362
1147,2020-09-14 15:50:56,2020-09-14 16:21:26,51.2,80.0,122.25118528163586,39.71739130434783,37.98913043478261
1148,2020-09-14 16:21:47,2020-09-14 16:46:47,80.4,97.6,126.92185206718352,40.980132450331126,39.0
1149,2020-09-14 22:18:11,2020-09-14 22:51:41,59.6,82.4,122.32515893031189,37.0,33.0
1150,2020-09-14 22:52:02,2020-09-14 23:14:32,82.4,96.4,125.38888611111112,37.0,33.0
1151,2020-09-15 04:44:42,2020-09-15 05:16:52,59.6,84.0,123.60770821949,34.91752577319588,32.376288659793815
1152,2020-09-15 05:17:13,2020-09-15 05:38:23,84.4,97.6,126.47624978956244,35.15625,33.0
1153,2020-09-15 13:53:57,2020-09-15 14:19:57,32.0,56.8,121.92038984094984,34.681528662420384,31.961783439490446
1154,2020-09-15 14:20:18,2020-09-15 14:49:38,57.2,84.8,123.58145073470214,36.87570621468927,34.16949152542373
1155,2020-09-15 14:49:59,2020-09-15 15:09:29,85.2,97.6,126.91643716397856,38.0,35.0
1156,2020-09-15 23:24:54,2020-09-15 23:48:14,38.8,61.2,121.68589949156747,34.262411347517734,31.81560283687943
1157,2020-09-16 07:00:15,2020-09-16 07:24:15,47.2,62.0,123.52011026651657,33.40689655172414,30.613793103448277
1158,2020-09-16 07:24:36,2020-09-16 07:52:16,62.0,79.2,122.51617667958654,34.0,31.59880239520958
1159,2020-09-16 07:52:37,2020-09-16 08:21:37,79.6,97.2,124.32610069444439,34.48571428571429,32.06857142857143
1160,2020-09-16 19:44:21,2020-09-16 20:51:44,40.0,97.6,123.87971190441745,36.948616600790515,34.952569169960476
1161,2020-09-17 03:21:54,2020-09-17 03:55:54,54.4,86.8,123.57940706447191,35.604878048780485,33.15609756097561
1162,2020-09-17 11:02:04,2020-09-17 12:20:00,50.8,97.6,124.42604475308643,35.86689419795222,34.40273037542662
1163,2020-09-17 17:06:52,2020-09-17 17:24:52,79.2,89.2,122.8361302777778,41.0,39.0
1164,2020-09-18 12:29:09,2020-09-18 13:31:44,32.8,90.8,121.85343463362068,34.00212765957447,33.00851063829787
1165,2020-09-18 23:21:50,2020-09-19 00:23:03,44.0,92.4,122.9111473341368,33.130151843817785,31.11713665943601
1166,2020-09-19 08:38:35,2020-09-19 09:09:15,62.8,90.4,123.44407165861513,33.4054054054054,31.34054054054054
1167,2020-09-20 00:56:47,2020-09-20 01:22:37,67.6,90.4,123.55142531676408,31.19871794871795,29.75
1168,2020-09-20 11:51:29,2020-09-20 12:22:39,46.4,76.8,120.81553440241231,36.037234042553195,34.5
1169,2020-09-20 12:23:00,2020-09-20 12:51:10,77.2,97.6,126.08458272058829,37.0,35.629411764705885
1170,2020-09-21 11:43:53,2020-09-21 12:10:43,15.2,40.4,124.08950804673722,36.46296296296296,34.17283950617284
1171,2020-09-21 12:11:04,2020-09-21 12:39:34,40.8,68.4,120.21689608494361,39.30813953488372,37.25581395348837
1172,2020-09-21 12:39:55,2020-09-21 13:10:45,68.8,94.0,123.87237059082892,40.924731182795696,38.876344086021504
1173,2020-09-21 18:16:39,2020-09-21 18:39:26,53.2,66.8,125.34539287173206,39.78417266187051,37.0
1174,2020-09-21 18:39:47,2020-09-21 19:07:57,67.2,84.4,122.85045526485787,40.0,37.194117647058825
1175,2020-09-22 01:45:14,2020-09-22 02:12:44,48.0,74.4,121.59459843223905,38.265060240963855,35.89156626506024
1176,2020-09-22 02:13:05,2020-09-22 02:41:15,74.8,96.4,124.2457591949588,39.15294117647059,37.0
1177,2020-09-22 11:53:11,2020-09-22 12:10:11,44.0,60.4,121.00102269647697,35.970873786407765,34.407766990291265
1178,2020-09-22 12:10:32,2020-09-22 12:40:42,60.8,88.8,123.76240104166666,37.620879120879124,36.0989010989011
1179,2020-09-22 16:09:29,2020-09-22 16:30:49,78.0,89.6,122.06900383141772,38.0,36.0
1180,2020-09-23 04:19:33,2020-09-23 04:49:23,16.4,32.8,121.18054623983741,33.105555555555554,31.355555555555554
1181,2020-09-23 04:49:44,2020-09-23 05:20:34,32.8,50.0,119.4153653100775,34.456989247311824,32.67204301075269
1182,2020-09-23 05:20:55,2020-09-23 05:55:55,50.0,69.6,118.94273327664402,35.90521327014218,34.0
1183,2020-09-23 05:56:16,2020-09-23 06:28:36,69.6,87.2,122.38714401830802,36.0,34.0
1184,2020-09-23 13:50:18,2020-09-23 14:09:28,46.8,62.0,123.11221829312862,36.55172413793103,35.310344827586206
1185,2020-09-23 14:09:49,2020-09-23 14:37:19,62.0,83.2,120.8189329140461,37.536144578313255,36.21686746987952
1186,2020-09-23 14:37:40,2020-09-23 14:57:20,83.2,96.0,123.35072037760423,38.0,37.0
1187,2020-09-23 23:27:54,2020-09-23 23:49:54,62.0,78.8,123.80788417658731,34.0,30.977443609022558
1188,2020-09-23 23:50:15,2020-09-24 00:17:45,79.2,97.2,126.08796288580247,34.0,31.0
1189,2020-09-24 21:52:14,2020-09-24 23:27:22,11.2,96.8,121.87589549422377,35.43977591036415,33.72829131652661
1190,2020-09-25 18:31:15,2020-09-25 18:58:45,74.8,92.8,123.26082793209876,32.78915662650602,31.373493975903614
1191,2020-09-26 14:02:54,2020-09-26 14:32:54,40.0,60.8,119.71559174679491,32.29281767955801,30.790055248618785
1192,2020-09-26 14:33:15,2020-09-26 15:03:05,61.2,81.6,121.39846391612205,33.644444444444446,32.0
1193,2020-09-26 15:03:26,2020-09-26 15:25:16,81.6,95.6,122.40479960317461,34.0,32.265151515151516
1194,2020-09-26 23:38:42,2020-09-26 23:58:42,42.8,62.0,121.834507740162,30.39669421487603,27.454545454545453
1195,2020-09-26 23:59:03,2020-09-27 00:28:13,62.4,89.2,121.82112230514093,32.26704545454545,29.4375
1196,2020-09-27 12:14:03,2020-09-27 12:45:23,66.4,92.8,123.56903014520203,30.814814814814813,29.402116402116402
1197,2020-09-27 23:55:06,2020-09-28 00:21:16,47.2,72.4,121.4506310074956,32.61392405063291,30.38607594936709
1198,2020-09-28 00:21:37,2020-09-28 00:50:17,72.4,95.2,122.58590180311894,33.96531791907515,31.878612716763005
1199,2020-09-28 13:09:39,2020-09-28 13:39:09,39.2,68.0,119.79650626929018,33.758426966292134,32.69662921348315
1200,2020-09-28 13:39:30,2020-09-28 14:13:00,68.0,95.2,122.95498376225491,35.79207920792079,34.65841584158416
1201,2020-09-29 00:52:44,2020-09-29 01:13:44,34.4,54.8,120.44323801742922,33.06299212598425,31.11023622047244
1202,2020-09-29 01:14:05,2020-09-29 01:44:25,55.2,84.4,121.6866749429224,35.459016393442624,33.540983606557376
1203,2020-09-29 01:44:46,2020-09-29 02:05:06,84.8,97.6,128.47442241753478,36.0650406504065,34.0
1204,2020-09-29 08:54:45,2020-09-29 09:17:35,53.2,67.2,122.59625734126985,33.094202898550726,30.971014492753625
1205,2020-09-29 09:17:56,2020-09-29 09:48:16,67.6,86.0,123.91609027777774,34.0,31.83606557377049
1206,2020-09-29 09:48:37,2020-09-29 10:07:47,86.4,97.6,126.68653645833348,34.310344827586206,32.48275862068966
1207,2020-09-29 17:04:26,2020-09-29 17:24:56,51.2,63.6,123.30754460125448,36.0,34.185483870967744
1208,2020-09-29 17:25:17,2020-09-29 18:01:31,64.0,86.0,123.24820487373735,36.31050228310502,35.0
1209,2020-09-29 18:01:52,2020-09-29 18:21:42,86.0,97.6,124.85270138888896,37.0,35.0
1210,2020-09-30 05:57:53,2020-09-30 06:32:23,20.0,43.6,122.0574623352166,33.89903846153846,32.1875
1211,2020-09-30 06:32:44,2020-09-30 06:59:04,43.6,62.0,119.5018354468599,36.289308176100626,34.528301886792455
1212,2020-09-30 07:08:07,2020-09-30 07:38:17,66.8,87.2,123.47633183551198,37.604395604395606,35.88461538461539
1213,2020-09-30 07:38:38,2020-09-30 07:55:38,87.6,97.6,127.86669499999999,38.0,36.0
1214,2020-09-30 15:54:39,2020-09-30 16:15:56,55.2,75.6,121.55222499319179,38.51162790697674,35.68217054263566
1215,2020-10-01 00:44:59,2020-10-01 01:15:29,24.4,43.2,121.94299364657209,34.48913043478261,32.04347826086956
1216,2020-10-01 01:15:50,2020-10-01 01:48:10,43.6,64.0,119.13537486383446,36.45128205128205,33.738461538461536
1217,2020-10-01 01:48:31,2020-10-01 02:20:11,64.4,84.0,121.44277069161001,37.0,34.84816753926702
1218,2020-10-01 02:20:32,2020-10-01 02:37:52,84.0,94.4,124.13998477564098,37.0,35.0
1219,2020-10-01 07:25:46,2020-10-01 07:56:16,49.2,78.0,123.71047087191359,35.875,32.17391304347826
1220,2020-10-01 12:44:20,2020-10-01 13:06:20,57.2,70.4,125.49034764309765,34.0,31.909774436090224
1221,2020-10-01 13:06:41,2020-10-01 13:36:11,70.8,88.8,123.42749645061733,34.23033707865169,32.01123595505618
1222,2020-10-02 01:09:56,2020-10-02 01:40:16,24.8,35.6,123.85799387860077,32.278688524590166,30.049180327868854
1223,2020-10-02 01:40:37,2020-10-02 02:09:57,36.0,46.8,120.09256430041152,33.0225988700565,31.0
1224,2020-10-02 02:10:18,2020-10-02 02:41:18,46.8,58.4,117.63047988505741,34.0,31.93048128342246
1225,2020-10-02 02:41:39,2020-10-02 03:07:19,58.4,68.0,117.5057601273148,34.0,32.0
1226,2020-10-02 03:07:40,2020-10-02 03:37:30,68.0,78.8,121.33356764403291,34.0,32.0
1227,2020-10-02 03:37:51,2020-10-02 04:11:01,78.8,90.4,125.30887763409946,34.0,32.0
1228,2020-10-02 04:11:22,2020-10-02 04:32:12,90.8,97.6,134.20747589869282,34.0,32.0
1229,2020-10-02 10:48:21,2020-10-02 11:11:41,50.8,64.8,121.41073353174605,34.0,32.0354609929078
1230,2020-10-02 11:12:02,2020-10-02 11:42:22,64.8,82.4,121.05351499368683,34.0,32.994535519125684
1231,2020-10-02 11:42:43,2020-10-02 12:10:53,82.4,97.6,125.18368110380125,34.8235294117647,33.0
1232,2020-10-02 23:22:28,2020-10-02 23:51:08,25.6,35.6,124.22222222222223,33.27167630057804,31.13872832369942
1233,2020-10-02 23:51:29,2020-10-03 00:22:29,36.0,47.2,119.94047619047616,34.0,32.0
1234,2020-10-03 00:22:50,2020-10-03 00:50:00,47.2,57.2,117.72222222222221,34.34146341463415,32.0
1235,2020-10-03 00:50:21,2020-10-03 01:22:31,57.2,69.2,116.1574074074074,34.402061855670105,32.0
1236,2020-10-03 01:22:52,2020-10-03 01:50:52,69.2,79.2,121.33333333333334,34.0,32.0
1237,2020-10-03 01:51:13,2020-10-03 02:21:43,79.2,89.6,127.08333333333344,34.0,32.0
1238,2020-10-03 02:22:04,2020-10-03 02:45:24,90.0,97.6,133.0409356725147,34.0,31.588652482269502
1239,2020-10-03 15:22:37,2020-10-03 15:52:47,20.0,48.8,122.57139284336421,40.824175824175825,39.21978021978022
1240,2020-10-03 15:53:08,2020-10-03 16:25:08,48.8,79.2,123.16065378289471,43.67357512953368,42.32124352331606
1241,2020-10-03 16:25:29,2020-10-03 16:53:59,79.2,97.6,127.76723626207736,44.95348837209303,43.0
1242,2020-10-04 00:39:49,2020-10-04 01:12:19,23.6,41.6,120.3117225308642,39.10204081632653,36.02040816326531
1243,2020-10-04 01:12:40,2020-10-04 01:38:20,41.6,56.0,118.65063821373458,40.193548387096776,37.04516129032258
1244,2020-10-04 01:38:41,2020-10-04 02:07:01,56.0,72.0,117.88192708333331,41.0,37.87719298245614
1245,2020-10-04 02:07:22,2020-10-04 02:41:32,72.0,90.4,123.5876908967391,40.94660194174757,37.0
1246,2020-10-04 11:47:44,2020-10-04 12:16:24,45.6,65.6,120.44095409722226,38.50289017341041,36.52023121387283
1247,2020-10-04 12:16:45,2020-10-04 12:48:45,66.0,87.6,124.66820756172842,39.0,37.0
1248,2020-10-04 19:21:55,2020-10-04 19:54:05,60.0,78.4,124.33727453200483,39.670103092783506,37.896907216494846
1249,2020-10-04 19:54:26,2020-10-04 20:24:46,78.8,95.2,126.12044639227638,39.0,37.0
1250,2020-10-05 04:14:57,2020-10-05 04:42:57,18.0,44.8,122.06054767827534,38.86390532544379,36.03550295857988
1251,2020-10-05 04:43:18,2020-10-05 05:11:48,44.8,72.4,120.65420400563605,41.616279069767444,38.74418604651163
1252,2020-10-05 05:12:09,2020-10-05 05:39:19,72.8,94.4,124.14096746399174,43.0,40.0
1253,2020-10-05 22:09:55,2020-10-05 22:35:15,45.6,70.0,121.98998132969037,35.01307189542484,33.091503267973856
1254,2020-10-05 22:35:36,2020-10-05 23:07:56,70.4,96.0,124.01368223741322,36.58974358974359,34.6051282051282
1255,2020-10-07 08:00:53,2020-10-07 08:32:53,64.4,84.0,122.45181434240368,25.70984455958549,24.906735751295336
1256,2020-10-07 08:33:14,2020-10-07 08:57:44,84.0,97.6,125.40849417892164,26.756756756756758,25.993243243243242
1257,2020-10-07 17:17:42,2020-10-07 17:35:22,44.4,55.2,122.70319097222217,30.60747663551402,28.990654205607477
1258,2020-10-07 17:35:43,2020-10-07 18:06:33,55.6,74.4,123.00531914893614,31.817204301075268,30.0
1259,2020-10-07 18:06:54,2020-10-07 18:31:54,74.4,89.6,123.32785087719307,32.28476821192053,30.973509933774835
1260,2020-10-08 08:06:20,2020-10-08 08:35:40,37.2,65.6,120.69787989045389,29.423728813559322,28.548022598870055
1261,2020-10-08 08:36:01,2020-10-08 09:04:21,66.0,90.8,123.60383966173838,31.65497076023392,30.695906432748536
1262,2020-10-08 18:32:33,2020-10-08 19:05:13,40.8,72.4,121.0663088080169,33.08629441624365,31.309644670050762
1263,2020-10-08 19:05:34,2020-10-08 19:35:34,72.8,96.0,125.09881088362069,34.889502762430936,33.0
1264,2020-10-09 15:48:02,2020-10-09 16:05:42,42.4,54.4,122.98034861111114,28.373831775700936,27.08411214953271
1265,2020-10-09 16:06:03,2020-10-09 16:38:03,54.8,76.4,123.7326635802469,29.78238341968912,28.34715025906736
1266,2020-10-09 16:38:24,2020-10-09 16:57:44,76.8,89.6,125.08791579861114,30.495726495726494,29.0
1267,2020-10-10 00:06:43,2020-10-10 00:40:33,41.6,62.4,122.01055174946582,29.480392156862745,27.769607843137255
1268,2020-10-10 00:40:54,2020-10-10 01:12:04,62.8,81.6,124.38978088061468,30.97340425531915,29.164893617021278
1269,2020-10-10 01:12:25,2020-10-10 01:31:45,82.0,93.6,124.06609315134105,31.623931623931625,30.0
1270,2020-10-10 12:23:12,2020-10-10 12:43:05,51.2,70.0,123.82944177748232,31.380165289256198,29.644628099173552
1271,2020-10-10 12:43:26,2020-10-10 13:09:56,70.4,92.4,123.28978440656566,32.61875,30.7
1272,2020-10-10 21:02:12,2020-10-10 21:29:52,54.0,70.8,123.51190476190479,33.41317365269461,31.592814371257486
1273,2020-10-10 21:30:13,2020-10-10 21:57:43,71.2,87.6,125.76388905826565,34.0,32.0
1274,2020-10-10 21:58:04,2020-10-10 22:15:54,88.0,97.6,128.36371961805563,34.0,32.0
1275,2020-10-11 04:29:44,2020-10-11 04:54:04,55.2,78.4,122.56885835727968,32.46938775510204,29.632653061224488
1276,2020-10-11 04:54:25,2020-10-11 05:19:24,78.8,96.4,126.66541736111105,33.48026315789474,30.967105263157894
1277,2020-10-11 10:53:50,2020-10-11 11:20:00,34.8,50.8,122.1302574652778,31.746835443037973,30.329113924050635
1278,2020-10-11 11:20:21,2020-10-11 11:49:51,51.2,69.2,122.37042500000004,33.28651685393258,31.724719101123597
1279,2020-10-11 11:50:12,2020-10-11 12:21:12,69.6,88.4,123.12062234042548,34.0,32.0
1280,2020-10-11 18:56:08,2020-10-11 19:20:28,66.4,88.8,123.06051884920639,36.204081632653065,35.0
1281,2020-10-13 00:08:57,2020-10-13 00:34:17,51.2,75.2,123.0063713541667,35.75816993464052,34.12418300653595
1282,2020-10-13 20:23:49,2020-10-13 22:03:21,22.4,97.6,122.5192032395095,33.20749665327978,30.772423025435074
1283,2020-10-14 07:04:47,2020-10-14 08:04:34,52.8,97.6,124.14420132068453,31.552338530066816,29.469933184855233
1284,2020-10-14 17:35:13,2020-10-14 18:24:51,34.0,73.6,122.11954234708193,33.97855227882037,32.211796246648795
1285,2020-10-15 00:28:58,2020-10-15 02:11:11,17.6,97.6,122.86920772395833,35.282920469361144,32.728813559322035
1286,2020-10-15 10:50:03,2020-10-15 11:17:53,29.2,56.8,119.54309249194847,33.95238095238095,32.208333333333336
1287,2020-10-15 11:18:14,2020-10-15 11:47:34,57.2,85.6,122.63304479655717,36.55367231638418,34.559322033898304
1288,2020-10-15 11:47:55,2020-10-15 12:07:25,86.0,97.6,126.66310201149437,37.0,35.0
1289,2020-10-16 14:07:10,2020-10-16 14:31:50,39.2,56.4,119.0310555555556,30.906040268456376,29.986577181208055
1290,2020-10-16 20:53:48,2020-10-16 21:18:18,26.8,50.0,122.69338619492338,32.87162162162162,31.385135135135137
1291,2020-10-16 21:18:39,2020-10-16 21:45:09,50.4,76.0,120.25934971788195,35.6125,33.9125
1292,2020-10-16 21:45:30,2020-10-16 22:14:50,76.4,97.6,126.67391345649904,36.91525423728814,35.0
1293,2020-10-17 04:00:16,2020-10-17 04:25:26,68.8,90.8,124.47854002525251,33.71052631578947,30.80263157894737
1294,2020-10-17 08:34:39,2020-10-17 08:55:09,72.0,90.0,122.28165162037041,31.903225806451612,28.879032258064516
1295,2020-10-17 17:41:12,2020-10-17 18:11:22,51.6,60.8,122.96195652173918,30.0,28.87912087912088
1296,2020-10-17 18:11:43,2020-10-17 18:44:03,60.8,70.8,121.24999999999999,30.0,29.0
1297,2020-10-17 18:44:24,2020-10-17 19:13:34,70.8,79.6,124.28977272727278,30.0,28.460227272727273
1298,2020-10-17 19:13:55,2020-10-17 19:41:45,80.0,88.4,124.25595238095231,30.0,28.0
1299,2020-10-17 19:42:06,2020-10-17 20:13:46,88.4,97.6,127.1361714975847,30.0,28.0
1300,2020-10-18 03:06:52,2020-10-18 03:37:52,38.0,68.0,120.80881254629632,30.951871657754012,28.53475935828877
1301,2020-10-18 03:38:33,2020-10-18 04:07:23,68.4,92.8,121.34393505236798,32.839080459770116,30.729885057471265
1302,2020-10-18 20:42:16,2020-10-18 21:14:56,39.2,70.8,120.72609823312239,31.380710659898476,30.34517766497462
1303,2020-10-18 21:15:17,2020-10-18 21:41:57,70.8,92.8,122.84975707070708,33.46583850931677,32.01863354037267
1304,2020-10-19 03:01:55,2020-10-19 03:34:35,36.8,68.4,120.52918881856539,32.411167512690355,29.365482233502537
1305,2020-10-19 03:34:56,2020-10-19 03:53:52,68.4,86.4,122.6237698919753,34.03478260869565,31.321739130434782
1306,2020-10-19 03:54:13,2020-10-19 04:12:43,86.8,97.6,127.82408333333339,34.13392857142857,32.0
1307,2020-10-19 13:54:15,2020-10-19 14:20:15,34.4,43.6,122.47131717995165,30.547770700636942,29.03184713375796
1308,2020-10-19 14:35:05,2020-10-19 15:03:55,49.2,59.6,120.1388888888889,32.0,30.0
1309,2020-10-19 15:04:16,2020-10-19 15:32:56,60.0,70.4,119.44444444444437,32.0,30.0
1310,2020-10-19 15:33:17,2020-10-19 15:59:27,70.4,79.6,123.24879227053157,32.0,30.0
1311,2020-10-19 21:58:50,2020-10-19 22:27:10,42.0,69.6,120.06694580314013,31.91812865497076,29.83625730994152
1312,2020-10-19 22:27:31,2020-10-19 22:54:31,69.6,92.4,122.68337037037031,33.57055214723926,31.607361963190183
1313,2020-10-20 09:09:58,2020-10-20 09:39:28,18.4,36.4,122.84953726851853,27.797752808988765,26.134831460674157
1314,2020-10-20 09:39:49,2020-10-20 10:09:09,36.8,55.2,119.5652173913043,29.954802259887007,28.242937853107346
1315,2020-10-20 10:09:30,2020-10-20 10:40:40,55.2,74.4,121.74479166666666,31.72340425531915,29.95212765957447
1316,2020-10-20 10:41:01,2020-10-20 11:07:31,74.8,90.8,124.03645833333334,32.325,30.83125
1317,2020-10-20 21:11:57,2020-10-20 21:29:07,31.2,47.6,122.53305225270996,31.903846153846153,29.83653846153846
1318,2020-10-20 21:29:28,2020-10-20 22:00:18,48.0,78.0,120.35095240740743,34.424731182795696,32.41935483870968
1319,2020-10-20 22:00:39,2020-10-20 22:27:39,78.4,97.6,126.22833695023157,35.88957055214724,33.920245398773005
1320,2020-10-21 12:09:20,2020-10-21 12:35:40,57.2,82.8,121.81695817057295,29.855345911949687,28.31446540880503
1321,2020-10-21 12:36:01,2020-10-21 12:52:31,82.8,94.4,120.26822270114931,31.0,29.0
1322,2020-10-21 21:09:42,2020-10-21 21:30:52,33.6,54.0,121.1914579929194,30.4375,28.3515625
1323,2020-10-21 21:31:13,2020-10-21 22:06:14,54.4,87.6,123.00276833166,33.33018867924528,31.38679245283019
1324,2020-10-21 22:06:35,2020-10-21 22:23:45,88.0,97.6,129.85822873263896,34.08653846153846,32.98076923076923
1325,2020-10-22 16:13:55,2020-10-22 16:37:25,48.0,70.0,123.27212152777783,31.133802816901408,29.260563380281692
1326,2020-10-22 16:37:46,2020-10-22 17:05:46,70.4,93.2,123.18168067738797,32.6094674556213,30.650887573964496
1327,2020-10-23 04:25:11,2020-10-23 05:46:10,26.4,97.6,122.22591217423535,32.26315789473684,30.289473684210527
1328,2020-10-23 15:18:54,2020-10-23 15:35:44,61.2,70.8,126.73612500000004,30.0,28.0
1329,2020-10-23 15:36:05,2020-10-23 16:04:35,71.2,87.2,125.10071484375001,30.11627906976744,28.0
1330,2020-10-24 05:57:28,2020-10-24 06:18:08,58.8,78.4,122.63251197562353,28.344,26.648
1331,2020-10-24 06:18:29,2020-10-24 06:46:29,78.8,97.6,125.51346069739955,29.23076923076923,27.816568047337277
1332,2020-10-24 16:49:08,2020-10-24 17:17:18,56.0,66.0,125.28613944444447,30.0,28.0
1333,2020-10-24 17:17:39,2020-10-24 17:46:49,66.4,77.2,122.81510108024693,30.0,28.0
1334,2020-10-24 17:47:10,2020-10-24 18:11:20,77.2,86.4,122.23281642512072,30.0,28.0
1335,2020-10-24 18:11:41,2020-10-24 18:37:01,86.4,96.0,124.89586241319455,30.0,28.0
1336,2020-10-25 01:10:13,2020-10-25 01:39:33,58.4,69.2,123.2201878858024,30.225988700564972,28.570621468926554
1337,2020-10-25 01:39:54,2020-10-25 02:06:54,69.2,79.2,119.97363138888888,31.0,29.0
1338,2020-10-25 02:07:15,2020-10-25 02:39:25,79.2,90.4,125.41174516369044,31.0,29.0
1339,2020-10-25 02:39:46,2020-10-25 03:01:26,90.4,97.6,127.39971238425944,31.0,29.045801526717558
1340,2020-10-25 07:29:06,2020-10-25 08:02:36,52.4,84.0,124.01724907700422,31.668316831683168,29.336633663366335
1341,2020-10-25 08:02:57,2020-10-25 08:25:57,84.4,97.6,125.84071853956237,33.0,30.798561151079138
1342,2020-10-25 18:02:32,2020-10-25 18:27:06,23.2,39.2,122.83159704861109,33.81208053691275,32.369127516778526
1343,2020-10-25 18:27:27,2020-10-25 18:56:07,39.6,58.8,119.44155063657409,35.57225433526011,34.07514450867052
1344,2020-10-25 18:56:28,2020-10-25 19:24:18,59.2,77.2,123.69907361111112,36.93452380952381,35.0
1345,2020-10-25 19:24:39,2020-10-25 19:57:19,77.6,97.6,126.24166583333334,37.0,35.0
1346,2020-10-26 20:21:51,2020-10-26 20:53:41,65.2,82.4,123.07974983850127,32.0,31.0
1347,2020-10-27 14:29:31,2020-10-27 14:56:01,36.8,51.6,119.15538400900896,34.60625,32.4375
1348,2020-10-27 14:56:22,2020-10-27 15:25:02,52.0,68.0,119.20570529513887,35.884393063583815,33.65895953757225
1349,2020-10-27 15:25:23,2020-10-27 15:58:43,68.0,86.0,123.21756867283949,36.0,34.0
1350,2020-10-27 15:59:04,2020-10-27 16:20:48,86.4,97.6,129.13340937500013,36.0,34.0
1351,2020-10-28 04:11:47,2020-10-28 04:39:37,28.0,54.8,121.11525331674959,31.321428571428573,29.071428571428573
1352,2020-10-28 04:39:58,2020-10-28 05:12:18,55.2,86.0,122.3115082070707,34.16410256410256,31.77948717948718
1353,2020-10-28 11:38:04,2020-10-28 12:01:22,62.8,85.2,121.49641347966269,34.262411347517734,32.43262411347518
1354,2020-10-28 22:11:15,2020-10-28 22:40:15,13.6,41.2,123.08225850442838,33.65714285714286,31.417142857142856
1355,2020-10-28 22:40:36,2020-10-28 23:08:56,41.6,69.2,120.26673983494366,36.72514619883041,34.35087719298246
1356,2020-10-28 23:09:17,2020-10-28 23:38:57,69.2,94.0,122.20713244847674,38.14525139664804,35.98882681564246
1357,2020-10-29 03:33:44,2020-10-29 04:01:14,70.0,93.2,121.5858619492337,36.0,31.873493975903614
1358,2020-10-29 11:24:55,2020-10-29 12:21:30,63.2,97.6,123.30219152939281,30.590588235294117,27.48235294117647
1359,2020-10-29 20:31:51,2020-10-29 21:04:41,62.4,91.2,122.88967587770061,29.505050505050505,27.28787878787879
1360,2020-10-30 18:32:28,2020-10-30 18:59:38,51.2,70.0,122.82801418439718,29.945121951219512,28.774390243902438
1361,2020-10-30 18:59:59,2020-10-30 19:30:29,70.0,90.8,123.0428793402778,31.0,29.79891304347826
1362,2020-10-31 02:34:38,2020-10-31 04:21:15,14.4,97.6,122.32095120526176,33.6275,31.535
1363,2020-10-31 12:32:00,2020-10-31 13:33:07,45.2,92.8,123.93818206407565,32.10021786492375,29.923747276688452
1364,2020-11-01 01:03:53,2020-11-01 01:31:43,17.2,43.6,123.1481604587542,33.26190476190476,31.011904761904763
1365,2020-11-01 01:32:04,2020-11-01 02:00:24,44.0,71.2,121.64165599468953,36.36257309941521,34.25730994152047
1366,2020-11-01 02:00:45,2020-11-01 02:17:15,71.6,87.2,123.51674750712245,38.0,35.72
1367,2020-11-01 07:45:17,2020-11-01 08:14:17,20.8,38.8,121.3896892746914,32.21142857142857,28.37142857142857
1368,2020-11-01 08:14:38,2020-11-01 08:43:48,38.8,57.2,119.41427762681155,33.80681818181818,30.505681818181817
1369,2020-11-01 08:44:09,2020-11-01 09:13:39,57.6,76.0,120.80316923309182,35.0,32.0
1370,2020-11-01 09:14:00,2020-11-01 09:47:30,76.0,96.0,125.43336750000003,35.21287128712871,32.66831683168317
1371,2020-11-01 16:26:37,2020-11-01 16:56:37,74.0,96.8,125.12121996832362,34.70165745856354,33.0
1372,2020-11-02 15:50:02,2020-11-02 16:17:22,38.8,65.2,120.87700652356901,32.58181818181818,31.03030303030303
1373,2020-11-02 16:17:43,2020-11-02 16:47:03,65.6,91.2,123.43533376736107,34.33898305084746,32.79661016949152
1374,2020-11-03 02:24:39,2020-11-03 02:48:59,28.8,52.4,119.67456744350284,29.68027210884354,27.224489795918366
1375,2020-11-03 02:49:20,2020-11-03 03:18:20,52.8,80.4,122.0581898148148,32.142857142857146,29.714285714285715
1376,2020-11-03 03:18:41,2020-11-03 03:43:51,80.8,97.6,125.62334209656085,33.0,30.95394736842105
1377,2020-11-03 13:29:13,2020-11-03 14:25:47,39.2,85.6,121.79700129909006,31.896470588235292,30.341176470588234
1378,2020-11-03 23:38:14,2020-11-03 23:55:24,12.4,28.8,122.12059620596207,30.115384615384617,28.096153846153847
1379,2020-11-03 23:55:45,2020-11-04 00:24:55,29.2,57.2,121.53174642857141,32.57386363636363,30.619318181818183
1380,2020-11-04 00:25:16,2020-11-04 00:54:26,57.6,85.6,121.5585348214286,35.36931818181818,33.36931818181818
1381,2020-11-04 05:28:28,2020-11-04 05:56:08,56.4,82.4,124.21955849358972,34.4251497005988,31.11377245508982
1382,2020-11-04 05:56:29,2020-11-04 06:18:59,82.8,97.6,126.10924099099105,35.0,32.0
1383,2020-11-04 15:29:14,2020-11-04 15:58:14,47.6,75.2,122.73954413244768,30.588571428571427,29.13142857142857
1384,2020-11-04 15:58:35,2020-11-04 16:28:05,75.6,97.2,125.05916846707817,32.0,30.758426966292134
1385,2020-11-05 03:22:19,2020-11-05 03:48:10,48.4,73.6,119.57418416005292,31.394904458598727,29.273885350318473
1386,2020-11-05 03:48:31,2020-11-05 04:13:51,74.0,94.0,123.604861875,32.888888888888886,30.88888888888889
1387,2020-11-05 14:54:39,2020-11-05 15:26:09,21.2,51.2,121.11668620370372,32.3,30.81578947368421
1388,2020-11-05 15:26:30,2020-11-05 15:58:00,51.2,81.2,121.07409194444448,35.473684210526315,33.86842105263158
1389,2020-11-05 21:37:33,2020-11-05 22:06:43,52.4,72.0,123.26391369047617,34.39204545454545,31.920454545454547
1390,2020-11-05 22:07:04,2020-11-05 22:38:44,72.4,93.2,123.23253559027785,35.0,32.0
1391,2020-11-06 13:17:13,2020-11-06 13:46:23,56.4,84.0,123.23219087157808,31.823863636363637,30.494318181818183
1392,2020-11-06 15:19:14,2020-11-06 16:11:24,66.4,97.6,124.33010097934476,35.0,33.11224489795919
1393,2020-11-07 02:12:18,2020-11-07 02:38:18,47.2,72.0,121.5109832549283,33.140127388535035,31.05732484076433
1394,2020-11-07 02:38:39,2020-11-07 03:06:49,72.4,94.8,122.53287803819448,34.66470588235294,32.73529411764706
1395,2020-11-07 21:56:22,2020-11-07 22:15:32,33.2,51.6,121.53532744565221,32.01724137931034,30.45689655172414
1396,2020-11-07 22:15:53,2020-11-07 22:41:53,52.0,76.8,122.18805079525093,34.05095541401274,32.617834394904456
1397,2020-11-07 22:42:14,2020-11-07 23:08:34,77.2,96.4,125.81089793113425,35.0,33.0062893081761
1398,2020-11-08 14:51:43,2020-11-08 15:23:23,34.8,65.6,120.32785267857147,33.96335078534032,32.31413612565445
1399,2020-11-08 15:23:44,2020-11-08 15:50:14,65.6,89.6,122.51160271990742,36.4375,34.66875
1400,2020-11-08 23:10:33,2020-11-08 23:41:13,55.2,84.4,122.60560150304414,34.61081081081081,32.34594594594594
1401,2020-11-08 23:41:34,2020-11-09 00:01:54,84.4,97.6,125.44719749579134,35.0,33.0
1402,2020-11-09 12:53:40,2020-11-09 13:21:10,48.4,74.8,121.77768992003367,31.102409638554217,29.69277108433735
1403,2020-11-09 13:21:31,2020-11-09 13:48:31,75.2,95.6,124.0734125136166,32.625766871165645,31.0
1404,2020-11-10 00:07:34,2020-11-10 00:35:44,40.8,68.0,121.46853931781042,31.558823529411764,29.605882352941176
1405,2020-11-10 00:36:05,2020-11-10 01:00:35,68.4,90.4,121.96969053030303,33.445945945945944,31.52027027027027
1406,2020-11-10 16:59:25,2020-11-10 17:26:35,31.2,58.0,119.10655047678273,32.75,31.390243902439025
1407,2020-11-10 17:26:56,2020-11-10 17:54:06,58.0,84.4,120.9790658143939,35.44512195121951,33.74390243902439
1408,2020-11-11 16:01:27,2020-11-11 16:28:07,44.8,70.4,121.2245124240451,32.29192546583851,30.73913043478261
1409,2020-11-11 16:28:28,2020-11-11 16:47:38,70.8,88.4,122.68149447601007,34.0,32.543103448275865
1410,2020-11-12 00:57:56,2020-11-12 01:21:46,39.2,62.0,121.99074908625734,30.71527777777778,27.95138888888889
1411,2020-11-12 01:22:07,2020-11-12 01:50:27,62.4,88.8,122.27589509680136,32.60818713450293,30.22222222222222
1412,2020-11-12 14:11:04,2020-11-12 14:37:54,58.0,83.6,122.25586539713544,32.864197530864196,31.179012345679013
1413,2020-11-12 14:38:15,2020-11-12 15:01:25,84.0,97.6,127.59396711601315,34.0,32.0
1414,2020-11-12 20:57:09,2020-11-12 21:17:39,67.2,86.8,122.10743409863949,32.766129032258064,31.080645161290324
1415,2020-11-12 21:18:00,2020-11-12 21:35:30,87.2,97.6,127.17148824786335,33.009433962264154,32.0
1416,2020-11-13 02:45:41,2020-11-13 03:03:51,58.8,76.0,123.41167013888888,30.990909090909092,28.327272727272728
1417,2020-11-13 03:04:12,2020-11-13 03:31:12,76.4,96.4,125.54723354166669,32.0,29.687116564417177
1418,2020-11-13 11:15:15,2020-11-13 11:35:35,53.6,72.8,123.73482096354171,29.097560975609756,27.260162601626018
1419,2020-11-13 11:35:56,2020-11-13 12:01:56,73.2,93.6,125.2308116149238,30.62420382165605,28.78980891719745
1420,2020-11-13 20:06:18,2020-11-13 20:34:58,56.4,74.0,121.46073950441918,32.0,30.6242774566474
1421,2020-11-13 20:35:19,2020-11-13 21:04:09,74.0,91.6,122.00210187815664,32.95977011494253,31.0
1422,2020-11-14 04:40:04,2020-11-14 05:07:24,55.2,81.2,123.41078189102565,30.98787878787879,28.503030303030304
1423,2020-11-14 05:07:45,2020-11-14 05:31:45,81.6,97.6,126.39759131944446,32.0,29.93103448275862
1424,2020-11-14 13:53:53,2020-11-14 14:22:23,38.8,66.4,120.30695340177131,30.627906976744185,28.837209302325583
1425,2020-11-14 14:22:44,2020-11-14 14:53:44,66.8,92.8,123.8333235042735,32.61497326203209,30.58288770053476
1426,2020-11-15 00:53:29,2020-11-15 01:25:49,38.4,69.6,121.05102826745018,28.892307692307693,26.502564102564104
1427,2020-11-15 01:26:10,2020-11-15 01:46:20,70.0,88.4,123.551495923913,31.172131147540984,28.75409836065574
1428,2020-11-15 07:14:18,2020-11-15 07:44:38,48.4,77.6,121.7128305270168,29.0,26.0
1429,2020-11-15 07:44:59,2020-11-15 08:07:51,77.6,94.8,122.8538556847545,30.48201438848921,27.755395683453237
1430,2020-11-15 21:36:43,2020-11-15 22:03:23,13.2,21.6,121.56246164021158,26.4472049689441,25.0
1431,2020-11-15 22:03:44,2020-11-15 22:30:44,21.6,30.0,122.70498875661377,27.0,25.41717791411043
1432,2020-11-15 22:31:05,2020-11-15 23:02:45,30.0,40.0,121.21385722222222,27.82198952879581,26.42408376963351
1433,2020-11-15 23:03:06,2020-11-15 23:30:56,40.0,49.2,115.48758967391296,28.845238095238095,27.398809523809526
1434,2020-11-15 23:31:17,2020-11-16 00:01:27,49.2,59.2,115.1916344444444,29.686813186813186,28.15934065934066
1435,2020-11-16 00:01:48,2020-11-16 00:33:18,59.2,69.2,119.98608166666665,30.0,29.0
1436,2020-11-16 00:33:39,2020-11-16 01:00:59,69.2,78.0,117.92610542929296,30.0,29.0
1437,2020-11-16 01:01:20,2020-11-16 01:30:10,78.0,86.8,124.48386190025253,30.0,29.0
1438,2020-11-16 01:30:31,2020-11-16 01:52:51,86.8,93.6,124.09922671568636,30.0,29.0
1439,2020-11-16 09:21:25,2020-11-16 09:54:45,36.0,56.8,120.45275040064108,29.29850746268657,27.53233830845771
1440,2020-11-16 09:55:06,2020-11-16 10:24:16,57.2,75.2,121.79786651234568,31.0,29.477272727272727
1441,2020-11-16 10:24:37,2020-11-16 10:52:27,75.2,92.0,124.1435461309524,32.0,30.357142857142858
1442,2020-11-16 15:45:59,2020-11-16 16:13:09,76.4,91.6,121.82563029970773,33.0,31.164634146341463
1443,2020-11-16 22:41:27,2020-11-16 23:10:07,61.6,88.4,122.56789598880596,34.71098265895954,32.30057803468208
1444,2020-11-17 11:31:34,2020-11-17 13:20:50,31.2,97.6,122.01252279116468,31.858536585365854,30.496341463414634
1445,2020-11-17 23:31:17,2020-11-18 01:03:05,40.0,96.4,122.27071274625692,32.716981132075475,30.894049346879534
1446,2020-11-18 10:40:06,2020-11-18 11:09:26,44.0,72.0,121.55507688492067,34.0,32.12994350282486
1447,2020-11-18 17:46:09,2020-11-18 18:12:09,53.2,68.8,125.02849287749291,34.86624203821656,32.99363057324841
1448,2020-11-18 18:12:30,2020-11-18 18:40:30,69.2,86.4,122.3554848998708,35.0,33.55029585798817
1449,2020-11-18 18:40:51,2020-11-18 19:00:31,86.4,97.6,125.67215116567479,35.9327731092437,34.0
1450,2020-11-19 02:47:49,2020-11-19 03:21:59,34.0,67.2,120.37192185408298,35.30582524271845,32.907766990291265
1451,2020-11-19 03:22:20,2020-11-19 03:51:50,67.6,92.8,122.98557947530865,37.556179775280896,35.43258426966292
1452,2020-11-19 12:14:16,2020-11-19 12:57:54,55.2,84.8,122.80921222785288,35.0,33.0
1453,2020-11-19 20:51:39,2020-11-19 21:21:29,40.8,59.6,119.01595744680849,33.53333333333333,31.52777777777778
1454,2020-11-19 21:21:50,2020-11-19 21:51:00,59.6,77.6,121.53626628086423,34.57954545454545,32.08522727272727
1455,2020-11-19 21:51:21,2020-11-19 22:19:51,77.6,94.8,123.43992393410849,35.0,33.0
1456,2020-11-20 14:14:06,2020-11-20 14:31:06,26.8,38.0,126.57490947420638,34.0,32.52427184466019
1457,2020-11-20 14:31:27,2020-11-20 15:00:47,38.4,59.2,117.60283934294868,35.33898305084746,33.67231638418079
1458,2020-11-20 15:01:08,2020-11-20 15:21:38,59.2,73.6,118.63233005401241,36.0,34.975806451612904
1459,2020-11-20 15:29:33,2020-11-20 15:57:33,76.8,94.8,123.5794675154321,36.34319526627219,34.01183431952663
1460,2020-11-21 00:04:20,2020-11-21 00:29:50,24.8,42.4,120.20679845328286,34.246753246753244,31.746753246753247
1461,2020-11-21 00:30:11,2020-11-21 01:02:41,42.4,65.2,118.1981355994152,36.05612244897959,33.60204081632653
1462,2020-11-21 01:03:02,2020-11-21 01:32:22,65.6,85.2,124.17875914115643,37.0,34.271186440677965
1463,2020-11-21 01:32:43,2020-11-21 01:52:43,85.6,97.6,126.7963439814815,37.0,35.0
1464,2020-11-21 08:32:30,2020-11-21 09:59:30,20.4,97.6,121.32535276698333,36.98468606431853,34.06738131699847
1465,2020-11-21 23:54:34,2020-11-22 00:12:14,17.6,34.4,123.59209961970903,31.523364485981308,29.91588785046729
1466,2020-11-22 00:12:35,2020-11-22 00:43:55,34.8,65.6,119.53553400072153,34.48677248677249,32.75132275132275
1467,2020-11-22 00:44:16,2020-11-22 01:03:06,65.6,84.0,120.27475920893716,36.55263157894737,34.64912280701754
1468,2020-11-22 12:21:12,2020-11-22 12:43:22,32.8,54.4,119.74408603395064,32.791044776119406,31.5
1469,2020-11-22 12:43:43,2020-11-22 13:12:23,54.4,82.0,121.09601056763286,35.23699421965318,33.589595375722546
1470,2020-11-22 13:12:44,2020-11-22 13:35:08,82.4,97.6,125.68585805921062,36.0,34.0
1471,2020-11-22 19:46:49,2020-11-22 20:17:09,61.6,89.6,122.41520798611118,36.50273224043716,34.0
1472,2020-11-23 02:35:11,2020-11-23 04:48:45,16.0,97.6,122.13693356821898,35.60379241516966,32.25449101796407
1473,2020-11-23 12:58:13,2020-11-23 13:24:33,44.4,69.6,122.8433700947972,32.37735849056604,29.540880503144653
1474,2020-11-23 13:24:54,2020-11-23 13:53:44,70.0,93.6,123.98836246468929,33.85057471264368,31.46551724137931
1475,2020-11-24 00:25:34,2020-11-24 00:49:44,44.0,67.6,119.52743273305089,29.267123287671232,27.568493150684933
1476,2020-11-24 00:50:05,2020-11-24 01:09:05,67.6,85.6,123.11497461419751,30.956521739130434,29.22608695652174
1477,2020-11-24 06:10:31,2020-11-24 06:36:11,52.8,77.2,122.77152123178503,28.348387096774193,25.316129032258065
1478,2020-11-24 06:36:32,2020-11-24 06:57:12,77.6,93.2,125.22080377492868,29.688,26.888
1479,2020-11-24 12:55:42,2020-11-24 13:26:32,52.4,81.2,123.57545216049384,30.0752688172043,28.397849462365592
1480,2020-11-24 23:35:54,2020-11-25 00:04:04,37.2,64.4,119.62215165441175,31.188235294117646,29.111764705882354
1481,2020-11-25 01:53:23,2020-11-25 02:21:03,62.8,88.8,123.07052713675215,33.041916167664674,30.29940119760479
1482,2020-11-25 16:42:30,2020-11-25 17:48:14,43.6,97.6,123.90397066358028,32.19191919191919,30.353535353535353
1483,2020-11-26 02:43:07,2020-11-26 03:10:37,61.2,87.2,123.2296983974359,33.096385542168676,30.52409638554217
1484,2020-11-26 03:10:58,2020-11-26 03:30:08,87.6,97.6,128.94861208333333,33.224137931034484,31.0
1485,2020-11-26 12:39:03,2020-11-26 13:10:53,28.4,59.6,119.11414712428774,31.796875,30.286458333333332
1486,2020-11-26 13:11:14,2020-11-26 13:34:24,60.0,82.0,122.78914722222225,34.47857142857143,33.114285714285714
1487,2020-11-27 13:40:15,2020-11-27 13:57:55,28.4,45.2,122.68188202711634,26.962616822429908,25.401869158878505
1488,2020-11-27 13:58:16,2020-11-27 14:26:46,45.6,73.2,120.34571311392914,29.96511627906977,28.546511627906977
1489,2020-11-27 14:27:07,2020-11-27 14:55:37,73.6,95.6,121.85922140151517,31.78488372093023,30.61046511627907
1490,2020-11-28 03:22:39,2020-11-28 03:39:49,5.2,21.6,122.03760272696475,25.576923076923077,22.78846153846154
1491,2020-11-28 03:40:10,2020-11-28 04:10:10,21.6,50.4,121.52777777777779,27.74585635359116,25.25414364640884
1492,2020-11-28 04:10:31,2020-11-28 04:39:41,50.8,78.8,121.24059122023812,31.267045454545453,29.119318181818183
1493,2020-11-28 04:40:02,2020-11-28 05:06:12,78.8,97.2,124.90040172101449,32.87341772151899,30.829113924050635
1494,2020-11-28 16:04:44,2020-11-28 16:33:24,49.6,77.6,119.52133422619049,29.965317919075144,28.265895953757227
1495,2020-11-28 16:33:45,2020-11-28 17:01:35,77.6,97.6,123.31667645833333,31.75,29.99404761904762
1496,2020-11-28 23:05:07,2020-11-29 00:03:02,56.8,92.4,121.38879044943818,27.901149425287358,24.652873563218392
1497,2020-11-29 16:46:06,2020-11-29 17:16:46,38.4,68.4,119.32824763888885,26.464864864864865,24.843243243243244
1498,2020-11-29 17:17:07,2020-11-29 17:48:17,68.8,94.0,123.24461590608465,28.78191489361702,27.585106382978722
1499,2020-11-30 08:51:59,2020-11-30 09:18:59,28.4,55.2,118.23070719320066,22.9079754601227,21.779141104294478
1500,2020-11-30 09:19:20,2020-11-30 09:49:00,55.2,84.4,119.37071846461184,26.24581005586592,25.039106145251395
1501,2020-11-30 09:49:21,2020-11-30 10:11:51,84.8,97.6,119.66255598958335,27.58823529411765,26.0
1502,2020-12-01 00:36:31,2020-12-01 02:04:26,7.2,79.6,118.94086607389505,28.072727272727274,25.36969696969697
1503,2020-12-01 02:04:45,2020-12-01 02:19:42,80.0,90.8,121.73522449845682,31.0,28.0
1504,2020-12-01 12:48:23,2020-12-01 14:02:58,38.8,97.2,120.51963353310502,26.303571428571427,25.026785714285715
1505,2020-12-01 19:00:51,2020-12-01 19:33:11,75.2,98.4,124.11819731800766,29.025641025641026,27.0
1506,2020-12-02 15:11:46,2020-12-02 15:40:06,55.6,75.2,119.75909608843536,24.818713450292396,23.573099415204677
1507,2020-12-02 15:40:27,2020-12-02 16:10:57,75.2,95.2,120.54585972222223,25.96195652173913,24.706521739130434
1508,2020-12-03 16:53:14,2020-12-03 17:34:10,35.6,58.0,120.01782837301585,20.105263157894736,19.008097165991902
1509,2020-12-03 17:34:31,2020-12-03 18:05:01,58.0,75.2,117.99416375968991,22.179347826086957,21.20108695652174
1510,2020-12-03 18:05:22,2020-12-03 18:34:52,75.6,91.6,122.78210460069442,23.123595505617978,22.01123595505618
1511,2020-12-04 01:51:17,2020-12-04 02:17:37,48.8,63.2,121.7004030671296,21.68553459119497,19.29559748427673
1512,2020-12-04 02:17:58,2020-12-04 02:53:58,63.6,83.6,119.84373437500003,22.474654377880185,20.36405529953917
1513,2020-12-04 06:13:18,2020-12-04 07:24:41,42.4,97.6,120.84990125050325,25.744402985074625,22.774253731343283
1514,2020-12-04 13:15:17,2020-12-04 13:36:42,58.0,78.4,121.40419917619822,24.846153846153847,22.407692307692308
1515,2020-12-04 13:37:03,2020-12-04 13:59:43,78.8,94.8,121.3507232638889,26.0,23.83211678832117
1516,2020-12-04 20:04:20,2020-12-04 20:33:30,52.0,70.4,118.88662447161833,24.28409090909091,21.818181818181817
1517,2020-12-04 20:33:51,2020-12-04 21:04:01,70.4,89.2,120.27186761229316,25.0,22.76923076923077
1518,2020-12-04 21:04:22,2020-12-04 21:21:52,89.6,96.8,128.74230227623457,25.0,23.0
1519,2020-12-05 00:42:08,2020-12-05 01:07:58,58.0,82.8,119.98657913306457,24.993589743589745,21.71794871794872
1520,2020-12-05 05:25:53,2020-12-05 05:53:43,34.0,49.2,120.00549926900584,22.267857142857142,18.589285714285715
1521,2020-12-05 05:54:04,2020-12-05 06:21:34,49.6,65.2,117.63890064102564,23.710843373493976,20.40963855421687
1522,2020-12-05 06:21:55,2020-12-05 06:52:15,65.6,82.4,120.50431233465602,24.0,21.0
1523,2020-12-05 15:10:07,2020-12-05 16:23:54,15.6,78.0,118.23602877047723,25.949458483754512,24.532490974729242
1524,2020-12-05 22:03:39,2020-12-05 22:33:09,47.6,76.4,119.51437654320985,27.39325842696629,24.685393258426966
1525,2020-12-05 22:33:30,2020-12-05 23:02:20,76.8,97.6,123.74466466346156,28.971264367816094,26.695402298850574
1526,2020-12-06 02:48:41,2020-12-06 03:18:31,54.0,72.4,121.33300437801928,25.93888888888889,21.538888888888888
1527,2020-12-06 03:18:52,2020-12-06 03:49:42,72.8,91.6,121.88974807919621,26.0,22.29032258064516
1528,2020-12-06 07:17:36,2020-12-06 07:42:26,72.4,87.6,122.00021006944455,22.886666666666667,18.993333333333332
1529,2020-12-06 07:42:47,2020-12-06 07:59:57,88.0,96.4,117.20903968253967,23.0,19.942307692307693
1530,2020-12-06 12:57:05,2020-12-06 13:21:25,65.6,82.4,120.12315815145493,22.537414965986393,20.79591836734694
1531,2020-12-06 13:21:46,2020-12-06 13:49:56,82.4,97.2,123.00017267267272,23.611764705882354,21.929411764705883
1532,2020-12-07 16:32:45,2020-12-07 17:13:58,18.0,59.2,117.84599145765911,27.752,26.096
1533,2020-12-07 17:14:19,2020-12-07 17:49:19,59.6,91.6,119.31425386284727,31.46919431279621,30.075829383886255
1534,2020-12-08 02:39:28,2020-12-08 02:58:28,62.0,80.4,121.2107430555555,26.843478260869563,23.05217391304348
1535,2020-12-08 12:30:45,2020-12-08 12:58:43,49.2,76.4,120.06771924019608,22.668639053254438,21.201183431952664
1536,2020-12-08 12:59:04,2020-12-08 13:28:34,76.8,96.4,121.16355753968249,24.679775280898877,23.286516853932586
1537,2020-12-09 16:01:07,2020-12-09 16:31:07,45.6,75.2,118.5656144894895,25.861878453038674,24.060773480662984
1538,2020-12-09 16:31:28,2020-12-09 16:58:18,75.6,96.0,121.23980787037034,27.814814814814813,25.98148148148148
1539,2020-12-10 15:23:45,2020-12-10 15:47:25,30.4,54.0,116.61078460451981,25.447552447552447,23.636363636363637
1540,2020-12-10 15:47:46,2020-12-10 16:16:36,54.4,82.4,119.93451726190474,28.42528735632184,26.79310344827586
1541,2020-12-10 16:16:57,2020-12-10 16:39:47,82.8,97.2,121.887555941358,29.971014492753625,28.0
1542,2020-12-11 02:17:25,2020-12-11 02:49:15,38.4,65.2,116.7941656301824,27.651041666666668,25.59375
1543,2020-12-11 02:49:36,2020-12-11 03:26:32,65.6,92.8,120.96120258374184,29.569506726457398,27.6457399103139
1544,2020-12-11 16:02:39,2020-12-11 16:20:19,34.8,52.4,117.03125291982322,29.869158878504674,28.66355140186916
1545,2020-12-11 16:20:40,2020-12-11 16:50:10,52.4,81.6,117.64983357115682,32.30337078651685,31.191011235955056
1546,2020-12-12 03:20:52,2020-12-12 03:46:36,26.4,46.4,119.63515354166667,28.596153846153847,26.794871794871796
1547,2020-12-12 03:46:57,2020-12-12 04:17:17,46.8,70.8,115.83161070601851,30.950819672131146,29.218579234972676
1548,2020-12-12 04:17:38,2020-12-12 04:50:18,70.8,94.0,121.81335051484672,32.111675126903556,30.406091370558375
1549,2020-12-15 20:01:35,2020-12-15 20:31:05,17.6,45.2,117.46880837359099,23.34269662921348,19.60112359550562
1550,2020-12-15 20:31:26,2020-12-15 20:58:06,45.6,72.8,114.35304947916669,28.608695652173914,25.279503105590063
1551,2020-12-15 20:58:27,2020-12-15 21:23:37,73.2,93.2,121.35001319444447,29.888157894736842,26.769736842105264
1552,2020-12-16 04:19:48,2020-12-16 04:50:28,47.2,78.4,115.02361044337607,23.021621621621623,19.356756756756756
1553,2020-12-16 04:50:49,2020-12-16 05:07:19,78.4,91.6,117.92299537037046,24.0,21.0
1554,2020-12-16 11:10:03,2020-12-16 11:32:33,51.2,64.8,119.00838909313731,19.801470588235293,16.889705882352942
1555,2020-12-16 11:32:54,2020-12-16 12:02:44,65.2,82.8,117.79752541035356,20.288888888888888,17.855555555555554
1556,2020-12-16 12:03:05,2020-12-16 12:33:32,82.8,97.2,121.36363487654319,21.0,18.65945945945946
1557,2020-12-16 20:06:25,2020-12-16 20:23:35,68.4,79.6,115.47993762400803,19.0,17.75
1558,2020-12-16 20:23:56,2020-12-16 20:52:36,80.0,95.6,120.97759909188038,19.76878612716763,18.416184971098264
1559,2020-12-17 04:29:42,2020-12-17 04:50:38,31.6,52.4,117.45179561965813,19.64566929133858,16.58267716535433
1560,2020-12-17 04:50:59,2020-12-17 05:20:29,52.8,82.4,116.26877599474474,22.325842696629213,19.54494382022472
1561,2020-12-17 05:20:50,2020-12-17 05:49:50,82.8,97.6,126.04543224474476,23.354285714285716,21.0
1562,2020-12-17 15:03:10,2020-12-17 15:30:20,18.8,45.6,116.6495722947761,19.926829268292682,17.78048780487805
1563,2020-12-17 15:30:41,2020-12-17 16:03:21,45.6,78.4,114.67692831131436,23.893401015228427,21.893401015228427
1564,2020-12-17 16:03:42,2020-12-17 16:36:32,78.8,97.6,125.20317996453902,25.88888888888889,23.939393939393938
1565,2020-12-18 01:13:48,2020-12-18 01:45:08,27.6,48.0,114.57043743191721,22.375661375661377,19.047619047619047
1566,2020-12-18 01:45:29,2020-12-18 02:30:15,48.0,77.6,112.73717502815322,24.21851851851852,21.348148148148148
1567,2020-12-18 02:30:36,2020-12-18 02:59:26,78.0,95.2,122.35954974160205,25.0,22.0
1568,2020-12-18 07:49:29,2020-12-18 08:18:39,52.4,70.8,118.62165232487922,21.5625,17.772727272727273
1569,2020-12-18 08:19:00,2020-12-18 08:49:10,71.2,90.0,118.06143897754136,22.0,18.9010989010989
1570,2020-12-18 08:49:31,2020-12-18 09:09:01,90.4,97.6,133.58024768518536,22.305084745762713,19.838983050847457
1571,2020-12-18 19:52:33,2020-12-18 20:20:53,62.8,85.2,118.27692051091263,21.65497076023392,19.82456140350877
1572,2020-12-19 16:29:48,2020-12-19 17:04:30,14.8,49.6,116.1310330579502,22.84285714285714,21.19047619047619
1573,2020-12-19 17:04:51,2020-12-19 17:31:41,49.6,75.6,120.20727329059835,26.47530864197531,24.864197530864196
1574,2020-12-19 17:32:02,2020-12-19 17:59:32,76.0,96.4,125.97768164488015,28.0,26.06024096385542
1575,2020-12-20 00:24:15,2020-12-20 00:50:55,53.2,80.0,116.89987406716418,24.472049689440993,21.17391304347826
1576,2020-12-20 05:53:26,2020-12-20 06:24:26,35.6,67.6,113.1983649305556,24.97860962566845,21.32085561497326
1577,2020-12-20 06:24:47,2020-12-20 06:54:17,67.6,92.8,118.56262323633158,27.0,23.792134831460675
1578,2020-12-20 12:06:11,2020-12-20 13:13:50,59.6,97.6,119.72366618421056,22.929133858267715,19.746062992125985
1579,2020-12-20 20:50:27,2020-12-20 21:10:57,48.0,65.2,115.80023934108527,21.70967741935484,19.572580645161292
1580,2020-12-20 21:25:18,2020-12-20 21:48:50,65.6,86.4,105.39891348824779,22.72027972027972,20.524475524475523
1581,2020-12-20 21:49:11,2020-12-20 22:06:41,86.8,97.6,123.89018994341565,23.00943396226415,21.0
1582,2020-12-21 03:02:08,2020-12-21 04:17:47,53.6,97.6,119.20896514520206,22.558098591549296,19.45774647887324
1583,2020-12-21 08:48:58,2020-12-21 09:07:08,66.0,82.8,119.3270648148149,20.39090909090909,16.963636363636365
1584,2020-12-21 09:07:29,2020-12-21 09:37:19,83.2,97.2,120.14881051587298,21.0,18.0
1585,2020-12-21 20:11:22,2020-12-21 20:41:12,36.4,56.0,114.41187344104308,22.177777777777777,20.633333333333333
1586,2020-12-21 20:41:33,2020-12-21 21:09:43,56.4,74.8,115.06494097222226,23.794117647058822,22.0
1587,2020-12-21 21:10:04,2020-12-21 21:40:34,74.8,93.6,120.23938874113476,24.168478260869566,22.777173913043477
1588,2020-12-22 20:29:39,2020-12-22 20:57:29,8.400001,24.0,116.7583758427734,23.0,21.06547619047619
1589,2020-12-22 20:57:50,2020-12-22 21:24:10,24.0,39.2,115.49707602339181,24.031446540880502,22.465408805031448
1590,2020-12-22 21:24:31,2020-12-22 21:56:41,39.6,58.0,116.54589371980677,26.0,24.4020618556701
1591,2020-12-22 21:57:02,2020-12-22 22:26:52,58.0,75.2,115.63307493540049,27.144444444444446,25.955555555555556
1592,2020-12-22 22:27:13,2020-12-22 22:56:23,75.2,91.2,121.52777777777777,28.0,26.28409090909091
1593,2020-12-23 09:37:30,2020-12-23 10:33:57,50.0,97.6,119.6501896737862,25.221698113207548,23.39622641509434
1594,2020-12-23 23:01:48,2020-12-23 23:41:47,32.8,59.2,113.64154451809767,26.850622406639005,25.04149377593361
1595,2020-12-23 23:42:08,2020-12-24 00:12:58,59.2,79.2,115.8819701388889,28.580645161290324,26.838709677419356
1596,2020-12-24 00:13:19,2020-12-24 00:35:09,79.2,92.8,119.17077839052293,29.0,27.0
1597,2020-12-24 06:33:59,2020-12-24 07:05:49,54.0,74.0,119.37500000000001,25.869791666666668,22.6875
1598,2020-12-24 07:06:10,2020-12-24 07:25:50,74.4,86.8,118.9516129032259,26.361344537815125,23.638655462184875
1599,2020-12-24 14:26:14,2020-12-24 14:54:14,47.2,65.6,114.38408333333341,26.201183431952664,24.502958579881657
1600,2020-12-24 14:54:35,2020-12-24 15:22:35,65.6,83.6,116.92595185185186,27.201183431952664,25.792899408284022
1601,2020-12-24 15:22:56,2020-12-24 15:39:56,84.0,94.0,124.57502833333334,28.0,26.475728155339805
1602,2020-12-25 00:39:32,2020-12-25 01:10:02,29.6,60.4,114.2713069083694,26.20108695652174,23.625
1603,2020-12-25 01:10:23,2020-12-25 01:36:23,60.4,86.0,117.28735546875002,28.910828025477706,26.605095541401273
1604,2020-12-25 12:46:44,2020-12-25 13:10:44,32.4,56.8,114.55885632969034,22.606896551724137,20.83448275862069
1605,2020-12-25 13:11:05,2020-12-25 13:36:45,57.2,82.8,117.04482080078125,25.46451612903226,23.767741935483873
1606,2020-12-25 13:37:06,2020-12-25 13:56:56,83.2,96.4,121.27840435606059,26.966666666666665,25.0
1607,2020-12-26 10:51:51,2020-12-26 12:04:26,32.8,97.6,117.27769783950619,24.93577981651376,23.827522935779818
1608,2020-12-26 20:08:55,2020-12-26 20:25:45,32.8,49.6,116.87830621693121,28.5,26.362745098039216
1609,2020-12-26 20:26:06,2020-12-26 20:54:06,50.0,78.0,116.71627480158729,30.881656804733726,28.70414201183432
1610,2020-12-26 20:54:27,2020-12-26 21:19:07,78.4,96.4,122.39197561728395,32.0,29.973154362416107
1611,2020-12-27 15:07:48,2020-12-27 15:25:28,53.2,66.0,115.06510861545141,28.766355140186917,26.934579439252335
1612,2020-12-27 15:25:49,2020-12-27 15:56:29,66.0,87.6,118.31275720164614,29.56756756756757,27.9027027027027
1613,2020-12-27 18:02:05,2020-12-27 18:19:05,72.8,83.6,117.79704205246917,30.0,28.466019417475728
1614,2020-12-27 18:19:26,2020-12-27 18:42:16,83.6,97.6,117.61306865079362,30.22463768115942,29.0
1615,2020-12-28 02:00:39,2020-12-28 02:21:19,44.0,58.0,115.63890575396825,27.272,24.592
1616,2020-12-28 02:21:40,2020-12-28 02:49:50,58.0,77.2,115.57944039351848,28.0,25.770588235294117
1617,2020-12-28 02:50:11,2020-12-28 03:11:41,77.2,91.2,117.44049206349206,28.753846153846155,26.0
1618,2020-12-28 17:07:57,2020-12-28 18:51:38,13.6,97.6,118.11483605158728,33.27763496143959,31.712082262210796
1619,2020-12-29 00:34:46,2020-12-29 01:03:46,68.4,77.6,118.41034646739143,30.0,27.0
1620,2020-12-29 01:04:07,2020-12-29 01:20:47,78.0,83.2,120.55024946581192,30.0,27.0
1621,2020-12-29 15:19:56,2020-12-29 16:23:10,40.0,97.6,118.93987289255404,30.185263157894738,28.785263157894736
1622,2020-12-30 02:19:07,2020-12-30 02:47:07,41.6,70.0,115.07629636150236,27.05325443786982,23.958579881656803
1623,2020-12-30 02:47:28,2020-12-30 03:12:48,70.4,92.4,119.01452506313133,28.73856209150327,25.81699346405229
1624,2020-12-30 15:54:59,2020-12-30 16:58:58,26.4,82.0,115.08201686400878,21.864864864864863,20.542619542619544
1625,2020-12-30 22:48:32,2020-12-30 23:22:01,37.2,66.4,115.08320347697867,20.734126984126984,17.773809523809526
1626,2020-12-30 23:27:16,2020-12-30 23:50:26,67.2,86.8,117.32994664824268,22.422857142857143,19.8
1627,2020-12-31 07:21:12,2020-12-31 07:50:02,18.0,46.0,115.16765788690475,24.660919540229884,20.626436781609197
1628,2020-12-31 07:50:23,2020-12-31 08:20:13,46.4,76.4,116.00277620370368,29.22222222222222,25.32777777777778
1629,2020-12-31 08:20:34,2020-12-31 08:48:24,76.8,97.2,120.89733483115461,30.0,26.279761904761905
1630,2020-12-31 13:05:14,2020-12-31 13:29:14,60.4,84.0,117.26990742702448,25.041379310344826,20.63448275862069
1631,2020-12-31 13:29:35,2020-12-31 13:47:35,84.0,95.6,115.82977658045984,26.0,21.871559633027523
1632,2021-01-01 00:54:28,2021-01-01 01:22:28,18.8,45.6,116.30236054104479,23.70414201183432,20.29585798816568
1633,2021-01-01 01:22:49,2021-01-01 01:49:59,46.0,73.6,115.20231501610311,28.920731707317074,25.4390243902439
1634,2021-01-01 03:50:05,2021-01-01 04:21:34,32.8,64.4,116.36652602848099,28.940928270042193,23.561181434599156
1635,2021-01-01 04:23:18,2021-01-01 05:00:24,64.8,96.0,118.9918194667023,30.942652329749105,26.42293906810036
1636,2021-01-01 17:28:45,2021-01-01 17:59:15,77.6,96.8,118.27982016782408,19.95108695652174,18.418478260869566
1637,2021-01-02 13:25:29,2021-01-02 14:49:17,23.6,97.6,117.10064667229732,26.569157392686805,24.089030206677265
1638,2021-01-03 12:15:55,2021-01-03 12:41:55,50.4,76.4,116.8301393162393,21.191082802547772,19.694267515923567
1639,2021-01-03 12:42:16,2021-01-03 13:15:16,76.8,97.2,122.13100449346403,22.934673366834172,21.819095477386934
1640,2021-01-03 20:51:55,2021-01-03 22:07:50,37.6,97.6,118.68257800462965,26.54385964912281,24.79298245614035
1641,2021-01-05 00:06:47,2021-01-05 00:43:20,36.4,68.0,115.94415506768634,25.64727272727273,23.574545454545454
1642,2021-01-05 01:31:30,2021-01-05 01:47:31,84.4,94.8,115.92710277777786,28.0,26.0
1643,2021-01-05 14:49:26,2021-01-05 15:19:46,46.8,77.6,114.97520707070707,28.60655737704918,27.0
1644,2021-01-05 15:20:07,2021-01-05 15:47:57,77.6,97.6,121.42015354166669,30.148809523809526,28.857142857142858
1645,2021-01-06 00:53:22,2021-01-06 01:21:42,42.0,70.8,114.60646720679016,27.444444444444443,24.60233918128655
1646,2021-01-06 02:17:25,2021-01-06 02:37:55,84.0,97.6,120.43706821895428,28.95967741935484,26.0
1647,2021-01-06 16:08:50,2021-01-06 16:36:20,64.8,90.0,117.70172023809522,26.204819277108435,24.548192771084338
1648,2021-01-06 23:10:44,2021-01-06 23:40:44,62.0,90.0,116.7921603670635,25.56353591160221,23.29281767955801
1649,2021-01-07 05:30:03,2021-01-07 06:00:03,62.0,85.6,118.68115807438797,22.50828729281768,20.07182320441989
1650,2021-01-07 06:00:24,2021-01-07 06:26:44,86.0,97.6,124.62646659482763,23.0,21.0
1651,2021-01-07 16:32:59,2021-01-07 16:50:09,55.6,72.8,116.68686789405693,20.10576923076923,18.16346153846154
1652,2021-01-07 16:50:30,2021-01-07 17:19:10,73.2,94.8,119.8804083719136,21.335260115606935,19.601156069364162
1653,2021-01-08 01:31:15,2021-01-08 01:53:55,42.0,62.8,116.65131777510686,21.642335766423358,18.00729927007299
1654,2021-01-08 02:10:50,2021-01-08 02:41:00,79.6,97.2,121.59170620265145,27.0,22.873626373626372
1655,2021-01-08 07:17:58,2021-01-08 07:44:38,74.0,94.4,119.74196684368191,27.15527950310559,21.82608695652174
1656,2021-01-09 01:03:19,2021-01-09 01:35:29,35.2,68.0,114.24625897696478,23.54639175257732,19.355670103092784
1657,2021-01-09 01:35:50,2021-01-09 01:58:30,68.4,89.2,118.72929907852567,25.613138686131386,22.029197080291972
1658,2021-01-09 09:11:22,2021-01-09 09:39:52,38.8,66.4,115.37490690418677,24.75,20.50581395348837
1659,2021-01-09 09:40:13,2021-01-09 10:10:23,66.8,92.4,118.578028266059,27.87912087912088,23.835164835164836
1660,2021-01-09 16:19:51,2021-01-09 16:47:01,46.0,73.2,116.7514422487745,23.28048780487805,19.695121951219512
1661,2021-01-09 16:47:22,2021-01-09 17:17:42,73.6,96.0,120.87799404761901,24.92896174863388,21.852459016393443
1662,2021-01-10 00:05:52,2021-01-10 00:29:48,44.4,68.8,115.45476247723137,21.868965517241378,18.655172413793103
1663,2021-01-10 00:30:09,2021-01-10 00:59:49,69.2,93.6,119.72280942622959,23.692737430167597,20.910614525139664
1664,2021-01-10 04:58:39,2021-01-10 05:26:09,63.6,87.2,117.41526477165725,22.403614457831324,18.60843373493976
1665,2021-01-10 05:26:30,2021-01-10 05:50:50,87.6,97.6,125.76393138888888,23.0,19.741496598639454
1666,2021-01-10 12:29:38,2021-01-10 13:01:28,66.0,86.4,116.8246447440087,18.947916666666668,16.401041666666668
1667,2021-01-11 01:07:11,2021-01-11 01:45:21,21.2,58.4,115.33341401583034,24.473913043478262,21.382608695652173
1668,2021-01-11 11:42:59,2021-01-11 12:58:29,19.2,82.4,115.88890854869902,25.977072310405642,22.049382716049383
1669,2021-01-11 20:48:54,2021-01-11 21:18:54,17.2,37.2,116.343775,24.12707182320442,19.96132596685083
1670,2021-01-11 21:32:05,2021-01-11 21:49:25,41.6,54.0,115.80423499103946,27.409523809523808,23.409523809523808
1671,2021-01-11 21:49:46,2021-01-11 22:18:06,54.0,74.4,115.04631944444445,28.385964912280702,24.53216374269006
1672,2021-01-11 22:18:27,2021-01-11 22:53:47,74.4,97.2,120.42705829678368,29.0,25.0
1673,2021-01-12 08:59:09,2021-01-12 09:30:39,46.4,78.0,116.37615044831225,27.373684210526317,22.810526315789474
1674,2021-01-12 09:31:00,2021-01-12 09:52:50,78.4,94.4,119.05730390625,28.0,24.0
1675,2021-01-12 21:46:17,2021-01-12 22:49:31,38.4,95.2,117.45227568466355,22.416842105263157,19.846315789473685
1676,2021-01-13 04:18:09,2021-01-13 05:26:44,44.4,97.6,119.24781759346284,22.454368932038836,19.10485436893204
1677,2021-01-13 18:16:04,2021-01-13 18:44:44,22.8,41.2,116.40627860809182,21.01156069364162,19.416184971098264
1678,2021-01-13 18:45:05,2021-01-13 19:16:05,41.2,62.0,111.29011137820517,23.37433155080214,21.86631016042781
1679,2021-01-13 19:16:26,2021-01-13 19:43:36,62.0,79.6,115.36065664457078,24.804878048780488,23.0
1680,2021-01-13 19:43:57,2021-01-13 20:12:37,80.0,96.4,124.4105716463414,25.14450867052023,23.90751445086705
1681,2021-01-14 03:40:39,2021-01-14 04:00:19,46.8,63.2,115.19055953590782,21.42016806722689,18.49579831932773
1682,2021-01-14 04:00:40,2021-01-14 04:32:10,63.2,88.0,117.65234526209679,22.61578947368421,20.121052631578948
1683,2021-01-14 04:32:31,2021-01-14 04:54:41,88.4,97.6,130.22948611111127,23.067164179104477,21.0
1684,2021-01-14 07:10:59,2021-01-14 07:32:19,74.0,87.6,116.20710784313731,23.0,19.0
1685,2021-01-14 13:17:29,2021-01-14 13:52:09,46.4,68.8,115.55560714285717,23.167464114832537,21.27751196172249
1686,2021-01-14 13:52:30,2021-01-14 14:21:40,68.8,87.2,118.35754076086957,24.40909090909091,22.801136363636363
1687,2021-01-14 14:22:01,2021-01-14 14:45:01,87.6,97.6,129.20840500000003,25.0,23.942446043165468
1688,2021-01-15 01:05:22,2021-01-15 01:26:02,49.6,61.2,115.70400933908043,23.0,20.232
1689,2021-01-15 01:26:23,2021-01-15 01:59:03,61.2,79.6,118.23217346014499,23.32994923857868,21.0
1690,2021-01-15 20:49:34,2021-01-15 21:17:04,16.0,43.6,117.23229961755233,25.174698795180724,23.40963855421687
1691,2021-01-15 21:17:25,2021-01-15 21:43:25,44.0,70.0,117.70514326923076,28.70700636942675,26.980891719745223
1692,2021-01-15 21:52:33,2021-01-15 22:19:03,78.8,97.6,124.30409884751776,30.9125,29.0
1693,2021-01-16 22:24:49,2021-01-16 22:53:49,33.2,62.8,114.27834440690691,25.405714285714286,23.714285714285715
1694,2021-01-16 22:54:10,2021-01-16 23:22:00,63.2,89.6,118.09554398148153,27.904761904761905,26.44047619047619
1695,2021-01-17 13:18:52,2021-01-17 13:51:02,36.0,69.2,113.47475719544846,24.876288659793815,22.97938144329897
1696,2021-01-17 13:51:23,2021-01-17 14:18:33,69.6,92.8,118.22197898706894,27.51219512195122,25.634146341463413
1697,2021-01-17 22:32:46,2021-01-17 22:49:12,57.6,74.0,117.43734339430898,23.18,20.61
1698,2021-01-17 22:49:33,2021-01-17 23:19:53,74.4,96.4,120.98676104797981,24.442622950819672,22.12568306010929
1699,2021-01-18 14:53:15,2021-01-18 16:36:07,35.2,96.8,117.70879910714287,23.813471502590673,22.27461139896373
1700,2021-01-19 01:59:37,2021-01-19 03:24:29,47.6,96.8,118.74559329268297,22.31397174254317,20.98901098901099
1701,2021-01-19 11:09:42,2021-01-19 11:40:12,48.8,79.2,116.98007337353799,22.081521739130434,19.972826086956523
1702,2021-01-19 11:40:33,2021-01-19 12:09:43,79.6,97.2,121.59171827651511,23.914772727272727,21.977272727272727
1703,2021-01-20 00:23:13,2021-01-20 00:55:13,33.6,66.0,115.82133281893006,24.66839378238342,22.569948186528496
1704,2021-01-20 00:55:34,2021-01-20 01:27:14,66.4,93.6,119.4893807189543,27.51832460732984,25.513089005235603
1705,2021-01-20 16:23:28,2021-01-20 17:28:58,12.8,78.0,117.31653374872188,26.164634146341463,24.58130081300813
1706,2021-01-20 23:07:11,2021-01-20 23:36:31,53.2,82.4,117.43009665144596,28.468926553672315,26.152542372881356
1707,2021-01-20 23:36:52,2021-01-20 23:59:12,82.8,97.6,124.28586007882885,29.903703703703705,27.0
1708,2021-01-21 16:16:31,2021-01-21 16:44:41,46.4,74.4,117.29018115079361,25.564705882352943,24.070588235294117
1709,2021-01-21 16:45:02,2021-01-21 17:11:52,74.8,95.6,120.034054553953,27.506172839506174,25.932098765432098
1710,2021-01-22 06:11:39,2021-01-22 06:32:39,32.8,55.6,114.06799317738792,24.19685039370079,22.73228346456693
1711,2021-01-22 06:33:00,2021-01-22 07:05:40,56.0,89.2,116.67421046686748,27.243654822335024,25.949238578680202
1712,2021-01-22 14:35:02,2021-01-22 15:10:39,66.0,96.8,113.95628223304477,28.440298507462686,26.51865671641791
1713,2021-01-22 21:12:19,2021-01-22 21:49:56,67.6,97.6,119.88408462037039,27.70671378091873,25.67844522968198
1714,2021-01-23 11:39:03,2021-01-23 12:08:13,81.6,97.2,118.4909315349002,23.0,22.0
1715,2021-01-23 17:49:14,2021-01-23 18:09:47,71.2,91.2,108.9775846666667,26.587096774193547,25.045161290322582
1716,2021-01-25 07:41:12,2021-01-25 08:44:22,47.6,97.6,118.54739850555558,22.89894736842105,21.79578947368421
1717,2021-01-25 18:21:34,2021-01-25 19:42:18,24.0,97.6,116.99089035326087,31.023102310231025,29.26732673267327
1718,2021-01-26 20:35:44,2021-01-26 20:54:04,29.2,47.6,116.67046195652179,27.36036036036036,25.83783783783784
1719,2021-01-26 20:54:25,2021-01-26 21:23:35,48.0,77.6,115.59167619181683,30.170454545454547,28.488636363636363
1720,2021-01-26 21:23:56,2021-01-26 21:51:16,78.0,97.6,123.2723899518141,31.73939393939394,29.945454545454545
1721,2021-01-27 03:29:00,2021-01-27 04:08:17,45.6,84.8,116.86103757794784,29.0,25.73109243697479
1722,2021-01-27 04:08:38,2021-01-27 04:30:58,85.2,97.6,124.18009531810046,30.133333333333333,27.511111111111113
1723,2021-01-27 21:04:25,2021-01-27 21:28:35,70.8,86.4,116.05235042735038,26.19178082191781,25.30821917808219
1724,2021-01-28 07:27:47,2021-01-28 07:56:07,53.6,81.6,118.16320471230162,25.064327485380115,23.327485380116958
1725,2021-01-28 07:56:28,2021-01-28 08:19:58,82.0,97.6,124.857566951567,26.338028169014084,24.964788732394368
1726,2021-01-29 01:37:23,2021-01-29 01:57:13,44.4,64.4,115.77223479166669,23.3,21.216666666666665
1727,2021-01-29 01:57:34,2021-01-29 02:28:54,64.8,92.0,117.91617310049018,25.164021164021165,23.164021164021165
1728,2021-01-29 14:20:04,2021-01-29 14:48:14,36.4,65.2,114.80468098958329,24.458823529411763,22.870588235294118
1729,2021-01-29 14:48:35,2021-01-29 15:16:15,65.6,90.8,117.63998555996473,27.347305389221557,25.664670658682635
1730,2021-01-29 20:12:36,2021-01-29 20:44:06,70.8,96.4,118.77115391710065,26.768421052631577,24.789473684210527
1731,2021-01-30 13:08:03,2021-01-30 13:35:43,51.2,78.8,117.08888204508858,24.75449101796407,23.08383233532934
1732,2021-01-30 13:36:04,2021-01-30 14:02:34,79.2,97.6,122.84951071859909,26.775,25.3
1733,2021-01-30 20:30:20,2021-01-30 21:27:10,53.6,97.6,118.54167479797984,28.131147540983605,26.084309133489462
1734,2021-01-31 12:17:22,2021-01-31 12:40:02,20.8,43.6,116.44130592105266,24.62043795620438,22.846715328467152
1735,2021-01-31 12:40:23,2021-01-31 13:10:53,44.0,75.6,113.08063972398037,28.244565217391305,26.532608695652176
1736,2021-01-31 13:11:14,2021-01-31 13:40:54,76.0,97.6,122.21004764660502,30.12849162011173,28.681564245810055
1737,2021-01-31 19:00:41,2021-01-31 19:50:59,54.8,97.6,119.3059073403427,32.06878306878307,29.936507936507937
1738,2021-02-01 12:45:37,2021-02-01 14:09:57,44.4,97.6,117.6803467209691,25.285939968404424,24.03791469194313
1739,2021-02-02 12:48:45,2021-02-02 13:13:58,50.8,66.8,117.97465284722225,26.95263157894737,25.4
1740,2021-02-02 13:16:29,2021-02-02 14:05:59,66.8,97.6,118.39051230158732,28.134408602150536,26.60483870967742
1741,2021-02-03 00:29:28,2021-02-03 00:55:58,56.4,82.8,117.34429140361952,29.3125,27.4
1742,2021-02-03 00:56:19,2021-02-03 01:18:29,83.2,97.6,125.55460638503098,30.14179104477612,28.79850746268657
1743,2021-02-03 16:08:04,2021-02-03 16:34:44,13.6,40.4,116.31375544154233,29.658385093167702,27.875776397515526
1744,2021-02-03 16:35:05,2021-02-03 17:04:35,40.8,70.8,114.87037962962962,33.00561797752809,31.252808988764045
1745,2021-02-03 17:04:56,2021-02-03 17:32:26,70.8,94.0,119.16847312021073,34.7289156626506,32.993975903614455
1746,2021-02-04 11:40:58,2021-02-04 12:55:49,24.8,94.8,117.11875689087302,28.106761565836297,26.427046263345197
1747,2021-02-04 23:48:07,2021-02-05 00:04:47,19.6,36.4,116.44262078373018,28.663366336633665,26.237623762376238
1748,2021-02-05 00:05:08,2021-02-05 00:32:18,36.8,64.8,113.90128526785715,31.54268292682927,29.29268292682927
1749,2021-02-05 00:32:39,2021-02-05 01:04:59,65.2,93.2,120.616567609127,33.63076923076923,31.6
1750,2021-02-05 13:10:02,2021-02-05 13:41:32,42.0,62.8,114.0865637019231,28.526315789473685,27.063157894736843
1751,2021-02-05 13:41:53,2021-02-05 14:12:33,63.2,82.8,117.86850680272116,29.816216216216215,28.14054054054054
1752,2021-02-05 14:12:54,2021-02-05 14:34:34,82.8,96.0,120.09472516835015,30.27480916030534,29.0
1753,2021-02-06 11:22:05,2021-02-06 11:51:45,28.4,58.4,115.43889574074073,27.821229050279328,26.452513966480446
1754,2021-02-06 11:52:06,2021-02-06 12:33:21,58.8,94.8,118.96625079089506,31.3855421686747,30.1285140562249
1755,2021-02-07 01:12:52,2021-02-07 01:39:52,34.4,49.6,115.96854590643271,27.7239263803681,26.552147239263803
1756,2021-02-07 01:40:13,2021-02-07 02:11:03,49.6,67.6,113.93747399691361,29.5,27.989247311827956
1757,2021-02-07 02:11:24,2021-02-07 02:43:54,67.6,86.0,117.5452690217391,30.0,29.0
1758,2021-02-07 02:44:15,2021-02-07 03:05:35,86.0,97.6,122.49519971264375,30.790697674418606,29.0
1759,2021-02-07 09:37:30,2021-02-07 10:06:50,40.4,70.0,115.85868609234235,29.175141242937855,26.73446327683616
1760,2021-02-07 10:07:11,2021-02-07 10:35:41,70.4,94.0,120.2101158780603,31.441860465116278,28.796511627906977
1761,2021-02-07 20:04:54,2021-02-07 20:32:14,68.0,92.4,116.91485359744989,30.69090909090909,29.56969696969697
1762,2021-02-08 18:22:42,2021-02-08 18:50:22,33.2,61.6,113.53776105242568,32.221556886227546,30.75449101796407
1763,2021-02-08 18:50:43,2021-02-08 19:17:13,61.6,88.0,116.97707154882156,34.49375,33.21875
1764,2021-02-09 08:35:49,2021-02-09 08:58:09,58.4,72.8,116.83933960262351,27.0,24.703703703703702
1765,2021-02-09 08:58:30,2021-02-09 09:32:40,73.2,94.0,117.11140344551283,27.009708737864077,25.0
1766,2021-02-09 16:38:41,2021-02-09 17:14:09,54.0,88.8,117.47622158365267,29.051162790697674,26.962790697674418
1767,2021-02-10 00:14:49,2021-02-10 00:45:29,53.2,83.6,116.85079166666668,26.35135135135135,23.124324324324323
1768,2021-02-10 06:12:39,2021-02-10 07:11:05,57.2,97.6,120.73434509419695,23.47380410022779,20.214123006833713
1769,2021-02-10 13:12:42,2021-02-10 13:47:32,42.0,77.6,114.32351310861426,24.152380952380952,21.438095238095237
1770,2021-02-10 13:47:53,2021-02-10 14:13:53,78.0,96.0,121.33720285493827,26.0,23.0
1771,2021-02-11 18:37:33,2021-02-11 18:54:23,24.4,40.8,119.8848360433605,18.784313725490197,18.04901960784314
1772,2021-02-11 18:54:44,2021-02-11 19:21:34,41.2,68.4,115.41310876225491,22.09259259259259,21.34567901234568
1773,2021-02-11 19:21:55,2021-02-11 19:52:45,68.8,94.0,119.93442752425045,24.602150537634408,23.682795698924732
1774,2021-02-12 17:11:06,2021-02-12 17:41:26,30.8,50.4,116.32939087301591,25.74863387978142,24.229508196721312
1775,2021-02-12 17:41:47,2021-02-12 18:11:37,50.4,70.0,114.41187344104308,27.744444444444444,26.483333333333334
1776,2021-02-12 18:11:58,2021-02-12 18:30:28,70.0,81.6,119.8779001436782,28.214285714285715,27.0
1777,2021-02-13 04:17:05,2021-02-13 04:46:45,39.2,68.4,117.54374543378994,25.837988826815643,23.508379888268156
1778,2021-02-13 04:47:06,2021-02-13 05:15:16,68.8,92.4,120.50728731167604,27.81764705882353,25.652941176470588
1779,2021-02-14 07:18:36,2021-02-14 07:48:16,50.8,79.6,119.14447366898149,23.88826815642458,22.279329608938546
1780,2021-02-14 07:48:37,2021-02-14 08:06:47,79.6,93.2,117.51123948120909,25.0,23.845454545454544
1781,2021-02-14 16:41:12,2021-02-14 17:09:12,30.4,58.4,116.24208769841272,30.86390532544379,29.076923076923077
1782,2021-02-14 17:09:33,2021-02-14 17:39:33,58.8,88.0,118.79093112633181,33.67403314917127,32.0828729281768
1783,2021-02-14 17:39:54,2021-02-14 17:56:44,88.0,97.6,124.7844633969908,34.35294117647059,33.0
1784,2021-02-15 07:57:03,2021-02-15 08:28:03,71.2,95.6,121.37808862704924,26.22994652406417,23.90909090909091
1785,2021-02-15 16:17:24,2021-02-15 17:44:56,15.6,95.2,119.46799501326073,34.117199391171994,32.62100456621005
1786,2021-02-16 02:12:11,2021-02-16 03:41:35,16.8,97.6,119.90162764026404,32.214605067064085,29.199701937406857
1787,2021-02-16 16:17:41,2021-02-16 17:19:36,43.6,97.6,120.87656707818932,31.286021505376343,29.978494623655912
1788,2021-02-17 17:22:58,2021-02-17 18:50:54,17.6,97.6,119.39116509722223,31.445454545454545,29.887878787878787
1789,2021-02-18 16:24:59,2021-02-18 16:52:39,47.6,74.8,120.18331714665034,27.88622754491018,26.5748502994012
1790,2021-02-18 16:53:00,2021-02-18 17:22:00,75.2,97.2,120.81313453282829,29.78857142857143,28.674285714285713
1791,2021-02-19 14:14:14,2021-02-19 15:44:57,17.2,97.6,119.23583756909895,28.706314243759177,27.023494860499266
1792,2021-02-20 00:04:49,2021-02-20 01:33:57,26.8,97.6,119.79632599262398,30.16591928251121,27.556053811659194
1793,2021-02-20 19:46:09,2021-02-20 20:07:49,23.2,44.4,119.44314517819707,28.572519083969464,26.954198473282442
1794,2021-02-20 20:08:10,2021-02-20 20:37:30,44.8,74.0,117.19226003614915,31.350282485875706,29.80225988700565
1795,2021-02-20 20:37:51,2021-02-20 21:09:01,74.4,97.6,122.79514613266291,32.83510638297872,31.0
1796,2021-02-21 16:15:55,2021-02-21 17:01:09,53.2,93.6,119.57406100453798,28.055882352941175,26.82941176470588
1797,2021-02-21 20:14:04,2021-02-21 20:51:28,65.6,96.4,121.5341548385642,30.827433628318584,29.393805309734514
1798,2021-02-22 14:02:30,2021-02-22 14:33:49,48.4,79.2,118.53386846139968,30.01271186440678,28.347457627118644
1799,2021-02-22 14:36:21,2021-02-22 14:50:29,78.4,90.0,118.3917764367817,31.0,29.850467289719628
1800,2021-02-22 20:17:47,2021-02-22 20:43:40,58.4,83.6,119.66375014880954,31.723076923076924,30.046153846153846
1801,2021-02-23 13:57:03,2021-02-23 14:21:03,9.6,22.8,118.28070831228956,28.0,27.0
1802,2021-02-23 14:21:24,2021-02-23 14:50:14,22.8,38.8,119.75346770833339,29.21264367816092,27.833333333333332
1803,2021-02-23 14:50:35,2021-02-23 15:20:45,39.2,56.0,119.31712748015877,30.95054945054945,29.725274725274726
1804,2021-02-23 15:21:06,2021-02-23 15:48:16,56.0,71.2,118.75822267909355,32.0,31.0
1805,2021-02-23 17:06:46,2021-02-23 17:26:24,58.8,72.4,119.67956930147056,35.0,34.0
1806,2021-02-23 17:26:45,2021-02-23 17:56:15,72.8,92.8,120.23615402777779,35.264044943820224,34.02247191011236
1807,2021-03-01 06:57:21,2021-03-01 07:24:51,66.8,82.8,120.83856067708338,20.427710843373493,19.427710843373493
1808,2021-03-01 07:25:12,2021-03-01 07:56:02,82.8,97.2,122.3891062885802,21.736559139784948,20.693548387096776
1809,2021-03-01 19:03:52,2021-03-01 19:25:22,6.4,20.0,122.66750602532682,29.0,27.0
1810,2021-03-01 19:25:43,2021-03-01 19:55:53,20.4,39.6,119.77937311921296,29.71978021978022,28.36813186813187
1811,2021-03-01 19:56:14,2021-03-01 20:30:14,39.6,60.8,119.00944365828094,31.88780487804878,30.360975609756096
1812,2021-03-01 20:30:35,2021-03-01 20:59:25,60.8,78.0,119.02294904715762,33.0,31.367816091954023
1813,2021-03-01 20:59:46,2021-03-01 21:30:26,78.0,94.8,124.49489525462964,33.0,32.0
1814,2021-03-02 15:47:18,2021-03-02 16:52:41,34.8,94.0,119.62594453828828,27.276985743380855,25.63340122199593
1815,2021-03-03 12:03:28,2021-03-03 13:19:47,20.4,92.0,119.43618544188392,25.727748691099478,24.155322862129143
1816,2021-03-04 00:04:34,2021-03-04 00:23:14,11.2,29.6,118.88738934178743,25.56637168141593,23.327433628318584
1817,2021-03-04 00:23:35,2021-03-04 00:55:05,30.0,61.2,118.16997671830487,28.66842105263158,26.647368421052633
1818,2021-03-04 00:55:26,2021-03-04 01:24:06,61.6,88.4,120.9214510261194,31.53179190751445,29.589595375722542
1819,2021-03-04 12:56:56,2021-03-04 13:19:06,43.6,64.8,122.02765277777779,23.33582089552239,20.723880597014926
1820,2021-03-04 13:19:27,2021-03-04 13:49:57,65.2,91.2,121.38035160256409,25.472826086956523,22.777173913043477
1821,2021-03-04 13:50:18,2021-03-04 14:07:58,91.6,97.6,128.96530439814813,26.0,24.0
1822,2021-03-04 23:50:47,2021-03-05 00:14:07,18.8,41.2,121.92152064732143,24.921985815602838,22.79432624113475
1823,2021-03-05 00:14:28,2021-03-05 00:44:28,41.6,71.2,118.51728444069072,28.325966850828728,26.392265193370164
1824,2021-03-05 00:44:49,2021-03-05 01:11:49,71.6,93.6,121.85165606060606,30.104294478527606,28.466257668711656
1825,2021-03-05 12:07:51,2021-03-05 12:39:21,55.6,86.0,120.7963300895468,27.142105263157895,25.03684210526316
1826,2021-03-05 12:39:42,2021-03-05 13:02:12,86.4,97.6,124.17907614087314,28.0,26.095588235294116
1827,2021-03-06 11:39:16,2021-03-06 12:10:46,27.6,58.8,116.71163083155274,26.257894736842104,25.3
1828,2021-03-06 12:11:07,2021-03-06 12:39:37,58.8,86.4,119.31107860305954,29.424418604651162,28.46511627906977
1829,2021-03-06 12:39:58,2021-03-06 13:01:38,86.8,97.6,123.74748713991772,30.0,29.0
1830,2021-03-07 00:24:58,2021-03-07 01:17:18,20.8,72.4,118.4388567641042,29.253164556962027,27.503164556962027
1831,2021-03-07 01:17:39,2021-03-07 01:36:19,72.8,89.2,122.25610848577233,32.0,30.0
1832,2021-03-07 07:22:11,2021-03-07 07:43:51,22.0,43.2,119.77465146750524,28.022900763358777,24.389312977099237
1833,2021-03-07 07:44:12,2021-03-07 08:11:42,43.6,70.8,118.40178027982029,30.92168674698795,27.656626506024097
1834,2021-03-07 08:12:03,2021-03-07 08:39:03,71.2,93.6,121.19980319940484,32.61349693251534,29.515337423312882
1835,2021-03-07 22:20:21,2021-03-07 22:51:41,31.6,62.8,116.87635519052712,28.70899470899471,27.063492063492063
1836,2021-03-07 22:52:02,2021-03-07 23:21:22,63.2,90.0,120.14044651741298,31.440677966101696,29.649717514124294
1837,2021-03-08 20:28:48,2021-03-08 20:58:58,32.4,62.0,118.49946480855856,28.813186813186814,27.043956043956044
1838,2021-03-08 21:29:00,2021-03-08 21:55:30,80.4,97.6,123.8929419412146,31.91875,29.98125
1839,2021-03-09 14:43:04,2021-03-09 15:01:34,50.8,68.4,122.66177690972215,28.178571428571427,26.589285714285715
1840,2021-03-09 15:01:55,2021-03-09 15:30:55,68.8,92.8,121.78819346064816,29.674285714285713,28.194285714285716
1841,2021-03-09 22:55:21,2021-03-09 23:25:21,64.8,92.0,118.57435105187908,29.23204419889503,27.5414364640884
1842,2021-03-10 05:12:43,2021-03-10 05:41:33,48.0,67.2,117.76404716435185,28.563218390804597,25.67241379310345
1843,2021-03-10 05:41:54,2021-03-10 06:12:14,67.6,87.2,122.85361153628112,29.207650273224044,26.989071038251367
1844,2021-03-10 18:20:50,2021-03-10 20:06:38,2.8,97.6,121.98806396067748,34.287153652392945,32.47858942065491
1845,2021-03-11 02:56:55,2021-03-11 03:57:22,46.4,97.6,121.90259414876303,32.25330396475771,29.006607929515418
1846,2021-03-11 13:21:45,2021-03-11 13:50:15,46.4,74.0,120.41063214573266,30.988372093023255,29.24418604651163
1847,2021-03-11 13:50:36,2021-03-11 14:11:36,74.4,91.6,122.3473893733851,32.69291338582677,30.992125984251967
1848,2021-03-11 21:41:06,2021-03-11 22:07:46,32.8,58.8,119.96743002136753,32.03105590062112,29.74534161490683
1849,2021-03-11 22:08:07,2021-03-11 22:36:37,59.2,86.8,120.70955615942032,34.47674418604651,32.145348837209305
1850,2021-03-11 22:36:58,2021-03-11 22:54:48,87.2,97.6,129.08521487713685,35.0,33.0
1851,2021-03-12 04:10:48,2021-03-12 04:39:26,64.8,90.4,122.69119743381074,31.683908045977013,28.53448275862069
1852,2021-03-12 13:08:16,2021-03-12 13:36:26,49.2,76.8,118.71681531803549,32.46470588235294,30.63529411764706
1853,2021-03-12 13:36:47,2021-03-12 14:03:47,76.8,96.8,122.01459416666667,33.99386503067485,32.0
1854,2021-03-13 00:22:58,2021-03-13 00:45:38,28.8,50.8,119.65784545454548,30.883211678832115,28.846715328467152
1855,2021-03-13 00:45:59,2021-03-13 01:12:19,51.2,76.8,119.47050325520836,33.63522012578616,31.80503144654088
1856,2021-03-13 01:12:40,2021-03-13 01:35:10,77.2,94.4,122.2246671511628,35.0,33.0
1857,2021-03-13 13:03:09,2021-03-13 13:31:50,58.4,86.0,121.17708763586957,28.578703703703702,27.171296296296298
1858,2021-03-13 19:37:23,2021-03-13 20:03:23,30.8,47.2,119.17939634146342,30.61783439490446,29.076433121019107
1859,2021-03-13 20:03:44,2021-03-13 20:30:34,47.6,64.4,120.05789699074072,32.53703703703704,30.728395061728396
1860,2021-03-13 20:30:55,2021-03-13 21:00:05,64.8,82.8,121.79786651234568,33.0,31.306818181818183
1861,2021-03-13 21:00:26,2021-03-13 21:25:06,83.2,97.6,126.4863325617285,33.557046979865774,32.0
1862,2021-03-14 20:59:18,2021-03-14 21:44:38,49.6,91.2,120.82934511885685,32.146520146520146,30.945054945054945
1863,2021-03-15 04:10:20,2021-03-15 04:39:40,40.8,69.6,120.24355425347224,31.570621468926554,28.819209039548024
1864,2021-03-15 04:40:01,2021-03-15 05:09:21,70.0,94.4,121.20104701730419,33.367231638418076,30.785310734463277
1865,2021-03-15 12:09:09,2021-03-15 12:31:29,59.6,73.2,116.912796875,31.0,29.0
1866,2021-03-15 12:31:50,2021-03-15 13:04:10,73.6,91.6,123.19214768518518,31.41025641025641,29.94871794871795
1867,2021-03-15 17:47:40,2021-03-15 18:32:13,48.8,85.6,121.10964532382246,34.095238095238095,32.50595238095238
1868,2021-03-16 00:30:17,2021-03-16 00:52:37,41.2,47.2,110.625,31.0,28.0
1869,2021-03-16 00:52:58,2021-03-16 01:22:28,47.2,53.6,118.65234375000003,31.0,28.49438202247191
1870,2021-03-16 01:22:49,2021-03-16 01:50:09,54.0,59.6,122.76785714285711,31.0,29.0
1871,2021-03-16 01:50:30,2021-03-16 02:19:10,60.0,66.4,119.64626709635407,31.0,29.0
1872,2021-03-16 02:19:31,2021-03-16 02:46:51,66.4,72.4,126.11111111111111,31.0,28.278787878787877
1873,2021-03-16 02:47:12,2021-03-16 03:13:02,72.4,78.4,124.47916666666667,30.634615384615383,28.0
1874,2021-03-16 03:13:23,2021-03-16 03:39:33,78.8,84.8,117.7314814814815,30.0,28.0
1875,2021-03-16 11:55:50,2021-03-16 12:25:20,38.4,67.2,119.69956867283949,30.814606741573034,29.584269662921347
1876,2021-03-16 12:25:41,2021-03-16 12:56:41,67.6,93.6,121.83441041666667,33.4331550802139,31.994652406417114
1877,2021-03-16 21:26:01,2021-03-16 21:51:01,44.8,58.0,117.89877988215484,33.271523178807946,31.14569536423841
1878,2021-03-16 21:51:22,2021-03-16 22:18:02,58.4,72.8,118.92361111111111,34.0,32.0
1879,2021-03-17 00:53:51,2021-03-17 01:22:01,49.6,76.8,121.17240022467324,33.529411764705884,30.7
1880,2021-03-17 01:22:22,2021-03-17 01:49:22,77.2,97.2,123.40140888888888,34.90184049079755,32.0
1881,2021-03-17 16:14:06,2021-03-17 16:41:06,30.0,56.4,119.21401494107747,33.736196319018404,32.079754601226995
1882,2021-03-17 16:41:27,2021-03-17 17:10:47,56.8,85.2,120.33548826291079,36.23163841807909,34.58757062146893
1883,2021-03-17 17:11:08,2021-03-17 17:30:38,85.6,97.6,127.59723113425927,37.0,35.0
1884,2021-03-18 13:18:38,2021-03-18 13:46:08,52.8,70.0,120.37147367571058,30.240963855421686,28.783132530120483
1885,2021-03-18 13:46:29,2021-03-18 14:12:39,70.0,86.4,120.19650355691051,31.0,29.018987341772153
1886,2021-03-18 14:13:00,2021-03-18 14:31:50,86.4,97.6,123.64462127976206,31.13157894736842,30.0
1887,2021-03-18 19:04:01,2021-03-18 19:27:41,72.0,92.4,121.30380167483659,34.82517482517483,32.98601398601399
1888,2021-03-19 00:11:51,2021-03-19 00:40:50,58.4,86.8,120.20962327856029,34.28977272727273,32.02840909090909
1889,2021-03-19 07:51:07,2021-03-19 08:18:27,64.4,89.6,121.26434071869494,32.56363636363636,30.163636363636364
1890,2021-03-19 13:51:35,2021-03-19 14:18:25,30.4,56.8,118.48853488005051,36.364197530864196,34.635802469135804
1891,2021-03-19 14:18:46,2021-03-19 14:43:06,57.2,81.2,118.20197390046296,38.72789115646258,36.8843537414966
1892,2021-03-19 17:50:21,2021-03-19 18:20:11,62.0,72.8,119.701646090535,36.0,34.0
1893,2021-03-19 18:20:32,2021-03-19 18:48:42,72.8,82.8,122.05555555555556,35.523529411764706,33.38823529411765
1894,2021-03-19 18:49:03,2021-03-19 19:17:03,82.8,92.8,121.33333333333334,35.0,33.0
1895,2021-03-19 23:11:33,2021-03-19 23:32:53,33.6,51.6,119.65201983024689,37.906976744186046,35.42635658914729
1896,2021-03-19 23:33:14,2021-03-20 00:04:04,52.0,78.0,119.69926426282049,39.73118279569893,36.93010752688172
1897,2021-03-20 00:04:25,2021-03-20 00:32:15,78.4,97.6,124.86256242766211,40.0,37.845238095238095
1898,2021-03-20 12:56:39,2021-03-20 13:30:49,48.8,76.8,121.17958075396824,34.36893203883495,32.48543689320388
1899,2021-03-20 13:31:10,2021-03-20 13:54:50,77.2,94.4,121.45189615633075,35.50349650349651,33.0
1900,2021-03-20 22:19:38,2021-03-20 22:41:08,24.4,46.4,120.86491616161616,34.62307692307692,32.246153846153845
1901,2021-03-20 22:41:27,2021-03-20 23:09:47,46.8,76.4,118.4013889358108,37.41520467836257,35.16959064327485
1902,2021-03-20 23:10:08,2021-03-20 23:37:58,76.8,97.6,124.83641579861117,38.82738095238095,36.0
1903,2021-03-21 06:18:35,2021-03-21 06:42:15,57.6,80.4,121.42667513401557,32.17482517482517,28.097902097902097
1904,2021-03-21 06:42:36,2021-03-21 07:08:56,80.8,97.6,125.35552199074071,33.0,29.0
1905,2021-03-21 10:17:31,2021-03-21 10:41:41,82.8,97.6,121.54374634009014,31.0,27.143835616438356
1906,2021-03-21 23:28:56,2021-03-21 23:59:20,72.0,95.200005,120.89749962458099,22.24890829694323,21.65938864628821
1907,2021-03-22 11:57:36,2021-03-22 12:19:52,34.4,48.8,116.65876801697533,20.830882352941178,19.691176470588236
1908,2021-03-22 12:20:13,2021-03-22 12:49:33,48.8,67.2,116.11942278079708,22.728813559322035,21.706214689265536
1909,2021-03-22 12:49:54,2021-03-22 13:20:14,67.2,85.2,117.72841558641973,24.043715846994534,23.027322404371585
1910,2021-03-22 13:20:35,2021-03-22 13:49:05,85.2,97.6,125.12211391129044,25.0,24.0
1911,2021-03-22 19:24:35,2021-03-22 19:51:40,66.8,90.4,121.5381424199623,25.647058823529413,24.0
1912,2021-03-23 02:07:50,2021-03-23 02:31:10,34.8,57.6,117.99892068713447,24.99290780141844,22.900709219858157
1913,2021-03-23 02:31:31,2021-03-23 02:59:51,58.0,84.8,122.01857820273638,27.567251461988302,25.789473684210527
1914,2021-03-23 03:00:12,2021-03-23 03:17:12,85.2,95.6,123.55905435363259,28.97087378640777,27.0
1915,2021-03-23 09:27:36,2021-03-23 09:47:16,71.2,83.2,123.19562916666666,24.016806722689076,22.0
1916,2021-03-23 09:47:37,2021-03-23 10:16:07,83.6,97.6,122.81353660714286,25.0,22.77906976744186
1917,2021-03-23 23:42:01,2021-03-24 00:00:41,18.0,36.0,121.37501604938272,22.778761061946902,21.221238938053098
1918,2021-03-24 00:01:02,2021-03-24 00:28:52,36.4,64.0,117.94586876006441,26.148809523809526,24.601190476190474
1919,2021-03-24 00:29:13,2021-03-24 01:00:09,64.4,91.6,120.36500621936281,28.682539682539684,27.386243386243386
1920,2021-03-24 06:40:52,2021-03-24 07:54:00,43.2,97.6,121.56814817963648,28.295081967213115,25.4408014571949
1921,2021-03-24 16:06:54,2021-03-24 17:03:44,51.6,97.6,122.61773274456522,27.395784543325526,26.185011709601874
1922,2021-03-25 07:02:28,2021-03-25 07:33:08,38.0,55.6,115.9485266729798,24.32972972972973,22.745945945945945
1923,2021-03-25 07:33:29,2021-03-25 07:54:52,56.0,68.0,118.66595918981481,25.85496183206107,24.14503816793893
1924,2021-03-25 07:55:13,2021-03-25 08:22:13,68.0,83.2,118.3241862207602,26.41717791411043,25.0
1925,2021-03-25 08:22:34,2021-03-25 08:50:04,83.2,97.6,123.72779619984573,27.210843373493976,25.8855421686747
1926,2021-03-25 19:07:47,2021-03-25 19:32:27,48.4,61.6,120.9616820738636,30.684563758389263,29.375838926174495
1927,2021-03-25 19:32:48,2021-03-25 20:01:58,62.0,77.6,121.73968251424505,31.0,30.0
1928,2021-03-26 04:21:32,2021-03-26 04:47:02,14.8,29.2,118.08256442901235,28.318181818181817,26.136363636363637
1929,2021-03-26 04:47:23,2021-03-26 05:18:43,29.2,46.4,121.45994961240312,29.841269841269842,27.804232804232804
1930,2021-03-26 05:19:04,2021-03-26 05:47:04,46.8,62.4,119.93058279914528,31.633136094674555,29.668639053254438
1931,2021-03-26 05:47:25,2021-03-26 06:16:45,62.8,78.8,122.27170633680555,32.666666666666664,30.89830508474576
1932,2021-03-26 06:17:06,2021-03-26 06:38:56,79.2,90.8,125.60226329022994,33.0,31.0
1933,2021-03-26 12:42:30,2021-03-26 13:08:20,45.6,70.8,120.92705147707234,32.40384615384615,30.75
1934,2021-03-26 13:08:41,2021-03-26 13:35:21,71.2,93.6,120.67089775545641,33.94409937888199,32.5527950310559
1935,2021-03-27 11:27:19,2021-03-27 11:44:59,33.2,50.4,120.00970122739021,27.214953271028037,26.102803738317757
1936,2021-03-27 11:45:20,2021-03-27 12:16:30,50.8,81.2,119.5710000456871,30.164893617021278,28.861702127659573
1937,2021-03-27 12:16:51,2021-03-27 12:42:01,81.6,97.6,124.61112274305557,31.861842105263158,30.0
1938,2021-03-27 20:33:38,2021-03-27 20:58:18,13.6,28.8,121.9855899122807,33.14093959731544,31.23489932885906
1939,2021-03-27 20:58:39,2021-03-27 21:25:59,29.2,46.4,119.45093087855301,34.58181818181818,32.654545454545456
1940,2021-03-27 21:26:20,2021-03-27 21:53:30,46.4,64.0,116.02433128156567,36.48170731707317,34.457317073170735
1941,2021-03-27 21:53:51,2021-03-27 22:21:01,64.0,81.2,118.72257154392764,37.0,35.0
1942,2021-03-27 22:21:22,2021-03-27 22:48:52,81.2,97.6,124.02187754065046,37.373493975903614,35.0
1943,2021-03-28 03:06:34,2021-03-28 03:23:23,62.0,78.4,119.74916351626015,34.872549019607845,31.431372549019606
1944,2021-03-28 03:23:44,2021-03-28 03:50:04,78.8,97.6,124.12530119680854,35.18238993710692,32.0
1945,2021-03-28 16:52:59,2021-03-28 17:19:19,32.8,51.2,119.52899781099032,35.333333333333336,33.35849056603774
1946,2021-03-28 17:19:40,2021-03-28 17:48:10,51.6,73.2,118.27997280092592,37.03488372093023,35.05813953488372
1947,2021-03-28 17:48:31,2021-03-28 18:14:21,73.2,94.0,122.26828445512821,38.0,36.0
1948,2021-03-28 22:59:09,2021-03-28 23:25:09,74.8,94.4,119.5323349631519,35.98089171974522,33.904458598726116
1949,2021-03-29 02:15:47,2021-03-29 02:46:37,51.2,81.2,120.02593560185184,38.73118279569893,35.575268817204304
1950,2021-03-29 06:49:40,2021-03-29 07:21:50,61.6,71.6,120.90558361111118,36.0,32.02061855670103
1951,2021-03-29 07:22:11,2021-03-29 07:52:01,71.6,80.8,122.11055797101449,35.522222222222226,32.0
1952,2021-03-29 07:52:22,2021-03-29 08:22:32,81.2,90.4,123.50850875603865,35.0,32.0
1953,2021-03-29 08:22:53,2021-03-29 08:48:43,90.4,97.6,131.2732563657409,35.0,32.0
1954,2021-03-29 17:04:41,2021-03-29 18:01:39,42.4,93.6,121.25504831271702,35.401869158878505,33.60981308411215
1955,2021-03-30 16:27:26,2021-03-30 16:52:56,46.8,72.0,117.83950440917108,33.22727272727273,32.298701298701296
1956,2021-03-30 16:53:17,2021-03-30 17:23:27,72.4,96.0,122.52825076506598,34.9010989010989,33.82967032967033
1957,2021-03-31 02:11:30,2021-03-31 02:37:40,21.2,46.8,119.23339979383682,35.12658227848101,32.79746835443038
1958,2021-03-31 02:38:01,2021-03-31 03:07:09,46.8,75.6,117.99990555555557,38.28813559322034,35.92090395480226
1959,2021-03-31 14:52:09,2021-03-31 15:16:29,19.6,43.2,120.49318455743881,31.877551020408163,30.68027210884354
1960,2021-03-31 15:16:50,2021-03-31 15:36:20,43.6,62.8,118.66392773437504,34.57627118644068,33.347457627118644
1961,2021-03-31 22:53:10,2021-03-31 23:12:50,49.2,68.0,122.24366038711587,34.04201680672269,31.689075630252102
1962,2021-03-31 23:13:11,2021-03-31 23:43:51,68.4,93.6,123.8244144620812,35.0,32.935135135135134
1963,2021-04-01 07:06:10,2021-04-01 07:24:40,72.0,88.8,120.98876264880954,31.776785714285715,29.696428571428573
1964,2021-04-01 07:25:01,2021-04-01 07:41:51,88.8,97.6,120.35197001262628,32.0,30.0
1965,2021-04-01 17:44:57,2021-04-01 18:13:27,51.6,79.6,118.90874097222226,37.55813953488372,35.76744186046512
1966,2021-04-01 18:13:48,2021-04-01 18:39:08,80.0,97.6,125.61002304292931,38.01307189542484,36.99346405228758
1967,2021-04-02 03:15:28,2021-04-02 03:46:28,34.8,65.6,118.64044331709962,35.342245989304814,33.026737967914436
1968,2021-04-02 04:55:22,2021-04-02 05:20:32,79.6,97.6,122.17902978395063,37.046052631578945,34.796052631578945
1969,2021-04-02 16:17:59,2021-04-02 16:38:19,18.4,38.0,120.9672650935374,35.68292682926829,34.13821138211382
1970,2021-04-02 16:38:40,2021-04-02 16:56:00,38.4,55.2,120.24818239087298,37.943396226415096,36.660377358490564
1971,2021-04-02 17:06:11,2021-04-02 17:22:41,62.8,78.8,120.16927248263889,40.0,38.91
1972,2021-04-03 11:16:46,2021-04-03 11:34:36,42.4,49.2,114.55274325980389,29.314814814814813,28.0
1973,2021-04-03 11:34:57,2021-04-03 12:07:37,49.2,61.2,118.87736087962966,30.19289340101523,28.96954314720812
1974,2021-04-03 12:07:58,2021-04-03 12:36:08,61.2,71.6,118.3440702457266,31.0,29.08235294117647
1975,2021-04-03 12:36:29,2021-04-03 13:07:19,71.6,82.8,120.4092916666666,31.0,30.0
1976,2021-04-03 13:07:40,2021-04-03 13:33:40,82.8,92.0,123.78178759057965,31.038216560509554,30.0
1977,2021-04-03 19:29:19,2021-04-03 19:46:59,35.2,52.8,119.08382354797986,37.16822429906542,35.05607476635514
1978,2021-04-03 19:47:20,2021-04-03 20:14:40,52.8,80.0,119.28106576797384,39.557575757575755,37.61818181818182
1979,2021-04-03 20:15:01,2021-04-03 20:39:21,80.4,97.6,125.3552995801034,40.945578231292515,39.0
1980,2021-04-04 03:38:01,2021-04-04 04:02:01,52.4,67.2,122.0223621433934,35.36551724137931,32.0
1981,2021-04-04 04:02:22,2021-04-04 04:29:02,67.6,84.0,122.49155826558264,36.0,32.807453416149066
1982,2021-04-04 04:29:23,2021-04-04 04:51:33,84.4,97.6,123.99729229797995,36.0,33.0
1983,2021-04-05 06:28:00,2021-04-05 06:55:30,18.4,44.8,120.01685316708756,25.03012048192771,23.265060240963855
1984,2021-04-05 06:55:51,2021-04-05 07:22:21,45.2,71.2,117.3654,28.5375,26.825
1985,2021-04-05 07:22:42,2021-04-05 07:47:32,71.2,92.0,120.4213631810898,30.5,28.58
1986,2021-04-05 13:30:35,2021-04-05 13:57:55,75.6,96.0,122.9629908769063,29.945454545454545,28.0
1987,2021-04-06 20:29:51,2021-04-06 20:59:41,22.4,51.2,119.4134046585648,30.247252747252748,28.71978021978022
1988,2021-04-06 21:00:02,2021-04-06 21:31:52,51.6,82.0,120.72278819444449,33.739583333333336,32.125
1989,2021-04-06 21:32:13,2021-04-06 21:55:13,82.4,97.6,123.60384384137437,35.0,33.0
1990,2021-04-07 04:48:38,2021-04-07 05:30:16,35.2,76.0,119.1597650020425,33.25099601593625,30.55378486055777
1991,2021-04-07 05:30:37,2021-04-07 05:58:07,76.4,96.8,123.26662322984757,35.24698795180723,32.98192771084337
1992,2021-04-07 13:44:16,2021-04-07 14:34:10,47.6,88.8,120.42243530879182,32.51466666666666,30.794666666666668
1993,2021-04-07 20:11:07,2021-04-07 21:14:38,58.8,97.6,121.98840266323026,33.0482180293501,31.19916142557652
1994,2021-04-08 17:16:19,2021-04-08 17:47:19,45.2,75.6,119.00539921418134,30.27807486631016,28.058823529411764
1995,2021-04-08 17:47:40,2021-04-08 18:17:40,76.0,97.6,122.9739067001029,31.96685082872928,29.883977900552487
1996,2021-04-09 18:52:13,2021-04-09 19:25:28,45.6,78.4,117.83539024390244,27.860696517412936,26.850746268656717
1997,2021-04-09 19:25:49,2021-04-09 19:53:19,78.4,97.6,122.72429094328714,29.92168674698795,28.89156626506024
1998,2021-04-10 13:53:13,2021-04-10 14:20:33,43.6,70.0,120.94960937500001,29.345454545454544,27.903030303030302
1999,2021-04-10 14:20:54,2021-04-10 14:48:04,70.4,92.8,122.26315271577386,31.536585365853657,29.823170731707318
2000,2021-04-10 19:32:21,2021-04-10 19:51:21,60.4,79.6,115.87386848958342,32.93913043478261,31.321739130434782
2001,2021-04-11 00:49:01,2021-04-11 01:05:31,68.8,84.8,120.26302473958334,33.92,31.0
2002,2021-04-11 13:12:56,2021-04-11 13:38:16,33.6,58.4,119.48030157930111,31.444444444444443,29.77124183006536
2003,2021-04-11 13:38:37,2021-04-11 14:08:20,58.8,87.6,120.14049152681329,33.93333333333333,32.49444444444445
2004,2021-04-11 14:08:41,2021-04-11 14:25:51,87.6,97.6,123.99862805555553,35.0,33.0
2005,2021-04-11 21:39:51,2021-04-11 22:08:31,28.8,56.8,119.52232693452383,35.14450867052023,33.104046242774565
2006,2021-04-11 22:08:52,2021-04-11 22:40:32,57.2,87.6,121.59722724780708,37.67015706806283,35.56020942408377
2007,2021-04-12 07:20:24,2021-04-12 07:46:44,41.2,57.6,119.54269241192416,30.433962264150942,28.30188679245283
2008,2021-04-12 07:47:05,2021-04-12 08:16:05,57.6,74.8,120.48370792958663,31.76,29.742857142857144
2009,2021-04-12 08:16:26,2021-04-12 08:47:46,75.2,92.8,122.1377994002526,32.0,30.0
2010,2021-04-13 07:01:28,2021-04-13 08:16:44,32.0,97.6,120.96813889312332,31.552212389380532,30.43362831858407
2011,2021-04-13 16:44:37,2021-04-13 17:13:27,52.4,80.4,119.91864821428571,38.05747126436781,36.672413793103445
2012,2021-04-13 17:13:48,2021-04-13 17:38:28,80.4,97.6,123.94783535206726,39.0,37.966442953020135
2013,2021-04-14 04:36:08,2021-04-14 04:57:58,51.6,68.8,122.5032407138243,31.727272727272727,29.856060606060606
2014,2021-04-14 04:58:16,2021-04-14 05:26:05,69.2,90.0,122.09723569711544,32.50595238095238,30.988095238095237
2015,2021-04-14 11:06:07,2021-04-14 11:38:57,63.6,92.4,121.08124006558643,35.76767676767677,33.92929292929293
2016,2021-04-14 22:55:19,2021-04-15 00:02:00,18.4,83.6,119.0074051103443,35.293413173652695,33.01197604790419
2017,2021-04-15 03:25:57,2021-04-15 03:49:57,62.0,76.0,121.06649126984126,34.93103448275862,31.23448275862069
2018,2021-04-15 03:50:18,2021-04-15 04:18:58,76.0,92.0,122.07293420138888,35.0,32.0
2019,2021-04-15 10:36:42,2021-04-15 11:02:12,54.0,62.0,119.00341944444443,32.0,30.0
2020,2021-04-15 11:02:33,2021-04-15 11:30:03,62.0,70.8,116.66661458333334,32.0,30.0
2021,2021-04-15 11:30:24,2021-04-15 11:55:48,70.8,78.4,124.77187412280688,32.0,30.0
2022,2021-04-15 11:56:09,2021-04-15 12:24:23,78.8,87.2,125.48142546296283,32.0,30.0
2023,2021-04-15 16:18:20,2021-04-15 16:45:50,58.4,72.8,118.71431404320991,32.0,30.0
2024,2021-04-16 01:38:11,2021-04-16 01:56:51,32.0,44.0,116.66666666666667,28.17699115044248,26.530973451327434
2025,2021-04-16 01:57:12,2021-04-16 02:25:42,44.0,62.4,116.16847826086958,29.88372093023256,28.296511627906977
2026,2021-04-16 22:37:53,2021-04-17 00:17:41,9.2,91.6,119.67892809634577,30.618157543391188,29.293724966622165
2027,2021-04-17 04:55:40,2021-04-17 05:26:50,36.4,66.8,119.80538514254387,32.590425531914896,29.0
2028,2021-04-17 05:27:11,2021-04-17 05:47:55,66.8,87.2,118.76240344498908,34.38095238095238,31.08730158730159
2029,2021-04-17 05:48:16,2021-04-17 06:05:46,87.2,97.6,124.61940317841893,35.0,31.10377358490566
2030,2021-04-17 13:22:57,2021-04-17 15:12:22,10.4,97.6,120.60667683804792,33.96833130328867,31.584652862362972
2031,2021-04-18 01:17:37,2021-04-18 01:40:04,47.2,69.2,119.00378295454546,32.38970588235294,29.985294117647058
2032,2021-04-18 01:40:25,2021-04-18 01:58:55,69.6,87.2,122.45107599431813,33.732142857142854,31.366071428571427
2033,2021-04-18 19:31:45,2021-04-18 19:59:48,70.8,94.0,122.10212346743292,29.98235294117647,28.870588235294118
2034,2021-04-19 04:46:22,2021-04-19 05:16:42,28.0,58.4,116.72150785818714,29.153005464480874,27.136612021857925
2035,2021-04-19 05:17:03,2021-04-19 05:46:23,58.4,87.2,118.79197463348765,32.02824858757062,30.09039548022599
2036,2021-04-19 05:46:44,2021-04-19 06:05:34,87.2,97.6,122.73776509081209,33.0,31.0
2037,2021-04-19 10:20:07,2021-04-19 10:49:47,67.6,93.2,121.75186653645828,31.75977653631285,28.921787709497206
2038,2021-04-19 21:28:44,2021-04-19 21:57:44,37.2,65.6,119.18329939358377,30.617142857142856,28.925714285714285
2039,2021-04-19 21:58:05,2021-04-19 22:26:15,66.0,91.2,120.37809187610225,32.73529411764706,31.147058823529413
2040,2021-04-20 04:00:37,2021-04-20 04:28:27,55.2,82.4,119.86113153594773,31.154761904761905,28.553571428571427
2041,2021-04-20 15:27:58,2021-04-20 15:55:48,22.4,51.6,119.57194377853885,33.154761904761905,31.363095238095237
2042,2021-04-20 15:56:09,2021-04-20 16:25:49,52.0,83.6,117.91359093706046,37.01117318435754,35.41340782122905
2043,2021-04-21 13:35:38,2021-04-21 13:56:28,28.0,48.4,119.2524617374728,33.1031746031746,31.063492063492063
2044,2021-04-21 13:56:49,2021-04-21 14:24:25,48.4,76.0,116.74864950181161,35.862275449101794,34.05988023952096
2045,2021-04-21 19:11:02,2021-04-21 20:07:18,56.8,97.6,122.0749030827887,35.9290780141844,34.0
2046,2021-04-22 03:03:42,2021-04-22 03:52:00,38.8,85.6,120.80183916785379,33.88429752066116,31.33884297520661
2047,2021-04-22 05:09:38,2021-04-22 05:28:35,85.6,97.6,122.86668122685185,34.0,31.965034965034967
2048,2021-04-22 16:46:25,2021-04-22 17:18:50,17.6,49.2,119.51296952795359,36.204081632653065,34.5969387755102
2049,2021-04-22 17:19:11,2021-04-22 17:46:11,49.6,76.0,119.11248721590913,39.306748466257666,37.736196319018404
2050,2021-04-22 17:46:32,2021-04-22 18:11:02,76.4,95.2,122.55394163711588,40.0,38.986486486486484
2051,2021-04-23 10:36:27,2021-04-23 11:09:09,66.0,78.4,110.42025080645158,29.0,27.934959349593495
2052,2021-04-23 19:52:18,2021-04-23 20:23:58,22.8,42.4,120.90416808390026,36.15706806282723,34.43979057591623
2053,2021-04-23 20:24:19,2021-04-23 20:50:49,42.8,59.6,118.04064831349204,37.725,36.24375
2054,2021-04-23 20:51:10,2021-04-23 21:19:30,59.6,77.2,120.47030145202015,38.98830409356725,37.0
2055,2021-04-23 21:19:51,2021-04-23 21:48:31,77.6,94.8,123.59574095607233,39.0,37.0
2056,2021-04-24 05:40:03,2021-04-24 06:06:33,44.8,61.2,121.18902439024386,33.71875,31.0875
2057,2021-04-24 06:06:54,2021-04-24 06:36:34,61.6,80.0,120.92391304347827,35.0,32.10614525139665
2058,2021-04-24 06:36:55,2021-04-24 06:59:25,80.4,94.0,122.87071078431377,35.0,33.0
2059,2021-04-24 14:55:13,2021-04-24 15:22:53,42.0,58.8,118.58137665343915,36.958083832335326,35.538922155688624
2060,2021-04-24 20:42:24,2021-04-24 21:09:24,23.2,50.0,117.5637462168325,36.28834355828221,34.484662576687114
2061,2021-04-24 21:09:45,2021-04-24 21:35:55,50.0,76.0,117.36003728632478,38.74683544303797,36.79746835443038
2062,2021-04-24 21:36:16,2021-04-24 22:03:56,76.4,96.8,125.14773366013077,39.287425149700596,37.203592814371255
2063,2021-04-25 04:33:21,2021-04-25 04:57:01,59.6,82.4,121.63867434210528,34.95104895104895,32.0
2064,2021-04-25 04:57:22,2021-04-25 05:19:22,82.8,97.6,125.69260745120121,36.0,33.0
2065,2021-04-25 11:32:38,2021-04-25 16:21:34,51.600002,92.8,122.92160075671205,33.8929889298893,31.84870848708487
2066,2021-04-26 01:02:49,2021-04-26 01:24:09,29.6,50.4,119.68282832532053,31.775193798449614,29.286821705426355
2067,2021-04-26 01:24:30,2021-04-26 01:51:50,50.8,77.6,118.91997657545608,34.236363636363635,31.866666666666667
2068,2021-04-26 01:52:11,2021-04-26 02:13:11,78.0,94.0,122.44704166666669,35.0,33.0
2069,2021-04-26 21:36:58,2021-04-26 21:53:22,25.2,35.6,116.7412113782051,28.0,26.0
2070,2021-04-26 21:59:13,2021-04-26 22:30:43,38.8,58.4,116.68086380385488,29.51578947368421,27.726315789473684
2071,2021-04-26 22:31:04,2021-04-26 22:51:07,58.8,70.8,120.51646078703706,30.81967213114754,29.0
2072,2021-04-27 02:51:10,2021-04-27 06:36:31,27.6,97.6,119.86761421031747,29.62448255470136,27.921348314606742
2073,2021-04-27 15:47:19,2021-04-27 16:12:55,30.4,55.6,118.78462815255733,29.29032258064516,27.238709677419354
2074,2021-04-27 16:13:16,2021-04-27 16:45:16,55.6,86.8,119.8673560363248,32.33678756476684,30.430051813471504
2075,2021-04-27 22:23:58,2021-04-27 22:44:58,86.0,97.6,124.66476364942535,31.0,28.0
2076,2021-04-28 15:07:09,2021-04-28 15:34:29,52.0,78.4,120.90594391835015,27.696969696969695,25.654545454545456
2077,2021-04-28 21:18:55,2021-04-28 21:51:45,48.8,69.2,120.1804712009804,27.69191919191919,25.57070707070707
2078,2021-04-28 21:52:06,2021-04-28 22:23:56,69.2,88.8,121.26989540816335,28.614583333333332,26.645833333333332
2079,2021-04-28 22:24:17,2021-04-28 22:41:17,89.2,97.6,128.64092890211654,29.0,27.0
2080,2021-04-29 03:11:57,2021-04-29 03:37:37,59.2,84.0,120.94143285170253,28.767741935483873,26.412903225806453
2081,2021-04-29 08:29:58,2021-04-29 09:07:43,75.6,97.6,121.77564287878788,26.253521126760564,23.982394366197184
2082,2021-04-29 17:27:39,2021-04-29 17:57:49,64.4,91.2,120.71935090174131,31.752747252747252,30.252747252747252
2083,2021-04-30 00:27:18,2021-04-30 01:12:06,42.8,86.0,121.13709686213994,33.824925816023736,31.148367952522253
2084,2021-04-30 15:31:37,2021-04-30 16:45:01,11.2,82.4,120.05605376443506,36.68648648648649,34.67027027027027
2085,2021-04-30 16:47:54,2021-04-30 17:01:59,83.200005,93.200005,120.41209489166668,39.95454545454545,37.90909090909091
2086,2021-05-01 00:57:51,2021-05-01 01:21:01,46.4,68.8,120.61073418898809,35.642857142857146,33.31428571428572
2087,2021-05-01 01:21:22,2021-05-01 01:49:02,69.2,92.4,123.65001496647507,36.97005988023952,34.51497005988024
2088,2021-05-01 06:01:27,2021-05-01 06:30:57,51.6,69.6,118.877337962963,33.98876404494382,30.803370786516854
2089,2021-05-01 06:31:18,2021-05-01 07:01:58,69.6,87.2,121.11506881313127,34.0,31.12972972972973
2090,2021-05-01 12:36:51,2021-05-01 13:00:41,66.8,89.2,120.74220064484122,35.875,34.354166666666664
2091,2021-05-01 23:33:36,2021-05-02 00:35:07,22.4,74.0,119.23582182385874,36.004329004329,33.803030303030305
2092,2021-05-02 11:30:09,2021-05-02 12:30:44,46.0,93.6,121.96470357142857,32.167032967032966,30.545054945054947
2093,2021-05-02 17:59:36,2021-05-02 18:27:56,54.0,81.6,121.04823404790663,34.666666666666664,32.15204678362573
2094,2021-05-03 16:18:14,2021-05-03 16:41:04,47.6,69.6,120.77401426767685,28.971014492753625,27.355072463768117
2095,2021-05-04 00:56:50,2021-05-04 01:16:50,11.2,31.6,99.79167551742918,30.132231404958677,28.93388429752066
2096,2021-05-04 01:17:11,2021-05-04 01:44:21,32.0,54.0,123.15531117424241,32.11585365853659,30.853658536585368
2097,2021-05-04 02:07:45,2021-05-04 02:37:28,63.2,86.0,121.43642107699807,35.044444444444444,33.37222222222222
2098,2021-05-04 11:32:01,2021-05-04 12:46:52,32.8,93.2,120.12496929497792,35.304270462633454,33.55871886120996
2099,2021-05-04 19:22:54,2021-05-04 20:23:37,45.6,97.6,121.85928524839747,34.39035087719298,31.342105263157894
2100,2021-05-05 15:09:01,2021-05-05 15:59:25,26.4,68.4,117.78261814814812,35.4671052631579,33.19078947368421
2101,2021-05-05 21:33:28,2021-05-05 21:52:08,19.2,37.2,120.57873194444441,35.5929203539823,33.7787610619469
2102,2021-05-05 21:52:29,2021-05-05 22:21:29,37.6,66.0,118.70356597222225,38.38285714285714,36.565714285714286
2103,2021-05-05 22:21:50,2021-05-05 22:56:00,66.4,94.8,121.7155957061816,40.5,38.199029126213595
2104,2021-05-06 05:01:29,2021-05-06 05:36:49,69.6,97.6,121.91031934126985,35.766917293233085,32.71804511278196
2105,2021-05-06 17:18:42,2021-05-06 17:45:42,13.2,36.4,118.50156830699234,35.24539877300614,33.31901840490798
2106,2021-05-06 17:46:03,2021-05-06 18:14:13,36.4,60.0,118.11088706450093,37.42941176470588,35.63529411764706
2107,2021-05-06 18:14:34,2021-05-06 18:43:24,60.4,83.2,118.85661872563351,39.0,37.0
2108,2021-05-07 14:43:23,2021-05-07 15:05:03,8.8,20.4,119.16549808429122,35.0,34.0
2109,2021-05-07 15:05:24,2021-05-07 15:44:00,20.8,39.6,119.76450969267142,35.858369098712444,34.48497854077253
2110,2021-05-07 15:44:21,2021-05-07 16:15:51,40.0,56.0,112.21183368055556,37.51578947368421,36.310526315789474
2111,2021-05-07 16:16:12,2021-05-07 16:44:22,56.0,70.0,121.49903670634923,38.48235294117647,37.0
2112,2021-05-07 16:44:43,2021-05-07 17:18:43,70.4,86.8,122.11977862466132,39.0,37.57560975609756
2113,2021-05-08 01:04:24,2021-05-08 01:30:24,21.2,46.8,118.37944775390628,37.21656050955414,34.847133757961785
2114,2021-05-08 01:30:45,2021-05-08 01:55:18,46.8,71.2,117.3011716245446,39.966442953020135,37.50335570469799
2115,2021-05-08 01:55:39,2021-05-08 02:15:09,71.6,89.6,121.13195000000003,41.0,38.601694915254235
2116,2021-05-08 13:40:18,2021-05-08 14:08:18,14.0,41.2,120.19404355596406,37.289940828402365,35.562130177514796
2117,2021-05-08 14:08:39,2021-05-08 14:41:39,41.6,74.0,118.774436771262,40.2713567839196,38.41708542713568
2118,2021-05-08 14:42:00,2021-05-08 15:12:40,74.4,97.6,122.57064858716483,41.75135135135135,39.87027027027027
2119,2021-05-08 23:35:00,2021-05-09 00:05:50,16.0,46.0,120.00880435185188,39.60752688172043,36.924731182795696
2120,2021-05-09 00:06:11,2021-05-09 00:30:51,46.4,70.8,117.89446875000003,42.241610738255034,39.53020134228188
2121,2021-05-09 00:31:12,2021-05-09 01:01:32,70.8,95.6,120.45867540322584,43.0,40.0
2122,2021-05-09 14:43:30,2021-05-09 15:03:50,14.0,33.6,121.32371336451246,37.479674796747965,35.73170731707317
2123,2021-05-09 15:04:11,2021-05-09 15:35:01,34.0,64.4,118.58919764254385,40.24193548387097,38.51075268817204
2124,2021-05-09 15:35:22,2021-05-09 15:56:07,64.8,85.2,118.9051747140523,42.0,40.06349206349206
2125,2021-05-09 22:35:54,2021-05-09 23:06:14,34.8,64.8,117.71991291666669,40.69945355191257,38.23497267759563
2126,2021-05-09 23:06:35,2021-05-09 23:37:35,64.8,92.4,120.51629941626405,42.72727272727273,40.0
2127,2021-05-10 05:22:07,2021-05-10 07:03:08,49.2,99.6,126.84928994708994,37.980211081794195,34.79287598944591
2128,2021-05-10 16:37:23,2021-05-10 17:07:23,48.0,77.2,119.65421142503804,39.0,37.828729281767956
2129,2021-05-10 23:32:51,2021-05-10 23:56:51,30.8,54.4,118.84123287429382,38.44827586206897,36.15862068965517
2130,2021-05-10 23:57:12,2021-05-11 00:31:22,54.8,88.0,120.36690248493977,41.092233009708735,38.83495145631068
2131,2021-05-11 00:31:43,2021-05-11 00:48:13,88.0,97.6,124.99421296296305,42.0,39.22
2132,2021-05-11 15:29:23,2021-05-11 16:02:53,20.8,54.0,118.69311889223559,40.95049504950495,39.04950495049505
2133,2021-05-11 16:03:14,2021-05-11 16:29:04,54.4,79.2,119.59229805107525,44.34615384615385,42.48717948717949
2134,2021-05-11 21:33:54,2021-05-11 22:05:44,17.2,37.2,121.37296847222223,40.0,37.541666666666664
2135,2021-05-11 22:06:05,2021-05-11 22:32:45,37.6,54.8,118.34468976098194,41.17391304347826,38.77639751552795
2136,2021-05-11 22:33:06,2021-05-11 23:03:06,55.2,74.4,119.27088541666669,42.0,39.988950276243095
2137,2021-05-11 23:03:27,2021-05-11 23:28:27,74.8,90.4,122.32911324786319,42.0,39.96026490066225
2138,2021-05-12 02:03:20,2021-05-12 02:20:20,68.4,84.8,120.76643910907869,42.0,38.10679611650485
2139,2021-05-12 11:25:47,2021-05-12 11:54:57,30.0,58.8,118.1467096354167,38.08522727272727,35.9375
2140,2021-05-12 11:55:18,2021-05-12 12:26:18,58.8,88.8,119.33010203703705,40.64171122994652,38.35828877005348
2141,2021-05-12 12:26:39,2021-05-12 12:43:19,88.8,98.4,125.03329282407398,41.0,39.0
2142,2021-05-12 18:04:01,2021-05-12 18:32:31,50.0,72.8,119.67715789473685,41.68023255813954,39.38953488372093
2143,2021-05-12 18:32:52,2021-05-12 18:59:52,73.2,92.4,122.71630396412037,42.0,40.0
2144,2021-05-13 04:08:53,2021-05-13 04:29:23,19.6,40.0,119.04480970860564,38.75806451612903,35.91935483870968
2145,2021-05-13 04:30:52,2021-05-13 04:50:02,40.4,59.2,120.88949512411347,41.077586206896555,38.25
2146,2021-05-13 04:50:23,2021-05-13 05:18:33,59.6,87.2,121.17655490136876,42.8,40.141176470588235
2147,2021-05-13 05:18:54,2021-05-13 05:36:14,87.6,97.6,129.74169625000002,43.0,41.0
2148,2021-05-13 15:19:30,2021-05-13 15:36:40,41.2,52.0,121.09184992283953,34.31730769230769,31.46153846153846
2149,2021-05-13 15:37:01,2021-05-13 15:53:31,52.4,62.8,120.84137259615386,35.24,32.66
2150,2021-05-13 18:41:03,2021-05-13 19:03:54,72.0,86.4,120.87387025462961,34.0,32.0
2151,2021-05-14 11:46:06,2021-05-14 12:08:16,20.4,42.0,120.91887448559673,31.597014925373134,30.79850746268657
2152,2021-05-14 12:08:37,2021-05-14 12:36:17,42.4,70.0,118.38114427334945,35.01796407185629,34.34730538922156
2153,2021-05-14 12:36:38,2021-05-14 13:05:58,70.4,94.8,121.3871713911658,37.50847457627118,36.59322033898305
2154,2021-05-14 21:13:21,2021-05-14 21:40:21,58.0,79.2,119.85981413784063,36.91411042944785,35.061349693251536
2155,2021-05-14 21:40:42,2021-05-14 22:01:12,79.2,93.2,123.0595347222222,37.645161290322584,36.0
2156,2021-05-15 07:09:46,2021-05-15 07:40:56,46.0,76.4,119.28548117690059,35.25,33.515957446808514
2157,2021-05-15 07:41:17,2021-05-15 08:09:27,76.8,97.6,123.10231283386757,36.811764705882354,35.0
2158,2021-05-15 14:38:32,2021-05-15 15:08:02,62.0,86.4,119.63967924635696,39.0,37.943820224719104
2159,2021-05-15 15:08:23,2021-05-15 15:26:23,86.4,97.6,122.75299069940495,39.0,38.0
2160,2021-05-16 00:12:34,2021-05-16 01:27:42,19.6,91.2,119.49928886367165,40.230496453900706,37.734042553191486
2161,2021-05-16 14:24:43,2021-05-16 15:05:01,46.0,85.2,119.69338665674604,39.01320132013201,37.504950495049506
2162,2021-05-17 14:37:50,2021-05-17 15:05:00,38.0,65.2,116.84897640931374,39.93292682926829,38.94512195121951
2163,2021-05-17 15:05:21,2021-05-17 15:35:41,65.6,92.4,120.48923989427855,42.4207650273224,41.01639344262295
2164,2021-05-17 22:22:09,2021-05-17 22:40:09,39.2,51.2,121.43056215277777,39.1651376146789,37.26605504587156
2165,2021-05-17 22:40:30,2021-05-17 23:09:00,51.6,70.4,116.92007853132384,40.0,38.44767441860465
2166,2021-05-17 23:09:21,2021-05-17 23:39:41,70.8,90.0,121.30644198495368,40.950819672131146,39.0
2167,2021-05-18 20:41:40,2021-05-18 21:12:40,25.6,56.4,116.89350568181823,38.68449197860963,36.93582887700535
2168,2021-05-18 21:13:01,2021-05-18 21:41:01,56.8,84.0,119.55833016748367,41.5207100591716,39.65680473372781
2169,2021-05-19 02:21:07,2021-05-19 02:42:37,26.8,48.4,116.45642097479426,38.43076923076923,35.53076923076923
2170,2021-05-19 02:42:58,2021-05-19 03:11:28,48.8,76.8,119.09029484126987,40.61046511627907,37.69186046511628
2171,2021-05-19 05:18:12,2021-05-19 05:47:02,64.8,80.8,120.02776666666664,39.0,36.0
2172,2021-05-19 05:47:23,2021-05-19 06:08:13,81.2,92.8,119.61325443007667,38.76190476190476,35.25396825396825
2173,2021-05-19 13:42:33,2021-05-19 14:26:36,47.2,82.8,118.55307187500001,38.07518796992481,36.6578947368421
2174,2021-05-19 14:26:57,2021-05-19 14:50:07,82.8,97.6,123.75093130630633,39.0,37.82857142857143
2175,2021-05-20 10:29:39,2021-05-20 10:59:49,25.2,55.6,115.55692539290936,37.11538461538461,35.434065934065934
2176,2021-05-20 11:00:10,2021-05-20 11:19:50,55.6,75.2,116.8176089143991,39.63025210084034,37.90756302521008
2177,2021-05-21 07:25:45,2021-05-21 07:44:05,22.8,40.8,117.46761033950624,34.42342342342342,33.37837837837838
2178,2021-05-21 07:44:26,2021-05-21 08:15:56,40.8,72.0,116.30120984686614,37.310526315789474,36.2
2179,2021-05-21 14:33:09,2021-05-21 14:55:49,27.6,50.0,117.95509908234128,40.13868613138686,38.737226277372265
2180,2021-05-21 14:56:10,2021-05-21 15:16:20,50.4,70.4,117.49790256944436,42.47540983606557,40.92622950819672
2181,2021-05-21 23:28:36,2021-05-21 23:55:26,29.6,56.4,116.96726202321727,40.82716049382716,38.69135802469136
2182,2021-05-22 02:58:14,2021-05-22 03:24:24,22.8,48.8,117.22810625000002,43.25949367088607,39.63291139240506
2183,2021-05-22 03:24:45,2021-05-22 03:53:05,48.8,75.2,116.32576210016832,45.63157894736842,41.812865497076025
2184,2021-05-22 13:46:42,2021-05-22 14:42:20,22.4,77.2,118.30256714821574,41.32057416267943,39.473684210526315
2185,2021-05-22 19:04:47,2021-05-22 19:36:37,45.6,65.6,119.6479431944445,40.598958333333336,38.828125
2186,2021-05-23 08:29:51,2021-05-23 08:53:41,14.8,38.4,117.9461001059322,34.875,33.395833333333336
2187,2021-05-23 08:54:02,2021-05-23 09:22:02,38.8,66.8,116.63889186507936,37.98816568047337,36.532544378698226
2188,2021-05-23 09:22:23,2021-05-23 09:48:23,67.2,90.8,120.65443279190211,39.97452229299363,38.43312101910828
2189,2021-05-23 19:30:01,2021-05-23 19:53:01,26.4,41.2,116.13175675675673,39.611510791366904,37.70503597122302
2190,2021-05-23 19:53:22,2021-05-23 20:24:42,41.2,61.6,115.19607843137256,41.15873015873016,38.79365079365079
2191,2021-05-24 01:52:58,2021-05-24 02:21:08,30.0,58.0,116.72571121031747,38.71176470588235,36.62352941176471
2192,2021-05-24 02:21:29,2021-05-24 02:54:29,58.4,90.0,118.99307309247543,41.14572864321608,38.88442211055276
2193,2021-05-24 06:36:41,2021-05-24 07:06:07,65.2,92.0,119.9924456726783,39.747191011235955,36.747191011235955
2194,2021-05-24 21:48:49,2021-05-24 22:17:29,21.6,46.0,117.87797950819672,39.2485549132948,37.4393063583815
2195,2021-05-24 22:17:50,2021-05-24 22:46:20,46.4,70.4,119.14122349537035,41.79651162790697,39.66860465116279
2196,2021-05-24 22:46:41,2021-05-24 23:11:11,70.8,90.8,120.40001895833335,43.0,40.58783783783784
2197,2021-05-25 18:08:09,2021-05-25 18:39:59,17.2,44.0,118.74999689054727,36.890625,35.28125
2198,2021-05-25 18:40:20,2021-05-25 19:03:40,44.4,64.4,116.53054361111109,39.333333333333336,37.48936170212766
2199,2021-05-25 19:04:01,2021-05-25 19:38:11,64.4,92.0,120.45439839975849,40.45145631067961,38.51456310679612
2200,2021-05-26 00:24:10,2021-05-26 00:47:20,18.8,41.6,118.57273885233919,41.77142857142857,38.464285714285715
2201,2021-05-26 00:47:41,2021-05-26 01:31:20,42.0,83.6,116.96805327857909,44.48669201520912,41.35361216730038
2202,2021-05-26 12:41:32,2021-05-26 13:58:55,28.4,92.8,118.0642737124741,36.94492254733218,34.6815834767642
2203,2021-05-27 13:18:19,2021-05-27 13:40:41,56.0,74.0,118.83697438271605,38.330882352941174,36.63235294117647
2204,2021-05-27 18:25:56,2021-05-27 18:51:56,40.4,55.2,117.40993918918915,38.9171974522293,37.77070063694268
2205,2021-05-27 18:52:17,2021-05-27 19:24:47,55.6,74.0,118.0480366847826,40.0,39.0
2206,2021-05-27 19:25:08,2021-05-27 19:54:28,74.0,90.4,119.539325203252,40.25423728813559,39.0
2207,2021-05-28 15:16:02,2021-05-28 15:40:21,22.0,46.0,118.19791585648147,38.83673469387755,36.7891156462585
2208,2021-05-28 15:40:42,2021-05-28 16:11:02,46.4,76.4,117.92314416666663,41.83606557377049,40.02732240437158
2209,2021-05-29 00:17:06,2021-05-29 00:50:46,9.2,38.4,115.70683304794522,40.039408866995075,37.748768472906406
2210,2021-05-29 00:51:07,2021-05-29 01:22:47,38.4,65.2,118.5634535655058,41.931937172774866,39.43455497382199
2211,2021-05-29 01:23:08,2021-05-29 01:55:38,65.2,91.6,121.86134738005055,43.0,40.30612244897959
2212,2021-05-30 02:44:08,2021-05-30 03:04:48,11.2,28.4,120.1534236111111,30.32,29.0
2213,2021-05-30 03:05:09,2021-05-30 03:30:19,28.8,49.6,120.97889810363247,32.0328947368421,30.57236842105263
2214,2021-05-30 03:30:40,2021-05-30 03:58:30,50.0,73.2,119.92216942049807,34.529761904761905,32.75595238095238
2215,2021-05-30 03:58:51,2021-05-30 04:26:41,73.6,94.8,122.22288233752619,35.839285714285715,34.0
2216,2021-05-30 21:06:14,2021-05-30 21:54:56,41.2,88.4,120.25211975047081,35.86065573770492,34.64207650273224
2217,2021-05-31 03:26:42,2021-05-31 03:56:12,49.6,74.4,118.77350593637989,35.331460674157306,33.29213483146067
2218,2021-05-31 03:56:33,2021-05-31 04:27:53,74.8,97.6,123.20419974415209,36.645502645502646,34.58201058201058
2219,2021-05-31 13:27:01,2021-05-31 13:50:41,54.8,67.6,120.25279149305558,37.0,35.0
2220,2021-05-31 13:51:02,2021-05-31 14:17:42,68.0,82.4,123.15004648919748,37.0,35.0
2221,2021-05-31 23:55:31,2021-06-01 00:21:51,45.2,66.8,119.44574279835396,31.345911949685533,29.364779874213838
2222,2021-06-01 00:22:12,2021-06-01 00:52:22,66.8,90.4,118.60700523775888,32.895604395604394,31.115384615384617
2223,2021-06-01 05:56:25,2021-06-01 06:26:35,62.8,88.0,119.09007782186949,33.57692307692308,31.192307692307693
2224,2021-06-01 23:10:28,2021-06-01 23:33:28,27.6,46.8,119.7728569155093,30.719424460431654,28.345323741007196
2225,2021-06-01 23:44:09,2021-06-02 00:07:49,54.0,73.6,120.6774305555556,33.68531468531469,31.335664335664337
2226,2021-06-02 00:08:10,2021-06-02 00:37:50,74.0,96.0,120.82955827020203,34.720670391061454,32.0
2227,2021-06-02 09:37:30,2021-06-02 10:04:50,16.8,43.2,120.09787047558922,33.1030303030303,31.509090909090908
2228,2021-06-02 10:05:11,2021-06-02 10:36:41,43.6,74.4,118.5633214285714,36.473684210526315,34.752631578947366
2229,2021-06-02 10:37:02,2021-06-02 11:01:52,74.4,95.2,120.20033366720088,38.0,36.38
2230,2021-06-03 14:54:07,2021-06-03 15:37:04,19.2,61.6,118.29753907887842,36.48606811145511,34.873065015479874
2231,2021-06-03 15:37:24,2021-06-03 16:19:01,62.0,97.6,121.44257815230964,39.66453674121406,38.022364217252395
2232,2021-06-04 01:53:56,2021-06-04 02:54:36,43.2,97.6,120.72916926062096,37.56359649122807,35.56140350877193
2233,2021-06-04 13:49:07,2021-06-04 14:16:27,47.2,74.4,117.34529069648691,33.07272727272727,30.8
2234,2021-06-05 08:42:38,2021-06-05 09:11:58,35.6,60.4,117.3812841621864,28.864406779661017,28.259887005649716
2235,2021-06-05 09:12:19,2021-06-05 09:38:29,60.8,81.6,118.63649766292738,31.259493670886076,30.40506329113924
2236,2021-06-05 09:38:50,2021-06-05 10:01:50,82.0,97.6,121.84564111467238,32.0,31.0
2237,2021-06-06 23:03:53,2021-06-07 00:34:13,14.0,97.6,119.9032694527512,37.78466076696165,35.96017699115044
2238,2021-06-07 20:42:08,2021-06-07 21:03:08,61.2,77.6,121.02812999661259,39.0,37.425196850393704
2239,2021-06-08 00:45:08,2021-06-08 01:12:48,55.2,82.4,119.96275102124186,38.4311377245509,36.23952095808383
2240,2021-06-08 01:13:09,2021-06-08 01:32:19,82.8,97.6,122.8631842154655,39.13793103448276,37.0
2241,2021-06-08 14:32:21,2021-06-08 15:40:16,35.6,97.6,120.09770203405022,38.46666666666667,36.17254901960784
2242,2021-06-09 03:02:48,2021-06-09 04:11:55,34.0,97.6,119.53418452786518,36.95375722543353,34.67437379576108
2243,2021-06-09 14:04:22,2021-06-09 15:14:51,29.2,95.6,119.88027212433066,40.23728813559322,38.31073446327684
2244,2021-06-11 06:01:37,2021-06-11 07:05:32,36.0,95.6,119.62013712481361,33.4875,32.364583333333336
2245,2021-06-11 11:39:53,2021-06-11 12:13:30,50.8,83.6,119.40193667005421,37.91304347826087,35.8300395256917
2246,2021-06-11 23:22:57,2021-06-12 00:51:30,12.400001,96.4,119.35476668147209,38.31287425149701,36.07335329341317
2247,2021-06-12 14:58:55,2021-06-12 15:37:20,51.6,88.8,120.25291813769418,34.93425605536332,33.0795847750865
2248,2021-06-13 18:52:56,2021-06-13 20:20:28,9.6,93.6,120.27086990410054,34.80365296803653,32.863013698630134
2249,2021-06-14 13:00:22,2021-06-14 13:59:53,36.8,94.0,119.27897101058662,33.50335570469799,31.97986577181208
2250,2021-06-15 01:16:21,2021-06-15 01:44:51,37.2,55.6,116.55646550422706,33.2093023255814,31.930232558139537
2251,2021-06-15 01:45:12,2021-06-15 02:17:42,56.0,76.0,117.44862166666665,34.86734693877551,33.66836734693877
2252,2021-06-15 02:18:03,2021-06-15 02:46:43,76.4,92.8,121.05015811314372,35.589595375722546,34.0
2253,2021-06-15 14:56:04,2021-06-15 15:23:44,16.8,40.0,120.13292013888888,38.365269461077844,36.634730538922156
2254,2021-06-15 15:24:05,2021-06-15 15:53:55,40.4,65.6,119.28352948633159,40.69444444444444,39.016666666666666
2255,2021-06-15 15:54:16,2021-06-15 16:25:56,66.0,92.4,120.84439877946124,42.12565445026178,40.774869109947645
2256,2021-06-16 01:41:11,2021-06-16 02:04:51,10.0,29.6,120.1141068594104,38.0,35.0
2257,2021-06-16 02:05:12,2021-06-16 02:33:32,30.0,53.6,119.4597661252354,38.707602339181285,36.12865497076023
2258,2021-06-16 02:33:53,2021-06-16 03:00:23,54.0,76.0,119.85229292929293,40.73125,38.05
2259,2021-06-16 03:00:44,2021-06-16 03:29:04,76.0,97.6,122.09685950360087,41.92397660818713,39.0
2260,2021-06-16 06:00:26,2021-06-16 06:25:36,79.2,97.6,120.41290194746385,39.0,36.0
2261,2021-06-16 13:27:52,2021-06-16 13:45:22,35.2,52.4,118.33739833656335,37.801886792452834,36.41509433962264
2262,2021-06-16 13:45:43,2021-06-16 14:12:53,52.8,79.2,119.68226546717169,40.25,38.98170731707317
2263,2021-06-16 20:08:03,2021-06-16 20:39:33,50.0,76.4,118.95415214646465,39.39473684210526,36.1578947368421
2264,2021-06-16 20:39:54,2021-06-16 21:06:44,76.8,97.6,121.86567501335475,40.141975308641975,37.0
2265,2021-06-17 01:10:44,2021-06-17 01:40:44,66.4,94.8,121.20988473200316,38.966850828729285,35.86740331491713
2266,2021-06-17 14:05:15,2021-06-17 14:22:25,8.8,25.2,120.04491438008125,39.93269230769231,37.99038461538461
2267,2021-06-17 14:22:46,2021-06-17 14:48:16,25.6,50.0,119.84805037568309,40.811688311688314,39.188311688311686
2268,2021-06-17 14:48:37,2021-06-17 15:19:17,50.4,79.6,119.12388874619488,43.78378378378378,42.30810810810811
2269,2021-06-17 15:19:38,2021-06-17 15:42:28,80.0,96.4,124.03204496951214,45.0,43.20289855072464
2270,2021-06-22 17:05:44,2021-06-22 17:26:54,36.8,54.4,118.64585629734852,29.578125,28.34375
2271,2021-06-22 17:27:15,2021-06-22 18:00:35,54.8,82.4,119.31766727053139,32.16417910447761,30.82089552238806
2272,2021-06-22 18:00:56,2021-06-22 18:20:56,82.8,97.6,120.85682723348354,33.48760330578512,32.0
2273,2021-06-23 02:05:42,2021-06-23 02:34:52,31.2,56.0,117.7951576500896,32.39772727272727,30.625
2274,2021-06-23 02:35:13,2021-06-23 03:01:43,56.4,78.8,118.49580295138891,34.75625,32.84375
2275,2021-06-23 03:02:04,2021-06-23 03:22:19,79.2,95.6,119.07098661924127,35.935483870967744,33.99193548387097
2276,2021-06-23 12:08:53,2021-06-23 13:14:05,35.600002,92.8,117.96194437706879,32.56530612244898,30.39591836734694
2277,2021-06-24 12:22:25,2021-06-24 13:43:57,13.6,93.6,119.27225690798613,34.16013071895425,32.38725490196079
2278,2021-06-25 19:26:12,2021-06-25 19:59:12,9.6,37.6,118.84821517857145,35.25125628140704,33.31658291457286
2279,2021-06-25 19:59:33,2021-06-25 20:30:03,38.0,63.6,120.10796185980904,37.625,35.67391304347826
2280,2021-06-25 20:30:24,2021-06-25 21:00:24,64.0,88.8,121.91251607302871,39.74585635359116,37.613259668508285
2281,2021-06-26 20:52:44,2021-06-26 21:19:04,15.6,25.2,118.86574074074075,33.0,32.0
2282,2021-06-26 21:19:25,2021-06-26 21:48:05,25.2,36.0,115.02057613168724,33.08670520231214,32.0
2283,2021-06-26 21:48:26,2021-06-26 22:14:06,36.0,45.2,120.89371980676324,34.0,32.806451612903224
2284,2021-06-26 22:14:27,2021-06-26 22:43:47,45.2,56.0,117.69547325102883,34.932203389830505,33.66101694915254
2285,2021-06-26 22:44:08,2021-06-26 23:11:08,56.4,66.0,121.87499999999997,35.93251533742331,34.45398773006135
2286,2021-06-26 23:11:29,2021-06-26 23:37:49,66.4,76.0,118.8657407407408,36.0,35.0
2287,2021-06-27 00:01:59,2021-06-27 00:29:49,81.2,91.6,115.97222222222231,36.0,34.041666666666664
2288,2021-06-27 00:30:10,2021-06-27 00:47:20,91.6,97.6,123.9814814814815,36.0,34.0
2289,2021-06-27 18:01:43,2021-06-27 18:31:13,26.8,55.6,119.61517042824075,35.78651685393258,33.449438202247194
2290,2021-06-27 18:31:34,2021-06-27 19:03:44,56.0,88.0,117.3802158420139,39.02061855670103,36.78350515463917
2291,2021-06-28 16:32:00,2021-06-28 16:49:00,19.2,35.6,120.90193199525746,34.0,32.74757281553398
2292,2021-06-28 16:49:21,2021-06-28 17:13:51,36.0,60.4,117.14253392531877,36.439189189189186,35.28378378378378
2293,2021-06-28 17:14:12,2021-06-28 17:42:52,60.4,88.8,117.77631548317686,39.26589595375722,38.02312138728324
2294,2021-06-29 13:37:52,2021-06-29 14:10:22,27.6,61.2,119.24438210978836,37.08163265306123,35.5969387755102
2295,2021-06-29 19:57:23,2021-06-29 20:27:33,28.0,58.0,117.78197458333337,38.37362637362637,36.472527472527474
2296,2021-06-29 20:27:54,2021-06-29 20:57:04,58.4,86.8,120.42254176447575,41.41477272727273,39.35795454545455
2297,2021-06-30 10:55:47,2021-06-30 11:20:07,27.2,51.2,118.1938564236111,35.2312925170068,33.564625850340136
2298,2021-06-30 11:20:28,2021-06-30 11:50:51,51.2,81.6,116.49290751553367,38.30810810810811,36.55135135135135
2299,2021-06-30 15:41:31,2021-06-30 15:59:41,55.6,73.2,120.55793386994948,39.6,37.981818181818184
2300,2021-06-30 16:00:02,2021-06-30 16:19:22,73.6,92.4,120.08348928782505,40.72649572649573,39.0
2301,2021-07-06 17:57:58,2021-07-06 18:15:28,47.6,64.8,118.53439478359178,38.113207547169814,36.37735849056604
2302,2021-07-06 18:15:49,2021-07-06 18:32:19,65.2,81.6,117.20358960027106,39.19,37.46
2303,2021-07-06 18:32:40,2021-07-06 18:50:00,82.0,96.4,123.0131306905864,40.0,38.0
2304,2021-07-07 19:10:56,2021-07-07 19:28:36,57.2,74.0,122.27350132275139,40.626168224299064,38.71028037383178
2305,2021-07-08 17:46:29,2021-07-08 18:04:39,17.2,32.4,119.4965256761696,36.0,34.0
2306,2021-07-08 18:21:41,2021-07-08 18:44:31,46.8,66.0,118.84764865451388,38.70289855072464,36.666666666666664
2307,2021-07-08 18:44:52,2021-07-08 19:05:12,66.4,83.6,118.16133163759699,40.0,38.0
2308,2021-07-08 19:05:33,2021-07-08 19:24:03,83.6,97.6,121.76388224206353,40.0,38.0
2309,2021-07-09 18:06:13,2021-07-09 18:23:03,10.8,29.2,107.13770304951693,41.96078431372549,40.0
2310,2021-07-09 18:23:24,2021-07-09 18:42:14,29.6,47.6,122.51160100308644,42.771929824561404,41.36842105263158
2311,2021-07-09 18:42:35,2021-07-09 19:01:15,48.0,65.2,121.92346229005165,44.876106194690266,43.38053097345133
2312,2021-07-10 01:33:16,2021-07-10 01:49:46,25.6,41.6,119.83943116319449,39.23,36.41
2313,2021-07-10 01:50:07,2021-07-10 02:09:27,42.0,60.8,119.52203848995278,40.99145299145299,38.23931623931624
2314,2021-07-10 20:26:20,2021-07-10 20:57:50,26.8,46.8,119.66250520833334,37.50526315789474,36.00526315789474
2315,2021-07-11 05:05:14,2021-07-11 05:34:24,18.0,46.8,117.71800250771606,40.23295454545455,37.34090909090909
2316,2021-07-11 05:34:45,2021-07-11 06:01:35,46.8,73.2,118.1471202651515,42.51234567901235,39.55555555555556
2317,2021-07-11 06:01:56,2021-07-11 06:30:16,73.2,97.6,121.555697518215,44.0,40.77777777777778
2318,2021-07-11 18:39:52,2021-07-11 19:06:32,15.6,37.6,121.02018484848485,41.1055900621118,39.2111801242236
2319,2021-07-11 19:06:53,2021-07-11 19:31:43,38.0,58.8,119.24077130074788,42.85333333333333,40.99333333333333
2320,2021-07-11 19:32:04,2021-07-11 19:56:54,59.2,80.0,119.26347549412392,44.74666666666667,42.78
2321,2021-07-11 19:57:15,2021-07-11 20:20:55,80.0,96.8,122.1957803406085,45.0,43.0
2322,2021-07-12 22:10:32,2021-07-12 22:50:59,37.2,76.8,119.07492159090913,39.55592105263158,37.7828947368421
2323,2021-07-14 10:17:19,2021-07-14 11:43:42,9.2,92.8,120.30988240962255,38.24074074074074,36.708333333333336
2324,2021-07-14 20:25:17,2021-07-14 21:27:53,30.4,90.8,118.81168193064755,43.202127659574465,41.48085106382979
2325,2021-07-15 02:44:52,2021-07-15 03:28:15,57.6,97.6,120.6716008263889,41.0521472392638,38.50306748466258
2326,2021-07-15 08:47:02,2021-07-15 09:43:30,45.6,97.6,120.4614663568376,39.87264150943396,37.16981132075472
2327,2021-07-15 12:36:55,2021-07-15 13:27:35,62.0,95.200005,120.45481716041908,42.0,39.0
2328,2021-07-15 20:03:02,2021-07-15 20:23:12,37.2,54.0,118.83595982142856,41.959016393442624,39.35245901639344
2329,2021-07-15 20:23:33,2021-07-15 20:47:13,54.4,74.4,117.14998027777774,43.67132867132867,40.67132867132867
2330,2021-07-15 20:47:34,2021-07-15 21:13:14,74.8,95.6,120.4660640357906,44.0,41.0
2331,2021-07-16 15:14:40,2021-07-16 15:33:00,42.4,58.0,117.42698486467233,39.513513513513516,37.9009009009009
2332,2021-07-16 15:33:21,2021-07-16 15:53:31,58.4,75.2,120.0041300429894,41.30327868852459,39.60655737704918
2333,2021-07-16 15:53:52,2021-07-16 16:12:12,75.6,90.8,120.604896747076,42.0,40.027027027027025
2334,2021-07-16 23:29:55,2021-07-17 00:14:22,40.4,83.6,119.95236066743826,37.044910179640716,33.75149700598802
2335,2021-07-17 05:44:59,2021-07-17 07:01:35,24.8,97.6,119.07665968406593,37.90608695652174,35.243478260869566
2336,2021-07-17 16:38:54,2021-07-17 17:44:19,36.4,97.6,119.76019882670661,39.84317718940937,38.10794297352342
2337,2021-07-17 21:35:57,2021-07-17 21:52:27,65.6,79.6,118.2053650793651,40.0,38.0
2338,2021-07-17 21:52:48,2021-07-17 22:09:58,79.6,94.0,119.57562683256168,40.20192307692308,38.0
2339,2021-07-18 04:32:58,2021-07-18 04:59:48,33.2,56.0,118.36745894249512,37.858024691358025,35.25308641975309
2340,2021-07-18 05:00:09,2021-07-18 05:24:39,56.4,77.2,118.48157852564101,39.729729729729726,36.891891891891895
2341,2021-07-18 05:25:00,2021-07-18 05:50:50,77.6,97.6,122.4555522222222,40.0,37.0
2342,2021-07-19 08:47:44,2021-07-19 09:07:04,41.6,60.8,118.0599037905093,32.717948717948715,31.11111111111111
2343,2021-07-19 09:07:25,2021-07-19 09:27:25,61.2,80.8,119.6605797193878,34.735537190082646,33.11570247933884
2344,2021-07-19 09:27:46,2021-07-19 09:47:16,81.2,97.6,118.53321231368574,35.855932203389834,34.0
2345,2021-07-19 20:59:12,2021-07-19 22:16:14,19.2,94.0,119.49003606283422,37.66955017301038,35.87370242214533
2346,2021-07-20 13:44:51,2021-07-20 14:40:19,30.0,85.200005,117.29971164153177,34.3621103117506,33.03117505995204
2347,2021-07-21 00:06:11,2021-07-21 00:26:11,13.6,33.2,119.93198256802717,34.01652892561984,32.239669421487605
2348,2021-07-21 00:26:32,2021-07-21 00:51:42,33.6,58.4,119.38845575716846,36.25657894736842,34.5
2349,2021-07-21 00:52:03,2021-07-21 01:19:23,58.8,85.6,120.1166214759536,39.163636363636364,37.43030303030303
2350,2021-07-21 20:56:08,2021-07-21 21:13:28,58.0,74.8,120.65973867394185,33.904761904761905,32.714285714285715
2351,2021-07-21 21:13:49,2021-07-21 21:40:19,75.2,97.6,122.10381578621036,35.4375,33.9625
2352,2021-07-22 14:09:05,2021-07-22 14:26:55,22.0,33.2,121.54271180555556,38.0,35.157407407407405
2353,2021-07-22 14:27:16,2021-07-22 14:44:06,33.6,44.4,118.97638940329227,38.568627450980394,36.26470588235294
2354,2021-07-22 14:44:27,2021-07-22 15:03:57,44.4,57.2,116.28911328125002,39.58474576271186,37.54237288135593
2355,2021-07-22 15:04:18,2021-07-22 15:21:48,57.6,68.8,119.27088541666674,40.632075471698116,38.839622641509436
2356,2021-07-22 15:22:09,2021-07-22 15:41:49,69.2,82.0,117.28303732638898,41.0,39.0
2357,2021-07-22 22:01:44,2021-07-22 22:32:04,60.8,84.8,119.53878385416668,41.0,39.0
2358,2021-07-23 02:31:13,2021-07-23 02:49:53,61.2,79.6,118.27897916666672,39.9646017699115,36.9646017699115
2359,2021-07-24 00:41:32,2021-07-24 01:41:11,27.6,77.6,117.5072083538889,39.97555555555556,38.23777777777778
2360,2021-07-24 20:05:30,2021-07-24 21:09:27,16.4,79.2,118.85182716516279,41.985416666666666,39.61875
2361,2021-07-25 00:50:27,2021-07-25 02:05:53,30.4,97.6,119.98182655836642,43.81625441696113,40.99469964664311
2362,2021-07-25 05:39:54,2021-07-25 06:08:35,71.2,97.6,120.01990868055559,41.98148148148148,38.68055555555556
2363,2021-07-25 17:59:09,2021-07-25 18:27:19,32.8,57.2,115.99103910519123,43.06470588235294,41.26470588235294
2364,2021-07-25 18:27:40,2021-07-25 18:54:50,57.2,80.4,117.71434865900386,45.103658536585364,43.0
2365,2021-07-25 18:55:11,2021-07-25 19:16:11,80.8,96.0,122.42784018640349,46.0,43.71653543307087
2366,2021-07-26 02:59:17,2021-07-26 03:17:16,8.400001,23.2,120.7078919584912,41.0,37.0
2367,2021-07-26 03:17:37,2021-07-26 03:46:47,23.6,47.6,120.77432581018519,41.375,37.55113636363637
2368,2021-07-26 03:47:08,2021-07-26 04:17:58,48.0,73.2,121.57519675925927,43.483870967741936,39.844086021505376
2369,2021-07-26 04:18:19,2021-07-26 04:48:49,73.2,96.0,123.52889138645227,44.88586956521739,41.0
2370,2021-07-26 23:18:46,2021-07-26 23:36:56,7.6,25.2,120.17125418244954,41.0,38.82727272727273
2371,2021-07-26 23:37:17,2021-07-26 23:57:27,25.6,45.2,119.69531590136056,41.60655737704918,38.967213114754095
2372,2021-07-26 23:57:48,2021-07-27 00:14:38,45.6,61.6,122.3706825520834,43.490196078431374,40.568627450980394
2373,2021-07-27 00:14:59,2021-07-27 00:32:29,62.0,77.6,122.95852902421656,44.9622641509434,42.0
2374,2021-07-27 00:32:50,2021-07-27 00:52:20,77.6,93.2,124.51746919515665,45.67796610169491,42.0
2375,2021-07-27 16:05:16,2021-07-27 16:22:56,28.0,42.4,122.965877025463,41.32710280373832,40.13084112149533
2376,2021-07-27 16:23:17,2021-07-27 16:40:47,42.8,58.0,115.39018731725146,43.10377358490566,41.81132075471698
2377,2021-07-27 16:51:54,2021-07-27 17:19:54,67.2,90.8,118.88620133003771,45.0,44.0
2378,2021-07-27 23:18:49,2021-07-27 23:56:51,55.2,78.4,119.30976166187739,40.97902097902098,38.71328671328671
2379,2021-07-28 04:03:45,2021-07-28 04:24:35,29.6,43.2,116.85459834558823,39.0,36.492063492063494
2380,2021-07-28 04:24:56,2021-07-28 04:44:16,43.2,55.6,117.17408187724017,39.965811965811966,37.58974358974359
2381,2021-07-28 04:44:37,2021-07-28 05:03:27,56.0,67.6,118.97989798850581,41.0,38.666666666666664
2382,2021-07-28 05:03:48,2021-07-28 05:23:08,68.0,79.6,118.62071671455945,41.136752136752136,39.0
2383,2021-07-28 05:23:29,2021-07-28 05:40:39,79.6,89.6,119.19862694444447,41.85576923076923,39.0
2384,2021-07-28 13:41:11,2021-07-28 13:57:51,62.4,77.6,119.98630875365501,45.0,43.118811881188115
2385,2021-07-29 02:32:20,2021-07-29 03:01:20,49.2,73.2,117.62616394675926,37.668571428571425,34.645714285714284
2386,2021-07-29 03:01:41,2021-07-29 03:28:51,73.2,94.0,120.41534274839746,38.457317073170735,35.24390243902439
2387,2021-07-29 12:36:34,2021-07-29 13:04:52,52.0,79.2,121.74511383272058,37.16901408450704,35.586854460093896
2388,2021-07-29 22:09:49,2021-07-29 23:39:06,9.2,94.8,120.02512041796469,37.85970149253731,35.6089552238806
2389,2021-07-30 11:59:34,2021-07-30 12:30:54,40.4,71.2,119.44624134199134,38.03174603174603,36.5026455026455
2390,2021-07-30 12:31:15,2021-07-30 12:54:15,71.6,94.0,119.49342894345234,40.0,38.56115107913669
2391,2021-07-30 17:46:18,2021-07-30 18:36:46,51.2,97.6,120.17015593271074,40.401055408970976,38.43271767810026
2392,2021-07-31 04:25:59,2021-07-31 04:49:39,14.4,34.0,120.13465759637185,37.0,34.30769230769231
2393,2021-07-31 04:50:00,2021-07-31 05:17:20,34.4,57.2,119.2763360136452,38.43636363636364,36.07272727272727
2394,2021-07-31 05:17:41,2021-07-31 05:45:31,57.6,80.8,119.34808045977017,40.654761904761905,37.92261904761905
2395,2021-07-31 05:45:52,2021-07-31 06:07:52,81.2,97.6,123.24274212398376,41.0,38.88721804511278
2396,2021-07-31 18:05:14,2021-07-31 18:24:34,21.2,40.0,120.1492488179669,39.85470085470085,38.82051282051282
2397,2021-07-31 18:24:55,2021-07-31 18:42:55,40.4,58.4,116.87887469135805,42.10091743119266,40.972477064220186
2398,2021-07-31 18:43:16,2021-07-31 19:02:46,58.4,77.6,116.33825925925927,44.26271186440678,42.86440677966102
2399,2021-07-31 19:03:07,2021-07-31 19:21:17,78.0,92.8,122.43711186186191,45.0,43.872727272727275
2400,2021-08-01 04:44:54,2021-08-01 05:05:44,44.8,56.4,120.03116020114942,37.0,34.07142857142857
2401,2021-08-01 05:06:05,2021-08-01 05:22:45,56.8,66.4,116.03012152777768,37.86138613861386,35.0
2402,2021-08-01 05:23:06,2021-08-01 05:42:56,66.4,77.6,118.35072395833343,38.0,35.0
2403,2021-08-01 05:43:17,2021-08-01 06:01:47,77.6,88.0,118.88624759615377,38.0,35.0
2404,2021-08-01 06:02:08,2021-08-01 06:19:28,88.4,97.6,125.91790579710162,38.0,35.0
2405,2021-08-01 20:46:13,2021-08-01 21:02:43,51.6,67.6,120.32291753472227,36.92,35.37
2406,2021-08-01 21:03:04,2021-08-01 21:20:24,68.0,84.8,120.30918700396829,38.0,36.43809523809524
2407,2021-08-02 08:41:19,2021-08-02 09:01:29,35.2,41.6,121.40620312499999,31.024590163934427,29.778688524590162
2408,2021-08-02 09:01:50,2021-08-02 09:21:00,41.6,47.6,119.90736111111107,32.0,30.25862068965517
2409,2021-08-02 09:21:21,2021-08-02 09:40:01,47.6,53.2,111.77079017857136,32.442477876106196,31.0
2410,2021-08-02 09:40:22,2021-08-02 09:59:12,53.2,58.8,109.61801309523818,33.0,31.75438596491228
2411,2021-08-02 09:59:33,2021-08-02 10:17:53,59.2,64.4,120.36854326923066,33.8018018018018,32.0
2412,2021-08-02 10:18:14,2021-08-02 10:36:14,64.4,69.6,116.21790384615407,34.0,32.92660550458716
2413,2021-08-02 10:36:35,2021-08-02 10:53:45,70.0,74.8,124.40967476851856,34.0,33.0
2414,2021-08-02 10:54:06,2021-08-02 11:11:46,74.8,80.0,114.8343573717948,34.0,33.0
2415,2021-08-02 17:10:16,2021-08-02 17:29:37,47.2,59.6,116.87737855062727,39.0,37.20168067226891
2416,2021-08-02 17:31:46,2021-08-02 17:48:26,61.2,71.2,121.14030236111111,40.0,38.28712871287129
2417,2021-08-02 17:48:47,2021-08-02 18:13:30,71.6,86.0,121.14990028935185,40.93333333333333,39.0
2418,2021-08-03 13:00:30,2021-08-03 13:18:30,6.8,16.8,120.60002999999999,37.4954128440367,36.0
2419,2021-08-03 13:18:51,2021-08-03 13:37:41,17.2,27.6,121.33015838675212,37.0,36.0
2420,2021-08-03 13:38:02,2021-08-03 13:56:52,28.0,38.8,116.83644881687248,37.89473684210526,36.40350877192982
2421,2021-08-03 14:11:21,2021-08-03 14:31:51,46.8,58.4,118.40520186781609,39.67741935483871,38.395161290322584
2422,2021-08-03 14:32:12,2021-08-03 14:52:12,58.4,69.2,124.07410493827157,40.84297520661157,39.47107438016529
2423,2021-08-03 17:58:26,2021-08-03 18:38:13,44.4,83.2,119.53515509020617,40.07692307692308,37.76923076923077
2424,2021-08-04 08:57:01,2021-08-04 09:18:10,26.4,44.4,117.7107392592593,29.5078125,28.078125
2425,2021-08-04 09:18:31,2021-08-04 09:40:31,44.4,63.6,114.82205823206016,31.902255639097746,30.37593984962406
2426,2021-08-04 09:52:29,2021-08-04 10:12:49,74.0,90.8,121.23678654100533,34.0,32.51219512195122
2427,2021-08-05 10:49:39,2021-08-05 11:09:39,45.6,58.0,119.76926982526884,32.21487603305785,30.25619834710744
2428,2021-08-05 11:10:00,2021-08-05 11:36:30,58.4,74.4,118.78646831597221,33.575,31.75
2429,2021-08-05 11:36:51,2021-08-05 12:08:31,74.4,92.8,118.52432427536239,34.225130890052355,32.769633507853406
2430,2021-08-05 23:42:27,2021-08-06 01:01:44,4.0,81.6,120.24108528422109,38.54621848739496,36.61008403361345
2431,2021-08-06 10:54:14,2021-08-06 11:16:24,58.0,79.2,120.09760488731655,35.54477611940298,33.6044776119403
2432,2021-08-06 11:16:45,2021-08-06 11:37:15,79.6,96.8,120.45541448643408,36.62096774193548,34.66129032258065
2433,2021-08-06 20:55:06,2021-08-06 21:14:16,30.4,49.2,119.74807483747043,35.26724137931034,33.12068965517241
2434,2021-08-06 21:14:37,2021-08-06 21:35:57,49.6,71.2,116.04938271604937,37.713178294573645,35.457364341085274
2435,2021-08-06 21:36:18,2021-08-06 21:56:08,71.6,91.2,118.88888789682535,39.0,36.9
2436,2021-08-07 09:08:52,2021-08-07 09:27:32,24.0,39.6,121.83940322293448,32.27433628318584,30.761061946902654
2437,2021-08-07 09:27:53,2021-08-07 09:45:13,40.0,54.8,117.11806709834838,34.03809523809524,32.6
2438,2021-08-07 09:45:34,2021-08-07 10:04:44,55.2,71.2,116.05730234375,35.810344827586206,34.474137931034484
2439,2021-08-07 10:05:05,2021-08-07 10:23:25,71.6,86.0,119.11845090663577,37.0,35.0
2440,2021-08-07 15:00:17,2021-08-07 15:24:17,52.0,75.2,120.83154771312259,40.6,39.282758620689656
2441,2021-08-07 15:24:38,2021-08-07 15:49:58,75.6,97.6,120.45139659090908,41.92156862745098,40.01960784313726
2442,2021-08-08 01:50:52,2021-08-08 02:08:02,13.2,30.0,119.05092336309518,34.0,31.653846153846153
2443,2021-08-08 02:08:23,2021-08-08 02:35:23,30.4,56.8,119.11563168139732,35.95705521472393,33.38036809815951
2444,2021-08-08 02:35:44,2021-08-08 03:05:37,57.2,86.8,117.54899350600607,38.78453038674033,36.0828729281768
2445,2021-08-08 14:11:23,2021-08-08 15:19:12,34.4,97.6,120.03729720903658,37.5049115913556,35.72888015717092
2446,2021-08-09 01:40:55,2021-08-09 02:00:05,39.6,58.4,118.91252822104022,37.21551724137931,35.189655172413794
2447,2021-08-09 02:00:26,2021-08-09 02:19:36,58.8,78.0,116.45037637442131,39.37931034482759,37.39655172413793
2448,2021-08-09 06:55:13,2021-08-09 07:17:48,74.8,95.2,121.9771520288671,38.46715328467153,35.1021897810219
2449,2021-08-09 19:09:38,2021-08-09 19:36:48,17.2,43.6,119.713837962963,33.61585365853659,31.463414634146343
2450,2021-08-09 19:37:09,2021-08-09 20:05:39,44.0,72.0,118.40181875000002,36.80813953488372,34.58720930232558
2451,2021-08-09 20:06:00,2021-08-09 20:29:10,72.4,94.0,121.20373360339514,38.785714285714285,36.56428571428572
2452,2021-08-10 20:31:00,2021-08-10 21:00:40,38.0,68.0,116.33751430555557,33.262569832402235,31.636871508379887
2453,2021-08-10 21:01:01,2021-08-10 21:31:21,68.0,96.0,118.6210490079365,35.84153005464481,34.46448087431694
2454,2021-08-11 21:20:42,2021-08-11 21:52:32,20.8,52.0,119.39727706552712,37.588541666666664,35.458333333333336
2455,2021-08-11 21:52:53,2021-08-11 22:23:53,52.4,83.2,117.80936516955268,40.967914438502675,38.88770053475936
2456,2021-08-12 15:41:12,2021-08-12 15:58:22,78.8,89.2,123.79807692307685,38.46153846153846,37.0
2457,2021-08-13 13:09:08,2021-08-13 13:43:48,53.600002,87.200005,120.45072123621208,34.50574712643678,33.06896551724138
2458,2021-08-13 19:09:11,2021-08-13 19:26:16,31.6,46.0,119.8075910011574,35.625,33.875
2459,2021-08-13 19:26:37,2021-08-13 19:53:47,46.4,69.2,116.78424634502922,37.46951219512195,35.75
2460,2021-08-13 20:03:56,2021-08-13 20:34:06,75.2,97.2,121.28473781565658,38.967032967032964,37.0
2461,2021-08-17 10:29:39,2021-08-17 10:50:25,27.6,48.0,118.14830127995644,35.166666666666664,33.82539682539682
2462,2021-08-17 11:05:17,2021-08-17 11:22:07,62.4,78.8,119.11248272357729,38.86274509803921,37.411764705882355
2463,2021-08-17 21:50:25,2021-08-17 22:17:55,59.6,86.8,117.8947045036765,37.433734939759034,35.475903614457835
2464,2021-08-18 14:25:24,2021-08-18 15:44:36,19.2,85.200005,117.64865666634753,38.38991596638655,36.90588235294118
2465,2021-08-19 10:02:00,2021-08-19 10:28:30,28.4,50.8,117.98488777281749,33.5,32.45
2466,2021-08-19 10:33:31,2021-08-19 11:05:41,55.2,82.8,116.37729956723028,36.72164948453608,35.597938144329895
2467,2021-08-19 11:06:02,2021-08-19 11:25:22,83.2,97.6,122.43152883873465,38.0,36.77777777777778
2468,2021-08-20 00:31:50,2021-08-20 00:50:00,26.0,38.8,119.08421864149308,33.336363636363636,31.51818181818182
2469,2021-08-20 00:50:21,2021-08-20 01:10:21,39.2,53.2,116.58136031746034,34.6198347107438,32.95867768595041
2470,2021-08-20 01:10:42,2021-08-20 01:31:22,53.2,67.6,115.30190557484575,36.312,34.48
2471,2021-08-20 01:31:43,2021-08-20 01:50:14,68.0,80.8,117.34137751736114,37.0,35.0
2472,2021-08-20 01:50:35,2021-08-20 02:12:35,81.2,95.6,122.9726250964507,37.225563909774436,35.17293233082707
2473,2021-08-20 10:51:11,2021-08-20 11:24:34,48.4,81.2,118.62576786077234,36.091633466135455,34.58565737051793
2474,2021-08-20 11:26:06,2021-08-20 11:41:26,81.6,95.6,117.81191761904763,37.68376068376068,36.162393162393165
2475,2021-08-20 23:48:35,2021-08-21 00:06:15,51.6,69.2,116.5782997159091,40.90654205607477,38.850467289719624
2476,2021-08-21 04:31:10,2021-08-21 05:06:41,65.6,97.6,119.73017550347222,39.47191011235955,36.80149812734082
2477,2021-08-21 17:41:40,2021-08-21 17:58:50,14.0,28.8,118.95834600225224,41.0,39.0
2478,2021-08-21 17:59:11,2021-08-21 18:17:31,29.2,44.8,118.8345860042735,41.468468468468465,39.54054054054054
2479,2021-08-21 18:17:52,2021-08-21 18:37:12,45.2,61.2,119.78213003472224,43.07692307692308,41.333333333333336
2480,2021-08-21 18:37:33,2021-08-21 18:57:23,61.6,77.6,118.47484262152781,44.0,42.75
2481,2021-08-21 18:57:44,2021-08-21 19:16:34,78.0,92.0,121.96529047619049,44.78947368421053,43.0
2482,2021-08-22 14:04:18,2021-08-22 14:21:18,36.4,50.8,116.8219483989198,38.50485436893204,37.28155339805825
2483,2021-08-22 14:38:10,2021-08-22 14:55:10,65.2,79.6,116.7795228587964,41.0,39.9126213592233
2484,2021-08-22 20:14:34,2021-08-22 20:31:54,42.0,56.8,116.18900628753757,41.40952380952381,39.4
2485,2021-08-23 03:41:05,2021-08-23 03:57:35,26.0,42.4,118.1461650575881,41.2,37.57
2486,2021-08-23 04:17:15,2021-08-23 04:34:45,62.4,78.8,119.44782723577238,44.66981132075472,41.0
2487,2021-08-23 04:35:06,2021-08-23 04:52:16,79.2,93.6,118.30826118827171,45.0,41.73076923076923
2488,2021-08-23 13:31:18,2021-08-23 13:48:38,52.8,70.0,117.73095292312658,41.49523809523809,39.93333333333333
2489,2021-08-23 13:48:59,2021-08-23 14:10:09,70.4,91.2,118.84482678952995,42.75,41.1328125
2490,2021-08-23 19:08:09,2021-08-23 19:37:09,46.4,75.2,117.31626017554014,42.34285714285714,39.95428571428572
2491,2021-08-23 19:37:30,2021-08-23 20:02:40,75.6,97.6,120.35291546717175,43.848684210526315,41.0
2492,2021-08-24 01:19:42,2021-08-24 01:55:12,43.2,78.4,118.05723654513889,40.46816479400749,37.89887640449438
2493,2021-08-24 10:25:34,2021-08-24 11:19:37,33.2,87.2,116.37753825102881,37.94827586206897,36.275862068965516
2494,2021-08-24 20:07:35,2021-08-24 20:25:55,37.2,55.2,118.91204336419756,40.648648648648646,38.78378378378378
2495,2021-08-25 03:17:37,2021-08-25 03:34:27,17.6,32.0,116.99943219521607,39.0,36.07843137254902
2496,2021-08-25 03:34:48,2021-08-25 03:52:28,32.4,47.6,116.36148565423976,40.23364485981308,37.28971962616822
2497,2021-08-25 03:52:49,2021-08-25 04:09:59,48.0,62.4,119.31038599537038,41.55769230769231,38.60576923076923
2498,2021-08-25 04:10:20,2021-08-25 04:31:30,62.4,80.0,120.39536868686874,42.921875,39.921875
2499,2021-08-25 04:31:51,2021-08-25 04:51:11,80.4,96.0,120.11842120726503,43.0,40.0
2500,2021-08-25 10:53:12,2021-08-25 11:36:59,57.6,97.6,120.02824052083336,40.224924012158056,37.97872340425532
2501,2021-08-26 14:34:25,2021-08-26 14:51:25,54.8,71.6,117.32061268187837,41.10679611650485,39.33009708737864
2502,2021-08-26 19:24:17,2021-08-26 19:41:07,49.6,66.4,117.10980505952382,42.754901960784316,41.1078431372549
2503,2021-08-26 19:41:28,2021-08-26 19:58:18,66.8,83.6,117.09079034391543,44.0,42.07843137254902
2504,2021-08-27 06:37:52,2021-08-27 07:04:36,40.0,63.2,115.60921460727968,34.061349693251536,31.975460122699385
2505,2021-08-27 07:04:57,2021-08-27 07:23:57,63.6,79.6,119.1779743923612,35.982608695652175,33.82608695652174
2506,2021-08-27 15:09:17,2021-08-27 16:22:34,20.8,93.2,117.9577978974831,39.06727272727273,37.345454545454544
2507,2021-08-28 12:52:36,2021-08-28 13:10:26,27.6,39.2,116.96960189176244,34.30555555555556,32.629629629629626
2508,2021-08-28 13:10:47,2021-08-28 13:30:47,39.2,52.4,113.5806114267677,35.93388429752066,34.35537190082645
2509,2021-08-28 13:31:08,2021-08-28 13:48:58,52.4,64.0,112.72151113505748,37.56481481481482,35.94444444444444
2510,2021-08-28 20:16:50,2021-08-28 20:45:00,30.4,54.4,117.49480364583333,36.523529411764706,34.805882352941175
2511,2021-08-28 20:45:21,2021-08-28 21:15:21,54.8,80.4,117.35949782986106,39.03867403314917,37.011049723756905
2512,2021-08-28 21:15:42,2021-08-28 21:37:32,80.8,97.6,121.61211830357144,40.0,38.0
2513,2021-08-29 17:17:28,2021-08-29 18:20:13,22.0,84.4,117.64932284766736,39.13588110403397,37.36942675159236
2514,2021-08-30 00:28:25,2021-08-30 01:17:53,32.4,81.6,117.15130329719965,38.424731182795696,35.5
2515,2021-08-30 13:07:36,2021-08-30 13:25:36,72.8,88.0,118.65589327485382,37.0,35.53211009174312
2516,2021-08-31 01:35:55,2021-08-31 01:57:35,12.4,31.2,116.18794119385345,37.0,35.0
2517,2021-08-31 01:57:56,2021-08-31 02:18:46,31.2,49.2,116.65663094135799,37.74603174603175,35.88095238095238
2518,2021-08-31 02:19:07,2021-08-31 02:40:57,49.6,67.6,122.24845092592598,39.67424242424242,37.75
2519,2021-08-31 02:41:18,2021-08-31 03:02:48,68.0,85.6,123.15498516414145,41.0,39.0
2520,2021-09-01 08:38:02,2021-09-01 08:57:12,13.6,32.4,117.12247761524823,32.01724137931034,30.413793103448278
2521,2021-09-01 08:57:33,2021-09-01 09:18:43,32.8,53.6,116.92907779113241,33.8359375,32.359375
2522,2021-09-01 09:19:04,2021-09-01 09:40:34,54.0,74.4,121.07842075163396,36.44615384615385,34.90769230769231
2523,2021-09-01 09:40:55,2021-09-01 09:59:45,74.8,92.4,122.99083917297975,37.98245614035088,36.14035087719298
2524,2021-09-01 19:01:50,2021-09-01 19:20:40,38.4,54.8,115.06945680894309,35.37719298245614,33.54385964912281
2525,2021-09-01 19:21:01,2021-09-01 19:40:21,55.2,71.2,116.98612664930555,36.81196581196581,35.30769230769231
2526,2021-09-01 19:40:42,2021-09-01 19:57:12,71.2,84.4,116.97076010101009,37.65,36.0
2527,2021-09-02 08:02:07,2021-09-02 09:35:03,22.4,97.6,118.11585357565015,34.93266475644699,33.48137535816619
2528,2021-09-03 04:02:50,2021-09-03 04:23:20,20.0,40.4,117.33933469498912,36.354838709677416,34.61290322580645
2529,2021-09-03 04:23:41,2021-09-03 04:43:51,40.8,60.4,120.13748143424037,38.5,36.90983606557377
2530,2021-09-03 04:44:12,2021-09-03 05:03:42,60.8,80.0,118.56482233796297,40.66101694915254,38.847457627118644
2531,2021-09-03 05:04:03,2021-09-03 05:22:03,80.4,96.0,124.32336805555558,41.6605504587156,39.71559633027523
2532,2021-09-03 16:52:31,2021-09-03 18:01:46,32.0,97.6,118.34494093834691,40.58429118773947,38.92528735632184
2533,2021-09-04 06:31:42,2021-09-04 06:48:12,75.6,85.2,119.9320227141203,34.91,33.0
2534,2021-09-04 06:48:33,2021-09-04 07:07:23,85.6,96.0,123.30396741452985,35.0,33.0
2535,2021-09-04 14:11:17,2021-09-04 14:30:17,32.8,52.0,115.80297005208335,39.11304347826087,37.81739130434783
2536,2021-09-04 14:30:38,2021-09-04 14:48:58,52.4,70.8,116.58214281400974,41.630630630630634,40.270270270270274
2537,2021-09-05 00:28:04,2021-09-05 00:48:44,24.0,41.6,117.03444460227273,35.352,33.376
2538,2021-09-05 00:49:05,2021-09-05 01:10:25,42.0,60.0,118.14586612654323,37.17054263565891,35.21705426356589
2539,2021-09-05 01:10:46,2021-09-05 01:28:26,60.4,75.2,119.00809938063064,38.850467289719624,36.8411214953271
2540,2021-09-05 01:28:47,2021-09-05 01:50:57,75.6,94.0,120.16531936896133,39.42537313432836,37.17910447761194
2541,2021-09-05 13:53:55,2021-09-05 15:35:30,5.6,97.6,120.01276100241547,43.55905511811024,42.11417322834646
2542,2021-09-05 21:59:44,2021-09-05 22:19:44,72.0,90.4,117.76419187801925,42.56198347107438,39.31404958677686
2543,2021-09-06 17:42:35,2021-09-06 18:00:35,20.4,26.8,120.62722018229157,34.65137614678899,33.0
2544,2021-09-06 18:32:27,2021-09-06 19:01:37,37.6,48.0,120.5930422008547,35.51136363636363,34.0
2545,2021-09-06 19:01:58,2021-09-06 19:30:48,48.4,59.2,114.79947170781885,36.304597701149426,34.867816091954026
2546,2021-09-06 19:31:09,2021-09-06 19:50:59,59.2,66.4,118.44916589506165,37.0,35.0
2547,2021-09-06 20:05:46,2021-09-06 20:32:56,72.0,81.6,121.68412210648154,37.0,35.0
2548,2021-09-07 01:43:38,2021-09-07 02:12:52,48.8,77.6,118.52715776427472,36.163636363636364,33.63636363636363
2549,2021-09-07 13:53:31,2021-09-07 14:13:51,12.0,32.0,118.42985881944443,38.203252032520325,36.91056910569106
2550,2021-09-07 14:22:39,2021-09-07 14:41:39,40.4,59.6,115.22424985532409,40.82608695652174,39.243478260869566
2551,2021-09-07 14:42:00,2021-09-07 15:02:00,59.6,79.6,116.40556750000009,42.8099173553719,40.98347107438016
2552,2021-09-07 15:02:21,2021-09-07 15:20:36,79.6,96.0,118.8591007791328,43.77477477477478,42.0
2553,2021-09-07 21:35:35,2021-09-07 21:53:15,52.4,68.0,114.75609170227924,40.89719626168224,38.467289719626166
2554,2021-09-07 21:53:36,2021-09-07 22:12:36,68.0,84.4,117.41703844850949,42.0,39.23478260869565
2555,2021-09-09 11:01:26,2021-09-09 11:22:06,17.2,34.8,117.12438036616162,38.0,36.016
2556,2021-09-09 11:22:27,2021-09-09 11:41:07,35.2,50.8,119.36343456196585,39.11504424778761,37.35398230088496
2557,2021-09-09 11:41:28,2021-09-09 12:02:58,51.2,69.6,116.51647320350249,40.66153846153846,38.761538461538464
2558,2021-09-09 12:03:19,2021-09-09 12:23:49,69.6,86.8,118.85579869186043,41.53225806451613,39.87903225806452
2559,2021-09-10 11:40:03,2021-09-10 11:57:23,48.4,63.2,115.60247944819817,36.10476190476191,34.50476190476191
2560,2021-09-10 11:57:44,2021-09-10 12:14:14,63.2,77.2,116.93254543650792,37.22,35.96
2561,2021-09-11 04:56:52,2021-09-11 05:15:32,44.8,60.4,116.1066704059829,33.63716814159292,32.7787610619469
2562,2021-09-11 05:15:53,2021-09-11 05:35:43,60.8,76.8,116.10504704861113,35.44166666666667,34.50833333333333
2563,2021-09-11 05:36:04,2021-09-11 05:53:34,76.8,90.4,116.53290451388885,36.0,35.0
2564,2021-09-11 13:18:53,2021-09-11 13:36:23,75.6,92.4,121.37153331679886,40.735849056603776,39.14150943396226
2565,2021-09-11 19:17:44,2021-09-11 19:53:18,20.8,54.4,117.8173804935516,45.03731343283582,43.17164179104478
2566,2021-09-11 19:53:37,2021-09-11 20:16:35,54.8,76.0,117.23618187237945,47.716763005780344,45.96531791907515
2567,2021-09-12 02:26:00,2021-09-12 03:55:09,17.6,97.6,118.90819452083335,44.43946188340807,41.52316890881913
2568,2021-09-12 16:36:22,2021-09-12 16:54:11,47.6,65.2,114.88312735953284,44.19444444444444,42.71296296296296
2569,2021-09-12 16:54:32,2021-09-12 17:17:37,65.6,86.8,117.7990684289832,45.621428571428574,44.0
2570,2021-09-12 23:57:10,2021-09-13 00:26:30,58.4,87.2,118.62847241512344,43.47457627118644,40.43502824858757
2571,2021-09-13 12:57:06,2021-09-13 13:15:26,17.2,35.2,119.14893719135802,39.32432432432432,38.0
2572,2021-09-13 13:15:47,2021-09-13 13:33:57,35.6,53.6,118.05634081790129,41.0,39.21818181818182
2573,2021-09-13 13:34:18,2021-09-13 13:53:38,54.0,73.6,115.37629010770982,43.0,40.85470085470085
2574,2021-09-13 21:06:13,2021-09-13 21:41:26,51.6,86.0,118.10963309916028,43.59345794392523,41.58878504672897
2575,2021-09-14 11:35:25,2021-09-14 11:51:55,44.8,61.2,117.06303014905146,36.64,35.06
2576,2021-09-14 11:52:16,2021-09-14 12:09:16,61.6,78.4,117.72902620701056,38.46601941747573,36.84466019417476
2577,2021-09-14 12:09:37,2021-09-14 12:27:07,78.4,95.2,116.98166459986778,39.41509433962264,37.990566037735846
2578,2021-09-14 18:48:11,2021-09-14 19:07:11,66.0,84.8,118.90072347813239,37.78260869565217,35.11304347826087
2579,2021-09-15 13:22:49,2021-09-15 14:51:36,12.8,97.6,118.47760019981656,41.86336336336336,40.351351351351354
2580,2021-09-15 20:27:09,2021-09-15 21:06:08,62.0,97.6,120.40162675561801,41.3617747440273,38.63139931740614
2581,2021-09-16 06:37:03,2021-09-16 06:57:53,33.6,52.8,115.24885532407411,35.17460317460318,33.20634920634921
2582,2021-09-16 07:42:35,2021-09-16 08:02:45,84.4,94.8,79.01178050213684,36.450819672131146,34.0
2583,2021-09-16 15:47:40,2021-09-16 16:05:40,32.0,47.6,116.06571233974358,40.48623853211009,38.22018348623853
2584,2021-09-16 16:06:01,2021-09-16 16:32:21,48.0,70.8,116.17447246588696,42.18238993710692,39.679245283018865
2585,2021-09-16 16:32:42,2021-09-16 17:00:12,70.8,94.0,119.27561925287355,43.0,40.855421686746986
2586,2021-09-17 02:39:34,2021-09-17 02:59:14,32.4,46.4,115.2926728174603,35.18487394957983,32.67226890756302
2587,2021-09-17 02:59:35,2021-09-17 03:16:35,46.4,58.8,112.97940770609318,36.310679611650485,33.83495145631068
2588,2021-09-17 03:16:56,2021-09-17 03:36:26,58.8,72.8,115.70636458333333,37.0,34.932203389830505
2589,2021-09-17 03:36:47,2021-09-17 03:54:27,73.2,85.6,119.0815574596775,37.89719626168224,35.0
2590,2021-09-17 03:54:48,2021-09-17 04:13:08,85.6,97.6,120.52316377314813,38.0,35.0
2591,2021-09-17 13:06:01,2021-09-17 13:23:01,59.6,76.8,115.98674305555554,40.970873786407765,39.077669902912625
2592,2021-09-17 21:19:24,2021-09-17 21:35:54,61.2,77.6,117.43649178523039,40.5,38.53
2593,2021-09-18 18:37:57,2021-09-18 18:55:47,32.0,49.6,118.26784004103533,38.583333333333336,36.898148148148145
2594,2021-09-18 18:56:08,2021-09-18 19:14:48,50.0,68.8,115.88135763888889,40.69911504424779,39.08849557522124
2595,2021-09-19 13:59:26,2021-09-19 14:19:26,38.0,58.0,116.56943583333337,40.099173553719005,38.421487603305785
2596,2021-09-19 14:19:47,2021-09-19 14:39:27,58.4,78.0,116.92884311224488,42.48739495798319,40.73109243697479
2597,2021-09-19 19:25:30,2021-09-19 19:44:30,64.4,76.0,117.95020845306519,42.0,40.0
2598,2021-09-20 05:00:00,2021-09-20 05:18:50,35.6,54.4,116.83436369680852,37.166666666666664,34.53508771929825
2599,2021-09-20 05:19:11,2021-09-20 05:37:11,54.8,72.8,116.63657106481482,39.43119266055046,36.678899082568805
2600,2021-09-20 05:37:32,2021-09-20 05:57:52,73.2,93.2,118.61666722222223,40.50406504065041,37.9349593495935
2601,2021-09-20 13:20:22,2021-09-20 14:02:14,52.8,93.6,118.59531816993464,38.165079365079364,36.27619047619048
2602,2021-09-20 20:57:17,2021-09-20 22:09:53,28.4,97.6,117.92488566554273,40.48351648351648,38.67399267399267
2603,2021-09-22 15:03:27,2021-09-22 16:00:26,30.0,86.4,117.27134268617023,40.35981308411215,37.782710280373834
2604,2021-09-22 22:39:15,2021-09-22 23:43:19,36.4,97.6,118.5595995415759,40.392931392931395,38.23908523908524
2605,2021-09-23 16:07:42,2021-09-23 17:30:59,18.8,97.6,117.97652283206432,38.992,36.9504
2606,2021-09-24 12:24:32,2021-09-24 13:06:19,46.8,87.6,119.28684153730937,38.86942675159236,37.30573248407644
2607,2021-09-24 19:20:21,2021-09-24 19:46:11,41.6,63.6,116.49054280303031,37.21153846153846,35.083333333333336
2608,2021-09-24 19:46:32,2021-09-24 20:16:22,63.6,87.6,117.09896892361114,38.983333333333334,36.87222222222222
2609,2021-09-25 03:50:11,2021-09-25 04:09:01,28.4,47.2,116.86317863475173,37.03508771929825,34.45614035087719
2610,2021-09-25 04:09:22,2021-09-25 04:27:02,47.6,65.2,117.08569846906565,39.0,36.467289719626166
2611,2021-09-25 10:56:14,2021-09-25 11:13:54,67.2,81.2,119.41072738095235,37.0,35.0
2612,2021-09-25 20:55:06,2021-09-25 22:17:11,10.4,90.4,118.39273457986113,42.313311688311686,40.29545454545455
2613,2021-09-26 14:11:29,2021-09-26 15:10:20,36.0,94.4,116.25460659722222,39.10859728506787,38.14253393665158
2614,2021-09-27 11:10:17,2021-09-27 11:27:47,46.0,63.6,115.91145888573236,35.820754716981135,34.45283018867924
2615,2021-09-27 11:28:08,2021-09-27 11:44:58,64.0,80.8,116.75099289021172,37.666666666666664,36.3921568627451
2616,2021-09-27 20:57:17,2021-09-27 21:53:05,53.600002,97.200005,119.28835811981227,39.48095238095238,38.21190476190476
2617,2021-09-28 16:42:48,2021-09-28 17:30:04,34.0,81.2,116.88462654190207,38.864788732394366,36.80281690140845
2618,2021-09-28 21:24:26,2021-09-28 21:49:16,56.4,77.2,120.52685964209402,39.60666666666667,37.7
2619,2021-09-28 21:49:37,2021-09-28 22:14:37,77.6,97.6,119.10418013888892,40.43046357615894,38.609271523178805
2620,2021-09-29 15:13:55,2021-09-29 15:32:25,34.4,52.8,117.13616289251208,40.544642857142854,38.205357142857146
2621,2021-09-29 15:32:46,2021-09-29 15:52:56,53.2,73.2,117.45277416666669,42.622950819672134,39.99180327868852
2622,2021-09-29 15:53:17,2021-09-29 16:12:17,73.6,92.4,117.71350805260043,43.45217391304348,41.0
2623,2021-09-30 12:21:33,2021-09-30 12:39:53,68.8,86.8,118.90355933641976,37.27927927927928,35.711711711711715
2624,2021-09-30 23:03:59,2021-09-30 23:20:29,24.4,38.8,116.73033728780867,38.0,36.17
2625,2021-09-30 23:20:50,2021-09-30 23:38:40,38.8,54.4,114.36610790598291,39.333333333333336,37.51851851851852
2626,2021-09-30 23:58:00,2021-10-01 00:19:40,68.8,86.0,117.88033769379842,41.93893129770992,39.0
2627,2021-10-02 06:06:51,2021-10-02 06:23:31,25.2,41.6,118.60179937330619,35.118811881188115,33.84158415841584
2628,2021-10-02 06:23:52,2021-10-02 06:40:32,42.0,58.8,115.70271461640216,37.257425742574256,36.04950495049505
2629,2021-10-03 04:59:51,2021-10-03 05:17:51,52.4,70.8,115.05586850845413,38.403669724770644,36.69724770642202
2630,2021-10-03 05:18:12,2021-10-03 05:35:22,71.2,88.4,117.37565633074935,39.70192307692308,38.0
2631,2021-10-03 23:32:21,2021-10-04 01:00:28,13.6,97.6,118.31695111441798,39.13313161875946,37.38426626323752
2632,2021-10-04 05:08:50,2021-10-04 06:00:06,50.4,97.6,119.41385088276837,38.70649350649351,36.14545454545455
2633,2021-10-05 08:54:56,2021-10-05 09:19:16,53.6,73.6,118.02779201388891,35.7687074829932,33.55102040816327
2634,2021-10-05 09:19:37,2021-10-05 09:46:37,73.6,94.8,117.19209781184486,36.83435582822086,34.1840490797546
2635,2021-10-05 20:06:37,2021-10-05 20:36:47,24.8,50.4,118.62034559461804,39.15384615384615,37.66483516483517
2636,2021-10-05 20:37:08,2021-10-05 21:05:28,50.8,74.4,116.18880473163837,41.58479532163743,39.71345029239766
2637,2021-10-05 21:05:49,2021-10-05 21:36:19,74.8,97.2,121.62017621527774,42.608695652173914,40.52717391304348
2638,2021-10-06 04:12:29,2021-10-06 04:31:49,23.2,39.2,121.17274826388886,38.085470085470085,35.14529914529915
2639,2021-10-06 04:43:47,2021-10-06 05:08:27,49.6,70.8,116.61950687893085,40.65771812080537,37.85906040268456
2640,2021-10-06 05:08:48,2021-10-06 05:34:08,71.2,92.4,119.90960469077567,42.0,39.0
2641,2021-10-06 12:43:47,2021-10-06 13:01:07,52.8,63.6,117.80094302983535,37.99047619047619,36.371428571428574
2642,2021-10-06 13:01:28,2021-10-06 13:30:08,63.6,80.8,118.56187080103365,38.93063583815029,37.16763005780347
2643,2021-10-06 13:30:29,2021-10-06 13:59:29,81.2,97.6,120.99510975609763,39.005714285714284,38.0
2644,2021-10-06 22:54:08,2021-10-06 23:24:48,24.0,49.6,118.42288286675348,40.57837837837838,37.85405405405405
2645,2021-10-06 23:25:09,2021-10-06 23:51:14,50.0,72.0,117.1939709217172,42.664556962025316,39.96835443037975
2646,2021-10-06 23:51:35,2021-10-07 00:10:16,72.4,88.0,118.44971261574075,43.80701754385965,41.0
2647,2021-10-07 04:33:21,2021-10-07 05:04:01,71.6,96.4,120.68492187499996,42.0,38.77837837837838
2648,2021-10-08 02:18:51,2021-10-08 02:38:01,74.4,90.8,117.94292996273721,39.0,36.78448275862069
2649,2021-10-08 14:54:17,2021-10-08 15:13:37,35.2,51.6,117.38400533536593,30.897435897435898,28.41025641025641
2650,2021-10-08 15:13:58,2021-10-08 15:33:28,51.6,68.4,115.59030704365072,32.813559322033896,30.415254237288135
2651,2021-10-08 15:33:49,2021-10-08 15:58:23,68.8,89.6,117.71717256944447,34.0,31.526666666666667
2652,2021-10-08 22:59:58,2021-10-08 23:20:08,24.0,41.6,116.40073816287881,33.21311475409836,29.959016393442624
2653,2021-10-08 23:20:22,2021-10-08 23:44:12,41.6,62.0,116.0777644335512,35.048611111111114,32.138888888888886
2654,2021-10-08 23:44:33,2021-10-09 00:13:53,62.4,86.0,117.54827059792842,36.84180790960452,33.92655367231639
2655,2021-10-09 03:56:45,2021-10-09 04:16:35,53.2,72.8,118.08957256235833,35.03333333333333,31.033333333333335
2656,2021-10-09 12:25:15,2021-10-09 13:22:07,26.4,83.2,116.75560312010953,32.0632318501171,30.365339578454332
2657,2021-10-09 21:59:39,2021-10-09 22:16:49,17.6,32.0,120.77257445987655,30.115384615384617,27.951923076923077
2658,2021-10-09 22:17:10,2021-10-09 22:43:09,32.4,54.8,117.99789849950398,32.0,29.88535031847134
2659,2021-10-09 22:43:30,2021-10-09 23:06:25,55.2,75.2,116.66112715277777,34.568345323741006,32.489208633093526
2660,2021-10-10 03:41:22,2021-10-10 04:33:14,38.0,89.2,118.12576368272569,34.812820512820515,31.525641025641026
2661,2021-10-10 13:05:55,2021-10-10 13:31:25,50.4,72.0,114.56662789351853,32.33766233766234,30.551948051948052
2662,2021-10-10 13:31:46,2021-10-10 14:03:16,72.0,96.0,119.22513084490743,33.77894736842105,32.0
2663,2021-10-10 23:40:59,2021-10-10 23:58:09,32.8,49.6,118.44742890211637,34.20192307692308,32.57692307692308
2664,2021-10-11 08:11:51,2021-10-11 08:34:41,44.0,63.2,118.62558333333331,32.71739130434783,29.985507246376812
2665,2021-10-11 08:35:02,2021-10-11 09:06:52,63.6,90.4,118.60642988184078,34.520833333333336,32.046875
2666,2021-10-11 15:22:03,2021-10-11 15:41:03,41.6,60.4,117.84131693262412,36.45217391304348,34.80869565217391
2667,2021-10-11 15:41:24,2021-10-11 16:00:04,60.8,79.2,118.26615843900964,38.48672566371681,36.75221238938053
2668,2021-10-12 00:41:35,2021-10-12 01:04:25,33.2,52.8,116.6255790816327,31.630434782608695,29.5
2669,2021-10-12 01:04:46,2021-10-12 01:24:46,52.8,70.0,116.34933535206716,33.70247933884298,31.59504132231405
2670,2021-10-12 01:25:07,2021-10-12 01:45:07,70.4,87.2,119.26340178571431,35.0,32.892561983471076
2671,2021-10-12 10:06:47,2021-10-12 10:24:47,24.0,42.0,116.93520231481484,30.321100917431192,28.05504587155963
2672,2021-10-12 10:25:08,2021-10-12 10:43:38,42.4,60.8,117.51359941123197,32.535714285714285,30.455357142857142
2673,2021-10-12 10:43:59,2021-10-12 11:07:51,61.2,84.8,118.17615363112057,34.821917808219176,32.73972602739726
2674,2021-10-12 21:52:03,2021-10-12 22:10:03,29.6,41.2,118.6650062260536,30.513761467889907,28.44954128440367
2675,2021-10-12 22:10:24,2021-10-12 22:30:14,41.2,54.4,113.2018186026936,31.725,29.7
2676,2021-10-12 22:30:35,2021-10-12 22:48:45,54.4,66.4,111.20024236111105,33.0,31.063636363636363
2677,2021-10-12 22:49:06,2021-10-12 23:09:16,66.4,78.8,115.93863194444451,33.98360655737705,32.0
2678,2021-10-13 03:32:06,2021-10-13 04:26:41,33.6,87.6,118.0424719778807,33.139024390243904,30.290243902439023
2679,2021-10-13 11:54:53,2021-10-13 12:11:33,48.4,59.2,114.61035403806584,28.831683168316832,26.386138613861387
2680,2021-10-13 12:11:54,2021-10-13 12:28:34,59.2,69.6,116.0162984775642,30.0,27.574257425742573
2681,2021-10-13 12:28:55,2021-10-13 12:47:45,69.6,81.2,114.4732013888888,30.412280701754387,28.0
2682,2021-10-13 20:28:07,2021-10-13 21:37:08,18.8,87.6,116.9650813024871,31.131274131274132,29.453667953667953
2683,2021-10-14 09:36:26,2021-10-14 09:55:16,59.6,75.6,117.69097048611114,29.07894736842105,27.719298245614034
2684,2021-10-14 09:55:37,2021-10-14 10:15:57,76.0,93.2,118.48112354651165,30.252032520325205,28.975609756097562
2685,2021-10-14 16:23:57,2021-10-14 16:43:17,49.6,68.8,117.52460026041669,35.495726495726494,33.82051282051282
2686,2021-10-14 16:43:38,2021-10-14 17:13:18,68.8,96.4,117.4602584037842,37.262569832402235,35.46927374301676
2687,2021-10-15 02:10:57,2021-10-15 02:41:47,40.0,70.8,116.4502435064935,34.333333333333336,32.215053763440864
2688,2021-10-15 02:42:08,2021-10-15 03:09:48,71.2,96.4,117.96574801587303,36.64670658682635,34.5748502994012
2689,2021-10-15 23:32:28,2021-10-15 23:51:28,29.2,45.6,117.30268648373982,27.356521739130436,25.669565217391305
2690,2021-10-15 23:51:49,2021-10-16 00:17:49,46.0,68.0,116.08081856060606,29.929936305732483,28.273885350318473
2691,2021-10-16 00:18:10,2021-10-16 00:38:30,68.4,84.4,119.46963255208331,31.609756097560975,30.0
2692,2021-10-16 20:09:34,2021-10-16 21:33:56,17.2,97.6,117.77456439503871,32.80568720379147,31.322274881516588
2693,2021-10-17 11:42:34,2021-10-17 12:01:34,42.8,55.2,114.81632795698921,28.08695652173913,26.382608695652173
2694,2021-10-17 12:01:55,2021-10-17 12:22:45,55.6,68.4,118.59810926649304,29.50793650793651,27.72222222222222
2695,2021-10-17 12:23:06,2021-10-17 12:43:06,68.8,80.8,117.75117048611112,30.0,28.727272727272727
2696,2021-10-17 12:43:27,2021-10-17 13:10:22,81.2,96.4,121.17427192982457,30.945121951219512,29.0
2697,2021-10-18 13:27:35,2021-10-18 14:35:51,17.6,86.0,116.45955823586746,30.426070038910506,28.587548638132297
2698,2021-10-18 18:52:43,2021-10-18 19:30:13,60.4,96.0,118.4302517790262,33.666666666666664,32.301418439716315
2699,2021-10-19 17:17:08,2021-10-19 17:37:18,28.0,48.0,117.19932881944443,34.59836065573771,32.39344262295082
2700,2021-10-19 17:37:39,2021-10-19 17:54:49,48.4,65.6,115.95932089793293,36.88461538461539,34.75
2701,2021-10-19 22:44:15,2021-10-19 23:37:49,42.4,94.8,117.95330241836301,35.53333333333333,33.67160493827161
2702,2021-10-20 08:56:09,2021-10-20 09:14:49,44.4,60.4,116.06859600694446,31.141592920353983,29.23008849557522
2703,2021-10-20 09:15:10,2021-10-20 09:33:40,60.8,76.4,117.9843502492877,32.80357142857143,30.821428571428573
2704,2021-10-20 09:34:01,2021-10-20 09:56:01,76.8,94.8,119.63813827160494,33.6390977443609,31.56390977443609
2705,2021-10-20 18:12:11,2021-10-20 18:29:11,30.0,46.8,119.04597867063498,35.300970873786405,33.76699029126213
2706,2021-10-20 18:29:32,2021-10-20 18:47:32,47.2,65.6,115.1532469806764,37.43119266055046,36.0
2707,2021-10-20 18:47:53,2021-10-20 19:06:53,66.0,84.8,118.99381117021277,39.0,37.63478260869565
2708,2021-10-21 01:09:02,2021-10-21 01:43:20,39.6,73.6,117.51066997140526,35.968992248062015,33.395348837209305
2709,2021-10-21 16:26:34,2021-10-21 16:46:24,31.2,51.2,116.85973958333335,29.1,27.166666666666668
2710,2021-10-21 16:46:45,2021-10-21 17:07:05,51.6,72.0,117.4441887254902,31.666666666666668,29.73170731707317
2711,2021-10-21 17:07:26,2021-10-21 17:27:26,72.4,92.0,120.27283793934247,33.12396694214876,31.0
2712,2021-10-22 12:49:26,2021-10-22 13:09:26,62.8,79.6,118.71860400132279,23.24793388429752,21.84297520661157
2713,2021-10-22 13:09:47,2021-10-22 13:29:07,80.0,95.6,118.12589610042738,24.256410256410255,23.0
2714,2021-10-22 21:47:43,2021-10-22 22:08:13,34.4,52.0,115.67315333017676,27.14516129032258,25.29032258064516
2715,2021-10-22 22:33:42,2021-10-22 22:52:02,74.0,89.6,116.87769052706555,30.52252252252252,28.846846846846848
2716,2021-10-23 09:53:35,2021-10-23 10:11:25,8.400001,23.6,116.81468248415308,26.953703703703702,24.0
2717,2021-10-23 10:11:46,2021-10-23 10:39:46,23.6,47.6,116.47567766203701,27.70414201183432,25.319526627218934
2718,2021-10-23 10:40:07,2021-10-23 11:06:37,48.0,70.4,118.08778348214284,30.2375,27.9625
2719,2021-10-23 11:06:58,2021-10-23 11:38:18,70.8,96.0,118.96769009038802,31.894179894179896,29.41269841269841
2720,2021-10-24 16:15:36,2021-10-24 16:39:46,30.0,50.8,115.42603285256412,25.15068493150685,24.102739726027398
2721,2021-10-24 16:40:07,2021-10-24 17:01:57,50.8,70.0,112.9861296296296,28.166666666666668,27.075757575757574
2722,2021-10-24 17:02:18,2021-10-24 17:31:45,70.0,94.8,117.14820460349466,30.11111111111111,28.95
2723,2021-10-25 00:14:35,2021-10-25 00:32:05,66.0,83.6,115.81754008838388,36.301886792452834,33.424528301886795
2724,2021-10-25 14:16:04,2021-10-25 14:39:14,53.6,74.0,114.876108251634,30.107142857142858,28.87857142857143
2725,2021-10-25 14:39:35,2021-10-25 14:58:35,74.0,90.4,117.19344749322491,31.06086956521739,30.0
2726,2021-10-26 15:08:59,2021-10-26 15:29:29,34.4,52.0,117.47080405618688,28.653225806451612,27.056451612903224
2727,2021-10-26 15:29:50,2021-10-26 16:00:20,52.4,79.2,114.89066454187393,31.38586956521739,30.130434782608695
2728,2021-10-26 23:30:01,2021-10-27 00:30:53,28.4,89.6,116.02923040305011,35.19432314410481,33.146288209606986
2729,2021-10-27 03:17:12,2021-10-27 03:37:22,29.2,49.6,115.20900401688453,38.459016393442624,34.467213114754095
2730,2021-10-27 03:37:43,2021-10-27 03:57:53,50.0,70.4,115.21785403050104,40.549180327868854,36.80327868852459
2731,2021-10-27 03:58:14,2021-10-27 04:17:34,70.8,90.0,117.38786725983795,41.84615384615385,38.0
2732,2021-10-27 10:29:13,2021-10-27 11:09:08,50.4,90.0,117.51946906214927,34.57666666666667,31.403333333333332
2733,2021-10-27 19:47:49,2021-10-27 20:17:49,38.0,64.0,114.80717227564104,34.28729281767956,32.69060773480663
2734,2021-10-27 20:18:10,2021-10-27 20:47:20,64.0,87.6,116.48424176082864,36.125,34.47727272727273
2735,2021-10-28 04:02:12,2021-10-28 04:37:10,46.4,81.2,117.20642472461684,33.536121673003805,30.9467680608365
2736,2021-10-28 07:34:47,2021-10-28 07:55:37,69.6,90.4,117.23693442841878,33.51587301587302,30.793650793650794
2737,2021-10-28 15:23:45,2021-10-28 15:49:07,44.8,70.4,115.51595662977428,32.774869109947645,31.031413612565444
2738,2021-10-28 18:58:47,2021-10-28 19:19:07,46.0,66.4,115.75028894335509,34.1869918699187,32.48780487804878
2739,2021-10-29 07:59:52,2021-10-29 08:45:40,55.6,97.6,117.48026893518524,31.11627906976744,29.38372093023256
2740,2021-10-29 22:54:02,2021-10-29 23:11:42,46.8,64.8,114.51774807098765,33.60747663551402,31.710280373831775
2741,2021-10-29 23:12:03,2021-10-29 23:30:33,65.2,83.6,117.25769557669088,35.205357142857146,33.24107142857143
2742,2021-10-30 12:20:22,2021-10-30 12:39:02,42.0,61.2,113.57929405381944,27.61061946902655,25.601769911504423
2743,2021-10-30 12:39:23,2021-10-30 12:59:43,61.6,82.0,116.41408755446625,29.991869918699187,28.178861788617887
2744,2021-10-31 09:35:57,2021-10-31 09:52:37,25.6,39.6,118.63097628968255,22.00990099009901,21.356435643564357
2745,2021-10-31 10:25:40,2021-10-31 10:42:10,68.0,81.2,116.48254661195283,27.17,26.41
2746,2021-10-31 10:42:31,2021-10-31 10:59:11,81.2,94.0,117.71594053819447,28.0,27.0
2747,2021-10-31 16:50:06,2021-10-31 17:20:40,62.0,92.4,117.13957872350144,30.51304347826087,29.23913043478261
2748,2021-11-01 01:02:14,2021-11-01 02:01:24,34.4,93.6,116.44989348489116,31.065168539325843,29.182022471910113
2749,2021-11-01 06:12:54,2021-11-01 07:49:32,50.8,97.6,117.7255507834758,30.852413793103448,28.213793103448275
2750,2021-11-01 15:45:14,2021-11-01 16:45:34,40.4,97.6,117.10694295600233,34.88741721854305,33.39293598233996
2751,2021-11-02 02:17:20,2021-11-02 02:36:10,30.8,49.6,117.88195781619383,31.035087719298247,28.69298245614035
2752,2021-11-02 02:36:31,2021-11-02 02:57:01,50.0,71.2,113.74542472484276,33.50806451612903,31.241935483870968
2753,2021-11-02 02:57:22,2021-11-02 03:17:02,71.6,91.2,118.12997633219953,35.075630252100844,32.857142857142854
2754,2021-11-03 11:20:36,2021-11-03 11:37:06,50.4,66.8,117.3932942073171,29.1,27.77
2755,2021-11-03 11:37:27,2021-11-03 11:58:53,67.2,88.8,115.81391935442392,30.9618320610687,29.564885496183205
2756,2021-11-03 18:01:11,2021-11-03 18:59:47,51.6,97.6,118.13286066425121,33.20909090909091,31.51590909090909
2757,2021-11-04 14:22:56,2021-11-04 14:44:26,40.8,59.6,114.58778486997636,32.46153846153846,30.976923076923075
2758,2021-11-04 14:44:47,2021-11-04 15:02:27,60.0,75.6,113.46422738603992,34.373831775700936,32.81308411214953
2759,2021-11-05 11:35:35,2021-11-05 11:58:35,46.4,69.6,116.01714074473182,31.93525179856115,30.510791366906474
2760,2021-11-05 11:58:56,2021-11-05 12:21:56,70.0,93.2,116.12850101772032,33.84172661870504,32.510791366906474
2761,2021-11-05 16:25:23,2021-11-05 17:08:38,55.6,97.6,118.07382071428574,37.46153846153846,35.747692307692304
2762,2021-11-06 20:24:06,2021-11-06 20:45:56,18.4,36.8,116.6138209541063,34.39393939393939,33.10606060606061
2763,2021-11-06 20:46:17,2021-11-06 21:17:17,37.2,63.6,115.24199263468012,36.86096256684492,35.41711229946524
2764,2021-11-06 21:17:38,2021-11-06 21:49:38,64.0,90.4,119.06196091119526,39.09326424870466,37.72020725388601
2765,2021-11-07 16:38:13,2021-11-07 17:09:33,34.4,55.2,114.51389663461539,30.883597883597883,30.037037037037038
2766,2021-11-07 17:09:54,2021-11-07 17:33:18,55.6,70.4,116.18264388138138,32.90845070422535,32.29577464788732
2767,2021-11-07 17:33:39,2021-11-07 18:06:59,70.8,90.8,117.44168055555555,34.0,33.0
2768,2021-11-08 16:04:21,2021-11-08 16:24:21,36.0,48.8,117.6996637369792,22.611570247933884,21.363636363636363
2769,2021-11-08 16:35:35,2021-11-08 16:53:25,56.4,68.0,111.56970043103446,24.935185185185187,23.694444444444443
2770,2021-11-08 23:29:59,2021-11-09 00:43:47,22.0,84.8,115.65581814623143,25.342960288808666,23.57942238267148
2771,2021-11-09 06:34:59,2021-11-09 06:52:39,34.0,49.2,115.46602814327484,23.27102803738318,20.38317757009346
2772,2021-11-09 06:53:00,2021-11-09 07:11:00,49.6,65.2,114.67594515669515,25.220183486238533,22.477064220183486
2773,2021-11-10 07:45:25,2021-11-10 08:36:33,50.0,97.6,116.16930114379088,22.934895833333332,21.861979166666668
2774,2021-11-10 17:50:54,2021-11-10 18:14:04,30.8,50.8,116.41392541666673,28.635714285714286,27.021428571428572
2775,2021-11-10 18:14:25,2021-11-10 18:43:05,51.2,76.4,114.31220590828926,31.36416184971098,29.99421965317919
2776,2021-11-10 18:43:26,2021-11-10 19:09:46,76.8,97.6,119.32362172809829,32.867924528301884,31.452830188679247
2777,2021-11-11 14:11:45,2021-11-11 14:31:25,47.6,67.6,114.04862569444451,29.747899159663866,28.084033613445378
2778,2021-11-11 14:31:46,2021-11-11 14:50:46,68.0,87.2,114.79891695601849,31.678260869565218,30.191304347826087
2779,2021-11-11 20:32:28,2021-11-11 20:49:08,67.2,80.8,115.15932700163405,32.00990099009901,30.405940594059405
2780,2021-11-12 19:55:59,2021-11-12 21:07:01,22.4,93.2,116.54622086275891,30.132958801498127,28.473782771535582
2781,2021-11-13 17:04:02,2021-11-13 17:23:12,17.6,37.2,114.56989958900228,28.46551724137931,27.112068965517242
2782,2021-11-13 17:23:33,2021-11-13 17:43:13,37.6,57.6,115.21392055555557,30.69747899159664,29.19327731092437
2783,2021-11-13 17:43:34,2021-11-13 18:03:54,58.0,78.4,116.7797169117647,32.86991869918699,31.617886178861788
2784,2021-11-14 01:32:03,2021-11-14 02:50:25,21.6,87.6,116.639194280303,30.406462585034014,28.1343537414966
2785,2021-11-14 10:02:43,2021-11-14 10:19:33,72.0,85.2,119.85902146464642,28.0,25.323529411764707
2786,2021-11-14 10:19:54,2021-11-14 10:36:44,85.6,97.6,118.94792650462963,28.725490196078432,26.019607843137255
2787,2021-11-14 18:54:27,2021-11-14 19:12:57,45.6,64.0,117.0659827898551,29.464285714285715,28.098214285714285
2788,2021-11-14 19:13:18,2021-11-14 19:36:36,64.4,87.6,116.99270664511499,31.53900709219858,29.9645390070922
2789,2021-11-15 20:00:56,2021-11-15 21:24:27,17.6,97.6,116.88082990625001,30.74641148325359,29.363636363636363
