cycle_num,time_s,time_e,SOC_s,SOC_e,charge_capacity,Tmax,Tmin
1,2019-07-25 21:53:04,2019-07-25 22:35:38,48.8,88.0,134.02145077947844,39.178125,37.8
2,2019-07-26 16:09:57,2019-07-26 18:24:13,19.6,99.6,133.37580656597223,41.0625,39.83730158730159
3,2019-07-27 03:04:21,2019-07-27 04:54:02,18.8,99.6,135.1127479957371,41.89307411907655,39.48602673147023
4,2019-07-27 20:49:29,2019-07-27 22:20:38,37.6,89.2,133.00778140073214,39.14431486880466,37.606413994169095
5,2019-07-27 22:22:38,2019-07-27 22:50:56,88.8,99.6,122.98101075102888,40.0,38.0
6,2019-07-28 07:44:25,2019-07-28 09:24:05,30.0,99.6,135.3000274106003,39.52272727272727,37.588235294117645
7,2019-07-28 20:36:13,2019-07-28 22:04:48,32.0,82.4,131.8233027557319,39.31578947368421,37.38796992481203
8,2019-07-29 03:21:00,2019-07-29 04:34:31,38.8,80.4,132.80858981704057,38.13768115942029,35.67391304347826
9,2019-07-29 11:20:54,2019-07-29 12:51:39,40.4,91.6,133.3429657389323,38.41459854014599,37.035036496350365
10,2019-07-29 22:36:30,2019-07-29 23:56:48,20.8,60.8,130.832950125,34.71735537190083,32.14049586776859
11,2019-07-30 07:02:42,2019-07-30 11:09:46,19.2,99.6,131.71411811774462,33.4711590296496,31.604851752021563
12,2019-07-30 23:20:44,2019-07-30 23:53:57,14.4,43.2,133.54928148148142,36.692,34.708
13,2019-07-30 23:59:01,2019-07-31 00:59:27,47.6,96.4,132.93770279770035,40.55066079295154,38.50440528634361
14,2019-07-31 20:54:46,2019-07-31 22:44:57,40.4,98.8,133.49204061929228,34.026602176541715,32.71584038694075
15,2019-08-01 01:41:04,2019-08-01 02:03:05,78.0,90.4,133.75719805107525,33.74698795180723,30.903614457831324
16,2019-08-01 06:45:09,2019-08-01 08:58:51,31.2,99.6,134.96226454678364,34.29282868525896,32.01195219123506
17,2019-08-02 03:15:57,2019-08-02 05:52:21,8.8,96.8,133.86505488636368,32.188245315161836,30.296422487223168
18,2019-08-02 15:05:21,2019-08-02 16:10:44,44.0,97.6,132.40293383602818,34.36456211812627,32.68431771894094
19,2019-08-03 13:55:31,2019-08-03 16:33:30,10.8,88.4,134.90707684206757,32.448945147679325,31.529113924050634
20,2019-08-04 02:02:39,2019-08-04 03:23:14,10.8,85.6,132.5286228461082,36.533884297520665,34.631404958677685
21,2019-08-04 13:31:23,2019-08-04 15:05:21,18.0,64.4,132.07741042863984,36.47316384180791,34.82627118644068
22,2019-08-04 23:59:52,2019-08-05 01:06:51,27.2,86.8,132.3917293973714,39.888667992047715,38.210735586481114
23,2019-08-06 01:17:54,2019-08-06 03:09:34,14.8,71.6,131.9972729802426,38.57945041816009,36.91517323775388
24,2019-08-06 11:38:53,2019-08-06 13:46:42,19.2,91.6,132.7116239602517,38.535974973931175,37.075078206465065
25,2019-08-06 23:16:26,2019-08-06 23:55:40,25.6,62.4,131.9609298611111,38.0406779661017,36.3593220338983
26,2019-08-06 23:56:04,2019-08-07 00:56:54,62.8,99.6,138.40865891832732,39.923413566739605,37.84682713347921
27,2019-08-07 18:10:40,2019-08-07 20:17:17,20.8,82.8,132.74345879928316,40.21157894736842,38.31368421052632
28,2019-08-08 14:17:07,2019-08-08 15:44:55,20.4,64.8,132.44322617617618,37.50682852807284,36.36115326251897
29,2019-08-08 22:28:24,2019-08-08 23:54:28,18.8,94.4,132.01353778843327,43.21517027863777,41.62229102167183
30,2019-08-08 23:59:56,2019-08-09 00:16:28,97.6,99.6,205.405485,45.0,43.0
31,2019-08-09 05:13:46,2019-08-09 06:07:40,68.4,99.6,137.95198380074794,41.97283950617284,38.97037037037037
32,2019-08-09 12:19:05,2019-08-09 12:32:18,48.0,54.8,130.7679723447713,42.0,40.0
33,2019-08-09 12:48:35,2019-08-09 13:53:51,62.8,95.6,133.95386258045397,42.53469387755102,41.01020408163265
34,2019-08-09 13:54:31,2019-08-09 14:11:28,96.0,99.6,159.71453001543236,43.0,41.296875
35,2019-08-09 22:01:15,2019-08-09 23:44:31,26.0,99.6,135.26097793063104,45.03741935483871,43.09161290322581
36,2019-08-10 06:34:32,2019-08-10 07:48:51,50.4,99.6,136.3026089967254,41.68996415770609,39.11290322580645
37,2019-08-10 17:10:10,2019-08-10 18:02:20,76.8,99.6,139.60835835769984,40.994897959183675,39.0
38,2019-08-11 01:55:12,2019-08-11 03:45:49,46.0,99.2,133.6327361581036,38.56746987951807,36.75903614457831
39,2019-08-11 10:26:08,2019-08-11 12:09:56,50.4,98.8,134.98215091827367,37.17458279845956,35.61489088575096
40,2019-08-12 00:47:33,2019-08-12 02:12:09,20.0,94.8,132.8105040571153,40.274015748031495,38.039370078740156
41,2019-08-12 02:14:39,2019-08-12 02:36:16,94.0,99.6,133.21485086805572,41.2760736196319,39.0
42,2019-08-12 15:37:17,2019-08-12 18:04:11,14.0,99.6,134.2025157158619,44.16424682395644,42.44555353901996
43,2019-08-13 03:57:16,2019-08-13 06:05:38,27.6,99.6,134.95685639853394,36.556593977154726,33.52959501557633
44,2019-08-13 18:03:48,2019-08-13 18:46:29,50.0,64.0,132.0682540476191,39.0,37.81308411214953
45,2019-08-13 18:48:28,2019-08-13 20:15:28,64.4,92.4,134.64285714285717,39.0,37.16998468606432
46,2019-08-14 01:09:44,2019-08-14 02:15:38,54.0,91.2,133.39578821684592,38.0,36.117171717171715
47,2019-08-14 05:45:21,2019-08-14 07:03:48,46.8,99.6,136.16854751683502,39.13752122241087,36.66044142614601
48,2019-08-15 01:01:07,2019-08-15 03:02:00,9.6,99.6,133.45711711574077,42.10143329658214,39.63395810363837
49,2019-08-15 22:28:11,2019-08-15 23:58:31,38.4,89.6,132.9069305555556,36.166666666666664,34.528023598820056
50,2019-08-15 23:58:55,2019-08-16 00:14:56,90.0,98.0,134.2486444791667,37.0,35.0
51,2019-08-16 04:32:19,2019-08-16 05:39:17,59.6,99.6,136.52878827083333,36.53081510934393,34.3220675944334
52,2019-08-16 14:46:42,2019-08-16 15:12:11,61.6,74.8,125.96380446127951,39.0,37.421875
53,2019-08-16 23:32:11,2019-08-17 01:37:54,6.4,99.6,134.02891387547692,39.53439153439153,37.216931216931215
54,2019-08-17 17:09:42,2019-08-17 19:14:51,7.6,99.6,133.74301496527778,36.72736954206603,34.83493077742279
55,2019-08-18 03:21:46,2019-08-18 04:43:17,43.6,99.6,135.0683195684524,37.22385620915033,34.61274509803921
56,2019-08-18 09:22:43,2019-08-18 11:12:49,44.4,99.6,134.82430870571662,36.17632850241546,33.46980676328502
57,2019-08-18 20:49:07,2019-08-18 22:31:59,36.8,95.6,131.5022967309146,36.41580310880829,34.28626943005181
58,2019-08-19 02:13:59,2019-08-19 02:43:28,66.8,92.0,132.75199767416223,37.067567567567565,34.71621621621622
59,2019-08-19 02:45:14,2019-08-19 03:11:55,92.0,99.6,148.12009311038025,37.12935323383085,35.0
60,2019-08-19 15:43:33,2019-08-19 17:30:56,18.8,99.6,133.70490707852036,41.90458488228005,39.97521685254027
61,2019-08-20 02:27:50,2019-08-20 04:11:47,37.2,88.4,132.6445650878906,36.83589743589744,34.526923076923076
62,2019-08-20 13:10:49,2019-08-20 14:14:21,46.0,78.0,132.36111111111111,38.33472803347281,36.7071129707113
63,2019-08-20 21:41:42,2019-08-20 21:58:07,16.4,30.8,133.80575054012348,39.274193548387096,37.33870967741935
64,2019-08-20 22:00:02,2019-08-20 23:34:23,31.6,99.6,133.34907881127452,43.42736248236953,41.24400564174894
65,2019-08-21 06:25:17,2019-08-21 08:11:13,47.2,99.6,135.67305636132318,38.0,35.442767295597484
66,2019-08-21 17:18:01,2019-08-21 18:50:05,35.2,99.6,134.96521582341273,40.91751085383502,38.858176555716355
67,2019-08-22 17:40:02,2019-08-22 19:44:55,5.2,99.6,133.95838366437152,43.799359658484526,42.200640341515474
68,2019-08-23 12:48:48,2019-08-23 14:16:48,39.6,99.6,135.2882362337963,37.38821752265861,35.80664652567976
69,2019-08-24 01:34:11,2019-08-24 03:06:46,32.0,99.6,134.72246618589747,37.91510791366907,36.54820143884892
70,2019-08-24 17:25:14,2019-08-24 19:16:39,15.6,99.6,133.92732667493388,45.92344497607655,44.11842105263158
71,2019-08-25 22:26:11,2019-08-25 23:23:17,66.4,99.6,136.19666858266402,31.836829836829835,29.731934731934732
72,2019-08-26 07:17:09,2019-08-26 08:38:56,45.6,99.6,133.42248366255146,33.141693811074916,30.363192182410423
73,2019-08-27 08:19:32,2019-08-27 09:58:00,28.4,99.6,130.7529258368446,33.77266576454669,32.82679296346414
74,2019-08-28 02:33:07,2019-08-28 05:28:26,12.0,98.8,132.41138798963135,36.17946768060836,34.361216730038024
75,2019-08-28 17:12:52,2019-08-28 19:12:05,14.8,99.6,133.35537491647017,44.691620111731844,42.716201117318434
76,2019-08-29 14:20:02,2019-08-29 17:18:25,5.6,99.6,134.12488105791965,40.97608370702541,39.70254110612855
77,2019-08-31 09:59:55,2019-08-31 12:36:58,3.6,83.6,131.52940771874998,34.82427843803056,33.455008488964346
78,2019-08-31 20:31:44,2019-08-31 23:19:34,11.6,99.6,133.6864238920455,35.73868149324861,33.37966640190628
79,2019-09-01 07:09:37,2019-09-01 10:24:43,6.4,99.6,133.55697248599193,38.81271360218729,36.31442241968558
80,2019-09-01 23:28:32,2019-09-01 23:53:45,21.6,45.2,132.13820048258003,32.84736842105263,30.610526315789475
81,2019-09-01 23:59:45,2019-09-02 01:12:04,51.2,99.6,133.10826094467404,36.76243093922652,34.62062615101289
82,2019-09-02 23:32:21,2019-09-02 23:53:50,29.6,48.4,133.7794312943263,30.27777777777778,28.882716049382715
83,2019-09-02 23:59:50,2019-09-03 01:12:33,54.0,99.6,135.46513696089184,33.83516483516483,32.5
84,2019-09-03 12:26:39,2019-09-03 14:04:43,27.6,99.6,133.27326063271605,36.21739130434783,34.671195652173914
85,2019-09-04 00:28:19,2019-09-04 02:40:08,10.0,76.8,130.68372486277445,37.07178968655207,34.04145601617796
86,2019-09-04 07:25:56,2019-09-04 08:50:47,47.6,90.0,132.11871531564466,34.92621664050235,32.22605965463109
87,2019-09-04 09:22:32,2019-09-04 09:41:45,90.8,98.8,128.00520463194442,35.0,32.0
88,2019-09-04 15:40:36,2019-09-04 17:48:09,49.6,91.2,132.9092966713408,36.68443051201672,35.0
89,2019-09-05 03:07:35,2019-09-05 04:50:47,11.2,62.4,131.6877506293403,34.73290322580645,32.91483870967742
90,2019-09-05 07:07:15,2019-09-05 08:54:47,42.4,99.6,135.9432889228827,36.18091697645601,33.71499380421314
91,2019-09-05 21:22:16,2019-09-05 23:24:24,17.6,95.6,130.5476026923077,37.083969465648856,35.086150490730645
92,2019-09-06 04:45:40,2019-09-06 05:57:59,54.4,99.6,136.0569088679941,37.95948434622468,35.10497237569061
93,2019-09-06 15:53:51,2019-09-06 16:38:33,44.4,86.8,132.71525301035118,41.107142857142854,39.279761904761905
94,2019-09-06 23:25:29,2019-09-07 00:54:41,39.2,89.6,133.2557338624339,39.56929955290611,37.54843517138599
95,2019-09-07 11:43:34,2019-09-07 13:12:58,27.2,99.2,131.91315105902777,41.33084947839046,39.621460506706406
96,2019-09-07 23:13:39,2019-09-08 01:00:48,23.2,99.6,134.514250374491,43.167910447761194,41.15174129353234
97,2019-09-08 15:05:25,2019-09-08 17:15:39,16.0,91.2,130.62663327792558,40.7942681678608,39.38587512794268
98,2019-09-09 04:27:34,2019-09-09 06:36:08,0.4,99.6,132.96539829749108,39.79896373056995,37.59896373056995
99,2019-09-09 19:13:11,2019-09-09 20:51:39,26.4,99.6,132.86694855039468,41.953991880920164,40.2043301759134
100,2019-09-10 12:20:08,2019-09-10 15:00:25,40.8,86.8,130.62349033816426,36.854651162790695,35.78737541528239
101,2019-09-17 00:17:02,2019-09-17 02:08:58,8.400001,98.4,130.4674093755638,37.46666666666667,36.054761904761904
102,2019-09-17 15:57:15,2019-09-17 17:35:19,25.6,99.6,132.07100322822825,39.58016304347826,37.72010869565217
103,2019-09-18 01:36:46,2019-09-18 02:56:41,47.6,99.6,134.84364935363251,36.278333333333336,34.288333333333334
104,2019-09-18 16:14:25,2019-09-18 18:28:09,11.6,99.6,132.07276328598482,41.05179282868526,38.94322709163347
105,2019-09-19 11:36:52,2019-09-19 12:57:11,44.0,99.6,134.45790308753,38.230514096185736,36.565505804311776
106,2019-09-19 21:31:25,2019-09-19 23:10:33,32.8,95.6,131.26373302370843,38.07392473118279,36.54032258064516
107,2019-09-20 06:35:07,2019-09-20 08:42:09,41.2,99.6,134.3673069920091,34.26232948583421,32.06295907660021
108,2019-09-26 18:15:01,2019-09-26 19:50:53,40.8,99.6,133.39464229024946,36.93628808864266,35.28947368421053
109,2019-09-27 19:29:45,2019-09-27 21:19:26,32.8,95.6,131.52709933209485,35.45565006075334,33.933171324422844
110,2019-09-28 06:39:31,2019-09-28 08:48:00,4.0,99.6,133.80005615266154,37.42219917012448,34.9948132780083
111,2019-09-29 09:40:22,2019-09-29 11:11:06,37.6,99.6,131.6758874574373,34.06314243759178,32.59618208516887
112,2019-09-30 14:18:51,2019-09-30 14:45:08,15.2,30.4,130.25222253289473,36.05050505050505,33.39393939393939
113,2019-09-30 14:48:20,2019-09-30 16:27:52,30.4,88.0,130.177690933642,39.15796519410977,36.772423025435074
114,2019-10-01 00:45:37,2019-10-01 02:15:32,15.2,83.2,131.99961794321896,39.33185185185185,36.952592592592595
115,2019-10-01 07:42:37,2019-10-01 08:13:26,77.2,97.6,130.8146902369282,35.952586206896555,33.96120689655172
116,2019-10-01 12:45:29,2019-10-01 13:31:55,63.6,96.8,131.84877907881528,38.0,36.75213675213675
117,2019-10-01 21:37:29,2019-10-01 23:03:42,32.4,82.0,130.69718958893367,39.541666666666664,38.151234567901234
118,2019-10-02 09:33:12,2019-10-02 12:20:07,10.4,99.6,130.95023673081715,37.78594249201278,36.218849840255594
119,2019-10-02 18:47:22,2019-10-02 20:01:09,51.2,99.6,135.80554614038113,42.72563176895307,40.7797833935018
120,2019-10-03 15:11:57,2019-10-03 18:09:24,20.8,70.8,128.57623992499998,37.27272727272727,35.75882794891059
121,2019-10-03 22:49:43,2019-10-04 00:03:06,32.4,94.8,131.29905471198364,39.330308529945555,37.33575317604356
122,2019-10-04 15:42:49,2019-10-04 17:34:30,14.4,99.6,131.38824607785602,42.48329355608592,40.71957040572792
123,2019-10-05 03:33:27,2019-10-05 05:34:28,13.2,99.6,133.43502552565587,40.1773127753304,36.958149779735685
124,2019-10-05 17:07:08,2019-10-05 18:38:31,36.4,99.6,134.49074411919835,40.583090379008745,39.00291545189504
125,2019-10-06 02:32:34,2019-10-06 03:17:51,51.6,91.6,132.35909077083335,39.551319648093845,37.30791788856305
126,2019-10-06 15:42:56,2019-10-06 17:37:20,36.8,95.2,130.59762692399158,37.59487776484284,35.781140861466824
127,2019-10-07 02:01:09,2019-10-07 03:10:40,28.8,64.4,130.7526854790886,34.25478927203065,32.26245210727969
128,2019-10-07 21:23:10,2019-10-07 23:01:28,20.4,71.6,128.88667306857644,31.818428184281842,30.668021680216803
129,2019-10-08 05:51:48,2019-10-08 06:45:58,57.2,84.4,131.3144202675653,31.196560196560196,29.815724815724817
130,2019-10-08 12:41:54,2019-10-08 13:46:13,53.2,89.6,132.3938749961844,34.227743271221534,32.54451345755694
131,2019-10-09 00:21:20,2019-10-09 01:48:11,15.2,93.6,130.606474323271,38.17484662576687,36.24386503067485
132,2019-10-09 14:55:00,2019-10-09 16:35:36,31.2,99.6,133.72713287443148,35.7205298013245,34.46622516556291
133,2019-10-10 01:16:29,2019-10-10 02:22:56,38.0,93.6,131.36075747402077,36.08817635270541,34.014028056112224
134,2019-10-10 11:42:13,2019-10-10 12:55:11,58.4,98.8,133.17098923611113,34.77372262773723,33.23357664233577
135,2019-10-11 13:04:40,2019-10-11 15:55:52,2.4,99.6,132.00736231138546,37.62772585669782,36.098130841121495
136,2019-10-12 03:00:15,2019-10-12 04:50:39,19.2,98.0,131.29308983714046,37.90108564535585,35.9276236429433
137,2019-10-12 13:33:08,2019-10-12 14:57:36,28.0,77.2,129.28051641824754,38.38775510204081,37.167974882260594
138,2019-10-12 15:00:05,2019-10-12 15:41:10,77.2,98.0,132.52460476762826,39.970873786407765,38.78964401294498
139,2019-10-13 01:24:23,2019-10-13 01:50:25,27.2,42.0,132.23989425675674,35.868020304568525,33.79187817258883
140,2019-10-13 02:02:57,2019-10-13 03:13:39,41.2,81.6,131.47348904015405,37.70864661654135,34.92293233082707
141,2019-10-13 06:50:15,2019-10-13 07:22:59,50.0,59.2,133.42391304347822,33.0,29.0
142,2019-10-13 19:33:01,2019-10-13 21:23:39,34.0,71.2,129.33114275686978,32.415162454873645,30.924187725631768
143,2019-10-14 02:58:40,2019-10-14 05:03:37,26.8,95.6,130.4496253149225,33.559701492537314,32.05437100213219
144,2019-10-14 22:45:04,2019-10-14 23:41:46,42.8,92.4,131.8742438336693,33.96478873239437,32.27699530516432
145,2019-10-15 13:04:45,2019-10-15 14:39:09,26.0,99.2,131.5067127428658,36.64456981664316,35.05218617771509
146,2019-10-15 23:42:29,2019-10-16 01:25:38,34.8,93.6,131.95935463813305,34.95994832041344,32.94186046511628
147,2019-10-16 14:16:46,2019-10-16 15:19:10,34.0,52.0,129.99999999999997,32.712765957446805,31.365957446808512
148,2019-10-16 15:27:24,2019-10-16 17:09:53,52.0,80.8,133.39361496913583,33.0,32.0
149,2019-10-16 18:52:47,2019-10-16 20:08:18,52.4,99.6,135.15285048258008,35.78130511463845,34.164021164021165
150,2019-10-17 03:04:20,2019-10-17 04:48:56,32.4,85.6,130.75017610693402,34.61656050955414,32.28025477707006
151,2019-10-17 15:38:04,2019-10-17 16:47:19,24.8,65.2,128.85103244636963,35.098076923076924,33.65384615384615
152,2019-10-17 22:21:17,2019-10-18 00:09:45,24.4,99.6,133.01478783429377,35.90909090909091,34.04422604422604
153,2019-10-18 15:57:14,2019-10-18 16:51:40,49.6,94.8,131.84801764995086,35.442542787286065,33.552567237163814
154,2019-10-19 16:17:50,2019-10-19 17:40:12,12.4,87.2,130.0593752135324,35.88368336025848,33.72213247172859
155,2019-10-20 01:59:40,2019-10-20 03:35:10,14.4,69.2,131.25007984083535,33.52022315202232,31.278940027894002
156,2019-10-20 17:41:27,2019-10-20 18:49:14,28.4,88.4,130.2281128287037,35.45579567779961,33.74066797642436
157,2019-10-20 23:49:37,2019-10-21 00:46:59,59.2,94.8,132.78343664169793,35.39211136890951,33.011600928074245
158,2019-10-21 03:08:48,2019-10-21 04:08:25,51.6,94.8,132.24516232960391,37.00666666666667,34.224444444444444
159,2019-10-21 14:10:56,2019-10-21 14:57:54,43.6,87.2,131.61917730950563,35.609065155807365,34.079320113314445
160,2019-10-22 02:43:16,2019-10-22 04:00:39,25.6,94.8,130.27321826830448,34.18588640275387,32.547332185886404
161,2019-10-22 11:54:19,2019-10-22 13:05:02,43.6,88.0,132.58147484046546,34.591337099811675,32.909604519774014
162,2019-10-23 09:28:52,2019-10-23 10:59:52,17.2,94.8,130.65903341208477,32.64568081991215,31.705710102489018
163,2019-10-24 06:06:17,2019-10-24 07:30:29,23.6,94.8,129.83774579041824,32.504746835443036,31.1376582278481
164,2019-10-24 19:34:03,2019-10-24 21:07:11,8.8,90.8,130.87749363143632,36.562231759656655,35.09871244635193
165,2019-10-25 03:08:06,2019-10-25 03:37:51,58.8,86.4,132.6879090076489,33.763392857142854,31.258928571428573
166,2019-10-25 08:32:21,2019-10-25 10:24:26,38.0,94.8,131.50058785993738,33.04756242568371,30.990487514863258
167,2019-10-25 20:14:27,2019-10-25 21:59:11,22.8,83.2,130.60302282928623,36.14249363867685,34.776081424936386
168,2019-10-26 04:06:09,2019-10-26 05:34:37,36.8,81.2,131.44208964214215,34.26807228915663,31.941265060240966
169,2019-10-26 15:02:15,2019-10-26 18:04:09,23.6,84.4,129.89853444124634,32.68667642752562,31.490483162518302
170,2019-10-27 02:23:50,2019-10-27 02:56:31,16.0,45.2,131.87853878424662,30.882113821138212,28.934959349593495
171,2019-10-27 03:03:51,2019-10-27 04:03:46,45.2,94.8,131.703425218414,34.91555555555556,32.88666666666666
172,2019-10-27 15:15:54,2019-10-27 15:58:36,42.0,82.4,131.34486076388887,33.11526479750779,31.666666666666668
173,2019-10-27 18:46:10,2019-10-27 19:21:07,66.4,94.8,132.05547191901414,34.60456273764259,32.60836501901141
174,2019-10-28 02:32:24,2019-10-28 03:40:11,37.2,94.8,131.32091763358414,34.66994106090373,31.83104125736739
175,2019-10-28 23:27:29,2019-10-29 01:31:42,22.4,94.8,128.96417454343154,28.83083511777302,27.407922912205567
176,2019-10-29 05:58:47,2019-10-29 06:28:33,63.6,88.8,132.78374953152561,29.598214285714285,26.78125
177,2019-10-29 10:53:52,2019-10-29 11:49:55,59.6,97.2,131.02483369163713,29.76959619952494,27.959619952494062
178,2019-10-30 01:07:40,2019-10-30 03:26:01,1.2,80.4,130.4339799031987,33.36897880539499,31.147398843930635
179,2019-10-30 15:09:23,2019-10-30 16:43:42,3.6,86.8,131.51763041866985,35.91396332863187,34.354019746121295
180,2019-10-31 00:56:11,2019-10-31 01:55:42,28.8,84.8,131.0480458655754,33.525727069351234,31.04474272930649
181,2019-10-31 04:47:33,2019-10-31 05:09:10,66.4,86.4,133.2794506666667,33.45398773006135,30.429447852760735
182,2019-10-31 07:15:52,2019-10-31 08:18:03,77.2,97.6,133.10489829793036,31.0,28.0
183,2019-10-31 16:23:15,2019-10-31 17:21:42,50.8,84.0,132.53282743473898,32.20501138952164,30.9248291571754
184,2019-11-01 11:50:09,2019-11-01 13:20:52,25.6,84.8,129.50744236111115,33.02643171806167,31.558002936857562
185,2019-11-01 19:54:08,2019-11-01 21:41:32,42.8,96.8,131.58765364084363,35.71960297766749,33.83870967741935
186,2019-11-02 07:02:34,2019-11-02 09:15:20,22.8,97.6,130.32021129679143,32.80421686746988,31.235943775100402
187,2019-11-02 20:37:43,2019-11-02 21:59:54,28.8,97.6,130.39955574935402,36.97893030794165,35.497568881685574
188,2019-11-03 04:08:53,2019-11-03 04:42:23,56.0,85.6,132.69074159628383,33.88492063492063,31.392857142857142
189,2019-11-03 10:40:01,2019-11-03 13:45:38,33.2,97.6,130.69388975586614,33.297413793103445,31.95617816091954
190,2019-11-03 21:25:21,2019-11-03 22:16:11,47.6,92.0,132.26339838275774,35.31675392670157,33.518324607329845
191,2019-11-04 09:34:18,2019-11-04 11:31:19,24.0,97.6,130.03406837447162,32.07744874715262,30.5250569476082
192,2019-11-04 19:17:07,2019-11-04 20:38:51,48.8,97.6,131.70502007058292,34.35667752442997,32.69869706840391
193,2019-11-05 03:19:59,2019-11-05 04:32:26,34.4,71.6,128.76403826821985,32.42830882352941,30.358455882352942
194,2019-11-05 18:01:54,2019-11-05 20:40:44,17.6,97.6,128.444983115625,32.12332214765101,30.92281879194631
195,2019-11-06 14:08:54,2019-11-06 15:22:38,33.2,96.8,129.5083990500524,32.13669064748201,30.651079136690647
196,2019-11-07 00:18:47,2019-11-07 01:06:01,50.8,90.8,131.70217359722224,31.622535211267607,29.84225352112676
197,2019-11-07 13:56:49,2019-11-07 15:12:40,38.8,97.6,130.21700443830312,32.8476357267951,31.316987740805605
198,2019-11-07 22:19:38,2019-11-07 23:21:08,48.0,96.8,131.97935718351553,33.476190476190474,31.554112554112553
199,2019-11-08 08:30:37,2019-11-08 09:45:04,9.2,46.4,131.92742550776583,29.717352415026834,27.767441860465116
200,2019-11-08 10:22:34,2019-11-08 12:09:42,46.4,97.6,131.78310028374568,32.288557213930346,30.742537313432837
201,2019-11-08 20:57:38,2019-11-08 22:23:33,50.0,97.2,131.7670045580273,32.51317829457364,30.78604651162791
202,2019-11-09 19:28:26,2019-11-09 20:18:56,15.6,41.2,132.15107458767363,30.03157894736842,28.860526315789475
203,2019-11-09 20:30:18,2019-11-09 21:47:51,40.8,85.2,131.58010931556558,33.313893653516296,31.950257289879932
204,2019-11-10 16:03:27,2019-11-10 20:45:15,15.6,97.6,129.44545023035226,31.768575485092285,30.074301940369143
205,2019-11-11 05:29:01,2019-11-11 07:07:34,34.8,91.6,130.42055904244913,29.84054054054054,27.98918918918919
206,2019-11-11 15:23:34,2019-11-11 16:47:37,34.4,82.8,130.567378575528,33.2662440570523,32.02218700475436
207,2019-11-12 03:36:31,2019-11-12 05:01:39,27.2,97.6,130.4984120087595,31.68075117370892,30.012519561815335
208,2019-11-12 18:31:32,2019-11-12 20:13:04,14.4,97.6,129.69751315438037,35.82020997375328,34.267716535433074
209,2019-11-13 01:39:37,2019-11-13 02:13:54,70.8,96.8,131.85909949786324,33.67054263565891,30.968992248062015
210,2019-11-13 06:32:53,2019-11-13 07:29:44,54.0,97.6,131.98500808167685,32.721311475409834,30.33255269320843
211,2019-11-13 18:53:32,2019-11-13 20:11:19,23.2,90.8,130.48902459935897,35.29623287671233,33.6986301369863
212,2019-11-14 02:06:45,2019-11-14 03:00:23,40.8,88.4,131.3329707633053,33.727047146401986,30.94044665012407
213,2019-11-14 15:21:51,2019-11-14 16:29:30,38.8,77.6,131.22024684278352,29.87007874015748,28.805118110236222
214,2019-11-15 00:25:56,2019-11-15 01:29:42,22.0,79.2,129.6177214039433,31.772442588726513,30.204592901878915
215,2019-11-15 05:55:13,2019-11-15 06:50:27,50.0,77.6,131.8936618307166,30.13012048192771,27.52530120481928
216,2019-11-15 18:26:27,2019-11-15 20:04:23,14.4,97.6,128.97273225994928,34.64625850340136,32.76462585034014
217,2019-11-16 20:49:05,2019-11-16 22:33:17,13.2,97.6,130.2017033965245,33.73529411764706,32.46035805626598
218,2019-11-17 09:57:19,2019-11-17 11:57:40,38.0,97.6,130.6398502237137,29.435215946843854,28.021040974529345
219,2019-11-17 19:46:32,2019-11-17 20:56:51,43.6,97.6,130.57614836934158,35.29356060606061,33.45454545454545
220,2019-11-18 04:49:16,2019-11-18 05:57:35,46.4,97.6,130.77550872124567,33.23196881091618,30.920077972709553
221,2019-11-18 17:26:23,2019-11-18 19:08:11,15.6,97.6,128.72894989668023,34.77225130890052,33.07853403141361
222,2019-11-19 03:03:58,2019-11-19 03:58:48,40.4,90.0,131.02801074148744,29.95631067961165,27.08009708737864
223,2019-11-19 13:15:32,2019-11-19 14:15:10,30.4,84.0,130.3900905731758,28.276785714285715,26.997767857142858
224,2019-11-20 00:11:39,2019-11-20 01:44:19,10.0,70.0,128.89406523842595,29.20402298850575,27.535919540229884
225,2019-11-20 07:51:25,2019-11-20 10:13:58,15.2,96.8,128.80798799360022,27.77684407096172,25.30905695611578
226,2019-11-20 20:30:25,2019-11-20 22:01:33,42.8,94.8,131.7380633974359,29.76169590643275,28.660818713450293
227,2019-11-21 14:32:27,2019-11-21 15:58:06,20.4,70.4,127.99547204999999,30.077760497667185,28.455676516329703
228,2019-11-22 00:46:47,2019-11-22 01:59:38,15.6,83.6,130.44572002042486,30.451553930530164,28.73857404021938
229,2019-11-22 12:37:36,2019-11-22 13:47:20,43.6,97.6,129.63920652777782,30.55534351145038,29.072519083969464
230,2019-11-23 00:12:12,2019-11-23 01:27:43,28.4,92.8,130.24465366200826,31.659611992945326,29.88536155202822
231,2019-11-23 09:52:06,2019-11-23 11:12:17,51.2,97.6,130.95965378651823,29.026578073089702,27.197674418604652
232,2019-11-23 21:50:19,2019-11-23 23:09:27,33.2,97.2,130.25311181206598,33.370370370370374,31.811447811447813
233,2019-11-24 20:16:49,2019-11-24 21:54:21,44.4,93.6,131.37917791779586,30.788251366120218,29.706284153005466
234,2019-11-25 04:49:41,2019-11-25 06:14:46,29.6,97.6,129.92430838031044,31.921875,29.790625
235,2019-11-25 18:01:38,2019-11-25 20:39:17,18.0,97.6,129.2328188585288,32.91631445477599,31.186813186813186
236,2019-11-26 13:20:41,2019-11-26 17:56:44,12.4,92.8,128.75466417910448,29.857971014492755,28.32125603864734
237,2019-11-27 10:56:48,2019-11-27 12:35:48,25.2,76.8,127.06835799418607,27.860026917900402,26.526244952893673
238,2019-11-27 21:02:14,2019-11-27 23:11:28,17.2,84.4,128.94886812169315,31.098969072164948,29.537113402061856
239,2019-11-28 05:57:23,2019-11-28 06:51:17,60.0,97.6,130.91032697990548,27.28148148148148,24.765432098765434
240,2019-11-28 15:01:46,2019-11-28 16:39:18,31.2,94.4,129.04200366561182,28.584699453551913,27.116120218579233
241,2019-11-29 17:46:31,2019-11-29 19:14:43,30.0,97.6,125.72593730687052,24.99093655589124,23.919939577039276
242,2019-11-30 04:59:38,2019-11-30 06:06:29,50.8,97.6,129.95750861823362,24.219123505976096,22.239043824701195
243,2019-11-30 14:23:10,2019-11-30 16:14:03,13.2,70.4,129.57858223096346,28.686298076923077,27.221153846153847
244,2019-11-30 22:35:06,2019-11-30 23:39:40,28.0,88.4,129.85086220106697,30.23505154639175,28.4
245,2019-12-01 12:51:01,2019-12-01 13:25:49,70.8,97.6,119.14252762230517,28.722433460076047,27.61216730038023
246,2019-12-01 22:19:25,2019-12-02 00:21:46,43.6,83.6,131.01900956250006,26.945533769063182,24.775599128540303
247,2019-12-02 06:43:37,2019-12-02 08:09:49,35.2,85.2,129.5378065111111,24.216383307573416,21.302936630602783
248,2019-12-02 13:03:47,2019-12-02 14:30:39,48.0,97.6,130.82626724070346,25.86196319018405,23.929447852760735
249,2019-12-03 03:27:43,2019-12-03 05:57:49,8.400001,97.6,128.0329459436305,23.212255772646536,21.28063943161634
250,2019-12-03 11:43:29,2019-12-03 12:54:04,59.2,94.4,132.53270402856688,23.29245283018868,21.366037735849055
251,2019-12-04 00:17:33,2019-12-04 01:17:20,30.4,84.0,130.15604643967663,24.15367483296214,22.43652561247216
252,2019-12-04 01:18:16,2019-12-04 01:48:41,83.6,97.6,123.39406654761906,26.441048034934497,25.0
253,2019-12-04 10:56:00,2019-12-04 12:00:51,66.8,97.6,131.5073324404762,22.195071868583163,20.874743326488705
254,2019-12-04 16:59:21,2019-12-04 17:13:46,65.2,74.4,130.79620895229465,24.889908256880734,23.798165137614678
255,2019-12-04 23:40:14,2019-12-05 01:08:18,22.0,96.4,129.62035054696833,27.626323751891075,25.65809379727685
256,2019-12-05 17:35:47,2019-12-05 18:59:51,34.0,97.6,128.30963123908109,26.530903328050712,25.339144215530904
257,2019-12-06 02:54:59,2019-12-06 03:44:05,64.0,97.6,131.41171885747357,26.387533875338754,24.016260162601625
258,2019-12-06 15:39:44,2019-12-06 16:51:15,27.6,92.0,129.62060777044513,26.886405959031656,25.614525139664803
259,2019-12-07 01:27:43,2019-12-07 03:02:43,22.4,97.6,129.20927832446813,27.161290322580644,24.748948106591865
260,2019-12-07 20:59:03,2019-12-07 21:18:48,17.6,34.8,134.05362642118865,22.536912751677853,21.248322147651006
261,2019-12-07 21:54:51,2019-12-07 23:11:42,41.6,97.6,124.913007827381,27.383015597920277,26.175043327556327
262,2019-12-08 04:54:46,2019-12-08 05:55:24,61.2,94.8,132.57162528108466,24.072210065645514,20.669584245076585
263,2019-12-08 17:12:20,2019-12-08 19:53:15,16.8,97.6,130.19691426395767,27.11681855840928,25.79618889809445
264,2019-12-09 05:37:17,2019-12-09 07:28:58,9.2,97.6,130.37655170625945,25.557806912991655,23.191895113230036
265,2019-12-09 12:37:43,2019-12-09 13:24:57,66.0,97.6,130.47090719936713,26.72676056338028,24.72394366197183
266,2019-12-10 01:15:49,2019-12-10 02:41:53,22.4,95.2,130.01687857905978,27.515479876160992,25.3328173374613
267,2019-12-10 05:41:24,2019-12-10 07:06:31,56.4,97.6,132.08037249190937,27.708920187793428,24.01095461658842
268,2019-12-10 16:15:13,2019-12-10 17:30:36,28.0,92.8,130.59309566615227,31.818021201413426,30.226148409893995
269,2019-12-11 00:55:21,2019-12-11 02:05:48,46.0,97.6,131.29225550441433,28.206049149338373,25.266540642722116
270,2019-12-11 17:58:29,2019-12-11 20:23:15,8.8,97.6,130.0007555633759,30.316758747697975,28.915285451197054
271,2019-12-13 15:02:45,2019-12-13 16:22:24,35.2,97.6,130.18534623174858,29.187290969899667,27.698996655518396
272,2019-12-14 04:38:09,2019-12-14 06:23:26,10.4,97.6,129.80736900802754,29.287341772151898,27.28987341772152
273,2019-12-14 19:35:51,2019-12-14 21:32:20,26.0,97.6,129.64705394165114,30.91304347826087,29.5720823798627
274,2019-12-15 03:40:54,2019-12-15 05:19:15,35.2,91.6,130.76408609141058,30.037940379403793,27.104336043360433
275,2019-12-15 16:37:17,2019-12-15 17:07:02,32.0,58.8,129.37977002487565,29.558035714285715,28.142857142857142
276,2019-12-15 17:14:17,2019-12-15 18:02:03,59.2,97.6,126.22512737268521,32.41504178272981,30.682451253481894
277,2019-12-16 01:47:50,2019-12-16 03:04:57,32.0,96.4,130.63487228692202,31.488773747841105,29.208981001727114
278,2019-12-16 07:21:43,2019-12-16 08:07:29,64.8,97.6,132.12079714600276,31.65406976744186,28.694767441860463
279,2019-12-16 19:51:18,2019-12-16 21:39:19,38.0,97.6,131.34972239466816,30.97533908754624,29.68434032059186
280,2019-12-17 17:59:20,2019-12-17 19:11:20,38.8,75.6,130.44172774758457,30.45841035120148,29.255083179297596
281,2019-12-18 13:48:42,2019-12-18 15:00:11,24.8,62.0,128.80253161589008,30.792207792207794,29.020408163265305
282,2019-12-18 17:47:50,2019-12-18 18:24:56,44.0,65.2,131.24999999999997,32.61648745519713,31.229390681003583
283,2019-12-19 02:20:17,2019-12-19 03:50:53,14.8,92.8,130.73685893874645,32.088235294117645,30.41470588235294
284,2019-12-19 16:39:51,2019-12-19 18:15:31,17.6,79.2,129.6517555330087,26.36908077994429,24.18384401114206
285,2019-12-20 01:03:11,2019-12-20 03:07:48,11.2,74.8,130.09364091544373,25.427807486631018,23.186096256684493
286,2019-12-21 06:05:02,2019-12-21 08:01:06,28.8,89.2,127.51673730316409,20.752009184845004,19.822043628013777
287,2019-12-21 19:18:32,2019-12-21 20:50:19,36.4,89.6,129.68617119360903,26.404934687953556,25.030478955007258
288,2019-12-22 18:21:21,2019-12-22 19:58:37,19.6,97.6,129.57348241809117,28.54931506849315,27.004109589041096
289,2019-12-23 01:33:15,2019-12-23 02:51:10,20.0,89.6,128.68366709371008,29.23247863247863,26.77948717948718
290,2019-12-23 12:43:00,2019-12-23 14:08:39,28.4,97.6,128.11175465639053,27.995334370139968,26.527216174183515
291,2019-12-24 08:45:24,2019-12-24 10:08:55,29.6,97.6,126.88485983455884,27.44657097288676,26.50877192982456
292,2019-12-25 09:40:48,2019-12-25 10:22:41,79.2,97.6,130.49476505132856,21.584126984126986,20.580952380952382
293,2019-12-25 17:03:38,2019-12-25 17:59:00,57.6,97.6,131.97398459722228,28.891826923076923,27.40625
294,2019-12-26 03:18:13,2019-12-26 04:28:40,28.4,90.4,128.32938256272402,29.344045368620037,27.0586011342155
295,2019-12-26 13:58:46,2019-12-26 14:26:07,28.8,44.4,131.78261469017096,26.475728155339805,25.189320388349515
296,2019-12-26 14:50:13,2019-12-26 16:01:43,44.0,84.8,131.66244047862202,29.25512104283054,28.162011173184357
297,2019-12-26 23:31:06,2019-12-27 01:02:33,30.0,77.2,129.31407429672785,26.14078374455733,23.670537010159652
298,2019-12-27 15:41:44,2019-12-27 17:48:05,12.8,78.8,128.14580210858585,26.617088607594937,24.724683544303797
299,2019-12-28 02:09:07,2019-12-28 04:18:09,5.2,80.0,129.6687379010695,26.642561983471076,24.269628099173552
300,2019-12-28 07:21:23,2019-12-28 08:35:18,49.2,98.8,130.9742778533826,27.356756756756756,24.1009009009009
301,2019-12-28 22:28:50,2019-12-28 23:45:04,39.6,97.6,130.22994760057472,27.50785340314136,25.834205933682373
302,2019-12-29 13:36:21,2019-12-29 14:50:48,40.8,97.6,129.82195368251175,27.706618962432916,26.483005366726296
303,2019-12-29 20:34:05,2019-12-29 21:56:25,49.6,97.6,132.22646092592595,29.823624595469255,28.233009708737864
304,2019-12-30 06:25:46,2019-12-30 08:32:32,33.6,97.6,128.82240718576392,28.72660357518402,26.78864353312303
305,2019-12-30 17:28:29,2019-12-30 19:14:49,45.6,97.6,130.79508590598294,31.142857142857142,29.760651629072683
306,2019-12-31 07:56:31,2019-12-31 09:09:54,62.0,97.6,131.9962566853933,28.299455535390198,27.303085299455535
307,2020-01-01 00:53:03,2020-01-01 02:22:03,18.8,95.2,128.99067876672484,29.342814371257486,27.706586826347305
308,2020-01-01 07:03:04,2020-01-01 09:13:42,31.6,97.6,129.7359117929293,29.617346938775512,26.53061224489796
309,2020-01-02 00:24:21,2020-01-02 01:21:19,57.2,97.6,131.66244227516506,26.39485981308411,24.38317757009346
310,2020-01-02 22:18:13,2020-01-02 23:47:28,24.8,97.6,128.064356641102,28.349253731343282,26.67462686567164
311,2020-01-03 06:04:22,2020-01-03 07:22:30,37.6,97.6,130.32617127314816,28.38330494037479,25.533219761499147
312,2020-01-04 00:11:38,2020-01-04 00:39:07,23.2,49.2,130.4033687553419,26.82125603864734,25.03864734299517
313,2020-01-04 00:40:52,2020-01-04 01:41:43,49.2,96.4,127.48182635063559,30.544857768052516,28.547045951859957
314,2020-01-04 16:41:17,2020-01-04 18:25:21,9.6,97.6,129.2639709106692,33.0729833546735,31.727272727272727
315,2020-01-05 02:49:46,2020-01-05 03:51:57,31.2,86.4,131.65883461654587,31.289079229122056,28.36830835117773
316,2020-01-05 09:55:36,2020-01-05 11:02:11,48.0,97.6,130.33077095654124,28.764,26.19
317,2020-01-05 20:48:33,2020-01-05 22:13:11,30.8,97.6,130.75026703260147,31.22798742138365,29.61635220125786
318,2020-01-06 11:32:17,2020-01-06 12:37:00,54.4,86.8,132.4986083590535,27.954732510288064,26.862139917695472
319,2020-01-06 18:06:57,2020-01-06 19:08:59,47.6,86.4,133.2314286404639,31.36480686695279,30.113733905579398
320,2020-01-07 09:51:58,2020-01-07 10:28:56,44.8,57.2,129.6877737007168,25.881294964028775,24.845323741007196
321,2020-01-07 10:34:02,2020-01-07 11:46:13,56.8,80.4,133.05030992231636,27.282287822878228,26.129151291512915
322,2020-01-07 12:19:26,2020-01-07 12:44:07,79.6,88.0,127.73582939814807,28.35483870967742,27.0
323,2020-01-07 13:25:05,2020-01-07 13:42:41,88.0,96.8,86.80180103535356,29.0,27.43609022556391
324,2020-01-08 00:57:51,2020-01-08 02:20:53,16.4,89.6,130.38575635056168,32.48557692307692,30.61698717948718
325,2020-01-08 21:07:28,2020-01-08 23:29:05,10.8,97.6,129.82520865975425,30.793038570084665,29.422389463781748
326,2020-01-09 18:13:23,2020-01-09 19:56:47,14.4,97.6,128.99353446180558,32.100515463917525,30.89819587628866
327,2020-01-10 04:41:22,2020-01-10 06:18:46,18.8,97.6,131.04351874118726,32.78248974008208,30.110807113543093
328,2020-01-10 12:03:55,2020-01-10 13:28:30,48.4,98.0,131.14448913530467,31.26456692913386,29.103937007874016
329,2020-01-11 09:07:43,2020-01-11 09:46:40,12.0,34.4,131.0198729786707,27.56655290102389,26.344709897610922
330,2020-01-11 10:21:54,2020-01-11 10:59:15,34.4,56.4,127.91063667929295,29.93594306049822,28.704626334519574
331,2020-01-11 13:48:09,2020-01-11 14:05:54,60.4,73.2,104.51999342447915,30.0,29.0
332,2020-01-11 21:11:23,2020-01-11 22:41:11,26.0,97.6,127.027460469041,26.62166172106825,23.875370919881306
333,2020-01-12 01:20:38,2020-01-12 01:50:39,77.6,96.4,128.30187910017722,25.0,21.942477876106196
334,2020-01-12 17:02:44,2020-01-12 18:16:55,43.2,97.6,128.36779010671978,23.579892280071814,22.09874326750449
335,2020-01-13 13:38:03,2020-01-13 15:10:39,23.6,97.6,125.28150281531532,23.794244604316546,22.53381294964029
336,2020-01-14 01:34:53,2020-01-14 02:45:04,34.0,94.4,126.78040128311257,26.259962049335865,24.662239089184062
337,2020-01-14 05:10:39,2020-01-14 06:28:26,55.2,97.6,130.48325995151998,29.56678082191781,26.847602739726028
338,2020-01-14 19:35:08,2020-01-14 21:36:08,22.4,97.6,127.11848020833334,27.604625550660792,26.446035242290748
339,2020-01-17 09:24:41,2020-01-17 11:45:48,16.4,97.6,126.2663110119048,24.288951841359772,23.114258734655337
340,2020-01-17 20:05:19,2020-01-17 21:01:37,48.4,95.2,127.77043418209877,24.59338061465721,22.86997635933806
341,2020-01-18 20:48:45,2020-01-18 22:15:05,26.8,97.6,125.23536151914627,24.979938271604937,23.692901234567902
342,2020-01-19 14:17:46,2020-01-19 16:40:56,8.400001,97.6,126.00627693268125,23.76070763500931,22.373370577281193
343,2020-01-19 21:47:37,2020-01-19 22:29:07,61.2,94.0,130.45579545223578,23.69871794871795,21.19551282051282
344,2020-01-20 01:57:38,2020-01-20 02:57:00,56.4,97.6,127.17800086974111,23.5,20.41479820627803
345,2020-01-20 07:19:44,2020-01-20 08:30:51,31.2,93.6,126.06549866007836,25.737827715355806,23.131086142322097
346,2020-01-20 16:16:45,2020-01-20 17:26:16,56.8,97.6,128.83757692674294,25.674329501915707,24.226053639846743
347,2020-01-21 00:54:11,2020-01-21 02:06:11,42.4,97.6,128.11558084490744,27.005535055350553,24.789667896678967
348,2020-01-21 09:44:25,2020-01-21 11:09:32,28.4,97.6,126.95647813503534,27.918622848200314,25.83411580594679
349,2020-01-21 18:35:39,2020-01-21 19:50:46,37.6,97.6,127.09929296990741,30.0177304964539,28.25886524822695
350,2020-01-22 01:27:25,2020-01-22 03:15:37,42.8,97.6,127.68089146390918,28.514778325123153,25.732758620689655
351,2020-01-22 13:53:29,2020-01-22 14:43:15,42.4,87.6,126.6381529252704,27.486631016042782,26.302139037433154
352,2020-01-22 23:46:09,2020-01-23 01:17:32,20.0,97.6,125.76629465564149,30.89067055393586,29.15597667638484
353,2020-01-23 13:40:22,2020-01-23 14:48:48,56.4,97.6,129.22096338996766,30.55058365758755,29.219844357976655
354,2020-01-24 07:07:12,2020-01-24 09:03:26,23.6,97.6,126.3062408933934,28.854357798165136,27.168577981651374
355,2020-01-24 21:57:07,2020-01-24 23:27:43,21.2,97.6,126.84894469168124,32.63235294117647,31.075
356,2020-01-25 12:32:14,2020-01-25 13:15:44,70.0,97.6,127.95507924718198,25.65749235474006,23.770642201834864
357,2020-01-30 16:09:13,2020-01-30 17:26:48,38.0,97.6,126.34097070982475,23.237606837606837,21.83076923076923
358,2020-02-01 08:38:58,2020-02-01 10:31:02,4.0,97.6,125.85084962458453,24.12604042806183,22.953626634958383
359,2020-02-01 23:39:59,2020-02-02 01:20:51,16.8,97.6,126.63224036028605,25.833553500660503,24.50462351387054
360,2020-02-02 15:34:30,2020-02-02 16:29:52,54.8,96.0,128.1731009675027,22.927884615384617,21.88221153846154
361,2020-02-03 19:18:12,2020-02-03 20:49:44,24.0,97.6,127.0526914326691,24.79330422125182,23.03930131004367
362,2020-02-04 19:59:15,2020-02-04 21:57:52,0.0,97.6,127.36033249231559,26.687640449438202,25.146067415730336
363,2020-02-05 17:12:41,2020-02-05 18:33:48,34.0,97.6,126.65997995719775,22.458128078817733,21.22824302134647
364,2020-02-07 09:10:17,2020-02-07 10:41:09,26.4,97.6,123.51210074906369,23.334310850439884,22.451612903225808
365,2020-02-07 21:36:19,2020-02-07 22:55:10,36.0,97.6,126.91502526379873,25.7972972972973,24.197635135135137
366,2020-02-18 14:52:42,2020-02-18 16:33:10,17.2,97.6,124.8687597602267,23.5,22.092838196286472
367,2020-02-19 11:52:42,2020-02-19 12:47:16,68.4,97.6,128.87998160197878,20.397560975609757,19.258536585365853
368,2020-02-20 13:38:17,2020-02-20 15:49:58,23.2,97.6,127.26960456802571,29.950404858299596,28.592105263157894
369,2020-02-21 14:11:17,2020-02-21 16:35:47,16.4,97.6,127.35632564142038,28.612546125461254,27.274907749077492
370,2020-02-22 16:03:43,2020-02-22 17:23:47,32.4,97.6,127.59873855444788,33.62396006655574,32.25124792013311
371,2020-02-24 12:30:32,2020-02-24 14:14:36,12.0,97.6,127.45965226667965,31.216389244558258,29.733674775928296
372,2020-02-28 19:17:10,2020-02-28 20:39:21,27.6,96.8,126.02841184168277,29.701782820097243,28.286871961102108
373,2020-02-29 13:48:02,2020-02-29 15:01:09,40.8,97.6,127.82092967282865,30.94535519125683,29.74681238615665
374,2020-02-29 20:39:01,2020-02-29 21:35:52,54.4,97.6,128.64095746849281,33.730679156908664,31.78688524590164
375,2020-03-02 00:07:39,2020-03-02 01:41:42,20.0,97.6,127.24845234822453,32.242209631728045,30.788951841359772
376,2020-03-02 07:35:18,2020-03-02 09:26:59,4.4,97.6,129.67480919617313,35.51073985680191,33.01551312649165
377,2020-03-02 20:33:04,2020-03-02 21:54:51,30.8,97.6,127.9756326700765,31.60912052117264,29.58631921824104
378,2020-03-03 17:10:08,2020-03-03 19:31:12,16.8,97.6,126.330749669967,29.226628895184135,27.98583569405099
379,2020-03-04 00:40:10,2020-03-04 01:19:24,71.2,97.6,128.74727478956234,28.87457627118644,26.216949152542373
380,2020-03-05 01:30:29,2020-03-05 03:29:30,31.6,97.6,126.68887119107744,21.339305711086226,19.868980963045914
381,2020-03-06 11:39:20,2020-03-06 13:55:18,19.2,97.6,125.20976977040819,25.645098039215686,24.555882352941175
382,2020-03-07 03:20:18,2020-03-07 04:54:47,20.4,97.6,126.56636812032242,27.926657263751764,26.689703808180536
383,2020-03-07 16:46:55,2020-03-07 18:21:15,19.6,97.6,126.91359656695158,30.76129943502825,29.16949152542373
384,2020-03-08 22:49:09,2020-03-09 00:09:04,20.4,97.6,126.73894438147673,30.99,29.761666666666667
385,2020-03-09 16:31:19,2020-03-09 17:34:26,42.0,97.6,127.45657516237013,31.042194092827003,29.845991561181435
386,2020-03-10 17:40:36,2020-03-10 18:44:23,49.6,97.6,128.58880504918983,28.636743215031316,27.319415448851775
387,2020-03-11 03:00:25,2020-03-11 04:20:36,34.8,97.6,126.42459382740623,27.88704318936877,25.898671096345517
388,2020-03-11 22:11:56,2020-03-11 23:31:27,16.4,88.4,126.38271358024693,27.592964824120603,26.202680067001676
389,2020-03-12 11:45:03,2020-03-12 12:45:46,54.8,97.6,125.2077537253375,26.56140350877193,25.42105263157895
390,2020-03-12 21:59:37,2020-03-12 23:14:27,38.8,97.6,127.95638940145506,29.12455516014235,27.7864768683274
391,2020-03-13 06:01:30,2020-03-13 06:50:44,62.4,97.6,129.2097577020202,28.58108108108108,26.68918918918919
392,2020-03-13 15:42:07,2020-03-13 16:56:58,38.0,97.6,128.78515691181954,32.144128113879006,30.80427046263345
393,2020-03-14 05:22:02,2020-03-14 06:51:10,28.0,97.6,126.22906677442529,26.393124065769804,24.284005979073243
394,2020-03-14 17:30:18,2020-03-14 19:23:10,4.0,97.6,128.7335790360874,33.968122786304605,32.557260920897285
395,2020-03-15 08:51:32,2020-03-15 10:07:59,34.8,97.6,126.67254216427817,28.337979094076655,26.33275261324042
396,2020-03-16 10:26:03,2020-03-16 11:25:26,54.0,97.6,128.55632626146794,27.03811659192825,25.809417040358746
397,2020-03-16 20:29:36,2020-03-16 21:51:40,37.2,85.6,127.48034276859508,30.198051948051948,29.021103896103895
398,2020-03-17 20:54:41,2020-03-17 21:31:47,7.2,29.2,127.11999929292932,27.225806451612904,26.03942652329749
399,2020-03-17 21:57:22,2020-03-17 23:40:06,29.2,90.4,126.49136610838778,30.734111543450066,29.293125810635537
400,2020-03-18 12:11:44,2020-03-18 13:32:51,54.8,97.6,129.06560061656282,25.311986863711002,23.417077175697866
401,2020-03-18 21:45:23,2020-03-18 22:59:10,54.4,97.6,129.52966643197018,27.47292418772563,26.494584837545126
402,2020-03-19 04:59:10,2020-03-19 06:37:54,18.4,97.6,126.05551859918631,32.50472334682861,30.063427800269906
403,2020-03-19 18:04:32,2020-03-19 19:25:55,33.6,97.6,126.68535118923614,26.831423895253682,24.898527004909983
404,2020-03-20 13:49:56,2020-03-20 15:26:16,38.0,97.6,128.66824960850116,28.800829875518673,27.47579529737206
405,2020-03-21 01:33:59,2020-03-21 02:45:22,44.0,97.6,128.37607174803068,27.96082089552239,26.35820895522388
406,2020-03-22 15:46:15,2020-03-22 17:59:09,14.4,97.6,127.8236440604968,37.25376128385155,35.698094282848544
407,2020-03-23 17:22:07,2020-03-23 18:44:42,30.0,97.6,128.70158772394808,35.91612903225806,34.33225806451613
408,2020-03-24 15:13:53,2020-03-24 16:54:21,35.6,97.6,127.48851403673838,31.20822281167109,29.93899204244032
409,2020-03-24 22:03:13,2020-03-24 23:27:25,28.4,97.6,129.0027579258992,33.51184834123223,31.838862559241708
410,2020-03-25 10:27:10,2020-03-25 11:38:25,28.4,91.2,127.71128038305024,30.889719626168223,29.304672897196262
411,2020-03-26 06:43:46,2020-03-26 08:23:34,49.6,97.6,129.89120336550928,27.43524699599466,26.381842456608812
412,2020-03-27 13:57:25,2020-03-27 15:19:12,22.8,94.4,126.80777669537552,33.26976365118174,31.81907090464548
413,2020-03-28 03:57:42,2020-03-28 05:01:28,46.8,96.4,128.33801229558688,26.952978056426332,25.08881922675026
414,2020-03-28 05:04:49,2020-03-28 05:48:42,56.4,97.6,104.32343324568505,29.842185128983306,27.532625189681337
415,2020-03-28 16:23:00,2020-03-28 16:58:14,60.0,90.0,129.67032814351853,26.1531190926276,25.05103969754253
416,2020-03-29 02:17:40,2020-03-29 04:07:37,6.8,97.6,127.86327652961332,29.631515151515153,27.612121212121213
417,2020-03-29 11:35:22,2020-03-29 12:38:36,51.6,97.6,127.6959384933575,28.056842105263158,25.854736842105265
418,2020-03-30 10:30:56,2020-03-30 11:52:55,36.0,97.6,127.04494009740262,21.70292207792208,20.607142857142858
419,2020-03-31 00:48:23,2020-03-31 02:49:48,23.2,97.6,126.59018624925329,22.703622392974754,21.254665203073547
420,2020-03-31 15:01:11,2020-03-31 16:12:18,42.0,96.8,127.5239711045215,23.653558052434455,22.239700374531836
421,2020-04-01 10:49:52,2020-04-01 12:02:44,44.8,97.6,127.43312636258418,21.745886654478976,20.694698354661792
422,2020-04-02 12:19:02,2020-04-02 13:26:57,48.4,97.6,127.56105860433607,23.141176470588235,22.00588235294118
423,2020-04-02 16:55:08,2020-04-02 17:51:02,69.2,97.6,129.53761710191708,24.75952380952381,23.38095238095238
424,2020-04-03 15:14:49,2020-04-03 16:39:41,52.8,97.6,129.12112003348216,22.488226059654632,21.30298273155416
425,2020-04-04 00:31:37,2020-04-04 01:56:53,20.0,91.2,127.28537852098938,26.7515625,24.728125
426,2020-04-04 13:26:57,2020-04-04 14:40:12,45.6,97.6,128.34776689102566,25.75090909090909,24.594545454545454
427,2020-04-05 16:22:42,2020-04-05 19:00:09,8.400001,97.6,126.69840153249335,23.16511430990686,21.994919559695173
428,2020-04-07 10:29:23,2020-04-07 12:01:12,22.0,97.2,124.80919486554373,23.61449275362319,22.357971014492755
429,2020-04-07 20:05:15,2020-04-07 21:17:10,43.6,97.6,128.26167313528808,27.892592592592592,26.36111111111111
430,2020-04-08 17:39:00,2020-04-08 18:35:27,56.8,97.6,128.34798384395427,26.278301886792452,25.360849056603772
431,2020-04-09 00:42:44,2020-04-09 04:00:04,40.0,97.6,128.4724151427469,30.55135135135135,28.232432432432432
432,2020-04-09 14:36:27,2020-04-09 15:47:34,22.4,89.6,127.59598649140216,34.09925093632959,32.50936329588015
433,2020-04-10 02:09:35,2020-04-10 03:43:55,19.6,97.6,127.43979415776356,32.313559322033896,30.081920903954803
434,2020-04-10 18:03:45,2020-04-10 19:38:05,20.0,97.6,126.43931258054127,35.1228813559322,33.56638418079096
435,2020-04-11 07:54:16,2020-04-11 09:08:35,39.2,97.6,128.70234856116824,31.07347670250896,29.030465949820787
436,2020-04-12 07:42:50,2020-04-12 09:20:29,17.6,97.6,125.36624373784726,24.605729877216916,23.496589358799454
437,2020-04-12 19:22:32,2020-04-12 22:11:51,31.2,90.0,124.74603175736961,28.443307086614173,26.781889763779528
438,2020-04-12 22:38:32,2020-04-12 23:03:21,89.2,97.6,128.0238096560848,28.90909090909091,27.0
439,2020-04-13 12:04:50,2020-04-13 12:53:24,61.2,97.6,127.44358105921859,26.257534246575343,25.16986301369863
440,2020-04-13 22:04:43,2020-04-13 23:27:42,27.6,97.6,125.42040293650795,32.017656500802566,30.40449438202247
441,2020-04-14 16:00:28,2020-04-14 17:47:44,27.2,97.2,125.44909344444446,30.168944099378884,28.991304347826087
442,2020-04-15 01:07:35,2020-04-15 02:06:57,50.4,97.6,127.01499028954804,28.513452914798208,26.19506726457399
443,2020-04-15 10:28:52,2020-04-15 11:27:35,45.2,94.8,126.54763907090054,27.131519274376416,25.56235827664399
444,2020-04-15 16:12:36,2020-04-15 17:42:15,46.0,97.6,128.24278697243759,34.312035661218424,32.861812778603266
445,2020-04-16 12:17:39,2020-04-16 13:40:46,29.6,97.6,125.74432961192812,30.588141025641026,29.387820512820515
446,2020-04-17 13:53:18,2020-04-17 14:46:25,55.6,97.6,127.36201502976195,30.79949874686717,29.468671679197996
447,2020-04-18 13:28:53,2020-04-18 15:56:51,10.8,97.6,126.65051856758834,31.275675675675675,30.03963963963964
448,2020-04-19 08:34:11,2020-04-19 09:18:53,36.0,62.8,125.32113061774464,30.330357142857142,29.43154761904762
449,2020-04-19 09:54:38,2020-04-19 10:39:44,63.2,91.6,119.37737388497654,32.206489675516224,31.150442477876105
450,2020-04-20 03:07:11,2020-04-20 04:29:06,27.6,97.6,126.02530902182541,33.78536585365854,32.265040650406505
451,2020-04-20 22:38:32,2020-04-21 00:12:53,32.8,96.8,126.49283854166666,34.9442119944212,33.241283124128316
452,2020-04-21 17:52:03,2020-04-21 18:41:01,59.6,97.6,127.28216350877194,35.77989130434783,34.30978260869565
453,2020-04-22 05:15:59,2020-04-22 06:16:25,49.2,97.6,126.97474052169424,32.03303964757709,29.352422907488986
454,2020-04-22 21:28:24,2020-04-22 22:44:51,40.0,97.6,126.9472753303434,25.130662020905923,23.44425087108014
455,2020-04-23 15:30:14,2020-04-23 16:40:49,18.4,84.4,124.13762253787878,27.233962264150943,25.79811320754717
456,2020-04-24 03:09:51,2020-04-24 04:14:33,46.8,97.6,126.62229023676727,26.66460905349794,24.800411522633745
457,2020-04-24 14:09:25,2020-04-24 14:43:35,22.0,42.0,126.41663819444442,23.631067961165048,21.825242718446603
458,2020-04-24 14:43:56,2020-04-24 15:10:46,42.0,58.8,118.1944178240741,25.598765432098766,23.82716049382716
459,2020-04-24 15:11:07,2020-04-24 15:39:17,59.2,76.4,121.18214324935397,26.676470588235293,25.0
460,2020-04-24 15:39:38,2020-04-24 16:10:38,76.4,94.8,124.67388496376815,27.144385026737968,25.459893048128343
461,2020-04-26 12:23:15,2020-04-26 12:50:45,40.8,52.4,126.18296803160918,26.92168674698795,25.49397590361446
462,2020-04-26 12:51:06,2020-04-26 13:24:46,52.8,66.4,126.41546629901951,28.0,26.783251231527093
463,2020-04-26 13:25:07,2020-04-26 13:56:17,66.4,78.8,125.23972446236569,28.52659574468085,27.0
464,2020-04-26 13:56:38,2020-04-26 14:30:08,78.8,91.6,127.96986111111114,29.0,27.633663366336634
465,2020-04-27 00:41:23,2020-04-27 01:06:13,10.8,33.6,127.269749329922,32.913333333333334,30.44
466,2020-04-27 01:07:44,2020-04-27 01:35:44,33.6,59.6,125.7200920940171,35.260355029585796,32.994082840236686
467,2020-04-27 01:36:05,2020-04-27 02:08:15,60.0,88.8,126.5253743248457,37.28350515463917,34.88659793814433
468,2020-04-27 02:08:36,2020-04-27 02:25:56,89.2,97.6,131.55425396825407,37.80952380952381,35.0
469,2020-04-27 11:51:48,2020-04-27 12:26:58,50.8,83.2,126.71811591220849,34.39622641509434,32.77358490566038
470,2020-04-27 12:27:19,2020-04-27 12:49:59,83.6,97.6,128.6805849206349,35.0,33.91240875912409
471,2020-04-28 14:04:06,2020-04-28 14:22:06,28.0,42.4,125.97126697530865,29.0,27.954128440366972
472,2020-04-28 14:22:27,2020-04-28 14:55:07,42.4,68.4,122.00749257478631,31.634517766497463,30.446700507614214
473,2020-04-28 14:55:28,2020-04-28 15:25:48,68.4,90.4,125.10102133838386,33.25136612021858,32.0
474,2020-04-29 03:13:14,2020-04-29 03:39:14,68.0,90.8,128.7439177631579,31.50955414012739,29.687898089171973
475,2020-04-29 17:07:27,2020-04-29 17:34:17,26.0,50.8,126.2668043234767,35.08024691358025,33.51234567901235
476,2020-04-29 17:46:28,2020-04-29 18:04:28,60.4,77.2,125.03307208994707,38.18348623853211,36.73394495412844
477,2020-04-30 20:34:36,2020-04-30 20:57:36,40.0,61.2,126.25394378930821,34.884892086330936,33.28776978417266
478,2020-04-30 20:57:57,2020-04-30 21:26:47,61.6,87.6,126.80931260683768,36.51724137931034,34.764367816091955
479,2020-05-01 01:40:20,2020-05-01 02:11:00,63.6,90.8,125.87265323733664,35.63243243243243,33.15135135135135
480,2020-05-01 12:46:33,2020-05-01 13:16:13,67.2,92.4,125.62720447530864,35.94972067039106,34.55307262569833
481,2020-05-02 03:40:47,2020-05-02 03:58:37,6.4,22.8,127.55758926151763,32.0,30.14814814814815
482,2020-05-02 03:58:58,2020-05-02 04:29:18,23.2,51.6,125.39171816314554,33.97267759562842,32.27322404371585
483,2020-05-02 04:29:39,2020-05-02 04:57:59,51.6,78.0,126.00325289351852,36.74269005847953,35.08771929824562
484,2020-05-02 04:58:20,2020-05-02 05:27:00,78.4,97.6,127.38137811053247,37.907514450867055,36.0
485,2020-05-02 14:49:03,2020-05-02 15:16:43,53.2,69.6,126.80558367208678,36.01796407185629,34.874251497005986
486,2020-05-02 15:17:04,2020-05-02 15:52:34,70.0,90.8,128.28929126602569,37.0,35.0
487,2020-05-03 02:34:53,2020-05-03 03:03:53,56.0,74.0,125.93515833333333,34.06857142857143,32.08571428571429
488,2020-05-03 03:04:14,2020-05-03 03:30:24,74.0,90.4,124.71711432926824,35.0,33.0
489,2020-05-03 17:08:52,2020-05-03 17:31:42,35.6,49.2,125.9211603349673,38.38405797101449,36.630434782608695
490,2020-05-03 17:32:03,2020-05-03 17:58:53,49.6,65.6,125.78125000000007,39.73456790123457,38.0
491,2020-05-03 17:59:14,2020-05-03 18:30:24,66.0,84.4,127.04181801026569,40.0,38.87234042553192
492,2020-05-03 18:30:45,2020-05-03 18:53:35,84.8,97.6,131.44205805121533,40.007246376811594,39.0
493,2020-05-04 03:13:17,2020-05-04 03:43:37,24.8,49.2,125.25957701502732,36.04371584699454,33.76502732240437
494,2020-05-04 03:43:58,2020-05-04 04:16:18,49.6,74.4,125.30411195116487,37.89795918367347,35.82142857142857
495,2020-05-04 04:17:09,2020-05-04 04:45:59,75.2,94.8,127.75653826530615,38.0,36.0
496,2020-05-04 17:04:24,2020-05-04 17:27:34,29.6,51.2,124.95242361111112,40.07857142857143,38.48571428571429
497,2020-05-04 17:27:55,2020-05-04 17:56:55,51.6,78.4,126.05981234452734,42.462857142857146,40.777142857142856
498,2020-05-04 17:57:16,2020-05-04 18:24:06,78.8,97.6,128.00533458924352,43.0,41.111111111111114
499,2020-05-05 18:40:42,2020-05-05 19:00:52,22.0,40.8,125.13151758274235,38.99180327868852,37.377049180327866
500,2020-05-05 19:01:13,2020-05-05 19:30:13,40.8,68.0,124.56701123366014,41.42285714285714,40.011428571428574
501,2020-05-05 19:30:34,2020-05-05 20:01:34,68.4,94.0,126.13173600260421,42.98930481283423,41.101604278074866
502,2020-05-06 02:50:37,2020-05-06 03:22:37,64.4,91.6,127.40400408496737,38.994818652849744,36.44559585492228
503,2020-05-07 18:16:44,2020-05-07 18:49:04,60.8,82.0,127.09643605870018,39.0,37.343589743589746
504,2020-05-07 18:49:25,2020-05-07 19:15:05,82.4,97.2,128.2038650525526,39.0,38.0
505,2020-05-08 02:45:33,2020-05-08 03:11:53,38.4,54.4,123.39409887152779,36.64150943396226,34.459119496855344
506,2020-05-08 03:12:14,2020-05-08 03:41:14,54.4,71.6,126.45348837209305,37.97714285714286,35.78285714285714
507,2020-05-08 03:41:35,2020-05-08 04:10:15,72.0,88.8,127.97784408068785,38.0,36.0
508,2020-05-08 18:44:34,2020-05-08 19:15:24,21.2,39.6,125.95866319444444,37.06989247311828,34.98924731182796
509,2020-05-08 19:15:45,2020-05-08 19:50:35,39.6,61.2,121.21530439814818,39.00952380952381,37.076190476190476
510,2020-05-08 19:50:56,2020-05-08 20:21:06,61.2,79.6,123.23523263888899,40.0,38.0
511,2020-05-08 20:21:27,2020-05-08 20:51:07,79.6,97.2,126.68721101641411,40.0,38.0
512,2020-05-09 13:21:33,2020-05-09 13:45:53,53.6,69.6,127.74737161458339,37.0,35.51020408163265
513,2020-05-09 13:46:14,2020-05-09 14:14:24,70.0,88.4,128.63222539251205,37.411764705882355,36.0
514,2020-05-09 23:58:28,2020-05-10 00:18:08,59.2,77.2,127.53318541666667,36.0,35.0
515,2020-05-10 00:18:29,2020-05-10 00:45:59,77.2,97.6,126.10364222494563,36.95783132530121,35.825301204819276
516,2020-05-10 06:34:57,2020-05-10 07:05:17,20.8,41.6,126.48572015224357,37.63934426229508,35.18032786885246
517,2020-05-10 07:05:38,2020-05-10 07:35:38,41.6,62.8,122.6729591194969,39.6243093922652,37.248618784530386
518,2020-05-10 07:35:59,2020-05-10 07:54:09,62.8,75.6,123.15431195746534,40.42727272727273,38.0
519,2020-05-10 19:04:35,2020-05-10 19:39:15,62.0,84.8,126.19888109161799,34.99043062200957,32.196172248803826
520,2020-05-10 19:39:36,2020-05-10 20:01:56,84.8,97.6,128.59052788628475,35.0,33.0
521,2020-05-11 01:59:53,2020-05-11 02:27:23,48.4,72.0,126.33710781544256,34.13855421686747,31.825301204819276
522,2020-05-11 02:27:44,2020-05-11 02:57:54,72.0,94.8,126.8695266203704,35.48351648351648,33.027472527472526
523,2020-05-11 14:58:35,2020-05-11 15:23:35,20.8,44.0,126.88699113984676,35.794701986754966,33.71523178807947
524,2020-05-11 15:23:56,2020-05-11 15:45:46,44.4,65.2,123.60178031517093,38.46212121212121,36.49242424242424
525,2020-05-11 15:46:07,2020-05-11 16:13:27,65.2,89.6,126.00639145036436,39.81818181818182,37.8969696969697
526,2020-05-12 11:55:36,2020-05-12 12:24:46,18.4,41.2,127.67910173001947,31.454545454545453,29.84090909090909
527,2020-05-12 12:25:07,2020-05-12 12:56:17,41.6,66.4,125.27443475582436,34.04255319148936,32.4468085106383
528,2020-05-12 12:56:38,2020-05-12 13:26:38,66.8,90.0,126.53198790708811,35.248618784530386,33.80110497237569
529,2020-05-12 20:26:28,2020-05-12 20:54:58,50.0,76.0,126.87178493589744,37.52325581395349,35.56976744186046
530,2020-05-12 20:55:19,2020-05-12 21:25:49,76.4,97.6,129.2754433962265,38.0,36.0
531,2020-05-13 14:39:49,2020-05-13 15:09:49,50.4,78.0,127.12310386473429,35.75690607734806,34.270718232044196
532,2020-05-14 06:16:59,2020-05-14 06:48:09,64.0,90.8,127.57929099295191,31.319148936170212,29.78191489361702
533,2020-05-14 17:05:40,2020-05-14 17:29:50,59.2,81.2,128.30809532828283,36.95890410958904,34.657534246575345
534,2020-05-15 01:26:43,2020-05-15 01:55:33,45.6,72.4,125.44101632462686,34.9080459770115,33.17816091954023
535,2020-05-15 01:55:54,2020-05-15 02:24:24,72.8,94.8,129.1698293560606,36.0,34.06976744186046
536,2020-05-15 17:27:35,2020-05-15 17:56:45,48.8,75.6,126.99938111525707,38.96022727272727,37.27272727272727
537,2020-05-15 17:57:06,2020-05-15 18:26:46,76.0,97.6,127.57074729938276,40.0,38.01117318435754
538,2020-05-16 14:35:32,2020-05-16 15:04:22,15.2,41.6,127.24221580387206,38.293103448275865,36.43103448275862
539,2020-05-16 15:04:43,2020-05-16 15:35:43,42.0,70.4,127.14642649647885,41.01604278074866,39.20855614973262
540,2020-05-16 23:47:36,2020-05-17 00:19:26,18.0,47.2,126.51162395357689,36.09375,32.364583333333336
541,2020-05-17 00:19:47,2020-05-17 00:47:27,47.6,73.6,123.52405619658123,38.75449101796407,35.31736526946108
542,2020-05-17 00:47:48,2020-05-17 01:17:58,74.0,96.8,126.32614717348932,39.85164835164835,36.0
543,2020-05-17 21:13:42,2020-05-17 21:41:22,35.2,60.8,125.88759027777785,36.26946107784431,33.604790419161674
544,2020-05-18 03:42:25,2020-05-18 04:04:55,82.0,97.6,129.91988942307697,32.89705882352941,31.0
545,2020-05-18 16:53:41,2020-05-18 17:29:21,44.4,78.0,125.25879803240743,36.413953488372094,34.776744186046514
546,2020-05-18 17:29:42,2020-05-18 17:55:12,78.4,97.2,126.4184431885343,38.0,36.04545454545455
547,2020-05-19 00:25:43,2020-05-19 00:54:33,78.0,97.6,128.73937627551024,36.0,34.0
548,2020-05-19 09:08:24,2020-05-19 09:36:04,75.6,90.4,128.79975647522514,33.0,32.0
549,2020-05-19 18:12:30,2020-05-19 18:42:20,49.6,68.8,128.88820941840285,37.0,35.0
550,2020-05-19 18:42:41,2020-05-19 19:07:31,69.2,85.2,128.8073404513889,37.48,35.74
551,2020-05-20 05:10:39,2020-05-20 05:44:19,18.4,38.4,127.93336138888893,34.423645320197046,32.2807881773399
552,2020-05-20 05:44:40,2020-05-20 06:12:20,38.8,55.6,125.15875760582009,36.25149700598802,33.93413173652694
553,2020-05-20 06:12:41,2020-05-20 06:43:01,56.0,74.4,125.28988254830915,37.0,35.0
554,2020-05-20 06:57:51,2020-05-20 07:23:01,83.2,97.6,128.85226456404334,37.723684210526315,35.0
555,2020-05-20 14:19:23,2020-05-20 14:40:23,47.2,66.4,126.80773719618053,37.70866141732284,36.04724409448819
556,2020-05-20 14:40:44,2020-05-20 15:08:24,66.4,90.4,125.71298182870369,38.98802395209581,37.449101796407184
557,2020-05-21 02:43:37,2020-05-21 03:13:27,20.8,48.4,126.11815730676328,33.227777777777774,31.094444444444445
558,2020-05-21 03:13:48,2020-05-21 03:46:18,48.4,79.2,123.10786453823954,36.14795918367347,33.82142857142857
559,2020-05-21 14:06:14,2020-05-21 14:31:44,29.6,52.8,127.82031459530656,35.66233766233766,33.88961038961039
560,2020-05-21 14:32:05,2020-05-21 15:04:35,53.2,83.2,125.99355083333337,38.38265306122449,36.6530612244898
561,2020-05-21 16:55:27,2020-05-21 17:12:47,65.6,77.2,125.97224281609188,38.67619047619048,36.98095238095238
562,2020-05-21 17:13:08,2020-05-21 17:40:38,77.6,95.2,128.15341871843432,39.0,37.0
563,2020-05-21 21:24:46,2020-05-21 21:56:56,54.4,72.4,128.7106642746913,37.0,34.0
564,2020-05-21 21:57:17,2020-05-21 22:26:07,72.8,88.4,127.64158226495717,37.0,34.0
565,2020-05-21 22:26:28,2020-05-21 22:46:28,88.4,97.6,126.2077415458939,36.81818181818182,34.0
566,2020-05-22 15:21:41,2020-05-22 15:55:41,12.8,30.4,126.64612818813133,31.097560975609756,29.380487804878047
567,2020-05-22 15:56:02,2020-05-22 16:30:02,30.4,48.4,125.65275046296296,32.74634146341464,31.214634146341464
568,2020-05-22 16:30:23,2020-05-22 17:02:53,48.8,66.4,122.8314119318181,34.53061224489796,32.9030612244898
569,2020-05-22 17:03:14,2020-05-22 17:33:14,66.4,82.4,124.72827144097225,35.0,33.35911602209945
570,2020-05-22 17:33:35,2020-05-22 18:02:55,82.8,97.6,130.63248141891896,35.0,34.0
571,2020-05-23 17:23:50,2020-05-23 17:53:40,22.4,50.4,126.94791899801588,36.166666666666664,34.455555555555556
572,2020-05-23 17:54:01,2020-05-23 18:24:51,50.8,80.4,123.9086030405405,39.44086021505376,37.924731182795696
573,2020-05-24 11:54:28,2020-05-24 12:33:24,48.4,84.0,127.00438807740323,33.347457627118644,32.182203389830505
574,2020-05-24 12:33:45,2020-05-24 12:57:05,84.4,97.6,127.13805103114491,35.0,33.680851063829785
575,2020-05-24 22:22:36,2020-05-24 22:53:26,27.6,50.0,125.54442336309526,35.72043010752688,33.983870967741936
576,2020-05-24 22:53:47,2020-05-24 23:20:47,50.0,70.0,123.16947638888887,37.80368098159509,35.9079754601227
577,2020-05-24 23:21:08,2020-05-24 23:57:38,70.4,95.2,127.91166140232978,38.64545454545455,36.836363636363636
578,2020-05-25 14:36:58,2020-05-25 15:06:28,29.6,51.6,123.39585890151517,36.337078651685395,34.50561797752809
579,2020-05-25 15:06:49,2020-05-25 15:35:09,51.6,72.8,122.96254913522017,38.63742690058479,36.77777777777778
580,2020-05-25 15:35:30,2020-05-25 16:04:00,73.2,92.8,128.45169940476197,39.0,37.46511627906977
581,2020-05-26 01:18:43,2020-05-26 01:47:03,28.4,49.2,125.47680114850428,33.78947368421053,30.818713450292396
582,2020-05-26 01:47:24,2020-05-26 02:19:14,49.2,72.8,124.20259904661022,35.807291666666664,32.989583333333336
583,2020-05-26 02:19:35,2020-05-26 02:39:24,72.8,87.2,126.82623935185184,36.75,34.0
584,2020-05-26 16:41:13,2020-05-26 17:13:13,44.4,74.0,126.43019923048051,38.487046632124354,36.590673575129536
585,2020-05-26 17:13:34,2020-05-26 17:38:34,74.4,94.0,127.62614505385493,39.71523178807947,38.0
586,2020-05-27 02:30:34,2020-05-27 02:55:34,6.4,19.2,127.22870151909721,38.0,35.0
587,2020-05-27 02:55:55,2020-05-27 03:21:15,19.6,32.8,127.6262306397307,38.0,35.0
588,2020-05-27 03:21:36,2020-05-27 03:45:16,33.2,45.2,129.7650144675926,38.57342657342657,35.51748251748252
589,2020-05-27 04:33:48,2020-05-27 04:52:08,45.2,54.4,128.81639281400973,38.11711711711712,35.06306306306306
590,2020-05-27 04:52:29,2020-05-27 05:22:19,54.8,70.4,127.1652129629629,39.0,36.0
591,2020-05-27 05:22:40,2020-05-27 05:51:40,70.4,85.6,126.86217964181299,39.0,36.0
592,2020-05-27 05:52:01,2020-05-27 06:15:21,85.6,97.6,128.36803217592595,39.0,35.56737588652482
593,2020-05-27 18:07:52,2020-05-27 18:37:42,47.6,68.8,127.58776519916142,34.544444444444444,32.91111111111111
594,2020-05-27 18:38:03,2020-05-27 19:09:03,69.2,90.8,127.70767418981481,35.0,33.31550802139037
595,2020-05-28 03:45:48,2020-05-28 04:10:48,39.2,53.2,127.70039890873015,32.82781456953642,30.814569536423843
596,2020-05-28 04:11:09,2020-05-28 04:43:09,53.6,72.4,127.66400753546097,34.0,32.0
597,2020-05-28 04:43:30,2020-05-28 05:13:00,72.8,90.0,128.63533607881135,34.241573033707866,32.59550561797753
598,2020-05-28 14:59:18,2020-05-28 15:28:48,43.6,65.6,125.52716944444451,35.264044943820224,33.73033707865169
599,2020-05-28 15:29:09,2020-05-28 15:51:49,66.0,82.4,129.4986720867208,36.21167883211679,35.0
600,2020-05-29 02:46:29,2020-05-29 03:21:29,68.8,93.2,127.69010587431691,33.317535545023695,32.165876777251185
601,2020-05-29 16:04:56,2020-05-29 16:30:56,35.6,54.8,124.80400672743062,34.81528662420382,33.382165605095544
602,2020-05-29 16:31:17,2020-05-29 17:03:27,55.2,78.4,127.82869701867816,36.47938144329897,34.94845360824742
603,2020-05-29 17:03:48,2020-05-29 17:33:58,78.8,97.6,128.84457380319148,37.0,35.84065934065934
604,2020-05-31 07:00:37,2020-05-31 07:20:47,10.4,24.8,126.71686516203707,30.0,29.0
605,2020-05-31 07:21:08,2020-05-31 07:48:08,24.8,44.4,124.59045705782314,31.539877300613497,30.539877300613497
606,2020-05-31 07:48:29,2020-05-31 08:13:09,44.4,62.4,123.92519066358025,33.852348993288594,32.630872483221474
607,2020-05-31 08:13:30,2020-05-31 08:46:10,62.4,85.6,127.34797952586212,35.065989847715734,33.95939086294416
608,2020-05-31 08:46:31,2020-05-31 09:06:11,86.0,97.6,130.94114523467445,36.0,34.0
609,2020-06-01 03:17:53,2020-06-01 03:45:03,48.0,68.0,125.84863138888889,30.46951219512195,29.408536585365855
610,2020-06-01 03:45:24,2020-06-01 04:10:54,68.0,86.8,125.70924246453905,31.51298701298701,30.318181818181817
611,2020-06-01 04:11:15,2020-06-01 04:32:55,86.8,97.6,124.49717296810702,32.0,31.0
612,2020-06-01 21:56:48,2020-06-01 22:27:58,47.6,76.8,125.66687452435316,33.430851063829785,31.79255319148936
613,2020-06-01 22:28:19,2020-06-01 22:58:39,76.8,97.6,126.58587713675217,34.967213114754095,33.0
614,2020-06-02 03:40:00,2020-06-02 04:09:50,69.2,93.2,129.32813547453705,33.977777777777774,31.511111111111113
615,2020-06-02 05:41:04,2020-06-02 06:07:54,72.8,93.6,124.45046467681627,35.388888888888886,32.623456790123456
616,2020-06-02 17:38:44,2020-06-02 18:06:24,19.6,44.8,128.0979999448854,31.70059880239521,29.718562874251496
617,2020-06-02 18:06:45,2020-06-02 18:33:15,45.2,70.0,124.65670491711471,34.78125,32.99375
618,2020-06-02 18:33:36,2020-06-02 18:56:46,70.4,90.4,125.23959395833334,36.07142857142857,34.378571428571426
619,2020-06-03 03:12:37,2020-06-03 03:33:57,34.8,54.4,126.46402395124716,33.0,30.96124031007752
620,2020-06-03 03:34:18,2020-06-03 04:03:18,54.8,81.6,125.83802907338315,35.16,33.04571428571428
621,2020-06-03 04:03:39,2020-06-03 04:26:19,81.6,97.2,126.77086244658118,36.0,34.0
622,2020-06-03 10:53:38,2020-06-03 11:21:38,49.2,65.6,128.61791463414642,35.562130177514796,33.89349112426036
623,2020-06-03 11:21:59,2020-06-03 11:49:59,66.0,82.4,128.6179146341463,36.0,34.928994082840234
624,2020-06-03 11:50:20,2020-06-03 12:17:40,82.8,97.6,130.66538363363367,36.551515151515154,35.0
625,2020-06-03 18:50:08,2020-06-03 19:19:08,58.4,74.4,128.9496688368055,33.96,31.0
626,2020-06-03 19:19:29,2020-06-03 19:37:39,74.8,84.4,130.41668113425914,34.0,31.51818181818182
627,2020-06-03 19:41:22,2020-06-03 20:04:52,85.6,97.6,128.8437744212963,34.0,32.0
628,2020-06-04 04:23:49,2020-06-04 04:46:19,46.8,54.8,128.45662864583335,32.0,30.080882352941178
629,2020-06-04 04:46:40,2020-06-04 05:11:40,54.8,64.0,125.56312590579705,32.0,31.0
630,2020-06-04 05:12:01,2020-06-04 05:33:51,64.0,71.6,127.75222770467845,32.0,31.0
631,2020-06-04 05:52:12,2020-06-04 06:10:22,71.6,78.4,127.09971160130704,32.0,31.0
632,2020-06-04 06:10:43,2020-06-04 06:37:33,78.8,87.6,132.64209627525258,32.0,31.0
633,2020-06-04 17:27:08,2020-06-04 17:57:58,22.8,40.8,129.04323842592598,37.435483870967744,35.236559139784944
634,2020-06-04 17:58:19,2020-06-04 18:26:29,41.2,58.0,126.30293799603179,39.44705882352941,37.46470588235294
635,2020-06-04 18:26:50,2020-06-04 18:57:50,58.4,76.8,126.92031793478264,40.775401069518715,38.967914438502675
636,2020-06-04 18:58:11,2020-06-04 19:23:51,77.2,92.4,127.20763048245614,41.0,39.0
637,2020-06-05 07:56:59,2020-06-05 08:19:39,36.0,57.2,124.8427783018868,34.85401459854015,33.715328467153284
638,2020-06-05 08:20:00,2020-06-05 08:52:00,57.2,86.8,126.37154579579584,37.25388601036269,35.979274611398964
639,2020-06-05 08:52:21,2020-06-05 09:11:01,87.2,97.6,130.00533961004285,38.0,37.0
640,2020-06-06 01:09:22,2020-06-06 01:40:22,19.2,48.0,127.23571315586418,33.27272727272727,31.663101604278076
641,2020-06-06 01:40:43,2020-06-06 02:10:13,48.4,76.4,124.5391735615079,36.53370786516854,34.71910112359551
642,2020-06-06 06:56:59,2020-06-06 08:01:58,50.8,97.6,128.79671940289649,35.670081967213115,33.346311475409834
643,2020-06-06 16:35:46,2020-06-06 17:04:26,54.0,74.4,127.72400061274504,33.982658959537574,31.55491329479769
644,2020-06-06 17:04:47,2020-06-06 17:29:17,74.4,91.6,125.23418685400524,34.858108108108105,32.013513513513516
645,2020-06-07 06:08:47,2020-06-07 08:19:24,2.4,97.6,126.82908946807892,34.30816326530612,32.15
646,2020-06-07 14:55:33,2020-06-07 15:24:33,46.8,73.6,127.12013495024877,33.72571428571428,31.434285714285714
647,2020-06-07 15:24:54,2020-06-07 15:52:34,74.0,95.2,127.7961269654088,35.0,32.97604790419162
648,2020-06-08 01:30:35,2020-06-08 01:58:15,37.6,63.2,126.00259635416666,33.67664670658683,31.694610778443113
649,2020-06-08 01:58:36,2020-06-08 02:28:56,63.2,90.0,125.74626451077945,35.58469945355191,33.55191256830601
650,2020-06-08 16:53:33,2020-06-08 17:27:45,36.8,68.4,126.35268053797463,33.43478260869565,31.73913043478261
651,2020-06-09 05:35:31,2020-06-09 05:55:41,17.2,35.6,127.77399750905796,35.204918032786885,33.10655737704918
652,2020-06-09 05:56:02,2020-06-09 06:24:52,35.6,62.8,123.64991605392157,37.7183908045977,35.57471264367816
653,2020-06-09 06:25:13,2020-06-09 06:52:23,62.8,88.0,125.7567224977954,39.59146341463415,37.34756097560975
654,2020-06-09 20:53:26,2020-06-09 21:17:46,21.2,36.0,126.10362734609612,32.1156462585034,28.598639455782312
655,2020-06-09 21:18:07,2020-06-09 21:36:37,36.0,47.2,124.96033358134918,33.30357142857143,30.026785714285715
656,2020-06-09 21:56:28,2020-06-09 22:26:28,47.2,64.4,127.73742724483203,33.994475138121544,30.939226519337016
657,2020-06-09 22:26:49,2020-06-09 22:53:29,64.8,79.6,127.06457873498502,34.2111801242236,31.70186335403727
658,2020-06-09 22:53:50,2020-06-09 23:25:20,80.0,96.4,129.72731876693763,35.0,32.0
659,2020-06-10 13:38:41,2020-06-10 14:05:41,32.8,50.8,125.49848179012346,31.533742331288344,30.41717791411043
660,2020-06-10 14:06:02,2020-06-10 14:37:22,51.2,72.0,126.04169230769233,33.61904761904762,32.60846560846561
661,2020-06-10 14:37:43,2020-06-10 15:12:13,72.4,94.8,126.16632831101195,34.61057692307692,33.67788461538461
662,2020-06-10 22:13:56,2020-06-10 22:41:46,51.6,77.2,128.92579937065975,37.666666666666664,35.464285714285715
663,2020-06-10 22:42:07,2020-06-10 23:11:07,77.6,97.6,127.76322173611115,38.76,36.08
664,2020-06-11 06:13:45,2020-06-11 06:31:15,54.4,70.4,128.1579993923611,34.386792452830186,32.37735849056604
665,2020-06-11 06:31:36,2020-06-11 06:58:46,70.8,92.8,128.29608724747473,35.48170731707317,33.11585365853659
666,2020-06-11 16:30:45,2020-06-11 17:00:15,35.2,62.8,125.89222795893724,40.21910112359551,38.69101123595506
667,2020-06-11 17:00:36,2020-06-11 17:27:26,63.2,88.0,126.27353953853049,42.34567901234568,40.79012345679013
668,2020-06-12 15:20:00,2020-06-12 15:49:10,16.0,42.8,127.673081053068,38.50568181818182,36.10227272727273
669,2020-06-12 15:49:31,2020-06-12 16:19:51,43.2,72.0,123.58505275848768,41.72677595628415,39.4207650273224
670,2020-06-13 00:26:08,2020-06-13 00:55:18,16.8,34.0,127.24806879844964,37.04545454545455,35.13068181818182
671,2020-06-13 01:18:52,2020-06-13 01:49:32,47.2,65.2,128.00851072530867,39.545945945945945,37.535135135135135
672,2020-06-13 01:49:53,2020-06-13 02:18:03,65.6,82.0,129.09725084688347,40.0,38.0
673,2020-06-13 02:18:24,2020-06-13 02:46:04,82.4,97.6,129.71402677266093,40.0,38.0
674,2020-06-13 08:52:47,2020-06-13 09:17:17,50.4,72.4,129.11617361111104,37.608108108108105,35.61486486486486
675,2020-06-13 09:17:38,2020-06-13 09:46:48,72.8,95.2,125.79180226934521,38.79545454545455,36.85227272727273
676,2020-06-13 19:23:41,2020-06-13 19:50:21,43.2,61.2,124.45676666666665,38.72049689440994,37.29192546583851
677,2020-06-13 19:50:42,2020-06-13 20:21:02,61.2,81.6,125.06943641067541,39.87431693989071,38.0
678,2020-06-13 20:21:23,2020-06-13 20:46:53,81.6,97.6,128.24655329861113,40.0,38.0
679,2020-06-14 09:33:14,2020-06-14 09:57:24,53.2,68.8,128.57198753561258,33.92465753424658,31.972602739726028
680,2020-06-14 10:04:55,2020-06-14 10:29:15,68.8,84.4,129.55130840455837,34.0,32.0
681,2020-06-14 10:29:36,2020-06-14 10:55:06,84.8,97.6,127.39152821180556,34.0,32.0
682,2020-06-15 00:26:16,2020-06-15 00:44:46,15.2,32.4,125.32866747416026,32.55357142857143,30.875
683,2020-06-15 00:45:07,2020-06-15 01:11:57,32.8,58.0,124.36619532627864,35.148148148148145,33.17901234567901
684,2020-06-15 01:12:18,2020-06-15 01:47:58,58.4,90.4,123.80009875868055,37.513888888888886,35.388888888888886
685,2020-06-15 07:10:37,2020-06-15 07:41:17,55.6,66.0,127.99016669337615,35.0,32.11891891891892
686,2020-06-15 07:41:38,2020-06-15 08:12:48,66.0,76.8,125.53245550411529,35.0,32.0
687,2020-06-15 08:13:09,2020-06-15 08:44:29,76.8,87.6,126.20375205761324,35.0,32.0
688,2020-06-15 08:44:50,2020-06-15 09:13:00,87.6,97.2,127.62736342592585,34.582352941176474,32.0
689,2020-06-15 19:46:04,2020-06-15 20:19:24,48.0,60.4,126.5443877464158,35.0,33.57920792079208
690,2020-06-15 20:26:15,2020-06-15 20:46:59,61.2,68.8,123.84358611111126,35.0,34.0
691,2020-06-15 20:47:20,2020-06-15 21:21:00,68.8,80.4,129.69830232279685,35.0,33.7192118226601
692,2020-06-15 21:21:21,2020-06-15 21:47:41,80.8,89.6,131.26897159090913,35.0,33.0
693,2020-06-15 21:48:02,2020-06-15 22:12:02,90.0,97.6,135.21016410818723,35.0,33.0
694,2020-06-16 04:32:57,2020-06-16 04:59:47,53.6,78.4,126.18504334677418,34.5521472392638,32.34355828220859
695,2020-06-16 05:00:08,2020-06-16 05:25:28,78.4,96.8,125.50499298007252,35.54248366013072,33.189542483660134
696,2020-06-16 21:55:22,2020-06-16 22:17:02,11.2,31.2,125.98753208333338,33.41984732824427,32.19083969465649
697,2020-06-16 22:17:23,2020-06-16 22:47:03,31.2,59.2,123.2396168154762,36.262569832402235,34.73184357541899
698,2020-06-16 22:47:24,2020-06-16 23:15:54,59.2,86.0,123.70961100746275,38.627906976744185,37.0
699,2020-06-17 12:45:20,2020-06-17 13:11:48,17.2,41.6,127.29246125910747,35.6875,34.0
700,2020-06-17 13:12:09,2020-06-17 13:44:09,42.0,72.4,123.53937458881576,38.95336787564767,37.30569948186528
701,2020-06-17 19:07:18,2020-06-17 19:36:38,60.4,87.2,126.65888064883913,37.23728813559322,35.22598870056497
702,2020-06-17 19:36:59,2020-06-17 19:55:09,87.6,97.6,128.9875227777778,38.0,36.0
703,2020-06-18 22:03:47,2020-06-18 22:33:47,23.6,41.2,127.84090909090908,35.828729281767956,34.149171270718234
704,2020-06-18 22:34:08,2020-06-18 23:00:48,41.6,58.0,121.95121951219514,37.72670807453416,36.22981366459627
705,2020-06-18 23:01:09,2020-06-18 23:29:49,58.0,75.6,122.15909090909093,39.0,37.0
706,2020-06-18 23:30:10,2020-06-18 23:57:20,75.6,92.0,124.23780487804873,39.0,37.58536585365854
707,2020-06-19 18:28:03,2020-06-19 18:53:23,45.6,68.8,127.35691720545978,39.36601307189542,37.69281045751634
708,2020-06-19 18:53:44,2020-06-19 19:12:34,69.2,86.4,127.78262645348835,40.71052631578947,39.0
709,2020-06-20 00:51:45,2020-06-20 01:12:45,30.8,43.2,127.34544164426525,38.0,35.53543307086614
710,2020-06-20 01:13:06,2020-06-20 01:41:56,43.2,60.0,125.92016145833338,38.8448275862069,36.64942528735632
711,2020-06-20 01:42:17,2020-06-20 02:10:57,60.4,76.4,126.17622690972215,39.0,37.0
712,2020-06-20 02:11:18,2020-06-20 02:39:18,76.8,91.6,128.35024634009014,39.005917159763314,37.0
713,2020-06-20 19:37:04,2020-06-20 20:09:54,25.2,56.0,124.30330266955265,42.96969696969697,41.11616161616162
714,2020-06-20 20:10:15,2020-06-20 20:41:55,56.4,84.8,126.0622074041471,45.481675392670155,43.56544502617801
715,2020-06-21 03:40:14,2020-06-21 04:09:54,54.0,81.2,127.28196839256533,40.74301675977654,37.84357541899441
716,2020-06-21 04:10:15,2020-06-21 04:35:05,81.2,97.6,127.14006834349601,41.0,38.04
717,2020-06-21 13:12:44,2020-06-21 13:35:34,36.8,58.0,125.85169365828092,39.3768115942029,37.73913043478261
718,2020-06-21 13:35:55,2020-06-21 14:08:25,58.4,88.0,127.65626215277777,41.433673469387756,39.80612244897959
719,2020-06-21 14:08:46,2020-06-21 14:25:16,88.4,97.6,131.06581250000016,42.0,40.69
720,2020-06-22 07:22:35,2020-06-22 07:49:25,28.4,54.0,122.00956098090279,36.03703703703704,34.04938271604938
721,2020-06-22 07:49:46,2020-06-22 08:24:46,54.0,86.8,123.05133816056912,38.44075829383886,36.540284360189574
722,2020-06-22 08:25:07,2020-06-22 08:46:17,87.2,97.6,123.87824011752144,39.0,37.0
723,2020-06-22 17:47:51,2020-06-22 18:16:21,56.8,82.8,127.90758776709399,42.52325581395349,40.81976744186046
724,2020-06-22 18:16:42,2020-06-22 18:40:02,83.2,97.6,129.42996460262353,43.0,42.0
725,2020-06-23 06:01:46,2020-06-23 06:31:36,12.4,40.0,126.00693483293075,36.66111111111111,34.73888888888889
726,2020-06-23 06:31:57,2020-06-23 07:06:27,40.4,72.4,125.66231519097218,39.71634615384615,37.62980769230769
727,2020-06-23 07:06:48,2020-06-23 07:39:18,72.8,97.6,124.7854951276882,41.0,39.0
728,2020-06-23 17:36:59,2020-06-23 18:06:39,41.6,69.2,124.8973718297102,43.75977653631285,42.30167597765363
729,2020-06-23 18:07:00,2020-06-23 18:34:40,69.6,91.2,127.5418303755144,45.0,43.67664670658683
730,2020-06-24 04:30:05,2020-06-24 04:49:45,14.4,32.4,127.87811103395063,37.285714285714285,35.15126050420168
731,2020-06-24 04:50:06,2020-06-24 05:19:46,32.4,60.4,124.04913328373017,39.81005586592179,37.84357541899441
732,2020-06-24 05:20:07,2020-06-24 05:54:17,60.8,90.8,124.77178722222224,42.0,39.9126213592233
733,2020-06-24 19:27:00,2020-06-24 19:53:20,32.8,49.2,120.42682926829265,39.528301886792455,38.0440251572327
734,2020-06-24 19:53:41,2020-06-24 20:21:31,49.2,66.4,121.36304877260977,40.68452380952381,39.0
735,2020-06-25 14:10:55,2020-06-25 14:34:45,35.6,58.0,123.33520244295634,34.59722222222222,33.40972222222222
736,2020-06-25 14:35:06,2020-06-25 15:05:56,58.4,87.6,122.51190800989349,37.03763440860215,35.784946236559136
737,2020-06-25 18:57:47,2020-06-25 19:18:07,58.8,78.0,124.42852936921295,38.82113821138211,35.91056910569106
738,2020-06-26 13:28:35,2020-06-26 13:53:55,30.4,54.8,121.89377407786885,36.39869281045752,34.751633986928105
739,2020-06-26 13:54:16,2020-06-26 14:24:06,55.2,84.0,121.64785199652779,38.833333333333336,37.46111111111111
740,2020-06-26 18:44:22,2020-06-26 19:08:42,75.6,94.8,126.47933268229166,41.843537414965986,40.0
741,2020-06-27 01:32:29,2020-06-27 01:49:49,62.0,78.4,125.14398043699182,38.48571428571429,36.76190476190476
742,2020-06-27 01:50:10,2020-06-27 02:15:50,78.8,97.6,126.12515684101658,39.0,37.87096774193548
743,2020-06-28 05:17:13,2020-06-28 05:45:33,63.2,89.6,123.68213446969702,33.567251461988306,32.21637426900585
744,2020-06-28 20:21:02,2020-06-28 20:43:32,28.0,49.2,122.42140369496855,39.43382352941177,37.6764705882353
745,2020-06-28 20:43:53,2020-06-28 21:09:33,49.6,73.6,123.32119936342598,41.72258064516129,39.74193548387097
746,2020-06-28 21:09:54,2020-06-28 21:34:54,74.0,94.0,124.40140381944444,42.81456953642384,40.35099337748344
747,2020-06-29 18:42:08,2020-06-29 19:10:58,37.2,64.8,121.54188264895333,40.01724137931034,38.71264367816092
748,2020-06-29 19:11:19,2020-06-29 19:37:49,65.2,89.6,123.25935109289621,41.775,40.48125
749,2020-06-30 12:06:05,2020-06-30 12:32:25,48.4,64.4,123.30382343749997,37.9622641509434,36.44025157232704
750,2020-06-30 12:32:46,2020-06-30 13:04:36,64.4,83.6,124.29253747106488,38.744791666666664,37.1875
751,2020-07-01 09:52:23,2020-07-01 10:21:43,18.0,46.0,122.25446701388891,36.7909604519774,35.293785310734464
752,2020-07-01 10:22:04,2020-07-01 10:58:34,46.0,81.2,120.91540648674241,39.69090909090909,38.39545454545455
753,2020-07-01 22:06:53,2020-07-01 22:36:03,56.4,84.0,124.26631400966184,37.86931818181818,36.44886363636363
754,2020-07-01 22:36:24,2020-07-01 22:56:24,84.4,97.6,125.95751062710447,39.0,37.0
755,2020-07-02 14:11:59,2020-07-02 14:47:19,28.0,62.0,121.20097630718956,37.863849765258216,36.25352112676056
756,2020-07-02 14:47:40,2020-07-02 15:18:50,62.4,90.4,124.71081502976187,40.40425531914894,38.70744680851064
757,2020-07-03 14:40:10,2020-07-03 15:15:30,31.6,65.6,121.68669530228762,36.821596244131456,35.10328638497653
758,2020-07-03 15:15:51,2020-07-03 15:42:31,66.0,90.0,122.87559178240744,38.91925465838509,37.0
759,2020-07-03 19:31:07,2020-07-03 20:16:18,70.0,97.2,123.80242924836602,36.0,34.0
760,2020-07-04 02:14:51,2020-07-04 02:35:54,57.2,63.6,123.33984375000003,34.8062015503876,32.7906976744186
761,2020-07-04 02:41:24,2020-07-04 02:58:24,64.4,69.6,122.59882505341908,34.0,32.0
762,2020-07-04 02:58:45,2020-07-04 03:24:35,69.6,77.6,121.09375,34.0,32.0
763,2020-07-04 03:24:56,2020-07-04 03:45:16,77.6,83.6,127.08333333333333,34.0,32.0
764,2020-07-04 05:30:30,2020-07-04 06:01:30,74.0,83.6,121.01851099537045,33.0,31.0
765,2020-07-04 06:01:51,2020-07-04 06:30:31,83.6,92.4,122.11490151515135,33.0,31.0
766,2020-07-04 06:30:52,2020-07-04 06:49:02,92.4,97.6,129.84520192307716,32.28181818181818,31.0
767,2020-07-04 15:19:15,2020-07-04 15:40:21,13.6,33.6,123.15306377777779,33.3125,31.1875
768,2020-07-04 15:40:42,2020-07-04 16:15:22,34.0,67.2,121.73653417838017,36.34928229665072,34.311004784689
769,2020-07-04 16:15:43,2020-07-04 16:43:13,67.6,91.2,125.1671430673258,38.30722891566265,36.45783132530121
770,2020-07-05 03:41:33,2020-07-05 04:01:33,8.400001,27.2,124.98596860149951,34.925619834710744,32.22314049586777
771,2020-07-05 04:01:54,2020-07-05 04:33:14,27.6,57.6,122.72037018518517,37.026455026455025,34.56613756613756
772,2020-07-05 04:33:35,2020-07-05 05:06:05,58.0,88.4,123.90122692799706,39.54081632653061,37.05612244897959
773,2020-07-05 17:58:44,2020-07-05 18:29:24,40.0,69.6,121.42410130442951,39.891891891891895,38.108108108108105
774,2020-07-05 18:29:45,2020-07-05 18:59:15,70.0,94.4,124.40119267987248,41.67977528089887,39.78089887640449
775,2020-07-06 06:31:04,2020-07-06 06:50:34,85.2,97.6,124.71552486559152,34.80508474576271,33.0
776,2020-07-06 16:08:20,2020-07-06 16:27:20,35.6,54.0,120.50801992753625,40.03478260869565,38.40869565217391
777,2020-07-06 16:27:41,2020-07-06 17:00:21,54.0,85.2,122.56590081908831,42.015228426395936,40.36040609137056
778,2020-07-07 10:00:56,2020-07-07 10:35:26,55.6,76.0,122.28419437636167,34.46153846153846,33.72115384615385
779,2020-07-07 10:35:47,2020-07-07 11:07:47,76.0,94.0,122.89276805555558,35.13989637305699,34.18652849740933
780,2020-07-07 15:19:53,2020-07-07 15:44:03,59.6,76.0,122.6261786077236,40.657534246575345,39.0
781,2020-07-07 15:44:24,2020-07-07 16:16:44,76.0,96.8,124.67080642361113,41.235897435897435,39.84615384615385
782,2020-07-08 01:15:01,2020-07-08 01:41:21,18.8,43.6,123.93481664426527,37.685534591194966,35.490566037735846
783,2020-07-08 01:41:42,2020-07-08 02:13:32,44.0,74.4,122.18293759137427,40.479166666666664,38.28125
784,2020-07-08 02:13:53,2020-07-08 02:41:13,74.8,96.0,125.03080594863731,41.89090909090909,39.0
785,2020-07-08 16:49:42,2020-07-08 17:17:12,40.4,68.4,121.25497192460315,41.265060240963855,39.295180722891565
786,2020-07-08 17:17:33,2020-07-08 17:50:03,68.8,95.6,126.13963090796022,42.94897959183673,41.0
787,2020-07-09 01:20:52,2020-07-09 02:30:47,37.6,97.6,124.08482618055558,40.35047619047619,38.05904761904762
788,2020-07-10 01:48:03,2020-07-10 03:10:54,24.8,97.6,123.41167655868436,37.72186495176849,35.638263665594856
789,2020-07-10 13:10:53,2020-07-10 13:38:03,33.2,50.4,120.88180361757108,38.63414634146341,37.353658536585364
790,2020-07-10 13:38:24,2020-07-10 14:03:54,50.4,66.0,120.86539405270653,40.0,38.76623376623377
791,2020-07-10 14:27:17,2020-07-10 14:54:37,78.4,93.6,124.51207903874277,41.0,39.0
792,2020-07-11 12:47:01,2020-07-11 13:12:29,52.4,76.4,122.54271162037034,39.103896103896105,37.616883116883116
793,2020-07-11 20:31:47,2020-07-11 20:57:17,39.2,58.4,121.78458152488427,41.175324675324674,39.05844155844156
794,2020-07-11 21:10:58,2020-07-11 21:33:18,58.4,74.8,124.89668682249327,42.0,39.903703703703705
795,2020-07-11 21:33:39,2020-07-11 21:59:49,75.2,93.6,123.94098211050728,42.5126582278481,40.0
796,2020-07-13 12:29:58,2020-07-13 13:06:53,35.2,58.4,119.17265822557476,35.848214285714285,34.75892857142857
797,2020-07-13 13:07:14,2020-07-13 13:35:44,58.8,75.6,121.4889427910053,37.656976744186046,36.63953488372093
798,2020-07-13 13:36:05,2020-07-13 14:06:55,75.6,92.8,123.32365891472863,38.225806451612904,37.306451612903224
799,2020-07-13 19:56:24,2020-07-13 20:27:04,68.8,94.0,125.22983256172841,42.945945945945944,41.0
800,2020-07-14 01:51:21,2020-07-14 02:11:01,44.8,63.2,125.18647063707729,41.49579831932773,39.12605042016807
801,2020-07-14 02:11:22,2020-07-14 02:43:52,63.6,92.0,124.32709228286387,42.89795918367347,40.54081632653061
802,2020-07-14 14:20:30,2020-07-14 14:43:40,54.8,68.8,124.01387956349208,41.57142857142857,40.0
803,2020-07-14 15:29:52,2020-07-14 15:53:22,68.0,82.4,122.06211448688266,41.95774647887324,40.33098591549296
804,2020-07-14 23:57:05,2020-07-15 00:18:15,36.4,56.4,123.3270846527778,41.6171875,39.59375
805,2020-07-15 00:18:36,2020-07-15 00:47:46,56.8,84.4,123.13305334138482,43.25,41.22159090909091
806,2020-07-15 00:48:07,2020-07-15 01:08:07,84.4,97.6,126.13216498316508,44.0,41.97520661157025
807,2020-07-15 06:34:56,2020-07-15 06:53:46,29.2,40.8,122.31923311781614,39.99122807017544,37.28947368421053
808,2020-07-15 06:54:07,2020-07-15 07:24:27,40.8,59.6,121.54849024822694,41.48087431693989,38.68852459016394
809,2020-07-15 07:24:48,2020-07-15 07:52:28,60.0,76.8,124.06087400793653,42.0,39.9940119760479
810,2020-07-15 07:52:49,2020-07-15 08:17:09,77.2,91.6,127.23285551697543,42.06802721088435,40.0
811,2020-07-15 18:21:36,2020-07-15 18:50:46,32.0,59.6,122.30375226449274,43.71022727272727,41.88068181818182
812,2020-07-15 18:51:07,2020-07-15 19:19:17,60.0,85.2,124.70955957892416,45.523529411764706,43.89411764705882
813,2020-07-15 19:19:38,2020-07-15 19:40:28,85.6,97.6,129.18405416666667,46.0,44.0
814,2020-07-16 01:36:14,2020-07-16 01:55:57,50.0,68.8,122.24320614657209,43.86666666666667,40.80833333333333
815,2020-07-16 01:56:18,2020-07-16 02:26:28,69.2,93.6,125.8487099271403,44.31868131868132,41.010989010989015
816,2020-07-16 13:19:55,2020-07-16 13:42:45,53.6,75.2,123.98984149948559,40.971014492753625,39.28260869565217
817,2020-07-16 22:17:39,2020-07-16 22:39:39,33.6,54.8,122.1567245807128,40.41353383458647,38.8421052631579
818,2020-07-16 22:40:00,2020-07-16 23:10:30,55.2,84.4,123.03702273592086,42.69565217391305,41.18478260869565
819,2020-07-16 23:10:51,2020-07-16 23:30:31,84.4,97.6,125.53981123737385,43.436974789915965,42.0
820,2020-07-17 14:24:45,2020-07-17 14:52:45,39.6,67.2,120.76186402979066,41.8698224852071,40.18343195266272
821,2020-07-17 14:53:06,2020-07-17 15:17:26,67.2,90.0,122.52252997076027,43.42857142857143,41.82993197278912
822,2020-07-17 19:31:11,2020-07-17 20:01:31,54.4,72.4,122.42593719135797,44.0,42.0
823,2020-07-17 20:01:52,2020-07-17 20:32:32,72.4,89.6,124.24824345930242,44.0,42.0
824,2020-07-18 06:09:52,2020-07-18 06:47:52,18.8,54.8,123.27894880401233,37.877729257641924,35.66812227074236
825,2020-07-18 06:48:13,2020-07-18 07:20:43,55.2,86.0,123.36221094877348,40.88265306122449,38.566326530612244
826,2020-07-18 07:21:04,2020-07-18 07:39:04,86.4,97.6,126.97423189484141,41.19266055045872,39.0
827,2020-07-18 19:00:37,2020-07-18 19:30:07,48.8,76.8,123.01836443452383,42.78089887640449,41.48876404494382
828,2020-07-18 19:30:28,2020-07-18 19:58:08,77.2,97.6,125.36697950708067,43.952095808383234,42.0
829,2020-07-19 13:51:29,2020-07-19 14:53:16,51.2,97.6,124.61046316750482,40.258620689655174,38.92672413793103
830,2020-07-19 23:20:23,2020-07-19 23:49:13,41.2,68.8,121.4497945350242,40.5,38.52873563218391
831,2020-07-19 23:49:34,2020-07-20 00:17:24,69.2,92.8,124.41680002354052,42.0,39.601190476190474
832,2020-07-20 10:54:41,2020-07-20 12:15:41,48.8,97.6,124.30146220400728,39.376026272577995,37.367816091954026
833,2020-07-21 12:22:16,2020-07-21 13:25:23,28.0,88.4,121.25615462426416,38.118143459915615,36.729957805907176
834,2020-07-21 23:43:03,2020-07-22 00:08:33,4.4,28.8,121.92907587659383,39.52597402597402,37.09090909090909
835,2020-07-22 00:08:54,2020-07-22 00:37:44,29.2,56.4,123.59476348039217,41.60344827586207,39.258620689655174
836,2020-07-22 00:38:05,2020-07-22 01:11:25,56.8,88.0,124.56819043803418,43.885572139303484,41.59701492537314
837,2020-07-22 05:45:24,2020-07-22 06:12:34,74.8,96.0,124.93319699947587,40.6219512195122,37.28658536585366
838,2020-07-22 17:38:51,2020-07-22 18:12:51,30.0,63.2,120.67270783132533,41.604878048780485,39.71219512195122
839,2020-07-22 18:13:12,2020-07-22 18:41:32,63.2,89.2,122.98506137820515,44.06432748538012,42.36842105263158
840,2020-07-22 23:27:54,2020-07-22 23:47:24,63.6,82.0,123.77190224939616,41.279661016949156,39.0
841,2020-07-22 23:47:45,2020-07-23 00:10:15,82.0,97.6,124.3821463675214,42.0,39.0
842,2020-07-23 04:21:57,2020-07-23 04:50:14,76.0,97.6,122.25431595293215,38.82629107981221,35.98122065727699
843,2020-07-23 14:01:10,2020-07-23 14:55:36,31.2,83.2,122.3980407371795,40.826405867970664,38.77750611246944
844,2020-07-23 23:45:14,2020-07-24 00:09:44,2.4,17.2,123.7462194069069,40.567567567567565,38.5945945945946
845,2020-07-24 00:10:05,2020-07-24 00:41:45,17.2,36.8,120.90416808390026,40.53403141361257,38.58115183246073
846,2020-07-24 00:42:06,2020-07-24 01:10:56,37.2,54.4,125.44732348191216,42.28735632183908,40.270114942528735
847,2020-07-24 01:11:17,2020-07-24 01:40:17,54.8,72.0,126.17083801679586,43.177142857142854,41.04
848,2020-07-24 01:40:38,2020-07-24 02:14:28,72.4,92.4,126.4992836111111,44.0,41.94607843137255
849,2020-07-25 03:03:09,2020-07-25 03:35:09,11.6,43.2,125.54807361990153,39.77720207253886,37.89119170984456
850,2020-07-25 03:35:30,2020-07-25 04:03:10,43.6,71.2,124.30855948067632,43.25748502994012,41.32335329341317
851,2020-07-25 04:03:31,2020-07-25 04:33:11,71.6,94.0,128.06611086309522,44.86033519553072,42.99441340782123
852,2020-07-25 13:17:55,2020-07-25 13:45:15,32.4,58.4,122.29806768162392,43.096969696969694,41.224242424242426
853,2020-07-25 13:45:36,2020-07-25 14:06:15,58.8,77.6,123.79855509751776,45.008,43.128
854,2020-07-25 14:06:36,2020-07-25 14:30:36,78.0,94.4,126.53203353658536,46.0,44.0
855,2020-07-25 21:25:22,2020-07-25 22:28:37,33.2,89.2,122.92178508680558,45.357894736842105,42.44
856,2020-07-26 22:35:42,2020-07-27 00:15:06,10.8,97.6,123.80687428155403,42.55764075067024,40.78686327077748
857,2020-07-27 07:41:41,2020-07-27 08:07:41,43.6,68.4,122.50505779569892,38.5859872611465,36.3312101910828
858,2020-07-27 08:08:02,2020-07-27 08:34:52,68.8,92.0,123.897891822318,40.074074074074076,37.925925925925924
859,2020-07-27 21:11:22,2020-07-27 22:45:10,14.8,97.6,123.48496200516641,41.86931818181818,40.22585227272727
860,2020-07-28 05:36:14,2020-07-28 06:10:34,62.0,80.4,124.1455063405797,39.0,36.0
861,2020-07-28 06:10:55,2020-07-28 06:42:45,80.8,97.6,126.08132506613758,39.0,36.0
862,2020-07-28 15:44:59,2020-07-28 16:12:39,54.0,80.0,124.32213002136754,42.712574850299404,40.616766467065865
863,2020-07-28 23:05:24,2020-07-28 23:38:24,44.8,77.2,121.81158221879285,42.472361809045225,40.64824120603015
864,2020-07-29 16:30:12,2020-07-29 16:47:02,26.8,42.8,123.8689411458334,41.1078431372549,38.990196078431374
865,2020-07-29 16:47:23,2020-07-29 17:14:13,43.2,69.2,121.48612831196581,43.45061728395062,41.60493827160494
866,2020-07-29 21:26:18,2020-07-29 21:46:18,39.6,58.8,122.07033810763896,40.31404958677686,38.33057851239669
867,2020-07-29 21:46:39,2020-07-29 22:14:39,58.8,85.6,122.41711194029854,41.485207100591715,39.662721893491124
868,2020-07-29 22:15:00,2020-07-29 22:33:30,86.0,97.6,128.89487116858248,42.0,40.0
869,2020-07-30 10:10:18,2020-07-30 10:29:18,64.0,77.2,121.82137100168349,37.0,35.982608695652175
870,2020-07-30 10:29:39,2020-07-30 10:58:09,77.2,96.0,123.399084072104,37.0,36.0
871,2020-07-30 18:56:47,2020-07-30 19:15:37,28.4,41.2,123.38762413194443,41.21052631578947,39.421052631578945
872,2020-07-30 19:15:58,2020-07-30 19:51:18,41.2,65.6,121.4185302823316,42.72769953051643,41.23004694835681
873,2020-07-30 19:51:39,2020-07-30 20:23:59,66.0,88.0,123.25003686868688,43.48205128205128,42.0
874,2020-07-31 04:33:41,2020-07-31 05:00:41,26.4,52.0,122.90093538411458,37.920245398773005,35.88957055214724
875,2020-07-31 05:01:02,2020-07-31 05:28:32,52.4,78.8,121.3120874368687,40.475903614457835,38.536144578313255
876,2020-07-31 05:36:45,2020-07-31 05:54:53,86.4,97.6,126.76067160218267,41.0,39.0
877,2020-07-31 11:46:14,2020-07-31 12:17:54,62.4,83.6,123.81030555555559,38.083769633507856,36.753926701570684
878,2020-07-31 12:18:15,2020-07-31 12:40:55,83.6,97.6,125.69346230158729,39.0,37.0
879,2020-07-31 18:51:17,2020-07-31 19:15:37,70.4,85.2,123.4581730480481,37.0,35.0
880,2020-07-31 19:15:58,2020-07-31 19:37:18,85.2,97.6,126.31052945788544,37.0,35.82945736434109
881,2020-08-01 04:50:58,2020-08-01 05:16:28,16.0,41.2,124.95095827821869,34.74025974025974,32.70779220779221
882,2020-08-01 05:16:49,2020-08-01 05:50:09,41.6,75.6,121.03023946078434,38.17910447761194,36.169154228855724
883,2020-08-01 05:50:30,2020-08-01 06:19:10,76.0,97.6,125.18777520576137,39.89017341040462,37.39306358381503
884,2020-08-01 19:22:17,2020-08-01 19:39:07,30.4,40.4,127.09172277777783,31.137254901960784,29.127450980392158
885,2020-08-01 19:39:28,2020-08-01 20:08:08,40.8,58.8,120.24079382716053,32.554913294797686,30.572254335260116
886,2020-08-01 20:08:29,2020-08-01 20:32:39,58.8,74.0,120.03843019005846,33.773972602739725,31.986301369863014
887,2020-08-01 21:01:51,2020-08-01 21:23:31,84.4,97.6,123.51328472222232,34.0,32.0
888,2020-08-02 03:41:02,2020-08-02 04:01:57,31.6,44.0,125.65324041218646,32.173228346456696,29.700787401574804
889,2020-08-02 04:02:18,2020-08-02 04:27:08,44.4,59.6,121.99018548976606,33.5,31.166666666666668
890,2020-08-02 04:27:29,2020-08-02 04:55:29,60.0,77.2,121.55044186046513,34.0,32.0
891,2020-08-02 04:55:50,2020-08-02 05:23:10,77.2,93.6,124.29627371273723,34.654545454545456,32.0
892,2020-08-02 18:37:04,2020-08-02 19:06:14,21.2,38.8,123.9141436237374,33.98295454545455,32.39204545454545
893,2020-08-02 19:06:35,2020-08-02 19:36:55,38.8,58.0,118.05124146412038,35.775956284153004,34.07103825136612
894,2020-08-02 19:37:16,2020-08-02 19:56:36,58.0,70.0,120.36577361111117,37.0,35.0
895,2020-08-02 20:16:17,2020-08-02 20:39:27,69.6,83.6,123.78074196428572,36.85,34.95
896,2020-08-02 20:39:48,2020-08-02 21:03:38,84.0,97.6,127.07312551062098,37.0,35.0
897,2020-08-03 10:51:46,2020-08-03 12:28:54,19.6,96.4,121.65596676974826,34.566529492455416,33.17695473251029
898,2020-08-03 19:40:05,2020-08-03 20:08:55,56.4,74.0,122.87168584280303,33.44252873563219,31.166666666666668
899,2020-08-03 20:09:16,2020-08-03 20:45:46,74.4,96.4,124.18750814393943,34.0,32.0
900,2020-08-04 15:55:02,2020-08-04 17:07:53,42.4,97.6,124.6428211956522,37.75685557586837,35.936014625228516
901,2020-08-05 03:01:58,2020-08-05 03:28:48,5.6,32.8,115.204770067402,34.19135802469136,31.185185185185187
902,2020-08-05 03:29:09,2020-08-05 03:58:49,32.8,60.8,123.70784697420632,36.56983240223464,33.60335195530726
903,2020-08-05 04:15:43,2020-08-05 04:39:53,74.8,94.0,124.96528472222221,39.0,36.0
904,2020-08-05 15:05:35,2020-08-05 15:31:15,27.6,52.0,122.27231466302368,33.883870967741935,31.096774193548388
905,2020-08-05 15:31:36,2020-08-05 16:02:46,52.4,82.0,122.75713485360362,36.68617021276596,33.952127659574465
906,2020-08-05 16:03:07,2020-08-05 16:24:27,82.4,96.8,126.45545273919761,37.98461538461538,35.0
907,2020-08-06 01:18:52,2020-08-06 01:50:12,26.0,56.0,121.79861337962963,31.55026455026455,29.29100529100529
908,2020-08-06 01:50:33,2020-08-06 02:23:03,56.4,87.2,122.8738345959596,34.545918367346935,32.5
909,2020-08-06 10:44:35,2020-08-06 11:15:35,71.6,96.8,124.28518165784833,32.88235294117647,31.737967914438503
910,2020-08-06 18:55:07,2020-08-06 19:14:37,72.0,89.6,124.30634974747474,36.813559322033896,35.03389830508475
911,2020-08-07 07:07:48,2020-08-07 07:38:18,41.2,60.0,120.06429543439718,33.90760869565217,32.54891304347826
912,2020-08-07 07:38:39,2020-08-07 08:07:49,60.0,77.2,120.2204618863049,35.0,33.57386363636363
913,2020-08-07 08:08:10,2020-08-07 08:38:10,77.2,93.6,124.65702760840118,35.187845303867405,34.0
914,2020-08-07 17:25:29,2020-08-07 17:50:19,23.6,46.8,123.99664834770118,40.17333333333333,38.28666666666667
915,2020-08-07 17:50:40,2020-08-07 18:18:50,47.2,74.0,121.73922046019902,41.752941176470586,39.84117647058824
916,2020-08-07 18:19:11,2020-08-07 18:50:31,74.4,97.6,126.30089792863993,42.13227513227513,40.0
917,2020-08-08 07:11:00,2020-08-08 08:08:06,12.4,58.0,123.77227395224169,38.96037296037296,36.37762237762238
918,2020-08-08 08:46:40,2020-08-08 09:47:06,57.2,97.6,124.51383232604509,40.96035242290749,38.37885462555066
919,2020-08-08 17:47:14,2020-08-08 19:01:41,33.6,97.6,124.57390646484382,42.429338103756706,40.651162790697676
920,2020-08-09 06:23:07,2020-08-09 07:04:29,49.2,87.6,124.92622047164357,36.61093247588425,34.508038585209
921,2020-08-09 07:52:07,2020-08-09 08:06:56,87.6,97.6,113.03722980555561,36.0,34.0
922,2020-08-10 05:43:46,2020-08-10 06:12:26,20.8,47.6,124.90621222014926,34.93063583815029,33.27167630057804
923,2020-08-10 06:12:47,2020-08-10 06:39:07,48.0,73.2,122.08555500440916,37.685534591194966,35.83018867924528
924,2020-08-10 06:39:28,2020-08-10 07:09:28,73.6,96.8,124.21817504789271,38.21546961325967,36.966850828729285
925,2020-08-10 19:09:29,2020-08-10 20:14:43,26.4,88.4,122.59155558915771,42.118367346938776,40.155102040816324
926,2020-08-11 00:09:48,2020-08-11 00:31:48,47.2,64.4,124.57850169573643,41.58646616541353,38.88721804511278
927,2020-08-11 00:32:09,2020-08-11 00:58:29,64.8,84.4,124.74561890589567,42.0,39.9685534591195
928,2020-08-11 03:53:44,2020-08-11 04:19:34,78.8,97.6,125.06798921394801,41.0,38.0
929,2020-08-12 00:13:47,2020-08-12 00:44:07,43.2,72.0,122.60658878279327,38.89617486338798,37.377049180327866
930,2020-08-12 04:57:53,2020-08-12 05:27:03,49.6,76.8,125.19915119485296,37.79545454545455,33.90909090909091
931,2020-08-12 05:27:44,2020-08-12 05:55:54,77.6,97.6,126.54515819444447,38.92941176470588,35.0
932,2020-08-12 13:48:49,2020-08-12 14:20:19,38.0,57.6,121.42362634637189,36.32105263157895,34.363157894736844
933,2020-08-12 14:20:40,2020-08-12 14:47:50,57.6,74.0,120.01526532859077,37.0,35.0
934,2020-08-12 14:48:11,2020-08-12 15:19:41,74.0,91.6,124.46497774621217,37.0,35.10526315789474
935,2020-08-12 23:52:39,2020-08-13 00:11:09,54.0,71.2,125.10257776162787,33.580357142857146,30.866071428571427
936,2020-08-13 00:11:30,2020-08-13 00:44:50,71.6,97.2,124.64466758897568,34.65174129353234,32.00995024875622
937,2020-08-13 16:07:19,2020-08-13 16:32:49,32.0,56.4,121.79302447632061,32.48051948051948,30.974025974025974
938,2020-08-13 16:33:10,2020-08-13 17:00:10,56.8,82.0,124.87322453703702,35.11042944785276,33.306748466257666
939,2020-08-13 17:00:31,2020-08-13 17:23:11,82.4,97.6,126.70962792397671,36.0,34.0
940,2020-08-14 01:41:53,2020-08-14 02:09:23,31.6,58.0,123.17654871632998,34.51204819277108,32.74096385542169
941,2020-08-14 02:09:44,2020-08-14 02:33:54,58.4,81.6,123.20940547174331,36.863013698630134,35.00684931506849
942,2020-08-14 02:34:15,2020-08-14 02:56:55,82.0,97.6,127.71546002492882,37.97080291970803,36.0
943,2020-08-14 15:48:26,2020-08-14 16:15:26,34.4,60.8,121.65088499579126,36.95705521472393,35.41104294478528
944,2020-08-14 16:15:47,2020-08-14 16:45:17,61.2,89.2,122.27082673611112,39.31460674157304,37.561797752808985
945,2020-08-15 04:19:52,2020-08-15 04:47:02,29.2,55.2,120.17948910256409,35.69512195121951,34.08536585365854
946,2020-08-15 04:47:23,2020-08-15 05:08:53,55.2,76.0,118.90959261485044,37.86153846153846,36.0
947,2020-08-15 05:09:14,2020-08-15 05:35:54,76.4,96.0,125.11054577664402,38.12422360248447,36.900621118012424
948,2020-08-15 22:16:51,2020-08-15 22:43:41,59.2,84.4,125.31857677469134,36.425925925925924,34.75308641975309
949,2020-08-15 22:44:02,2020-08-15 23:04:52,84.8,97.6,127.54669162326392,37.0,35.69047619047619
950,2020-08-16 12:12:53,2020-08-16 12:42:13,24.0,51.6,122.48089533011274,38.23728813559322,36.52542372881356
951,2020-08-16 12:42:34,2020-08-16 13:07:54,52.0,76.0,121.5995545138889,41.150326797385624,39.549019607843135
952,2020-08-16 13:08:15,2020-08-16 13:33:35,76.0,95.2,124.65352748842591,42.0,40.72549019607843
953,2020-08-16 17:07:36,2020-08-16 17:37:26,69.2,87.2,124.02929336419753,42.0,40.07222222222222
954,2020-08-16 17:37:47,2020-08-16 17:55:17,87.2,97.6,124.89981169871803,42.0,40.0
955,2020-08-17 01:10:41,2020-08-17 01:38:01,43.2,59.6,124.44873314701898,37.26060606060606,34.666666666666664
956,2020-08-17 01:38:22,2020-08-17 02:11:12,60.0,79.6,125.07942091836743,38.0,35.62626262626262
957,2020-08-17 02:11:33,2020-08-17 02:38:13,80.0,95.6,127.10564814814819,38.0,36.0
958,2020-08-17 11:42:54,2020-08-17 12:08:44,28.8,46.8,120.8479991512346,35.37820512820513,33.90384615384615
959,2020-08-17 12:09:05,2020-08-17 12:42:05,46.8,69.6,121.82322155214429,37.36180904522613,35.70854271356784
960,2020-08-17 12:42:26,2020-08-17 13:12:06,70.0,90.0,124.89098555555557,38.0,36.0
961,2020-08-17 20:32:14,2020-08-17 21:03:34,53.6,83.2,123.38260548048048,38.476190476190474,36.36507936507937
962,2020-08-17 21:03:55,2020-08-17 21:25:45,83.6,97.6,127.928579265873,39.0,37.0
963,2020-08-18 15:35:16,2020-08-18 16:01:06,23.2,48.0,121.53898667114696,37.6474358974359,35.833333333333336
964,2020-08-18 16:01:27,2020-08-18 16:33:47,48.0,79.2,120.83244747150997,40.40512820512821,38.62564102564102
965,2020-08-18 16:34:08,2020-08-18 16:59:38,79.6,97.6,126.30787808641975,41.0,39.15584415584416
966,2020-08-19 03:08:00,2020-08-19 03:35:50,34.8,61.2,122.89666550925924,33.88690476190476,31.535714285714285
967,2020-08-19 03:36:11,2020-08-19 04:04:21,61.6,88.0,123.94727462121213,36.22941176470588,33.7
968,2020-08-19 17:41:50,2020-08-19 17:59:20,24.8,41.2,124.55623949864498,29.641509433962263,27.849056603773583
969,2020-08-19 17:59:41,2020-08-19 18:31:11,41.6,72.4,119.37455460858585,32.59473684210526,30.88421052631579
970,2020-08-19 18:31:32,2020-08-19 19:01:22,72.4,95.6,123.69074030172418,34.56111111111111,32.794444444444444
971,2020-08-19 22:50:52,2020-08-19 23:20:02,18.4,45.6,124.95250321691174,34.85227272727273,32.56818181818182
972,2020-08-19 23:20:23,2020-08-19 23:51:33,46.0,76.0,121.08841439814815,37.92553191489362,35.515957446808514
973,2020-08-19 23:51:54,2020-08-20 00:19:04,76.4,96.8,124.17005895969504,39.0,36.8109756097561
974,2020-08-20 17:19:38,2020-08-20 17:51:28,10.8,40.8,123.87685990740745,40.427083333333336,38.223958333333336
975,2020-08-20 17:51:49,2020-08-20 18:20:09,41.2,68.0,123.44165593905474,43.134502923976605,40.432748538011694
976,2020-08-20 18:35:54,2020-08-20 18:58:04,82.8,97.6,126.58126276276278,44.0,41.0
977,2020-08-21 04:24:22,2020-08-21 04:52:52,54.8,81.6,124.0039323175788,36.4593023255814,34.424418604651166
978,2020-08-21 04:53:13,2020-08-21 05:18:23,81.6,97.6,124.49738767361114,37.0,35.0
979,2020-08-21 11:43:36,2020-08-21 12:13:36,43.2,71.6,123.10544131455403,39.25966850828729,37.26519337016575
980,2020-08-21 12:13:57,2020-08-21 12:40:07,72.0,93.2,126.23035213574421,40.77215189873418,38.81012658227848
981,2020-08-21 18:56:01,2020-08-21 19:23:33,36.8,55.2,123.45259676932365,41.790419161676645,39.52694610778443
982,2020-08-21 19:23:54,2020-08-21 19:56:14,55.6,77.2,123.49408423353907,43.0,40.92307692307692
983,2020-08-21 19:56:35,2020-08-21 20:24:05,77.2,94.8,124.6961805555556,43.0,41.0
984,2020-08-22 01:52:47,2020-08-22 02:21:27,55.2,74.0,125.33765462470454,39.0,36.0
985,2020-08-22 02:21:48,2020-08-22 02:53:58,74.0,94.8,123.1383403445513,39.0,36.0
986,2020-08-22 16:04:52,2020-08-22 16:32:22,16.4,42.4,123.04597425213682,39.45783132530121,37.69277108433735
987,2020-08-22 16:32:43,2020-08-22 17:03:13,42.8,72.0,121.518297564688,42.45652173913044,40.79347826086956
988,2020-08-22 17:04:24,2020-08-22 17:36:44,73.2,97.6,125.97792161885253,44.0,42.0
989,2020-08-23 03:05:13,2020-08-23 03:22:23,10.4,26.8,122.088418699187,35.71153846153846,32.91346153846154
990,2020-08-23 03:22:44,2020-08-23 03:49:04,26.8,52.0,121.82870546737215,37.35849056603774,34.899371069182386
991,2020-08-23 03:49:25,2020-08-23 04:18:25,52.4,80.4,120.73710763888887,39.822857142857146,37.66285714285714
992,2020-08-23 04:18:46,2020-08-23 04:43:36,80.4,97.6,124.93137338501302,41.0,38.18666666666667
993,2020-08-23 15:43:40,2020-08-23 16:08:00,31.6,46.8,120.31343841374276,38.333333333333336,36.64625850340136
994,2020-08-23 16:08:21,2020-08-23 16:31:57,46.8,61.2,123.01505613425918,39.46153846153846,37.64335664335665
995,2020-08-23 16:32:18,2020-08-23 16:59:28,61.6,78.0,124.39110611449865,40.0,38.0
996,2020-08-23 16:59:49,2020-08-23 17:32:28,78.4,97.6,127.17883514178247,40.0,38.0
997,2020-08-24 02:19:24,2020-08-24 02:47:54,28.4,55.6,122.31975852736925,38.633720930232556,36.656976744186046
998,2020-08-24 02:48:15,2020-08-24 03:17:35,56.0,84.0,122.2837363095238,41.08474576271186,39.07344632768361
999,2020-08-24 03:17:56,2020-08-24 03:38:26,84.4,97.6,128.93203577441088,42.0,40.0
1000,2020-08-24 15:56:58,2020-08-24 17:07:57,16.0,74.0,122.36319551484674,42.0,40.30206378986867
1001,2020-08-24 23:56:24,2020-08-25 00:27:34,24.0,54.0,122.32918398148152,39.66489361702128,37.138297872340424
1002,2020-08-25 00:27:55,2020-08-25 00:54:55,54.4,80.4,122.2751241452991,42.40490797546012,39.80368098159509
1003,2020-08-25 06:44:27,2020-08-25 07:04:17,81.6,96.0,123.58798726851845,38.0,36.0
1004,2020-08-25 16:38:01,2020-08-25 16:59:31,13.6,33.6,125.34861194444444,39.89230769230769,38.1
1005,2020-08-25 16:59:52,2020-08-25 17:32:22,34.0,65.2,121.38622097578346,42.494897959183675,40.724489795918366
1006,2020-08-25 17:32:43,2020-08-25 18:01:13,65.6,90.8,123.39451741622574,44.05813953488372,42.80232558139535
1007,2020-08-26 11:40:28,2020-08-26 12:42:06,43.2,96.4,123.53472855054302,36.676025917926566,35.101511879049674
1008,2020-08-26 23:09:03,2020-08-27 00:10:50,30.0,88.4,122.97672593702436,36.19139784946236,33.660215053763444
1009,2020-08-27 00:13:37,2020-08-27 00:30:50,88.0,97.6,122.9658632089121,38.0,35.0
1010,2020-08-27 12:36:14,2020-08-27 13:06:24,24.4,53.2,122.0915330343364,35.13186813186813,33.62637362637363
1011,2020-08-27 13:06:45,2020-08-27 13:40:05,53.6,85.2,122.95227219585094,38.353233830845774,36.885572139303484
1012,2020-08-27 18:41:06,2020-08-27 19:41:41,35.6,84.8,123.08008551546973,41.6021978021978,39.47472527472527
1013,2020-08-28 04:03:29,2020-08-28 05:56:29,9.6,97.6,123.78624096275253,40.011792452830186,37.47877358490566
1014,2020-08-28 12:39:14,2020-08-28 13:11:14,48.0,78.4,123.96748743603803,40.5440414507772,38.6580310880829
1015,2020-08-28 13:11:35,2020-08-28 13:29:15,78.4,92.4,124.09724424603176,41.85981308411215,40.0
1016,2020-08-28 23:51:46,2020-08-29 00:23:56,13.2,35.2,121.5719536616161,39.57216494845361,37.33505154639175
1017,2020-08-29 00:24:17,2020-08-29 00:48:47,35.2,52.0,121.22353902116403,41.148648648648646,38.75
1018,2020-08-29 00:49:08,2020-08-29 01:20:08,52.0,73.2,121.50027109538783,42.68983957219251,40.0
1019,2020-08-29 01:20:29,2020-08-29 01:52:19,73.2,94.0,124.06982478632483,43.0,40.0
1020,2020-08-29 17:13:40,2020-08-29 17:47:00,38.4,61.2,121.58866959064324,39.91542288557214,38.3681592039801
1021,2020-08-29 17:47:21,2020-08-29 18:06:21,61.2,74.4,119.70957196969691,41.0,39.582608695652176
1022,2020-08-30 00:27:05,2020-08-30 00:56:15,44.4,72.4,122.99058675595236,39.48295454545455,37.57386363636363
1023,2020-08-30 00:56:36,2020-08-30 01:19:06,72.8,92.0,125.03255403645828,40.99264705882353,39.0
1024,2020-08-30 17:30:40,2020-08-30 18:00:20,44.8,72.8,122.00894320436508,41.36312849162011,39.45810055865922
1025,2020-08-30 18:00:41,2020-08-30 18:27:11,73.2,94.0,125.56091893696579,42.775,40.6625
1026,2020-08-31 01:14:28,2020-08-31 01:51:01,40.8,75.6,122.30069090836531,39.65090909090909,37.50181818181818
1027,2020-08-31 07:18:51,2020-08-31 08:09:09,56.0,97.6,124.09172285323187,35.53968253968254,32.73809523809524
1028,2020-08-31 20:32:00,2020-08-31 20:53:00,15.2,33.6,122.76347093900968,37.275590551181104,35.43307086614173
1029,2020-08-31 20:54:31,2020-08-31 21:26:41,34.8,63.6,120.630336564429,39.88659793814433,38.103092783505154
1030,2020-08-31 21:27:02,2020-08-31 22:02:32,64.0,92.8,123.9950048707562,41.58878504672897,39.67289719626168
1031,2020-09-01 04:09:39,2020-09-01 04:33:59,38.8,51.6,123.78035234374994,37.50340136054422,35.10884353741496
1032,2020-09-01 04:34:20,2020-09-01 05:01:10,52.0,66.4,123.92550983796289,38.0,36.0
1033,2020-09-01 05:01:31,2020-09-01 05:35:11,66.8,84.8,124.40737901234569,38.0,36.0
1034,2020-09-01 15:43:41,2020-09-01 16:00:11,30.4,46.0,124.89850320512814,41.12,39.09
1035,2020-09-01 16:00:32,2020-09-01 16:33:02,46.4,77.6,122.40516809116811,43.78061224489796,41.89795918367347
1036,2020-09-02 04:00:38,2020-09-02 04:36:28,41.2,75.2,123.0800769607843,37.39351851851852,35.023148148148145
1037,2020-09-02 04:36:49,2020-09-02 05:04:29,75.6,96.8,123.45061215932915,39.0,36.868263473053894
1038,2020-09-02 17:17:20,2020-09-02 17:44:20,16.0,41.6,122.73060096571183,41.61963190184049,39.70552147239264
1039,2020-09-02 17:44:41,2020-09-02 18:16:21,42.0,71.6,121.92616131756762,44.43455497382199,42.769633507853406
1040,2020-09-02 18:16:42,2020-09-02 18:42:52,72.0,92.0,122.08890472222225,45.82911392405063,44.0
1041,2020-09-03 13:00:51,2020-09-03 13:47:01,26.0,70.4,121.05034056869368,41.47670250896057,39.82437275985663
1042,2020-09-03 13:47:22,2020-09-03 14:03:52,70.4,86.0,123.14549056267816,44.0,42.05
1043,2020-09-03 20:44:59,2020-09-03 21:15:29,56.8,85.6,123.3126053722994,42.91304347826087,41.005434782608695
1044,2020-09-03 21:16:30,2020-09-03 21:34:30,86.8,97.6,130.8436392746914,43.07339449541284,41.15596330275229
1045,2020-09-04 01:37:09,2020-09-04 02:04:09,60.0,85.6,123.04633816189241,41.23312883435583,39.0
1046,2020-09-04 14:28:08,2020-09-04 14:53:38,29.6,54.0,121.97063598588342,38.116883116883116,36.577922077922075
1047,2020-09-04 14:53:59,2020-09-04 15:19:19,54.4,78.4,123.10880104166664,40.673202614379086,39.19607843137255
1048,2020-09-04 15:19:40,2020-09-04 15:36:30,78.8,92.4,121.69118392565352,41.78431372549019,40.0
1049,2020-09-04 22:58:56,2020-09-04 23:31:16,36.8,68.4,122.64152030590716,39.282051282051285,36.9025641025641
1050,2020-09-04 23:31:37,2020-09-04 23:58:37,68.8,92.4,124.38383256826737,41.0920245398773,38.84662576687116
1051,2020-09-05 03:24:08,2020-09-05 03:46:08,63.2,84.0,124.03044978632482,38.36842105263158,35.43609022556391
1052,2020-09-05 03:46:29,2020-09-05 04:06:39,84.4,97.6,128.41332165404054,39.0,36.0
1053,2020-09-05 13:46:03,2020-09-05 14:19:03,33.2,65.6,120.35320747599452,36.57286432160804,34.89949748743719
1054,2020-09-05 14:19:24,2020-09-05 14:41:04,65.6,86.8,120.84839249213834,38.87022900763359,37.36641221374046
1055,2020-09-05 16:51:58,2020-09-05 17:21:48,64.8,84.8,124.30555555555556,40.0,37.88333333333333
1056,2020-09-05 17:22:09,2020-09-05 17:42:35,85.2,97.6,127.45183691756282,40.0,38.0
1057,2020-09-06 02:20:28,2020-09-06 02:46:08,47.2,71.6,122.62578716985433,36.03225806451613,33.94193548387097
1058,2020-09-06 02:46:29,2020-09-06 03:20:49,72.0,97.6,125.7514164496528,37.05314009661836,35.0
1059,2020-09-06 14:05:22,2020-09-06 14:32:32,22.0,48.0,122.74145032051283,37.28658536585366,35.3780487804878
1060,2020-09-06 14:32:53,2020-09-06 15:02:43,48.4,77.2,121.71006886574074,40.31111111111111,38.37222222222222
1061,2020-09-07 01:18:30,2020-09-07 01:38:00,8.0,26.4,122.08335099637684,37.95762711864407,35.96610169491525
1062,2020-09-07 01:38:21,2020-09-07 02:07:41,26.4,54.4,120.66470000000002,39.67796610169491,37.87005649717514
1063,2020-09-07 02:08:02,2020-09-07 02:40:42,54.4,85.2,122.18075351731605,42.50253807106599,40.54822335025381
1064,2020-09-07 02:41:03,2020-09-07 03:00:23,85.6,97.6,125.89470347222222,43.0,41.0
1065,2020-09-07 15:45:18,2020-09-07 16:14:08,48.8,76.0,123.76583859272876,39.775862068965516,38.10919540229885
1066,2020-09-07 16:14:29,2020-09-07 16:43:19,76.4,97.6,125.51166954926632,41.0,39.0
1067,2020-09-08 01:31:17,2020-09-08 02:03:17,44.0,74.8,121.9471380772006,37.18652849740933,35.09326424870466
1068,2020-09-08 02:03:38,2020-09-08 02:34:08,75.2,97.6,125.33173797123021,38.64673913043478,36.13586956521739
1069,2020-09-08 15:10:48,2020-09-08 15:29:08,44.8,62.4,121.07956439393944,32.01801801801802,29.846846846846848
1070,2020-09-08 15:29:29,2020-09-08 15:55:49,62.4,87.2,122.94300828853044,33.509433962264154,31.528301886792452
1071,2020-09-08 15:56:10,2020-09-08 16:15:20,87.6,97.6,127.4694388888889,34.0,32.0
1072,2020-09-09 14:57:28,2020-09-09 15:28:48,22.4,41.6,124.76202625868056,33.15873015873016,31.195767195767196
1073,2020-09-09 15:29:09,2020-09-09 15:58:29,42.0,60.4,118.33938813405797,35.355932203389834,33.27683615819209
1074,2020-09-09 15:58:50,2020-09-09 16:30:50,60.4,79.6,118.3760305266204,36.22279792746114,34.0
1075,2020-09-09 21:44:11,2020-09-09 22:12:31,57.6,74.0,123.73561864837401,35.0,33.0
1076,2020-09-09 22:12:52,2020-09-09 22:38:42,74.4,88.8,123.71625964506181,35.0,33.0
1077,2020-09-09 22:39:03,2020-09-09 22:55:43,88.8,97.6,126.92867976641422,35.0,33.0
1078,2020-09-10 12:04:52,2020-09-10 12:31:32,12.0,37.2,124.78012003968256,35.52173913043478,33.559006211180126
1079,2020-09-10 12:31:53,2020-09-10 13:03:33,37.6,68.4,121.31045752164506,38.81675392670157,36.97905759162304
1080,2020-09-10 13:03:54,2020-09-10 13:33:24,68.8,93.6,123.08917422715055,40.79213483146067,39.0
1081,2020-09-10 18:31:25,2020-09-10 18:53:15,65.6,86.4,123.83750260416664,42.54545454545455,40.0
1082,2020-09-11 10:55:37,2020-09-11 12:03:00,34.8,89.2,123.13392008782678,38.21343873517787,36.86363636363637
1083,2020-09-11 20:16:07,2020-09-11 20:45:17,30.0,58.0,121.51042157738094,38.09659090909091,36.31818181818182
1084,2020-09-11 20:45:38,2020-09-11 21:15:08,58.4,86.4,122.83085967261904,40.46067415730337,38.70224719101124
1085,2020-09-11 21:15:29,2020-09-11 21:33:29,86.4,97.6,125.1971870039684,41.0,39.0
1086,2020-09-12 02:10:08,2020-09-12 03:37:07,25.6,92.8,122.61156085689487,41.18836140888208,37.84226646248086
1087,2020-09-12 09:50:05,2020-09-12 10:52:31,45.6,97.6,124.09218053151712,34.795309168443495,32.24520255863539
1088,2020-09-12 18:47:48,2020-09-12 19:05:58,18.8,36.0,124.51229748062022,37.31818181818182,35.42727272727273
1089,2020-09-12 19:06:19,2020-09-12 19:31:49,36.4,61.2,121.20129821908603,39.688311688311686,37.85064935064935
1090,2020-09-12 19:32:10,2020-09-12 20:02:50,61.6,90.0,122.94114407276997,41.63243243243243,39.47027027027027
1091,2020-09-13 19:30:49,2020-09-13 19:57:29,32.4,58.0,121.87501746961806,36.21739130434783,34.45962732919255
1092,2020-09-13 19:57:50,2020-09-13 20:31:50,58.4,89.6,123.31955359686613,38.697560975609754,36.829268292682926
1093,2020-09-14 01:45:54,2020-09-14 02:14:38,41.6,68.8,123.16615883374185,39.166666666666664,36.08620689655172
1094,2020-09-14 02:14:59,2020-09-14 02:42:37,69.2,92.4,124.40565913553641,40.06586826347306,37.532934131736525
1095,2020-09-14 12:32:32,2020-09-14 13:01:05,61.6,88.4,123.63049969941957,35.967441860465115,34.06046511627907
1096,2020-09-15 11:30:24,2020-09-15 11:50:54,48.0,67.2,124.41768221932867,30.620967741935484,29.370967741935484
1097,2020-09-15 11:51:15,2020-09-15 12:23:05,67.6,93.6,124.19605662393165,32.479166666666664,30.848958333333332
1098,2020-09-15 22:11:59,2020-09-15 22:39:39,34.8,61.6,120.47575362769487,32.964071856287426,31.131736526946106
1099,2020-09-15 22:40:00,2020-09-15 23:10:20,61.6,89.6,121.95536582341273,35.43715846994535,33.53005464480874
1100,2020-09-16 04:13:24,2020-09-16 04:42:04,74.8,96.8,123.52210782828281,34.0,32.0
1101,2020-09-16 12:07:05,2020-09-16 12:35:05,57.6,84.0,123.52588204966331,36.26627218934911,34.69230769230769
1102,2020-09-16 12:35:26,2020-09-16 12:57:46,84.0,97.6,124.52205545343142,37.0,36.0
1103,2020-09-16 21:47:53,2020-09-16 22:15:13,40.4,66.8,120.85806686658252,37.26060606060606,35.4
1104,2020-09-16 22:15:34,2020-09-16 22:47:14,67.2,93.6,124.27294502314821,38.952879581151834,37.0
1105,2020-09-17 03:01:02,2020-09-17 04:27:13,61.6,91.6,124.46148188888893,35.61205564142195,33.13601236476043
1106,2020-09-17 04:27:32,2020-09-17 04:45:41,91.6,97.6,131.08333333333334,35.0,33.0
1107,2020-09-17 13:36:09,2020-09-17 14:05:49,54.8,82.8,123.73810793650793,39.58659217877095,37.977653631284916
1108,2020-09-17 17:46:34,2020-09-17 18:28:20,64.0,97.6,124.85822585978839,40.1656050955414,38.47452229299363
1109,2020-09-18 06:09:10,2020-09-18 06:32:40,30.0,52.4,122.46156411210319,33.41549295774648,31.788732394366196
1110,2020-09-18 06:33:01,2020-09-18 07:02:31,52.8,81.2,121.20892253521123,36.151685393258425,34.39887640449438
1111,2020-09-18 07:02:52,2020-09-18 07:27:12,81.6,97.6,126.9618134548611,37.0,35.074829931972786
1112,2020-09-18 20:46:16,2020-09-18 21:15:36,28.4,56.8,120.9321341451487,33.87570621468927,32.090395480225986
1113,2020-09-18 21:15:57,2020-09-18 21:45:47,56.8,85.6,121.30933140432103,36.638888888888886,34.71666666666667
1114,2020-09-18 21:46:08,2020-09-18 22:05:28,85.6,97.6,124.96529999999998,37.0,35.01709401709402
1115,2020-09-19 05:08:40,2020-09-19 05:38:20,36.8,65.2,121.83685113458526,34.41340782122905,31.69832402234637
1116,2020-09-19 05:38:41,2020-09-19 06:10:01,65.6,92.4,123.60541272802648,36.53439153439153,33.851851851851855
1117,2020-09-19 14:06:36,2020-09-19 14:32:04,40.4,65.2,121.87009014336918,37.142857142857146,35.27922077922078
1118,2020-09-19 14:32:25,2020-09-19 14:54:01,65.6,86.4,123.17763496260679,38.412213740458014,36.66412213740458
1119,2020-09-19 18:54:33,2020-09-19 19:11:23,64.4,74.4,126.48613972222222,36.0,33.950980392156865
1120,2020-09-19 19:11:44,2020-09-19 19:40:24,74.8,92.0,125.36582235142117,36.0,34.0
1121,2020-09-20 05:26:11,2020-09-20 05:56:11,48.4,66.8,122.55286518719811,32.93922651933702,30.646408839779006
1122,2020-09-20 05:56:32,2020-09-20 06:26:12,66.8,85.2,121.1926597222222,33.0,31.0
1123,2020-09-20 06:26:33,2020-09-20 06:49:03,85.2,97.6,125.26100672043023,33.220588235294116,31.0
1124,2020-09-20 15:18:41,2020-09-20 16:37:24,20.4,84.8,121.94220262249829,40.12859560067682,38.33164128595601
1125,2020-09-21 00:16:46,2020-09-21 00:34:16,18.0,28.8,124.20525617283951,37.0,34.87735849056604
1126,2020-09-21 00:34:37,2020-09-21 01:12:57,29.2,52.8,122.35229378531076,38.23376623376623,35.98701298701299
1127,2020-09-21 01:13:18,2020-09-21 01:44:08,53.2,71.6,120.88693244263291,39.876344086021504,37.03225806451613
1128,2020-09-21 01:44:29,2020-09-21 02:16:59,71.6,89.6,124.6736352623457,40.0,37.0
1129,2020-09-21 08:03:00,2020-09-21 08:29:50,68.8,92.0,121.97437505986588,37.160493827160494,34.629629629629626
1130,2020-09-21 23:22:33,2020-09-21 23:51:03,43.6,71.2,120.72817743558777,35.73837209302326,34.18023255813954
1131,2020-09-22 04:36:15,2020-09-22 05:49:14,34.8,97.6,123.5036559337403,37.18978102189781,34.94525547445255
1132,2020-09-22 15:30:45,2020-09-22 15:56:25,40.8,65.6,120.46652167338712,39.12903225806452,37.225806451612904
1133,2020-09-22 15:56:46,2020-09-22 16:20:06,66.0,88.0,122.98169936868688,40.829787234042556,39.0
1134,2020-09-23 00:16:40,2020-09-23 01:52:52,30.4,89.6,121.82451201201204,38.23961218836565,36.17590027700831
1135,2020-09-23 06:02:46,2020-09-23 06:52:40,56.8,97.6,125.04082411151963,36.856,34.63466666666667
1136,2020-09-23 12:46:22,2020-09-23 13:14:52,45.6,65.2,120.9310982142857,38.70348837209303,37.25
1137,2020-09-23 13:15:13,2020-09-23 13:45:33,65.2,85.6,123.66282924836607,39.85792349726776,38.0
1138,2020-09-23 13:45:54,2020-09-23 14:05:04,86.0,97.6,126.68459913793106,40.0,38.73275862068966
1139,2020-09-23 19:11:28,2020-09-23 19:40:28,63.2,80.0,120.95322949735454,36.0,32.0
1140,2020-09-23 19:40:49,2020-09-23 20:13:33,80.0,97.6,124.98423415404045,36.0,32.0
1141,2020-09-24 01:09:00,2020-09-24 01:28:50,44.8,58.4,122.06089501633986,33.38333333333333,30.6
1142,2020-09-24 01:29:11,2020-09-24 01:57:21,58.8,77.6,125.4211312056738,34.076470588235296,31.71764705882353
1143,2020-09-24 01:57:42,2020-09-24 02:27:42,78.0,97.2,123.48817816840277,35.0,32.13812154696133
1144,2020-09-24 05:13:49,2020-09-24 05:41:19,60.8,86.4,124.94957676866318,34.98795180722892,32.41566265060241
1145,2020-09-24 05:41:40,2020-09-24 05:59:20,86.8,97.6,127.2504970421811,35.32710280373832,33.0
1146,2020-09-24 14:57:21,2020-09-24 15:25:11,38.8,66.0,119.37091380718954,36.61904761904762,35.107142857142854
1147,2020-09-24 15:25:32,2020-09-24 15:57:12,66.4,93.2,122.83945325456054,38.50261780104712,36.769633507853406
1148,2020-09-25 03:05:55,2020-09-25 03:29:25,21.2,43.6,123.24094450644839,31.746478873239436,29.816901408450704
1149,2020-09-25 03:29:46,2020-09-25 04:01:26,43.6,74.8,119.26371144943022,34.973821989528794,32.952879581151834
1150,2020-09-25 04:01:47,2020-09-25 04:32:47,75.2,97.6,124.40166852678576,36.72727272727273,34.0
1151,2020-09-25 12:18:19,2020-09-25 12:49:19,42.8,63.6,123.9883603766025,34.56149732620321,33.19251336898396
1152,2020-09-25 12:49:40,2020-09-25 13:22:30,64.0,86.0,124.1199246212121,35.98989898989899,34.505050505050505
1153,2020-09-25 13:22:51,2020-09-25 13:41:41,86.4,97.6,126.90225434027786,36.666666666666664,35.0
1154,2020-09-26 22:17:49,2020-09-26 22:47:29,16.4,34.8,121.7301262077295,30.51396648044693,29.212290502793294
1155,2020-09-26 22:47:50,2020-09-26 23:20:00,34.8,55.2,119.04825517429194,32.52061855670103,30.99484536082474
1156,2020-09-26 23:20:21,2020-09-26 23:49:11,55.2,73.2,120.93986820987656,34.0,32.4367816091954
1157,2020-09-26 23:49:32,2020-09-27 00:20:22,73.6,92.0,126.33988073671493,34.575268817204304,33.0
1158,2020-09-27 07:39:32,2020-09-27 08:11:42,8.400001,38.8,123.59011216122447,34.3041237113402,31.432989690721648
1159,2020-09-27 08:12:03,2020-09-27 08:37:53,39.2,64.0,121.6851633624552,37.06410256410256,34.12820512820513
1160,2020-09-27 08:38:14,2020-09-27 09:07:14,64.4,90.4,123.13516762820515,38.78285714285714,35.88
1161,2020-09-27 20:50:35,2020-09-27 21:19:45,33.6,61.6,120.76836403769842,33.64772727272727,31.823863636363637
1162,2020-09-27 21:20:06,2020-09-27 21:49:46,62.0,89.2,122.50563342524508,35.944134078212294,33.92178770949721
1163,2020-09-28 13:16:34,2020-09-28 13:48:34,53.2,71.6,125.05059805253632,32.72020725388601,31.0
1164,2020-09-28 13:48:55,2020-09-28 14:21:35,72.0,90.0,124.75233109567903,33.213197969543145,31.939086294416242
1165,2020-09-28 18:46:20,2020-09-28 19:08:10,84.8,96.8,124.34724050925925,34.0,32.0
1166,2020-10-01 16:53:47,2020-10-01 17:22:57,26.0,43.6,124.2897727272727,32.22727272727273,31.107954545454547
1167,2020-10-01 17:23:18,2020-10-01 17:51:48,44.0,62.0,118.75,34.575581395348834,33.31976744186046
1168,2020-10-01 18:01:32,2020-10-01 18:33:32,68.0,87.6,122.44897959183676,35.95854922279793,34.0
1169,2020-10-01 18:33:53,2020-10-01 18:51:13,87.6,97.6,125.84583430555556,36.0,34.08571428571429
1170,2020-10-02 13:31:48,2020-10-02 13:50:08,24.4,36.0,121.9887447557471,35.108108108108105,33.01801801801802
1171,2020-10-02 13:50:29,2020-10-02 14:22:49,36.0,57.6,119.75308641975309,36.5025641025641,34.707692307692305
1172,2020-10-02 14:23:10,2020-10-02 14:53:10,58.0,78.0,120.00138902777778,37.0,36.0
1173,2020-10-02 14:53:31,2020-10-02 15:21:31,78.0,95.6,123.7334294507576,37.0,36.0
1174,2020-10-02 19:58:51,2020-10-02 20:30:21,53.6,70.4,124.7858582175926,37.189473684210526,35.82105263157895
1175,2020-10-02 20:30:42,2020-10-02 21:01:52,70.4,87.2,123.42093998015872,38.0,36.0
1176,2020-10-02 21:02:13,2020-10-02 21:21:43,87.2,97.6,124.7302080662394,38.0,36.0
1177,2020-10-03 03:50:18,2020-10-03 04:07:38,15.2,31.2,126.18924149305559,34.86666666666667,32.48571428571429
1178,2020-10-03 04:07:59,2020-10-03 04:34:29,31.6,56.8,122.42725661375667,36.95625,34.75
1179,2020-10-03 04:34:50,2020-10-03 05:05:50,57.2,86.4,123.60636558219178,39.3475935828877,36.95187165775401
1180,2020-10-03 05:06:11,2020-10-03 05:24:41,86.8,97.6,125.84878446502059,40.0,37.089285714285715
1181,2020-10-04 15:36:49,2020-10-04 19:01:21,26.0,97.6,122.35247092178774,37.36179921773142,35.672099087353324
1182,2020-10-05 00:36:18,2020-10-05 00:57:08,45.6,65.2,123.93141184807254,36.6031746031746,34.6031746031746
1183,2020-10-05 00:57:29,2020-10-05 01:27:29,65.6,91.6,123.04648472222223,37.89502762430939,35.994475138121544
1184,2020-10-08 00:26:38,2020-10-08 01:32:49,28.0,90.0,120.85520105286736,30.909456740442657,29.611670020120723
1185,2020-10-08 06:16:26,2020-10-08 06:35:06,37.6,55.2,123.74763360164143,30.79646017699115,28.256637168141594
1186,2020-10-08 06:35:27,2020-10-08 07:02:37,55.6,81.2,123.73263324652777,32.78658536585366,30.597560975609756
1187,2020-10-08 07:02:58,2020-10-08 07:27:38,81.6,97.6,124.78732100694445,33.95973154362416,31.469798657718123
1188,2020-10-08 18:27:02,2020-10-08 18:54:12,65.6,89.6,123.50289560185186,30.475609756097562,29.51219512195122
1189,2020-10-08 18:54:33,2020-10-08 19:11:23,89.6,97.6,122.98784670138892,31.0,30.0
1190,2020-10-09 03:39:14,2020-10-09 04:05:24,32.8,57.6,123.34343122759857,31.962025316455698,29.873417721518987
1191,2020-10-09 04:05:45,2020-10-09 04:34:55,58.0,86.0,121.74356736111113,34.44886363636363,32.48863636363637
1192,2020-10-09 04:35:16,2020-10-09 04:54:16,86.0,97.6,124.27564188218399,35.0,33.0
1193,2020-10-09 23:31:18,2020-10-10 00:00:58,20.8,49.6,120.49143306327161,29.18435754189944,28.212290502793294
1194,2020-10-10 00:01:19,2020-10-10 00:28:29,50.0,77.2,116.846421875,32.396341463414636,31.29268292682927
1195,2020-10-10 00:28:50,2020-10-10 00:56:30,77.6,97.6,121.83126131944447,33.82035928143713,32.0
1196,2020-10-10 11:44:04,2020-10-10 12:02:14,35.6,46.4,118.30892734053502,30.454545454545453,28.854545454545455
1197,2020-10-10 12:02:35,2020-10-10 12:32:05,46.4,64.0,117.88828551136365,31.8876404494382,30.5
1198,2020-10-10 12:32:26,2020-10-10 13:00:36,64.4,80.8,120.79609908536595,33.0,31.24705882352941
1199,2020-10-10 13:00:57,2020-10-10 13:25:47,80.8,94.8,124.07045625000002,33.46666666666667,32.0
1200,2020-10-10 19:38:30,2020-10-10 19:55:50,51.6,64.0,121.30826713709683,34.65714285714286,32.94285714285714
1201,2020-10-10 19:56:11,2020-10-10 20:24:51,64.0,84.4,122.03842211328973,35.0,33.42774566473989
1202,2020-10-11 06:03:36,2020-10-11 06:23:16,45.6,64.4,122.18012536938537,31.96638655462185,29.630252100840337
1203,2020-10-11 06:23:37,2020-10-11 06:53:37,64.8,91.2,121.22634127735688,33.47513812154696,31.39779005524862
1204,2020-10-11 17:15:10,2020-10-11 17:34:00,37.2,55.6,119.31461730072466,35.91228070175438,33.96491228070175
1205,2020-10-11 17:34:21,2020-10-11 18:05:21,56.0,85.6,122.09178228228232,37.88235294117647,36.12299465240642
1206,2020-10-11 18:05:42,2020-10-11 18:24:32,86.0,97.6,126.5433631465518,38.99122807017544,37.0
1207,2020-10-12 15:56:33,2020-10-12 16:21:53,27.6,52.8,119.05148627645505,35.49673202614379,33.76470588235294
1208,2020-10-12 16:22:14,2020-10-12 16:49:04,53.2,79.6,120.44298684764317,38.24074074074074,36.623456790123456
1209,2020-10-12 16:49:25,2020-10-12 17:14:05,80.0,97.6,125.36144965277785,39.0,37.08724832214765
1210,2020-10-13 14:10:09,2020-10-13 15:41:49,13.6,89.6,120.34329701937136,36.27906976744186,34.473837209302324
1211,2020-10-13 23:59:52,2020-10-14 00:43:46,15.2,57.6,120.68897450209644,33.68484848484849,30.893939393939394
1212,2020-10-14 00:46:34,2020-10-14 01:14:43,58.0,85.2,120.61882573018792,37.033018867924525,34.41509433962264
1213,2020-10-14 06:24:07,2020-10-14 06:44:16,84.0,97.6,120.66678881740202,32.11842105263158,29.95394736842105
1214,2020-10-14 17:46:03,2020-10-14 18:56:06,30.4,94.4,120.64488521701391,33.60836501901141,32.1958174904943
1215,2020-10-15 00:30:20,2020-10-15 01:18:24,48.4,92.4,120.75825500946968,34.89779005524862,32.63259668508287
1216,2020-10-15 14:06:31,2020-10-15 14:32:01,65.2,89.2,119.4942412615741,34.435064935064936,33.142857142857146
1217,2020-10-15 22:02:04,2020-10-15 22:31:14,33.2,53.6,119.14488017429194,34.875,33.10795454545455
1218,2020-10-15 22:31:35,2020-10-15 22:59:35,54.0,73.6,119.05045379818597,36.74556213017752,34.857988165680474
1219,2020-10-15 22:59:56,2020-10-15 23:34:16,73.6,96.0,122.7722057911706,37.27536231884058,35.46376811594203
1220,2020-10-16 12:48:03,2020-10-16 13:05:33,38.8,51.2,117.4327782258064,32.528301886792455,31.150943396226417
1221,2020-10-16 13:05:54,2020-10-16 13:32:54,51.2,70.0,119.4857960992908,33.80368098159509,32.63803680981595
1222,2020-10-16 13:33:15,2020-10-16 14:03:25,70.4,90.8,122.5830531045752,34.747252747252745,33.34615384615385
1223,2020-10-17 00:45:57,2020-10-17 01:08:01,23.2,36.8,121.28881290849678,31.37313432835821,29.365671641791046
1224,2020-10-17 01:08:22,2020-10-17 01:37:32,37.2,55.6,118.90247750603868,33.125,31.125
1225,2020-10-17 01:37:53,2020-10-17 02:03:33,56.0,72.0,120.52693116319446,34.65806451612903,32.66451612903226
1226,2020-10-17 02:03:54,2020-10-17 02:34:04,72.4,90.8,123.0389664855073,35.0,33.0
1227,2020-10-17 08:53:38,2020-10-17 09:18:18,78.8,92.4,123.62542626633982,31.0,29.0
1228,2020-10-18 11:50:33,2020-10-18 12:19:03,21.2,28.4,119.407831404321,25.953488372093023,24.88372093023256
1229,2020-10-18 12:19:24,2020-10-18 12:46:54,28.4,35.2,117.29579473039209,27.0,25.83132530120482
1230,2020-10-18 12:47:15,2020-10-18 13:16:25,35.2,42.0,118.15159865196082,27.880681818181817,26.556818181818183
1231,2020-10-18 13:16:46,2020-10-18 13:46:36,42.0,49.2,107.38430594135797,28.566666666666666,27.233333333333334
1232,2020-10-18 13:46:57,2020-10-18 14:16:27,49.2,55.6,110.76176649305557,29.0,28.0
1233,2020-10-18 14:16:48,2020-10-18 14:44:18,55.6,61.6,109.30328240740741,29.783132530120483,28.0
1234,2020-10-18 14:44:39,2020-10-18 15:15:49,61.6,68.0,117.87548849826392,30.0,28.0
1235,2020-10-18 15:16:10,2020-10-18 15:42:20,68.0,73.6,113.52683035714297,30.0,28.0
1236,2020-10-18 15:42:41,2020-10-18 16:13:51,73.6,80.0,121.37590842013881,30.0,28.0
1237,2020-10-18 16:14:12,2020-10-18 16:43:42,80.0,86.0,123.69449814814814,30.0,28.0
1238,2020-10-18 16:44:03,2020-10-18 17:14:53,86.0,92.0,130.99311041666667,30.0,28.349462365591396
1239,2020-10-18 17:15:14,2020-10-18 17:34:04,92.0,96.0,120.10767847222223,30.0,29.0
1240,2020-10-18 22:41:39,2020-10-18 23:09:09,53.2,79.6,122.30586221590913,30.626506024096386,29.120481927710845
1241,2020-10-18 23:09:30,2020-10-18 23:32:50,80.0,96.8,123.12089079034394,31.93617021276596,30.0
1242,2020-10-19 15:15:32,2020-10-19 15:42:32,46.0,72.4,119.07250131523568,32.28834355828221,30.69325153374233
1243,2020-10-20 00:38:19,2020-10-20 01:08:49,38.4,68.8,117.07145677997077,32.80434782608695,30.78804347826087
1244,2020-10-20 01:09:10,2020-10-20 01:41:10,68.8,95.2,120.28936447811446,34.69430051813472,32.73575129533679
1245,2020-10-20 10:36:58,2020-10-20 11:45:01,38.8,97.6,122.26070639172337,31.12133072407045,29.270058708414872
1246,2020-10-21 00:10:54,2020-10-21 00:27:54,26.4,42.8,121.25086415989168,28.631067961165048,26.980582524271846
1247,2020-10-21 00:28:15,2020-10-21 00:58:25,43.2,72.8,119.18779851726731,31.516483516483518,29.873626373626372
1248,2020-10-21 00:58:46,2020-10-21 01:18:36,73.2,90.4,122.80201283914722,33.0,31.516666666666666
1249,2020-10-21 11:22:50,2020-10-21 11:55:37,47.6,79.2,120.70203528481014,28.635,27.305
1250,2020-10-21 11:55:58,2020-10-21 12:23:28,79.2,97.6,122.98084880736721,30.30722891566265,29.03012048192771
1251,2020-10-21 21:15:21,2020-10-21 21:40:51,54.0,62.8,125.56818181818186,29.0,27.0
1252,2020-10-21 21:41:12,2020-10-21 22:11:22,63.2,74.0,121.0390946502058,29.0,27.626373626373628
1253,2020-10-21 22:11:43,2020-10-21 22:41:43,74.0,84.8,120.3703703703704,29.0,28.0
1254,2020-10-21 23:18:34,2020-10-21 23:46:14,84.8,94.8,119.89027791666666,29.0,27.0
1255,2020-10-22 04:09:22,2020-10-22 04:40:02,68.0,93.6,122.15929378255213,29.518918918918917,27.664864864864864
1256,2020-10-22 13:23:57,2020-10-22 13:55:27,41.2,61.2,117.60005250000003,29.878947368421052,28.689473684210526
1257,2020-10-22 13:55:48,2020-10-22 14:24:08,61.2,78.8,120.20207386363641,31.0,30.0
1258,2020-10-22 14:24:29,2020-10-22 14:54:39,78.8,96.8,123.64123657407409,31.63736263736264,30.456043956043956
1259,2020-10-22 23:14:38,2020-10-22 23:32:48,37.2,48.8,117.25577318007669,30.045454545454547,28.254545454545454
1260,2020-10-22 23:33:09,2020-10-23 00:04:19,48.8,68.4,119.52525325963717,31.627659574468087,29.72872340425532
1261,2020-10-23 00:04:40,2020-10-23 00:31:30,68.8,85.2,122.98613838075877,32.19135802469136,30.80246913580247
1262,2020-10-23 00:31:51,2020-10-23 00:52:21,85.6,97.6,126.1076850694445,33.0,31.0
1263,2020-10-23 13:53:49,2020-10-23 14:23:29,8.8,37.6,120.68192153742288,30.083798882681563,28.58659217877095
1264,2020-10-23 14:23:50,2020-10-23 14:57:30,38.0,71.2,118.89893724899596,33.8423645320197,32.41379310344828
1265,2020-10-23 14:57:51,2020-10-23 15:29:01,71.6,96.0,123.1136191370674,35.8936170212766,34.0
1266,2020-10-24 02:39:45,2020-10-24 02:58:15,59.2,76.8,121.91605066287889,30.196428571428573,28.205357142857142
1267,2020-10-24 02:59:06,2020-10-24 03:26:36,77.6,97.6,123.2750041666667,31.0,29.198795180722893
1268,2020-10-24 08:35:35,2020-10-24 09:02:25,58.8,84.8,120.5384700320513,31.64814814814815,29.376543209876544
1269,2020-10-24 09:02:46,2020-10-24 09:23:46,84.8,97.6,124.12654437934027,32.16535433070866,30.0
1270,2020-10-24 18:44:10,2020-10-24 19:04:20,58.4,78.0,119.65137216553288,30.762295081967213,29.62295081967213
1271,2020-10-24 19:04:41,2020-10-24 19:32:01,78.0,97.6,123.13422342687082,31.903030303030302,30.78787878787879
1272,2020-10-25 13:07:03,2020-10-25 13:43:37,16.4,41.2,121.85978868727598,27.805429864253394,26.828054298642535
1273,2020-10-25 13:43:58,2020-10-25 14:14:48,41.6,62.8,120.09762624475893,30.983870967741936,29.86021505376344
1274,2020-10-25 14:15:09,2020-10-25 14:46:39,63.2,84.4,122.6631369889937,32.67368421052632,31.521052631578947
1275,2020-10-25 19:50:14,2020-10-25 20:15:44,69.6,84.4,120.16236861861853,34.0,32.51298701298701
1276,2020-10-26 01:32:35,2020-10-26 02:20:53,57.6,97.6,122.7602960277778,32.8099173553719,30.903581267217632
1277,2020-10-26 12:20:46,2020-10-26 12:53:46,36.8,69.6,120.25534734925478,32.321608040201006,30.824120603015075
1278,2020-10-26 12:54:07,2020-10-26 13:23:51,70.0,94.8,122.39024260752689,34.78888888888889,33.52777777777778
1279,2020-10-26 19:40:51,2020-10-26 20:10:31,75.2,97.6,124.67635050843258,36.0,34.76536312849162
1280,2020-10-27 01:25:43,2020-10-27 02:36:35,51.2,94.8,121.93051913863408,34.81390977443609,32.535714285714285
1281,2020-10-27 11:11:05,2020-10-27 11:40:45,60.8,88.8,121.7227171626984,32.85474860335196,31.424581005586592
1282,2020-10-27 16:58:16,2020-10-27 17:23:56,69.6,92.0,122.51985435267854,38.0,36.69032258064516
1283,2020-10-28 13:34:37,2020-10-28 13:59:27,12.0,37.6,121.52128228081598,33.32666666666667,32.04
1284,2020-10-28 13:59:48,2020-10-28 14:26:08,38.0,65.6,119.65280082528184,36.534591194968556,35.308176100628934
1285,2020-10-28 14:26:29,2020-10-28 14:51:19,66.0,90.0,121.87734131944448,38.586666666666666,37.25333333333333
1286,2020-10-31 14:17:52,2020-10-31 14:46:52,45.2,61.6,118.14196324525743,30.097142857142856,28.177142857142858
1287,2020-10-31 14:47:13,2020-10-31 15:16:03,61.6,77.6,120.37502361111116,31.011494252873565,29.402298850574713
1288,2020-10-31 15:16:24,2020-10-31 15:48:14,77.6,95.2,120.80731431502521,31.994791666666668,30.234375
1289,2020-11-01 21:13:03,2020-11-01 21:31:13,12.8,23.2,122.3771465010684,30.318181818181817,29.0
1290,2020-11-01 21:31:34,2020-11-01 21:57:34,23.2,38.4,119.73684210526316,31.388535031847134,30.273885350318473
1291,2020-11-01 21:57:55,2020-11-01 22:25:25,38.4,54.8,117.3780487804878,32.87951807228916,31.698795180722893
1292,2020-11-01 22:25:46,2020-11-01 22:55:26,55.2,72.8,117.99400268308086,34.0,33.0
1293,2020-11-01 22:55:47,2020-11-01 23:26:37,72.8,90.8,120.04476682098768,34.0,33.0
1294,2020-11-02 19:48:08,2020-11-02 21:29:08,20.0,97.6,121.21197894652063,32.482849604221634,31.265171503957784
1295,2020-11-03 04:19:08,2020-11-03 05:29:11,54.8,97.6,122.1788685617861,30.1787072243346,27.754752851711025
1296,2020-11-03 11:37:11,2020-11-03 13:00:59,31.2,95.6,121.04523643029677,31.914149443561207,30.41335453100159
1297,2020-11-03 16:55:51,2020-11-03 17:17:52,64.8,81.6,122.72669868551591,33.12048192771084,31.343373493975903
1298,2020-11-03 23:47:21,2020-11-04 00:16:01,57.6,84.8,122.79359880514708,32.31791907514451,30.3757225433526
1299,2020-11-04 00:16:22,2020-11-04 00:34:52,85.2,96.8,124.62284015804603,33.0,31.0
1300,2020-11-04 06:37:30,2020-11-04 07:03:00,24.8,42.0,123.30666206395348,31.435064935064936,28.662337662337663
1301,2020-11-04 07:03:21,2020-11-04 07:29:11,42.4,60.4,119.35954398148148,33.26282051282051,30.55128205128205
1302,2020-11-04 07:29:32,2020-11-04 07:57:32,60.8,80.0,121.28469791666663,34.0,31.80473372781065
1303,2020-11-04 07:57:53,2020-11-04 08:25:13,80.4,97.6,124.57443580426362,34.96969696969697,32.0
1304,2020-11-04 20:17:23,2020-11-04 21:32:38,43.2,97.6,122.28715953839873,31.120353982300884,29.812389380530973
1305,2020-11-05 03:32:52,2020-11-05 03:50:12,72.8,88.8,121.65886362847225,30.0,27.98095238095238
1306,2020-11-05 09:53:19,2020-11-05 10:11:49,70.0,82.4,123.59764646057343,29.0,27.678571428571427
1307,2020-11-05 10:12:10,2020-11-05 10:37:20,82.8,96.8,119.86804265873012,29.92105263157895,28.0
1308,2020-11-05 17:26:33,2020-11-05 17:55:03,59.6,86.8,122.72521461397064,33.99418604651163,32.645348837209305
1309,2020-11-05 17:55:24,2020-11-05 18:13:34,87.2,97.6,125.23640878739329,35.0,33.0
1310,2020-11-06 03:16:20,2020-11-06 03:47:20,44.8,70.0,119.69798600088181,31.727272727272727,30.02673796791444
1311,2020-11-06 03:47:41,2020-11-06 04:15:21,70.4,90.8,121.89884055010897,33.0,31.269461077844312
1312,2020-11-06 17:31:57,2020-11-06 18:00:07,23.6,50.4,120.8670193304312,33.83529411764706,32.311764705882354
1313,2020-11-06 18:00:28,2020-11-06 18:30:48,50.8,80.0,119.4625189307458,36.87978142076503,35.349726775956285
1314,2020-11-06 18:31:09,2020-11-06 18:55:39,80.4,97.2,126.0325885416667,38.0,36.0
1315,2020-11-07 05:08:11,2020-11-07 06:36:14,18.8,97.6,121.50033669451494,34.602118003025716,32.27836611195159
1316,2020-11-07 18:29:24,2020-11-07 19:49:19,24.4,96.0,121.71825338881132,36.156666666666666,34.405
1317,2020-11-08 08:59:14,2020-11-08 09:16:04,29.6,40.0,120.80929647435899,28.04901960784314,27.205882352941178
1318,2020-11-08 09:16:25,2020-11-08 09:48:35,40.0,60.8,115.98557692307693,29.79381443298969,28.948453608247423
1319,2020-11-08 09:48:56,2020-11-08 10:21:16,60.8,81.2,118.87254901960782,31.0,30.087179487179487
1320,2020-11-08 10:21:37,2020-11-08 10:50:07,81.2,97.6,123.97951388888897,31.976744186046513,31.0
1321,2020-11-08 16:39:43,2020-11-08 17:13:13,71.2,97.2,123.23452804487181,35.0,33.0
1322,2020-11-09 00:23:05,2020-11-09 00:56:45,42.8,63.6,121.66402270299147,33.36945812807882,31.305418719211822
1323,2020-11-09 00:57:06,2020-11-09 01:26:16,64.0,82.0,121.79786651234568,34.0,32.0
1324,2020-11-09 01:26:37,2020-11-09 01:51:17,82.0,96.8,123.95460735735739,34.47651006711409,32.986577181208055
1325,2020-11-09 06:55:18,2020-11-09 07:17:08,52.4,66.0,120.50860518790851,30.78787878787879,27.833333333333332
1326,2020-11-09 07:17:29,2020-11-09 07:46:49,66.0,84.0,122.54555185185187,31.0,28.6045197740113
1327,2020-11-09 07:47:10,2020-11-09 08:08:30,84.4,97.2,123.70119965277783,31.674418604651162,29.0
1328,2020-11-09 13:11:10,2020-11-09 13:33:10,53.2,66.8,121.31334395424844,32.03007518796993,30.842105263157894
1329,2020-11-09 13:33:31,2020-11-09 14:06:01,66.8,86.8,122.15002708333338,33.0,31.239795918367346
1330,2020-11-09 22:14:54,2020-11-09 23:50:34,38.8,97.6,121.36004950869237,32.976323119777156,30.93732590529248
1331,2020-11-10 03:47:21,2020-11-10 04:04:01,62.4,72.0,124.34753660300926,31.0,28.861386138613863
1332,2020-11-10 04:04:22,2020-11-10 04:34:12,72.0,89.2,120.2834437984496,31.733333333333334,29.0
1333,2020-11-10 18:18:03,2020-11-10 19:59:20,15.2,96.0,120.74453720090762,33.7,32.160526315789475
1334,2020-11-11 13:15:52,2020-11-11 13:41:42,38.4,63.6,120.16754546957671,28.871794871794872,27.685897435897434
1335,2020-11-11 13:42:03,2020-11-11 14:08:53,64.0,88.8,122.53135741487458,31.444444444444443,30.04320987654321
1336,2020-11-11 22:32:31,2020-11-11 22:55:31,50.4,72.0,124.07793582818931,31.02158273381295,29.136690647482013
1337,2020-11-11 22:55:52,2020-11-11 23:16:52,72.4,90.4,121.98303317901238,32.10236220472441,30.46456692913386
1338,2020-11-12 04:14:01,2020-11-12 04:40:21,62.8,88.0,120.82617509920632,29.761006289308177,27.446540880503143
1339,2020-11-12 04:40:42,2020-11-12 04:57:52,88.0,97.6,126.02142476851863,30.125,28.0
1340,2020-11-12 15:22:47,2020-11-12 15:39:47,15.6,32.0,121.0425237974255,31.388349514563107,29.75728155339806
1341,2020-11-12 15:40:08,2020-11-12 16:09:38,32.4,61.2,119.52353607253083,34.140449438202246,32.58426966292135
1342,2020-11-12 16:11:29,2020-11-12 16:39:29,61.6,88.0,121.07796974957914,36.34319526627219,34.63905325443787
1343,2020-11-13 01:29:28,2020-11-13 01:59:18,51.6,80.0,122.76556836854462,32.016666666666666,29.516666666666666
1344,2020-11-13 01:59:39,2020-11-13 02:23:49,80.4,97.2,124.44198511904764,33.0,31.0
1345,2020-11-13 17:19:13,2020-11-13 17:44:13,24.4,48.8,119.43080003415302,31.76158940397351,30.112582781456954
1346,2020-11-13 17:44:34,2020-11-13 18:13:14,48.8,76.8,119.72967996031747,34.57225433526011,33.017341040462426
1347,2020-11-13 18:13:35,2020-11-13 18:41:25,77.2,97.6,123.70372480936823,35.93452380952381,34.0
1348,2020-11-14 00:44:09,2020-11-14 01:13:19,61.6,88.8,122.22172615400328,34.16477272727273,31.795454545454547
1349,2020-11-14 12:27:50,2020-11-14 12:51:40,62.4,85.2,122.10893086013644,28.78472222222222,27.20138888888889
1350,2020-11-15 01:35:17,2020-11-15 02:05:17,41.6,60.0,121.99574909420289,26.88950276243094,25.23756906077348
1351,2020-11-15 02:05:38,2020-11-15 02:32:48,60.4,77.2,121.00691848544973,28.085365853658537,26.823170731707318
1352,2020-11-15 02:33:09,2020-11-15 03:02:39,77.2,95.2,121.78469560185184,29.0,27.573033707865168
1353,2020-11-15 11:11:46,2020-11-15 11:39:46,53.2,80.0,122.1128861940299,28.952662721893493,27.13609467455621
1354,2020-11-15 11:40:07,2020-11-15 12:07:27,80.4,97.6,124.9636736111112,30.0,28.418181818181818
1355,2020-11-15 22:04:26,2020-11-15 22:21:36,20.8,32.4,123.14537895114943,28.096153846153847,26.326923076923077
1356,2020-11-15 22:21:57,2020-11-15 22:51:57,32.8,53.6,120.43271634615382,29.900552486187845,28.138121546961326
1357,2020-11-15 22:52:18,2020-11-15 23:25:48,54.0,77.2,120.57114475574716,31.876237623762375,30.099009900990097
1358,2020-11-15 23:26:09,2020-11-15 23:57:39,77.6,97.6,124.63752625000002,32.9,31.0
1359,2020-11-16 11:00:04,2020-11-16 12:02:55,53.2,97.6,122.86309412224728,29.906779661016948,28.489406779661017
1360,2020-11-16 18:43:03,2020-11-16 19:58:50,33.6,93.6,122.39035107175928,34.72407732864675,33.123022847100174
1361,2020-11-17 20:27:14,2020-11-17 20:56:14,41.6,70.0,119.09281695031298,31.422857142857143,30.17142857142857
1362,2020-11-17 20:56:35,2020-11-17 21:24:55,70.4,93.6,122.05639026580464,33.49122807017544,31.94736842105263
1363,2020-11-18 04:22:56,2020-11-18 04:50:56,65.6,90.4,122.2933485103046,32.57396449704142,30.798816568047336
1364,2020-11-18 17:33:40,2020-11-18 17:59:40,17.6,42.4,122.89652217741943,34.34394904458599,32.75796178343949
1365,2020-11-18 18:00:01,2020-11-18 18:29:51,42.8,72.4,118.1555132789039,37.36666666666667,35.9
1366,2020-11-18 18:30:12,2020-11-18 19:01:02,72.4,96.8,121.7514669285064,38.91935483870968,37.0
1367,2020-11-19 02:37:04,2020-11-19 02:59:24,62.8,84.0,122.35850864779871,34.53333333333333,32.303703703703704
1368,2020-11-19 02:59:45,2020-11-19 03:20:45,84.4,97.6,124.87902430555566,35.0,33.0
1369,2020-11-19 19:44:45,2020-11-19 20:15:25,54.0,83.6,120.60014353415922,35.054054054054056,33.556756756756755
1370,2020-11-19 20:15:46,2020-11-19 20:36:46,84.0,97.6,126.3450037785949,36.0,34.0
1371,2020-11-20 03:41:38,2020-11-20 04:09:58,46.4,69.2,120.72308625730992,33.590643274853804,31.485380116959064
1372,2020-11-20 04:10:19,2020-11-20 04:42:39,69.6,92.8,123.3141895354406,34.343589743589746,32.0
1373,2020-11-20 18:01:19,2020-11-20 18:28:19,24.4,42.8,122.15430329106283,34.02453987730061,32.34969325153374
1374,2020-11-20 18:28:40,2020-11-20 18:56:40,43.2,62.0,118.1257547281324,36.14792899408284,34.43195266272189
1375,2020-11-20 18:57:01,2020-11-20 19:24:51,62.4,80.8,120.28005329106284,37.0,35.333333333333336
1376,2020-11-20 19:25:12,2020-11-20 19:54:12,80.8,96.8,125.16841883680556,37.73142857142857,36.0
1377,2020-11-21 05:15:19,2020-11-21 05:45:39,51.6,80.4,123.10138151041666,34.278688524590166,32.08196721311475
1378,2020-11-21 05:46:00,2020-11-21 06:10:10,80.8,97.6,124.58583043981484,35.14383561643836,33.0
1379,2020-11-21 17:08:40,2020-11-21 17:38:50,27.2,56.4,120.6687698344749,33.60989010989011,32.214285714285715
1380,2020-11-21 17:39:07,2020-11-21 18:08:47,56.8,85.6,120.23872231867287,36.486033519553075,34.87709497206704
1381,2020-11-21 18:09:08,2020-11-21 18:27:18,85.6,97.2,122.63530830938687,37.0,35.99090909090909
1382,2020-11-22 23:02:08,2020-11-23 00:24:51,33.2,97.6,121.82354979727401,32.76167471819646,31.085346215780998
1383,2020-11-23 05:14:31,2020-11-23 06:06:25,56.0,97.6,123.51102898637822,31.866666666666667,29.343589743589742
1384,2020-11-23 13:25:35,2020-11-23 14:18:11,52.4,97.6,121.94991604596854,32.40694006309148,30.57097791798107
1385,2020-11-24 10:25:11,2020-11-24 10:55:21,20.8,39.6,120.61320641252958,24.78021978021978,23.593406593406595
1386,2020-11-24 10:55:42,2020-11-24 11:24:12,39.6,58.4,113.94949335106386,27.127906976744185,25.88953488372093
1387,2020-11-24 11:24:33,2020-11-24 11:54:03,58.4,77.2,117.98835357565012,28.584269662921347,27.224719101123597
1388,2020-11-24 11:54:24,2020-11-24 12:18:54,77.6,92.4,124.03155912162154,29.243243243243242,28.0
1389,2020-11-24 18:47:51,2020-11-24 19:41:21,46.8,94.0,122.1196519332627,31.813432835820894,30.27860696517413
1390,2020-11-26 07:21:02,2020-11-26 08:37:45,30.8,97.6,120.0486010707751,28.166666666666668,27.25
1391,2020-11-27 12:22:26,2020-11-27 14:27:43,19.2,97.6,119.39824575184241,30.22340425531915,29.04787234042553
1392,2020-11-28 02:10:44,2020-11-28 04:07:14,25.2,97.6,120.40294949739105,28.242562929061783,26.85354691075515
1393,2020-11-28 16:24:42,2020-11-28 18:19:51,25.6,97.6,120.00577518904323,30.34259259259259,29.07060185185185
1394,2020-11-29 20:40:14,2020-11-29 21:31:04,56.8,97.6,122.52237893178108,24.979057591623036,23.76178010471204
1395,2020-11-30 03:40:38,2020-11-30 04:03:38,74.8,92.8,122.13041296296299,22.906474820143885,20.73381294964029
1396,2020-11-30 07:39:05,2020-11-30 07:58:55,66.0,84.8,121.00622163120578,22.766666666666666,20.525
1397,2020-11-30 07:59:16,2020-11-30 08:25:46,85.2,97.6,122.98839034498216,23.28125,21.56875
1398,2020-11-30 19:17:27,2020-11-30 19:40:07,22.8,36.8,120.89390168650797,23.773722627737225,22.48905109489051
1399,2020-11-30 19:40:28,2020-11-30 20:08:08,36.8,54.8,114.76548333333336,25.838323353293415,24.50299401197605
1400,2020-11-30 20:08:29,2020-11-30 20:41:39,54.8,75.6,118.87824011752146,27.615,26.26
1401,2020-11-30 20:42:00,2020-11-30 21:11:40,76.0,94.0,122.05483888888891,28.324022346368714,27.0
1402,2020-12-01 16:24:09,2020-12-01 16:57:39,28.8,41.6,120.90496799045137,24.356435643564357,22.737623762376238
1403,2020-12-01 16:58:00,2020-12-01 17:29:00,41.6,54.0,112.86181899641576,25.668449197860962,24.363636363636363
1404,2020-12-01 21:23:19,2020-12-01 21:44:19,31.2,51.6,120.11165693082788,25.488188976377952,24.0
1405,2020-12-01 21:44:40,2020-12-01 22:11:50,52.0,78.4,120.05576609848482,28.25609756097561,26.79268292682927
1406,2020-12-01 22:12:11,2020-12-01 22:38:41,78.8,97.6,123.62073182624115,29.40625,28.0
1407,2020-12-02 14:13:51,2020-12-02 15:38:43,24.0,97.6,119.70421109035327,26.70800627943485,25.27943485086342
1408,2020-12-03 13:29:48,2020-12-03 13:59:08,29.6,50.0,119.90196840958606,21.864406779661017,20.581920903954803
1409,2020-12-03 13:59:29,2020-12-03 14:29:19,50.4,71.6,117.30411772798746,24.35,23.122222222222224
1410,2020-12-04 09:51:27,2020-12-04 10:16:47,4.8,18.4,121.63806760620916,17.248366013071895,16.9281045751634
1411,2020-12-04 10:17:08,2020-12-04 10:45:18,18.8,34.8,117.27776944444446,18.423529411764704,17.7
1412,2020-12-04 10:45:39,2020-12-04 11:14:39,34.8,50.8,120.76909079861112,20.36,19.622857142857143
1413,2020-12-04 11:15:00,2020-12-04 11:42:00,51.2,66.0,121.53339958708709,22.1840490797546,21.447852760736197
1414,2020-12-04 11:42:21,2020-12-04 12:08:41,66.4,80.8,121.80361554783956,23.0,22.0
1415,2020-12-04 12:09:02,2020-12-04 12:35:12,80.8,94.8,124.47518561507937,23.860759493670887,22.873417721518987
1416,2020-12-04 17:38:26,2020-12-04 18:07:16,70.8,87.2,117.21544783197828,23.0,21.850574712643677
1417,2020-12-04 18:07:37,2020-12-04 18:31:27,87.2,97.6,126.0376565170941,23.9375,22.0
1418,2020-12-06 07:10:10,2020-12-06 07:27:00,74.8,86.8,122.04515416666668,20.0,18.333333333333332
1419,2020-12-08 19:12:19,2020-12-08 20:10:21,49.2,97.6,121.84347132403583,27.759174311926607,25.988532110091743
1420,2020-12-09 06:38:37,2020-12-09 07:04:57,22.4,47.6,120.22157131834213,22.77987421383648,20.949685534591193
1421,2020-12-09 07:05:18,2020-12-09 07:27:58,48.0,70.4,116.60343936011903,25.905109489051096,24.014598540145986
1422,2020-12-09 07:28:19,2020-12-09 07:55:59,70.4,93.2,120.5976030092593,27.50299401197605,25.550898203592816
1423,2020-12-09 14:18:47,2020-12-09 14:48:17,60.0,88.4,120.89301198161189,26.685393258426966,25.213483146067414
1424,2020-12-10 02:03:15,2020-12-10 02:30:15,57.6,74.4,120.25628397817458,24.969325153374232,24.0
1425,2020-12-10 02:30:36,2020-12-10 02:59:06,74.4,92.0,120.98721590909093,25.761627906976745,24.8953488372093
1426,2020-12-10 14:51:58,2020-12-10 15:13:01,39.6,60.4,118.27872644230773,30.1640625,28.859375
1427,2020-12-10 15:13:22,2020-12-10 15:41:52,60.4,87.6,120.3620405943628,32.395348837209305,30.96511627906977
1428,2020-12-10 15:42:13,2020-12-10 16:01:03,88.0,97.6,127.10360807291674,33.0,32.0
1429,2020-12-11 20:57:29,2020-12-11 21:22:29,59.2,83.6,120.2407794854281,27.37748344370861,26.774834437086092
1430,2020-12-11 21:22:50,2020-12-11 21:44:30,84.0,97.6,126.91791462418307,28.946564885496183,28.0
1431,2020-12-12 03:15:52,2020-12-12 03:33:52,62.4,79.6,122.46772278746778,27.587155963302752,25.6697247706422
1432,2020-12-12 08:59:03,2020-12-12 09:27:33,56.4,83.6,122.320779564951,29.767441860465116,27.424418604651162
1433,2020-12-12 09:27:54,2020-12-12 09:44:54,84.0,95.6,121.91931261973185,31.0,28.0
1434,2020-12-12 19:02:55,2020-12-12 19:24:15,82.8,97.6,121.59254119744752,29.0,27.209302325581394
1435,2020-12-13 22:23:38,2020-12-13 22:41:08,10.0,27.2,118.63453302648581,24.70754716981132,23.31132075471698
1436,2020-12-13 22:41:29,2020-12-13 23:10:09,27.6,55.6,119.57243343253967,27.346820809248555,25.965317919075144
1437,2020-12-13 23:10:30,2020-12-13 23:40:50,56.0,85.2,121.36369591894976,30.42622950819672,28.94535519125683
1438,2020-12-13 23:41:11,2020-12-14 00:01:11,85.6,97.6,124.72684421296296,31.0,30.0
1439,2020-12-14 17:04:43,2020-12-14 17:32:03,27.2,44.4,119.62775581395348,20.854545454545455,19.169696969696968
1440,2020-12-14 17:32:24,2020-12-14 18:00:14,44.8,62.4,115.52636702967172,22.666666666666668,21.095238095238095
1441,2020-12-14 18:00:35,2020-12-14 18:30:05,62.8,80.0,120.17201195090436,23.825842696629213,22.0
1442,2020-12-14 18:30:26,2020-12-14 18:58:26,80.4,95.6,124.11734475511705,24.0,22.0
1443,2020-12-15 11:04:06,2020-12-15 11:36:56,69.6,94.8,122.56614362874778,23.681818181818183,21.11111111111111
1444,2020-12-15 22:39:58,2020-12-15 23:02:58,19.2,41.6,120.00435416666666,18.453237410071942,16.58992805755396
1445,2020-12-15 23:13:33,2020-12-15 23:45:03,52.0,83.2,117.65358823005698,23.068421052631578,21.273684210526316
1446,2020-12-16 02:49:04,2020-12-16 04:03:08,26.0,87.6,120.44933171221142,24.219424460431654,21.152877697841728
1447,2020-12-16 11:54:54,2020-12-16 12:18:44,41.2,50.0,116.59727146464647,18.01388888888889,16.0
1448,2020-12-16 12:19:05,2020-12-16 12:43:45,50.0,58.8,120.5303964646465,19.0,16.697986577181208
1449,2020-12-16 12:56:02,2020-12-16 13:23:32,63.2,73.2,118.25286861111108,19.0,17.0
1450,2020-12-16 13:23:53,2020-12-16 13:51:23,73.2,83.2,118.25009166666666,19.0,17.0
1451,2020-12-16 13:51:44,2020-12-16 14:17:54,83.2,92.4,122.33553124999992,19.0,17.658227848101266
1452,2020-12-16 19:13:01,2020-12-16 19:41:31,56.4,83.2,121.13338121890543,20.606936416184972,18.739884393063583
1453,2020-12-16 19:41:52,2020-12-16 20:06:12,83.2,96.8,118.81538756127459,22.0,20.0
1454,2020-12-16 23:19:00,2020-12-16 23:49:10,43.6,64.4,120.86071053685895,21.467032967032967,18.736263736263737
1455,2020-12-16 23:49:31,2020-12-17 00:15:41,64.4,82.4,121.14197530864199,22.746835443037973,20.196202531645568
1456,2020-12-17 00:16:02,2020-12-17 00:45:52,82.8,97.6,120.67379269894896,23.0,21.0
1457,2020-12-17 13:31:34,2020-12-17 13:58:14,14.8,39.2,121.17487790300545,22.596273291925467,20.099378881987576
1458,2020-12-17 13:58:35,2020-12-17 14:24:15,39.6,65.2,117.13000097656251,27.683870967741935,25.322580645161292
1459,2020-12-17 22:22:17,2020-12-17 22:50:57,53.6,81.2,121.38487560386473,23.612716763005782,20.67630057803468
1460,2020-12-17 22:51:18,2020-12-17 23:17:28,81.6,96.8,120.42307949561399,24.974683544303797,22.0
1461,2020-12-18 06:34:33,2020-12-18 07:32:04,66.4,97.6,121.91978297720803,19.38888888888889,16.671296296296298
1462,2020-12-18 18:17:52,2020-12-18 18:47:42,32.0,41.6,117.05444994212961,19.005555555555556,17.894444444444446
1463,2020-12-18 18:48:03,2020-12-18 19:17:03,41.6,51.2,113.78477256944446,20.0,18.76
1464,2020-12-18 19:17:24,2020-12-18 19:45:24,51.2,60.8,109.8611597222223,20.83431952662722,19.532544378698226
1465,2020-12-18 19:45:45,2020-12-18 20:17:15,60.8,70.8,118.65005250000003,21.0,20.0
1466,2020-12-18 20:17:36,2020-12-18 20:46:06,71.2,80.0,121.98869034090917,21.0,20.0
1467,2020-12-18 20:46:27,2020-12-18 21:16:17,80.0,89.2,122.14075422705312,21.0,20.0
1468,2020-12-18 21:16:38,2020-12-18 21:43:38,89.2,97.2,124.08342760416664,21.0,20.0
1469,2020-12-19 17:00:00,2020-12-19 17:28:50,32.4,60.8,119.16421503325512,18.775862068965516,17.528735632183906
1470,2020-12-19 17:29:11,2020-12-19 17:55:01,61.2,86.0,119.14034285394268,21.75,20.5
1471,2020-12-19 23:55:51,2020-12-20 00:23:51,47.6,70.4,118.63122764376217,21.585798816568047,19.443786982248522
1472,2020-12-20 00:30:33,2020-12-20 00:57:43,75.6,94.4,121.49587720153659,23.0,21.0
1473,2020-12-20 14:42:45,2020-12-20 15:13:05,70.8,87.6,120.18682027116405,18.43169398907104,17.311475409836067
1474,2020-12-20 15:13:26,2020-12-20 15:33:56,87.6,97.2,119.37497207754618,19.0,18.0
1475,2020-12-20 21:24:49,2020-12-20 21:56:59,43.2,65.6,120.15751512896833,22.02061855670103,20.257731958762886
1476,2020-12-20 21:57:20,2020-12-20 22:22:40,66.0,83.6,120.47193481691924,23.22875816993464,21.784313725490197
1477,2020-12-21 05:00:38,2020-12-21 05:30:48,48.0,64.8,119.72718435846564,20.417582417582416,17.934065934065934
1478,2020-12-21 05:31:09,2020-12-21 06:03:29,65.2,82.8,122.5670862531566,21.06153846153846,19.133333333333333
1479,2020-12-21 06:03:50,2020-12-21 06:36:00,83.2,97.6,124.33932291666675,22.0,20.0
1480,2020-12-21 14:14:30,2020-12-21 14:40:16,61.2,77.2,121.00609887152778,21.191082802547772,20.05095541401274
1481,2020-12-21 14:40:37,2020-12-21 15:04:07,77.6,92.0,121.71780594135797,22.119718309859156,21.0
1482,2020-12-22 12:01:35,2020-12-22 12:31:05,21.6,46.4,119.98489224910396,18.865168539325843,17.34269662921348
1483,2020-12-22 12:31:26,2020-12-22 12:58:16,46.4,68.8,115.9815328621032,22.333333333333332,21.135802469135804
1484,2020-12-22 12:58:37,2020-12-22 13:27:47,69.2,90.8,120.65330446244862,24.09090909090909,22.931818181818183
1485,2020-12-22 19:27:50,2020-12-22 19:52:15,72.4,87.2,124.01785782657662,25.0,23.972826086956523
1486,2020-12-22 20:01:52,2020-12-22 20:21:28,87.2,97.6,122.91349754273513,25.466216216216218,24.39864864864865
1487,2020-12-23 04:16:16,2020-12-23 05:36:52,52.0,97.6,122.14157310550684,24.310743801652894,22.33884297520661
1488,2020-12-23 19:20:45,2020-12-23 20:28:56,14.0,71.2,119.15061930604118,28.669921875,27.25390625
1489,2020-12-23 20:34:16,2020-12-23 21:11:21,71.2,97.6,122.76547547348488,31.666666666666668,29.978494623655912
1490,2020-12-24 02:11:00,2020-12-24 02:30:40,74.8,86.8,122.64696377314814,27.983193277310924,25.15126050420168
1491,2020-12-24 02:31:01,2020-12-24 02:49:01,86.8,97.6,121.7708055555556,28.0,26.0
1492,2020-12-24 05:09:45,2020-12-24 05:34:25,84.8,97.6,121.41278634982642,26.0,23.845637583892618
1493,2020-12-24 11:06:09,2020-12-24 11:35:59,41.6,51.2,118.178499855324,25.0,23.255555555555556
1494,2020-12-24 11:36:20,2020-12-24 12:05:20,51.2,60.4,120.1750869565218,25.925714285714285,24.0
1495,2020-12-24 12:10:10,2020-12-24 12:39:10,62.0,71.2,119.67237198067626,26.0,24.0
1496,2020-12-24 12:39:31,2020-12-24 13:07:21,71.2,80.0,119.77269097222222,26.0,24.75595238095238
1497,2020-12-24 13:07:42,2020-12-24 13:28:02,80.0,86.4,120.5294735243054,26.0,25.0
1498,2020-12-24 22:41:59,2020-12-24 23:11:29,31.6,52.4,117.70235677083336,23.758426966292134,22.04494382022472
1499,2020-12-24 23:11:50,2020-12-24 23:38:00,52.4,70.8,118.0827623792271,25.740506329113924,24.10759493670886
1500,2020-12-24 23:38:21,2020-12-25 00:10:11,71.2,92.4,122.18752921907756,26.703125,25.0
1501,2020-12-25 16:18:32,2020-12-25 16:51:02,36.4,59.2,118.31145102339183,24.48469387755102,22.913265306122447
1502,2020-12-25 16:51:23,2020-12-25 17:17:03,59.6,77.6,118.35189938271611,26.54193548387097,25.24516129032258
1503,2020-12-25 17:17:24,2020-12-25 17:46:54,77.6,96.4,123.098423537234,27.56179775280899,26.44943820224719
1504,2020-12-26 01:46:40,2020-12-26 02:14:00,22.8,39.6,122.29500066137568,25.515151515151516,23.381818181818183
1505,2020-12-26 02:14:21,2020-12-26 02:43:01,40.0,58.4,117.10600407608698,27.410404624277458,25.329479768786126
1506,2020-12-26 02:43:22,2020-12-26 03:13:02,58.8,77.2,121.1926597222222,28.787709497206706,26.83240223463687
1507,2020-12-26 03:13:23,2020-12-26 03:44:03,77.6,96.0,123.8851425120773,29.0,27.17837837837838
1508,2020-12-26 15:06:44,2020-12-26 15:37:14,46.4,63.6,117.92955781653744,24.869565217391305,24.097826086956523
1509,2020-12-26 15:37:35,2020-12-26 16:08:05,63.6,80.4,120.74401884920636,26.04891304347826,25.08695652173913
1510,2020-12-26 22:16:35,2020-12-26 22:47:01,52.0,68.4,123.75932037601622,26.005434782608695,24.60326086956522
1511,2020-12-26 22:47:22,2020-12-26 23:18:02,68.8,85.6,121.93372114748679,27.0,25.0
1512,2020-12-26 23:18:23,2020-12-26 23:40:33,85.6,97.6,123.45141921296299,27.0,25.73134328358209
1513,2020-12-27 15:58:38,2020-12-27 16:19:38,60.4,80.8,120.53583040577347,27.566929133858267,26.20472440944882
1514,2020-12-27 16:19:59,2020-12-27 16:40:19,81.2,95.6,125.5555808256174,28.926829268292682,27.495934959349594
1515,2020-12-28 02:54:34,2020-12-28 03:18:54,4.4,30.4,109.22115763888888,26.46938775510204,24.272108843537413
1516,2020-12-28 03:19:15,2020-12-28 03:50:15,30.8,60.4,122.28088246058562,29.13903743315508,27.16042780748663
1517,2020-12-28 03:50:36,2020-12-28 04:19:46,60.8,88.4,123.3831602254428,31.994318181818183,29.943181818181817
1518,2020-12-28 17:41:19,2020-12-28 18:09:09,50.8,78.0,119.29125745506536,30.601190476190474,29.386904761904763
1519,2020-12-28 18:09:30,2020-12-28 18:31:30,78.4,94.8,123.8406238143632,32.0,30.81203007518797
1520,2020-12-29 13:59:10,2020-12-29 14:26:54,40.0,67.6,117.22574662842192,31.357142857142858,30.06547619047619
1521,2020-12-29 14:27:35,2020-12-29 14:57:45,68.0,93.6,120.29242871093753,33.620879120879124,32.46153846153846
1522,2020-12-29 20:42:41,2020-12-29 21:48:33,50.0,98.4,122.9165913510101,33.15725806451613,30.379032258064516
1523,2020-12-30 04:53:53,2020-12-30 05:24:53,34.0,64.4,118.20221952668126,27.155080213903744,23.272727272727273
1524,2020-12-30 05:25:14,2020-12-30 05:51:24,64.8,88.8,121.6811482638889,29.0,25.240506329113924
1525,2020-12-30 14:56:33,2020-12-30 15:14:53,48.0,65.6,121.75980310921727,21.56756756756757,19.98198198198198
1526,2020-12-30 15:15:14,2020-12-30 15:32:04,66.0,82.4,119.89330707994577,23.15686274509804,21.49019607843137
1527,2020-12-30 22:20:37,2020-12-30 22:49:37,31.6,60.0,119.16764837636933,21.28,18.76
1528,2020-12-30 22:49:58,2020-12-30 23:09:48,60.4,79.6,120.57726302083339,23.858333333333334,21.55
1529,2020-12-31 17:03:24,2020-12-31 17:34:54,19.6,39.2,119.99154931972791,24.063157894736843,21.852631578947367
1530,2020-12-31 17:35:15,2020-12-31 18:01:55,39.6,56.4,118.51195701058204,25.645962732919255,23.633540372670808
1531,2020-12-31 18:02:16,2020-12-31 18:34:16,56.4,76.8,117.11878649237475,26.99481865284974,25.0
1532,2020-12-31 18:34:37,2020-12-31 19:02:27,77.2,94.0,122.57940831679899,27.0,25.0
1533,2021-01-01 03:08:29,2021-01-01 03:32:19,14.0,35.6,121.66347948816876,23.416666666666668,19.493055555555557
1534,2021-01-01 03:32:40,2021-01-01 03:57:40,36.0,60.8,118.14742428315417,28.13907284768212,24.32450331125828
1535,2021-01-01 16:24:45,2021-01-01 16:57:45,45.6,78.0,119.39473525377228,22.64321608040201,21.582914572864322
1536,2021-01-01 23:40:32,2021-01-02 01:08:28,18.4,90.8,120.00832082374153,24.163636363636364,21.65909090909091
1537,2021-01-02 16:17:07,2021-01-02 16:42:37,64.8,88.0,122.38445677681993,21.136363636363637,20.01298701298701
1538,2021-01-02 16:42:58,2021-01-02 17:00:58,88.4,96.8,122.77778538359803,22.0,21.0
1539,2021-01-03 00:50:51,2021-01-03 01:17:21,39.6,65.2,120.06946001519098,20.475,18.41875
1540,2021-01-03 01:17:42,2021-01-03 01:48:22,65.6,91.6,121.2099482371795,22.605405405405406,20.63783783783784
1541,2021-01-03 09:32:16,2021-01-03 09:54:36,82.8,94.8,117.16898368055556,20.903703703703705,19.340740740740742
1542,2021-03-08 08:49:54,2021-03-08 10:22:14,35.6,99.6,122.57644546440973,24.972582972582973,24.116883116883116
1543,2021-03-09 06:43:44,2021-03-09 07:10:34,78.4,97.6,124.06757465277786,25.265432098765434,24.14814814814815
1544,2021-03-10 07:42:52,2021-03-10 08:10:22,26.4,53.6,118.14748417075161,26.58433734939759,25.83132530120482
1545,2021-03-10 08:10:43,2021-03-10 08:36:23,54.0,78.8,120.99184072580647,29.941935483870967,29.032258064516128
1546,2021-03-10 08:36:44,2021-03-10 09:02:34,79.2,97.6,124.1833077445653,31.012820512820515,30.0
1547,2021-03-11 12:12:08,2021-03-11 12:36:18,20.0,35.2,119.531276498538,28.486301369863014,26.972602739726028
1548,2021-03-11 12:36:39,2021-03-11 13:04:49,35.2,53.2,117.6234828703704,30.458823529411763,29.064705882352943
1549,2021-03-11 13:05:10,2021-03-11 13:36:10,53.2,73.2,116.58960916666668,32.38502673796791,30.898395721925134
1550,2021-03-11 13:36:31,2021-03-11 14:05:11,73.2,90.8,122.45346780303035,33.0,31.965317919075144
1551,2021-03-12 00:25:32,2021-03-12 01:00:22,40.4,74.4,119.76267834967315,31.495238095238093,30.104761904761904
1552,2021-03-12 01:00:43,2021-03-12 01:31:03,74.8,97.6,123.30289077729046,33.677595628415304,32.0
1553,2021-03-12 22:46:26,2021-03-12 23:17:16,30.0,60.0,119.34214694444447,32.19892473118279,30.774193548387096
1554,2021-03-12 23:17:37,2021-03-12 23:48:47,60.0,89.2,120.3496182458143,34.744680851063826,33.36702127659574
1555,2021-03-13 15:31:31,2021-03-13 16:32:22,31.6,90.8,120.57531713119371,30.7527352297593,29.356673960612692
1556,2021-03-13 23:13:31,2021-03-13 23:41:41,34.0,61.2,121.12287122140522,32.51176470588236,30.211764705882352
1557,2021-03-13 23:42:02,2021-03-14 00:09:52,61.6,88.0,121.98128409090911,34.86309523809524,32.625
1558,2021-03-16 12:34:59,2021-03-16 13:03:39,16.0,43.6,121.15439608494363,29.329479768786126,28.416184971098264
1559,2021-03-16 13:04:00,2021-03-16 13:32:10,44.0,71.6,119.02124169685993,32.82941176470588,31.75294117647059
1560,2021-03-16 16:32:45,2021-03-16 16:59:45,48.8,74.8,121.22917313034192,35.987730061349694,34.69938650306749
1561,2021-03-16 20:35:34,2021-03-16 21:02:14,44.8,66.8,120.89395404040404,38.75776397515528,36.49689440993789
1562,2021-03-16 21:02:35,2021-03-16 21:29:25,67.2,89.2,121.60227234848482,40.0,37.0
1563,2021-03-17 04:32:03,2021-03-17 05:06:11,64.0,93.6,121.60435735735737,33.09338521400778,30.509727626459146
1564,2021-03-17 17:38:10,2021-03-17 18:05:00,41.6,67.6,118.89050844017099,34.69135802469136,33.0
1565,2021-03-17 18:05:21,2021-03-17 18:37:41,67.6,94.4,121.4713143656716,36.59487179487179,34.794871794871796
1566,2021-03-18 03:32:05,2021-03-18 04:50:07,36.8,97.6,121.72378271655701,33.255972696245735,31.11433447098976
1567,2021-03-18 11:15:22,2021-03-18 11:39:12,45.6,62.0,121.10518301151762,31.65972222222222,30.381944444444443
1568,2021-03-18 11:39:33,2021-03-18 12:09:53,62.4,83.2,121.52777777777774,32.950819672131146,31.420765027322403
1569,2021-03-18 12:10:14,2021-03-18 12:33:14,83.2,97.6,123.66898148148155,33.70503597122302,32.0
1570,2021-03-18 18:05:08,2021-03-18 18:31:38,66.8,90.4,122.50942555320145,36.0,34.46875
1571,2021-03-18 19:44:32,2021-03-18 20:08:52,74.8,93.2,122.02597071256034,37.993197278911566,35.95238095238095
1572,2021-03-19 04:00:59,2021-03-19 04:28:19,45.6,72.0,121.57354035143098,33.24242424242424,30.75151515151515
1573,2021-03-19 04:28:40,2021-03-19 04:54:00,72.4,93.2,122.35843830128206,34.59477124183007,32.0
1574,2021-03-19 10:48:12,2021-03-19 11:17:12,12.4,32.4,120.29587263888888,31.18285714285714,29.394285714285715
1575,2021-03-19 11:17:33,2021-03-19 11:47:03,32.4,52.8,119.82982175925929,33.07865168539326,31.52247191011236
1576,2021-03-19 11:47:24,2021-03-19 12:17:04,53.2,73.6,120.50996929466235,34.90502793296089,33.25698324022346
1577,2021-03-19 12:17:25,2021-03-19 12:48:49,74.0,94.4,123.34679322576253,35.77368421052632,34.0
1578,2021-03-20 08:41:38,2021-03-20 09:09:38,56.0,82.8,121.87552161069655,29.76923076923077,28.733727810650887
1579,2021-03-20 09:09:59,2021-03-20 09:33:09,83.2,97.6,123.48670524691367,31.0,30.0
1580,2021-03-20 19:46:15,2021-03-20 20:08:15,33.6,47.2,121.59622794117648,33.11278195488722,31.721804511278197
1581,2021-03-20 20:08:36,2021-03-20 20:35:36,47.6,64.4,120.8035982142857,34.54601226993865,33.190184049079754
1582,2021-03-20 20:35:57,2021-03-20 21:06:47,64.4,83.6,120.71038556134268,35.0,34.0
1583,2021-03-20 21:07:08,2021-03-20 21:30:08,84.0,97.6,125.57805106209159,35.10791366906475,34.0
1584,2021-03-21 02:37:09,2021-03-21 02:57:29,53.6,66.0,122.71838832885305,31.91869918699187,28.86178861788618
1585,2021-03-21 02:57:50,2021-03-21 03:23:50,66.0,82.0,121.60413958333332,32.0,29.331210191082803
1586,2021-03-21 03:24:11,2021-03-21 03:52:31,82.0,97.6,122.99231303418803,32.853801169590646,30.0
1587,2021-03-21 20:54:09,2021-03-21 21:23:59,30.4,59.6,119.21518440829526,23.67222222222222,22.883333333333333
1588,2021-03-21 21:24:20,2021-03-21 21:53:40,60.0,87.6,120.98429951690824,26.717514124293785,25.774011299435028
1589,2021-03-21 21:54:01,2021-03-21 22:13:01,88.0,97.6,124.35185633680564,27.8,26.765217391304347
1590,2021-03-22 16:42:12,2021-03-22 17:51:51,40.4,97.6,122.12816831050893,25.592734225621413,24.39770554493308
1591,2021-03-23 02:16:23,2021-03-23 03:37:30,28.0,97.6,120.5850723978289,28.295566502463053,26.2183908045977
1592,2021-03-23 14:22:29,2021-03-23 14:55:19,54.4,85.6,122.30637829415957,26.717171717171716,24.767676767676768
1593,2021-03-24 02:35:13,2021-03-24 02:55:53,50.4,70.4,120.33888499999996,23.408,22.04
1594,2021-03-24 02:56:14,2021-03-24 03:27:14,70.8,94.8,123.2239504050926,25.128342245989305,23.871657754010695
1595,2021-03-24 16:37:30,2021-03-24 17:06:20,28.8,57.2,119.63665913536778,28.063218390804597,26.580459770114942
1596,2021-03-24 17:06:41,2021-03-24 17:31:51,57.6,82.4,119.56935103046592,30.875,29.335526315789473
1597,2021-03-25 13:23:57,2021-03-25 13:48:57,4.4,30.8,110.23832959806398,29.00662251655629,27.278145695364238
1598,2021-03-25 13:49:18,2021-03-25 14:20:58,31.2,61.6,121.15865789473688,31.638743455497384,30.015706806282722
1599,2021-03-25 14:21:19,2021-03-25 14:50:19,61.6,88.8,123.11124371936282,34.36,32.52571428571429
1600,2021-03-26 16:35:38,2021-03-26 16:55:28,64.4,83.6,121.37442115162042,33.40833333333333,31.858333333333334
1601,2021-03-26 21:38:13,2021-03-26 22:02:13,51.2,74.0,122.63887207602338,32.56551724137931,30.841379310344827
1602,2021-03-26 22:02:34,2021-03-26 22:33:44,74.4,97.6,124.15407782567054,33.79255319148936,32.0
1603,2021-03-27 03:54:32,2021-03-27 04:26:12,48.8,66.0,122.73901808785527,32.575916230366495,30.020942408376964
1604,2021-03-27 04:26:33,2021-03-27 04:54:23,66.4,81.6,122.07602339181295,33.0,31.0
1605,2021-03-27 12:50:29,2021-03-27 14:07:36,12.4,86.8,120.50318996042418,32.984455958549226,31.630397236614854
1606,2021-03-28 08:20:46,2021-03-28 08:40:46,34.0,53.6,119.03911479591835,27.760330578512395,26.867768595041323
1607,2021-03-28 08:41:07,2021-03-28 09:07:47,54.0,79.6,121.4203455946181,30.29192546583851,29.46583850931677
1608,2021-03-28 09:08:08,2021-03-28 09:35:08,80.0,97.6,122.29955137310611,31.680981595092025,30.834355828220858
1609,2021-03-28 18:18:51,2021-03-28 18:53:32,48.8,77.2,122.06651095461658,35.21072796934866,33.6360153256705
1610,2021-03-29 00:08:35,2021-03-29 00:59:57,52.0,96.0,122.56386530934344,34.21761658031088,32.3419689119171
1611,2021-03-29 05:50:51,2021-03-29 06:31:56,64.4,97.6,123.12400630856766,32.86407766990291,30.737864077669904
1612,2021-03-29 16:59:57,2021-03-29 17:26:07,76.8,94.0,114.8885632267442,38.0,36.24050632911393
1613,2021-03-30 01:35:34,2021-03-30 01:52:34,19.2,35.2,124.0086841145833,35.41747572815534,32.679611650485434
1614,2021-03-30 01:52:55,2021-03-30 02:21:45,35.6,63.6,120.07142182539681,37.94827586206897,35.40229885057471
1615,2021-03-30 02:22:06,2021-03-30 02:52:26,64.0,91.2,121.47518157679735,39.90710382513661,37.40983606557377
1616,2021-03-30 12:06:49,2021-03-30 12:41:57,45.2,79.6,121.611022375646,36.79245283018868,35.20283018867924
1617,2021-03-30 12:42:18,2021-03-30 13:05:38,80.0,97.2,122.54685610465114,38.205673758865245,36.90780141843972
1618,2021-03-31 02:53:44,2021-03-31 03:12:04,25.2,43.2,118.70986543209871,32.1981981981982,30.603603603603602
1619,2021-03-31 03:12:25,2021-03-31 03:39:05,43.2,69.6,117.73673327020207,34.91925465838509,33.32919254658385
1620,2021-03-31 03:39:26,2021-03-31 04:07:16,70.0,93.2,122.05280034722219,36.517857142857146,34.791666666666664
1621,2021-03-31 15:35:14,2021-03-31 16:03:24,33.6,61.2,118.82095838365541,34.6,33.023529411764706
1622,2021-03-31 16:03:45,2021-03-31 16:31:55,61.2,88.0,120.68873885779436,36.71176470588235,35.38823529411765
1623,2021-04-01 18:21:25,2021-04-01 19:24:40,25.2,86.4,120.30099914669572,35.76,34.141052631578944
1624,2021-04-02 08:44:27,2021-04-02 10:29:36,5.2,97.6,122.86744761453828,30.90494296577947,29.319391634980988
1625,2021-04-02 17:34:26,2021-04-02 18:21:33,58.8,97.6,123.38693392898053,37.424157303370784,35.401685393258425
1626,2021-04-03 11:45:19,2021-04-03 12:14:29,38.0,66.8,118.13464332561729,34.52272727272727,32.78409090909091
1627,2021-04-03 12:14:50,2021-04-03 12:41:40,66.8,90.8,121.23726608796296,36.41975308641975,34.666666666666664
1628,2021-04-03 18:54:20,2021-04-03 19:52:31,48.4,97.6,123.0289712454833,37.69107551487414,35.81006864988559
1629,2021-04-04 14:21:57,2021-04-04 14:38:37,18.0,28.4,120.62903325320514,27.257425742574256,26.514851485148515
1630,2021-04-04 14:38:59,2021-04-04 14:56:29,28.4,39.6,117.62899429563494,28.566037735849058,27.735849056603772
1631,2021-04-04 14:56:50,2021-04-04 15:25:20,39.6,58.0,116.58215141908215,30.511627906976745,29.63372093023256
1632,2021-04-04 15:25:41,2021-04-04 15:54:31,58.4,76.8,118.04350437801934,32.0,31.0
1633,2021-04-04 15:54:52,2021-04-04 16:15:42,76.8,90.0,118.78685290404039,32.80952380952381,31.50793650793651
1634,2021-04-04 23:14:14,2021-04-04 23:42:14,34.8,52.4,120.11605358270204,29.171597633136095,27.118343195266274
1635,2021-04-04 23:42:35,2021-04-05 00:09:35,52.8,70.0,118.49165180878552,30.779141104294478,28.773006134969325
1636,2021-04-05 00:09:56,2021-04-05 00:26:36,70.0,80.4,120.99364316239314,31.0,29.0
1637,2021-04-05 00:33:41,2021-04-05 00:52:51,80.8,92.8,119.58222685185189,31.379310344827587,29.53448275862069
1638,2021-04-05 07:22:23,2021-04-05 07:53:43,39.2,59.2,116.97783000000004,29.650793650793652,27.04232804232804
1639,2021-04-05 07:54:04,2021-04-05 08:29:37,59.2,81.6,118.50501173115087,31.0,28.572093023255814
1640,2021-04-05 08:29:58,2021-04-05 08:56:16,81.6,97.2,124.0532497150997,31.38364779874214,29.0
1641,2021-04-06 03:24:43,2021-04-06 04:05:09,15.6,38.0,118.82564558531747,27.187755102040818,26.228571428571428
1642,2021-04-06 04:05:30,2021-04-06 04:36:10,38.0,56.0,113.71992137345681,29.27027027027027,28.291891891891893
1643,2021-04-06 04:36:31,2021-04-06 05:13:37,56.0,77.2,116.76756774109012,30.72,29.45777777777778
1644,2021-04-06 05:13:58,2021-04-06 05:31:18,77.6,86.8,125.68841425120772,31.0,30.0
1645,2021-04-06 15:10:48,2021-04-06 15:33:28,29.2,43.6,119.6797912808642,31.613138686131386,30.0
1646,2021-04-06 15:33:49,2021-04-06 16:03:29,43.6,62.4,116.60683192966907,33.391061452513966,31.70391061452514
1647,2021-04-06 16:03:50,2021-04-06 16:32:30,62.8,80.0,118.00550799418603,34.0,32.959537572254334
1648,2021-04-06 19:00:35,2021-04-06 19:18:15,54.0,68.8,120.69821875000004,36.0,34.598130841121495
1649,2021-04-06 19:18:36,2021-04-06 19:44:55,69.2,90.4,122.20036175314463,36.83018867924528,35.094339622641506
1650,2021-04-07 02:59:33,2021-04-07 03:17:43,26.0,38.8,120.68469314236114,34.2,31.436363636363637
1651,2021-04-07 03:18:04,2021-04-07 03:45:54,39.2,58.4,118.42015407986115,35.726190476190474,33.125
1652,2021-04-07 03:46:15,2021-04-07 04:15:25,58.8,78.8,119.08057097222222,37.0,34.0
1653,2021-04-07 04:15:46,2021-04-07 04:48:20,78.8,97.6,123.39851047576833,37.0,34.48730964467005
1654,2021-04-07 13:21:34,2021-04-07 13:54:04,55.6,86.8,121.71164360754992,33.71938775510204,31.841836734693878
1655,2021-04-07 13:54:25,2021-04-07 14:12:35,87.2,97.6,125.65176055021384,35.0,33.0
1656,2021-04-07 21:12:37,2021-04-07 21:36:17,42.4,62.8,116.47606181917214,34.97202797202797,32.58741258741259
1657,2021-04-07 21:36:38,2021-04-07 22:07:28,62.8,88.4,121.04440771484373,36.204301075268816,33.983870967741936
1658,2021-04-08 13:33:38,2021-04-08 14:00:58,51.2,78.0,118.90909240257051,28.054545454545455,25.509090909090908
1659,2021-04-08 14:01:19,2021-04-08 14:29:49,78.4,97.6,123.41073162615747,29.372093023255815,26.96511627906977
1660,2021-04-08 19:39:19,2021-04-08 20:28:01,59.2,97.6,122.15535489004637,28.598360655737704,26.48087431693989
1661,2021-04-09 14:02:58,2021-04-09 15:30:08,17.6,97.2,117.87832815117254,28.33587786259542,27.26259541984733
1662,2021-04-10 00:27:32,2021-04-10 00:54:42,38.0,55.2,117.9328691860465,28.402439024390244,26.640243902439025
1663,2021-04-10 00:55:01,2021-04-10 01:21:31,55.6,72.4,117.77783035714289,29.93125,28.0
1664,2021-04-10 08:07:27,2021-04-10 08:35:57,21.2,49.2,119.13146433531745,28.343023255813954,27.151162790697676
1665,2021-04-10 08:36:18,2021-04-10 09:06:18,49.6,79.2,118.48959769144145,31.80110497237569,30.497237569060772
1666,2021-04-10 09:06:39,2021-04-10 09:32:19,79.2,97.6,122.46001419082131,33.0,32.0
1667,2021-04-10 15:54:58,2021-04-10 16:18:48,50.0,70.8,118.51163154380346,32.729166666666664,30.79861111111111
1668,2021-04-10 16:19:09,2021-04-10 16:48:59,70.8,88.0,119.66329368540049,33.0,31.0
1669,2021-04-11 02:09:51,2021-04-11 02:33:51,37.6,60.8,120.1688390804598,29.30344827586207,27.93103448275862
1670,2021-04-11 02:34:12,2021-04-11 03:03:12,61.2,88.4,121.61460677083336,31.548571428571428,30.28
1671,2021-04-11 13:18:19,2021-04-11 13:51:54,31.6,65.2,117.733978546627,33.45320197044335,31.773399014778324
1672,2021-04-11 20:00:02,2021-04-11 20:34:52,31.6,56.0,118.359551798725,35.423809523809524,33.75238095238095
1673,2021-04-11 20:35:13,2021-04-11 21:07:03,56.4,78.4,119.96278718434343,37.0,35.447916666666664
1674,2021-04-12 01:50:11,2021-04-12 02:22:34,52.0,77.6,121.35173775499133,34.76020408163265,32.06122448979592
1675,2021-04-12 02:22:55,2021-04-12 02:52:05,78.0,97.6,122.67078925736963,35.01136363636363,33.0
1676,2021-04-12 13:45:19,2021-04-12 14:08:59,56.4,79.2,121.01974086257307,36.23776223776224,34.80419580419581
1677,2021-04-12 22:28:50,2021-04-12 22:53:22,23.6,47.2,121.1016401777307,33.52348993288591,31.77181208053691
1678,2021-04-12 23:08:38,2021-04-12 23:29:08,62.4,82.4,119.34931576388888,37.0,35.0
1679,2021-04-13 06:39:14,2021-04-13 07:00:29,45.2,53.2,121.07641631944443,33.06201550387597,30.953488372093023
1680,2021-04-13 07:00:50,2021-04-13 07:20:13,53.6,60.4,126.73408843954255,34.0,31.0
1681,2021-04-13 07:20:34,2021-04-13 07:53:04,60.8,72.4,121.81994983237541,34.0,31.0
1682,2021-04-13 07:53:25,2021-04-13 08:21:05,72.4,82.4,118.23614652777779,33.91017964071856,31.0
1683,2021-04-13 08:24:37,2021-04-13 08:59:07,83.6,95.2,124.43488409961674,33.0,31.0
1684,2021-04-13 17:58:23,2021-04-13 19:08:10,21.6,88.8,120.24209827628971,37.12404580152672,34.786259541984734
1685,2021-04-13 19:08:30,2021-04-13 19:23:21,89.2,97.6,128.55342845568796,39.0,36.0
1686,2021-04-14 06:43:24,2021-04-14 07:31:42,60.0,97.6,123.23066085254139,28.834710743801654,26.614325068870524
1687,2021-04-14 14:01:16,2021-04-14 14:31:56,60.0,88.8,120.30188749035496,34.97837837837838,33.71891891891892
1688,2021-04-15 10:55:31,2021-04-15 11:19:41,48.8,72.0,119.62163050766281,29.136986301369863,28.28767123287671
1689,2021-04-15 11:20:02,2021-04-15 11:49:12,72.4,95.2,121.74159088693956,30.852272727272727,30.051136363636363
1690,2021-04-15 17:23:45,2021-04-15 17:48:05,80.8,97.6,122.7149271660053,32.0,30.94557823129252
1691,2021-04-16 01:37:27,2021-04-16 02:07:57,40.4,70.4,119.68427384259259,31.956521739130434,29.967391304347824
1692,2021-04-16 02:08:18,2021-04-16 02:38:38,70.8,95.6,120.56398028673838,33.868852459016395,31.91256830601093
1693,2021-04-16 06:46:09,2021-04-16 07:19:07,70.0,95.2,119.5371028053351,30.947580645161292,28.54032258064516
1694,2021-04-16 16:00:05,2021-04-16 16:28:25,34.4,52.8,117.28565368357494,28.695906432748536,26.795321637426902
1695,2021-04-16 16:28:46,2021-04-16 16:58:56,52.8,72.4,117.22933404195008,30.505494505494507,28.5989010989011
1696,2021-04-16 16:59:17,2021-04-16 17:27:57,72.4,90.4,121.14508858024693,31.0,29.046242774566473
1697,2021-04-17 01:45:58,2021-04-17 03:01:15,9.2,82.4,120.11505132073465,32.31802120141343,30.20671378091873
1698,2021-04-17 06:57:52,2021-04-17 07:26:02,52.0,67.2,123.05369791666665,30.91176470588235,27.705882352941178
1699,2021-04-17 07:26:23,2021-04-17 07:54:23,67.6,82.8,122.49996929824556,31.0,28.337278106508876
1700,2021-04-17 07:54:44,2021-04-17 08:21:34,83.2,97.6,123.92550983796302,31.438271604938272,29.0
1701,2021-04-17 22:48:31,2021-04-17 23:18:41,40.4,59.6,117.57665205439811,29.565934065934066,28.225274725274726
1702,2021-04-17 23:19:02,2021-04-17 23:50:22,59.6,79.2,119.63149263038544,31.0,29.677248677248677
1703,2021-04-17 23:50:43,2021-04-18 00:09:33,79.6,91.2,121.0584067289271,31.649122807017545,30.0
1704,2021-04-18 04:04:36,2021-04-18 04:29:46,66.4,90.0,119.48270221280606,31.394736842105264,29.394736842105264
1705,2021-04-18 13:51:35,2021-04-18 14:12:26,18.8,36.4,118.50363571654042,29.38993710691824,28.08176100628931
1706,2021-04-18 14:12:46,2021-04-18 15:53:21,36.4,99.6,122.82093097529886,33.4158940397351,32.196026490066224
1707,2021-04-19 00:03:58,2021-04-19 00:26:43,46.8,68.8,120.77178970959596,31.057971014492754,28.956521739130434
1708,2021-04-19 04:13:31,2021-04-19 04:36:31,71.6,91.2,121.80062039399091,29.359712230215827,26.85611510791367
1709,2021-04-19 14:20:03,2021-04-19 14:49:13,49.6,77.6,120.59870421626988,29.107954545454547,27.875
1710,2021-04-19 14:49:34,2021-04-19 15:19:24,77.6,97.6,121.45279687500002,30.75,29.43888888888889
1711,2021-04-20 00:50:37,2021-04-20 01:15:10,14.4,38.4,119.43264743055555,31.389261744966444,29.348993288590606
1712,2021-04-20 01:15:31,2021-04-20 01:42:21,38.4,65.2,116.88485188640132,34.46913580246913,32.46296296296296
1713,2021-04-20 23:08:27,2021-04-20 23:45:01,56.0,90.0,120.82771566993466,31.221818181818183,29.854545454545455
1714,2021-04-21 05:54:48,2021-04-21 06:23:58,27.2,44.0,118.34487847222223,30.505681818181817,28.488636363636363
1715,2021-04-21 06:24:19,2021-04-21 06:53:29,44.0,61.2,115.59267199612404,32.30113636363637,30.335227272727273
1716,2021-04-21 06:53:50,2021-04-21 07:22:20,61.2,77.6,118.46033689024395,33.0,31.0
1717,2021-04-21 07:22:41,2021-04-21 07:51:31,78.0,94.0,122.83243880208335,33.241379310344826,31.53448275862069
1718,2021-04-21 18:11:17,2021-04-21 18:28:37,24.4,41.6,118.50453367248062,34.63809523809524,33.142857142857146
1719,2021-04-21 18:28:58,2021-04-21 18:55:28,42.0,68.4,118.25443592171713,37.2125,35.61875
1720,2021-04-21 18:55:49,2021-04-21 19:28:49,68.8,96.0,121.24388511029412,38.84924623115578,37.0
1721,2021-04-22 03:40:47,2021-04-22 04:04:17,18.8,42.4,119.61218361581922,32.65492957746479,29.866197183098592
1722,2021-04-22 04:04:38,2021-04-22 04:33:08,42.8,72.0,117.51191347983256,35.72093023255814,33.06395348837209
1723,2021-04-22 04:33:29,2021-04-22 05:04:19,72.4,97.2,122.21608596550182,37.09139784946237,34.60215053763441
1724,2021-04-22 18:23:49,2021-04-22 18:49:59,47.6,69.6,120.34345669191922,37.55696202531646,35.77215189873418
1725,2021-04-22 18:50:20,2021-04-22 19:19:22,69.6,92.4,121.23162301413251,38.46590909090909,36.99431818181818
1726,2021-04-23 12:08:12,2021-04-23 12:36:12,46.0,69.2,119.02660057471263,31.59171597633136,30.4792899408284
1727,2021-04-23 12:36:33,2021-04-23 13:05:23,69.2,91.6,120.4458299851191,32.93103448275862,31.764367816091955
1728,2021-04-23 21:20:02,2021-04-23 22:15:07,38.0,90.0,119.97367362713676,38.567632850241544,36.908212560386474
1729,2021-04-24 23:23:01,2021-04-24 23:53:51,22.0,52.4,119.44354760599418,33.79032258064516,32.25806451612903
1730,2021-04-24 23:54:12,2021-04-25 00:26:42,52.8,84.8,119.64020894097224,37.05612244897959,35.19387755102041
1731,2021-04-25 14:46:22,2021-04-25 15:08:06,27.6,48.8,120.09763274371072,35.46212121212121,33.484848484848484
1732,2021-04-25 15:08:27,2021-04-25 15:39:47,49.2,80.0,119.23206948953829,37.71957671957672,35.73015873015873
1733,2021-04-26 08:40:41,2021-04-26 09:30:17,48.0,86.8,121.36799662084765,26.967828418230564,25.96514745308311
1734,2021-04-26 19:26:07,2021-04-26 19:55:17,44.4,62.4,120.37886535493824,28.636363636363637,27.426136363636363
1735,2021-04-26 19:55:38,2021-04-26 20:26:58,62.8,81.2,120.97450090579707,30.0,28.603174603174605
1736,2021-04-26 20:27:19,2021-04-26 20:55:09,81.2,96.8,121.71742930911682,30.488095238095237,29.0
1737,2021-04-27 12:19:20,2021-04-27 12:40:20,40.8,61.2,120.09735831971675,26.64566929133858,25.866141732283463
1738,2021-04-27 12:40:41,2021-04-27 12:59:23,61.6,79.6,121.26196570216052,28.67543859649123,27.789473684210527
1739,2021-04-27 12:59:44,2021-04-27 13:20:20,80.0,95.2,120.03675394736841,29.944,28.984
1740,2021-04-27 20:25:39,2021-04-27 20:46:09,54.0,70.4,119.9254823848238,28.35483870967742,26.43548387096774
1741,2021-04-27 20:46:30,2021-04-27 21:24:36,70.8,97.2,121.98801638257571,29.456521739130434,27.595652173913045
1742,2021-04-28 15:05:17,2021-04-28 15:34:57,16.8,47.6,118.82936976911978,28.156424581005588,26.162011173184357
1743,2021-04-28 23:45:39,2021-04-29 01:02:14,10.8,86.0,118.82299467346336,31.029565217391305,29.10086956521739
1744,2021-04-29 17:24:39,2021-04-29 17:51:59,18.8,45.6,118.95004633084577,31.854545454545455,30.236363636363638
1745,2021-04-29 17:52:20,2021-04-29 18:23:10,45.6,76.4,116.70454698773449,35.17741935483871,33.45161290322581
1746,2021-04-29 18:23:31,2021-04-29 18:51:31,76.8,97.6,121.68737553418805,36.13609467455621,34.828402366863905
1747,2021-04-30 01:45:31,2021-04-30 02:18:01,48.0,79.6,119.86506922468361,32.94387755102041,30.413265306122447
1748,2021-04-30 11:56:51,2021-04-30 12:14:21,38.0,48.8,123.4195230195474,30.90566037735849,29.339622641509433
1749,2021-04-30 12:14:42,2021-04-30 12:45:22,49.2,68.8,119.17236167800462,32.394594594594594,30.772972972972973
1750,2021-04-30 12:45:43,2021-04-30 13:14:43,69.2,87.2,122.71298981481485,33.0,31.822857142857142
1751,2021-04-30 13:15:04,2021-04-30 13:32:04,87.6,97.6,126.129195,33.883495145631066,32.0
1752,2021-04-30 20:43:35,2021-04-30 21:09:35,62.4,87.2,120.09857252464158,36.43312101910828,34.23566878980892
1753,2021-04-30 21:09:56,2021-04-30 21:30:36,87.6,97.6,124.0652888888889,37.0,34.824
1754,2021-05-01 09:45:54,2021-05-01 10:05:44,35.2,54.8,117.5694635770976,30.716666666666665,29.583333333333332
1755,2021-05-01 10:10:16,2021-05-01 10:34:56,59.2,83.2,119.44967552083337,33.31543624161074,32.033557046979865
1756,2021-05-01 10:35:17,2021-05-01 10:53:27,83.2,95.6,120.92520038082448,34.0,33.0
1757,2021-05-02 04:27:37,2021-05-02 04:49:07,30.0,50.8,119.94459408386756,32.95384615384615,31.361538461538462
1758,2021-05-02 04:49:28,2021-05-02 05:13:48,51.2,74.8,119.65279484463282,35.61224489795919,34.0
1759,2021-05-02 05:14:09,2021-05-02 05:42:49,75.2,96.8,122.82602501286013,36.94219653179191,35.0
1760,2021-05-02 14:06:09,2021-05-02 14:27:09,86.0,97.6,120.17843306992349,32.0,31.0
1761,2021-05-03 01:43:33,2021-05-03 02:12:33,28.8,38.0,124.74637916666664,26.554285714285715,23.834285714285713
1762,2021-05-03 02:12:54,2021-05-03 02:42:24,38.4,48.0,114.64126759259258,27.0,24.286516853932586
1763,2021-05-03 02:42:45,2021-05-03 03:14:15,48.0,58.4,112.43323247863248,27.9,25.0
1764,2021-05-03 03:14:36,2021-05-03 03:42:56,58.4,66.8,110.17201527777777,28.0,25.0
1765,2021-05-03 03:43:17,2021-05-03 04:13:07,66.8,75.2,116.65185158730151,28.0,25.0
1766,2021-05-03 04:13:28,2021-05-03 04:45:38,75.2,84.0,115.33305473484852,27.8659793814433,25.0
1767,2021-05-03 04:45:59,2021-05-03 05:17:39,84.0,92.4,120.36870281084649,27.0,25.0
1768,2021-05-03 05:18:00,2021-05-03 05:37:30,92.4,97.6,132.1020824786328,27.0,25.0
1769,2021-05-03 16:33:55,2021-05-03 16:56:35,16.8,38.8,120.40973630050506,29.37226277372263,27.912408759124087
1770,2021-05-03 16:56:56,2021-05-03 17:27:46,39.2,70.0,116.93092667748921,32.69892473118279,31.28494623655914
1771,2021-05-03 17:28:07,2021-05-03 17:57:17,70.4,94.4,119.95602962962965,34.6875,33.05681818181818
1772,2021-05-04 01:47:21,2021-05-04 02:38:19,36.4,86.4,118.94850418333331,33.33681462140992,31.266318537859007
1773,2021-05-04 12:53:59,2021-05-04 13:21:19,36.8,63.6,118.8722976782753,33.63030303030303,31.848484848484848
1774,2021-05-04 13:21:40,2021-05-04 13:49:30,64.0,89.6,121.14582416449657,35.601190476190474,33.779761904761905
1775,2021-05-05 00:15:40,2021-05-05 00:34:10,39.2,54.8,118.1873351139602,29.696428571428573,27.285714285714285
1776,2021-05-05 00:34:31,2021-05-05 01:01:41,55.2,76.8,119.65922042181076,31.365853658536587,29.085365853658537
1777,2021-05-05 01:02:02,2021-05-05 01:25:32,77.2,93.6,121.56759078590795,32.0,30.0
1778,2021-05-05 12:03:21,2021-05-05 12:50:25,58.4,97.6,121.08900303287984,30.483050847457626,29.406779661016948
1779,2021-05-05 19:35:09,2021-05-05 21:06:25,44.0,97.6,120.94759534100332,35.738686131386864,34.37372262773722
1780,2021-05-06 19:45:26,2021-05-06 21:00:01,12.4,85.6,118.75595910367336,36.32857142857143,34.051785714285714
1781,2021-05-07 00:42:46,2021-05-07 01:21:43,61.2,94.8,119.93122923280428,35.948805460750854,33.57337883959045
1782,2021-05-07 15:08:35,2021-05-07 15:33:25,50.4,67.6,120.31653746770029,35.666666666666664,33.88666666666666
1783,2021-05-07 19:48:29,2021-05-07 20:12:19,29.2,44.0,121.86187819069065,39.125,37.24305555555556
1784,2021-05-07 20:12:40,2021-05-07 21:03:34,44.4,75.6,118.07328083155271,40.66233766233766,38.73376623376623
1785,2021-05-07 21:03:55,2021-05-07 21:34:35,75.6,92.8,121.87178480297156,41.0,39.0
1786,2021-05-08 03:35:14,2021-05-08 04:04:14,49.6,78.0,119.96821063184665,40.074285714285715,36.857142857142854
1787,2021-05-08 04:04:35,2021-05-08 04:28:55,78.4,96.4,121.68519290123456,41.0,38.0
1788,2021-05-08 15:24:46,2021-05-08 15:52:36,41.2,64.4,117.46888218390804,39.18452380952381,37.345238095238095
1789,2021-05-08 15:52:57,2021-05-08 16:18:57,64.8,84.8,121.05765215277778,40.06369426751592,38.35031847133758
1790,2021-05-09 08:47:31,2021-05-09 09:18:11,18.0,37.6,117.60773582766444,31.535135135135135,30.005405405405405
1791,2021-05-09 09:18:32,2021-05-09 09:48:02,37.6,56.4,117.94772118794332,33.68539325842696,32.19662921348315
1792,2021-05-09 09:48:23,2021-05-09 10:15:23,56.8,74.0,117.9925970607235,35.0,33.79141104294479
1793,2021-05-09 10:15:44,2021-05-09 10:45:04,74.0,92.0,121.6705516975309,35.85875706214689,34.0
1794,2021-05-09 10:45:25,2021-05-09 11:02:45,92.4,99.2,131.03149673202626,36.0,34.80952380952381
1795,2021-05-10 00:10:42,2021-05-10 00:40:32,37.6,47.2,117.05444994212961,35.516666666666666,33.483333333333334
1796,2021-05-10 00:40:53,2021-05-10 01:10:13,47.2,56.8,115.0926435185186,36.0,34.0
1797,2021-05-10 01:10:34,2021-05-10 01:40:24,56.8,66.4,117.05444994212952,36.0,34.0
1798,2021-05-10 06:36:17,2021-05-10 07:05:17,23.2,51.6,119.28013976917056,34.54857142857143,32.8
1799,2021-05-10 07:05:38,2021-05-10 07:36:18,52.0,82.0,119.40788319444444,37.67567567567568,35.74594594594595
1800,2021-05-10 07:36:39,2021-05-10 07:58:49,82.4,97.6,125.02377165570182,39.0,36.992537313432834
1801,2021-05-10 14:47:39,2021-05-10 15:07:39,51.6,67.6,120.47310164930558,40.06611570247934,39.0
1802,2021-05-10 15:08:00,2021-05-10 15:36:20,68.0,89.6,120.50734259259261,41.0,39.0
1803,2021-05-10 21:45:13,2021-05-10 22:13:23,20.4,47.6,120.02145322712417,42.294117647058826,39.529411764705884
1804,2021-05-10 22:13:44,2021-05-10 22:44:14,48.0,76.8,116.83159008487655,44.82065217391305,42.02717391304348
1805,2021-05-10 22:44:35,2021-05-10 23:15:35,76.8,97.6,121.85896173878209,45.342245989304814,42.60427807486631
1806,2021-05-11 04:57:46,2021-05-11 05:27:26,52.8,81.6,119.83799459876548,39.89385474860335,36.70391061452514
1807,2021-05-11 05:27:47,2021-05-11 05:50:17,82.0,97.6,123.27281579415963,40.345588235294116,37.0
1808,2021-05-12 00:43:37,2021-05-12 01:01:37,34.0,49.2,118.20542169225143,35.22018348623853,33.55045871559633
1809,2021-05-12 01:01:58,2021-05-12 01:30:58,49.2,72.8,117.63242667137479,36.822857142857146,35.29714285714286
1810,2021-05-12 01:31:19,2021-05-12 01:54:29,73.2,90.4,120.7824741602067,37.9,36.0
1811,2021-05-13 16:54:12,2021-05-13 17:23:02,34.8,63.6,117.2097025462963,36.04022988505747,34.68390804597701
1812,2021-05-13 17:23:23,2021-05-13 17:52:22,63.6,90.4,119.57381642827526,38.28,36.8
1813,2021-05-14 09:06:25,2021-05-14 09:38:51,72.4,97.6,121.29233806216936,32.864754098360656,31.827868852459016
1814,2021-05-15 21:41:32,2021-05-15 22:44:55,24.4,87.2,117.78503754423213,36.77521008403362,35.11134453781513
1815,2021-05-16 03:35:55,2021-05-16 04:07:15,33.2,42.8,122.93986921296307,37.0,34.23809523809524
1816,2021-05-16 04:07:36,2021-05-16 04:38:56,43.2,53.6,113.48295619658124,37.27513227513227,35.0
1817,2021-05-16 04:39:17,2021-05-16 05:08:57,53.6,63.2,116.40051446759261,38.0,35.28491620111732
1818,2021-05-16 05:09:18,2021-05-16 05:26:28,63.2,68.8,115.46632093253986,38.0,35.0
1819,2021-05-16 07:13:42,2021-05-16 07:47:52,69.2,79.6,123.74471287393176,36.0,34.0
1820,2021-05-16 12:11:35,2021-05-16 12:33:55,57.6,79.6,118.5101103535354,36.977777777777774,35.97037037037037
1821,2021-05-16 12:34:16,2021-05-16 12:59:16,79.6,97.6,121.68982399691357,38.0,37.0
1822,2021-05-16 23:38:37,2021-05-17 00:08:27,28.4,47.6,117.13108839699069,38.4,36.56111111111111
1823,2021-05-17 00:08:48,2021-05-17 00:40:28,47.6,67.2,117.3894722930839,39.832460732984295,37.95811518324607
1824,2021-05-17 13:13:15,2021-05-17 13:38:09,18.4,42.4,121.13565557870372,39.54304635761589,37.311258278145694
1825,2021-05-17 13:38:30,2021-05-17 14:05:20,42.8,69.2,118.61953435395623,42.50617283950617,40.50617283950617
1826,2021-05-17 21:16:03,2021-05-17 21:44:33,22.4,40.4,118.81559297839506,38.104651162790695,36.21511627906977
1827,2021-05-17 21:44:54,2021-05-17 22:14:14,40.4,59.2,117.02940388593377,39.59322033898305,37.536723163841806
1828,2021-05-17 22:14:35,2021-05-17 22:42:25,59.6,77.2,118.77763691603533,40.982142857142854,38.0
1829,2021-05-17 22:42:46,2021-05-17 23:07:56,77.2,92.8,120.66865028490031,41.0,38.0
1830,2021-05-18 04:33:45,2021-05-18 05:04:45,58.0,88.0,120.93705870370373,41.026737967914436,38.46524064171123
1831,2021-05-18 11:55:01,2021-05-18 12:18:30,56.0,78.8,120.0316193896199,38.954802259887,37.293785310734464
1832,2021-05-18 17:14:46,2021-05-18 17:34:36,40.4,59.6,119.79529767071762,38.34166666666667,37.233333333333334
1833,2021-05-18 17:34:57,2021-05-18 18:01:37,60.0,85.6,120.86047743055559,40.254658385093165,38.95031055900621
1834,2021-05-18 18:01:58,2021-05-18 18:22:38,86.0,98.4,125.54662600806455,41.0,39.176
1835,2021-05-19 02:00:18,2021-05-19 02:24:54,39.6,63.6,118.93358010416665,37.79194630872483,35.48993288590604
1836,2021-05-19 02:25:15,2021-05-19 02:53:45,64.0,90.0,120.87875758547008,39.51162790697674,37.38953488372093
1837,2021-05-19 16:13:14,2021-05-19 16:33:24,13.2,24.0,120.75750774176956,34.31147540983606,33.48360655737705
1838,2021-05-19 16:33:45,2021-05-19 17:06:05,24.0,42.0,119.15438086419753,35.69230769230769,34.687179487179485
1839,2021-05-19 17:06:26,2021-05-19 17:36:06,42.0,59.2,114.4105870478036,37.625698324022345,36.57541899441341
1840,2021-05-19 17:36:27,2021-05-19 18:04:07,59.2,74.8,117.6389476495727,39.0,37.616766467065865
1841,2021-05-19 18:04:28,2021-05-19 18:22:38,75.2,85.2,120.50006000000005,39.0,38.0
1842,2021-05-20 03:05:06,2021-05-20 03:27:16,16.0,28.4,116.41688935931901,34.21641791044776,32.24626865671642
1843,2021-05-20 03:27:37,2021-05-20 03:54:37,28.4,43.6,118.41374195906428,35.466257668711656,33.47239263803681
1844,2021-05-20 03:54:58,2021-05-20 04:25:08,43.6,61.2,114.25662768308078,37.043956043956044,35.01648351648352
1845,2021-05-20 04:25:29,2021-05-20 04:54:59,61.2,78.0,117.03868799603174,38.0,36.0
1846,2021-05-20 04:55:20,2021-05-20 05:22:00,78.4,92.8,123.43556886574079,38.0,36.0
1847,2021-05-20 08:45:28,2021-05-20 09:07:18,83.6,97.6,122.69048988095237,37.0,35.0
1848,2021-05-20 17:49:54,2021-05-20 18:18:44,50.4,68.4,121.47376543209872,39.48850574712644,37.93103448275862
1849,2021-05-21 02:25:57,2021-05-21 02:58:06,25.2,57.2,117.28598814670138,36.702564102564104,35.194871794871794
1850,2021-05-21 02:58:27,2021-05-21 03:27:47,57.6,86.0,120.61620803990611,39.56497175141243,38.03389830508475
1851,2021-05-21 06:30:24,2021-05-21 06:59:54,53.2,77.6,120.4212529599272,39.342696629213485,36.88202247191011
1852,2021-05-21 07:00:15,2021-05-21 07:28:45,77.6,97.6,121.74101222222222,40.0,37.0
1853,2021-05-21 16:29:58,2021-05-21 17:01:18,18.0,28.0,118.02227444444449,40.7989417989418,38.05291005291005
1854,2021-05-21 17:01:39,2021-05-21 17:30:39,28.0,37.2,118.73193659420289,41.17142857142857,39.0
1855,2021-05-21 17:31:00,2021-05-21 18:01:30,37.2,46.8,119.67019184027788,42.0,39.93478260869565
1856,2021-05-21 18:01:51,2021-05-21 18:31:51,47.2,56.8,117.70838541666674,42.87292817679558,40.850828729281766
1857,2021-05-21 18:32:12,2021-05-21 19:01:42,57.2,66.4,120.77903894927535,43.0,41.0
1858,2021-05-22 01:47:27,2021-05-22 02:48:49,13.6,74.4,118.62822425301533,40.13882863340564,38.09110629067245
1859,2021-05-22 07:01:32,2021-05-22 07:33:57,72.0,97.6,122.57867564019101,37.99180327868852,36.07377049180328
1860,2021-05-22 19:30:48,2021-05-22 20:30:27,19.2,78.4,117.84146690831454,40.627232142857146,38.323660714285715
1861,2021-05-23 11:17:11,2021-05-23 11:47:31,46.8,63.6,120.33729828042323,36.12021857923497,34.67213114754098
1862,2021-05-23 11:47:52,2021-05-23 12:18:32,64.0,80.8,121.610441468254,37.0,35.567567567567565
1863,2021-05-23 12:18:53,2021-05-23 12:45:03,81.2,95.6,121.04262123842598,37.41139240506329,36.0
1864,2021-05-23 19:19:59,2021-05-23 19:47:19,27.2,50.0,119.26780787037036,42.25454545454546,40.36969696969697
1865,2021-05-23 19:47:40,2021-05-23 20:19:10,50.4,76.8,118.69846275252527,43.794736842105266,42.11052631578947
1866,2021-05-23 20:19:31,2021-05-23 20:37:11,77.2,90.4,121.84661994949495,44.401869158878505,43.0
1867,2021-05-24 13:27:07,2021-05-24 13:58:17,14.0,44.0,120.7453938888889,33.973404255319146,31.75
1868,2021-05-24 13:58:38,2021-05-24 14:27:48,44.4,72.8,119.34812426643198,37.38636363636363,34.97159090909091
1869,2021-05-25 08:03:18,2021-05-25 09:50:26,11.6,97.6,119.59906676195091,34.8271144278607,33.365671641791046
1870,2021-05-25 20:23:37,2021-05-25 20:56:47,38.4,70.8,118.67113451646092,37.61,36.01
1871,2021-05-25 20:57:08,2021-05-25 21:14:18,71.2,87.6,121.41431199187005,39.0,37.56730769230769
1872,2021-05-26 14:38:57,2021-05-26 15:08:37,38.4,59.2,118.23120239049145,33.49162011173184,31.921787709497206
1873,2021-05-26 15:08:58,2021-05-26 15:39:48,59.6,80.8,120.66173073899375,35.08064516129032,33.473118279569896
1874,2021-05-26 15:40:09,2021-05-26 15:57:29,81.2,92.8,119.79888254310349,36.0,34.0
1875,2021-05-26 20:59:54,2021-05-26 21:29:04,56.8,80.8,119.92016041666666,36.84659090909091,34.90340909090909
1876,2021-05-26 21:29:25,2021-05-26 21:54:02,81.2,97.6,122.73674137025752,37.0,35.0
1877,2021-05-27 05:29:07,2021-05-27 05:58:57,19.6,32.8,117.10334785353538,36.0,33.03333333333333
1878,2021-05-27 05:59:18,2021-05-27 06:28:28,32.8,45.2,116.6375676523297,36.5625,34.0
1879,2021-05-27 06:28:49,2021-05-27 06:59:59,45.2,58.0,116.00805154079865,37.5,34.984042553191486
1880,2021-05-27 07:00:20,2021-05-27 07:28:40,58.4,69.6,115.80235292658736,38.0,35.0
1881,2021-05-27 07:29:01,2021-05-27 07:55:01,69.6,79.2,121.54661125578691,38.0,35.0
1882,2021-05-27 07:55:22,2021-05-27 08:22:52,79.6,89.2,126.5220151909721,37.98192771084337,35.0
1883,2021-05-27 08:23:13,2021-05-27 08:47:23,89.6,97.6,128.81081406250001,37.04794520547945,35.0
1884,2021-05-27 23:42:33,2021-05-28 00:12:43,32.0,62.0,117.36482129629628,37.38461538461539,35.57142857142857
1885,2021-05-28 00:21:49,2021-05-28 00:44:15,70.8,91.2,119.39747412854027,39.911764705882355,38.0
1886,2021-05-28 21:08:36,2021-05-28 21:27:56,30.4,49.6,117.40233629918978,39.572649572649574,38.034188034188034
1887,2021-05-28 21:28:17,2021-05-28 21:47:10,50.0,68.8,117.07793031176124,41.573913043478264,39.76521739130435
1888,2021-05-28 21:47:31,2021-05-28 22:06:21,69.2,87.6,119.30554528985515,42.0,40.41228070175438
1889,2021-05-29 03:28:36,2021-05-29 03:48:06,45.2,64.4,118.54239525462961,39.483050847457626,36.96610169491525
1890,2021-05-29 03:48:27,2021-05-29 04:17:27,64.8,91.6,119.57038588308457,40.88,38.38285714285714
1891,2021-05-29 16:33:11,2021-05-29 17:03:21,40.4,70.4,117.41297180555554,36.35164835164835,34.120879120879124
1892,2021-05-29 17:03:42,2021-05-29 17:35:55,70.8,96.8,120.97346239316241,38.0,35.84615384615385
1893,2021-05-30 05:32:08,2021-05-30 06:01:28,32.8,62.0,117.34352397260272,33.91525423728814,32.271186440677965
1894,2021-05-30 06:01:49,2021-05-30 06:32:49,62.4,91.2,119.70197800925921,36.25133689839572,34.44385026737968
1895,2021-05-30 14:42:17,2021-05-30 16:04:21,46.8,97.6,120.53767556867894,38.73538961038961,36.75
1896,2021-05-31 14:09:23,2021-05-31 14:36:13,42.8,69.2,118.59953914141413,36.48765432098765,34.4320987654321
1897,2021-05-31 14:36:34,2021-05-31 14:59:44,69.6,91.2,118.51145087448553,38.042857142857144,36.142857142857146
1898,2021-05-31 21:56:12,2021-05-31 22:25:42,27.6,58.4,118.52770301226552,33.52247191011236,30.741573033707866
1899,2021-06-01 01:54:11,2021-06-01 02:22:31,39.6,67.6,117.90772331349208,33.30994152046784,30.538011695906434
1900,2021-06-01 09:20:46,2021-06-01 09:51:06,49.2,80.8,119.98638185654013,33.63387978142077,31.85792349726776
1901,2021-06-01 09:51:27,2021-06-01 10:13:37,81.2,97.6,121.71663109756103,35.0,33.0
1902,2021-06-01 20:00:17,2021-06-01 20:28:12,56.0,83.2,119.75107825265523,33.3905325443787,30.78698224852071
1903,2021-06-01 20:28:33,2021-06-01 20:49:13,83.6,97.6,122.56449265873017,34.0,32.0
1904,2021-06-02 01:55:45,2021-06-02 02:16:40,70.4,90.0,121.78806212443318,32.881889763779526,30.181102362204726
1905,2021-06-02 11:50:54,2021-06-02 12:26:24,45.6,80.4,119.0313776740102,33.8046511627907,32.10232558139535
1906,2021-06-02 18:59:26,2021-06-02 19:29:16,29.6,48.8,118.4527102141204,33.48888888888889,30.877777777777776
1907,2021-06-02 19:29:37,2021-06-02 19:57:17,49.2,66.8,115.95330295138895,35.34131736526946,32.59880239520958
1908,2021-06-03 12:59:00,2021-06-03 13:24:50,37.6,63.2,117.46528776041669,35.39102564102564,33.72435897435897
1909,2021-06-03 13:25:11,2021-06-03 13:42:31,63.2,80.4,117.28844832041345,37.55238095238095,36.08571428571429
1910,2021-06-03 16:28:36,2021-06-03 17:10:09,47.6,73.6,119.33765660256415,40.62420382165605,38.617834394904456
1911,2021-06-04 01:20:12,2021-06-04 02:22:47,46.0,96.0,120.67152073611112,37.56595744680851,35.125531914893614
1912,2021-06-04 13:32:16,2021-06-04 13:58:46,36.0,62.4,117.36007512626263,31.74375,29.4875
1913,2021-06-04 13:59:07,2021-06-04 14:30:27,62.8,92.0,119.4734715563166,33.81481481481482,31.66137566137566
1914,2021-06-05 03:43:01,2021-06-05 04:06:31,58.0,80.8,120.2546380360624,29.140845070422536,27.85211267605634
1915,2021-06-05 04:06:52,2021-06-05 04:28:42,81.2,97.6,120.05590455623312,30.25,29.0
1916,2021-06-05 20:12:05,2021-06-05 20:33:55,34.0,48.0,117.4831612103175,34.02272727272727,32.06818181818182
1917,2021-06-05 20:38:46,2021-06-05 21:01:26,48.4,62.4,121.91669365079369,35.43065693430657,33.52554744525548
1918,2021-06-05 21:01:47,2021-06-05 21:35:47,62.8,84.0,120.80584433962262,36.0,34.35609756097561
1919,2021-06-05 21:36:08,2021-06-05 21:58:18,84.0,97.6,121.03454513888899,36.95522388059702,35.0
1920,2021-06-06 23:09:54,2021-06-07 00:27:49,25.6,97.6,119.20667792052468,37.06153846153846,35.45811965811966
1921,2021-06-07 13:25:36,2021-06-07 14:28:11,25.2,86.8,118.29586594065657,36.748936170212765,35.191489361702125
1922,2021-06-07 21:04:16,2021-06-07 21:23:26,40.4,56.8,117.03930682588081,38.043103448275865,36.18103448275862
1923,2021-06-07 21:23:47,2021-06-07 21:49:47,56.8,78.8,118.40910233585858,39.12738853503185,37.57324840764331
1924,2021-06-07 21:50:08,2021-06-07 22:07:48,79.2,93.2,122.01687757936509,40.0,38.0
1925,2021-06-08 11:50:49,2021-06-08 12:08:49,34.8,50.0,118.12866374269004,36.23853211009175,34.63302752293578
1926,2021-06-08 12:09:10,2021-06-08 12:36:20,50.0,73.2,116.87738266283523,37.75,36.5609756097561
1927,2021-06-08 12:36:41,2021-06-08 13:06:51,73.6,96.8,120.47591702586202,38.90659340659341,37.22527472527472
1928,2021-06-08 20:15:27,2021-06-08 20:49:57,7.2,30.0,117.26854032651075,43.34615384615385,40.57692307692308
1929,2021-06-08 20:50:18,2021-06-08 21:17:18,30.0,47.6,116.58381313131314,43.76687116564417,40.80368098159509
1930,2021-06-08 21:17:39,2021-06-08 21:49:49,47.6,68.0,116.06483775871463,44.855670103092784,41.72164948453608
1931,2021-06-08 21:50:10,2021-06-08 22:15:10,68.0,82.8,119.22110726351353,45.0,41.5364238410596
1932,2021-06-10 10:36:02,2021-06-10 11:08:22,8.400001,29.6,118.68777702143602,33.0,32.0
1933,2021-06-10 11:08:43,2021-06-10 11:41:13,29.6,50.8,117.02962775157238,33.724489795918366,32.734693877551024
1934,2021-06-10 11:41:34,2021-06-10 12:14:14,50.8,70.0,125.66191977719907,35.65482233502538,34.609137055837564
1935,2021-06-10 12:14:35,2021-06-10 12:43:35,70.4,86.8,124.76712872628735,36.72,35.0
1936,2021-06-10 12:43:56,2021-06-10 13:03:56,86.8,97.6,126.26030478395064,37.0,35.0
1937,2021-06-11 10:26:34,2021-06-11 10:55:24,64.4,88.8,119.48260166211297,34.0,32.62643678160919
1938,2021-06-12 04:38:45,2021-06-12 05:49:49,24.800001,93.6,119.0597590657911,36.42696629213483,34.89513108614232
1939,2021-06-13 03:21:27,2021-06-13 03:50:37,30.0,33.2,121.41058324652765,30.0,29.0
1940,2021-06-13 03:50:58,2021-06-13 04:17:38,33.2,36.4,110.56854383680572,30.0,29.0
1941,2021-06-13 04:17:59,2021-06-13 04:45:39,36.4,39.2,130.67949950396806,30.0,29.0
1942,2021-06-13 04:46:00,2021-06-13 05:13:50,39.2,42.4,115.04334965277793,30.958333333333332,29.0
1943,2021-06-13 05:14:11,2021-06-13 05:42:41,42.4,46.0,104.11646419753085,31.0,29.91860465116279
1944,2021-06-13 05:43:32,2021-06-13 06:15:02,46.0,50.0,103.63191236111113,31.0,30.0
1945,2021-06-13 06:15:23,2021-06-13 06:42:03,50.0,53.2,109.0105041666666,31.0,30.0
1946,2021-06-13 06:42:24,2021-06-13 07:09:14,53.2,56.4,109.19289010416684,31.0,30.0
1947,2021-06-13 07:09:35,2021-06-13 07:40:45,56.4,60.0,111.77873757716044,31.0,30.0
1948,2021-06-13 07:41:06,2021-06-13 08:11:36,60.0,63.2,123.25543177083323,31.0,30.0
1949,2021-06-13 08:11:57,2021-06-13 08:37:17,63.2,66.4,103.19888550347214,31.0,30.0
1950,2021-06-13 08:37:38,2021-06-13 09:06:28,66.4,69.6,118.40284157986154,31.0,30.0
1951,2021-06-13 09:06:49,2021-06-13 09:37:19,69.6,73.2,112.24148526234539,31.005434782608695,30.0
1952,2021-06-13 09:37:40,2021-06-13 10:05:20,73.2,76.4,115.18662647569433,31.491017964071855,30.0
1953,2021-06-13 10:05:41,2021-06-13 10:35:31,76.4,79.6,124.95663628472266,32.0,30.0
1954,2021-06-13 10:35:52,2021-06-13 11:04:42,79.6,82.8,121.92285008680548,32.0,30.0
1955,2021-06-13 11:05:03,2021-06-13 11:32:53,82.8,86.0,118.36385876736098,32.0,30.0
1956,2021-06-13 11:33:14,2021-06-13 12:01:44,86.0,88.8,139.072622123016,32.0,30.0
1957,2021-06-13 12:02:05,2021-06-13 12:28:45,89.2,92.0,130.88813105158744,32.0,30.130434782608695
1958,2021-06-13 12:29:06,2021-06-13 12:55:56,92.0,94.8,132.46059841269852,32.0,30.97530864197531
1959,2021-06-13 12:56:17,2021-06-13 13:22:37,94.8,97.6,130.6102785714287,32.0,31.0
1960,2021-06-14 00:35:52,2021-06-14 01:05:53,15.6,46.4,120.4027444850289,32.87362637362637,31.565934065934066
1961,2021-06-14 01:06:14,2021-06-14 01:37:54,46.8,80.4,116.37815232308202,36.59162303664922,35.15183246073298
1962,2021-06-14 01:38:15,2021-06-14 01:59:15,80.4,97.6,120.38114534883731,38.0,36.488188976377955
1963,2021-06-14 14:20:07,2021-06-14 14:46:27,51.2,76.8,119.24588606770834,32.899371069182386,31.49685534591195
1964,2021-06-14 14:46:48,2021-06-14 15:05:18,77.2,93.6,121.24663067411936,34.0625,32.901785714285715
1965,2021-06-14 20:12:24,2021-06-14 20:39:44,51.6,78.0,120.7039182449495,35.345454545454544,33.61212121212121
1966,2021-06-14 20:40:05,2021-06-14 21:03:35,78.4,97.6,121.32017766203711,36.7112676056338,35.0
1967,2021-06-15 12:02:50,2021-06-15 12:20:10,59.2,74.0,116.6845273085586,32.34285714285714,31.076190476190476
1968,2021-06-15 12:20:31,2021-06-15 12:47:41,74.0,96.0,118.12499438131312,33.451219512195124,32.22560975609756
1969,2021-06-15 19:56:04,2021-06-15 20:21:24,32.4,53.6,119.78250019654087,38.24183006535948,36.15686274509804
1970,2021-06-15 20:21:45,2021-06-15 20:45:25,54.0,74.0,118.59375388888888,39.83916083916084,38.21678321678322
1971,2021-06-15 20:58:06,2021-06-15 21:20:56,73.6,92.8,119.1001259403935,40.22463768115942,38.63768115942029
1972,2021-06-16 15:16:55,2021-06-16 15:38:35,21.2,42.0,121.17389529914533,37.37404580152672,35.76335877862596
1973,2021-06-16 15:38:56,2021-06-16 16:07:26,42.4,70.8,116.72194390649453,40.11046511627907,38.7093023255814
1974,2021-06-16 16:07:47,2021-06-16 16:32:37,71.2,94.4,119.25528550047892,41.913333333333334,40.153333333333336
1975,2021-06-17 02:41:59,2021-06-17 03:10:39,20.0,48.0,119.37747743055557,34.65895953757225,32.861271676300575
1976,2021-06-17 03:11:00,2021-06-17 03:39:30,48.4,76.8,116.99579054186229,37.79651162790697,36.03488372093023
1977,2021-06-17 03:39:51,2021-06-17 04:04:31,77.2,97.6,121.70139079520703,39.0,37.0
1978,2021-06-17 10:32:57,2021-06-17 11:01:27,51.6,79.6,118.59523710317464,40.52325581395349,38.41279069767442
1979,2021-06-17 11:01:48,2021-06-17 11:20:08,80.0,96.0,120.81163524305556,41.93693693693694,39.62162162162162
1980,2021-06-17 17:54:51,2021-06-17 18:22:21,52.0,78.8,119.76264997927031,41.68072289156626,39.75301204819277
1981,2021-06-18 01:19:14,2021-06-18 01:43:34,44.4,64.8,117.59192374727672,38.95238095238095,36.89115646258504
1982,2021-06-18 01:43:55,2021-06-18 02:13:05,64.8,88.0,117.88375233477011,40.29545454545455,38.0
1983,2021-06-18 15:12:11,2021-06-18 15:29:01,14.8,26.0,118.50571366567463,41.0,37.69607843137255
1984,2021-06-18 15:29:22,2021-06-18 16:03:02,26.0,48.0,118.81882316919194,41.47290640394089,38.8128078817734
1985,2021-06-18 16:03:23,2021-06-18 16:29:53,48.0,65.2,116.07882130167957,43.49375,41.14375
1986,2021-06-18 16:30:14,2021-06-18 16:46:44,65.6,75.6,120.25001083333335,44.0,42.0
1987,2021-06-20 01:08:47,2021-06-20 01:37:07,18.8,46.0,120.84560559640525,37.666666666666664,36.345029239766085
1988,2021-06-20 01:37:28,2021-06-20 02:05:58,46.4,74.4,118.08533442460316,40.88953488372093,39.2906976744186
1989,2021-06-20 02:06:19,2021-06-20 02:26:39,74.8,94.0,120.43332204861107,42.479674796747965,40.89430894308943
1990,2021-06-21 20:43:41,2021-06-21 21:09:41,47.6,73.2,119.03322623697919,37.267515923566876,35.140127388535035
1991,2021-06-22 13:33:33,2021-06-22 14:20:07,47.2,86.4,118.75418217828799,32.24857142857143,31.037142857142857
1992,2021-06-23 07:16:58,2021-06-23 07:33:48,17.6,35.2,111.28001373106058,28.215686274509803,27.00980392156863
1993,2021-06-23 07:34:09,2021-06-23 08:04:09,35.2,64.8,117.90449690315322,30.883977900552487,29.486187845303867
1994,2021-06-23 08:04:30,2021-06-23 08:33:00,65.2,92.8,120.15702979066027,33.79651162790697,32.2906976744186
1995,2021-06-23 18:04:39,2021-06-23 18:30:29,41.2,66.4,118.76819020061727,31.416666666666668,29.115384615384617
1996,2021-06-23 18:30:50,2021-06-23 18:55:20,66.8,90.8,118.3107703125,33.50675675675676,31.12162162162162
1997,2021-06-24 01:29:09,2021-06-24 02:09:19,56.8,94.8,119.69313229532163,31.370860927152318,29.45364238410596
1998,2021-06-24 12:40:10,2021-06-24 13:15:31,48.8,83.2,119.68528240067829,33.214285714285715,31.477443609022558
1999,2021-06-24 19:33:26,2021-06-24 20:01:06,45.2,72.4,118.89962714460785,34.18562874251497,32.49700598802395
2000,2021-06-25 03:28:00,2021-06-25 03:57:40,41.6,71.2,117.68580292792792,34.3072625698324,32.44692737430167
2001,2021-06-25 03:58:01,2021-06-25 04:25:31,71.6,96.4,120.90837471998204,36.46987951807229,34.55421686746988
2002,2021-06-25 15:00:10,2021-06-25 15:31:20,16.4,46.8,119.29918357090648,36.79255319148936,34.898936170212764
2003,2021-06-25 15:31:41,2021-06-25 15:58:21,47.2,73.6,117.55578503787885,39.93167701863354,38.18012422360248
2004,2021-06-25 18:03:16,2021-06-25 18:27:46,76.0,97.6,120.4083117283951,39.53378378378378,36.554054054054056
2005,2021-06-26 14:47:53,2021-06-26 15:16:53,28.4,52.8,118.87352214253187,36.36571428571428,34.57714285714286
2006,2021-06-26 15:17:14,2021-06-26 15:46:44,53.2,78.4,117.04475121252204,38.646067415730336,36.764044943820224
2007,2021-06-26 15:47:05,2021-06-26 16:07:45,78.8,95.6,119.43039252645504,39.0,37.0
2008,2021-06-27 02:01:21,2021-06-27 02:21:01,55.6,72.0,120.32944266598918,34.51260504201681,32.66386554621849
2009,2021-06-27 02:21:22,2021-06-27 02:42:12,72.4,89.6,121.47771761950914,35.26984126984127,33.44444444444444
2010,2021-06-27 11:19:38,2021-06-27 11:40:58,67.2,85.2,118.8773236882716,35.10077519379845,33.84496124031008
2011,2021-06-27 21:16:47,2021-06-27 21:36:37,61.6,78.0,121.01119673102987,34.791666666666664,33.041666666666664
2012,2021-06-27 21:36:58,2021-06-27 21:55:28,78.4,93.6,121.84120522660827,35.517857142857146,34.0
2013,2021-06-28 14:45:38,2021-06-28 16:09:19,24.8,94.8,118.56640654365083,37.31369426751592,35.711783439490446
2014,2021-06-29 09:54:35,2021-06-29 10:23:15,37.2,65.6,117.81446229460097,33.36416184971098,32.26011560693642
2015,2021-06-29 10:23:36,2021-06-29 10:51:36,66.0,93.2,119.96324218749999,36.10059171597633,34.83431952662722
2016,2021-06-29 19:39:25,2021-06-29 20:07:35,19.2,42.8,119.13957968455745,38.470588235294116,36.694117647058825
2017,2021-06-29 20:07:56,2021-06-29 20:40:26,43.2,70.4,119.23610620915032,41.0,39.0969387755102
2018,2021-06-29 20:40:47,2021-06-29 21:11:37,70.8,95.6,121.09037589605735,42.27956989247312,40.03225806451613
2019,2021-06-30 17:11:01,2021-06-30 17:39:51,45.2,70.0,116.0461346326165,36.11494252873563,34.85632183908046
2020,2021-06-30 17:40:12,2021-06-30 17:59:52,70.0,86.8,116.90474735449735,37.67226890756302,36.142857142857146
2021,2021-07-01 00:03:05,2021-07-01 00:31:05,40.0,68.0,116.83632619047621,37.06508875739645,35.22485207100592
2022,2021-07-01 02:42:34,2021-07-01 02:59:04,71.6,87.6,120.31771302083337,38.5,36.68
2023,2021-07-01 16:19:45,2021-07-01 17:59:26,6.4,97.6,120.00467386848197,43.537433155080215,41.644385026737964
2024,2021-07-02 00:26:36,2021-07-02 00:52:46,32.0,57.6,119.20464539930555,40.06962025316456,37.462025316455694
2025,2021-07-02 00:53:07,2021-07-02 01:23:47,58.0,88.0,119.15555898148152,42.75135135135135,40.22702702702703
2026,2021-07-02 14:24:53,2021-07-02 16:04:51,5.2,88.8,119.5770220826688,40.029333333333334,38.25066666666667
2027,2021-07-02 21:25:55,2021-07-02 21:46:05,31.2,38.4,119.9730405092593,40.0,38.0
2028,2021-07-02 21:46:26,2021-07-02 22:04:46,38.4,44.8,122.6997005208334,40.0,38.0
2029,2021-07-02 22:05:07,2021-07-02 22:25:07,45.2,52.4,118.98152777777788,40.65289256198347,38.0
2030,2021-07-02 22:25:28,2021-07-02 22:46:28,52.4,60.0,118.35530921052634,41.0,38.63779527559055
2031,2021-07-02 22:46:49,2021-07-02 23:09:49,60.4,68.4,123.1458812499999,41.0,39.0
2032,2021-07-02 23:10:10,2021-07-02 23:32:00,68.8,76.8,116.89935104166665,41.0,38.39393939393939
2033,2021-07-02 23:32:21,2021-07-02 23:52:01,76.8,83.6,123.88076715686285,41.0,38.0
2034,2021-07-02 23:52:22,2021-07-03 00:13:32,84.0,91.2,125.92211689814816,40.234375,38.0
2035,2021-07-03 00:13:53,2021-07-03 00:32:13,91.2,97.6,122.69970052083355,40.0,38.0
2036,2021-07-03 05:20:06,2021-07-03 06:30:43,40.0,97.6,120.20549475549768,39.19056603773585,36.25283018867925
2037,2021-07-03 18:05:32,2021-07-03 18:22:42,22.0,38.8,119.27910681216933,38.82692307692308,37.08653846153846
2038,2021-07-05 16:25:40,2021-07-05 16:42:50,58.8,75.6,119.16832440476195,42.30769230769231,40.67307692307692
2039,2021-07-06 01:20:41,2021-07-06 01:50:51,40.4,70.0,118.83163841966966,39.72527472527472,37.46153846153846
2040,2021-07-06 01:51:12,2021-07-06 02:20:12,70.4,96.8,120.06102299031991,41.48571428571429,39.0
2041,2021-07-06 11:22:53,2021-07-06 11:40:13,58.0,68.8,117.20423816872434,36.87619047619047,35.0
2042,2021-07-06 20:18:30,2021-07-06 20:37:20,19.6,38.0,119.46256521739133,40.19298245614035,38.10526315789474
2043,2021-07-06 20:37:41,2021-07-06 20:55:11,38.4,55.6,118.74758212209298,41.85849056603774,39.66981132075472
2044,2021-07-06 20:55:32,2021-07-06 21:14:32,56.0,74.4,120.52914228562798,43.721739130434784,41.643478260869564
2045,2021-07-06 21:14:53,2021-07-06 21:31:33,74.8,90.0,121.93255829678363,44.73267326732673,42.42574257425743
2046,2021-07-07 04:18:34,2021-07-07 05:15:10,38.4,93.6,119.65630262177942,40.06117647058824,37.237647058823526
2047,2021-07-07 16:24:58,2021-07-07 17:00:45,38.0,73.2,118.4571942511048,36.46096654275093,35.1449814126394
2048,2021-07-07 22:15:17,2021-07-07 22:36:07,44.0,61.6,117.54894255050505,37.023809523809526,35.42063492063492
2049,2021-07-07 22:36:28,2021-07-07 22:59:08,62.0,80.4,117.27884737318837,38.70802919708029,36.98540145985402
2050,2021-07-08 03:54:38,2021-07-08 04:12:08,49.2,64.0,116.7896150525526,37.24528301886792,34.22641509433962
2051,2021-07-08 12:24:29,2021-07-08 12:42:59,34.8,50.4,119.29310113960116,37.375,34.830357142857146
2052,2021-07-08 12:43:20,2021-07-08 13:02:10,50.8,66.8,115.1675472222222,39.13157894736842,36.80701754385965
2053,2021-07-08 13:02:31,2021-07-08 13:20:01,66.8,80.8,118.01786954365079,40.0,38.0
2054,2021-07-08 13:20:22,2021-07-08 13:38:22,81.2,94.8,121.00900347222228,40.60550458715596,38.15596330275229
2055,2021-07-08 20:01:33,2021-07-08 20:23:03,54.8,75.6,119.23546267361114,41.04615384615385,39.146153846153844
2056,2021-07-09 12:18:14,2021-07-09 12:34:44,64.4,80.4,120.43230130208337,39.52,37.69
2057,2021-07-09 22:53:47,2021-07-09 23:13:37,18.8,32.0,116.03958638468015,39.266666666666666,38.0
2058,2021-07-09 23:13:58,2021-07-09 23:32:58,32.0,44.4,117.09230208333337,40.31304347826087,38.47826086956522
2059,2021-07-09 23:33:19,2021-07-09 23:52:09,44.8,56.4,122.32758920019154,41.473684210526315,39.51754385964912
2060,2021-07-09 23:52:30,2021-07-10 00:13:10,56.8,69.2,122.27263799283152,42.664,40.656
2061,2021-07-10 00:13:31,2021-07-10 00:33:11,69.6,81.2,120.7052365900382,43.0,41.0
2062,2021-07-10 00:33:32,2021-07-10 00:53:22,81.2,92.4,122.73811346726184,43.0,41.0
2063,2021-07-10 08:11:16,2021-07-10 08:30:16,79.6,90.4,121.3323199588476,36.0,34.0
2064,2021-07-10 11:48:40,2021-07-10 12:06:40,76.0,86.8,116.7952853652264,37.0,35.862385321100916
2065,2021-07-10 18:57:52,2021-07-10 19:16:32,55.6,73.2,116.41178385416666,46.39823008849557,43.95575221238938
2066,2021-07-10 19:16:53,2021-07-10 19:34:13,73.6,89.6,118.87414088541668,47.0,44.55238095238095
2067,2021-07-11 03:38:12,2021-07-11 03:55:42,18.0,36.0,113.67594251543211,39.094339622641506,36.31132075471698
2068,2021-07-11 04:12:04,2021-07-11 04:28:44,52.4,69.6,113.20737564599487,42.56435643564357,39.91089108910891
2069,2021-07-11 10:32:31,2021-07-11 12:10:45,14.8,97.6,116.45469893988192,41.91316146540027,39.45997286295794
2070,2021-07-11 19:32:29,2021-07-11 20:50:53,44.4,97.6,115.92926720864665,41.952542372881354,40.3864406779661
2071,2021-07-12 11:17:12,2021-07-12 11:45:52,38.0,67.6,113.35071457394899,39.03468208092485,37.72832369942196
2072,2021-07-12 11:46:13,2021-07-12 12:13:33,68.0,94.8,117.25749051616918,41.46060606060606,39.86060606060606
2073,2021-07-12 20:51:27,2021-07-12 21:51:59,38.8,97.6,115.84410252834468,40.8989010989011,38.995604395604396
2074,2021-07-13 06:18:10,2021-07-13 06:43:00,76.0,90.8,116.6488537912913,39.0,36.0
2075,2021-07-13 15:09:21,2021-07-13 16:09:15,44.8,94.0,115.4190791751355,41.65929203539823,40.08849557522124
2076,2021-07-13 23:29:42,2021-07-13 23:47:42,41.2,59.6,114.30556748188411,40.293577981651374,38.39449541284404
2077,2021-07-13 23:48:03,2021-07-14 00:06:13,60.0,78.4,115.35402702294687,42.25454545454546,39.91818181818182
2078,2021-07-14 04:22:22,2021-07-14 04:50:12,51.6,80.0,114.21555888106418,39.88095238095238,37.36309523809524
2079,2021-07-14 04:50:33,2021-07-14 05:10:23,80.0,97.6,117.41476357323239,41.0,38.075
2080,2021-07-14 13:14:09,2021-07-14 13:31:19,28.4,45.6,116.29522383720928,41.47115384615385,39.54807692307692
2081,2021-07-14 20:55:28,2021-07-14 21:15:28,34.0,51.2,116.53021963824288,43.00826446280992,41.099173553719005
2082,2021-07-14 21:32:30,2021-07-14 21:49:00,66.4,80.8,114.91610706018527,45.56,43.0
2083,2021-07-14 21:49:21,2021-07-14 22:10:11,80.8,96.4,117.95140420227914,46.0,43.0
2084,2021-07-15 06:56:35,2021-07-15 07:17:55,11.2,25.6,116.14198466435184,38.0,36.0
2085,2021-07-15 07:18:16,2021-07-15 07:38:46,26.0,40.0,113.46528412698412,38.25806451612903,36.104838709677416
2086,2021-07-15 07:39:07,2021-07-15 08:01:27,40.4,55.2,115.39040146396393,39.407407407407405,37.34814814814815
2087,2021-07-15 08:01:48,2021-07-15 08:26:18,55.2,70.8,116.34705617877496,40.70945945945946,38.62837837837838
2088,2021-07-15 08:26:39,2021-07-15 08:47:29,71.2,83.6,120.31362925627249,41.0,39.0
2089,2021-07-15 08:47:50,2021-07-15 09:08:10,84.0,95.6,122.03426400862077,41.0,39.0
2090,2021-07-15 20:07:57,2021-07-15 20:25:17,31.6,49.2,114.91477414772726,39.08571428571429,37.27619047619048
2091,2021-07-15 20:41:49,2021-07-15 20:58:19,65.6,82.0,117.35434222560971,42.21,40.44
2092,2021-07-16 03:58:27,2021-07-16 04:23:37,14.4,39.6,115.77547249779539,38.98026315789474,36.276315789473685
2093,2021-07-16 04:23:58,2021-07-16 04:54:38,40.0,70.8,115.47259704184707,41.52972972972973,38.962162162162166
2094,2021-07-16 04:54:59,2021-07-16 05:24:09,71.2,97.6,117.95719018308084,43.45454545454545,41.0
2095,2021-07-16 15:54:08,2021-07-16 16:15:48,19.2,41.2,114.62943339646463,41.412213740458014,39.3587786259542
2096,2021-07-16 16:16:09,2021-07-16 16:39:29,41.6,64.4,117.10223038499024,43.702127659574465,41.652482269503544
2097,2021-07-16 16:39:50,2021-07-16 17:00:40,64.8,83.6,116.96588851950354,45.0,43.0
2098,2021-07-16 17:01:01,2021-07-16 17:20:51,84.0,97.6,122.2763661151961,45.13333333333333,43.0
2099,2021-07-17 02:46:00,2021-07-17 03:36:59,30.4,82.8,113.48871128604752,35.234986945169716,32.60574412532637
2100,2021-07-17 07:58:19,2021-07-17 09:11:19,26.0,97.6,115.31240798223155,38.49452554744526,36.08029197080292
2101,2021-07-17 17:51:51,2021-07-17 18:10:11,46.4,58.4,114.44561400462968,39.0,37.06306306306306
2102,2021-07-17 18:10:32,2021-07-17 18:33:12,58.8,73.2,114.21586766975305,39.802919708029194,38.0
2103,2021-07-17 18:33:33,2021-07-17 18:53:33,73.2,85.2,117.27432465277776,40.0,38.0
2104,2021-07-17 18:53:54,2021-07-17 19:13:04,85.6,96.8,117.21851934523808,40.0,38.0
2105,2021-07-18 17:50:40,2021-07-18 18:12:00,26.8,48.4,115.55428600823043,38.945736434108525,36.93023255813954
2106,2021-07-18 18:12:21,2021-07-18 18:32:21,48.8,69.6,112.47931623931623,41.1900826446281,39.06611570247934
2107,2021-07-18 18:32:42,2021-07-18 18:51:52,69.6,89.2,114.38777140022674,42.0,40.0
2108,2021-07-19 13:38:02,2021-07-19 13:55:22,57.2,74.8,114.83112310606064,38.56190476190476,37.6
2109,2021-07-19 22:33:01,2021-07-19 23:02:01,28.8,54.0,114.98014880952385,35.96,33.92
2110,2021-07-19 23:02:22,2021-07-19 23:34:12,54.4,82.0,115.1997655495169,38.635416666666664,36.494791666666664
2111,2021-07-20 04:15:32,2021-07-20 04:35:02,28.8,48.4,116.00481193310657,39.3728813559322,36.398305084745765
2112,2021-07-20 04:35:23,2021-07-20 04:55:13,48.8,69.2,113.363283496732,41.59166666666667,38.575
2113,2021-07-20 04:55:34,2021-07-20 05:14:14,69.6,88.4,115.77718055555547,43.0,39.95575221238938
2114,2021-07-20 12:32:35,2021-07-20 13:37:23,36.4,90.8,115.02799376633988,37.7741273100616,35.04722792607803
2115,2021-07-20 20:12:05,2021-07-20 20:30:45,50.8,70.0,113.40133362268516,37.097345132743364,35.008849557522126
2116,2021-07-20 20:31:06,2021-07-20 20:49:56,70.4,89.2,116.81590130023642,38.18421052631579,36.0
2117,2021-07-21 13:55:09,2021-07-21 15:13:06,22.4,98.0,115.59790142673427,35.2457337883959,33.06484641638225
2118,2021-07-22 09:50:54,2021-07-22 11:15:48,15.2,97.6,116.51415883899676,36.0690737833595,34.96389324960754
2119,2021-07-22 20:13:36,2021-07-22 20:28:25,30.0,44.8,115.52724170420419,38.892857142857146,37.142857142857146
2120,2021-07-22 20:29:21,2021-07-22 21:11:54,44.0,86.4,115.85196677803981,41.825,39.775
2121,2021-07-23 12:27:26,2021-07-23 12:49:56,28.4,50.8,116.62018055555556,35.9485294117647,34.89705882352941
2122,2021-07-23 12:50:17,2021-07-23 13:10:47,51.2,72.0,114.50188982371799,38.58870967741935,37.475806451612904
2123,2021-07-23 17:41:32,2021-07-23 18:08:42,51.6,69.2,116.33367005997475,42.90853658536585,40.81707317073171
2124,2021-07-23 18:09:03,2021-07-23 18:38:13,69.6,87.6,116.92825833333336,43.35227272727273,41.53977272727273
2125,2021-07-24 11:48:16,2021-07-24 12:07:26,48.0,67.2,116.2716931423611,39.43103448275862,37.793103448275865
2126,2021-07-24 12:07:47,2021-07-24 12:25:37,67.6,85.6,115.39582445987652,41.18518518518518,39.52777777777778
2127,2021-07-24 19:11:08,2021-07-24 20:12:48,42.8,97.6,116.65780718775348,44.14254859611231,42.67818574514039
2128,2021-07-25 03:50:11,2021-07-25 04:06:51,25.6,36.8,113.60120808531751,40.386138613861384,37.91089108910891
2129,2021-07-25 04:07:12,2021-07-25 04:34:52,36.8,55.2,113.1370958635265,41.544910179640716,38.89221556886228
2130,2021-07-25 04:35:13,2021-07-25 05:03:43,55.6,73.6,114.88582739197537,42.93023255813954,40.0
2131,2021-07-25 05:04:04,2021-07-25 05:32:44,74.0,90.8,118.86658192791009,43.0,40.0
2132,2021-07-25 18:10:57,2021-07-25 18:28:37,48.4,60.4,110.40510601851854,44.11214953271028,42.14018691588785
2133,2021-07-25 18:45:40,2021-07-25 19:04:00,71.2,82.4,116.52408395337297,45.0,43.0
2134,2021-07-26 15:59:07,2021-07-26 17:57:05,22.4,97.6,115.48930439199172,41.40225988700565,39.53220338983051
2135,2021-07-27 15:07:58,2021-07-27 16:38:03,14.0,96.0,116.25512091632793,45.30917159763314,43.02958579881657
2136,2021-07-27 23:52:28,2021-07-28 00:24:18,41.6,74.0,114.58804488168724,41.755208333333336,39.635416666666664
2137,2021-07-28 12:23:42,2021-07-28 12:40:12,28.8,45.6,114.41385887896824,40.55,38.54
2138,2021-07-28 12:56:14,2021-07-28 13:13:24,62.0,79.6,113.54561908143947,43.875,41.88461538461539
2139,2021-07-28 23:40:32,2021-07-28 23:57:12,10.8,16.4,115.07941468253978,35.0,32.0
2140,2021-07-28 23:57:33,2021-07-29 00:14:13,16.8,22.4,115.07941468253978,34.118811881188115,32.0
2141,2021-07-29 00:14:34,2021-07-29 00:32:14,22.4,28.4,113.85190092592596,34.0,32.0
2142,2021-07-29 01:50:20,2021-07-29 02:07:10,54.8,59.6,135.57876215277773,36.0,34.0
2143,2021-07-29 02:23:32,2021-07-29 02:40:42,64.4,70.0,118.50203521825415,36.52884615384615,35.0
2144,2021-07-29 03:27:56,2021-07-29 03:45:06,84.8,90.0,127.63894391025642,36.0,35.0
2145,2021-07-29 03:45:27,2021-07-29 04:04:07,90.0,96.0,120.29171851851854,36.0,35.0
2146,2021-08-01 09:30:38,2021-08-01 09:48:58,35.2,51.2,115.29949140625003,31.675675675675677,30.54954954954955
2147,2021-08-01 09:49:19,2021-08-01 10:06:09,51.6,66.4,111.27816197447444,33.568627450980394,32.5
2148,2021-08-01 10:23:11,2021-08-01 10:41:21,80.4,94.4,119.0099337301587,35.336363636363636,34.0
2149,2021-08-01 22:44:27,2021-08-01 23:12:10,28.0,51.6,116.85512786016949,34.44642857142857,32.660714285714285
2150,2021-08-01 23:12:31,2021-08-01 23:42:41,52.0,78.4,113.67215709175082,37.25824175824176,35.362637362637365
2151,2021-08-01 23:43:02,2021-08-02 00:00:52,78.8,93.6,119.9080551801802,38.166666666666664,36.22222222222222
2152,2021-08-02 05:49:21,2021-08-02 06:17:31,54.4,83.2,114.89631360918209,36.794117647058826,34.411764705882355
2153,2021-08-02 15:51:23,2021-08-02 16:13:13,33.6,56.0,114.51760813492062,38.946969696969695,36.74242424242424
2154,2021-08-02 20:40:42,2021-08-02 22:17:14,25.2,97.6,114.8675707160835,40.215172413793105,38.01793103448276
2155,2021-08-03 11:43:57,2021-08-03 13:15:18,8.400001,97.6,116.0618176906532,40.001457725947525,38.511661807580175
2156,2021-08-04 08:33:16,2021-08-04 09:35:52,36.0,97.6,114.53809713203465,33.84255319148936,32.66595744680851
2157,2021-08-05 06:32:24,2021-08-05 07:49:34,20.0,97.2,114.04549039471792,33.99654576856649,32.87219343696027
2158,2021-08-06 07:16:26,2021-08-06 07:58:38,49.2,91.6,115.93373582612685,32.61514195583596,31.697160883280755
2159,2021-08-06 18:59:27,2021-08-06 19:43:39,51.2,94.8,116.62344507836393,33.174698795180724,31.77409638554217
2160,2021-08-07 16:21:35,2021-08-07 16:55:25,52.0,86.0,115.36684011437907,37.338235294117645,35.8921568627451
2161,2021-08-08 02:47:03,2021-08-08 03:04:03,26.4,41.6,113.09120266812862,36.46601941747573,34.42718446601942
2162,2021-08-08 03:20:45,2021-08-08 03:41:01,56.0,73.2,113.60627727713175,39.666666666666664,37.67479674796748
2163,2021-08-08 12:14:41,2021-08-08 12:34:11,37.6,58.0,111.69663466775603,35.92372881355932,33.440677966101696
2164,2021-08-08 12:34:32,2021-08-08 12:51:52,58.0,76.0,112.45139544753087,38.0,35.63809523809524
2165,2021-08-08 12:52:13,2021-08-08 13:09:23,76.4,93.6,116.54878084625334,39.0,36.57692307692308
2166,2021-08-08 22:31:33,2021-08-08 22:48:23,43.2,60.4,114.32898280038768,39.754901960784316,37.44117647058823
2167,2021-08-08 22:48:44,2021-08-08 23:05:34,60.8,78.0,114.33140544250651,41.529411764705884,38.990196078431374
2168,2021-08-09 03:40:34,2021-08-09 03:59:24,45.2,64.8,114.06818927154198,40.28947368421053,37.35087719298246
2169,2021-08-09 06:55:57,2021-08-09 07:46:08,58.0,97.6,116.72100729868127,38.86737400530504,35.721485411140584
2170,2021-08-09 15:04:14,2021-08-09 15:59:01,21.2,76.8,114.81779594824143,36.58595641646489,33.46246973365617
2171,2021-08-09 20:06:01,2021-08-09 20:44:05,44.0,82.8,114.414494154496,35.149825783972126,32.073170731707314
2172,2021-08-10 11:41:41,2021-08-10 11:58:41,29.2,46.4,115.30523191214468,31.660194174757283,29.893203883495147
2173,2021-08-11 05:30:05,2021-08-11 06:20:09,49.6,97.6,115.31833018807873,31.5531914893617,30.590425531914892
2174,2021-08-11 13:03:02,2021-08-11 13:21:22,49.2,61.6,111.75179883512547,32.08108108108108,30.585585585585587
2175,2021-08-11 13:21:43,2021-08-11 13:42:53,62.0,76.0,115.61508531746031,33.4453125,31.9453125
2176,2021-08-11 21:12:19,2021-08-11 21:31:49,62.4,82.0,116.57741156462586,40.855932203389834,38.95762711864407
2177,2021-08-12 03:26:59,2021-08-12 04:34:32,31.6,97.6,115.26861683501686,38.562130177514796,36.053254437869825
2178,2021-08-12 16:48:56,2021-08-12 17:05:46,64.4,78.8,117.2588779899692,38.990196078431374,36.92156862745098
2179,2021-08-13 01:08:43,2021-08-13 01:27:13,61.6,80.0,117.4977498490339,35.375,33.63392857142857
2180,2021-08-13 01:27:34,2021-08-13 01:46:04,80.4,96.8,116.77084290311659,36.0,34.044642857142854
2181,2021-08-13 23:11:27,2021-08-14 00:01:29,36.8,87.6,114.8979430336833,35.65691489361702,33.901595744680854
2182,2021-08-14 23:21:39,2021-08-14 23:44:49,13.6,29.2,114.62518652065525,35.0,33.0
2183,2021-08-14 23:45:10,2021-08-15 00:09:00,29.6,45.2,116.14585274216526,35.36805555555556,33.59722222222222
2184,2021-08-15 00:09:21,2021-08-15 00:31:11,45.6,59.2,120.12869015522874,36.64393939393939,34.984848484848484
2185,2021-08-15 00:31:32,2021-08-15 00:52:52,59.6,72.0,125.26435069444446,37.906976744186046,36.17829457364341
2186,2021-08-15 03:22:55,2021-08-15 03:58:33,55.2,91.2,115.57257781250001,37.541044776119406,35.451492537313435
2187,2021-08-15 16:32:30,2021-08-15 16:52:20,52.0,69.2,115.20832315891467,34.775,33.05
2188,2021-08-15 16:52:41,2021-08-15 17:11:31,69.6,85.6,117.58766154513889,36.0,34.0
2189,2021-08-16 02:48:54,2021-08-16 03:11:54,15.6,36.0,115.03677648420481,35.58273381294964,33.388489208633096
2190,2021-08-16 03:12:15,2021-08-16 03:40:55,36.4,61.2,114.97873095878136,37.127167630057805,35.2485549132948
2191,2021-08-16 03:41:16,2021-08-16 04:12:46,61.2,87.2,114.35150742521363,38.94736842105263,36.99473684210526
2192,2021-08-16 17:59:50,2021-08-16 18:28:50,21.6,50.8,115.81097226978694,37.76571428571429,35.83428571428571
2193,2021-08-16 18:29:11,2021-08-16 18:55:11,51.2,78.0,113.04984520107794,40.53503184713376,38.63694267515923
2194,2021-08-16 18:55:32,2021-08-16 19:16:32,78.4,96.8,119.62408831521742,41.811023622047244,39.75590551181102
2195,2021-08-17 02:24:05,2021-08-17 02:51:55,46.4,74.4,113.73016755952379,37.17261904761905,34.67261904761905
2196,2021-08-17 02:52:16,2021-08-17 03:17:56,74.4,97.6,116.79478831417629,38.619354838709675,36.0
2197,2021-08-17 13:43:31,2021-08-17 14:02:51,45.6,65.6,112.85139840277785,39.034188034188034,37.136752136752136
2198,2021-08-17 14:03:12,2021-08-17 14:20:32,66.0,83.6,114.92346362058088,40.666666666666664,38.79047619047619
2199,2021-08-17 21:47:04,2021-08-17 22:09:04,30.4,46.0,117.9371673789174,38.41353383458647,37.233082706766915
2200,2021-08-17 22:09:25,2021-08-17 22:33:25,46.4,64.0,114.03884848484849,40.02068965517241,38.36551724137931
2201,2021-08-17 22:33:46,2021-08-17 22:58:36,64.4,82.4,115.41900447530867,41.0,39.0
2202,2021-08-17 22:58:57,2021-08-17 23:20:37,82.8,97.6,120.1285904654655,41.0,38.55725190839695
2203,2021-08-18 06:48:31,2021-08-18 07:06:01,74.8,90.0,114.5577679093567,39.0,36.45283018867924
2204,2021-08-18 20:36:25,2021-08-18 20:55:25,44.8,57.6,110.7877664930555,34.208695652173915,32.6
2205,2021-08-18 20:55:46,2021-08-18 21:15:56,57.6,70.4,114.26867154947915,35.49180327868852,33.90983606557377
2206,2021-08-18 21:37:38,2021-08-18 21:56:18,81.6,92.8,115.23066964285714,36.0,34.902654867256636
2207,2021-08-19 15:12:32,2021-08-19 16:38:15,15.2,88.4,114.91597588228598,39.40902021772939,37.530326594090205
2208,2021-08-20 15:14:53,2021-08-20 15:31:53,17.6,32.4,115.06383258258259,35.0,33.05825242718446
2209,2021-08-20 15:32:14,2021-08-20 15:50:14,32.8,48.4,115.5698190883191,36.3394495412844,34.559633027522935
2210,2021-08-20 15:50:35,2021-08-20 16:08:25,48.8,64.8,111.61025824652778,38.28703703703704,36.666666666666664
2211,2021-08-20 16:08:46,2021-08-20 16:27:06,64.8,80.8,114.77171944444444,39.63963963963964,38.027027027027025
2212,2021-08-21 01:02:37,2021-08-21 01:19:57,40.0,57.6,114.86427477904041,37.647619047619045,36.180952380952384
2213,2021-08-21 06:37:14,2021-08-21 06:53:44,29.2,43.6,114.56404128086417,36.55,34.38
2214,2021-08-21 06:54:05,2021-08-21 07:13:05,44.0,60.8,113.0704340277778,38.28695652173913,36.07826086956522
2215,2021-08-21 07:13:26,2021-08-21 07:31:26,61.2,76.8,115.37214975071228,39.79816513761468,37.62385321100918
2216,2021-08-21 07:31:47,2021-08-21 07:51:17,77.2,94.0,116.07969659391534,40.09322033898305,38.0
2217,2021-08-21 16:27:56,2021-08-21 16:48:44,33.6,47.2,117.96968538602945,40.904761904761905,39.404761904761905
2218,2021-08-21 20:45:46,2021-08-21 21:05:56,15.6,36.0,115.61684647331154,40.00819672131148,38.27049180327869
2219,2021-08-21 21:06:17,2021-08-21 21:28:07,36.4,58.8,114.0377146577381,41.71969696969697,39.97727272727273
2220,2021-08-21 21:34:24,2021-08-21 21:54:44,65.2,85.6,116.60813208061008,43.96747967479675,42.0
2221,2021-08-22 19:15:38,2021-08-22 19:32:18,36.0,52.8,116.44674718915344,38.0990099009901,36.40594059405941
2222,2021-08-22 19:32:39,2021-08-22 19:49:19,53.2,70.4,113.74191359819118,40.198019801980195,38.59405940594059
2223,2021-08-23 00:44:04,2021-08-23 01:00:44,60.0,74.4,116.13426909722217,40.0,38.0
2224,2021-08-23 01:01:05,2021-08-23 01:19:05,74.8,90.4,115.74253160612528,40.73394495412844,38.0
2225,2021-08-23 06:46:46,2021-08-23 07:04:16,73.2,88.4,114.00400365497075,38.0,35.0
2226,2021-08-23 17:11:48,2021-08-23 18:42:18,7.2,92.8,115.92693079082296,44.963181148748156,43.18409425625921
2227,2021-08-24 16:39:01,2021-08-24 16:55:41,58.8,73.2,115.59605034722217,38.584158415841586,37.633663366336634
2228,2021-08-24 16:56:02,2021-08-24 17:14:32,73.6,89.6,115.57551588541668,39.339285714285715,38.330357142857146
2229,2021-08-25 23:22:57,2021-08-25 23:39:47,27.6,44.8,114.58738969638249,36.26470588235294,34.68627450980392
2230,2021-08-25 23:40:08,2021-08-25 23:58:18,45.2,63.6,115.60086292270535,38.2,36.80909090909091
2231,2021-08-25 23:58:39,2021-08-26 00:17:29,64.0,83.2,114.84376765046298,39.89473684210526,38.421052631578945
2232,2021-08-26 00:17:50,2021-08-26 00:35:00,83.6,97.6,122.05259811507936,40.75,39.0
2233,2021-08-26 14:32:58,2021-08-26 14:51:38,28.0,46.8,115.79122613770687,38.64601769911504,36.415929203539825
2234,2021-08-26 14:51:59,2021-08-26 15:09:49,47.2,65.6,112.97328102355078,40.898148148148145,38.75
2235,2021-08-26 15:10:10,2021-08-26 15:28:50,66.0,85.2,113.29716898148148,42.3716814159292,40.1858407079646
2236,2021-08-27 01:09:09,2021-08-27 02:06:10,27.6,85.6,114.63436495689656,38.481308411214954,36.768691588785046
2237,2021-08-27 04:21:04,2021-08-27 04:43:54,52.4,72.0,116.46895982142856,39.71739130434783,37.094202898550726
2238,2021-08-27 04:44:15,2021-08-27 05:05:35,72.4,90.8,115.96543108393726,40.70542635658915,38.0
2239,2021-08-27 11:56:46,2021-08-27 12:40:49,40.8,85.6,114.44811337425598,38.700906344410875,36.32628398791541
2240,2021-08-27 22:08:38,2021-08-27 22:34:38,18.0,44.4,114.54337605218858,36.48407643312102,34.69426751592356
2241,2021-08-27 22:34:59,2021-08-27 23:05:09,44.8,75.6,113.90830785533912,39.527472527472526,37.565934065934066
2242,2021-08-27 23:05:30,2021-08-27 23:30:00,76.0,97.6,118.76417219650213,41.0,39.0
2243,2021-08-28 06:00:05,2021-08-28 06:19:25,17.6,37.2,115.04463938492063,36.111111111111114,33.14529914529915
2244,2021-08-28 06:19:46,2021-08-28 06:38:36,37.6,56.8,114.32073473668984,37.824561403508774,34.90350877192982
2245,2021-08-28 06:38:57,2021-08-28 06:59:57,57.2,78.4,115.4389285901467,39.74803149606299,36.811023622047244
2246,2021-08-28 13:49:19,2021-08-28 14:06:39,17.6,28.4,117.86395306069961,38.05714285714286,37.0
2247,2021-08-28 14:07:00,2021-08-28 14:26:20,28.8,40.0,116.1508136160714,39.1025641025641,37.495726495726494
2248,2021-08-28 14:26:41,2021-08-28 14:43:51,40.4,50.0,115.71182349537037,40.18269230769231,38.60576923076923
2249,2021-08-28 14:44:12,2021-08-28 15:01:52,50.0,59.6,109.73380931712961,41.11214953271028,39.60747663551402
2250,2021-08-28 15:02:13,2021-08-28 15:20:33,60.0,68.8,114.02464299242428,42.0,40.08108108108108
2251,2021-08-28 15:20:54,2021-08-28 15:37:34,68.8,76.4,109.55228453947359,42.0,40.68316831683168
2252,2021-08-28 20:50:22,2021-08-28 21:08:32,33.2,51.6,115.80087250905797,39.89090909090909,37.49090909090909
2253,2021-08-28 21:08:53,2021-08-28 21:27:03,52.0,70.8,113.33111576536645,42.10909090909091,39.445454545454545
2254,2021-08-28 21:27:24,2021-08-28 21:45:54,71.2,89.6,117.82837749094209,43.07142857142857,40.19642857142857
2255,2021-08-29 02:59:52,2021-08-29 03:41:07,39.2,81.2,114.28166127314816,39.83548387096774,36.88709677419355
2256,2021-08-29 07:30:37,2021-08-29 08:24:57,45.6,97.6,116.40075126068379,37.59313725490196,35.1764705882353
2257,2021-08-29 17:16:15,2021-08-29 17:33:45,33.6,51.6,113.08027129629635,38.70754716981132,37.216981132075475
2258,2021-08-29 17:34:06,2021-08-29 17:54:16,51.6,72.4,112.72571808226492,40.967213114754095,39.450819672131146
2259,2021-08-29 17:54:37,2021-08-29 18:16:17,72.8,94.4,116.45321064814812,42.091603053435115,40.70229007633588
2260,2021-08-30 13:38:29,2021-08-30 13:59:09,44.8,65.6,115.9636779059829,37.46153846153846,35.532051282051285
2261,2021-08-30 16:39:15,2021-08-30 17:37:03,42.0,97.6,116.19946943695045,39.29723502304147,37.546082949308754
2262,2021-08-31 02:13:12,2021-08-31 02:30:32,58.0,76.0,112.15740277777779,39.42857142857143,37.285714285714285
2263,2021-08-31 13:01:32,2021-08-31 14:02:33,12.8,66.0,115.10754626409773,35.456331877729255,33.84061135371179
2264,2021-08-31 21:14:52,2021-08-31 21:33:32,18.8,35.2,114.05658316395663,36.0,34.35398230088496
2265,2021-08-31 21:33:53,2021-08-31 21:53:13,35.6,52.4,115.45139740410058,37.27350427350427,35.717948717948715
2266,2021-08-31 21:53:34,2021-08-31 22:13:14,52.8,69.2,120.30657206978317,39.03361344537815,37.49579831932773
2267,2021-08-31 22:13:35,2021-08-31 22:33:35,69.6,86.4,119.40310780423273,40.0,38.0
2268,2021-09-01 13:31:04,2021-09-01 14:00:54,20.4,50.4,115.40788662037038,36.93888888888889,34.90555555555556
2269,2021-09-01 14:01:15,2021-09-01 14:33:15,50.8,83.2,114.63821947873798,40.248704663212436,38.233160621761655
2270,2021-09-01 14:33:36,2021-09-01 14:50:16,83.6,97.6,117.45041666666667,41.0,39.0
2271,2021-09-02 11:41:55,2021-09-02 12:48:33,26.8,84.0,114.50821888354699,35.324,33.334
2272,2021-09-03 02:18:03,2021-09-03 02:36:43,30.8,42.8,117.24192546296301,37.23893805309734,35.07079646017699
2273,2021-09-03 02:37:04,2021-09-03 02:57:04,43.2,56.4,112.58104471801352,38.37190082644628,36.256198347107436
2274,2021-09-03 02:57:25,2021-09-03 03:15:45,56.4,68.0,114.40255735153258,39.414414414414416,37.01801801801802
2275,2021-09-03 03:16:06,2021-09-03 03:37:06,68.4,81.2,115.1877371961806,40.0,37.38582677165354
2276,2021-09-03 03:37:27,2021-09-03 03:58:27,81.2,93.6,115.50068201164888,40.0,37.968503937007874
2277,2021-09-03 12:44:40,2021-09-03 13:39:01,27.2,82.4,114.74929847020935,40.71813725490196,38.875
2278,2021-09-03 20:46:57,2021-09-03 21:05:37,16.4,35.2,115.39821387411344,40.15929203539823,38.4070796460177
2279,2021-09-03 21:05:58,2021-09-03 21:32:58,35.6,62.8,115.28647487745101,42.33742331288344,40.306748466257666
2280,2021-09-04 09:55:03,2021-09-04 10:13:13,40.4,52.4,114.48612870370371,33.89090909090909,32.82727272727273
2281,2021-09-04 10:13:34,2021-09-04 10:32:14,52.8,64.8,115.03358541666667,35.36283185840708,34.3716814159292
2282,2021-09-04 10:32:35,2021-09-04 10:50:05,65.2,76.0,116.39019688786011,36.0,35.0
2283,2021-09-04 15:15:21,2021-09-04 15:43:15,67.6,84.4,118.5005104497354,39.96666666666667,38.41428571428571
2284,2021-09-04 21:04:09,2021-09-04 21:22:19,52.4,70.8,114.62712967995175,41.00909090909091,39.19090909090909
2285,2021-09-04 21:22:40,2021-09-04 21:41:20,71.2,89.6,117.85177053140103,42.14159292035398,40.31858407079646
2286,2021-09-05 16:40:37,2021-09-05 17:10:37,43.6,70.0,114.64384022516836,39.729281767955804,38.248618784530386
2287,2021-09-05 17:10:58,2021-09-05 17:40:08,70.4,95.2,117.90826876120073,41.0,39.42613636363637
2288,2021-09-06 11:11:18,2021-09-06 11:34:08,12.0,32.0,114.08193597222223,37.0,35.02173913043478
2289,2021-09-06 11:34:29,2021-09-06 11:52:09,32.4,47.6,116.0727183845029,37.626168224299064,36.38317757009346
2290,2021-09-06 11:52:30,2021-09-06 12:13:00,48.0,66.0,113.70677191358025,39.354838709677416,38.08870967741935
2291,2021-09-06 12:13:21,2021-09-06 12:32:51,66.0,83.2,113.18312063953482,40.23728813559322,39.0
2292,2021-09-06 18:47:49,2021-09-06 19:13:19,16.8,39.2,115.95735447668648,38.92857142857143,36.142857142857146
2293,2021-09-06 19:13:40,2021-09-06 19:44:10,39.6,66.0,114.21612999789564,40.91847826086956,38.07608695652174
2294,2021-09-06 19:44:31,2021-09-06 20:15:11,66.4,90.8,117.53302578551916,42.28648648648649,39.01081081081081
2295,2021-09-07 04:17:13,2021-09-07 04:39:23,12.0,34.4,114.82578236607144,34.97014925373134,32.343283582089555
2296,2021-09-07 04:39:44,2021-09-07 05:02:54,34.8,58.4,114.22258892419966,36.94285714285714,34.55
2297,2021-09-07 05:03:15,2021-09-07 05:32:25,58.8,88.0,116.23716909246575,39.5625,37.1875
2298,2021-09-07 17:09:35,2021-09-07 17:26:35,22.8,40.0,115.53942215762278,40.66990291262136,38.66019417475728
2299,2021-09-07 17:37:40,2021-09-07 17:57:00,51.2,70.8,115.27354024943315,43.60683760683761,41.623931623931625
2300,2021-09-07 18:05:55,2021-09-07 18:24:35,80.0,95.6,119.6875140669516,44.85840707964602,43.0
2301,2021-09-08 14:00:57,2021-09-08 14:20:07,32.8,52.4,114.34808871882083,37.85344827586207,36.11206896551724
2302,2021-09-08 14:20:28,2021-09-08 14:37:58,52.8,70.8,113.66745192901237,39.91509433962264,38.367924528301884
2303,2021-09-08 14:38:19,2021-09-08 14:55:49,71.2,88.8,116.24291027462125,41.0,39.0
2304,2021-09-08 22:02:00,2021-09-08 23:09:20,32.0,97.6,115.718166148374,40.90909090909091,39.12845849802372
2305,2021-09-09 15:40:31,2021-09-09 16:15:54,18.8,54.4,115.87102480493134,40.82330827067669,38.93609022556391
2306,2021-09-09 16:16:13,2021-09-09 16:58:32,54.8,93.2,115.61824421657987,44.644654088050316,43.05345911949686
2307,2021-09-09 23:21:02,2021-09-09 23:38:52,61.2,79.2,115.68827986111114,41.842592592592595,39.583333333333336
2308,2021-09-11 00:17:34,2021-09-11 00:34:34,26.0,43.2,115.31734568798448,34.89320388349515,33.46601941747573
2309,2021-09-11 00:34:55,2021-09-11 00:52:35,43.6,61.6,114.58565594135803,37.1588785046729,35.74766355140187
2310,2021-09-11 13:48:36,2021-09-11 14:10:46,60.4,82.8,115.6034338541667,36.19760479041916,34.77245508982036
2311,2021-09-13 09:14:08,2021-09-13 10:35:58,29.6,97.6,115.19012536764708,36.74267100977199,35.387622149837135
2312,2021-09-15 14:05:57,2021-09-15 15:41:00,5.2,97.6,116.07029310966811,41.747545582047685,39.847124824684435
2313,2021-09-15 23:14:51,2021-09-16 00:29:45,11.6,76.4,115.10119847822358,41.58540925266904,38.95195729537367
2314,2021-09-16 05:30:34,2021-09-16 05:48:14,20.0,38.0,114.52238387345683,39.16822429906542,36.26168224299065
2315,2021-09-16 06:21:07,2021-09-16 06:39:47,71.2,89.6,118.37259450483097,43.19469026548673,40.78761061946903
2316,2021-09-16 13:39:46,2021-09-16 14:10:36,53.2,80.0,114.97926326699834,41.62903225806452,39.68817204301075
2317,2021-09-16 14:10:57,2021-09-16 14:32:47,80.4,97.6,118.31234350775202,42.553030303030305,40.88636363636363
2318,2021-09-16 21:57:34,2021-09-16 23:01:12,33.2,96.0,115.25019112039988,39.62133891213389,37.35355648535565
2319,2021-09-17 12:06:50,2021-09-17 12:25:10,80.4,88.8,117.46695072751336,37.0,36.0
2320,2021-09-17 17:37:20,2021-09-17 18:34:12,23.2,81.2,114.19574305076627,40.69789227166277,38.79859484777518
2321,2021-09-17 22:23:58,2021-09-17 22:49:58,68.0,90.4,115.0706811755952,39.0,37.0
2322,2021-09-18 05:23:30,2021-09-18 05:42:00,37.2,53.2,116.17884157986114,36.357142857142854,34.089285714285715
2323,2021-09-18 05:42:21,2021-09-18 06:13:51,53.6,81.2,114.81984943639291,38.51578947368421,36.294736842105266
2324,2021-09-18 06:14:12,2021-09-18 06:32:32,81.6,96.4,118.34740606231217,39.26126126126126,37.0
2325,2021-09-18 13:37:41,2021-09-18 13:56:41,44.0,63.6,112.94358517573697,40.504347826086956,38.721739130434784
2326,2021-09-18 13:57:02,2021-09-18 14:14:52,64.0,82.0,115.42745941358025,42.27777777777778,40.48148148148148
2327,2021-09-18 14:15:13,2021-09-18 14:33:13,82.4,97.6,119.69390396564339,43.0,41.0
2328,2021-09-19 08:41:26,2021-09-19 08:58:16,15.2,32.0,116.5021723710318,36.8235294117647,34.1764705882353
2329,2021-09-19 08:58:37,2021-09-19 09:18:17,32.4,52.0,116.64685062358282,38.09243697478992,35.924369747899156
2330,2021-09-19 09:18:38,2021-09-19 09:40:18,52.4,74.4,114.47666483585857,40.52671755725191,38.38167938931298
2331,2021-09-19 09:40:39,2021-09-19 10:00:49,74.8,94.4,116.76377132936504,41.97540983606557,39.58196721311475
2332,2021-09-19 19:48:46,2021-09-19 20:05:46,24.4,41.6,115.11546665051675,38.980582524271846,37.50485436893204
2333,2021-09-19 20:06:07,2021-09-19 20:23:07,42.0,59.2,115.11788969638239,41.00970873786408,39.55339805825243
2334,2021-09-19 20:23:28,2021-09-19 20:41:18,59.6,78.0,112.907601147343,42.870370370370374,41.4537037037037
2335,2021-09-19 20:41:39,2021-09-19 20:59:39,78.0,95.2,117.23190277777778,44.0,42.0
2336,2021-09-20 20:51:45,2021-09-20 21:08:45,20.8,35.6,115.08727862237238,36.13592233009709,34.41747572815534
2337,2021-09-20 21:09:06,2021-09-20 21:28:56,35.6,53.2,112.95454813762629,37.708333333333336,36.11666666666667
2338,2021-09-20 21:29:17,2021-09-20 21:52:07,53.6,73.6,114.38889618055556,39.65217391304348,38.17391304347826
2339,2021-09-20 21:52:28,2021-09-20 22:11:08,74.0,90.0,116.89323689236113,40.80530973451327,39.0
2340,2021-09-21 05:10:19,2021-09-21 05:33:29,12.4,32.8,113.77519927832248,37.05714285714286,35.0
2341,2021-09-21 05:33:50,2021-09-21 05:53:50,33.2,50.4,116.61176259689925,38.446280991735534,35.81818181818182
2342,2021-09-21 05:54:11,2021-09-21 06:12:01,50.8,66.4,114.6412107371794,40.21296296296296,37.55555555555556
2343,2021-09-21 06:12:22,2021-09-21 06:30:12,66.4,82.0,114.56642574786326,41.0,38.620370370370374
2344,2021-09-21 13:19:09,2021-09-21 14:04:16,49.2,94.4,115.90014103367747,41.365781710914455,39.3834808259587
2345,2021-09-22 01:12:53,2021-09-22 01:43:23,36.8,64.0,112.88346349060457,38.016304347826086,35.755434782608695
2346,2021-09-22 01:43:44,2021-09-22 02:12:14,64.4,89.2,115.8070046482975,40.0,37.843023255813954
2347,2021-09-22 19:24:32,2021-09-22 19:48:51,21.2,42.8,114.09299119084363,38.326530612244895,36.51700680272109
2348,2021-09-22 19:49:12,2021-09-22 20:10:01,42.8,61.2,111.90807233544682,40.06299212598425,38.55118110236221
2349,2021-09-22 20:10:22,2021-09-22 20:46:47,61.6,91.2,115.41564672484985,41.40909090909091,40.0
2350,2021-09-23 05:51:25,2021-09-23 06:09:25,55.6,70.8,118.3415746527778,34.293577981651374,32.788990825688074
2351,2021-09-23 06:09:46,2021-09-23 06:29:16,71.2,88.0,116.08053315145503,35.0,33.610169491525426
2352,2021-09-23 13:06:00,2021-09-23 13:41:31,36.4,72.4,115.01639987654319,38.239700374531836,36.47191011235955
2353,2021-09-23 16:22:57,2021-09-23 16:39:27,49.2,66.0,113.91866377314818,37.9,36.12
2354,2021-09-24 12:01:10,2021-09-24 12:59:22,31.2,90.4,114.66085261589716,37.025171624713956,35.70022883295194
2355,2021-09-25 03:08:58,2021-09-25 04:25:35,12.4,90.0,115.12840381944444,37.82260869565217,36.28173913043478
2356,2021-09-26 00:39:32,2021-09-26 00:56:02,29.6,46.4,114.75943667328048,39.28,37.46
2357,2021-09-26 13:34:07,2021-09-26 14:42:51,16.0,85.6,115.40986315852493,41.62403100775194,40.19961240310077
2358,2021-09-26 23:19:47,2021-09-26 23:36:17,38.4,52.8,114.23035358796302,40.47,38.33
2359,2021-09-26 23:53:09,2021-09-27 00:10:59,67.6,82.8,117.06140423976605,43.0,40.342592592592595
2360,2021-09-27 14:16:54,2021-09-27 14:40:04,22.8,46.4,114.58628119114877,37.7,36.035714285714285
2361,2021-09-27 14:40:25,2021-09-27 15:04:55,46.8,72.0,113.42427485670193,40.722972972972975,39.12162162162162
2362,2021-09-27 19:10:20,2021-09-27 19:34:45,49.6,74.4,114.2555575436828,40.79347826086956,39.10326086956522
2363,2021-09-28 21:39:48,2021-09-28 22:04:28,18.0,39.6,115.60059696502059,38.261744966442954,37.11409395973154
2364,2021-09-28 22:04:49,2021-09-28 22:35:59,40.0,67.6,114.26179664855076,40.73936170212766,39.5
2365,2021-09-28 22:36:20,2021-09-28 23:03:00,68.0,91.2,116.26917624521073,42.77639751552795,41.0
2366,2021-09-29 12:20:23,2021-09-29 12:52:53,26.0,54.4,114.116314407277,38.13265306122449,36.41836734693877
2367,2021-09-29 12:53:14,2021-09-29 13:24:24,54.8,82.0,114.20040165441179,41.08510638297872,39.398936170212764
2368,2021-09-29 13:24:45,2021-09-29 13:43:55,82.0,97.2,118.30777704678361,42.0,40.38793103448276
2369,2021-09-29 20:11:20,2021-09-29 20:31:50,34.8,52.8,114.278562654321,41.12903225806452,39.17741935483871
2370,2021-09-29 20:54:12,2021-09-29 21:16:32,70.4,89.6,116.5842094907408,43.98518518518519,42.0
2371,2021-09-30 15:12:35,2021-09-30 15:35:15,34.8,58.4,113.2880453742938,40.14598540145985,38.03649635036496
2372,2021-09-30 15:35:36,2021-09-30 15:59:07,58.8,82.8,115.68693542824076,42.68531468531469,40.62937062937063
2373,2021-09-30 23:27:06,2021-10-01 00:02:45,35.6,71.6,115.34252275462964,40.42910447761194,38.25
2374,2021-10-01 03:00:47,2021-10-01 03:17:57,32.0,49.6,114.48784761679293,40.19230769230769,37.40384615384615
2375,2021-10-01 03:18:18,2021-10-01 03:46:58,49.6,79.6,112.30185425925929,42.72832369942196,40.04624277456647
2376,2021-10-01 03:47:19,2021-10-01 04:07:29,79.6,97.6,117.1126696759259,44.0,41.16393442622951
2377,2021-10-02 00:05:07,2021-10-02 00:23:17,48.0,64.4,110.83164549457989,34.31818181818182,32.50909090909091
2378,2021-10-02 00:23:38,2021-10-02 00:40:48,64.4,79.6,113.03272139985387,35.73076923076923,33.76923076923077
2379,2021-10-02 00:41:09,2021-10-02 00:59:19,80.0,95.2,118.52249332967834,36.0,34.0
2380,2021-10-02 16:22:20,2021-10-02 16:41:40,44.4,61.2,114.9024293981481,36.41025641025641,34.9059829059829
2381,2021-10-02 16:42:01,2021-10-02 17:02:21,61.6,79.2,115.3519392361111,37.926829268292686,36.72357723577236
2382,2021-10-02 17:02:42,2021-10-02 17:23:42,79.6,96.8,117.45315197028418,38.669291338582674,37.08661417322835
2383,2021-10-03 04:20:50,2021-10-03 04:38:20,46.4,64.4,113.41820910493826,36.160377358490564,34.735849056603776
2384,2021-10-03 04:38:41,2021-10-03 04:58:21,64.4,84.4,114.71805513888886,37.890756302521005,36.403361344537814
2385,2021-10-04 01:42:25,2021-10-04 02:29:25,44.0,91.2,116.09196124352637,36.17847025495751,34.623229461756374
2386,2021-10-04 20:07:19,2021-10-04 20:29:09,63.2,82.0,116.11775834810878,36.0,35.0
2387,2021-10-04 20:29:30,2021-10-04 20:47:50,82.4,96.8,117.41898148148155,36.5945945945946,35.08108108108108
2388,2021-10-05 03:55:34,2021-10-05 04:14:44,60.4,79.6,116.54225115740743,36.86206896551724,35.327586206896555
2389,2021-10-05 07:54:41,2021-10-05 08:11:41,74.8,92.0,115.74857323966408,38.0,35.81553398058252
2390,2021-10-05 15:29:57,2021-10-05 15:54:47,42.8,68.4,113.16352511935759,40.31333333333333,38.84
2391,2021-10-05 15:55:08,2021-10-05 16:18:38,68.8,92.4,116.08463270951033,42.028169014084504,40.65492957746479
2392,2021-10-05 23:37:31,2021-10-06 00:04:21,55.2,78.8,114.9570575564972,40.17901234567901,38.32716049382716
2393,2021-10-06 00:04:42,2021-10-06 00:28:02,78.8,97.6,117.4165386377069,41.0,39.0
2394,2021-10-06 23:25:21,2021-10-06 23:47:01,36.8,55.6,115.82672096631204,37.48854961832061,35.85496183206107
2395,2021-10-06 23:47:22,2021-10-07 00:04:42,56.0,71.2,114.60712737573103,39.285714285714285,37.65714285714286
2396,2021-10-07 03:30:25,2021-10-07 03:57:40,19.6,47.2,115.01288935688407,37.02439024390244,34.858536585365854
2397,2021-10-07 03:58:06,2021-10-07 04:50:02,47.6,97.6,115.53598093055557,40.48461538461538,37.84615384615385
2398,2021-10-07 11:01:26,2021-10-07 11:21:26,80.0,96.4,116.77847137533874,37.586776859504134,36.0
2399,2021-10-07 20:47:29,2021-10-07 21:05:29,40.4,58.8,114.1055228713768,38.8348623853211,37.642201834862384
2400,2021-10-07 21:05:50,2021-10-07 21:24:40,59.2,78.4,114.3699294704861,40.771929824561404,39.54385964912281
2401,2021-10-07 21:25:01,2021-10-07 21:43:21,78.8,96.0,117.71640148578808,41.91891891891892,40.0
2402,2021-10-08 07:27:52,2021-10-08 07:46:52,50.4,69.6,115.40074725115743,37.44347826086957,35.12173913043478
2403,2021-10-08 07:54:22,2021-10-08 08:11:52,77.6,94.4,119.38739393187822,39.0,36.58490566037736
2404,2021-10-08 17:26:56,2021-10-08 18:18:35,49.2,97.6,115.86379772153354,32.2680412371134,29.77577319587629
2405,2021-10-09 15:42:48,2021-10-09 16:02:58,64.0,84.4,115.15113276143786,30.69672131147541,29.34426229508197
2406,2021-10-10 17:33:46,2021-10-10 18:26:22,34.4,88.0,114.84055244610283,34.245569620253164,32.55949367088608
2407,2021-10-10 23:53:19,2021-10-11 00:14:19,60.0,73.6,113.36295843545756,34.0,31.1496062992126
2408,2021-10-11 00:14:40,2021-10-11 00:38:00,73.6,88.0,115.29901880787034,34.02836879432624,32.0
2409,2021-10-11 04:03:13,2021-10-11 04:28:13,61.6,83.6,113.978554229798,34.82781456953642,31.986754966887418
2410,2021-10-11 04:28:34,2021-10-11 04:46:04,84.0,97.6,118.97367667483665,35.0,32.820754716981135
2411,2021-10-11 14:48:29,2021-10-11 15:43:52,26.0,82.8,114.00984620011741,36.93990384615385,35.56971153846154
2412,2021-10-12 10:27:59,2021-10-12 11:52:37,13.6,97.6,114.34583271494712,30.955905511811025,29.563779527559056
2413,2021-10-12 20:25:25,2021-10-12 20:42:25,34.4,51.6,115.00244759366926,30.271844660194176,28.631067961165048
2414,2021-10-12 20:42:46,2021-10-12 21:10:56,52.0,80.8,113.81898124035499,32.99411764705882,31.3
2415,2021-10-12 21:11:17,2021-10-12 21:30:47,81.2,97.6,117.75069444444452,34.1271186440678,32.720338983050844
2416,2021-10-14 13:46:33,2021-10-14 14:05:43,37.2,56.8,113.97817545351481,32.87068965517241,31.017241379310345
2417,2021-10-14 17:18:04,2021-10-14 17:36:24,48.8,64.4,116.73791132478625,35.78378378378378,34.27927927927928
2418,2021-10-14 17:52:46,2021-10-14 18:10:56,78.4,94.0,115.69624430199434,37.654545454545456,36.0
2419,2021-10-15 20:03:18,2021-10-15 20:20:38,37.6,52.4,115.9515591216216,30.447619047619046,29.095238095238095
2420,2021-10-15 20:36:00,2021-10-15 20:52:40,65.6,80.0,114.56017361111105,33.26732673267327,32.0
2421,2021-10-15 20:53:01,2021-10-15 21:10:51,80.4,94.8,121.03682802854942,34.0,32.47222222222222
2422,2021-10-16 02:44:55,2021-10-16 03:04:05,22.8,42.4,114.27722144274377,32.11206896551724,28.71551724137931
2423,2021-10-16 03:04:26,2021-10-16 03:21:26,42.4,60.0,112.81013967803031,34.09708737864078,30.980582524271846
2424,2021-10-16 03:21:47,2021-10-16 03:40:17,60.4,79.2,114.91652851654852,35.892857142857146,32.848214285714285
2425,2021-10-16 03:40:38,2021-10-16 03:59:08,79.6,96.4,116.25497156084651,36.982142857142854,33.875
2426,2021-10-16 16:15:54,2021-10-16 17:06:39,16.8,68.8,113.83298881143162,31.73560209424084,30.531413612565444
2427,2021-10-16 17:06:59,2021-10-16 17:37:49,69.2,97.6,117.03624549589209,35.9698275862069,34.62068965517241
2428,2021-10-18 13:39:41,2021-10-18 13:58:01,50.4,69.6,110.76390198206023,28.37837837837838,27.0990990990991
2429,2021-10-18 18:53:54,2021-10-18 19:10:24,60.0,74.4,113.80884818672834,31.4,30.33
2430,2021-10-18 19:10:45,2021-10-18 19:30:25,74.8,91.6,116.24918708664028,32.0,31.0
2431,2021-10-21 12:19:54,2021-10-21 12:36:54,45.2,63.2,110.41436689814819,25.45631067961165,24.25242718446602
2432,2021-10-21 12:37:15,2021-10-21 12:55:05,63.2,81.6,113.21408001207733,27.59259259259259,26.52777777777778
2433,2021-10-21 17:46:09,2021-10-21 18:34:04,48.8,97.6,114.86081923668034,28.67222222222222,26.475
2434,2021-10-22 03:52:26,2021-10-22 04:13:46,58.0,79.6,114.56405915637859,23.968992248062015,22.248062015503876
2435,2021-10-22 10:26:07,2021-10-22 12:34:55,12.4,95.2,114.15012358762749,27.983436853002072,25.906832298136646
2436,2021-10-22 20:06:56,2021-10-22 20:41:44,70.4,97.6,114.84560187908501,26.16412213740458,25.087786259541986
2437,2021-10-23 00:39:55,2021-10-23 01:01:35,68.4,88.8,114.35867783224407,26.778625954198475,24.923664122137403
2438,2021-10-23 10:13:21,2021-10-23 10:34:41,76.8,95.2,112.98914764492748,23.53488372093023,22.271317829457363
2439,2021-10-23 20:08:25,2021-10-23 21:19:34,46.8,97.6,114.55885092410325,24.99812734082397,23.98689138576779
2440,2021-10-24 04:22:04,2021-10-24 04:38:34,27.2,44.0,115.44477868716933,25.74,23.65
2441,2021-10-24 04:38:55,2021-10-24 04:56:15,44.4,62.8,110.68538617149758,27.952380952380953,25.914285714285715
2442,2021-10-24 04:56:36,2021-10-24 05:13:16,63.2,80.4,113.84528310723512,29.831683168316832,27.722772277227723
2443,2021-10-24 05:13:37,2021-10-24 05:32:37,80.8,97.6,115.6059826388889,30.878260869565217,28.391304347826086
2444,2021-10-24 14:56:07,2021-10-24 15:18:37,28.0,47.6,114.00228387188207,28.46323529411765,27.16176470588235
2445,2021-10-24 15:25:26,2021-10-24 15:50:16,53.6,75.6,112.11365391414145,31.64,30.346666666666668
2446,2021-10-24 20:30:41,2021-10-24 22:12:16,27.6,93.2,113.45707990768969,32.11154855643045,30.078740157480315
2447,2021-10-26 08:48:51,2021-10-26 09:07:41,25.2,44.8,112.45324865362814,25.666666666666668,24.728070175438596
2448,2021-10-26 09:08:02,2021-10-26 09:25:52,45.2,63.2,115.93443155864198,28.15740740740741,27.25
2449,2021-10-26 09:26:13,2021-10-26 09:43:33,63.6,80.8,117.84320106589152,30.542857142857144,29.561904761904763
2450,2021-10-26 09:43:54,2021-10-26 10:01:44,81.2,97.2,119.62675260416668,31.65740740740741,30.694444444444443
2451,2021-10-27 04:39:26,2021-10-27 06:08:21,10.4,97.6,117.09666771948271,32.13643178410795,30.995502248875564
2452,2021-10-27 15:56:50,2021-10-27 16:22:20,46.8,69.2,112.94209343998011,33.435064935064936,32.1948051948052
2453,2021-10-27 16:22:41,2021-10-27 16:51:21,69.6,94.4,114.76871925403218,35.25433526011561,33.83236994219653
2454,2021-10-28 15:22:22,2021-10-28 15:51:52,60.4,86.4,114.44337970085465,34.235955056179776,32.80337078651685
2455,2021-10-28 23:45:44,2021-10-29 00:21:17,42.4,78.8,113.38337250457877,34.27985074626866,32.350746268656714
2456,2021-10-29 16:45:39,2021-10-29 18:01:52,12.8,91.6,113.59841636703327,36.62587412587413,35.09090909090909
2457,2021-11-01 15:33:52,2021-11-01 15:52:52,15.6,32.4,112.47521726190482,28.0,26.31304347826087
2458,2021-11-01 15:53:13,2021-11-01 16:11:13,32.4,48.4,111.91060902777778,29.321100917431192,27.91743119266055
2459,2021-11-01 16:11:34,2021-11-01 16:29:44,48.4,64.4,112.95488003472218,31.254545454545454,30.072727272727274
2460,2021-11-01 16:30:05,2021-11-01 16:49:25,64.8,81.2,117.27305487804878,32.88034188034188,31.743589743589745
2461,2021-11-01 23:47:58,2021-11-02 00:13:58,33.2,56.0,113.27365436159846,32.33757961783439,30.254777070063696
2462,2021-11-02 00:14:19,2021-11-02 00:39:19,56.4,78.4,112.87880681818179,34.65562913907285,32.602649006622514
2463,2021-11-02 05:27:36,2021-11-02 05:47:26,60.4,72.8,115.61605129928319,31.0,28.433333333333334
2464,2021-11-02 05:47:47,2021-11-02 06:07:07,73.2,84.8,117.02827885536406,31.0,29.0
2465,2021-11-02 06:07:28,2021-11-02 06:26:58,85.2,96.8,114.86950945881233,31.0,29.0
2466,2021-11-02 13:12:33,2021-11-02 13:48:20,53.2,89.6,114.55430124771064,31.256505576208177,29.639405204460967
2467,2021-11-02 17:33:36,2021-11-02 17:51:56,52.8,71.6,114.20806316489363,32.01801801801802,30.216216216216218
2468,2021-11-03 13:39:43,2021-11-03 14:00:13,24.4,42.4,114.24153148148149,27.362903225806452,25.967741935483872
2469,2021-11-03 14:00:34,2021-11-03 14:30:44,42.8,70.0,111.30618974673203,30.13736263736264,28.85164835164835
2470,2021-11-03 14:31:05,2021-11-03 14:59:05,70.4,94.8,115.1480272085611,32.25443786982248,30.85207100591716
2471,2021-11-04 03:11:39,2021-11-04 03:30:49,34.0,54.0,111.82569645833334,30.5,29.629310344827587
2472,2021-11-04 03:31:10,2021-11-04 03:51:10,54.4,74.8,114.35661540032682,33.13223140495868,32.14049586776859
2473,2021-11-04 03:51:31,2021-11-04 04:09:51,75.2,93.6,116.21754023248796,34.42342342342342,33.252252252252255
2474,2021-11-04 13:09:33,2021-11-04 13:31:13,10.8,30.0,113.72757646122686,37.0,35.0
2475,2021-11-04 13:31:34,2021-11-04 13:54:24,30.4,50.4,115.16250444444445,37.81884057971015,36.36231884057971
2476,2021-11-04 13:54:45,2021-11-04 14:16:25,50.8,70.0,113.81800072337963,39.55725190839695,37.99236641221374
2477,2021-11-04 14:16:46,2021-11-04 14:37:36,70.0,88.4,114.2934907910628,40.0,39.0
2478,2021-11-04 20:43:07,2021-11-04 21:08:07,18.0,44.4,110.52767734638047,36.735099337748345,34.17218543046358
2479,2021-11-04 21:08:28,2021-11-04 21:53:04,44.8,90.4,114.18708147538983,40.089219330855016,37.36802973977695
2480,2021-11-05 19:42:01,2021-11-05 20:15:31,28.0,57.6,113.71672067379883,35.34158415841584,33.663366336633665
2481,2021-11-05 20:15:52,2021-11-05 20:44:02,58.0,83.2,112.30492879188714,38.05294117647059,36.54117647058823
2482,2021-11-05 20:44:23,2021-11-05 21:02:33,83.2,97.6,116.88370688657419,39.0,37.0
2483,2021-11-06 04:39:16,2021-11-06 04:57:26,9.2,28.0,112.3966013593381,35.95454545454545,32.95454545454545
2484,2021-11-06 04:57:47,2021-11-06 05:16:47,28.0,47.6,112.74095890022677,36.45217391304348,33.47826086956522
2485,2021-11-06 05:17:08,2021-11-06 05:35:12,48.0,66.4,114.14797179951685,38.481818181818184,35.42727272727273
2486,2021-11-06 09:45:21,2021-11-06 10:01:51,44.0,58.8,111.44894519519522,36.53,33.54
2487,2021-11-06 10:17:43,2021-11-06 10:34:43,72.4,87.2,114.85360247747751,38.62135922330097,35.99029126213592
2488,2021-11-06 20:09:56,2021-11-06 21:34:10,14.4,97.6,114.41809196213943,39.67879746835443,37.609177215189874
2489,2021-11-07 05:10:28,2021-11-07 06:33:36,11.2,83.6,113.65919829266424,37.99198717948718,34.89903846153846
2490,2021-11-07 14:21:41,2021-11-07 14:54:11,29.2,58.0,113.48477642746914,35.61224489795919,34.015306122448976
2491,2021-11-07 14:54:32,2021-11-07 15:22:52,58.4,83.6,113.13656983024691,38.15204678362573,36.39766081871345
2492,2021-11-07 15:23:13,2021-11-07 15:40:53,83.6,97.6,116.7380867063492,39.0,37.0
2493,2021-11-08 02:23:20,2021-11-08 02:55:20,47.2,75.2,112.76837286706349,30.186528497409327,27.89119170984456
2494,2021-11-08 02:55:41,2021-11-08 03:23:31,75.6,97.6,117.20267329545455,31.595238095238095,29.0
2495,2021-11-08 06:54:55,2021-11-08 07:41:23,54.8,97.6,115.9093435423157,27.5243553008596,23.292263610315185
2496,2021-11-09 08:24:43,2021-11-09 09:36:01,28.0,97.6,113.86249408524907,23.22429906542056,22.278504672897196
2497,2021-11-09 15:58:08,2021-11-09 16:15:18,56.8,74.4,112.64681194760091,26.35576923076923,25.10576923076923
2498,2021-11-09 23:08:20,2021-11-10 00:01:20,36.8,82.4,112.96078041544833,25.959798994974875,24.371859296482413
2499,2021-11-10 13:08:53,2021-11-10 13:25:33,51.6,66.0,114.59296315586423,25.435643564356436,24.316831683168317
2500,2021-11-10 13:25:54,2021-11-10 13:43:34,66.4,81.6,115.09501425438606,26.934579439252335,25.69158878504673
2501,2021-11-10 13:43:55,2021-11-10 14:01:05,82.0,95.6,114.13091993464057,27.942307692307693,26.71153846153846
2502,2021-11-10 20:43:41,2021-11-10 21:01:51,54.0,72.8,112.86126824763598,29.245454545454546,27.60909090909091
2503,2021-11-10 21:02:12,2021-11-10 21:22:42,73.2,94.0,114.14263588408124,30.580645161290324,28.93548387096774
2504,2021-11-11 08:35:29,2021-11-11 08:52:09,34.8,49.6,112.73931390765763,23.564356435643564,22.297029702970296
2505,2021-11-11 08:52:30,2021-11-11 09:09:10,50.0,64.8,112.93638128753759,25.554455445544555,24.366336633663366
2506,2021-11-11 20:41:19,2021-11-11 21:08:09,17.2,45.6,109.84401882824726,29.19753086419753,27.75925925925926
2507,2021-11-11 21:08:30,2021-11-11 21:38:00,46.0,76.0,114.3268775,32.62921348314607,31.0561797752809
2508,2021-11-11 21:38:21,2021-11-11 22:02:01,76.4,97.6,116.86453943920345,34.63636363636363,32.92307692307692
2509,2021-11-12 17:46:53,2021-11-12 18:15:29,20.0,49.600002,112.80142327167559,28.11111111111111,26.814814814814813
2510,2021-11-12 18:16:57,2021-11-12 19:07:49,49.2,97.6,114.12471831841144,32.208333333333336,31.0078125
2511,2021-11-13 00:32:39,2021-11-13 01:01:39,58.0,87.6,114.47824314939945,31.02285714285714,28.388571428571428
2512,2021-11-13 08:05:17,2021-11-13 08:35:37,68.0,94.4,114.08777735690234,27.693989071038253,25.387978142076502
2513,2021-11-13 15:49:02,2021-11-13 16:44:58,38.4,94.8,113.93329396916864,29.807142857142857,28.347619047619048
2514,2021-11-14 00:15:33,2021-11-14 00:33:53,28.8,47.6,113.51877711288418,29.045045045045047,26.855855855855857
2515,2021-11-14 00:34:14,2021-11-14 00:53:14,48.0,68.0,110.58334402777778,31.582608695652173,29.51304347826087
2516,2021-11-14 00:53:35,2021-11-14 01:11:45,68.4,86.8,114.92150905797106,33.20909090909091,31.263636363636362
2517,2021-11-15 12:39:20,2021-11-15 13:33:32,26.4,82.4,113.05137439732142,28.985257985257984,27.64127764127764
2518,2021-11-15 19:07:47,2021-11-15 19:28:47,44.0,65.6,112.3212681327161,29.46456692913386,27.984251968503937
2519,2021-11-15 19:29:08,2021-11-15 19:53:28,66.0,90.8,113.31656395609325,31.462585034013607,29.86394557823129
