cycle_num,time_s,time_e,SOC_s,SOC_e,charge_capacity,Tmax,Tmin
1,2019-07-26 02:53:18,2019-07-26 04:04:51,23.2,70.4,131.63382352283426,37.76951672862454,35.451672862453535
2,2019-07-26 07:16:20,2019-07-26 08:55:52,27.6,99.6,133.35333793595677,41.03078982597055,38.19277108433735
3,2019-07-26 17:52:40,2019-07-26 18:45:54,47.6,92.8,131.7905187684366,44.2025,42.4875
4,2019-07-27 07:34:50,2019-07-27 08:53:09,42.8,94.0,133.02376138780383,38.82142857142857,36.56802721088435
5,2019-07-28 14:22:13,2019-07-28 15:32:31,24.0,71.2,129.45170796845576,37.78787878787879,36.46780303030303
6,2019-07-28 23:59:58,2019-07-29 01:49:14,2.8,64.0,132.7149898148148,37.80609756097561,35.86829268292683
7,2019-07-29 06:07:14,2019-07-29 07:48:22,28.4,99.6,133.95273372932274,39.12252964426877,37.00395256916996
8,2019-07-29 20:42:19,2019-07-29 22:16:17,34.8,99.6,132.90512376543214,38.09915014164306,34.98158640226629
9,2019-07-30 06:34:57,2019-07-30 08:01:01,58.4,99.6,133.86640517799358,33.0,30.94736842105263
10,2019-07-30 20:47:16,2019-07-30 22:51:26,23.6,94.8,129.9242646613608,36.98177920685959,35.67738478027867
11,2019-07-31 10:49:43,2019-07-31 12:08:02,13.2,86.8,131.8949041911987,36.95068027210884,35.58843537414966
12,2019-07-31 20:49:05,2019-07-31 22:54:22,16.0,87.6,131.23269709807573,36.6,34.045744680851065
13,2019-08-01 00:50:38,2019-08-01 01:29:04,59.6,72.0,134.82756061827956,36.5551724137931,33.0
14,2019-08-06 11:12:43,2019-08-06 11:59:09,12.0,35.6,131.8234791195857,35.80515759312321,34.55873925501432
15,2019-08-06 13:30:23,2019-08-06 13:47:13,34.8,43.6,128.1629106691918,37.16535433070866,35.89763779527559
16,2019-08-06 14:47:35,2019-08-06 15:06:01,42.8,52.4,128.6017391782407,37.776978417266186,36.43884892086331
17,2019-08-06 15:24:35,2019-08-06 17:06:21,52.0,99.6,128.2803160889356,38.60681520314548,37.41546526867628
18,2019-08-07 02:36:06,2019-08-07 05:08:34,21.2,99.6,133.46300623582766,38.35807860262009,35.83755458515284
19,2019-08-07 10:26:37,2019-08-07 12:01:37,49.6,99.6,133.51261481111115,38.516129032258064,36.869565217391305
20,2019-08-07 23:24:15,2019-08-07 23:54:41,15.6,42.8,132.21215095486113,38.68995633187773,36.86026200873363
21,2019-08-07 23:59:21,2019-08-08 00:42:27,46.8,86.0,130.01129293863377,42.17283950617284,40.08641975308642
22,2019-08-08 04:45:19,2019-08-08 05:02:08,53.2,69.2,131.21840145833332,39.89763779527559,36.77165354330709
23,2019-08-08 05:02:27,2019-08-08 05:56:29,69.6,99.6,136.5530673425926,40.98522167487685,37.92857142857143
24,2019-08-08 14:59:14,2019-08-08 15:58:28,59.6,89.2,132.2706463738739,41.06741573033708,39.84943820224719
25,2019-08-09 00:14:27,2019-08-09 01:39:42,28.0,70.8,129.46845794392524,41.3984375,39.4078125
26,2019-08-09 06:52:30,2019-08-09 09:06:52,30.8,99.6,133.01393887879522,38.73015873015873,36.63392857142857
27,2019-08-09 17:13:40,2019-08-09 18:15:10,49.6,84.4,133.13253267879946,44.0,42.0
28,2019-08-11 00:40:02,2019-08-11 02:27:34,35.6,89.6,130.10209080246915,37.22304832713755,36.20817843866171
29,2019-08-11 12:36:26,2019-08-11 14:13:02,18.4,98.4,131.41530724305557,43.0551724137931,41.3751724137931
30,2019-08-12 01:59:52,2019-08-12 04:52:41,17.6,99.6,132.72308300643633,40.47993827160494,38.223765432098766
31,2019-08-12 17:27:11,2019-08-12 19:20:52,14.8,99.6,132.8519158330058,44.74560375146542,43.17702227432591
32,2019-08-13 16:00:54,2019-08-13 18:13:39,9.6,77.6,130.1472222385621,39.700803212851405,37.91967871485944
33,2019-08-13 19:51:05,2019-08-13 20:50:27,68.0,99.6,138.5523033403657,40.93273542600897,39.02466367713004
34,2019-08-14 04:13:46,2019-08-14 05:27:25,54.0,99.6,134.36019226059946,38.289330922242314,35.839059674502714
35,2019-08-15 01:29:34,2019-08-15 03:12:38,14.8,98.8,131.55564865079367,40.961290322580645,39.08
36,2019-08-15 15:41:39,2019-08-15 17:25:03,24.8,99.6,133.42117452094476,41.68814432989691,39.58376288659794
37,2019-08-16 02:39:03,2019-08-16 04:11:10,38.0,99.6,134.0369981737013,38.475433526011564,36.346820809248555
38,2019-08-16 15:12:00,2019-08-16 16:44:52,35.2,99.6,134.00338220324363,42.02869440459111,40.576757532281206
39,2019-08-17 00:13:27,2019-08-17 01:02:33,67.2,98.8,132.92835068565404,36.90514905149052,34.31436314363144
40,2019-08-17 15:41:30,2019-08-17 17:09:49,37.2,99.6,132.09150491007838,36.963800904977376,35.52337858220211
41,2019-08-18 04:23:30,2019-08-18 06:20:23,11.6,99.6,133.19581014204547,38.35005701254276,36.58152793614595
42,2019-08-18 14:00:31,2019-08-18 15:06:45,50.0,72.0,133.20275787878788,36.0,33.62048192771084
43,2019-08-18 23:45:58,2019-08-19 01:35:15,3.6,96.8,131.5997125074511,38.15731707317073,36.35
44,2019-08-19 14:03:13,2019-08-19 16:07:26,6.4,69.6,131.35802326388887,39.452789699570815,37.68025751072961
45,2019-08-19 23:38:32,2019-08-20 00:50:51,26.0,62.0,130.5300922839506,36.217311233885816,34.12338858195212
46,2019-08-20 04:27:06,2019-08-20 06:17:18,22.8,99.6,133.5097227955006,40.0677146311971,37.203143893591296
47,2019-08-21 08:14:04,2019-08-21 10:35:38,33.2,99.6,131.92485402024766,35.2834274952919,34.33427495291902
48,2019-08-22 10:08:06,2019-08-22 11:56:53,50.8,99.6,134.36381537454466,35.875,34.69975490196079
49,2019-08-23 00:33:05,2019-08-23 02:29:19,21.2,81.2,130.7943781875,39.028669724770644,37.221330275229356
50,2019-08-23 06:20:57,2019-08-23 08:13:43,48.8,99.6,135.01465549540683,38.903073286052006,36.66548463356974
51,2019-08-23 19:56:00,2019-08-23 22:23:11,23.2,99.6,132.6578278214078,37.95652173913044,36.16576086956522
52,2019-08-24 13:12:47,2019-08-24 14:32:59,38.4,84.4,131.2345399516908,39.6328903654485,38.136212624584715
53,2019-08-25 08:09:26,2019-08-25 10:08:43,39.2,99.6,131.83697267292126,36.70614525139665,35.294972067039105
54,2019-08-26 02:46:42,2019-08-26 04:42:54,13.6,99.6,132.3372721656977,33.57912844036697,31.537844036697248
55,2019-08-26 21:09:46,2019-08-26 22:38:46,38.8,99.6,130.71011820403874,34.57934131736527,33.3502994011976
56,2019-08-27 20:15:21,2019-08-27 21:57:41,29.6,99.6,133.58083514285715,39.076822916666664,37.264322916666664
57,2019-08-28 14:46:34,2019-08-28 16:13:10,42.4,99.6,134.80677525252526,41.54153846153846,40.16153846153846
58,2019-08-29 16:19:36,2019-08-29 17:59:22,28.8,99.6,133.05097424278097,38.922666666666665,37.053333333333335
59,2019-08-30 15:36:33,2019-08-30 17:03:48,38.0,99.6,132.15919737554114,36.23664122137404,34.99541984732824
60,2019-08-31 04:34:54,2019-08-31 06:45:34,3.2,99.6,133.02939058177736,38.69450101832994,36.13849287169043
61,2019-08-31 14:39:37,2019-08-31 16:12:45,34.8,99.2,130.05998429304694,37.81545064377682,34.61802575107296
62,2019-08-31 23:59:27,2019-09-01 01:23:46,44.8,99.6,132.27618654197084,34.342812006319114,32.58293838862559
63,2019-09-01 13:31:45,2019-09-01 15:06:29,32.0,99.6,131.89764201183434,39.21237693389592,37.54289732770746
64,2019-09-02 03:26:46,2019-09-02 05:06:18,28.8,99.6,133.49875543392972,36.19946452476573,33.8433734939759
65,2019-09-02 17:16:47,2019-09-02 18:58:11,26.4,99.6,133.30078410557078,36.47437582128778,33.700394218134036
66,2019-09-03 10:42:51,2019-09-03 12:53:20,32.8,99.6,132.02057480455753,33.776302349336056,32.30643513789581
67,2019-09-04 15:13:26,2019-09-04 17:33:32,26.8,99.6,131.7490590888279,36.89438629876308,35.4395813510942
68,2019-09-05 00:35:56,2019-09-05 01:34:22,64.4,97.2,132.49715028794037,35.02050113895216,33.097949886104786
69,2019-09-05 16:19:40,2019-09-05 19:06:59,2.0,99.6,132.11776412084473,38.79681274900398,36.91314741035857
70,2019-09-06 03:17:57,2019-09-06 05:20:34,31.6,99.6,133.8603844117647,37.54604550379198,34.71180931744312
71,2019-09-06 20:31:16,2019-09-06 22:53:46,24.0,99.6,131.77618827527922,40.220767072029936,38.66978484565014
72,2019-09-07 13:02:08,2019-09-07 13:17:12,35.6,44.4,128.51516199494955,37.09649122807018,35.921052631578945
73,2019-09-07 13:18:08,2019-09-07 14:10:02,43.6,73.2,131.5060062687688,38.702564102564104,37.202564102564104
74,2019-09-07 16:12:27,2019-09-07 17:29:51,48.0,99.6,134.6487056578381,43.72461273666093,42.271944922547334
75,2019-09-09 08:45:18,2019-09-09 11:24:29,7.2,86.8,132.4567928688582,35.15899581589958,34.14058577405858
76,2019-09-09 20:04:36,2019-09-09 22:15:36,17.2,98.0,130.79422363689494,40.990844354018314,39.258392675483215
77,2019-09-10 06:56:13,2019-09-10 08:27:28,35.2,99.6,133.74442613871636,40.237956204379564,37.40437956204379
78,2019-09-11 15:53:26,2019-09-11 17:19:54,40.0,99.6,133.71254643456376,42.18798151001541,40.44530046224961
79,2019-09-12 16:08:11,2019-09-12 17:25:42,48.0,99.6,134.23253803294577,40.52233676975945,39.44329896907217
80,2019-09-14 09:29:57,2019-09-14 11:38:10,25.6,99.6,130.56884687687688,36.03638253638254,35.14968814968815
81,2019-09-14 22:52:46,2019-09-15 01:27:32,13.6,99.6,133.47937656976745,37.485788113695094,36.02325581395349
82,2019-09-15 15:28:20,2019-09-15 17:18:33,17.6,99.6,133.5246270037263,41.984299516908216,40.42270531400966
83,2019-09-16 03:46:12,2019-09-16 05:28:14,28.0,86.8,130.43625341080875,38.039113428943935,35.46023468057366
84,2019-09-16 14:00:53,2019-09-16 15:48:34,25.6,80.4,130.03195403791565,37.46782178217822,36.06064356435643
85,2019-09-16 23:19:05,2019-09-17 01:14:38,18.4,84.8,130.5169847222222,39.489042675893884,37.64590542099192
86,2019-09-17 06:36:37,2019-09-17 07:58:41,45.2,85.6,132.26956078107816,36.0,32.83766233766234
87,2019-09-17 18:33:48,2019-09-17 20:54:42,12.4,98.4,129.71024325742894,37.8325449385052,36.63292336802271
88,2019-09-18 05:01:44,2019-09-18 05:21:45,42.8,54.4,129.4784543103448,35.788079470198674,33.51655629139073
89,2019-09-18 05:22:05,2019-09-18 06:51:07,54.4,99.2,132.21235064794143,36.9626307922272,34.83109118086696
90,2019-09-18 19:15:00,2019-09-18 21:57:09,10.8,65.2,129.22600920138888,40.055008210180624,38.526272577996714
91,2019-09-19 02:46:26,2019-09-19 04:53:52,5.6,99.6,132.84550237293143,42.53661087866109,39.58054393305439
92,2019-09-19 15:34:42,2019-09-19 17:40:06,30.8,98.8,131.23492751633987,40.799575821845174,39.282078472958645
93,2019-09-20 02:22:14,2019-09-20 03:53:54,39.2,99.6,133.60533541896618,38.80668604651163,36.42151162790697
94,2019-09-20 13:11:11,2019-09-20 15:00:06,20.4,99.6,132.56513885030867,40.24542124542125,38.405372405372404
95,2019-09-21 01:21:40,2019-09-21 03:06:00,26.0,99.6,133.1488097108998,38.466155810983395,36.63729246487867
96,2019-09-21 08:24:20,2019-09-21 09:34:12,64.8,98.8,129.35071394117645,35.9752380952381,33.0
97,2019-09-21 15:50:09,2019-09-21 16:49:24,53.2,98.0,130.98227838541666,40.33033707865169,38.58651685393259
98,2019-09-22 00:18:51,2019-09-22 01:48:07,39.6,99.6,133.7391070138889,39.20597014925373,36.78358208955224
99,2019-09-22 15:08:54,2019-09-22 16:59:47,24.8,81.6,129.13433576633415,37.10804321728691,35.270108043217284
100,2019-09-23 02:19:50,2019-09-23 04:14:59,16.4,99.6,132.2664405398638,36.93402777777778,34.59375
101,2019-09-23 15:44:53,2019-09-23 17:23:30,26.4,99.6,130.91915041742567,41.19298245614035,39.42375168690958
102,2019-09-24 03:48:14,2019-09-24 05:36:02,20.0,99.6,132.4544791404942,38.16440049443758,35.143386897404206
103,2019-09-24 14:25:52,2019-09-24 15:05:06,36.0,56.0,128.71103492805557,36.31864406779661,34.91525423728814
104,2019-09-24 15:23:46,2019-09-24 16:30:54,55.2,88.8,131.94674798280425,36.9921875,35.9609375
105,2019-09-25 00:51:40,2019-09-25 02:30:24,31.2,81.6,129.56698788800708,36.35627530364373,34.38326585695007
106,2019-09-25 12:11:50,2019-09-25 14:23:55,12.8,88.8,130.92751462353803,36.77598385469223,33.713420787083756
107,2019-09-26 00:08:35,2019-09-26 02:24:57,24.0,99.6,131.9482746325691,37.381231671554254,35.30987292277615
108,2019-09-26 13:43:18,2019-09-26 15:32:27,22.4,99.6,131.53028850388606,37.81196581196581,36.53235653235653
109,2019-09-27 03:15:56,2019-09-27 04:23:59,40.4,96.4,130.32549768353172,37.136986301369866,34.87866927592955
110,2019-09-27 17:46:46,2019-09-27 19:25:46,31.2,99.6,133.22219324236522,39.96904441453567,38.110363391655454
111,2019-09-28 02:30:49,2019-09-28 03:54:53,44.4,99.6,134.5671609551127,37.532488114104595,34.64342313787639
112,2019-09-28 14:37:52,2019-09-28 16:20:04,23.6,99.6,131.44814852887427,41.083441981747065,39.47588005215124
113,2019-09-29 03:04:00,2019-09-29 04:55:13,16.0,99.6,132.94536345693783,41.04425837320574,38.66267942583732
114,2019-09-29 17:25:52,2019-09-29 18:59:56,32.8,99.6,133.1644831295742,40.60623229461756,38.79886685552408
115,2019-09-30 08:18:57,2019-09-30 09:26:20,26.8,86.8,130.0796520162037,35.966403162055336,34.21146245059288
116,2019-09-30 09:34:28,2019-09-30 09:50:45,87.2,97.6,123.2566653311967,37.520325203252035,35.292682926829265
117,2019-10-01 09:56:53,2019-10-01 12:17:19,18.8,97.6,129.9217430203046,34.62618595825427,33.54648956356736
118,2019-10-03 08:47:00,2019-10-03 11:27:15,16.0,99.6,131.5551902578416,33.56893687707641,32.383720930232556
119,2019-10-03 15:05:27,2019-10-03 15:40:04,64.4,84.0,133.0510499007937,39.0,37.63740458015267
120,2019-10-03 19:00:30,2019-10-03 20:28:58,34.4,85.2,130.92268322397197,40.751506024096386,38.69427710843374
121,2019-10-03 20:31:29,2019-10-03 21:09:46,85.2,99.6,138.47901807484578,41.0,38.0
122,2019-10-04 20:08:10,2019-10-04 21:44:26,23.6,79.6,129.51193662698418,37.09958506224066,35.80082987551867
123,2019-10-05 02:27:44,2019-10-05 05:52:49,8.8,72.8,128.9621052799479,37.90702210663199,35.057217165149545
124,2019-10-05 06:45:32,2019-10-05 08:08:47,59.2,99.6,136.4901816419142,37.0,34.2176
125,2019-10-05 23:08:16,2019-10-06 01:55:18,26.0,86.0,130.17909976388887,36.36791699920192,34.52833200319234
126,2019-10-06 05:07:03,2019-10-06 06:19:14,67.6,99.6,137.28099003472224,35.59225092250922,33.64206642066421
127,2019-10-06 19:32:19,2019-10-06 20:32:32,29.2,64.0,129.67448936781608,36.06401766004415,34.33774834437086
128,2019-10-06 20:45:44,2019-10-06 21:31:38,63.2,89.2,132.4085474786325,37.0,35.0
129,2019-10-07 07:36:10,2019-10-07 09:54:33,20.0,97.6,128.2954175794674,33.37596153846154,31.592307692307692
130,2019-10-07 16:57:09,2019-10-07 18:27:15,56.8,99.6,135.3890537772586,35.522895125553916,33.99113737075332
131,2019-10-07 23:12:38,2019-10-08 00:25:29,62.4,98.8,133.24819635989013,34.03290676416819,31.979890310786107
132,2019-10-08 09:20:52,2019-10-08 12:20:32,11.6,98.8,132.35851894552752,35.04302670623145,33.14391691394659
133,2019-10-09 02:50:22,2019-10-09 06:57:44,27.2,91.6,129.01438424258114,32.65714285714286,31.532075471698114
134,2019-10-09 17:16:12,2019-10-09 18:31:43,28.8,68.0,129.0486438988095,35.0,33.123456790123456
135,2019-10-09 21:55:15,2019-10-09 23:32:30,38.8,94.4,131.17356165067943,36.33013698630137,34.23972602739726
136,2019-10-10 13:33:13,2019-10-10 15:21:41,14.4,77.2,129.80788441259733,36.12899262899263,34.347665847665844
137,2019-10-10 22:30:30,2019-10-10 23:46:47,25.2,93.6,130.83742075008124,38.59336823734729,36.71553228621291
138,2019-10-11 12:44:58,2019-10-11 14:40:31,24.4,89.6,129.42844873253242,36.47866205305652,35.08419838523645
139,2019-10-12 01:44:54,2019-10-12 02:00:03,50.0,60.4,109.05317060363251,36.15652173913043,34.48695652173913
140,2019-10-12 04:02:02,2019-10-12 04:28:37,60.4,75.2,134.97834839527022,35.0,33.2
141,2019-10-12 23:42:59,2019-10-13 01:09:19,12.4,56.0,131.38464043386853,36.12191358024691,34.81018518518518
142,2019-10-13 04:01:36,2019-10-13 05:11:31,31.2,94.0,129.67761151804672,36.817142857142855,33.74095238095238
143,2019-10-13 18:40:50,2019-10-13 20:38:55,12.0,99.6,130.68370313451294,36.67155756207675,34.99887133182844
144,2019-10-14 05:53:26,2019-10-14 06:59:04,60.8,99.6,134.8320497852234,33.6551724137931,31.754563894523326
145,2019-10-14 18:09:12,2019-10-14 19:47:34,30.8,99.6,131.40112491723193,36.90527740189445,35.190798376184034
146,2019-10-15 13:31:38,2019-10-15 14:13:12,42.8,64.0,130.38964274109014,33.68690095846645,32.47923322683706
147,2019-10-15 22:09:07,2019-10-15 23:26:14,22.0,92.4,128.98996418678976,35.38514680483593,33.972366148531954
148,2019-10-16 11:00:20,2019-10-16 12:17:59,28.4,95.2,129.6269500395043,34.898799313893655,33.46826758147513
149,2019-10-16 17:25:05,2019-10-16 17:53:06,58.4,74.4,131.31701381944436,36.573459715639814,34.99526066350711
150,2019-10-16 17:57:04,2019-10-16 18:31:13,74.4,94.0,130.67261870748302,36.96498054474708,35.0
151,2019-10-17 02:41:26,2019-10-17 03:00:07,24.0,33.6,129.10249369212966,32.0,29.617021276595743
152,2019-10-17 03:00:28,2019-10-17 04:41:20,33.6,85.6,128.66972277777785,34.038309114927344,31.779392338177015
153,2019-10-17 13:08:35,2019-10-17 14:48:31,28.8,99.6,133.50173839650031,36.244,34.4
154,2019-10-18 03:25:04,2019-10-18 05:44:54,26.8,99.6,130.6014514423077,34.22878932316492,32.146806482364155
155,2019-10-18 11:47:18,2019-10-18 12:35:05,56.4,94.8,132.88664423104748,33.66016713091922,32.09470752089136
156,2019-10-18 20:43:05,2019-10-18 21:51:56,36.8,94.8,130.68979744971264,36.7678916827853,34.89941972920696
157,2019-10-19 20:25:15,2019-10-19 22:24:17,25.6,94.8,129.0118820006423,33.96544035674471,32.74024526198439
158,2019-10-20 12:41:48,2019-10-20 15:38:34,14.8,74.4,128.52218499254286,33.50640542577242,32.12961567445365
159,2019-10-20 23:30:22,2019-10-21 01:27:55,18.8,87.2,129.46624054987004,34.98412698412698,33.28344671201814
160,2019-10-21 15:03:06,2019-10-21 16:41:34,10.8,68.4,128.78417226080245,34.38430311231394,31.472259810554803
161,2019-10-22 06:21:29,2019-10-22 07:58:24,22.0,94.8,129.03717521749084,32.25686813186813,31.153846153846153
162,2019-10-22 16:09:59,2019-10-22 16:59:29,46.8,91.6,129.7657086061508,37.01881720430107,35.733870967741936
163,2019-10-23 01:17:59,2019-10-23 03:09:07,20.4,78.0,127.36695931712964,35.04796163069545,32.95203836930455
164,2019-10-23 10:49:36,2019-10-23 12:43:51,10.4,94.8,128.94151419826224,35.40162980209546,33.640279394644935
165,2019-10-24 11:16:00,2019-10-24 12:14:34,43.2,94.8,129.3234598864126,30.895454545454545,29.84090909090909
166,2019-10-24 23:02:31,2019-10-25 01:00:44,18.0,94.8,128.1020381112558,34.970687711386695,33.002254791431795
167,2019-10-25 20:00:48,2019-10-25 21:25:31,41.2,94.8,129.68682344009122,33.59905660377358,32.492138364779876
168,2019-10-26 03:43:39,2019-10-26 04:42:51,52.4,86.8,129.26973152454778,33.895089285714285,32.129464285714285
169,2019-10-26 12:33:52,2019-10-26 13:55:56,18.0,66.0,128.1543362673611,34.092532467532465,32.66233766233766
170,2019-10-26 16:39:47,2019-10-26 17:21:41,51.2,88.4,129.66491792488054,36.01904761904762,34.18412698412698
171,2019-10-27 01:12:06,2019-10-27 03:03:53,22.0,80.0,127.7914717145594,32.41428571428571,30.33809523809524
172,2019-10-27 11:18:01,2019-10-27 12:38:52,22.0,94.8,127.76171942918194,34.18616144975288,32.12026359143328
173,2019-10-28 00:25:19,2019-10-28 01:29:54,22.8,73.6,126.73815149278215,32.756701030927836,31.129896907216494
174,2019-10-28 03:34:11,2019-10-28 04:04:59,58.8,86.4,129.4944328502415,34.202586206896555,31.92241379310345
175,2019-10-28 10:47:29,2019-10-28 12:22:05,40.0,94.8,129.23114493359694,31.974647887323943,29.9
176,2019-10-28 18:53:34,2019-10-28 20:11:54,33.2,74.4,126.75296655879178,30.496598639455783,28.09013605442177
177,2019-10-28 20:29:42,2019-10-28 21:16:47,74.4,97.6,129.73898706896557,31.0,28.533898305084747
178,2019-10-29 20:41:07,2019-10-29 23:33:22,31.2,88.0,126.97169274501175,30.578173374613,29.41795665634675
179,2019-10-30 04:44:04,2019-10-30 06:09:09,50.0,93.2,130.0616327001029,30.300469483568076,28.267605633802816
180,2019-10-30 12:21:52,2019-10-30 14:21:24,35.2,96.8,128.52599744318184,30.998885172798218,29.59308807134894
181,2019-10-31 15:29:00,2019-10-31 16:49:11,18.0,81.2,126.5131134757384,32.03986710963455,30.33887043189369
182,2019-10-31 23:52:33,2019-11-01 00:59:55,41.6,97.6,130.0419621825397,33.06324110671937,31.14822134387352
183,2019-11-01 06:30:24,2019-11-01 07:48:59,57.2,97.6,130.2515450976348,31.816949152542374,29.252542372881354
184,2019-11-01 15:59:41,2019-11-01 17:43:54,10.8,97.6,129.28882190220173,38.8837803320562,37.15197956577267
185,2019-11-02 01:54:58,2019-11-02 03:01:57,36.0,93.6,128.98002063078704,37.186878727634195,34.17495029821074
186,2019-11-02 21:27:33,2019-11-02 23:13:13,18.4,97.6,127.08176401339787,36.30390920554855,34.40226986128626
187,2019-11-03 12:31:37,2019-11-03 13:54:53,20.8,86.8,125.81238660984849,34.7008,33.0656
188,2019-11-03 23:14:33,2019-11-04 01:11:50,20.0,97.6,126.89593864726518,35.37840909090909,33.125
189,2019-11-04 04:17:22,2019-11-04 05:08:44,57.2,97.6,127.89384804730477,35.59844559585492,32.4300518134715
190,2019-11-04 15:08:28,2019-11-04 16:19:34,35.2,97.6,127.23052162571229,34.91214953271028,33.7196261682243
191,2019-11-05 02:22:07,2019-11-05 03:09:29,49.2,92.0,127.26098230140191,32.41011235955056,30.176966292134832
192,2019-11-05 06:59:19,2019-11-05 07:55:22,53.2,97.6,127.87035767329833,33.22565320665083,30.282660332541568
193,2019-11-05 22:03:10,2019-11-05 23:21:37,17.6,89.2,126.4838932437151,33.68421052631579,32.149405772495754
194,2019-11-06 13:06:53,2019-11-06 13:53:10,35.2,80.8,125.01639430433724,32.42528735632184,30.89367816091954
195,2019-11-06 20:46:07,2019-11-06 22:01:54,11.6,86.0,126.04199774305553,36.200351493848856,34.388400702987695
196,2019-11-07 04:20:59,2019-11-07 04:57:41,47.2,81.2,126.31505423202614,33.155797101449274,29.942028985507246
197,2019-11-07 13:19:27,2019-11-07 14:35:58,30.0,97.6,126.58728942513152,33.78434782608696,32.44347826086957
198,2019-11-07 23:36:35,2019-11-08 00:26:21,36.8,85.2,126.58752328397611,33.3048128342246,31.197860962566846
199,2019-11-08 05:22:06,2019-11-08 06:08:48,59.2,83.2,128.30833314814817,30.0,27.45014245014245
200,2019-11-08 15:42:33,2019-11-08 16:44:44,23.2,56.8,123.56806774966932,30.781584582441113,29.31049250535332
201,2019-11-08 18:38:25,2019-11-08 19:21:23,45.6,71.2,126.11569637586805,32.303405572755416,30.848297213622292
202,2019-11-09 01:31:44,2019-11-09 03:51:05,35.2,76.8,125.57191506410257,29.58317399617591,28.051625239005737
203,2019-11-09 11:55:30,2019-11-09 14:13:35,24.8,97.6,125.95054911477412,30.022200772200772,28.74034749034749
204,2019-11-09 21:39:52,2019-11-09 22:36:10,52.0,97.6,128.01956513767058,32.25768321513002,30.404255319148938
205,2019-11-10 03:01:27,2019-11-10 03:24:40,64.4,87.6,123.13243450670505,31.365714285714287,28.748571428571427
206,2019-11-10 06:17:51,2019-11-10 06:48:32,70.4,95.2,128.465286749552,30.73160173160173,27.805194805194805
207,2019-11-10 18:33:00,2019-11-10 20:02:08,16.8,97.6,126.72172182687021,34.87892376681614,33.36472346786248
208,2019-11-11 04:03:30,2019-11-11 05:13:25,38.0,97.6,127.18914122390011,32.691428571428574,30.537142857142857
209,2019-11-11 15:03:33,2019-11-11 16:33:05,16.8,95.2,126.02489531958616,36.30357142857143,35.001488095238095
210,2019-11-11 20:14:34,2019-11-11 20:48:28,71.2,97.6,125.12675844381317,36.752941176470586,33.90588235294118
211,2019-11-12 03:49:39,2019-11-12 05:20:47,19.2,97.6,127.02564181193313,36.546783625730995,33.39327485380117
212,2019-11-12 16:42:51,2019-11-12 18:10:46,22.8,97.6,126.43600282048426,35.28636363636364,33.43939393939394
213,2019-11-13 06:09:45,2019-11-13 07:06:59,31.6,66.0,124.98193987403099,29.092807424593968,27.213457076566126
214,2019-11-13 09:38:45,2019-11-13 11:54:43,52.0,97.6,128.70061105019494,29.90392156862745,28.42156862745098
215,2019-11-14 08:38:55,2019-11-14 12:38:17,22.4,95.2,123.84666652167277,27.294150417827296,26.26852367688022
216,2019-11-14 15:15:27,2019-11-14 15:50:00,75.2,85.6,125.14482032585481,30.95,29.0
217,2019-11-15 02:45:48,2019-11-15 04:24:48,7.6,97.6,126.0382784691358,32.296096904441455,30.663526244952894
218,2019-11-15 16:03:22,2019-11-15 17:32:22,19.2,96.8,125.38519139103666,34.41766467065868,32.866766467065865
219,2019-11-16 01:05:47,2019-11-16 02:22:38,25.6,76.8,125.31482192925347,34.278546712802765,31.538062283737023
220,2019-11-17 00:15:50,2019-11-17 01:27:13,18.4,88.0,124.7639350115741,30.77238805970149,29.619402985074625
221,2019-11-17 16:16:44,2019-11-17 17:41:04,11.2,91.2,126.52255911805554,35.9826224328594,34.132701421800945
222,2019-11-18 04:17:10,2019-11-18 05:58:27,28.0,88.4,126.047627285688,32.203947368421055,30.194736842105264
223,2019-11-18 13:40:01,2019-11-18 14:56:57,34.0,97.6,127.26257601327747,33.8719723183391,32.56401384083045
224,2019-11-19 01:33:05,2019-11-19 04:03:13,9.6,97.6,126.08263155776514,29.580301685891747,27.133096716947648
225,2019-11-19 12:30:29,2019-11-19 13:58:56,15.6,68.8,125.1562517909357,27.93222891566265,26.5
226,2019-11-19 14:48:59,2019-11-19 15:59:26,64.0,88.0,127.82875262731481,30.669187145557657,29.16446124763705
227,2019-11-20 02:20:23,2019-11-20 03:31:46,12.0,82.0,125.84681241071429,28.98134328358209,27.08768656716418
228,2019-11-20 07:24:25,2019-11-20 08:52:03,42.8,94.8,126.95964383547012,29.37329286798179,26.144157814871015
229,2019-11-20 23:31:21,2019-11-21 00:58:29,35.6,82.4,124.43972713675213,28.134556574923547,26.634556574923547
230,2019-11-21 18:12:51,2019-11-21 19:54:39,17.6,85.6,125.17498410130719,32.345549738219894,31.073298429319372
231,2019-11-22 12:25:29,2019-11-22 13:34:43,31.6,93.2,125.10182507215009,29.984615384615385,28.446153846153845
232,2019-11-22 21:33:39,2019-11-22 22:29:33,40.8,90.8,126.71964401944444,32.7047619047619,30.76904761904762
233,2019-11-23 05:54:52,2019-11-23 07:59:13,17.2,97.6,126.2651630147872,31.542336548767416,28.620578778135048
234,2019-11-23 16:19:29,2019-11-23 17:14:03,34.4,66.8,126.51871805555555,34.40731707317073,32.94146341463415
235,2019-11-23 22:53:15,2019-11-24 00:04:45,38.0,76.0,125.4418131871345,32.36871508379888,30.238361266294227
236,2019-11-24 11:04:47,2019-11-24 12:06:41,23.6,65.2,123.96658310296473,28.81935483870968,27.537634408602152
237,2019-11-24 12:08:05,2019-11-24 13:04:23,64.8,97.6,127.29282035484421,31.52245862884161,30.13238770685579
238,2019-11-25 10:59:14,2019-11-25 13:09:42,18.4,96.8,125.07065750248012,30.675510204081633,29.448979591836736
239,2019-11-25 19:09:23,2019-11-25 19:28:01,51.2,62.0,129.0411525720165,33.0,31.0
240,2019-11-25 23:31:20,2019-11-26 01:09:24,37.6,97.6,125.73521405555559,32.34375,29.88451086956522
241,2019-11-26 21:13:04,2019-11-26 23:33:34,23.2,97.6,125.12564062275987,30.404174573055027,29.069259962049337
242,2019-11-27 11:58:24,2019-11-27 13:38:04,12.4,97.6,126.23418902093115,32.398395721925134,30.864973262032084
243,2019-11-28 12:52:33,2019-11-28 13:55:47,23.6,86.0,124.91358840366809,25.20842105263158,23.995789473684212
244,2019-11-28 18:17:46,2019-11-28 19:43:17,44.8,97.6,127.29368170244109,29.46417445482866,27.406542056074766
245,2019-11-29 02:31:34,2019-11-29 03:52:49,28.0,97.2,125.12125749036609,26.772504091653026,24.180032733224223
246,2019-11-29 11:08:16,2019-11-29 12:12:26,51.6,97.6,127.64960915760872,25.296680497925312,23.20539419087137
247,2019-11-29 23:57:06,2019-11-30 00:57:33,24.8,81.6,124.37733770784432,27.259911894273127,25.594713656387665
248,2019-11-30 14:53:18,2019-11-30 16:10:42,36.4,97.6,126.07111962826801,28.354561101549052,26.72461273666093
249,2019-12-01 03:55:49,2019-12-01 05:09:52,36.0,97.6,126.22638477182542,28.66007194244604,26.68345323741007
250,2019-12-01 17:50:31,2019-12-01 18:54:10,26.8,86.0,125.27433264123499,29.9581589958159,28.564853556485357
251,2019-12-02 03:36:55,2019-12-02 04:58:58,32.4,97.6,125.15572728783235,26.766233766233768,24.227272727272727
252,2019-12-02 16:27:52,2019-12-02 18:23:41,16.0,78.4,123.17750115518163,25.788262370540853,24.60644418872267
253,2019-12-03 01:20:56,2019-12-03 02:47:56,26.0,97.6,126.1181361518467,26.05666156202144,23.77488514548239
254,2019-12-03 13:38:08,2019-12-03 15:14:22,26.0,84.0,123.60740336206896,24.027662517289073,22.666666666666668
255,2019-12-03 20:15:11,2019-12-03 21:51:39,43.2,97.6,127.35393637663401,26.635359116022098,24.23756906077348
256,2019-12-04 07:38:59,2019-12-04 09:57:58,18.4,97.6,125.4165093048541,22.871524448705657,20.815915627996166
257,2019-12-04 20:52:05,2019-12-04 22:26:08,19.6,97.6,124.83813369123935,28.740793201133144,26.93201133144476
258,2019-12-05 03:01:30,2019-12-05 03:27:00,64.4,79.2,129.22522545045047,26.689119170984455,23.00518134715026
259,2019-12-05 18:33:43,2019-12-05 20:19:23,30.8,97.6,125.79714984198269,24.456494325346785,23.264817150063053
260,2019-12-06 03:52:49,2019-12-06 05:01:56,42.0,97.6,125.89407393085537,25.545279383429673,23.52408477842004
261,2019-12-06 22:17:46,2019-12-06 22:43:24,2.0,27.2,118.68370260692238,24.036269430051814,22.968911917098445
262,2019-12-06 22:45:02,2019-12-07 00:07:38,27.2,97.6,127.76713025568182,28.788709677419355,27.45806451612903
263,2019-12-07 05:40:13,2019-12-07 06:52:50,34.4,82.8,125.33931854051883,25.745421245421245,22.736263736263737
264,2019-12-07 12:29:09,2019-12-07 12:51:26,52.4,74.4,124.96737329545454,24.30952380952381,22.19047619047619
265,2019-12-07 17:55:47,2019-12-07 18:24:52,74.8,97.6,120.95463006213454,25.767123287671232,24.050228310502284
266,2019-12-09 16:16:55,2019-12-09 17:19:54,50.0,97.6,127.39003944619517,24.734177215189874,23.40295358649789
267,2019-12-10 03:11:36,2019-12-10 05:20:46,24.0,97.6,124.75111817632852,23.836945304437563,21.6656346749226
268,2019-12-10 16:08:20,2019-12-10 17:40:15,26.4,82.0,123.97641924960033,27.230434782608697,25.571014492753623
269,2019-12-11 01:12:58,2019-12-11 02:28:53,28.0,78.8,124.6140154008093,25.75263157894737,23.526315789473685
270,2019-12-11 13:11:59,2019-12-11 14:29:14,30.8,97.6,126.58000618554559,26.974137931034484,25.591379310344827
271,2019-12-12 19:20:54,2019-12-12 21:11:54,3.2,97.6,126.69874285399014,32.2953181272509,30.649459783913567
272,2019-12-13 06:35:17,2019-12-13 07:29:19,56.8,97.6,127.99885581427017,26.995073891625616,24.775862068965516
273,2019-12-13 19:06:26,2019-12-13 20:15:01,43.6,97.6,126.97989693930043,29.549514563106797,28.172815533980582
274,2019-12-14 03:10:46,2019-12-14 04:22:33,36.0,97.6,126.68870586670276,30.712430426716143,27.899814471243044
275,2019-12-14 11:35:09,2019-12-14 12:37:36,48.4,97.6,128.09255060411022,29.083155650319828,27.437100213219615
276,2019-12-14 17:24:51,2019-12-14 18:26:13,56.8,92.8,127.85061762345677,32.11496746203905,30.557483731019524
277,2019-12-15 02:32:30,2019-12-15 04:16:02,22.4,77.2,124.90852508982158,29.023166023166024,26.64736164736165
278,2019-12-15 09:49:49,2019-12-15 11:24:49,37.6,97.6,126.03519337268523,27.99859747545582,25.695652173913043
279,2019-12-15 23:49:16,2019-12-16 01:09:11,5.6,84.8,124.37046770131874,32.05833333333333,29.775
280,2019-12-16 15:30:18,2019-12-16 17:10:37,12.0,97.6,126.75301869807893,32.80610889774236,31.48339973439575
281,2019-12-17 03:52:00,2019-12-17 05:32:52,11.2,97.6,126.03610783018264,32.4782034346103,30.35006605019815
282,2019-12-17 17:46:56,2019-12-17 19:07:24,29.2,97.6,126.8892565525504,33.991721854304636,32.58112582781457
283,2019-12-18 08:40:21,2019-12-18 10:08:41,51.2,97.6,127.3613823515326,29.574660633484164,28.058823529411764
284,2019-12-18 23:36:11,2019-12-19 01:09:38,23.6,73.6,124.22958027222224,30.920341394025606,29.51778093883357
285,2019-12-19 05:28:54,2019-12-19 06:48:09,36.4,84.0,125.0871189221522,29.90420168067227,27.465546218487393
286,2019-12-19 16:28:01,2019-12-19 18:03:25,17.6,97.6,126.00750776388891,27.389664804469273,25.421787709497206
287,2019-12-20 00:28:30,2019-12-20 00:56:55,44.8,63.2,128.87267235054344,26.560747663551403,23.523364485981308
288,2019-12-20 05:13:12,2019-12-20 06:59:16,29.6,97.6,126.15350727328432,25.89824120603015,23.193467336683415
289,2019-12-21 08:04:11,2019-12-21 09:27:34,31.6,97.6,125.82858325126264,23.91373801916933,22.528753993610223
290,2019-12-21 17:32:20,2019-12-21 18:46:47,37.6,97.6,126.39377889583339,29.01788908765653,27.644007155635062
291,2019-12-22 01:44:48,2019-12-22 02:55:23,24.4,89.2,125.08830892489709,30.126415094339624,27.626415094339624
292,2019-12-22 22:50:52,2019-12-23 00:15:03,5.6,84.8,123.78078289667509,27.4873417721519,25.94145569620253
293,2019-12-23 15:06:05,2019-12-23 16:22:16,22.0,90.8,125.15566632550066,29.61013986013986,27.95979020979021
294,2019-12-23 21:31:24,2019-12-23 22:17:58,61.6,97.6,127.8111116975309,31.05142857142857,29.065714285714286
295,2019-12-24 15:27:11,2019-12-24 16:22:01,24.0,57.2,124.53481643239625,28.70873786407767,27.424757281553397
296,2019-12-24 16:32:57,2019-12-24 17:48:04,57.2,97.6,127.79759878300334,31.101063829787233,29.48049645390071
297,2019-12-25 00:27:35,2019-12-25 01:24:49,50.0,96.8,126.95810239791076,28.474418604651163,25.872093023255815
298,2019-12-25 07:29:42,2019-12-25 08:40:41,52.0,97.2,127.49575387782693,27.026266416510317,24.5140712945591
299,2019-12-25 23:08:30,2019-12-26 00:16:25,19.2,85.6,124.62438786186416,29.07843137254902,27.537254901960786
300,2019-12-26 04:18:51,2019-12-26 05:43:51,44.4,97.6,127.14884625104428,31.713166144200628,28.74294670846395
301,2019-12-26 20:06:01,2019-12-26 21:31:32,27.2,97.6,124.86109563999372,27.74454828660436,25.702492211838006
302,2019-12-27 17:03:00,2019-12-27 18:49:48,4.0,97.6,126.24508121290363,28.955112219451372,27.32917705735661
303,2019-12-28 02:16:23,2019-12-28 03:04:40,47.2,90.0,126.55170589628764,26.47107438016529,23.600550964187327
304,2019-12-28 12:39:04,2019-12-28 13:58:44,42.0,98.8,127.64696705301255,25.01839464882943,23.879598662207357
305,2019-12-28 21:11:33,2019-12-28 22:27:28,46.0,98.8,127.16804958964647,28.50175438596491,26.48421052631579
306,2019-12-29 05:41:23,2019-12-29 06:58:30,34.4,97.6,126.44092937763716,28.621761658031087,26.069084628670122
307,2019-12-29 10:43:42,2019-12-29 11:12:40,79.6,97.6,127.70217319444446,27.380733944954127,24.94954128440367
308,2019-12-29 19:22:20,2019-12-29 19:51:13,50.0,67.2,126.22661067506458,31.210045662100455,29.598173515981735
309,2019-12-30 03:19:54,2019-12-30 03:36:26,30.4,40.4,124.01222344444443,28.288,26.712
310,2019-12-30 03:57:38,2019-12-30 04:57:51,39.6,75.6,125.45354959876546,30.282560706401767,28.73068432671082
311,2019-12-30 12:15:55,2019-12-30 13:33:48,44.0,90.4,126.04025432710726,29.176570458404075,27.830220713073004
312,2019-12-30 23:54:20,2019-12-31 01:25:36,19.2,97.6,126.38414599454369,33.7021897810219,31.93722627737226
313,2019-12-31 13:09:40,2019-12-31 14:13:58,26.4,86.8,124.1871350487491,29.77639751552795,27.981366459627328
314,2019-12-31 22:00:58,2019-12-31 23:22:05,25.6,97.6,126.16299667824073,32.4696223316913,29.74055829228243
315,2020-01-01 03:54:18,2020-01-01 04:45:16,59.6,97.6,127.43298177266085,30.89556135770235,27.446475195822455
316,2020-01-01 14:29:12,2020-01-01 15:52:36,27.6,90.8,125.53961294611464,27.313099041533548,25.562300319488816
317,2020-01-02 00:01:36,2020-01-02 01:12:35,20.0,85.6,126.3201088520495,28.212007504690433,25.99437148217636
318,2020-01-02 13:11:32,2020-01-02 14:04:22,45.6,91.6,126.06651967089373,25.96725440806045,24.624685138539043
319,2020-01-02 23:59:46,2020-01-03 01:05:57,29.6,91.2,126.50222129103534,27.963782696177063,26.164989939637827
320,2020-01-03 13:58:18,2020-01-03 15:16:21,35.2,97.6,126.1471802817842,29.47952218430034,28.01023890784983
321,2020-01-05 15:15:51,2020-01-05 17:03:18,23.2,88.0,124.87142696759261,28.743494423791823,27.20446096654275
322,2020-01-05 21:15:15,2020-01-05 21:54:45,63.2,86.4,127.83969412116858,29.723905723905723,28.15824915824916
323,2020-01-06 03:05:46,2020-01-06 03:33:47,40.0,56.8,125.48597362764555,28.24170616113744,26.232227488151658
324,2020-01-06 04:04:36,2020-01-06 04:32:29,56.8,73.2,127.95531295731703,29.0,27.0
325,2020-01-06 05:16:47,2020-01-06 05:39:44,80.4,94.0,126.87666227532688,29.0,27.23121387283237
326,2020-01-06 12:53:07,2020-01-06 13:12:12,31.2,42.4,127.70089474206347,28.65277777777778,27.3125
327,2020-01-06 15:54:02,2020-01-06 16:13:47,42.4,54.0,127.70641886973179,29.469798657718123,28.469798657718123
328,2020-01-06 21:09:24,2020-01-06 21:25:48,59.6,69.2,128.14004780092588,29.0,27.911290322580644
329,2020-01-07 02:48:54,2020-01-07 04:09:21,21.6,93.2,125.85319852576042,31.412251655629138,29.66390728476821
330,2020-01-07 17:13:15,2020-01-07 18:50:55,15.2,97.6,125.57095233616509,34.6862210095498,33.11869031377899
331,2020-01-08 13:34:00,2020-01-08 14:41:55,44.0,97.6,127.78655800165839,30.38235294117647,29.001960784313727
332,2020-01-08 22:46:30,2020-01-09 00:17:21,18.4,97.2,125.00138531972642,33.21847507331378,31.13782991202346
333,2020-01-09 15:46:25,2020-01-09 16:53:16,57.6,97.6,127.99512910416668,28.54183266932271,27.336653386454184
334,2020-01-10 00:18:21,2020-01-10 01:40:40,30.4,80.0,124.74739549171147,30.393203883495147,28.346278317152105
335,2020-01-10 03:43:33,2020-01-10 04:22:07,66.0,97.2,126.80187130074788,31.479310344827585,28.724137931034484
336,2020-01-10 18:21:04,2020-01-10 19:57:24,16.8,97.6,125.55738178114689,32.933609958506224,31.540802213001385
337,2020-01-11 03:21:53,2020-01-11 05:00:29,14.4,97.6,126.4042437483307,32.972972972972975,30.244594594594595
338,2020-01-11 12:11:27,2020-01-11 13:19:21,57.2,96.8,128.05281559343436,30.24705882352941,28.154901960784315
339,2020-01-12 00:05:18,2020-01-12 03:10:58,34.0,97.6,125.70396454839275,22.735821966977745,20.979181622397704
340,2020-01-12 15:24:50,2020-01-12 17:40:23,18.0,97.6,123.68823329145728,25.406096361848576,24.11701081612586
341,2020-01-13 13:29:45,2020-01-13 14:31:40,52.4,97.6,126.19328901794495,24.89677419354839,23.350537634408603
342,2020-01-14 00:59:43,2020-01-14 02:54:36,25.6,97.6,125.78321059413582,25.894431554524363,24.299303944315547
343,2020-01-14 20:03:05,2020-01-14 21:23:08,33.6,97.6,125.33155411024308,27.826955074875208,26.617304492512478
344,2020-01-15 11:02:12,2020-01-15 12:11:27,30.4,92.0,125.45051415945167,25.653846153846153,24.33076923076923
345,2020-01-16 00:37:53,2020-01-16 02:09:05,19.6,75.2,123.32614144684251,29.164723032069972,27.635568513119534
346,2020-01-16 06:14:19,2020-01-16 07:29:02,55.2,97.6,127.75585890330193,29.331550802139038,26.875222816399287
347,2020-01-16 23:17:29,2020-01-17 00:30:43,31.2,94.8,125.7809931210692,27.189090909090908,24.96727272727273
348,2020-01-17 16:59:05,2020-01-17 18:03:47,32.8,90.8,123.97512145833332,23.296296296296298,22.096707818930042
349,2020-01-18 22:22:36,2020-01-19 00:22:48,22.4,97.6,123.20269880134458,24.606430155210642,23.586474501108647
350,2020-01-19 03:44:20,2020-01-19 04:53:27,42.0,97.6,126.39559080735413,28.88246628131021,25.813102119460503
351,2020-01-19 09:52:59,2020-01-19 11:01:02,46.8,97.6,127.35529653051184,26.246575342465754,22.927592954990214
352,2020-01-19 19:28:39,2020-01-19 20:41:46,44.4,97.6,127.09309054928993,22.86520947176685,20.335154826958107
353,2020-01-20 02:08:04,2020-01-20 02:58:39,48.8,92.0,126.97766384066358,23.010526315789473,20.542105263157893
354,2020-01-20 09:30:46,2020-01-20 10:54:26,33.2,97.6,125.9654273809524,24.023885350318473,21.843949044585987
355,2020-01-20 19:43:49,2020-01-20 22:00:19,10.4,97.6,124.15311620954385,27.7373046875,25.7783203125
356,2020-01-21 13:16:08,2020-01-21 14:26:02,58.0,97.6,127.61268430134682,23.428571428571427,22.79047619047619
357,2020-01-22 18:44:37,2020-01-22 20:49:30,13.6,88.8,124.52652191193853,29.056503198294244,27.68230277185501
358,2020-01-23 02:27:57,2020-01-23 03:34:55,42.0,97.6,125.77994785921263,31.707753479125248,29.805168986083498
359,2020-01-23 23:18:42,2020-01-24 00:44:18,24.0,97.6,123.50355865036235,30.731366459627328,29.399068322981368
360,2020-01-24 08:12:44,2020-01-24 09:22:55,40.0,97.6,124.42601175009649,30.174573055028464,28.0
361,2020-01-24 18:13:42,2020-01-24 19:49:38,36.4,92.4,124.11628347222221,30.920833333333334,29.566666666666666
362,2020-01-25 04:00:39,2020-01-25 06:03:16,32.0,97.6,124.30243363397699,29.304347826086957,26.991304347826087
363,2020-01-26 09:06:38,2020-01-26 11:06:11,36.8,97.6,124.19869941748902,16.84169453734671,15.382385730211817
364,2020-01-26 16:10:55,2020-01-26 17:16:43,50.0,97.6,125.1362021212652,22.002024291497975,20.224696356275302
365,2020-01-26 22:24:46,2020-01-26 23:38:01,40.4,97.6,124.11323638548953,23.21272727272727,20.676363636363636
366,2020-01-27 17:57:03,2020-01-27 19:24:58,27.6,97.6,123.02253237499998,22.79090909090909,21.4
367,2020-01-28 19:02:03,2020-01-28 20:19:43,38.4,97.6,123.5699683464715,20.850771869639793,19.873070325900514
368,2020-01-29 13:11:11,2020-01-29 14:25:13,24.0,91.6,121.95294518614399,19.89388489208633,18.74820143884892
369,2020-01-29 21:13:32,2020-01-29 22:26:07,43.2,97.6,124.86135464409725,23.001834862385323,20.673394495412843
370,2020-01-30 16:59:58,2020-01-30 17:57:03,56.8,97.6,126.0002936342593,23.209302325581394,21.667441860465118
371,2020-01-31 11:23:58,2020-01-31 12:25:36,56.8,97.6,124.44141916870915,18.069114470842333,16.99136069114471
372,2020-02-01 12:50:13,2020-02-01 14:36:58,44.8,97.6,124.95639206649834,19.470661672908864,18.213483146067414
373,2020-02-04 21:21:21,2020-02-04 22:36:52,40.8,97.6,124.54003869082553,21.758377425044092,20.63668430335097
374,2020-02-05 15:06:48,2020-02-05 15:58:02,65.2,97.6,125.35517838648842,19.9012987012987,18.587012987012987
375,2020-02-05 22:39:32,2020-02-06 00:16:16,38.8,97.6,124.45355088104687,23.829201101928376,22.352617079889807
376,2020-02-06 22:33:11,2020-02-07 00:42:21,20.4,97.6,122.49861561600461,26.486068111455108,24.90299277605779
377,2020-02-07 15:02:01,2020-02-07 15:36:51,81.2,97.6,125.64892706978328,21.96564885496183,20.954198473282442
378,2020-02-07 22:10:15,2020-02-08 00:33:57,4.8,97.6,125.41352163104649,27.15677179962894,25.430426716141003
379,2020-02-08 15:00:29,2020-02-08 16:55:13,29.6,97.6,123.26001841503269,24.228803716608596,23.083623693379792
380,2020-02-09 01:37:13,2020-02-09 03:24:10,7.6,97.6,124.39525370679014,26.164383561643834,23.68617683686177
381,2020-02-09 16:16:50,2020-02-09 17:15:24,65.2,97.6,125.81103617969825,21.4,20.46818181818182
382,2020-02-09 22:20:29,2020-02-09 23:44:09,48.0,97.6,125.72259476366492,24.670382165605094,22.788216560509554
383,2020-02-10 15:46:13,2020-02-10 17:28:09,34.8,97.6,124.41221407245224,23.584313725490198,22.25751633986928
384,2020-02-11 01:18:17,2020-02-11 02:01:55,70.0,97.6,124.52325967693238,23.710365853658537,21.884146341463413
385,2020-02-12 01:01:03,2020-02-12 02:31:47,21.6,97.6,122.27189050621348,25.002936857562407,23.580029368575623
386,2020-02-12 03:38:51,2020-02-12 04:05:08,89.2,97.6,129.3769859788361,26.0,23.525252525252526
387,2020-02-12 17:17:50,2020-02-12 17:50:23,79.6,97.6,124.12062359567899,22.526530612244898,21.571428571428573
388,2020-02-13 18:42:53,2020-02-13 20:09:53,25.2,97.6,122.718679730663,26.931087289433385,25.638591117917304
389,2020-02-14 10:57:31,2020-02-14 11:53:34,71.2,97.6,126.97809469234012,23.406175771971498,21.897862232779097
390,2020-02-15 02:36:36,2020-02-15 03:52:56,32.8,97.6,124.57263705847052,28.333333333333332,26.43106457242583
391,2020-02-17 14:08:26,2020-02-17 15:01:00,17.2,35.6,123.69082137681158,17.374683544303796,15.883544303797468
392,2020-02-17 15:03:56,2020-02-17 16:45:52,35.2,90.8,121.889657793765,21.324183006535947,19.70718954248366
393,2020-02-18 12:25:57,2020-02-18 14:07:13,6.8,97.2,122.35749677359881,22.90921052631579,21.605263157894736
394,2020-02-18 23:12:39,2020-02-19 00:34:42,33.2,97.6,124.24284746161148,24.868506493506494,22.558441558441558
395,2020-02-19 12:14:04,2020-02-19 13:30:39,58.0,97.6,126.13466593714928,20.89913043478261,19.8
396,2020-02-20 14:16:17,2020-02-20 15:11:47,54.4,97.6,125.35235546875003,25.503597122302157,24.15347721822542
397,2020-02-20 23:05:18,2020-02-21 00:00:49,55.2,97.6,125.99315935207025,26.297362110311752,24.52997601918465
398,2020-02-21 17:59:07,2020-02-21 19:18:39,30.0,97.6,123.73540452210719,30.619765494137354,29.42713567839196
399,2020-02-22 11:39:59,2020-02-22 12:36:49,53.2,97.6,125.20527675800804,26.501170960187352,25.34192037470726
400,2020-02-22 19:52:45,2020-02-22 20:57:12,44.4,97.6,125.24693907163747,31.90289256198347,30.134297520661157
401,2020-02-23 21:07:39,2020-02-23 22:27:10,29.2,97.6,123.82417398879146,30.175879396984925,28.75544388609715
402,2020-02-24 16:52:59,2020-02-24 18:26:47,36.8,97.6,124.10013005071275,30.875,29.703125
403,2020-02-26 16:34:24,2020-02-26 18:11:32,12.8,97.6,124.80897980542454,32.25514403292181,31.134430727023318
404,2020-02-28 09:44:44,2020-02-28 10:56:31,38.4,97.6,124.717281371997,26.623376623376622,25.6734693877551
405,2020-02-28 19:41:36,2020-02-28 20:20:34,69.2,97.6,125.95844500195624,29.50853242320819,28.25938566552901
406,2020-02-28 23:02:48,2020-02-28 23:47:46,64.4,97.6,125.1692849230255,30.547337278106507,28.562130177514792
407,2020-02-29 02:37:58,2020-02-29 03:45:05,42.0,97.6,125.77416585731417,32.666666666666664,29.96230158730159
408,2020-03-01 09:14:39,2020-03-01 10:51:39,36.0,97.6,124.16635609668111,27.1510989010989,26.229395604395606
409,2020-03-01 19:55:43,2020-03-01 21:00:58,43.2,97.6,124.96721128727535,34.03061224489796,32.251020408163264
410,2020-03-02 15:08:46,2020-03-02 16:06:16,51.2,97.6,124.78308108536879,28.671296296296298,27.48148148148148
411,2020-03-02 23:28:10,2020-03-03 00:27:40,50.8,97.6,125.19320919396961,29.2662192393736,27.41834451901566
412,2020-03-04 08:35:23,2020-03-04 10:28:24,24.4,97.6,123.01426409380693,25.349056603773583,24.34551886792453
413,2020-03-05 07:11:10,2020-03-05 09:18:04,16.0,97.6,123.15195429942811,21.228991596638654,20.432773109243698
414,2020-03-09 10:06:04,2020-03-09 11:32:24,41.6,97.6,123.52868216517861,25.962962962962962,25.20216049382716
415,2020-03-10 14:08:45,2020-03-10 16:33:15,2.8,97.6,123.95614425984532,29.623616236162363,28.263837638376383
416,2020-03-11 18:07:48,2020-03-11 19:33:19,24.0,97.6,122.13276793289553,28.3411214953271,27.222741433021806
417,2020-03-12 10:34:19,2020-03-12 12:46:25,48.0,96.0,124.48909292534725,24.304742684157418,23.25731584258325
418,2020-03-12 19:37:33,2020-03-12 20:15:59,52.8,76.4,122.54034023069676,27.577854671280278,26.20069204152249
419,2020-03-13 12:22:36,2020-03-13 13:47:22,24.0,97.6,123.1254118206522,30.301412872841443,29.08006279434851
420,2020-03-14 10:15:59,2020-03-14 11:28:58,37.2,97.6,123.0071638589956,25.324817518248175,24.244525547445257
421,2020-03-15 00:17:04,2020-03-15 01:28:26,33.6,97.6,122.64059323784726,29.475746268656717,27.80597014925373
422,2020-03-15 06:17:10,2020-03-15 07:16:49,47.6,97.6,124.94484399444448,29.53125,27.049107142857142
423,2020-03-16 09:23:27,2020-03-16 10:51:23,17.6,97.6,122.78014629513889,27.993939393939392,26.913636363636364
424,2020-03-18 11:53:51,2020-03-18 12:48:49,55.2,97.6,124.37386444247909,25.203389830508474,24.10169491525424
425,2020-03-19 11:55:24,2020-03-19 13:12:15,30.4,97.6,122.67495992270176,27.500866551126517,25.91681109185442
426,2020-03-19 23:09:18,2020-03-20 00:20:57,36.0,97.6,123.12498090728718,27.0910780669145,25.087360594795538
427,2020-03-20 23:49:08,2020-03-21 01:16:00,21.2,97.6,122.79790799883659,28.311349693251532,27.012269938650306
428,2020-03-21 16:08:04,2020-03-21 17:19:51,35.2,97.6,123.59502625756768,30.78107606679035,29.510204081632654
429,2020-03-22 15:18:18,2020-03-22 16:52:54,14.0,97.6,123.36946276083201,37.287323943661974,35.11408450704225
430,2020-03-23 12:18:17,2020-03-23 13:23:16,52.8,96.0,123.16256189879114,32.15983606557377,30.954918032786885
431,2020-03-23 20:34:49,2020-03-23 21:53:01,29.2,97.6,123.66498762995455,36.64565587734242,34.947189097103916
432,2020-03-24 15:05:17,2020-03-24 15:56:55,40.0,88.8,122.91779242941713,33.391752577319586,32.141752577319586
433,2020-03-25 01:31:41,2020-03-25 03:07:13,12.8,97.6,123.56491469143083,34.53835425383542,32.2510460251046
434,2020-03-25 12:16:37,2020-03-25 13:58:33,29.2,97.6,122.76330461338534,33.237908496732025,31.54640522875817
435,2020-03-25 21:25:29,2020-03-25 22:42:28,47.2,97.6,124.63123853615524,33.26297577854671,31.410034602076124
436,2020-03-26 14:17:19,2020-03-26 15:13:45,36.4,89.6,122.57163674812033,32.10377358490566,30.74056603773585
437,2020-03-26 22:56:55,2020-03-27 00:05:25,38.8,97.6,123.62346591789495,33.15922330097087,31.37281553398058
438,2020-03-27 03:43:49,2020-03-27 04:19:02,70.4,97.6,124.83074142667492,32.886792452830186,30.12452830188679
439,2020-03-27 21:03:39,2020-03-27 22:48:15,16.0,87.2,122.41522747347065,30.777070063694268,28.32611464968153
440,2020-03-27 22:50:59,2020-03-27 23:07:45,87.6,97.6,127.23126684722219,33.0,30.905511811023622
441,2020-03-28 04:02:07,2020-03-28 05:18:35,49.6,95.6,124.54696061896135,30.614982578397214,27.777003484320556
442,2020-03-28 11:30:41,2020-03-28 12:31:08,48.8,97.6,124.34487259505921,29.198237885462554,26.383259911894275
443,2020-03-28 21:28:55,2020-03-28 22:02:24,74.4,97.6,124.66475563936787,26.67063492063492,24.956349206349206
444,2020-03-29 04:49:38,2020-03-29 06:09:33,29.6,97.6,123.1807054901961,29.241666666666667,26.59
445,2020-03-29 15:36:45,2020-03-29 16:30:15,53.6,97.6,123.65091242424246,25.71712158808933,24.327543424317618
446,2020-03-30 01:27:09,2020-03-30 02:47:52,28.4,97.6,123.30797134112078,28.257425742574256,25.193069306930692
447,2020-03-30 20:33:23,2020-03-30 21:33:33,36.0,91.2,121.25578675020128,23.402654867256636,21.672566371681416
448,2020-03-31 05:26:23,2020-03-31 06:45:07,36.0,97.6,123.79770205853178,23.759729272419627,21.671742808798648
449,2020-03-31 15:04:10,2020-03-31 15:37:15,68.0,86.4,124.5181352807971,20.895582329317268,19.216867469879517
450,2020-03-31 19:28:13,2020-03-31 20:10:38,62.0,96.0,123.31084664624183,22.20689655172414,20.510971786833856
451,2020-04-01 17:02:02,2020-04-01 18:33:58,18.8,97.6,122.13417643647773,24.882608695652173,23.702898550724637
452,2020-04-02 01:11:02,2020-04-02 02:57:23,38.8,97.6,123.64984617583146,24.6265664160401,22.162907268170425
453,2020-04-02 13:19:13,2020-04-02 14:41:16,28.4,97.6,121.7604154905267,25.198051948051948,23.780844155844157
454,2020-04-02 20:22:34,2020-04-02 21:24:12,47.2,97.6,124.4924156222443,28.609071274298056,26.332613390928724
455,2020-04-03 03:50:50,2020-04-03 04:36:52,60.0,97.6,124.40113356235227,26.708092485549134,24.49421965317919
456,2020-04-03 20:46:31,2020-04-03 21:50:34,32.4,72.0,120.4661465979237,23.241164241164242,21.46153846153846
457,2020-04-03 21:59:47,2020-04-03 22:48:21,72.8,97.6,124.79862793458783,24.991780821917807,23.361643835616437
458,2020-04-04 03:50:26,2020-04-04 04:36:12,66.8,97.6,124.4320693948413,24.732558139534884,22.421511627906977
459,2020-04-04 23:05:10,2020-04-05 00:36:50,16.4,97.6,122.47043986897921,27.20762711864407,26.02436440677966
460,2020-04-05 18:58:33,2020-04-05 21:29:27,22.8,82.8,120.68092738657406,21.774734982332156,20.351590106007066
461,2020-04-05 22:03:12,2020-04-05 22:45:50,82.8,97.6,125.10683420420423,23.0,22.0
462,2020-04-06 04:59:26,2020-04-06 06:05:05,48.4,97.6,124.46855556684736,23.975659229208926,22.04868154158215
463,2020-04-06 17:51:25,2020-04-06 19:20:48,23.2,97.6,122.39732709640087,23.853949329359164,22.092399403874815
464,2020-04-07 01:07:42,2020-04-07 01:52:48,67.6,97.6,125.31052582407408,22.820058997050147,20.557522123893804
465,2020-04-07 09:36:31,2020-04-07 09:56:30,72.8,90.0,121.06364746447026,21.49342105263158,20.17763157894737
466,2020-04-07 10:43:04,2020-04-07 11:02:01,90.0,97.6,126.51060409356734,22.0,20.993006993006993
467,2020-04-07 16:47:37,2020-04-07 17:57:39,50.4,75.2,122.84749330197131,25.0,23.992395437262356
468,2020-04-07 19:56:23,2020-04-07 20:59:29,56.0,97.6,123.55998230502139,27.5042194092827,26.223628691983123
469,2020-04-08 01:39:58,2020-04-08 03:00:25,52.0,97.6,124.54680426413256,28.0,25.89072847682119
470,2020-04-08 18:37:41,2020-04-08 19:43:51,41.2,97.6,123.32773499802995,30.432595573440643,29.27565392354125
471,2020-04-09 13:48:04,2020-04-09 14:53:51,41.2,80.4,121.97978906958618,30.425101214574898,28.817813765182187
472,2020-04-10 10:27:16,2020-04-10 11:47:52,27.2,97.6,122.46021156092172,28.986798679867988,27.684818481848186
473,2020-04-11 17:46:50,2020-04-11 21:38:20,16.0,97.6,121.9678227260349,27.072580645161292,26.018433179723502
474,2020-04-12 04:00:08,2020-04-12 05:28:28,51.2,97.6,125.01684616259581,24.94419306184012,22.787330316742082
475,2020-04-12 14:21:40,2020-04-12 15:19:19,54.0,97.6,124.533076401631,28.41108545034642,27.09699769053118
476,2020-04-12 21:57:42,2020-04-12 22:31:28,74.8,97.6,125.05391918250488,27.940944881889763,26.744094488188978
477,2020-04-13 14:23:27,2020-04-13 15:41:39,27.6,97.2,122.61187788354088,30.422487223168655,28.943781942078363
478,2020-04-13 23:08:52,2020-04-14 00:13:19,42.8,97.6,123.99447374543797,31.02892561983471,28.46900826446281
479,2020-04-14 07:20:32,2020-04-14 08:25:23,42.8,97.6,123.95825598641525,29.006160164271048,26.49281314168378
480,2020-04-15 12:46:14,2020-04-15 14:09:27,39.6,85.2,121.6447370614035,27.5728,25.9024
481,2020-04-15 14:13:04,2020-04-15 14:36:49,84.8,97.6,123.69878480902781,29.150837988826815,27.793296089385475
482,2020-04-15 22:39:05,2020-04-15 23:42:12,43.2,97.2,123.94810482510286,31.98945147679325,30.164556962025316
483,2020-04-16 13:46:23,2020-04-16 14:32:25,46.4,89.2,122.80309151739355,31.387283236994218,30.11849710982659
484,2020-04-17 00:50:54,2020-04-17 02:25:22,14.0,97.6,122.95827498670921,33.267983074753175,31.183356840620593
485,2020-04-17 17:59:45,2020-04-17 19:21:56,25.6,97.6,122.7980674344136,33.73905996758509,32.570502431118314
486,2020-04-19 19:51:45,2020-04-19 21:10:44,28.4,97.6,122.53287968850357,34.40809443507589,32.952782462057336
487,2020-04-20 06:23:25,2020-04-20 07:13:43,56.0,97.6,124.3328549879808,32.53968253968254,30.465608465608465
488,2020-04-20 18:41:04,2020-04-20 19:24:26,46.0,87.6,123.38548999065173,35.91717791411043,34.33742331288344
489,2020-04-20 23:21:12,2020-04-21 00:11:46,55.6,97.6,125.05430773809528,36.757894736842104,34.623684210526314
490,2020-04-21 15:09:56,2020-04-21 16:14:23,41.6,97.6,123.83342554811512,36.79545454545455,34.646694214876035
491,2020-04-22 01:37:03,2020-04-22 02:55:43,17.2,86.8,122.37823727250962,35.16074450084602,33.186125211505924
492,2020-04-22 11:44:37,2020-04-22 12:55:52,37.2,97.6,123.61078754598971,31.22429906542056,27.97570093457944
493,2020-04-23 12:52:50,2020-04-23 13:19:00,41.6,67.2,120.27779302300345,24.22151898734177,22.9873417721519
494,2020-04-23 13:19:21,2020-04-23 13:49:31,67.6,92.8,124.27140487213406,26.54945054945055,25.318681318681318
495,2020-04-23 21:42:28,2020-04-23 22:13:08,76.8,96.8,124.45349104166668,25.38918918918919,24.0
496,2020-04-24 10:37:48,2020-04-24 11:05:48,62.4,79.2,124.99999999999997,22.301775147928993,21.307692307692307
497,2020-04-24 11:06:09,2020-04-24 11:35:09,79.6,96.0,124.28775906165303,23.314285714285713,22.325714285714287
498,2020-04-24 19:14:52,2020-04-24 19:50:42,55.2,88.4,123.10909508868811,25.171296296296298,23.916666666666668
499,2020-04-24 19:51:03,2020-04-24 20:09:53,88.4,97.6,126.52328291062823,26.0,25.0
500,2020-04-25 02:51:58,2020-04-25 04:04:08,18.8,87.6,121.94112314882106,27.874538745387454,25.69741697416974
501,2020-04-25 04:13:13,2020-04-25 04:26:49,86.8,95.2,123.83072394179884,30.0,28.0
502,2020-04-25 09:21:24,2020-04-25 10:01:25,67.6,97.6,124.04259317592594,27.634551495016613,24.963455149501662
503,2020-04-26 11:15:35,2020-04-26 11:38:05,44.4,65.6,123.78799947589103,24.50735294117647,23.74264705882353
504,2020-04-26 11:38:26,2020-04-26 12:08:36,66.0,91.6,124.64627457682296,26.582417582417584,25.95054945054945
505,2020-04-26 22:41:17,2020-04-26 23:14:07,41.2,72.8,121.09221523382566,33.23232323232323,31.606060606060606
506,2020-04-26 23:14:28,2020-04-26 23:46:46,73.2,97.6,125.59045790642081,34.83673469387755,33.0
507,2020-04-27 13:05:01,2020-04-27 13:35:01,21.2,39.6,122.63816123188404,31.58011049723757,29.480662983425415
508,2020-04-27 13:35:22,2020-04-27 14:08:22,39.6,60.4,119.30157558760688,33.58793969849246,31.633165829145728
509,2020-04-27 14:08:43,2020-04-27 14:37:23,60.8,78.4,122.60261553030296,34.676300578034684,33.0
510,2020-04-27 14:37:44,2020-04-27 15:05:24,78.8,95.2,126.38975635162602,35.0,33.0
511,2020-04-28 14:23:27,2020-04-28 14:40:27,41.2,51.6,122.59615384615385,32.46601941747573,31.21359223300971
512,2020-04-28 15:58:40,2020-04-28 16:16:45,81.6,92.8,120.92261619543652,34.21818181818182,33.0
513,2020-04-29 04:34:18,2020-04-29 04:59:28,50.0,65.6,121.14764084757836,29.69078947368421,27.81578947368421
514,2020-04-29 04:59:49,2020-04-29 05:28:09,65.6,83.2,121.00697127525251,30.181286549707604,28.596491228070175
515,2020-04-29 05:28:30,2020-04-29 05:52:30,83.2,97.6,124.39237413194455,31.0,29.0
516,2020-04-29 16:53:07,2020-04-29 17:22:47,22.8,40.8,123.88582993827164,36.54189944134078,34.502793296089386
517,2020-04-29 17:23:08,2020-04-29 17:53:08,41.2,60.0,119.94683510638299,38.187845303867405,36.10497237569061
518,2020-04-29 18:18:20,2020-04-29 18:49:20,65.2,84.0,123.94506294326244,38.0,36.0
519,2020-04-29 23:33:13,2020-04-29 23:58:33,34.0,58.4,121.12819376138432,38.22222222222222,35.627450980392155
520,2020-04-29 23:58:54,2020-04-30 00:27:44,58.8,86.0,123.53451940359474,39.98850574712644,37.14942528735632
521,2020-04-30 00:28:05,2020-04-30 00:46:35,86.4,97.6,131.02928286210332,40.05357142857143,37.267857142857146
522,2020-04-30 03:25:05,2020-04-30 03:46:05,74.0,86.4,127.03295810931894,37.0,33.0
523,2020-04-30 03:46:26,2020-04-30 04:05:36,86.8,97.6,126.10211831275721,37.0,33.0
524,2020-04-30 17:37:23,2020-04-30 18:07:33,27.6,48.0,122.95137438725492,36.2967032967033,34.505494505494504
525,2020-04-30 18:07:54,2020-04-30 18:36:04,48.4,68.0,119.4416085600907,37.72352941176471,35.99411764705882
526,2020-04-30 18:36:25,2020-04-30 19:04:45,68.0,87.2,122.73001779513888,38.0,36.0
527,2020-04-30 19:05:06,2020-04-30 19:22:16,87.6,97.6,129.6069844444445,38.0,36.0
528,2020-05-01 06:26:32,2020-05-01 06:44:42,62.8,80.0,123.20574757751932,31.863636363636363,29.8
529,2020-05-01 06:45:03,2020-05-01 07:09:53,80.4,97.6,127.59851396963835,32.93333333333333,30.933333333333334
530,2020-05-02 00:47:19,2020-05-02 01:05:29,10.4,27.6,122.92717966731263,32.972727272727276,31.318181818181817
531,2020-05-02 01:05:50,2020-05-02 01:33:30,28.0,54.4,121.9718192340068,35.053892215568865,33.64670658682635
532,2020-05-02 01:33:51,2020-05-02 02:06:31,54.8,85.6,123.49161593614717,37.77157360406091,36.0507614213198
533,2020-05-02 02:06:52,2020-05-02 02:25:42,86.0,97.6,128.68656872605368,38.14035087719298,36.45614035087719
534,2020-05-02 14:42:35,2020-05-02 15:14:55,17.6,39.6,121.8238965277778,35.22051282051282,33.99487179487179
535,2020-05-02 15:15:16,2020-05-02 15:49:06,40.0,63.6,118.78769232580038,37.627450980392155,36.47549019607843
536,2020-05-02 15:49:27,2020-05-02 16:23:27,63.6,86.8,121.52122970545982,38.98048780487805,37.673170731707316
537,2020-05-02 16:23:48,2020-05-02 16:41:48,86.8,97.6,126.71813978909469,39.0,38.0
538,2020-05-03 09:58:44,2020-05-03 10:23:14,34.0,49.2,121.42820696271927,30.64189189189189,29.93918918918919
539,2020-05-03 10:23:35,2020-05-03 10:52:15,49.2,67.2,119.9753351851852,32.14450867052023,31.21965317919075
540,2020-05-03 10:52:36,2020-05-03 11:24:26,67.6,86.8,124.9016480034722,33.0,32.0
541,2020-05-03 11:24:47,2020-05-03 11:42:47,87.2,97.6,128.66322315705142,33.44954128440367,32.0
542,2020-05-04 12:16:45,2020-05-04 12:47:45,44.0,53.6,121.09374999999997,35.0,33.37433155080214
543,2020-05-04 12:48:06,2020-05-04 13:15:46,54.0,62.4,123.51190476190479,35.0,34.0
544,2020-05-04 13:16:07,2020-05-04 13:49:57,62.4,72.8,121.99519230769234,35.0,34.0
545,2020-05-04 13:50:18,2020-05-04 14:17:28,72.8,80.8,127.34375,35.292682926829265,34.0
546,2020-05-04 14:17:49,2020-05-04 14:48:39,81.2,90.0,131.3920454545455,36.0,34.0
547,2020-05-04 14:49:00,2020-05-04 15:15:30,90.4,97.6,136.53361439043235,36.0,34.0
548,2020-05-04 19:25:30,2020-05-04 19:43:20,86.4,97.6,125.74652318948425,38.68518518518518,37.0
549,2020-05-05 19:40:23,2020-05-05 20:10:43,13.2,43.2,120.91669157407408,39.95628415300546,38.63934426229508
550,2020-05-05 20:11:04,2020-05-05 20:39:44,43.2,71.2,122.40577728174604,43.052023121387286,41.433526011560694
551,2020-05-05 20:40:05,2020-05-05 20:57:05,71.6,88.0,123.8872147696477,44.0,42.077669902912625
552,2020-05-06 14:11:25,2020-05-06 14:31:05,14.8,33.6,121.72947569444446,38.90756302521008,36.72268907563025
553,2020-05-06 14:31:26,2020-05-06 15:03:36,34.0,64.8,121.44256628787879,41.51546391752577,39.54123711340206
554,2020-05-06 15:03:57,2020-05-06 15:31:07,65.2,89.6,124.96074100637529,43.16463414634146,41.359756097560975
555,2020-05-06 23:54:59,2020-05-07 00:12:39,17.6,34.8,122.03731669896646,38.3177570093458,35.598130841121495
556,2020-05-07 00:13:00,2020-05-07 00:44:10,35.2,65.6,121.99103198099417,40.82446808510638,38.159574468085104
557,2020-05-07 00:44:31,2020-05-07 01:16:11,66.0,93.2,125.40542902369283,42.712041884816756,39.74869109947644
558,2020-05-07 15:09:08,2020-05-07 15:37:28,24.8,42.0,122.17377260981912,37.49122807017544,35.83625730994152
559,2020-05-07 15:37:49,2020-05-07 16:04:49,42.4,59.2,119.19642857142854,39.16564417177914,37.56441717791411
560,2020-05-07 16:05:10,2020-05-07 16:34:40,59.2,77.2,121.55092592592594,40.0,38.0
561,2020-05-08 03:49:31,2020-05-08 04:21:21,31.2,61.6,121.92115099597956,37.1875,35.416666666666664
562,2020-05-08 04:21:42,2020-05-08 04:47:32,62.0,86.4,123.2553636725865,39.0,37.06410256410256
563,2020-05-08 04:47:53,2020-05-08 05:05:53,86.8,97.6,130.4128302469136,39.137614678899084,37.174311926605505
564,2020-05-08 19:38:19,2020-05-08 20:08:49,27.6,48.4,122.19551282051285,37.84782608695652,36.66304347826087
565,2020-05-08 20:09:10,2020-05-08 20:40:50,48.8,70.4,122.16242200360077,39.68062827225131,38.617801047120416
566,2020-05-08 20:41:11,2020-05-08 21:09:41,70.8,90.0,123.69791666666666,40.23255813953488,39.0
567,2020-05-09 07:00:31,2020-05-09 07:24:01,26.0,42.0,122.13713246527777,35.598591549295776,33.605633802816904
568,2020-05-09 07:24:22,2020-05-09 07:55:12,42.4,63.6,120.92896763626833,37.24193548387097,35.23118279569893
569,2020-05-09 07:55:33,2020-05-09 08:23:23,64.0,82.8,123.12497621158394,38.0,36.0
570,2020-05-09 08:23:44,2020-05-09 08:47:44,82.8,97.6,126.82809375000002,38.0,36.0
571,2020-05-09 23:40:46,2020-05-10 00:06:46,16.4,34.4,121.03322121913583,37.28025477707006,35.53503184713376
572,2020-05-10 04:11:25,2020-05-10 04:40:05,40.4,60.4,120.13893444444447,36.30057803468208,34.53179190751445
573,2020-05-10 04:40:26,2020-05-10 05:08:26,60.8,79.6,124.85820567375892,37.44378698224852,35.633136094674555
574,2020-05-10 05:08:47,2020-05-10 05:35:47,80.0,97.2,125.13408373708008,38.0,36.0
575,2020-05-10 16:41:56,2020-05-10 17:07:56,55.2,80.0,122.20654357078855,33.77707006369427,31.18471337579618
576,2020-05-10 17:08:17,2020-05-10 17:35:37,80.0,97.6,125.38512113320712,34.945454545454545,32.012121212121215
577,2020-05-11 11:14:26,2020-05-11 11:43:56,20.4,40.4,122.91666666666666,31.98314606741573,30.780898876404493
578,2020-05-11 11:44:17,2020-05-11 12:12:57,40.8,61.2,117.10239651416119,34.47976878612717,33.26589595375722
579,2020-05-11 12:13:18,2020-05-11 12:44:58,61.2,83.2,119.94949494949496,35.83769633507853,34.544502617801044
580,2020-05-11 12:45:19,2020-05-11 13:09:19,83.2,97.6,127.13057716049387,36.324137931034485,35.10344827586207
581,2020-05-12 07:59:04,2020-05-12 08:32:04,32.0,63.6,120.84650712025318,30.86934673366834,29.824120603015075
582,2020-05-12 08:32:25,2020-05-12 09:03:35,64.0,91.2,123.11886238766338,33.51063829787234,32.484042553191486
583,2020-05-12 22:19:59,2020-05-12 22:41:49,30.8,44.4,122.08438541666669,35.06060606060606,33.52272727272727
584,2020-05-12 22:42:10,2020-05-12 23:09:40,44.8,61.6,121.14420362103175,36.48795180722892,34.734939759036145
585,2020-05-12 23:10:01,2020-05-12 23:35:51,62.0,77.2,121.11477768640349,37.0,35.0
586,2020-05-12 23:36:12,2020-05-13 00:07:12,77.2,94.4,123.66684496124032,37.0,35.0
587,2020-05-13 15:53:17,2020-05-13 16:20:17,14.4,40.0,122.9866476236979,37.39877300613497,35.441717791411044
588,2020-05-13 16:20:38,2020-05-13 16:50:18,40.4,68.4,123.52380079365078,40.10614525139665,38.12290502793296
589,2020-05-13 16:50:39,2020-05-13 17:07:36,68.4,84.4,123.51414134548611,41.61165048543689,39.0
590,2020-05-14 00:45:39,2020-05-14 01:04:29,36.8,54.8,122.14429776234567,35.43859649122807,32.74561403508772
591,2020-05-14 01:05:20,2020-05-14 01:34:20,55.6,83.2,122.61272423510464,37.18857142857143,34.42285714285714
592,2020-05-14 09:59:58,2020-05-14 10:29:48,37.6,66.4,120.64333270640428,34.00555555555555,32.044444444444444
593,2020-05-14 22:18:28,2020-05-14 22:45:18,47.6,73.2,123.34908138020835,34.39506172839506,32.7037037037037
594,2020-05-14 22:45:39,2020-05-14 23:12:49,73.6,95.2,124.11589203960902,35.73780487804878,33.98780487804878
595,2020-05-15 13:04:44,2020-05-15 13:28:24,28.4,51.2,121.74890783382067,35.61538461538461,33.79020979020979
596,2020-05-15 13:28:45,2020-05-15 14:05:05,51.6,86.8,121.40428854955809,38.36986301369863,36.730593607305934
597,2020-05-15 14:05:26,2020-05-15 14:23:06,87.2,97.6,130.19500454059838,39.0,38.0
598,2020-05-15 19:49:43,2020-05-15 20:23:33,72.0,94.0,124.96969425505051,38.0,36.19117647058823
599,2020-05-16 15:39:01,2020-05-16 16:00:01,44.8,59.2,121.77182214506168,34.44881889763779,33.58267716535433
600,2020-05-16 16:00:22,2020-05-16 16:23:22,59.6,75.2,123.10899893162394,35.47482014388489,34.79136690647482
601,2020-05-16 17:08:44,2020-05-16 17:28:44,85.2,97.6,124.77602318548398,36.13223140495868,35.264462809917354
602,2020-05-17 13:22:16,2020-05-17 13:39:56,32.0,48.8,122.45123123346563,32.570093457943926,31.33644859813084
603,2020-05-17 13:40:17,2020-05-17 14:05:37,49.2,73.6,120.84188587204012,35.06535947712418,33.68627450980392
604,2020-05-17 14:05:58,2020-05-17 14:35:18,74.0,96.4,125.24183562748013,36.68361581920904,35.0
605,2020-05-18 04:42:15,2020-05-18 05:11:25,33.6,62.0,119.80928002738658,32.625,30.875
606,2020-05-18 05:11:46,2020-05-18 05:45:36,62.0,92.0,122.19862046296296,34.97549019607843,33.36274509803921
607,2020-05-18 18:30:17,2020-05-18 18:59:17,53.6,81.2,122.36564749396135,35.462857142857146,33.93714285714286
608,2020-05-18 18:59:38,2020-05-18 19:22:58,81.6,97.6,126.50435824652779,36.0,34.765957446808514
609,2020-05-18 22:27:36,2020-05-18 22:50:36,77.6,95.2,123.83365885416661,36.0,34.0
610,2020-05-19 05:47:16,2020-05-19 06:21:35,22.0,34.4,119.93727788978497,32.55769230769231,30.33173076923077
611,2020-05-19 06:21:56,2020-05-19 06:49:36,34.4,44.4,119.88888888888889,33.32934131736527,31.281437125748504
612,2020-05-19 06:49:57,2020-05-19 07:16:07,44.4,54.0,118.11342592592591,34.0062893081761,32.0314465408805
613,2020-05-19 07:43:49,2020-05-19 08:30:05,60.4,76.8,122.24932249322495,35.0,33.0
614,2020-05-19 08:30:26,2020-05-19 08:58:26,76.8,86.8,121.33333333333334,35.0,33.0
615,2020-05-19 08:58:47,2020-05-19 09:30:57,86.8,97.6,129.06378600823047,35.0,33.0
616,2020-05-19 19:54:07,2020-05-19 20:23:47,10.0,38.4,121.96939651799687,38.25698324022346,36.44134078212291
617,2020-05-19 20:24:08,2020-05-19 20:53:38,38.8,67.2,121.17518275625979,40.96629213483146,39.241573033707866
618,2020-05-19 20:53:59,2020-05-19 21:24:29,67.2,93.2,122.98451688034187,42.75,40.80434782608695
619,2020-05-20 02:37:36,2020-05-20 03:04:56,78.8,95.2,124.34196290650404,37.96969696969697,35.0
620,2020-05-20 15:32:21,2020-05-20 16:03:31,39.2,58.8,119.55076346371887,35.51063829787234,33.680851063829785
621,2020-05-20 16:03:52,2020-05-20 16:37:52,59.2,80.0,122.89799732905986,36.795121951219514,35.0
622,2020-05-20 16:38:13,2020-05-20 16:58:23,80.0,92.4,122.06543581989244,37.0,35.0
623,2020-05-21 08:08:03,2020-05-21 08:25:23,62.4,78.4,126.11199071180552,31.276190476190475,30.723809523809525
624,2020-05-21 08:25:44,2020-05-21 08:52:24,78.8,97.6,126.06161288416078,32.5527950310559,31.857142857142858
625,2020-05-21 18:18:47,2020-05-21 18:35:17,31.2,47.2,120.38889652777776,36.35,34.37
626,2020-05-21 18:35:38,2020-05-21 19:04:38,47.2,75.2,120.95834573412696,38.537142857142854,36.754285714285714
627,2020-05-22 00:23:21,2020-05-22 00:48:01,49.6,64.8,121.99289985380122,35.51006711409396,32.395973154362416
628,2020-05-22 00:48:22,2020-05-22 01:11:32,64.8,79.2,120.92788175154317,36.0,33.0
629,2020-05-22 01:11:53,2020-05-22 01:40:13,79.2,96.4,123.25421697351419,36.0,33.0
630,2020-05-22 07:09:40,2020-05-22 07:37:30,60.8,70.8,124.05559319444446,31.0,28.946428571428573
631,2020-05-22 07:37:51,2020-05-22 08:09:01,70.8,82.0,122.0585581597222,31.0,29.0
632,2020-05-22 08:09:22,2020-05-22 08:44:32,82.0,94.0,126.0347487268518,31.0,29.0
633,2020-05-22 19:05:25,2020-05-22 19:34:15,39.6,67.2,121.60478306159422,35.160919540229884,33.4080459770115
634,2020-05-22 19:34:36,2020-05-22 19:56:56,67.6,88.4,123.71329253472214,36.51111111111111,34.955555555555556
635,2020-05-23 13:13:59,2020-05-23 13:38:09,63.2,86.0,123.63548209064331,31.80821917808219,30.513698630136986
636,2020-05-23 13:38:30,2020-05-23 13:56:50,86.4,97.6,128.2192545882938,32.4954954954955,31.0
637,2020-05-24 00:42:32,2020-05-24 01:15:12,19.2,50.8,121.35107885021097,35.31979695431472,33.76142131979695
638,2020-05-24 01:15:33,2020-05-24 01:48:43,51.2,82.8,123.18608135548521,38.555,36.76
639,2020-05-24 06:29:33,2020-05-24 06:49:53,35.2,48.0,119.26000922309035,36.02439024390244,33.10569105691057
640,2020-05-24 06:50:14,2020-05-24 07:21:24,48.0,67.6,119.52667049319734,37.40425531914894,34.54255319148936
641,2020-05-24 07:21:45,2020-05-24 07:49:15,67.6,84.4,123.07542410714277,38.0,35.0
642,2020-05-24 07:49:36,2020-05-24 08:11:46,84.4,97.6,125.31777388468026,38.0,35.03731343283582
643,2020-05-24 12:54:11,2020-05-24 13:19:01,68.4,90.4,123.09093674242423,36.71333333333333,34.72666666666667
644,2020-05-24 23:36:17,2020-05-24 23:55:17,12.4,30.8,120.45818168780195,34.92173913043478,32.87826086956522
645,2020-05-24 23:55:38,2020-05-25 00:24:28,31.2,58.8,121.83574436392917,37.08620689655172,34.92528735632184
646,2020-05-25 00:24:49,2020-05-25 00:55:59,59.2,88.4,123.36329290334855,39.34574468085106,37.01063829787234
647,2020-05-25 08:50:46,2020-05-25 09:19:36,60.0,87.6,122.28816918276976,33.770114942528735,31.844827586206897
648,2020-05-25 20:52:13,2020-05-25 21:20:23,36.4,59.6,121.29550574712641,34.1764705882353,32.81764705882353
649,2020-05-25 21:20:44,2020-05-25 21:47:54,60.0,82.0,123.27021136363638,36.0,34.457317073170735
650,2020-05-25 21:48:15,2020-05-25 22:05:05,82.4,94.0,126.36376125478932,36.86274509803921,35.0
651,2020-05-26 04:10:56,2020-05-26 04:39:16,72.4,95.2,124.34334429824565,34.64327485380117,32.0
652,2020-05-26 17:31:03,2020-05-26 17:58:23,16.0,42.8,121.44536800373136,40.67878787878788,38.56363636363636
653,2020-05-26 17:58:44,2020-05-26 18:29:04,43.2,72.4,123.73524928652968,43.36612021857923,41.20765027322405
654,2020-05-26 18:29:25,2020-05-26 18:58:05,72.8,95.6,126.26462895955169,44.0,42.0
655,2020-05-27 02:04:15,2020-05-27 03:30:10,31.2,97.6,123.64697305890233,36.86821705426357,33.733333333333334
656,2020-05-27 16:06:20,2020-05-27 16:37:20,16.4,35.2,124.25239273049647,32.36898395721925,30.90374331550802
657,2020-05-27 16:37:41,2020-05-27 17:06:11,35.6,53.6,119.29015108024691,34.366279069767444,33.05232558139535
658,2020-05-27 17:06:32,2020-05-27 17:38:02,53.6,73.6,118.65002625000005,35.97894736842105,34.49473684210526
659,2020-05-27 17:38:23,2020-05-27 18:03:23,73.6,88.8,123.90353618421051,36.35761589403973,35.0
660,2020-05-28 01:11:33,2020-05-28 01:35:33,22.4,30.0,126.16588870614034,34.12413793103448,32.0
661,2020-05-28 01:35:54,2020-05-28 02:06:34,30.0,40.0,119.04161805555553,35.0,32.62162162162162
662,2020-05-28 02:06:55,2020-05-28 02:42:05,40.0,52.0,115.73143541666664,35.660377358490564,33.320754716981135
663,2020-05-28 02:42:26,2020-05-28 03:08:16,52.0,60.4,119.93050661375662,36.0,34.0
664,2020-05-28 03:08:37,2020-05-28 03:40:37,60.4,70.8,119.06245112179485,36.0,34.0
665,2020-05-28 03:40:58,2020-05-28 04:10:48,70.8,80.4,119.8755292245369,36.0,33.772222222222226
666,2020-05-28 04:11:09,2020-05-28 04:43:09,80.4,90.0,127.78351157407413,35.751295336787564,33.0
667,2020-05-28 04:43:30,2020-05-28 05:09:20,90.0,97.6,128.61112774122816,35.0,33.0
668,2020-05-28 14:55:33,2020-05-28 15:25:33,44.0,73.6,120.8638422015766,36.348066298342545,34.86740331491713
669,2020-05-28 15:25:54,2020-05-28 15:44:44,74.0,90.8,123.8153283730159,37.95614035087719,36.51754385964912
670,2020-05-28 18:55:32,2020-05-28 19:18:42,62.4,78.0,123.14195379273505,37.0,36.0
671,2020-05-28 19:19:03,2020-05-28 19:49:53,78.0,97.6,124.22197611961458,37.90860215053763,36.0
672,2020-05-29 00:12:56,2020-05-29 01:30:51,37.6,97.6,123.48277419907407,37.557264957264955,35.364102564102566
673,2020-05-30 04:01:08,2020-05-30 04:29:38,19.6,46.4,123.8987392723881,32.093023255813954,31.098837209302324
674,2020-05-30 04:29:59,2020-05-30 04:59:09,46.8,74.8,121.3149885416667,35.32386363636363,34.22159090909091
675,2020-05-30 04:59:30,2020-05-30 05:28:30,74.8,96.8,125.132585479798,36.77142857142857,35.4
676,2020-05-30 18:13:23,2020-05-30 18:34:53,26.4,46.8,123.47972807734209,32.823076923076925,31.03846153846154
677,2020-05-30 18:35:14,2020-05-30 19:03:24,47.2,74.0,123.2131139096186,35.43529411764706,33.6764705882353
678,2020-05-30 19:03:45,2020-05-30 19:34:05,74.4,97.2,126.5612925804094,36.81967213114754,34.98360655737705
679,2020-06-03 11:18:03,2020-06-03 11:47:43,56.4,78.4,124.05810328282827,34.0,32.12290502793296
680,2020-06-03 11:48:04,2020-06-03 12:17:24,78.4,97.6,127.00305150462971,34.66101694915254,33.0
681,2020-06-03 23:39:16,2020-06-04 00:02:36,16.4,33.6,124.20703407622736,32.13475177304964,30.45390070921986
682,2020-06-04 00:02:57,2020-06-04 00:33:27,33.6,56.8,120.49808309386975,34.28804347826087,32.80978260869565
683,2020-06-04 00:33:48,2020-06-04 00:59:08,57.2,76.0,123.6192472665485,36.12418300653595,34.48366013071895
684,2020-06-04 03:18:23,2020-06-04 04:00:22,61.2,91.6,125.75155550986847,36.54724409448819,34.0
685,2020-06-04 10:33:26,2020-06-04 11:04:16,68.8,91.2,125.56115389384921,35.596774193548384,33.763440860215056
686,2020-06-05 16:27:55,2020-06-05 16:58:15,48.0,70.8,122.28498806042889,34.94535519125683,34.31147540983606
687,2020-06-05 16:58:36,2020-06-05 17:25:26,71.2,90.4,125.79501468460646,36.0,35.0
688,2020-06-06 00:52:36,2020-06-06 01:21:26,26.4,57.6,123.07023900462958,36.96551724137931,34.632183908045974
689,2020-06-06 01:21:47,2020-06-06 01:52:37,57.6,89.2,122.7492117616034,39.93010752688172,37.48924731182796
690,2020-06-06 13:59:53,2020-06-06 14:30:03,21.2,39.6,123.24051645531402,34.44505494505494,32.7967032967033
691,2020-06-06 14:30:24,2020-06-06 15:01:04,39.6,58.8,120.05789699074082,36.35675675675676,34.57297297297297
692,2020-06-06 15:01:25,2020-06-06 15:30:15,58.8,76.4,123.14238841540399,37.0,35.275862068965516
693,2020-06-06 15:30:36,2020-06-06 16:01:56,76.8,95.2,128.00123611111113,37.83068783068783,36.0
694,2020-06-07 00:44:22,2020-06-07 01:13:42,28.8,37.6,125.0,31.0,29.0
695,2020-06-07 01:14:03,2020-06-07 01:44:43,38.0,47.6,119.79166666666666,31.681081081081082,29.82702702702703
696,2020-06-07 01:45:04,2020-06-07 02:16:14,47.6,57.6,116.875,32.17553191489362,30.574468085106382
697,2020-06-07 02:16:35,2020-06-07 02:43:15,57.6,66.0,119.04761904761907,32.993788819875775,31.0
698,2020-06-07 02:43:36,2020-06-07 03:17:46,66.0,76.4,123.1971153846153,32.13592233009709,31.0
699,2020-06-07 03:18:07,2020-06-07 03:49:47,76.8,86.0,129.07608695652172,32.0,31.0
700,2020-06-07 03:50:08,2020-06-07 04:18:58,86.0,94.4,128.72023809523802,32.0,31.0
701,2020-06-08 12:29:46,2020-06-08 12:46:16,38.4,49.6,122.95512785218253,30.73,28.78
702,2020-06-08 12:46:37,2020-06-08 13:17:37,49.6,70.8,122.02831918238995,32.39572192513369,30.40106951871658
703,2020-06-08 13:17:55,2020-06-08 13:41:31,70.8,86.4,126.30931753917373,33.0,31.0
704,2020-06-08 13:41:52,2020-06-08 14:02:12,86.8,97.6,129.19623469650207,33.56910569105691,31.69918699186992
705,2020-06-09 00:04:52,2020-06-09 00:39:32,26.0,51.6,123.10602153862844,33.02392344497608,31.555023923444978
706,2020-06-09 00:39:53,2020-06-09 01:14:23,51.6,77.6,120.66347500000003,35.67307692307692,33.88461538461539
707,2020-06-09 13:24:55,2020-06-09 13:47:25,26.4,47.2,126.07238621794869,33.63309352517986,32.15827338129496
708,2020-06-09 13:47:46,2020-06-09 14:13:56,47.6,72.4,122.95979441084228,36.5,35.00632911392405
709,2020-06-09 14:14:17,2020-06-09 14:44:47,72.8,96.4,124.56804460922784,37.875,36.266304347826086
710,2020-06-09 21:10:30,2020-06-09 21:40:40,56.0,84.0,125.67212708333332,36.59340659340659,33.142857142857146
711,2020-06-09 21:41:01,2020-06-09 22:03:21,84.4,97.6,128.1102933501685,37.0,34.0
712,2020-06-10 05:51:23,2020-06-10 06:13:33,42.0,62.4,126.37190080337697,31.559701492537314,29.261194029850746
713,2020-06-10 06:13:54,2020-06-10 06:38:14,62.8,85.6,124.18984052144255,33.30612244897959,31.122448979591837
714,2020-06-10 06:38:35,2020-06-10 06:57:35,85.6,97.2,123.16571659482751,34.0,32.0
715,2020-06-10 12:31:49,2020-06-10 12:57:29,60.8,84.8,124.68691915509258,36.18709677419355,34.406451612903226
716,2020-06-10 12:57:50,2020-06-10 13:18:20,84.8,97.6,126.35311436631946,37.0,35.0
717,2020-06-10 21:59:09,2020-06-10 22:16:49,28.4,39.2,123.22147800925924,35.35514018691589,33.94392523364486
718,2020-06-10 22:46:01,2020-06-10 23:17:21,48.8,67.6,125.30292375886529,37.116402116402114,35.76190476190476
719,2020-06-10 23:17:42,2020-06-10 23:46:42,67.6,85.2,124.0688405934343,38.0,36.0
720,2020-06-10 23:47:03,2020-06-11 00:09:23,85.2,97.6,128.3311208557349,38.0,36.733333333333334
721,2020-06-11 15:09:10,2020-06-11 15:39:40,28.4,56.8,125.08118476134587,40.23913043478261,38.55978260869565
722,2020-06-11 15:40:01,2020-06-11 16:07:41,57.2,83.2,123.87661260683763,42.23952095808383,40.73053892215569
723,2020-06-11 16:08:02,2020-06-11 16:29:22,83.6,97.6,129.15279791666669,43.0,41.0
724,2020-06-12 00:55:46,2020-06-12 01:18:06,42.4,63.2,125.007351963141,39.45185185185185,37.08148148148148
725,2020-06-12 01:18:27,2020-06-12 01:46:17,63.6,88.8,125.65312522045858,40.857142857142854,38.208333333333336
726,2020-06-12 13:33:22,2020-06-12 13:57:52,47.2,70.4,123.55605208333331,39.75,38.1554054054054
727,2020-06-12 22:05:20,2020-06-12 22:32:50,23.6,49.6,123.62875304487181,41.04819277108434,38.83734939759036
728,2020-06-12 22:33:11,2020-06-12 23:01:51,50.0,77.6,121.35367567431565,43.26011560693642,40.7514450867052
729,2020-06-12 23:02:12,2020-06-12 23:29:52,77.6,97.6,126.09237513888891,43.67065868263473,40.4251497005988
730,2020-06-13 12:48:11,2020-06-13 13:18:01,45.6,73.6,123.92313318452386,39.144444444444446,37.58888888888889
731,2020-06-13 13:18:22,2020-06-13 13:41:52,73.6,92.8,124.67015559895836,40.0,38.87323943661972
732,2020-06-14 00:15:44,2020-06-14 00:42:34,26.4,51.6,123.96440680114642,36.617283950617285,34.666666666666664
733,2020-06-14 00:42:55,2020-06-14 01:13:55,52.0,81.2,123.55119101978691,39.406417112299465,37.41711229946524
734,2020-06-14 02:58:28,2020-06-14 03:25:58,71.2,93.6,126.22644599454371,39.066265060240966,36.72289156626506
735,2020-06-14 06:22:52,2020-06-14 06:54:42,66.8,93.6,125.25602083333334,38.0,35.583333333333336
736,2020-06-14 13:37:02,2020-06-14 14:07:52,52.4,73.2,123.10966967147432,35.0,33.0
737,2020-06-14 14:08:13,2020-06-14 14:37:03,73.2,92.0,125.3080653073286,35.54597701149425,33.41379310344828
738,2020-06-15 02:43:41,2020-06-15 03:09:21,28.4,47.6,122.91524204282408,32.064516129032256,30.56774193548387
739,2020-06-15 03:09:42,2020-06-15 03:38:12,47.6,69.2,121.28924524176954,34.348837209302324,32.68023255813954
740,2020-06-15 03:38:33,2020-06-15 04:09:53,69.6,92.0,124.8009853050595,35.19047619047619,33.407407407407405
741,2020-06-15 16:37:28,2020-06-15 17:10:08,10.4,34.4,124.59489513888889,36.18274111675127,34.48223350253807
742,2020-06-15 17:10:29,2020-06-15 17:41:19,34.8,57.6,123.76583150584793,38.123655913978496,36.833333333333336
743,2020-06-15 17:41:40,2020-06-15 18:11:54,58.0,80.4,123.4890892361111,39.9344262295082,38.0
744,2020-06-16 16:46:00,2020-06-16 17:03:40,23.6,40.0,125.38111195799462,32.345794392523366,31.327102803738317
745,2020-06-16 18:40:24,2020-06-16 19:13:34,52.8,83.6,125.35264439033193,35.32,34.25
746,2020-06-16 19:13:55,2020-06-16 19:34:45,84.0,97.6,131.21121640114387,36.07142857142857,35.0
747,2020-06-18 15:06:23,2020-06-18 15:32:33,24.8,41.6,122.28507829034389,36.40506329113924,35.278481012658226
748,2020-06-18 15:32:54,2020-06-18 16:01:34,42.0,60.4,118.93344044384062,37.98843930635838,36.72832369942196
749,2020-06-18 16:01:55,2020-06-18 16:36:25,60.8,81.6,121.00094971955131,39.0,37.34615384615385
750,2020-06-18 16:36:46,2020-06-18 17:03:26,81.6,96.4,125.99194988738729,39.0,38.0
751,2020-06-19 02:18:50,2020-06-19 02:47:00,36.4,57.6,121.65028007075469,35.76470588235294,33.61764705882353
752,2020-06-19 02:47:21,2020-06-19 03:12:01,58.0,76.4,122.67587628321253,37.0,35.0
753,2020-06-19 03:12:22,2020-06-19 03:41:52,76.8,96.4,126.77084878117913,37.93258426966292,35.0
754,2020-06-19 23:58:55,2020-06-20 00:20:15,10.8,31.2,122.05474360021786,38.01550387596899,36.1937984496124
755,2020-06-20 00:20:36,2020-06-20 00:49:16,31.2,58.8,121.21276539855073,40.0635838150289,38.35260115606936
756,2020-06-20 00:49:37,2020-06-20 01:17:27,59.2,85.6,123.06345323021888,42.0,40.0
757,2020-06-20 15:39:26,2020-06-20 16:02:56,46.4,69.2,122.30934953703701,40.92253521126761,39.274647887323944
758,2020-06-20 16:03:17,2020-06-20 16:27:57,69.6,91.2,124.8817111625514,42.0,40.51006711409396
759,2020-06-21 01:27:17,2020-06-21 01:54:07,60.4,85.6,124.83962604717817,39.96296296296296,37.77777777777778
760,2020-06-21 06:51:30,2020-06-21 07:21:20,12.4,41.2,122.01631577932098,40.62777777777778,37.455555555555556
761,2020-06-21 07:21:41,2020-06-21 07:51:01,41.6,70.0,121.75129328051644,43.3728813559322,40.20338983050848
762,2020-06-21 07:51:22,2020-06-21 08:17:32,70.4,92.4,122.48613232323234,44.37341772151899,41.0
763,2020-06-21 20:11:49,2020-06-21 20:43:19,31.2,52.8,121.28469791666667,41.1,39.48421052631579
764,2020-06-21 20:43:40,2020-06-21 21:11:10,53.2,72.0,121.65334441489364,42.90963855421687,41.01204819277108
765,2020-06-21 21:11:31,2020-06-21 21:41:51,72.0,92.0,124.6465025,43.36612021857923,42.0
766,2020-06-22 05:20:04,2020-06-22 05:51:04,34.4,53.6,121.33970370370368,38.42245989304813,35.86631016042781
767,2020-06-22 05:51:25,2020-06-22 06:20:35,54.0,71.2,122.37565358527132,39.74431818181818,37.0
768,2020-06-22 06:20:56,2020-06-22 06:51:36,71.6,88.4,126.50134234457664,40.0,37.0
769,2020-06-22 06:51:57,2020-06-22 07:08:57,88.8,97.6,129.64016477272736,40.0,37.0
770,2020-06-23 11:09:25,2020-06-23 11:40:35,40.8,72.8,119.92839092881944,37.090425531914896,35.787234042553195
771,2020-06-23 19:17:22,2020-06-23 20:01:05,27.6,54.4,121.79773264925376,40.98863636363637,39.484848484848484
772,2020-06-23 20:01:26,2020-06-23 20:30:16,54.8,72.4,122.32328693181816,42.0,41.0
773,2020-06-23 20:30:37,2020-06-23 20:58:37,72.8,89.6,124.44450000000005,42.0,41.0
774,2020-06-24 03:54:09,2020-06-24 04:25:29,51.6,81.2,123.31879208896395,39.91005291005291,37.645502645502646
775,2020-06-24 04:25:50,2020-06-24 04:49:40,81.6,97.6,128.09376293402778,40.361111111111114,38.0
776,2020-06-24 09:39:48,2020-06-24 10:10:18,49.2,72.0,122.82104142300199,38.869565217391305,36.755434782608695
777,2020-06-24 10:10:39,2020-06-24 10:41:09,72.4,93.6,125.32036897274637,39.641304347826086,37.40217391304348
778,2020-06-24 17:01:57,2020-06-24 17:26:57,41.6,58.8,119.97093499677005,42.09271523178808,40.496688741721854
779,2020-06-24 17:27:18,2020-06-24 18:00:28,58.8,80.8,124.37247449494949,43.0,41.04
780,2020-06-24 18:00:49,2020-06-24 18:27:39,81.2,97.6,127.18158799119249,43.0,41.99382716049383
781,2020-06-25 00:27:16,2020-06-25 00:56:56,52.4,72.4,123.27361347222217,40.88268156424581,38.0
782,2020-06-25 00:57:17,2020-06-25 01:22:06,72.8,89.6,122.82918206018523,41.0,38.0
783,2020-06-25 15:27:53,2020-06-25 16:21:56,42.0,84.0,123.28866995370369,36.88669950738916,35.320197044334975
784,2020-06-25 21:47:36,2020-06-25 23:00:19,42.4,97.6,124.37479524959743,35.60622710622711,33.15201465201465
785,2020-06-26 02:03:47,2020-06-26 02:32:07,68.0,92.0,124.64931313657411,36.0,33.55555555555556
786,2020-06-26 12:28:19,2020-06-26 12:59:49,10.0,40.4,120.83196002375732,38.67894736842105,37.34736842105263
787,2020-06-26 13:00:10,2020-06-26 13:33:30,40.4,72.4,121.43489687499998,41.7363184079602,40.08955223880597
788,2020-06-26 13:33:51,2020-06-26 13:58:41,72.8,92.8,126.78333631944443,43.0,41.0
789,2020-06-26 21:39:42,2020-06-26 22:06:42,32.8,58.8,120.6917965277778,41.15950920245399,38.969325153374236
790,2020-06-26 22:07:03,2020-06-26 22:33:33,59.2,84.4,122.26909815917111,43.1625,40.88125
791,2020-06-27 14:08:15,2020-06-27 14:34:15,24.0,49.2,119.7294032738095,39.70063694267516,37.910828025477706
792,2020-06-27 14:34:36,2020-06-27 15:02:26,49.2,76.0,120.5586823175788,42.38690476190476,40.654761904761905
793,2020-06-27 20:47:37,2020-06-27 21:22:47,62.0,92.4,124.64410046600875,41.193396226415096,39.0
794,2020-06-28 13:58:00,2020-06-28 14:41:24,30.8,72.4,121.14815440705125,42.347328244274806,40.74809160305343
795,2020-06-29 03:52:51,2020-06-29 04:16:11,81.6,97.6,125.46357690972224,37.0,35.54609929078014
796,2020-06-29 05:34:15,2020-06-29 05:54:35,79.6,94.8,123.850520376462,37.959349593495936,36.0
797,2020-06-29 12:59:07,2020-06-29 13:22:37,49.6,58.0,125.01491736111112,38.00704225352113,37.0
798,2020-06-29 13:22:58,2020-06-29 13:48:38,58.0,67.2,122.51059073067627,38.0,37.0
799,2020-06-29 13:48:59,2020-06-29 14:19:09,67.6,78.0,125.29516266025635,38.0,37.0
800,2020-06-29 14:19:30,2020-06-29 14:37:40,78.0,84.4,121.13892261284711,38.0,37.0
801,2020-06-29 23:19:09,2020-06-29 23:49:49,22.4,41.2,123.15608274231677,38.38918918918919,36.545945945945945
802,2020-06-29 23:50:10,2020-06-30 00:12:13,41.6,55.2,122.40998051470584,39.71851851851852,37.7037037037037
803,2020-06-30 06:23:36,2020-06-30 06:48:26,5.2,12.8,123.92188581871342,36.36666666666667,34.0
804,2020-06-30 06:48:47,2020-06-30 07:22:57,13.2,24.0,120.2161548353909,36.0,33.56310679611651
805,2020-06-30 07:23:18,2020-06-30 07:52:28,24.0,33.2,120.47112016908206,36.0,34.0
806,2020-06-30 07:52:49,2020-06-30 08:25:49,33.2,43.6,120.57702884615382,36.246231155778894,34.0
807,2020-06-30 08:26:10,2020-06-30 08:55:30,43.6,52.8,121.15952657004836,37.0,34.898305084745765
808,2020-06-30 08:55:51,2020-06-30 09:21:11,52.8,60.8,120.3334388888889,37.01960784313726,35.0
809,2020-06-30 09:21:32,2020-06-30 09:52:52,60.8,70.8,119.06677111111111,37.0,35.0
810,2020-06-30 09:53:13,2020-06-30 10:22:33,70.8,79.6,126.6667777777778,37.0,35.0
811,2020-06-30 10:22:54,2020-06-30 10:48:04,79.6,87.2,125.83344371345014,37.0,35.0
812,2020-06-30 10:48:25,2020-06-30 11:18:35,87.2,96.0,129.70967913510108,37.0,35.0
813,2020-06-30 19:51:02,2020-06-30 20:21:32,34.8,64.4,119.86208267642641,42.78804347826087,41.17934782608695
814,2020-06-30 20:21:53,2020-06-30 20:53:13,64.8,90.8,124.70568611111115,44.423280423280424,43.0
815,2020-07-01 03:58:04,2020-07-01 05:36:00,21.2,97.6,123.13016640306867,41.85442176870748,38.91700680272109
816,2020-07-01 13:15:47,2020-07-01 14:35:26,36.4,97.6,123.56687515205158,40.94648829431438,39.40635451505017
817,2020-07-02 01:54:14,2020-07-02 02:22:04,16.4,43.2,121.37905679933662,37.535714285714285,34.875
818,2020-07-02 02:39:02,2020-07-02 02:57:52,59.2,77.2,122.25927229938272,41.35087719298246,38.59649122807018
819,2020-07-02 02:58:13,2020-07-02 03:25:53,77.6,97.6,127.02014999999997,42.0,39.0
820,2020-07-02 16:40:31,2020-07-02 17:10:01,34.8,63.6,119.29157663001541,37.10112359550562,35.03932584269663
821,2020-07-02 17:10:22,2020-07-02 17:44:11,63.6,92.8,122.82078561643837,39.0873786407767,36.94660194174757
822,2020-07-03 01:24:57,2020-07-03 01:52:27,42.4,59.2,122.61988508597881,36.126506024096386,33.91566265060241
823,2020-07-03 01:52:48,2020-07-03 02:21:38,59.6,77.2,122.98375512941917,37.0,34.97126436781609
824,2020-07-03 02:21:59,2020-07-03 02:47:49,77.2,92.8,124.12751290954422,37.0,35.0
825,2020-07-03 13:11:20,2020-07-03 14:00:50,35.6,75.2,121.51232318672842,37.11021505376344,35.49193548387097
826,2020-07-03 15:01:14,2020-07-03 15:34:44,67.6,88.0,123.43548488562091,37.0,35.0
827,2020-07-03 21:12:14,2020-07-03 21:40:14,54.4,80.8,123.59480687079125,37.77514792899408,35.03550295857988
828,2020-07-03 21:40:35,2020-07-03 22:04:25,81.2,97.6,125.48866039972904,38.0,36.0
829,2020-07-04 09:47:28,2020-07-04 10:13:28,22.8,38.8,121.07728550347223,31.203821656050955,29.85987261146497
830,2020-07-04 10:13:49,2020-07-04 10:42:59,38.8,56.8,120.71761959876545,33.089473684210525,31.842105263157894
831,2020-07-04 10:43:20,2020-07-04 11:18:00,57.2,78.4,121.82392662473795,34.53478260869565,33.0
832,2020-07-04 11:18:11,2020-07-04 11:36:21,78.4,89.2,125.32667515432105,35.0,33.40495867768595
833,2020-07-04 11:53:42,2020-07-04 12:08:36,90.8,97.6,119.1393433006537,35.0,33.76470588235294
834,2020-07-04 15:58:08,2020-07-04 16:21:28,80.0,96.8,124.08317394179895,34.0,32.0
835,2020-07-04 23:12:19,2020-07-04 23:39:49,48.4,65.2,122.77447156084655,36.57831325301205,34.036144578313255
836,2020-07-04 23:40:10,2020-07-05 00:11:40,65.2,84.4,123.05917368344907,37.0,34.921052631578945
837,2020-07-05 05:59:58,2020-07-05 06:17:28,35.6,52.4,121.16072891865085,33.4622641509434,31.5188679245283
838,2020-07-05 06:17:49,2020-07-05 06:44:19,52.8,78.0,122.22830065035272,35.6125,33.55625
839,2020-07-05 06:44:40,2020-07-05 07:11:30,78.4,97.6,125.79284259259266,36.20987654320987,34.00617283950617
840,2020-07-05 15:03:59,2020-07-05 15:28:59,29.2,53.2,121.42650827546295,38.81456953642384,37.079470198675494
841,2020-07-05 15:29:20,2020-07-05 15:50:30,53.6,73.6,123.23542493055564,40.859375,39.0
842,2020-07-06 01:24:47,2020-07-06 01:50:27,15.2,39.6,122.198902208561,36.3741935483871,34.14193548387097
843,2020-07-06 01:50:48,2020-07-06 02:23:08,40.0,70.8,121.92371861471867,39.11282051282051,36.712820512820514
844,2020-07-06 02:23:29,2020-07-06 02:50:39,71.2,93.6,122.98551029265879,40.11585365853659,38.0
845,2020-07-06 15:43:46,2020-07-06 16:03:16,34.8,53.6,120.78384109042553,36.5,35.220338983050844
846,2020-07-06 16:03:37,2020-07-06 16:35:17,54.0,84.0,122.86297148148151,38.675392670157066,37.460732984293195
847,2020-07-06 16:35:38,2020-07-06 16:56:18,84.4,97.6,127.8051459385523,39.128,38.0
848,2020-07-06 20:18:53,2020-07-06 20:39:43,78.0,94.0,125.13109791666672,40.15079365079365,39.0
849,2020-07-07 03:02:49,2020-07-07 04:33:49,26.8,97.6,122.794129117624,39.61346998535871,37.118594436310396
850,2020-07-07 13:34:33,2020-07-07 14:01:43,39.6,66.0,121.62930392466332,40.701219512195124,39.05487804878049
851,2020-07-07 14:02:04,2020-07-07 14:31:54,66.4,92.4,123.27830416666667,42.044444444444444,40.22222222222222
852,2020-07-07 22:33:04,2020-07-07 23:04:34,32.0,62.4,120.59531569809945,39.87894736842105,38.036842105263155
853,2020-07-07 23:04:55,2020-07-07 23:32:35,62.8,88.8,122.82426810897438,41.83233532934132,39.790419161676645
854,2020-07-08 08:41:10,2020-07-08 09:10:30,63.6,90.4,122.08023958333334,38.644067796610166,36.44632768361582
855,2020-07-08 17:40:35,2020-07-08 18:02:35,26.0,38.8,124.62131195746531,39.330827067669176,37.766917293233085
856,2020-07-08 18:02:56,2020-07-08 18:32:56,39.2,57.2,120.83333333333333,40.651933701657455,39.02209944751381
857,2020-07-08 18:33:17,2020-07-08 18:59:47,57.6,73.6,120.07812500000003,41.8125,40.0
858,2020-07-08 19:00:08,2020-07-08 19:26:38,73.6,89.2,123.15705128205121,42.0,40.0
859,2020-07-09 03:38:44,2020-07-09 04:00:44,20.8,30.4,119.69764988425928,37.0,34.17293233082707
860,2020-07-09 04:01:05,2020-07-09 04:27:55,30.4,41.6,120.75399404761902,37.74074074074074,35.123456790123456
861,2020-07-09 04:28:16,2020-07-09 04:52:06,41.6,51.6,115.35558124999996,38.354166666666664,36.0
862,2020-07-09 04:52:27,2020-07-09 05:23:07,51.6,63.6,118.87732905092594,39.0,36.51891891891892
863,2020-07-09 05:23:28,2020-07-09 05:53:28,63.6,74.8,120.70934982638894,39.0,36.0
864,2020-07-09 05:53:49,2020-07-09 06:25:29,74.8,86.0,124.95786743551582,38.659685863874344,36.0
865,2020-07-09 06:25:50,2020-07-09 06:50:20,86.4,94.4,132.72921788194446,38.0,36.0
866,2020-07-09 15:36:20,2020-07-09 15:53:20,66.4,83.6,121.80959899870811,39.1747572815534,37.786407766990294
867,2020-07-10 12:19:04,2020-07-10 12:46:14,35.2,61.2,121.6976466880342,37.08536585365854,35.548780487804876
868,2020-07-10 12:46:35,2020-07-10 13:16:35,61.6,89.2,123.38970898752018,39.226519337016576,37.74585635359116
869,2020-07-10 18:58:33,2020-07-10 19:19:23,36.8,56.8,121.97502736111115,41.56349206349206,39.65873015873016
870,2020-07-10 19:19:44,2020-07-10 19:48:44,57.2,84.8,123.10489583333342,43.47428571428571,41.25142857142857
871,2020-07-10 19:49:05,2020-07-10 20:08:55,85.2,97.6,129.41872043010764,44.0,41.833333333333336
872,2020-07-11 04:33:06,2020-07-11 05:03:36,36.8,58.0,120.35510809748426,39.28260869565217,36.72826086956522
873,2020-07-11 05:03:57,2020-07-11 05:35:57,58.0,80.0,121.67426679292932,40.9119170984456,38.0
874,2020-07-11 05:36:18,2020-07-11 06:03:58,80.4,97.6,127.44754166666674,41.0,38.30538922155689
875,2020-07-11 14:22:24,2020-07-11 14:44:34,44.0,65.2,121.8245454009434,40.3955223880597,39.03731343283582
876,2020-07-11 14:44:55,2020-07-11 15:16:45,65.6,92.8,123.11428380310461,41.661458333333336,40.4375
877,2020-07-12 01:58:45,2020-07-12 02:26:55,18.0,44.8,121.7371472844113,40.71176470588235,38.582352941176474
878,2020-07-12 02:27:16,2020-07-12 02:54:36,45.2,71.2,121.77457275641027,43.28484848484848,40.903030303030306
879,2020-07-12 02:54:57,2020-07-12 03:16:07,71.6,90.0,124.56748309178735,44.0,42.0
880,2020-07-12 17:03:25,2020-07-12 17:20:25,8.0,24.0,123.95486076388886,41.0,39.0
881,2020-07-12 17:20:46,2020-07-12 17:52:16,24.4,54.8,120.87308077485379,42.7,40.9
882,2020-07-12 17:52:37,2020-07-12 18:20:47,54.8,80.8,121.83546613247864,45.023529411764706,43.0
883,2020-07-12 18:21:08,2020-07-12 18:47:28,81.2,97.6,126.92160204945806,45.17610062893082,43.0062893081761
884,2020-07-13 12:13:32,2020-07-13 12:30:52,40.8,57.2,123.30623306233058,36.56190476190476,35.27619047619048
885,2020-07-13 12:31:13,2020-07-13 13:01:03,57.6,86.0,122.45402474569642,38.46666666666667,37.17777777777778
886,2020-07-13 13:01:24,2020-07-13 13:20:34,86.4,97.6,129.46551264880966,39.0,38.0
887,2020-07-13 22:20:04,2020-07-13 22:46:44,58.8,84.4,122.01283148871525,42.5527950310559,40.75155279503105
888,2020-07-14 03:24:16,2020-07-14 03:51:36,68.0,92.0,122.63369953703705,40.68484848484849,38.0
889,2020-07-14 16:40:14,2020-07-14 17:07:54,32.4,58.4,121.69232510683763,45.538922155688624,43.58083832335329
890,2020-07-14 17:08:15,2020-07-14 17:35:45,58.8,84.4,121.93252582465274,47.77710843373494,45.90963855421687
891,2020-07-15 12:17:20,2020-07-15 12:44:40,37.6,64.0,120.51506013257578,38.987878787878785,37.43030303030303
892,2020-07-15 12:45:01,2020-07-15 13:13:41,64.0,90.0,122.53525571581199,41.27745664739884,39.566473988439306
893,2020-07-15 20:09:55,2020-07-15 20:42:55,46.4,68.8,123.4784676339286,43.50753768844221,41.76381909547739
894,2020-07-15 20:43:16,2020-07-15 21:08:56,68.8,86.4,122.23094815340907,44.0,42.0
895,2020-07-16 02:23:51,2020-07-16 02:48:41,43.6,66.8,124.68030615421459,41.50666666666667,38.806666666666665
896,2020-07-16 02:49:02,2020-07-16 03:10:22,67.2,87.6,121.76402743736392,42.651162790697676,40.0
897,2020-07-16 13:22:16,2020-07-16 13:44:06,30.4,52.0,120.23726234567901,39.666666666666664,38.09090909090909
898,2020-07-16 13:44:27,2020-07-16 14:12:17,52.0,79.2,121.85303528390521,42.26190476190476,40.68452380952381
899,2020-07-16 14:12:38,2020-07-16 14:37:28,79.6,97.6,125.71220910493828,43.0,42.0
900,2020-07-16 23:35:26,2020-07-16 23:55:56,46.4,58.8,124.17453483422942,40.54032258064516,38.38709677419355
901,2020-07-16 23:56:17,2020-07-17 00:27:07,59.2,78.0,123.55203679078019,41.0,39.0
902,2020-07-17 03:50:14,2020-07-17 04:11:54,49.6,70.0,123.03172719226578,40.82442748091603,38.3587786259542
903,2020-07-17 04:12:15,2020-07-17 04:43:53,70.4,95.2,125.28091121191756,42.0,39.596858638743456
904,2020-07-17 12:45:00,2020-07-17 13:12:40,39.6,66.4,120.55712080223877,42.293413173652695,40.94011976047904
905,2020-07-17 13:13:01,2020-07-17 13:44:01,66.8,93.2,122.72728140782823,43.98930481283423,42.00534759358289
906,2020-07-17 18:16:11,2020-07-17 18:45:41,70.0,94.4,124.00500267531874,44.0,42.0
907,2020-07-18 07:18:44,2020-07-18 08:02:37,62.0,97.6,123.95310779494383,36.333333333333336,34.163636363636364
908,2020-07-18 15:05:19,2020-07-18 15:49:29,46.0,88.0,122.13604722883598,40.713855421686745,38.79819277108434
909,2020-07-18 19:10:32,2020-07-18 19:38:42,70.0,89.2,123.77100245949076,41.0,39.0
910,2020-07-19 04:10:04,2020-07-19 04:31:14,30.4,41.6,122.59050873015873,36.5078125,34.546875
911,2020-07-19 04:31:35,2020-07-19 04:57:55,41.6,56.4,118.24792802177184,37.55974842767296,35.62893081761006
912,2020-07-19 04:58:16,2020-07-19 05:26:36,56.4,72.0,120.68731944444448,38.0,36.0
913,2020-07-19 05:26:57,2020-07-19 05:55:17,72.4,87.6,123.87334968932757,38.0,36.0
914,2020-07-19 05:55:38,2020-07-19 06:14:38,87.6,97.6,126.23472513888889,38.017391304347825,36.0
915,2020-07-19 11:55:20,2020-07-19 12:22:00,70.0,84.4,123.45679012345674,38.0,37.0
916,2020-07-19 12:22:21,2020-07-19 12:46:51,84.4,97.6,123.73737373737383,38.0,37.0
917,2020-07-19 22:21:37,2020-07-19 22:45:47,30.0,45.2,120.05210133406432,38.47260273972603,37.04794520547945
918,2020-07-19 22:46:08,2020-07-19 23:12:38,45.6,62.0,118.68481868224931,39.6125,38.0
919,2020-07-19 23:12:59,2020-07-19 23:44:59,62.0,80.8,119.8832915927896,40.0,38.0
920,2020-07-19 23:45:20,2020-07-20 00:16:40,80.8,97.6,125.86807448743392,40.0,38.0
921,2020-07-20 14:32:22,2020-07-20 14:59:42,47.6,71.6,123.06194068287044,40.71515151515152,39.012121212121215
922,2020-07-20 15:00:03,2020-07-20 15:29:13,72.0,94.4,124.11582421875,42.375,40.59659090909091
923,2020-07-20 21:04:19,2020-07-20 21:30:19,48.8,66.4,121.94918671085853,41.84076433121019,39.84076433121019
924,2020-07-20 21:30:40,2020-07-20 21:59:40,66.8,86.0,124.82206987847219,42.17142857142857,40.005714285714284
925,2020-07-20 22:00:01,2020-07-20 22:18:51,86.4,97.6,127.89809350198429,43.0,40.62280701754386
926,2020-07-21 03:10:00,2020-07-21 03:37:50,57.6,84.0,123.04819497053869,41.654761904761905,38.779761904761905
927,2020-07-21 03:38:11,2020-07-21 03:59:41,84.0,97.6,125.00817555147063,42.0,39.0
928,2020-07-21 14:35:20,2020-07-21 15:08:30,52.4,84.0,122.28463370253166,39.825,37.82
929,2020-07-21 15:08:51,2020-07-21 15:29:51,84.4,97.6,128.8636413089227,40.20472440944882,38.16535433070866
930,2020-07-21 19:17:50,2020-07-21 20:00:23,69.6,94.8,124.96968805114639,41.0,39.0
931,2020-07-22 02:27:44,2020-07-22 04:15:00,32.4,97.6,123.24785617544312,38.46832298136646,36.53167701863354
932,2020-07-22 05:19:59,2020-07-22 05:33:51,89.6,97.6,127.74719972222222,38.0,36.0
933,2020-07-22 18:11:34,2020-07-22 20:47:48,3.2,97.6,123.86971299376177,41.44027303754266,39.8481228668942
934,2020-07-23 07:11:34,2020-07-23 07:43:24,73.2,97.6,125.91873964025504,36.677083333333336,34.869791666666664
935,2020-07-23 18:49:22,2020-07-23 19:19:22,21.6,50.4,121.33004581404323,42.54696132596685,40.71823204419889
936,2020-07-23 19:19:43,2020-07-23 19:53:23,50.8,82.0,121.54249608262108,45.004926108374384,43.645320197044335
937,2020-07-23 20:22:05,2020-07-23 20:45:15,83.2,97.6,122.49226929012353,45.0,43.0
938,2020-07-24 12:21:36,2020-07-24 12:46:36,50.0,73.6,124.84936375941622,40.079470198675494,38.6953642384106
939,2020-07-24 12:46:57,2020-07-24 13:16:27,74.0,96.8,123.82252034600391,41.0,39.848314606741575
940,2020-07-24 19:39:20,2020-07-24 20:03:20,42.0,58.4,121.89955445460706,43.0,41.02068965517241
941,2020-07-24 20:03:41,2020-07-24 20:33:11,58.8,78.8,122.83888111111112,43.0,41.2247191011236
942,2020-07-24 20:33:32,2020-07-24 20:59:12,78.8,95.2,125.12280403116527,43.0,41.0
943,2020-07-25 03:48:46,2020-07-25 04:16:06,56.0,81.6,124.57790917968754,40.345454545454544,38.0
944,2020-07-26 00:51:32,2020-07-26 01:20:52,22.4,38.0,122.50979361022078,38.112994350282484,36.48587570621469
945,2020-07-26 01:21:13,2020-07-26 01:49:33,38.0,54.0,118.05555555555556,39.39766081871345,37.77777777777778
946,2020-07-26 01:49:54,2020-07-26 02:20:14,54.0,70.8,120.3703703703704,40.0,38.939890710382514
947,2020-07-26 02:20:35,2020-07-26 02:49:45,71.2,86.8,124.65990188746446,40.0,38.28409090909091
948,2020-07-26 02:50:06,2020-07-26 03:10:26,86.8,97.6,125.52212011316877,40.0,38.0
949,2020-07-26 13:30:55,2020-07-26 13:53:35,33.6,55.6,120.06628112373738,39.175182481751825,37.89051094890511
950,2020-07-26 13:53:56,2020-07-26 14:25:46,56.0,86.0,123.72036277777778,41.552083333333336,40.21875
951,2020-07-26 19:25:52,2020-07-26 19:47:42,50.4,70.8,123.91066925381264,43.57575757575758,41.84848484848485
952,2020-07-26 23:52:48,2020-07-27 00:23:08,57.6,76.4,121.54849024822694,42.0,40.0
953,2020-07-27 00:23:29,2020-07-27 00:39:26,76.4,86.0,125.16322213541673,42.0,40.0
954,2020-07-27 05:24:00,2020-07-27 05:48:20,46.4,69.6,122.18808471024907,40.197278911564624,37.476190476190474
955,2020-07-27 05:48:41,2020-07-27 06:22:51,70.0,96.8,124.95956669776118,41.33495145631068,38.83980582524272
956,2020-07-27 14:00:53,2020-07-27 15:07:03,30.4,84.4,122.20479568415634,43.01609657947686,41.31991951710262
957,2020-07-27 20:45:55,2020-07-27 21:10:25,42.4,66.0,121.75375953389829,42.38513513513514,40.45945945945946
958,2020-07-27 21:10:46,2020-07-27 21:34:56,66.4,88.8,124.26462010168657,43.602739726027394,41.83561643835616
959,2020-07-28 05:39:57,2020-07-28 06:11:47,47.2,78.0,121.77220427489183,39.708333333333336,37.442708333333336
960,2020-07-28 06:12:08,2020-07-28 06:38:38,78.4,97.6,125.30889662905102,41.0,38.075
961,2020-07-28 16:08:40,2020-07-28 16:33:00,32.8,56.4,120.06299941148777,44.10204081632653,41.816326530612244
962,2020-07-28 16:33:21,2020-07-28 17:07:51,56.8,87.2,122.87420353618424,45.99038461538461,43.71634615384615
963,2020-07-29 00:47:30,2020-07-29 01:17:20,30.0,58.8,120.22761472800929,43.25555555555555,40.8
964,2020-07-29 01:17:41,2020-07-29 01:40:41,58.8,80.0,121.8651618841719,45.2589928057554,42.8705035971223
965,2020-07-29 04:13:38,2020-07-29 04:40:38,61.6,86.8,124.84403091931217,43.0,39.969325153374236
966,2020-07-29 04:40:59,2020-07-29 04:58:09,87.2,97.6,127.3517748397437,43.0,40.04807692307692
967,2020-07-29 13:59:16,2020-07-29 14:28:56,48.4,68.8,121.18736383442265,42.63687150837989,40.687150837988824
968,2020-07-29 19:57:46,2020-07-29 20:23:56,36.0,52.4,119.94074280149052,41.19620253164557,39.19620253164557
969,2020-07-29 20:24:17,2020-07-29 20:55:37,52.4,71.2,120.44254868498815,42.0,40.0
970,2020-07-29 20:55:58,2020-07-29 21:25:38,71.2,88.0,122.33053621031746,42.0,40.0
971,2020-07-30 03:38:11,2020-07-30 04:10:31,72.8,97.6,123.50079569892476,39.0,36.764102564102565
972,2020-07-30 13:39:47,2020-07-30 14:50:46,25.2,83.6,121.47326741818874,41.1031894934334,39.707317073170735
973,2020-07-30 22:58:02,2020-07-30 23:14:32,18.4,34.0,122.55876495726494,39.45,37.59
974,2020-07-30 23:14:53,2020-07-30 23:47:33,34.4,66.0,119.77672626582279,42.223350253807105,40.28426395939086
975,2020-07-30 23:47:54,2020-07-31 00:19:34,66.0,93.2,122.37439016544116,44.09424083769633,42.0
976,2020-07-31 05:01:02,2020-07-31 05:28:32,70.0,93.2,121.97079567768196,40.0,37.21686746987952
977,2020-07-31 14:03:10,2020-07-31 14:28:30,31.2,56.0,122.43279211469533,37.4640522875817,35.73856209150327
978,2020-07-31 14:28:51,2020-07-31 15:01:31,56.4,88.0,122.63889113045003,40.04060913705584,38.253807106598984
979,2020-08-01 01:30:25,2020-08-01 01:46:55,24.4,40.0,123.18197631766378,34.12,32.4
980,2020-08-01 01:47:16,2020-08-01 02:18:26,40.4,70.4,120.98888555555554,36.86702127659574,35.08510638297872
981,2020-08-01 02:18:47,2020-08-01 02:42:47,70.8,91.2,124.0727041802832,38.4551724137931,36.56551724137931
982,2020-08-01 06:55:58,2020-08-01 08:13:13,38.8,97.6,123.51920822467875,37.398275862068964,34.577586206896555
983,2020-08-01 17:40:45,2020-08-01 18:12:05,29.6,59.6,121.04167268518518,34.35978835978836,31.96825396825397
984,2020-08-01 18:12:26,2020-08-01 18:43:16,60.0,88.4,123.57151584507042,36.8494623655914,34.333333333333336
985,2020-08-02 01:09:13,2020-08-02 01:38:43,59.6,79.2,123.52398689058957,35.0,32.2752808988764
986,2020-08-02 01:39:04,2020-08-02 02:05:44,79.2,96.0,123.81536226851854,35.0,33.0
987,2020-08-02 11:21:53,2020-08-02 11:46:33,54.4,70.8,122.85823433265585,35.0,33.26845637583892
988,2020-08-02 11:46:54,2020-08-02 12:20:04,70.8,92.4,122.76107529578184,35.0,33.99
989,2020-08-03 11:57:28,2020-08-03 12:26:38,30.4,58.8,120.00392654538344,33.74431818181818,32.51136363636363
990,2020-08-03 12:26:59,2020-08-03 12:59:59,58.8,89.2,121.9083697002924,36.37185929648241,34.80402010050251
991,2020-08-03 18:46:33,2020-08-03 19:33:07,60.0,97.6,125.17665487588654,36.98285714285714,34.76285714285714
992,2020-08-04 02:52:39,2020-08-04 03:21:09,36.8,64.0,122.02666212214052,34.866279069767444,32.77325581395349
993,2020-08-04 03:21:30,2020-08-04 03:51:10,64.4,90.8,122.30904187710445,36.90502793296089,34.59217877094972
994,2020-08-04 15:05:43,2020-08-04 15:22:13,31.2,46.8,123.1882196403134,35.47,33.92
995,2020-08-04 15:22:34,2020-08-04 15:55:44,47.2,78.8,122.1048817246836,37.83,36.32
996,2020-08-04 15:56:05,2020-08-04 16:22:25,79.2,97.6,125.22419519927543,39.0,37.138364779874216
997,2020-08-04 23:28:55,2020-08-04 23:51:25,38.0,59.6,121.45383532664609,36.60294117647059,34.50735294117647
998,2020-08-05 00:00:06,2020-08-05 00:22:36,68.0,88.4,124.85771732026143,38.6764705882353,36.455882352941174
999,2020-08-05 06:36:08,2020-08-05 07:00:38,56.0,79.2,123.23216277538312,36.83108108108108,34.0
1000,2020-08-05 07:00:59,2020-08-05 07:27:29,79.6,97.6,126.28088248456788,37.0,34.35
1001,2020-08-05 20:20:12,2020-08-05 22:12:40,29.2,97.6,122.19736630279402,32.53199052132702,30.31042654028436
1002,2020-08-06 02:46:48,2020-08-06 03:04:58,65.6,83.2,123.31441201073223,33.03636363636364,30.772727272727273
1003,2020-08-06 13:44:22,2020-08-06 14:18:12,29.2,62.0,120.19944550304882,38.240196078431374,35.995098039215684
1004,2020-08-06 14:18:33,2020-08-06 14:47:13,62.0,88.8,121.04530078772804,40.653179190751445,38.46820809248555
1005,2020-08-06 18:58:27,2020-08-06 19:26:17,65.2,82.0,124.80822867063495,39.0,38.0
1006,2020-08-07 02:31:48,2020-08-07 02:49:48,17.6,34.4,124.69577843915351,37.41284403669725,35.20183486238532
1007,2020-08-07 02:50:09,2020-08-07 03:19:49,34.8,63.6,119.8929514853395,39.93296089385475,37.83798882681564
1008,2020-08-07 03:20:10,2020-08-07 03:47:00,64.0,88.8,122.9077191420251,41.99382716049383,39.648148148148145
1009,2020-08-07 10:45:13,2020-08-07 11:08:53,61.2,83.6,123.25707186259926,38.48251748251748,36.28671328671329
1010,2020-08-07 11:09:14,2020-08-07 11:30:14,84.0,97.6,128.1382820669935,39.0,37.0
1011,2020-08-07 16:38:45,2020-08-07 16:59:35,39.2,53.6,121.62228472222225,41.75396825396825,40.0
1012,2020-08-07 16:59:56,2020-08-07 17:29:26,53.6,74.0,121.67006665305013,42.79213483146067,40.99438202247191
1013,2020-08-07 17:29:47,2020-08-07 18:03:17,74.4,96.0,126.1104746656379,43.0,41.0
1014,2020-08-07 21:38:14,2020-08-07 22:15:51,62.0,91.6,122.69895807057058,41.0,38.169611307420496
1015,2020-08-08 02:37:27,2020-08-08 03:05:47,69.6,93.2,123.80473999529187,39.60818713450293,37.0
1016,2020-08-08 10:12:21,2020-08-08 10:32:41,38.4,52.0,124.41482914624183,37.94308943089431,35.96747967479675
1017,2020-08-08 10:33:02,2020-08-08 11:05:22,52.4,74.4,122.47474747474743,39.42564102564103,37.34871794871795
1018,2020-08-08 11:05:43,2020-08-08 11:35:13,74.8,94.0,124.57971672453702,40.0,38.0
1019,2020-08-08 17:01:22,2020-08-08 17:30:22,61.2,81.2,121.84511923611107,42.36,40.674285714285716
1020,2020-08-08 17:30:43,2020-08-08 17:57:03,81.2,97.6,125.64954708672093,42.0,40.0
1021,2020-08-10 07:18:29,2020-08-10 07:46:19,34.4,53.6,120.97513281250001,35.625,34.601190476190474
1022,2020-08-10 07:46:40,2020-08-10 08:13:50,54.0,73.2,118.11633998842592,37.1890243902439,36.0
1023,2020-08-10 08:14:11,2020-08-10 08:45:51,73.2,94.0,123.6732358440171,38.0,36.64397905759162
1024,2020-08-10 17:22:37,2020-08-10 17:49:47,8.8,34.8,122.22971837606839,43.176829268292686,41.109756097560975
1025,2020-08-10 17:50:08,2020-08-10 18:15:28,35.2,58.8,121.73554025423734,45.42483660130719,43.31372549019608
1026,2020-08-10 18:15:49,2020-08-10 18:45:09,59.2,85.6,121.26790582912463,47.0,44.994350282485875
1027,2020-08-10 18:45:30,2020-08-10 19:05:30,85.6,97.6,124.39704155092596,47.0,45.0
1028,2020-08-11 05:09:22,2020-08-11 06:15:17,48.4,97.6,124.3772945658311,39.75959595959596,36.80808080808081
1029,2020-08-11 14:58:42,2020-08-11 15:22:11,44.8,63.6,122.15766737588649,38.68361581920904,37.31638418079096
1030,2020-08-11 15:43:44,2020-08-11 16:05:21,63.2,79.6,123.59376449017623,39.0,37.969325153374236
1031,2020-08-11 21:28:15,2020-08-11 21:57:05,33.6,53.6,119.83332888888889,37.804597701149426,36.4367816091954
1032,2020-08-11 21:57:26,2020-08-11 22:27:26,53.6,74.4,119.9619192708333,39.0,37.828729281767956
1033,2020-08-11 22:27:47,2020-08-11 22:56:47,74.4,93.6,122.46525730613433,39.0,38.0
1034,2020-08-12 11:13:24,2020-08-12 11:38:04,29.6,53.6,121.17421284722225,32.40268456375839,30.154362416107382
1035,2020-08-12 11:38:25,2020-08-12 12:09:35,54.0,84.4,121.15176557931287,35.223404255319146,33.069148936170215
1036,2020-08-12 12:09:56,2020-08-12 12:32:46,84.8,97.6,124.94359657118059,36.0,34.0
1037,2020-08-13 08:54:57,2020-08-13 09:12:37,27.6,38.8,120.81225930059531,30.02803738317757,29.009345794392523
1038,2020-08-13 09:12:58,2020-08-13 09:43:38,38.8,58.8,114.9243207638889,31.724324324324325,30.67027027027027
1039,2020-08-13 09:43:59,2020-08-13 10:11:29,58.8,75.6,117.73067179232808,33.0,32.0
1040,2020-08-13 10:11:50,2020-08-13 10:35:30,75.6,89.2,121.01411458333327,33.0,32.0
1041,2020-08-13 19:44:13,2020-08-13 20:14:03,53.2,81.6,122.64574452269173,34.75555555555555,33.111111111111114
1042,2020-08-13 20:14:24,2020-08-13 20:39:14,82.0,97.6,125.68288060897443,36.0,34.0
1043,2020-08-15 17:46:14,2020-08-15 18:31:08,26.4,70.0,119.95195680428137,36.94485294117647,34.955882352941174
1044,2020-08-15 18:31:29,2020-08-15 18:59:29,70.4,93.6,122.34195330459777,39.0,37.0
1045,2020-08-16 05:38:36,2020-08-16 06:06:46,14.8,32.8,120.22532214506177,34.27058823529412,32.39411764705882
1046,2020-08-16 06:07:07,2020-08-16 06:32:47,32.8,49.2,118.21901465108398,35.68387096774194,33.774193548387096
1047,2020-08-16 06:33:08,2020-08-16 07:01:08,49.2,66.8,116.13322411616167,37.218934911242606,35.0
1048,2020-08-16 07:01:29,2020-08-16 07:28:59,66.8,82.8,120.63369505208337,38.0,35.0
1049,2020-08-16 07:29:20,2020-08-16 07:56:40,82.8,97.6,124.92306278153158,38.0,35.25454545454546
1050,2020-08-17 07:39:15,2020-08-17 07:57:15,25.2,42.8,119.46024147727279,32.69724770642202,31.743119266055047
1051,2020-08-17 08:02:06,2020-08-17 08:34:46,42.4,74.0,120.77445437763717,35.26903553299493,34.076142131979694
1052,2020-08-17 08:35:07,2020-08-17 09:01:17,74.0,94.0,122.10210513888889,36.14556962025316,35.0
1053,2020-08-17 20:17:05,2020-08-17 20:39:45,50.0,62.0,122.73609143518517,35.54744525547445,33.941605839416056
1054,2020-08-17 20:40:06,2020-08-17 21:05:16,62.0,75.6,122.96874581290854,36.0,34.0
1055,2020-08-17 21:05:31,2020-08-17 21:28:01,76.0,88.0,124.57407685185184,36.0,34.0
1056,2020-08-17 21:28:22,2020-08-17 21:46:12,88.0,97.6,123.4129101562501,36.0,34.0
1057,2020-08-18 06:34:59,2020-08-18 06:57:49,56.4,78.0,123.09157111625515,33.768115942028984,32.268115942028984
1058,2020-08-18 06:58:10,2020-08-18 07:24:20,78.4,97.2,125.12486908983456,34.879746835443036,33.00632911392405
1059,2020-08-18 19:32:25,2020-08-18 20:00:25,42.8,70.0,119.8876708537582,38.10059171597633,35.89940828402367
1060,2020-08-18 20:00:46,2020-08-18 20:28:16,70.4,93.2,122.71078228557506,39.19879518072289,37.0
1061,2020-08-19 21:49:45,2020-08-19 22:23:45,23.6,56.8,119.37374945615798,31.141463414634146,30.014634146341464
1062,2020-08-19 22:24:06,2020-08-19 22:50:26,57.2,82.8,119.8399570855035,34.075471698113205,32.899371069182386
1063,2020-08-19 22:50:47,2020-08-19 23:15:17,83.2,97.6,123.54361757330258,35.0,33.972972972972975
1064,2020-08-20 06:44:02,2020-08-20 07:13:52,45.2,74.0,120.25223562885805,34.355555555555554,32.483333333333334
1065,2020-08-20 07:14:13,2020-08-20 07:43:03,74.4,96.4,123.70202891414144,35.706896551724135,33.229885057471265
1066,2020-08-20 23:13:12,2020-08-20 23:39:12,44.4,52.4,121.88715399305556,35.0,33.261146496815286
1067,2020-08-20 23:39:33,2020-08-21 00:10:33,52.8,62.0,126.35869565217388,35.0,33.711229946524064
1068,2020-08-21 00:25:28,2020-08-21 00:50:58,66.8,74.8,119.53125,35.0,33.0
1069,2020-08-21 00:51:19,2020-08-21 01:08:49,74.8,80.0,126.20192307692302,35.0,33.0
1070,2020-08-21 01:09:10,2020-08-21 01:40:00,80.4,89.6,125.67934782608712,34.47849462365591,32.6505376344086
1071,2020-08-21 01:40:21,2020-08-21 01:57:01,89.6,94.4,128.9236432291664,34.0,32.0
1072,2020-08-21 13:35:25,2020-08-21 14:56:08,24.8,75.2,120.3506109292328,38.15841584158416,36.679867986798676
1073,2020-08-21 20:58:03,2020-08-21 21:23:00,75.2,90.8,120.08033335113961,35.29255319148936,34.0
1074,2020-08-22 02:08:40,2020-08-22 02:32:40,53.6,68.0,125.22861574074078,35.51034482758621,33.93103448275862
1075,2020-08-22 02:33:01,2020-08-22 03:01:21,68.4,85.6,123.82996931524559,36.0,34.0
1076,2020-08-22 03:01:42,2020-08-22 03:21:22,86.0,97.6,125.91479825191585,36.0,34.11764705882353
1077,2020-08-22 14:09:03,2020-08-22 14:42:43,19.6,52.4,121.07938130928189,40.76354679802956,38.55172413793103
1078,2020-08-22 14:43:04,2020-08-22 15:10:14,52.8,79.2,121.3947065972222,43.701219512195124,41.5
1079,2020-08-22 23:44:12,2020-08-23 00:13:42,28.8,45.6,123.50201339285718,37.162921348314605,33.8876404494382
1080,2020-08-23 00:14:03,2020-08-23 00:44:53,46.0,64.4,117.85932744565217,38.63978494623656,35.473118279569896
1081,2020-08-23 02:52:08,2020-08-23 03:10:08,86.0,96.4,120.82136351495723,37.0,34.0
1082,2020-08-23 18:48:03,2020-08-23 19:17:13,66.4,86.4,121.99307986111111,36.0,35.0
1083,2020-08-24 00:35:18,2020-08-24 00:57:48,59.6,73.2,123.47940369689539,37.0,36.0
1084,2020-08-24 00:58:09,2020-08-24 01:29:49,73.6,92.8,122.87620558449073,37.0,36.0
1085,2020-08-24 23:47:13,2020-08-25 00:09:13,16.8,38.0,121.23101179245286,37.233082706766915,35.278195488721806
1086,2020-08-25 00:09:34,2020-08-25 00:39:04,38.0,67.2,117.85055384322678,39.70786516853933,37.842696629213485
1087,2020-08-25 00:39:25,2020-08-25 01:09:55,67.6,93.2,123.65560574001732,41.0,39.0
1088,2020-08-25 22:09:57,2020-08-25 22:41:47,12.0,31.6,121.54546662414964,37.239583333333336,36.1875
1089,2020-08-25 22:42:08,2020-08-25 23:09:28,32.0,48.8,121.75261838624338,38.666666666666664,37.587878787878786
1090,2020-08-25 23:09:49,2020-08-25 23:41:49,49.2,69.6,117.38559477124184,40.10362694300518,38.93782383419689
1091,2020-08-25 23:42:10,2020-08-26 00:09:40,69.6,86.4,122.49501240079357,41.0,39.0
1092,2020-08-26 00:10:01,2020-08-26 00:28:41,86.8,97.6,127.70577340534987,41.0,39.0
1093,2020-08-26 04:55:25,2020-08-26 05:27:45,65.6,76.8,124.6180074404761,38.0,35.07179487179487
1094,2020-08-26 05:37:32,2020-08-26 06:09:02,80.4,91.2,125.90272916666665,37.0,35.0
1095,2020-08-26 06:09:23,2020-08-26 06:28:32,91.2,97.6,129.1627105468751,37.0,34.3448275862069
1096,2020-08-26 14:59:29,2020-08-26 15:22:49,66.4,82.4,121.17448793402778,39.177304964539005,38.0
1097,2020-08-26 15:23:10,2020-08-26 15:47:30,82.4,97.6,124.20504294590656,40.0,38.0
1098,2020-08-27 01:07:28,2020-08-27 01:40:08,36.8,59.2,121.30454117063488,33.74111675126903,31.527918781725887
1099,2020-08-27 01:40:29,2020-08-27 02:10:09,59.6,79.6,123.36525319444446,35.0,32.910614525139664
1100,2020-08-27 02:10:30,2020-08-27 02:39:50,80.0,97.6,125.94539654356068,35.0,33.0
1101,2020-08-27 05:26:37,2020-08-27 06:00:47,40.4,66.4,120.02353888888888,38.5873786407767,35.45631067961165
1102,2020-08-27 06:01:08,2020-08-27 06:31:58,66.8,89.6,123.03851358430802,39.725806451612904,36.435483870967744
1103,2020-08-27 16:36:26,2020-08-27 17:00:56,30.0,54.0,120.69269959490742,40.17567567567568,38.62837837837838
1104,2020-08-27 17:01:17,2020-08-27 17:28:27,54.0,80.8,119.89530939054727,42.70909090909091,41.29090909090909
1105,2020-08-27 22:23:48,2020-08-27 22:52:58,66.4,86.0,123.72307298752838,41.0,38.0
1106,2020-08-27 22:53:19,2020-08-27 23:11:59,86.4,97.6,126.68032180059538,40.415929203539825,38.0
1107,2020-08-28 12:30:44,2020-08-28 13:00:24,20.0,40.4,121.759292211329,39.18994413407821,37.53631284916201
1108,2020-08-28 13:00:45,2020-08-28 13:26:25,40.8,58.8,119.44679745370372,40.8,39.33548387096774
1109,2020-08-28 13:26:46,2020-08-28 13:54:46,58.8,78.4,119.74139958900223,42.0,40.0
1110,2020-08-28 21:46:20,2020-08-28 22:13:50,52.8,79.2,121.54461447811447,41.78915662650602,39.6144578313253
1111,2020-08-28 22:14:11,2020-08-28 22:30:29,79.2,92.0,124.40398926866322,42.32,40.0
1112,2020-08-29 03:43:25,2020-08-29 04:15:35,57.2,87.2,123.16943083333334,40.123711340206185,37.381443298969074
1113,2020-08-29 04:15:56,2020-08-29 04:34:16,87.6,97.6,128.69449208333336,40.990990990990994,38.0
1114,2020-08-29 15:43:37,2020-08-29 16:14:47,19.2,40.8,120.72276067386834,40.70744680851064,39.005319148936174
1115,2020-08-29 16:15:08,2020-08-29 16:45:08,40.8,62.0,118.36742400419287,42.65745856353591,41.149171270718234
1116,2020-08-29 16:45:29,2020-08-29 17:13:19,62.4,81.6,121.2876399016204,43.75595238095238,42.0
1117,2020-08-30 08:38:20,2020-08-30 09:08:10,38.4,49.2,119.70164609053494,32.93888888888889,31.61111111111111
1118,2020-08-30 09:08:31,2020-08-30 09:37:51,49.6,60.0,122.22222222222223,33.994350282485875,32.813559322033896
1119,2020-08-30 09:38:12,2020-08-30 10:04:32,60.4,70.0,118.86574074074072,34.0,33.0
1120,2020-08-30 10:04:53,2020-08-30 10:36:43,70.0,81.2,123.16468253968252,34.744791666666664,33.171875
1121,2020-08-30 10:37:04,2020-08-30 11:04:34,81.6,91.2,124.13194444444433,35.0,34.0
1122,2020-08-30 11:04:55,2020-08-30 11:24:35,91.2,97.6,133.1597222222224,35.0,34.0
1123,2020-08-30 22:56:54,2020-08-30 23:25:24,25.2,42.8,121.71877698863638,38.56976744186046,37.377906976744185
1124,2020-08-30 23:25:45,2020-08-30 23:58:25,43.2,63.6,120.36495043572988,40.53807106598985,39.22842639593909
1125,2020-08-30 23:58:46,2020-08-31 00:30:46,64.0,83.6,122.72111564625857,41.409326424870464,40.0
1126,2020-08-31 05:13:30,2020-08-31 05:38:50,45.2,60.8,122.33086752136761,36.93464052287582,33.248366013071895
1127,2020-08-31 05:52:41,2020-08-31 06:15:21,60.8,76.8,106.41842638888892,37.0,33.0
1128,2020-08-31 06:15:42,2020-08-31 06:39:12,76.8,91.6,119.61714358108111,37.0,33.732394366197184
1129,2020-08-31 16:12:01,2020-08-31 16:41:01,31.6,49.6,121.37039722222225,36.94857142857143,35.817142857142855
1130,2020-08-31 16:41:22,2020-08-31 17:10:42,50.0,68.4,120.09513526570048,38.666666666666664,37.536723163841806
1131,2020-08-31 17:11:03,2020-08-31 17:40:53,68.8,87.2,122.14374682971012,39.0,38.0
1132,2020-08-31 17:41:14,2020-08-31 17:58:34,87.6,97.6,128.85554138888887,39.44761904761905,38.0
1133,2020-09-01 05:56:24,2020-09-01 06:28:14,30.4,61.2,120.56998448773449,35.817708333333336,34.098958333333336
1134,2020-09-01 06:28:35,2020-09-01 06:50:21,61.6,82.4,122.10470245726495,38.27067669172932,36.4812030075188
1135,2020-09-01 06:50:42,2020-09-01 07:09:42,82.8,96.0,122.80621969696972,39.0,37.0
1136,2020-09-01 19:38:18,2020-09-01 20:08:08,19.2,47.6,123.47027005086069,40.888888888888886,39.233333333333334
1137,2020-09-01 20:08:29,2020-09-01 20:44:09,48.0,82.0,121.82394391339871,44.04186046511628,42.283720930232555
1138,2020-09-01 20:44:30,2020-09-01 21:04:40,82.4,94.8,128.09926612903237,45.0,43.0
1139,2020-09-02 01:38:23,2020-09-02 02:04:43,46.8,72.4,121.05524316406245,41.333333333333336,37.79874213836478
1140,2020-09-02 02:17:09,2020-09-02 02:38:09,84.0,97.6,125.09191595179745,42.0,39.0
1141,2020-09-02 20:44:51,2020-09-02 21:11:11,23.6,38.0,122.21839467592592,39.088050314465406,37.57232704402516
1142,2020-09-02 21:11:32,2020-09-02 21:41:32,38.4,55.2,119.34526785714282,40.430939226519335,38.806629834254146
1143,2020-09-02 21:41:53,2020-09-02 22:11:03,55.2,71.6,118.86012449186995,41.69886363636363,39.71022727272727
1144,2020-09-02 22:11:24,2020-09-02 22:39:04,71.6,86.8,121.6484221491228,42.0,39.0
1145,2020-09-02 22:39:25,2020-09-02 22:59:55,86.8,97.6,126.85959953703707,42.0,39.0
1146,2020-09-03 04:46:20,2020-09-03 05:05:20,60.4,78.4,123.12036759259254,40.0,37.0
1147,2020-09-03 05:12:44,2020-09-03 05:30:24,85.2,96.4,124.84997817460312,40.0,37.0
1148,2020-09-03 14:41:28,2020-09-03 15:38:43,31.2,86.4,121.24473121225847,43.027906976744184,41.35581395348837
1149,2020-09-04 00:18:52,2020-09-04 01:26:30,17.6,82.4,121.56149615269203,42.389763779527556,39.87204724409449
1150,2020-09-04 11:55:39,2020-09-04 12:23:19,22.0,48.0,122.29005576923078,36.047904191616766,33.77245508982036
1151,2020-09-04 12:23:40,2020-09-04 12:52:00,48.4,75.2,121.41634188432835,38.707602339181285,36.719298245614034
1152,2020-09-04 12:52:21,2020-09-04 13:22:31,75.6,97.6,124.94382765151519,39.994505494505496,38.0
1153,2020-09-05 00:24:50,2020-09-05 00:55:30,46.8,76.4,120.63673240427926,36.383783783783784,34.75135135135135
1154,2020-09-05 12:28:18,2020-09-05 13:01:18,55.2,86.4,123.30527924679484,34.21105527638191,32.21105527638191
1155,2020-09-05 19:27:37,2020-09-05 19:56:57,51.2,71.2,121.48891333333336,37.943502824858754,35.92090395480226
1156,2020-09-05 19:57:18,2020-09-05 20:31:08,71.2,93.6,122.10877486359131,38.01470588235294,36.68627450980392
1157,2020-09-06 03:52:41,2020-09-06 04:52:20,47.2,97.6,123.23879602347887,37.75,35.716517857142854
1158,2020-09-07 00:50:40,2020-09-07 01:08:30,22.4,39.2,123.67227860449728,35.842592592592595,34.370370370370374
1159,2020-09-07 01:08:51,2020-09-07 01:34:01,39.6,64.0,120.14742435109291,38.13157894736842,36.7171052631579
1160,2020-09-07 01:37:10,2020-09-07 01:59:08,64.4,85.2,123.00307594818378,39.774436090225564,37.954887218045116
1161,2020-09-07 08:40:14,2020-09-07 09:02:44,21.6,43.2,122.90767599022637,35.49264705882353,31.904411764705884
1162,2020-09-07 09:03:35,2020-09-07 09:33:15,44.0,73.2,119.80310331050231,38.36871508379888,34.69832402234637
1163,2020-09-07 09:33:36,2020-09-07 10:02:26,73.6,96.0,125.08497061011903,39.833333333333336,36.0
1164,2020-09-07 21:10:52,2020-09-07 21:27:22,30.0,45.6,122.18663728632477,36.0,34.17
1165,2020-09-07 21:27:43,2020-09-07 21:59:53,46.0,76.8,120.66966427669557,38.44845360824742,36.47938144329897
1166,2020-09-07 22:00:14,2020-09-07 22:28:44,76.8,97.6,123.73998364049147,39.901162790697676,37.23255813953488
1167,2020-09-08 01:14:11,2020-09-08 03:08:48,63.2,97.6,125.05674158430237,38.36046511627907,35.413953488372094
1168,2020-09-08 12:58:08,2020-09-08 13:26:48,48.4,66.0,121.61621590909093,33.35260115606936,30.722543352601157
1169,2020-09-08 13:27:09,2020-09-08 13:58:49,66.0,85.2,123.14820312500004,34.0,31.319371727748692
1170,2020-09-08 13:59:10,2020-09-08 14:20:50,85.6,97.6,126.40973831018518,34.0,32.0
1171,2020-09-09 01:43:41,2020-09-09 02:14:31,26.8,56.8,119.94352203703704,34.134408602150536,32.715053763440864
1172,2020-09-09 02:38:49,2020-09-09 02:57:09,76.0,91.2,120.08499067982457,37.0,35.747747747747745
1173,2020-09-09 10:45:30,2020-09-09 11:07:50,84.4,97.6,123.34387468434356,34.0,32.06666666666667
1174,2020-09-09 15:08:35,2020-09-09 15:41:45,77.6,95.6,122.83796280864196,35.0,33.655
1175,2020-09-10 01:48:40,2020-09-10 03:21:56,12.8,96.8,121.02300756448412,37.612857142857145,35.42285714285714
1176,2020-09-10 05:16:27,2020-09-10 05:40:47,80.4,97.6,122.59529675387608,39.0,36.01360544217687
1177,2020-09-10 18:46:47,2020-09-10 19:12:17,17.2,41.6,121.63935712659382,38.65584415584416,36.84415584415584
1178,2020-09-10 19:12:38,2020-09-10 19:38:48,42.0,67.2,120.8399623015873,41.20886075949367,39.360759493670884
1179,2020-09-10 19:39:09,2020-09-10 20:05:49,67.2,90.8,121.95740642655373,42.1055900621118,40.59627329192546
1180,2020-09-11 02:51:54,2020-09-11 03:22:54,32.8,62.4,122.01482573198197,37.94117647058823,35.18716577540107
1181,2020-09-11 03:23:15,2020-09-11 03:50:55,62.8,88.8,121.61432029914532,39.78443113772455,37.0
1182,2020-09-11 11:10:32,2020-09-11 11:41:12,56.4,85.6,122.46005203576868,37.58378378378379,36.12972972972973
1183,2020-09-11 11:41:33,2020-09-11 12:00:53,86.0,97.6,128.41835476532572,38.0,37.0
1184,2020-09-11 14:17:48,2020-09-11 14:45:18,82.8,97.6,125.62689658408412,38.45180722891566,37.0
1185,2020-09-12 04:08:14,2020-09-12 04:37:44,26.8,57.2,119.67653453947369,35.18539325842696,33.348314606741575
1186,2020-09-12 09:50:35,2020-09-12 10:16:05,22.4,36.0,121.94550643382354,32.07142857142857,29.5974025974026
1187,2020-09-12 10:16:26,2020-09-12 10:50:36,36.0,54.8,120.57407897458634,33.49514563106796,31.368932038834952
1188,2020-09-12 10:50:57,2020-09-12 11:22:57,55.2,72.8,120.63925520833338,34.95854922279793,32.803108808290155
1189,2020-09-12 11:23:18,2020-09-12 11:56:18,72.8,90.4,124.43817487373734,35.0,33.0
1190,2020-09-13 12:16:21,2020-09-13 12:49:01,36.8,69.2,117.40269208676268,33.29441624365482,32.56345177664975
1191,2020-09-13 12:49:22,2020-09-13 13:18:32,69.6,93.6,122.18925011574073,35.60227272727273,34.68181818181818
1192,2020-09-13 22:55:09,2020-09-13 23:23:29,38.4,66.4,118.04811433531745,35.53216374269006,33.94736842105263
1193,2020-09-13 23:23:50,2020-09-13 23:54:50,66.4,93.2,120.27933488805971,37.529411764705884,35.8235294117647
1194,2020-09-14 16:34:27,2020-09-14 17:07:07,34.4,57.6,117.57305986590039,35.035532994923855,33.578680203045685
1195,2020-09-14 17:07:28,2020-09-14 17:39:38,57.6,80.4,117.81678764619883,36.144329896907216,35.0
1196,2020-09-14 17:39:59,2020-09-14 18:07:09,80.4,97.6,123.46335376291997,37.0,35.0609756097561
1197,2020-09-15 00:05:02,2020-09-15 00:25:12,32.0,44.4,122.16848588709684,35.64754098360656,33.122950819672134
1198,2020-09-15 00:25:33,2020-09-15 00:58:53,44.8,66.0,118.3962526205451,37.149253731343286,34.55223880597015
1199,2020-09-15 00:59:14,2020-09-15 01:29:04,66.0,84.8,119.54494370567379,38.0,35.0
1200,2020-09-15 01:29:25,2020-09-15 01:51:05,84.8,97.6,124.9718135850695,38.0,35.0
1201,2020-09-15 06:40:03,2020-09-15 07:11:53,61.2,90.4,121.9197219843988,36.0,33.4375
1202,2020-09-15 14:16:47,2020-09-15 14:42:47,43.6,68.8,120.31085438712526,34.71337579617835,31.49044585987261
1203,2020-09-15 14:43:08,2020-09-15 15:11:28,69.2,93.2,120.51100347222223,36.0,32.85964912280702
1204,2020-09-15 22:50:36,2020-09-15 23:14:06,37.2,60.4,117.98790104166672,34.62676056338028,32.26056338028169
1205,2020-09-15 23:14:27,2020-09-15 23:36:37,60.4,82.0,119.6129005915638,36.44776119402985,34.0
1206,2020-09-15 23:41:19,2020-09-15 23:59:39,86.8,97.6,127.93850540123461,37.0,35.0
1207,2020-09-16 13:41:40,2020-09-16 14:10:50,13.2,42.0,117.94898104745373,37.04545454545455,35.0625
1208,2020-09-16 14:11:11,2020-09-16 14:37:43,42.0,68.4,116.99243659511784,40.22981366459627,38.31055900621118
1209,2020-09-16 14:38:04,2020-09-16 14:56:35,68.8,86.8,119.69738967592596,41.69911504424779,39.769911504424776
1210,2020-09-16 20:27:11,2020-09-16 20:58:21,65.6,84.8,121.74479166666666,39.0,36.0
1211,2020-09-16 20:58:42,2020-09-16 21:20:02,84.8,97.6,122.27428851996527,39.0,36.263565891472865
1212,2020-09-17 13:25:40,2020-09-17 13:58:50,17.6,38.4,119.86314089209404,36.485,34.875
1213,2020-09-17 14:02:41,2020-09-17 14:30:01,37.6,54.8,119.23694509043932,38.484848484848484,36.97575757575758
1214,2020-09-17 14:30:22,2020-09-17 15:00:12,55.2,73.6,121.87351736111118,39.794444444444444,38.0
1215,2020-09-17 15:00:33,2020-09-17 15:29:53,74.0,92.0,121.71607168209879,40.0,38.824858757062145
1216,2020-09-18 02:04:13,2020-09-18 02:37:43,48.4,67.6,116.31944444444446,36.66831683168317,34.60891089108911
1217,2020-09-18 02:38:04,2020-09-18 03:11:04,67.6,86.0,119.56068795289852,37.0,35.0
1218,2020-09-18 14:40:08,2020-09-18 15:10:38,30.4,60.8,117.12765757492689,36.67934782608695,35.016304347826086
1219,2020-09-18 15:10:59,2020-09-18 15:49:57,61.2,94.4,122.01297317603745,38.91914893617021,37.06382978723404
1220,2020-09-19 02:34:49,2020-09-19 03:01:19,14.4,31.2,118.30357142857144,31.76875,29.25
1221,2020-09-19 03:01:40,2020-09-19 03:31:10,31.2,50.0,117.68617021276594,33.174157303370784,30.94943820224719
1222,2020-09-19 03:31:31,2020-09-19 04:00:01,50.4,68.4,118.74999999999996,34.843023255813954,32.72093023255814
1223,2020-09-19 04:00:22,2020-09-19 04:33:02,68.8,88.8,122.50000000000001,35.6243654822335,33.0
1224,2020-09-19 17:54:24,2020-09-19 18:21:54,31.2,58.8,116.2711379830918,33.69879518072289,32.46987951807229
1225,2020-09-19 18:22:15,2020-09-19 18:54:05,58.8,89.2,118.42836398940055,35.984375,34.484375
1226,2020-09-20 02:37:00,2020-09-20 02:54:40,38.8,56.0,119.93137298126612,34.38317757009346,32.271028037383175
1227,2020-09-20 02:55:01,2020-09-20 03:25:11,56.4,85.6,120.62691219558602,36.527472527472526,34.21978021978022
1228,2020-09-20 03:25:32,2020-09-20 03:44:32,86.0,97.6,125.36517696360161,37.0,35.0
1229,2020-09-20 11:20:32,2020-09-20 11:48:32,32.4,60.0,118.35849446457327,35.94082840236686,34.42603550295858
1230,2020-09-20 11:48:53,2020-09-20 12:22:24,60.4,91.2,120.18443749999996,38.50738916256157,36.82266009852217
1231,2020-09-20 19:30:06,2020-09-20 19:58:16,46.4,66.0,119.30134396258502,39.0,36.81764705882353
1232,2020-09-20 19:58:37,2020-09-20 20:25:57,66.4,85.2,120.84884345449176,39.63030303030303,37.0
1233,2020-09-21 04:24:56,2020-09-21 05:43:06,36.0,98.8,121.77627672062987,36.19080068143101,33.52981260647359
1234,2020-09-22 05:39:30,2020-09-22 05:56:50,20.4,37.6,117.39826162790699,33.46666666666667,31.99047619047619
1235,2020-09-22 05:57:11,2020-09-22 06:24:21,38.0,65.2,116.25000796568628,36.01219512195122,34.25609756097561
1236,2020-09-22 06:24:42,2020-09-22 06:53:52,65.2,91.6,118.36543644781148,37.69886363636363,35.96590909090909
1237,2020-09-22 15:22:01,2020-09-22 15:49:21,59.2,85.6,120.63973337542096,38.53333333333333,37.25454545454546
1238,2020-09-23 00:05:21,2020-09-23 00:26:41,10.0,30.8,118.53900213675215,37.093023255813954,34.565891472868216
1239,2020-09-23 00:27:02,2020-09-23 00:58:22,31.2,61.6,119.14656853070178,39.492063492063494,37.22222222222222
1240,2020-09-23 00:58:43,2020-09-23 01:28:53,62.0,90.0,120.52578144841266,41.65934065934066,39.0
1241,2020-09-23 15:32:59,2020-09-23 16:05:39,40.4,70.4,118.25094407407406,37.111675126903556,35.46192893401015
1242,2020-09-23 16:06:00,2020-09-23 16:33:40,70.8,93.2,121.37402387152775,38.78443113772455,37.0
1243,2020-09-23 20:40:24,2020-09-23 21:03:24,81.6,96.4,119.98314010885878,35.0,32.0
1244,2020-09-24 01:34:51,2020-09-24 01:57:21,33.6,49.6,118.4053865451389,34.625,32.161764705882355
1245,2020-09-24 01:57:42,2020-09-24 02:27:42,50.0,70.8,121.4129292200855,36.51933701657459,33.646408839779006
1246,2020-09-24 02:28:03,2020-09-24 02:51:53,71.2,87.6,122.44750643631444,37.0,34.0
1247,2020-09-24 15:19:00,2020-09-24 15:48:50,42.0,71.2,120.12462709284625,35.53333333333333,34.09444444444444
1248,2020-09-24 15:49:11,2020-09-24 16:08:57,71.6,89.6,121.1426782330247,37.099173553719005,35.77685950413223
1249,2020-09-25 03:06:15,2020-09-25 03:29:25,5.6,28.4,118.46186299951269,33.957142857142856,31.914285714285715
1250,2020-09-25 03:29:46,2020-09-25 04:01:26,28.4,59.6,118.36003757122504,36.31413612565445,34.340314136125656
1251,2020-09-25 04:01:47,2020-09-25 04:34:57,60.0,90.4,121.31258945540935,38.865,36.75
1252,2020-09-25 10:23:18,2020-09-25 10:55:48,79.6,97.2,122.93795667613627,33.035714285714285,31.01530612244898
1253,2020-09-25 14:41:48,2020-09-25 15:05:18,74.8,93.6,121.9725357565012,36.605633802816904,34.92253521126761
1254,2020-09-26 01:36:55,2020-09-26 02:11:45,20.4,54.4,119.52614379084967,36.27619047619048,34.02857142857143
1255,2020-09-26 07:12:49,2020-09-26 07:48:34,74.8,97.6,121.08833288255366,35.847583643122675,33.0
1256,2020-09-26 12:24:18,2020-09-26 12:44:18,63.2,82.4,120.907857421875,34.93388429752066,32.81818181818182
1257,2020-09-26 12:50:50,2020-09-26 13:08:00,88.0,97.6,123.43318894675942,35.0,33.0
1258,2020-09-26 19:26:55,2020-09-26 19:53:44,38.4,64.8,118.69140739688555,33.45061728395062,30.74074074074074
1259,2020-09-26 19:54:05,2020-09-26 20:26:55,64.8,93.2,119.91491832942096,35.42929292929293,32.56565656565657
1260,2020-09-27 16:19:46,2020-09-27 16:52:26,36.8,69.6,115.37262974254745,31.98984771573604,30.79695431472081
1261,2020-09-27 16:52:47,2020-09-27 17:23:47,69.6,94.8,119.66160598544973,33.973262032085564,32.80748663101604
1262,2020-09-28 16:46:43,2020-09-28 17:04:03,13.2,24.4,118.86037661210318,31.866666666666667,30.0
1263,2020-09-28 17:04:24,2020-09-28 17:33:04,24.8,42.8,120.62347422839512,32.69364161849711,31.104046242774565
1264,2020-09-28 17:33:25,2020-09-28 18:03:15,43.2,62.0,116.75236872044918,34.605555555555554,33.05555555555556
1265,2020-09-28 18:03:36,2020-09-28 18:35:26,62.4,81.2,119.15781671099293,35.583333333333336,34.0
1266,2020-09-28 18:35:47,2020-09-28 19:04:57,81.6,97.2,126.25803205128196,36.0,34.0
1267,2020-09-29 01:36:44,2020-09-29 02:06:34,55.2,73.2,119.71143425925928,33.955555555555556,32.0
1268,2020-09-29 02:06:55,2020-09-29 02:41:15,73.6,93.2,121.11112910997726,34.0,32.531400966183575
1269,2020-09-29 18:27:17,2020-09-29 18:48:07,7.6,28.8,113.1643235062893,36.03174603174603,34.46825396825397
1270,2020-09-29 18:48:28,2020-09-29 19:27:08,29.2,66.0,120.97865281551934,38.87982832618026,37.39055793991416
1271,2020-09-29 19:27:29,2020-09-29 19:56:29,66.4,91.6,124.20912389770729,41.205714285714286,39.70285714285714
1272,2020-09-30 03:45:24,2020-09-30 04:16:14,38.8,69.2,118.86012787828946,36.97849462365591,34.25268817204301
1273,2020-09-30 04:16:35,2020-09-30 04:47:15,69.6,94.8,122.19411910273365,38.58378378378379,35.962162162162166
1274,2020-09-30 12:06:56,2020-09-30 12:36:46,52.0,80.8,120.76339790702161,36.205555555555556,34.68888888888889
1275,2020-09-30 12:37:07,2020-09-30 13:00:57,81.2,97.6,123.30455030487812,37.0,35.09027777777778
1276,2020-10-01 00:56:59,2020-10-01 01:25:29,49.2,76.8,120.76390519323674,33.598837209302324,32.36046511627907
1277,2020-10-01 01:25:50,2020-10-01 01:55:00,77.2,97.6,124.39135178376908,34.99431818181818,33.76704545454545
1278,2020-10-01 07:19:03,2020-10-01 07:46:33,42.8,70.0,117.93504718137254,34.644578313253014,31.35542168674699
1279,2020-10-01 07:46:54,2020-10-01 08:16:14,70.0,94.4,120.25501531193075,36.0,32.91525423728814
1280,2020-10-01 15:37:49,2020-10-01 15:54:29,29.6,46.0,119.87892022357727,34.277227722772274,32.51485148514851
1281,2020-10-01 15:54:50,2020-10-01 16:18:30,46.4,70.0,118.40220203625238,36.44755244755245,34.75524475524475
1282,2020-10-01 16:18:51,2020-10-01 16:49:41,70.4,95.6,121.97420039682545,37.88709677419355,36.0
1283,2020-10-02 00:49:49,2020-10-02 01:12:29,57.2,79.2,119.752548989899,36.81751824817518,34.503649635036496
1284,2020-10-02 12:07:11,2020-10-02 12:36:41,68.8,94.0,119.02227551807758,32.71348314606742,31.797752808988765
1285,2020-10-02 19:19:31,2020-10-02 19:48:51,46.0,66.8,119.43245125534192,37.932203389830505,36.70056497175141
1286,2020-10-02 19:49:12,2020-10-02 20:16:52,67.2,86.4,121.94014539930555,38.5688622754491,37.0
1287,2020-10-02 20:17:13,2020-10-02 20:34:43,86.8,97.6,123.66901453189307,38.89622641509434,37.0
1288,2020-10-04 03:00:12,2020-10-04 03:28:22,26.8,54.8,118.46033382936511,36.01176470588236,33.90588235294118
1289,2020-10-04 03:28:43,2020-10-04 03:53:23,55.2,79.6,119.10634744990898,38.147651006711406,36.04697986577181
1290,2020-10-04 03:53:44,2020-10-04 04:17:04,80.0,96.8,123.75745345568785,39.0,37.0
1291,2020-10-04 22:16:54,2020-10-04 22:40:54,57.2,80.4,120.66691020114943,35.648275862068964,34.772413793103446
1292,2020-10-04 22:41:15,2020-10-04 22:59:35,80.8,94.0,124.08986868686868,36.83783783783784,35.927927927927925
1293,2020-10-05 03:37:10,2020-10-05 03:57:50,54.8,75.2,119.27289270152504,36.168,34.032
1294,2020-10-05 14:01:28,2020-10-05 14:29:08,18.0,28.0,119.75,33.0,32.0
1295,2020-10-05 14:29:29,2020-10-05 15:01:09,28.0,39.6,118.2950191570881,33.638743455497384,32.54973821989529
1296,2020-10-05 15:01:30,2020-10-05 15:32:00,39.6,51.2,113.93678160919538,34.45652173913044,33.22282608695652
1297,2020-10-05 15:32:21,2020-10-05 16:01:11,51.2,62.0,115.68930041152265,35.0,34.0
1298,2020-10-05 16:01:32,2020-10-05 16:32:02,62.4,73.6,118.00595238095242,35.0,34.0
1299,2020-10-05 16:32:23,2020-10-05 17:04:03,73.6,84.8,122.51984126984124,35.0,34.0
1300,2020-10-05 17:04:24,2020-10-05 17:31:44,85.2,94.4,128.74396135265698,35.0,34.0
1301,2020-10-06 01:39:58,2020-10-06 02:04:08,21.2,38.0,119.26838285383599,34.49315068493151,32.49315068493151
1302,2020-10-06 02:04:29,2020-10-06 02:33:09,38.4,58.8,116.40116734749458,36.40462427745665,34.323699421965316
1303,2020-10-06 02:33:30,2020-10-06 03:06:30,58.8,82.0,117.83527394636015,37.949748743718594,35.336683417085425
1304,2020-10-06 03:06:51,2020-10-06 03:31:31,82.4,97.6,124.95160782163754,38.0,36.0
1305,2020-10-06 12:46:22,2020-10-06 13:12:52,52.0,77.6,120.71072336154518,33.275,31.54375
1306,2020-10-06 13:13:13,2020-10-06 13:40:43,78.0,97.6,123.87686323696147,34.12048192771084,32.933734939759034
1307,2020-10-06 20:13:03,2020-10-06 20:37:33,46.8,56.0,115.39855072463764,33.0,31.0
1308,2020-10-06 20:37:54,2020-10-06 21:06:44,56.0,66.4,120.13888888888881,33.0,31.0
1309,2020-10-06 21:07:05,2020-10-06 21:37:15,66.4,77.2,121.0390946502058,33.0,31.0
1310,2020-10-06 21:37:36,2020-10-06 22:05:46,77.2,87.2,122.05555555555556,33.0,31.0
1311,2020-10-06 22:06:07,2020-10-06 22:35:57,87.6,97.6,129.27777777777777,33.0,31.0
1312,2020-10-07 06:16:14,2020-10-07 06:44:04,58.0,75.2,121.05295768733852,30.0,27.964285714285715
1313,2020-10-07 06:44:25,2020-10-07 07:15:55,75.2,94.8,119.12272711167802,30.105263157894736,28.305263157894736
1314,2020-10-08 00:17:47,2020-10-08 00:45:27,54.8,82.0,118.91239093137256,30.365269461077844,29.275449101796408
1315,2020-10-08 00:45:48,2020-10-08 01:08:48,82.4,97.6,125.05483762792404,31.568345323741006,30.294964028776977
1316,2020-10-08 07:17:59,2020-10-08 07:42:18,34.8,50.4,117.0012725071225,29.693877551020407,27.54421768707483
1317,2020-10-08 07:42:39,2020-10-08 08:15:29,50.4,71.2,118.69994618055553,31.656565656565657,29.555555555555557
1318,2020-10-08 08:15:50,2020-10-08 08:47:00,71.6,90.8,122.05225506365743,32.212765957446805,30.31382978723404
1319,2020-10-08 22:09:35,2020-10-08 22:36:55,22.4,48.8,120.48613362794617,32.903030303030306,31.30909090909091
1320,2020-10-08 22:37:16,2020-10-08 23:05:06,49.2,76.4,119.0574233047386,36.01190476190476,34.17261904761905
1321,2020-10-08 23:05:27,2020-10-08 23:32:07,76.8,96.4,123.59342403628115,37.0,35.0
1322,2020-10-09 15:22:49,2020-10-09 15:53:29,53.6,84.0,118.84824424342106,32.086486486486486,30.72972972972973
1323,2020-10-09 22:48:22,2020-10-09 23:15:52,51.6,78.4,119.53100036276948,32.15060240963855,30.27710843373494
1324,2020-10-09 23:16:13,2020-10-09 23:42:33,78.8,97.6,123.72120079787237,33.0,31.132075471698112
1325,2020-10-10 16:01:35,2020-10-10 16:28:15,12.8,40.4,119.12188108896942,34.78260869565217,32.98757763975155
1326,2020-10-10 16:28:36,2020-10-10 16:59:06,40.8,72.8,117.493491796875,38.130434782608695,36.42391304347826
1327,2020-10-10 16:59:27,2020-10-10 17:29:57,72.8,96.8,123.10822858796297,39.20108695652174,38.0
1328,2020-10-11 11:44:14,2020-10-11 12:13:14,48.0,76.8,118.95736294367285,31.434285714285714,30.2
1329,2020-10-11 12:13:35,2020-10-11 12:41:25,77.2,97.6,124.31169492102401,33.07142857142857,31.875
1330,2020-10-11 16:34:41,2020-10-11 17:03:41,66.4,86.4,120.4965321527778,37.0,36.0
1331,2020-10-11 17:04:02,2020-10-11 17:22:02,86.8,97.6,125.24694663065851,37.0,36.0
1332,2020-10-12 09:53:28,2020-10-12 10:19:28,65.6,85.6,121.35487673611112,30.101910828025478,29.235668789808916
1333,2020-10-12 10:19:49,2020-10-12 10:38:29,86.0,97.6,124.67316989942536,31.0,30.0
1334,2020-10-12 23:04:12,2020-10-12 23:31:22,43.2,70.0,118.32193781094529,36.81707317073171,35.21951219512195
1335,2020-10-13 04:01:30,2020-10-13 04:57:41,63.2,97.6,121.5259953407623,36.308056872037916,33.98341232227488
1336,2020-10-13 13:35:19,2020-10-13 13:57:59,56.4,78.4,120.12688642676765,35.14598540145985,33.54014598540146
1337,2020-10-13 13:58:20,2020-10-13 14:24:50,78.8,97.6,124.57149933510641,36.0,34.75625
1338,2020-10-13 20:43:04,2020-10-13 21:09:54,46.8,65.2,121.48701283212557,33.111111111111114,30.660493827160494
1339,2020-10-13 21:17:45,2020-10-13 21:40:25,66.0,81.6,121.070155448718,33.86861313868613,31.0
1340,2020-10-13 21:40:46,2020-10-13 22:06:56,81.6,97.6,122.69356362847222,34.0,31.0
1341,2020-10-14 09:58:07,2020-10-14 10:28:37,52.4,73.6,120.62111360062902,31.027173913043477,29.880434782608695
1342,2020-10-14 10:28:58,2020-10-14 10:55:28,74.0,92.0,121.14356180555555,32.0,31.0
1343,2020-10-14 22:33:40,2020-10-14 22:57:10,8.8,25.2,119.06250618224938,33.0,31.464788732394368
1344,2020-10-14 22:57:31,2020-10-14 23:26:51,25.6,46.0,119.49687098311546,34.16949152542373,32.48587570621469
1345,2020-10-14 23:27:12,2020-10-15 00:00:02,46.4,69.2,119.64852454922026,36.24242424242424,34.43434343434343
1346,2020-10-15 00:00:23,2020-10-15 00:34:13,69.6,92.0,123.91434188988093,37.0,35.0
1347,2020-10-15 16:17:46,2020-10-15 16:46:16,34.8,50.8,119.04690468749999,34.83720930232558,33.23837209302326
1348,2020-10-15 16:46:37,2020-10-15 17:30:20,51.2,75.6,119.74308541666672,36.0,34.71969696969697
1349,2020-10-15 17:30:41,2020-10-15 17:59:11,76.0,91.6,122.09938942307697,36.0,35.0
1350,2020-10-16 01:40:55,2020-10-16 02:11:35,32.8,50.0,118.4375088016796,34.464864864864865,32.54054054054054
1351,2020-10-16 02:11:56,2020-10-16 02:36:06,50.4,64.0,118.05964338235293,35.91095890410959,33.95205479452055
1352,2020-10-16 12:18:08,2020-10-16 12:48:58,31.2,50.8,118.14060693027213,32.58064516129032,31.274193548387096
1353,2020-10-16 12:49:19,2020-10-16 13:18:49,51.2,69.6,115.76844006642517,34.29775280898876,32.92696629213483
1354,2020-10-16 13:19:10,2020-10-16 13:47:10,69.6,85.6,121.43317777777779,35.0,33.0
1355,2020-10-16 13:47:31,2020-10-16 14:09:21,86.0,97.6,126.40567241379317,35.0,33.75
1356,2020-10-16 22:39:19,2020-10-16 23:06:29,60.8,86.8,121.6383636217949,34.573170731707314,32.73170731707317
1357,2020-10-17 15:26:30,2020-10-17 16:17:20,46.0,92.4,120.43425126915707,31.479057591623036,30.615183246073297
1358,2020-10-18 03:42:42,2020-10-18 04:06:52,28.0,52.0,117.20892390046298,29.410958904109588,27.876712328767123
1359,2020-10-18 04:13:14,2020-10-18 04:47:54,53.6,87.2,119.9723170469577,32.50717703349282,30.66507177033493
1360,2020-10-18 17:46:54,2020-10-18 18:13:03,60.4,85.6,120.58610605158732,30.13705583756345,28.9746192893401
1361,2020-10-19 00:43:43,2020-10-19 01:08:03,38.4,62.4,118.88252621527779,29.510204081632654,27.87074829931973
1362,2020-10-19 01:08:24,2020-10-19 01:36:14,62.4,88.8,119.9342234848485,31.5,29.535714285714285
1363,2020-10-19 14:48:21,2020-10-19 15:15:11,60.4,86.8,118.76790414562292,31.376543209876544,29.734567901234566
1364,2020-10-20 02:51:06,2020-10-20 03:20:06,25.6,54.0,118.30203658059469,29.16,27.497142857142858
1365,2020-10-20 03:20:27,2020-10-20 03:47:57,54.4,81.2,118.95471522595355,32.01807228915663,30.120481927710845
1366,2020-10-20 03:48:18,2020-10-20 04:12:18,81.6,97.6,125.79777031250003,33.0,31.0
1367,2020-10-20 17:05:11,2020-10-20 17:31:01,24.4,50.0,117.39043999565975,32.26282051282051,30.442307692307693
1368,2020-10-20 17:31:22,2020-10-20 17:59:02,50.0,77.6,116.60128009259265,35.05988023952096,33.22754491017964
1369,2020-10-20 17:59:23,2020-10-20 18:23:13,77.6,95.6,121.11038333333335,36.0,34.0
1370,2020-10-21 01:41:41,2020-10-21 02:08:51,36.8,46.4,122.6273148148148,30.067073170731707,27.865853658536587
1371,2020-10-21 02:09:12,2020-10-21 02:40:42,46.8,58.4,117.67241379310344,31.0,28.757894736842104
1372,2020-10-21 02:41:03,2020-10-21 03:12:23,58.4,70.0,117.04980842911877,31.0,29.0
1373,2020-10-21 03:12:44,2020-10-21 03:41:34,70.0,80.4,120.13888888888881,31.0,29.0
1374,2020-10-21 03:41:55,2020-10-21 04:12:55,80.4,91.2,124.38271604938276,31.0,29.0
1375,2020-10-21 04:13:16,2020-10-21 04:31:56,91.6,97.6,134.8148148148148,31.0,29.0
1376,2020-10-21 09:11:54,2020-10-21 09:41:44,76.4,95.6,122.50220225694453,29.405555555555555,27.47222222222222
1377,2020-10-21 17:12:38,2020-10-21 17:43:28,35.2,56.8,118.24719508744863,33.123655913978496,31.806451612903224
1378,2020-10-21 17:43:49,2020-10-21 18:12:49,57.2,77.2,120.11252458333333,34.84571428571429,33.0
1379,2020-10-21 18:13:10,2020-10-21 18:40:50,77.2,95.2,121.85264922839507,35.0,33.035928143712574
1380,2020-10-22 13:26:31,2020-10-22 13:54:01,30.4,57.6,118.01062510212417,29.789156626506024,28.41566265060241
1381,2020-10-22 13:54:22,2020-10-22 14:25:32,58.0,88.0,120.31713046296298,32.569148936170215,31.29255319148936
1382,2020-10-22 21:55:38,2020-10-23 00:34:16,49.6,97.6,122.85487856770835,32.0,30.41848739495798
1383,2020-10-23 06:43:25,2020-10-23 07:10:05,52.4,78.4,119.91080277777775,29.714285714285715,27.4472049689441
1384,2020-10-23 07:10:26,2020-10-23 07:35:46,78.8,97.2,122.44339892814007,31.0,28.941176470588236
1385,2020-10-23 16:36:55,2020-10-23 17:00:15,50.0,66.4,119.17856080623304,32.744680851063826,31.29787234042553
1386,2020-10-23 17:00:36,2020-10-23 17:33:06,66.4,89.2,119.49322429337236,33.46938775510204,32.025510204081634
1387,2020-10-23 23:02:59,2020-10-23 23:28:49,63.2,79.2,121.36287413194447,32.0,30.0
1388,2020-10-23 23:29:10,2020-10-23 23:59:20,79.2,97.6,121.48401396437205,32.472527472527474,30.664835164835164
1389,2020-10-24 18:54:08,2020-10-24 19:24:08,10.4,40.0,119.60072020457959,30.585635359116022,29.23756906077348
1390,2020-10-24 19:24:29,2020-10-24 19:56:19,40.4,72.0,118.89814367967652,34.036458333333336,32.770833333333336
1391,2020-10-24 19:56:40,2020-10-24 20:13:14,72.4,88.4,122.12950435763885,35.833333333333336,34.35294117647059
1392,2020-10-25 04:13:55,2020-10-25 04:41:35,28.4,55.6,117.39228395629084,32.0059880239521,29.62874251497006
1393,2020-10-25 04:41:56,2020-10-25 05:09:56,55.6,82.8,118.8393872038399,34.72189349112426,32.49704142011834
1394,2020-10-25 05:10:17,2020-10-25 05:32:27,83.2,97.6,126.22495457175935,35.88059701492537,33.0
1395,2020-10-25 08:45:34,2020-10-25 09:05:44,74.4,91.6,120.45785610465126,33.85245901639344,31.016393442622952
1396,2020-10-25 14:09:13,2020-10-25 14:28:13,54.8,73.2,119.04364643719805,34.89565217391304,32.982608695652175
1397,2020-10-25 14:28:34,2020-10-25 14:54:24,73.6,94.4,121.44366386217943,35.73717948717949,33.93589743589744
1398,2020-10-26 00:09:30,2020-10-26 00:40:00,42.4,76.8,118.09955737241602,35.994565217391305,33.97282608695652
1399,2020-10-26 00:40:21,2020-10-26 01:07:01,76.8,97.2,122.69130038126357,37.91304347826087,35.61490683229814
1400,2020-10-26 07:59:07,2020-10-26 08:50:38,54.0,97.6,120.90638606969932,32.60206718346253,30.2015503875969
1401,2020-10-26 19:34:35,2020-10-26 20:03:55,50.0,78.8,118.78037726658953,35.21468926553672,33.66101694915254
1402,2020-10-26 20:04:16,2020-10-26 20:30:26,79.2,97.6,125.56234495772954,36.0,34.82911392405063
1403,2020-10-27 15:12:36,2020-10-27 15:41:06,47.6,75.6,118.4047948412699,37.06976744186046,35.25581395348837
1404,2020-10-27 15:41:27,2020-10-27 16:08:57,76.0,96.4,124.85774727668843,38.0,36.60843373493976
1405,2020-10-27 22:51:35,2020-10-27 23:23:15,40.0,60.4,116.1628281590414,36.45026178010471,34.287958115183244
1406,2020-10-27 23:23:36,2020-10-27 23:56:26,60.4,81.2,118.12630916132476,37.707070707070706,35.0
1407,2020-10-27 23:56:47,2020-10-28 00:24:07,81.2,97.6,122.73036187330631,38.0,35.56969696969697
1408,2020-10-28 13:44:24,2020-10-28 14:07:04,29.2,41.6,118.85414012096773,30.503649635036496,29.21167883211679
1409,2020-10-28 14:07:25,2020-10-28 14:38:55,41.6,59.6,116.37651419753088,31.852631578947367,30.621052631578948
1410,2020-10-28 14:39:16,2020-10-28 15:08:06,59.6,76.0,116.91900897696479,33.0,31.96551724137931
1411,2020-10-28 23:25:23,2020-10-28 23:50:13,32.8,46.8,117.88094603174603,32.406666666666666,30.413333333333334
1412,2020-10-28 23:50:34,2020-10-29 00:17:24,47.2,62.4,117.25056240862577,33.75308641975309,31.80246913580247
1413,2020-10-29 00:17:45,2020-10-29 01:12:49,62.4,92.4,121.91033971759259,34.87687687687688,32.91891891891892
1414,2020-10-29 06:31:20,2020-10-29 06:59:40,68.0,92.4,122.44876997950817,31.77777777777778,29.52046783625731
1415,2020-10-29 12:53:03,2020-10-29 13:21:03,62.4,88.8,120.38615388257577,29.45562130177515,27.437869822485208
1416,2020-10-29 23:19:40,2020-10-29 23:42:40,39.6,62.0,119.98451444692462,28.201438848920862,26.510791366906474
1417,2020-10-29 23:43:01,2020-10-30 00:10:21,62.4,88.4,120.12287644230769,30.436363636363637,28.575757575757574
1418,2020-10-30 05:02:58,2020-10-30 05:23:18,60.4,80.0,119.914964781746,29.365853658536587,26.975609756097562
1419,2020-10-30 05:23:39,2020-10-30 05:49:19,80.4,97.6,125.03958131459957,30.0,28.0
1420,2020-10-31 02:29:04,2020-10-31 02:58:44,18.4,47.2,120.05158965084873,30.726256983240223,29.05586592178771
1421,2020-10-31 02:59:05,2020-10-31 03:29:35,47.6,77.2,120.05348357732733,34.02173913043478,32.17934782608695
1422,2020-10-31 03:29:56,2020-10-31 03:57:56,77.6,97.6,127.21874208333332,35.005917159763314,33.0
1423,2020-10-31 16:32:05,2020-10-31 17:01:15,28.8,58.0,116.49638137366819,33.9375,32.33522727272727
1424,2020-10-31 17:01:36,2020-10-31 17:32:06,58.0,88.0,118.56110722222222,36.494565217391305,34.733695652173914
1425,2020-11-01 01:40:56,2020-11-01 02:07:36,22.4,44.8,119.95660918898811,33.732919254658384,31.403726708074533
1426,2020-11-01 02:07:57,2020-11-01 02:26:17,45.2,60.4,118.11130427631582,35.83783783783784,33.5045045045045
1427,2020-11-01 02:29:10,2020-11-01 02:56:20,62.8,84.0,119.64820505765195,37.0,34.609756097560975
1428,2020-11-01 02:56:41,2020-11-01 03:18:01,84.4,97.6,127.2674793771045,37.17054263565891,35.0
1429,2020-11-01 07:44:47,2020-11-01 08:14:17,46.0,64.4,120.51180208333334,34.674157303370784,31.185393258426966
1430,2020-11-01 08:14:38,2020-11-01 08:43:48,64.8,82.8,121.79786651234568,35.02272727272727,32.0
1431,2020-11-01 08:44:09,2020-11-01 09:08:39,83.2,97.6,125.4340407986112,35.979729729729726,32.601351351351354
1432,2020-11-01 15:06:22,2020-11-01 15:33:32,64.0,80.8,121.7923549933863,35.0,33.0
1433,2020-11-01 15:33:53,2020-11-01 16:01:23,81.2,97.6,124.10740540311662,35.0,33.066265060240966
1434,2020-11-02 00:57:26,2020-11-02 01:21:06,26.4,50.0,117.17456461864404,32.13286713286713,30.251748251748253
1435,2020-11-02 01:21:27,2020-11-02 01:44:27,50.0,72.8,117.73392214912283,34.697841726618705,32.726618705035975
1436,2020-11-02 01:44:48,2020-11-02 02:12:18,73.2,95.2,121.24242720959595,36.0,33.87951807228916
1437,2020-11-02 17:16:59,2020-11-02 17:35:09,49.6,67.2,120.42455823863637,32.72727272727273,31.463636363636365
1438,2020-11-02 17:35:30,2020-11-02 18:03:40,67.6,92.0,121.30180373406189,33.87647058823529,32.576470588235296
1439,2020-11-03 06:30:53,2020-11-03 06:56:19,35.6,61.2,115.67171662868925,28.545454545454547,26.98701298701299
1440,2020-11-03 06:56:40,2020-11-03 07:26:20,61.6,89.2,120.12026489533012,31.050279329608937,29.29050279329609
1441,2020-11-03 14:17:52,2020-11-03 14:48:22,54.8,84.0,121.70662300228312,32.95652173913044,31.565217391304348
1442,2020-11-03 14:48:43,2020-11-03 15:09:13,84.4,97.6,124.24138152356912,34.0,32.54838709677419
1443,2020-11-04 22:03:56,2020-11-04 22:35:36,21.6,53.2,118.39574217651194,30.61780104712042,29.31413612565445
1444,2020-11-04 22:35:57,2020-11-04 23:03:07,53.6,80.8,118.16789011437909,33.73780487804878,32.579268292682926
1445,2020-11-04 23:03:28,2020-11-04 23:28:18,80.8,97.6,122.30904869378311,34.99333333333333,33.03333333333333
1446,2020-11-05 14:27:24,2020-11-05 14:57:54,40.8,71.6,115.37248024891778,32.53804347826087,30.96195652173913
1447,2020-11-05 20:32:31,2020-11-05 20:58:31,42.0,69.6,116.24094796698876,34.394904458598724,32.99363057324841
1448,2020-11-05 20:58:52,2020-11-05 21:26:02,70.0,93.6,121.30179725753301,36.06707317073171,34.65853658536585
1449,2020-11-06 05:20:16,2020-11-06 05:52:36,58.4,81.2,117.94100950292392,30.964102564102564,28.794871794871796
1450,2020-11-06 05:52:57,2020-11-06 06:18:57,81.2,97.6,121.87751422764232,31.56050955414013,29.50955414012739
1451,2020-11-06 12:22:59,2020-11-06 12:44:59,58.4,80.0,118.79887191358027,32.38345864661654,31.037593984962406
1452,2020-11-06 12:45:20,2020-11-06 13:09:53,80.4,97.6,124.11596472868227,33.0,32.0
1453,2020-11-06 22:00:02,2020-11-06 22:31:42,18.8,35.6,116.47735209986774,33.146596858638745,31.387434554973822
1454,2020-11-06 22:32:03,2020-11-06 23:07:13,36.0,55.2,114.31423741319442,34.570754716981135,32.820754716981135
1455,2020-11-06 23:07:34,2020-11-06 23:39:34,55.2,76.8,115.267489840535,36.0,34.0
1456,2020-11-06 23:39:55,2020-11-07 00:11:45,76.8,97.6,120.6764155982906,36.510416666666664,34.0
1457,2020-11-07 06:50:54,2020-11-07 07:13:44,68.0,90.0,118.10353087121213,31.217391304347824,28.579710144927535
1458,2020-11-07 19:25:17,2020-11-07 19:42:07,40.0,56.8,115.70522280092592,32.96078431372549,31.431372549019606
1459,2020-11-07 19:42:28,2020-11-07 20:11:58,57.2,86.0,118.30973384452166,34.70224719101124,33.337078651685395
1460,2020-11-07 20:12:19,2020-11-07 20:31:19,86.4,97.6,128.8120385664684,35.18260869565217,34.0
1461,2020-11-08 15:41:32,2020-11-08 16:02:12,84.0,97.6,122.09253676470591,33.0,31.056
1462,2020-11-09 03:59:05,2020-11-09 04:31:35,22.8,55.2,116.60581781550067,29.882653061224488,28.306122448979593
1463,2020-11-09 04:31:56,2020-11-09 04:57:16,55.6,80.8,116.90148379629632,32.88235294117647,31.274509803921568
1464,2020-11-09 04:57:37,2020-11-09 05:21:47,81.2,97.6,124.86196443089439,34.0,32.0
1465,2020-11-09 17:13:10,2020-11-09 17:43:30,60.8,82.0,118.13024986897271,31.404371584699454,30.30054644808743
1466,2020-11-09 17:43:51,2020-11-09 18:01:31,82.4,94.0,119.17745114942532,32.0,31.0
1467,2020-11-10 00:05:19,2020-11-10 00:46:16,58.4,94.4,119.18461385802466,31.607142857142858,29.522727272727273
1468,2020-11-10 13:58:01,2020-11-10 14:33:06,68.8,97.6,115.78058415316359,27.303030303030305,26.53030303030303
1469,2020-11-10 17:54:16,2020-11-10 18:14:06,85.2,97.6,121.55130331541227,31.0,29.925
1470,2020-11-11 13:35:37,2020-11-11 15:02:53,40.0,95.6,118.58935351718627,30.12213740458015,28.96030534351145
1471,2020-11-11 21:02:57,2020-11-11 22:27:01,45.2,97.6,119.290447519084,32.28367670364501,30.404120443740094
1472,2020-11-12 15:42:27,2020-11-12 16:05:47,42.4,65.6,117.07734973659005,31.4822695035461,30.02836879432624
1473,2020-11-12 16:06:08,2020-11-12 16:38:43,66.0,94.0,119.55551210813495,33.4263959390863,31.771573604060915
1474,2020-11-13 01:56:29,2020-11-13 02:25:19,12.0,40.8,116.88561569251546,29.477011494252874,27.373563218390803
1475,2020-11-13 02:25:40,2020-11-13 02:52:40,41.2,68.4,115.83639981617647,32.88343558282209,31.006134969325153
1476,2020-11-13 02:53:01,2020-11-13 03:24:01,68.8,94.4,121.17947596571177,34.79144385026738,32.903743315508024
1477,2020-11-13 12:08:02,2020-11-13 13:10:45,43.6,94.0,119.01044757771164,31.276008492569,29.830148619957537
1478,2020-11-13 20:33:47,2020-11-13 21:00:37,49.2,75.6,118.65689141414148,33.15432098765432,31.74074074074074
1479,2020-11-13 21:00:58,2020-11-13 21:30:18,76.0,97.6,122.47879153806589,34.67796610169491,33.0
1480,2020-11-14 05:39:04,2020-11-14 06:12:49,72.8,97.6,119.87366757952512,30.956692913385826,28.909448818897637
1481,2020-11-14 16:18:32,2020-11-14 16:36:22,33.2,43.2,115.14720508333333,27.944444444444443,26.5
1482,2020-11-14 16:36:43,2020-11-14 17:08:33,43.2,61.6,114.97583876811596,29.380208333333332,27.921875
1483,2020-11-14 17:08:54,2020-11-14 17:39:44,62.0,79.6,116.43938320707075,30.010752688172044,29.0
1484,2020-11-15 00:16:40,2020-11-15 00:43:00,32.4,58.4,117.41934748931624,27.553459119496857,25.72327044025157
1485,2020-11-15 00:43:21,2020-11-15 01:10:51,58.8,86.0,117.16503809232024,30.283132530120483,28.481927710843372
1486,2020-11-15 21:26:55,2020-11-15 21:44:45,24.0,41.6,118.42883246527778,27.833333333333332,26.37037037037037
1487,2020-11-15 21:45:06,2020-11-15 22:11:56,42.0,69.2,115.22110866013074,30.790123456790123,29.38888888888889
1488,2020-11-15 22:12:17,2020-11-15 22:37:57,69.6,92.0,119.9646692708333,32.651612903225804,31.148387096774194
1489,2020-11-16 15:36:55,2020-11-16 16:30:15,54.4,88.4,117.79944334150323,31.5527950310559,29.698757763975156
1490,2020-11-16 23:03:18,2020-11-16 23:33:58,64.4,92.0,119.16416490539459,31.951351351351352,30.71891891891892
1491,2020-11-17 06:52:41,2020-11-17 07:21:31,78.4,94.4,120.15017473958333,27.913793103448278,26.0
1492,2020-11-17 16:46:28,2020-11-17 17:03:58,44.8,54.4,117.7415853009259,30.30188679245283,28.99056603773585
1493,2020-11-17 17:24:04,2020-11-17 17:45:44,62.8,74.8,117.3159504398148,31.236641221374047,30.0
1494,2020-11-18 12:00:33,2020-11-18 12:22:13,7.2,28.8,117.8311439686214,32.16030534351145,30.259541984732824
1495,2020-11-18 12:22:34,2020-11-18 12:51:24,29.2,58.4,116.01931074010653,34.735632183908045,32.98850574712644
1496,2020-11-18 12:51:45,2020-11-18 13:21:15,58.8,87.6,120.3578319830247,37.43258426966292,35.61797752808989
1497,2020-11-18 13:21:36,2020-11-18 13:38:16,88.0,97.6,125.84926967592598,38.0,36.0
1498,2020-11-18 21:32:36,2020-11-18 21:55:26,19.2,35.2,118.80208333333331,36.47826086956522,33.65942028985507
1499,2020-11-18 21:55:47,2020-11-18 22:24:27,35.6,56.4,114.83039329594018,38.190751445086704,35.47398843930636
1500,2020-11-18 22:24:48,2020-11-18 22:53:18,56.4,76.8,116.41339787581701,39.71511627906977,36.94186046511628
1501,2020-11-18 22:53:39,2020-11-18 23:22:09,76.8,95.6,120.40115248226952,40.0,37.0
1502,2020-11-19 06:51:35,2020-11-19 07:21:35,31.2,52.8,115.97224537037039,36.629834254143645,32.88397790055249
1503,2020-11-19 07:21:56,2020-11-19 07:50:46,53.2,73.6,118.01881440631814,38.0,34.51149425287356
1504,2020-11-19 07:51:07,2020-11-19 08:20:57,74.0,94.0,121.06460819444445,38.144444444444446,35.0
1505,2020-11-19 11:14:52,2020-11-19 12:21:10,77.6,97.6,121.0703696111111,36.36746987951807,34.0
1506,2020-11-19 15:30:44,2020-11-19 15:49:44,71.6,85.2,116.1897235498365,36.982608695652175,35.0
1507,2020-11-19 22:58:05,2020-11-19 23:29:05,66.8,93.6,120.30423880597016,38.54545454545455,35.898395721925134
1508,2020-11-20 13:04:35,2020-11-20 13:30:25,29.2,54.8,116.04275119357641,33.69230769230769,32.01282051282051
1509,2020-11-20 13:30:46,2020-11-20 14:01:06,54.8,84.4,117.7580614677177,36.240437158469945,34.557377049180324
1510,2020-11-21 00:35:16,2020-11-21 02:26:12,27.6,97.6,118.63395509523814,34.86074429771909,33.11284513805522
1511,2020-11-21 06:45:52,2020-11-21 07:13:22,77.2,97.6,119.94213841230943,33.87951807228916,31.066265060240966
1512,2020-11-21 16:40:09,2020-11-21 17:08:19,38.8,67.2,115.21128511345853,35.05882352941177,33.51176470588236
1513,2020-11-21 17:08:40,2020-11-21 17:38:50,67.2,93.2,119.32213226495728,37.0,35.505494505494504
1514,2020-11-22 01:40:59,2020-11-22 02:06:59,18.0,43.6,118.4255659722222,34.24203821656051,31.980891719745223
1515,2020-11-22 02:07:20,2020-11-22 02:29:50,44.0,66.4,117.1323192584325,37.01470588235294,34.838235294117645
1516,2020-11-22 02:30:11,2020-11-22 02:55:11,66.8,90.0,119.2355176005747,38.49006622516556,36.079470198675494
1517,2020-11-22 16:02:02,2020-11-22 16:28:22,35.2,61.2,116.97384610042738,34.0377358490566,32.61006289308176
1518,2020-11-22 16:28:43,2020-11-22 16:49:43,61.6,82.0,118.81742830882351,36.110236220472444,34.68503937007874
1519,2020-11-23 00:27:10,2020-11-23 00:53:30,41.6,68.0,116.39363115530305,34.0125786163522,32.22641509433962
1520,2020-11-23 00:53:51,2020-11-23 01:21:41,68.4,92.4,120.78415376157407,35.785714285714285,33.845238095238095
1521,2020-11-23 08:44:52,2020-11-23 09:06:32,62.0,83.2,119.27608215408804,29.236641221374047,27.16030534351145
1522,2020-11-23 09:06:53,2020-11-23 09:28:23,83.6,97.6,123.17957251984126,30.0,28.0
1523,2020-11-23 18:36:41,2020-11-23 19:42:20,49.2,97.6,120.12108251549587,29.647058823529413,28.316430020283974
1524,2020-11-24 11:56:55,2020-11-24 13:16:03,45.2,94.4,119.10610186314364,29.243288590604028,28.21476510067114
1525,2020-11-24 17:30:58,2020-11-24 17:51:00,70.8,90.0,116.93722935474533,32.77049180327869,31.368852459016395
1526,2020-11-24 22:16:45,2020-11-24 22:41:05,80.0,97.6,120.02605342487378,31.108843537414966,29.0
1527,2020-11-25 16:32:33,2020-11-25 17:19:12,39.2,86.0,116.1077037778965,35.52836879432624,33.723404255319146
1528,2020-11-25 17:19:33,2020-11-25 17:38:33,86.0,97.6,122.7682070162836,37.0,35.0
1529,2020-11-26 00:21:01,2020-11-26 01:24:15,36.0,94.0,118.41911700670498,35.11134453781513,32.21218487394958
1530,2020-11-26 14:33:42,2020-11-26 15:07:34,30.4,64.4,116.90255986519603,32.19024390243902,30.60487804878049
1531,2020-11-26 15:07:55,2020-11-26 15:36:15,64.8,90.8,119.65918579059829,34.55555555555556,33.01169590643275
1532,2020-11-27 01:06:00,2020-11-27 01:36:30,27.2,57.6,116.66852192982459,29.766304347826086,27.222826086956523
1533,2020-11-27 01:36:51,2020-11-27 02:07:11,58.0,88.0,116.99678629629634,32.76502732240437,30.40983606557377
1534,2020-11-27 11:36:18,2020-11-27 12:29:08,60.0,97.6,120.55294259751774,28.065491183879093,26.453400503778337
1535,2020-11-27 17:17:09,2020-11-27 18:11:35,56.0,97.6,120.43994524906519,31.65281173594132,30.43031784841076
1536,2020-11-28 04:59:00,2020-11-28 05:28:10,18.4,47.6,117.24551688546423,26.511363636363637,24.335227272727273
1537,2020-11-28 05:28:31,2020-11-28 05:54:31,48.0,74.0,117.51495715811964,29.866242038216562,27.53503184713376
1538,2020-11-28 12:03:10,2020-11-28 12:32:30,59.2,79.6,119.76715100762532,26.864406779661017,25.203389830508474
1539,2020-11-28 12:32:51,2020-11-28 13:00:51,80.0,97.6,122.32717708333334,27.840236686390533,26.31360946745562
1540,2020-11-29 12:18:48,2020-11-29 13:42:36,30.4,97.2,117.50169308882236,24.114467408585057,23.386327503974563
1541,2020-11-29 22:03:09,2020-11-29 22:31:59,22.8,51.2,117.36111551251958,26.25862068965517,24.25287356321839
1542,2020-11-29 22:32:20,2020-11-29 22:59:30,51.6,78.4,117.30565023839137,29.573170731707318,27.597560975609756
1543,2020-11-29 22:59:51,2020-11-29 23:26:51,78.8,97.6,121.40516430260048,30.975460122699385,29.0
1544,2020-11-30 02:07:57,2020-11-30 02:30:57,64.0,77.6,119.01554207516342,29.0,25.8705035971223
1545,2020-11-30 02:31:18,2020-11-30 02:59:38,78.0,94.0,120.13456302083337,29.403508771929825,26.0
1546,2020-11-30 11:27:42,2020-11-30 13:37:23,17.2,53.6,115.68394954975578,22.361767728674202,21.071942446043167
1547,2020-11-30 14:25:01,2020-11-30 16:07:30,57.2,87.2,119.12322820833334,24.971391417425227,23.958387516254877
1548,2020-12-01 00:41:05,2020-12-01 01:08:35,42.0,69.6,116.34964683977458,26.012048192771083,24.13855421686747
1549,2020-12-01 01:08:56,2020-12-01 01:32:06,70.0,90.8,117.38649659455128,27.92142857142857,26.15714285714286
1550,2020-12-01 12:35:10,2020-12-01 13:32:40,55.2,97.6,119.80127542256291,24.36574074074074,23.296296296296298
1551,2020-12-01 22:41:53,2020-12-02 00:08:47,18.8,97.6,118.59927189438805,31.83154670750383,29.580398162327718
1552,2020-12-02 23:54:00,2020-12-03 01:05:07,19.2,89.2,116.45020096428571,26.280898876404493,24.89325842696629
1553,2020-12-03 10:32:52,2020-12-03 11:03:12,36.8,58.8,114.80680896464645,24.852459016393443,23.07650273224044
1554,2020-12-03 11:03:33,2020-12-03 11:35:03,59.2,81.2,119.14518472222224,26.594736842105263,24.857894736842105
1555,2020-12-03 11:35:24,2020-12-03 11:53:34,81.6,93.2,123.38360261015313,27.0,25.4
1556,2020-12-03 19:35:17,2020-12-03 20:55:53,36.0,97.6,118.92390988906926,27.282644628099174,25.175206611570246
1557,2020-12-04 02:02:15,2020-12-04 02:24:15,56.0,77.6,118.36550527263378,24.81954887218045,21.781954887218046
1558,2020-12-04 14:17:56,2020-12-04 15:36:55,34.4,85.2,116.52329520997375,23.17537942664418,21.94266441821248
1559,2020-12-04 23:20:38,2020-12-04 23:40:31,17.6,34.4,118.4127027777778,22.793333333333333,20.56
1560,2020-12-05 00:00:55,2020-12-05 00:57:22,36.8,84.4,118.6208041199813,26.22641509433962,24.125
1561,2020-12-05 06:46:33,2020-12-05 07:03:43,20.0,37.2,116.5641273417313,22.33653846153846,19.221153846153847
1562,2020-12-05 07:04:04,2020-12-05 07:35:34,37.2,69.2,114.98525651041669,25.436842105263157,22.436842105263157
1563,2020-12-05 07:35:55,2020-12-05 08:05:45,69.6,94.0,120.72178432377049,27.572222222222223,24.544444444444444
1564,2020-12-05 15:04:09,2020-12-05 15:23:49,47.6,66.8,118.8946921296297,25.126050420168067,23.310924369747898
1565,2020-12-05 15:24:10,2020-12-05 15:50:20,67.2,90.4,118.67219612068966,26.740506329113924,25.329113924050635
1566,2020-12-06 02:14:53,2020-12-06 02:45:43,42.8,60.8,114.16203348765433,22.483870967741936,20.268817204301076
1567,2020-12-06 02:46:04,2020-12-06 03:17:34,60.8,78.4,119.29766208964641,23.66315789473684,21.542105263157893
1568,2020-12-06 05:22:29,2020-12-06 05:47:49,59.6,73.2,117.29984334150325,23.0,20.176470588235293
1569,2020-12-06 05:48:10,2020-12-06 06:17:00,73.2,81.6,114.53043617724879,23.0,20.00574712643678
1570,2020-12-06 06:17:21,2020-12-06 06:47:31,81.6,89.6,125.88197534722224,22.82967032967033,20.0
1571,2020-12-06 06:47:52,2020-12-06 07:11:32,90.0,96.0,131.81716828703702,22.0,20.0
1572,2020-12-06 14:45:41,2020-12-06 15:12:38,9.2,36.0,116.44941634535655,25.475609756097562,24.164634146341463
1573,2020-12-06 15:12:59,2020-12-06 15:40:09,36.4,63.6,115.69035937499999,28.652439024390244,27.371951219512194
1574,2020-12-06 15:40:30,2020-12-06 16:07:40,64.0,89.2,119.26862907848323,30.76829268292683,29.524390243902438
1575,2020-12-06 20:48:41,2020-12-06 21:17:21,63.2,89.6,118.67426041666671,29.179190751445088,26.55491329479769
1576,2020-12-07 03:42:26,2020-12-07 04:11:16,52.4,81.2,117.16871252893519,26.43103448275862,23.53448275862069
1577,2020-12-09 17:18:08,2020-12-09 17:48:28,18.8,30.0,117.38095436507938,25.382513661202186,23.650273224043715
1578,2020-12-09 17:48:49,2020-12-09 18:19:49,30.0,41.6,115.8309413314176,26.668449197860962,25.0427807486631
1579,2020-12-09 18:20:10,2020-12-09 18:49:20,42.0,53.2,112.88194791666663,27.857954545454547,26.27840909090909
1580,2020-12-09 18:49:41,2020-12-09 19:22:01,53.2,65.6,112.99731227598575,28.887179487179488,27.0
1581,2020-12-09 19:22:22,2020-12-09 19:52:32,66.0,77.2,116.7385935019841,29.0,27.032967032967033
1582,2020-12-09 19:57:02,2020-12-09 20:24:56,78.8,88.8,120.9888977777778,29.0,27.994082840236686
1583,2020-12-09 20:25:17,2020-12-09 20:50:57,88.8,97.6,126.42045770202026,29.0,28.0
1584,2020-12-10 14:37:24,2020-12-10 14:58:54,32.4,47.6,117.41232492690057,26.415384615384614,24.976923076923075
1585,2020-12-10 14:59:15,2020-12-10 15:29:05,48.0,69.6,114.63739171810703,28.555555555555557,27.122222222222224
1586,2020-12-10 15:29:26,2020-12-10 15:59:36,69.6,90.4,119.23348591079058,29.5989010989011,28.25824175824176
1587,2020-12-11 14:55:22,2020-12-11 15:39:04,28.8,72.8,116.26743825757578,28.988636363636363,28.041666666666668
1588,2020-12-11 15:39:25,2020-12-11 16:09:05,73.2,96.0,121.21894925682264,32.06145251396648,30.921787709497206
1589,2020-12-11 23:22:12,2020-12-11 23:47:22,65.6,89.2,118.66937911958566,29.80263157894737,27.80921052631579
1590,2020-12-12 06:13:33,2020-12-12 07:29:28,30.0,97.6,119.02605475016439,30.108771929824563,27.556140350877193
1591,2020-12-12 15:40:46,2020-12-12 16:07:46,36.8,63.6,117.48756032338305,29.779141104294478,28.220858895705522
1592,2020-12-12 16:08:07,2020-12-12 16:27:17,64.0,82.8,118.79358769208042,31.862068965517242,30.129310344827587
1593,2020-12-12 16:27:41,2020-12-12 16:49:51,83.2,97.6,123.98341251929021,32.62686567164179,31.0
1594,2020-12-13 03:59:40,2020-12-13 04:29:10,50.0,79.6,116.74928031156162,28.471910112359552,26.747191011235955
1595,2020-12-13 04:29:31,2020-12-13 04:54:51,80.0,97.6,124.32449392361113,30.0,28.0
1596,2020-12-13 17:59:09,2020-12-13 18:22:59,27.6,51.6,115.72973269675926,27.395833333333332,26.04861111111111
1597,2020-12-13 18:23:20,2020-12-13 18:51:10,52.0,79.6,117.54980852455719,30.357142857142858,29.071428571428573
1598,2020-12-13 18:51:31,2020-12-13 19:17:01,80.0,97.6,123.120252761995,31.83116883116883,30.0
1599,2020-12-14 14:39:32,2020-12-14 15:07:52,50.8,78.8,117.40527450396827,21.976608187134502,20.450292397660817
1600,2020-12-14 19:58:33,2020-12-14 20:26:23,57.6,77.2,119.06537691326533,22.0,19.613095238095237
1601,2020-12-15 03:29:19,2020-12-15 03:56:29,34.8,62.0,116.19231209150327,19.713414634146343,17.359756097560975
1602,2020-12-15 03:56:50,2020-12-15 04:23:10,62.0,87.2,117.15001372354496,22.339622641509433,19.69811320754717
1603,2020-12-15 04:23:31,2020-12-15 04:48:11,87.2,97.6,123.03152737713685,23.0,20.0
1604,2020-12-15 10:34:55,2020-12-15 11:05:05,43.2,64.4,117.75880254192872,19.346153846153847,16.708791208791208
1605,2020-12-15 11:05:26,2020-12-15 11:35:46,64.4,85.6,116.97263915094346,20.91256830601093,18.491803278688526
1606,2020-12-15 21:35:56,2020-12-15 22:00:33,38.4,59.6,114.82679118841719,18.36241610738255,16.644295302013422
1607,2020-12-15 22:00:54,2020-12-15 22:30:54,59.6,83.6,117.20660943287041,20.447513812154696,18.679558011049725
1608,2020-12-15 22:31:15,2020-12-15 23:01:25,84.0,97.6,124.46182005718957,21.071428571428573,19.857142857142858
1609,2020-12-16 04:59:34,2020-12-16 06:13:37,46.4,97.6,119.25863728298611,24.95863309352518,21.87769784172662
1610,2020-12-16 14:28:25,2020-12-16 14:56:05,32.0,60.0,115.28174920634922,21.87425149700599,20.035928143712574
1611,2020-12-16 14:56:26,2020-12-16 15:21:16,60.4,84.8,116.48167537568305,24.606666666666666,22.78
1612,2020-12-16 22:53:28,2020-12-16 23:24:58,28.0,59.2,116.7067329059829,20.910526315789475,18.347368421052632
1613,2020-12-16 23:25:19,2020-12-16 23:53:29,59.6,86.4,118.16022533167492,24.023529411764706,21.564705882352943
1614,2020-12-17 06:39:20,2020-12-17 06:56:50,55.2,71.2,117.81511484375,22.12264150943396,18.71698113207547
1615,2020-12-17 06:57:11,2020-12-17 07:28:31,71.6,95.6,118.44214016203705,26.0,22.772486772486772
1616,2020-12-17 13:15:51,2020-12-17 13:40:21,40.4,57.6,118.33173433462531,21.29054054054054,18.324324324324323
1617,2020-12-17 13:40:42,2020-12-17 14:05:02,58.0,75.2,117.51213267118862,22.80952380952381,19.93877551020408
1618,2020-12-17 19:29:14,2020-12-17 19:44:35,52.4,65.2,120.16017406684023,20.120689655172413,17.810344827586206
1619,2020-12-17 20:07:40,2020-12-17 20:49:46,65.2,95.6,118.51290223410092,21.19242902208202,19.473186119873816
1620,2020-12-18 05:00:51,2020-12-18 05:23:41,30.4,52.0,116.62231237139919,22.47826086956522,19.753623188405797
1621,2020-12-18 05:24:02,2020-12-18 06:04:02,52.4,90.0,117.5598535387116,27.21576763485477,24.24896265560166
1622,2020-12-18 15:21:04,2020-12-18 15:51:44,41.2,72.4,115.66463457086896,23.502702702702702,21.735135135135135
1623,2020-12-18 15:52:05,2020-12-18 16:25:35,72.8,97.6,119.14540697804664,25.782178217821784,24.53960396039604
1624,2020-12-18 20:44:00,2020-12-18 21:00:50,80.4,92.8,116.45051568100367,23.0,20.980392156862745
1625,2020-12-19 19:28:13,2020-12-19 19:47:13,55.2,74.0,117.91888408687944,22.382608695652173,20.104347826086958
1626,2020-12-19 19:47:34,2020-12-19 20:17:24,74.0,95.6,117.51414236111115,23.58888888888889,21.572222222222223
1627,2020-12-20 14:58:33,2020-12-20 15:27:33,68.8,92.4,119.56568132062144,21.394285714285715,19.98857142857143
1628,2020-12-21 03:51:50,2020-12-21 04:11:10,38.4,50.8,116.72044354838714,18.82905982905983,17.487179487179485
1629,2020-12-21 04:11:31,2020-12-21 04:38:31,51.2,68.0,116.37981068121694,20.58282208588957,19.233128834355828
1630,2020-12-21 04:38:52,2020-12-21 05:10:02,68.0,86.4,117.74533605072462,21.00531914893617,20.0
1631,2020-12-21 05:10:23,2020-12-21 05:36:43,86.4,97.6,124.55607254464299,21.9874213836478,20.72327044025157
1632,2020-12-21 15:34:36,2020-12-21 16:03:06,73.2,95.2,118.15278983585861,23.802325581395348,22.697674418604652
1633,2020-12-22 09:56:11,2020-12-22 10:25:41,18.4,48.0,116.45177482169669,19.415730337078653,18.078651685393258
1634,2020-12-22 10:26:02,2020-12-22 10:56:02,48.4,78.8,115.13889432565792,23.414364640883978,22.116022099447513
1635,2020-12-22 10:56:23,2020-12-22 11:13:15,79.2,92.0,116.66537324218753,25.0,23.92233009708738
1636,2020-12-22 11:13:36,2020-12-22 11:30:16,92.0,97.6,125.78376612103183,25.0,24.0
1637,2020-12-22 17:12:58,2020-12-22 17:34:28,61.2,82.4,118.20689838836475,25.646153846153847,24.423076923076923
1638,2020-12-22 17:34:49,2020-12-22 17:57:09,82.8,97.6,123.03585885885889,26.925925925925927,25.45925925925926
1639,2020-12-23 01:26:16,2020-12-23 01:54:56,28.0,57.2,115.2635101788432,25.76878612716763,23.6242774566474
1640,2020-12-23 01:55:17,2020-12-23 02:24:07,57.6,86.4,117.84241261574076,28.649425287356323,26.54022988505747
1641,2020-12-23 06:07:15,2020-12-23 06:25:25,90.4,97.6,124.0991932870373,27.0,24.0
1642,2020-12-24 06:34:43,2020-12-24 07:04:33,32.4,62.8,114.809957876462,22.95,21.92222222222222
1643,2020-12-24 07:04:54,2020-12-24 07:35:04,63.2,90.4,118.42628896037586,25.802197802197803,24.76923076923077
1644,2020-12-24 22:02:56,2020-12-24 23:02:59,36.0,91.6,119.46510926009195,26.250554323725055,25.172949002217294
1645,2020-12-26 00:57:43,2020-12-26 01:56:57,28.0,86.8,117.17623429941422,24.7438202247191,23.408988764044945
1646,2020-12-26 19:37:33,2020-12-26 20:48:56,35.2,97.6,119.52426810452283,27.652985074626866,26.354477611940297
1647,2020-12-27 03:55:20,2020-12-27 04:26:50,50.0,56.4,118.70882313368058,26.0,24.0
1648,2020-12-27 04:27:11,2020-12-27 04:59:21,56.4,62.8,120.25178797743057,26.0,24.0
1649,2020-12-27 04:59:42,2020-12-27 05:27:12,63.2,68.4,122.37184599358967,26.0,24.0
1650,2020-12-27 05:27:33,2020-12-27 05:58:03,68.4,72.8,112.39590568181839,26.0,24.0
1651,2020-12-27 05:58:24,2020-12-27 06:29:54,73.2,79.6,122.00091644965295,26.0,24.0
1652,2020-12-27 06:30:15,2020-12-27 07:00:35,79.6,86.0,119.40542013888877,25.442622950819672,24.0
1653,2020-12-27 07:00:56,2020-12-27 07:26:12,86.0,91.2,124.67046276709395,25.0,24.0
1654,2020-12-27 16:37:15,2020-12-27 21:04:02,6.8,90.4,118.60659873072832,30.381309345327335,29.182908545727138
1655,2020-12-27 21:12:11,2020-12-27 21:36:48,90.4,97.6,122.56222816358043,31.0,29.0
1656,2020-12-28 14:47:13,2020-12-28 15:17:43,28.8,50.4,116.82486921296295,30.08695652173913,28.407608695652176
1657,2020-12-28 15:18:04,2020-12-28 15:50:04,50.4,73.2,116.09590545808967,32.43523316062176,30.673575129533678
1658,2020-12-28 15:50:25,2020-12-28 16:19:15,73.6,92.8,121.06411646412036,33.0,31.522988505747126
1659,2020-12-28 21:13:23,2020-12-28 21:31:43,66.0,76.0,118.73193586111113,31.98198198198198,29.0
1660,2020-12-28 21:32:04,2020-12-28 22:04:54,76.4,94.4,121.47606736111109,32.0,29.525252525252526
1661,2020-12-29 19:40:06,2020-12-29 21:13:46,12.8,97.6,119.1904215638103,31.695590327169274,30.381223328591748
1662,2020-12-30 14:17:46,2020-12-30 14:47:36,39.2,69.6,114.74051155884509,21.05,19.988888888888887
1663,2020-12-30 14:47:57,2020-12-30 15:13:47,69.6,91.6,117.48549526515151,23.583333333333332,22.57051282051282
1664,2020-12-31 01:30:39,2020-12-31 02:00:29,12.4,41.6,119.12909879185693,24.916666666666668,21.788888888888888
1665,2020-12-31 02:00:50,2020-12-31 02:29:20,42.0,70.4,117.21147364045382,28.046511627906977,25.11627906976744
1666,2020-12-31 02:29:41,2020-12-31 02:49:11,70.8,88.4,120.69208791035354,29.16949152542373,26.0
1667,2020-12-31 10:00:37,2020-12-31 10:24:27,14.4,30.8,120.60133384146347,19.819444444444443,16.194444444444443
1668,2020-12-31 10:24:48,2020-12-31 10:53:18,31.2,51.2,118.26740784722223,21.656976744186046,18.348837209302324
1669,2020-12-31 10:53:39,2020-12-31 11:22:59,51.2,72.4,114.81529494234803,23.70056497175141,20.661016949152543
1670,2020-12-31 11:23:20,2020-12-31 11:54:30,72.4,93.2,119.8331161858975,24.648936170212767,21.835106382978722
1671,2020-12-31 23:06:19,2020-12-31 23:30:19,16.4,40.0,119.05309922316385,18.979310344827585,16.882758620689657
1672,2020-12-31 23:30:40,2020-12-31 23:59:20,40.4,69.2,116.38552961033947,22.526011560693643,20.404624277456648
1673,2020-12-31 23:59:41,2021-01-01 00:28:44,69.6,93.2,119.05027551789071,24.65340909090909,22.0
1674,2021-01-01 15:56:21,2021-01-01 16:30:21,31.2,55.6,116.5995247040073,18.66829268292683,17.673170731707316
1675,2021-01-01 16:30:42,2021-01-01 17:01:42,56.0,78.0,117.90911616161617,20.994652406417114,20.144385026737968
1676,2021-01-01 17:02:03,2021-01-01 17:34:33,78.4,96.8,120.80090541968606,22.0,21.122448979591837
1677,2021-01-01 22:27:43,2021-01-01 22:59:23,72.4,92.0,120.11196159297054,21.732984293193716,19.57591623036649
1678,2021-01-02 09:38:04,2021-01-02 10:04:54,62.0,75.2,118.30598545875417,22.203703703703702,19.19753086419753
1679,2021-01-02 10:05:15,2021-01-02 10:32:25,75.2,90.4,119.21053216374268,25.0,22.0
1680,2021-01-02 10:32:46,2021-01-02 10:51:36,90.4,97.6,121.86924228395087,25.0,22.0
1681,2021-01-03 10:52:29,2021-01-03 11:10:09,24.0,35.2,120.65724776785709,17.953271028037385,16.85981308411215
1682,2021-01-03 11:10:30,2021-01-03 11:38:40,35.6,54.0,114.98566560990338,20.011764705882353,18.98235294117647
1683,2021-01-03 11:39:01,2021-01-03 12:05:31,54.4,70.8,116.70479183604331,21.88125,20.8625
1684,2021-01-03 12:05:52,2021-01-03 12:34:12,71.2,87.6,120.18887500000008,22.94736842105263,21.906432748538013
1685,2021-01-03 12:34:33,2021-01-03 12:58:13,88.0,97.6,128.11922757523155,23.83916083916084,22.81118881118881
1686,2021-01-03 16:31:17,2021-01-03 16:52:07,56.4,69.2,117.56295138888886,26.96031746031746,25.666666666666668
1687,2021-01-03 16:52:28,2021-01-03 17:24:38,69.2,88.0,119.04626285460995,27.4020618556701,26.123711340206185
1688,2021-01-03 17:24:59,2021-01-03 17:42:49,88.0,97.6,124.54139322916676,28.0,27.0
1689,2021-01-04 01:35:15,2021-01-04 01:55:55,21.2,41.6,118.5396429057734,25.528,23.056
1690,2021-01-04 01:56:16,2021-01-04 02:24:26,42.0,70.0,117.7614305059524,28.75294117647059,26.429411764705883
1691,2021-01-04 02:24:47,2021-01-04 02:56:57,70.4,96.0,121.11113585069448,30.742268041237114,28.54639175257732
1692,2021-01-04 08:24:40,2021-01-04 08:50:20,64.4,88.0,121.04637146892658,26.419354838709676,23.38064516129032
1693,2021-01-04 08:50:41,2021-01-04 09:13:01,88.4,97.6,127.54381280193255,27.0,24.0
1694,2021-01-04 14:59:28,2021-01-04 15:26:18,51.2,77.2,120.251059508547,27.02469135802469,25.28395061728395
1695,2021-01-04 20:15:18,2021-01-04 20:44:38,62.0,80.4,119.5652173913043,26.62146892655367,24.74576271186441
1696,2021-01-04 20:44:59,2021-01-04 21:13:39,80.4,97.6,122.06153108850137,27.23699421965318,25.797687861271676
1697,2021-01-05 03:45:28,2021-01-05 04:15:08,34.8,64.8,115.70186851851854,26.64245810055866,24.35754189944134
1698,2021-01-05 04:15:29,2021-01-05 04:46:49,65.2,92.4,119.8207977430556,28.973544973544975,26.735449735449734
1699,2021-01-05 11:16:53,2021-01-05 11:48:43,61.2,83.2,120.64520845959596,26.958333333333332,24.729166666666668
1700,2021-01-05 11:49:04,2021-01-05 12:15:04,83.6,97.6,123.8234130952381,27.828025477707005,25.936305732484076
1701,2021-01-06 09:00:23,2021-01-06 10:22:26,27.2,97.6,118.16779690853852,25.95292207792208,24.133116883116884
1702,2021-01-07 12:09:32,2021-01-07 13:36:48,23.2,97.6,118.67524853830646,23.458015267175572,22.4
1703,2021-01-07 20:14:16,2021-01-07 20:53:06,45.6,83.2,119.52822736406621,22.506849315068493,19.53082191780822
1704,2021-01-07 23:06:04,2021-01-07 23:32:24,67.6,82.0,118.87153176986878,21.0,17.742138364779873
1705,2021-01-07 23:32:45,2021-01-07 23:49:15,82.4,91.2,125.00315688131316,21.0,18.0
1706,2021-01-08 22:33:40,2021-01-08 22:57:40,18.4,29.6,115.73410654761899,20.06206896551724,16.79310344827586
1707,2021-01-08 22:58:01,2021-01-08 23:25:51,29.6,45.2,118.6751866096866,25.773809523809526,21.952380952380953
1708,2021-01-08 23:26:12,2021-01-08 23:56:12,45.6,63.2,113.36645028409092,26.0,23.0
1709,2021-01-08 23:56:33,2021-01-09 00:26:58,63.6,80.8,117.63902488695095,26.0,23.0
1710,2021-01-09 07:15:22,2021-01-09 07:34:32,15.6,24.0,118.8062384589947,20.67241379310345,16.474137931034484
1711,2021-01-09 07:34:53,2021-01-09 08:03:53,24.4,40.4,120.9939396701389,26.50857142857143,22.005714285714287
1712,2021-01-09 08:04:14,2021-01-09 08:30:54,40.8,56.0,117.12172679093564,27.62111801242236,23.509316770186334
1713,2021-01-09 08:31:15,2021-01-09 08:58:15,56.4,72.0,115.56892868589743,28.0,24.0
1714,2021-01-09 08:58:36,2021-01-09 09:28:36,72.0,88.8,119.21049909060848,28.0,24.861878453038674
1715,2021-01-09 23:56:05,2021-01-10 00:17:05,12.4,24.4,116.44792013888893,21.440944881889763,18.661417322834644
1716,2021-01-10 00:17:26,2021-01-10 00:49:26,24.4,44.8,117.17324019607844,25.10362694300518,22.435233160621763
1717,2021-01-10 00:49:47,2021-01-10 01:20:17,44.8,64.8,113.985431875,26.668478260869566,24.47826086956522
1718,2021-01-10 01:20:38,2021-01-10 01:49:28,64.8,83.2,117.2214546346618,27.06896551724138,25.0
1719,2021-01-10 04:13:36,2021-01-10 04:32:46,65.6,84.0,119.71091281702893,25.24137931034483,21.82758620689655
1720,2021-01-10 04:33:07,2021-01-10 04:59:07,84.0,97.2,121.8066248947811,25.343949044585987,22.0
1721,2021-01-10 14:44:45,2021-01-10 15:10:45,38.8,57.6,114.0735793439716,23.67515923566879,21.770700636942674
1722,2021-01-10 15:11:06,2021-01-10 15:41:46,57.6,79.2,117.12962962962963,25.205405405405404,23.36756756756757
1723,2021-01-10 15:42:07,2021-01-10 16:10:37,79.6,96.0,123.33504225948506,26.0,24.0
1724,2021-01-11 11:35:56,2021-01-11 12:02:26,25.6,46.0,93.92973359204794,20.0875,16.575
1725,2021-01-11 12:02:47,2021-01-11 12:32:17,46.4,68.0,113.8117283950617,26.735955056179776,22.808988764044944
1726,2021-01-11 12:32:38,2021-01-11 13:02:18,68.0,88.8,117.96875000000003,27.0,23.77094972067039
1727,2021-01-11 13:02:39,2021-01-11 13:20:09,88.8,96.4,121.2993837719297,26.61320754716981,24.0
1728,2021-01-11 20:34:38,2021-01-11 21:29:21,62.8,97.6,118.62521745290549,19.333333333333332,17.45742092457421
1729,2021-01-12 03:59:12,2021-01-12 04:27:02,52.4,79.6,119.89535462622555,26.732142857142858,23.446428571428573
1730,2021-01-12 23:15:57,2021-01-12 23:35:47,23.6,43.2,117.41638492063493,20.716666666666665,17.95
1731,2021-01-12 23:47:25,2021-01-13 00:13:55,54.8,81.2,116.94602719907405,24.5375,21.78125
1732,2021-01-13 23:11:31,2021-01-14 00:15:10,11.2,65.6,117.12771401143792,20.347280334728033,19.338912133891213
1733,2021-01-14 00:15:29,2021-01-14 01:05:31,66.0,97.6,121.11033164996485,24.5531914893617,23.579787234042552
1734,2021-01-14 16:48:14,2021-01-14 17:07:14,36.4,55.6,115.94259338831019,23.556521739130435,21.83478260869565
1735,2021-01-14 17:07:35,2021-01-14 17:34:35,55.6,82.4,118.06076565091213,26.337423312883434,24.73006134969325
1736,2021-01-14 17:34:56,2021-01-14 17:59:16,82.8,97.6,123.92365625000004,27.897959183673468,26.210884353741495
1737,2021-01-15 04:27:49,2021-01-15 04:56:09,35.6,64.0,116.73857272104853,22.204678362573098,19.473684210526315
1738,2021-01-15 04:56:30,2021-01-15 05:28:10,64.0,91.6,118.78070898752016,24.680628272251308,22.345549738219894
1739,2021-01-15 05:28:31,2021-01-15 05:45:21,91.6,97.6,123.37502962962968,25.0,23.0
1740,2021-01-15 14:42:24,2021-01-15 15:06:04,20.4,43.6,120.03473862547891,24.503496503496503,22.902097902097903
1741,2021-01-15 15:06:25,2021-01-15 15:34:45,44.0,72.8,115.76776331018522,28.210526315789473,26.64327485380117
1742,2021-01-15 15:35:06,2021-01-15 16:04:26,73.2,96.0,121.73978752436649,30.135593220338983,28.689265536723163
1743,2021-01-16 01:59:19,2021-01-16 02:30:49,61.2,85.6,120.50262932604741,24.978947368421053,22.573684210526316
1744,2021-01-16 02:31:10,2021-01-16 02:51:40,86.0,96.4,124.25348010149565,25.201612903225808,23.0
1745,2021-01-17 22:17:19,2021-01-17 22:45:29,52.0,71.2,120.29950470196762,20.605882352941176,18.764705882352942
1746,2021-01-17 22:45:50,2021-01-17 23:14:40,71.6,90.8,120.4261025028935,21.591954022988507,19.948275862068964
1747,2021-01-17 23:15:01,2021-01-17 23:34:51,90.8,97.6,124.33217177287581,22.0,20.95
1748,2021-01-18 10:32:27,2021-01-18 11:02:17,18.0,38.0,118.34028020833334,23.377777777777776,20.494444444444444
1749,2021-01-18 11:02:38,2021-01-18 11:33:18,38.0,60.4,114.0178501984127,26.572972972972973,23.92972972972973
1750,2021-01-18 11:33:39,2021-01-18 12:02:39,60.4,80.8,118.33059667755994,27.937142857142856,25.0
1751,2021-01-18 12:03:00,2021-01-18 12:29:10,81.2,97.6,122.5940048272358,28.0,25.955696202531644
1752,2021-01-18 18:11:53,2021-01-18 18:38:53,73.6,92.0,118.69867768719804,26.47239263803681,24.226993865030675
1753,2021-01-19 03:01:20,2021-01-19 03:34:00,39.6,63.2,116.6955230108286,21.9746192893401,18.375634517766496
1754,2021-01-19 03:34:21,2021-01-19 04:03:21,63.2,84.0,117.57480862713676,23.28,20.17142857142857
1755,2021-01-19 04:03:42,2021-01-19 04:30:12,84.0,97.6,118.79803635620918,24.0,21.0
1756,2021-01-19 12:47:48,2021-01-19 13:16:18,69.2,92.8,120.6915072387006,21.6046511627907,20.13372093023256
1757,2021-01-19 22:57:51,2021-01-19 23:24:51,28.8,55.6,117.71767376658376,24.883435582822084,23.012269938650306
1758,2021-01-19 23:25:12,2021-01-19 23:51:22,56.0,82.0,117.52351217948717,27.746835443037973,25.82278481012658
1759,2021-01-21 01:10:10,2021-01-21 01:30:10,13.6,26.4,116.93465353732635,22.94214876033058,21.60330578512397
1760,2021-01-21 01:30:31,2021-01-21 02:01:11,26.8,46.0,119.52543634259256,24.854054054054053,23.54054054054054
1761,2021-01-21 02:01:32,2021-01-21 02:31:42,46.4,66.0,115.17712854308387,27.24175824175824,25.906593406593405
1762,2021-01-21 02:32:03,2021-01-21 03:03:13,66.4,86.0,118.99515490362813,28.117021276595743,27.0
1763,2021-01-21 03:03:34,2021-01-21 03:23:54,86.4,97.6,125.75766009424612,29.0,27.86178861788618
1764,2021-01-21 05:43:39,2021-01-21 06:05:29,82.4,97.2,120.37257028903907,27.954545454545453,25.196969696969695
1765,2021-01-21 16:04:21,2021-01-21 16:35:11,38.4,69.6,117.36380769230772,27.548387096774192,26.059139784946236
1766,2021-01-21 16:35:32,2021-01-21 17:01:42,70.0,92.4,120.92637115575397,29.77848101265823,28.556962025316455
1767,2021-01-22 13:49:40,2021-01-22 14:10:44,41.2,63.6,115.89720155009924,26.9609375,25.671875
1768,2021-01-22 14:11:05,2021-01-22 14:40:05,64.0,91.2,118.16943489583333,29.394285714285715,28.01142857142857
1769,2021-01-23 00:26:31,2021-01-23 00:55:11,31.6,60.0,118.03307575312989,28.07514450867052,26.22543352601156
1770,2021-01-23 00:55:32,2021-01-23 01:26:12,60.4,89.6,117.99183057458144,30.886486486486486,29.064864864864866
1771,2021-01-23 05:31:40,2021-01-23 06:20:30,59.2,97.6,120.89121503182876,29.56675749318801,26.446866485013626
1772,2021-01-23 17:14:18,2021-01-23 17:39:58,36.4,62.0,116.79796424696181,29.083870967741934,27.63225806451613
1773,2021-01-23 17:40:19,2021-01-23 18:10:09,62.4,90.0,119.55213838566827,31.466666666666665,30.016666666666666
1774,2021-01-24 15:31:11,2021-01-24 16:03:01,24.0,56.0,115.94792534722222,24.666666666666668,23.588541666666668
1775,2021-01-24 16:03:22,2021-01-24 16:32:32,56.4,85.2,117.94513073881173,28.352272727272727,27.193181818181817
1776,2021-01-24 16:32:53,2021-01-24 16:54:33,85.6,97.6,123.09376597222223,29.778625954198475,28.229007633587788
1777,2021-01-26 12:14:53,2021-01-26 12:34:53,21.2,40.8,119.54154577664404,24.66115702479339,23.1900826446281
1778,2021-01-26 12:35:14,2021-01-26 13:03:14,41.2,69.6,115.60153315727706,28.011834319526628,26.568047337278106
1779,2021-01-26 13:03:35,2021-01-26 13:31:45,70.0,93.2,121.35176562499998,30.441176470588236,28.711764705882352
1780,2021-01-27 00:11:40,2021-01-27 01:01:59,44.4,90.8,120.12021709770116,28.05026455026455,26.132275132275133
1781,2021-01-27 19:57:29,2021-01-27 21:08:35,35.6,97.6,119.79238440860216,29.367041198501873,27.90074906367041
1782,2021-01-28 02:48:16,2021-01-28 03:15:06,55.2,72.0,120.06368402777781,28.62962962962963,25.91358024691358
1783,2021-01-28 03:15:27,2021-01-28 03:39:17,72.4,87.2,121.04544725975978,29.0,26.631944444444443
1784,2021-01-28 03:39:38,2021-01-28 03:56:58,87.2,97.6,120.977591880342,29.257142857142856,27.0
1785,2021-01-28 23:07:36,2021-01-28 23:39:46,44.4,65.2,116.29476402243588,23.190721649484537,21.84020618556701
1786,2021-01-28 23:40:07,2021-01-29 00:11:17,65.6,85.2,119.772560515873,24.414893617021278,23.23936170212766
1787,2021-01-29 23:06:36,2021-01-29 23:35:16,19.6,37.6,119.70990308641976,24.208092485549134,22.959537572254334
1788,2021-01-30 00:20:30,2021-01-30 00:51:00,66.0,85.2,119.40540842013887,28.233695652173914,27.0
1789,2021-01-30 06:56:30,2021-01-30 07:17:40,39.6,60.4,118.91094017094022,24.5625,21.0234375
1790,2021-01-30 07:18:01,2021-01-30 07:45:21,60.8,86.8,119.51283525641028,26.563636363636363,23.30909090909091
1791,2021-01-30 07:45:42,2021-01-30 08:09:12,87.2,97.6,127.39721501068384,27.0,24.0
1792,2021-01-30 16:11:48,2021-01-30 16:34:48,62.0,84.8,118.41860477582848,26.633093525179856,25.280575539568346
1793,2021-01-31 07:32:45,2021-01-31 07:52:25,34.0,53.6,117.20168537414968,22.252100840336134,20.899159663865547
1794,2021-01-31 07:52:46,2021-01-31 08:21:06,53.6,82.0,116.49110900821597,25.035087719298247,23.47953216374269
1795,2021-01-31 08:25:57,2021-01-31 08:43:37,81.6,94.0,116.78877564964154,26.0,24.747663551401867
1796,2021-01-31 22:10:08,2021-01-31 22:38:08,38.0,66.4,115.5286856905321,29.37869822485207,27.775147928994084
1797,2021-01-31 22:38:29,2021-01-31 23:09:49,66.8,93.6,119.04903726160867,31.566137566137566,29.719576719576718
1798,2021-02-01 05:08:17,2021-02-01 05:56:19,67.2,98.8,121.80472328146979,27.952908587257618,25.32409972299169
1799,2021-02-01 11:37:49,2021-02-01 12:08:19,57.6,67.2,119.14062499999997,27.0,25.0
1800,2021-02-01 12:08:40,2021-02-01 12:34:20,67.6,75.6,120.3125,27.0,25.0
1801,2021-02-01 12:34:41,2021-02-01 13:02:41,75.6,84.4,119.31818181818166,27.0,25.0
1802,2021-02-01 13:03:02,2021-02-01 13:24:42,84.4,91.2,119.4852941176471,27.0,25.0
1803,2021-02-01 22:43:50,2021-02-01 23:56:18,22.0,83.6,117.71977237328646,29.220588235294116,27.784926470588236
1804,2021-02-02 06:00:42,2021-02-02 06:25:42,26.4,51.2,117.54256978046594,26.95364238410596,24.410596026490065
1805,2021-02-02 06:26:03,2021-02-02 06:53:43,51.6,78.8,118.57026542075167,29.778443113772454,27.34131736526946
1806,2021-02-02 06:54:04,2021-02-02 07:20:04,79.2,97.6,122.98838685084547,31.0,28.038216560509554
1807,2021-02-02 17:29:19,2021-02-02 17:58:29,26.8,56.0,116.68237790144597,32.86931818181818,31.454545454545453
1808,2021-02-02 17:58:50,2021-02-02 18:29:10,56.0,86.0,118.14260935185186,35.557377049180324,34.30054644808743
1809,2021-02-02 18:29:31,2021-02-02 18:47:51,86.4,97.6,124.87973958333345,36.0,35.0
1810,2021-02-03 12:09:56,2021-02-03 12:39:26,61.6,89.2,119.70160965177135,26.853932584269664,25.640449438202246
1811,2021-02-03 18:23:41,2021-02-03 19:13:03,56.4,97.6,121.18018366032904,30.846361185983827,29.566037735849058
1812,2021-02-04 01:17:02,2021-02-04 02:19:20,43.6,97.6,119.95080741512345,30.985042735042736,28.243589743589745
1813,2021-02-04 14:23:24,2021-02-04 14:39:54,41.2,57.6,116.96394842479678,27.89,26.47
1814,2021-02-04 14:40:15,2021-02-04 15:10:25,58.0,87.2,119.97862257420093,30.115384615384617,28.76923076923077
1815,2021-02-05 01:45:31,2021-02-05 02:03:11,13.6,31.6,115.0216302469136,26.953271028037385,24.962616822429908
1816,2021-02-05 02:03:32,2021-02-05 02:34:12,31.6,62.8,115.22793376068381,29.913513513513514,28.17837837837838
1817,2021-02-05 02:34:33,2021-02-05 03:05:33,63.2,91.2,120.60069489087304,32.67379679144385,30.74866310160428
1818,2021-02-05 13:47:24,2021-02-05 14:13:14,18.0,43.6,117.68554980468751,28.55128205128205,27.371794871794872
1819,2021-02-05 14:13:35,2021-02-05 14:42:15,43.6,72.8,114.45443821347037,32.04624277456647,30.728323699421967
1820,2021-02-05 14:42:36,2021-02-05 15:11:46,73.2,96.0,120.0718884624757,33.59090909090909,32.0
1821,2021-02-06 02:13:54,2021-02-06 02:41:44,7.6,34.8,119.34998268995099,29.321428571428573,26.988095238095237
1822,2021-02-06 02:42:05,2021-02-06 03:06:10,35.2,59.2,117.04190015046296,31.904109589041095,29.575342465753426
1823,2021-02-06 03:06:31,2021-02-06 03:33:11,59.6,85.6,119.60256901709407,34.0,31.559006211180126
1824,2021-02-06 03:33:32,2021-02-06 03:52:52,85.6,97.6,122.6435247685185,34.35042735042735,32.0
1825,2021-02-06 15:39:37,2021-02-06 16:08:27,48.8,77.2,118.40718529929578,29.67816091954023,28.50574712643678
1826,2021-02-06 16:08:48,2021-02-06 16:38:00,77.2,97.6,121.24946368464057,31.235955056179776,30.06741573033708
1827,2021-02-07 00:10:04,2021-02-07 00:41:34,62.8,91.2,120.41764725156492,33.00526315789474,30.92105263157895
1828,2021-02-07 15:38:24,2021-02-07 16:04:54,44.8,71.2,117.037570128367,31.1125,29.325
1829,2021-02-07 16:05:15,2021-02-07 16:33:25,71.6,94.4,120.52936970029234,32.81764705882353,30.96470588235294
1830,2021-02-08 15:33:03,2021-02-08 15:57:03,42.4,55.6,118.63636384680132,26.76551724137931,26.00689655172414
1831,2021-02-08 15:57:24,2021-02-08 16:28:04,55.6,72.8,118.85658850129204,28.437837837837836,27.43243243243243
1832,2021-02-09 00:40:44,2021-02-09 01:06:34,41.2,55.2,120.31941789682539,28.314102564102566,26.955128205128204
1833,2021-02-09 01:06:55,2021-02-09 01:37:05,55.6,72.4,119.45599322089942,29.64835164835165,28.23076923076923
1834,2021-02-09 01:37:26,2021-02-09 02:03:36,72.8,87.2,120.95194859182092,30.0,29.0
1835,2021-02-09 02:03:57,2021-02-09 02:23:07,87.2,97.6,122.69896861645306,30.50862068965517,29.07758620689655
1836,2021-02-09 10:32:24,2021-02-09 10:50:44,21.6,31.6,117.69165741527776,26.0,24.07207207207207
1837,2021-02-09 10:51:05,2021-02-09 11:21:15,31.6,48.8,116.72640132428947,27.373626373626372,25.505494505494507
1838,2021-02-09 11:21:36,2021-02-09 11:53:36,49.2,68.0,113.25352393617025,28.875647668393782,27.015544041450777
1839,2021-02-09 11:53:57,2021-02-09 12:22:17,68.0,84.4,114.93137796409209,29.54385964912281,28.0
1840,2021-02-09 12:22:38,2021-02-09 12:43:28,84.4,96.0,119.4647721503832,30.0,28.0
1841,2021-02-09 18:54:21,2021-02-09 19:23:01,46.8,64.0,111.1111111111111,27.497109826589597,24.734104046242773
1842,2021-02-09 19:23:22,2021-02-09 19:52:52,64.4,82.0,111.74242424242429,28.0,25.629213483146067
1843,2021-02-09 19:53:13,2021-02-09 20:20:43,82.0,97.6,117.52136752136755,28.0,26.0
1844,2021-02-10 20:02:21,2021-02-10 20:33:01,16.0,48.4,110.3879420867627,19.54054054054054,18.410810810810812
1845,2021-02-10 20:33:22,2021-02-10 21:01:52,48.8,78.4,112.27711547484984,23.33139534883721,22.25581395348837
1846,2021-02-10 21:02:13,2021-02-10 21:31:53,78.8,97.6,120.94269592198583,24.949720670391063,23.910614525139664
1847,2021-02-11 14:26:58,2021-02-11 14:48:28,20.0,42.8,110.28754002192986,23.130769230769232,21.66923076923077
1848,2021-02-11 14:48:49,2021-02-11 15:37:11,42.8,91.2,111.71626872130396,27.438356164383563,25.92808219178082
1849,2021-02-14 23:52:26,2021-02-15 00:11:56,4.8,25.6,109.70754861111116,24.06779661016949,22.93220338983051
1850,2021-02-15 00:12:17,2021-02-15 00:41:47,26.0,56.8,112.00443547077926,26.769662921348313,25.56741573033708
1851,2021-02-15 00:42:08,2021-02-15 01:12:18,57.2,87.6,116.03254577850883,30.065934065934066,28.802197802197803
1852,2021-02-15 01:12:39,2021-02-15 01:29:59,88.0,97.6,129.57611950231487,31.0,30.0
1853,2021-02-15 16:20:17,2021-02-15 16:47:57,62.4,81.2,110.62206944444443,28.24550898203593,27.0
1854,2021-02-15 16:48:18,2021-02-15 17:14:18,81.6,97.6,116.43753897569447,29.0,27.331210191082803
1855,2021-02-16 12:06:15,2021-02-16 12:52:25,49.2,93.2,112.88204591540405,25.478386167146976,24.671469740634006
1856,2021-02-16 18:13:13,2021-02-16 19:25:48,22.4,94.0,111.85560810831781,32.19266055045872,30.772477064220183
1857,2021-02-17 00:24:33,2021-02-17 00:48:43,33.6,48.0,109.51774679783952,31.938356164383563,29.21232876712329
1858,2021-02-17 00:49:04,2021-02-17 01:21:24,48.4,68.0,109.97732426303854,33.266666666666666,30.56923076923077
1859,2021-02-17 01:21:45,2021-02-17 01:54:15,68.0,87.2,112.84722222222221,34.0,31.0
1860,2021-02-17 01:54:36,2021-02-17 02:13:16,87.2,97.6,119.65544845085478,34.0,31.0
1861,2021-02-17 15:46:58,2021-02-17 16:10:08,22.4,47.2,109.42038592069896,28.307142857142857,27.15714285714286
1862,2021-02-17 16:10:29,2021-02-17 16:39:09,47.6,78.0,110.48613888888895,31.641618497109828,30.36994219653179
1863,2021-02-17 16:39:30,2021-02-17 17:04:20,78.4,96.8,119.71316802536238,33.0,31.96
1864,2021-02-18 02:59:35,2021-02-18 03:29:05,47.2,78.0,111.6648558802309,28.797752808988765,26.337078651685392
1865,2021-02-18 03:29:26,2021-02-18 03:54:46,78.4,96.8,119.44143757548314,30.0,27.745098039215687
1866,2021-02-18 11:08:18,2021-02-18 11:37:38,25.6,57.2,109.3785325685654,26.971751412429377,24.740112994350284
1867,2021-02-18 11:37:59,2021-02-18 12:08:49,57.6,89.6,111.7278889322917,30.268817204301076,28.123655913978496
1868,2021-02-18 20:36:07,2021-02-18 20:54:07,50.4,69.2,112.72460202423169,28.458715596330276,26.431192660550458
1869,2021-02-18 20:54:28,2021-02-18 21:21:58,69.6,94.0,113.72040761612021,29.759036144578314,27.704819277108435
1870,2021-02-19 16:48:15,2021-02-19 17:20:05,24.4,58.0,111.159462756283,27.869791666666668,26.916666666666668
1871,2021-02-19 17:20:26,2021-02-19 17:52:56,58.4,91.2,113.91724995765584,31.275510204081634,30.29591836734694
1872,2021-02-20 12:38:28,2021-02-20 13:07:58,41.6,72.4,111.78797573953823,28.134831460674157,26.97752808988764
1873,2021-02-20 13:08:19,2021-02-20 13:36:19,72.8,95.2,117.62339651537697,29.958579881656803,28.875739644970412
1874,2021-02-21 00:14:34,2021-02-21 00:44:04,48.8,78.8,114.62639060185185,30.99438202247191,29.415730337078653
1875,2021-02-21 00:44:25,2021-02-21 01:10:35,79.2,97.6,120.47781483997593,32.0,30.88607594936709
1876,2021-02-21 09:59:43,2021-02-21 10:18:23,43.2,63.6,112.65863534858387,26.646017699115045,24.495575221238937
1877,2021-02-21 10:18:44,2021-02-21 10:46:34,64.0,91.2,115.32681055964053,28.827380952380953,26.68452380952381
1878,2021-02-22 03:11:16,2021-02-22 03:31:46,48.0,60.0,113.94213414351853,24.524193548387096,23.0
1879,2021-02-22 03:32:07,2021-02-22 04:00:47,60.0,76.8,113.77645701058204,25.0,23.283236994219653
1880,2021-02-22 04:01:08,2021-02-22 04:28:28,77.2,92.8,116.87055457621085,25.515151515151516,24.0
1881,2021-02-22 20:34:22,2021-02-22 21:05:12,23.2,45.6,115.24432638888891,29.177419354838708,27.774193548387096
1882,2021-02-22 21:05:33,2021-02-22 21:35:03,46.0,68.0,112.2594990530303,31.629213483146067,30.235955056179776
1883,2021-02-22 21:35:24,2021-02-22 22:03:24,68.4,88.4,117.20350256944442,32.56804733727811,31.0
1884,2021-02-23 03:54:59,2021-02-23 04:23:19,18.4,38.8,114.67661608115472,32.41520467836257,29.432748538011698
1885,2021-02-23 04:23:40,2021-02-23 04:51:50,39.2,60.0,111.78553018162395,34.35294117647059,31.44705882352941
1886,2021-02-23 04:52:11,2021-02-23 05:17:11,60.4,78.4,114.72763788580242,35.66887417218543,32.390728476821195
1887,2021-02-23 05:17:32,2021-02-23 05:47:52,78.8,97.6,121.34457609338065,36.0,33.0
1888,2021-02-24 00:50:14,2021-02-24 01:14:04,20.0,30.0,111.12638055555553,28.15277777777778,26.645833333333332
1889,2021-02-24 01:14:25,2021-02-24 01:45:15,30.0,42.8,111.25872081163199,29.35483870967742,27.698924731182796
1890,2021-02-24 01:45:36,2021-02-24 02:15:56,42.8,55.6,107.73982660590275,30.579234972677597,29.14207650273224
1891,2021-02-24 02:16:17,2021-02-24 02:43:57,55.6,66.8,110.10544022817466,31.526946107784433,30.0
1892,2021-02-24 02:44:18,2021-02-24 03:14:08,66.8,78.4,112.91070701628345,32.0,30.0
1893,2021-02-24 03:14:29,2021-02-24 03:43:59,78.4,88.8,123.01950454059836,32.0,30.0
1894,2021-02-24 03:44:20,2021-02-24 04:10:50,89.2,97.6,128.596283399471,32.0,30.0
1895,2021-02-24 18:19:30,2021-02-24 18:39:30,25.2,38.8,110.30330974264709,29.818181818181817,28.619834710743802
1896,2021-02-24 18:39:52,2021-02-24 19:05:42,38.8,56.4,110.08522727272727,31.51923076923077,30.28205128205128
1897,2021-02-24 19:06:03,2021-02-24 19:34:03,56.8,75.6,111.70212765957447,32.94082840236686,31.75147928994083
1898,2021-02-24 19:34:24,2021-02-24 20:02:24,75.6,93.2,117.96085858585855,33.22485207100592,32.0
1899,2021-02-25 14:51:20,2021-02-25 15:09:10,2.8,14.4,115.33285739942527,27.203703703703702,26.0
1900,2021-02-25 15:09:31,2021-02-25 15:37:01,14.8,33.2,112.0923913043478,28.03012048192771,26.373493975903614
1901,2021-02-25 15:37:22,2021-02-25 16:01:12,33.6,49.2,114.58333333333333,29.3125,27.694444444444443
1902,2021-02-25 16:01:33,2021-02-25 16:28:03,49.6,66.4,118.3035714285714,30.63125,29.35
1903,2021-02-25 16:28:24,2021-02-25 16:57:24,66.8,84.8,120.84413688271604,31.0,30.0
1904,2021-02-25 16:57:45,2021-02-25 17:19:35,85.2,97.6,125.63284778225817,31.0,30.0
1905,2021-02-26 01:36:26,2021-02-26 01:53:26,39.6,54.4,111.93131644144148,29.864077669902912,28.21359223300971
1906,2021-02-26 01:53:47,2021-02-26 02:24:47,54.4,80.4,112.68697938034184,31.705882352941178,29.989304812834224
1907,2021-02-27 01:23:54,2021-02-27 01:44:04,61.6,83.6,113.29610113636366,24.09016393442623,22.60655737704918
1908,2021-02-27 11:57:57,2021-02-27 12:25:07,57.2,77.2,112.51807847222221,27.164634146341463,25.46951219512195
1909,2021-02-27 12:25:28,2021-02-27 12:53:58,77.6,96.0,119.62338730374395,28.0,26.13372093023256
1910,2021-02-27 19:28:22,2021-02-27 20:00:22,61.2,84.4,114.25289655172415,26.373056994818654,24.300518134715027
1911,2021-02-27 20:00:43,2021-02-27 20:22:13,84.4,97.6,118.7258458543772,27.0,25.223076923076924
1912,2021-02-28 02:17:49,2021-02-28 02:37:29,46.4,66.8,112.42987098311548,25.596638655462186,23.30252100840336
1913,2021-02-28 02:37:50,2021-02-28 03:04:50,67.2,91.6,115.42577686703102,27.190184049079754,24.84049079754601
1914,2021-02-28 09:26:30,2021-02-28 09:58:40,54.4,77.2,116.61125444688109,25.88659793814433,23.61855670103093
1915,2021-02-28 09:59:01,2021-02-28 10:28:11,77.6,96.8,116.5668655960648,26.676136363636363,24.426136363636363
1916,2021-02-28 18:22:00,2021-02-28 18:49:30,52.4,62.8,114.67148317307696,27.0,25.596385542168676
1917,2021-02-28 18:49:51,2021-02-28 19:18:51,62.8,74.0,112.41569593253966,27.0,26.0
1918,2021-02-28 19:19:12,2021-02-28 19:46:22,74.0,84.0,117.90974097222224,27.0,26.0
1919,2021-02-28 19:46:43,2021-02-28 20:15:51,84.4,95.2,117.05608626543213,27.9375,26.329545454545453
1920,2021-03-01 01:39:59,2021-03-01 02:01:19,24.0,39.2,112.23503106725144,28.73643410852713,26.674418604651162
1921,2021-03-01 02:01:40,2021-03-01 02:29:50,39.2,59.2,110.45348694444444,30.523529411764706,28.441176470588236
1922,2021-03-01 02:30:11,2021-03-01 02:55:41,59.6,77.2,114.12248887310604,32.0,29.350649350649352
1923,2021-03-01 02:56:02,2021-03-01 03:25:22,77.6,94.8,121.07559762596898,32.0,30.0
1924,2021-03-01 17:07:30,2021-03-01 17:37:50,14.0,34.0,113.32710909722223,28.060109289617486,26.44808743169399
1925,2021-03-01 17:38:11,2021-03-01 18:06:11,34.0,52.8,111.33496948877071,30.124260355029588,28.65680473372781
1926,2021-03-01 18:14:33,2021-03-01 18:45:56,58.4,78.8,115.12075404411766,32.0,30.894736842105264
1927,2021-03-01 18:46:17,2021-03-01 19:13:57,78.8,95.6,119.82470998677253,32.62874251497006,31.0
1928,2021-03-02 03:02:41,2021-03-02 03:19:11,17.2,28.4,110.46009399801588,25.12,22.34
1929,2021-03-02 03:33:10,2021-03-02 03:53:30,34.4,47.6,115.7881148989899,26.739837398373982,24.333333333333332
1930,2021-03-02 03:53:51,2021-03-02 04:23:31,48.0,67.6,113.77270096371888,28.452513966480446,25.748603351955307
1931,2021-03-02 04:23:52,2021-03-02 04:54:52,68.0,88.0,116.50835916666668,29.0,26.385026737967916
1932,2021-03-02 22:54:43,2021-03-02 23:24:23,50.0,80.4,113.8792972861842,24.631284916201118,23.608938547486034
1933,2021-03-02 23:24:44,2021-03-02 23:45:14,80.4,95.2,118.40935501126127,26.0,25.0
1934,2021-03-03 06:40:34,2021-03-03 06:58:14,11.6,30.0,111.86821942934783,25.42056074766355,23.074766355140188
1935,2021-03-03 06:58:35,2021-03-03 07:27:25,30.4,60.0,113.7213852759009,28.063218390804597,25.660919540229884
1936,2021-03-03 07:27:46,2021-03-03 07:55:26,60.4,88.4,114.33681205357138,30.58682634730539,27.940119760479043
1937,2021-03-03 07:55:47,2021-03-03 08:12:27,88.4,97.6,123.95985975241561,31.0,28.0
1938,2021-03-04 13:00:52,2021-03-04 13:28:52,53.6,82.4,113.92411154513891,24.757396449704142,22.443786982248522
1939,2021-03-05 05:51:35,2021-03-05 06:33:13,68.8,97.6,117.87077166280866,20.910543130990416,20.143769968051117
1940,2021-03-05 17:20:47,2021-03-05 18:36:34,28.0,97.6,114.8752626137452,27.601054481546573,26.390158172231985
1941,2021-03-06 13:31:05,2021-03-06 15:01:08,11.2,96.8,115.04629239031672,29.03994082840237,27.541420118343197
1942,2021-03-06 22:04:10,2021-03-06 22:32:00,55.6,84.4,113.67719159915121,28.86904761904762,26.625
1943,2021-03-08 16:19:53,2021-03-08 16:43:23,35.2,52.0,112.31069642857143,24.401408450704224,23.295774647887324
1944,2021-03-08 16:43:44,2021-03-08 17:14:24,52.4,74.0,113.50695852623456,26.44864864864865,25.32972972972973
1945,2021-03-08 17:14:45,2021-03-08 17:42:45,74.4,92.4,119.3673037037037,27.36094674556213,26.307692307692307
1946,2021-03-09 03:52:16,2021-03-09 04:12:06,9.2,32.0,101.72272404970764,25.15,23.266666666666666
1947,2021-03-09 04:12:27,2021-03-09 04:41:17,32.4,62.0,113.90955076951951,27.948275862068964,26.316091954022987
1948,2021-03-09 06:13:01,2021-03-09 06:50:47,68.8,97.6,116.01688852237658,30.545774647887324,27.922535211267604
1949,2021-03-09 18:36:38,2021-03-09 18:55:21,15.2,34.8,111.96479000141726,30.289473684210527,28.95614035087719
1950,2021-03-09 18:55:42,2021-03-09 19:19:42,35.2,59.2,117.24190891203705,32.641379310344824,31.20689655172414
1951,2021-03-09 19:20:03,2021-03-09 19:49:23,59.6,88.8,117.84626179604263,35.14124293785311,33.621468926553675
1952,2021-03-10 01:27:09,2021-03-10 01:58:59,40.0,47.6,113.23104623538009,29.0,26.036458333333332
1953,2021-03-10 01:59:20,2021-03-10 02:28:30,47.6,54.4,105.21653860294123,29.511363636363637,27.0
1954,2021-03-10 02:28:51,2021-03-10 02:58:41,54.4,60.8,110.30821072048613,29.633333333333333,27.0
1955,2021-03-10 02:59:02,2021-03-10 03:27:32,60.8,66.8,113.70375949074074,29.0,27.0
1956,2021-03-10 03:27:53,2021-03-10 03:57:03,66.8,73.2,110.58598589409712,29.0,26.602272727272727
1957,2021-03-10 03:57:24,2021-03-10 04:26:14,73.2,79.2,118.46068981481481,28.78735632183908,26.0
1958,2021-03-10 04:26:35,2021-03-10 04:58:05,79.2,85.6,122.43711566840292,28.0,26.0
1959,2021-03-10 04:58:26,2021-03-10 05:26:06,86.0,91.6,124.31304811507948,28.0,26.0
1960,2021-03-10 05:26:27,2021-03-10 05:54:47,91.6,97.2,128.5640458829363,28.0,26.0
1961,2021-03-10 15:54:51,2021-03-10 16:24:31,31.6,62.4,112.81748863636365,31.435754189944134,29.916201117318437
1962,2021-03-10 16:24:52,2021-03-10 16:42:12,62.8,80.8,112.81175648148152,33.923809523809524,32.49523809523809
1963,2021-03-11 06:38:47,2021-03-11 07:00:37,48.0,70.4,114.19522023809523,26.75,25.424242424242426
1964,2021-03-11 07:00:58,2021-03-11 07:34:28,70.8,97.2,118.11133385942757,28.603960396039604,27.14851485148515
1965,2021-03-11 20:22:49,2021-03-11 20:49:29,17.6,45.2,113.17283499396137,30.919254658385093,29.335403726708076
1966,2021-03-11 20:49:50,2021-03-11 21:18:30,45.6,75.2,113.47225150150153,34.190751445086704,32.73988439306358
1967,2021-03-11 21:18:51,2021-03-11 21:46:41,75.6,96.8,120.59882272012581,35.74404761904762,34.029761904761905
1968,2021-03-12 06:26:02,2021-03-12 06:52:22,22.0,49.6,112.20663219605473,29.77987421383648,27.528301886792452
1969,2021-03-12 06:52:43,2021-03-12 07:22:23,50.0,80.8,113.30268181818181,32.899441340782126,30.558659217877096
1970,2021-03-12 07:22:44,2021-03-12 07:46:34,81.2,97.6,122.10876016260168,34.0,31.916666666666668
1971,2021-03-12 15:59:44,2021-03-12 16:28:44,54.4,84.0,114.32010487049547,36.754285714285714,35.26285714285714
1972,2021-03-13 14:43:56,2021-03-13 15:08:56,22.8,48.8,112.41721591880345,33.41059602649007,32.11920529801324
1973,2021-03-13 15:21:31,2021-03-13 15:47:51,60.4,87.6,113.16433118872553,37.16981132075472,35.65408805031446
1974,2021-03-13 15:48:12,2021-03-13 16:05:32,88.0,97.6,128.35071846064824,38.0,36.0
1975,2021-03-14 00:21:08,2021-03-14 00:45:28,22.0,47.2,112.74581735008817,32.59183673469388,29.965986394557824
1976,2021-03-14 00:45:49,2021-03-14 01:14:19,47.6,77.2,112.35313752815314,35.49418604651163,32.93023255813954
1977,2021-03-14 01:14:40,2021-03-14 01:32:47,77.2,92.4,118.1356957236842,36.972727272727276,34.0
1978,2021-03-15 01:39:17,2021-03-15 02:04:17,39.2,65.2,112.18056004273504,30.198675496688743,29.258278145695364
1979,2021-03-15 15:42:16,2021-03-15 15:59:46,39.2,51.2,109.20835729166664,31.150943396226417,29.60377358490566
1980,2021-03-15 16:00:07,2021-03-15 16:30:47,51.2,70.8,112.98471428571433,32.464864864864865,30.82702702702703
1981,2021-03-15 16:31:08,2021-03-15 17:00:08,71.2,88.4,116.70544161821701,33.0,31.46857142857143
1982,2021-03-15 17:00:29,2021-03-15 17:17:09,88.4,97.6,121.51722690217406,33.0,32.0
1983,2021-03-16 12:32:58,2021-03-16 13:34:04,35.2,93.6,114.32398045804794,30.99782135076253,29.62962962962963
1984,2021-03-16 18:54:28,2021-03-16 19:23:28,62.8,84.0,114.22172091194969,34.0,32.0
1985,2021-03-16 19:23:49,2021-03-16 19:45:39,84.4,97.6,122.29800736531999,34.0,32.0
1986,2021-03-17 02:28:14,2021-03-17 02:59:34,49.2,67.6,113.29707850241549,32.925925925925924,30.714285714285715
1987,2021-03-17 02:59:55,2021-03-17 03:25:45,67.6,82.8,113.06009987207597,33.75,31.262820512820515
1988,2021-03-17 10:34:46,2021-03-17 11:05:46,46.0,77.6,114.52927993143463,31.09625668449198,29.566844919786096
1989,2021-03-17 11:06:07,2021-03-17 11:33:17,78.0,97.6,120.99987549603178,32.83536585365854,31.21951219512195
1990,2021-03-17 18:56:51,2021-03-17 19:22:51,43.6,70.4,112.75396030265338,35.203821656050955,33.70063694267516
1991,2021-03-17 19:23:12,2021-03-17 19:51:22,70.8,94.4,118.5352145127118,36.44705882352941,34.7
1992,2021-03-18 02:14:33,2021-03-18 02:44:13,40.0,60.0,111.25,33.44134078212291,30.743016759776538
1993,2021-03-18 02:44:34,2021-03-18 03:17:14,60.0,81.6,113.42592592592595,34.82233502538071,32.0
1994,2021-03-18 13:49:14,2021-03-18 14:17:44,11.2,40.8,112.19641277214718,35.91860465116279,34.48255813953488
1995,2021-03-18 14:18:05,2021-03-18 14:45:15,41.2,68.8,114.66032714371985,38.75609756097561,37.15853658536585
1996,2021-03-18 14:45:36,2021-03-18 15:03:25,69.2,86.4,120.62613586886303,40.0,38.11009174311926
1997,2021-03-18 20:08:43,2021-03-18 20:32:33,43.2,67.6,114.01412226775957,38.1875,35.791666666666664
1998,2021-03-18 20:32:54,2021-03-18 20:57:24,68.0,91.2,115.88303418342909,39.66891891891892,37.3445945945946
1999,2021-03-19 06:04:10,2021-03-19 06:35:40,72.0,92.8,113.32668122329063,32.27894736842105,30.0
2000,2021-03-19 16:47:33,2021-03-19 17:06:07,18.4,30.8,112.5479640232975,33.203539823008846,31.292035398230087
2001,2021-03-19 17:06:28,2021-03-19 17:35:28,31.2,50.4,113.53301128472224,34.53142857142857,32.61714285714286
2002,2021-03-19 17:35:49,2021-03-19 18:34:27,50.8,88.8,115.9808736695907,35.9774011299435,33.99152542372882
2003,2021-03-20 05:13:17,2021-03-20 05:43:57,13.2,33.6,112.50814624183003,30.45945945945946,29.264864864864865
2004,2021-03-20 05:44:18,2021-03-20 06:09:58,34.0,50.8,114.35844312169311,32.4,31.025806451612905
2005,2021-03-20 06:10:19,2021-03-20 06:37:19,51.2,69.2,112.36804236111111,34.030674846625764,32.668711656441715
2006,2021-03-20 12:09:35,2021-03-20 12:53:28,42.8,70.8,113.33713396329365,32.74848484848485,31.593939393939394
2007,2021-03-20 13:31:34,2021-03-20 14:14:29,70.8,97.6,114.16407788142622,33.0,31.23148148148148
2008,2021-03-21 03:31:38,2021-03-21 04:56:02,21.2,92.0,114.19088628531074,30.125195618153363,28.187793427230048
2009,2021-03-21 13:04:36,2021-03-21 14:02:38,24.4,84.0,113.63539802852347,27.619266055045873,25.10091743119266
2010,2021-03-21 23:38:37,2021-03-22 00:07:57,24.0,54.8,111.51245964105341,24.271186440677965,22.83050847457627
2011,2021-03-22 00:08:18,2021-03-22 00:52:07,55.2,94.8,114.681062594697,28.011363636363637,26.431818181818183
2012,2021-03-22 10:40:09,2021-03-22 11:09:39,26.0,56.8,111.85291220238098,26.028089887640448,24.078651685393258
2013,2021-03-22 11:10:00,2021-03-22 11:37:10,57.2,84.8,114.90690987318844,29.04268292682927,26.908536585365855
2014,2021-03-22 18:09:41,2021-03-22 18:26:51,45.2,62.8,113.70739251893944,27.451923076923077,25.471153846153847
2015,2021-03-22 18:27:12,2021-03-22 18:54:42,63.2,90.0,114.33769475538973,29.174698795180724,27.271084337349397
2016,2021-03-23 14:16:03,2021-03-23 14:43:53,33.2,62.0,112.75897072723767,24.571428571428573,23.50595238095238
2017,2021-03-23 14:44:14,2021-03-23 15:06:14,62.4,84.8,114.68937072172618,27.406015037593985,26.285714285714285
2018,2021-03-24 04:36:00,2021-03-24 04:56:30,36.4,57.6,112.4823352332285,22.532258064516128,21.306451612903224
2019,2021-03-24 04:56:51,2021-03-24 05:23:31,58.0,85.2,114.10847171160133,25.018633540372672,23.77639751552795
2020,2021-03-24 05:23:52,2021-03-24 05:44:02,85.6,97.6,124.80904872685186,26.0,25.0
2021,2021-03-24 12:01:43,2021-03-24 12:26:23,50.4,77.2,113.80598642205638,24.993288590604028,23.16778523489933
2022,2021-03-24 12:26:44,2021-03-24 12:53:54,77.6,97.6,118.94792222222223,26.78048780487805,25.073170731707318
2023,2021-03-24 19:33:13,2021-03-24 20:20:17,57.600002,97.6,116.82751126359783,29.3135593220339,27.90960451977401
2024,2021-03-25 05:17:33,2021-03-25 06:43:57,6.8,94.0,111.75077475280324,31.050847457627118,28.65793528505393
2025,2021-03-25 13:33:08,2021-03-25 14:01:18,34.0,54.8,112.38652924679491,30.870588235294118,29.74705882352941
2026,2021-03-25 14:01:39,2021-03-25 14:27:59,55.2,74.4,113.80067867476853,32.76729559748428,31.58490566037736
2027,2021-03-25 14:28:20,2021-03-25 14:55:30,74.8,93.2,118.81647086352656,33.6280487804878,32.25
2028,2021-03-25 17:21:30,2021-03-25 17:41:50,58.4,71.2,114.07553385416665,36.0,34.0
2029,2021-03-25 17:42:11,2021-03-25 18:12:11,71.2,89.2,115.62038449074072,36.0,34.0
2030,2021-03-26 01:22:46,2021-03-26 01:45:56,48.8,56.8,109.0764371527778,31.185714285714287,28.55
2031,2021-03-26 01:46:17,2021-03-26 02:14:07,56.8,66.0,113.95536443236716,31.892857142857142,29.0
2032,2021-03-27 05:27:00,2021-03-27 05:45:00,23.6,42.0,114.27688481280198,26.871559633027523,25.834862385321102
2033,2021-03-27 05:45:21,2021-03-27 06:12:41,42.4,70.4,113.98364002976187,29.927272727272726,28.915151515151514
2034,2021-03-27 14:04:21,2021-03-27 14:34:51,22.4,53.2,115.22187445887444,34.26086956521739,32.58152173913044
2035,2021-03-27 14:35:12,2021-03-27 15:02:22,53.6,80.8,116.19894975490199,37.06707317073171,35.56707317073171
2036,2021-03-27 22:49:15,2021-03-27 23:19:25,25.2,56.4,112.45104887820516,35.75824175824176,33.31318681318681
2037,2021-03-27 23:19:46,2021-03-27 23:48:38,56.8,85.6,116.46568094135804,38.56,35.78285714285714
2038,2021-03-27 23:48:59,2021-03-28 00:07:59,86.0,97.6,125.27421216475103,39.0,36.0
2039,2021-03-28 23:03:35,2021-03-28 23:32:35,27.6,57.2,114.35811355105108,32.70857142857143,31.525714285714287
2040,2021-03-28 23:32:56,2021-03-29 00:03:36,57.6,88.4,116.1268977723665,35.524324324324326,34.2
2041,2021-03-29 06:11:35,2021-03-29 06:30:45,35.6,55.2,114.25596286848072,33.3448275862069,30.92241379310345
2042,2021-03-29 06:31:06,2021-03-29 06:57:56,55.6,82.8,115.04391748366017,35.592592592592595,32.97530864197531
2043,2021-03-29 06:58:17,2021-03-29 07:20:37,82.8,97.6,122.75432357357359,36.0,34.0
2044,2021-03-30 00:35:41,2021-03-30 01:08:41,38.0,54.8,116.65843931878308,32.62311557788945,31.532663316582916
2045,2021-03-30 15:51:52,2021-03-30 16:29:43,51.600002,88.8,115.56093843517591,35.35087719298246,33.94736842105263
2046,2021-03-31 01:12:41,2021-03-31 01:41:11,26.8,56.0,113.98735611681889,34.30813953488372,32.23255813953488
2047,2021-03-31 01:41:32,2021-03-31 02:07:41,56.4,82.8,115.60806792929293,36.867924528301884,34.62264150943396
2048,2021-03-31 08:52:04,2021-03-31 09:41:40,55.600002,97.6,117.94127927233606,33.39946380697051,31.58445040214477
2049,2021-03-31 16:04:35,2021-03-31 16:26:55,47.6,67.2,113.8017146400227,34.71111111111111,33.41481481481482
2050,2021-03-31 16:27:16,2021-03-31 16:55:26,67.2,90.8,115.91218767655371,35.95882352941177,34.311764705882354
2051,2021-04-01 11:55:20,2021-04-01 12:24:20,41.6,58.8,112.12206492248067,30.217142857142857,29.485714285714284
2052,2021-04-01 12:24:41,2021-04-01 12:53:11,58.8,75.6,112.81247172619051,31.180232558139537,30.71511627906977
2053,2021-04-01 12:53:32,2021-04-01 13:32:50,75.6,97.2,120.99045398662547,32.0,31.0
2054,2021-04-01 20:54:08,2021-04-01 21:23:08,38.8,68.8,114.12686037037037,34.04,32.86857142857143
2055,2021-04-01 21:23:29,2021-04-01 21:59:05,69.2,97.6,120.93564385759004,35.925581395348836,34.72558139534884
2056,2021-04-02 11:38:37,2021-04-02 12:07:27,52.0,72.0,113.00281527777778,33.189655172413794,31.85632183908046
2057,2021-04-02 12:07:48,2021-04-02 12:39:38,72.0,92.8,118.59177390491456,34.0,32.994791666666664
2058,2021-04-03 09:41:55,2021-04-03 10:12:45,30.0,62.4,112.52871292009603,32.24193548387097,31.166666666666668
2059,2021-04-03 10:13:06,2021-04-03 10:46:46,62.8,93.2,118.34338884320175,35.433497536945815,34.16748768472906
2060,2021-04-03 20:19:13,2021-04-03 21:52:45,21.2,97.6,116.28078663285339,38.61538461538461,36.69088319088319
2061,2021-04-04 22:12:41,2021-04-05 00:04:05,6.4,97.6,117.08263766295079,31.608124253285542,29.770609318996417
2062,2021-04-05 07:36:28,2021-04-05 08:03:18,41.2,68.4,114.96935845588234,28.95679012345679,26.61111111111111
2063,2021-04-05 08:03:39,2021-04-05 08:33:39,68.8,94.0,117.17592509920635,30.828729281767956,28.701657458563535
2064,2021-04-05 20:58:03,2021-04-05 21:23:03,42.8,68.4,114.27953342013886,30.072847682119207,28.68211920529801
2065,2021-04-05 21:23:24,2021-04-05 21:50:24,68.8,92.8,116.58566869212964,31.85276073619632,30.644171779141104
2066,2021-04-06 13:27:49,2021-04-06 13:59:59,42.0,63.6,112.27433918467081,32.9639175257732,31.371134020618555
2067,2021-04-06 14:00:20,2021-04-06 14:24:40,63.6,79.6,114.79258237847225,34.0,32.69387755102041
2068,2021-04-06 20:58:23,2021-04-06 21:22:23,33.2,49.2,113.19362074652777,33.91034482758621,32.6
2069,2021-04-06 21:22:44,2021-04-06 21:52:54,49.6,69.2,116.02044118480728,35.5989010989011,33.97802197802198
2070,2021-04-07 02:01:13,2021-04-07 02:27:53,54.0,73.6,113.37868480725626,34.149068322981364,31.88198757763975
2071,2021-04-07 02:28:14,2021-04-07 02:55:04,73.6,92.4,116.14953051122923,35.0,32.01234567901235
2072,2021-04-07 22:06:20,2021-04-07 22:29:04,23.6,46.8,114.14249195402304,31.92753623188406,30.528985507246375
2073,2021-04-07 22:29:25,2021-04-07 22:59:55,47.2,78.4,113.84438443732195,34.73913043478261,33.375
2074,2021-04-08 14:27:24,2021-04-08 14:48:54,24.4,46.4,114.01642020202021,26.823076923076922,25.06153846153846
2075,2021-04-08 14:49:15,2021-04-08 15:18:35,46.8,76.8,114.06528217592593,29.966101694915253,28.23728813559322
2076,2021-04-09 07:35:47,2021-04-09 08:53:59,51.6,97.6,117.79235925120774,23.589437819420784,22.26405451448041
2077,2021-04-09 16:59:05,2021-04-09 17:26:15,59.6,81.6,116.1117565025253,29.079268292682926,27.890243902439025
2078,2021-04-09 17:26:36,2021-04-09 17:51:26,81.6,97.6,119.90972803819444,30.0,28.94
2079,2021-04-10 03:03:26,2021-04-10 03:34:36,30.8,63.2,112.66034602194786,30.26595744680851,28.5531914893617
2080,2021-04-10 03:34:57,2021-04-10 04:05:37,63.2,91.6,116.40406318466361,32.8,30.89189189189189
2081,2021-04-10 13:17:12,2021-04-10 14:12:02,38.8,91.6,115.34788694497055,29.762135922330096,28.07281553398058
2082,2021-04-11 00:07:36,2021-04-11 01:08:03,18.4,80.0,114.54478270652957,31.797356828193834,30.03303964757709
2083,2021-04-11 11:52:04,2021-04-11 13:01:35,25.6,92.8,115.10868430886245,31.72222222222222,30.396551724137932
2084,2021-04-12 11:53:31,2021-04-12 12:20:31,7.2,30.8,112.7130604990584,31.14723926380368,29.901840490797547
2085,2021-04-12 12:20:52,2021-04-12 12:50:52,31.2,56.8,115.46876953125003,33.27624309392265,32.02209944751381
2086,2021-04-12 12:51:13,2021-04-12 13:23:13,57.2,84.0,117.69021475953569,35.6580310880829,34.26943005181347
2087,2021-04-12 22:31:35,2021-04-12 22:59:15,30.8,46.8,115.03817048611116,33.91616766467066,31.748502994011975
2088,2021-04-12 22:59:36,2021-04-12 23:30:06,46.8,64.8,112.74149020061728,35.41304347826087,33.0
2089,2021-04-12 23:30:27,2021-04-13 00:03:07,65.2,83.6,118.11289824879235,36.0,33.91370558375635
2090,2021-04-13 06:56:01,2021-04-13 07:28:21,36.4,70.0,112.78399995866404,34.743589743589745,32.13846153846154
2091,2021-04-13 07:28:42,2021-04-13 07:57:52,70.0,94.8,117.69544724462368,36.80113636363637,34.0
2092,2021-04-13 16:46:37,2021-04-13 17:17:47,34.0,66.0,113.84029257812503,36.537234042553195,35.148936170212764
2093,2021-04-13 17:18:08,2021-04-13 17:46:01,66.4,92.0,116.87251641710073,38.562130177514796,37.0
2094,2021-04-13 23:43:15,2021-04-14 00:08:25,40.0,61.6,114.4926769547325,36.026315789473685,33.91447368421053
2095,2021-04-14 00:08:46,2021-04-14 00:33:26,62.0,82.0,115.2465413888889,37.0,35.0
2096,2021-04-14 04:58:16,2021-04-14 05:26:05,63.6,90.4,115.87115982587062,35.464285714285715,32.785714285714285
2097,2021-04-14 14:34:46,2021-04-14 14:52:56,14.8,33.6,113.53871128841607,36.38181818181818,34.79090909090909
2098,2021-04-14 14:53:17,2021-04-14 15:19:37,34.0,61.2,113.74948871527776,39.088050314465406,37.534591194968556
2099,2021-04-14 15:19:58,2021-04-14 15:41:48,61.6,84.0,114.52504935515873,41.07575757575758,39.54545454545455
2100,2021-04-14 21:49:25,2021-04-14 22:56:05,37.600002,97.6,117.0027809000927,37.55289421157685,35.07185628742515
2101,2021-04-15 14:38:58,2021-04-15 15:08:28,33.2,63.6,113.86922820723684,34.28651685393258,32.640449438202246
2102,2021-04-15 15:08:49,2021-04-15 15:28:09,64.0,83.6,115.77450545634922,36.495726495726494,34.888888888888886
2103,2021-04-15 22:05:12,2021-04-15 22:59:14,45.6,94.8,116.78893510896569,32.36206896551724,29.655172413793103
2104,2021-04-17 00:18:34,2021-04-17 01:35:34,50.0,96.4,118.32745399904215,26.42832469775475,25.082901554404145
2105,2021-04-17 13:31:08,2021-04-17 13:59:18,44.4,55.2,113.41567798353908,26.41176470588235,25.776470588235295
2106,2021-04-17 13:59:39,2021-04-17 14:27:29,55.2,65.6,116.41030021367538,27.398809523809526,26.964285714285715
2107,2021-04-17 14:27:50,2021-04-17 14:56:00,66.0,76.4,117.81254513888885,28.0,27.0
2108,2021-04-17 14:56:21,2021-04-17 15:25:01,76.4,87.2,115.46043492798361,28.260115606936417,27.872832369942195
2109,2021-04-17 15:25:22,2021-04-17 15:53:42,87.2,97.2,123.24726916666671,29.0,28.0
2110,2021-04-18 10:32:22,2021-04-18 10:57:02,46.4,62.4,115.08945651041667,25.248322147651006,24.36241610738255
2111,2021-04-18 10:57:23,2021-04-18 11:26:53,62.8,81.6,117.14026869089838,26.51123595505618,25.685393258426966
2112,2021-04-18 11:27:14,2021-04-18 11:53:24,82.0,97.6,120.22530519943024,27.544303797468356,26.765822784810126
2113,2021-04-19 01:22:49,2021-04-19 01:44:39,37.2,59.6,114.52814986359128,27.34090909090909,25.704545454545453
2114,2021-04-19 01:45:00,2021-04-19 02:17:40,60.0,90.8,116.49441274350652,29.730964467005077,28.17258883248731
2115,2021-04-20 15:29:44,2021-04-20 15:49:24,42.8,63.2,111.94990713507626,25.613445378151262,24.96638655462185
2116,2021-04-20 15:49:45,2021-04-20 16:17:55,63.2,90.0,116.36921709162525,27.976470588235294,27.235294117647058
2117,2021-04-21 06:05:51,2021-04-21 07:30:58,18.0,97.6,115.72930389098272,31.715179968701097,30.142410015649453
2118,2021-04-21 12:12:08,2021-04-21 12:31:28,78.0,89.2,117.48017398313489,33.0,32.0
2119,2021-04-21 21:54:23,2021-04-21 23:10:10,18.8,92.8,115.1603016497748,35.27416520210896,33.42003514938489
2120,2021-04-22 03:20:25,2021-04-22 04:15:39,43.2,94.0,116.8336099327428,35.10120481927711,31.790361445783134
2121,2021-04-22 16:59:09,2021-04-22 18:02:47,26.8,90.4,114.57108336609014,35.70292887029289,34.04393305439331
2122,2021-04-22 20:48:36,2021-04-22 21:10:34,75.2,92.8,118.274319491793,38.0,36.0
2123,2021-04-23 01:59:31,2021-04-23 02:28:21,36.8,68.0,113.8915661502849,37.54597701149425,34.47126436781609
2124,2021-04-23 15:58:23,2021-04-23 16:18:32,34.4,47.6,114.74392274831648,37.4078947368421,35.526315789473685
2125,2021-04-23 16:42:25,2021-04-23 16:56:17,47.2,56.4,113.25727125603868,38.20952380952381,36.75238095238095
2126,2021-04-23 18:01:57,2021-04-23 19:04:23,56.4,98.4,110.17634726190472,38.513859275053306,37.43283582089552
2127,2021-04-24 00:12:58,2021-04-24 00:38:18,60.4,86.0,117.01334304470485,37.79738562091503,35.5359477124183
2128,2021-04-24 13:46:56,2021-04-24 14:57:15,24.8,86.4,114.07695434929653,36.03030303030303,34.46969696969697
2129,2021-04-24 23:54:12,2021-04-25 00:26:42,17.2,38.8,114.6817229938272,34.5,32.607142857142854
2130,2021-04-25 00:27:03,2021-04-25 00:56:53,39.2,58.4,115.51867158564816,36.361111111111114,34.38333333333333
2131,2021-04-25 00:57:14,2021-04-25 01:28:44,58.4,78.0,114.33745727040817,37.0,35.0
2132,2021-04-25 01:29:05,2021-04-25 01:55:35,78.0,92.8,122.4662335773274,37.0,35.0
2133,2021-04-25 04:16:52,2021-04-25 04:50:32,70.0,91.6,116.30596733539103,37.0,34.0
2134,2021-04-25 08:21:42,2021-04-25 08:49:52,78.8,96.4,117.15519854797975,35.0,32.17058823529412
2135,2021-04-25 17:05:59,2021-04-25 17:50:08,56.8,85.2,116.07907979264476,32.0,30.23308270676692
2136,2021-04-25 17:50:29,2021-04-25 18:11:29,85.2,97.6,119.91828718638008,32.826771653543304,31.0
2137,2021-04-26 02:12:32,2021-04-26 03:32:27,14.4,84.0,114.72156315253834,32.32333333333333,30.11
2138,2021-04-26 14:01:52,2021-04-26 14:34:22,24.8,58.0,114.12943712349397,31.372448979591837,30.132653061224488
2139,2021-04-26 14:34:43,2021-04-26 15:02:23,58.4,86.0,116.80656229871175,34.532934131736525,32.89221556886228
2140,2021-04-26 19:40:43,2021-04-26 20:08:43,48.4,66.8,114.13043478260872,33.96449704142012,31.5207100591716
2141,2021-04-26 20:09:04,2021-04-26 20:39:44,66.8,86.8,114.99999999999999,34.73513513513514,32.0
2142,2021-04-26 20:40:05,2021-04-26 20:58:35,86.8,97.6,121.4956275720165,35.0,32.0
2143,2021-04-27 06:38:45,2021-04-27 07:05:05,18.8,36.0,114.82719654392766,29.89308176100629,27.91823899371069
2144,2021-04-27 07:22:28,2021-04-27 07:50:18,47.2,66.0,111.09190854018914,32.875,31.113095238095237
2145,2021-04-27 07:50:39,2021-04-27 08:18:59,66.0,84.4,115.73598482789853,34.0,32.0
2146,2021-04-27 08:19:20,2021-04-27 08:41:40,84.4,97.6,121.48570549242437,34.0,32.44444444444444
2147,2021-04-27 19:09:03,2021-04-27 19:34:43,35.2,52.0,114.83798842592594,29.15483870967742,27.135483870967743
2148,2021-04-27 19:35:04,2021-04-27 20:04:34,52.4,71.6,115.49047699652783,30.848314606741575,29.06741573033708
2149,2021-04-27 20:04:55,2021-04-27 20:34:05,72.0,90.4,119.0179913949275,31.977272727272727,30.0
2150,2021-04-28 03:41:36,2021-04-28 04:43:54,42.4,97.6,116.56902173409824,30.346153846153847,28.41025641025641
2151,2021-04-28 13:52:12,2021-04-28 15:17:08,30.4,97.6,115.86161800595241,29.595611285266457,27.53448275862069
2152,2021-04-29 06:48:10,2021-04-29 08:06:14,26.4,97.6,115.86855338444133,27.10580204778157,25.899317406143346
2153,2021-04-29 23:29:18,2021-04-30 00:48:41,13.6,91.6,115.23355007656694,32.65771812080537,31.085570469798657
2154,2021-04-30 15:57:06,2021-04-30 16:27:26,54.0,78.8,115.50068380376347,38.77049180327869,36.91803278688525
2155,2021-05-01 00:03:45,2021-05-01 00:31:05,19.2,47.2,113.82738273809521,35.56969696969697,33.345454545454544
2156,2021-05-01 00:31:26,2021-05-01 01:02:36,47.6,79.2,114.96703872187062,38.56382978723404,36.340425531914896
2157,2021-05-01 05:30:56,2021-05-01 06:00:36,62.8,90.4,116.79953668478255,38.63128491620112,35.07821229050279
2158,2021-05-01 13:58:21,2021-05-01 14:23:51,46.4,71.6,116.87610141093477,38.05194805194805,36.357142857142854
2159,2021-05-01 14:24:12,2021-05-01 14:53:02,72.0,95.2,119.3319042744253,39.03448275862069,37.752873563218394
2160,2021-05-01 22:55:13,2021-05-01 23:25:53,30.8,51.2,113.21148828976033,37.58918918918919,35.58378378378379
2161,2021-05-01 23:26:14,2021-05-01 23:55:34,51.2,70.0,113.00977245862885,39.0,37.0
2162,2021-05-01 23:55:55,2021-05-02 00:26:25,70.0,88.0,117.69445794753086,39.0,37.0
2163,2021-05-02 00:26:46,2021-05-02 00:44:16,88.0,97.6,122.66061009837972,39.0,37.0
2164,2021-05-02 06:19:03,2021-05-02 06:48:03,84.0,94.8,116.35802469135805,34.0,31.0
2165,2021-05-02 12:56:05,2021-05-02 13:37:35,56.0,90.8,115.92901009339084,34.5,33.032051282051285
2166,2021-05-02 23:07:27,2021-05-02 23:41:07,28.4,39.2,117.41774742798353,28.354679802955665,25.773399014778324
2167,2021-05-02 23:41:28,2021-05-03 00:12:58,39.2,50.0,109.86115972222228,29.173684210526314,26.736842105263158
2168,2021-05-03 00:13:19,2021-05-03 00:43:59,50.4,60.4,115.51116222222224,30.0,27.72972972972973
2169,2021-05-03 00:44:20,2021-05-03 01:11:00,60.8,69.6,114.14146464646471,30.0,28.0
2170,2021-05-03 01:11:21,2021-05-03 01:43:31,69.6,80.0,116.50111992521363,30.0,28.0
2171,2021-05-03 02:46:14,2021-05-03 03:14:14,83.2,92.4,114.63773188405794,30.0,28.0
2172,2021-05-03 03:14:35,2021-05-03 03:32:15,92.8,97.6,128.17141406250005,30.0,28.0
2173,2021-05-03 15:36:50,2021-05-03 16:08:00,19.6,51.2,115.00087904360056,30.05851063829787,28.78723404255319
2174,2021-05-03 16:08:21,2021-05-03 16:36:01,51.6,79.2,116.84682336956524,33.449101796407184,32.21556886227545
2175,2021-05-03 16:36:22,2021-05-03 17:01:52,79.6,97.6,125.2801013888889,34.84415584415584,33.077922077922075
2176,2021-05-04 02:05:36,2021-05-04 02:22:06,30.4,39.6,114.68900507699269,30.47,28.71
2177,2021-05-04 02:22:27,2021-05-04 02:51:17,40.0,57.2,111.62870163113693,31.724137931034484,30.00574712643678
2178,2021-05-04 02:51:38,2021-05-04 03:23:58,57.2,76.4,112.10646527777774,33.0,31.0
2179,2021-05-04 07:51:10,2021-05-04 10:21:56,43.6,97.6,117.29333660236625,31.02475685234306,29.25552608311229
2180,2021-05-04 17:09:47,2021-05-04 17:40:37,64.0,88.8,115.51076523297495,35.83870967741935,34.0
2181,2021-05-05 00:57:44,2021-05-05 01:29:14,41.2,53.6,112.45297860663082,30.95263157894737,28.25263157894737
2182,2021-05-05 01:29:35,2021-05-05 01:53:45,53.6,62.8,114.25274456521745,31.383561643835616,29.0
2183,2021-05-05 05:29:01,2021-05-05 05:57:01,25.2,54.0,112.88967669753087,33.337278106508876,31.29585798816568
2184,2021-05-05 05:57:22,2021-05-05 06:25:32,54.4,83.2,113.57158275462965,35.93529411764706,33.78823529411765
2185,2021-05-05 06:25:53,2021-05-05 06:47:23,83.6,97.6,121.51788392857145,36.99230769230769,34.06923076923077
2186,2021-05-05 17:19:50,2021-05-05 17:36:20,47.2,64.0,114.67345329034396,35.96,34.69
2187,2021-05-05 17:36:41,2021-05-05 18:05:21,64.0,90.8,115.229584473466,36.994219653179194,35.73988439306358
2188,2021-05-06 17:15:59,2021-05-06 18:54:30,6.0,97.6,115.56420169365602,38.144399460188936,36.65047233468286
2189,2021-05-07 21:04:09,2021-05-07 22:17:25,20.0,92.4,115.17394686348987,37.86545454545455,36.25818181818182
2190,2021-05-08 10:39:16,2021-05-08 11:11:36,23.6,58.8,113.25678993055557,36.174358974358974,34.87179487179487
2191,2021-05-08 11:11:57,2021-05-08 11:41:17,58.8,89.2,116.1307614217836,39.451977401129945,38.01129943502825
2192,2021-05-08 20:13:48,2021-05-08 20:44:28,24.8,44.4,115.05671541950117,39.09189189189189,37.41621621621621
2193,2021-05-08 20:44:49,2021-05-08 21:22:09,44.8,68.4,114.14432956685496,40.75111111111111,38.8
2194,2021-05-08 21:22:30,2021-05-08 21:50:50,68.8,86.4,116.39207228535349,41.22222222222222,39.0
2195,2021-05-08 21:51:11,2021-05-08 22:07:51,86.4,96.4,117.05975,42.0,39.0
2196,2021-05-09 10:28:24,2021-05-09 11:15:46,61.2,97.6,117.80250662393163,33.449438202247194,32.48314606741573
2197,2021-05-09 18:39:40,2021-05-09 19:26:44,37.2,78.4,113.83203583131068,38.483050847457626,37.07627118644068
2198,2021-05-10 01:53:50,2021-05-10 02:25:40,40.8,62.0,112.84396914308175,37.520833333333336,35.65625
2199,2021-05-10 15:22:15,2021-05-10 15:53:05,17.6,38.4,113.09763775373933,36.82795698924731,34.96236559139785
2200,2021-05-10 15:53:26,2021-05-10 16:14:46,38.4,52.8,110.83335455246916,38.75968992248062,37.15503875968992
2201,2021-05-10 16:25:27,2021-05-10 16:52:47,58.4,75.6,113.23483131459953,40.6,39.0
2202,2021-05-10 16:53:08,2021-05-10 17:26:28,75.6,95.2,116.34993473639452,41.0,39.43283582089552
2203,2021-05-11 01:44:25,2021-05-11 02:14:15,23.2,53.6,114.41336970029239,37.922222222222224,35.92777777777778
2204,2021-05-11 02:14:36,2021-05-11 02:44:56,54.0,84.0,117.87591722222221,40.677595628415304,38.442622950819676
2205,2021-05-11 02:45:17,2021-05-11 03:05:27,84.0,97.6,126.02633843954256,41.0,39.0
2206,2021-05-11 07:21:49,2021-05-11 07:52:29,60.8,80.8,114.99027680555555,38.0,35.0
2207,2021-05-11 07:52:50,2021-05-11 08:19:40,81.2,97.6,118.68986907181578,38.0,35.04938271604938
2208,2021-05-11 21:29:29,2021-05-11 22:58:13,40.8,97.6,115.87426649061032,34.65465465465466,33.2987987987988
2209,2021-05-12 03:44:29,2021-05-12 04:13:59,54.8,74.0,115.49047699652779,37.0,35.0
2210,2021-05-12 04:14:20,2021-05-12 04:31:00,74.4,85.2,115.99796810699591,37.0,35.0
2211,2021-05-12 16:27:03,2021-05-12 16:58:43,10.8,38.8,113.43851091269843,38.397905759162306,36.80104712041885
2212,2021-05-12 16:59:04,2021-05-12 17:27:14,38.8,64.0,112.07012444885362,40.71764705882353,39.129411764705885
2213,2021-05-12 17:27:35,2021-05-12 17:56:35,64.0,89.2,115.45195921516755,42.0,40.0
2214,2021-05-13 02:53:21,2021-05-13 03:22:11,26.8,52.4,113.56336751302084,39.1551724137931,36.87931034482759
2215,2021-05-13 03:22:32,2021-05-13 03:52:42,52.8,79.6,113.55410986733003,41.57142857142857,38.89010989010989
2216,2021-05-13 03:53:03,2021-05-13 04:18:43,80.0,97.6,121.01091051136368,42.0,39.019354838709674
2217,2021-05-13 13:45:51,2021-05-13 14:13:41,15.6,44.4,112.70543528163581,39.470238095238095,37.767857142857146
2218,2021-05-13 14:14:02,2021-05-13 14:41:22,44.4,72.0,115.46949783615136,42.31515151515151,40.46666666666667
2219,2021-05-13 14:41:43,2021-05-13 15:05:53,72.4,93.2,120.13555021367523,43.92465753424658,41.87671232876713
2220,2021-05-14 00:30:52,2021-05-14 00:57:02,35.6,62.4,113.78732234660033,37.835443037974684,35.607594936708864
2221,2021-05-14 01:12:31,2021-05-14 01:38:41,76.4,96.8,116.31945635893253,40.0,37.848101265822784
2222,2021-05-14 22:06:09,2021-05-14 23:15:05,42.8,84.4,114.50774631410255,34.74373795761079,33.50481695568401
2223,2021-05-15 02:53:47,2021-05-15 03:20:13,54.8,70.8,114.27691050347222,34.90954773869347,32.97487437185929
2224,2021-05-15 07:10:48,2021-05-15 07:28:48,32.8,46.0,110.86278840488212,33.19266055045872,31.706422018348626
2225,2021-05-15 07:29:09,2021-05-15 07:59:39,46.0,67.2,113.41324449685533,34.64673913043478,33.43478260869565
2226,2021-05-15 08:00:00,2021-05-15 08:28:20,67.2,86.4,113.10618041087963,35.8187134502924,34.0
2227,2021-05-15 08:28:41,2021-05-15 08:47:11,86.8,97.6,124.25798816872428,36.0,34.875
2228,2021-05-16 15:33:18,2021-05-16 16:10:16,44.8,82.8,113.1370750986842,37.226618705035975,35.67985611510792
2229,2021-05-18 19:27:31,2021-05-18 20:45:58,10.0,89.6,114.64677523729765,37.43803056027165,36.120543293718164
2230,2021-05-19 02:07:48,2021-05-19 02:30:38,24.8,48.4,113.96129190207158,37.833333333333336,35.72463768115942
2231,2021-05-19 02:30:59,2021-05-19 02:57:59,48.8,76.8,113.61211924603177,40.39877300613497,38.08588957055215
2232,2021-05-19 02:58:20,2021-05-19 03:25:55,77.2,97.6,122.7890339733116,41.0,39.0
2233,2021-05-19 15:10:40,2021-05-19 15:28:10,10.0,28.0,114.5602015432099,38.9622641509434,37.34905660377358
2234,2021-05-19 15:28:31,2021-05-19 15:58:41,28.4,59.6,113.93164013532764,41.18131868131868,39.68681318681319
2235,2021-05-19 15:59:02,2021-05-19 16:29:22,60.0,90.0,116.91344416666666,43.595628415300546,42.032786885245905
2236,2021-05-20 11:19:32,2021-05-20 11:48:22,31.6,58.0,110.86803903619528,35.40229885057471,34.45977011494253
2237,2021-05-20 11:48:43,2021-05-20 12:18:23,58.0,84.4,114.19401830808079,37.71508379888268,36.70949720670391
2238,2021-05-20 20:58:55,2021-05-20 21:18:27,11.2,28.4,113.16637877906982,39.78151260504202,38.0
2239,2021-05-20 21:18:48,2021-05-20 21:48:48,28.8,55.2,113.23235732323234,41.386740331491715,39.591160220994475
2240,2021-05-20 21:49:09,2021-05-20 22:19:09,55.2,81.2,114.97118856837612,43.71823204419889,41.226519337016576
2241,2021-05-20 22:19:30,2021-05-20 22:38:30,81.6,94.8,122.2780237794613,44.0,42.0
2242,2021-05-21 02:07:08,2021-05-21 02:31:38,63.6,85.2,114.59364030349795,42.0,39.0
2243,2021-05-21 02:31:59,2021-05-21 02:51:29,85.6,97.6,123.80442499999998,42.0,39.0
2244,2021-05-21 14:53:00,2021-05-21 15:31:48,45.2,84.8,114.28837483515717,39.26962457337884,37.6382252559727
2245,2021-05-21 20:48:50,2021-05-21 21:07:40,33.6,47.6,112.22522023809528,40.14912280701754,38.228070175438596
2246,2021-05-21 21:17:22,2021-05-21 21:36:52,51.6,65.6,116.19743323412706,41.75423728813559,39.728813559322035
2247,2021-05-22 05:07:12,2021-05-22 05:38:12,20.4,52.4,113.13846549479169,38.27807486631016,36.213903743315505
2248,2021-05-22 05:38:33,2021-05-22 06:07:53,52.8,82.4,115.70524699699698,41.440677966101696,39.05084745762712
2249,2021-05-22 06:08:14,2021-05-22 06:30:04,82.8,97.6,125.8164599286787,42.0,40.0
2250,2021-05-22 14:53:41,2021-05-22 15:22:31,28.4,58.0,113.7622084740991,41.42528735632184,39.735632183908045
2251,2021-05-23 20:44:10,2021-05-23 21:13:50,23.6,54.0,114.22516721491229,39.85474860335196,38.94972067039106
2252,2021-05-23 21:14:11,2021-05-23 21:44:21,54.4,85.2,114.67309420093797,42.879120879120876,41.68681318681319
2253,2021-05-23 21:44:42,2021-05-23 22:04:02,85.2,97.6,123.5641114471327,44.0,42.0
2254,2021-05-24 12:27:40,2021-05-24 12:44:52,23.6,42.0,115.40142943840581,35.56190476190476,32.79047619047619
2255,2021-05-24 12:45:13,2021-05-24 13:18:03,42.4,78.0,113.86510026529338,38.35353535353536,35.464646464646464
2256,2021-05-24 18:26:18,2021-05-24 18:56:08,45.2,71.6,112.79407844065659,39.23888888888889,36.95
2257,2021-05-24 18:56:29,2021-05-24 19:25:29,72.0,94.4,118.57514719742062,40.0,38.0
2258,2021-05-25 00:22:51,2021-05-25 00:53:41,42.4,69.6,113.39256883169935,38.596774193548384,35.70967741935484
2259,2021-05-25 00:54:02,2021-05-25 01:23:52,69.6,93.6,116.5891302662037,39.65555555555556,36.81111111111111
2260,2021-05-25 15:48:12,2021-05-25 16:15:52,45.2,65.6,113.24348665577348,38.16766467065868,36.790419161676645
2261,2021-05-26 01:02:31,2021-05-26 01:31:40,21.6,51.2,114.67971643205708,34.95454545454545,33.60795454545455
2262,2021-05-26 01:32:01,2021-05-26 01:53:16,51.6,73.2,114.47596212705761,37.883720930232556,36.5968992248062
2263,2021-05-26 01:53:37,2021-05-26 02:19:17,73.6,94.8,117.8976827830189,39.0,37.70967741935484
2264,2021-05-26 18:36:27,2021-05-26 19:03:05,36.0,53.6,113.75365527146467,33.11180124223603,32.53416149068323
2265,2021-05-26 20:36:49,2021-05-26 21:07:09,59.2,79.2,114.04030305555557,34.68852459016394,34.0
2266,2021-06-09 01:46:47,2021-06-09 04:06:45,45.6,97.6,117.08818588675216,35.0,33.005714285714284
2267,2021-06-09 13:48:18,2021-06-09 14:50:01,52.0,77.2,113.87662275683421,36.0,34.26451612903226
2268,2021-06-09 23:12:38,2021-06-10 02:25:50,24.8,97.6,115.44235192307693,35.554865424430645,33.78743961352657
2269,2021-06-10 14:54:29,2021-06-10 17:40:42,31.6,96.4,115.50807783136146,41.02085004009623,38.83560545308741
2270,2021-06-12 10:18:11,2021-06-12 10:40:11,31.2,54.0,113.24927138157894,30.293233082706767,29.458646616541355
2271,2021-06-12 10:40:32,2021-06-12 11:10:52,54.4,85.6,114.26148758012825,33.076502732240435,32.26775956284153
2272,2021-06-12 11:11:13,2021-06-12 11:29:53,86.0,97.6,124.07210440613036,34.0,33.0
2273,2021-06-12 14:00:44,2021-06-12 14:19:24,74.8,90.8,113.56512361111113,35.0,33.0
2274,2021-06-12 23:12:30,2021-06-12 23:31:20,20.8,37.2,115.41161483739839,34.26315789473684,32.35964912280702
2275,2021-06-12 23:31:41,2021-06-13 00:03:31,37.6,66.0,112.71910886150236,36.614583333333336,34.510416666666664
2276,2021-06-13 00:03:52,2021-06-13 00:34:42,66.4,92.0,117.65951014539935,38.274193548387096,36.0
2277,2021-06-13 20:59:37,2021-06-13 21:28:27,52.4,81.6,115.05374357876714,32.793103448275865,31.528735632183906
2278,2021-06-13 21:28:48,2021-06-13 21:45:18,82.0,94.4,121.46841532258061,34.0,32.96
2279,2021-06-14 17:02:05,2021-06-14 18:29:32,24.4,96.4,114.29630922376546,35.5220700152207,34.19025875190259
2280,2021-06-15 11:42:31,2021-06-15 12:12:21,59.2,85.2,114.95888547008548,35.68333333333333,34.02777777777778
2281,2021-06-15 12:12:42,2021-06-15 12:31:02,85.6,97.6,122.37153923611113,36.0,35.0
2282,2021-06-15 23:23:51,2021-06-16 00:28:33,17.2,74.0,113.71295930408843,37.053497942386834,35.84567901234568
2283,2021-06-16 03:53:22,2021-06-16 04:58:12,37.6,97.6,116.05108923842596,38.813141683778234,36.322381930184804
2284,2021-06-16 10:19:45,2021-06-16 11:01:29,61.2,97.6,117.14651393772897,37.77070063694268,35.996815286624205
2285,2021-06-16 20:36:31,2021-06-16 21:07:11,41.6,72.8,114.38079580662396,38.34054054054054,35.50810810810811
2286,2021-06-17 05:58:58,2021-06-17 06:15:28,26.0,40.4,114.5978023726852,34.19,32.49
2287,2021-06-17 06:15:49,2021-06-17 06:46:29,40.8,68.0,112.74816207107843,36.351351351351354,34.627027027027026
2288,2021-06-17 06:46:50,2021-06-17 07:18:00,68.4,94.0,116.87337706163197,38.0,36.0
2289,2021-06-17 18:57:13,2021-06-17 19:22:13,18.4,32.4,116.02783545634918,36.3046357615894,33.629139072847686
2290,2021-06-17 19:22:34,2021-06-17 19:53:24,32.8,50.8,113.626600308642,37.553763440860216,34.82795698924731
2291,2021-06-17 19:53:45,2021-06-17 20:13:45,50.8,62.8,110.55561111111115,38.85950413223141,36.0
2292,2021-06-17 20:53:57,2021-06-17 21:23:27,63.2,82.0,104.04851551418442,38.0,35.0
2293,2021-06-17 21:23:48,2021-06-17 21:50:58,82.0,97.6,115.51643981481483,38.0,35.0
2294,2021-06-18 19:19:50,2021-06-18 19:36:50,46.0,60.8,115.12389301801804,37.29126213592233,35.71844660194175
2295,2021-06-18 19:37:11,2021-06-18 20:07:51,61.2,88.0,114.780284411277,38.32432432432432,36.983783783783785
2296,2021-06-19 01:19:59,2021-06-19 02:05:05,58.0,97.6,116.82117217662741,38.59882005899705,36.259587020648965
2297,2021-06-19 12:10:03,2021-06-19 12:28:33,35.2,54.0,114.51094481382987,38.482142857142854,36.473214285714285
2298,2021-06-19 12:28:54,2021-06-19 12:57:04,54.4,82.8,115.36777210485137,40.68235294117647,38.67058823529412
2299,2021-06-19 23:57:09,2021-06-20 00:49:11,25.2,78.8,113.22590140443619,39.39641943734016,37.77237851662404
2300,2021-06-20 12:39:33,2021-06-20 13:33:19,29.6,84.4,114.11247343369828,37.76237623762376,36.44059405940594
2301,2021-06-21 05:39:40,2021-06-21 07:18:25,3.2,97.6,116.25675532015069,39.65721997300945,38.15654520917679
2302,2021-06-21 15:13:14,2021-06-21 15:45:24,22.4,50.8,114.0238527973396,39.68041237113402,38.45876288659794
2303,2021-06-21 15:45:45,2021-06-21 16:15:35,50.8,77.2,113.77207849326594,42.294444444444444,40.62222222222222
2304,2021-06-21 16:15:56,2021-06-21 16:42:26,77.6,97.6,119.43819125000003,43.0,41.0
2305,2021-06-22 01:46:11,2021-06-22 02:10:11,44.0,68.8,113.80601310483871,35.8,32.95862068965517
2306,2021-06-22 02:10:32,2021-06-22 02:39:32,69.2,95.2,117.10685592948718,37.2,34.56
2307,2021-06-22 15:11:03,2021-06-22 15:30:03,26.8,28.0,105.4977222222223,29.08695652173913,28.0
2308,2021-06-27 23:00:39,2021-06-27 23:20:49,40.8,58.4,113.44776996527777,31.557377049180328,30.688524590163933
2309,2021-06-27 23:21:10,2021-06-27 23:41:20,58.8,75.2,117.29675897696472,33.368852459016395,32.59016393442623
2310,2021-06-27 23:41:41,2021-06-28 00:01:11,75.6,90.8,118.0400343567251,34.0,33.101694915254235
2311,2021-06-28 16:23:33,2021-06-28 16:40:23,46.4,61.2,113.91329354354349,31.08823529411765,29.529411764705884
2312,2021-06-28 16:40:44,2021-06-28 17:11:33,61.6,88.4,115.35438199108623,32.715053763440864,30.940860215053764
2313,2021-06-29 05:22:36,2021-06-29 05:44:16,19.6,38.4,113.58231390366433,32.50381679389313,30.84732824427481
2314,2021-06-29 05:44:37,2021-06-29 06:04:17,38.8,56.0,112.15925209948321,34.36134453781513,32.680672268907564
2315,2021-06-29 06:04:38,2021-06-29 06:26:28,56.4,74.4,114.88427114197528,35.89393939393939,34.128787878787875
2316,2021-06-29 06:26:49,2021-06-29 06:46:49,74.8,90.4,116.98452065527059,36.18181818181818,35.0
2317,2021-06-30 13:21:15,2021-06-30 13:49:35,40.0,69.2,112.756393597793,36.46783625730994,35.05263157894737
2318,2021-06-30 19:54:16,2021-06-30 20:16:06,31.2,53.6,113.63653658234125,37.72727272727273,35.78787878787879
2319,2021-06-30 20:16:27,2021-06-30 20:45:47,54.0,84.0,113.92362004629632,40.27683615819209,38.15819209039548
2320,2021-07-01 11:16:32,2021-07-01 11:33:42,25.2,31.2,118.73606342592586,34.0,32.95192307692308
2321,2021-07-01 11:34:03,2021-07-01 11:51:53,31.6,38.0,115.6379743923611,34.5462962962963,33.120370370370374
2322,2021-07-01 11:52:14,2021-07-01 12:11:24,38.0,45.2,110.474492669753,35.043103448275865,34.0
2323,2021-07-01 12:11:45,2021-07-01 12:35:15,45.2,54.0,110.82381912878789,36.0,34.683098591549296
2324,2021-07-01 12:35:36,2021-07-01 12:58:56,54.4,62.8,115.27773148148151,36.88652482269504,35.4468085106383
2325,2021-07-01 12:59:17,2021-07-01 13:22:07,62.8,71.2,112.8074943783068,37.0,36.0
2326,2021-07-01 13:22:28,2021-07-01 13:44:28,71.6,79.2,120.13153070175424,37.0,36.0
2327,2021-07-01 15:38:24,2021-07-01 16:01:24,82.0,90.4,113.63090674603164,36.0,35.0
2328,2021-07-01 16:01:45,2021-07-01 16:21:47,90.4,97.6,112.79626265432117,36.0,35.0
2329,2021-07-02 14:25:59,2021-07-02 14:47:09,13.2,31.2,114.73148302469139,35.578125,34.0
2330,2021-07-02 14:47:30,2021-07-02 15:07:40,31.6,49.2,114.05223342803028,37.15573770491803,35.704918032786885
2331,2021-07-02 15:08:01,2021-07-02 15:27:01,49.6,66.0,112.43734137872632,39.12173913043478,37.608695652173914
2332,2021-07-02 15:27:22,2021-07-02 15:50:02,66.4,84.4,117.27470586419754,40.0,38.89051094890511
2333,2021-07-03 00:46:15,2021-07-03 01:04:05,13.2,31.6,113.19973777173912,38.0,36.111111111111114
2334,2021-07-03 01:04:26,2021-07-03 01:22:56,32.0,50.8,114.94534190307336,39.223214285714285,37.544642857142854
2335,2021-07-03 01:23:17,2021-07-03 01:42:57,51.2,71.2,114.86806652777781,41.33613445378151,39.52100840336134
2336,2021-07-03 01:43:18,2021-07-03 02:02:18,71.6,90.4,118.04522177895976,42.391304347826086,40.22608695652174
2337,2021-07-03 15:45:04,2021-07-03 16:07:34,34.4,54.4,113.3465477777778,35.875,33.94117647058823
2338,2021-07-03 16:07:55,2021-07-03 16:30:15,54.8,74.4,114.92419529478452,37.87407407407407,35.84444444444444
2339,2021-07-03 16:30:36,2021-07-03 16:49:26,74.8,91.2,115.75119893292678,39.0,36.99122807017544
2340,2021-07-03 23:20:03,2021-07-04 00:30:23,38.4,97.6,115.31032468796923,39.17613636363637,37.16287878787879
2341,2021-07-04 04:57:34,2021-07-04 05:17:04,46.4,60.4,115.07143144841268,37.45762711864407,34.80508474576271
2342,2021-07-04 05:17:25,2021-07-04 05:35:45,60.8,73.2,116.81227912186375,38.171171171171174,35.990990990990994
2343,2021-07-04 05:36:06,2021-07-04 05:55:36,73.6,86.8,114.92003577441075,39.0,36.0
2344,2021-07-04 05:55:57,2021-07-04 06:12:37,87.2,97.6,123.07960430021376,39.0,36.0
2345,2021-07-05 13:55:43,2021-07-05 14:13:53,39.6,58.0,114.98038209541063,40.27272727272727,38.872727272727275
2346,2021-07-05 19:24:49,2021-07-05 19:42:09,39.6,54.8,114.07895175438598,39.89523809523809,38.4
2347,2021-07-05 19:42:30,2021-07-05 19:59:10,55.2,69.6,115.87385590277783,41.366336633663366,39.7029702970297
2348,2021-07-05 19:59:31,2021-07-05 20:17:31,70.0,85.6,115.55646287393166,42.0,40.0
2349,2021-07-06 04:10:06,2021-07-06 04:27:06,25.2,31.2,121.36115833333338,36.0,33.0
2350,2021-07-06 04:27:27,2021-07-06 04:44:57,31.6,38.0,117.12244140625006,36.0,33.83018867924528
2351,2021-07-06 04:45:18,2021-07-06 05:02:48,38.0,44.8,110.23288602941183,36.0,34.0
2352,2021-07-06 05:03:09,2021-07-06 05:21:59,44.8,52.0,112.04093865740741,36.675438596491226,34.0
2353,2021-07-06 05:22:20,2021-07-06 05:40:50,52.4,59.6,110.05791319444447,37.0,34.86607142857143
2354,2021-07-06 05:41:11,2021-07-06 05:59:51,59.6,66.8,111.04942592592602,37.0,35.0
2355,2021-07-06 06:00:12,2021-07-06 06:19:32,66.8,74.0,115.01547685185184,37.0,35.0
2356,2021-07-06 06:19:53,2021-07-06 06:38:33,74.4,81.2,117.58174509803929,37.0,34.4070796460177
2357,2021-07-06 06:38:54,2021-07-06 06:57:24,81.2,88.0,116.53190808823541,37.0,34.0
2358,2021-07-06 06:57:45,2021-07-06 07:19:25,88.0,96.0,116.00698958333334,37.0,34.0
2359,2021-07-06 10:57:07,2021-07-06 11:28:47,38.0,70.4,113.64671789266116,41.204188481675395,39.575916230366495
2360,2021-07-06 16:55:29,2021-07-06 17:26:59,35.6,68.8,112.86144352409637,40.57368421052632,38.910526315789475
2361,2021-07-07 00:08:47,2021-07-07 00:25:17,24.8,39.6,112.91573930180179,40.05,37.7
2362,2021-07-07 13:11:28,2021-07-07 13:30:58,19.2,26.8,111.61188486842109,36.0,34.0
2363,2021-07-07 13:31:19,2021-07-07 13:50:19,26.8,34.0,114.67017071759263,36.0,34.017391304347825
2364,2021-07-07 13:50:40,2021-07-07 14:08:00,34.0,40.8,110.45751633986933,36.0,35.0
2365,2021-07-07 14:08:21,2021-07-07 14:25:51,40.8,47.6,111.5236932189542,36.64150943396226,35.0
2366,2021-07-07 14:26:12,2021-07-07 14:44:32,47.6,54.8,110.35108140432106,37.0,36.0
2367,2021-07-07 14:44:53,2021-07-07 15:03:33,54.8,62.0,112.56753761574072,37.39823008849557,36.0
2368,2021-07-07 15:03:54,2021-07-07 15:23:04,62.0,69.6,109.70033406432762,38.0,36.93103448275862
2369,2021-07-07 15:23:25,2021-07-07 15:43:45,69.6,77.2,116.22992708333322,38.0,36.40650406504065
2370,2021-07-07 15:44:06,2021-07-07 16:02:56,77.6,84.4,120.02451062091485,38.0,36.0
2371,2021-07-07 16:03:17,2021-07-07 16:23:27,84.4,91.6,121.44483738425946,38.0,36.0
2372,2021-07-08 00:31:18,2021-07-08 00:48:08,25.2,34.0,111.33048721590907,35.0,33.0
2373,2021-07-08 01:19:31,2021-07-08 01:36:21,50.0,58.8,111.33995407196974,37.0,35.431372549019606
2374,2021-07-08 01:52:33,2021-07-08 02:10:23,67.2,76.4,112.84721648550722,38.0,36.0
2375,2021-07-08 02:27:05,2021-07-08 02:43:55,84.8,92.8,122.454859375,38.0,36.34313725490196
2376,2021-07-08 14:08:44,2021-07-08 14:28:34,28.8,46.0,115.85434237726105,37.391666666666666,35.166666666666664
2377,2021-07-08 14:28:55,2021-07-08 14:58:31,46.4,72.0,112.39823243272569,39.44134078212291,37.36871508379888
2378,2021-07-08 14:58:52,2021-07-08 15:17:02,72.4,87.2,114.06814283033037,40.40909090909091,38.0
2379,2021-07-08 22:35:04,2021-07-08 22:53:14,41.6,60.4,112.64184914302604,38.60909090909091,37.00909090909091
2380,2021-07-08 22:53:35,2021-07-08 23:12:45,60.8,80.0,116.33825940393517,40.577586206896555,38.76724137931034
2381,2021-07-09 04:26:22,2021-07-09 04:46:02,64.4,84.4,114.73750951388892,37.23529411764706,34.76470588235294
2382,2021-07-09 16:30:11,2021-07-09 16:48:01,17.2,35.6,113.2291793478261,42.092592592592595,39.416666666666664
2383,2021-07-09 17:17:57,2021-07-09 17:36:57,64.8,81.6,119.04763806216934,45.93043478260869,43.0
2384,2021-07-09 17:37:18,2021-07-09 17:54:18,82.0,94.8,123.6111280381945,46.0,43.41747572815534
2385,2021-07-09 23:53:50,2021-07-10 00:14:20,40.0,58.0,114.69367044753089,39.54838709677419,37.596774193548384
2386,2021-07-10 00:14:41,2021-07-10 00:38:01,58.4,78.8,115.30977444172115,40.90070921985816,38.97163120567376
2387,2021-07-10 00:38:22,2021-07-10 01:00:12,79.2,97.2,116.73148063271606,41.0,39.0
2388,2021-07-10 16:51:38,2021-07-10 17:18:48,25.2,40.8,115.51109740028491,38.31707317073171,34.78658536585366
2389,2021-07-10 17:19:09,2021-07-10 17:50:19,41.2,59.6,112.35814824879229,39.79255319148936,36.388297872340424
2390,2021-07-10 17:50:40,2021-07-10 18:23:00,59.6,78.4,114.07954861111111,41.0,37.0
2391,2021-07-10 18:23:21,2021-07-10 18:55:11,78.4,96.4,117.30252716049385,41.0,37.0
2392,2021-07-11 01:37:44,2021-07-11 01:57:54,42.4,63.2,113.15839489850426,40.368852459016395,38.40983606557377
2393,2021-07-11 01:58:15,2021-07-11 02:17:55,63.6,83.6,114.69861958333338,42.35294117647059,40.0
2394,2021-07-11 08:34:59,2021-07-11 08:52:19,66.0,80.4,113.84839496527772,39.0,36.61904761904762
2395,2021-07-11 16:05:07,2021-07-11 16:47:02,30.0,67.2,112.54887186753287,42.04761904761905,40.644444444444446
2396,2021-07-12 12:43:46,2021-07-12 14:01:19,18.4,86.4,114.01094812091502,39.828178694158076,38.029209621993125
2397,2021-07-12 23:18:02,2021-07-13 00:37:03,14.4,82.0,114.57202489110784,39.748735244519395,38.22091062394604
2398,2021-07-13 15:29:36,2021-07-13 16:03:14,63.2,96.4,115.42640436328651,42.66798418972332,40.99209486166008
2399,2021-07-14 00:45:47,2021-07-14 01:02:57,21.6,36.8,113.09759603435674,39.0,36.55769230769231
2400,2021-07-14 01:03:18,2021-07-14 01:20:28,36.8,52.0,113.11587426900583,39.66346153846154,37.84615384615385
2401,2021-07-14 01:36:30,2021-07-14 01:55:40,66.0,82.8,114.27662863756613,42.0,40.0
2402,2021-07-14 01:56:01,2021-07-14 02:14:41,83.2,97.6,120.41281954089513,42.43362831858407,40.0
2403,2021-07-14 21:00:49,2021-07-14 21:26:19,28.4,51.2,113.07994066764134,39.506493506493506,37.811688311688314
2404,2021-07-14 21:26:40,2021-07-14 21:55:10,51.6,76.8,114.24880632716052,41.645348837209305,39.73255813953488
2405,2021-07-14 21:55:31,2021-07-14 22:20:31,77.2,97.6,117.692013548475,42.0,40.86092715231788
2406,2021-07-15 00:41:53,2021-07-15 01:05:13,52.0,67.2,112.9842912097953,43.347517730496456,41.0
2407,2021-07-15 01:05:34,2021-07-15 01:29:14,67.2,82.0,113.49382469969973,43.48251748251748,41.0
2408,2021-07-15 01:29:35,2021-07-15 01:51:55,82.0,95.2,116.35418739478114,43.0,40.88148148148148
2409,2021-07-15 19:25:44,2021-07-15 19:46:14,36.4,54.4,113.37733958333338,37.46774193548387,36.37903225806452
2410,2021-07-15 19:46:35,2021-07-15 20:06:15,54.8,72.0,113.9026486595607,39.403361344537814,38.0672268907563
2411,2021-07-15 20:06:36,2021-07-15 20:30:06,72.4,92.4,117.10559444444448,40.028169014084504,39.0
2412,2021-07-16 14:01:52,2021-07-16 14:18:42,12.8,30.4,111.37311395202025,37.0,35.127450980392155
2413,2021-07-16 14:19:03,2021-07-16 14:37:13,30.4,49.2,112.49705348699761,38.49090909090909,36.736363636363635
2414,2021-07-16 14:37:34,2021-07-16 14:54:04,49.6,66.4,114.31631109457669,40.68,38.85
2415,2021-07-17 04:41:32,2021-07-17 04:59:22,50.8,69.2,113.01327898550721,31.675925925925927,30.35185185185185
2416,2021-07-17 04:59:43,2021-07-17 05:18:43,69.2,88.8,112.94074872448985,33.19130434782609,31.756521739130434
2417,2021-07-17 14:31:36,2021-07-17 14:50:26,41.2,58.0,112.28672453703706,37.6140350877193,35.78947368421053
2418,2021-07-17 14:50:47,2021-07-17 15:11:57,58.0,76.8,112.76597443853436,39.4921875,37.6953125
2419,2021-07-17 15:12:18,2021-07-17 15:31:48,76.8,93.6,116.2764743716932,40.0,38.144067796610166
2420,2021-07-18 02:19:51,2021-07-18 03:49:48,7.6,97.6,115.11228119290125,41.07555555555555,38.635555555555555
2421,2021-07-18 23:41:18,2021-07-19 00:00:18,28.4,47.6,113.8237868923611,36.26086956521739,34.77391304347826
2422,2021-07-19 00:00:39,2021-07-19 00:20:09,48.0,68.0,112.12638902777779,38.47457627118644,37.09322033898305
2423,2021-07-19 05:30:04,2021-07-19 06:31:05,38.0,97.6,115.23031427339676,38.17467248908297,36.00218340611354
2424,2021-07-19 19:47:14,2021-07-19 20:58:32,22.0,94.4,114.42754015116637,36.745794392523365,35.188785046728974
2425,2021-07-20 12:53:52,2021-07-20 13:16:50,11.2,35.2,111.56829113425925,32.96531791907515,31.716763005780347
2426,2021-07-20 13:17:54,2021-07-20 14:11:10,35.6,90.4,113.18327557532442,36.61,35.165
2427,2021-07-20 21:01:08,2021-07-20 21:41:49,52.8,94.8,112.60268782076722,35.19607843137255,33.55882352941177
2428,2021-07-21 02:42:26,2021-07-21 02:59:56,63.2,81.2,112.19138040123457,35.66981132075472,33.70754716981132
2429,2021-07-21 07:23:41,2021-07-21 07:42:21,65.2,84.4,111.44244748263887,35.91150442477876,33.54867256637168
2430,2021-07-22 02:11:57,2021-07-22 02:30:17,36.4,55.6,111.52127553530092,33.009009009009006,31.81081081081081
2431,2021-07-22 02:30:38,2021-07-22 02:48:38,56.0,74.8,111.78339790189126,35.403669724770644,33.99082568807339
2432,2021-07-22 02:48:59,2021-07-22 03:06:19,75.2,92.8,114.96843915719701,36.68571428571428,35.13333333333333
2433,2021-07-22 06:32:41,2021-07-22 06:51:11,74.0,89.2,113.61477832602334,37.0,34.0
2434,2021-07-22 14:47:06,2021-07-22 15:04:16,50.0,68.4,108.65867247886473,40.99038461538461,39.11538461538461
2435,2021-07-22 21:00:22,2021-07-22 21:21:02,45.6,67.2,111.79720949074074,41.232,39.432
2436,2021-07-22 21:21:23,2021-07-22 21:40:23,67.6,87.2,113.24547604875279,42.834782608695654,40.869565217391305
2437,2021-07-23 14:44:54,2021-07-23 15:55:46,26.4,97.6,112.68348840121725,42.274436090225564,39.3890977443609
2438,2021-07-23 21:20:07,2021-07-23 21:37:17,68.0,86.0,111.04244313271604,43.0,41.0
2439,2021-07-24 19:10:11,2021-07-24 19:28:51,24.0,42.4,112.25016666666667,44.442477876106196,42.150442477876105
2440,2021-07-24 19:29:12,2021-07-24 19:48:42,42.8,61.2,108.86475045289852,46.04237288135593,43.720338983050844
2441,2021-07-24 19:49:03,2021-07-24 20:06:43,61.2,77.6,110.64195189701903,47.0,45.0
2442,2021-07-24 20:07:04,2021-07-24 20:25:44,78.0,93.6,116.3906831374644,47.50442477876106,45.0
2443,2021-07-25 03:57:31,2021-07-25 04:16:41,23.6,40.8,112.50566432493545,40.0,37.241379310344826
2444,2021-07-25 04:17:02,2021-07-25 04:35:12,41.2,57.6,109.93649195460706,41.29090909090909,38.6
2445,2021-07-25 04:35:33,2021-07-25 04:53:23,58.0,73.2,112.7430679824561,42.666666666666664,39.916666666666664
2446,2021-07-25 04:53:44,2021-07-25 05:13:14,73.6,89.2,115.97312508903129,43.0,40.0
2447,2021-07-28 05:19:46,2021-07-28 05:36:56,20.8,22.8,100.57641513888889,36.0,34.24038461538461
2448,2021-07-28 08:38:18,2021-07-28 08:56:08,28.8,32.4,56.51626712962967,35.0,34.0
2449,2021-07-28 09:29:41,2021-07-28 09:46:31,38.4,40.0,114.55732656249991,35.69607843137255,34.0
2450,2021-07-28 11:08:27,2021-07-28 11:26:07,48.0,49.6,114.20161597222211,36.11214953271028,35.046728971962615
2451,2021-07-28 11:58:50,2021-07-28 12:15:30,52.4,53.6,140.03479097222188,37.0,36.0
2452,2021-07-28 12:31:42,2021-07-28 12:48:42,54.8,56.0,136.52810486111076,37.10679611650485,36.33009708737864
2453,2021-07-28 13:05:24,2021-07-28 13:22:54,57.2,58.4,137.30345810185233,38.0,37.0
2454,2021-07-28 13:39:56,2021-07-28 13:57:16,59.2,60.4,127.33817268518565,38.0,37.0
2455,2021-07-28 13:57:37,2021-07-28 14:14:07,60.4,61.2,178.43789374999903,38.62,37.65
2456,2021-07-28 15:18:22,2021-07-28 15:35:42,65.2,66.4,115.09294259259235,39.0,38.0
2457,2021-07-29 11:51:41,2021-07-29 13:07:46,15.2,94.0,112.4997918993232,38.81260945709282,37.126094570928196
2458,2021-07-29 16:37:29,2021-07-29 16:56:59,54.4,67.2,114.25781249999996,41.92372881355932,39.0
2459,2021-07-29 16:57:20,2021-07-29 17:15:00,67.6,79.2,114.2241379310344,42.0,39.0
2460,2021-07-29 17:15:21,2021-07-29 17:32:11,79.6,90.8,112.72321428571426,42.0,39.0
2461,2021-07-30 02:24:30,2021-07-30 02:41:50,5.6,21.2,110.88318660968662,35.0,33.0
2462,2021-07-30 02:57:42,2021-07-30 03:15:02,35.6,51.2,110.95083938746437,36.41904761904762,34.628571428571426
2463,2021-07-30 03:31:14,2021-07-30 03:47:54,65.6,80.0,115.56518460648144,39.0,37.0
2464,2021-07-30 08:55:38,2021-07-30 09:16:08,76.0,94.4,111.8282108997584,35.145161290322584,33.13709677419355
2465,2021-07-30 20:06:16,2021-07-30 20:52:04,20.8,68.8,111.15596581597225,36.58139534883721,34.66860465116279
2466,2021-07-31 13:20:50,2021-07-31 13:37:30,9.2,26.8,109.88795770202022,35.772277227722775,34.06930693069307
2467,2021-07-31 13:37:51,2021-07-31 14:09:11,27.2,59.6,112.20380555555556,37.407407407407405,36.20634920634921
2468,2021-07-31 14:09:32,2021-07-31 14:38:32,60.0,89.2,115.22689992389647,40.59428571428571,39.32
2469,2021-07-31 22:52:14,2021-07-31 23:09:54,26.4,44.8,112.15429672403383,37.570093457943926,35.47663551401869
2470,2021-07-31 23:10:15,2021-07-31 23:30:55,45.2,66.8,111.7296894290124,39.92,37.848
2471,2021-07-31 23:31:16,2021-07-31 23:50:06,67.2,86.8,112.10813796768709,41.78947368421053,39.175438596491226
2472,2021-08-01 05:13:58,2021-08-01 06:37:23,12.8,81.6,111.50304064131137,40.79744816586922,37.81499202551834
2473,2021-08-01 15:15:06,2021-08-01 15:33:56,34.0,48.4,110.84588512731482,39.23684210526316,38.30701754385965
2474,2021-08-01 15:56:30,2021-08-01 16:15:30,64.0,78.0,111.57838601190477,42.0,41.0
2475,2021-08-01 16:15:51,2021-08-01 16:36:21,78.0,93.2,111.68495531798244,42.233870967741936,41.00806451612903
2476,2021-08-02 00:21:17,2021-08-02 01:26:53,36.0,92.4,111.95489810086683,35.23732251521298,32.182555780933065
2477,2021-08-02 13:04:59,2021-08-02 13:25:49,22.8,44.8,110.13512285353532,35.12698412698413,33.56349206349206
2478,2021-08-02 13:37:21,2021-08-02 13:57:31,56.8,78.0,110.58112938941298,38.64754098360656,37.28688524590164
2479,2021-08-02 13:57:52,2021-08-02 14:18:52,78.4,97.2,117.61527474881804,39.48031496062992,38.118110236220474
2480,2021-08-02 18:21:28,2021-08-02 18:47:08,48.4,71.6,111.73612931034485,41.85806451612903,40.270967741935486
2481,2021-08-02 18:47:29,2021-08-02 19:12:19,72.0,94.0,114.00759444444446,43.0,41.26
2482,2021-08-03 15:59:12,2021-08-03 16:21:52,13.2,33.6,111.7926212554466,39.22627737226277,37.98540145985402
2483,2021-08-03 16:22:13,2021-08-03 16:47:13,34.0,56.8,110.33077284356727,41.10596026490066,39.52317880794702
2484,2021-08-03 16:47:34,2021-08-03 17:10:44,57.2,77.6,114.08500013616565,42.957142857142856,41.66428571428571
2485,2021-08-03 17:11:05,2021-08-03 17:33:15,78.0,96.8,116.04760808215133,43.80597014925373,42.0
2486,2021-08-03 23:34:08,2021-08-04 00:05:08,68.4,96.0,112.77075050322067,38.080213903743314,35.44385026737968
2487,2021-08-04 04:56:44,2021-08-04 05:50:56,44.4,97.6,112.81389604479952,37.34889434889435,34.86732186732187
2488,2021-08-04 12:47:45,2021-08-04 13:33:13,37.600002,84.8,112.17397921170347,36.90643274853801,35.48245614035088
2489,2021-08-04 21:34:55,2021-08-04 22:37:08,24.8,90.0,111.04879494291072,36.49250535331906,34.23982869379015
2490,2021-08-05 02:55:49,2021-08-05 03:15:29,62.0,74.4,112.46530062724011,36.97478991596638,34.0
2491,2021-08-05 03:15:50,2021-08-05 03:34:30,74.8,86.0,115.12650297619045,37.0,34.0
2492,2021-08-05 12:22:19,2021-08-05 12:39:19,33.2,44.8,111.71217301245218,34.20388349514563,32.320388349514566
2493,2021-08-05 13:20:47,2021-08-05 13:38:57,69.6,81.2,111.23565110153248,37.0,35.69090909090909
2494,2021-08-05 22:27:26,2021-08-05 22:45:36,33.6,42.8,106.19412424516914,33.46363636363636,31.972727272727273
2495,2021-08-05 22:45:57,2021-08-05 23:06:07,42.8,52.8,104.4541509722222,34.221311475409834,32.77049180327869
2496,2021-08-05 23:23:29,2021-08-05 23:40:59,59.2,64.8,114.34023363095247,35.0,33.886792452830186
2497,2021-08-05 23:41:20,2021-08-05 23:59:00,64.8,70.8,107.91662499999994,35.728971962616825,34.0
2498,2021-08-05 23:59:21,2021-08-06 00:16:11,70.8,76.4,107.92654624007918,35.0,34.0
2499,2021-08-06 00:16:32,2021-08-06 00:34:22,76.4,82.4,107.91662499999994,35.0,33.69444444444444
2500,2021-08-06 00:34:43,2021-08-06 00:54:13,82.4,88.4,117.50921388888884,35.0,33.0
2501,2021-08-06 00:54:34,2021-08-06 01:13:54,88.4,94.4,115.71060347222219,35.0,33.0
2502,2021-08-06 09:23:17,2021-08-06 09:40:07,20.0,31.6,111.38530076628355,34.0,32.8235294117647
2503,2021-08-06 09:40:28,2021-08-06 09:59:38,31.6,44.8,110.33249589646468,34.66379310344828,33.44827586206897
2504,2021-08-06 09:59:59,2021-08-06 10:21:49,45.2,60.0,110.18300947822826,36.21212121212121,34.696969696969695
2505,2021-08-06 10:22:10,2021-08-06 10:44:40,60.0,74.4,112.90028337191353,37.588235294117645,36.0
2506,2021-08-06 10:45:01,2021-08-06 11:06:31,74.8,88.0,114.0951351010101,38.0,36.0
2507,2021-08-07 10:06:08,2021-08-07 10:23:08,19.2,30.8,113.0172498802682,31.16504854368932,30.0
2508,2021-08-07 10:23:29,2021-08-07 10:41:39,31.2,43.6,111.92428483422938,32.45454545454545,31.263636363636362
2509,2021-08-07 10:42:00,2021-08-07 10:59:30,44.0,56.0,109.84145370370373,33.79245283018868,32.613207547169814
2510,2021-08-07 10:59:51,2021-08-07 11:18:11,56.4,68.4,112.28705937499997,35.31531531531532,34.01801801801802
2511,2021-08-07 11:18:32,2021-08-07 11:38:02,68.8,80.8,116.03010393518518,36.0,35.0
2512,2021-08-07 11:38:23,2021-08-07 11:59:33,81.2,93.6,118.53720575716851,36.40625,35.2265625
2513,2021-08-07 18:37:41,2021-08-07 18:56:21,34.0,53.6,109.68184623015871,37.008849557522126,34.716814159292035
2514,2021-08-07 18:56:42,2021-08-07 19:17:02,54.0,75.2,110.38915998427672,39.21951219512195,36.796747967479675
2515,2021-08-08 02:10:26,2021-08-08 03:04:54,40.0,96.0,111.79060983382938,36.88753056234719,34.72127139364303
2516,2021-08-08 10:45:40,2021-08-08 11:05:20,52.8,66.0,110.86176367845117,35.52100840336134,33.66386554621849
2517,2021-08-08 11:05:41,2021-08-08 11:24:21,66.0,78.4,108.64137219982072,36.0,34.017699115044245
2518,2021-08-08 11:24:42,2021-08-08 11:43:12,78.4,89.6,116.30457812500008,36.964285714285715,34.99107142857143
2519,2021-08-08 22:18:39,2021-08-08 22:37:29,23.6,43.2,110.70438109410429,33.85964912280702,32.35087719298246
2520,2021-08-08 22:37:50,2021-08-08 22:59:30,43.6,66.4,109.4871016081871,36.25954198473283,34.80152671755725
2521,2021-08-08 22:59:51,2021-08-08 23:19:01,66.8,86.0,115.02895182291665,38.0,36.491379310344826
2522,2021-08-09 05:10:19,2021-08-09 05:27:49,76.4,92.0,112.7546627492878,35.924528301886795,34.0
2523,2021-08-09 13:43:31,2021-08-09 14:06:01,46.8,66.8,112.71251006944445,34.85294117647059,33.18382352941177
2524,2021-08-09 14:06:22,2021-08-09 14:27:12,67.2,86.0,111.05645478723407,36.007936507936506,34.317460317460316
2525,2021-08-10 02:15:09,2021-08-10 02:39:29,18.4,35.2,111.13014500661373,31.0,29.06122448979592
2526,2021-08-10 02:39:50,2021-08-10 03:04:30,35.6,52.4,110.87219833002646,32.04026845637584,30.483221476510067
2527,2021-08-10 03:04:51,2021-08-10 03:26:31,52.4,66.8,110.64429465663581,33.603053435114504,32.01526717557252
2528,2021-08-10 15:16:06,2021-08-10 15:36:16,14.8,36.4,108.25296829989712,32.48360655737705,31.065573770491802
2529,2021-08-10 15:36:37,2021-08-10 15:55:17,36.4,56.0,110.41313314909296,34.256637168141594,32.769911504424776
2530,2021-08-10 15:55:38,2021-08-10 16:12:31,56.4,73.2,116.5115017609127,36.58252427184466,34.76699029126213
2531,2021-08-10 16:12:48,2021-08-10 16:32:08,73.6,92.8,116.77374045138889,38.0,36.0
2532,2021-08-11 00:01:47,2021-08-11 00:55:13,18.0,73.6,111.82989837629897,35.257425742574256,33.289603960396036
2533,2021-08-11 08:12:55,2021-08-11 09:10:58,39.6,97.6,113.13889907567052,34.580275229357795,33.21788990825688
2534,2021-08-11 18:47:47,2021-08-11 20:04:29,16.8,95.6,112.60383603884661,39.51215277777778,37.84375
2535,2021-08-12 14:40:12,2021-08-12 15:34:53,25.2,82.4,111.38512986839548,38.31386861313869,37.05596107055961
2536,2021-08-12 19:40:05,2021-08-12 20:02:23,60.0,82.8,113.90144223927881,39.80740740740741,37.837037037037035
2537,2021-08-13 11:51:04,2021-08-13 12:09:14,29.2,48.0,112.78590861406619,36.11818181818182,34.736363636363635
2538,2021-08-13 12:09:35,2021-08-13 12:36:45,48.4,77.2,109.93200245949075,38.46341463414634,37.28048780487805
2539,2021-08-13 17:49:14,2021-08-13 18:08:14,41.6,58.8,109.9491412306202,37.38260869565217,35.3304347826087
2540,2021-08-13 18:08:35,2021-08-13 18:38:35,59.2,84.4,113.07430445326277,38.806629834254146,36.66298342541437
2541,2021-08-13 18:38:56,2021-08-13 18:56:06,84.8,97.6,117.7962326388889,39.0,37.0
2542,2021-08-14 13:55:02,2021-08-14 14:12:02,25.2,37.2,110.03358171296296,34.398058252427184,32.99029126213592
2543,2021-08-14 14:12:23,2021-08-14 14:33:43,37.2,52.0,110.55933361486493,35.62015503875969,34.4031007751938
2544,2021-08-14 14:34:04,2021-08-14 14:55:24,52.4,66.8,110.73207581018518,37.17054263565891,35.84496124031008
2545,2021-08-15 10:02:18,2021-08-15 11:07:42,32.0,97.6,113.19911727007114,35.23828920570265,34.509164969450104
2546,2021-08-15 23:36:27,2021-08-16 00:07:22,64.8,84.0,113.90554014756941,32.2620320855615,30.898395721925134
2547,2021-08-16 11:51:40,2021-08-16 12:41:27,44.4,95.6,112.10504628906253,36.50534759358289,34.88235294117647
2548,2021-08-17 04:53:05,2021-08-17 06:10:07,20.4,97.6,112.91277277813762,38.534602076124564,36.17993079584775
2549,2021-08-17 11:52:00,2021-08-17 12:11:10,34.0,51.2,110.92541214470285,37.439655172413794,35.87931034482759
2550,2021-08-17 12:11:31,2021-08-17 12:36:31,51.6,74.0,111.11361644345239,39.51655629139073,37.82781456953642
2551,2021-08-17 12:36:52,2021-08-17 13:00:52,74.4,95.2,115.02606724091883,40.88275862068966,39.0
2552,2021-08-17 23:48:32,2021-08-18 00:07:42,26.8,46.8,111.54654159722229,39.61206896551724,37.974137931034484
2553,2021-08-18 00:08:03,2021-08-18 00:26:03,47.2,66.0,111.44504816784873,41.91743119266055,40.19266055045872
2554,2021-08-18 00:26:24,2021-08-18 00:45:14,66.4,85.6,114.17680714699085,43.675438596491226,41.780701754385966
2555,2021-08-18 08:25:06,2021-08-18 08:42:26,70.8,88.8,112.30246481481483,38.0,36.0
2556,2021-08-20 12:25:59,2021-08-20 12:44:19,35.2,54.4,111.26374414062501,33.927927927927925,32.414414414414416
2557,2021-08-20 12:44:40,2021-08-20 13:04:00,54.8,74.8,112.61041604166668,36.35042735042735,34.84615384615385
2558,2021-08-20 13:04:21,2021-08-20 13:21:21,75.2,92.8,112.50315814393943,37.46601941747573,36.0873786407767
2559,2021-08-20 20:14:57,2021-08-20 20:32:47,48.0,66.8,110.66637714243501,40.416666666666664,38.68518518518518
2560,2021-08-20 20:33:08,2021-08-20 20:51:58,67.2,86.8,112.04082610544222,41.91228070175438,40.0
2561,2021-08-21 03:09:16,2021-08-21 04:15:13,31.6,97.6,112.41206009469697,39.14343434343434,36.214141414141416
2562,2021-08-22 22:17:20,2021-08-22 22:35:30,51.6,68.4,107.78111871693122,38.96363636363636,37.59090909090909
2563,2021-08-22 22:35:51,2021-08-22 22:53:31,68.4,84.4,110.11112916666666,40.0,38.64485981308411
2564,2021-08-23 05:04:52,2021-08-23 06:12:16,30.4,97.6,113.26533959573415,40.40316205533597,37.948616600790515
2565,2021-08-23 14:20:27,2021-08-23 15:04:50,17.2,64.0,110.51264160137704,41.41044776119403,39.985074626865675
2566,2021-08-23 15:05:11,2021-08-23 15:24:41,64.4,84.4,112.43611145833334,44.09322033898305,42.80508474576271
2567,2021-08-23 22:43:45,2021-08-23 23:16:05,14.0,48.0,110.15849705882354,40.49230769230769,38.54871794871795
2568,2021-08-23 23:16:26,2021-08-23 23:47:06,48.0,79.6,111.92071092651199,43.4,41.32432432432432
2569,2021-08-23 23:47:27,2021-08-24 00:07:07,80.0,95.2,119.90407218567252,44.94957983193277,42.0
2570,2021-08-24 16:10:50,2021-08-24 16:41:10,12.4,44.0,111.0500114275668,39.21311475409836,37.4207650273224
2571,2021-08-24 16:41:31,2021-08-24 17:10:31,44.4,74.4,111.90230782407407,41.89142857142857,40.21714285714286
2572,2021-08-24 17:10:52,2021-08-24 17:30:24,74.8,94.4,115.40178195861672,43.0,41.84033613445378
2573,2021-08-25 03:09:30,2021-08-25 04:33:28,13.6,97.6,113.33166645502648,39.72063492063492,36.94126984126984
2574,2021-08-25 18:20:14,2021-08-25 19:26:19,26.4,84.4,111.98396822078543,37.38508064516129,35.993951612903224
2575,2021-08-26 02:05:39,2021-08-26 02:22:29,38.8,56.8,109.30016975308645,36.72549019607843,34.78431372549019
2576,2021-08-26 15:48:12,2021-08-26 16:07:12,25.2,44.8,112.90462322845809,40.23478260869565,38.17391304347826
2577,2021-08-26 16:17:57,2021-08-26 16:35:27,56.0,74.4,110.74578019323671,43.64150943396226,41.62264150943396
2578,2021-08-26 20:31:05,2021-08-26 20:49:55,70.0,85.6,113.41703080484335,42.48245614035088,40.0
2579,2021-08-27 03:25:51,2021-08-27 04:03:30,27.6,67.2,110.70665813692482,38.43462897526502,36.19081272084806
2580,2021-08-27 14:16:04,2021-08-27 14:33:44,12.8,31.6,109.87368572695036,37.99065420560748,36.12149532710281
2581,2021-08-27 23:11:11,2021-08-27 23:29:31,25.2,44.4,110.59751085069445,37.585585585585584,35.468468468468465
2582,2021-08-27 23:29:52,2021-08-27 23:49:12,44.4,64.8,109.81822310729852,39.8034188034188,37.53846153846154
2583,2021-08-28 02:07:47,2021-08-28 02:34:13,58.0,84.8,113.6636254767828,40.527638190954775,37.085427135678394
2584,2021-08-28 13:44:11,2021-08-28 14:03:11,22.0,42.0,110.704864375,37.82608695652174,36.37391304347826
2585,2021-08-28 14:03:32,2021-08-28 14:20:42,42.4,60.4,111.12500046296296,39.88461538461539,38.40384615384615
2586,2021-08-28 14:21:03,2021-08-28 14:39:13,60.8,79.6,112.54359448877076,41.763636363636365,40.41818181818182
2587,2021-08-28 21:20:10,2021-08-28 21:37:30,51.6,67.2,109.1248355591168,37.56190476190476,34.65714285714286
2588,2021-08-28 21:37:51,2021-08-28 21:56:01,67.2,82.8,110.32230608974365,38.80909090909091,35.92727272727273
2589,2021-08-30 16:41:47,2021-08-30 17:12:14,52.8,84.4,112.50989693653304,35.178378378378376,33.054054054054056
2590,2021-08-31 14:40:46,2021-08-31 14:59:26,44.4,60.8,113.20800652100272,36.0,34.14159292035398
2591,2021-08-31 14:59:47,2021-08-31 15:17:27,61.2,76.4,111.75622331871342,37.700934579439256,35.81308411214953
2592,2021-09-01 12:06:43,2021-09-01 13:11:04,9.6,76.4,112.16467804391218,38.10973084886128,36.39751552795031
2593,2021-09-01 19:39:16,2021-09-01 19:58:56,22.8,36.4,110.01942064950984,37.18487394957983,35.252100840336134
2594,2021-09-01 21:13:31,2021-09-01 21:31:31,50.0,62.0,110.72108252314818,38.477064220183486,36.42201834862385
2595,2021-09-01 21:31:52,2021-09-01 21:49:42,62.4,74.0,110.29575826149424,39.0,37.0
2596,2021-09-02 03:51:36,2021-09-02 04:11:36,35.2,56.0,112.00786825587608,36.421487603305785,33.99173553719008
2597,2021-09-02 04:11:57,2021-09-02 04:29:27,56.4,74.8,110.80840874094203,38.632075471698116,36.33018867924528
2598,2021-09-02 04:29:48,2021-09-02 04:48:18,75.2,94.0,114.70817590130025,39.660714285714285,37.11607142857143
2599,2021-09-02 12:04:11,2021-09-02 12:34:13,53.2,84.0,113.55222279040407,37.80530973451327,36.11946902654867
2600,2021-09-02 17:31:46,2021-09-02 18:25:57,28.0,84.4,111.84432503447597,41.00735294117647,39.55392156862745
2601,2021-09-03 00:17:45,2021-09-03 01:03:56,34.4,75.6,110.85599759978426,39.4956772334294,37.34005763688761
2602,2021-09-03 13:06:35,2021-09-03 13:28:29,23.2,46.0,111.88072864887914,37.01807228915663,35.21084337349398
2603,2021-09-03 13:30:48,2021-09-03 14:11:55,46.4,88.8,112.95296525157235,40.74110032362459,39.080906148867314
2604,2021-09-04 09:15:14,2021-09-04 09:39:38,22.8,48.4,112.04791138780381,33.67567567567568,32.66891891891892
2605,2021-09-04 09:39:59,2021-09-04 10:02:09,48.8,72.4,110.42138053201502,36.6865671641791,35.62686567164179
2606,2021-09-04 10:02:30,2021-09-04 10:24:40,72.8,95.2,115.45139756944442,38.32089552238806,37.25373134328358
2607,2021-09-04 22:40:51,2021-09-04 23:47:20,25.2,94.0,112.58499151889536,39.43887775551102,37.829659318637276
2608,2021-09-05 18:19:49,2021-09-05 20:19:32,18.8,97.2,112.1414557079082,38.10133630289533,36.492204899777285
2609,2021-09-06 02:33:33,2021-09-06 03:35:37,35.6,97.6,113.10413410618281,39.08583690987125,37.047210300429185
2610,2021-09-06 14:57:17,2021-09-06 15:49:37,43.6,96.4,112.49506109006732,42.20356234096692,40.524173027989825
2611,2021-09-06 21:24:46,2021-09-06 22:05:29,54.8,95.6,113.35438329248369,39.22875816993464,36.908496732026144
2612,2021-09-07 15:51:47,2021-09-07 16:52:40,12.0,76.0,110.63237182291668,40.564551422319475,38.5711159737418
2613,2021-09-08 10:26:22,2021-09-08 11:29:02,36.0,97.6,113.58838553030306,34.588110403397025,33.50743099787686
2614,2021-09-08 20:00:59,2021-09-08 21:03:20,23.6,88.4,112.0681014853395,40.797008547008545,39.13461538461539
2615,2021-09-09 01:27:26,2021-09-09 01:53:26,38.8,62.4,110.64739289077214,39.35668789808917,36.9171974522293
2616,2021-09-09 01:53:47,2021-09-09 02:23:57,62.4,89.2,113.08046341210614,40.89010989010989,38.1978021978022
2617,2021-09-10 01:06:34,2021-09-10 01:23:14,51.6,66.0,110.96066145833336,41.584158415841586,39.851485148514854
2618,2021-09-10 01:23:35,2021-09-10 01:44:15,66.4,83.2,113.75084168320112,42.688,41.0
2619,2021-09-10 01:44:36,2021-09-10 02:01:46,83.6,96.8,115.50085332491578,43.0,41.0
2620,2021-09-10 08:22:57,2021-09-10 08:41:27,24.8,41.6,111.77332762896826,39.13392857142857,36.544642857142854
2621,2021-09-10 08:41:48,2021-09-10 09:01:58,42.0,60.4,108.99382261473431,40.73770491803279,38.368852459016395
2622,2021-09-10 09:15:37,2021-09-10 09:37:57,71.2,89.6,113.45487341485511,43.0,40.0
2623,2021-09-10 19:05:45,2021-09-10 19:28:15,19.6,40.0,110.47319315087145,39.0,36.213235294117645
2624,2021-09-10 19:28:36,2021-09-10 19:51:56,40.4,61.2,112.34910884081192,40.46099290780142,37.91489361702128
2625,2021-09-10 19:52:17,2021-09-10 20:13:27,61.2,80.0,112.75267582742323,42.1640625,39.4609375
2626,2021-09-10 20:13:48,2021-09-10 20:33:38,80.0,96.4,118.04287152777775,43.0,40.0
2627,2021-09-11 22:27:15,2021-09-11 23:34:00,25.6,84.4,111.14041266298184,40.97609561752988,39.69521912350598
2628,2021-09-12 11:24:18,2021-09-12 11:40:58,48.8,67.2,111.68855970712556,42.01980198019802,40.75247524752475
2629,2021-09-13 11:26:49,2021-09-13 11:45:09,27.2,46.4,110.6235551215278,39.01801801801802,37.85585585585586
2630,2021-09-13 11:45:30,2021-09-13 12:02:30,46.8,64.4,111.88604813762622,41.38834951456311,40.14563106796116
2631,2021-09-13 12:18:32,2021-09-13 12:35:22,80.8,96.4,117.9834415064102,44.0,42.931372549019606
2632,2021-09-13 22:26:29,2021-09-13 22:47:09,22.0,43.6,111.91552687757206,40.064,38.312
2633,2021-09-13 22:47:30,2021-09-13 23:07:30,44.0,65.2,110.45730883123687,42.34710743801653,40.578512396694215
2634,2021-09-13 23:07:51,2021-09-13 23:28:11,65.6,86.0,114.91696534586056,44.1219512195122,42.0
2635,2021-09-14 04:45:05,2021-09-14 09:04:00,42.0,97.6,114.50566881744606,39.137042761463164,37.4198866563627
2636,2021-09-14 17:54:34,2021-09-14 19:22:34,22.800001,97.6,112.65910446811046,39.32980332829047,37.56278366111952
2637,2021-09-15 04:10:52,2021-09-15 05:26:33,11.6,91.6,110.04232632118058,37.96302816901409,35.524647887323944
2638,2021-09-15 11:57:41,2021-09-15 12:15:01,28.0,46.0,112.1280913580247,39.44761904761905,37.67619047619048
2639,2021-09-15 12:15:22,2021-09-15 12:32:52,46.4,64.8,110.77068742451692,41.679245283018865,39.89622641509434
2640,2021-09-15 15:52:38,2021-09-15 16:54:58,35.2,97.6,112.92068323539888,41.872068230277186,38.88912579957356
2641,2021-09-16 00:55:38,2021-09-16 01:12:38,52.4,70.4,110.07716419753082,39.71844660194175,37.99029126213592
2642,2021-09-16 21:14:49,2021-09-16 21:31:29,41.6,56.8,110.59576352339184,36.31683168316832,34.53465346534654
2643,2021-09-16 21:31:50,2021-09-16 21:48:30,56.8,72.0,110.5966773574561,37.83168316831683,36.20792079207921
2644,2021-09-16 21:48:51,2021-09-16 22:06:01,72.4,87.6,113.96747953216382,38.92307692307692,37.0
2645,2021-09-17 03:43:33,2021-09-17 04:51:23,30.0,97.6,112.57138116165353,38.72495088408645,36.652259332023576
2646,2021-09-17 14:12:59,2021-09-17 15:13:51,8.8,71.6,111.9145243166136,41.905908096280086,40.11159737417943
2647,2021-09-17 20:47:42,2021-09-17 21:04:22,76.8,94.8,114.27855918209877,43.0,40.881188118811885
2648,2021-09-18 03:13:27,2021-09-18 03:29:57,66.8,84.0,111.665869751292,39.01,36.9
2649,2021-09-18 09:24:11,2021-09-18 09:40:51,58.4,69.6,111.85518353174606,37.99009900990099,35.93069306930693
2650,2021-09-18 09:57:53,2021-09-18 10:15:33,81.2,92.8,114.47799473180085,38.67289719626168,36.13084112149533
2651,2021-09-18 16:29:47,2021-09-18 16:50:37,48.4,70.4,110.47222361111109,41.12698412698413,39.74603174603175
2652,2021-09-18 16:50:58,2021-09-18 17:09:48,70.8,90.0,114.41912811053241,42.1578947368421,41.0
2653,2021-09-19 01:12:20,2021-09-19 01:30:00,34.0,46.0,110.90743194444445,38.51401869158879,36.52336448598131
2654,2021-09-19 01:30:21,2021-09-19 01:50:41,46.0,60.0,109.41272261904764,39.65040650406504,37.63414634146341
2655,2021-09-19 01:51:02,2021-09-19 02:10:02,60.4,73.2,111.82294140625,40.92173913043478,38.721739130434784
2656,2021-09-19 02:10:23,2021-09-19 02:28:43,73.6,85.6,115.09493310185184,41.0,39.0
2657,2021-09-19 09:36:07,2021-09-19 09:53:47,19.2,24.4,113.81683012820515,36.0,34.0
2658,2021-09-19 09:54:08,2021-09-19 10:14:58,24.4,30.8,109.0495334201389,36.0,34.0
2659,2021-09-19 10:15:19,2021-09-19 10:33:29,30.8,36.4,108.67564930555562,36.0,34.154545454545456
2660,2021-09-19 10:33:50,2021-09-19 10:52:40,36.4,42.0,112.66374652777777,36.85087719298246,35.0
2661,2021-09-19 10:53:01,2021-09-19 11:11:01,42.0,47.6,107.67862500000001,37.0,35.0
2662,2021-09-19 11:11:22,2021-09-19 11:30:02,47.6,53.6,104.2222740740741,37.38053097345133,35.982300884955755
2663,2021-09-19 11:30:23,2021-09-19 11:48:13,53.6,59.2,106.68160069444446,38.0,36.0
2664,2021-09-19 11:48:34,2021-09-19 12:06:54,59.2,64.8,109.67267361111126,38.171171171171174,36.86486486486486
2665,2021-09-19 12:07:15,2021-09-19 12:25:25,64.8,70.0,117.03531463675212,39.0,37.0
2666,2021-09-19 12:25:46,2021-09-19 12:42:46,70.4,75.2,118.64589236111122,39.0,37.0
2667,2021-09-19 12:43:07,2021-09-19 13:01:27,75.6,80.8,118.10903311965811,39.0,37.0
2668,2021-09-19 13:01:48,2021-09-19 13:18:38,80.8,85.6,117.48269733796306,39.0,37.0
2669,2021-09-20 01:26:29,2021-09-20 01:44:59,16.0,29.2,108.58691561447809,36.0,34.0
2670,2021-09-20 01:45:20,2021-09-20 02:03:00,29.2,41.6,109.24060786290322,36.03738317757009,34.33644859813084
2671,2021-09-20 02:03:21,2021-09-20 02:22:11,42.0,54.8,111.58639409722227,37.06140350877193,35.26315789473684
2672,2021-09-20 02:22:32,2021-09-20 02:42:02,55.2,67.2,120.83914456018523,38.21186440677966,36.347457627118644
2673,2021-09-20 02:42:23,2021-09-20 03:01:13,67.2,78.8,117.16356142241384,39.0,37.0
2674,2021-09-20 03:01:34,2021-09-20 03:21:44,79.2,90.8,122.1971008141763,39.0,37.0
2675,2021-09-23 12:08:34,2021-09-23 12:25:54,13.2,31.6,110.04832291666663,35.68571428571428,33.96190476190476
2676,2021-09-23 12:26:15,2021-09-23 12:44:05,32.0,51.2,108.4953832465278,37.26851851851852,35.73148148148148
2677,2021-09-23 12:44:26,2021-09-23 13:01:16,51.2,69.2,109.19291003086423,39.71568627450981,38.088235294117645
2678,2021-09-23 13:01:37,2021-09-23 13:19:57,69.6,88.4,113.8711682919621,41.11711711711712,39.54054054054054
2679,2021-09-23 20:25:01,2021-09-23 20:58:58,38.0,74.0,109.86496118827161,37.359223300970875,35.40291262135922
2680,2021-09-23 20:59:19,2021-09-23 21:18:39,74.4,94.4,112.82431020833337,39.24786324786325,37.18803418803419
2681,2021-09-25 12:36:23,2021-09-25 12:58:43,31.6,56.0,108.86441421903463,37.148148148148145,35.28148148148148
2682,2021-09-25 12:59:04,2021-09-25 13:19:04,56.4,78.0,110.1028899176955,39.66115702479339,37.752066115702476
2683,2021-09-25 18:29:49,2021-09-25 19:20:35,28.4,82.4,109.44206131430043,41.16230366492147,39.65706806282723
2684,2021-09-25 19:20:55,2021-09-25 19:37:20,82.8,97.6,115.82180286223726,43.0,42.0
2685,2021-09-26 10:15:03,2021-09-26 10:42:03,15.2,40.4,108.46342879188713,35.34355828220859,34.25153374233129
2686,2021-09-26 10:42:24,2021-09-26 11:14:24,40.4,70.0,109.51720584647148,38.04145077720207,36.82383419689119
2687,2021-09-26 11:14:45,2021-09-26 11:37:45,70.4,91.2,112.19217140758548,40.0,38.611510791366904
2688,2021-09-26 16:05:23,2021-09-26 16:24:33,29.6,47.2,108.61191453598482,42.439655172413794,40.63793103448276
2689,2021-09-26 16:24:54,2021-09-26 16:54:14,47.2,74.0,109.14543796641793,44.570621468926554,42.779661016949156
2690,2021-09-26 16:54:35,2021-09-26 17:20:55,74.4,95.2,115.47343863514958,46.0,44.0
2691,2021-09-27 12:49:06,2021-09-27 13:07:36,17.6,38.0,107.00710893246188,37.30357142857143,36.13392857142857
2692,2021-09-27 13:07:57,2021-09-27 13:26:37,38.4,58.4,110.1361369444445,39.176991150442475,37.92035398230089
2693,2021-09-27 13:26:58,2021-09-27 13:44:08,58.4,76.4,112.58797947530863,41.52884615384615,40.22115384615385
2694,2021-09-27 13:44:29,2021-09-27 14:01:59,76.4,94.4,114.82870416666668,42.62264150943396,41.424528301886795
2695,2021-09-28 06:35:43,2021-09-28 07:29:06,39.2,97.6,111.67388715991251,37.36907730673317,35.895261845386536
2696,2021-09-29 02:39:25,2021-09-29 02:58:05,22.4,39.2,110.07852769510582,36.54867256637168,35.4070796460177
2697,2021-09-29 02:58:26,2021-09-29 03:29:26,39.6,67.6,109.69245039682542,38.87700534759358,37.598930481283425
2698,2021-09-29 03:29:47,2021-09-29 03:53:07,67.6,88.0,113.3544318491285,40.92198581560284,39.0
2699,2021-09-29 13:10:54,2021-09-29 13:35:14,35.2,57.6,108.81387692212301,38.523809523809526,37.02040816326531
2700,2021-09-29 13:35:35,2021-09-29 13:56:45,58.0,77.2,110.62139040798608,40.5390625,38.8125
2701,2021-09-29 13:57:06,2021-09-29 14:20:36,77.6,97.6,113.57569715277778,41.0,39.352112676056336
2702,2021-09-30 00:26:04,2021-09-30 01:41:00,16.0,94.8,110.97011291596166,40.724689165186504,39.213143872113676
2703,2021-09-30 08:04:39,2021-09-30 08:32:59,68.0,94.0,110.69390186965813,40.0,37.63157894736842
2704,2021-09-30 14:38:24,2021-09-30 15:06:04,54.0,79.2,110.37590575396827,41.26347305389221,39.76646706586826
2705,2021-09-30 15:06:25,2021-09-30 15:28:05,79.6,97.6,113.79322777777779,42.0,40.94656488549618
2706,2021-09-30 23:50:39,2021-10-01 00:23:59,62.8,92.8,111.65790393518522,40.507462686567166,38.656716417910445
2707,2021-10-01 06:42:07,2021-10-01 07:44:28,18.800001,85.200005,109.47313357089557,39.714285714285715,37.54797441364605
2708,2021-10-02 12:35:10,2021-10-02 13:20:09,52.8,97.6,111.3195527560764,35.819526627218934,34.80473372781065
2709,2021-10-05 16:52:29,2021-10-05 18:19:15,8.8,97.6,111.498941991992,40.445468509984636,39.02611367127496
2710,2021-10-06 14:33:15,2021-10-06 15:12:38,51.6,93.2,110.35236086404916,38.432432432432435,36.898648648648646
2711,2021-10-07 12:04:16,2021-10-07 12:22:26,22.8,35.6,108.36481325954861,35.45454545454545,34.27272727272727
2712,2021-10-07 12:22:47,2021-10-07 12:40:07,36.0,48.0,109.15163842592594,36.67619047619048,35.523809523809526
2713,2021-10-07 12:40:28,2021-10-07 12:59:08,48.0,60.4,111.9903864247312,38.230088495575224,36.92920353982301
2714,2021-10-07 12:59:29,2021-10-07 13:16:09,60.8,71.2,116.1725604967948,39.396039603960396,38.12871287128713
2715,2021-10-07 13:16:30,2021-10-07 13:34:20,71.6,82.4,116.64996283436204,40.0,39.0
2716,2021-10-07 17:53:39,2021-10-07 18:25:39,44.4,73.6,109.98099505327248,41.44559585492228,39.90155440414508
2717,2021-10-08 13:00:14,2021-10-08 14:01:22,36.0,97.6,110.9796638212482,33.91503267973856,31.74945533769063
2718,2021-10-08 23:46:27,2021-10-09 00:08:37,16.0,40.0,107.97686666666668,31.246268656716417,28.544776119402986
2719,2021-10-09 00:08:58,2021-10-09 00:27:38,40.4,60.0,111.33646626984127,33.26548672566372,30.849557522123895
2720,2021-10-09 00:27:59,2021-10-09 00:47:29,60.4,80.8,111.73748774509806,35.601694915254235,32.889830508474574
2721,2021-10-09 11:28:30,2021-10-09 11:45:50,58.8,74.0,109.68111284722222,32.79047619047619,30.904761904761905
2722,2021-10-09 11:46:11,2021-10-09 12:03:11,74.4,88.4,112.89584732142859,33.8252427184466,31.941747572815533
2723,2021-10-09 19:18:56,2021-10-09 19:48:16,51.2,78.0,109.6548668117745,32.31073446327684,29.581920903954803
2724,2021-10-09 19:48:37,2021-10-09 20:11:27,78.0,97.6,111.60361918934245,33.43478260869565,30.82608695652174
2725,2021-10-13 00:05:48,2021-10-13 00:37:48,8.8,38.8,108.74028828703706,29.585492227979273,28.963730569948186
2726,2021-10-13 00:38:09,2021-10-13 01:08:59,39.2,66.8,110.3522646437198,32.516129032258064,31.602150537634408
2727,2021-10-13 01:09:20,2021-10-13 01:38:40,66.8,90.8,114.44156527777778,34.59322033898305,33.836158192090394
2728,2021-10-13 07:17:31,2021-10-13 07:44:01,71.2,94.8,111.50129843455746,32.25625,29.85625
2729,2021-10-13 14:50:02,2021-10-13 16:23:58,16.800001,97.6,110.45420303044257,37.06657223796034,34.53541076487252
2730,2021-10-14 00:41:47,2021-10-14 00:59:07,56.4,71.6,111.00970193713454,32.819047619047616,30.17142857142857
2731,2021-10-14 00:59:28,2021-10-14 01:20:28,72.0,89.6,111.56882465277785,33.31496062992126,31.0
2732,2021-10-14 04:12:25,2021-10-14 04:33:45,74.0,95.6,110.70215854938274,32.93788819875776,30.459627329192546
2733,2021-10-14 15:09:57,2021-10-14 15:28:17,36.0,55.6,109.10218005952382,32.891891891891895,31.63963963963964
2734,2021-10-14 15:28:38,2021-10-14 15:46:48,56.0,75.6,108.13350325963722,35.3,34.03636363636364
2735,2021-10-15 06:31:00,2021-10-15 06:49:20,65.6,84.8,111.10173314525463,31.495495495495497,29.882882882882882
2736,2021-10-15 15:39:50,2021-10-15 17:08:14,7.6,97.6,111.42605239506172,35.51204819277108,33.704819277108435
2737,2021-10-16 00:49:48,2021-10-16 01:42:18,30.800001,78.4,108.37086938804347,31.755050505050505,28.651515151515152
2738,2021-10-16 18:51:18,2021-10-16 19:10:38,22.8,36.4,109.3137364174837,28.213675213675213,27.0
2739,2021-10-16 19:10:59,2021-10-16 19:29:49,36.8,50.0,108.48380197811444,29.412280701754387,28.24561403508772
2740,2021-10-16 19:30:10,2021-10-16 19:49:30,50.0,63.2,109.23822821969694,30.632478632478634,29.53846153846154
2741,2021-10-16 19:49:51,2021-10-16 20:09:31,63.6,76.4,111.09484494357635,31.680672268907564,30.48739495798319
2742,2021-10-16 20:09:52,2021-10-16 20:33:02,76.4,90.8,112.90317988040131,32.0,31.0
2743,2021-10-17 07:00:13,2021-10-17 08:03:52,34.0,97.6,110.66704549484628,29.90794979079498,27.234309623430963
2744,2021-10-17 15:30:55,2021-10-17 15:47:35,54.0,72.0,108.6103335648148,30.11881188118812,29.128712871287128
2745,2021-10-18 01:16:59,2021-10-18 01:47:29,40.4,73.6,108.05849527275771,29.82608695652174,28.277173913043477
2746,2021-10-18 01:47:50,2021-10-18 02:13:10,74.0,97.6,113.45752654190213,32.189542483660134,30.470588235294116
2747,2021-10-18 19:30:55,2021-10-18 20:00:15,45.6,76.8,109.32160541310544,30.27683615819209,29.559322033898304
2748,2021-10-18 20:00:36,2021-10-18 20:23:06,77.2,97.6,113.46678186274512,32.419117647058826,31.558823529411764
2749,2021-10-20 08:56:09,2021-10-20 09:14:49,23.6,40.4,110.5564016203704,29.115044247787612,27.734513274336283
2750,2021-10-20 09:15:10,2021-10-20 09:33:40,40.8,58.0,107.07689696382428,30.892857142857142,29.633928571428573
2751,2021-10-20 09:34:01,2021-10-20 09:56:01,58.4,78.0,111.76235650510202,32.721804511278194,31.51127819548872
2752,2021-10-20 23:52:21,2021-10-21 00:19:51,19.2,48.8,108.6538255442943,32.7289156626506,31.1144578313253
2753,2021-10-21 00:20:12,2021-10-21 00:49:52,49.2,80.8,109.77629905063296,36.15642458100559,34.36312849162011
2754,2021-10-21 05:29:24,2021-10-21 06:03:59,62.8,96.4,111.5297698991402,35.59615384615385,32.89230769230769
2755,2021-10-21 15:10:01,2021-10-21 15:30:31,36.4,55.2,109.03073167848696,30.161290322580644,27.927419354838708
2756,2021-10-21 15:30:52,2021-10-21 15:50:02,55.6,73.2,108.89046606691919,32.21551724137931,29.732758620689655
2757,2021-10-21 15:50:23,2021-10-21 16:07:23,73.6,88.8,111.84393293128652,33.0,30.679611650485437
2758,2021-10-23 06:08:30,2021-10-23 06:26:00,30.0,46.0,108.63022465277778,29.42452830188679,28.22641509433962
2759,2021-10-23 06:26:21,2021-10-23 06:43:01,46.0,61.2,108.89438724415201,30.742574257425744,29.623762376237625
2760,2021-10-23 12:52:20,2021-10-23 13:16:40,23.2,44.8,111.71810725308644,29.258503401360546,26.20408163265306
2761,2021-10-23 13:17:01,2021-10-23 13:38:31,45.2,64.8,108.79393565759639,31.215384615384615,28.384615384615383
2762,2021-10-23 13:38:52,2021-10-23 13:59:22,65.2,83.6,110.49215051328507,32.88709677419355,29.919354838709676
2763,2021-10-24 07:27:08,2021-10-24 07:56:48,43.2,75.2,108.17968949652777,24.35754189944134,23.47486033519553
2764,2021-10-24 07:57:09,2021-10-24 08:21:39,75.6,97.6,114.24053352272728,26.844594594594593,26.263513513513512
2765,2021-10-24 18:30:32,2021-10-24 18:47:26,13.6,28.8,110.1106395376462,29.650485436893202,28.07766990291262
2766,2021-10-24 18:47:47,2021-10-24 19:17:07,29.2,56.0,108.37166677031509,31.338983050847457,29.983050847457626
2767,2021-10-24 19:17:28,2021-10-24 19:43:48,56.4,80.0,110.47432450564972,33.80503144654088,32.58490566037736
2768,2021-10-25 01:22:17,2021-10-25 01:40:27,69.6,86.0,111.49219579945793,31.0,28.0
2769,2021-10-25 12:48:17,2021-10-25 14:03:15,14.4,83.2,107.217045593104,30.793960923623445,29.55239786856128
2770,2021-10-25 17:44:17,2021-10-25 18:02:37,62.4,81.6,110.91726142939822,32.927927927927925,31.315315315315317
2771,2021-10-26 09:25:47,2021-10-26 09:44:57,62.4,82.4,111.04861527777771,25.896551724137932,24.698275862068964
2772,2021-10-26 09:45:18,2021-10-26 10:02:48,82.8,97.6,113.18789029654658,27.0,25.943396226415093
2773,2021-10-26 15:24:09,2021-10-26 15:40:39,43.6,58.8,109.11187335526323,33.53,32.15
2774,2021-10-26 15:56:41,2021-10-26 16:15:31,73.6,90.4,112.63148255621687,36.0,34.473684210526315
2775,2021-10-26 22:41:05,2021-10-26 22:57:45,68.4,86.4,108.18519459876545,34.02970297029703,31.653465346534652
2776,2021-10-27 05:10:57,2021-10-27 05:30:17,68.4,88.8,110.16410287309377,34.72649572649573,31.863247863247864
2777,2021-10-27 16:22:10,2021-10-27 16:42:30,34.4,56.4,109.50885239898992,33.78861788617886,32.08943089430894
2778,2021-10-27 16:42:51,2021-10-27 17:05:01,56.8,80.8,109.42825416666666,36.291044776119406,34.57462686567164
2779,2021-10-28 00:09:10,2021-10-28 01:32:11,7.6,69.6,110.31650038306454,36.90690208667737,34.362760834670944
2780,2021-10-28 03:20:06,2021-10-28 04:10:30,50.4,94.0,110.14170490316005,37.678100263852244,34.61477572559367
2781,2021-10-29 15:25:15,2021-10-29 15:42:55,16.0,34.4,111.3707877415459,32.60747663551402,31.0
2782,2021-10-29 15:43:16,2021-10-29 16:02:26,34.8,55.2,108.9828568899782,34.55172413793103,32.78448275862069
2783,2021-10-29 16:02:47,2021-10-29 16:19:37,55.6,73.2,110.94540561868689,36.96078431372549,35.13725490196079
2784,2021-10-29 23:35:27,2021-10-30 00:08:09,28.4,63.2,109.53064762132819,34.06910569105691,32.0
2785,2021-10-30 02:57:02,2021-10-30 03:19:22,24.0,48.0,109.33796273148147,35.474074074074075,32.592592592592595
2786,2021-10-30 03:19:43,2021-10-30 03:41:43,48.4,72.0,109.50564689265536,37.96992481203007,35.02255639097744
2787,2021-10-30 03:42:04,2021-10-30 04:02:14,72.4,93.6,111.76034990828099,39.31967213114754,36.0
2788,2021-10-30 15:10:10,2021-10-30 15:27:40,53.2,72.0,108.62071727245865,28.839622641509433,26.669811320754718
2789,2021-10-31 06:04:46,2021-10-31 06:46:06,50.8,94.8,109.48408906565656,25.234726688102892,24.186495176848876
2790,2021-10-31 12:57:37,2021-10-31 13:17:37,66.0,79.2,107.9903344907407,28.0,26.85123966942149
2791,2021-11-01 15:31:21,2021-11-01 15:51:41,26.4,40.4,110.52184553571432,30.86178861788618,29.227642276422763
2792,2021-11-01 15:52:02,2021-11-01 16:12:32,40.8,55.2,106.75156635802463,32.516129032258064,30.70967741935484
2793,2021-11-01 16:12:53,2021-11-01 16:30:33,55.2,67.2,107.80094050925928,33.87850467289719,32.33644859813084
2794,2021-11-01 16:47:15,2021-11-01 17:04:25,78.0,88.4,115.15359308226493,35.0,33.0
2795,2021-11-01 22:05:32,2021-11-01 22:23:32,55.2,74.4,109.62458159722223,32.46788990825688,30.40366972477064
2796,2021-11-01 22:23:53,2021-11-01 22:40:43,74.8,92.4,111.91131739267679,33.57843137254902,31.50980392156863
2797,2021-11-02 20:27:19,2021-11-02 20:44:59,72.0,90.4,114.46105510265696,34.91588785046729,33.8411214953271
2798,2021-11-03 03:26:04,2021-11-03 04:13:51,37.2,88.0,109.60780669017937,32.86908077994429,30.518105849582174
2799,2021-11-03 13:05:48,2021-11-03 13:28:18,28.8,49.6,108.16372769764956,29.74264705882353,28.220588235294116
2800,2021-11-03 13:28:39,2021-11-03 13:55:39,49.6,74.8,107.2205765542328,32.25766871165644,30.717791411042946
2801,2021-11-03 23:27:54,2021-11-03 23:47:04,29.2,49.6,110.04835654956429,30.00862068965517,28.53448275862069
2802,2021-11-03 23:47:25,2021-11-04 00:05:15,50.0,69.2,108.69648784722222,32.49074074074074,30.98148148148148
2803,2021-11-04 00:05:36,2021-11-04 00:24:06,69.6,89.2,110.48754691043081,34.151785714285715,32.410714285714285
2804,2021-11-04 08:12:04,2021-11-04 08:54:15,55.2,96.8,111.22509988648508,32.22712933753943,30.1198738170347
2805,2021-11-05 14:40:10,2021-11-05 15:05:40,67.6,94.8,109.2965247702206,29.911458333333332,28.96875
2806,2021-11-05 19:43:54,2021-11-05 20:05:14,77.6,96.4,111.36671468676114,32.992248062015506,32.0
2807,2021-11-06 04:46:34,2021-11-06 05:44:02,39.2,97.200005,110.6270091490126,32.71296296296296,31.25
2808,2021-11-06 11:54:08,2021-11-06 12:11:48,41.2,59.6,111.47797524154592,32.691588785046726,31.205607476635514
2809,2021-11-06 12:12:09,2021-11-06 12:30:09,60.0,79.2,108.86575636574076,34.706422018348626,33.4954128440367
2810,2021-11-07 08:45:54,2021-11-07 09:04:14,28.4,45.6,107.65666618217051,29.495495495495497,28.8018018018018
2811,2021-11-07 09:04:35,2021-11-07 09:24:25,46.0,64.0,108.80942106481486,31.675,30.875
2812,2021-11-07 09:41:27,2021-11-07 10:00:37,78.4,94.0,113.36718002136759,34.0,33.0
2813,2021-11-07 18:38:07,2021-11-07 19:31:23,19.2,76.0,109.32287060837247,37.825,36.1075
2814,2021-11-08 17:00:54,2021-11-08 17:58:10,24.4,85.2,109.67135518320539,24.28372093023256,23.0
2815,2021-11-09 00:42:59,2021-11-09 01:04:39,32.0,52.0,107.94725583333336,23.96946564885496,22.061068702290076
2816,2021-11-09 01:05:00,2021-11-09 01:30:30,52.0,75.6,107.68953684086635,26.4025974025974,24.525974025974026
2817,2021-11-09 01:30:51,2021-11-09 01:56:51,76.0,97.6,112.9012726337449,27.94267515923567,26.0
2818,2021-11-09 09:06:38,2021-11-09 09:23:08,84.8,97.6,114.66581380208333,25.0,23.0
2819,2021-11-09 23:51:00,2021-11-10 00:10:00,38.8,56.4,108.7405189393939,27.652173913043477,25.904347826086955
2820,2021-11-10 00:10:21,2021-11-10 00:26:51,56.8,72.4,106.50550543091161,29.56,27.72
2821,2021-11-10 00:27:12,2021-11-10 00:44:12,72.8,88.0,112.7174650950292,30.436893203883496,28.689320388349515
2822,2021-11-10 17:46:31,2021-11-10 18:05:01,20.8,40.8,108.05973416666671,27.5625,26.285714285714285
2823,2021-11-10 18:05:22,2021-11-10 18:23:12,41.2,60.4,108.4469113859954,29.953703703703702,28.564814814814813
2824,2021-11-10 18:30:44,2021-11-10 18:49:24,68.4,88.0,111.20961784297056,32.584070796460175,31.141592920353983
2825,2021-11-10 23:53:50,2021-11-11 00:10:40,39.6,55.2,108.65026940883189,29.65686274509804,26.833333333333332
2826,2021-11-11 00:11:01,2021-11-11 00:27:41,55.6,70.8,110.38740935672516,31.455445544554454,28.574257425742573
2827,2021-11-11 00:28:02,2021-11-11 00:46:02,71.2,87.6,110.558084942412,32.0,29.46788990825688
2828,2021-11-11 21:56:53,2021-11-11 22:13:23,52.8,68.0,108.3607308114035,28.61,27.52
2829,2021-11-12 05:08:34,2021-11-12 06:24:56,32.0,97.6,110.36385428311316,29.98952879581152,27.63001745200698
2830,2021-11-12 15:16:45,2021-11-12 15:33:56,22.4,34.8,108.67922317428315,29.38095238095238,28.0
2831,2021-11-12 15:45:08,2021-11-12 16:03:48,40.8,54.4,108.15871691176469,31.43362831858407,29.884955752212388
2832,2021-11-12 16:04:09,2021-11-12 16:22:19,54.4,67.6,109.05304555976436,32.77272727272727,31.381818181818183
2833,2021-11-12 16:22:40,2021-11-12 16:40:00,68.0,80.4,111.7092409274193,33.628571428571426,32.0
2834,2021-11-13 14:58:23,2021-11-13 15:15:53,39.6,56.0,106.87840464092145,27.150943396226417,25.39622641509434
2835,2021-11-13 20:53:20,2021-11-13 21:50:52,28.8,89.6,109.88513561769007,29.90277777777778,28.662037037037038
2836,2021-11-14 02:48:58,2021-11-14 03:07:18,30.0,49.6,108.79962684240365,29.08108108108108,26.28828828828829
2837,2021-11-14 03:07:39,2021-11-14 03:28:09,50.0,71.6,110.36332388117289,31.35483870967742,28.701612903225808
2838,2021-11-14 22:20:48,2021-11-14 22:37:28,39.2,54.4,108.78107182017547,25.544554455445546,24.524752475247524
2839,2021-11-14 22:37:49,2021-11-14 23:05:19,54.8,79.6,110.06777480958783,27.89156626506024,26.83132530120482
2840,2021-11-14 23:05:40,2021-11-14 23:27:00,80.0,97.6,112.93641043244955,29.015503875968992,28.0
