cycle_num,time_s,time_e,SOC_s,SOC_e,charge_capacity,Tmax,Tmin
1,2019-07-24 13:10:55,2019-07-24 13:38:32,68.4,86.4,133.17055020061727,33.41346153846154,31.97596153846154
2,2019-07-26 22:19:09,2019-07-27 00:15:14,29.2,98.8,135.644039623244,40.024110218140066,38.67164179104478
3,2019-07-27 08:02:42,2019-07-27 09:26:37,40.0,99.6,135.8205354073453,41.22857142857143,38.31428571428572
4,2019-07-27 20:02:14,2019-07-27 21:28:50,24.8,97.6,133.7641717757937,44.52,42.02153846153846
5,2019-07-28 04:33:49,2019-07-28 06:15:26,21.2,99.2,133.3413439049145,45.10353866317169,41.1389252948886
6,2019-07-28 18:32:57,2019-07-28 20:19:41,18.8,99.6,135.39265264885864,41.29962546816479,38.9063670411985
7,2019-07-29 12:42:02,2019-07-29 14:06:53,38.8,99.6,135.60724196820175,39.16483516483517,37.53689167974882
8,2019-07-29 23:59:41,2019-07-30 01:19:28,45.2,99.6,134.9699723754085,37.946577629382304,35.228714524207014
9,2019-07-30 16:20:22,2019-07-30 19:16:42,28.4,86.4,132.21422691954024,36.618580060422964,34.818731117824775
10,2019-07-31 03:35:54,2019-07-31 05:35:30,6.0,99.6,134.2281433419397,41.17018909899889,38.15350389321468
11,2019-07-31 15:22:10,2019-07-31 16:45:25,40.4,99.6,135.08696494932434,39.0528,36.1184
12,2019-08-01 20:10:20,2019-08-01 21:26:53,18.0,88.0,133.8892940376984,33.18260869565217,31.95304347826087
13,2019-08-02 03:29:49,2019-08-02 06:42:05,22.0,84.8,132.95316490092006,33.40846047156727,30.21775312066574
14,2019-08-02 13:09:24,2019-08-02 14:44:40,31.6,99.6,135.91945357026145,36.472727272727276,34.42097902097902
15,2019-08-03 12:45:33,2019-08-03 14:32:33,6.8,96.4,133.97552080078123,38.36612702366127,36.99003735990038
16,2019-08-03 23:10:32,2019-08-03 23:56:42,38.4,64.8,131.58715065235694,35.10086455331412,32.02593659942363
17,2019-08-03 23:57:06,2019-08-04 00:45:15,65.2,92.0,135.34704486940302,36.0,33.0
18,2019-08-04 13:01:44,2019-08-04 14:44:12,36.4,70.4,131.0680240849673,34.6814044213264,33.40182054616385
19,2019-08-04 14:44:52,2019-08-04 15:36:06,70.4,87.2,132.65778892195772,35.38961038961039,34.0
20,2019-08-04 23:35:56,2019-08-04 23:54:01,28.0,44.4,133.04826795392955,37.051094890510946,35.27007299270073
21,2019-08-04 23:59:37,2019-08-05 00:46:11,49.6,90.4,134.37054752519063,40.15428571428571,38.4
22,2019-08-05 07:08:19,2019-08-05 09:01:28,28.0,91.6,134.00701792889592,39.207302709069495,35.65959952885748
23,2019-08-05 09:03:32,2019-08-05 09:30:30,90.8,99.6,132.05118756313138,39.916256157635466,36.399014778325125
24,2019-08-05 22:45:54,2019-08-05 23:06:16,8.400001,20.0,131.99189887861195,39.08441558441559,37.357142857142854
25,2019-08-06 08:05:16,2019-08-06 10:06:01,19.6,87.6,133.4367534517974,37.47682119205298,36.39183222958057
26,2019-08-06 21:16:58,2019-08-06 22:54:38,13.2,97.2,134.58031724537037,41.49113233287858,39.35197817189631
27,2019-08-07 06:43:43,2019-08-07 10:20:00,28.8,98.8,134.20786881269842,36.65332512315271,33.94827586206897
28,2019-08-07 23:27:28,2019-08-07 23:54:01,20.0,44.8,133.27012694332436,39.79,37.915
29,2019-08-07 23:59:21,2019-08-08 01:13:16,50.0,99.6,137.05419002016131,43.616216216216216,41.450450450450454
30,2019-08-08 07:15:07,2019-08-08 09:16:48,49.6,99.6,136.1489544055556,38.130339539978095,35.0
31,2019-08-08 17:39:50,2019-08-08 18:37:12,65.2,97.6,133.04289741083684,42.0,40.5661252900232
32,2019-08-09 03:57:10,2019-08-09 05:54:28,11.2,99.6,134.98399399195577,43.32122587968218,40.501702610669696
33,2019-08-09 16:13:05,2019-08-09 17:11:53,47.6,76.4,134.4079329137731,41.8552036199095,39.92081447963801
34,2019-08-10 08:13:04,2019-08-10 11:27:28,36.4,99.6,134.80038949103377,37.787379972565155,36.23525377229081
35,2019-08-11 07:44:40,2019-08-11 11:28:31,27.6,99.6,132.72547408564813,35.23959571938169,33.813912009512485
36,2019-08-12 02:03:30,2019-08-12 03:19:18,18.8,86.0,132.97925407366074,39.657293497363796,37.796133567662565
37,2019-08-12 11:41:37,2019-08-12 12:59:48,13.2,85.2,133.36822540316356,42.51618398637138,40.94207836456559
38,2019-08-13 00:01:32,2019-08-13 01:58:04,24.8,90.4,133.82370848577236,40.364155251141554,37.4486301369863
39,2019-08-13 16:15:15,2019-08-13 18:17:04,9.2,99.6,135.3953421644543,43.0054704595186,41.50656455142232
40,2019-08-14 04:58:01,2019-08-14 07:22:31,24.8,99.6,133.56914241681523,37.82841328413284,35.36070110701107
41,2019-08-14 12:49:50,2019-08-14 13:32:16,64.4,85.6,134.7625482442349,40.0,38.05015673981191
42,2019-08-14 20:39:07,2019-08-14 22:27:51,47.6,98.8,134.88088631618928,40.877450980392155,39.0
43,2019-08-15 05:08:58,2019-08-15 08:11:05,42.0,99.6,134.35053008777007,34.796486090775986,31.601024890190338
44,2019-08-16 02:16:36,2019-08-16 04:53:15,10.8,97.6,132.93109744943678,35.64625850340136,33.80952380952381
45,2019-08-16 09:41:40,2019-08-16 10:40:14,70.8,99.6,136.9329648533951,36.372727272727275,34.05681818181818
46,2019-08-16 23:34:23,2019-08-17 01:06:11,33.6,99.6,134.39986455597642,39.26560232220609,37.04644412191582
47,2019-08-17 09:29:01,2019-08-17 11:23:30,42.8,99.6,136.47507173904543,36.63096623981374,34.275902211874275
48,2019-08-17 22:43:51,2019-08-18 00:47:48,33.6,99.6,134.93620746001685,34.88279569892473,32.593548387096774
49,2019-08-18 16:48:23,2019-08-18 19:16:37,23.2,99.6,134.52933716550325,36.30935251798561,34.1636690647482
50,2019-08-19 03:56:19,2019-08-19 06:03:53,35.2,99.6,135.14483116804695,36.67816091954023,33.936259143155695
51,2019-08-19 14:24:38,2019-08-19 16:17:56,23.2,80.8,132.44479769483027,40.203529411764706,38.76117647058823
52,2019-08-19 23:59:36,2019-08-20 01:14:35,51.2,99.6,137.0851893652434,37.69271758436945,35.63587921847247
53,2019-08-20 16:28:30,2019-08-20 18:14:03,22.0,99.6,135.15680073560998,42.68055555555556,40.94949494949495
54,2019-08-21 13:24:58,2019-08-21 14:30:29,60.4,99.6,137.21954858985265,38.449186991869915,36.78658536585366
55,2019-08-21 22:58:26,2019-08-22 00:10:29,46.4,99.2,134.05876835805975,40.310536044362294,38.31792975970425
56,2019-08-22 14:00:06,2019-08-22 15:08:00,56.8,99.6,136.7170697072949,38.48823529411764,36.78431372549019
57,2019-08-24 05:32:13,2019-08-24 07:27:29,11.6,99.6,134.17815499999998,38.019653179190755,36.21040462427746
58,2019-08-25 00:10:19,2019-08-25 02:03:44,18.0,99.6,134.42947115162042,44.36662749706228,42.470035252643946
59,2019-08-25 15:02:44,2019-08-25 17:06:49,20.4,90.4,133.07304837499998,38.81954887218045,36.90655209452202
60,2019-08-26 09:33:07,2019-08-26 11:19:59,43.6,99.6,134.82804729662698,31.547381546134662,29.521197007481298
61,2019-08-26 21:33:28,2019-08-26 23:33:25,34.0,99.6,134.848413819021,35.556666666666665,33.217777777777776
62,2019-08-27 21:38:18,2019-08-28 00:17:36,22.4,99.2,131.06209290646703,36.323849372384934,34.173221757322175
63,2019-08-28 06:09:05,2019-08-28 07:15:32,60.0,99.6,137.10051250701466,35.03006012024048,33.22645290581163
64,2019-08-28 15:30:29,2019-08-28 16:40:08,55.6,99.6,136.7906588636364,42.40535372848949,40.53537284894838
65,2019-08-29 02:48:39,2019-08-29 04:39:31,19.6,99.6,135.11862660937499,42.46033653846154,39.77524038461539
66,2019-08-30 11:20:58,2019-08-30 13:34:25,18.4,86.8,130.71859976851852,33.701298701298704,31.895104895104897
67,2019-08-30 22:19:57,2019-08-31 00:13:06,18.0,99.6,133.83845047487745,38.928150765606595,36.88574793875147
68,2019-08-31 05:00:57,2019-08-31 06:09:31,55.2,99.6,136.6971526651652,38.89728682170543,36.12403100775194
69,2019-08-31 23:56:36,2019-09-01 01:28:16,34.8,99.6,134.38287762560017,35.6468023255814,33.52761627906977
70,2019-09-01 08:18:42,2019-09-01 10:08:39,44.8,99.6,134.8698373327251,34.404848484848486,32.235151515151514
71,2019-09-01 19:20:19,2019-09-01 21:13:17,38.8,98.8,133.39132769444447,36.20872641509434,32.42216981132076
72,2019-09-02 15:36:57,2019-09-02 17:23:02,24.8,99.6,133.96506349524657,36.27010050251256,34.13693467336683
73,2019-09-03 03:36:35,2019-09-03 05:33:36,14.0,99.6,133.96244952784272,37.41002277904328,34.7369020501139
74,2019-09-03 23:06:48,2019-09-04 02:34:32,24.8,99.6,132.7091863227867,33.66495507060334,31.523106546854944
75,2019-09-04 14:53:50,2019-09-04 17:27:08,20.0,99.6,134.3934576284199,39.94869565217391,38.270434782608696
76,2019-09-05 06:29:39,2019-09-05 09:25:30,7.6,99.6,133.43643571859906,35.147839272175894,33.038665655799846
77,2019-09-05 22:42:26,2019-09-06 00:07:26,28.8,98.4,132.8951099497126,38.91065830721003,37.29623824451411
78,2019-09-06 19:14:55,2019-09-06 21:15:15,9.6,99.6,133.65371101080248,43.4905869324474,41.66112956810631
79,2019-09-08 00:59:34,2019-09-08 04:00:12,20.4,73.2,128.84517486321548,39.09070796460177,37.87020648967552
80,2019-09-08 12:52:48,2019-09-08 14:33:40,35.6,93.2,132.04949732590666,37.7556142668428,36.05944517833554
81,2019-09-09 02:43:12,2019-09-09 03:55:48,16.0,83.6,132.1423266600921,41.02930402930403,38.58974358974359
82,2019-09-09 15:41:29,2019-09-09 18:05:51,16.4,99.6,132.8147602447249,40.51708217913204,38.97506925207756
83,2019-09-10 13:46:36,2019-09-10 16:04:41,20.0,99.6,131.89824233144893,38.18050193050193,37.277992277992276
84,2019-09-10 23:05:47,2019-09-11 00:15:25,64.4,99.6,136.83050815183086,40.0,37.959847036328874
85,2019-09-11 19:48:48,2019-09-11 21:04:35,51.2,99.6,136.05474179579892,39.421792618629176,37.739894551845346
86,2019-09-12 07:43:05,2019-09-12 08:47:55,61.2,99.6,136.21211472800928,36.609856262833674,34.57905544147844
87,2019-09-12 21:52:47,2019-09-12 23:22:03,39.6,99.6,136.02271983333335,40.6044776119403,39.146268656716416
88,2019-09-13 05:27:37,2019-09-13 06:52:44,43.2,99.6,134.98696681934598,40.02660406885759,37.33176838810642
89,2019-09-14 02:24:53,2019-09-14 04:34:11,2.8,99.6,133.96227472164836,40.521649484536084,38.18350515463918
90,2019-09-14 09:26:08,2019-09-14 10:46:27,66.0,99.6,138.1896566798942,38.27197346600332,35.88391376451078
91,2019-09-14 17:16:09,2019-09-14 18:07:15,72.8,99.6,137.42361871890546,33.786458333333336,31.7890625
92,2019-09-15 07:10:11,2019-09-15 09:15:44,38.8,98.8,133.14548125370374,33.05732484076433,31.23673036093418
93,2019-09-15 19:46:31,2019-09-15 21:29:39,24.4,99.6,132.98172930703313,40.855297157622736,39.440568475452196
94,2019-09-16 03:21:39,2019-09-16 04:10:37,58.0,82.0,134.3335377361111,38.0,35.0
95,2019-09-16 14:44:16,2019-09-16 16:35:09,18.8,99.6,133.73186242092962,39.44831730769231,37.67067307692308
96,2019-09-17 03:15:05,2019-09-17 04:58:53,27.2,99.6,134.97020144260284,38.64184852374839,35.994865211810016
97,2019-09-17 19:15:51,2019-09-17 20:37:30,42.8,96.0,133.41345500730995,35.94942903752039,34.30995106035889
98,2019-09-18 03:13:58,2019-09-18 05:21:45,33.2,75.6,130.06107411556607,36.426638917793966,33.665972944849116
99,2019-09-18 05:22:05,2019-09-18 06:22:50,75.6,95.2,133.7957250992063,36.098468271334795,34.0
100,2019-09-18 20:28:03,2019-09-19 00:17:56,19.2,95.2,131.57844953581872,40.15923566878981,39.037637521713954
101,2019-09-19 03:11:16,2019-09-19 04:01:50,72.8,99.6,137.92098798196523,39.78157894736842,37.10263157894737
102,2019-09-19 14:57:29,2019-09-19 16:16:20,47.2,99.6,134.85244547020784,39.22128378378378,37.60641891891892
103,2019-09-20 08:04:58,2019-09-20 09:12:21,58.8,99.6,136.02216514501634,33.71343873517787,32.27075098814229
104,2019-09-21 03:50:02,2019-09-21 05:53:28,8.400001,99.6,133.80001172234418,37.96436285097192,35.79481641468683
105,2019-09-22 09:56:21,2019-09-22 12:28:43,12.0,99.6,130.3461237427068,33.492563429571305,32.26159230096238
106,2019-09-23 09:29:17,2019-09-23 11:24:49,12.0,99.6,132.2091420487697,34.76239907727797,33.306805074971166
107,2019-09-23 20:30:50,2019-09-23 22:02:46,36.0,99.6,133.87152601327745,37.93768115942029,36.071014492753626
108,2019-09-24 06:54:24,2019-09-24 08:15:07,52.8,99.6,134.12625943435427,34.288778877887786,31.84158415841584
109,2019-09-24 17:39:59,2019-09-24 19:16:35,49.2,99.6,136.00974710923725,37.84551724137931,36.0
110,2019-09-25 00:27:52,2019-09-25 01:19:14,62.8,98.4,133.886241409176,36.26424870466321,33.71243523316062
111,2019-09-25 04:34:21,2019-09-25 05:26:31,69.6,99.6,136.43142212962965,35.84183673469388,32.89540816326531
112,2019-09-25 17:47:54,2019-09-25 19:09:18,43.6,99.6,135.60296816964288,38.84288052373159,37.268412438625205
113,2019-09-26 05:01:19,2019-09-26 06:47:47,40.4,93.6,132.75184663063914,34.69837296620776,32.40050062578223
114,2019-09-26 16:22:45,2019-09-26 18:47:41,17.2,99.6,133.3277476368663,38.8391544117647,37.39154411764706
115,2019-09-27 19:43:15,2019-09-27 22:02:36,11.2,98.0,131.80157772977472,37.55449330783939,36.25621414913958
116,2019-09-28 05:18:44,2019-09-28 06:52:32,35.6,99.6,135.01637530164936,37.93892045454545,35.03409090909091
117,2019-09-28 14:32:40,2019-09-28 15:28:18,42.8,92.0,133.1014691847335,40.208133971291865,38.83971291866029
118,2019-09-29 00:45:44,2019-09-29 02:06:27,35.6,81.6,131.98611018719808,36.79372937293729,34.33993399339934
119,2019-09-29 05:31:00,2019-09-29 07:00:24,57.2,99.6,136.5192964098533,35.97913561847988,33.008941877794335
120,2019-09-29 19:18:36,2019-09-29 21:26:01,23.6,99.2,131.98904133230457,41.06903765690377,39.06380753138075
121,2019-09-30 03:55:43,2019-09-30 05:24:03,57.6,99.6,136.6721904497355,38.0,34.46003016591252
122,2019-09-30 16:31:25,2019-09-30 19:07:47,18.0,99.6,134.05585331222773,41.70502983802216,40.04347826086956
123,2019-10-01 01:25:51,2019-10-01 03:04:42,48.4,99.6,135.70190116102435,39.01347708894879,36.285714285714285
124,2019-10-02 01:22:56,2019-10-02 03:13:09,40.4,99.6,133.58657492492495,35.18984280532044,33.3180169286578
125,2019-10-02 14:43:00,2019-10-02 16:06:56,41.2,83.2,132.3122578935185,37.766666666666666,36.31111111111111
126,2019-10-03 01:10:14,2019-10-03 02:22:01,34.8,71.6,130.6925143946256,36.16697588126159,34.30612244897959
127,2019-10-03 06:23:59,2019-10-03 09:01:17,51.2,99.6,135.87131028466482,34.0,32.0
128,2019-10-03 23:43:05,2019-10-04 01:04:21,19.6,62.0,128.42010566037737,35.52622950819672,33.92295081967213
129,2019-10-04 15:13:26,2019-10-04 16:36:10,26.4,68.4,131.651091031746,37.830917874396135,35.92431561996779
130,2019-10-04 23:15:36,2019-10-05 00:38:59,8.400001,86.4,132.2789288629065,40.90894568690096,38.87220447284345
131,2019-10-06 14:16:10,2019-10-06 16:03:34,16.8,99.6,130.69731592693242,39.839950372208435,38.392059553349874
132,2019-10-06 23:34:09,2019-10-07 00:44:27,53.2,99.6,134.6921643827826,38.83143939393939,36.28598484848485
133,2019-10-07 15:45:50,2019-10-07 16:56:09,32.4,94.0,132.12391190927127,35.56439393939394,34.071969696969695
134,2019-10-08 05:03:04,2019-10-08 06:53:08,16.4,99.6,132.54306501736116,35.289346246973366,33.836561743341406
135,2019-10-08 18:18:31,2019-10-08 18:47:20,27.2,54.4,131.34557793096408,38.26728110599078,36.59907834101382
136,2019-10-08 18:51:05,2019-10-08 19:34:52,55.2,92.8,132.93948645833336,41.306990881458965,39.440729483282674
137,2019-10-09 16:35:06,2019-10-09 18:19:35,24.0,99.6,132.35224469246032,36.566326530612244,35.141581632653065
138,2019-10-10 16:29:35,2019-10-10 18:29:17,7.6,99.6,132.09944123339372,40.76974416017798,39.17018909899889
139,2019-10-11 01:48:10,2019-10-11 02:28:11,52.4,87.6,134.06321261837124,37.22923588039867,34.521594684385384
140,2019-10-11 06:26:15,2019-10-11 07:49:47,43.6,99.6,135.16025336557541,37.95534290271132,34.72567783094099
141,2019-10-11 19:36:43,2019-10-11 21:19:35,23.6,99.6,132.21999975694445,41.58419689119171,39.8380829015544
142,2019-10-12 02:20:35,2019-10-12 03:04:05,64.4,98.0,131.95296527777782,39.969418960244646,36.95412844036697
143,2019-10-12 18:07:02,2019-10-12 19:47:54,30.8,99.6,134.2642495276163,39.780713342140025,37.99735799207398
144,2019-10-13 04:15:45,2019-10-13 05:21:32,43.2,96.8,132.3264915267413,35.4331983805668,31.939271255060728
145,2019-10-13 15:01:10,2019-10-13 17:19:23,20.4,98.0,131.64528095826176,36.1099324975892,34.25940212150434
146,2019-10-14 02:21:30,2019-10-14 03:30:21,52.8,99.2,133.2272639487548,35.44487427466151,33.295938104448744
147,2019-10-14 06:34:39,2019-10-14 07:50:39,51.2,99.6,134.91226151285585,36.74255691768827,33.91593695271454
148,2019-10-14 22:59:33,2019-10-15 01:00:34,30.8,99.6,131.70525402535532,36.47246696035242,34.381057268722465
149,2019-10-15 10:43:38,2019-10-15 12:25:42,46.4,99.6,135.0562111528822,33.947780678851174,32.26762402088773
150,2019-10-16 13:20:07,2019-10-16 14:50:56,12.4,59.2,129.68408979700857,33.50658857979502,31.847730600292827
151,2019-10-16 19:49:53,2019-10-16 21:20:13,38.8,99.6,134.08209154559577,36.2212389380531,34.63864306784661
152,2019-10-18 12:08:55,2019-10-18 13:22:58,32.0,94.8,130.39069754954,33.134892086330936,32.152877697841724
153,2019-10-19 01:35:01,2019-10-19 04:27:30,4.8,92.4,130.60775451991375,35.31274131274131,32.86872586872587
154,2019-10-19 16:04:16,2019-10-19 17:47:48,7.2,94.8,131.87305251141555,38.89317889317889,37.16988416988417
155,2019-10-20 02:05:37,2019-10-20 02:44:26,63.6,94.8,132.7789460470086,35.43835616438356,32.60616438356164
156,2019-10-20 05:27:32,2019-10-20 05:50:29,77.6,94.8,131.72675763081395,33.97687861271676,30.98843930635838
157,2019-10-20 18:22:35,2019-10-20 21:16:27,37.6,94.8,131.70182597125097,34.0,32.91947852760736
158,2019-10-21 03:55:19,2019-10-21 04:45:21,54.4,94.8,132.72809117849286,32.444148936170215,30.154255319148938
159,2019-10-21 16:12:07,2019-10-21 17:36:28,22.8,94.8,130.96983859953707,36.834123222748815,35.05371248025276
160,2019-10-22 06:08:43,2019-10-22 07:39:27,17.2,94.8,130.55051020725946,33.740469208211145,31.873900293255133
161,2019-10-22 22:21:29,2019-10-22 23:30:44,35.2,94.8,131.1231488534676,34.315384615384616,32.70384615384615
162,2019-10-23 06:44:26,2019-10-23 07:56:53,37.2,78.8,130.87002101362182,33.404411764705884,30.797794117647058
163,2019-10-23 14:04:43,2019-10-23 14:58:36,47.2,87.6,132.80530203520354,35.09113300492611,33.741379310344826
164,2019-10-23 22:52:23,2019-10-24 02:02:37,32.0,94.8,131.76995494515216,34.25366876310272,31.94689028651293
165,2019-10-24 12:29:00,2019-10-24 13:09:58,38.4,69.6,131.30115296029203,32.94174757281554,31.300970873786408
166,2019-10-25 13:11:52,2019-10-25 14:28:27,14.8,87.2,130.59280765423574,34.62086956521739,32.942608695652176
167,2019-10-25 22:46:20,2019-10-26 00:13:38,30.4,80.8,130.4909903549383,36.08689024390244,34.12957317073171
168,2019-10-26 16:17:23,2019-10-26 17:17:33,41.6,76.8,131.89920385101013,29.82300884955752,28.765486725663717
169,2019-10-27 02:18:29,2019-10-27 03:29:59,22.0,86.0,131.8267680034722,32.5903165735568,31.063314711359403
170,2019-10-27 14:57:30,2019-10-27 16:16:48,20.4,92.4,130.77250413194443,34.54194630872483,32.87080536912752
171,2019-10-28 03:44:34,2019-10-28 04:57:33,24.4,89.2,129.6594184992284,33.326047358834245,31.218579234972676
172,2019-10-28 16:53:25,2019-10-28 18:34:18,12.4,97.6,129.81945639671363,33.09247027741083,31.047556142668427
173,2019-10-29 01:48:33,2019-10-29 02:27:07,42.4,76.8,132.67668062015505,30.886206896551723,27.606896551724137
174,2019-10-29 13:34:30,2019-10-29 15:49:18,7.2,85.2,129.61282066951568,33.08399209486166,31.522727272727273
175,2019-10-30 03:04:15,2019-10-30 04:33:15,11.6,89.6,131.0448307247151,33.616766467065865,31.724550898203592
176,2019-10-30 16:16:48,2019-10-30 18:52:42,10.0,97.6,130.65772447361746,33.04358974358974,31.534188034188034
177,2019-10-31 06:35:03,2019-10-31 08:47:08,23.2,97.6,130.26533513104846,31.212916246215944,29.14026236125126
178,2019-10-31 16:20:05,2019-10-31 16:37:10,59.2,74.4,132.10701199744153,32.07751937984496,30.6046511627907
179,2019-10-31 20:54:46,2019-10-31 22:30:58,42.8,96.8,132.45177866255148,33.65235457063712,31.803324099722992
180,2019-11-01 03:56:23,2019-11-01 05:19:17,50.8,96.8,133.64154087258453,31.937399678972714,29.191011235955056
181,2019-11-01 16:49:51,2019-11-01 19:37:58,3.2,97.6,131.6490064836394,37.06582077716099,35.42664551942902
182,2019-11-02 11:25:45,2019-11-02 12:40:52,39.2,97.6,130.5061902302131,32.712765957446805,31.51950354609929
183,2019-11-02 20:07:17,2019-11-02 21:03:35,47.2,89.2,133.180690026455,36.94326241134752,34.71867612293144
184,2019-11-02 21:06:28,2019-11-02 21:24:45,89.2,97.6,132.53326220238108,38.0,36.0
185,2019-11-03 05:16:56,2019-11-03 06:09:38,38.4,87.6,131.16004185015808,35.26262626262626,32.505050505050505
186,2019-11-03 17:39:39,2019-11-03 19:02:54,30.8,97.6,131.5722251164338,37.4416,35.6336
187,2019-11-04 00:35:37,2019-11-04 01:07:15,64.0,91.6,131.81038645330113,34.76470588235294,31.710084033613445
188,2019-11-04 13:50:00,2019-11-04 14:40:02,59.6,97.6,131.93160236111117,32.537234042553195,31.279255319148938
189,2019-11-04 23:58:57,2019-11-05 02:26:15,23.2,72.4,129.31872523712738,31.934841628959276,30.005429864253394
190,2019-11-05 15:07:18,2019-11-05 16:55:51,10.0,97.6,130.03835768962458,35.61963190184049,34.08220858895706
191,2019-11-06 04:15:39,2019-11-06 05:30:54,40.8,97.6,129.21729824921752,31.97345132743363,29.368141592920352
192,2019-11-06 10:19:02,2019-11-06 11:02:31,66.8,97.6,132.17713012265511,31.68807339449541,29.376146788990827
193,2019-11-07 12:38:14,2019-11-07 14:12:02,22.4,97.6,128.6310220596927,31.56534090909091,30.286931818181817
194,2019-11-08 02:18:23,2019-11-08 03:38:35,14.8,88.8,131.61905631193696,32.81229235880399,30.750830564784053
195,2019-11-08 11:24:02,2019-11-08 12:38:21,24.0,92.0,129.6225100980392,32.958781362007166,30.67562724014337
196,2019-11-08 23:34:54,2019-11-09 00:49:37,12.4,78.8,131.15949403656293,33.554367201426025,31.3048128342246
197,2019-11-09 06:15:09,2019-11-09 07:41:36,24.8,97.6,131.84464218177658,33.101694915254235,29.728813559322035
198,2019-11-09 12:41:48,2019-11-09 13:35:19,50.8,90.4,133.20490638327715,34.67661691542288,32.03482587064676
199,2019-11-09 23:10:02,2019-11-10 00:05:16,42.0,69.6,130.105075120773,30.38313253012048,27.771084337349397
200,2019-11-10 20:24:41,2019-11-10 22:24:22,12.0,97.6,130.14562817205345,32.78730512249443,31.399777282850778
201,2019-11-11 19:18:57,2019-11-11 20:54:21,16.4,97.6,130.6438866550356,34.970670391061454,33.26117318435754
202,2019-11-12 03:34:54,2019-11-12 04:53:46,34.8,93.6,131.19436067176872,34.4222972972973,30.91216216216216
203,2019-11-12 14:01:17,2019-11-12 14:23:18,28.0,40.4,132.42901086469536,30.126506024096386,28.56024096385542
204,2019-11-12 15:12:16,2019-11-12 16:39:40,40.0,89.6,130.92700969982081,32.582317073170735,31.160060975609756
205,2019-11-12 22:26:47,2019-11-13 00:03:48,44.4,97.6,132.51266203007518,33.332417582417584,30.95467032967033
206,2019-11-13 05:56:36,2019-11-13 07:35:28,48.8,97.6,132.4039487021858,31.57277628032345,28.93800539083558
207,2019-11-13 20:12:16,2019-11-13 22:45:23,10.0,96.8,131.14842663850487,35.43826086956522,33.62
208,2019-11-14 07:23:23,2019-11-14 09:16:24,36.8,94.4,130.11168980381944,30.12382075471698,27.596698113207548
209,2019-11-14 20:08:38,2019-11-14 22:37:24,22.4,97.6,128.04189609581857,32.12544802867384,30.442652329749105
210,2019-11-15 09:51:55,2019-11-15 11:28:33,20.8,97.6,126.80985092592594,29.853994490358126,28.1900826446281
211,2019-11-15 21:07:16,2019-11-15 22:30:23,31.2,97.6,130.10483162650607,34.93910256410256,32.9375
212,2019-11-16 14:05:27,2019-11-16 15:37:07,10.8,92.8,130.46886838922765,33.29505813953488,31.78488372093023
213,2019-11-17 00:57:23,2019-11-17 02:17:10,11.6,83.6,129.41091221643518,36.215358931552586,33.23372287145242
214,2019-11-17 12:25:08,2019-11-17 13:34:47,29.2,92.0,131.01874404856693,33.217973231357554,31.539196940726576
215,2019-11-17 23:55:52,2019-11-18 00:50:10,28.8,77.2,130.69688777835168,33.92156862745098,32.115196078431374
216,2019-11-18 12:46:01,2019-11-18 15:07:10,20.0,98.4,129.68522511692177,32.26440037771483,31.137865911237014
217,2019-11-19 04:18:28,2019-11-19 05:42:15,29.2,97.6,130.2191342755036,27.386327503974563,25.085850556438793
218,2019-11-19 16:52:49,2019-11-19 18:38:29,15.6,84.0,128.6684997116634,30.011349306431274,28.71626733921816
219,2019-11-20 16:30:16,2019-11-20 17:59:39,22.4,80.4,128.42466828065133,29.187779433681072,27.588673621460508
220,2019-11-21 00:40:24,2019-11-21 01:47:47,28.8,90.8,130.62157249327956,31.73913043478261,29.349802371541504
221,2019-11-21 17:08:29,2019-11-21 18:41:45,18.0,97.6,130.0125963253769,33.107142857142854,31.728571428571428
222,2019-11-22 04:05:48,2019-11-22 05:23:43,19.2,90.8,130.74841114020796,32.577777777777776,29.666666666666668
223,2019-11-22 15:08:25,2019-11-22 16:46:22,15.6,97.6,130.05601763211385,34.802721088435376,32.97823129251701
224,2019-11-23 02:43:02,2019-11-23 04:04:41,33.2,97.6,130.4506021437198,32.79608482871126,30.099510603588907
225,2019-11-23 16:17:18,2019-11-23 17:39:45,13.2,86.0,132.00476812042126,34.323101777059776,32.93861066235864
226,2019-11-24 02:13:21,2019-11-24 03:49:41,19.2,97.6,128.41971221301023,33.26417704011065,30.571230982019365
227,2019-11-24 12:04:42,2019-11-24 12:48:28,54.8,76.8,133.17339529040404,30.398176291793312,28.51671732522796
228,2019-11-24 21:04:58,2019-11-24 22:35:57,6.8,90.8,130.62143288525132,36.40556368960468,34.366032210834554
229,2019-11-25 03:13:02,2019-11-25 04:05:52,62.4,92.4,132.0788895185185,34.0,30.506297229219143
230,2019-11-25 16:20:11,2019-11-25 18:08:52,21.6,84.4,130.06527125353855,33.37086903304773,31.98653610771114
231,2019-11-26 01:13:43,2019-11-26 02:58:32,29.6,90.0,130.4436915424945,31.452350698856417,28.724269377382466
232,2019-11-26 21:10:46,2019-11-27 00:06:37,39.6,97.6,130.88280562260536,28.78695981804397,27.658074298711146
233,2019-11-27 11:21:52,2019-11-27 12:17:22,34.0,83.6,130.01782837141582,30.091127098321344,28.637889688249402
234,2019-11-27 20:08:23,2019-11-27 21:31:38,31.6,97.6,130.25759186868686,34.6144,32.6256
235,2019-11-28 10:27:00,2019-11-28 11:03:26,79.6,97.6,132.2830452006173,23.996350364963504,21.854014598540147
236,2019-11-28 16:54:46,2019-11-28 17:29:19,54.4,86.4,132.81860032986108,26.892307692307693,25.56923076923077
237,2019-11-29 00:47:21,2019-11-29 01:46:43,22.8,79.2,130.61661990740737,26.329596412556054,23.661434977578477
238,2019-11-29 07:17:39,2019-11-29 11:15:32,18.4,97.6,130.21543379980363,25.094730941704036,22.49719730941704
239,2019-11-29 18:49:05,2019-11-29 20:25:33,42.8,96.8,131.46286538065846,28.549723756906076,26.52900552486188
240,2019-11-30 03:54:39,2019-11-30 05:54:50,30.8,97.6,130.46697168579507,26.108527131782946,23.410852713178294
241,2019-11-30 15:34:18,2019-11-30 16:50:18,30.8,74.8,129.5606075,28.912434325744307,27.500875656742558
242,2019-12-01 11:16:35,2019-12-01 13:49:45,19.2,97.6,127.96518179209184,27.23324630113142,25.88946910356832
243,2019-12-01 19:50:31,2019-12-01 21:08:02,59.6,97.6,132.55749016812868,29.1426116838488,26.810996563573884
244,2019-12-02 02:38:57,2019-12-02 03:29:31,59.6,96.8,129.89745142249106,26.542105263157893,23.3
245,2019-12-02 15:30:17,2019-12-02 17:11:57,16.4,97.6,128.35606514436236,27.39580602883355,25.883355176933158
246,2019-12-03 22:06:06,2019-12-04 00:21:24,38.8,85.6,125.25664769705604,22.87487684729064,21.85615763546798
247,2019-12-04 12:01:48,2019-12-04 13:13:19,44.8,97.6,128.70187731481485,23.283054003724395,21.508379888268156
248,2019-12-05 00:03:15,2019-12-05 01:20:55,20.0,70.8,127.8879319307743,24.969125214408233,23.061749571183533
249,2019-12-05 12:34:23,2019-12-05 13:58:50,28.8,97.6,127.93318166989667,25.454258675078865,23.951104100946374
250,2019-12-06 01:58:58,2019-12-06 03:38:44,16.4,97.6,126.99563675766285,26.720961281708945,24.660881174899867
251,2019-12-06 14:31:39,2019-12-06 15:22:09,50.0,76.0,129.90382511538462,23.19736842105263,21.736842105263158
252,2019-12-07 20:02:23,2019-12-07 21:42:27,11.2,97.6,127.9040488876029,26.608521970705727,25.40878828229028
253,2019-12-08 15:33:58,2019-12-08 17:41:39,24.4,97.6,128.1266704007286,25.866388308977037,24.339248434237994
254,2019-12-09 02:58:09,2019-12-09 04:01:15,51.2,97.2,128.8227742602657,23.80168776371308,21.09282700421941
255,2019-12-09 14:32:19,2019-12-09 16:04:31,30.4,91.6,125.6632647921206,26.721098265895954,25.284682080924856
256,2019-12-10 01:36:36,2019-12-10 02:31:51,32.8,86.4,127.72362334162517,26.27710843373494,23.85301204819277
257,2019-12-10 06:57:43,2019-12-10 09:33:41,17.2,97.6,128.17788103586236,26.754700854700854,23.44102564102564
258,2019-12-10 19:31:19,2019-12-10 20:38:02,43.6,97.6,129.44763516460904,29.273453093812375,27.423153692614772
259,2019-12-11 19:55:07,2019-12-11 22:48:10,15.2,97.6,124.37916689590077,28.984615384615385,27.534615384615385
260,2019-12-12 11:24:28,2019-12-12 12:28:48,55.6,92.4,127.91306947463765,24.981404958677686,23.768595041322314
261,2019-12-13 01:15:04,2019-12-13 02:40:36,26.0,97.6,125.99426621663565,28.95171339563863,26.785046728971963
262,2019-12-13 16:44:00,2019-12-13 18:14:36,20.8,97.6,125.9538672019676,31.79264705882353,30.273529411764706
263,2019-12-14 02:06:38,2019-12-14 03:13:44,42.8,97.6,128.2981274280211,31.220238095238095,28.095238095238095
264,2019-12-14 19:50:16,2019-12-14 20:18:00,12.8,30.0,120.86692583979328,27.885167464114833,26.373205741626794
265,2019-12-14 20:31:45,2019-12-14 22:23:26,29.6,95.6,126.83998345117844,31.175417661097853,29.782816229116946
266,2019-12-15 11:09:34,2019-12-15 12:53:38,10.0,97.6,127.05036506056572,29.267605633802816,27.51472471190781
267,2019-12-16 08:57:22,2019-12-16 10:08:13,38.4,97.6,127.71205994275527,26.82894736842105,25.74624060150376
268,2019-12-17 10:53:59,2019-12-17 12:40:27,6.8,97.6,128.32026430647335,30.155193992490613,29.13767209011264
269,2019-12-18 01:07:18,2019-12-18 02:39:38,19.6,97.6,127.11819606837606,33.695526695526695,32.092352092352094
270,2019-12-20 15:18:43,2019-12-20 16:41:23,41.6,90.4,127.10559915186701,22.278582930756844,21.579710144927535
271,2019-12-20 23:43:22,2019-12-21 00:34:12,37.6,84.4,126.71866265432097,25.727748691099478,23.274869109947645
272,2019-12-21 15:45:08,2019-12-21 16:56:47,42.4,97.6,127.47873617401369,28.78438661710037,27.271375464684017
273,2019-12-22 14:13:32,2019-12-22 15:41:58,43.2,97.6,127.30671285998775,24.338345864661655,23.586466165413533
274,2019-12-22 22:44:34,2019-12-22 23:42:45,52.4,97.6,128.27514761860868,27.22425629290618,25.06178489702517
275,2019-12-23 14:29:08,2019-12-23 16:00:32,20.8,97.6,126.55369779730906,29.11953352769679,27.690962099125365
276,2019-12-24 06:11:17,2019-12-24 07:31:53,32.0,97.6,125.20826401380425,29.687603305785125,27.47107438016529
277,2019-12-25 07:46:29,2019-12-25 09:14:32,26.0,97.6,124.56260818202982,24.43267776096823,23.3661119515885
278,2019-12-25 18:07:29,2019-12-25 20:20:30,28.0,97.6,126.85632386382505,31.50300601202405,30.198396793587175
279,2019-12-26 04:13:02,2019-12-26 05:59:46,35.6,97.6,127.12314623655917,29.120947630922693,26.39650872817955
280,2019-12-26 13:08:27,2019-12-26 14:14:06,45.2,97.6,127.91562703032233,29.963488843813387,28.168356997971603
281,2019-12-26 20:33:26,2019-12-26 21:19:03,62.8,97.6,127.99628302203068,27.676384839650147,24.59475218658892
282,2019-12-27 12:37:40,2019-12-27 14:24:32,8.8,97.6,126.6890969281782,25.74064837905237,24.33915211970075
283,2019-12-27 21:07:30,2019-12-27 22:12:53,53.2,95.6,127.75549287866879,26.786585365853657,24.1239837398374
284,2019-12-28 18:32:21,2019-12-28 20:17:37,9.2,97.6,126.70550562625694,28.593670886075948,27.155696202531647
285,2019-12-30 11:31:16,2019-12-30 13:02:46,20.0,97.6,125.27056618520906,29.103347889374092,27.64919941775837
286,2019-12-30 22:59:00,2019-12-31 00:24:08,25.2,97.6,127.04680771945979,33.52582159624413,31.4585289514867
287,2019-12-31 15:35:44,2019-12-31 16:42:43,42.4,86.4,126.98438442234846,28.431411530815108,27.182902584493043
288,2020-01-01 00:07:51,2020-01-01 01:11:38,28.4,62.0,125.5961810763889,29.534446764091857,27.018789144050103
289,2020-01-01 16:26:49,2020-01-01 18:25:02,28.0,97.6,125.95617843231162,26.03382187147689,24.905298759864714
290,2020-01-02 01:21:00,2020-01-02 02:12:46,56.8,87.2,127.99765264985376,25.40102827763496,22.904884318766065
291,2020-01-02 17:17:54,2020-01-02 18:07:16,11.2,40.4,127.09078160197866,25.846361185983827,24.638814016172507
292,2020-01-02 18:21:59,2020-01-02 18:38:35,40.4,50.4,124.6844721111111,27.80952380952381,26.626984126984127
293,2020-01-02 18:52:30,2020-01-02 19:36:39,50.4,76.4,127.64607530982903,28.88622754491018,27.820359281437124
294,2020-01-03 01:35:31,2020-01-03 02:24:53,39.6,68.8,126.95493685312024,26.946091644204852,24.358490566037737
295,2020-01-03 06:25:37,2020-01-03 07:52:45,42.8,97.6,127.34477395326442,26.344036697247706,23.640672782874617
296,2020-01-03 15:52:39,2020-01-03 17:04:34,38.4,97.6,127.5033490545233,30.20925925925926,28.733333333333334
297,2020-01-04 05:42:19,2020-01-04 07:56:01,26.4,97.6,124.6741492431336,27.518444666001994,25.509471585244267
298,2020-01-04 19:44:48,2020-01-04 22:22:38,14.4,97.6,126.47318804086542,30.738175675675677,29.361486486486488
299,2020-01-05 08:45:48,2020-01-05 09:25:57,66.0,97.6,126.46814515207458,26.887417218543046,24.56291390728477
300,2020-01-05 21:40:28,2020-01-05 23:38:01,22.0,97.6,125.54797104203412,30.23469387755102,28.79138321995465
301,2020-01-06 12:48:26,2020-01-06 14:33:19,28.8,97.6,127.34806836442183,31.019059720457435,29.58068614993647
302,2020-01-07 17:23:11,2020-01-07 18:59:23,14.4,97.6,127.08176855301816,31.418282548476455,30.185595567867036
303,2020-01-08 20:04:02,2020-01-08 20:58:36,40.8,73.2,126.5190610253772,29.039024390243902,27.43658536585366
304,2020-01-08 21:08:00,2020-01-08 21:34:02,73.2,89.6,119.23156446476968,30.0,28.285714285714285
305,2020-01-09 04:16:22,2020-01-09 05:18:17,48.4,97.6,128.13675809620597,29.204301075268816,26.806451612903224
306,2020-01-09 06:34:05,2020-01-09 07:08:22,86.4,97.6,129.24234647817474,29.0,26.0
307,2020-01-09 15:44:31,2020-01-09 17:29:32,30.0,97.6,126.42598861768579,31.60786802030457,29.96446700507614
308,2020-01-09 21:19:11,2020-01-09 22:04:08,70.4,97.6,127.71068193423211,31.967455621301774,29.08284023668639
309,2020-01-10 09:08:25,2020-01-10 10:39:17,40.8,97.6,127.12883658303996,28.816715542521994,26.89589442815249
310,2020-01-10 16:32:48,2020-01-10 17:28:03,52.8,97.6,128.65368356894842,32.16144578313253,30.60963855421687
311,2020-01-11 01:59:25,2020-01-11 02:59:52,18.0,74.0,126.07515917906747,33.5352422907489,30.143171806167402
312,2020-01-11 03:35:29,2020-01-11 03:52:58,74.8,89.6,126.7067515953454,35.0,31.90909090909091
313,2020-01-11 12:09:48,2020-01-11 13:20:23,23.6,89.2,125.6202923060637,31.79433962264151,29.477358490566036
314,2020-01-11 20:36:00,2020-01-11 22:01:31,26.0,97.6,126.97905227925203,30.08722741433022,26.356697819314643
315,2020-01-12 03:46:59,2020-01-12 05:27:27,42.4,97.6,127.48191074879225,24.919098143236074,21.188328912466844
316,2020-01-12 23:56:43,2020-01-13 01:06:14,39.2,97.2,126.39376401580462,24.339080459770116,22.93103448275862
317,2020-01-13 14:10:48,2020-01-13 15:28:48,34.4,97.6,126.35510408535515,25.344709897610922,24.06996587030717
318,2020-01-13 23:34:04,2020-01-14 00:38:46,46.0,97.6,127.5751861030362,28.06378600823045,25.81687242798354
319,2020-01-14 12:37:51,2020-01-14 13:22:33,64.8,97.6,128.8879164845867,25.544642857142858,24.264880952380953
320,2020-01-15 01:20:37,2020-01-15 03:06:34,8.0,97.6,126.71954493117563,29.82264150943396,27.664150943396226
321,2020-01-15 14:57:07,2020-01-15 16:44:55,16.4,87.6,125.91645875663234,29.855377008652656,28.491965389369593
322,2020-01-15 20:50:37,2020-01-15 22:02:23,52.8,97.6,127.99053794332838,31.95547309833024,29.437847866419293
323,2020-01-16 13:51:30,2020-01-16 15:09:26,20.4,91.2,125.47464077801315,30.244444444444444,28.87008547008547
324,2020-01-17 00:32:30,2020-01-17 01:56:17,13.2,89.6,126.78920599003783,29.24483306836248,25.565977742448332
325,2020-01-17 11:07:14,2020-01-17 12:45:58,18.0,97.6,126.00060851305139,24.58974358974359,21.916329284750336
326,2020-01-17 23:30:43,2020-01-18 00:27:26,40.0,90.4,126.75499233079806,25.206572769953052,23.539906103286384
327,2020-01-18 14:41:26,2020-01-18 16:09:37,26.0,97.6,124.36050955540038,24.157099697885197,23.07250755287009
328,2020-01-20 20:08:11,2020-01-20 21:21:01,43.6,97.6,126.39567531893007,23.908592321755027,22.884826325411336
329,2020-01-21 04:58:27,2020-01-21 06:04:30,46.8,97.6,127.37525471620734,25.598790322580644,23.316532258064516
330,2020-02-10 18:15:45,2020-02-10 20:01:12,33.2,97.6,125.94103815131128,23.237373737373737,22.141414141414142
331,2020-02-11 09:05:45,2020-02-11 10:37:33,18.4,97.6,124.2622375578704,24.51378809869376,23.066763425253992
332,2020-02-11 17:08:40,2020-02-11 17:48:26,71.6,97.6,127.96058767094016,24.896321070234112,22.789297658862875
333,2020-02-12 02:55:03,2020-02-12 04:21:23,27.2,97.6,124.91963377722541,25.71604938271605,23.290123456790123
334,2020-02-12 17:10:05,2020-02-12 18:40:49,22.4,97.6,124.89242530658986,27.68575624082232,26.20411160058737
335,2020-02-13 17:43:25,2020-02-13 19:42:50,21.2,97.6,126.53320876417978,25.516741071428573,24.8203125
336,2020-02-14 22:17:16,2020-02-14 23:28:39,61.6,97.6,129.1196670563272,25.559701492537314,23.87686567164179
337,2020-02-16 07:36:30,2020-02-16 09:23:43,26.8,96.0,125.13337105210343,21.122981366459626,19.094409937888198
338,2020-02-17 17:39:54,2020-02-17 18:53:18,43.6,97.6,126.29432495113171,20.80399274047187,19.26497277676951
339,2020-02-18 10:20:40,2020-02-18 10:34:00,57.6,70.0,125.72582320788533,19.22772277227723,17.475247524752476
340,2020-02-18 10:38:09,2020-02-18 11:08:42,69.6,92.4,124.67806720882062,20.669565217391305,18.856521739130436
341,2020-02-18 20:43:39,2020-02-18 21:57:18,42.4,97.6,126.35164306561997,24.021699819168173,22.78842676311031
342,2020-02-19 18:23:18,2020-02-19 20:27:07,24.4,97.6,125.28262533773528,25.532831001076428,24.44994617868676
343,2020-02-20 22:04:33,2020-02-20 23:38:53,44.0,97.6,127.01868604892208,25.44632768361582,24.055084745762713
344,2020-02-21 02:29:50,2020-02-21 03:50:17,52.8,97.6,126.34064872891867,29.551324503311257,26.7135761589404
345,2020-02-21 16:32:16,2020-02-21 18:05:08,34.4,90.0,125.54918850919266,29.18938307030129,27.746054519368723
346,2020-03-25 09:41:52,2020-03-25 11:09:31,67.6,97.6,129.19886624537037,27.29483282674772,26.18693009118541
347,2020-03-25 17:01:41,2020-03-25 17:35:34,66.0,94.0,126.74495146825397,31.772549019607844,30.745098039215687
348,2020-03-26 14:07:19,2020-03-26 14:23:15,34.0,48.8,125.75817850037538,28.178861788617887,27.11382113821138
349,2020-03-26 14:25:16,2020-03-26 15:05:59,49.2,86.8,126.14219505762414,30.98371335504886,29.850162866449512
350,2020-03-26 19:39:03,2020-03-26 20:27:37,58.0,97.6,126.98162531565661,33.53972602739726,31.526027397260275
351,2020-03-27 21:42:21,2020-03-27 23:03:36,11.6,88.0,124.27056143106456,30.0,27.69672131147541
352,2020-03-28 15:12:01,2020-03-28 16:19:40,44.4,97.6,126.63083843723896,27.77755905511811,26.62007874015748
353,2020-03-29 21:08:58,2020-03-29 22:18:29,43.2,97.6,125.36882002910544,25.971264367816094,24.81800766283525
354,2020-03-30 21:15:41,2020-03-30 22:32:08,40.4,97.6,125.43229077797204,21.61672473867596,20.38850174216028
355,2020-04-01 08:22:20,2020-04-01 09:54:24,23.6,97.6,121.74353276651651,21.547033285094066,20.83357452966715
356,2020-04-01 15:11:54,2020-04-01 16:21:33,38.4,97.6,124.50011857404282,26.864244741873804,24.892925430210326
357,2020-04-02 01:14:22,2020-04-02 02:41:30,22.4,97.6,123.34743990469863,25.89296636085627,23.68195718654434
358,2020-04-02 14:19:11,2020-04-02 15:41:14,26.8,97.6,122.52751528954806,26.064935064935064,24.667207792207794
359,2020-04-03 06:44:43,2020-04-03 07:47:10,53.6,97.6,125.68501784722226,24.28997867803838,22.91044776119403
360,2020-04-03 20:14:59,2020-04-03 21:43:11,21.2,97.6,123.45806861910998,25.740181268882175,23.552870090634443
361,2020-04-06 09:46:11,2020-04-06 10:29:50,77.2,97.6,123.07001119281051,16.56838905775076,15.835866261398177
362,2020-04-06 19:59:09,2020-04-06 21:07:44,34.8,76.4,121.1808391292735,23.957281553398058,22.262135922330096
363,2020-04-06 21:24:24,2020-04-06 22:10:18,75.6,97.6,124.38397542929293,24.979710144927537,22.889855072463767
364,2020-04-07 01:43:49,2020-04-07 03:57:31,24.8,97.6,121.98052528655371,30.06879361914257,26.54137587238285
365,2020-04-07 17:27:04,2020-04-07 18:16:02,58.4,97.6,125.26740655116215,26.508152173913043,25.296195652173914
366,2020-04-08 18:43:35,2020-04-08 19:57:14,14.0,88.0,122.39458687687687,30.598553345388787,29.32368896925859
367,2020-04-09 14:08:11,2020-04-09 14:25:48,29.6,46.4,124.01818505291007,29.593984962406015,27.94736842105263
368,2020-04-09 15:46:31,2020-04-09 16:15:37,46.4,74.4,122.9472217460317,32.009132420091326,30.598173515981735
369,2020-04-10 15:54:38,2020-04-10 17:24:49,18.0,97.6,123.29877409792016,33.039881831610046,31.57311669128508
370,2020-04-11 05:39:50,2020-04-11 06:40:41,46.8,97.6,124.95419769794402,30.74398249452954,28.538293216630198
371,2020-04-11 13:01:13,2020-04-11 13:48:27,66.0,97.6,123.9482236023207,29.943661971830984,28.064788732394366
372,2020-04-11 19:13:23,2020-04-11 19:59:41,60.0,97.6,125.4417632239953,31.17528735632184,28.698275862068964
373,2020-04-12 15:57:30,2020-04-12 18:15:11,16.8,91.6,122.71494380570411,29.980638915779284,28.726040658276865
374,2020-04-13 09:57:57,2020-04-13 10:59:43,44.8,96.8,124.23374484241454,26.275862068965516,25.03448275862069
375,2020-04-13 13:12:45,2020-04-13 13:39:34,77.6,97.2,123.20382514172333,29.34158415841584,27.980198019801982
376,2020-04-13 23:20:12,2020-04-14 00:22:06,45.6,97.6,124.31459167200858,29.240860215053765,27.576344086021507
377,2020-04-14 18:13:41,2020-04-14 19:41:37,20.4,97.6,123.7228393494531,30.78939393939394,29.05
378,2020-04-15 03:12:29,2020-04-15 04:15:27,44.8,97.6,124.48352532617848,29.27906976744186,26.21987315010571
379,2020-04-16 04:51:51,2020-04-16 05:25:30,33.2,65.6,121.3219025591564,28.366141732283463,26.12992125984252
380,2020-04-16 05:25:54,2020-04-16 06:06:19,66.0,97.6,127.14948885812241,30.773026315789473,28.710526315789473
381,2020-04-16 20:18:32,2020-04-16 21:07:54,26.4,73.2,123.28369948955367,34.107816711590296,32.482479784366575
382,2020-04-16 21:21:54,2020-04-16 21:53:55,73.2,97.6,125.47547605305107,36.66804979253112,34.75103734439834
383,2020-04-17 03:18:32,2020-04-17 04:28:51,58.8,97.6,124.73852837557276,32.57954545454545,29.31628787878788
384,2020-04-17 18:28:10,2020-04-17 20:06:05,11.2,97.6,124.16393102494858,35.46258503401361,33.90068027210884
385,2020-04-18 12:17:30,2020-04-18 13:09:40,53.6,97.6,125.60332604482323,32.26275510204081,30.931122448979593
386,2020-04-19 02:53:09,2020-04-19 04:10:16,30.4,97.6,123.55623043361443,32.36614853195164,30.500863557858377
387,2020-04-19 05:54:16,2020-04-19 06:21:13,78.8,97.6,126.23878181146576,33.20197044334975,30.911330049261085
388,2020-04-20 04:05:27,2020-04-20 05:23:30,29.2,97.6,123.95088326835612,33.41126279863481,32.051194539249146
389,2020-04-20 14:35:45,2020-04-20 15:23:39,58.8,97.6,126.39598829109396,34.516666666666666,33.30833333333333
390,2020-04-20 22:34:34,2020-04-20 23:51:09,51.6,97.6,124.82749926328502,36.982608695652175,34.47826086956522
391,2020-04-21 13:11:01,2020-04-21 13:55:45,49.2,90.4,123.67839019687163,34.688427299703264,33.26112759643917
392,2020-04-21 20:40:33,2020-04-21 22:02:52,36.0,86.0,123.85591632777779,35.454692556634306,33.45954692556634
393,2020-04-21 22:11:56,2020-04-21 22:31:17,86.0,97.6,124.39177914272037,36.0,34.0
394,2020-04-22 10:16:43,2020-04-22 10:51:24,77.2,97.6,125.21135769335521,27.45977011494253,25.808429118773947
395,2020-04-22 21:27:37,2020-04-22 21:45:27,33.2,50.4,121.57784366925067,23.38888888888889,21.037037037037038
396,2020-04-22 21:45:48,2020-04-22 22:10:38,50.4,74.4,121.4739477430555,25.973333333333333,23.7
397,2020-04-22 22:10:59,2020-04-22 22:43:29,74.8,97.6,126.81166002680312,27.683673469387756,25.433673469387756
398,2020-04-23 13:19:21,2020-04-23 13:49:31,78.0,96.8,125.0546898640662,23.675824175824175,22.582417582417584
399,2020-04-24 01:57:00,2020-04-24 02:51:26,41.6,91.6,122.86605423611117,26.356968215158926,24.48166259168704
400,2020-04-24 15:47:33,2020-04-24 17:28:17,15.6,97.6,123.06893131944443,25.595238095238095,23.867724867724867
401,2020-04-25 03:04:32,2020-04-25 03:33:32,36.4,64.8,119.36768133802818,26.588571428571427,24.251428571428573
402,2020-04-25 03:33:53,2020-04-25 04:03:23,64.8,90.8,123.79916260683761,28.713483146067414,26.573033707865168
403,2020-04-25 13:49:23,2020-04-25 14:18:03,46.4,74.0,121.89863873792271,28.786127167630056,27.277456647398843
404,2020-04-25 14:18:24,2020-04-25 14:41:54,74.4,93.2,125.3132460845154,30.556338028169016,28.950704225352112
405,2020-04-26 05:10:53,2020-04-26 05:40:33,34.4,63.2,120.87961824845677,27.69832402234637,25.94413407821229
406,2020-04-26 05:40:54,2020-04-26 06:10:04,63.6,90.0,124.19822900883844,30.1875,28.369318181818183
407,2020-04-26 12:50:48,2020-04-26 13:10:38,53.2,72.0,124.40827090721046,31.333333333333332,29.8
408,2020-04-26 13:10:59,2020-04-26 13:35:39,72.4,92.8,126.07368913398697,32.48322147651007,30.899328859060404
409,2020-04-26 20:50:33,2020-04-26 21:07:53,37.2,54.0,120.35962838955028,33.53333333333333,31.476190476190474
410,2020-04-26 21:08:14,2020-04-26 21:40:14,54.4,84.4,124.46991282407407,35.590673575129536,33.40414507772021
411,2020-04-26 21:40:35,2020-04-26 22:00:45,84.8,97.6,129.51607454427082,36.00819672131148,34.0
412,2020-04-27 15:52:23,2020-04-27 16:23:53,24.0,54.4,121.49763139619887,34.526315789473685,32.73684210526316
413,2020-04-27 16:24:14,2020-04-27 16:54:54,54.8,83.6,124.87558092206794,37.5945945945946,35.90810810810811
414,2020-04-28 00:34:39,2020-04-28 01:01:19,43.6,69.2,122.39746061197914,35.38509316770186,32.69565217391305
415,2020-04-28 01:01:40,2020-04-28 01:29:10,69.6,92.8,125.51366834291187,36.795180722891565,34.16265060240964
416,2020-04-28 22:57:54,2020-04-28 23:32:04,39.2,72.0,121.69547531334692,35.29126213592233,33.74271844660194
417,2020-04-28 23:32:25,2020-04-29 00:05:25,72.4,97.6,125.70657445987659,37.0,35.10552763819096
418,2020-04-29 05:08:26,2020-04-29 05:34:26,77.2,96.4,127.81539445891204,34.0,31.0828025477707
419,2020-04-29 15:47:48,2020-04-29 16:17:08,50.4,66.0,125.35612535612535,35.85310734463277,33.954802259887
420,2020-04-29 16:17:29,2020-04-29 16:49:19,66.4,83.2,126.31448330026458,36.0,34.0
421,2020-04-30 10:34:19,2020-04-30 10:51:39,50.8,67.2,124.07859527439018,32.180952380952384,31.02857142857143
422,2020-04-30 10:52:00,2020-04-30 11:16:50,67.6,90.0,124.30619035218251,33.373333333333335,32.36
423,2020-04-30 20:13:19,2020-04-30 20:40:59,48.0,57.6,124.88425925925924,35.2814371257485,34.0
424,2020-04-30 20:41:20,2020-04-30 21:08:00,57.6,67.2,120.37037037037035,35.56521739130435,34.0
425,2020-04-30 21:09:01,2020-04-30 21:38:11,67.6,77.6,126.38888888888889,35.0,34.0
426,2020-04-30 21:38:32,2020-04-30 22:10:52,77.6,88.8,125.09920634920633,35.0,34.0
427,2020-04-30 22:11:13,2020-04-30 22:37:13,89.2,97.6,134.12698412698427,35.0,33.64968152866242
428,2020-05-01 03:47:57,2020-05-01 04:16:37,69.2,93.6,123.4984257172132,32.91329479768786,30.705202312138727
429,2020-05-01 06:51:13,2020-05-01 07:19:23,76.8,97.6,125.20765331196581,33.68235294117647,30.905882352941177
430,2020-05-01 17:07:17,2020-05-01 17:28:17,10.8,30.8,123.38611222222222,38.968503937007874,36.960629921259844
431,2020-05-01 17:28:38,2020-05-01 18:03:38,31.2,64.8,122.39583333333334,41.47867298578199,39.156398104265406
432,2020-05-01 18:03:59,2020-05-01 18:34:39,65.2,92.0,125.27312178689887,43.48108108108108,40.994594594594595
433,2020-05-02 04:41:56,2020-05-02 05:08:46,28.4,54.0,122.18587158203124,34.49382716049383,31.771604938271604
434,2020-05-02 05:09:07,2020-05-02 05:38:17,54.4,82.0,123.19897408413848,36.9375,34.08522727272727
435,2020-05-02 05:38:38,2020-05-02 06:01:28,82.4,97.6,129.8592935855264,38.0,35.0
436,2020-05-02 16:02:08,2020-05-02 16:25:58,32.0,55.2,120.44660296934866,36.55555555555556,35.1875
437,2020-05-02 16:26:19,2020-05-02 16:59:19,55.2,86.4,123.43927439458685,39.1356783919598,37.517587939698494
438,2020-05-02 16:59:40,2020-05-02 17:17:30,86.8,97.6,130.41154423868318,40.0,38.0
439,2020-05-03 01:30:36,2020-05-03 01:58:21,26.8,53.6,121.02468056592042,36.05952380952381,33.345238095238095
440,2020-05-03 01:58:42,2020-05-03 02:29:42,54.0,83.2,124.07249885844749,38.155080213903744,35.60427807486631
441,2020-05-03 02:30:03,2020-05-03 02:51:13,83.6,97.6,129.0198552579365,38.9921875,36.0
442,2020-05-05 21:53:45,2020-05-05 22:20:35,58.4,83.6,124.15619824735451,37.93827160493827,36.19753086419753
443,2020-05-05 22:20:56,2020-05-05 22:41:56,84.0,97.6,130.4207690972223,38.118110236220474,37.0
444,2020-05-06 12:55:21,2020-05-06 13:22:21,17.2,42.8,123.6491012369792,38.306748466257666,36.77914110429448
445,2020-05-06 13:22:42,2020-05-06 13:52:42,43.2,72.0,122.09685590277782,41.607734806629836,40.12707182320442
446,2020-05-06 13:53:03,2020-05-06 14:10:35,72.4,88.8,123.85611750508141,43.02803738317757,41.504672897196265
447,2020-05-06 20:47:43,2020-05-06 21:08:13,58.4,78.0,123.09596208900228,40.28225806451613,37.87096774193548
448,2020-05-06 21:08:34,2020-05-06 21:35:14,78.4,97.6,127.63382364004639,41.0,38.01242236024845
449,2020-05-07 02:56:35,2020-05-07 03:23:35,52.8,76.4,123.79650076506587,37.92638036809816,34.969325153374236
450,2020-05-07 03:23:56,2020-05-07 03:51:46,76.8,96.8,125.69723326388889,38.0,35.75595238095238
451,2020-05-07 12:36:41,2020-05-07 13:05:41,36.8,64.8,121.84475649801591,37.902857142857144,36.40571428571429
452,2020-05-07 13:06:02,2020-05-07 13:33:22,65.2,90.0,125.00561564740147,39.72121212121212,38.375757575757575
453,2020-05-08 07:42:21,2020-05-08 08:10:41,32.8,60.8,119.92064935515873,34.05263157894737,32.87719298245614
454,2020-05-08 08:11:02,2020-05-08 08:37:22,61.2,86.4,123.946776675485,36.528301886792455,35.44025157232704
455,2020-05-08 08:37:43,2020-05-08 08:55:13,86.8,97.6,128.90817168209878,37.056603773584904,36.0
456,2020-05-08 16:47:15,2020-05-08 17:08:05,47.2,65.6,122.30375649154598,39.41269841269841,37.72222222222222
457,2020-05-08 17:08:26,2020-05-08 17:36:06,66.0,89.6,125.21659463276842,40.461077844311376,39.01197604790419
458,2020-05-09 08:49:45,2020-05-09 09:19:15,39.2,59.6,120.74893423202614,35.02808988764045,33.662921348314605
459,2020-05-09 10:22:38,2020-05-09 10:40:58,59.6,72.4,119.43361686197913,35.648648648648646,34.0
460,2020-05-09 10:41:19,2020-05-09 11:10:29,72.4,92.0,122.99180250850348,36.0,34.27272727272727
461,2020-05-09 21:09:41,2020-05-09 21:35:51,30.4,55.6,121.42858460097001,38.81012658227848,36.41772151898734
462,2020-05-09 21:36:12,2020-05-09 22:06:02,55.6,84.0,122.66824109937401,41.05555555555556,38.577777777777776
463,2020-05-09 22:06:23,2020-05-09 22:27:03,84.4,97.6,129.56440267255903,42.0,39.0
464,2020-05-10 08:55:55,2020-05-10 09:24:55,52.8,80.4,122.45119288446051,35.394285714285715,33.502857142857145
465,2020-05-10 09:25:16,2020-05-10 09:49:56,80.8,97.6,129.346083994709,36.0,34.08724832214765
466,2020-05-10 19:04:49,2020-05-10 19:31:59,66.4,82.8,124.79000050813016,35.0,32.0
467,2020-05-10 19:32:20,2020-05-10 19:56:40,83.2,97.6,126.36190451388897,35.0,32.0
468,2020-05-11 17:57:11,2020-05-11 18:16:11,40.8,58.8,123.13117114197532,37.504347826086956,35.582608695652176
469,2020-05-11 18:16:32,2020-05-11 18:45:52,59.2,86.8,124.00966344605476,39.090395480225986,37.31073446327684
470,2020-05-11 18:46:13,2020-05-11 19:03:53,87.2,97.6,131.19527991453003,40.0,38.0
471,2020-05-11 23:32:49,2020-05-12 00:03:49,64.0,82.8,124.21988563829791,35.0,31.16042780748663
472,2020-05-12 00:04:10,2020-05-12 00:29:40,83.2,97.6,128.50504398148158,35.0,32.0
473,2020-05-12 16:18:04,2020-05-12 16:47:04,39.2,59.2,120.86944805555558,35.434285714285714,33.76571428571429
474,2020-05-12 16:47:25,2020-05-12 17:20:45,59.6,82.0,124.0290199652778,36.12935323383085,35.0
475,2020-05-12 17:21:06,2020-05-12 17:46:26,82.0,97.6,127.73148085826216,37.0,35.0
476,2020-05-13 14:34:28,2020-05-13 15:11:14,28.4,64.0,120.72301916354557,34.549549549549546,33.01801801801802
477,2020-05-13 15:11:35,2020-05-13 15:45:45,64.4,93.6,123.73241347983264,37.04368932038835,35.57281553398058
478,2020-05-14 00:06:56,2020-05-14 00:37:26,54.0,82.8,123.58700602816359,35.130434782608695,32.78804347826087
479,2020-05-14 00:37:47,2020-05-14 00:59:57,82.8,97.6,126.71829710960965,36.0,33.19402985074627
480,2020-05-14 06:55:19,2020-05-14 07:21:49,60.8,81.2,122.24402158224399,35.0,32.40625
481,2020-05-14 07:22:10,2020-05-14 07:47:20,81.2,97.6,125.36162889566403,35.99342105263158,33.0
482,2020-05-14 15:01:28,2020-05-14 15:29:14,77.2,97.6,125.91143182870377,35.0,33.18934911242604
483,2020-05-15 01:46:33,2020-05-15 02:13:33,42.4,68.0,123.75541373697914,34.04907975460123,31.779141104294478
484,2020-05-15 02:13:54,2020-05-15 02:46:54,68.4,95.2,125.25860665422887,35.78391959798995,33.678391959798994
485,2020-05-15 12:32:21,2020-05-15 12:52:51,42.8,62.0,124.66146614583332,35.17741935483871,33.25
486,2020-05-15 12:53:12,2020-05-15 13:18:32,62.4,86.4,123.21412592592588,36.66013071895425,34.705882352941174
487,2020-05-15 23:42:17,2020-05-16 00:09:47,11.2,37.2,122.8659391559829,36.24096385542169,34.126506024096386
488,2020-05-16 00:10:08,2020-05-16 00:37:58,37.6,64.0,122.3648113425926,39.107142857142854,37.023809523809526
489,2020-05-16 00:38:19,2020-05-16 01:06:19,64.4,89.6,125.96011507936515,41.13609467455621,38.81065088757396
490,2020-05-16 09:47:38,2020-05-16 10:19:08,40.4,70.4,122.36156060185179,36.3,34.526315789473685
491,2020-05-16 10:19:29,2020-05-16 10:48:09,70.8,94.0,126.40144504310345,38.03468208092485,36.49132947976879
492,2020-05-17 04:08:39,2020-05-17 04:40:29,12.8,43.2,122.89289501096488,32.177083333333336,29.604166666666668
493,2020-05-17 04:40:50,2020-05-17 05:11:30,43.2,72.8,121.57186927552554,35.68648648648649,33.005405405405405
494,2020-05-17 05:11:51,2020-05-17 05:44:21,73.2,97.6,127.27460080828786,37.08163265306123,34.6530612244898
495,2020-05-17 20:14:56,2020-05-17 20:47:56,56.4,78.4,124.40723768939392,36.346733668341706,33.753768844221106
496,2020-05-17 20:48:17,2020-05-17 21:18:27,78.8,97.6,126.68591644503549,37.0,34.0
497,2020-05-18 05:18:58,2020-05-18 05:48:28,28.4,56.8,121.00155751173709,33.837078651685395,31.382022471910112
498,2020-05-18 05:48:49,2020-05-18 06:25:49,56.8,90.4,123.41269398974867,36.596412556053814,34.125560538116595
499,2020-05-18 18:11:42,2020-05-18 18:40:32,15.2,32.8,123.14238841540406,33.367816091954026,32.160919540229884
500,2020-05-18 18:40:53,2020-05-18 19:09:13,32.8,50.4,120.81361229482323,35.12865497076023,33.30409356725146
501,2020-05-18 19:09:34,2020-05-18 19:39:54,50.4,69.2,121.14141378546095,36.775956284153004,34.0
502,2020-05-18 19:40:15,2020-05-18 20:05:05,69.6,84.4,126.12427721471462,37.0,34.0
503,2020-05-19 16:45:07,2020-05-19 17:17:27,32.4,64.0,120.61623145218006,38.42564102564103,36.65128205128205
504,2020-05-19 17:17:48,2020-05-19 17:45:28,64.4,89.6,125.378666170635,40.58083832335329,38.958083832335326
505,2020-05-20 09:30:27,2020-05-20 09:58:37,76.8,97.6,128.33468295940173,33.358823529411765,31.86470588235294
506,2020-05-21 11:32:25,2020-05-21 11:58:25,20.0,45.2,122.07341104497351,31.73248407643312,30.363057324840764
507,2020-05-21 11:58:46,2020-05-21 12:28:56,45.6,75.2,120.56118243243243,35.104395604395606,33.4010989010989
508,2020-05-21 12:29:17,2020-05-21 12:47:37,75.2,90.8,124.23076842948714,36.18018018018018,34.369369369369366
509,2020-05-21 20:00:30,2020-05-21 20:30:40,50.4,78.8,123.96420588810642,37.137362637362635,35.252747252747255
510,2020-05-21 20:31:01,2020-05-21 20:57:01,79.2,97.6,126.79875075483096,38.0,36.0
511,2020-05-22 14:32:57,2020-05-22 15:00:27,33.2,59.6,121.76506292087541,32.66867469879518,31.210843373493976
512,2020-05-22 15:00:48,2020-05-22 15:28:08,60.0,86.0,122.80556923076924,34.78787878787879,33.303030303030305
513,2020-05-22 15:28:29,2020-05-22 15:47:29,86.0,97.6,127.3934280411878,35.8,34.0
514,2020-05-23 10:57:19,2020-05-23 11:25:49,59.6,86.4,124.63155550373135,31.46511627906977,30.459302325581394
515,2020-05-23 11:26:10,2020-05-23 11:44:10,86.8,97.6,128.6599825102881,32.0,31.0
516,2020-05-23 23:05:17,2020-05-23 23:37:37,54.0,78.4,122.02018311703095,35.215384615384615,33.276923076923076
517,2020-05-23 23:37:58,2020-05-24 00:06:58,78.4,97.6,125.98021694155102,36.0,34.0
518,2020-05-24 03:03:19,2020-05-24 03:32:29,73.6,89.2,124.64209383903126,36.0,33.0
519,2020-05-24 11:59:54,2020-05-24 12:26:04,44.8,69.6,123.15860808691757,34.01898734177215,32.360759493670884
520,2020-05-24 12:26:25,2020-05-24 12:55:25,70.0,94.0,124.17361533564815,35.6,33.84
521,2020-05-24 21:07:25,2020-05-24 21:40:05,24.0,44.0,123.0444716666667,35.36548223350254,33.2994923857868
522,2020-05-24 21:40:26,2020-05-24 22:12:56,44.0,64.4,120.01500476579521,37.05102040816327,34.795918367346935
523,2020-05-24 22:13:17,2020-05-24 22:40:37,64.8,81.2,125.5555833333333,38.0,35.36969696969697
524,2020-05-24 22:40:58,2020-05-24 23:08:28,81.6,97.6,128.69968107638888,38.0,36.0
525,2020-05-25 14:29:49,2020-05-25 14:49:59,26.8,46.0,122.84217129629631,34.14754098360656,32.450819672131146
526,2020-05-25 14:50:20,2020-05-25 15:19:30,46.4,74.4,121.74405858134921,37.07386363636363,35.19886363636363
527,2020-05-25 15:19:51,2020-05-25 15:46:11,74.8,95.2,125.13549530228755,38.119496855345915,36.672955974842765
528,2020-05-26 01:17:24,2020-05-26 01:45:04,28.8,51.6,121.36757839912278,34.604790419161674,31.688622754491018
529,2020-05-26 01:45:25,2020-05-26 02:13:55,52.0,74.4,121.61583779761904,36.77906976744186,33.854651162790695
530,2020-05-26 02:14:16,2020-05-26 02:34:46,74.8,89.6,126.68450929054057,37.07258064516129,34.71774193548387
531,2020-05-26 14:06:30,2020-05-26 14:34:50,10.0,36.8,122.76380286069654,36.87134502923977,35.21052631578947
532,2020-05-26 14:35:11,2020-05-26 15:04:01,37.2,64.8,121.33506169484704,40.21264367816092,38.36206896551724
533,2020-05-26 23:30:26,2020-05-27 00:01:36,22.0,40.8,123.6229707446809,37.3031914893617,33.648936170212764
534,2020-05-27 00:01:57,2020-05-27 00:36:17,41.2,62.0,123.12971734775641,38.830917874396135,35.55555555555556
535,2020-05-27 00:36:38,2020-05-27 01:24:20,62.4,90.8,125.30335215179969,40.0,36.0
536,2020-05-27 12:14:36,2020-05-27 12:46:56,45.2,76.0,121.37355636724389,36.52820512820513,34.194871794871794
537,2020-05-27 12:47:17,2020-05-27 13:06:47,76.0,92.0,123.43576293402778,37.99152542372882,35.63559322033898
538,2020-05-27 17:01:35,2020-05-27 17:31:55,61.6,89.6,123.71527276785714,36.967213114754095,34.60109289617486
539,2020-05-28 01:26:47,2020-05-28 01:56:57,40.8,63.6,122.19966453460039,34.19230769230769,31.857142857142858
540,2020-05-28 01:57:18,2020-05-28 02:28:08,63.6,86.8,122.81787625718393,35.46774193548387,33.25806451612903
541,2020-05-28 13:58:44,2020-05-28 14:32:04,23.2,48.4,122.5369444995591,34.62686567164179,33.49751243781095
542,2020-05-28 14:32:25,2020-05-28 15:01:55,48.8,71.2,122.02382973710316,37.30898876404494,36.21348314606742
543,2020-05-28 15:02:16,2020-05-28 15:28:56,71.6,91.2,123.90733340419497,38.34567901234568,37.15432098765432
544,2020-05-29 08:18:40,2020-05-29 08:49:40,18.8,42.0,122.10431076388892,32.70053475935829,31.3475935828877
545,2020-05-29 08:50:01,2020-05-29 09:21:21,42.0,66.0,119.31888535879631,35.402116402116405,34.142857142857146
546,2020-05-29 09:21:42,2020-05-29 09:47:42,66.0,85.2,123.81004680266201,36.78343949044586,35.10828025477707
547,2020-05-29 09:48:03,2020-05-29 10:07:53,85.6,97.6,129.30904675925925,37.175,36.0
548,2020-05-29 19:07:48,2020-05-29 19:24:58,37.6,54.4,119.58252728174612,36.56730769230769,34.21153846153846
549,2020-05-29 19:25:19,2020-05-29 19:53:49,54.4,81.6,122.59039915236932,38.43604651162791,36.098837209302324
550,2020-05-29 19:54:10,2020-05-29 20:17:10,82.0,97.6,128.3698473112536,39.0,37.0
551,2020-05-30 04:26:21,2020-05-30 04:56:21,21.6,42.0,122.30389705882352,34.950276243093924,32.14364640883978
552,2020-05-30 04:56:42,2020-05-30 05:22:12,42.4,60.0,120.49713494318179,37.064935064935064,34.36363636363637
553,2020-05-30 05:22:33,2020-05-30 05:54:03,60.4,81.6,123.57308844339623,38.0,35.410526315789475
554,2020-05-30 05:54:24,2020-05-30 06:20:24,81.6,97.6,127.41668098958334,38.560509554140125,36.0
555,2020-05-30 13:23:19,2020-05-30 13:58:38,77.2,97.6,123.91110912309378,34.99530516431925,33.136150234741784
556,2020-05-30 23:07:42,2020-05-30 23:37:32,31.2,59.6,122.51614568661971,33.55555555555556,31.644444444444446
557,2020-05-30 23:37:53,2020-05-31 00:06:33,60.0,87.2,122.90390916053921,35.91907514450867,34.02312138728324
558,2020-05-31 06:33:41,2020-05-31 07:00:11,22.4,38.8,121.99954496951224,34.14375,31.4125
559,2020-05-31 07:06:22,2020-05-31 07:33:52,42.8,60.0,120.71226259689925,36.04216867469879,33.54216867469879
560,2020-05-31 07:34:13,2020-05-31 08:03:53,60.4,78.4,124.43524012345677,37.0,34.391061452513966
561,2020-05-31 08:04:14,2020-05-31 08:31:54,78.8,95.2,126.87504801829263,37.0,35.0
562,2020-05-31 22:50:05,2020-05-31 23:20:25,47.2,63.2,123.26820665104172,30.92349726775956,29.25136612021858
563,2020-05-31 23:21:16,2020-05-31 23:55:56,63.6,82.0,125.2641671195652,31.91866028708134,30.0
564,2020-06-01 00:00:07,2020-06-01 00:26:37,83.6,97.6,125.86108373015874,32.0,30.3875
565,2020-06-01 05:59:27,2020-06-01 06:27:17,62.4,82.8,125.29617824074076,33.0,31.160714285714285
566,2020-06-01 06:27:38,2020-06-01 06:52:28,83.2,97.6,126.89332947530872,33.946666666666665,32.0
567,2020-06-01 13:36:28,2020-06-01 14:04:38,52.0,61.6,127.54199609374999,34.0,32.0
568,2020-06-01 14:04:59,2020-06-01 14:33:59,62.0,72.0,126.14449222222225,34.0,32.0
569,2020-06-01 14:34:20,2020-06-01 15:05:10,72.0,82.8,124.18986239711943,34.0,32.0
570,2020-06-01 15:05:31,2020-06-01 15:32:51,82.8,92.4,123.8542141203703,34.0,32.0
571,2020-06-01 21:59:51,2020-06-01 22:17:11,47.2,60.0,125.24630935329864,33.74285714285714,30.923809523809524
572,2020-06-01 22:17:32,2020-06-01 22:48:22,60.4,83.6,123.20882920258624,34.55913978494624,31.978494623655912
573,2020-06-02 15:20:02,2020-06-02 15:49:32,30.4,59.2,120.53194150270062,32.49438202247191,30.426966292134832
574,2020-06-02 15:49:53,2020-06-02 16:17:13,59.6,85.6,123.86166292735045,34.95151515151515,32.8
575,2020-06-03 10:58:28,2020-06-03 11:21:38,24.4,38.4,124.67364017857143,33.32857142857143,31.735714285714284
576,2020-06-03 11:21:59,2020-06-03 11:49:59,38.8,56.4,119.84851136363636,34.976331360946745,33.50295857988166
577,2020-06-03 11:50:20,2020-06-03 12:18:10,56.4,73.6,121.90571172480624,36.0,34.92261904761905
578,2020-06-03 12:18:31,2020-06-03 12:52:11,74.0,94.0,126.53197250000004,36.94581280788177,35.04433497536946
579,2020-06-03 17:39:43,2020-06-03 18:08:33,64.0,90.0,123.75162104700857,35.8448275862069,32.38505747126437
580,2020-06-04 11:12:46,2020-06-04 11:35:56,51.2,73.6,123.09461892361115,32.55714285714286,31.321428571428573
581,2020-06-04 11:36:17,2020-06-04 12:06:47,74.0,97.6,124.24671033427497,33.96195652173913,32.80978260869565
582,2020-06-04 20:48:07,2020-06-04 21:17:27,18.4,48.0,122.2550749812312,38.83050847457627,36.57627118644068
583,2020-06-04 21:17:48,2020-06-04 21:48:58,48.4,80.0,121.65964069092827,42.04255319148936,39.6436170212766
584,2020-06-04 21:49:19,2020-06-04 22:13:59,80.0,97.6,126.17662294823235,43.0,40.19463087248322
585,2020-06-05 06:21:52,2020-06-05 06:44:12,20.0,41.2,123.14335999737945,36.71851851851852,33.8
586,2020-06-05 06:44:33,2020-06-05 07:15:43,41.6,71.6,121.35232527777782,39.351063829787236,36.46808510638298
587,2020-06-05 07:16:04,2020-06-05 07:46:44,72.0,96.0,125.57003483796298,40.8054054054054,37.983783783783785
588,2020-06-06 04:26:27,2020-06-06 04:58:17,53.6,83.6,123.93704708333337,34.46875,32.864583333333336
589,2020-06-06 04:58:38,2020-06-06 05:17:38,84.0,96.8,125.14649934895836,35.947826086956525,34.0
590,2020-06-07 00:31:14,2020-06-07 00:50:54,14.0,32.8,121.94666289893621,31.084033613445378,29.067226890756302
591,2020-06-07 00:51:15,2020-06-07 01:21:15,33.2,61.6,123.11717908841943,33.966850828729285,31.972375690607734
592,2020-06-07 01:21:36,2020-06-07 01:51:56,62.0,89.6,124.10980736714978,36.51912568306011,34.39344262295082
593,2020-06-07 12:24:28,2020-06-07 12:50:58,7.6,24.4,122.88443369709002,31.04375,29.0
594,2020-06-07 12:51:19,2020-06-07 13:22:09,24.8,44.0,123.10766189236114,32.553763440860216,30.037634408602152
595,2020-06-07 13:22:30,2020-06-07 13:52:10,44.4,62.4,122.63968433641976,34.54189944134078,32.18994413407821
596,2020-06-07 13:52:31,2020-06-07 14:19:31,62.8,78.4,123.70639529914523,35.0,33.0
597,2020-06-07 14:19:52,2020-06-07 14:51:42,78.4,95.6,127.22789454134376,35.895833333333336,33.171875
598,2020-06-08 13:08:10,2020-06-08 13:25:30,19.6,36.0,123.31301727642274,29.37142857142857,28.00952380952381
599,2020-06-08 13:25:51,2020-06-08 14:00:01,36.4,69.2,121.7022528794038,32.762135922330096,31.179611650485437
600,2020-06-08 14:00:22,2020-06-08 14:33:42,69.6,96.0,125.59817561026931,35.12935323383085,33.12935323383085
601,2020-06-09 02:12:59,2020-06-09 02:44:59,22.4,54.0,120.78411779184248,33.30569948186528,31.678756476683937
602,2020-06-09 02:45:20,2020-06-09 03:16:30,54.0,84.4,122.36935119700294,36.579787234042556,34.8936170212766
603,2020-06-09 03:16:51,2020-06-09 03:36:31,84.8,97.6,129.1851371527778,37.61344537815126,36.0
604,2020-06-09 13:02:51,2020-06-09 13:31:21,68.0,87.6,121.6964566326531,34.68604651162791,33.0
605,2020-06-09 13:31:42,2020-06-09 13:48:12,87.6,97.6,126.31808375000004,35.0,33.0
606,2020-06-10 00:33:55,2020-06-10 01:03:05,44.8,60.8,121.52777777777777,31.119318181818183,28.59659090909091
607,2020-06-10 01:03:26,2020-06-10 01:35:26,60.8,78.0,124.02131686046509,32.0,29.70984455958549
608,2020-06-10 01:35:47,2020-06-10 02:09:07,78.4,96.0,126.24052809343436,32.37810945273632,30.238805970149254
609,2020-06-10 16:13:46,2020-06-10 16:44:36,39.6,49.2,122.11958810763886,33.134408602150536,31.446236559139784
610,2020-06-10 16:55:14,2020-06-10 17:22:14,52.8,61.2,122.14296428571419,34.0,32.0
611,2020-06-10 17:22:35,2020-06-10 17:50:53,61.2,70.0,122.25987597853536,34.0,32.0
612,2020-06-10 23:23:33,2020-06-10 23:51:53,24.8,52.4,120.9259425825282,34.69005847953216,32.87134502923977
613,2020-06-10 23:52:14,2020-06-11 00:20:44,52.4,80.0,121.71851987721418,37.55232558139535,35.61046511627907
614,2020-06-11 02:00:37,2020-06-11 02:17:07,83.6,95.2,125.62861542145586,38.38,36.0
615,2020-06-11 06:20:57,2020-06-11 06:46:37,52.8,76.8,123.47572557870372,37.6258064516129,34.44516129032258
616,2020-06-11 06:46:58,2020-06-11 07:15:18,77.2,97.6,125.7326002859478,38.08771929824562,35.69005847953216
617,2020-06-11 20:00:43,2020-06-11 20:34:23,23.2,55.6,122.64577246227711,41.26600985221675,39.522167487684726
618,2020-06-11 20:34:44,2020-06-11 21:04:34,56.0,84.0,124.78722559523814,44.166666666666664,42.26111111111111
619,2020-06-11 21:04:55,2020-06-11 21:27:35,84.4,97.6,130.31991729797988,45.0,42.54744525547445
620,2020-06-12 02:56:26,2020-06-12 03:19:56,52.8,74.8,125.27840776515153,39.71830985915493,36.2112676056338
621,2020-06-12 03:20:17,2020-06-12 03:50:17,75.2,97.6,125.42597513640878,40.13259668508287,37.0
622,2020-06-12 16:20:12,2020-06-12 16:49:32,40.4,68.8,121.77281342918624,42.186440677966104,40.41242937853107
623,2020-06-12 19:24:18,2020-06-12 19:56:18,56.8,74.4,121.81821212121207,43.0,40.04663212435233
624,2020-06-12 19:56:39,2020-06-12 20:26:29,74.4,90.4,124.92711440972224,43.0,40.0
625,2020-06-13 05:16:42,2020-06-13 05:39:22,21.2,42.8,122.87940213477371,37.13138686131387,34.37956204379562
626,2020-06-13 05:39:43,2020-06-13 06:07:23,43.2,70.0,120.98209530472643,39.97604790419162,37.30538922155689
627,2020-06-13 06:07:44,2020-06-13 06:35:44,70.0,93.6,123.53166425376652,41.0887573964497,38.77514792899408
628,2020-06-13 19:31:31,2020-06-13 19:56:41,25.2,49.6,120.46847580828779,39.89473684210526,37.9671052631579
629,2020-06-13 19:57:02,2020-06-13 20:25:52,49.6,77.6,120.203876984127,42.45402298850575,40.367816091954026
630,2020-06-13 20:26:13,2020-06-13 20:53:03,78.0,97.2,128.69720789930554,43.0,41.0
631,2020-06-14 22:53:01,2020-06-14 23:17:41,35.6,59.2,122.07274999999997,31.697986577181208,30.187919463087248
632,2020-06-14 23:18:02,2020-06-14 23:47:22,59.6,87.6,122.2068522321429,34.07909604519774,32.50282485875706
633,2020-06-14 23:47:43,2020-06-15 00:04:43,87.6,97.6,127.35557597222223,35.0,33.0
634,2020-06-15 17:02:15,2020-06-15 17:29:15,64.0,82.4,121.81088307669079,34.0,32.73006134969325
635,2020-06-15 17:29:36,2020-06-15 17:54:06,82.4,97.6,125.37831807383053,34.46621621621622,33.0
636,2020-06-16 02:23:28,2020-06-16 02:56:58,50.0,82.4,122.01220138888891,38.45049504950495,36.08910891089109
637,2020-06-16 02:57:19,2020-06-16 03:20:09,82.4,97.6,126.37702165570187,39.0,37.0
638,2020-06-16 21:23:02,2020-06-16 21:54:52,38.8,60.8,121.71590202020201,34.729166666666664,32.984375
639,2020-06-16 21:55:13,2020-06-16 22:22:23,61.2,79.6,124.16439183272954,36.0,34.0
640,2020-06-16 22:22:44,2020-06-16 22:51:04,80.0,97.6,128.42408143939397,36.0,34.0
641,2020-06-17 13:47:31,2020-06-17 14:04:41,22.4,34.0,123.09863649425287,34.98076923076923,33.00961538461539
642,2020-06-17 14:05:02,2020-06-17 14:34:12,34.0,54.4,118.90316346677558,36.5,34.42045454545455
643,2020-06-17 14:34:33,2020-06-17 15:00:33,54.8,72.4,122.70993197601005,38.0,35.49044585987261
644,2020-06-17 15:00:54,2020-06-17 15:25:44,72.8,89.2,125.73089591802167,38.0,35.86666666666667
645,2020-06-18 00:58:17,2020-06-18 01:29:17,43.2,62.0,121.9186060135934,33.524064171122994,31.44385026737968
646,2020-06-18 01:29:38,2020-06-18 01:56:28,62.0,77.6,121.9756212606838,34.0,32.0
647,2020-06-18 01:56:49,2020-06-18 02:27:49,77.6,94.4,125.91685176917981,34.83422459893048,32.5668449197861
648,2020-06-18 15:47:11,2020-06-18 16:13:11,18.8,35.2,121.46342691395662,37.0,35.50955414012739
649,2020-06-18 16:13:32,2020-06-18 16:44:22,35.6,54.4,123.27129602541376,38.39784946236559,37.03225806451613
650,2020-06-18 16:44:43,2020-06-18 17:10:33,54.8,70.0,122.96602457967832,39.69230769230769,38.0
651,2020-06-18 17:10:54,2020-06-18 17:39:14,70.0,86.0,123.53734444444444,40.0,38.0
652,2020-06-18 17:39:35,2020-06-18 18:01:45,86.0,97.6,128.9236287116859,40.0,38.0
653,2020-06-19 01:52:20,2020-06-19 02:21:30,42.0,70.0,121.81350962301588,39.0625,36.47727272727273
654,2020-06-19 02:21:51,2020-06-19 02:55:01,70.4,96.4,125.7040701923077,40.61,38.0
655,2020-06-19 19:45:26,2020-06-19 20:15:46,37.2,58.0,121.52777777777779,40.16393442622951,38.37158469945355
656,2020-06-19 20:34:00,2020-06-19 21:01:20,66.4,84.8,123.79227053140103,41.872727272727275,40.0
657,2020-06-20 00:51:14,2020-06-20 01:19:54,56.4,72.8,126.5134064193767,39.0,37.0
658,2020-06-20 01:20:15,2020-06-20 01:54:25,73.2,92.0,125.96707114361708,39.0,37.0
659,2020-06-20 14:08:41,2020-06-20 14:38:41,24.0,28.0,123.68754861111108,37.51381215469613,36.0
660,2020-06-20 14:39:02,2020-06-20 15:10:32,28.0,32.4,113.93312847222228,38.0,36.05789473684211
661,2020-06-20 15:10:53,2020-06-20 15:41:33,32.4,36.8,120.65345833333336,38.0,37.0
662,2020-06-20 15:41:54,2020-06-20 16:13:14,36.8,41.2,120.8586377525251,38.195767195767196,37.0
663,2020-06-20 16:13:35,2020-06-20 16:41:35,41.6,45.6,119.27782361111112,38.887573964497044,37.57396449704142
664,2020-06-20 16:41:56,2020-06-20 17:12:16,45.6,53.6,117.21185208333334,39.0,38.0
665,2020-06-20 18:13:59,2020-06-20 18:34:49,53.6,60.8,125.69256712962975,39.0,38.0
666,2020-06-21 00:58:58,2020-06-21 01:36:12,8.0,43.2,123.50782252209595,38.382222222222225,36.28
667,2020-06-21 01:36:33,2020-06-21 02:08:13,43.6,74.0,121.5766722404971,41.282722513089006,38.659685863874344
668,2020-06-21 02:08:34,2020-06-21 02:36:54,74.0,96.0,125.15531521464646,42.0,39.0
669,2020-06-21 13:27:12,2020-06-21 13:53:52,42.4,69.2,123.02914028814263,39.21739130434783,37.81366459627329
670,2020-06-21 13:54:13,2020-06-21 14:16:04,69.6,90.0,124.93383489923747,40.774436090225564,39.42857142857143
671,2020-06-21 20:26:17,2020-06-21 20:55:37,48.8,59.2,122.69369017094014,39.259887005649716,37.7909604519774
672,2020-06-21 20:55:58,2020-06-21 21:25:48,59.2,69.6,124.78370165598307,39.138888888888886,38.0
673,2020-06-21 21:26:09,2020-06-21 21:43:19,70.0,76.0,124.45838101851858,39.0,37.42307692307692
674,2020-06-21 23:03:12,2020-06-21 23:25:02,76.0,84.4,113.06717294973541,38.0,36.0
675,2020-06-21 23:25:23,2020-06-21 23:56:53,84.8,95.6,126.87504861111121,38.0,36.0
676,2020-06-22 06:47:23,2020-06-22 07:20:03,27.6,39.2,121.09204789272026,37.6243654822335,35.111675126903556
677,2020-06-22 07:20:24,2020-06-22 07:52:04,39.2,50.8,117.38514846743297,38.35078534031414,36.0
678,2020-06-22 07:52:25,2020-06-22 08:22:25,50.8,61.6,119.44453703703697,39.0,36.94475138121547
679,2020-06-22 08:22:46,2020-06-22 08:51:16,62.0,72.0,122.55009499999998,39.0,37.0
680,2020-06-22 08:51:37,2020-06-22 09:12:17,72.0,79.2,123.42602160493819,39.0,37.0
681,2020-06-22 11:53:53,2020-06-22 12:22:33,85.6,95.2,128.40287731481467,37.0,36.0
682,2020-06-22 22:47:16,2020-06-22 23:04:56,46.8,65.2,112.4411496074879,40.44859813084112,38.52336448598131
683,2020-06-22 23:05:17,2020-06-22 23:27:17,65.2,86.4,121.46752803983227,41.669172932330824,39.63157894736842
684,2020-06-22 23:32:43,2020-06-22 23:50:23,85.6,97.6,123.2476996527778,42.0,40.0
685,2020-06-23 17:48:28,2020-06-23 18:08:08,10.0,28.4,124.6859916968599,40.15966386554622,38.99159663865546
686,2020-06-23 18:08:29,2020-06-23 18:37:39,28.8,56.8,121.5158767857143,42.28409090909091,40.45454545454545
687,2020-06-23 18:38:00,2020-06-23 19:06:50,57.2,84.0,124.99067490671642,44.09770114942529,42.37931034482759
688,2020-06-24 03:10:46,2020-06-24 03:43:16,56.0,87.2,123.94318696581192,40.86734693877551,38.173469387755105
689,2020-06-24 03:43:37,2020-06-24 04:00:17,87.6,97.6,129.15835916666666,41.46534653465346,39.0
690,2020-06-24 17:13:55,2020-06-24 17:35:45,63.6,84.4,122.75175387286323,39.696969696969695,38.28787878787879
691,2020-06-24 17:36:06,2020-06-24 17:55:56,84.8,97.6,128.9756879340278,40.0,39.0
692,2020-06-25 12:52:15,2020-06-25 13:24:25,38.0,48.0,121.1694980555556,34.5360824742268,33.0
693,2020-06-25 14:08:18,2020-06-25 14:29:00,54.8,61.2,122.2413733506944,35.0,33.0
694,2020-06-25 14:29:21,2020-06-25 14:56:26,61.2,69.6,121.9759135251324,35.0,33.0
695,2020-06-25 14:56:47,2020-06-25 15:26:07,70.0,78.8,126.10169696969697,35.0,33.0
696,2020-06-25 22:23:20,2020-06-25 22:39:33,55.2,70.8,121.4126687678063,34.876106194690266,32.54867256637168
697,2020-06-25 22:39:54,2020-06-25 23:16:24,71.2,97.6,125.85702099116165,35.91818181818182,33.69090909090909
698,2020-06-26 15:43:57,2020-06-26 16:11:21,47.6,73.6,123.0122401442308,37.25903614457831,35.5722891566265
699,2020-06-26 17:10:23,2020-06-26 17:27:03,86.4,97.2,121.67568106995887,38.0,36.148514851485146
700,2020-06-27 01:54:03,2020-06-27 02:25:33,38.8,69.2,120.89638797514617,38.09473684210526,36.06842105263158
701,2020-06-27 02:25:54,2020-06-27 02:58:14,69.6,95.6,124.57372569444445,39.66153846153846,37.276923076923076
702,2020-06-27 14:34:43,2020-06-27 16:05:27,16.8,89.6,122.073457308837,43.542521994134894,41.774193548387096
703,2020-06-27 21:02:08,2020-06-27 21:32:48,50.0,78.8,123.56917042824077,43.15135135135135,40.11891891891892
704,2020-06-27 21:33:09,2020-06-27 21:59:19,79.2,97.6,127.39585763888894,44.0,41.0
705,2020-06-28 19:41:04,2020-06-28 20:10:14,38.4,66.8,119.97213546557121,40.22159090909091,38.90340909090909
706,2020-06-28 20:10:35,2020-06-28 20:39:35,67.2,92.4,122.99769775132275,42.0,40.565714285714286
707,2020-06-29 04:13:59,2020-06-29 05:49:55,22.8,97.6,123.07065689802437,40.80555555555556,38.12361111111111
708,2020-06-29 17:52:48,2020-06-29 18:17:48,28.0,52.0,121.47916180555556,41.01324503311258,39.28476821192053
709,2020-06-29 18:18:09,2020-06-29 18:51:09,52.4,83.6,123.33332692307695,43.597989949748744,41.904522613065325
710,2020-06-29 18:51:30,2020-06-29 19:12:10,84.0,97.6,130.01224785539222,44.008,43.0
711,2020-06-30 11:42:16,2020-06-30 12:03:16,21.6,41.6,122.40555708333332,36.40157480314961,34.98425196850393
712,2020-06-30 12:03:37,2020-06-30 12:31:27,42.0,68.8,121.09090158582092,39.20238095238095,37.88690476190476
713,2020-06-30 20:01:31,2020-06-30 20:31:21,46.8,74.8,123.76142668650796,41.977777777777774,40.17777777777778
714,2020-06-30 20:31:42,2020-06-30 20:48:22,75.2,90.0,124.31026435810817,43.0,41.16831683168317
715,2020-07-01 01:39:25,2020-07-01 02:15:19,58.0,90.8,124.09595024559621,41.345622119815665,38.44239631336406
716,2020-07-01 13:03:01,2020-07-01 13:32:41,38.4,66.8,121.87304411189359,40.13966480446928,38.32960893854749
717,2020-07-01 13:33:02,2020-07-01 14:02:42,67.2,92.8,123.63552549913197,42.01117318435754,40.039106145251395
718,2020-07-02 01:01:18,2020-07-02 01:28:48,16.8,43.2,121.52567319023568,37.04216867469879,33.963855421686745
719,2020-07-02 01:29:09,2020-07-02 01:56:59,43.2,70.4,119.37244582312087,40.13095238095238,37.017857142857146
720,2020-07-02 01:57:20,2020-07-02 02:27:20,70.4,94.8,124.0129770605647,41.18232044198895,38.0
721,2020-07-02 14:09:18,2020-07-02 14:41:38,62.8,91.2,124.71489485524256,38.302564102564105,36.302564102564105
722,2020-07-02 23:46:07,2020-07-03 00:18:57,46.0,77.6,123.11402553621662,36.85858585858586,35.03030303030303
723,2020-07-03 00:19:18,2020-07-03 00:42:08,78.0,95.2,127.26908591731265,38.630434782608695,36.85507246376812
724,2020-07-03 14:13:16,2020-07-03 14:38:06,25.2,48.8,122.74128778248587,36.12,33.7
725,2020-07-03 14:38:27,2020-07-03 15:08:37,49.2,78.0,122.19328607253088,38.75824175824176,36.18681318681319
726,2020-07-04 14:03:42,2020-07-04 14:35:12,32.0,62.8,120.82791576479077,31.457894736842107,29.978947368421053
727,2020-07-04 14:35:33,2020-07-04 15:04:33,63.2,89.6,124.91792718855221,34.074285714285715,32.57142857142857
728,2020-07-04 23:54:11,2020-07-05 00:14:11,21.6,40.4,124.43338031914897,34.578512396694215,32.79338842975206
729,2020-07-05 00:35:00,2020-07-05 00:58:31,58.0,80.0,124.92766667929294,38.62237762237762,36.67132867132867
730,2020-07-05 17:27:13,2020-07-05 17:58:23,36.8,66.4,122.36958004879878,39.234042553191486,37.68617021276596
731,2020-07-05 17:58:44,2020-07-05 18:29:24,66.8,92.8,124.99842756410257,41.0,39.57837837837838
732,2020-07-07 00:36:18,2020-07-07 01:06:38,40.4,69.6,121.33705736301373,36.75409836065574,35.68306010928962
733,2020-07-07 01:06:59,2020-07-07 01:35:29,70.0,93.6,124.87172169256124,38.598837209302324,37.52325581395349
734,2020-07-07 15:09:33,2020-07-07 15:37:13,37.2,63.6,122.08489557028619,40.74251497005988,39.07185628742515
735,2020-07-07 15:37:34,2020-07-07 16:01:54,64.0,87.2,122.19945797413791,42.59863945578231,40.795918367346935
736,2020-07-07 16:02:15,2020-07-07 16:19:25,87.2,97.6,127.68701428953008,43.0,41.0
737,2020-07-08 06:14:50,2020-07-08 06:43:00,3.2,21.2,120.82100509259261,36.67058823529412,34.188235294117646
738,2020-07-08 06:43:21,2020-07-08 07:13:41,21.2,40.4,119.8980281394676,37.15300546448088,34.96174863387978
739,2020-07-08 07:14:02,2020-07-08 07:45:42,40.8,59.6,124.6815953014184,38.853403141361255,36.638743455497384
740,2020-07-08 07:46:03,2020-07-08 08:15:23,59.6,76.4,123.83930051256615,40.0,37.83050847457627
741,2020-07-08 08:15:44,2020-07-08 08:42:54,76.8,91.2,128.84646768904315,40.0,38.0
742,2020-07-08 16:42:56,2020-07-08 17:05:46,47.6,61.6,122.88494940476191,39.82608695652174,38.55072463768116
743,2020-07-08 17:06:07,2020-07-08 17:42:44,62.0,84.0,125.57024834595964,40.85067873303167,39.28054298642534
744,2020-07-08 17:43:05,2020-07-08 18:05:35,84.4,97.6,127.69890435606075,41.0,40.0
745,2020-07-09 02:31:21,2020-07-09 03:00:21,43.2,71.2,121.09674022817462,40.034285714285716,37.394285714285715
746,2020-07-09 13:14:34,2020-07-09 13:38:54,35.2,51.6,123.89230115176156,38.98639455782313,37.19047619047619
747,2020-07-09 13:39:15,2020-07-09 14:14:55,52.0,76.0,124.09030254629631,40.925581395348836,39.35813953488372
748,2020-07-09 23:06:02,2020-07-09 23:37:22,14.8,44.8,123.06807333333339,39.62433862433863,37.6931216931217
749,2020-07-09 23:37:43,2020-07-10 00:02:33,45.2,69.2,121.93288842592594,42.486666666666665,40.46666666666667
750,2020-07-10 00:03:24,2020-07-10 00:26:24,70.0,90.4,126.47333741830064,43.73381294964029,41.63309352517986
751,2020-07-10 17:56:37,2020-07-10 18:34:31,44.0,67.6,120.98025275423736,39.0,37.65938864628821
752,2020-07-10 23:13:16,2020-07-10 23:47:26,52.4,84.8,123.04441177983543,40.23300970873787,38.5
753,2020-07-10 23:47:47,2020-07-11 00:07:27,85.2,97.6,130.78853169802878,41.0,39.0
754,2020-07-11 06:03:08,2020-07-11 06:32:48,54.0,82.0,124.28769285714284,38.547486033519554,35.770949720670394
755,2020-07-11 06:33:09,2020-07-11 06:56:29,82.4,97.6,128.5380252192984,39.0,36.99290780141844
756,2020-07-11 13:03:35,2020-07-11 13:23:55,39.6,59.6,121.4291846527778,41.333333333333336,39.699186991869915
757,2020-07-11 13:24:16,2020-07-11 13:54:46,60.0,88.8,124.6108390721451,42.82065217391305,41.40217391304348
758,2020-07-12 00:46:22,2020-07-12 01:13:22,27.6,53.6,121.8477503739316,39.34355828220859,36.7239263803681
759,2020-07-12 01:13:43,2020-07-12 01:43:03,54.0,82.0,122.95336676587303,41.80225988700565,38.898305084745765
760,2020-07-12 01:43:24,2020-07-12 02:06:04,82.0,97.6,126.92933297720805,42.53284671532847,39.22627737226277
761,2020-07-12 20:30:28,2020-07-12 21:03:38,26.4,58.4,120.99696922743055,38.445,37.04
762,2020-07-12 21:03:59,2020-07-12 21:30:19,58.4,83.6,121.92074586640214,40.9748427672956,39.666666666666664
763,2020-07-12 21:30:40,2020-07-12 21:51:40,84.0,97.6,130.1552304942811,42.0,40.05511811023622
764,2020-07-13 04:18:34,2020-07-13 04:45:14,51.2,76.4,123.73293187830687,38.67080745341615,36.099378881987576
765,2020-07-13 04:45:35,2020-07-13 05:14:15,76.8,97.6,126.98651655982908,39.0,37.0
766,2020-07-13 14:38:38,2020-07-13 15:05:58,9.6,36.0,123.07766019570707,42.23030303030303,40.24848484848485
767,2020-07-13 15:21:59,2020-07-13 15:38:49,51.6,67.6,121.09723281250007,45.931372549019606,43.92156862745098
768,2020-07-13 15:39:10,2020-07-13 16:09:50,68.0,92.4,124.47463131830601,47.0,44.983783783783785
769,2020-07-13 20:09:02,2020-07-13 20:31:02,68.0,86.8,124.1334081708038,45.714285714285715,42.97744360902256
770,2020-07-13 20:31:23,2020-07-13 20:49:33,87.2,97.6,129.22006917735055,45.91818181818182,43.0
771,2020-07-14 00:15:01,2020-07-14 00:48:41,76.0,97.6,124.8759376929013,43.0,40.0
772,2020-07-14 16:47:43,2020-07-14 17:09:03,36.8,57.2,122.5122697440087,42.89147286821706,40.85271317829457
773,2020-07-14 17:09:24,2020-07-14 17:54:30,57.6,94.0,124.36082074938952,44.80514705882353,42.8125
774,2020-07-14 23:17:31,2020-07-14 23:38:31,50.4,70.0,125.24873710317462,42.803149606299215,39.960629921259844
775,2020-07-14 23:38:52,2020-07-15 00:11:52,70.4,96.4,125.25001501068375,43.19597989949749,40.90954773869347
776,2020-07-15 06:52:07,2020-07-15 07:16:07,58.8,74.8,124.74997499999998,39.38620689655173,36.855172413793106
777,2020-07-15 07:16:28,2020-07-15 07:41:38,74.8,91.6,123.33496850198414,40.0,37.41447368421053
778,2020-07-15 14:05:03,2020-07-15 14:38:48,58.4,89.6,123.2336715811966,41.7007874015748,40.24015748031496
779,2020-07-16 01:04:29,2020-07-16 02:20:25,18.8,90.0,122.73135406132958,41.219298245614034,39.20175438596491
780,2020-07-16 12:29:13,2020-07-16 13:02:03,53.6,73.6,124.21941708333337,39.59090909090909,38.09090909090909
781,2020-07-16 13:02:24,2020-07-16 13:22:34,74.0,86.4,123.06000873655904,40.0,39.0
782,2020-07-17 00:18:16,2020-07-17 00:47:16,28.0,33.2,124.62345860042727,38.0,35.0
783,2020-07-17 00:47:37,2020-07-17 01:20:37,33.2,39.2,117.9514453703704,38.0,35.17085427135678
784,2020-07-17 01:20:58,2020-07-17 01:52:08,39.2,44.8,113.1944863591271,38.0,35.5531914893617
785,2020-07-17 01:52:29,2020-07-17 02:22:09,44.8,49.6,118.41151591435175,38.0,35.18994413407821
786,2020-07-17 02:22:30,2020-07-17 02:49:20,50.0,54.0,120.51049222222221,38.0,35.0
787,2020-07-17 02:49:41,2020-07-17 03:18:51,54.0,58.4,114.54235864898993,38.0,35.0
788,2020-07-17 03:19:12,2020-07-17 03:46:52,58.4,62.4,120.42368749999999,37.52694610778443,34.82035928143713
789,2020-07-17 03:47:13,2020-07-17 04:18:43,62.4,66.8,126.02911647727278,37.0,34.0
790,2020-07-17 04:19:04,2020-07-17 04:45:44,67.2,70.8,131.7130347222224,37.0,34.0
791,2020-07-17 04:46:05,2020-07-17 05:11:55,70.8,74.8,115.2847909722222,36.19871794871795,33.12179487179487
792,2020-07-17 05:12:16,2020-07-17 05:43:06,74.8,79.2,126.66042582070689,36.0,33.0
793,2020-07-17 05:43:27,2020-07-17 06:15:27,79.2,83.6,133.07772159090936,36.0,33.0
794,2020-07-17 06:15:48,2020-07-17 06:45:38,83.6,88.0,124.94325568181799,35.68333333333333,32.8
795,2020-07-17 11:41:23,2020-07-17 12:11:43,45.6,66.4,121.12115190972223,38.54644808743169,37.10382513661202
796,2020-07-17 12:12:04,2020-07-17 12:42:24,66.8,86.8,125.91531875000004,39.48087431693989,38.049180327868854
797,2020-07-17 12:42:45,2020-07-17 13:00:25,87.2,97.6,129.1800743856839,40.0,39.0
798,2020-07-17 21:43:50,2020-07-17 23:01:30,38.0,97.6,123.82327474832215,40.01372212692967,38.4631217838765
799,2020-07-18 03:44:14,2020-07-18 04:15:04,73.6,97.6,125.01158599537041,39.994623655913976,37.0
800,2020-07-18 15:03:59,2020-07-18 15:33:59,20.8,49.6,121.14393537808643,41.78453038674033,39.85635359116022
801,2020-07-18 15:34:20,2020-07-18 16:01:40,50.0,75.2,122.84724399250439,44.7030303030303,42.85454545454545
802,2020-07-18 16:02:01,2020-07-18 16:30:11,75.6,95.2,126.00556058673466,45.73529411764706,44.0
803,2020-07-19 02:47:32,2020-07-19 03:15:52,13.6,40.4,122.99443542703156,38.57309941520468,36.03508771929825
804,2020-07-19 03:16:13,2020-07-19 03:45:13,40.8,68.8,120.50697331349211,41.628571428571426,39.142857142857146
805,2020-07-19 03:45:34,2020-07-19 04:13:34,69.2,92.8,125.04827301082867,43.005917159763314,40.603550295857985
806,2020-07-19 07:47:44,2020-07-19 08:40:34,66.0,97.6,124.95780024613224,39.94458438287154,36.0
807,2020-07-20 12:48:55,2020-07-20 14:41:59,31.2,97.6,123.50757925451808,39.206124852767964,37.791519434628974
808,2020-07-20 20:50:36,2020-07-20 21:39:02,40.8,86.4,124.1049722831384,42.51923076923077,40.35164835164835
809,2020-07-21 06:45:22,2020-07-21 07:15:42,44.4,65.2,120.9736029647436,36.44808743169399,34.03825136612022
810,2020-07-21 07:16:03,2020-07-21 07:53:23,65.2,90.4,122.6852340718695,37.04,35.0
811,2020-07-21 15:51:22,2020-07-21 16:20:02,46.0,66.0,120.68681034722223,39.017341040462426,37.410404624277454
812,2020-07-21 16:20:23,2020-07-21 16:52:23,66.4,88.0,124.80132272376548,40.0,38.0
813,2020-07-22 10:46:56,2020-07-22 11:49:31,29.6,79.2,122.69602317988351,36.86808510638298,35.255319148936174
814,2020-07-22 11:59:31,2020-07-22 12:25:08,79.6,97.2,121.60772967960854,38.60621761658031,36.97409326424871
815,2020-07-22 20:23:37,2020-07-22 20:51:47,41.2,58.4,121.82415439276488,38.45294117647059,37.01176470588236
816,2020-07-22 20:52:08,2020-07-22 21:22:48,58.8,76.4,124.18562515782821,39.0,38.0
817,2020-07-23 16:09:07,2020-07-23 16:33:56,56.4,81.2,123.18302867383511,39.97860962566845,37.80213903743316
818,2020-07-23 23:14:21,2020-07-23 23:48:11,19.2,51.6,122.74563233024689,41.3235294117647,39.21568627450981
819,2020-07-23 23:48:32,2020-07-24 00:17:42,52.0,80.0,121.33333745039681,44.1875,41.88068181818182
820,2020-07-24 06:32:50,2020-07-24 06:57:40,40.4,64.0,122.75306503060264,39.35333333333333,36.32666666666667
821,2020-07-24 06:58:01,2020-07-24 07:28:41,64.4,91.6,123.24245062295758,40.74594594594595,37.68108108108108
822,2020-07-24 15:45:17,2020-07-24 16:12:17,68.4,92.0,123.69232915489643,43.4601226993865,42.0
823,2020-07-25 00:42:11,2020-07-25 01:08:31,18.4,43.2,123.64415316980286,41.503144654088054,38.9685534591195
824,2020-07-25 01:09:22,2020-07-25 01:42:42,44.0,75.2,121.22019150641027,44.875621890547265,42.398009950248756
825,2020-07-25 06:45:22,2020-07-25 07:16:32,52.4,82.0,122.90494252064565,41.851063829787236,38.83510638297872
826,2020-07-25 07:16:53,2020-07-25 07:39:33,82.0,97.6,125.90458876424503,42.02189781021898,39.03649635036496
827,2020-07-25 17:20:53,2020-07-25 18:11:36,33.2,82.4,120.88369456865402,42.76797385620915,41.169934640522875
828,2020-07-25 18:11:57,2020-07-25 18:33:57,82.8,97.6,127.24194266141147,44.0,42.0
829,2020-07-26 05:45:09,2020-07-26 06:11:49,62.4,87.6,123.82442581569669,37.83229813664596,36.03105590062112
830,2020-07-26 15:10:46,2020-07-26 15:33:06,22.8,44.0,123.00184316037735,41.49629629629629,39.74814814814815
831,2020-07-26 15:33:27,2020-07-26 16:05:47,44.4,74.8,121.80601937134506,44.31794871794872,42.51794871794872
832,2020-07-26 16:06:08,2020-07-26 16:31:38,75.2,93.6,124.88980887681167,45.0,43.34415584415584
833,2020-07-27 00:55:52,2020-07-27 01:23:12,26.8,53.2,122.93089409722225,40.836363636363636,38.484848484848484
834,2020-07-27 01:23:33,2020-07-27 01:49:43,53.6,78.8,123.20438326719581,43.39873417721519,40.879746835443036
835,2020-07-27 01:50:04,2020-07-27 02:15:24,79.2,97.6,126.78746346618364,44.0,41.31372549019608
836,2020-07-27 11:05:37,2020-07-27 11:56:37,55.2,97.6,124.43564546318137,40.5224358974359,38.69551282051282
837,2020-07-28 01:44:14,2020-07-28 02:16:04,28.0,58.8,121.02726370851373,39.765625,37.697916666666664
838,2020-07-28 02:16:25,2020-07-28 02:46:45,59.2,88.0,123.37049619020067,42.46994535519126,40.27322404371585
839,2020-07-28 10:59:11,2020-07-28 11:34:11,46.4,80.0,121.99159647817459,41.170616113744074,39.19431279620853
840,2020-07-28 11:34:32,2020-07-28 11:59:02,80.4,97.6,128.54652026808796,42.439189189189186,40.66216216216216
841,2020-07-28 15:44:50,2020-07-28 16:01:20,52.0,57.6,118.8566976686508,44.0,40.66
842,2020-07-28 16:01:41,2020-07-28 16:36:24,57.6,68.8,125.02138102678579,43.47142857142857,40.26190476190476
843,2020-07-28 20:09:36,2020-07-28 20:42:06,74.0,84.4,126.04171874999996,39.0,36.0
844,2020-07-28 20:42:27,2020-07-28 21:15:07,84.4,95.2,121.43134027777779,39.0,36.0
845,2020-07-29 02:19:56,2020-07-29 03:10:06,43.6,84.4,123.1738989208878,39.93103448275862,37.61803713527851
846,2020-07-29 05:58:29,2020-07-29 06:15:29,50.0,61.6,123.06512260536395,40.0,37.0
847,2020-07-29 06:15:50,2020-07-29 06:44:10,62.0,81.2,124.04150571469903,40.0,37.0
848,2020-07-29 06:44:31,2020-07-29 07:10:01,81.2,97.6,123.5340643631437,40.0,37.52597402597402
849,2020-07-29 16:31:54,2020-07-29 17:08:26,21.6,41.2,122.24560739795918,41.87782805429864,40.339366515837106
850,2020-07-29 17:08:47,2020-07-29 17:34:14,41.2,55.6,117.81828645833335,43.270967741935486,41.66451612903226
851,2020-07-29 17:34:35,2020-07-29 18:04:15,56.0,72.4,120.5860423441734,44.0,42.0
852,2020-07-29 18:04:36,2020-07-29 18:27:26,72.4,84.8,122.74641442652339,44.0,42.0
853,2020-07-30 00:05:08,2020-07-30 01:13:19,28.8,84.4,122.63876559752195,42.46393762183236,39.42884990253411
854,2020-07-30 06:13:28,2020-07-30 07:27:39,41.2,97.6,124.97176773542162,40.12567324955117,37.0556552962298
855,2020-07-30 17:15:39,2020-07-30 17:39:59,22.8,46.0,123.11364106800768,42.29931972789116,40.285714285714285
856,2020-07-30 17:40:20,2020-07-30 18:09:40,46.4,74.4,120.7872118551587,44.49152542372882,42.49152542372882
857,2020-07-30 18:10:01,2020-07-30 18:37:51,74.4,94.4,125.31321590277777,45.0,43.0
858,2020-07-31 17:45:40,2020-07-31 18:10:30,14.0,38.0,121.97861087962964,35.526666666666664,33.64666666666667
859,2020-07-31 18:10:51,2020-07-31 18:35:31,38.0,62.0,121.07409120370372,38.36241610738255,36.57046979865772
860,2020-07-31 18:35:52,2020-07-31 19:02:12,62.4,87.2,125.1327497199821,40.257861635220124,38.465408805031444
861,2020-08-01 01:34:27,2020-08-01 01:59:07,22.0,45.2,123.37944767720303,37.14093959731544,34.40268456375839
862,2020-08-01 01:59:28,2020-08-01 02:27:38,45.6,72.8,120.13686356209152,40.01176470588236,37.294117647058826
863,2020-08-01 02:27:59,2020-08-01 02:47:39,72.8,90.4,122.15200315656556,41.0,38.142857142857146
864,2020-08-01 17:40:50,2020-08-01 18:10:40,22.8,51.6,120.51266758294756,33.06111111111111,30.655555555555555
865,2020-08-01 18:11:01,2020-08-01 18:39:41,51.6,79.2,120.82833564814818,36.15028901734104,33.641618497109825
866,2020-08-01 18:40:02,2020-08-01 19:05:42,79.6,97.6,125.43676427469137,37.0,34.58064516129032
867,2020-08-01 23:56:31,2020-08-02 00:17:31,65.6,85.6,122.46596993055556,35.29133858267716,32.574803149606296
868,2020-08-02 00:17:52,2020-08-02 00:34:42,85.6,96.4,126.62683410493814,36.0,33.0
869,2020-08-02 17:22:56,2020-08-02 17:58:50,22.0,36.4,122.10592609953706,30.77880184331797,29.377880184331797
870,2020-08-02 17:59:11,2020-08-02 18:28:11,36.4,48.0,117.58025371168583,32.08571428571429,30.542857142857144
871,2020-08-02 18:28:32,2020-08-02 19:00:42,48.0,60.4,117.14384688620075,33.0,31.623711340206185
872,2020-08-02 19:01:03,2020-08-02 19:32:43,60.8,72.0,123.37799193948409,33.0,32.0
873,2020-08-02 19:33:04,2020-08-02 20:01:54,72.4,82.0,128.53881206597228,33.06896551724138,32.0
874,2020-08-02 20:02:15,2020-08-02 20:30:35,82.4,91.6,129.7388635265702,33.251461988304094,32.0
875,2020-08-02 20:30:56,2020-08-02 20:49:36,91.6,97.6,128.16209745370372,33.0,32.0
876,2020-08-03 02:53:21,2020-08-03 04:22:45,41.6,97.6,123.75941051091273,36.134128166915055,33.81222056631893
877,2020-08-03 16:14:26,2020-08-03 17:06:20,32.0,81.6,122.09647344590056,35.65384615384615,33.56410256410256
878,2020-08-04 16:42:49,2020-08-04 17:05:59,25.6,48.0,121.02246112351189,35.74285714285714,33.57857142857143
879,2020-08-04 17:06:20,2020-08-04 17:32:00,48.4,73.2,121.01256149193547,38.34193548387097,36.193548387096776
880,2020-08-04 17:32:21,2020-08-04 17:59:11,73.6,94.8,125.50774312106918,39.0,37.0
881,2020-08-05 17:01:23,2020-08-05 17:33:03,22.0,52.4,121.65160201937138,32.90575916230367,31.12041884816754
882,2020-08-05 17:33:24,2020-08-05 18:01:44,52.8,80.0,121.6569764093137,35.94736842105263,33.8421052631579
883,2020-08-05 18:02:05,2020-08-05 18:27:25,80.4,97.6,127.5379512273903,37.0,34.8235294117647
884,2020-08-06 16:48:46,2020-08-06 18:05:48,30.0,97.6,122.91234531763646,38.00345423143351,36.652849740932645
885,2020-08-07 03:47:09,2020-08-07 04:44:56,49.2,97.6,125.09737782082189,36.50230414746544,34.25115207373272
886,2020-08-07 18:29:16,2020-08-07 18:58:16,30.4,58.8,120.66655276799685,41.24,39.097142857142856
887,2020-08-07 18:58:37,2020-08-07 19:26:57,59.2,86.0,124.91862100953566,43.526315789473685,41.49707602339181
888,2020-08-08 01:30:23,2020-08-08 01:48:23,40.4,51.2,125.30609927983537,39.24770642201835,36.48623853211009
889,2020-08-08 01:48:44,2020-08-08 02:19:14,51.6,70.4,122.21633909574463,40.0,37.0
890,2020-08-08 02:27:38,2020-08-08 02:55:38,74.4,91.6,122.55574442829469,40.0,37.0
891,2020-08-08 19:11:14,2020-08-08 19:36:54,6.4,22.0,123.0991824252137,40.0,38.13548387096774
892,2020-08-08 19:37:15,2020-08-08 20:08:15,22.0,41.2,120.79644335937499,40.524064171122994,39.080213903743314
893,2020-08-08 20:08:36,2020-08-08 20:37:46,41.2,59.2,121.20910424382716,42.34659090909091,40.68181818181818
894,2020-08-08 20:38:07,2020-08-08 21:05:57,59.2,76.4,121.04893564276485,43.0,41.982142857142854
895,2020-08-08 21:06:18,2020-08-08 21:36:28,76.4,94.0,127.87405942234855,43.81318681318681,42.0
896,2020-08-09 04:23:03,2020-08-09 04:47:13,28.4,51.6,121.86603777538313,38.897260273972606,35.80821917808219
897,2020-08-09 04:47:34,2020-08-09 05:15:54,52.0,79.2,121.70395450367646,40.9766081871345,37.97076023391813
898,2020-08-09 05:16:15,2020-08-09 05:41:45,79.6,97.6,126.87963850308644,42.0,39.0
899,2020-08-09 13:34:44,2020-08-09 13:52:04,62.4,74.4,121.1979332175925,39.58095238095238,38.0
900,2020-08-09 13:52:25,2020-08-09 14:22:55,74.4,94.4,124.09860687499996,39.95652173913044,38.41847826086956
901,2020-08-09 18:47:03,2020-08-09 19:48:41,60.8,97.6,125.50047435084541,42.0,40.33909287257019
902,2020-08-10 00:44:13,2020-08-10 01:11:43,65.2,90.0,124.44781446012547,40.84939759036145,38.0
903,2020-08-10 10:03:42,2020-08-10 10:30:52,78.4,97.6,127.12674732349545,37.0,35.1219512195122
904,2020-08-10 16:22:26,2020-08-10 17:13:56,40.0,82.0,122.65830693783066,42.68217054263566,40.565891472868216
905,2020-08-11 00:06:34,2020-08-11 00:33:04,38.0,63.6,120.82303271484376,41.96875,39.5125
906,2020-08-11 00:33:25,2020-08-11 01:05:35,64.0,92.0,125.2807611111111,43.6958762886598,41.09278350515464
907,2020-08-11 15:59:22,2020-08-11 16:18:22,22.4,40.4,123.29630709876544,37.869565217391305,36.426086956521736
908,2020-08-11 16:18:43,2020-08-11 16:40:23,40.8,62.0,119.34356302410905,40.19083969465649,38.847328244274806
909,2020-08-11 16:45:04,2020-08-11 17:10:04,65.2,88.4,123.83142726293104,42.01324503311258,40.41721854304636
910,2020-08-12 05:40:51,2020-08-12 09:53:17,20.0,97.6,121.85291734321308,32.88906497622821,30.380348652931854
911,2020-08-12 12:55:36,2020-08-12 13:23:36,70.0,88.8,124.81091903073288,35.01183431952663,33.07692307692308
912,2020-08-12 19:41:55,2020-08-12 20:12:05,64.8,86.0,123.78409080188679,35.1978021978022,32.972527472527474
913,2020-08-13 06:59:38,2020-08-13 07:16:08,54.4,70.0,123.55236520655272,32.06,30.28
914,2020-08-13 16:02:24,2020-08-13 16:31:14,32.0,49.6,123.14238841540404,34.39655172413793,32.327586206896555
915,2020-08-13 16:31:35,2020-08-13 16:52:54,50.0,63.2,121.38660098905724,35.94615384615385,33.776923076923076
916,2020-08-13 16:53:15,2020-08-13 17:20:25,63.6,80.0,124.51391649729,36.707317073170735,34.0
917,2020-08-13 17:20:46,2020-08-13 17:49:36,80.4,97.6,125.30363380167971,37.0,34.04597701149425
918,2020-08-14 01:34:32,2020-08-14 02:10:52,23.6,45.6,124.41416893939396,36.333333333333336,32.90867579908676
919,2020-08-14 02:11:13,2020-08-14 02:38:43,46.0,63.2,120.44576308139534,37.90963855421687,34.674698795180724
920,2020-08-14 02:39:04,2020-08-14 03:12:44,63.6,84.0,124.32464624183012,38.77832512315271,35.0
921,2020-08-14 03:13:05,2020-08-14 03:35:55,84.4,97.6,129.3455675505052,39.0,35.0
922,2020-08-14 12:48:08,2020-08-14 13:14:18,20.4,45.2,123.31710696684588,36.84177215189873,35.5253164556962
923,2020-08-14 13:14:39,2020-08-14 13:44:59,45.6,74.8,121.27236230022834,39.622950819672134,38.34426229508197
924,2020-08-14 13:45:20,2020-08-14 14:12:30,75.2,96.0,125.52484862446587,41.0,39.042682926829265
925,2020-08-14 22:10:01,2020-08-14 22:34:31,40.4,49.2,119.83739094065649,36.560810810810814,34.0
926,2020-08-14 22:34:52,2020-08-14 23:03:02,49.2,59.2,121.58606416666662,37.0,34.870588235294115
927,2020-08-14 23:03:23,2020-08-14 23:30:33,59.6,69.2,122.15562413194438,37.0,35.0
928,2020-08-14 23:30:54,2020-08-15 00:01:14,69.2,80.0,121.23966512345676,37.0,34.90163934426229
929,2020-08-15 04:20:36,2020-08-15 04:40:16,45.6,61.2,123.61735541310546,35.88235294117647,33.42857142857143
930,2020-08-15 04:40:37,2020-08-15 05:11:07,61.2,84.4,122.77719306752873,37.0,34.47282608695652
931,2020-08-15 05:11:28,2020-08-15 05:28:38,84.4,95.6,122.75424169146838,37.125,35.0
932,2020-08-15 16:35:30,2020-08-15 16:56:40,30.4,50.4,123.54445166666667,36.0546875,34.6328125
933,2020-08-15 16:57:01,2020-08-15 17:25:11,50.8,77.6,122.6461472844113,38.54705882352941,37.21764705882353
934,2020-08-15 17:25:32,2020-08-15 17:52:02,78.0,97.2,126.39973640046296,39.8,38.0
935,2020-08-16 00:39:42,2020-08-16 01:12:42,58.0,88.8,123.65576560245317,39.46733668341709,36.71356783919598
936,2020-08-16 11:10:33,2020-08-16 12:44:52,13.6,97.6,122.67487554232805,38.13559322033898,36.295197740113
937,2020-08-16 17:43:37,2020-08-16 18:01:37,56.0,73.2,122.18347109173125,41.80733944954128,39.944954128440365
938,2020-08-16 18:01:58,2020-08-16 18:31:48,73.2,96.4,123.838003591954,42.166666666666664,40.87777777777778
939,2020-08-17 16:50:20,2020-08-17 17:22:20,30.8,61.6,121.45699711399712,36.373056994818654,35.27979274611399
940,2020-08-17 17:22:41,2020-08-17 17:53:11,62.0,90.0,122.30358377976191,39.0,37.64673913043478
941,2020-08-18 03:44:10,2020-08-18 04:15:40,26.4,57.2,120.46132656926407,38.857894736842105,36.44210526315789
942,2020-08-18 04:16:01,2020-08-18 04:47:41,57.2,87.6,122.69647203947376,41.60732984293194,39.09947643979058
943,2020-08-18 04:48:02,2020-08-18 05:04:32,88.0,97.6,128.83394010416674,42.0,39.86
944,2020-08-18 18:13:11,2020-08-18 18:33:51,14.8,34.4,122.93295656179137,38.048,36.36
945,2020-08-18 18:34:12,2020-08-18 19:05:42,34.4,64.8,120.80042982456143,40.73157894736842,38.98947368421052
946,2020-08-18 19:06:03,2020-08-18 19:36:23,65.2,91.6,124.43497448442767,42.87978142076503,40.92896174863388
947,2020-08-19 03:52:31,2020-08-19 04:28:31,39.6,74.4,120.86607104086843,36.03225806451613,32.064516129032256
948,2020-08-19 04:28:52,2020-08-19 04:53:52,74.8,94.4,124.82994905045346,37.033112582781456,33.49006622516556
949,2020-08-19 17:29:59,2020-08-19 17:52:39,12.4,34.4,122.36808327020205,31.554744525547445,29.64963503649635
950,2020-08-19 17:53:00,2020-08-19 18:24:44,34.8,66.0,120.77014553062678,34.869791666666664,32.958333333333336
951,2020-08-19 18:25:05,2020-08-19 18:59:51,66.4,95.2,124.35264257330249,37.53080568720379,35.51184834123223
952,2020-08-19 23:13:10,2020-08-20 01:22:19,59.2,97.6,125.29951302806717,36.21981424148607,33.21362229102167
953,2020-08-20 13:15:37,2020-08-20 13:35:48,50.8,57.6,126.34193402777767,33.0,31.715447154471544
954,2020-08-20 13:36:09,2020-08-20 13:59:36,58.0,66.0,123.12852868055558,33.0,32.0
955,2020-08-20 18:36:23,2020-08-20 18:53:23,61.2,77.6,121.66411847899734,34.96116504854369,33.90291262135922
956,2020-08-21 00:12:52,2020-08-21 00:44:42,51.2,82.0,122.47927353896111,38.541666666666664,36.494791666666664
957,2020-08-21 00:45:03,2020-08-21 01:06:33,82.0,97.2,124.63633908991225,39.5,37.776923076923076
958,2020-08-21 13:37:09,2020-08-21 14:07:59,27.2,57.2,120.7657409259259,40.03763440860215,38.52150537634409
959,2020-08-21 14:08:20,2020-08-21 14:35:10,57.6,83.6,121.30021709401713,42.77160493827161,41.39506172839506
960,2020-08-21 14:35:31,2020-08-21 14:55:01,83.6,96.8,125.1389209806397,43.99152542372882,42.0
961,2020-08-21 23:12:16,2020-08-21 23:39:56,38.4,64.8,122.69941493055556,40.21556886227545,37.35329341317365
962,2020-08-21 23:40:17,2020-08-22 00:07:37,65.2,90.0,124.02052088933692,41.96969696969697,39.0
963,2020-08-22 11:47:33,2020-08-22 12:17:03,21.2,50.0,121.54081606867287,37.6123595505618,35.97752808988764
964,2020-08-22 12:17:24,2020-08-22 12:46:54,50.4,78.8,123.30743569053213,41.08988764044944,39.38202247191011
965,2020-08-22 18:28:44,2020-08-22 18:57:14,43.2,70.4,122.47550633169936,41.98837209302326,39.593023255813954
966,2020-08-22 18:57:35,2020-08-22 19:19:15,70.8,90.0,125.41451099537035,43.0,40.49618320610687
967,2020-08-23 03:30:57,2020-08-23 05:05:25,23.6,97.6,122.5659876858108,37.228490832157966,34.57263751763047
968,2020-08-23 15:05:23,2020-08-23 15:31:53,21.6,46.8,122.86983179012347,39.78125,37.83125
969,2020-08-23 16:02:51,2020-08-23 16:24:41,58.8,81.2,113.90378224206347,42.84090909090909,40.71969696969697
970,2020-08-23 23:28:36,2020-08-23 23:52:36,3.2,26.4,121.53316744492338,41.0,38.0
971,2020-08-23 23:52:57,2020-08-24 00:23:07,26.8,55.6,123.13513324652779,42.65384615384615,39.95054945054945
972,2020-08-24 00:23:28,2020-08-24 00:49:48,56.0,80.0,124.3159657986111,44.9685534591195,42.22012578616352
973,2020-08-24 00:50:09,2020-08-24 01:17:39,80.4,97.6,130.16071043281661,45.234939759036145,42.3433734939759
974,2020-08-24 04:43:59,2020-08-24 05:08:29,79.6,97.6,123.69368873456787,41.37837837837838,37.945945945945944
975,2020-08-24 13:21:20,2020-08-24 13:43:00,18.0,32.8,123.66274962462467,38.25190839694657,36.954198473282446
976,2020-08-24 13:43:21,2020-08-24 14:14:31,33.2,55.2,119.67363472222223,40.069148936170215,38.744680851063826
977,2020-08-24 14:14:52,2020-08-24 14:42:52,55.2,74.8,120.62431519274381,41.9112426035503,40.0
978,2020-08-24 14:43:13,2020-08-24 15:07:03,74.8,90.8,124.85419305555556,42.0,40.56944444444444
979,2020-08-25 12:27:24,2020-08-25 12:46:54,10.8,24.0,121.84448348063974,37.54237288135593,36.0
980,2020-08-25 12:47:15,2020-08-25 13:15:55,24.0,43.2,123.19372272858793,38.64739884393064,37.13294797687861
981,2020-08-25 13:16:16,2020-08-25 13:44:46,43.6,63.2,120.0602422760771,40.71511627906977,39.44186046511628
982,2020-08-25 13:45:07,2020-08-25 14:14:17,63.6,83.2,122.97550262188209,42.0,40.52272727272727
983,2020-08-26 07:14:15,2020-08-26 07:43:15,18.8,46.0,124.39031893382351,36.10285714285714,34.822857142857146
984,2020-08-26 07:43:36,2020-08-26 08:11:56,46.4,73.6,121.5471833129085,39.38202247191011,37.89325842696629
985,2020-08-27 07:10:46,2020-08-27 08:02:24,56.8,97.6,126.00242814542484,31.213917525773194,29.86082474226804
986,2020-08-27 15:06:00,2020-08-27 15:26:40,58.8,78.0,125.84347721354166,37.68,35.832
987,2020-08-27 15:27:01,2020-08-27 15:53:31,78.4,97.6,126.61892853009269,38.91875,37.0
988,2020-08-27 21:28:46,2020-08-27 21:46:16,51.2,63.2,122.37039155092594,39.0,37.283018867924525
989,2020-08-27 21:57:37,2020-08-27 22:23:27,62.4,80.0,123.73265814393936,39.0,37.0
990,2020-08-27 22:23:48,2020-08-27 22:52:58,80.0,97.6,123.53694247159095,39.16477272727273,37.13636363636363
991,2020-08-28 03:23:24,2020-08-28 03:50:24,79.2,97.6,124.88602332427541,37.0,34.85889570552147
992,2020-08-28 16:05:08,2020-08-28 16:33:48,40.4,67.2,122.56998999792701,41.20809248554913,39.445086705202314
993,2020-08-28 16:34:09,2020-08-28 17:01:39,67.6,91.2,124.2949868173258,42.24096385542169,40.975903614457835
994,2020-08-29 00:08:26,2020-08-29 00:35:36,59.2,84.8,124.34247016059032,40.30487804878049,38.02439024390244
995,2020-08-29 00:35:57,2020-08-29 00:56:07,85.2,97.6,128.45992249103955,41.0,39.0
996,2020-08-29 16:05:16,2020-08-29 17:23:59,13.2,77.2,123.19363425781249,41.06429780033841,39.206429780033844
997,2020-08-30 10:53:11,2020-08-30 11:14:31,24.0,44.4,122.16504309640524,34.10077519379845,32.84496124031008
998,2020-08-30 11:14:52,2020-08-30 11:43:52,44.8,72.8,120.8472279761905,37.29142857142857,35.988571428571426
999,2020-08-30 11:44:13,2020-08-30 12:13:23,72.8,95.6,124.55593232212476,38.92613636363637,37.71022727272727
1000,2020-08-30 22:58:16,2020-08-30 23:19:06,70.0,77.2,125.23148148148144,36.0,34.0
1001,2020-08-30 23:19:27,2020-08-30 23:45:57,77.2,86.4,124.81884057971008,36.0,34.0
1002,2020-08-30 23:46:18,2020-08-31 00:17:38,86.4,97.2,125.72016460905353,36.0,34.0
1003,2020-08-31 11:00:50,2020-08-31 11:25:10,54.4,77.2,124.82153124999998,36.0,34.0
1004,2020-08-31 11:25:31,2020-08-31 11:53:11,77.6,97.6,125.38334500000002,36.76047904191617,34.94011976047904
1005,2020-08-31 20:57:23,2020-08-31 21:21:53,40.8,64.0,123.6081414032567,39.54054054054054,37.42567567567568
1006,2020-08-31 21:22:14,2020-08-31 21:51:14,64.4,90.0,126.34333859592017,41.29142857142857,39.13142857142857
1007,2020-09-01 14:29:37,2020-09-01 14:57:57,26.0,52.8,123.52406301824215,41.23391812865497,39.461988304093566
1008,2020-09-01 14:58:18,2020-09-01 15:24:48,53.2,78.4,122.85936265432096,43.83125,42.35
1009,2020-09-02 01:06:12,2020-09-02 01:24:22,2.8,20.0,123.51665180878557,40.0,36.90909090909091
1010,2020-09-02 01:24:43,2020-09-02 01:54:53,20.4,49.2,122.45661467978395,41.36813186813187,37.824175824175825
1011,2020-09-02 02:07:16,2020-09-02 02:25:16,60.0,76.8,123.54168452380958,44.477064220183486,40.99082568807339
1012,2020-09-02 02:25:37,2020-09-02 02:56:55,77.2,97.6,128.6369879493465,45.0,41.0
1013,2020-09-02 22:44:56,2020-09-02 23:13:26,26.8,54.0,122.2783940972222,38.395348837209305,36.86046511627907
1014,2020-09-02 23:13:47,2020-09-02 23:40:37,54.4,80.0,122.30197629123263,41.23456790123457,39.592592592592595
1015,2020-09-03 16:10:19,2020-09-03 16:37:09,11.6,37.2,123.8270422092014,41.166666666666664,38.55555555555556
1016,2020-09-03 16:37:30,2020-09-03 17:09:00,37.2,67.6,121.430925255848,43.742105263157896,41.27368421052632
1017,2020-09-03 17:09:21,2020-09-03 17:40:51,68.0,92.8,123.46495743727601,45.0,42.6578947368421
1018,2020-09-04 06:32:17,2020-09-04 07:05:37,20.8,41.6,122.77511818910259,37.48756218905473,35.74129353233831
1019,2020-09-04 07:05:58,2020-09-04 07:38:58,41.6,62.4,117.9767853899573,39.55778894472362,37.66834170854271
1020,2020-09-04 07:39:19,2020-09-04 08:09:29,62.4,80.0,121.82372332702023,40.379120879120876,38.11538461538461
1021,2020-09-04 08:09:50,2020-09-04 08:40:50,80.0,96.8,125.86394254298945,41.0,39.0
1022,2020-09-04 22:11:50,2020-09-04 22:39:40,30.8,57.6,123.40902570480934,38.392857142857146,36.23809523809524
1023,2020-09-04 22:40:01,2020-09-04 23:09:11,58.0,86.0,123.71530555555556,40.78409090909091,38.46022727272727
1024,2020-09-04 23:09:32,2020-09-04 23:27:42,86.4,97.6,127.00771366567471,41.0,39.0
1025,2020-09-05 05:38:30,2020-09-05 06:07:00,54.0,71.6,121.7187769886364,37.00581395348837,34.0
1026,2020-09-05 06:07:21,2020-09-05 06:35:41,71.6,88.8,123.82108688630493,37.719298245614034,34.707602339181285
1027,2020-09-05 18:26:29,2020-09-05 18:53:49,28.0,44.4,125.29728387533878,34.660606060606064,33.21212121212121
1028,2020-09-05 18:54:10,2020-09-05 19:27:20,44.8,65.6,119.87182144764961,36.58,35.1
1029,2020-09-05 19:27:41,2020-09-05 19:55:11,66.0,82.8,123.20852595899474,37.0,36.0
1030,2020-09-05 19:55:32,2020-09-05 20:21:02,82.8,97.6,127.82657817192195,37.0,36.0
1031,2020-09-06 06:12:28,2020-09-06 06:41:28,54.0,73.2,126.61029036458338,34.96,32.88
1032,2020-09-06 06:41:49,2020-09-06 07:13:19,73.6,94.0,125.63593498093677,35.757894736842104,33.32631578947368
1033,2020-09-06 20:24:07,2020-09-06 20:52:07,20.4,39.2,124.97785062056734,37.514792899408285,36.349112426035504
1034,2020-09-06 20:52:28,2020-09-06 21:22:08,39.6,60.4,119.6541355502137,39.49162011173184,38.15642458100559
1035,2020-09-06 21:22:29,2020-09-06 21:44:29,60.8,75.6,124.72693102477481,40.89473684210526,39.0
1036,2020-09-07 02:55:32,2020-09-07 07:02:06,23.2,97.6,124.78843213112305,38.51865873445105,35.599783666846946
1037,2020-09-07 11:05:41,2020-09-07 11:38:41,75.2,94.8,126.68794579081639,36.0,32.98994974874372
1038,2020-09-07 20:24:13,2020-09-07 20:50:33,22.4,47.2,123.95946135752685,36.20125786163522,34.270440251572325
1039,2020-09-07 20:50:54,2020-09-07 21:20:24,47.6,76.0,121.27495026408451,39.30337078651685,37.30337078651685
1040,2020-09-07 21:20:45,2020-09-07 21:49:55,76.0,97.6,125.42376060956795,40.71590909090909,38.13068181818182
1041,2020-09-08 03:39:17,2020-09-08 04:07:57,26.0,43.2,124.99999999999997,37.02312138728324,33.92485549132948
1042,2020-09-08 04:08:18,2020-09-08 04:39:18,43.6,62.4,123.67021276595747,38.62566844919786,35.6096256684492
1043,2020-09-08 04:39:39,2020-09-08 05:11:19,62.8,82.0,123.69791666666666,39.0,36.0
1044,2020-09-08 05:11:40,2020-09-08 05:38:00,82.0,97.6,126.33015544871802,39.0,36.0
1045,2020-09-09 02:03:30,2020-09-09 02:30:30,22.0,38.4,124.04643783875345,31.736196319018404,30.699386503067483
1046,2020-09-09 02:30:51,2020-09-09 03:01:11,38.8,58.0,119.01623003472221,33.87978142076503,32.759562841530055
1047,2020-09-09 03:01:32,2020-09-09 03:33:32,58.0,77.6,123.0329109977325,35.248704663212436,34.0
1048,2020-09-09 10:20:08,2020-09-09 10:40:48,48.0,67.2,126.05760539641201,33.568,31.072
1049,2020-09-09 10:41:09,2020-09-09 11:11:39,67.2,92.8,124.77756130642364,34.89673913043478,32.641304347826086
1050,2020-09-09 18:37:05,2020-09-09 19:10:15,54.0,85.6,124.73234515646978,36.325,35.165
1051,2020-09-09 19:10:36,2020-09-09 19:31:56,85.6,97.6,125.1331209490741,37.0,36.0
1052,2020-09-10 10:52:08,2020-09-10 11:39:46,56.0,95.6,125.80738739478117,34.36871508379888,32.667597765363126
1053,2020-09-10 19:37:27,2020-09-10 20:08:07,56.0,84.4,125.87733812597807,39.65945945945946,37.91891891891892
1054,2020-09-10 20:08:28,2020-09-10 20:29:58,84.8,97.6,127.48050065104172,40.02307692307692,38.2
1055,2020-09-11 03:52:28,2020-09-11 04:17:18,26.0,49.2,125.07005705220307,40.12,36.82666666666667
1056,2020-09-11 04:17:39,2020-09-11 04:41:29,49.6,72.4,122.07298739035086,42.65972222222222,39.270833333333336
1057,2020-09-11 04:54:30,2020-09-11 05:14:30,84.4,97.6,126.10061142676781,43.27272727272727,40.0
1058,2020-09-11 14:31:17,2020-09-11 14:48:47,46.4,52.4,121.09949421296294,37.34905660377358,36.0
1059,2020-09-11 14:49:08,2020-09-11 15:15:48,52.4,61.2,125.7575252525252,38.0,36.93167701863354
1060,2020-09-11 15:16:09,2020-09-11 15:44:29,61.6,70.8,127.80791968599037,38.0,37.0
1061,2020-09-11 15:44:50,2020-09-11 16:17:10,70.8,81.6,124.24377726337448,38.0,37.0
1062,2020-09-11 16:17:31,2020-09-11 16:51:21,81.6,92.4,128.51719521604926,38.3921568627451,37.0
1063,2020-09-11 16:51:42,2020-09-11 17:09:42,92.8,97.6,141.25006250000015,39.0,37.0
1064,2020-09-12 01:26:16,2020-09-12 01:47:34,39.2,59.6,122.61587011165578,37.91538461538462,35.87692307692308
1065,2020-09-12 01:47:55,2020-09-12 02:17:45,60.0,88.0,124.22370758928571,39.733333333333334,37.705555555555556
1066,2020-09-13 00:11:26,2020-09-13 00:43:17,28.0,47.6,122.68755416666667,31.77319587628866,29.2319587628866
1067,2020-09-13 00:43:38,2020-09-13 01:13:58,47.6,66.4,121.81742966903073,33.69398907103825,31.382513661202186
1068,2020-09-13 01:14:19,2020-09-13 01:46:09,66.8,86.0,125.17800665509264,34.489583333333336,32.0
1069,2020-09-13 01:46:30,2020-09-13 02:06:00,86.4,97.6,129.49162487599224,35.0,32.78813559322034
1070,2020-09-13 15:36:38,2020-09-13 15:56:18,25.6,37.6,123.76972048611117,36.66386554621849,34.621848739495796
1071,2020-09-13 21:50:47,2020-09-13 22:09:57,37.2,48.8,124.55464990421467,33.293103448275865,31.767241379310345
1072,2020-09-13 22:10:18,2020-09-13 22:42:28,48.8,68.8,121.42922027777783,34.73711340206186,33.47422680412371
1073,2020-09-13 22:42:49,2020-09-13 23:16:29,68.8,89.2,124.59972821350762,35.679802955665025,34.04433497536946
1074,2020-09-13 23:16:50,2020-09-13 23:35:20,89.2,97.6,125.00336722883605,36.0,35.0
1075,2020-09-14 12:38:22,2020-09-14 13:14:06,34.0,68.0,123.99651219771243,36.52777777777778,35.032407407407405
1076,2020-09-14 13:14:27,2020-09-14 13:45:37,68.4,94.0,126.66667643229171,38.81382978723404,37.5
1077,2020-09-14 19:56:12,2020-09-14 20:21:02,52.0,66.8,125.89060604354358,37.0,34.0
1078,2020-09-14 20:21:23,2020-09-14 20:47:33,67.2,82.8,126.08086841168098,37.0,34.39873417721519
1079,2020-09-14 20:47:54,2020-09-14 21:14:44,82.8,97.6,126.60663457207211,37.0,35.0
1080,2020-09-15 16:40:53,2020-09-15 17:14:33,49.2,71.2,127.27017651515149,31.51231527093596,29.63054187192118
1081,2020-09-15 17:14:54,2020-09-15 17:39:34,71.6,88.0,125.0880508130081,32.43624161073826,30.630872483221477
1082,2020-09-16 04:34:57,2020-09-16 04:53:57,58.8,76.8,123.83564814814814,30.860869565217392,29.713043478260868
1083,2020-09-16 04:54:18,2020-09-16 05:23:48,76.8,97.6,126.04500868055557,31.96067415730337,30.882022471910112
1084,2020-09-16 17:37:54,2020-09-16 18:02:14,9.6,32.8,124.07207674808431,36.40136054421769,34.70068027210884
1085,2020-09-16 18:02:35,2020-09-16 18:30:25,32.8,59.6,122.89904674543943,39.26190476190476,37.51190476190476
1086,2020-09-16 18:30:46,2020-09-16 19:01:46,60.0,88.4,126.40356401604065,41.6096256684492,39.77005347593583
1087,2020-09-17 00:45:20,2020-09-17 01:11:40,67.2,90.4,125.48553166906133,38.534591194968556,35.704402515723274
1088,2020-09-17 05:50:22,2020-09-17 06:16:02,58.8,82.8,124.98612766203705,36.94838709677419,33.651612903225804
1089,2020-09-17 23:58:24,2020-09-18 00:17:14,19.2,36.8,125.07340719696973,32.53508771929825,30.45614035087719
1090,2020-09-18 00:17:35,2020-09-18 00:46:15,36.8,64.4,121.33606330515295,35.46820809248555,33.39306358381503
1091,2020-09-18 00:46:36,2020-09-18 01:19:16,64.8,92.4,125.43177536231882,37.629441624365484,35.53807106598985
1092,2020-09-18 11:12:19,2020-09-18 11:44:59,26.8,48.8,123.49997626262625,35.44670050761421,33.69543147208122
1093,2020-09-18 11:45:20,2020-09-18 12:17:50,48.8,71.2,120.67209945436504,37.765306122448976,35.87755102040816
1094,2020-09-18 12:18:11,2020-09-18 12:48:31,71.6,91.6,124.52776520833334,38.83606557377049,37.0
1095,2020-09-18 18:07:14,2020-09-18 18:40:54,62.4,84.4,125.48866224747472,36.0,32.0
1096,2020-09-18 18:41:15,2020-09-18 19:05:15,84.4,97.6,126.18688373316509,36.0,32.737931034482756
1097,2020-09-19 05:21:08,2020-09-19 05:42:58,58.8,72.0,124.32873127104378,32.72727272727273,30.0
1098,2020-09-19 05:50:29,2020-09-19 06:23:09,75.2,94.8,125.27780555555562,33.0,30.68020304568528
1099,2020-09-19 10:23:45,2020-09-19 10:43:25,75.6,86.4,126.3850509259258,33.865546218487395,31.0
1100,2020-09-19 21:16:06,2020-09-19 21:44:56,47.2,69.6,124.83446440972226,34.50574712643678,32.35632183908046
1101,2020-09-19 21:45:17,2020-09-19 22:20:07,69.6,94.0,125.15484887295081,35.53809523809524,33.24761904761905
1102,2020-09-20 20:23:30,2020-09-20 20:41:10,61.2,77.6,126.20598255420066,34.429906542056074,32.953271028037385
1103,2020-09-20 20:42:46,2020-09-20 21:04:56,77.6,94.4,125.17031415343907,35.0,33.90298507462686
1104,2020-09-21 15:10:06,2020-09-21 15:32:36,29.6,41.6,122.15624923611111,34.154411764705884,32.63970588235294
1105,2020-09-21 15:32:57,2020-09-21 16:03:37,41.6,58.4,121.67327843915345,35.58378378378379,33.983783783783785
1106,2020-09-21 16:03:58,2020-09-21 16:32:18,58.8,74.0,124.24524616228065,36.92397660818713,35.0
1107,2020-09-21 16:32:39,2020-09-21 16:57:22,74.4,87.6,124.79797643097652,37.0,35.0
1108,2020-09-22 00:14:54,2020-09-22 00:46:04,23.2,44.0,125.35659548611113,34.84574468085106,32.01063829787234
1109,2020-09-22 00:46:25,2020-09-22 01:13:05,44.4,62.8,121.25455314009666,36.95031055900621,34.09316770186335
1110,2020-09-22 01:13:26,2020-09-22 01:46:26,62.8,85.2,123.25895312499999,38.0,35.0
1111,2020-09-22 01:46:47,2020-09-22 02:07:07,85.2,97.6,128.14852956989256,38.0,35.0
1112,2020-09-22 23:16:13,2020-09-23 00:16:51,26.8,84.4,122.70953766878856,36.26754385964912,34.728070175438596
1113,2020-09-23 07:25:23,2020-09-23 07:54:13,66.8,92.0,121.9538167989418,35.6551724137931,32.95402298850575
1114,2020-09-23 17:50:00,2020-09-23 18:20:10,34.4,64.0,120.57479115052551,35.68681318681319,32.95054945054945
1115,2020-09-23 18:20:31,2020-09-23 18:52:51,64.4,92.8,122.92693930946794,37.85641025641026,35.42051282051282
1116,2020-09-24 02:52:30,2020-09-24 03:23:00,39.6,69.2,120.33549962462462,35.76086956521739,33.06521739130435
1117,2020-09-24 03:23:21,2020-09-24 03:44:51,69.6,89.2,123.18098880385485,37.323076923076925,34.65384615384615
1118,2020-09-24 14:30:35,2020-09-24 14:52:55,21.2,42.4,121.88219477201258,35.12592592592593,33.14074074074074
1119,2020-09-24 14:53:16,2020-09-24 15:24:06,42.4,72.0,120.46592750563062,38.166666666666664,36.29032258064516
1120,2020-09-25 00:42:40,2020-09-25 01:10:50,19.6,46.4,122.45956146351575,33.92941176470588,31.75294117647059
1121,2020-09-25 01:11:11,2020-09-25 01:40:01,46.8,74.8,119.99304097222223,37.166666666666664,34.833333333333336
1122,2020-09-25 01:40:22,2020-09-25 02:08:22,75.2,96.4,124.07102659853248,38.0,36.0
1123,2020-09-25 07:21:13,2020-09-25 07:49:43,77.2,97.6,123.87460743464058,36.69767441860465,33.0
1124,2020-09-25 19:17:20,2020-09-25 19:45:50,37.2,64.8,120.63004619565218,34.825581395348834,33.56976744186046
1125,2020-09-25 19:46:11,2020-09-25 20:17:11,64.8,92.0,122.7451098345588,36.93048128342246,35.588235294117645
1126,2020-09-27 13:33:51,2020-09-27 13:55:50,27.6,48.8,119.66688742793505,28.789473684210527,27.56390977443609
1127,2020-09-27 13:56:11,2020-09-27 14:22:41,48.8,74.4,119.4281899956597,31.7375,30.475
1128,2020-09-27 14:23:02,2020-09-27 14:52:32,74.8,96.8,123.50444558080808,33.07303370786517,31.98876404494382
1129,2020-09-28 01:52:45,2020-09-28 02:18:55,28.8,54.8,119.34189674145301,31.11392405063291,29.411392405063292
1130,2020-09-28 02:19:16,2020-09-28 02:50:46,55.2,86.0,121.36861462842717,33.689473684210526,32.06315789473684
1131,2020-09-28 02:51:07,2020-09-28 03:10:27,86.4,97.6,125.76389198908741,34.1025641025641,33.0
1132,2020-09-28 14:10:08,2020-09-28 14:38:18,43.2,70.4,119.96732199754898,35.811764705882354,34.11176470588235
1133,2020-09-28 23:05:45,2020-09-29 00:44:29,11.6,91.6,122.05743676909722,37.29554655870445,35.175438596491226
1134,2020-09-29 16:09:46,2020-09-29 16:42:00,16.8,48.0,121.70648301282054,35.04102564102564,33.14871794871795
1135,2020-09-29 16:42:21,2020-09-29 17:02:09,48.0,67.6,118.97918407029483,38.0,36.00826446280992
1136,2020-09-29 17:02:30,2020-09-29 17:22:40,68.0,87.6,121.23513952664405,39.0,37.0
1137,2020-09-29 22:22:30,2020-09-29 22:44:10,46.4,66.8,123.46948767701527,38.57251908396947,36.20610687022901
1138,2020-09-29 22:44:31,2020-09-29 23:16:31,66.8,93.6,123.91480571102822,39.78756476683938,37.36787564766839
1139,2020-09-30 12:12:20,2020-09-30 12:40:30,13.6,40.8,122.29115277777778,35.40588235294118,33.81764705882353
1140,2020-09-30 12:40:51,2020-09-30 13:09:11,41.2,68.8,121.34761262077298,38.67836257309941,37.15204678362573
1141,2020-09-30 13:09:32,2020-09-30 13:35:32,69.2,92.0,122.57309039961018,40.53503184713376,38.853503184713375
1142,2020-09-30 22:13:53,2020-09-30 22:44:33,26.8,48.0,120.06294129979038,34.90810810810811,32.486486486486484
1143,2020-09-30 22:57:34,2020-09-30 23:16:54,53.2,66.4,121.29949284511787,37.0,34.9059829059829
1144,2020-09-30 23:17:15,2020-09-30 23:44:05,66.4,84.8,121.04473369565225,37.79012345679013,35.401234567901234
1145,2020-10-01 04:56:00,2020-10-01 05:23:30,38.8,65.6,120.8203943822554,35.80722891566265,33.31325301204819
1146,2020-10-01 05:23:51,2020-10-01 05:56:11,66.0,93.6,123.81895375402578,37.55384615384615,35.07692307692308
1147,2020-10-03 04:32:49,2020-10-03 05:06:39,32.4,66.0,118.2262648396164,33.431372549019606,32.48529411764706
1148,2020-10-03 05:07:00,2020-10-03 05:31:30,66.4,88.8,122.20733903769845,35.810810810810814,34.689189189189186
1149,2020-10-03 05:31:51,2020-10-03 05:48:51,88.8,97.6,122.61367518939392,36.213592233009706,35.0
1150,2020-10-03 22:14:13,2020-10-03 22:42:13,26.4,53.6,120.30689751838236,37.67455621301775,36.23076923076923
1151,2020-10-03 22:42:34,2020-10-03 23:12:04,53.6,82.4,119.65182330246913,40.6123595505618,38.79775280898876
1152,2020-10-03 23:12:25,2020-10-03 23:34:35,82.4,97.6,124.39511092836271,41.07462686567164,39.17164179104478
1153,2020-10-04 07:19:02,2020-10-04 07:42:32,69.2,85.2,122.41580060763889,35.00704225352113,32.95774647887324
1154,2020-10-04 07:42:53,2020-10-04 08:02:33,85.6,97.6,125.25462962962963,35.983193277310924,33.0
1155,2020-10-04 16:17:12,2020-10-04 16:40:32,33.2,57.2,120.09318327546296,38.0,36.758865248226954
1156,2020-10-04 16:40:53,2020-10-04 17:12:53,57.6,89.2,122.30178713959212,40.523316062176164,39.23834196891192
1157,2020-10-05 01:56:31,2020-10-05 02:20:51,30.8,55.6,121.17944702060935,37.34013605442177,35.10204081632653
1158,2020-10-05 02:21:12,2020-10-05 02:50:02,56.0,85.2,121.95492028158297,39.58620689655172,37.58620689655172
1159,2020-10-05 07:31:59,2020-10-05 08:03:29,42.0,72.4,120.57020065789474,38.45789473684211,35.27368421052632
1160,2020-10-05 08:03:50,2020-10-05 08:36:30,72.8,97.6,124.54470872535843,39.994923857868024,36.868020304568525
1161,2020-10-06 00:42:00,2020-10-06 01:12:30,35.6,65.2,120.37351379504504,32.96195652173913,31.244565217391305
1162,2020-10-06 01:12:51,2020-10-06 01:44:01,65.6,92.4,123.15870512023213,35.420212765957444,33.56382978723404
1163,2020-10-06 18:35:51,2020-10-06 18:52:41,84.8,96.0,125.02358618551584,34.0,32.0
1164,2020-10-07 03:25:15,2020-10-07 04:54:07,25.2,98.8,121.73534529551632,33.52623688155922,31.158920539730136
1165,2020-10-07 10:35:32,2020-10-07 10:53:52,52.8,70.4,121.91369239267667,32.81981981981982,29.774774774774773
1166,2020-10-07 10:54:13,2020-10-07 11:26:33,70.8,96.4,122.96062337239579,33.85641025641026,30.94871794871795
1167,2020-10-07 18:09:02,2020-10-07 18:32:22,56.8,72.8,122.64669175347223,31.99290780141844,29.893617021276597
1168,2020-10-07 18:32:43,2020-10-07 19:02:43,72.8,93.2,120.94498801742914,32.86187845303867,30.712707182320443
1169,2020-10-08 04:17:03,2020-10-08 04:46:33,16.4,32.4,122.91666666666667,31.191011235955056,28.46629213483146
1170,2020-10-08 04:46:54,2020-10-08 05:16:54,32.4,48.8,121.95121951219514,32.6243093922652,30.25414364640884
1171,2020-10-08 05:17:15,2020-10-08 05:46:25,48.8,64.8,121.52777777777777,34.40340909090909,31.823863636363637
1172,2020-10-08 05:46:46,2020-10-08 06:15:56,64.8,80.4,124.64387464387457,35.0,32.71590909090909
1173,2020-10-08 06:16:17,2020-10-08 06:38:17,80.8,92.4,126.43678160919532,35.0,33.0
1174,2020-10-09 02:27:33,2020-10-09 02:50:23,45.6,59.2,125.64233343545747,29.731884057971016,28.094202898550726
1175,2020-10-09 02:50:44,2020-10-09 03:22:54,59.6,78.8,125.48247735821761,30.97938144329897,29.0
1176,2020-10-09 03:23:15,2020-10-09 03:52:45,79.2,96.8,125.1972939551768,31.40449438202247,29.921348314606742
1177,2020-10-09 13:11:36,2020-10-09 13:45:46,54.0,86.4,123.03241323731137,32.140776699029125,30.723300970873787
1178,2020-10-10 00:36:39,2020-10-10 01:04:39,35.2,52.4,122.00662168927651,29.366863905325445,27.93491124260355
1179,2020-10-10 01:05:00,2020-10-10 01:37:20,52.4,72.4,121.24999999999994,30.912820512820513,29.70769230769231
1180,2020-10-10 01:37:41,2020-10-10 02:11:01,72.8,92.8,124.88264354166667,31.791044776119403,30.218905472636816
1181,2020-10-10 06:17:00,2020-10-10 06:44:40,73.2,82.8,124.98264872685192,29.01197604790419,27.0
1182,2020-10-10 06:45:01,2020-10-10 07:16:31,82.8,94.0,121.8849216269841,29.0,27.0
1183,2020-10-10 15:50:27,2020-10-10 16:07:37,46.8,57.6,117.82022646604939,35.0,33.92307692307692
1184,2020-10-10 16:21:58,2020-10-10 16:42:38,57.2,69.2,122.63774768518519,35.92,34.576
1185,2020-10-10 17:55:31,2020-10-10 18:18:21,80.4,96.8,47.57284891598919,36.0,34.130434782608695
1186,2020-10-11 23:56:48,2020-10-12 00:21:58,16.4,40.0,124.69399181967987,32.848684210526315,31.585526315789473
1187,2020-10-12 00:22:19,2020-10-12 00:48:19,40.4,65.6,120.56108344356264,35.94904458598726,34.394904458598724
1188,2020-10-12 00:48:40,2020-10-12 01:15:30,66.0,90.0,123.76101417824074,37.7037037037037,36.0
1189,2020-10-12 17:07:39,2020-10-12 18:01:16,18.4,47.6,122.69861118245815,36.01238390092879,34.356037151702786
1190,2020-10-12 18:01:37,2020-10-12 18:34:57,47.6,66.8,115.93824312789354,37.875621890547265,35.89054726368159
1191,2020-10-12 18:35:18,2020-10-12 19:04:58,66.8,82.8,123.81686085069441,38.0,36.0
1192,2020-10-12 19:05:19,2020-10-12 19:32:49,83.2,97.6,127.49616010802481,38.0,35.42168674698795
1193,2020-10-13 17:35:50,2020-10-13 18:01:54,24.4,49.2,122.55376618503581,32.27215189873418,30.848101265822784
1194,2020-10-13 18:02:15,2020-10-13 18:29:05,49.6,75.6,120.48611912393166,35.28395061728395,33.71604938271605
1195,2020-10-13 18:29:26,2020-10-13 18:59:56,76.0,97.6,125.83590895061727,36.27717391304348,34.994565217391305
1196,2020-10-14 19:53:17,2020-10-14 20:27:07,22.0,32.4,121.99519230769234,30.014705882352942,29.0
1197,2020-10-14 20:27:28,2020-10-14 20:57:18,32.4,41.6,121.60326086956519,30.994444444444444,29.883333333333333
1198,2020-10-14 20:57:39,2020-10-14 21:31:09,41.6,52.4,116.31944444444446,31.68811881188119,30.559405940594058
1199,2020-10-14 21:31:30,2020-10-14 22:00:10,52.4,61.6,116.8478260869565,32.1849710982659,31.0
1200,2020-10-14 22:00:31,2020-10-14 22:30:11,61.6,71.2,115.88541666666666,32.11731843575419,31.0
1201,2020-10-14 22:30:32,2020-10-14 22:52:22,71.2,78.0,120.40441176470593,32.0,31.0
1202,2020-10-14 23:25:04,2020-10-14 23:56:24,79.2,88.4,127.71739130434779,32.0,30.0
1203,2020-10-15 23:08:08,2020-10-15 23:33:58,13.6,38.4,121.94110058243733,35.52564102564103,33.71153846153846
1204,2020-10-15 23:34:19,2020-10-15 23:59:39,38.8,63.2,121.52323502959925,38.3202614379085,36.509803921568626
1205,2020-10-16 00:03:30,2020-10-16 00:32:00,66.8,91.6,123.53551836917565,40.50581395348837,38.377906976744185
1206,2020-10-16 15:01:36,2020-10-16 15:27:56,28.8,54.0,122.04696693121697,34.76729559748428,32.9559748427673
1207,2020-10-16 15:28:17,2020-10-16 15:58:57,54.4,83.6,122.59513460806699,37.54054054054054,35.64324324324324
1208,2020-10-17 01:10:33,2020-10-17 02:15:48,22.8,76.0,122.72491870561821,32.79387755102041,30.726530612244897
1209,2020-10-17 06:50:05,2020-10-17 07:08:35,39.6,57.2,122.68150741792927,32.214285714285715,29.276785714285715
1210,2020-10-17 07:08:56,2020-10-17 07:35:46,57.6,82.8,124.22894626322754,34.135802469135804,31.38888888888889
1211,2020-10-17 07:36:07,2020-10-17 07:56:37,83.2,97.2,124.70735932539685,35.0,32.0
1212,2020-10-17 15:35:44,2020-10-17 16:05:14,41.2,61.2,123.23335791666669,33.54494382022472,31.95505617977528
1213,2020-10-17 16:05:35,2020-10-17 16:33:25,61.6,80.4,123.71308614066191,35.0,33.0
1214,2020-10-17 16:33:46,2020-10-17 17:01:26,80.4,97.6,126.94689365310087,35.21556886227545,33.47305389221557
1215,2020-10-18 01:27:18,2020-10-18 01:52:08,39.6,52.8,123.13660343013473,30.706666666666667,28.086666666666666
1216,2020-10-18 01:52:29,2020-10-18 02:24:19,52.8,70.4,120.92016887626255,31.973958333333332,29.526041666666668
1217,2020-10-18 02:24:40,2020-10-18 02:53:00,70.4,85.6,124.55046673976618,32.187134502923975,30.0
1218,2020-10-18 15:17:28,2020-10-18 16:48:28,18.0,97.6,122.14445154243442,34.1610541727672,32.774524158125914
1219,2020-10-19 17:03:06,2020-10-19 17:22:36,13.2,30.8,112.96719049873741,40.932203389830505,38.95762711864407
1220,2020-10-19 17:22:57,2020-10-19 17:44:31,31.2,50.4,114.57293553240741,41.732824427480914,40.06870229007634
1221,2020-10-19 17:44:52,2020-10-19 18:06:32,50.8,70.0,115.11141999421295,43.900763358778626,42.229007633587784
1222,2020-10-21 11:30:38,2020-10-21 12:00:58,32.0,42.8,121.23966512345676,25.475409836065573,24.491803278688526
1223,2020-10-21 12:01:19,2020-10-21 12:34:59,42.8,56.0,110.09675883838376,26.75862068965517,25.8128078817734
1224,2020-10-21 12:35:20,2020-10-21 13:05:10,56.0,67.2,114.98259449404755,27.944444444444443,27.0
1225,2020-10-21 13:05:31,2020-10-21 13:36:11,67.2,78.0,122.57196913580246,28.0,27.0
1226,2020-10-21 13:36:32,2020-10-21 14:07:32,78.0,88.8,123.90427314814814,28.41711229946524,27.764705882352942
1227,2020-10-21 14:07:53,2020-10-21 14:27:03,89.2,95.6,129.2751236979168,29.0,28.0
1228,2020-10-21 23:58:33,2020-10-22 00:27:03,24.4,51.6,122.49031152982026,31.47093023255814,29.627906976744185
1229,2020-10-22 00:27:24,2020-10-22 00:57:24,52.0,80.4,123.43800088028169,34.86740331491713,33.04419889502763
1230,2020-10-22 00:57:45,2020-10-22 01:16:45,80.8,94.8,123.06251160714285,36.0,34.0
1231,2020-10-22 16:25:23,2020-10-22 16:53:33,51.6,78.4,121.90300114013266,34.82941176470588,33.44117647058823
1232,2020-10-22 16:53:54,2020-10-22 17:20:44,78.4,97.6,125.60837160011585,36.0,34.74074074074074
1233,2020-10-22 23:48:49,2020-10-23 00:21:39,74.0,97.6,124.95000853342752,32.51010101010101,30.0
1234,2020-10-23 20:59:15,2020-10-24 00:01:14,20.4,70.4,120.74639883055553,31.0989010989011,29.58754578754579
1235,2020-10-24 01:45:11,2020-10-24 02:13:21,63.2,89.2,124.1656057692308,32.95294117647059,30.723529411764705
1236,2020-10-24 13:38:50,2020-10-24 14:03:10,22.0,45.2,124.32173682950192,30.891156462585034,29.285714285714285
1237,2020-10-24 14:03:31,2020-10-24 14:32:51,45.6,74.4,120.70024845679012,33.84180790960452,32.220338983050844
1238,2020-10-24 22:13:19,2020-10-24 22:40:39,40.8,67.2,121.87238657407407,32.35151515151515,30.315151515151516
1239,2020-10-24 22:41:00,2020-10-24 23:10:30,67.2,92.4,123.44799250440919,34.07865168539326,32.29775280898876
1240,2020-10-25 03:13:57,2020-10-25 03:42:07,58.8,74.8,124.65626579861112,33.0,30.0
1241,2020-10-25 03:42:28,2020-10-25 04:01:58,74.8,85.6,123.75387795781896,33.0,30.728813559322035
1242,2020-10-25 10:12:28,2020-10-25 10:38:08,57.2,72.8,124.23171091524222,30.548387096774192,28.65806451612903
1243,2020-10-25 10:38:29,2020-10-25 11:08:09,73.2,91.2,124.38199583333336,31.0,29.195530726256983
1244,2020-10-26 10:12:39,2020-10-26 13:02:06,45.6,96.4,125.00497797462818,30.357199055861525,29.2690794649882
1245,2020-10-26 18:28:53,2020-10-26 18:47:03,66.0,76.8,126.15740740740745,35.0,33.0
1246,2020-10-26 18:47:24,2020-10-26 19:05:44,77.2,88.0,127.31481481481485,35.0,33.0
1247,2020-10-27 00:48:12,2020-10-27 01:18:12,46.0,74.4,123.20471092527386,35.58563535911602,33.41988950276243
1248,2020-10-27 01:18:33,2020-10-27 01:49:03,74.8,97.6,125.23940813840157,36.98913043478261,34.79347826086956
1249,2020-10-27 14:55:21,2020-10-27 15:13:41,22.0,39.2,124.15778803294575,34.73873873873874,33.252252252252255
1250,2020-10-27 17:17:06,2020-10-27 17:46:46,46.4,74.4,123.38988690476187,36.391061452513966,34.6927374301676
1251,2020-10-27 17:47:07,2020-10-27 18:14:37,74.8,95.6,123.29661665331197,37.873493975903614,36.0
1252,2020-10-28 04:16:07,2020-10-28 04:39:37,36.0,58.4,122.68354941716271,32.598591549295776,30.330985915492956
1253,2020-10-28 04:39:58,2020-10-28 05:10:08,58.8,87.2,124.18673542644756,34.90659340659341,32.69230769230769
1254,2020-10-28 18:55:26,2020-10-28 19:13:06,12.0,28.8,122.69097280092593,32.13084112149533,30.766355140186917
1255,2020-10-28 19:13:27,2020-10-28 19:41:17,29.2,56.0,121.15101435530677,34.56547619047619,33.142857142857146
1256,2020-10-28 19:41:38,2020-10-28 20:05:48,56.4,79.6,121.51101364942531,37.36986301369863,35.678082191780824
1257,2020-10-28 20:06:09,2020-10-28 20:33:29,79.6,97.6,124.58335270061731,38.0,36.224242424242426
1258,2020-10-29 05:38:18,2020-10-29 06:09:28,48.4,77.6,124.88634084855408,32.8031914893617,29.856382978723403
1259,2020-10-29 06:21:27,2020-10-29 06:42:17,84.4,97.6,120.53979850589238,34.0,31.150793650793652
1260,2020-10-29 11:36:02,2020-10-29 12:11:22,70.8,90.4,124.64712996031741,31.0,28.0
1261,2020-10-29 17:51:51,2020-10-29 18:17:31,70.4,92.0,122.74629282407412,30.0,27.425806451612903
1262,2020-10-30 01:12:55,2020-10-30 01:38:15,35.6,59.6,121.53936608796296,29.73856209150327,27.0
1263,2020-10-30 01:38:36,2020-10-30 02:05:56,59.6,85.2,122.96930870225695,31.824242424242424,29.333333333333332
1264,2020-10-30 10:01:29,2020-10-30 10:57:08,59.2,97.6,125.45118898654518,29.63157894736842,27.803827751196174
1265,2020-10-31 00:08:15,2020-10-31 00:31:32,24.4,46.4,123.28351080176769,31.619718309859156,30.429577464788732
1266,2020-10-31 00:31:53,2020-10-31 01:02:43,46.8,76.8,119.76572953703703,34.95161290322581,33.61290322580645
1267,2020-10-31 19:31:20,2020-10-31 19:59:20,41.2,68.4,121.07895409517975,33.16568047337278,31.940828402366865
1268,2020-10-31 19:59:41,2020-10-31 20:30:51,68.8,94.4,124.05438226996526,34.97872340425532,33.840425531914896
1269,2020-11-01 02:38:16,2020-11-01 02:56:56,52.0,66.8,122.11994284909913,31.92920353982301,29.469026548672566
1270,2020-11-01 02:57:17,2020-11-01 03:20:17,66.8,84.0,124.15860796188628,32.46762589928058,30.0
1271,2020-11-01 03:20:38,2020-11-01 03:37:58,84.4,95.2,128.30763181584365,33.0,30.18095238095238
1272,2020-11-01 16:21:39,2020-11-01 16:53:38,48.8,79.6,121.24139457070709,36.25388601036269,34.46632124352332
1273,2020-11-01 17:27:37,2020-11-01 17:46:27,87.6,98.0,119.31092187499992,37.0,35.0
1274,2020-11-02 12:25:53,2020-11-02 13:28:00,5.2,55.2,123.1197399,32.00856531049251,30.460385438972164
1275,2020-11-02 16:13:59,2020-11-02 17:06:57,55.2,93.6,124.35204645182294,34.22361809045226,32.75125628140704
1276,2020-11-02 23:57:56,2020-11-03 00:15:06,69.6,85.6,126.51912447916666,32.0,30.0
1277,2020-11-03 03:03:52,2020-11-03 03:21:52,71.2,88.0,123.91533589616408,33.31192660550459,30.275229357798164
1278,2020-11-03 11:25:27,2020-11-03 11:42:07,39.6,50.8,122.97992943948417,29.84158415841584,28.168316831683168
1279,2020-11-03 11:42:28,2020-11-03 12:01:55,51.2,64.4,121.83725056818177,31.26271186440678,29.516949152542374
1280,2020-11-03 12:02:16,2020-11-03 12:32:16,64.4,84.4,124.112525,32.02209944751381,30.314917127071823
1281,2020-11-04 00:23:51,2020-11-04 00:41:41,12.4,29.2,124.28821891534396,29.324074074074073,27.40740740740741
1282,2020-11-04 00:42:02,2020-11-04 01:12:22,29.6,58.8,121.82173030821922,32.03825136612022,30.081967213114755
1283,2020-11-04 01:12:43,2020-11-04 01:42:13,59.2,87.2,123.02032668650791,34.70224719101124,32.63483146067416
1284,2020-11-04 01:42:34,2020-11-04 02:01:44,87.6,97.6,127.22224930555556,35.0,33.0
1285,2020-11-04 15:41:31,2020-11-04 16:12:01,52.4,81.2,123.28849300733025,31.809782608695652,30.244565217391305
1286,2020-11-04 16:12:22,2020-11-04 16:38:22,81.2,97.6,123.67717123983748,33.0,31.280254777070063
1287,2020-11-05 01:59:20,2020-11-05 02:19:40,19.6,36.4,122.81830266203708,33.32520325203252,30.609756097560975
1288,2020-11-05 02:20:01,2020-11-05 02:50:11,36.8,61.2,122.04862448770488,35.62637362637363,33.05494505494506
1289,2020-11-05 02:50:32,2020-11-05 03:18:32,61.6,83.2,121.48278028549382,37.0,34.57988165680474
1290,2020-11-05 03:18:53,2020-11-05 03:43:33,83.2,97.6,125.59126504629639,37.899328859060404,35.0
1291,2020-11-05 11:10:31,2020-11-05 11:59:13,56.4,96.8,124.04453340209022,31.718579234972676,29.51912568306011
1292,2020-11-06 01:51:13,2020-11-06 03:14:28,27.6,97.6,120.92572444444447,32.6192,30.6592
1293,2020-11-06 16:05:39,2020-11-06 16:31:39,28.4,46.8,118.22390677838166,33.02547770700637,31.656050955414013
1294,2020-11-06 16:35:51,2020-11-06 17:04:11,49.6,69.6,118.52780138888896,35.44444444444444,33.87719298245614
1295,2020-11-06 17:04:32,2020-11-06 17:32:32,70.0,88.8,124.6084763593381,36.04733727810651,35.0
1296,2020-11-06 21:43:34,2020-11-06 22:06:54,81.6,97.6,124.93228619791665,36.0,34.0
1297,2020-11-07 10:34:19,2020-11-07 10:58:49,31.2,55.2,119.37443599537035,30.783783783783782,29.12162162162162
1298,2020-11-07 10:59:10,2020-11-07 11:27:40,55.2,82.8,120.62350070450888,33.395348837209305,31.738372093023255
1299,2020-11-07 11:28:01,2020-11-07 11:49:51,83.2,97.6,125.45043875385811,34.0,33.0
1300,2020-11-07 15:47:45,2020-11-07 16:04:25,78.0,92.0,119.57839811507938,34.97029702970297,33.83168316831683
1301,2020-11-07 23:39:22,2020-11-08 00:04:52,44.4,69.2,120.25763396057347,35.13636363636363,32.88961038961039
1302,2020-11-08 00:05:13,2020-11-08 00:36:43,69.6,95.2,122.85158322482638,36.705263157894734,34.4
1303,2020-11-08 16:34:36,2020-11-08 17:03:46,39.2,55.6,118.56368563685638,33.54545454545455,32.41477272727273
1304,2020-11-08 17:04:07,2020-11-08 17:31:07,56.0,70.8,121.61974455705709,34.96319018404908,33.38650306748466
1305,2020-11-09 01:17:39,2020-11-09 01:47:09,14.8,43.2,121.24169097222222,32.235955056179776,29.971910112359552
1306,2020-11-09 01:47:30,2020-11-09 02:15:40,43.6,71.2,119.10074854066023,35.6764705882353,33.37647058823529
1307,2020-11-09 02:16:01,2020-11-09 02:32:51,71.6,87.6,122.77778281249998,37.13725490196079,35.0
1308,2020-11-09 20:00:18,2020-11-09 20:27:58,50.4,76.8,122.15329277146465,31.766467065868262,30.37125748502994
1309,2020-11-09 20:28:19,2020-11-09 20:56:49,77.2,97.6,124.4607937091504,33.0,31.947674418604652
1310,2020-11-10 03:30:09,2020-11-10 03:54:39,73.2,93.2,124.42778527777779,30.486486486486488,27.77027027027027
1311,2020-11-10 17:52:56,2020-11-10 18:22:26,26.8,56.0,118.047484303653,31.808988764044944,30.46629213483146
1312,2020-11-10 18:22:47,2020-11-10 18:50:47,56.0,83.2,120.24664200367647,34.59171597633136,33.17751479289941
1313,2020-11-10 18:51:08,2020-11-10 19:12:28,83.6,97.6,124.97522628968254,35.0,34.0
1314,2020-11-11 13:15:27,2020-11-11 13:43:17,48.4,65.6,121.09654925710596,28.410714285714285,26.93452380952381
1315,2020-11-11 13:43:38,2020-11-11 14:11:18,66.0,82.8,123.23740641534393,29.25748502994012,28.0
1316,2020-11-11 14:11:39,2020-11-11 14:31:54,83.2,95.2,124.49074016203706,30.0,28.691056910569106
1317,2020-11-12 01:29:09,2020-11-12 01:51:29,42.4,54.4,121.24189854166667,29.303703703703704,27.31851851851852
1318,2020-11-12 01:51:50,2020-11-12 02:22:30,54.4,71.6,118.87435513565893,30.318918918918918,28.43243243243243
1319,2020-11-12 02:22:51,2020-11-12 02:51:01,71.6,86.8,123.57822039473683,31.0,29.0
1320,2020-11-12 14:00:53,2020-11-12 14:30:23,46.8,75.6,119.42996961805557,31.724719101123597,30.247191011235955
1321,2020-11-12 14:30:44,2020-11-12 14:56:14,76.0,95.6,121.83108219954653,33.422077922077925,31.967532467532468
1322,2020-11-12 22:09:07,2020-11-12 22:38:27,39.2,67.6,120.44404753521133,33.220338983050844,30.71186440677966
1323,2020-11-12 22:38:48,2020-11-12 23:12:08,68.0,95.2,122.88705693423204,34.960199004975124,32.53233830845771
1324,2020-11-13 13:05:52,2020-11-13 13:35:52,65.2,91.2,122.92737104700858,30.502762430939228,29.14364640883978
1325,2020-11-13 18:28:22,2020-11-13 18:46:42,43.6,53.2,122.69241953559028,33.0,31.73873873873874
1326,2020-11-13 18:47:03,2020-11-13 19:14:23,53.6,68.4,123.11936899399394,33.93333333333333,32.0
1327,2020-11-13 19:14:44,2020-11-13 19:41:14,68.8,83.2,122.67168074845674,34.0,32.28125
1328,2020-11-13 19:41:35,2020-11-13 20:08:05,83.2,97.6,122.66975154320996,34.0,33.0
1329,2020-11-14 05:02:28,2020-11-14 05:30:28,25.2,52.8,118.56986377818039,31.254437869822485,28.485207100591715
1330,2020-11-14 05:30:49,2020-11-14 06:02:19,53.2,84.0,119.54366765873019,34.2,31.66842105263158
1331,2020-11-14 06:02:40,2020-11-14 06:23:40,84.4,97.6,125.32621170033681,35.0,33.0
1332,2020-11-14 13:09:59,2020-11-14 13:28:29,75.6,90.8,124.62721372441527,29.973214285714285,28.544642857142858
1333,2020-11-14 20:12:55,2020-11-14 20:42:15,42.0,62.4,119.82570806100219,30.214689265536723,27.242937853107346
1334,2020-11-14 20:42:36,2020-11-14 21:12:06,62.8,82.8,122.91527763888888,31.01123595505618,28.123595505617978
1335,2020-11-14 21:12:27,2020-11-14 21:35:57,83.2,97.6,125.84395900848773,32.0,29.0
1336,2020-11-15 03:37:48,2020-11-15 04:04:18,24.4,50.0,120.94836404079862,31.60625,28.26875
1337,2020-11-15 04:04:39,2020-11-15 04:33:39,50.4,78.0,122.76017798913044,34.57142857142857,31.394285714285715
1338,2020-11-15 04:34:00,2020-11-15 05:01:10,78.4,97.6,127.06164771412045,35.951219512195124,32.859756097560975
1339,2020-11-16 00:06:16,2020-11-16 00:34:46,47.6,65.2,121.98866335227274,26.575581395348838,25.25581395348837
1340,2020-11-16 00:35:07,2020-11-16 01:04:17,65.6,83.6,122.06792824074073,27.52840909090909,26.164772727272727
1341,2020-11-16 22:44:35,2020-11-17 00:25:27,37.6,97.6,121.64819871064816,30.891677675033026,29.918097754293264
1342,2020-11-17 05:16:07,2020-11-17 05:37:27,69.2,89.2,121.37014611111113,31.68217054263566,29.124031007751938
1343,2020-11-18 07:16:56,2020-11-18 07:45:36,37.2,65.6,117.90445036189364,30.84393063583815,29.75722543352601
1344,2020-11-18 07:45:57,2020-11-18 08:13:27,66.0,90.4,121.87615135473587,33.397590361445786,32.21686746987952
1345,2020-11-18 16:33:00,2020-11-18 16:54:45,42.4,63.6,119.76874430031445,35.81060606060606,34.18181818181818
1346,2020-11-18 16:55:06,2020-11-18 17:20:05,64.0,88.0,121.49421770833332,37.384105960264904,35.81456953642384
1347,2020-11-19 14:01:49,2020-11-19 15:08:00,29.6,91.6,120.64925280465953,33.420523138833,32.00402414486921
1348,2020-11-19 22:52:16,2020-11-19 23:16:16,47.2,70.0,122.91423921783628,33.60689655172414,31.90344827586207
1349,2020-11-19 23:16:37,2020-11-19 23:43:37,70.4,93.2,121.68434338450294,34.79141104294479,33.0
1350,2020-11-20 20:50:29,2020-11-20 21:11:07,58.8,71.2,124.79838709677414,31.0,29.944
1351,2020-11-20 21:11:28,2020-11-20 21:39:08,71.6,88.4,123.51190476190467,31.51497005988024,30.0
1352,2020-11-21 16:20:10,2020-11-21 16:46:20,37.2,62.8,120.84634982638893,31.90506329113924,30.639240506329113
1353,2020-11-21 16:46:41,2020-11-21 17:15:41,63.2,90.0,122.12323611111114,34.33714285714286,32.85142857142857
1354,2020-11-22 20:48:21,2020-11-22 21:09:21,41.2,61.2,122.50347256944445,31.77952755905512,30.716535433070867
1355,2020-11-22 21:09:42,2020-11-22 21:39:02,61.6,89.2,120.44837374194846,33.6271186440678,32.57627118644068
1356,2020-11-23 14:36:04,2020-11-23 15:01:04,18.8,43.2,119.66644922586522,30.013245033112582,28.32450331125828
1357,2020-11-23 15:01:25,2020-11-23 15:31:35,43.6,73.6,117.4342678703704,33.472527472527474,31.802197802197803
1358,2020-11-24 00:39:50,2020-11-24 01:00:27,6.4,26.4,120.60119511805556,30.76,27.384
1359,2020-11-24 01:00:48,2020-11-24 01:32:28,26.4,57.2,120.3278439303752,32.968586387434556,30.094240837696336
1360,2020-11-24 01:32:49,2020-11-24 02:02:19,57.6,86.0,121.53855203442883,35.92134831460674,33.18539325842696
1361,2020-11-24 21:02:02,2020-11-24 21:27:02,40.8,58.0,120.01616020671833,30.37748344370861,28.3841059602649
1362,2020-11-24 21:27:23,2020-11-24 21:57:03,58.4,78.4,122.49237284722216,31.972067039106147,29.949720670391063
1363,2020-11-25 00:34:04,2020-11-25 01:04:24,78.8,97.6,123.56902194148942,33.66120218579235,30.989071038251367
1364,2020-11-25 12:27:24,2020-11-25 12:55:54,40.8,62.4,121.28988695987655,31.436046511627907,29.709302325581394
1365,2020-11-25 12:56:15,2020-11-25 13:22:05,62.8,82.4,121.26561238662126,32.782051282051285,31.0
1366,2020-11-25 18:51:20,2020-11-25 19:17:50,57.6,83.2,121.1420576171875,34.56875,32.5875
1367,2020-11-25 19:18:11,2020-11-25 19:39:41,83.2,97.6,124.05191714891983,35.0,33.0
1368,2020-11-26 03:21:57,2020-11-26 03:51:37,43.2,72.0,121.40820230516978,32.87709497206704,29.798882681564248
1369,2020-11-26 03:51:58,2020-11-26 04:10:22,72.4,89.2,122.41851823743394,34.49107142857143,31.642857142857142
1370,2020-11-26 15:25:38,2020-11-26 16:59:26,19.2,78.4,118.85491946321321,32.70028409090909,31.355113636363637
1371,2020-11-27 11:21:58,2020-11-27 11:51:48,42.4,71.6,119.58145214992393,27.072222222222223,25.88888888888889
1372,2020-11-27 11:52:09,2020-11-27 12:22:19,72.0,95.6,123.19386770244824,29.560439560439562,27.895604395604394
1373,2020-11-28 00:16:31,2020-11-28 00:44:01,22.4,48.8,121.93446743476433,28.626506024096386,26.19277108433735
1374,2020-11-28 00:44:22,2020-11-28 01:12:42,49.2,76.0,123.75520040422889,31.894736842105264,29.374269005847953
1375,2020-11-28 20:08:36,2020-11-28 22:22:57,14.4,97.6,120.66820573183763,28.328373015873016,26.876984126984127
1376,2020-11-29 16:49:42,2020-11-29 17:19:32,15.2,44.4,120.18028334284627,26.516666666666666,24.994444444444444
1377,2020-11-29 17:19:53,2020-11-29 17:52:33,44.4,75.6,123.14816061253563,30.487309644670052,28.868020304568528
1378,2020-11-29 17:52:54,2020-11-29 18:21:34,76.0,97.2,128.50040323637316,32.05780346820809,30.820809248554912
1379,2020-11-30 10:36:59,2020-11-30 11:07:49,14.0,35.6,119.23420588991772,20.56989247311828,19.193548387096776
1380,2020-11-30 11:08:10,2020-11-30 11:38:20,35.6,57.2,116.616535622428,23.274725274725274,22.021978021978022
1381,2020-11-30 11:38:41,2020-11-30 12:09:11,57.6,79.2,117.94112435699589,25.391304347826086,23.945652173913043
1382,2020-11-30 12:09:32,2020-11-30 12:36:32,79.6,96.8,121.90653197674419,26.49079754601227,25.0
1383,2020-11-30 18:43:16,2020-11-30 19:12:06,68.8,86.8,122.00774274691359,26.879310344827587,24.79310344827586
1384,2020-12-01 03:04:31,2020-12-01 03:30:03,42.4,67.2,120.51423807123656,25.161290322580644,22.335483870967742
1385,2020-12-01 06:51:59,2020-12-01 07:18:29,46.4,62.8,120.65046036585372,24.5125,21.43125
1386,2020-12-01 07:18:50,2020-12-01 07:50:10,63.2,82.4,121.85190625000001,25.333333333333332,22.597883597883598
1387,2020-12-01 07:50:31,2020-12-01 08:18:31,82.4,96.8,125.06753559027786,26.0,23.485207100591715
1388,2020-12-01 17:28:23,2020-12-01 17:59:53,45.6,63.2,119.31660337752525,26.610526315789475,25.41578947368421
1389,2020-12-01 18:00:14,2020-12-01 18:26:04,63.2,77.6,119.59876543209884,27.71794871794872,26.128205128205128
1390,2020-12-01 18:26:25,2020-12-01 18:48:05,77.6,89.2,124.52107279693479,28.0,27.0
1391,2020-12-02 09:25:50,2020-12-02 10:01:20,75.2,97.2,121.52841363636364,22.878504672897197,20.985981308411215
1392,2020-12-03 18:13:32,2020-12-03 18:32:22,26.0,38.0,117.45252071759258,20.30701754385965,19.517543859649123
1393,2020-12-03 18:32:43,2020-12-03 19:01:33,38.4,57.6,112.37989395254628,22.45977011494253,21.75287356321839
1394,2020-12-03 19:01:54,2020-12-03 19:28:14,57.6,74.8,114.57038791989666,24.27672955974843,23.459119496855347
1395,2020-12-03 19:28:35,2020-12-03 20:01:55,74.8,95.2,120.43435770697164,25.437810945273633,24.512437810945272
1396,2020-12-04 09:40:47,2020-12-04 10:08:27,35.2,62.8,116.43117632850245,20.077844311377245,18.55688622754491
1397,2020-12-04 10:08:48,2020-12-04 10:41:28,63.2,91.6,118.91482017801253,23.03045685279188,21.532994923857867
1398,2020-12-05 01:10:18,2020-12-05 02:03:40,44.0,88.8,118.64408322172619,21.28927680798005,20.214463840399002
1399,2020-12-05 06:49:44,2020-12-05 07:20:34,46.0,76.4,118.65316264619882,22.053763440860216,19.107526881720432
1400,2020-12-05 17:22:20,2020-12-05 17:49:10,34.0,60.8,115.85146667703152,26.685185185185187,25.38888888888889
1401,2020-12-05 17:49:31,2020-12-05 18:18:11,60.8,88.4,118.58494857085343,29.167630057803468,27.722543352601157
1402,2020-12-06 01:22:16,2020-12-06 01:52:06,52.0,80.8,120.15916049382717,26.38888888888889,23.055555555555557
1403,2020-12-06 01:52:27,2020-12-06 02:18:07,81.2,97.6,123.43326422764231,27.741935483870968,24.677419354838708
1404,2020-12-06 22:46:28,2020-12-06 23:06:13,50.0,69.6,117.70508432539688,21.993288590604028,20.778523489932887
1405,2020-12-06 23:07:25,2020-12-06 23:48:38,69.2,97.2,119.96142476190477,23.787096774193547,22.72258064516129
1406,2020-12-07 05:22:58,2020-12-07 06:29:57,50.4,97.6,120.71140742996704,24.618290258449303,22.46520874751491
1407,2020-12-07 11:30:28,2020-12-07 12:04:48,73.2,85.6,119.46233691756277,24.0,22.033816425120772
1408,2020-12-07 12:05:09,2020-12-07 12:35:49,85.6,96.4,122.56168415637842,24.216216216216218,23.0
1409,2020-12-07 18:15:29,2020-12-07 18:32:38,64.4,80.8,121.69920813008139,26.66346153846154,25.067307692307693
1410,2020-12-08 12:14:12,2020-12-08 13:21:40,45.6,97.6,120.17290105502138,22.913214990138066,21.499013806706113
1411,2020-12-09 00:44:30,2020-12-09 01:45:04,40.8,94.8,119.8792014480453,24.821978021978023,23.197802197802197
1412,2020-12-09 06:53:46,2020-12-09 07:23:46,51.6,68.4,119.21215269510581,23.944751381215468,20.955801104972377
1413,2020-12-09 07:24:07,2020-12-09 07:49:37,68.8,83.2,118.16455565200614,24.33116883116883,21.837662337662337
1414,2020-12-09 07:49:58,2020-12-09 08:21:28,83.2,97.6,124.54476736111121,25.0,22.0
1415,2020-12-09 13:21:31,2020-12-09 13:43:01,64.0,85.6,114.91707889660499,25.1,23.26923076923077
1416,2020-12-10 00:05:52,2020-12-10 01:43:40,12.4,93.2,118.30112895180143,29.31156462585034,27.493877551020407
1417,2020-12-10 04:44:04,2020-12-10 05:47:33,15.2,69.6,116.99233260314543,35.55765199161426,31.79454926624738
1418,2020-12-10 05:47:54,2020-12-10 06:26:20,69.6,97.6,122.16450013392858,37.9204152249135,34.0
1419,2020-12-10 16:30:28,2020-12-10 16:53:28,30.0,42.4,117.32753897849464,29.366906474820144,27.402877697841728
1420,2020-12-10 16:53:49,2020-12-10 17:21:59,42.8,58.0,116.30119974415203,30.729411764705883,28.988235294117647
1421,2020-12-10 17:22:20,2020-12-10 17:53:30,58.4,79.6,117.81579756289311,32.03191489361702,30.329787234042552
1422,2020-12-10 17:53:51,2020-12-10 18:22:01,79.6,97.6,122.1080273148148,33.0,31.111764705882354
1423,2020-12-11 03:26:53,2020-12-11 03:55:03,36.4,60.4,116.45834421296296,28.41764705882353,25.970588235294116
1424,2020-12-11 03:55:24,2020-12-11 04:24:34,60.8,84.0,118.30161751676242,30.261363636363637,27.982954545454547
1425,2020-12-11 04:24:55,2020-12-11 04:46:15,84.0,97.6,122.73489215686277,31.0,29.0
1426,2020-12-11 16:55:49,2020-12-11 17:22:29,30.8,57.2,117.90930634469696,27.782608695652176,26.509316770186334
1427,2020-12-11 17:22:50,2020-12-11 17:47:20,57.6,81.6,119.09722222222226,30.533783783783782,29.256756756756758
1428,2020-12-11 23:44:55,2020-12-12 00:03:05,45.2,63.2,119.24922476851849,29.227272727272727,26.736363636363638
1429,2020-12-12 00:03:26,2020-12-12 00:36:26,63.6,92.8,120.31916362252666,31.07537688442211,28.623115577889447
1430,2020-12-12 20:17:33,2020-12-12 20:39:53,15.6,37.6,117.72160422979796,26.962962962962962,25.77777777777778
1431,2020-12-12 20:40:14,2020-12-12 21:04:54,38.0,62.8,115.36347855062728,29.986577181208055,28.76510067114094
1432,2020-12-12 21:38:26,2020-12-12 21:58:06,82.4,96.8,121.88659239969147,32.588235294117645,31.0
1433,2020-12-13 03:23:51,2020-12-13 03:43:01,53.2,72.0,118.61261953309699,30.396551724137932,27.25862068965517
1434,2020-12-13 03:43:22,2020-12-13 04:10:22,72.4,94.4,121.09471262626263,31.67484662576687,28.7239263803681
1435,2020-12-13 16:42:57,2020-12-13 17:12:27,30.4,60.4,114.96528935185187,28.60674157303371,27.3876404494382
1436,2020-12-13 17:12:48,2020-12-13 17:38:58,60.4,86.4,117.61753237179487,31.4873417721519,30.310126582278482
1437,2020-12-13 17:39:19,2020-12-13 17:57:33,86.8,97.6,126.80017435699588,32.0,31.0
1438,2020-12-14 05:30:56,2020-12-14 06:01:26,41.6,72.0,116.20339802631581,27.967391304347824,25.33695652173913
1439,2020-12-14 06:01:47,2020-12-14 06:31:17,72.4,95.6,121.89237080938705,29.926966292134832,27.640449438202246
1440,2020-12-14 15:08:08,2020-12-14 15:41:28,45.6,69.6,116.05731481481487,25.303482587064675,22.333333333333332
1441,2020-12-14 15:41:49,2020-12-14 16:11:19,70.0,90.4,120.14299680010892,26.45505617977528,23.84269662921348
1442,2020-12-14 19:59:21,2020-12-14 21:13:09,51.6,96.0,119.89469040290292,24.925992779783392,21.552346570397113
1443,2020-12-15 04:23:30,2020-12-15 05:42:37,26.4,96.4,118.08594689285714,23.383838383838384,20.725589225589225
1444,2020-12-15 19:10:41,2020-12-15 19:40:31,27.2,57.2,116.2194609259259,26.105555555555554,23.627777777777776
1445,2020-12-15 19:40:52,2020-12-15 20:09:32,57.6,86.0,117.89076012323945,28.710982658959537,26.329479768786126
1446,2020-12-15 20:09:53,2020-12-15 20:27:23,86.4,96.8,123.38142027243602,29.0,27.0
1447,2020-12-16 14:48:26,2020-12-16 15:16:06,49.2,77.2,116.61014394841271,20.431137724550897,19.07185628742515
1448,2020-12-16 15:32:19,2020-12-16 15:52:44,90.0,97.6,119.62906524122823,22.048387096774192,21.0
1449,2020-12-17 03:44:53,2020-12-17 04:14:33,10.8,27.6,117.43962094907407,23.955307262569832,20.932960893854748
1450,2020-12-17 04:20:14,2020-12-17 04:45:34,30.4,44.4,117.99799603174603,24.88235294117647,22.104575163398692
1451,2020-12-17 04:47:38,2020-12-17 05:16:58,45.2,62.0,116.16813136574076,26.429378531073446,23.24858757062147
1452,2020-12-17 05:17:19,2020-12-17 05:49:09,62.4,80.0,120.32510069444442,27.0,23.973958333333332
1453,2020-12-17 18:02:55,2020-12-17 18:30:45,13.6,34.0,117.21338398692814,23.88095238095238,21.488095238095237
1454,2020-12-17 18:31:06,2020-12-17 18:59:26,34.4,54.0,118.97323341836734,25.695906432748536,23.672514619883042
1455,2020-12-17 18:59:47,2020-12-17 19:26:27,54.4,72.8,118.59602694746381,27.18633540372671,25.012422360248447
1456,2020-12-17 19:26:48,2020-12-17 19:53:38,73.2,90.8,122.26248311237376,28.0,25.987654320987655
1457,2020-12-18 03:04:18,2020-12-18 03:33:18,24.4,53.6,116.21481777968039,24.605714285714285,21.388571428571428
1458,2020-12-18 03:33:39,2020-12-18 04:01:49,54.0,81.6,119.3956452797907,27.723529411764705,24.564705882352943
1459,2020-12-18 09:02:35,2020-12-18 09:32:05,63.2,90.0,119.92124155265344,24.01685393258427,20.202247191011235
1460,2020-12-18 15:00:55,2020-12-18 16:10:20,58.8,97.6,122.05721934421535,23.03639846743295,20.977011494252874
1461,2020-12-18 23:52:29,2020-12-19 00:18:59,28.4,56.4,116.41471091269844,21.19375,18.45
1462,2020-12-19 00:19:20,2020-12-19 00:48:30,56.8,86.0,119.01398653919328,24.306818181818183,21.494318181818183
1463,2020-12-19 00:48:51,2020-12-19 01:13:51,86.4,97.6,125.48738417658743,25.0,22.0
1464,2020-12-19 13:04:29,2020-12-19 13:33:29,76.0,92.4,118.06743004742543,17.697142857142858,16.394285714285715
1465,2020-12-19 15:36:23,2020-12-19 15:55:13,85.2,95.6,117.67629941239323,19.833333333333332,18.342105263157894
1466,2020-12-19 23:18:47,2020-12-19 23:44:22,47.6,72.8,119.02778576940038,19.335483870967742,17.38064516129032
1467,2020-12-19 23:44:43,2020-12-20 00:15:13,73.2,94.8,119.23419354423869,21.016304347826086,19.27173913043478
1468,2020-12-20 15:13:15,2020-12-20 15:45:54,28.0,60.4,116.88736170267491,20.522842639593907,19.03553299492386
1469,2020-12-20 15:46:15,2020-12-20 16:13:35,60.8,86.8,118.8146498931624,23.963636363636365,22.503030303030304
1470,2020-12-20 16:13:56,2020-12-20 16:37:46,86.8,97.6,124.95498958333337,25.0,23.84027777777778
1471,2020-12-21 06:46:29,2020-12-21 07:04:59,19.2,36.0,119.15096833664019,20.821428571428573,18.196428571428573
1472,2020-12-21 07:05:20,2020-12-21 07:34:40,36.4,66.4,115.53980509259256,27.28813559322034,24.429378531073446
1473,2020-12-21 07:35:01,2020-12-21 08:06:21,66.8,93.6,119.2221227715589,29.058201058201057,26.61904761904762
1474,2020-12-21 19:37:21,2020-12-21 20:40:04,43.6,97.6,120.2927594161523,25.666666666666668,24.273885350318473
1475,2020-12-22 01:21:04,2020-12-22 01:42:56,65.2,87.2,113.22324520202021,24.527272727272727,21.193939393939395
1476,2020-12-22 05:06:28,2020-12-22 05:36:18,33.2,44.0,118.92366036522634,23.47222222222222,20.094444444444445
1477,2020-12-22 05:36:39,2020-12-22 06:03:39,44.0,54.4,111.63470192307695,24.0,21.0
1478,2020-12-22 06:04:00,2020-12-22 06:37:40,54.8,67.2,116.79891017025082,24.63054187192118,21.93103448275862
1479,2020-12-22 06:38:01,2020-12-22 07:08:11,67.2,78.0,120.24696502057614,24.0,22.0
1480,2020-12-22 07:08:32,2020-12-22 07:39:42,78.4,89.2,124.16931095679014,24.0,22.0
1481,2020-12-22 07:40:03,2020-12-22 08:04:43,89.2,97.6,125.93427265211652,24.0,22.0
1482,2020-12-22 15:40:58,2020-12-22 17:17:50,22.8,84.8,117.1394267204301,25.36726272352132,24.019257221458048
1483,2020-12-22 23:04:27,2020-12-22 23:45:01,49.2,73.6,120.10061083333339,25.63606557377049,23.167213114754098
1484,2020-12-23 04:04:24,2020-12-23 05:29:15,48.0,97.6,121.00347925627244,25.34850863422292,22.891679748822607
1485,2020-12-23 19:30:04,2020-12-23 21:08:25,36.4,97.6,119.71700979938274,27.87940379403794,26.32791327913279
1486,2020-12-24 18:26:19,2020-12-24 18:53:28,77.2,97.6,124.85506271105669,27.628048780487806,26.621951219512194
1487,2020-12-24 23:17:51,2020-12-24 23:44:21,54.4,73.2,117.93589849290775,30.725,27.95625
1488,2020-12-24 23:44:42,2020-12-25 00:13:22,73.2,92.4,121.37372265624997,31.0,28.254335260115607
1489,2020-12-25 21:28:13,2020-12-25 21:52:33,4.8,28.8,118.82119641203708,23.05442176870748,21.625850340136054
1490,2020-12-26 08:03:59,2020-12-26 08:30:39,44.4,54.4,114.88057249999999,23.006211180124225,20.596273291925467
1491,2020-12-26 08:31:00,2020-12-26 08:58:50,54.4,64.4,120.08469458333325,24.0,21.0
1492,2020-12-26 08:59:11,2020-12-26 09:33:11,64.8,76.8,122.30088009259255,24.0,21.521951219512196
1493,2020-12-26 09:33:32,2020-12-26 10:01:42,77.2,87.2,121.58606416666662,24.0,22.0
1494,2020-12-26 10:02:03,2020-12-26 10:33:33,87.2,97.6,128.10759174679495,24.0,22.0
1495,2020-12-27 00:41:05,2020-12-27 01:05:45,30.8,55.6,116.19512976030467,25.174496644295303,23.738255033557046
1496,2020-12-27 01:06:06,2020-12-27 01:35:06,56.0,84.8,117.75995119598768,28.114285714285714,26.537142857142857
1497,2020-12-27 01:35:27,2020-12-27 01:55:37,84.8,97.6,123.64907421874997,29.0,27.34426229508197
1498,2020-12-27 17:07:24,2020-12-27 17:38:44,28.0,50.4,116.58358296130955,30.11111111111111,28.857142857142858
1499,2020-12-27 17:39:05,2020-12-27 18:09:45,50.8,72.8,116.16540441919192,32.56216216216216,30.94054054054054
1500,2020-12-27 18:10:06,2020-12-27 18:41:36,73.2,94.0,122.34242614850433,33.0,31.989473684210527
1501,2020-12-28 01:41:08,2020-12-28 02:09:48,14.0,34.0,118.61669055555555,34.0,30.14450867052023
1502,2020-12-28 15:25:07,2020-12-28 15:59:24,57.2,89.6,119.72527278377918,30.23643410852713,28.31782945736434
1503,2020-12-28 23:22:05,2020-12-28 23:46:55,41.2,65.6,118.99364173497273,29.786666666666665,27.14666666666667
1504,2020-12-28 23:47:16,2020-12-29 00:11:36,66.0,89.2,119.91141528975098,31.65986394557823,29.360544217687075
1505,2020-12-29 12:11:56,2020-12-29 12:39:49,70.4,93.6,120.45888630866864,25.266666666666666,23.614285714285714
1506,2020-12-29 17:27:37,2020-12-29 17:51:07,81.6,97.6,122.57119192708335,29.0,27.922535211267604
1507,2020-12-30 00:05:54,2020-12-30 00:38:54,45.6,78.0,119.07580272633747,31.326633165829147,27.87437185929648
1508,2020-12-30 00:39:15,2020-12-30 01:01:25,78.4,95.2,121.14998115079368,32.85820895522388,29.671641791044777
1509,2020-12-30 12:33:13,2020-12-30 13:05:03,52.0,82.8,119.31954103535357,24.635416666666668,22.0625
1510,2020-12-30 13:05:24,2020-12-30 13:23:14,83.2,94.4,117.24457738095235,26.0,23.333333333333332
1511,2020-12-30 21:56:34,2020-12-30 22:13:04,36.4,52.8,117.44241836043363,19.96,17.42
1512,2020-12-30 22:13:25,2020-12-30 22:40:15,52.8,79.6,116.91439645522388,22.450617283950617,20.15432098765432
1513,2020-12-30 22:40:36,2020-12-30 23:00:26,79.6,94.0,121.28761718749995,24.0,21.85
1514,2020-12-31 05:00:27,2020-12-31 05:30:17,33.2,62.8,118.0161538100601,27.67222222222222,23.455555555555556
1515,2020-12-31 05:30:38,2020-12-31 05:58:28,63.2,89.6,117.91351983375424,29.208333333333332,25.089285714285715
1516,2020-12-31 19:09:50,2020-12-31 19:41:10,2.8,34.0,117.69588136574076,20.74074074074074,19.04232804232804
1517,2020-12-31 19:41:31,2020-12-31 20:10:31,34.4,62.8,119.58775171165887,24.068571428571428,22.4
1518,2020-12-31 20:10:52,2020-12-31 20:39:42,63.2,89.6,121.71455292508422,26.626436781609197,24.724137931034484
1519,2021-01-01 03:11:53,2021-01-01 03:28:43,40.4,51.2,116.12530414094651,20.431372549019606,16.323529411764707
1520,2021-01-01 06:19:26,2021-01-01 06:49:56,64.4,90.8,118.4559256102694,21.47826086956522,19.20108695652174
1521,2021-01-01 06:50:17,2021-01-01 07:09:07,90.8,97.6,125.53106290849682,22.0,20.0
1522,2021-01-01 11:49:53,2021-01-01 12:20:23,70.4,93.2,118.69274555311895,20.690217391304348,17.72826086956522
1523,2021-01-01 19:14:14,2021-01-01 19:43:04,51.2,79.6,118.45706274452272,22.471264367816094,20.45402298850575
1524,2021-01-01 19:43:25,2021-01-01 20:01:29,80.0,93.2,121.14901401515148,23.936936936936938,21.873873873873872
1525,2021-01-02 01:03:13,2021-01-02 01:20:03,43.6,57.6,118.70536845238094,21.137254901960784,17.65686274509804
1526,2021-01-02 01:20:24,2021-01-02 01:41:44,58.0,75.2,117.63243863049095,22.015503875968992,18.968992248062015
1527,2021-01-02 18:25:34,2021-01-02 19:43:54,24.4,96.0,118.57322079647739,24.102040816326532,22.647959183673468
1528,2021-01-03 17:37:09,2021-01-03 18:27:43,28.4,78.8,117.15267492283954,24.91315789473684,23.294736842105262
1529,2021-01-03 18:28:39,2021-01-03 18:44:32,78.4,91.6,115.89847274831662,27.833333333333332,26.0
1530,2021-01-04 03:39:36,2021-01-04 04:17:01,26.0,58.0,116.74666862413194,26.255506607929515,24.273127753303964
1531,2021-01-04 04:17:22,2021-01-04 04:42:32,58.4,78.4,119.10001020833327,28.82894736842105,26.81578947368421
1532,2021-01-04 04:42:53,2021-01-04 05:10:13,78.8,96.8,123.42672438271607,29.654545454545456,27.581818181818182
1533,2021-01-04 13:36:52,2021-01-04 14:04:52,47.6,75.2,118.52406692834137,25.28994082840237,23.24852071005917
1534,2021-01-04 14:05:13,2021-01-04 14:32:23,75.6,96.0,122.35159150326795,27.00609756097561,25.353658536585368
1535,2021-01-05 01:21:46,2021-01-05 02:40:05,22.8,89.2,118.08472824422691,29.239795918367346,26.556122448979593
1536,2021-01-05 16:17:46,2021-01-05 17:18:21,36.8,88.4,117.51710192452627,27.03076923076923,25.73846153846154
1537,2021-01-06 01:23:30,2021-01-06 01:55:40,48.4,80.4,117.41928463541664,27.201030927835053,24.5979381443299
1538,2021-01-06 01:56:01,2021-01-06 02:20:31,80.8,97.6,124.5916312830688,28.89189189189189,26.493243243243242
1539,2021-01-06 15:28:35,2021-01-06 15:49:25,45.2,66.0,117.07733747329063,25.11111111111111,23.8015873015873
1540,2021-01-07 00:17:56,2021-01-07 00:43:26,11.6,36.8,118.59019003527342,23.850649350649352,21.818181818181817
1541,2021-01-07 00:43:47,2021-01-07 01:12:47,37.2,66.4,116.38130650684933,27.497142857142858,25.502857142857142
1542,2021-01-07 01:13:08,2021-01-07 01:40:58,66.8,91.6,119.81184795026883,29.761904761904763,27.732142857142858
1543,2021-01-07 03:38:33,2021-01-07 04:00:13,75.2,92.8,121.08192645202026,29.19083969465649,25.954198473282442
1544,2021-01-07 14:59:56,2021-01-07 15:17:56,50.4,68.0,119.79247719381314,20.69724770642202,18.412844036697248
1545,2021-01-07 15:18:17,2021-01-07 15:45:57,68.4,91.6,120.12334165469356,22.431137724550897,20.17365269461078
1546,2021-01-08 00:04:55,2021-01-08 00:25:05,14.8,20.0,112.81781303418803,22.34426229508197,18.62295081967213
1547,2021-01-08 01:09:24,2021-01-08 01:46:53,24.8,36.4,121.07051162595785,24.0,20.0
1548,2021-01-08 01:47:14,2021-01-08 02:08:35,36.4,43.2,117.64275998774502,24.0,20.0
1549,2021-01-08 02:08:56,2021-01-08 02:42:40,43.6,54.8,112.83853087797621,24.0,20.0
1550,2021-01-08 02:43:01,2021-01-08 03:11:41,55.2,64.4,116.59266772342991,23.936416184971097,20.0
1551,2021-01-08 03:12:02,2021-01-08 03:41:02,64.4,74.0,112.991869212963,23.0,19.074285714285715
1552,2021-01-08 03:41:23,2021-01-08 04:06:43,74.0,81.6,124.60339601608193,22.66013071895425,18.673202614379086
1553,2021-01-08 04:07:04,2021-01-08 04:36:34,82.0,90.8,123.11238131313134,22.0,18.0
1554,2021-01-08 04:36:55,2021-01-08 05:03:25,90.8,97.6,131.0050167075164,21.53125,17.525
1555,2021-01-08 16:29:04,2021-01-08 17:46:49,35.6,95.6,119.04232803703705,25.423931623931622,22.042735042735043
1556,2021-01-09 03:36:18,2021-01-09 03:52:48,6.8,22.8,119.61546666666669,19.25,16.41
1557,2021-01-09 04:53:31,2021-01-09 05:17:41,22.8,46.4,118.88537482344637,20.136986301369863,17.815068493150687
1558,2021-01-09 05:18:02,2021-01-09 05:46:12,46.8,75.2,115.0836426056338,23.370588235294118,21.123529411764707
1559,2021-01-09 05:46:33,2021-01-09 06:16:53,75.2,96.0,119.23746534455132,24.989071038251367,22.814207650273225
1560,2021-01-09 11:47:10,2021-01-09 12:14:23,58.8,84.4,117.55258342556421,24.5609756097561,20.278048780487804
1561,2021-01-10 12:43:13,2021-01-10 14:02:44,28.8,97.6,118.83853376130493,25.497487437185928,23.257956448911223
1562,2021-01-10 23:35:25,2021-01-11 00:04:45,61.2,86.8,118.78094048394101,21.63276836158192,18.54237288135593
1563,2021-01-11 06:38:32,2021-01-11 08:06:51,32.8,97.6,118.48872383401923,26.24132730015083,22.22473604826546
1564,2021-01-11 21:16:03,2021-01-11 21:42:43,16.0,40.8,116.63364700940863,21.60248447204969,19.006211180124225
1565,2021-01-11 21:43:04,2021-01-11 22:15:14,41.2,73.2,116.96964140625006,27.623711340206185,24.84020618556701
1566,2021-01-12 05:12:48,2021-01-12 05:36:58,12.0,24.0,117.23035569444444,23.82191780821918,18.924657534246574
1567,2021-01-12 05:37:19,2021-01-12 06:07:29,24.0,41.2,117.21740649224803,26.736263736263737,21.697802197802197
1568,2021-01-12 06:07:50,2021-01-12 06:37:10,41.2,58.4,113.97935658914733,27.666666666666668,22.966101694915253
1569,2021-01-12 06:37:31,2021-01-12 07:06:11,58.8,74.8,119.74308541666667,28.0,24.0
1570,2021-01-12 11:50:16,2021-01-12 12:21:46,47.6,78.8,117.86548134793449,23.989473684210527,20.01578947368421
1571,2021-01-12 12:22:07,2021-01-12 12:42:07,79.2,94.0,121.00975675675679,25.0,21.867768595041323
1572,2021-01-12 20:06:27,2021-01-12 20:28:27,38.8,61.2,116.09869965277775,22.67669172932331,19.827067669172934
1573,2021-01-12 20:28:48,2021-01-12 20:59:38,61.2,90.0,117.57523379629633,24.758064516129032,22.301075268817204
1574,2021-01-12 20:59:59,2021-01-12 21:18:39,90.0,97.6,126.4200100511697,25.964601769911503,23.0
1575,2021-01-13 03:00:13,2021-01-13 03:47:58,58.8,95.6,119.5696086050725,22.038194444444443,18.618055555555557
1576,2021-01-13 10:36:55,2021-01-13 11:09:05,32.4,66.4,116.36928700980391,26.09278350515464,22.876288659793815
1577,2021-01-13 11:09:26,2021-01-13 11:40:26,66.8,93.6,120.87946942371481,28.90909090909091,25.823529411764707
1578,2021-01-13 21:17:01,2021-01-13 21:42:11,19.2,44.0,117.54816980286738,24.24342105263158,21.17105263157895
1579,2021-01-13 21:42:32,2021-01-13 22:15:32,44.4,77.2,116.73485730013553,27.819095477386934,24.90452261306533
1580,2021-01-13 22:15:53,2021-01-13 22:44:03,77.6,97.6,123.86044187500002,29.71764705882353,26.86470588235294
1581,2021-01-14 15:37:10,2021-01-14 16:17:03,39.6,79.2,117.69512365319864,23.585062240663902,22.195020746887966
1582,2021-01-14 16:17:24,2021-01-14 16:43:54,79.2,97.6,122.04334224033822,25.98125,24.6875
1583,2021-01-15 13:13:42,2021-01-15 13:30:32,37.6,46.8,118.2910637077295,21.225490196078432,19.637254901960784
1584,2021-01-15 13:30:53,2021-01-15 14:00:13,47.2,64.0,116.40211640211643,22.666666666666668,21.135593220338983
1585,2021-01-15 14:00:34,2021-01-15 14:31:04,64.4,81.2,121.03009242724869,23.92391304347826,22.217391304347824
1586,2021-01-16 07:53:01,2021-01-16 08:12:51,35.6,51.6,114.69619444444446,21.8,19.341666666666665
1587,2021-01-16 08:13:12,2021-01-16 08:45:32,51.6,78.0,116.57934569654884,25.825641025641026,23.61025641025641
1588,2021-01-16 08:45:53,2021-01-16 09:16:13,78.4,97.6,122.63816550925937,26.97814207650273,24.775956284153004
1589,2021-01-16 16:44:24,2021-01-16 17:12:54,54.0,82.0,118.92709439484128,29.47093023255814,27.976744186046513
1590,2021-01-17 00:20:06,2021-01-17 00:46:06,21.2,46.8,118.80752701822917,30.59235668789809,27.662420382165607
1591,2021-01-17 00:46:27,2021-01-17 01:17:17,47.2,77.6,118.66001457419596,33.543010752688176,30.70967741935484
1592,2021-01-17 01:17:38,2021-01-17 01:44:08,78.0,97.2,125.79139416956015,35.0,32.0
1593,2021-01-17 04:01:47,2021-01-17 04:26:17,76.0,95.2,118.86430960648148,31.62837837837838,27.0
1594,2021-01-17 10:56:17,2021-01-17 11:52:36,54.4,97.6,120.39446306905866,25.451536643026003,22.307328605200947
1595,2021-01-17 15:38:39,2021-01-17 16:04:00,74.8,95.6,112.73158162393165,25.486910994764397,22.858638743455497
1596,2021-01-18 03:07:29,2021-01-18 03:29:39,42.0,56.0,118.45434821428569,20.440298507462686,19.03731343283582
1597,2021-01-18 03:30:00,2021-01-18 03:56:50,56.4,73.2,119.58248569775125,21.839506172839506,20.32716049382716
1598,2021-01-18 03:57:11,2021-01-18 04:23:21,73.6,89.6,122.46354114583333,22.60759493670886,21.0
1599,2021-01-18 04:23:42,2021-01-18 04:43:52,90.0,97.6,129.89769992690069,23.0,21.762295081967213
1600,2021-01-18 21:19:32,2021-01-18 21:45:32,26.4,43.2,116.07142857142854,20.64968152866242,19.821656050955415
1601,2021-01-18 21:45:53,2021-01-18 22:15:23,43.2,62.8,112.88265306122452,22.764044943820224,21.93820224719101
1602,2021-01-18 22:15:44,2021-01-18 22:44:14,62.8,80.8,118.75,24.0,23.0
1603,2021-01-18 22:44:35,2021-01-18 23:15:15,81.2,97.2,124.234396875,24.832432432432434,23.864864864864863
1604,2021-01-19 11:09:14,2021-01-19 11:33:04,30.0,44.8,120.77984262387389,18.98611111111111,17.569444444444443
1605,2021-01-19 11:33:25,2021-01-19 12:00:05,45.2,62.4,116.27906976744188,21.167701863354036,19.819875776397517
1606,2021-01-19 12:00:26,2021-01-19 12:28:16,62.8,80.4,118.6079545454545,22.55952380952381,21.327380952380953
1607,2021-01-19 12:28:37,2021-01-19 12:58:27,80.4,96.8,121.5557509315719,23.58888888888889,22.455555555555556
1608,2021-01-20 11:59:03,2021-01-20 12:19:33,31.6,44.8,117.58208491161619,20.70967741935484,19.403225806451612
1609,2021-01-20 12:19:54,2021-01-20 12:50:24,44.8,64.8,111.76667499999999,22.940217391304348,21.52173913043478
1610,2021-01-20 12:50:45,2021-01-20 13:18:35,64.8,81.6,116.47654108796301,24.148809523809526,22.93452380952381
1611,2021-01-20 22:00:48,2021-01-20 23:28:20,24.0,95.2,118.45770115675718,27.910197869101978,26.141552511415526
1612,2021-01-21 16:03:40,2021-01-21 16:31:40,22.8,31.6,119.27872080176766,25.201183431952664,24.059171597633135
1613,2021-01-21 16:32:01,2021-01-21 17:02:41,31.6,41.2,119.79166666666666,26.232432432432432,25.037837837837838
1614,2021-01-21 17:03:02,2021-01-21 17:31:22,41.6,51.2,110.67708333333333,27.140350877192983,26.0
1615,2021-01-21 17:31:43,2021-01-21 18:01:53,51.2,61.2,113.12500000000001,28.0,26.87912087912088
1616,2021-01-21 18:02:14,2021-01-21 18:33:24,61.6,71.6,116.87500000000009,28.0,27.0
1617,2021-01-21 18:33:45,2021-01-21 19:05:25,71.6,81.6,118.75,28.0,27.0
1618,2021-01-21 19:05:46,2021-01-21 19:35:56,81.6,90.8,122.9619565217391,28.0,27.0
1619,2021-01-22 19:56:08,2021-01-22 20:19:18,15.2,38.0,118.5404480994152,25.542857142857144,24.071428571428573
1620,2021-01-22 20:19:39,2021-01-22 20:49:09,38.4,68.0,116.27252252252251,28.97752808988764,27.707865168539325
1621,2021-01-22 20:49:30,2021-01-22 21:18:10,68.0,92.8,120.68325347222229,31.485549132947977,29.872832369942195
1622,2021-01-23 04:34:16,2021-01-23 05:01:06,32.4,49.6,117.00581395348834,26.62962962962963,23.419753086419753
1623,2021-01-23 05:01:27,2021-01-23 05:28:47,49.6,67.2,116.4772727272727,28.163636363636364,25.35757575757576
1624,2021-01-23 05:29:08,2021-01-23 05:58:38,67.6,86.0,120.24456521739127,29.0,26.0
1625,2021-01-23 05:58:59,2021-01-23 06:15:49,86.0,96.0,122.55281138888894,29.0,26.823529411764707
1626,2021-01-23 23:13:59,2021-01-23 23:44:49,36.0,66.8,117.30701055194805,27.93010752688172,25.989247311827956
1627,2021-01-23 23:45:10,2021-01-24 00:12:30,67.2,91.6,120.81057843806926,30.503030303030304,28.581818181818182
1628,2021-01-24 21:44:06,2021-01-24 22:14:26,37.6,68.0,116.6972890625,26.863387978142075,25.502732240437158
1629,2021-01-24 22:14:47,2021-01-24 22:45:27,68.4,94.0,121.26032237413197,29.508108108108107,27.935135135135134
1630,2021-01-25 13:39:21,2021-01-25 14:03:21,43.2,68.0,119.54414196908603,27.358620689655172,25.958620689655174
1631,2021-01-25 14:03:42,2021-01-25 14:32:22,68.4,93.6,119.99670298721348,29.68208092485549,28.398843930635838
1632,2021-01-25 20:41:38,2021-01-25 21:11:58,61.6,90.0,119.42782741588422,31.120218579234972,29.360655737704917
1633,2021-01-26 14:25:41,2021-01-26 14:54:11,40.4,68.4,117.43504102182536,25.88372093023256,24.33139534883721
1634,2021-01-26 14:54:32,2021-01-26 15:18:02,68.8,90.0,120.23062670335429,28.471830985915492,26.753521126760564
1635,2021-01-27 15:29:27,2021-01-27 15:57:57,28.4,57.2,114.20141232638888,28.302325581395348,26.66860465116279
1636,2021-01-27 15:58:18,2021-01-27 16:21:18,57.2,80.0,116.42546345029241,31.532374100719423,29.834532374100718
1637,2021-01-27 16:21:39,2021-01-27 16:41:09,80.4,94.4,121.80062232142856,32.91525423728814,31.0
1638,2021-01-27 23:18:13,2021-01-27 23:39:33,51.6,74.0,117.29290792410718,29.4031007751938,26.65891472868217
1639,2021-01-27 23:39:54,2021-01-28 00:07:04,74.4,96.0,121.11367637602885,30.71951219512195,28.0
1640,2021-01-28 14:29:22,2021-01-28 15:21:33,46.0,93.2,119.72897613288606,27.107142857142858,25.510204081632654
1641,2021-01-28 22:32:15,2021-01-28 22:59:35,48.8,66.0,119.45093087855298,25.684848484848484,23.496969696969696
1642,2021-01-28 22:59:56,2021-01-28 23:34:36,66.4,88.0,120.6378868312758,26.60287081339713,24.4688995215311
1643,2021-01-29 16:21:12,2021-01-29 16:47:42,24.4,50.4,118.2072795940171,25.06875,23.7
1644,2021-01-29 16:48:03,2021-01-29 17:12:23,50.8,75.2,115.68421493624771,28.45578231292517,27.07482993197279
1645,2021-01-29 17:12:44,2021-01-29 17:35:04,75.2,93.2,119.05324922839506,29.992592592592594,28.68148148148148
1646,2021-01-30 01:28:44,2021-01-30 01:54:04,30.8,56.0,117.64717432760143,25.424836601307188,22.54248366013072
1647,2021-01-30 01:54:25,2021-01-30 02:21:25,56.4,83.2,117.8327293739635,27.920245398773005,25.226993865030675
1648,2021-01-30 02:21:46,2021-01-30 02:43:26,83.6,97.6,124.06746041666668,29.0,26.0
1649,2021-01-31 11:54:27,2021-01-31 12:15:57,34.4,58.4,104.69272106481482,23.046153846153846,22.29230769230769
1650,2021-01-31 12:16:18,2021-01-31 12:47:38,58.4,89.2,118.64493916847043,26.17989417989418,25.26984126984127
1651,2021-01-31 18:44:08,2021-01-31 19:03:58,66.8,86.0,120.69084013310186,28.816666666666666,27.516666666666666
1652,2021-01-31 19:04:19,2021-01-31 19:22:39,86.4,97.6,121.9370213293652,29.693693693693692,28.0
1653,2021-02-01 14:06:50,2021-02-01 14:36:00,37.2,49.2,116.6238614583333,28.102272727272727,26.727272727272727
1654,2021-02-01 14:36:21,2021-02-01 15:03:31,49.6,60.4,116.6962650462963,29.0,27.9390243902439
1655,2021-02-01 15:03:52,2021-02-01 15:33:02,60.8,72.0,117.45041803075391,29.71590909090909,28.045454545454547
1656,2021-02-01 15:33:23,2021-02-01 16:12:08,72.0,86.0,122.09149644841271,30.0,28.961702127659574
1657,2021-02-01 16:12:29,2021-02-01 16:44:29,86.0,96.8,125.62373842592594,30.0,29.0
1658,2021-02-02 00:12:09,2021-02-02 00:33:49,32.8,54.4,117.23059272119343,30.38167938931298,27.80916030534351
1659,2021-02-02 00:34:10,2021-02-02 01:04:30,54.8,84.4,119.62369176989486,32.91803278688525,30.491803278688526
1660,2021-02-02 01:04:51,2021-02-02 01:24:51,84.8,97.6,124.04623339843755,34.0,31.94214876033058
1661,2021-02-02 04:13:15,2021-02-02 04:40:55,77.2,97.6,122.32300040849677,32.0,28.0
1662,2021-02-02 13:43:56,2021-02-02 14:16:56,54.0,86.0,120.78256432291671,28.402010050251256,27.160804020100503
1663,2021-02-02 14:17:17,2021-02-02 14:35:47,86.4,97.6,123.1299840029763,30.0,28.366071428571427
1664,2021-02-03 00:58:38,2021-02-03 01:27:38,10.4,39.2,118.54602247299381,30.165714285714287,27.582857142857144
1665,2021-02-03 01:27:59,2021-02-03 01:55:29,39.6,67.2,117.35408293075686,33.433734939759034,30.897590361445783
1666,2021-02-03 01:55:50,2021-02-03 02:22:00,67.6,91.2,120.64091207627115,35.43037974683544,32.82911392405063
1667,2021-02-03 14:43:35,2021-02-03 15:46:58,48.8,97.6,120.80434295025046,29.03361344537815,27.949579831932773
1668,2021-02-03 23:14:30,2021-02-04 00:29:13,35.2,95.2,119.60213713425927,31.18716577540107,28.732620320855617
1669,2021-02-04 05:17:55,2021-02-04 05:47:35,46.8,66.8,117.92154430555557,29.508379888268156,25.65921787709497
1670,2021-02-04 05:47:56,2021-02-04 06:14:26,66.8,84.4,120.98881092171712,30.0,26.675
1671,2021-02-04 13:41:59,2021-02-04 14:00:29,31.2,42.8,120.16885093390803,28.258928571428573,26.607142857142858
1672,2021-02-04 14:00:50,2021-02-04 14:25:10,42.8,58.8,114.56946979166669,29.8843537414966,28.41496598639456
1673,2021-02-04 14:25:31,2021-02-04 14:53:41,58.8,76.8,117.8858288580247,31.08235294117647,29.83529411764706
1674,2021-02-04 14:54:02,2021-02-04 15:25:32,77.2,96.0,124.41196705082747,32.0,30.489473684210527
1675,2021-02-05 11:40:30,2021-02-05 12:09:30,36.8,66.0,116.03740116057837,28.634285714285713,27.542857142857144
1676,2021-02-05 12:09:51,2021-02-05 12:39:31,66.4,92.4,119.85738552350429,31.22905027932961,29.737430167597765
1677,2021-02-06 01:36:43,2021-02-06 02:43:50,32.4,94.0,119.34291881538601,30.91468253968254,28.36111111111111
1678,2021-02-06 18:39:23,2021-02-06 20:40:05,18.8,97.6,119.24222216582065,31.980132450331126,30.64459161147903
1679,2021-02-07 02:42:57,2021-02-07 03:08:27,51.6,67.6,119.79690156250007,29.707792207792206,26.51298701298701
1680,2021-02-07 03:08:48,2021-02-07 03:37:48,68.0,86.0,121.10187870370372,30.0,27.18857142857143
1681,2021-02-07 03:38:09,2021-02-07 03:57:29,86.4,97.6,125.23688380456363,30.504273504273506,28.0
1682,2021-02-07 15:16:57,2021-02-07 15:46:17,34.0,53.2,116.6204212962963,33.74576271186441,32.259887005649716
1683,2021-02-07 15:46:38,2021-02-07 16:12:18,53.6,70.4,116.62042129629629,35.3741935483871,33.92903225806452
1684,2021-02-07 16:12:39,2021-02-07 16:41:39,70.8,89.2,120.30802355072466,36.0,34.05142857142857
1685,2021-02-08 21:13:29,2021-02-08 22:57:49,14.0,97.6,119.5646874734184,31.869731800766285,30.776500638569605
1686,2021-02-09 14:19:09,2021-02-09 14:47:09,63.2,89.6,119.29505986952869,29.562130177514792,27.70414201183432
1687,2021-02-09 22:06:17,2021-02-09 22:33:37,69.2,92.4,121.05186230842911,27.745454545454546,24.866666666666667
1688,2021-02-11 09:14:37,2021-02-11 09:41:47,38.0,66.0,113.36509454365078,25.51219512195122,23.5609756097561
1689,2021-02-11 09:42:08,2021-02-11 10:12:18,66.4,92.4,118.04007542735044,27.593406593406595,25.692307692307693
1690,2021-02-11 15:34:16,2021-02-11 16:44:58,42.0,97.6,119.20115266536773,28.958568738229754,26.642184557438796
1691,2021-02-12 00:15:39,2021-02-12 00:46:19,37.6,68.8,115.48343936965814,27.44864864864865,24.416216216216217
1692,2021-02-12 00:46:40,2021-02-12 01:13:50,69.2,92.8,120.2477677730697,29.628048780487806,26.74390243902439
1693,2021-02-12 16:38:29,2021-02-12 17:07:09,55.6,72.8,119.28215406976746,25.167630057803468,24.040462427745666
1694,2021-02-12 17:07:30,2021-02-12 17:26:30,73.2,84.4,117.38593055555555,26.0,25.0
1695,2021-02-12 23:11:24,2021-02-12 23:30:44,21.2,40.4,118.1090826099537,25.77777777777778,23.581196581196583
1696,2021-02-12 23:31:05,2021-02-13 00:03:05,40.8,73.2,116.17285082304525,29.139896373056995,26.974093264248705
1697,2021-02-13 00:03:26,2021-02-13 00:34:56,73.6,97.6,122.2714217592593,31.178947368421053,28.96842105263158
1698,2021-02-14 17:59:51,2021-02-14 18:30:41,41.6,72.8,113.98016341702284,27.36021505376344,26.112903225806452
1699,2021-02-14 18:31:02,2021-02-14 19:01:52,73.2,96.8,120.59265348399248,29.655913978494624,28.50537634408602
1700,2021-02-15 03:46:51,2021-02-15 04:13:51,16.0,43.2,115.95589705882352,28.680981595092025,25.828220858895705
1701,2021-02-15 04:14:12,2021-02-15 04:41:42,43.2,71.2,114.71033015873016,31.765060240963855,29.0
1702,2021-02-15 04:42:03,2021-02-15 05:11:53,71.6,95.6,120.78936336805558,33.083333333333336,30.594444444444445
1703,2021-02-16 08:40:20,2021-02-16 08:57:20,18.8,36.4,111.84421946022727,22.796116504854368,22.0
1704,2021-02-16 08:57:41,2021-02-16 09:30:41,36.8,69.6,116.58918178353662,26.316582914572866,25.4321608040201
1705,2021-02-16 09:31:02,2021-02-16 09:59:22,70.0,93.6,123.16797375235409,28.91812865497076,27.84795321637427
1706,2021-02-16 19:39:32,2021-02-16 20:02:42,21.2,29.6,119.51554282407403,28.285714285714285,27.0
1707,2021-02-16 20:03:03,2021-02-16 20:30:53,30.0,40.0,120.61111111111111,29.172619047619047,27.976190476190474
1708,2021-02-16 20:31:14,2021-02-16 20:59:34,40.4,51.2,113.68312757201642,30.12280701754386,28.91812865497076
1709,2021-02-16 20:59:55,2021-02-16 21:29:25,51.2,62.4,114.13938516865085,31.0,29.786516853932586
1710,2021-02-16 21:29:46,2021-02-16 21:58:16,62.4,73.2,114.35442412551437,31.0,30.0
1711,2021-02-16 21:58:37,2021-02-16 22:25:27,73.2,82.8,121.12557899305565,31.0,30.0
1712,2021-02-16 22:30:28,2021-02-16 23:02:58,82.8,94.4,121.25838541666658,31.0,29.239795918367346
1713,2021-02-17 05:37:51,2021-02-17 06:06:21,28.0,57.2,114.46061872146119,29.83139534883721,27.61046511627907
1714,2021-02-17 06:16:10,2021-02-17 06:45:30,65.2,91.6,117.59365809133003,32.898305084745765,30.62146892655367
1715,2021-02-17 14:51:27,2021-02-17 15:10:27,26.8,30.8,119.16323993055555,29.0,27.0
1716,2021-02-17 15:10:48,2021-02-17 15:36:38,30.8,36.4,112.21729489087306,29.141025641025642,27.807692307692307
1717,2021-02-17 15:36:59,2021-02-17 16:08:09,36.4,42.8,113.38329448784725,30.0,28.03723404255319
1718,2021-02-17 16:08:30,2021-02-17 16:36:20,42.8,48.4,110.43159102182535,30.06547619047619,29.0
1719,2021-02-17 16:36:41,2021-02-17 17:04:11,48.4,54.0,104.86363244047618,31.0,29.0
1720,2021-02-17 17:04:32,2021-02-17 17:32:32,54.0,59.2,112.6816824252136,31.0,29.0
1721,2021-02-17 17:32:53,2021-02-17 18:02:13,59.2,64.8,111.11364583333344,31.0,29.0
1722,2021-02-17 18:02:34,2021-02-17 18:27:04,64.8,69.2,120.12947474747457,31.0,29.0
1723,2021-02-17 18:27:25,2021-02-17 18:54:45,69.2,74.4,114.57536565170936,31.0,29.0
1724,2021-02-17 18:55:06,2021-02-17 19:25:26,74.4,80.0,119.17416865079377,30.97814207650273,29.0
1725,2021-02-17 19:25:47,2021-02-17 19:57:37,80.0,85.6,126.73119742063508,30.005208333333332,29.0
1726,2021-02-17 19:57:58,2021-02-17 20:24:08,85.6,90.4,122.5694976851849,30.0,28.651898734177216
1727,2021-02-17 20:24:29,2021-02-17 20:50:49,90.4,95.2,125.20259924768524,30.0,28.0
1728,2021-02-18 04:49:41,2021-02-18 05:19:11,62.0,72.8,117.90890509259259,26.0,24.0
1729,2021-02-18 05:19:32,2021-02-18 05:47:22,72.8,82.8,120.14717583333328,26.0,24.0
1730,2021-02-18 05:47:43,2021-02-18 06:19:33,83.2,94.4,122.6909248511904,26.0,24.0
1731,2021-02-18 12:06:57,2021-02-18 12:29:15,59.2,81.2,118.53574951388887,28.169117647058822,26.477941176470587
1732,2021-02-18 12:29:36,2021-02-18 12:54:54,81.6,97.6,120.22673604166665,29.0,27.091503267973856
1733,2021-02-18 19:09:41,2021-02-18 19:39:51,51.6,70.8,118.32323220486116,30.54945054945055,28.60989010989011
1734,2021-02-18 19:40:12,2021-02-18 20:11:42,70.8,90.8,118.3791929166667,31.0,29.0
1735,2021-02-19 15:57:44,2021-02-19 16:17:34,14.8,34.4,118.51050063775514,27.75,26.391666666666666
1736,2021-02-19 16:17:55,2021-02-19 16:47:55,34.8,65.2,115.47287806103799,31.03314917127072,29.70718232044199
1737,2021-02-19 16:48:16,2021-02-19 17:14:16,65.6,90.0,119.15814310109288,33.47770700636943,32.36942675159236
1738,2021-02-20 00:52:00,2021-02-20 01:17:40,43.2,68.8,117.36275585937503,30.116129032258065,26.980645161290322
1739,2021-02-20 20:40:48,2021-02-20 21:10:58,56.0,86.0,117.52732662037037,30.302197802197803,28.736263736263737
1740,2021-02-20 21:11:19,2021-02-20 21:30:19,86.4,97.6,126.80184970238109,31.0,30.0
1741,2021-02-21 16:51:13,2021-02-21 17:19:43,38.0,58.8,114.44713822115386,31.267441860465116,29.796511627906977
1742,2021-02-21 17:20:04,2021-02-21 17:55:14,58.8,83.6,118.41736211917566,33.014150943396224,31.57547169811321
1743,2021-02-21 18:02:15,2021-02-21 18:19:45,86.8,97.6,121.12655131172842,33.95283018867924,32.028301886792455
1744,2021-02-22 11:01:43,2021-02-22 12:42:27,3.6,97.6,118.29935816193856,31.835978835978835,30.15343915343915
1745,2021-02-22 18:00:57,2021-02-22 18:33:37,68.0,91.2,116.87382369492339,35.0,33.0
1746,2021-02-23 02:04:04,2021-02-23 02:23:18,25.6,45.2,115.53913200113377,33.547008547008545,30.324786324786324
1747,2021-02-23 02:23:39,2021-02-23 02:51:34,45.6,74.0,115.81012211463224,36.15384615384615,32.85207100591716
1748,2021-02-23 02:51:55,2021-02-23 03:09:25,74.4,90.0,122.16526638176643,37.0188679245283,34.0
1749,2021-02-23 15:29:36,2021-02-23 16:00:56,38.4,70.4,115.7308897569444,33.71957671957672,31.883597883597883
1750,2021-02-24 12:01:25,2021-02-24 12:19:15,52.8,70.4,117.84883096590907,25.805555555555557,24.64814814814815
1751,2021-02-24 12:19:36,2021-02-24 12:47:46,70.8,94.0,119.98804017001916,27.54705882352941,26.541176470588237
1752,2021-02-24 19:37:56,2021-02-24 20:07:46,60.8,79.6,118.85193395390073,30.5,29.0
1753,2021-02-25 03:12:01,2021-02-25 03:37:41,37.6,63.2,117.29005333116321,29.683870967741935,27.058064516129033
1754,2021-02-25 03:38:02,2021-02-25 04:08:32,63.6,91.6,118.66519082341273,31.847826086956523,29.60326086956522
1755,2021-02-25 12:35:37,2021-02-25 13:03:27,38.4,66.8,114.6801793329421,30.696428571428573,28.607142857142858
1756,2021-02-25 13:03:48,2021-02-25 13:33:28,67.2,92.8,121.1914195421007,32.77653631284916,30.75977653631285
1757,2021-02-25 20:14:46,2021-02-25 20:36:56,46.8,53.2,111.33246571180547,30.0,28.0
1758,2021-02-25 20:37:17,2021-02-25 21:07:17,53.2,60.4,126.74382793209887,30.0,28.0
1759,2021-02-25 21:07:38,2021-02-25 21:37:48,60.8,68.0,116.757330632716,30.0,28.0
1760,2021-02-25 21:38:09,2021-02-25 22:06:09,68.4,75.6,117.66396628086437,30.0,28.0
1761,2021-02-25 22:06:30,2021-02-25 22:32:50,75.6,82.4,123.17402035539196,30.0,28.0
1762,2021-02-25 22:33:11,2021-02-25 23:00:41,82.8,89.6,129.60375898692817,30.0,28.0
1763,2021-02-27 21:27:05,2021-02-27 21:56:15,36.8,55.6,116.35638297872337,21.005681818181817,20.09090909090909
1764,2021-02-27 21:56:36,2021-02-27 22:22:36,56.0,72.8,116.20289012896828,22.745222929936304,21.745222929936304
1765,2021-02-27 22:22:57,2021-02-27 22:52:47,73.2,91.6,121.1654812047102,23.583333333333332,22.45
1766,2021-02-28 05:34:10,2021-02-28 06:04:50,44.0,75.2,114.93502279202279,27.194594594594594,24.913513513513514
1767,2021-02-28 06:05:11,2021-02-28 06:32:11,75.2,96.0,120.55824212072652,29.0,26.858895705521473
1768,2021-02-28 21:09:53,2021-02-28 21:38:33,31.2,49.6,117.10600407608693,25.53179190751445,24.271676300578033
1769,2021-02-28 21:38:54,2021-02-28 22:06:54,50.0,68.4,114.38408333333332,27.59171597633136,26.124260355029588
1770,2021-02-28 22:07:15,2021-02-28 22:34:55,68.4,86.0,118.15974842171721,28.317365269461078,27.0
1771,2021-02-28 22:35:16,2021-02-28 22:55:06,86.0,97.6,123.69253867337171,29.0,27.283333333333335
1772,2021-03-01 09:02:11,2021-03-01 09:54:29,42.0,97.6,119.22749679256594,29.00763358778626,26.94147582697201
1773,2021-03-01 22:15:59,2021-03-01 23:25:54,28.4,94.0,117.96206905064366,30.626666666666665,29.121904761904762
1774,2021-03-02 15:06:50,2021-03-02 15:32:10,29.6,55.2,115.65865174696182,25.058823529411764,24.03267973856209
1775,2021-03-02 15:32:31,2021-03-02 16:01:41,55.6,84.4,118.27354499421297,28.113636363636363,27.119318181818183
1776,2021-03-03 00:48:30,2021-03-03 02:07:26,26.4,97.6,118.47223131086145,28.978077571669477,26.39460370994941
1777,2021-03-03 15:25:36,2021-03-03 16:31:54,30.8,93.2,116.82638995726494,26.744979919678716,25.22690763052209
1778,2021-03-04 03:42:02,2021-03-04 04:11:12,33.2,63.2,114.71577175925927,25.880681818181817,23.625
1779,2021-03-04 04:11:33,2021-03-04 04:39:53,63.6,90.0,119.24718907828284,28.502923976608187,26.374269005847953
1780,2021-03-04 10:48:56,2021-03-04 11:09:26,58.8,77.6,118.45007749704497,25.112903225806452,22.032258064516128
1781,2021-03-04 11:09:47,2021-03-04 11:40:50,78.0,96.8,120.80269259013005,26.0,23.0
1782,2021-03-04 18:50:54,2021-03-04 19:17:54,74.0,89.2,118.45760599415203,24.0,22.650306748466257
1783,2021-03-05 02:47:50,2021-03-05 04:19:42,13.6,97.6,118.17792193915344,27.668115942028987,25.755072463768116
1784,2021-03-05 06:35:49,2021-03-05 07:03:49,76.4,97.6,119.47655621069188,29.928994082840237,26.0
1785,2021-03-05 18:21:08,2021-03-05 18:48:58,42.0,70.0,116.23562981150795,27.952380952380953,26.083333333333332
1786,2021-03-05 18:49:19,2021-03-05 19:16:19,70.4,93.2,119.8331041666667,29.957055214723926,28.466257668711656
1787,2021-03-06 13:13:01,2021-03-06 13:43:01,50.8,71.6,115.19499492521368,26.226519337016576,25.441988950276244
1788,2021-03-06 13:43:22,2021-03-06 14:11:02,71.6,90.4,118.1375745419621,27.34131736526946,26.538922155688624
1789,2021-03-07 18:59:28,2021-03-07 19:29:48,64.8,92.0,117.14257286560456,26.633879781420767,25.46448087431694
1790,2021-03-09 22:33:30,2021-03-09 22:55:00,28.0,42.0,116.61907271825397,28.46923076923077,26.392307692307693
1791,2021-03-09 22:55:21,2021-03-09 23:25:21,42.0,61.6,112.97690376984124,30.303867403314918,28.276243093922652
1792,2021-03-09 23:25:42,2021-03-09 23:56:22,62.0,80.4,117.76119202898548,31.12972972972973,29.36216216216216
1793,2021-03-09 23:56:43,2021-03-10 00:13:33,80.4,90.0,119.9652971643519,32.0,30.0
1794,2021-03-10 11:49:13,2021-03-10 12:23:43,51.6,85.6,118.4076822712419,29.91346153846154,28.110576923076923
1795,2021-03-10 12:24:04,2021-03-10 12:43:34,86.0,97.6,125.67051748084297,31.16949152542373,30.0
1796,2021-03-10 19:39:21,2021-03-10 19:56:01,43.6,60.4,115.76967881944447,31.85148514851485,29.782178217821784
1797,2021-03-10 19:56:22,2021-03-10 20:24:12,60.8,88.0,119.39031934232027,33.49404761904762,31.404761904761905
1798,2021-03-12 00:17:17,2021-03-12 00:39:37,4.4,29.6,103.39010091490299,27.977777777777778,26.614814814814814
1799,2021-03-12 00:39:58,2021-03-12 01:06:38,30.0,56.4,117.82775499789564,30.142857142857142,28.770186335403725
1800,2021-03-12 06:35:32,2021-03-12 06:53:52,17.6,35.6,118.30942978395068,29.333333333333332,26.882882882882882
1801,2021-03-12 06:54:13,2021-03-12 07:22:43,36.0,64.4,116.50432032472612,32.22674418604651,29.819767441860463
1802,2021-03-12 07:23:04,2021-03-12 07:52:14,64.8,91.2,120.91647553661615,34.51136363636363,32.28409090909091
1803,2021-03-12 18:47:18,2021-03-12 20:21:17,22.0,97.6,118.71150720348325,35.27903682719547,33.68130311614731
1804,2021-03-13 20:55:05,2021-03-13 21:18:00,30.0,49.6,116.65923614654197,29.81294964028777,28.805755395683452
1805,2021-03-13 21:31:49,2021-03-13 21:53:29,61.2,78.8,115.68893521148995,32.63358778625954,31.450381679389313
1806,2021-03-13 21:53:50,2021-03-13 22:19:30,78.8,96.0,121.83707469315246,33.0,32.0
1807,2021-03-14 06:43:44,2021-03-14 07:01:04,24.4,30.0,119.02534871031747,29.0,26.0
1808,2021-03-14 07:01:25,2021-03-14 07:27:55,30.4,38.8,121.45838591269849,29.6375,26.875
1809,2021-03-14 07:28:16,2021-03-14 07:56:46,39.2,48.8,114.29692447916678,30.406976744186046,28.017441860465116
1810,2021-03-14 07:57:07,2021-03-14 08:26:07,48.8,58.8,111.65004833333336,31.285714285714285,29.0
1811,2021-03-14 08:26:28,2021-03-14 08:53:38,58.8,68.0,113.68664341787438,32.0,29.932926829268293
1812,2021-03-14 08:53:59,2021-03-14 09:23:19,68.0,77.6,117.6389398148149,32.0,30.0
1813,2021-03-14 09:38:30,2021-03-14 09:58:10,79.6,87.2,115.29979367690042,31.974789915966387,30.0
1814,2021-03-14 09:58:31,2021-03-14 10:26:31,87.2,97.6,120.25650000000007,32.0,30.0
1815,2021-03-14 20:06:17,2021-03-14 21:20:19,39.2,97.6,119.37258856782726,33.22482014388489,31.658273381294965
1816,2021-03-15 15:18:50,2021-03-15 15:43:07,29.6,50.4,116.79434118589747,31.62295081967213,30.07650273224044
1817,2021-03-15 15:43:27,2021-03-15 16:41:53,50.8,96.4,119.74759871162277,34.38496583143508,32.829157175398635
1818,2021-03-16 02:36:42,2021-03-16 04:05:26,26.4,97.6,118.52617401685397,32.947447447447445,30.737237237237238
1819,2021-03-16 14:41:37,2021-03-16 15:07:37,30.0,56.4,114.61912563131315,32.10828025477707,30.70700636942675
1820,2021-03-16 15:24:16,2021-03-16 15:52:56,72.8,95.6,120.93019956140354,35.578034682080926,33.91907514450867
1821,2021-03-17 02:47:44,2021-03-17 03:12:34,33.6,58.8,115.15158024691361,35.4,32.88
1822,2021-03-17 03:12:55,2021-03-17 03:40:05,59.2,86.0,118.43077684494196,37.19512195121951,34.6219512195122
1823,2021-03-17 13:29:02,2021-03-17 13:58:22,45.2,74.4,116.94778248668189,34.68926553672316,33.16949152542373
1824,2021-03-17 22:31:22,2021-03-17 23:16:04,53.6,94.0,118.39085627062708,33.732142857142854,31.514880952380953
1825,2021-03-18 04:09:01,2021-03-18 05:43:37,39.6,97.6,119.35229068007665,31.760563380281692,29.525352112676057
1826,2021-03-18 12:46:47,2021-03-18 13:15:27,36.0,54.8,114.87886790780144,33.3121387283237,31.872832369942195
1827,2021-03-18 13:15:48,2021-03-18 13:46:08,55.2,74.4,119.03648668981481,34.87431693989071,33.0
1828,2021-03-18 13:46:29,2021-03-18 14:12:39,74.8,91.2,119.64010492886175,35.0,33.87341772151899
1829,2021-03-18 22:58:11,2021-03-18 23:24:21,29.2,51.6,116.39512512400796,32.60126582278481,30.620253164556964
1830,2021-03-18 23:24:42,2021-03-18 23:50:42,52.0,74.0,117.75887487373741,34.732484076433124,32.72611464968153
1831,2021-03-18 23:51:03,2021-03-19 00:23:23,74.4,97.2,123.57033363791427,35.753846153846155,33.646153846153844
1832,2021-03-19 06:52:45,2021-03-19 07:18:15,14.4,40.0,117.1289146050347,33.506493506493506,30.792207792207794
1833,2021-03-19 07:18:36,2021-03-19 07:45:56,40.0,68.0,114.79514737103176,36.43030303030303,33.878787878787875
1834,2021-03-19 07:46:17,2021-03-19 08:18:07,68.0,94.4,120.18887163299661,38.0,35.640625
1835,2021-03-19 14:09:18,2021-03-19 14:29:38,49.6,69.6,118.34721361111116,37.699186991869915,35.739837398373986
1836,2021-03-19 14:29:59,2021-03-19 15:01:19,70.0,95.2,121.01356426366846,38.32804232804233,36.04761904761905
1837,2021-03-19 21:31:38,2021-03-19 21:59:58,62.8,90.0,118.70352496936272,36.36257309941521,33.85964912280702
1838,2021-03-20 04:07:11,2021-03-20 05:11:46,47.2,97.6,119.59150311673284,33.7319587628866,31.010309278350515
1839,2021-03-20 12:15:23,2021-03-20 12:39:13,74.8,82.4,117.95326864035076,31.0,29.11111111111111
1840,2021-03-20 12:39:34,2021-03-20 13:00:34,82.4,89.2,116.32358088235306,31.0,30.0
1841,2021-03-20 23:33:43,2021-03-21 01:09:32,20.4,97.6,118.56383754317794,34.68428372739916,32.92628650904033
1842,2021-03-21 06:28:58,2021-03-21 07:33:05,33.600002,93.6,117.84599607449617,33.92946058091286,29.79045643153527
1843,2021-03-21 14:04:22,2021-03-21 14:25:42,22.8,44.0,117.8269260351153,26.930232558139537,23.232558139534884
1844,2021-03-21 14:26:03,2021-03-21 14:51:53,44.4,70.4,116.24253525641024,29.57051282051282,26.237179487179485
1845,2021-03-21 21:02:22,2021-03-21 21:30:42,27.6,58.0,115.20697450657897,26.976608187134502,24.087719298245613
1846,2021-03-21 21:31:03,2021-03-21 22:04:23,58.4,90.8,117.85280298353908,29.796019900497512,27.054726368159205
1847,2021-03-22 15:35:02,2021-03-22 16:03:22,41.6,70.0,116.56397921557122,23.672514619883042,22.649122807017545
1848,2021-03-22 16:03:43,2021-03-22 16:32:43,70.4,94.4,119.84607621527779,26.34857142857143,25.234285714285715
1849,2021-03-22 20:48:47,2021-03-22 21:14:37,76.4,96.0,119.83419720804993,28.53846153846154,26.307692307692307
1850,2021-03-23 11:45:40,2021-03-23 12:03:10,48.0,65.6,116.9633972537879,23.669811320754718,22.10377358490566
1851,2021-03-23 12:03:31,2021-03-23 12:22:26,66.0,84.4,119.24707559631639,25.321739130434782,23.63478260869565
1852,2021-03-23 12:22:47,2021-03-23 12:43:57,84.8,97.6,123.63717805989592,26.0,24.765625
1853,2021-03-23 20:01:08,2021-03-23 20:29:08,59.6,87.2,118.44052742552333,25.816568047337277,24.16568047337278
1854,2021-03-24 03:32:28,2021-03-24 04:26:46,52.0,97.6,119.72978499025342,26.07843137254902,23.83823529411765
1855,2021-03-24 06:51:54,2021-03-24 07:22:27,74.8,96.4,119.10559810313784,25.98695652173913,22.982608695652175
1856,2021-03-24 14:21:32,2021-03-24 14:53:42,30.0,62.8,115.55980801151765,27.567010309278352,25.75257731958763
1857,2021-03-24 14:54:03,2021-03-24 15:22:53,63.2,90.4,118.97775684232028,30.614942528735632,28.75862068965517
1858,2021-03-25 07:53:36,2021-03-25 08:14:16,85.2,96.8,115.68116942049814,24.0,23.0
1859,2021-03-25 22:12:01,2021-03-25 22:43:11,47.2,60.8,115.72203768382356,29.77659574468085,28.51595744680851
1860,2021-03-25 22:43:32,2021-03-25 23:14:42,61.2,74.0,117.67798025173614,30.02659574468085,29.0
1861,2021-03-25 23:15:03,2021-03-25 23:43:43,74.0,85.2,121.08137872023805,30.98843930635838,29.0
1862,2021-03-25 23:44:04,2021-03-26 00:11:24,85.6,95.2,125.69734302662023,31.0,29.0
1863,2021-03-26 06:05:18,2021-03-26 06:32:48,76.4,97.6,117.27400235849066,29.771084337349397,27.08433734939759
1864,2021-03-26 16:00:47,2021-03-26 16:37:21,27.2,46.4,114.37995072337965,31.705882352941178,30.176470588235293
1865,2021-03-26 16:37:42,2021-03-26 17:03:45,46.4,60.4,109.27741136904766,33.12658227848101,31.740506329113924
1866,2021-03-26 20:49:26,2021-03-26 21:19:16,55.6,85.2,117.80594444444445,34.6,32.71666666666667
1867,2021-03-26 21:19:37,2021-03-26 21:37:37,85.6,96.8,126.96182093253965,35.12844036697248,33.174311926605505
1868,2021-03-27 04:34:58,2021-03-27 04:54:38,30.0,50.0,114.94723430555558,31.92436974789916,28.789915966386555
1869,2021-03-27 04:54:59,2021-03-27 05:23:29,50.0,78.8,115.62356187307101,34.51744186046512,31.540697674418606
1870,2021-03-27 05:23:50,2021-03-27 05:50:00,79.2,97.6,124.6225971467392,35.962025316455694,33.0
1871,2021-03-27 15:19:26,2021-03-27 15:47:16,23.2,41.2,116.24539621913577,32.63690476190476,31.36904761904762
1872,2021-03-27 15:47:37,2021-03-27 16:17:47,41.2,61.2,113.3764140277778,34.747252747252745,33.34615384615385
1873,2021-03-27 21:33:02,2021-03-27 22:04:12,39.6,70.8,116.87635269764962,35.515957446808514,33.16489361702128
1874,2021-03-27 22:04:33,2021-03-27 22:35:13,71.2,96.0,121.51435198252692,37.524324324324326,34.935135135135134
1875,2021-03-28 14:43:15,2021-03-28 15:12:35,30.4,60.0,115.3083027871622,32.41242937853107,31.23728813559322
1876,2021-03-28 15:12:56,2021-03-28 15:48:10,60.4,92.4,118.8873340104167,35.25352112676056,34.13145539906103
1877,2021-03-28 20:22:21,2021-03-28 21:14:55,53.2,97.6,119.84112364239243,36.68607594936709,34.85316455696203
1878,2021-03-29 15:56:49,2021-03-29 16:27:29,47.2,68.4,115.83530994496853,33.61081081081081,32.24324324324324
1879,2021-03-29 16:27:50,2021-03-29 16:50:00,68.8,83.6,119.96341525900904,34.67910447761194,33.06716417910448
1880,2021-03-29 23:33:06,2021-03-30 00:05:56,27.2,48.8,115.55556700102882,34.823232323232325,32.93939393939394
1881,2021-03-30 00:06:17,2021-03-30 00:34:57,49.2,67.2,116.70835817901235,36.69942196531792,34.72254335260116
1882,2021-03-30 00:35:18,2021-03-30 01:05:18,67.2,85.2,117.05556936728397,37.0,35.0
1883,2021-03-30 01:05:39,2021-03-30 01:28:39,85.2,97.6,125.57349787186386,37.0,35.0
1884,2021-03-30 17:51:04,2021-03-30 18:21:04,46.4,76.4,116.73657884259259,37.30386740331492,36.12154696132597
1885,2021-03-30 18:21:25,2021-03-30 18:49:55,76.8,97.6,123.95634041132482,38.72674418604651,37.0
1886,2021-03-31 01:13:06,2021-03-31 01:36:26,57.2,72.0,117.98514686561565,34.95744680851064,32.0
1887,2021-03-31 01:36:47,2021-03-31 02:02:27,72.4,88.4,120.04511215277778,35.0,32.0
1888,2021-03-31 18:27:38,2021-03-31 18:45:58,28.4,40.0,118.26868606321837,32.270270270270274,30.684684684684683
1889,2021-03-31 18:57:12,2021-03-31 19:28:32,47.2,66.8,114.88451105442181,34.47089947089947,32.597883597883595
1890,2021-03-31 19:28:53,2021-03-31 19:56:43,67.2,83.2,119.83942552083333,35.0,33.0
1891,2021-04-01 02:12:48,2021-04-01 03:10:08,32.0,88.8,116.96851786384977,36.37819025522042,33.812064965197216
1892,2021-04-01 09:41:32,2021-04-01 10:42:31,38.0,94.0,119.01044812748016,34.54585152838428,32.2117903930131
1893,2021-04-01 22:54:33,2021-04-01 23:28:10,17.6,51.2,116.6574099537037,34.21739130434783,32.51383399209486
1894,2021-04-01 23:29:14,2021-04-02 00:05:56,51.6,88.0,117.5451417086386,37.83695652173913,35.891304347826086
1895,2021-04-02 05:24:13,2021-04-02 05:51:53,63.2,90.0,117.7140387645108,33.56287425149701,30.59880239520958
1896,2021-04-02 16:46:32,2021-04-02 17:17:42,44.4,75.6,116.60479918981483,37.452127659574465,35.744680851063826
1897,2021-04-02 17:18:03,2021-04-02 17:46:53,76.0,97.6,122.85044830246916,38.92528735632184,37.0
1898,2021-04-03 01:44:58,2021-04-03 02:14:48,36.4,62.4,115.59293803418802,37.422222222222224,34.76111111111111
1899,2021-04-03 02:15:09,2021-04-03 02:49:49,62.8,91.2,120.02444596048511,39.2200956937799,36.54545454545455
1900,2021-04-03 14:17:46,2021-04-03 14:37:56,14.4,31.2,120.10913392857144,38.0,36.0
1901,2021-04-03 14:38:17,2021-04-03 15:06:17,31.6,55.6,116.70544369212963,39.414201183431956,37.28402366863905
1902,2021-04-03 15:06:38,2021-04-03 15:35:58,56.0,80.8,118.34790109767026,41.0,38.983050847457626
1903,2021-04-03 15:36:19,2021-04-03 16:01:29,80.8,97.6,124.64865228174607,41.01315789473684,39.0
1904,2021-04-04 00:13:09,2021-04-04 00:56:53,33.600002,77.200005,117.29256505377354,37.848024316109424,35.452887537993924
1905,2021-04-04 09:57:27,2021-04-04 12:41:02,40.0,99.6,123.70813475950784,30.89405052974735,28.857375713121435
1906,2021-04-04 15:42:00,2021-04-04 15:59:00,77.6,91.6,118.15279186507937,31.019417475728154,29.805825242718445
1907,2021-04-04 20:40:52,2021-04-04 21:07:42,66.8,91.2,119.01583931010929,30.419753086419753,28.271604938271604
1908,2021-04-05 04:33:12,2021-04-05 05:24:00,47.2,93.6,118.27898130268201,28.87434554973822,26.259162303664922
1909,2021-04-05 22:23:39,2021-04-05 23:09:22,60.0,94.4,119.15908762758396,28.057971014492754,26.892753623188405
1910,2021-04-06 04:54:42,2021-04-06 05:24:59,40.8,70.8,117.818896,28.978070175438596,26.276315789473685
1911,2021-04-06 05:25:19,2021-04-06 05:59:52,71.2,97.6,121.51884604377108,30.734615384615385,27.9
1912,2021-04-06 12:40:24,2021-04-06 13:32:00,53.600002,97.6,119.64016106445179,33.327319587628864,32.126288659793815
1913,2021-04-07 11:40:42,2021-04-07 12:10:42,29.2,59.6,114.75423126827486,30.12707182320442,28.558011049723756
1914,2021-04-07 12:11:03,2021-04-07 12:32:29,60.0,81.2,117.61153295335431,32.80152671755725,31.31297709923664
1915,2021-04-07 15:05:45,2021-04-07 15:32:45,50.4,77.6,117.54953885825164,37.74846625766871,35.9079754601227
1916,2021-04-07 15:33:06,2021-04-07 15:59:56,78.0,97.6,121.98698426870753,39.0,37.0
1917,2021-04-07 23:21:14,2021-04-08 00:04:26,54.0,93.200005,118.89739906354035,34.716923076923074,32.175384615384615
1918,2021-04-08 06:59:55,2021-04-08 07:27:55,21.2,49.6,116.1047696107199,31.443786982248522,28.893491124260354
1919,2021-04-08 07:28:16,2021-04-08 08:01:06,49.6,82.8,116.50018381860781,34.95959595959596,32.388888888888886
1920,2021-04-08 08:01:27,2021-04-08 08:23:27,83.2,97.6,125.51410001929023,36.0,33.962406015037594
1921,2021-04-08 22:50:15,2021-04-08 23:20:37,24.8,51.2,116.12185713383836,29.293478260869566,27.157608695652176
1922,2021-04-08 23:20:58,2021-04-08 23:48:08,51.6,75.2,116.23000612052732,32.1219512195122,29.884146341463413
1923,2021-04-08 23:48:29,2021-04-09 00:12:49,75.6,93.6,122.56483032407411,33.0,31.0
1924,2021-04-09 05:57:46,2021-04-09 06:18:46,46.8,58.4,117.93224940134097,27.007874015748033,23.4251968503937
1925,2021-04-09 06:19:07,2021-04-09 06:50:57,58.4,76.4,118.20218873456784,27.989583333333332,24.546875
1926,2021-04-09 13:11:24,2021-04-09 14:05:26,31.6,85.6,116.75805415895064,27.70935960591133,25.72906403940887
1927,2021-04-09 19:23:20,2021-04-09 19:49:50,50.0,76.4,117.22275973274408,29.8375,27.9125
1928,2021-04-09 19:50:11,2021-04-09 20:16:51,76.8,96.8,120.46390368055555,31.0,29.0
1929,2021-04-10 19:45:55,2021-04-10 20:04:55,6.4,20.4,117.18357192460323,31.0,30.0
1930,2021-04-10 20:05:16,2021-04-10 20:35:46,20.4,43.2,115.48981067251465,32.15217391304348,30.79891304347826
1931,2021-04-10 20:36:07,2021-04-10 21:04:07,43.2,64.0,116.21799358974363,34.485207100591715,33.053254437869825
1932,2021-04-10 21:04:28,2021-04-10 21:34:23,64.0,85.6,119.57437744341573,35.994475138121544,34.22099447513812
1933,2021-04-11 15:28:20,2021-04-11 16:24:49,15.6,52.0,117.19036510225887,33.53235294117647,31.95294117647059
1934,2021-04-11 16:25:10,2021-04-11 16:56:10,52.4,72.4,117.08267326388886,35.99465240641711,34.27272727272727
1935,2021-04-11 16:56:31,2021-04-11 17:29:11,72.8,92.8,122.46740152777775,36.68020304568528,35.0
1936,2021-04-12 00:52:32,2021-04-12 01:22:02,29.6,46.4,116.79560813492064,33.57303370786517,31.078651685393258
1937,2021-04-12 01:22:23,2021-04-12 01:52:13,46.8,64.0,115.37707388565887,35.05,32.61666666666667
1938,2021-04-12 01:52:34,2021-04-12 02:22:04,64.0,80.8,116.84356266534392,36.0,33.0
1939,2021-04-12 02:22:25,2021-04-12 02:46:05,80.8,94.0,119.30342866161614,36.0,33.0
1940,2021-04-13 11:01:33,2021-04-13 11:32:13,45.6,71.6,116.964743482906,28.735135135135135,27.972972972972972
1941,2021-04-13 11:32:34,2021-04-13 12:00:14,71.6,93.2,118.5583826517489,30.50299401197605,29.50299401197605
1942,2021-04-14 12:17:28,2021-04-14 13:37:39,6.4,86.0,117.78096811313515,32.92857142857143,31.74750830564784
1943,2021-04-14 18:20:04,2021-04-14 18:44:04,60.4,74.0,118.20060355392157,35.33103448275862,33.0
1944,2021-04-14 18:44:25,2021-04-14 19:16:45,74.4,92.4,120.3549685185185,36.0,33.0
1945,2021-04-15 14:04:51,2021-04-15 14:28:51,38.0,62.0,116.88138171296299,30.682758620689654,29.641379310344828
1946,2021-04-15 14:29:12,2021-04-15 14:56:08,62.4,88.4,119.68174386752135,33.012269938650306,31.803680981595093
1947,2021-04-16 04:33:27,2021-04-16 05:00:57,26.8,54.8,114.81350793650797,29.343373493975903,27.8855421686747
1948,2021-04-16 05:01:18,2021-04-16 05:30:48,55.2,84.4,118.06983999238965,32.42134831460674,30.98314606741573
1949,2021-04-16 05:31:09,2021-04-16 05:51:29,84.8,97.6,124.7330703125,33.146341463414636,32.0
1950,2021-04-16 15:55:20,2021-04-16 16:25:20,43.2,65.2,114.32700795454546,29.276243093922652,26.988950276243095
1951,2021-04-16 16:25:41,2021-04-16 16:50:11,65.2,82.8,118.30963888888894,30.324324324324323,28.0
1952,2021-04-16 21:12:45,2021-04-16 21:39:45,65.2,90.4,118.30964500661374,30.288343558282207,27.87116564417178
1953,2021-04-17 12:31:31,2021-04-17 12:58:21,9.2,36.0,117.27769439262023,28.27777777777778,26.85185185185185
1954,2021-04-17 13:15:33,2021-04-17 13:41:53,50.0,76.4,116.73297443181816,33.100628930817614,31.77987421383648
1955,2021-04-17 13:42:14,2021-04-17 14:02:04,76.8,92.4,120.9588871972934,34.09166666666667,33.0
1956,2021-04-19 08:41:22,2021-04-19 08:59:02,31.2,49.2,114.53472507716047,25.598130841121495,24.57943925233645
1957,2021-04-19 08:59:23,2021-04-19 09:27:13,49.6,77.6,115.94890639880956,28.464285714285715,27.321428571428573
1958,2021-04-19 09:27:34,2021-04-19 09:55:04,78.0,97.6,122.75580697278914,30.16867469879518,28.94578313253012
1959,2021-04-19 17:51:53,2021-04-19 18:22:43,44.4,56.0,115.62504430076632,31.0752688172043,29.344086021505376
1960,2021-04-19 18:23:04,2021-04-19 18:51:24,56.0,66.4,118.50966079059826,32.0,30.0
1961,2021-04-19 18:51:45,2021-04-19 19:13:55,66.8,74.8,120.53129618055559,32.0,30.0
1962,2021-04-20 00:51:23,2021-04-20 01:13:34,11.6,34.4,113.98723289473686,30.11111111111111,28.02962962962963
1963,2021-04-20 01:13:55,2021-04-20 01:41:45,34.8,62.8,116.39635520833333,32.79761904761905,30.773809523809526
1964,2021-04-20 01:42:06,2021-04-20 02:10:26,63.2,90.0,120.84320926616918,35.31578947368421,33.198830409356724
1965,2021-04-20 12:02:30,2021-04-20 12:30:47,56.0,84.0,118.02967407738095,30.837209302325583,29.319767441860463
1966,2021-04-20 22:27:47,2021-04-20 23:34:22,36.8,96.4,118.87747804576807,32.068,30.502
1967,2021-04-21 02:04:23,2021-04-21 02:32:21,75.2,96.8,119.75915744598771,32.96449704142012,30.674556213017752
1968,2021-04-21 14:12:09,2021-04-21 14:38:49,40.0,67.2,114.94792534722225,37.77639751552795,35.96894409937888
1969,2021-04-21 14:39:10,2021-04-21 15:08:30,67.6,92.8,120.1664554122575,39.58757062146893,37.85310734463277
1970,2021-04-22 14:00:06,2021-04-22 14:25:46,4.4,30.0,117.04319303385415,34.961290322580645,33.0
1971,2021-04-22 14:26:07,2021-04-22 14:55:37,30.4,59.6,117.92380722031962,37.0,34.99438202247191
1972,2021-04-22 14:55:58,2021-04-22 15:20:48,60.0,84.4,118.83482280282327,39.28,37.373333333333335
1973,2021-04-23 15:02:38,2021-04-23 15:25:28,17.6,40.4,116.81773757309944,34.77536231884058,33.01449275362319
1974,2021-04-23 15:25:49,2021-04-23 15:56:19,40.8,71.6,115.54879333513708,38.02173913043478,36.27717391304348
1975,2021-04-24 01:25:35,2021-04-24 01:54:25,15.6,34.4,115.53785062056741,35.37356321839081,33.275862068965516
1976,2021-04-24 01:54:46,2021-04-24 02:25:16,34.4,54.0,117.2279170918367,37.10326086956522,34.79891304347826
1977,2021-04-24 02:25:37,2021-04-24 02:57:27,54.4,74.4,119.9055820833333,38.78125,36.026041666666664
1978,2021-04-24 17:37:53,2021-04-24 18:06:33,25.6,50.0,117.61442537568307,36.26589595375722,34.190751445086704
1979,2021-04-24 18:06:54,2021-04-24 18:36:24,50.4,75.6,117.20294604276897,38.71348314606742,36.69662921348315
1980,2021-04-24 18:36:45,2021-04-24 18:59:45,76.0,93.2,123.52795155038758,39.53237410071942,37.62589928057554
1981,2021-04-25 11:51:29,2021-04-25 12:16:19,22.4,47.2,117.17071897401432,32.4,30.906666666666666
1982,2021-04-25 12:16:40,2021-04-25 12:42:10,47.6,73.6,114.64317873931628,35.23376623376623,33.64935064935065
1983,2021-04-25 12:42:31,2021-04-25 13:10:11,74.0,95.6,122.13478182870374,36.604790419161674,34.98203592814371
1984,2021-04-26 15:55:46,2021-04-26 16:24:26,50.4,79.2,116.7452756076389,28.24277456647399,27.514450867052023
1985,2021-04-26 16:24:47,2021-04-26 16:50:17,79.2,97.6,121.51118621678751,29.993506493506494,29.16883116883117
1986,2021-04-27 17:24:24,2021-04-27 17:54:54,21.2,54.0,115.00128946476968,27.652173913043477,26.45108695652174
1987,2021-04-27 17:55:15,2021-04-27 18:22:55,54.4,83.6,117.27599643264841,31.419161676646706,30.137724550898202
1988,2021-04-28 12:51:22,2021-04-28 13:12:42,59.6,76.8,117.71238307493546,26.26356589147287,25.45736434108527
1989,2021-04-28 13:13:03,2021-04-28 13:43:22,77.2,97.6,121.06522580337698,27.27173913043478,26.51086956521739
1990,2021-04-28 19:50:19,2021-04-28 20:24:43,70.0,97.2,120.60817454044117,27.158653846153847,24.947115384615383
1991,2021-04-29 05:30:36,2021-04-29 05:55:56,33.6,59.2,114.5936379123264,26.18954248366013,24.50980392156863
1992,2021-04-29 05:56:17,2021-04-29 06:19:37,59.2,82.4,116.35175730363983,28.638297872340427,26.98581560283688
1993,2021-04-29 12:09:54,2021-04-29 12:31:54,54.4,76.4,116.76768566919189,29.36842105263158,28.045112781954888
1994,2021-04-29 12:32:15,2021-04-29 13:00:59,76.4,97.6,120.97885274502103,30.844827586206897,29.74712643678161
1995,2021-04-29 18:00:29,2021-04-29 18:18:09,59.2,70.4,118.04684933035708,33.981308411214954,32.0
1996,2021-04-29 18:18:50,2021-04-29 18:51:20,70.8,91.2,119.16664072712413,34.0,32.76020408163265
1997,2021-04-30 01:52:18,2021-04-30 02:21:46,20.4,39.2,117.03078510638296,31.1123595505618,28.39325842696629
1998,2021-04-30 02:22:07,2021-04-30 02:53:17,39.6,60.0,114.08501497821355,33.159574468085104,30.45212765957447
1999,2021-04-30 02:53:38,2021-04-30 03:22:08,60.0,78.4,115.65222554347825,34.13953488372093,31.982558139534884
2000,2021-04-30 03:22:29,2021-04-30 03:52:49,78.4,96.4,123.25621797839503,35.0,32.3551912568306
2001,2021-04-30 07:25:22,2021-04-30 07:55:42,75.6,94.4,119.1475073138297,33.0,30.0
2002,2021-04-30 19:05:27,2021-04-30 19:31:52,54.8,77.2,117.86854727182536,36.0,34.49748743718593
2003,2021-04-30 23:39:54,2021-05-01 00:31:55,47.2,94.4,118.98806536134651,35.61224489795919,33.86479591836735
2004,2021-05-01 05:18:44,2021-05-01 05:42:14,68.0,82.0,117.11410000000002,34.13380281690141,31.35211267605634
2005,2021-05-01 05:42:35,2021-05-01 06:10:25,82.0,97.6,120.18787464387468,35.0,32.0
2006,2021-05-01 21:13:08,2021-05-01 21:42:48,48.0,66.8,118.0592317523641,36.44692737430167,34.80446927374302
2007,2021-05-01 21:43:09,2021-05-01 22:13:29,66.8,86.0,118.02159179687501,37.0,35.333333333333336
2008,2021-05-01 22:13:50,2021-05-01 22:40:20,86.0,99.2,124.92533470117841,37.0,36.0
2009,2021-05-01 22:40:41,2021-05-01 22:57:11,99.2,99.6,880.0013750000186,37.0,35.02
2010,2021-05-02 07:17:00,2021-05-02 08:39:40,18.4,95.6,117.8786807138745,35.993558776167475,33.69404186795491
2011,2021-05-02 15:21:25,2021-05-02 15:43:35,25.2,38.0,115.28426510416662,37.492537313432834,35.0
2012,2021-05-02 15:43:56,2021-05-02 16:10:56,38.0,54.0,115.03122187500001,38.59509202453988,36.147239263803684
2013,2021-05-02 16:11:17,2021-05-02 16:38:17,54.4,70.0,118.00211004273504,39.87116564417178,37.0
2014,2021-05-02 16:38:38,2021-05-02 17:06:53,70.4,86.4,120.42185208333333,40.0,37.0
2015,2021-05-02 17:07:14,2021-05-02 17:27:44,86.4,97.6,124.80652083333345,40.0,37.0
2016,2021-05-02 23:33:41,2021-05-03 00:16:07,64.4,97.6,116.004618289826,32.9717868338558,28.836990595611287
2017,2021-05-03 05:47:51,2021-05-03 06:19:01,17.6,29.2,116.42720306513412,29.0,25.0
2018,2021-05-03 06:19:22,2021-05-03 06:50:12,29.2,40.4,119.29563492063492,29.543010752688172,25.833333333333332
2019,2021-05-03 06:50:33,2021-05-03 07:18:33,40.8,51.2,116.6666666666666,30.118343195266274,26.644970414201183
2020,2021-05-03 07:18:54,2021-05-03 07:47:14,51.6,62.0,118.05555555555559,31.0,27.01169590643275
2021,2021-05-03 07:47:35,2021-05-03 08:20:25,62.4,74.4,118.56481481481475,31.0,27.065656565656564
2022,2021-05-03 08:20:46,2021-05-03 08:48:06,74.4,84.4,118.44444444444444,31.0,27.0
2023,2021-05-03 08:48:27,2021-05-03 09:22:17,84.4,96.0,126.38888888888896,30.147058823529413,27.0
2024,2021-05-04 22:37:12,2021-05-04 23:50:12,24.4,93.6,117.14520418673735,30.636861313868614,28.967153284671532
2025,2021-05-05 15:50:00,2021-05-05 16:15:30,41.2,66.8,116.74969547526047,34.66233766233766,32.64935064935065
2026,2021-05-05 16:33:41,2021-05-05 16:52:01,67.2,84.8,118.92361111111116,36.351351351351354,34.513513513513516
2027,2021-05-05 16:52:22,2021-05-05 17:12:22,85.2,98.0,121.32274001736118,37.0,35.0
2028,2021-05-06 03:14:20,2021-05-06 03:46:50,39.2,72.8,114.22536946097885,35.61224489795919,33.51020408163265
2029,2021-05-06 03:47:11,2021-05-06 04:15:51,73.2,96.0,121.11293329678364,37.08670520231214,35.0
2030,2021-05-06 14:01:23,2021-05-06 14:32:33,19.2,50.4,116.43606490384614,34.0,32.1968085106383
2031,2021-05-06 18:52:50,2021-05-06 19:21:50,22.4,51.6,115.9784130041857,37.69714285714286,35.72571428571428
2032,2021-05-06 19:22:11,2021-05-06 19:49:31,52.0,79.2,117.33609880514703,40.72121212121212,38.58181818181818
2033,2021-05-06 19:49:52,2021-05-06 20:06:22,79.6,92.8,122.89247895622893,42.0,39.0
2034,2021-05-07 11:43:28,2021-05-07 12:13:38,28.4,50.4,113.8541993055556,33.72527472527472,32.48351648351648
2035,2021-05-07 12:13:59,2021-05-07 12:41:59,50.4,70.8,113.92161437908499,35.69822485207101,34.57988165680474
2036,2021-05-07 12:42:20,2021-05-07 13:11:10,70.8,90.8,119.29379805555558,36.61494252873563,35.327586206896555
2037,2021-05-07 20:01:13,2021-05-07 20:27:03,54.4,76.4,116.61870416666665,38.64102564102564,36.743589743589745
2038,2021-05-08 02:59:45,2021-05-08 03:29:15,37.2,54.0,117.35618005952382,35.443820224719104,32.62921348314607
2039,2021-05-08 03:29:36,2021-05-08 03:58:26,54.4,70.8,117.5017230691057,36.810344827586206,33.98275862068966
2040,2021-05-08 04:05:50,2021-05-08 04:33:50,75.2,90.4,123.15061549707602,37.0,34.0
2041,2021-05-08 10:54:39,2021-05-08 11:20:59,41.2,57.2,114.37502690972224,35.264150943396224,33.264150943396224
2042,2021-05-08 11:21:20,2021-05-08 11:51:50,57.2,73.2,118.09551666666664,36.0,34.0
2043,2021-05-08 11:52:11,2021-05-08 12:23:11,73.6,89.6,121.23440546875004,36.855614973262036,34.80748663101604
2044,2021-05-08 17:17:09,2021-05-08 17:43:09,50.0,76.0,117.0651871260684,40.21656050955414,38.64331210191083
2045,2021-05-09 01:38:48,2021-05-09 02:07:08,31.2,50.0,114.50133636229316,39.380116959064324,36.40350877192982
2046,2021-05-09 02:07:29,2021-05-09 02:35:49,50.0,68.0,115.29708680555555,40.91812865497076,37.95906432748538
2047,2021-05-09 02:36:10,2021-05-09 03:03:00,68.4,84.0,121.12092040598294,41.00617283950617,38.94444444444444
2048,2021-05-09 03:03:21,2021-05-09 03:27:31,84.4,97.6,124.5517824074075,41.99315068493151,39.0
2049,2021-05-09 11:52:15,2021-05-09 12:13:55,19.2,41.2,115.21592411616162,37.916030534351144,36.38931297709924
2050,2021-05-09 12:14:16,2021-05-09 12:42:26,41.2,70.0,114.25010513117289,40.94117647058823,39.35294117647059
2051,2021-05-09 12:42:47,2021-05-09 13:16:47,70.4,97.2,122.83116920605308,42.80975609756098,41.0
2052,2021-05-09 20:06:59,2021-05-09 20:32:09,38.0,65.2,116.35876235702614,41.328947368421055,38.86842105263158
2053,2021-05-09 20:32:30,2021-05-09 21:01:40,65.6,92.8,119.34692253880719,43.0,40.61363636363637
2054,2021-05-10 13:44:40,2021-05-10 14:13:40,26.8,37.6,116.61012705761318,35.30285714285714,33.94285714285714
2055,2021-05-10 14:14:01,2021-05-10 14:42:18,38.0,48.8,113.91902512860088,36.251461988304094,34.87719298245614
2056,2021-05-10 14:42:39,2021-05-10 15:14:49,48.8,61.2,112.84278517025088,37.0,35.95360824742268
2057,2021-05-10 15:15:10,2021-05-10 15:42:30,61.6,71.6,118.90004555555569,37.0,36.0
2058,2021-05-10 18:08:12,2021-05-10 18:32:32,56.0,80.4,116.29383521174866,38.435374149659864,36.74829931972789
2059,2021-05-10 18:32:53,2021-05-10 18:56:43,80.8,97.6,123.94677471891538,39.0,37.0
2060,2021-05-11 00:13:44,2021-05-11 00:43:04,55.6,85.2,116.03887640765767,39.25139664804469,36.798882681564244
2061,2021-05-11 05:38:59,2021-05-11 07:12:23,11.2,97.6,117.55611211098251,39.599144079885875,36.41654778887304
2062,2021-05-11 14:27:12,2021-05-11 15:27:29,29.2,88.8,117.16934928225207,42.62775330396476,41.0374449339207
2063,2021-05-12 01:50:03,2021-05-12 03:05:44,14.4,90.0,116.21268472957085,40.12478031634446,37.80667838312829
2064,2021-05-12 06:51:06,2021-05-12 07:22:59,61.6,92.0,115.2877454038743,38.90833333333333,35.02916666666667
2065,2021-05-12 12:51:05,2021-05-12 13:12:24,58.4,75.6,117.68201967054266,39.0,37.13953488372093
2066,2021-05-12 21:20:59,2021-05-12 21:43:49,24.8,48.0,114.99163080699235,37.471014492753625,35.84057971014493
2067,2021-05-12 21:44:10,2021-05-12 22:15:10,48.4,79.2,117.44498764430014,40.219251336898395,38.401069518716575
2068,2021-05-12 22:15:31,2021-05-12 22:40:41,79.6,97.6,122.85571203703702,41.0,39.0
2069,2021-05-13 11:54:32,2021-05-13 12:27:42,14.8,48.0,116.35666997155288,37.125,35.91
2070,2021-05-13 12:28:03,2021-05-13 12:58:23,48.4,78.4,117.80924648148144,40.38251366120219,39.02732240437158
2071,2021-05-13 12:58:44,2021-05-13 13:22:54,78.8,96.4,123.02005689709591,41.821917808219176,40.0
2072,2021-05-13 21:26:40,2021-05-13 21:54:00,38.4,62.4,114.14932430555558,38.32121212121212,36.04848484848485
2073,2021-05-13 21:54:21,2021-05-13 22:18:21,62.4,82.8,117.93779193899785,39.96551724137931,37.53793103448276
2074,2021-05-14 15:20:31,2021-05-14 15:49:21,16.4,45.2,116.81616984953705,35.13793103448276,33.35632183908046
2075,2021-05-14 15:49:42,2021-05-14 16:18:32,45.6,74.8,115.11701322298329,38.50574712643678,36.62643678160919
2076,2021-05-14 16:18:53,2021-05-14 16:36:45,75.2,90.8,121.98042017450152,40.0,38.0
2077,2021-05-14 21:56:29,2021-05-14 22:27:09,51.2,62.8,120.02037511973185,37.23783783783784,35.0
2078,2021-05-15 03:52:51,2021-05-15 06:00:25,15.6,97.2,116.91818826593136,36.7460815047022,34.28213166144201
2079,2021-05-15 20:41:13,2021-05-15 21:14:03,46.8,79.6,117.00035276930898,37.24747474747475,36.156565656565654
2080,2021-05-15 21:14:24,2021-05-15 21:39:24,80.0,97.6,123.399627209596,38.794701986754966,37.026490066225165
2081,2021-05-16 17:11:28,2021-05-16 17:36:38,32.0,57.2,116.41699090608464,38.953947368421055,37.56578947368421
2082,2021-05-16 17:36:59,2021-05-16 18:07:09,57.6,87.6,117.26805087962966,41.34065934065934,39.77472527472528
2083,2021-05-17 00:19:02,2021-05-17 00:50:22,64.8,77.6,119.88717730034726,38.0,36.0
2084,2021-05-17 00:50:43,2021-05-17 01:20:13,78.0,90.0,118.2627576388889,38.0,36.0
2085,2021-05-17 01:20:34,2021-05-17 01:43:34,90.0,97.6,128.11956560672525,38.0,36.0
2086,2021-05-18 14:32:36,2021-05-18 15:03:36,34.8,57.2,114.8661175595238,35.283422459893046,34.470588235294116
2087,2021-05-18 20:08:32,2021-05-18 20:38:12,34.0,59.6,116.1469377170139,37.12849162011173,35.53631284916201
2088,2021-05-18 20:38:33,2021-05-18 21:08:53,60.0,86.0,117.01818210470086,39.0,37.005464480874316
2089,2021-05-18 22:56:07,2021-05-18 23:14:17,65.6,81.2,116.69784713319085,40.0,37.0
2090,2021-05-19 07:27:34,2021-05-19 07:47:24,19.6,40.0,113.52533558006535,35.833333333333336,33.19166666666667
2091,2021-05-19 07:47:45,2021-05-19 08:18:05,40.4,71.2,114.85163704004329,38.68306010928962,36.005464480874316
2092,2021-05-19 19:12:21,2021-05-19 20:23:36,17.2,89.2,115.40492356288581,41.29158878504673,39.17570093457944
2093,2021-05-20 02:57:16,2021-05-20 03:27:16,35.6,53.6,113.2098487654321,37.530386740331494,35.0828729281768
2094,2021-05-20 03:27:37,2021-05-20 03:54:37,54.0,70.0,115.03122187500001,38.93251533742331,36.22699386503067
2095,2021-05-20 03:54:58,2021-05-20 04:25:08,70.0,87.6,116.83867092803035,39.0,37.0
2096,2021-05-20 13:25:20,2021-05-20 14:51:20,32.0,89.6,114.75001524691359,39.54489164086687,37.78173374613003
2097,2021-05-20 20:18:17,2021-05-20 20:44:34,60.0,86.8,114.60832700041462,39.888888888888886,38.41919191919192
2098,2021-05-21 08:48:58,2021-05-21 09:20:58,41.2,73.6,113.8811893432785,36.12435233160622,34.64766839378238
2099,2021-05-21 09:21:19,2021-05-21 09:52:09,74.0,97.2,121.59722934626438,37.94086021505376,36.08064516129032
2100,2021-05-21 16:57:54,2021-05-21 17:24:14,46.0,72.8,114.74710903814263,42.283018867924525,40.672955974842765
2101,2021-05-21 21:47:26,2021-05-21 22:14:36,22.8,52.4,113.72044533596099,42.03048780487805,39.69512195121951
2102,2021-05-21 22:14:57,2021-05-21 22:50:40,52.4,86.0,115.97909363012569,44.824074074074076,41.995370370370374
2103,2021-05-22 03:01:28,2021-05-22 03:30:28,38.8,57.6,114.60182550236402,41.84,38.29142857142857
2104,2021-05-22 03:30:49,2021-05-22 04:03:09,58.0,78.0,114.94932055555557,43.0,39.0
2105,2021-05-22 04:03:30,2021-05-22 04:27:20,78.0,91.6,120.01125081699348,43.0,39.861111111111114
2106,2021-05-22 16:40:01,2021-05-22 16:58:41,59.2,76.0,116.67741509589948,45.0,43.0
2107,2021-05-22 23:19:33,2021-05-23 00:53:37,14.0,76.0,114.4754421998208,41.596317280453256,39.27762039660057
2108,2021-05-23 06:40:06,2021-05-23 08:44:59,35.2,99.6,125.56240673309182,39.52081109925294,36.32550693703308
2109,2021-05-23 18:52:53,2021-05-23 19:25:23,34.0,62.4,113.45265737480439,41.28061224489796,39.46938775510204
2110,2021-05-23 19:25:44,2021-05-23 19:52:34,62.4,85.2,116.69590509259258,43.0,40.98148148148148
2111,2021-05-24 07:48:19,2021-05-24 08:12:29,38.4,56.0,114.67095091540405,36.41095890410959,34.52739726027397
2112,2021-05-24 08:12:50,2021-05-24 08:43:20,56.4,78.4,115.78600795454541,37.869565217391305,35.97826086956522
2113,2021-05-24 08:43:41,2021-05-24 09:13:11,78.8,97.6,122.25991799645395,38.241573033707866,36.51123595505618
2114,2021-05-24 20:39:49,2021-05-24 21:10:09,22.0,40.0,116.88120092592594,35.994535519125684,34.33879781420765
2115,2021-05-24 21:10:30,2021-05-24 21:44:10,40.4,61.2,111.41696073717948,37.94581280788177,36.11330049261084
2116,2021-05-24 21:44:31,2021-05-24 22:04:31,61.2,73.2,117.48266666666672,39.0,37.0
2117,2021-05-25 00:42:27,2021-05-25 01:12:27,44.0,61.2,116.27906976744184,37.29281767955801,35.0
2118,2021-05-25 01:12:48,2021-05-25 01:41:08,61.6,78.0,115.17615176151763,37.538011695906434,35.0
2119,2021-05-25 01:41:29,2021-05-25 02:10:59,78.0,94.8,117.06349206349209,37.0,35.0
2120,2021-05-25 14:41:26,2021-05-25 15:12:46,29.6,62.0,113.19703660836767,38.2010582010582,36.55026455026455
2121,2021-05-25 15:13:07,2021-05-25 15:30:15,62.0,79.6,113.88985366161629,40.21153846153846,38.91346153846154
2122,2021-05-25 15:30:36,2021-05-25 15:55:36,79.6,97.6,121.56329313271605,41.0,39.10596026490066
2123,2021-05-26 01:59:58,2021-05-26 02:21:28,20.4,42.4,114.7342076388889,35.15384615384615,33.16153846153846
2124,2021-05-26 02:21:49,2021-05-26 02:53:59,42.8,76.0,113.77593038821956,38.170103092783506,36.22164948453608
2125,2021-05-26 02:54:20,2021-05-26 03:21:40,76.4,97.2,122.35310864049147,39.2060606060606,37.75757575757576
2126,2021-05-26 13:43:07,2021-05-26 14:09:07,40.4,67.2,113.38050616708126,34.62420382165605,32.34394904458599
2127,2021-05-26 14:09:28,2021-05-26 14:25:58,67.6,84.0,117.52880301490514,36.32,34.01
2128,2021-05-26 18:43:50,2021-05-26 19:16:40,58.0,77.2,114.00173582175923,36.0,34.0
2129,2021-05-26 19:17:01,2021-05-26 19:44:41,77.2,93.2,115.2569423611111,36.0059880239521,34.0
2130,2021-05-27 16:32:27,2021-05-27 16:51:47,26.0,43.2,113.54814470284241,37.47008547008547,35.675213675213676
2131,2021-05-27 16:52:08,2021-05-27 17:23:58,43.6,72.0,113.24776897496089,39.6875,38.197916666666664
2132,2021-05-27 17:24:19,2021-05-27 17:56:59,72.0,96.8,119.27366291442655,41.0,39.50761421319797
2133,2021-05-28 01:14:17,2021-05-28 01:42:27,52.8,69.2,114.24624847560972,39.0,37.0
2134,2021-05-28 01:42:48,2021-05-28 02:11:48,69.2,86.0,114.84620684523814,39.0,37.0
2135,2021-05-28 02:12:09,2021-05-28 02:30:39,86.0,96.4,118.3252940705128,39.0,37.0
2136,2021-05-28 15:57:44,2021-05-28 17:05:07,11.2,79.2,115.44450958129087,41.32411067193676,39.79644268774704
2137,2021-05-28 23:24:17,2021-05-28 23:59:42,20.8,56.8,114.6722693094136,41.27570093457944,38.532710280373834
2138,2021-05-29 00:00:03,2021-05-29 00:46:42,57.2,97.6,118.90598462596262,44.06405693950178,41.387900355871885
2139,2021-05-29 21:31:19,2021-05-29 22:00:19,26.0,56.4,112.40681414473686,33.88,31.36
2140,2021-05-29 22:00:40,2021-05-29 22:29:40,56.8,86.0,117.04339726027399,36.90857142857143,34.142857142857146
2141,2021-05-30 15:56:55,2021-05-30 16:23:05,57.6,84.0,115.79073058712122,39.91139240506329,38.25316455696203
2142,2021-05-30 16:23:26,2021-05-30 16:42:26,84.4,97.6,122.47160395622907,41.0,39.0
2143,2021-05-31 17:53:17,2021-05-31 18:21:47,11.6,40.8,114.13338879375956,35.31976744186046,32.44767441860465
2144,2021-05-31 18:22:08,2021-05-31 18:52:48,41.2,72.0,116.39837405303032,38.08108108108108,35.31351351351351
2145,2021-05-31 18:53:09,2021-05-31 19:14:59,72.4,92.4,120.32696319444445,39.473684210526315,37.0
2146,2021-06-01 01:22:41,2021-06-01 03:08:38,30.8,97.6,116.01524386227547,34.51823899371069,31.30691823899371
2147,2021-06-02 06:52:21,2021-06-02 08:23:05,39.2,97.6,115.6581103976408,28.826725403817914,27.848751835535978
2148,2021-06-03 07:53:10,2021-06-03 09:18:02,42.8,97.6,114.90941472019469,29.54160125588697,28.65149136577708
2149,2021-06-03 16:11:07,2021-06-03 17:03:45,35.2,69.6,112.9701728036176,38.66498740554156,36.73551637279597
2150,2021-06-03 19:23:21,2021-06-03 19:55:11,56.8,68.8,112.36228504629628,38.0,36.947916666666664
2151,2021-06-04 15:53:57,2021-06-04 16:32:36,30.4,70.4,112.85323918055555,31.70762711864407,30.279661016949152
2152,2021-06-04 22:51:55,2021-06-04 23:10:55,28.0,47.2,115.61633304398148,31.452173913043477,29.37391304347826
2153,2021-06-04 23:11:16,2021-06-04 23:42:46,47.6,80.0,113.74187148491086,34.28421052631579,32.22105263157895
2154,2021-06-05 14:24:14,2021-06-05 15:32:17,30.4,90.0,114.31551628215884,33.262230919765166,31.84931506849315
2155,2021-06-06 01:06:47,2021-06-06 01:33:07,26.0,53.2,113.25114042075164,33.899371069182386,31.937106918238992
2156,2021-06-06 01:33:28,2021-06-06 02:02:18,53.6,82.8,115.47518688165907,36.672413793103445,34.59770114942529
2157,2021-06-06 02:02:39,2021-06-06 02:21:59,83.2,97.6,120.5420692515433,37.15384615384615,35.0
2158,2021-06-07 10:36:36,2021-06-07 11:05:46,54.0,78.0,116.44445445601852,36.48295454545455,34.63636363636363
2159,2021-06-07 11:06:07,2021-06-07 11:33:02,78.4,97.6,118.14983094618063,37.0,35.61349693251534
2160,2021-06-08 03:03:10,2021-06-08 04:32:30,11.6,97.6,116.33579651679588,36.991058122205665,35.12518628912071
2161,2021-06-08 12:16:11,2021-06-08 12:42:11,30.4,38.0,114.60532017543858,36.0,34.0
2162,2021-06-08 12:42:32,2021-06-08 13:10:32,38.0,46.4,111.66672222222225,36.69822485207101,34.976331360946745
2163,2021-06-08 13:10:53,2021-06-08 13:39:33,46.4,55.2,109.12884217171712,37.35260115606936,35.78034682080925
2164,2021-06-08 13:39:54,2021-06-08 14:07:44,55.6,63.6,116.55214131944447,38.0,36.42857142857143
2165,2021-06-08 14:08:05,2021-06-08 14:37:35,63.6,72.4,112.30119223484843,38.0,37.0
2166,2021-06-08 14:37:56,2021-06-08 15:08:56,72.4,81.2,118.0114223484849,38.0,37.0
2167,2021-06-09 00:16:54,2021-06-09 01:25:45,17.6,88.0,114.24211820746531,38.12185686653772,36.34816247582205
2168,2021-06-09 13:52:58,2021-06-09 14:20:08,29.2,56.8,114.17876036634462,38.23170731707317,36.701219512195124
2169,2021-06-09 14:20:29,2021-06-09 14:45:49,57.2,82.8,114.79602343750004,41.27450980392157,39.6797385620915
2170,2021-06-10 01:30:29,2021-06-10 01:54:39,20.0,44.4,115.69502669626594,35.4041095890411,33.81506849315068
2171,2021-06-10 01:55:00,2021-06-10 02:24:20,44.8,74.8,114.17269504629628,38.48022598870057,36.932203389830505
2172,2021-06-10 02:24:41,2021-06-10 02:51:11,75.2,97.6,119.36261743551593,40.0,38.13125
2173,2021-06-10 13:00:25,2021-06-10 13:23:25,18.8,34.4,113.75268589743592,37.194244604316545,35.69064748201439
2174,2021-06-10 13:23:46,2021-06-10 13:52:06,34.4,53.6,111.92202495659723,39.005847953216374,37.69590643274854
2175,2021-06-10 13:52:27,2021-06-10 14:18:07,53.6,70.4,112.0643298611111,40.84516129032258,39.619354838709675
2176,2021-06-10 14:18:28,2021-06-10 14:41:48,70.4,84.8,114.67979996141982,41.95744680851064,40.170212765957444
2177,2021-06-10 14:42:09,2021-06-10 15:04:49,84.8,97.6,121.47137293836809,42.0,41.0
2178,2021-06-10 22:48:48,2021-06-10 23:15:28,35.6,63.2,113.26591555958134,37.33540372670807,34.192546583850934
2179,2021-06-10 23:15:49,2021-06-10 23:45:09,63.6,93.2,115.78360777965466,39.57627118644068,36.610169491525426
2180,2021-06-11 12:50:43,2021-06-11 13:21:33,41.2,62.4,111.0062955974843,35.05913978494624,33.0
2181,2021-06-11 13:21:54,2021-06-11 13:48:10,62.4,80.4,112.87029860339504,36.6375,34.51875
2182,2021-06-12 12:38:14,2021-06-12 14:11:18,20.4,97.6,115.69935146804839,33.94134477825465,32.625178826895564
2183,2021-06-12 20:47:18,2021-06-12 21:25:42,58.8,95.6,116.32247634057973,36.522491349480966,34.80968858131488
2184,2021-06-13 16:41:33,2021-06-13 17:08:23,30.0,57.6,112.27660094605478,31.80246913580247,30.191358024691358
2185,2021-06-13 17:08:44,2021-06-13 17:37:14,58.0,86.8,114.1343726369599,34.76162790697674,32.94767441860465
2186,2021-06-14 11:44:20,2021-06-14 12:15:50,43.2,54.8,112.69392025862072,30.236842105263158,28.794736842105262
2187,2021-06-14 12:16:11,2021-06-14 12:48:31,55.2,66.8,115.67524090038317,31.4,29.95897435897436
2188,2021-06-14 12:48:52,2021-06-14 13:18:02,66.8,77.6,112.07557227366254,32.0,30.585227272727273
2189,2021-06-14 13:18:23,2021-06-14 13:48:03,77.6,88.0,118.38136271367514,32.0,31.0
2190,2021-06-14 13:48:24,2021-06-14 14:14:44,88.0,97.2,118.72277868357483,32.0,31.0
2191,2021-06-15 09:08:37,2021-06-15 09:27:57,52.4,69.2,112.40245858134921,30.52991452991453,29.478632478632477
2192,2021-06-15 09:28:18,2021-06-15 09:54:08,69.2,90.4,113.64125923742137,31.596153846153847,30.512820512820515
2193,2021-06-16 03:17:10,2021-06-16 03:40:40,32.8,57.2,112.59564406876137,34.71830985915493,32.76056338028169
2194,2021-06-16 03:41:01,2021-06-16 04:07:51,57.6,84.8,115.20068428308825,37.01234567901235,35.30864197530864
2195,2021-06-16 12:49:40,2021-06-16 13:17:30,61.6,89.6,115.41122688492067,39.43452380952381,38.11309523809524
2196,2021-06-16 17:25:07,2021-06-16 17:48:37,65.2,89.2,114.35012488425926,41.147887323943664,38.929577464788736
2197,2021-06-17 00:28:13,2021-06-17 00:56:03,67.2,94.8,115.19021532809985,37.45238095238095,35.11309523809524
2198,2021-06-17 14:34:18,2021-06-17 15:43:06,14.0,84.4,114.06471252525252,41.26499032882012,39.475822050290134
2199,2021-06-18 15:20:09,2021-06-18 16:05:45,46.0,92.4,114.52826118773946,36.370262390670554,35.57142857142857
2200,2021-06-19 07:46:54,2021-06-19 09:07:26,18.4,97.6,116.3326355050505,37.06776859504132,35.48264462809917
2201,2021-06-20 01:48:50,2021-06-20 02:17:40,44.8,74.8,112.57501481481482,39.12643678160919,37.08620689655172
2202,2021-06-20 02:18:01,2021-06-20 02:42:41,75.2,97.6,119.13816344246038,40.899328859060404,38.83892617449664
2203,2021-06-20 07:03:51,2021-06-20 07:38:11,65.2,86.8,114.0683016975309,39.0,36.0
2204,2021-06-20 07:38:32,2021-06-20 07:56:42,86.8,97.6,116.49307034465023,39.0,36.28181818181818
2205,2021-06-20 15:03:52,2021-06-20 15:31:42,2.0,6.4,112.05499905303027,42.0,40.273809523809526
2206,2021-06-20 15:32:03,2021-06-20 16:01:43,6.4,10.8,112.67054116161614,41.055865921787706,39.8268156424581
2207,2021-06-20 16:02:04,2021-06-20 16:32:24,10.8,15.2,109.53291066919198,40.923497267759565,39.0
2208,2021-06-20 16:32:45,2021-06-20 17:01:45,15.2,18.8,120.40902353395057,40.0,38.83428571428571
2209,2021-06-20 17:02:06,2021-06-20 17:31:06,18.8,22.4,110.26241512345685,40.0,38.0
2210,2021-06-20 17:31:27,2021-06-20 17:56:07,22.4,25.2,112.22225168650792,39.14093959731544,38.0
2211,2021-06-20 17:56:28,2021-06-20 18:26:48,25.2,28.8,105.76011141975303,39.0,37.650273224043715
2212,2021-06-20 18:27:09,2021-06-20 19:00:19,28.8,32.4,109.02015385802477,39.0,37.0
2213,2021-06-20 19:00:40,2021-06-20 19:30:00,32.4,35.6,104.11036597222214,39.0,37.0
2214,2021-06-20 19:30:21,2021-06-20 20:00:01,35.6,38.4,118.07058621031759,39.0,37.0
2215,2021-06-20 20:00:22,2021-06-20 20:29:12,38.4,41.2,114.77201825396807,38.81609195402299,37.0
2216,2021-06-20 20:29:33,2021-06-20 20:58:53,41.2,44.0,112.83726825396838,38.0,37.0
2217,2021-06-20 20:59:14,2021-06-20 21:28:24,44.0,46.4,127.03730682870373,38.0,37.0
2218,2021-06-20 21:28:45,2021-06-20 21:53:25,46.8,48.8,127.88916222222223,38.0,36.261744966442954
2219,2021-06-20 21:53:46,2021-06-20 22:19:56,48.8,50.8,134.03491430555556,38.0,36.0
2220,2021-06-20 22:20:17,2021-06-20 22:53:17,50.8,53.2,136.07637118055524,38.0,36.0
2221,2021-06-20 22:53:38,2021-06-20 23:23:18,53.2,55.2,145.06958194444445,38.0,36.0
2222,2021-06-20 23:23:39,2021-06-20 23:53:49,55.2,57.2,141.9654998611111,38.0,36.0
2223,2021-06-20 23:54:10,2021-06-21 00:26:30,57.2,59.2,147.90286652777775,37.333333333333336,36.0
2224,2021-06-21 00:26:51,2021-06-21 00:56:51,59.2,61.2,128.36131277777778,37.0,35.38121546961326
2225,2021-06-21 00:57:12,2021-06-21 01:26:02,61.2,63.2,118.4653002777778,37.0,35.0
2226,2021-06-21 01:26:23,2021-06-21 01:54:23,63.2,64.8,141.00720694444493,37.0,35.0
2227,2021-06-21 01:54:44,2021-06-21 02:21:34,64.8,66.4,132.7260694444437,36.7037037037037,35.0
2228,2021-06-21 02:21:55,2021-06-21 02:51:45,66.4,68.4,109.10438041666666,36.0,34.416666666666664
2229,2021-06-21 02:52:06,2021-06-21 03:23:26,68.4,70.0,128.61120282986155,36.0,34.0
2230,2021-06-21 03:23:47,2021-06-21 03:49:37,70.0,71.2,113.17128449074048,35.90384615384615,34.0
2231,2021-06-21 03:49:58,2021-06-21 04:17:38,71.2,72.4,104.94216233796271,35.0,33.98203592814371
2232,2021-06-21 04:17:59,2021-06-21 04:49:19,72.4,73.6,118.3334507175937,35.0,33.0
2233,2021-06-21 04:49:40,2021-06-21 05:19:20,73.6,74.8,113.98172314814788,35.0,33.0
2234,2021-06-21 05:19:41,2021-06-21 05:47:41,74.8,75.6,161.4586145833339,34.0887573964497,33.0
2235,2021-06-21 05:48:02,2021-06-21 06:14:22,75.6,76.8,92.87051898148128,34.0,32.924528301886795
2236,2021-06-21 06:14:43,2021-06-21 06:45:23,76.8,77.6,146.52801215277833,34.0,32.01081081081081
2237,2021-06-21 06:45:44,2021-06-21 07:14:24,77.6,78.4,138.8890451388869,34.0,32.0
2238,2021-06-21 07:14:45,2021-06-21 07:42:25,78.4,79.6,86.60890949074155,33.66467065868263,32.0
2239,2021-06-21 07:42:46,2021-06-21 08:13:16,79.6,80.4,133.819546701387,33.0,32.0
2240,2021-06-21 08:13:37,2021-06-21 08:43:47,80.4,81.2,135.79860277777826,33.0,32.0
2241,2021-06-21 08:44:08,2021-06-21 09:13:28,81.2,82.0,130.38201215277826,33.0,32.0
2242,2021-06-21 09:13:49,2021-06-21 09:44:19,82.0,82.8,140.45149302083382,33.0,32.0
2243,2021-06-21 09:44:40,2021-06-21 10:13:50,82.8,83.6,122.41337263888931,33.0,32.0
2244,2021-06-21 10:14:11,2021-06-21 10:43:31,83.6,84.4,133.10783378472036,33.0,32.0
2245,2021-06-21 22:14:11,2021-06-21 22:42:31,4.8,29.6,114.24339118503583,37.0,33.0
2246,2021-06-21 22:42:52,2021-06-21 23:10:02,29.6,53.6,113.18865682870371,37.792682926829265,34.00609756097561
2247,2021-06-21 23:10:23,2021-06-21 23:41:23,54.0,79.6,121.08940928819447,39.98930481283423,36.27807486631016
2248,2021-06-24 17:28:47,2021-06-24 17:55:57,31.2,55.6,112.4675713797814,33.8109756097561,32.01219512195122
2249,2021-06-24 17:56:18,2021-06-24 18:25:18,55.6,81.6,112.69286014957267,36.36,34.542857142857144
2250,2021-06-24 18:25:39,2021-06-24 18:43:19,82.0,96.4,119.92478877314812,37.0,35.0
2251,2021-06-25 22:59:09,2021-06-25 23:29:29,46.0,72.8,114.1262436774461,32.73770491803279,30.672131147540984
2252,2021-06-25 23:29:50,2021-06-25 23:59:30,73.2,97.6,117.06455396174866,34.35195530726257,32.374301675977655
2253,2021-06-26 19:17:23,2021-06-26 20:05:31,51.600002,97.6,116.31136990725766,33.886740331491715,32.06077348066298
2254,2021-06-27 07:09:05,2021-06-27 07:43:06,64.8,97.6,114.21714852218837,32.52734375,31.1875
2255,2021-06-27 15:55:51,2021-06-27 17:10:26,24.4,97.6,115.38107681200671,38.575,36.40535714285714
2256,2021-07-06 17:03:12,2021-07-06 17:22:32,23.6,43.6,114.46111930555558,35.598290598290596,33.94017094017094
2257,2021-07-06 17:22:53,2021-07-06 17:45:53,44.0,68.4,111.63821527777773,38.12230215827338,36.57553956834533
2258,2021-07-07 10:54:34,2021-07-07 11:11:24,34.0,45.2,115.00249640376981,34.0,33.0
2259,2021-07-07 11:11:45,2021-07-07 11:38:25,45.6,63.6,111.01544220679011,35.29192546583851,34.01863354037267
2260,2021-07-07 11:38:46,2021-07-07 12:07:06,63.6,81.6,113.16899475308647,36.30409356725146,35.0
2261,2021-07-07 12:07:27,2021-07-07 12:24:26,82.0,92.0,118.3761269166667,37.0,35.0
2262,2021-07-07 21:02:36,2021-07-07 21:23:06,36.8,58.0,113.08504913522013,35.67741935483871,33.66129032258065
2263,2021-07-07 21:23:27,2021-07-07 21:53:27,58.4,88.8,115.26682287097954,37.78453038674033,35.74033149171271
2264,2021-07-08 19:15:38,2021-07-08 19:35:32,11.6,29.2,113.07449558080806,38.247933884297524,37.0
2265,2021-07-08 19:35:53,2021-07-08 19:54:23,29.2,46.0,110.1190476190476,39.25,37.49107142857143
2266,2021-07-08 19:54:44,2021-07-08 20:12:24,46.0,61.2,116.22807017543859,40.74766355140187,39.08411214953271
2267,2021-07-08 20:12:45,2021-07-08 20:32:45,61.6,78.4,119.05092625661374,42.33884297520661,40.578512396694215
2268,2021-07-09 00:07:36,2021-07-09 00:35:16,58.0,86.0,114.69346884920635,41.73053892215569,38.91616766467066
2269,2021-07-09 05:47:04,2021-07-09 06:05:14,34.8,47.2,111.46058176523294,37.85454545454545,34.32727272727273
2270,2021-07-09 06:05:35,2021-07-09 06:24:25,47.2,60.0,109.88066080729169,38.80701754385965,35.5
2271,2021-07-09 06:24:46,2021-07-09 06:41:16,60.0,70.8,111.16127469135806,39.84,36.45
2272,2021-07-09 06:59:58,2021-07-09 07:17:58,79.6,90.4,116.3348963477365,40.0,37.0
2273,2021-07-09 14:49:13,2021-07-09 15:06:33,52.4,70.0,115.01026665088384,41.19047619047619,39.60952380952381
2274,2021-07-10 00:02:33,2021-07-10 00:27:29,50.4,76.0,113.82564096137153,41.19205298013245,39.06622516556291
2275,2021-07-10 12:43:45,2021-07-10 13:05:45,7.2,26.8,112.72040865929705,38.48872180451128,37.0
2276,2021-07-10 13:06:06,2021-07-10 13:30:26,26.8,48.8,111.12187657828285,39.04081632653061,37.51020408163265
2277,2021-07-10 13:30:47,2021-07-10 13:49:57,49.2,65.6,117.36537559281854,40.81896551724138,39.43103448275862
2278,2021-07-10 13:50:18,2021-07-10 14:10:28,66.0,83.2,117.75762185077518,42.0,40.40983606557377
2279,2021-07-10 14:10:49,2021-07-10 14:29:19,83.2,97.6,120.31253771219144,42.892857142857146,41.0
2280,2021-07-10 22:20:11,2021-07-10 22:45:36,35.2,52.4,112.2970174903101,40.74025974025974,38.0974025974026
2281,2021-07-10 22:45:57,2021-07-10 23:15:57,52.4,72.0,112.41496981292518,42.29281767955801,39.39779005524862
2282,2021-07-10 23:16:18,2021-07-10 23:46:58,72.0,90.4,117.06598565821254,43.0,40.0
2283,2021-07-11 18:09:19,2021-07-11 18:26:59,39.6,57.6,114.65201875000002,35.794392523364486,34.925233644859816
2284,2021-07-11 18:27:20,2021-07-11 18:46:50,58.0,78.0,113.800005,38.08474576271186,37.059322033898304
2285,2021-07-12 17:40:45,2021-07-12 17:58:35,19.6,35.6,111.34113411458333,40.19444444444444,39.0
2286,2021-07-12 17:58:56,2021-07-12 18:17:36,36.0,52.4,113.68816421070463,41.530973451327434,40.123893805309734
2287,2021-07-12 18:17:57,2021-07-12 18:34:37,52.8,66.8,118.89879464285713,43.18811881188119,41.663366336633665
2288,2021-07-12 18:34:58,2021-07-12 18:51:48,67.2,81.6,116.76406838348771,44.0,42.85294117647059
2289,2021-07-12 18:52:09,2021-07-12 19:09:09,81.6,95.6,119.38293015873016,44.077669902912625,43.0
2290,2021-07-13 12:17:00,2021-07-13 12:33:50,58.0,75.2,114.17555482881139,42.36274509803921,40.588235294117645
2291,2021-07-13 12:34:11,2021-07-13 12:50:41,75.6,92.0,117.35942301829266,43.0,41.32
2292,2021-07-13 20:54:02,2021-07-13 21:24:22,24.8,51.2,114.47393981481484,41.08743169398907,38.82513661202186
2293,2021-07-13 21:24:43,2021-07-13 21:55:53,51.6,78.8,114.11971956699351,43.680851063829785,41.36702127659574
2294,2021-07-13 21:56:14,2021-07-13 22:21:44,79.2,97.6,120.11552792874404,44.76623376623377,42.0
2295,2021-07-14 02:22:45,2021-07-14 02:42:05,27.6,44.8,113.4552764050388,42.51282051282051,38.84615384615385
2296,2021-07-14 02:42:26,2021-07-14 03:01:36,44.8,62.0,112.5137424903101,44.23275862068966,40.775862068965516
2297,2021-07-14 03:01:57,2021-07-14 03:19:37,62.4,78.0,114.39727653133902,45.570093457943926,42.0
2298,2021-07-14 11:44:55,2021-07-14 12:47:38,26.0,80.8,114.58547158100163,40.252653927813164,38.4203821656051
2299,2021-07-14 18:09:06,2021-07-14 18:32:56,24.4,48.4,115.36112777777778,42.236111111111114,40.88194444444444
2300,2021-07-14 18:33:17,2021-07-14 19:02:17,48.8,76.4,112.86837540257646,45.142857142857146,43.63428571428572
2301,2021-07-14 19:02:38,2021-07-14 19:30:28,76.8,97.6,121.60191866987182,46.041666666666664,45.0
2302,2021-07-15 06:45:22,2021-07-15 07:10:12,27.2,53.2,111.94232254273506,37.84,35.61333333333334
2303,2021-07-15 07:10:33,2021-07-15 07:41:03,53.6,85.2,113.24146119022502,41.20108695652174,38.983695652173914
2304,2021-07-15 21:17:40,2021-07-15 21:41:20,63.6,83.2,114.61027104591838,39.7972027972028,37.0
2305,2021-07-16 02:34:06,2021-07-16 02:51:16,30.8,45.6,116.82058051801802,38.21153846153846,35.46153846153846
2306,2021-07-16 02:51:37,2021-07-16 03:08:27,46.0,60.8,112.29824605855856,39.6078431372549,37.11764705882353
2307,2021-07-16 03:08:48,2021-07-16 03:32:22,61.2,80.4,116.65734694010415,41.0,38.60839160839161
2308,2021-07-16 11:26:21,2021-07-16 11:49:31,36.0,51.2,115.38104541301169,38.17142857142857,36.42857142857143
2309,2021-07-16 11:49:52,2021-07-16 12:10:42,51.6,65.2,113.1883424223856,39.46825396825397,37.611111111111114
2310,2021-07-16 12:11:03,2021-07-16 12:36:03,65.6,81.2,114.30556686253557,40.0,38.0
2311,2021-07-16 12:36:24,2021-07-16 12:57:54,81.2,93.6,119.82416274641588,40.0,38.0
2312,2021-07-17 01:09:57,2021-07-17 02:18:50,14.0,84.4,114.20174886560923,36.73114119922631,33.91489361702128
2313,2021-07-17 14:55:47,2021-07-17 15:28:38,67.2,97.6,117.41639716739772,33.178137651821864,32.441295546558706
2314,2021-07-17 23:27:27,2021-07-18 00:57:40,9.2,97.6,115.99441432723734,39.85819793205317,37.861152141802066
2315,2021-07-18 05:14:51,2021-07-18 05:35:31,73.2,86.0,115.38088064236116,38.0,35.0
2316,2021-07-18 17:22:18,2021-07-18 18:35:26,32.0,93.2,115.39602804330067,39.80510018214936,38.62841530054645
2317,2021-07-18 23:59:22,2021-07-19 00:24:20,41.6,67.6,113.72239163995728,39.680851063829785,37.202127659574465
2318,2021-07-19 14:46:24,2021-07-19 15:03:14,55.2,70.0,116.03230602477478,33.57843137254902,32.69607843137255
2319,2021-07-19 15:03:35,2021-07-19 15:21:55,70.4,86.8,113.64414617208678,34.486486486486484,33.792792792792795
2320,2021-07-21 07:27:48,2021-07-21 07:51:58,48.4,73.6,112.76676333774252,31.034246575342465,30.424657534246574
2321,2021-07-21 12:00:50,2021-07-21 12:44:29,50.4,94.8,114.70634476664165,34.076219512195124,32.82012195121951
2322,2021-07-21 20:34:53,2021-07-21 20:51:33,20.4,37.2,114.49737466931218,32.445544554455445,30.673267326732674
2323,2021-07-21 20:51:54,2021-07-21 21:10:44,37.6,56.8,113.14237861689816,34.30701754385965,32.728070175438596
2324,2021-07-21 21:11:05,2021-07-21 21:30:45,57.2,77.2,113.41529458333338,36.621848739495796,34.76470588235294
2325,2021-07-21 21:31:06,2021-07-21 21:48:56,77.6,94.8,117.52182105943155,37.574074074074076,35.861111111111114
2326,2021-07-22 15:16:31,2021-07-22 15:36:41,45.6,65.2,113.09239484126982,40.84426229508197,38.99180327868852
2327,2021-07-22 15:37:02,2021-07-22 15:53:52,65.6,81.6,115.64842942708333,42.6764705882353,40.81372549019608
2328,2021-07-22 21:45:51,2021-07-22 22:02:47,33.6,51.2,113.91398980429295,40.85576923076923,38.72115384615385
2329,2021-07-22 22:03:08,2021-07-22 22:22:08,51.6,71.2,114.81293509070296,43.14782608695652,40.93043478260869
2330,2021-07-22 22:22:29,2021-07-22 22:40:09,71.6,88.8,117.70994799741601,44.33644859813084,42.0
2331,2021-07-23 02:15:11,2021-07-23 02:34:11,64.4,84.0,113.59625304705222,41.21739130434783,38.0
2332,2021-07-23 23:57:50,2021-07-24 00:16:13,24.8,40.8,115.42006292534724,38.214285714285715,36.223214285714285
2333,2021-07-24 00:25:05,2021-07-24 00:45:05,48.8,66.8,111.62423549382716,40.95867768595041,38.752066115702476
2334,2021-07-24 00:45:26,2021-07-24 01:03:56,66.8,83.2,113.26304886517613,42.026785714285715,40.0
2335,2021-07-24 01:04:17,2021-07-24 01:21:07,83.6,96.8,121.39942077020196,43.0,40.0
2336,2021-07-24 09:23:39,2021-07-24 09:40:39,66.4,81.2,115.19521433933937,38.0,36.19417475728155
2337,2021-07-24 15:38:49,2021-07-24 16:08:03,53.6,83.2,115.82578843374627,42.75141242937853,41.50847457627118
2338,2021-07-24 22:24:49,2021-07-24 22:41:49,61.2,77.6,112.58555250677513,45.00970873786408,43.067961165048544
2339,2021-07-25 07:18:14,2021-07-25 07:37:22,49.6,67.6,115.39924611111121,39.26724137931034,36.73275862068966
2340,2021-07-25 07:37:43,2021-07-25 08:00:13,68.0,89.2,115.31055227987422,40.588235294117645,38.0735294117647
2341,2021-07-26 00:39:25,2021-07-26 00:57:35,36.0,52.0,114.0911546875,38.36363636363637,36.127272727272725
2342,2021-07-26 00:57:56,2021-07-26 01:16:56,52.4,69.6,110.95527188307499,39.70434782608696,37.70434782608696
2343,2021-07-26 01:17:17,2021-07-26 01:36:37,69.6,86.4,115.71429174933856,40.46153846153846,38.717948717948715
2344,2021-07-26 17:20:00,2021-07-26 17:39:10,73.6,93.2,114.47138888888885,41.456896551724135,39.76724137931034
2345,2021-07-27 01:19:36,2021-07-27 01:44:16,32.4,58.0,112.42350363498264,39.711409395973156,37.59060402684564
2346,2021-07-27 01:44:37,2021-07-27 02:12:57,58.4,87.2,114.77816377314814,42.473684210526315,40.134502923976605
2347,2021-07-27 15:09:50,2021-07-27 16:05:21,27.2,81.6,114.34763898080067,44.5083932853717,42.726618705035975
2348,2021-07-27 21:53:59,2021-07-27 22:13:49,30.8,50.8,114.90973111111111,43.8,41.275
2349,2021-07-27 22:14:10,2021-07-27 22:31:50,51.2,68.0,111.80889649470905,45.89719626168224,43.495327102803735
2350,2021-07-27 22:32:11,2021-07-27 22:50:41,68.0,85.2,114.36696059431519,47.0,44.6875
2351,2021-07-28 14:36:29,2021-07-28 14:56:39,32.4,53.2,115.33052597489315,41.09836065573771,39.60655737704918
2352,2021-07-28 14:57:00,2021-07-28 15:16:20,53.6,74.0,112.82474434912855,43.56410256410256,42.11965811965812
2353,2021-07-28 15:16:41,2021-07-28 15:34:21,74.4,90.8,116.81994080284557,44.89719626168224,43.0
2354,2021-07-29 01:23:05,2021-07-29 01:50:05,28.8,56.4,113.9331662640902,36.466257668711656,34.42944785276074
2355,2021-07-29 01:50:26,2021-07-29 02:16:46,56.8,83.6,114.42474885986735,39.509433962264154,37.490566037735846
2356,2021-07-29 02:17:07,2021-07-29 02:33:37,84.0,97.6,121.29185723039224,40.74,38.36
2357,2021-07-29 16:12:14,2021-07-29 16:33:14,26.4,48.0,114.03420614711932,40.22047244094488,38.48031496062992
2358,2021-07-29 16:33:35,2021-07-29 16:53:45,48.4,69.2,113.70993549679487,42.75409836065574,40.59016393442623
2359,2021-07-29 16:54:06,2021-07-29 17:12:36,69.6,88.4,115.4971837322694,44.0,42.0
2360,2021-07-30 20:10:13,2021-07-30 21:28:02,20.4,97.6,115.26574543393787,38.4041095890411,36.86472602739726
2361,2021-07-31 06:32:04,2021-07-31 06:49:34,32.0,50.0,113.5540234567901,37.216981132075475,35.08490566037736
2362,2021-07-31 06:49:55,2021-07-31 07:08:45,50.0,69.6,112.23994890873018,39.44736842105263,37.36842105263158
2363,2021-07-31 07:09:06,2021-07-31 07:27:16,70.0,88.4,115.32383280495169,40.99090909090909,38.74545454545454
2364,2021-07-31 13:49:28,2021-07-31 14:07:48,43.6,59.6,114.07987092013889,39.03603603603604,37.3963963963964
2365,2021-07-31 14:08:09,2021-07-31 14:26:09,60.0,75.2,113.82493996710524,40.42201834862385,38.76146788990825
2366,2021-07-31 14:26:30,2021-07-31 14:44:50,75.2,90.0,115.02722747747754,41.0,39.0
2367,2021-07-31 19:08:30,2021-07-31 19:33:40,70.4,95.6,113.88505081569672,41.776315789473685,39.473684210526315
2368,2021-08-02 14:18:57,2021-08-02 14:38:27,35.6,55.6,113.92987375000003,35.63559322033898,33.99152542372882
2369,2021-08-02 14:38:48,2021-08-02 14:58:28,56.0,76.0,114.84861951388892,38.05042016806723,36.47899159663866
2370,2021-08-02 19:25:57,2021-08-02 19:45:27,50.8,67.2,116.82589032859082,39.80508474576271,38.271186440677965
2371,2021-08-02 19:45:48,2021-08-02 20:05:48,67.6,84.0,115.11772772696473,41.0,39.0
2372,2021-08-02 23:42:55,2021-08-03 00:12:09,57.2,87.2,114.08344947222224,38.81818181818182,35.11363636363637
2373,2021-08-03 04:22:26,2021-08-03 05:22:14,60.8,97.6,115.09259522946861,36.89977728285078,33.88641425389755
2374,2021-08-03 17:25:27,2021-08-03 18:58:38,4.8,97.6,115.99127734524666,41.59084406294707,39.51502145922747
2375,2021-08-04 12:17:55,2021-08-04 12:47:01,71.6,97.6,117.05822250000001,34.51598173515982,33.32876712328767
2376,2021-08-04 19:42:32,2021-08-04 20:10:32,37.6,66.8,113.29146613394217,36.64497041420118,34.248520710059175
2377,2021-08-04 20:10:53,2021-08-04 20:38:53,67.2,95.2,115.7981056547619,38.828402366863905,36.44970414201183
2378,2021-08-05 00:59:29,2021-08-05 01:28:09,69.6,96.8,116.60183282271244,37.39884393063584,34.63583815028902
2379,2021-08-05 17:32:33,2021-08-05 17:59:53,26.8,54.8,113.46976522817465,36.21818181818182,34.43030303030303
2380,2021-08-05 18:00:14,2021-08-05 18:30:54,55.2,86.4,114.26596149394588,39.23243243243243,37.51891891891892
2381,2021-08-06 02:17:51,2021-08-06 02:48:31,20.0,51.2,114.88516448539887,36.5945945945946,34.14594594594595
2382,2021-08-06 02:48:52,2021-08-06 03:16:52,51.6,80.4,113.64440277777778,39.905325443786985,37.455621301775146
2383,2021-08-06 15:36:34,2021-08-06 16:09:14,24.8,58.4,113.404015666336,38.47208121827411,36.03045685279188
2384,2021-08-06 16:09:35,2021-08-06 16:38:05,58.8,87.2,116.9268237480438,41.622093023255815,38.78488372093023
2385,2021-08-07 02:16:07,2021-08-07 02:35:37,17.6,30.8,113.85523747895625,35.0,32.0
2386,2021-08-07 02:35:58,2021-08-07 02:56:28,31.2,44.8,114.79985386029415,35.57258064516129,32.725806451612904
2387,2021-08-07 02:56:49,2021-08-07 03:16:09,44.8,58.0,109.72012984006732,36.9059829059829,34.21367521367522
2388,2021-08-07 03:16:30,2021-08-07 03:37:10,58.0,71.2,113.97307270622892,38.0,35.416
2389,2021-08-07 03:37:31,2021-08-07 03:55:31,71.6,82.4,117.99256468621388,38.522935779816514,36.0
2390,2021-08-07 10:29:51,2021-08-07 10:49:21,40.0,60.0,114.10418701388892,34.99152542372882,33.152542372881356
2391,2021-08-07 10:49:42,2021-08-07 11:09:42,60.4,80.8,114.81824652777783,37.12396694214876,35.3801652892562
2392,2021-08-07 11:10:03,2021-08-07 11:28:43,81.2,97.6,118.0792908197833,38.0,36.14159292035398
2393,2021-08-07 18:33:58,2021-08-07 19:44:27,28.4,97.6,115.0511535504978,39.59735349716446,36.81285444234405
2394,2021-08-09 12:45:24,2021-08-09 13:22:47,54.8,92.8,114.7968602375731,33.62277580071174,32.00711743772242
2395,2021-08-09 18:42:27,2021-08-09 19:03:07,74.0,92.8,117.0212884899528,32.872,31.136
2396,2021-08-10 02:09:02,2021-08-10 02:29:19,80.8,92.8,117.10210252314816,34.0,31.0
2397,2021-08-10 15:20:45,2021-08-10 15:42:37,14.4,33.6,113.65060319733796,32.21804511278196,31.0
2398,2021-08-10 15:58:29,2021-08-10 16:15:19,47.2,62.0,113.49661843093095,35.40196078431372,33.71568627450981
2399,2021-08-10 16:31:01,2021-08-10 16:55:28,76.0,96.0,119.2320942222222,37.62162162162162,35.7027027027027
2400,2021-08-11 15:30:04,2021-08-11 16:58:03,9.2,97.6,114.97132878016592,36.75454545454546,34.86515151515152
2401,2021-08-26 20:24:04,2021-08-26 20:53:19,47.6,77.6,113.82653623611112,37.09090909090909,35.195454545454545
2402,2021-08-27 04:15:16,2021-08-27 04:57:54,50.4,93.6,115.41166270961938,37.87227414330218,35.85669781931464
2403,2021-08-27 14:10:57,2021-08-27 14:39:27,44.4,73.6,113.38852530441403,39.16860465116279,38.00581395348837
2404,2021-08-27 14:39:48,2021-08-27 15:06:08,74.0,97.6,119.08782980225992,40.9937106918239,39.729559748427675
2405,2021-08-28 01:15:35,2021-08-28 01:35:35,43.2,61.2,111.60033904320991,37.69421487603306,35.29752066115702
2406,2021-08-28 01:35:56,2021-08-28 01:56:06,61.2,79.2,112.54324182098765,39.00813008130081,36.86991869918699
2407,2021-08-28 01:56:27,2021-08-28 02:13:57,79.6,94.4,118.81760529279275,40.0,37.04716981132076
2408,2021-08-28 04:48:28,2021-08-28 05:11:08,70.4,93.6,114.14943422413799,38.824561403508774,35.83625730994152
2409,2021-08-28 20:57:13,2021-08-28 21:41:40,38.8,84.4,113.80370515046295,36.1437125748503,34.60179640718563
2410,2021-08-29 00:42:24,2021-08-29 01:02:14,52.0,64.8,115.96464724392361,37.15833333333333,34.775
2411,2021-08-29 01:02:35,2021-08-29 01:32:45,65.2,84.0,115.43367205969273,38.0,35.71978021978022
2412,2021-08-29 01:33:06,2021-08-29 01:55:46,84.4,97.6,118.97307649410787,38.0,36.0
2413,2021-08-29 16:24:56,2021-08-29 16:43:16,26.0,44.8,115.47577630023646,36.44144144144144,34.78378378378378
2414,2021-08-29 16:43:37,2021-08-29 17:03:07,45.2,65.6,113.2278165168846,38.92372881355932,37.20338983050848
2415,2021-08-29 17:03:28,2021-08-29 17:24:28,66.0,87.2,117.38471160901467,40.83464566929134,39.110236220472444
2416,2021-08-30 02:14:21,2021-08-30 03:21:38,18.0,86.8,114.58332389373385,38.388118811881185,35.661386138613864
2417,2021-08-30 14:11:08,2021-08-30 14:28:28,28.0,39.6,113.64943738026818,38.24761904761905,36.56190476190476
2418,2021-08-30 14:28:49,2021-08-30 14:48:19,39.6,52.8,110.71339730639733,39.53389830508475,38.09322033898305
2419,2021-08-30 14:48:40,2021-08-30 15:08:30,52.8,66.0,110.33356092171715,41.05833333333333,39.541666666666664
2420,2021-08-30 15:08:51,2021-08-30 15:28:21,66.0,78.4,111.97806070788525,42.0,40.05084745762712
2421,2021-08-30 22:39:50,2021-08-30 23:05:50,30.4,53.6,112.95377861590038,38.12101910828026,36.15923566878981
2422,2021-08-30 23:06:11,2021-08-30 23:36:51,54.0,81.2,113.6167211499183,40.51891891891892,38.454054054054055
2423,2021-08-30 23:37:12,2021-08-30 23:57:32,81.2,97.6,118.22323551829273,41.0,39.0
2424,2021-08-31 18:33:06,2021-08-31 18:52:16,23.2,42.8,114.25880116213153,35.55172413793103,33.793103448275865
2425,2021-08-31 18:52:37,2021-08-31 19:09:47,43.2,61.2,111.36266404320992,37.75961538461539,36.09615384615385
2426,2021-08-31 19:25:59,2021-08-31 19:46:09,77.6,96.4,115.73729942375878,40.51639344262295,38.82786885245902
2427,2021-09-01 16:35:30,2021-09-01 17:07:10,32.4,53.2,113.84817073985043,33.86910994764398,32.89528795811518
2428,2021-09-01 17:07:31,2021-09-01 17:45:32,53.6,78.0,111.77534565687614,36.15652173913043,34.78695652173913
2429,2021-09-01 17:45:53,2021-09-01 18:15:43,78.0,95.2,118.754054748062,37.0,35.15555555555556
2430,2021-09-02 03:28:53,2021-09-02 03:53:23,26.0,51.6,112.94327067057293,34.03378378378378,32.351351351351354
2431,2021-09-02 03:53:44,2021-09-02 04:23:24,51.6,82.4,113.7680395021645,37.29608938547486,35.435754189944134
2432,2021-09-02 04:23:45,2021-09-02 04:41:05,82.8,97.6,118.83915503003007,38.77142857142857,36.89523809523809
2433,2021-09-02 10:36:30,2021-09-02 11:05:20,24.0,49.6,113.55685644531248,37.17816091954023,34.9367816091954
2434,2021-09-02 11:05:41,2021-09-02 11:35:41,49.6,76.4,112.87313432835819,40.13259668508287,37.812154696132595
2435,2021-09-02 11:36:02,2021-09-02 12:01:52,76.8,97.6,118.46821868322654,41.38461538461539,39.0
2436,2021-09-02 17:25:40,2021-09-02 17:43:50,64.8,83.2,115.65220395531396,42.63636363636363,40.4
2437,2021-09-02 23:24:02,2021-09-02 23:44:32,7.6,25.6,113.27316628086423,42.0,38.54032258064516
2438,2021-09-02 23:44:53,2021-09-03 00:05:43,26.0,44.4,112.64947539251212,42.26190476190476,38.69047619047619
2439,2021-09-03 00:06:04,2021-09-03 00:29:44,44.8,65.2,115.41804765795204,43.76923076923077,40.41258741258741
2440,2021-09-03 00:30:05,2021-09-03 00:53:55,65.2,85.6,116.22550966775604,45.0,41.0
2441,2021-09-03 00:54:16,2021-09-03 01:12:26,86.0,97.6,124.89945138888896,45.0,41.0
2442,2021-09-04 19:09:50,2021-09-04 19:29:00,46.4,63.2,114.07159234457669,36.87931034482759,35.61206896551724
2443,2021-09-04 19:29:21,2021-09-04 19:51:11,63.6,82.4,116.12884101654844,38.03030303030303,37.0
2444,2021-09-04 19:51:32,2021-09-04 20:10:12,82.8,97.6,118.30517933558562,39.0,37.94690265486726
2445,2021-09-05 14:44:21,2021-09-05 15:04:41,68.8,89.6,114.82705295138891,35.6910569105691,35.17886178861789
2446,2021-09-06 00:50:36,2021-09-06 01:11:36,43.2,65.2,112.18434646464648,35.52755905511811,34.15748031496063
2447,2021-09-06 06:40:41,2021-09-06 07:03:06,50.8,73.6,114.7446461500975,36.30769230769231,35.04733727810651
2448,2021-09-06 07:53:34,2021-09-06 08:16:00,74.0,95.6,114.34067186856997,37.57396449704142,36.366863905325445
2449,2021-09-06 14:05:52,2021-09-06 14:25:42,46.4,64.0,112.85355176767679,39.35,37.78333333333333
2450,2021-09-06 14:26:03,2021-09-06 14:45:13,64.4,81.2,114.24687442129635,40.89655172413793,39.0
2451,2021-09-06 14:45:34,2021-09-06 15:05:54,81.2,97.6,117.08165438685644,41.00813008130081,39.642276422764226
2452,2021-09-06 23:17:03,2021-09-06 23:47:13,14.0,41.2,112.46120465686273,38.17032967032967,35.42857142857143
2453,2021-09-06 23:47:34,2021-09-07 00:17:14,41.2,67.2,111.99627158119658,40.19553072625698,37.944134078212294
2454,2021-09-07 00:17:35,2021-09-07 00:47:45,67.2,91.6,114.94138365209477,41.994505494505496,39.06043956043956
2455,2021-09-07 13:51:29,2021-09-07 14:10:09,27.6,46.8,113.70372019675928,38.49557522123894,36.91150442477876
2456,2021-09-07 14:10:30,2021-09-07 14:28:20,47.2,65.6,113.3650511775363,40.842592592592595,39.19444444444444
2457,2021-09-07 18:24:56,2021-09-07 18:42:56,61.6,80.0,114.41653192934788,43.642201834862384,40.6605504587156
2458,2021-09-07 18:43:17,2021-09-07 19:02:37,80.4,97.6,117.86258228359185,44.034188034188034,41.0
2459,2021-09-08 17:08:34,2021-09-08 18:20:32,25.6,97.2,114.50718708488519,41.43333333333333,39.80555555555556
2460,2021-09-09 00:06:51,2021-09-09 00:52:06,33.2,79.6,113.85770837823279,41.529411764705884,39.226470588235294
2461,2021-09-09 05:31:20,2021-09-09 05:50:20,46.4,63.2,113.57970345568778,38.43478260869565,35.55652173913043
2462,2021-09-09 05:50:41,2021-09-09 06:10:01,63.2,80.4,113.00469500968993,39.81196581196581,36.93162393162393
2463,2021-09-09 11:52:06,2021-09-09 12:09:56,58.8,74.4,114.57622854344724,38.94444444444444,36.898148148148145
2464,2021-09-09 12:10:17,2021-09-09 12:34:00,74.4,95.2,114.40252968749999,39.0,37.43055555555556
2465,2021-09-09 19:07:53,2021-09-09 20:11:58,35.6,97.6,115.47677152105736,42.54677754677755,41.476091476091476
2466,2021-09-10 16:23:01,2021-09-10 16:51:00,35.6,60.4,112.83378113799283,37.82248520710059,36.650887573964496
2467,2021-09-10 16:51:21,2021-09-10 17:15:21,60.8,81.6,115.38194417735043,39.772413793103446,38.682758620689654
2468,2021-09-10 17:15:42,2021-09-10 17:35:22,82.0,97.6,118.95298815883193,40.142857142857146,39.0
2469,2021-09-11 05:41:53,2021-09-11 06:37:00,52.8,97.6,115.8825470765129,39.18599033816425,36.63526570048309
2470,2021-09-11 16:55:34,2021-09-11 17:20:24,22.0,43.6,114.59554340277778,39.74,38.4
2471,2021-09-11 17:20:45,2021-09-11 17:50:15,44.0,70.4,111.61193981481479,42.258426966292134,41.06741573033708
2472,2021-09-11 23:15:41,2021-09-11 23:33:31,47.6,63.2,114.80413773148146,41.333333333333336,38.870370370370374
2473,2021-09-11 23:33:52,2021-09-11 23:54:52,63.6,81.6,117.18828001543213,42.645669291338585,40.039370078740156
2474,2021-09-11 23:55:13,2021-09-12 00:14:33,82.0,97.6,117.73060194088325,43.0,40.99145299145299
2475,2021-09-12 12:46:48,2021-09-12 13:06:48,35.6,53.2,113.4958824179293,40.21487603305785,38.50413223140496
2476,2021-09-12 13:07:09,2021-09-12 13:50:25,53.2,90.8,114.90497867907803,42.43295019157088,41.076628352490424
2477,2021-09-12 23:29:53,2021-09-12 23:47:13,37.2,56.0,113.9952829491726,41.87619047619047,39.99047619047619
2478,2021-09-13 00:02:45,2021-09-13 00:19:15,72.4,87.2,117.40804870495496,45.0,43.0
2479,2021-09-13 05:00:50,2021-09-13 05:30:30,64.4,75.6,114.34023363095247,41.0,37.944134078212294
2480,2021-09-13 05:30:51,2021-09-13 06:02:31,75.6,87.6,113.9119930555555,40.424083769633505,37.01570680628272
2481,2021-09-13 06:02:52,2021-09-13 06:29:32,87.6,97.2,119.90736111111097,40.0,37.0
2482,2021-09-13 13:52:01,2021-09-13 14:08:53,32.8,47.2,116.12268209876537,40.51456310679612,39.25242718446602
2483,2021-09-13 14:25:35,2021-09-13 14:42:05,62.0,76.4,113.61207397762341,43.64,42.0
2484,2021-09-13 20:38:30,2021-09-13 21:10:50,57.6,90.8,114.84984027777783,43.18974358974359,40.723076923076924
2485,2021-09-14 05:13:18,2021-09-14 05:31:38,62.8,81.2,116.2930302687198,39.77477477477478,37.0
2486,2021-09-15 05:36:42,2021-09-15 06:02:04,72.8,97.6,110.5481706541219,31.05235602094241,30.403141361256544
2487,2021-09-15 11:00:12,2021-09-15 11:19:02,71.6,87.6,116.4409873263889,35.29824561403509,34.166666666666664
2488,2021-09-15 22:58:01,2021-09-15 23:17:11,58.0,77.2,114.72800202546294,34.83620689655172,33.53448275862069
2489,2021-09-15 23:17:32,2021-09-15 23:38:42,77.6,96.4,117.91223559397159,36.0,34.6484375
2490,2021-09-16 13:47:00,2021-09-16 14:11:40,55.2,75.6,114.16531542755999,37.738255033557046,36.54362416107382
2491,2021-09-16 14:12:01,2021-09-16 14:35:11,75.6,93.6,116.26930324074074,38.878571428571426,37.52857142857143
2492,2021-09-16 22:09:34,2021-09-16 22:37:54,65.2,82.8,114.80667589962125,36.0,33.0
2493,2021-09-16 22:38:15,2021-09-16 23:02:55,83.2,97.6,117.75464650848772,36.0,33.58389261744966
2494,2021-09-17 02:00:06,2021-09-17 02:19:16,54.4,66.8,113.54167473118284,36.23275862068966,33.56896551724138
2495,2021-09-17 02:19:37,2021-09-17 02:36:27,66.8,77.6,111.35033101851859,37.0,34.0
2496,2021-09-17 02:53:49,2021-09-17 03:11:59,86.8,97.6,114.755675154321,37.0,34.46363636363636
2497,2021-09-17 09:47:48,2021-09-17 10:05:58,64.8,83.2,115.39705555555555,35.31818181818182,33.88181818181818
2498,2021-09-17 15:31:40,2021-09-17 16:41:24,40.8,97.6,115.81065341158059,41.46666666666667,39.542857142857144
2499,2021-09-17 23:03:56,2021-09-17 23:26:56,40.0,46.8,113.13935375816997,37.0,34.223021582733814
2500,2021-09-17 23:27:17,2021-09-17 23:45:57,46.8,52.4,111.66672222222222,37.017699115044245,35.0
2501,2021-09-17 23:46:18,2021-09-18 00:05:08,52.4,58.4,105.15283009259262,37.99122807017544,35.0
2502,2021-09-18 00:05:29,2021-09-18 00:25:29,58.4,64.0,119.64291666666666,38.0,35.0
2503,2021-09-18 00:25:50,2021-09-18 00:47:10,64.4,70.8,111.6667222222224,38.0,35.0
2504,2021-09-18 00:47:31,2021-09-18 01:07:21,70.8,76.4,118.64589236111101,38.0,35.0
2505,2021-09-18 02:44:17,2021-09-18 03:11:37,54.4,78.4,114.23728749999998,39.551515151515154,36.81818181818182
2506,2021-09-18 03:11:58,2021-09-18 03:34:48,78.8,97.6,117.07227201536648,40.0,37.2536231884058
2507,2021-09-18 16:05:39,2021-09-18 16:24:49,3.6,20.8,111.92509512273898,40.224137931034484,39.0
2508,2021-09-18 16:25:10,2021-09-18 16:44:40,21.2,38.4,113.85823385012925,40.186440677966104,39.0
2509,2021-09-18 16:45:01,2021-09-18 17:04:21,38.8,55.6,115.57542724867727,41.55555555555556,40.17948717948718
2510,2021-09-18 17:04:42,2021-09-18 17:26:02,55.6,74.0,116.42892429045895,43.48062015503876,41.674418604651166
2511,2021-09-18 17:26:23,2021-09-18 17:44:33,74.0,89.2,120.05485836988301,44.0,42.0
2512,2021-09-19 14:23:18,2021-09-19 14:52:08,21.6,50.8,115.27255274923898,36.660919540229884,33.87931034482759
2513,2021-09-19 14:52:29,2021-09-19 15:20:49,51.2,80.4,113.3124157153729,40.15204678362573,37.14035087719298
2514,2021-09-19 15:21:10,2021-09-19 15:40:40,80.8,97.6,120.31665294312177,41.567796610169495,38.0
2515,2021-09-19 23:06:52,2021-09-19 23:34:32,25.6,44.0,115.7239007397343,37.68862275449102,35.88622754491018
2516,2021-09-19 23:34:53,2021-09-20 00:01:53,44.4,62.4,113.01004598765432,39.49079754601227,37.58282208588957
2517,2021-09-20 00:02:14,2021-09-20 00:32:20,62.8,81.6,115.38033442671399,40.94505494505494,38.92857142857143
2518,2021-09-20 00:32:41,2021-09-20 00:52:31,82.0,93.6,118.96673599137932,41.0,39.0
2519,2021-09-20 23:15:57,2021-09-21 00:28:12,26.8,74.8,112.92976200231483,36.646408839779006,35.103130755064456
2520,2021-09-21 02:35:31,2021-09-21 03:25:58,39.2,90.8,114.15278633451769,39.37730870712401,37.108179419525065
2521,2021-09-21 17:27:15,2021-09-21 18:55:19,11.2,97.6,115.5520064670139,40.883685800604226,39.373111782477345
2522,2021-09-21 23:38:50,2021-09-22 00:37:01,50.8,97.6,116.41189958452041,40.69107551487414,37.725400457665906
2523,2021-09-22 11:57:12,2021-09-22 13:09:09,8.400001,81.6,114.88112514447504,38.52407407407407,37.346296296296295
2524,2021-09-22 20:53:15,2021-09-22 21:43:19,35.6,86.8,114.19591759168839,39.111702127659576,36.640957446808514
2525,2021-09-23 14:32:28,2021-09-23 14:51:38,40.4,58.0,111.7953121054293,33.206896551724135,32.56896551724138
2526,2021-09-23 14:51:59,2021-09-23 15:11:19,58.0,75.6,113.14633072916669,35.34188034188034,34.547008547008545
2527,2021-09-23 15:11:40,2021-09-23 15:31:00,76.0,93.2,115.92457856912142,36.31623931623932,35.52136752136752
2528,2021-09-23 21:40:11,2021-09-23 21:59:21,12.8,30.8,112.92517206790127,39.33620689655172,37.0
2529,2021-09-23 21:59:42,2021-09-23 22:17:12,30.8,47.2,113.16820884146344,40.301886792452834,37.471698113207545
2530,2021-09-23 22:17:33,2021-09-23 22:35:23,47.6,64.0,115.31082418699195,41.870370370370374,39.101851851851855
2531,2021-09-23 22:35:44,2021-09-23 22:55:34,64.4,82.4,116.86035787037044,43.016666666666666,40.34166666666667
2532,2021-09-24 08:07:02,2021-09-24 08:24:32,39.6,52.4,112.69207042100697,32.820754716981135,30.82075471698113
2533,2021-09-24 08:24:53,2021-09-24 08:44:03,52.4,66.4,113.37600644841265,34.275862068965516,32.36206896551724
2534,2021-09-24 08:44:24,2021-09-24 09:03:54,66.8,80.8,116.43453948412699,35.0,33.0
2535,2021-09-24 09:04:15,2021-09-24 09:23:25,81.2,94.8,118.84294822303927,35.48275862068966,33.525862068965516
2536,2021-09-24 21:23:06,2021-09-24 21:54:16,31.2,49.6,112.6403703200483,35.02127659574468,33.47872340425532
2537,2021-09-24 21:54:37,2021-09-24 22:23:57,49.6,67.2,110.83330555555553,36.824858757062145,35.26553672316384
2538,2021-09-24 22:24:18,2021-09-24 22:54:18,67.2,84.4,115.98834302325581,38.0,36.0
2539,2021-09-24 22:54:39,2021-09-24 23:17:49,84.8,97.6,120.36021310763891,38.0,36.0
2540,2021-09-25 11:47:48,2021-09-25 12:16:48,61.6,87.2,113.86558816189236,35.90857142857143,34.582857142857144
2541,2021-09-25 21:26:19,2021-09-25 21:44:59,35.2,51.6,113.79149432588076,38.38053097345133,36.54867256637168
2542,2021-09-25 21:45:20,2021-09-25 22:05:20,52.0,69.6,113.52824045138891,40.04132231404959,38.13223140495868
2543,2021-09-26 03:18:38,2021-09-26 03:39:38,30.0,44.0,113.74009910714284,38.63779527559055,35.90551181102362
2544,2021-09-26 03:39:59,2021-09-26 03:58:39,44.0,56.8,108.79992795138891,39.769911504424776,37.150442477876105
2545,2021-09-26 03:59:00,2021-09-26 04:18:00,56.8,69.2,111.27802038530461,40.92173913043478,38.0
2546,2021-09-26 04:18:21,2021-09-26 04:37:41,69.6,81.2,117.60897377873556,41.0,38.0
2547,2021-09-26 04:38:02,2021-09-26 04:54:32,81.6,91.2,118.34926779513879,41.0,38.0
2548,2021-09-26 15:40:00,2021-09-26 16:08:00,14.0,38.0,113.19909039351855,39.27218934911242,38.05917159763314
2549,2021-09-26 16:08:21,2021-09-26 16:39:21,38.4,64.8,114.95320407196974,41.68449197860963,40.06417112299465
2550,2021-09-26 16:39:42,2021-09-26 17:08:02,64.8,88.4,117.75836599576266,43.824561403508774,42.0
2551,2021-09-27 13:16:13,2021-09-27 13:41:53,31.2,58.4,112.11909916258172,35.23225806451613,34.3741935483871
2552,2021-09-27 13:42:14,2021-09-27 14:12:24,58.4,89.6,115.09347168803421,38.9010989010989,38.027472527472526
2553,2021-09-27 18:52:35,2021-09-27 19:23:35,58.4,89.6,113.78340504807699,42.13368983957219,40.288770053475936
2554,2021-09-28 00:19:46,2021-09-28 00:39:56,34.4,55.6,110.9558401467505,40.295081967213115,37.795081967213115
2555,2021-09-28 00:40:17,2021-09-28 01:17:19,55.6,93.6,113.6034992397661,43.017857142857146,40.455357142857146
2556,2021-09-28 17:51:59,2021-09-28 18:08:59,24.4,42.0,112.48500323547978,38.359223300970875,36.75728155339806
2557,2021-09-28 18:09:20,2021-09-28 18:27:10,42.4,60.8,112.89023920591788,40.361111111111114,38.94444444444444
2558,2021-09-28 18:27:31,2021-09-28 18:44:41,61.2,78.8,113.62293899936866,42.49038461538461,40.83653846153846
2559,2021-09-28 21:29:18,2021-09-28 22:02:25,66.0,97.6,114.86890022415615,42.54618473895582,40.377510040160644
2560,2021-09-29 14:00:26,2021-09-29 14:17:56,7.2,25.2,113.65973688271605,39.24528301886792,37.556603773584904
2561,2021-09-29 22:41:19,2021-09-29 22:57:49,62.8,74.8,113.10649675925926,42.0,39.97
2562,2021-09-29 22:58:10,2021-09-29 23:15:20,75.2,87.6,114.53966621863809,42.32692307692308,40.0
2563,2021-10-01 13:41:31,2021-10-01 14:05:16,73.6,96.4,112.75069725268025,39.90502793296089,37.44692737430167
2564,2021-10-02 18:35:00,2021-10-02 19:34:48,38.8,97.6,114.24302148053668,39.1804008908686,37.73942093541203
2565,2021-10-03 02:42:37,2021-10-03 03:42:17,38.8,97.6,113.84752011763042,38.53125,36.046875
2566,2021-10-03 10:12:59,2021-10-03 10:31:59,40.8,53.6,111.47680002170135,36.3304347826087,33.97391304347826
2567,2021-10-03 10:32:20,2021-10-03 10:50:20,54.0,66.0,110.04052094907411,37.55045871559633,35.330275229357795
2568,2021-10-03 10:50:41,2021-10-03 11:10:21,66.0,78.4,112.99620934139776,38.0,36.0
2569,2021-10-03 11:10:42,2021-10-03 11:28:02,78.8,89.2,115.89211271367515,38.21904761904762,36.0
2570,2021-10-03 16:47:57,2021-10-03 17:05:17,54.8,66.0,113.7326511656746,38.87619047619047,36.67619047619048
2571,2021-10-03 17:05:38,2021-10-03 17:22:38,66.0,76.8,112.36883667695474,39.0,37.0
2572,2021-10-03 20:52:54,2021-10-03 21:33:45,58.4,97.6,115.17252407525514,38.73941368078176,36.44951140065147
2573,2021-10-04 14:22:55,2021-10-04 15:33:31,24.8,96.0,114.6716717013889,42.00754716981132,40.133962264150945
2574,2021-10-04 23:27:32,2021-10-04 23:47:42,31.2,52.0,113.17174719551282,38.81967213114754,36.32786885245902
2575,2021-10-04 23:48:03,2021-10-05 00:07:03,52.4,72.0,113.20012386621316,41.17391304347826,38.56521739130435
2576,2021-10-05 00:07:24,2021-10-05 00:25:24,72.4,90.8,114.31236473429962,42.321100917431195,39.85321100917431
2577,2021-10-05 06:48:06,2021-10-05 08:10:14,16.0,97.6,114.25558550381265,39.82009724473258,36.85413290113452
2578,2021-10-05 15:35:45,2021-10-05 15:54:05,38.4,57.2,114.00710830378252,40.2972972972973,38.91891891891892
2579,2021-10-05 15:54:26,2021-10-05 16:12:16,57.6,76.0,113.29258801328508,42.4537037037037,40.81481481481482
2580,2021-10-05 16:12:37,2021-10-05 16:31:07,76.4,95.2,115.00149261229322,43.25,42.0
2581,2021-10-05 22:57:46,2021-10-05 23:14:26,22.4,39.6,113.21383947028427,41.07920792079208,38.148514851485146
2582,2021-10-05 23:14:47,2021-10-05 23:32:07,40.0,58.0,112.48149475308642,42.63809523809524,39.7047619047619
2583,2021-10-05 23:48:39,2021-10-06 00:06:59,74.0,90.4,116.21273272357718,45.0,42.0
2584,2021-10-06 05:14:04,2021-10-06 05:31:04,78.4,95.2,114.42956051587304,39.689320388349515,36.66990291262136
2585,2021-10-08 01:19:38,2021-10-08 02:44:24,13.6,97.6,114.33707590608466,38.484276729559745,37.20125786163522
2586,2021-10-08 21:08:00,2021-10-08 21:39:40,45.2,72.8,113.49537872383254,31.596858638743456,28.910994764397905
2587,2021-10-08 21:40:01,2021-10-08 22:06:11,73.2,95.6,114.56658587549609,33.265822784810126,30.60126582278481
2588,2021-10-09 02:16:28,2021-10-09 02:34:58,31.6,44.0,112.77443189964158,31.151785714285715,28.285714285714285
2589,2021-10-09 02:35:19,2021-10-09 02:53:19,44.0,56.4,108.20901758512547,32.38532110091743,29.541284403669724
2590,2021-10-09 02:53:40,2021-10-09 03:13:00,56.4,69.2,109.5833464626736,33.56410256410256,30.76068376068376
2591,2021-10-09 03:13:21,2021-10-09 03:31:21,69.6,80.8,113.34574999999998,34.0,31.0
2592,2021-10-09 03:31:42,2021-10-09 03:52:02,80.8,92.8,116.37733379629628,34.0,31.056910569105693
2593,2021-10-09 08:29:48,2021-10-09 08:56:28,52.8,76.4,113.05556167608282,32.38509316770186,29.18633540372671
2594,2021-10-09 08:56:49,2021-10-09 09:22:29,76.8,97.6,116.04167962072651,33.39354838709677,30.070967741935483
2595,2021-10-09 16:37:45,2021-10-09 16:54:15,50.0,67.6,112.12833909406572,31.91,29.73
2596,2021-10-10 01:42:24,2021-10-10 02:01:54,58.4,78.8,111.4896484204793,32.771186440677965,30.24576271186441
2597,2021-10-10 02:02:15,2021-10-10 02:22:45,79.2,97.2,117.34567669753089,33.983870967741936,31.048387096774192
2598,2021-10-10 08:09:50,2021-10-10 08:37:00,45.6,69.6,113.25695069444448,32.048780487804876,28.74390243902439
2599,2021-10-10 08:37:21,2021-10-10 09:07:31,70.0,96.0,114.05290048076924,33.68681318681319,30.467032967032967
2600,2021-10-10 21:01:47,2021-10-10 22:11:38,27.6,97.200005,113.54065185731265,34.38593155893536,32.72623574144487
2601,2021-10-11 05:00:37,2021-10-11 05:18:47,41.2,60.4,111.05178153935186,34.69090909090909,32.04545454545455
2602,2021-10-11 05:19:08,2021-10-11 05:37:38,60.8,80.0,113.13511921296293,36.732142857142854,34.017857142857146
2603,2021-10-11 05:37:59,2021-10-11 05:55:29,80.0,96.4,115.70545680894304,37.764150943396224,35.0
2604,2021-10-11 13:06:01,2021-10-11 13:32:31,48.8,72.4,111.65432662429376,36.2125,34.7625
2605,2021-10-11 23:35:05,2021-10-12 00:03:25,15.6,40.8,111.31391688712525,34.900584795321635,32.02923976608187
2606,2021-10-12 00:03:46,2021-10-12 00:33:16,41.2,66.0,117.76207963709678,36.70786516853933,33.90449438202247
2607,2021-10-12 00:33:37,2021-10-12 01:03:17,66.4,90.8,120.39046596083793,38.81005586592179,35.89385474860335
2608,2021-10-12 05:23:22,2021-10-12 05:41:55,6.8,28.0,102.42218924266248,38.0,33.0
2609,2021-10-12 05:42:16,2021-10-12 06:11:46,28.4,58.8,113.54990826023395,38.831460674157306,34.7752808988764
2610,2021-10-12 06:12:07,2021-10-12 06:39:47,59.2,86.8,117.31936433172308,41.52694610778443,37.52694610778443
2611,2021-10-12 18:39:41,2021-10-12 20:29:57,31.2,97.6,113.57734626840701,32.380894800483674,30.544135429262393
2612,2021-10-13 04:15:44,2021-10-13 05:26:36,38.4,97.6,113.02602984234235,31.419172932330827,29.165413533834588
2613,2021-10-13 09:48:52,2021-10-13 10:12:22,71.6,92.0,114.16597882625273,31.774647887323944,28.387323943661972
2614,2021-10-13 15:35:01,2021-10-13 16:15:52,54.0,94.8,114.62419243940636,32.20521172638436,29.39087947882736
2615,2021-10-14 00:59:08,2021-10-14 02:13:29,24.0,97.6,113.80707851751211,32.306451612903224,30.43548387096774
2616,2021-10-14 20:14:38,2021-10-14 20:33:08,26.8,45.6,114.08762817671396,31.517857142857142,30.714285714285715
2617,2021-10-14 20:50:10,2021-10-14 21:10:00,62.8,82.4,117.38096584467117,35.983333333333334,34.78333333333333
2618,2021-10-14 21:10:21,2021-10-14 21:27:01,82.8,97.6,120.63064921171176,37.00990099009901,35.99009900990099
2619,2021-10-15 02:49:35,2021-10-15 03:07:15,56.4,71.6,112.29441858552636,34.6822429906542,31.766355140186917
2620,2021-10-15 03:07:36,2021-10-15 03:25:06,71.6,86.0,113.50213348765425,35.15094339622642,32.5188679245283
2621,2021-10-15 06:28:24,2021-10-15 06:47:04,68.8,85.2,114.17853641598911,34.0353982300885,31.0
2622,2021-10-15 15:10:05,2021-10-15 15:27:35,39.6,58.0,110.83560801630436,32.301886792452834,30.660377358490567
2623,2021-10-15 15:27:56,2021-10-15 15:47:06,58.4,78.0,113.94487776360545,34.508620689655174,32.68103448275862
2624,2021-10-16 11:59:29,2021-10-16 12:19:29,37.2,54.8,112.91115421401517,28.371900826446282,27.214876033057852
2625,2021-10-16 12:19:50,2021-10-16 12:43:20,55.2,75.2,112.93542597222226,30.429577464788732,29.246478873239436
2626,2021-10-16 12:43:41,2021-10-16 13:01:41,75.6,90.0,115.39835387731479,31.091743119266056,30.0
2627,2021-10-16 20:44:26,2021-10-16 21:04:06,35.6,56.0,111.67347535403054,30.327731092436974,28.689075630252102
2628,2021-10-16 21:04:27,2021-10-16 21:24:57,56.4,77.6,112.06368474842772,32.87903225806452,31.072580645161292
2629,2021-10-16 21:25:18,2021-10-16 21:44:38,78.0,96.0,116.68828209876546,34.034188034188034,32.31623931623932
2630,2021-10-17 14:41:19,2021-10-17 15:04:19,61.2,84.8,113.66054213747647,27.48201438848921,26.26618705035971
2631,2021-10-18 15:49:47,2021-10-18 16:09:47,26.0,46.8,113.30130088141028,29.487603305785125,27.834710743801654
2632,2021-10-18 16:10:08,2021-10-18 16:34:18,47.2,73.2,109.52886431623934,32.38356164383562,30.794520547945204
2633,2021-10-18 16:34:39,2021-10-18 17:01:09,73.6,97.6,116.46298177083334,34.18125,32.70625
2634,2021-10-19 08:26:29,2021-10-19 08:47:59,70.4,92.0,114.49588760288067,28.630769230769232,27.56923076923077
2635,2021-10-20 00:11:29,2021-10-20 00:28:59,48.0,66.4,110.78652611714972,34.509433962264154,33.405660377358494
2636,2021-10-20 06:53:11,2021-10-20 07:12:51,65.2,75.2,114.69166666666666,33.94117647058823,31.0
2637,2021-10-20 07:13:12,2021-10-20 07:31:52,75.2,84.8,113.39554441550932,34.0,31.0
2638,2021-10-20 07:32:13,2021-10-20 07:50:03,85.2,94.0,118.17550473484854,34.0,31.0
2639,2021-10-20 15:06:02,2021-10-20 15:24:02,37.2,56.0,111.38152999408983,37.8348623853211,36.11009174311926
2640,2021-10-20 20:22:58,2021-10-20 20:39:48,34.8,52.4,111.36284998421719,37.46078431372549,35.14705882352941
2641,2021-10-20 20:40:09,2021-10-20 20:58:39,52.4,71.6,112.14917585358796,39.455357142857146,37.19642857142857
2642,2021-10-20 23:24:48,2021-10-20 23:44:38,63.2,83.6,112.93983101851862,39.05,36.0
2643,2021-10-21 07:03:11,2021-10-21 07:56:43,45.2,97.6,114.25963466921122,33.94776119402985,31.965174129353233
2644,2021-10-21 22:31:12,2021-10-21 22:49:42,8.0,27.2,112.71630721932877,24.866071428571427,22.401785714285715
2645,2021-10-21 22:50:03,2021-10-21 23:08:53,27.6,47.2,112.36396145124716,26.06140350877193,23.964912280701753
2646,2021-10-21 23:09:14,2021-10-21 23:31:44,47.6,70.4,115.40267251461984,28.83823529411765,26.764705882352942
2647,2021-10-21 23:32:05,2021-10-21 23:50:55,70.8,89.6,117.11881057919622,30.719298245614034,28.587719298245613
2648,2021-10-22 08:48:12,2021-10-22 09:07:22,31.2,48.4,112.14067708333333,25.67241379310345,23.612068965517242
2649,2021-10-22 09:26:51,2021-10-22 09:46:11,65.6,81.6,114.20487100694446,29.264957264957264,27.102564102564102
2650,2021-10-22 09:46:32,2021-10-22 10:06:52,82.0,97.2,116.34686330409356,30.0,28.0
2651,2021-10-22 16:24:03,2021-10-22 16:44:33,41.2,62.8,111.04167939814818,30.516129032258064,28.088709677419356
2652,2021-10-22 16:56:04,2021-10-22 17:15:55,72.8,93.2,113.84941359613285,32.98347107438016,30.636363636363637
2653,2021-10-23 02:15:47,2021-10-23 02:34:17,31.2,50.0,113.97680178782501,26.241071428571427,23.982142857142858
2654,2021-10-23 13:48:19,2021-10-23 14:18:39,56.4,82.8,114.31662510521888,23.0327868852459,21.65573770491803
2655,2021-10-23 14:19:00,2021-10-23 14:38:10,82.8,97.6,114.72412434309311,24.594827586206897,23.32758620689655
2656,2021-10-23 21:00:42,2021-10-23 21:19:42,64.4,84.0,113.17815582482996,25.53913043478261,23.6
2657,2021-10-24 08:50:32,2021-10-24 09:09:12,66.4,85.6,113.5423974247686,23.991150442477878,23.141592920353983
2658,2021-10-24 18:37:58,2021-10-24 20:10:14,6.0,97.6,114.79489209121785,34.914862914862915,33.132756132756136
2659,2021-10-25 14:59:09,2021-10-25 15:35:19,46.0,78.4,112.04949224108364,28.73394495412844,27.720183486238533
2660,2021-10-25 15:35:40,2021-10-25 15:59:00,78.8,97.6,115.81711539598112,30.71631205673759,29.69503546099291
2661,2021-10-25 22:23:57,2021-10-25 23:38:34,24.4,97.6,114.14047238539773,32.13392857142857,30.017857142857142
2662,2021-10-26 14:22:46,2021-10-26 14:43:16,56.4,74.4,113.66434452160487,30.89516129032258,29.475806451612904
2663,2021-10-26 14:43:37,2021-10-26 15:02:37,74.8,91.6,112.98113938492065,32.0,30.417391304347827
2664,2021-10-27 01:47:23,2021-10-27 02:50:40,20.4,86.0,112.65367517149392,31.793684210526315,30.069473684210525
2665,2021-10-27 15:24:18,2021-10-27 15:53:48,52.8,79.2,111.73821506734004,33.56741573033708,32.46629213483146
2666,2021-10-27 22:55:53,2021-10-27 23:15:23,53.2,70.0,113.23661937830694,33.63559322033898,31.703389830508474
2667,2021-10-27 23:15:44,2021-10-27 23:36:24,70.4,87.2,115.20338467261908,34.688,32.768
2668,2021-10-28 13:27:35,2021-10-28 13:57:13,63.6,94.0,114.0230019599781,30.641255605381165,29.300448430493272
2669,2021-10-28 23:32:57,2021-10-29 00:02:27,40.0,71.2,110.73052808938746,33.674157303370784,32.3876404494382
2670,2021-10-29 00:02:48,2021-10-29 00:28:18,71.6,96.0,115.76959061930782,35.993506493506494,34.65584415584416
2671,2021-10-29 15:52:57,2021-10-29 16:21:47,31.6,61.6,111.64723824074076,34.735632183908045,33.47126436781609
2672,2021-10-29 16:22:08,2021-10-29 16:50:38,62.0,90.8,114.95275597993827,37.645348837209305,36.348837209302324
2673,2021-10-30 01:23:23,2021-10-30 01:40:13,24.0,41.6,111.93420557133842,33.46078431372549,30.46078431372549
2674,2021-10-30 01:40:34,2021-10-30 02:00:24,42.0,62.8,111.51844577991457,35.675,32.8
2675,2021-10-30 02:00:45,2021-10-30 02:24:30,63.2,87.6,113.83841649590165,37.736111111111114,34.74305555555556
2676,2021-10-30 11:29:46,2021-10-30 12:32:14,36.4,97.6,113.27582219725856,30.0,27.36460554371002
2677,2021-10-31 07:43:49,2021-10-31 09:49:49,17.6,97.6,115.0702561076389,26.039153439153438,25.244444444444444
2678,2021-10-31 22:35:13,2021-10-31 23:06:43,55.6,83.6,112.87601091269846,32.126315789473686,29.726315789473684
2679,2021-10-31 23:07:04,2021-10-31 23:24:54,83.6,97.6,116.65379126984128,33.0,31.0
2680,2021-11-01 12:00:42,2021-11-01 12:19:42,57.6,77.2,113.10586855158729,29.42608695652174,28.017391304347825
2681,2021-11-01 12:20:03,2021-11-01 12:36:43,77.6,94.0,114.75101592140922,30.514851485148515,29.247524752475247
2682,2021-11-02 08:45:02,2021-11-02 09:04:22,48.0,68.4,110.86194560185187,27.53846153846154,26.641025641025642
2683,2021-11-02 09:04:43,2021-11-02 09:22:53,68.8,87.2,115.42498596014494,29.545454545454547,28.59090909090909
2684,2021-11-02 16:42:30,2021-11-02 17:11:20,60.8,86.0,113.29253130511461,33.304597701149426,31.701149425287355
2685,2021-11-02 23:25:58,2021-11-02 23:51:48,77.6,97.6,115.49445819444446,31.685897435897434,29.365384615384617
2686,2021-11-03 05:59:56,2021-11-03 06:28:26,18.0,44.0,111.2505441239316,33.52906976744186,30.540697674418606
2687,2021-11-03 06:28:47,2021-11-03 07:00:57,44.4,72.0,114.17221739130434,36.22164948453608,33.28350515463917
2688,2021-11-03 07:01:18,2021-11-03 07:28:18,72.4,93.6,118.15187159329147,38.0,35.0
2689,2021-11-04 00:08:55,2021-11-04 01:26:04,26.0,78.0,110.79445988247865,30.90846286701209,29.28151986183074
2690,2021-11-04 13:19:05,2021-11-04 13:48:05,50.8,76.8,111.67736431623932,32.25714285714286,30.982857142857142
2691,2021-11-04 13:48:26,2021-11-04 14:13:36,77.2,97.6,117.24062193627458,33.901315789473685,32.61842105263158
2692,2021-11-04 23:50:14,2021-11-05 00:11:44,38.4,57.6,112.30831604456017,31.815384615384616,30.215384615384615
2693,2021-11-05 00:12:05,2021-11-05 00:32:05,58.0,75.2,112.1955875322997,33.752066115702476,32.30578512396694
2694,2021-11-05 00:32:26,2021-11-05 00:51:06,75.2,90.4,114.27632748538008,34.92035398230089,33.0
2695,2021-11-05 08:04:13,2021-11-05 08:33:33,48.0,79.2,110.89790745192312,34.887005649717516,32.40112994350282
2696,2021-11-05 18:35:34,2021-11-05 18:56:14,25.2,43.6,113.16879528985507,33.624,32.216
2697,2021-11-05 18:56:35,2021-11-05 19:17:35,43.6,62.8,110.23366493055558,35.84251968503937,34.1496062992126
2698,2021-11-05 19:17:56,2021-11-05 19:44:59,63.2,87.2,113.59943358217592,37.73170731707317,35.896341463414636
2699,2021-11-06 14:22:06,2021-11-06 14:39:46,38.8,57.6,109.78724881796688,33.626168224299064,32.51401869158879
2700,2021-11-06 14:40:07,2021-11-06 14:56:57,58.0,75.2,114.34433123385017,36.13725490196079,34.90196078431372
2701,2021-11-06 20:27:22,2021-11-06 21:33:46,30.4,96.8,114.28564862115127,37.51503006012024,35.33667334669339
2702,2021-11-07 04:42:29,2021-11-07 05:42:22,38.8,97.6,114.3359858394747,35.266666666666666,32.69555555555556
2703,2021-11-07 16:00:06,2021-11-07 16:54:10,23.2,79.6,111.97134568557922,35.77093596059113,34.4064039408867
2704,2021-11-08 02:27:13,2021-11-08 03:48:04,12.8,96.0,113.04183381243324,30.45394736842105,26.59375
2705,2021-11-08 22:36:06,2021-11-08 22:57:37,71.6,93.2,114.80030093878597,26.045801526717558,24.702290076335878
2706,2021-11-09 05:58:14,2021-11-09 06:18:24,26.4,47.6,111.36991358752621,26.10655737704918,23.688524590163933
2707,2021-11-09 06:18:45,2021-11-09 06:40:35,47.6,70.4,112.124778874269,28.87878787878788,26.272727272727273
2708,2021-11-09 06:40:56,2021-11-09 07:01:46,70.8,92.0,115.11925026205445,30.634920634920636,27.99206349206349
2709,2021-11-09 18:08:46,2021-11-09 18:25:26,44.0,61.6,110.31327596275248,27.326732673267326,25.871287128712872
2710,2021-11-09 18:25:47,2021-11-09 18:44:27,62.0,81.2,113.2624269386574,29.539823008849556,27.84070796460177
2711,2021-11-10 12:51:04,2021-11-10 13:08:34,68.0,83.2,113.62209831871344,26.79245283018868,25.60377358490566
2712,2021-11-11 08:31:45,2021-11-11 08:53:45,34.8,58.0,110.95427885536398,24.32330827067669,23.23308270676692
2713,2021-11-11 08:54:06,2021-11-11 09:14:16,58.4,79.6,111.29587539308179,27.385245901639344,26.18032786885246
2714,2021-11-11 09:14:37,2021-11-11 09:35:17,80.0,97.6,116.56567692550513,28.864,27.648
2715,2021-11-11 20:32:28,2021-11-11 20:49:08,76.8,91.6,113.18227993618626,31.0,29.0
2716,2021-11-12 15:09:34,2021-11-12 15:31:14,41.2,64.4,109.35646605603449,29.076335877862597,27.52671755725191
2717,2021-11-12 21:26:10,2021-11-12 21:43:00,32.0,46.8,111.97917698948949,29.872549019607842,27.69607843137255
2718,2021-11-12 22:14:03,2021-11-12 22:30:53,74.0,88.8,112.59947259759761,34.0,31.862745098039216
2719,2021-11-13 05:33:56,2021-11-13 05:52:36,26.4,45.6,114.03068127893519,27.1858407079646,23.876106194690266
2720,2021-11-13 05:52:57,2021-11-13 06:12:17,46.0,66.8,108.8855610977564,29.82905982905983,26.581196581196583
2721,2021-11-13 06:12:38,2021-11-13 06:33:28,66.8,88.4,112.97455131172838,31.658730158730158,28.595238095238095
2722,2021-11-13 11:07:52,2021-11-13 11:58:19,41.2,93.2,113.33326449786325,30.662269129287598,27.862796833773086
2723,2021-11-14 12:59:44,2021-11-14 13:16:54,26.8,42.0,111.95266365131577,23.451923076923077,22.28846153846154
2724,2021-11-14 13:17:15,2021-11-14 13:33:45,42.4,57.6,107.64619864766078,25.52,24.25
2725,2021-11-14 13:34:06,2021-11-14 13:50:56,57.6,72.8,109.82090625000002,27.50980392156863,26.254901960784313
2726,2021-11-14 13:51:17,2021-11-14 14:08:17,73.2,88.0,113.96866225600601,28.514563106796118,27.223300970873787
2727,2021-11-14 21:07:46,2021-11-14 21:33:26,42.8,60.0,110.34562330426357,29.406451612903226,27.4
2728,2021-11-14 21:33:47,2021-11-14 22:07:07,60.0,81.2,111.21070499213836,30.850746268656717,28.845771144278608
2729,2021-11-14 22:07:28,2021-11-14 22:26:08,81.2,92.4,113.63716976686507,31.0,29.0
2730,2021-11-15 03:31:39,2021-11-15 03:50:39,35.2,54.8,113.39571003401363,33.12173913043478,29.782608695652176
2731,2021-11-15 03:51:00,2021-11-15 04:12:10,55.2,77.2,112.52905896464651,35.5078125,32.171875
2732,2021-11-15 13:47:34,2021-11-15 14:25:05,40.4,79.2,112.83276331615117,30.21631205673759,28.24113475177305
2733,2021-11-15 20:20:06,2021-11-15 20:39:06,32.8,42.8,110.86111361111111,28.869565217391305,26.6
2734,2021-11-15 20:39:27,2021-11-15 20:57:27,42.8,52.4,109.36342708333333,29.862385321100916,27.68807339449541
2735,2021-11-15 21:06:31,2021-11-15 21:24:21,57.2,66.4,113.05253623188403,31.305555555555557,29.314814814814813
2736,2021-11-15 21:24:42,2021-11-15 21:42:02,66.8,75.6,114.92582339015154,32.0,30.0
2737,2021-11-15 21:42:23,2021-11-15 22:02:13,76.0,86.0,115.70555666666667,32.0,30.0
2738,2021-11-15 22:02:34,2021-11-15 22:21:44,86.0,95.6,116.44241854745377,32.0,30.482758620689655
