cycle_num,time_s,time_e,SOC_s,SOC_e,charge_capacity,Tmax,Tmin
1,2019-07-26 11:03:04,2019-07-26 12:45:14,50.0,99.6,136.08364143705202,33.341590612777054,32.39765319426336
2,2019-07-27 04:05:36,2019-07-27 04:52:44,39.6,66.0,133.7937715909091,37.752112676056335,35.95774647887324
3,2019-07-27 12:29:38,2019-07-27 14:53:00,19.2,66.0,132.72768326210826,38.01672862453532,36.69423791821561
4,2019-07-27 22:38:43,2019-07-27 23:19:33,14.8,37.6,134.3953608308967,38.413680781758956,37.188925081433226
5,2019-07-27 23:42:22,2019-07-27 23:58:38,50.4,59.6,132.61835845410624,41.0,39.951219512195124
6,2019-07-28 05:00:38,2019-07-28 05:30:19,23.2,32.4,139.81280193236717,37.0,35.0
7,2019-07-28 05:31:07,2019-07-28 08:23:10,32.8,88.4,134.09172661870502,38.53756777691712,36.092176607281175
8,2019-07-29 10:41:03,2019-07-29 11:43:14,25.6,66.4,132.088779956427,34.676659528907926,33.768736616702355
9,2019-07-30 09:09:42,2019-07-30 10:14:48,10.4,46.8,134.1648381868132,31.54192229038855,30.611451942740285
10,2019-07-30 10:28:17,2019-07-30 12:16:45,46.4,99.6,136.41327418546368,35.85503685503686,34.43366093366093
11,2019-07-30 21:20:51,2019-07-30 22:37:27,21.6,91.2,133.89621438178483,39.85391304347826,37.208695652173915
12,2019-08-01 06:18:45,2019-08-01 07:55:13,29.6,99.6,135.1562808293651,33.66436464088398,32.75690607734806
13,2019-08-01 19:14:06,2019-08-01 20:05:12,33.6,62.4,133.0741791377315,32.1484375,29.536458333333332
14,2019-08-01 20:05:52,2019-08-01 21:24:02,62.8,99.6,136.18134276871982,33.61904761904762,31.217687074829932
15,2019-08-02 05:50:02,2019-08-02 07:55:35,4.0,99.6,134.69805451243607,35.782377919320595,32.99363057324841
16,2019-08-02 22:07:15,2019-08-02 23:05:33,32.4,83.6,133.65586841905383,35.954337899543376,34.098173515981735
17,2019-08-03 20:11:48,2019-08-03 22:12:25,12.4,99.6,136.2956649576325,35.841988950276246,34.38453038674033
18,2019-08-04 15:18:07,2019-08-04 16:56:27,26.4,99.6,134.11333519656955,39.826558265582655,38.421409214092144
19,2019-08-05 05:31:49,2019-08-05 07:04:09,33.2,99.6,134.59724515562252,37.874458874458874,36.0
20,2019-08-05 19:57:18,2019-08-05 21:38:31,20.0,76.8,133.92481240219095,40.94605263157895,39.20657894736842
21,2019-08-06 04:15:18,2019-08-06 06:04:51,12.8,67.6,133.21958635442013,37.990267639902676,35.73965936739659
22,2019-08-06 16:14:08,2019-08-06 18:12:53,8.400001,99.6,136.07661318645168,42.27497194163861,40.872053872053876
23,2019-08-07 03:50:31,2019-08-07 05:41:15,18.8,99.6,133.89894844437572,40.97954271961492,38.127557160048134
24,2019-08-07 16:21:59,2019-08-07 17:49:22,29.6,98.0,133.72509687703052,42.576219512195124,41.073170731707314
25,2019-08-08 06:17:39,2019-08-08 08:03:39,23.6,99.6,134.32296072002922,37.85929648241206,35.24874371859296
26,2019-08-09 18:02:04,2019-08-09 19:12:23,45.2,84.4,133.94251832482996,41.46590909090909,39.753787878787875
27,2019-08-10 02:33:24,2019-08-10 04:56:20,33.6,99.6,136.46908878787883,40.67630597014925,38.913246268656714
28,2019-08-10 17:30:22,2019-08-10 18:37:45,47.2,98.8,135.5558282730405,43.980237154150196,42.36363636363637
29,2019-08-11 08:52:46,2019-08-11 09:44:16,76.0,99.6,137.12764090160078,35.43152454780362,34.0
30,2019-08-11 23:14:47,2019-08-11 23:53:13,34.8,54.0,134.1134592881944,37.29757785467128,34.56401384083045
31,2019-08-11 23:58:09,2019-08-12 01:34:39,56.8,99.6,137.23306023169783,38.87707182320442,36.738950276243095
32,2019-08-12 10:03:47,2019-08-12 12:13:36,26.4,99.6,135.46154201009415,39.9394250513347,37.578028747433265
33,2019-08-12 19:34:53,2019-08-12 20:45:28,54.4,99.6,137.56558395095874,41.93207547169811,40.426415094339625
34,2019-08-13 04:04:17,2019-08-13 05:45:42,49.6,99.6,134.90443886111115,35.59395532194481,32.50197109067017
35,2019-08-13 14:50:28,2019-08-13 16:30:09,31.6,82.0,132.85097911155208,39.66889185580774,38.44459279038718
36,2019-08-14 01:47:00,2019-08-14 02:40:22,1.2,48.4,133.21929866996237,39.46384039900249,37.2069825436409
37,2019-08-14 02:42:22,2019-08-14 03:57:37,50.4,99.6,137.1763328477868,42.157522123893806,39.78053097345133
38,2019-08-14 19:23:44,2019-08-14 20:21:06,55.6,88.0,133.3817167866941,38.88631090487239,37.0
39,2019-08-15 01:55:59,2019-08-15 04:03:56,38.4,80.0,132.7287820980235,35.98645833333333,33.53958333333333
40,2019-08-15 15:30:37,2019-08-15 20:02:04,6.4,94.0,134.79606255390664,38.75552282768778,37.032891507118315
41,2019-08-16 03:34:49,2019-08-16 07:39:14,22.0,99.6,134.44272448453611,35.247681396617565,33.12165848336061
42,2019-08-16 21:51:13,2019-08-16 23:13:01,14.4,86.8,133.5389492460866,38.732899022801305,36.95928338762215
43,2019-08-18 01:02:38,2019-08-18 02:52:43,19.6,99.6,134.8075740746528,35.98547215496368,34.67433414043583
44,2019-08-18 14:35:58,2019-08-18 16:37:16,39.6,98.8,133.41100724474478,35.308791208791206,33.572527472527476
45,2019-08-19 02:33:27,2019-08-19 04:06:43,19.2,98.0,133.226640499859,37.29714285714286,35.47142857142857
46,2019-08-19 15:26:06,2019-08-19 16:49:21,25.6,97.2,132.90289299542212,42.3536,40.7216
47,2019-08-19 23:02:05,2019-08-20 00:18:00,48.0,99.6,135.2966432170543,40.10877192982456,36.4859649122807
48,2019-08-20 16:50:17,2019-08-20 18:12:52,45.2,99.6,133.63991073580476,40.03225806451613,38.708064516129035
49,2019-08-21 06:22:13,2019-08-21 07:59:21,27.6,99.6,133.53592243827163,38.11385459533608,36.34705075445816
50,2019-08-21 22:11:10,2019-08-21 23:42:18,38.0,99.6,135.54377540133478,40.49707602339181,38.567251461988306
51,2019-08-22 09:08:13,2019-08-22 09:35:26,50.8,64.4,133.00466648284308,36.0,34.0
52,2019-08-22 09:42:54,2019-08-22 09:56:55,64.0,70.8,137.15152561274516,36.0,34.0
53,2019-08-22 10:12:26,2019-08-22 10:46:42,72.0,88.4,135.52639410569103,36.0,34.213178294573645
54,2019-08-22 15:52:10,2019-08-22 16:40:52,46.4,69.6,135.58955909363033,39.78415300546448,38.30874316939891
55,2019-08-22 23:53:30,2019-08-23 01:37:58,16.4,67.2,134.0179695319335,39.65688775510204,37.298469387755105
56,2019-08-23 09:26:37,2019-08-23 11:10:25,50.0,98.8,134.7561198542805,36.49807445442875,35.169448010269576
57,2019-08-24 03:42:22,2019-08-24 05:41:43,12.4,99.6,134.65611893476046,37.84375,36.229910714285715
58,2019-08-24 18:11:38,2019-08-24 20:52:32,21.2,98.8,133.62990994988547,42.574150787075396,41.31897265948633
59,2019-08-25 03:48:20,2019-08-25 05:06:15,48.4,99.6,136.56050786132815,41.28547008547009,38.78290598290598
60,2019-08-25 16:25:25,2019-08-25 18:57:15,25.6,98.8,133.97539426988465,38.204565408252854,35.63652326602283
61,2019-08-26 20:43:30,2019-08-26 22:41:02,23.6,90.0,132.75619144912983,32.90136054421769,31.789115646258505
62,2019-08-27 04:22:27,2019-08-27 05:42:46,51.2,96.0,135.15466663876492,34.12935323383085,32.4212271973466
63,2019-08-27 16:36:37,2019-08-27 21:05:44,13.2,99.6,133.618827031893,37.42199108469539,35.59039128281327
64,2019-08-28 04:21:29,2019-08-28 06:21:18,39.6,99.6,135.5354166666667,36.36373748609566,34.169076751946605
65,2019-08-28 13:52:00,2019-08-28 15:41:49,45.2,99.6,136.6026926215278,41.32727272727273,39.79151515151515
66,2019-08-29 08:34:30,2019-08-29 09:58:25,43.6,99.6,136.11304017361113,38.91269841269841,36.7015873015873
67,2019-08-29 22:05:04,2019-08-29 23:21:23,48.4,99.6,135.79319053276913,38.352530541012214,36.39441535776614
68,2019-08-30 16:51:21,2019-08-30 18:04:08,9.6,50.8,132.79405587243798,36.04936014625228,34.39670932358318
69,2019-08-30 18:40:58,2019-08-30 20:17:42,50.8,99.6,131.32257625227686,37.990358126721766,36.0
70,2019-08-31 23:40:05,2019-08-31 23:53:50,10.4,23.2,132.91463136935764,32.97115384615385,31.26923076923077
71,2019-08-31 23:54:14,2019-09-01 01:28:10,23.6,98.8,131.30679642804378,37.39716312056738,35.645390070921984
72,2019-09-01 09:43:08,2019-09-01 11:42:33,34.0,93.6,133.20163653523488,35.35267857142857,33.36830357142857
73,2019-09-01 20:56:27,2019-09-01 23:15:04,32.4,98.8,133.56987982178714,33.8125,31.521153846153847
74,2019-09-02 04:13:39,2019-09-02 05:25:10,56.4,91.6,134.03572048232326,33.97020484171322,31.60148975791434
75,2019-09-02 15:59:02,2019-09-02 18:42:34,14.4,99.6,134.0896869555295,35.25325732899023,32.590390879478825
76,2019-09-03 00:16:38,2019-09-03 00:49:44,71.6,87.6,135.59197965972223,33.0,30.85542168674699
77,2019-09-03 17:56:00,2019-09-03 20:16:46,18.0,99.6,133.65960106038943,37.02556818181818,35.61363636363637
78,2019-09-04 03:45:31,2019-09-04 06:22:09,14.4,99.6,133.79108582772565,37.48936170212766,34.74127659574468
79,2019-09-04 18:54:12,2019-09-04 21:14:42,27.6,99.6,135.02460427854942,37.27514231499051,35.87096774193548
80,2019-09-05 03:01:37,2019-09-05 04:40:15,47.2,98.8,134.16508355943157,36.02699055330634,34.19838056680162
81,2019-09-05 17:34:52,2019-09-05 19:56:41,26.4,99.6,134.3310471197632,38.337406015037594,36.54981203007519
82,2019-09-06 04:03:48,2019-09-06 05:50:24,22.0,99.6,134.59320829037802,39.7225,37.38875
83,2019-09-06 19:22:07,2019-09-06 21:20:20,11.2,99.6,134.1107835058447,43.57271702367531,42.27057497181511
84,2019-09-07 07:19:58,2019-09-07 09:04:58,26.8,99.6,134.59679324633697,40.16878172588832,37.70812182741117
85,2019-09-07 20:52:12,2019-09-07 22:09:53,46.8,99.6,136.65191412563132,43.66267123287671,42.06506849315068
86,2019-09-08 11:10:27,2019-09-08 13:09:36,40.0,99.6,135.96112724832216,37.2751677852349,36.15324384787472
87,2019-09-08 23:48:19,2019-09-09 01:39:59,13.6,99.6,134.45950658591732,41.71241050119332,39.153937947494036
88,2019-09-09 14:10:13,2019-09-09 15:34:32,41.2,99.6,135.25558176369864,39.24012638230648,37.45497630331754
89,2019-09-10 02:18:18,2019-09-10 04:22:03,10.0,80.4,132.13319691051134,39.145161290322584,36.91182795698925
90,2019-09-10 16:52:22,2019-09-10 18:50:51,11.2,99.6,133.6456045437406,42.3644544431946,41.20809898762655
91,2019-09-11 00:45:45,2019-09-11 01:53:08,56.8,99.6,136.82290608125652,41.74505928853755,39.08893280632411
92,2019-09-11 13:18:31,2019-09-11 15:33:16,30.8,99.6,135.01199148901807,40.15924826904055,38.96636993076162
93,2019-09-12 11:17:54,2019-09-12 12:22:36,54.0,90.0,135.07329204861114,36.382716049382715,35.13168724279836
94,2019-09-15 20:46:20,2019-09-15 22:21:37,35.6,89.2,133.35380665941128,34.527272727272724,32.77622377622377
95,2019-09-16 02:32:25,2019-09-16 03:45:08,54.0,99.6,136.74432728740257,37.379120879120876,35.57875457875458
96,2019-09-16 19:05:07,2019-09-16 21:20:00,30.4,99.6,133.8141691273282,36.60770750988142,35.41600790513834
97,2019-09-17 03:11:54,2019-09-17 04:37:01,42.8,99.6,134.50240250146715,38.41940532081377,36.0
98,2019-09-17 16:42:40,2019-09-17 18:36:37,18.8,99.6,134.85986813462597,40.53099415204678,38.5812865497076
99,2019-09-18 05:39:00,2019-09-18 07:15:12,33.2,99.6,134.28331691767073,36.39750692520776,34.267313019390585
100,2019-09-18 18:23:40,2019-09-18 19:59:04,34.8,94.8,133.03855681944447,40.52793296089386,38.789106145251395
101,2019-09-19 03:50:53,2019-09-19 06:20:40,21.2,99.6,133.30785509849775,40.28914590747331,37.954626334519574
102,2019-09-19 18:32:00,2019-09-19 21:03:00,28.0,77.6,131.40810340501793,39.8342151675485,38.52204585537919
103,2019-09-20 02:35:53,2019-09-20 05:03:11,23.2,99.6,133.80342138598024,38.44796380090498,36.526696832579184
104,2019-09-20 17:18:06,2019-09-20 21:58:54,25.6,99.6,135.77282793093093,37.26923076923077,35.37701804368471
105,2019-09-21 10:26:50,2019-09-21 12:13:43,22.8,99.6,135.0059088577836,36.34413965087282,34.753117206982544
106,2019-09-22 01:22:14,2019-09-22 02:38:41,51.2,99.6,135.78181858930213,35.6219512195122,33.73867595818815
107,2019-09-22 23:36:19,2019-09-23 02:04:25,23.6,98.0,130.8343507814367,34.684968496849685,32.924392439243924
108,2019-09-23 06:17:24,2019-09-23 09:23:56,47.2,99.6,135.49156316263785,33.492494639027875,31.0
109,2019-09-24 07:12:19,2019-09-24 08:54:17,27.2,99.6,130.98606375076739,33.07180156657964,32.023498694516974
110,2019-09-24 23:18:08,2019-09-25 00:41:31,43.6,84.8,133.77410975997844,34.57827476038339,33.13418530351438
111,2019-09-25 07:35:35,2019-09-25 09:25:27,40.8,98.8,133.56363298850576,33.30508474576271,31.428571428571427
112,2019-09-26 06:39:32,2019-09-26 09:04:34,14.8,99.6,130.85124456892035,33.166360294117645,31.535845588235293
113,2019-09-26 17:43:28,2019-09-26 18:54:35,54.4,99.6,137.18993533062934,37.10299625468165,35.676029962546814
114,2019-09-27 14:58:53,2019-09-27 16:25:37,40.0,99.6,135.32148729725952,38.92012288786482,37.31797235023041
115,2019-09-28 10:54:15,2019-09-28 12:38:51,21.2,99.6,132.7372474914966,37.396178343949046,36.23312101910828
116,2019-09-28 22:58:14,2019-09-29 00:31:38,32.8,99.6,135.6457743367432,40.86162624821684,38.69900142653352
117,2019-09-29 18:11:21,2019-09-29 19:55:41,22.0,99.6,134.8264499659937,42.367816091954026,40.71647509578544
118,2019-09-30 01:53:31,2019-09-30 03:30:39,30.0,99.6,134.95278057950196,39.275720164609055,36.363511659807955
119,2019-09-30 05:15:14,2019-09-30 06:07:16,89.2,99.6,147.9381387072651,37.50639386189258,34.0
120,2019-09-30 13:47:03,2019-09-30 14:45:08,54.0,86.8,133.40314607892955,38.43935926773455,37.18535469107552
121,2019-09-30 14:49:24,2019-09-30 15:24:37,86.0,99.6,134.00821332352947,39.0,38.0
122,2019-10-01 15:31:12,2019-10-01 17:22:46,8.400001,72.0,132.1508001648449,39.78042959427208,38.58114558472554
123,2019-10-02 00:29:27,2019-10-02 01:33:46,28.4,64.8,132.9572944978633,38.18840579710145,36.03105590062112
124,2019-10-02 04:31:01,2019-10-02 05:31:04,44.4,96.0,133.63558168873817,38.951219512195124,36.729490022172946
125,2019-10-02 13:33:11,2019-10-02 14:28:42,48.4,79.6,134.07731120904563,38.45083932853717,37.040767386091126
126,2019-10-02 22:49:55,2019-10-03 00:20:55,19.2,97.2,132.67009823361823,41.04538799414348,38.98243045387994
127,2019-10-03 17:02:39,2019-10-03 18:43:31,50.0,99.6,136.06560927699377,38.889035667107,37.812417437252314
128,2019-10-04 00:58:13,2019-10-04 01:39:03,55.6,90.4,133.88170652139206,37.43322475570032,35.20521172638436
129,2019-10-04 08:03:27,2019-10-04 09:26:42,41.6,99.6,135.20322232279693,37.9664,35.6304
130,2019-10-04 14:20:43,2019-10-04 15:31:26,58.0,98.8,133.4908101443355,40.0,38.97928436911488
131,2019-10-05 10:57:00,2019-10-05 13:29:06,8.8,86.0,130.9986555537565,37.126859142607174,35.77777777777778
132,2019-10-06 14:18:45,2019-10-06 17:42:55,24.8,92.4,130.8895713564267,37.264360313315926,35.4621409921671
133,2019-10-07 01:18:03,2019-10-07 02:47:19,23.6,68.4,132.42407522817462,35.30654761904762,33.236607142857146
134,2019-10-07 10:34:46,2019-10-07 11:45:01,40.4,75.6,132.72132264046718,32.46969696969697,30.814393939393938
135,2019-10-07 18:49:43,2019-10-07 20:29:07,31.6,99.6,134.4989759742647,36.38069705093834,34.78150134048257
136,2019-10-08 02:15:51,2019-10-08 03:32:42,48.8,99.6,134.80019825021873,37.14038128249567,34.59792027729636
137,2019-10-08 16:20:27,2019-10-08 17:42:23,42.8,99.6,134.31705858519175,38.08441558441559,36.45616883116883
138,2019-10-09 02:35:59,2019-10-09 04:49:27,31.2,99.6,133.8678038011696,34.758723828514455,31.907278165503488
139,2019-10-09 16:23:34,2019-10-09 18:24:03,18.8,94.8,132.5674624122807,37.116150442477874,35.459070796460175
140,2019-10-09 22:53:36,2019-10-10 00:10:51,60.8,99.6,137.46400272766323,38.43448275862069,36.0
141,2019-10-10 15:10:27,2019-10-10 17:43:57,30.4,81.6,130.40662548828126,36.37727666955767,34.54726799653079
142,2019-10-11 02:18:29,2019-10-11 04:09:27,11.2,93.2,133.0989908147019,37.360144057623046,34.863145258103245
143,2019-10-11 16:02:20,2019-10-11 17:40:26,18.8,91.6,132.7561818337912,39.52981029810298,37.63143631436314
144,2019-10-12 12:58:27,2019-10-12 14:21:58,15.2,91.2,131.9276761165936,38.57416267942584,37.09250398724083
145,2019-10-13 00:50:20,2019-10-13 02:46:09,21.2,99.2,132.2232732389601,37.65592635212889,35.43728423475259
146,2019-10-13 18:43:39,2019-10-13 20:23:11,19.6,98.4,132.54430800549915,36.94779116465863,35.51673360107095
147,2019-10-14 00:05:59,2019-10-14 00:42:57,67.2,96.0,132.7747122781636,37.64028776978417,34.79496402877698
148,2019-10-14 15:53:29,2019-10-14 17:09:24,46.4,89.2,133.5804748117861,33.6719298245614,32.5719298245614
149,2019-10-14 23:49:03,2019-10-15 00:58:10,65.6,99.6,137.86720739379084,34.0,32.6859344894027
150,2019-10-15 13:53:39,2019-10-15 14:40:05,38.8,65.2,132.1315528829966,34.56733524355301,33.03438395415473
151,2019-10-15 19:27:09,2019-10-15 20:13:26,43.6,69.6,133.61775641025645,34.617816091954026,33.39367816091954
152,2019-10-16 04:38:41,2019-10-16 06:34:53,21.2,88.0,130.72358188622755,32.16284403669725,30.948394495412845
153,2019-10-16 06:37:20,2019-10-16 06:54:41,88.4,97.2,132.22541164772733,34.0,32.378787878787875
154,2019-10-16 19:34:18,2019-10-16 19:56:59,21.6,34.4,133.22203474392364,32.43859649122807,31.181286549707604
155,2019-10-16 20:02:55,2019-10-16 20:20:00,33.6,43.2,133.7752032696759,33.49612403100775,32.224806201550386
156,2019-10-16 20:26:08,2019-10-16 21:47:41,42.4,88.8,132.1109009398946,35.40686274509804,33.8202614379085
157,2019-10-17 04:04:47,2019-10-17 05:04:03,46.8,95.6,132.7121566199909,34.134529147982065,31.80493273542601
158,2019-10-17 18:19:30,2019-10-17 20:01:18,26.4,99.6,133.2987201047359,36.803664921465966,35.61649214659686
159,2019-10-18 12:03:28,2019-10-18 12:42:10,67.6,94.8,133.35188177593955,30.676975945017183,29.49484536082474
160,2019-10-18 22:51:01,2019-10-19 00:23:38,26.4,94.8,131.798480399204,34.69827586206897,33.32902298850575
161,2019-10-19 06:19:12,2019-10-19 07:42:35,44.8,99.6,134.10288587287107,34.411483253588514,31.926634768740033
162,2019-10-19 17:48:37,2019-10-19 19:15:15,22.0,94.8,132.61560505952386,39.00612557427259,36.996937212863706
163,2019-10-20 02:18:41,2019-10-20 03:38:36,27.6,94.8,131.6704474991733,37.406666666666666,34.138333333333335
164,2019-10-20 18:05:18,2019-10-20 19:46:26,4.4,94.8,132.8844058781957,38.9038208168643,37.42028985507246
165,2019-10-21 17:48:39,2019-10-21 19:16:59,20.4,94.8,131.85677985177716,35.30467571644042,33.85369532428356
166,2019-10-22 07:45:16,2019-10-22 08:44:47,46.4,94.8,133.13620816689624,31.20805369127517,30.008948545861298
167,2019-10-22 17:45:16,2019-10-22 19:08:48,23.2,65.6,131.61428860062895,36.15948963317384,34.4066985645933
168,2019-10-23 02:32:55,2019-10-23 04:20:51,4.0,94.8,133.09956713472835,37.18495684340321,35.066584463625155
169,2019-10-23 15:20:37,2019-10-23 16:35:44,31.2,94.8,132.70875416229913,36.79609929078014,35.35283687943262
170,2019-10-24 01:29:14,2019-10-24 02:21:08,37.2,83.2,132.0133067995169,35.13076923076923,32.797435897435896
171,2019-10-24 16:23:38,2019-10-24 18:30:45,17.6,90.0,131.97044823127686,34.64576802507837,33.03866248693835
172,2019-10-25 00:48:07,2019-10-25 01:46:17,30.8,82.4,132.13858227820845,36.620137299771166,34.038901601830666
173,2019-10-25 14:06:31,2019-10-25 15:28:03,25.6,94.8,132.59680230009639,35.6797385620915,34.25653594771242
174,2019-10-26 02:33:51,2019-10-26 04:08:35,14.4,94.8,131.95283985454674,36.60478199718706,34.680731364275665
175,2019-10-26 17:48:40,2019-10-26 19:21:48,12.0,94.8,132.7747268686259,36.2346208869814,34.38340486409156
176,2019-10-27 07:16:53,2019-10-27 08:58:25,7.6,94.8,131.51707285932724,33.32808398950131,31.280839895013123
177,2019-10-27 20:21:57,2019-10-27 21:36:56,31.6,94.8,131.77700821686008,34.40852575488455,32.728241563055064
178,2019-10-28 12:12:40,2019-10-28 13:25:23,29.6,94.0,131.407128644755,31.452380952380953,30.203296703296704
179,2019-10-28 23:22:09,2019-10-29 01:13:57,23.6,87.2,131.47394596436058,28.89179548156956,26.96076099881094
180,2019-10-29 13:52:43,2019-10-29 16:22:37,9.6,94.8,132.26773277908188,31.836734693877553,30.810115350488022
181,2019-10-30 03:35:25,2019-10-30 05:15:34,25.6,82.8,131.60914922785545,29.888446215139442,27.844621513944222
182,2019-10-30 12:20:31,2019-10-30 13:30:26,42.4,86.4,132.64592251893936,31.257142857142856,29.803809523809523
183,2019-10-31 08:18:34,2019-10-31 09:50:53,26.0,97.6,129.0872150837989,29.997113997113996,29.051948051948052
184,2019-10-31 19:01:06,2019-10-31 20:15:09,41.2,87.6,133.45054747964565,33.526978417266186,31.834532374100718
185,2019-11-01 01:37:47,2019-11-01 03:00:06,42.0,89.6,133.17832112511675,34.47249190938511,31.8915857605178
186,2019-11-01 22:54:47,2019-11-02 00:10:19,29.6,68.0,129.9308144401042,32.33509700176367,30.947089947089946
187,2019-11-02 17:45:01,2019-11-02 19:15:24,20.8,97.6,132.26483954897282,36.59057437407953,35.166421207658324
188,2019-11-04 08:42:24,2019-11-04 09:14:18,16.4,36.4,133.98402048611112,26.745833333333334,25.883333333333333
189,2019-11-04 09:31:38,2019-11-04 11:14:46,36.4,97.6,130.2054812046115,31.22997416020672,30.406976744186046
190,2019-11-04 16:42:45,2019-11-04 17:24:07,52.0,82.8,133.9820639159452,35.948553054662376,34.18006430868167
191,2019-11-05 00:21:13,2019-11-05 01:44:41,25.2,97.2,130.4108285146605,35.93471337579618,33.39808917197452
192,2019-11-05 06:13:47,2019-11-05 06:48:28,62.0,90.8,133.40410557002315,33.75095785440613,30.32183908045977
193,2019-11-05 18:03:43,2019-11-05 19:33:47,14.0,91.6,131.25674919816726,35.90384615384615,34.16568047337278
194,2019-11-06 03:56:42,2019-11-06 06:13:28,21.2,97.6,130.28588455497382,31.869395711500974,29.476608187134502
195,2019-11-06 17:15:52,2019-11-06 18:29:05,22.4,64.4,130.64986849735448,32.37749546279492,30.88021778584392
196,2019-11-07 01:12:10,2019-11-07 02:47:41,16.0,70.4,131.9810852277369,32.32869080779944,30.667130919220057
197,2019-11-07 08:00:37,2019-11-07 09:56:31,29.2,94.8,132.51761617547427,31.393103448275863,28.9632183908046
198,2019-11-07 20:45:15,2019-11-07 23:12:26,17.6,92.8,130.9827084626182,33.51268115942029,31.79076086956522
199,2019-11-08 06:16:16,2019-11-08 08:01:16,42.0,94.8,131.8705218844697,30.043147208121827,28.230964467005077
200,2019-11-08 19:51:32,2019-11-08 20:26:22,7.6,27.2,133.64295762471653,31.00378787878788,29.96969696969697
201,2019-11-08 20:41:11,2019-11-08 22:41:16,31.6,97.6,130.47625087962962,34.53274139844617,33.08546059933407
202,2019-11-09 17:15:02,2019-11-09 18:54:50,14.0,97.6,131.86190543593835,34.82109479305741,33.28437917222964
203,2019-11-10 16:44:16,2019-11-10 18:10:27,26.4,97.6,130.18170896145446,34.80370942812983,33.43740340030912
204,2019-11-11 05:46:48,2019-11-11 07:13:39,27.2,97.6,129.54893863636363,29.532208588957054,27.115030674846626
205,2019-11-12 08:42:41,2019-11-12 09:06:42,18.4,40.4,135.11189718434343,26.60220994475138,25.76795580110497
206,2019-11-12 09:07:54,2019-11-12 10:21:49,40.4,97.6,130.61029121989128,31.704504504504506,30.756756756756758
207,2019-11-12 19:15:10,2019-11-12 20:37:57,48.0,97.6,132.56628530185935,34.858520900321544,32.752411575562704
208,2019-11-13 15:02:49,2019-11-13 16:51:04,28.0,90.8,129.56359029989383,29.74692874692875,28.86117936117936
209,2019-11-13 17:01:53,2019-11-13 17:20:17,90.0,97.6,112.6257712865498,32.0,31.0
210,2019-11-14 02:28:17,2019-11-14 07:02:04,17.2,95.6,130.95659737811792,31.154895275207014,29.459327812956648
211,2019-11-14 11:29:51,2019-11-14 12:27:54,66.4,97.6,133.43257832532055,30.49770642201835,28.603211009174313
212,2019-11-14 20:12:22,2019-11-14 21:31:37,35.6,97.6,132.23052755152332,33.88067226890756,32.127731092436974
213,2019-11-15 05:45:25,2019-11-15 07:32:09,44.0,97.2,132.4294403508772,29.617977528089888,27.093632958801496
214,2019-11-16 03:15:51,2019-11-16 05:06:59,7.2,97.6,131.42074549993856,33.46882494004796,31.30335731414868
215,2019-11-16 19:47:27,2019-11-16 21:23:31,20.8,97.6,130.07842648111983,34.05131761442441,32.32871012482663
216,2019-11-17 19:51:04,2019-11-17 21:20:04,26.0,97.6,132.12995149363752,34.456586826347305,33.23952095808383
217,2019-11-18 13:32:03,2019-11-18 14:29:33,48.4,84.8,132.0566504120879,31.74537037037037,30.64351851851852
218,2019-11-18 18:38:11,2019-11-18 20:06:39,53.2,99.6,134.43457604166667,32.519578313253014,30.53614457831325
219,2019-11-19 16:59:32,2019-11-19 18:38:56,19.2,70.8,129.06743105081827,29.58176943699732,27.950402144772116
220,2019-11-20 15:59:07,2019-11-20 17:28:15,8.0,90.0,131.42895751693766,31.360239162929744,29.760837070254112
221,2019-11-21 03:40:39,2019-11-21 05:22:28,13.2,97.6,130.98973010301478,31.532722513089006,29.362565445026178
222,2019-11-21 08:19:03,2019-11-21 09:20:01,68.0,97.6,133.7565985369745,31.978165938864628,28.24235807860262
223,2019-11-21 19:48:29,2019-11-21 21:03:36,36.8,97.6,131.3168999748721,31.820921985815602,30.365248226950353
224,2019-11-22 03:06:02,2019-11-22 04:07:10,46.4,96.4,132.27790444444446,32.94347826086957,29.941304347826087
225,2019-11-22 14:57:35,2019-11-22 16:09:38,21.6,86.0,130.87745691640788,34.62846580406654,33.11829944547135
226,2019-11-23 03:01:41,2019-11-23 04:24:41,10.4,84.0,131.3121122207126,32.7784911717496,30.34991974317817
227,2019-11-23 09:36:56,2019-11-23 10:41:31,62.4,97.6,133.09786368371215,30.517525773195878,27.876288659793815
228,2019-11-23 17:24:54,2019-11-23 18:21:44,38.0,74.0,131.13798188271605,33.878220140515225,32.37002341920375
229,2019-11-24 13:09:28,2019-11-24 14:34:11,34.4,88.0,131.52003286950665,30.095911949685533,28.621069182389938
230,2019-11-24 21:35:11,2019-11-24 22:20:00,44.8,70.4,131.28364296874997,31.51038575667656,29.688427299703264
231,2019-11-24 22:21:39,2019-11-24 23:07:30,70.0,95.6,134.47939900173614,32.8,30.892753623188405
232,2019-11-25 07:02:31,2019-11-25 07:58:26,46.8,65.2,131.7151331672705,28.302380952380954,25.830952380952382
233,2019-11-25 08:04:02,2019-11-25 08:52:04,64.8,80.4,133.4821993589743,29.0,27.0
234,2019-11-25 08:54:12,2019-11-25 09:12:37,80.0,86.0,132.97595037037038,29.0,27.884892086330936
235,2019-11-25 09:17:41,2019-11-25 09:47:58,86.0,95.6,137.00596274594915,29.42982456140351,28.0
236,2019-11-25 14:34:42,2019-11-25 15:15:39,65.2,88.0,134.99600936890837,32.94155844155844,31.448051948051948
237,2019-11-25 22:13:12,2019-11-25 23:52:20,43.2,97.6,133.20742413194446,31.85483870967742,29.693548387096776
238,2019-11-26 03:24:00,2019-11-26 04:45:31,53.6,97.6,132.998324084596,31.645424836601308,28.40686274509804
239,2019-11-26 15:46:56,2019-11-26 17:51:57,14.4,86.4,130.47437299768518,30.460554371002132,29.189765458422176
240,2019-11-27 03:50:00,2019-11-27 05:08:35,23.2,63.6,128.86478704551703,29.224283305227654,27.325463743676224
241,2019-11-27 17:24:48,2019-11-27 19:33:38,4.8,70.4,131.19320683434955,32.38572905894519,31.140641158221303
242,2019-11-28 01:09:07,2019-11-28 02:25:18,24.8,91.2,131.17791557479921,32.65734265734266,29.69055944055944
243,2019-11-28 19:58:57,2019-11-28 21:57:26,25.6,97.6,130.6918960474537,27.156355455568054,26.029246344206975
244,2019-11-29 05:02:57,2019-11-29 08:03:47,38.0,97.6,130.0063853933632,23.86661753868828,21.54237288135593
245,2019-11-29 17:16:35,2019-11-29 18:42:14,36.8,80.4,131.2550623024974,26.502332814930014,25.12286158631415
246,2019-11-30 02:50:46,2019-11-30 03:47:44,32.4,82.8,131.8864679232804,25.53271028037383,23.518691588785046
247,2019-11-30 11:15:46,2019-11-30 12:33:33,38.8,97.6,130.79219630102043,26.55821917808219,24.94691780821918
248,2019-11-30 19:16:14,2019-11-30 20:56:10,48.8,97.6,133.36094504496816,30.213333333333335,28.533333333333335
249,2019-12-01 00:26:32,2019-12-01 00:48:49,68.8,89.2,131.99000584150326,29.970238095238095,27.410714285714285
250,2019-12-01 04:45:49,2019-12-01 05:55:36,42.4,97.6,131.59189951187602,31.10114503816794,28.4618320610687
251,2019-12-01 18:15:43,2019-12-01 19:09:21,56.8,97.6,131.74004974128542,29.181141439205955,27.677419354838708
252,2019-12-02 03:32:48,2019-12-02 05:17:08,28.4,94.4,131.3127002377946,24.9514687100894,22.49808429118774
253,2019-12-02 13:42:53,2019-12-02 14:52:16,49.6,92.8,132.91288318865742,24.07485604606526,22.50671785028791
254,2019-12-03 00:04:07,2019-12-03 01:38:27,20.8,81.2,130.38913529479396,24.75,22.74858757062147
255,2019-12-03 06:20:25,2019-12-03 07:30:30,38.4,84.4,132.0057983816425,23.641366223908918,20.698292220113853
256,2019-12-03 15:16:43,2019-12-03 17:39:45,16.8,88.0,130.6345729693352,25.60111835973905,24.357875116495805
257,2019-12-04 01:32:19,2019-12-04 02:54:38,24.8,77.6,130.1884970407197,24.527508090614887,22.22491909385113
258,2019-12-04 05:17:00,2019-12-04 05:58:06,62.0,87.2,136.28612140652555,24.631067961165048,21.55987055016181
259,2019-12-04 17:03:19,2019-12-04 18:45:47,12.4,97.6,130.66984394887848,29.309492847854358,27.71781534460338
260,2019-12-05 19:04:56,2019-12-05 21:01:48,26.8,97.6,129.36697955900817,25.762827822120865,24.579247434435576
261,2019-12-06 04:05:59,2019-12-06 05:07:30,45.6,76.0,133.7876459868421,25.056277056277057,22.5021645021645
262,2019-12-06 14:05:45,2019-12-06 15:52:36,12.4,97.6,129.55188340832032,28.277708592777085,27.158156911581568
263,2019-12-06 22:29:48,2019-12-06 23:25:43,57.2,97.6,132.51607937293736,27.676190476190477,24.847619047619048
264,2019-12-07 04:52:43,2019-12-07 06:03:42,45.6,97.6,130.89794429754278,27.0093808630394,23.765478424015008
265,2019-12-07 16:17:50,2019-12-07 17:47:38,28.0,97.6,127.72698728647829,27.10385756676558,26.044510385756677
266,2019-12-08 06:47:21,2019-12-08 08:42:46,5.6,97.6,130.37440506944444,25.5635103926097,23.263279445727484
267,2019-12-08 15:31:52,2019-12-08 16:55:47,37.2,79.6,130.95668713705453,28.984126984126984,26.996825396825397
268,2019-12-09 00:03:32,2019-12-09 01:37:47,19.6,96.8,129.94243547243812,27.85734463276836,25.26271186440678
269,2019-12-09 07:06:18,2019-12-09 08:35:02,27.2,97.6,131.88353214172983,27.68768768768769,24.65015015015015
270,2019-12-09 22:26:38,2019-12-10 01:28:38,23.2,84.8,128.03030303030303,25.497803806734993,23.65812591508053
271,2019-12-10 03:04:08,2019-12-10 04:26:51,53.2,97.6,132.3980207707708,28.41867954911433,25.60708534621578
272,2019-12-10 15:47:27,2019-12-10 17:46:36,24.8,97.6,130.848815831044,28.926174496644297,27.69351230425056
273,2019-12-11 00:41:06,2019-12-11 02:02:29,34.4,97.6,131.4191600760373,27.988543371522095,25.217675941080195
274,2019-12-11 16:09:09,2019-12-11 17:52:49,14.8,67.6,130.28143389362378,30.895886889460154,29.34318766066838
275,2019-12-12 01:33:00,2019-12-12 03:11:36,16.0,72.4,131.40901258865244,27.095945945945946,24.164864864864864
276,2019-12-12 23:08:37,2019-12-13 00:22:00,40.8,97.6,131.68717725938964,27.277676950998185,25.912885662431943
277,2019-12-13 12:37:05,2019-12-13 14:15:33,27.2,84.8,128.78460633198304,28.42895805142084,27.151556156968876
278,2019-12-13 19:33:07,2019-12-13 20:56:23,48.4,97.6,132.68716977755196,31.3312,29.5424
279,2019-12-14 03:42:47,2019-12-14 05:19:39,45.2,97.6,132.02968463263363,28.722145804676753,25.74965612104539
280,2019-12-14 10:37:32,2019-12-14 11:31:50,58.4,97.6,131.98753967191047,28.92892156862745,26.340686274509803
281,2019-12-15 12:20:07,2019-12-15 13:53:58,20.0,97.6,127.46204397372567,26.659574468085108,25.879432624113477
282,2019-12-16 00:23:41,2019-12-16 01:14:48,36.4,84.4,131.65612274884256,28.6875,26.981770833333332
283,2019-12-16 15:25:38,2019-12-16 17:02:47,26.8,99.6,130.63007500381565,31.958904109589042,30.567123287671233
284,2019-12-17 04:13:29,2019-12-17 05:38:36,10.0,85.6,130.62141783877132,31.579029733959313,29.519561815336463
285,2019-12-17 05:39:32,2019-12-17 06:05:58,85.2,97.6,125.25090880376352,35.0,33.0
286,2019-12-17 14:05:00,2019-12-17 15:34:15,43.6,97.6,132.2625656481482,32.3044776119403,30.88955223880597
287,2019-12-17 19:33:00,2019-12-17 20:08:45,71.6,97.6,132.5677452510684,33.687732342007436,31.75092936802974
288,2019-12-18 02:49:58,2019-12-18 03:30:23,47.6,70.4,133.03791940789472,31.73355263157895,29.30263157894737
289,2019-12-18 11:04:49,2019-12-18 13:15:13,24.8,68.8,128.3926768939394,30.045965270684373,28.799795709908068
290,2019-12-18 13:16:57,2019-12-18 13:44:02,68.0,76.8,133.26388888888894,31.40686274509804,30.0
291,2019-12-18 18:59:18,2019-12-18 20:15:45,31.6,95.6,131.71965138237852,34.38850174216028,32.81707317073171
292,2019-12-19 03:48:41,2019-12-19 06:01:34,30.0,97.6,131.7039282256739,32.28284854563691,29.841524573721163
293,2019-12-19 16:46:28,2019-12-19 17:55:43,32.8,68.4,130.00682080992507,24.64423076923077,22.2
294,2019-12-19 22:50:06,2019-12-19 23:51:53,50.0,84.8,133.00430977011496,24.08189655172414,22.224137931034484
295,2019-12-20 03:39:58,2019-12-20 04:34:56,60.4,97.6,132.03406421744327,24.455205811138015,22.217917675544793
296,2019-12-20 16:25:28,2019-12-20 16:55:14,28.8,45.6,133.38098244047617,24.035714285714285,22.799107142857142
297,2019-12-21 00:48:48,2019-12-21 01:37:43,45.6,73.2,133.25093561795492,23.71195652173913,22.480978260869566
298,2019-12-21 12:17:59,2019-12-21 13:49:14,33.2,91.2,130.7532599348659,24.013138686131388,22.747445255474453
299,2019-12-21 23:50:03,2019-12-22 01:12:47,15.6,88.0,131.69584479742176,29.389694041867955,27.524959742351047
300,2019-12-22 06:54:17,2019-12-22 07:08:41,49.2,57.2,135.02083541666667,27.01834862385321,23.743119266055047
301,2019-12-22 13:47:10,2019-12-22 15:55:53,20.8,94.8,130.41494016516518,27.113519091847266,25.88235294117647
302,2019-12-23 01:56:17,2019-12-23 04:01:37,20.4,92.8,129.83563549723755,26.874734607218684,24.523354564755838
303,2019-12-23 07:01:46,2019-12-23 07:45:08,67.6,97.6,131.84834750000002,27.717791411042946,24.625766871165645
304,2019-12-23 14:57:25,2019-12-23 15:55:00,54.4,97.6,132.11978489261836,29.41705069124424,28.168202764976957
305,2019-12-24 00:52:59,2019-12-24 01:43:33,34.4,79.2,131.61550654141865,30.492105263157896,28.344736842105263
306,2019-12-25 05:26:27,2019-12-25 07:04:23,21.2,97.6,127.19996420884236,26.606802721088435,25.52517006802721
307,2019-12-25 17:47:33,2019-12-25 18:29:04,67.6,95.2,130.34174749899353,29.488817891373802,28.4185303514377
308,2019-12-26 04:47:11,2019-12-26 06:30:04,12.0,97.6,129.5462272942627,32.65025906735751,29.8639896373057
309,2019-12-26 15:36:39,2019-12-26 16:49:14,39.2,97.6,129.4434863703387,32.61834862385321,30.13577981651376
310,2019-12-27 04:01:36,2019-12-27 05:46:52,8.0,97.6,128.75489971168156,30.758227848101267,27.10632911392405
311,2019-12-27 14:42:35,2019-12-27 15:56:22,37.6,97.6,129.25412826851854,27.716606498194945,25.95306859205776
312,2019-12-28 01:47:41,2019-12-28 03:00:16,25.2,89.6,129.02075962517253,27.005504587155965,24.587155963302752
313,2019-12-28 14:52:13,2019-12-28 16:37:38,42.8,96.4,130.42371453980098,24.892541087231354,23.829329962073324
314,2019-12-29 02:24:05,2019-12-29 03:38:00,26.0,91.2,129.03641090235175,27.583783783783783,25.52252252252252
315,2019-12-29 15:42:18,2019-12-29 17:17:52,7.2,91.6,128.29959885630598,31.008356545961004,29.394150417827298
316,2019-12-30 05:30:14,2019-12-30 07:57:00,6.4,97.6,130.86439468354047,29.60217983651226,27.462306993642144
317,2019-12-30 20:18:12,2019-12-30 22:10:08,27.6,97.6,129.06897579166665,33.23186682520809,31.544589774078478
318,2020-01-01 09:33:53,2020-01-01 11:29:18,26.0,97.6,127.24052155493484,25.249422632794456,24.37875288683603
319,2020-01-01 19:24:22,2020-01-01 21:23:30,35.6,97.6,127.12401394265231,28.00559284116331,26.180089485458613
320,2020-01-02 14:06:00,2020-01-02 17:21:04,18.4,85.6,125.78753311838626,26.017088174982913,24.867395762132602
321,2020-01-02 17:30:16,2020-01-02 17:52:57,86.4,98.4,125.4512890046296,27.935672514619885,26.50877192982456
322,2020-01-03 01:04:26,2020-01-03 01:31:15,45.6,61.2,128.43886710292028,25.757425742574256,23.514851485148515
323,2020-01-03 04:05:50,2020-01-03 05:14:09,40.8,97.6,127.61586524843507,27.126705653021443,24.886939571150098
324,2020-01-03 17:08:52,2020-01-03 17:26:13,32.0,42.0,130.41086225,28.137404580152673,26.580152671755727
325,2020-01-03 18:21:26,2020-01-03 19:06:39,42.0,68.8,126.82911186774461,30.370588235294118,28.96764705882353
326,2020-01-04 00:15:07,2020-01-04 00:39:07,30.0,53.2,127.32759482758622,28.740331491712706,26.375690607734807
327,2020-01-04 00:40:45,2020-01-04 01:22:30,54.0,91.6,128.77586434323288,31.773885350318473,29.43949044585987
328,2020-01-04 15:20:28,2020-01-04 15:58:22,50.8,85.2,128.2817434350775,26.185964912280703,24.940350877192984
329,2020-01-04 22:07:56,2020-01-04 23:19:03,38.4,97.6,128.27011216450828,30.192883895131086,28.574906367041198
330,2020-01-05 05:57:46,2020-01-05 07:32:54,43.6,97.6,127.5600444187243,28.044817927170868,25.642857142857142
331,2020-01-05 19:19:20,2020-01-05 20:58:04,14.4,97.6,127.46668727964745,31.937921727395413,30.582995951417004
332,2020-01-06 05:59:48,2020-01-06 07:19:44,31.2,97.6,127.16970746527782,30.5,28.4
333,2020-01-06 19:58:26,2020-01-06 21:48:46,4.0,97.6,128.34807179635567,35.44202898550725,33.3731884057971
334,2020-01-07 06:55:43,2020-01-07 08:13:14,48.4,97.6,128.71406405544266,30.745704467353953,28.218213058419245
335,2020-01-07 19:28:49,2020-01-07 20:52:13,26.8,97.6,127.75878628962649,33.242811501597444,31.547923322683705
336,2020-01-08 00:50:27,2020-01-08 01:23:09,64.0,85.2,128.29717811844864,33.0,30.0
337,2020-01-08 12:33:27,2020-01-08 13:57:41,10.8,88.4,126.65248306665234,33.24644549763033,31.37124802527646
338,2020-01-09 01:06:48,2020-01-09 02:10:59,26.0,85.2,126.4984335890578,31.089211618257263,28.88589211618257
339,2020-01-09 06:02:35,2020-01-09 07:03:25,48.8,97.6,128.7921561503871,32.052516411378555,29.061269146608314
340,2020-01-09 18:42:56,2020-01-09 20:10:11,30.8,76.8,125.50480267512076,30.519083969465647,28.941984732824427
341,2020-01-10 00:49:16,2020-01-10 01:29:58,36.4,73.6,127.67029092368576,30.91176470588235,28.50326797385621
342,2020-01-10 18:40:28,2020-01-10 18:55:41,18.8,28.0,124.86490934480679,29.14782608695652,28.0
343,2020-01-10 20:35:54,2020-01-10 20:50:20,34.0,42.4,129.62717251984128,30.576576576576578,29.34234234234234
344,2020-01-10 20:59:10,2020-01-10 22:35:25,42.0,96.8,126.36557370488649,32.7731673582296,31.503457814661136
345,2020-01-11 05:16:30,2020-01-11 06:37:29,38.4,86.0,127.31737372198879,30.12828947368421,27.24013157894737
346,2020-01-11 18:01:33,2020-01-11 23:03:23,20.8,97.6,124.08228655598961,25.95053003533569,24.225265017667844
347,2020-01-12 19:19:15,2020-01-12 21:08:39,32.0,96.8,126.63925996227712,24.728380024360536,23.291108404384897
348,2020-01-13 00:19:37,2020-01-13 00:34:02,71.2,84.4,129.6731040509259,25.660550458715598,23.44954128440367
349,2020-01-13 05:37:11,2020-01-13 07:13:55,15.6,97.6,127.12758946985096,28.106060606060606,25.362258953168045
350,2020-01-13 14:36:06,2020-01-13 15:35:28,50.8,97.6,128.31968805792974,26.23766816143498,24.394618834080717
351,2020-01-13 22:39:41,2020-01-13 23:30:24,50.4,93.6,126.79261861496917,27.278215223097114,25.15223097112861
352,2020-01-14 04:21:35,2020-01-14 05:29:38,64.0,97.6,128.9759762152778,25.925636007827787,23.549902152641877
353,2020-01-14 15:29:52,2020-01-14 16:52:59,50.0,97.6,127.44456010737628,26.15544871794872,24.959935897435898
354,2020-01-14 21:00:08,2020-01-14 21:39:38,64.0,89.6,129.49656934136286,26.67676767676768,24.40740740740741
355,2020-01-15 04:25:51,2020-01-15 05:36:03,44.8,97.6,128.5844208990951,25.163187855787477,22.874762808349146
356,2020-01-15 09:31:17,2020-01-15 10:24:24,73.6,99.6,134.66986147435898,25.962406015037594,23.82456140350877
357,2020-01-16 15:33:11,2020-01-16 15:48:48,45.6,63.6,100.42437652777778,26.838983050847457,25.56779661016949
358,2020-01-16 15:56:33,2020-01-16 16:40:19,63.6,97.6,130.3905937173203,29.072948328267476,27.778115501519757
359,2020-01-17 03:52:20,2020-01-17 05:22:56,21.6,97.6,124.65270622807016,25.17794117647059,21.86764705882353
360,2020-01-17 18:02:19,2020-01-17 19:21:51,30.0,97.6,125.19636485453648,23.894472361809044,22.613065326633166
361,2020-01-18 14:27:32,2020-01-18 15:25:02,54.4,97.6,125.90952774562759,22.59490740740741,21.14351851851852
362,2020-01-19 02:48:07,2020-01-19 04:26:00,12.8,97.6,125.27322468225893,26.8508655126498,24.8508655126498
363,2020-01-20 12:13:09,2020-01-20 13:49:51,16.0,97.6,124.31709012118739,23.258953168044076,22.08953168044077
364,2020-01-20 20:47:46,2020-01-20 21:37:48,57.2,97.6,126.3299739205171,25.523936170212767,23.763297872340427
365,2020-01-21 03:43:35,2020-01-21 05:47:08,31.6,97.6,125.07667261363638,27.114347357065803,24.576051779935273
366,2020-01-23 07:36:54,2020-01-23 09:14:02,48.8,97.6,126.6838034836066,23.390946502057613,22.480109739369
367,2020-01-23 17:28:35,2020-01-23 21:19:16,19.2,37.6,125.643771044686,29.902890173410405,28.541618497109827
368,2020-01-24 09:07:20,2020-01-24 10:51:09,36.8,97.6,124.96884744608923,27.305519897304237,26.513478818998717
369,2020-01-25 09:20:09,2020-01-25 11:26:46,22.0,97.6,123.70166498750737,26.1,24.846315789473685
370,2020-01-26 20:32:36,2020-01-26 21:51:03,32.4,97.6,125.31906786596798,26.05432937181664,23.212224108658745
371,2020-01-30 21:26:39,2020-01-30 22:44:42,36.0,97.6,124.89410196383479,22.274744027303754,21.052901023890787
372,2020-01-31 13:13:51,2020-01-31 15:28:12,19.6,97.6,123.14426709757835,22.569444444444443,21.356150793650794
373,2020-01-31 23:24:33,2020-02-01 01:39:43,9.6,97.6,125.6168225094697,27.49112426035503,24.515779092702168
374,2020-02-01 14:10:01,2020-02-01 15:13:16,58.0,95.6,126.42201003250592,24.322105263157894,23.166315789473686
375,2020-02-02 11:19:16,2020-02-02 13:19:21,35.6,97.6,125.11247164426524,24.014428412874583,22.586015538290788
376,2020-02-04 14:16:21,2020-02-04 15:29:27,42.0,97.6,125.15331223271384,19.29143897996357,18.451730418943534
377,2020-02-04 23:11:15,2020-02-05 00:34:31,25.2,97.6,124.91827937384899,25.2464,23.0544
378,2020-02-05 17:40:02,2020-02-05 19:08:22,22.8,97.6,124.38441412655973,25.05580693815988,23.90497737556561
379,2020-02-06 18:38:43,2020-02-06 19:41:10,51.2,97.6,125.42018358177683,24.162046908315563,22.95095948827292
380,2020-02-07 20:58:29,2020-02-07 21:38:14,21.6,46.0,123.96819236111114,24.016722408026755,22.391304347826086
381,2020-02-07 21:39:10,2020-02-07 23:09:14,45.6,96.4,124.89054417924321,26.918639053254438,25.340236686390533
382,2020-02-08 13:05:07,2020-02-08 13:59:26,57.6,97.6,126.64080898263892,22.350490196078432,21.279411764705884
383,2020-02-10 11:44:06,2020-02-10 13:26:18,39.6,97.6,124.9825429645594,22.478487614080834,21.185136897001303
384,2020-02-11 12:49:42,2020-02-11 14:11:45,32.8,97.6,124.61405566700958,23.142857142857142,22.128246753246753
385,2020-02-12 13:21:32,2020-02-12 14:27:19,47.2,97.6,125.67260799988979,24.12348178137652,22.864372469635626
386,2020-02-12 21:14:23,2020-02-12 21:57:45,63.6,97.6,126.47538332107848,25.530674846625768,23.914110429447852
387,2020-02-13 13:20:19,2020-02-13 14:34:39,60.4,97.6,126.45215437948029,23.24551971326165,22.003584229390682
388,2020-02-14 11:07:08,2020-02-14 12:52:32,44.4,97.6,125.79403847117796,23.25284450063211,22.40455120101138
389,2020-02-15 19:15:32,2020-02-15 20:47:52,17.2,97.6,125.28986757186293,32.898989898989896,30.655122655122653
390,2020-02-17 01:19:40,2020-02-17 02:56:09,21.2,97.6,123.46484085223967,18.408839779005525,17.073204419889503
391,2020-02-17 16:36:30,2020-02-17 17:52:41,38.4,97.6,125.1391002580706,21.386363636363637,20.204545454545453
392,2020-02-18 17:34:19,2020-02-18 19:15:43,12.0,97.6,125.31722626557635,25.45335085413929,24.102496714848883
393,2020-02-19 11:30:09,2020-02-19 12:35:33,29.6,89.6,124.81094752083332,22.711422845691384,21.539078156312627
394,2020-02-19 21:33:16,2020-02-19 22:58:56,22.8,97.6,125.09221153631908,27.89113530326594,26.216174183514774
395,2020-02-20 19:01:10,2020-02-20 21:09:23,14.0,97.6,125.60621664340779,32.186070686070686,30.703742203742205
396,2020-02-21 20:38:40,2020-02-21 21:53:31,49.2,97.6,126.47728065599178,27.87900355871886,26.448398576512457
397,2020-02-22 19:49:57,2020-02-22 20:55:36,41.6,97.6,126.28857272321427,30.811359026369168,29.281947261663287
398,2020-02-25 00:09:05,2020-02-25 00:23:22,63.6,76.8,125.6121788089226,26.51851851851852,25.22222222222222
399,2020-02-25 00:52:43,2020-02-25 01:13:24,88.4,97.6,116.33484586352674,27.98076923076923,26.692307692307693
400,2020-02-25 14:02:24,2020-02-25 15:01:31,41.2,93.6,125.27649498515694,31.263513513513512,29.876126126126128
401,2020-02-25 21:58:38,2020-02-25 22:53:29,52.0,97.6,126.64207931286553,32.317961165048544,30.288834951456312
402,2020-02-26 00:48:59,2020-02-26 01:16:52,82.8,97.6,125.33033102102107,32.0,29.0
403,2020-02-26 18:12:42,2020-02-26 20:12:07,19.6,97.6,125.3093560292023,34.767857142857146,32.205357142857146
404,2020-02-27 00:38:31,2020-02-27 01:31:45,53.6,97.6,125.9840050662879,34.7725,32.2525
405,2020-02-27 15:01:05,2020-02-27 16:16:52,18.4,89.2,124.90365832940988,31.922671353251317,30.804920913884008
406,2020-02-28 01:02:19,2020-02-28 03:43:06,42.8,97.6,126.62733356143553,27.966832504145938,25.85157545605307
407,2020-03-02 07:00:21,2020-03-02 07:53:36,53.6,97.6,125.66260435290408,25.0725,24.4025
408,2020-03-03 08:21:47,2020-03-03 09:23:50,44.4,97.6,126.0179701362782,26.527896995708154,25.590128755364805
409,2020-03-04 07:45:03,2020-03-04 08:40:25,56.4,97.6,127.35960158778319,23.64903846153846,22.591346153846153
410,2020-03-04 19:51:53,2020-03-04 21:53:02,9.2,82.8,123.67737500377416,23.149614961496148,20.974697469746975
411,2020-03-05 10:52:09,2020-03-05 11:38:27,65.6,97.6,127.27084504340279,21.560344827586206,20.45689655172414
412,2020-03-06 14:34:25,2020-03-06 15:50:12,13.6,86.0,122.52724522521486,27.36731107205624,26.03866432337434
413,2020-03-07 08:16:29,2020-03-07 09:18:56,45.2,97.6,126.60531359732828,26.925373134328357,25.86140724946695
414,2020-03-09 13:25:47,2020-03-09 14:45:58,30.0,97.6,124.00107552596975,29.207641196013288,28.27574750830565
415,2020-03-09 20:17:12,2020-03-09 21:15:15,63.2,97.6,126.06526112726104,30.857798165137616,29.06192660550459
416,2020-03-10 16:04:51,2020-03-10 18:41:22,36.8,97.6,125.46489024122806,27.902896081771722,26.32879045996593
417,2020-03-11 17:03:13,2020-03-11 18:34:13,18.8,97.6,124.7304114847716,28.13177159590044,26.78770131771596
418,2020-03-12 11:34:10,2020-03-12 12:28:32,53.6,97.6,126.15207192866164,27.12713936430318,25.6039119804401
419,2020-03-13 09:34:59,2020-03-13 10:20:21,60.4,97.6,126.51624923461773,26.09090909090909,25.143695014662757
420,2020-03-13 18:23:02,2020-03-13 19:21:20,48.4,97.6,126.42598192468384,30.347031963470318,28.89269406392694
421,2020-03-14 15:13:22,2020-03-14 15:53:23,38.4,65.2,124.53193134328357,25.651162790697676,24.66777408637874
422,2020-03-14 16:19:47,2020-03-14 16:55:09,65.6,91.6,113.46368504273505,27.714285714285715,26.75187969924812
423,2020-03-15 02:01:53,2020-03-15 03:19:32,30.8,97.6,124.82055471141054,29.058319039451113,27.195540308747855
424,2020-03-15 15:21:13,2020-03-15 16:25:00,44.8,97.6,125.84353273884679,27.597077244258873,26.471816283924845
425,2020-03-16 17:37:10,2020-03-16 18:56:17,28.8,97.6,124.39357560158268,31.074074074074073,29.616161616161616
426,2020-03-17 02:52:47,2020-03-17 03:12:08,85.2,97.6,124.1595174171148,27.445205479452056,25.883561643835616
427,2020-03-17 16:42:25,2020-03-17 18:10:21,20.8,97.6,125.10937469256369,29.893939393939394,28.71060606060606
428,2020-03-18 12:19:12,2020-03-18 13:44:35,20.8,96.0,123.79007876403665,28.0,26.56318252730109
429,2020-03-18 22:08:55,2020-03-18 23:10:57,46.4,97.6,126.370679437934,29.963519313304722,28.008583690987123
430,2020-03-19 14:16:23,2020-03-19 15:22:33,42.8,97.6,125.98916334904709,26.783132530120483,24.849397590361445
431,2020-03-19 22:22:47,2020-03-19 23:19:45,60.8,97.6,125.44267355072466,26.850467289719628,24.75467289719626
432,2020-03-20 02:03:32,2020-03-20 02:49:50,60.4,97.6,125.51340959528079,29.95689655172414,27.591954022988507
433,2020-03-20 11:44:31,2020-03-20 12:30:41,62.0,97.6,125.71797430945695,27.42651296829971,25.487031700288185
434,2020-03-20 23:52:16,2020-03-21 01:46:29,32.0,97.6,124.33879289253052,28.14002333722287,26.516919486581095
435,2020-03-21 19:31:48,2020-03-21 20:16:54,61.6,97.6,127.12397915123461,28.587020648967552,27.35693215339233
436,2020-03-22 12:55:12,2020-03-22 13:52:50,50.0,97.6,126.40093054388424,31.207852193995382,30.110854503464203
437,2020-03-23 15:28:06,2020-03-23 16:50:33,26.8,97.6,124.61944282015065,34.68174474959612,32.76736672051696
438,2020-03-24 12:59:14,2020-03-24 13:14:19,39.6,48.8,122.60293378623194,29.0,27.68421052631579
439,2020-03-24 13:20:03,2020-03-24 14:26:59,48.8,88.4,126.46209357463522,30.90277777777778,29.799603174603174
440,2020-03-24 14:28:35,2020-03-24 14:43:40,88.8,97.6,128.0265582702021,32.0,31.0
441,2020-03-25 02:54:09,2020-03-25 04:16:21,26.4,97.6,125.30757404806494,32.02106969205835,30.163695299837926
442,2020-03-25 17:01:28,2020-03-25 18:00:43,44.8,95.6,126.13944266185477,34.18202247191011,32.84494382022472
443,2020-03-26 06:16:45,2020-03-26 07:55:29,12.0,97.6,125.98314188246368,32.58974358974359,30.781376518218625
444,2020-03-27 05:24:47,2020-03-27 07:49:32,10.4,97.6,124.98652107861878,31.11049723756906,29.39318600368324
445,2020-03-28 11:44:11,2020-03-28 13:42:56,26.8,97.6,123.08584242388574,24.666666666666668,23.757575757575758
446,2020-03-28 23:02:30,2020-03-29 00:07:04,43.2,97.6,126.02523632812503,27.795876288659795,25.841237113402062
447,2020-03-29 15:43:48,2020-03-29 16:17:26,77.2,97.6,125.29917095588239,24.8300395256917,23.719367588932805
448,2020-03-30 13:59:34,2020-03-30 15:11:05,43.2,97.6,124.86535884650738,21.649906890130353,20.435754189944134
449,2020-03-30 20:59:26,2020-03-30 21:45:36,66.4,97.6,125.8837492788462,22.763688760806918,20.78386167146974
450,2020-03-31 06:00:12,2020-03-31 07:15:03,9.6,60.4,123.10243455544621,22.7135231316726,20.644128113879002
451,2020-03-31 09:09:41,2020-03-31 09:58:15,72.8,97.6,118.70717116375448,25.55890410958904,23.81917808219178
452,2020-03-31 16:00:28,2020-03-31 16:42:54,58.0,94.0,125.09867529706791,25.169278996865202,22.63949843260188
453,2020-04-01 06:48:44,2020-04-01 08:11:11,30.8,97.6,123.83886817822689,23.05654281098546,21.38610662358643
454,2020-04-01 18:39:21,2020-04-01 20:02:28,25.6,97.6,124.71671565007716,26.129807692307693,24.729166666666668
455,2020-04-02 16:27:38,2020-04-02 17:27:24,39.6,92.8,124.4884365497076,24.44543429844098,23.329621380846326
456,2020-04-03 03:25:39,2020-04-03 04:56:31,24.4,97.6,124.19746820544933,26.818181818181817,24.89149560117302
457,2020-04-04 08:19:02,2020-04-04 09:36:17,36.4,97.6,125.43712687908499,23.194827586206898,22.26896551724138
458,2020-04-04 20:50:12,2020-04-04 21:41:02,56.0,97.6,126.79947341746798,26.397905759162303,25.06020942408377
459,2020-04-05 15:40:10,2020-04-05 16:53:57,37.2,96.8,124.58773271346013,23.633574007220215,22.054151624548737
460,2020-04-06 03:05:48,2020-04-06 04:55:52,8.400001,97.6,124.68477685714127,27.0181598062954,24.63680387409201
461,2020-04-06 17:18:04,2020-04-06 18:36:55,32.0,96.8,124.30766276577505,23.92060810810811,22.0
462,2020-04-07 13:46:13,2020-04-07 15:06:18,21.6,93.6,123.8333014332562,25.591362126245848,24.23421926910299
463,2020-04-07 23:14:54,2020-04-07 23:49:04,13.6,46.0,123.44621900720168,29.684824902723737,27.229571984435797
464,2020-04-07 23:50:32,2020-04-08 00:54:50,45.6,97.6,124.49437957532055,33.519668737060044,31.314699792960663
465,2020-04-08 11:14:32,2020-04-08 12:36:36,26.4,97.6,125.36059000663238,30.792207792207794,29.082792207792206
466,2020-04-08 22:57:43,2020-04-08 23:53:37,33.6,86.4,123.70487538667929,30.716666666666665,28.642857142857142
467,2020-04-09 14:11:30,2020-04-09 14:33:23,64.0,85.6,124.7756619791667,27.454545454545453,26.33939393939394
468,2020-04-14 10:44:30,2020-04-14 12:17:30,18.4,97.6,123.6716572478255,26.766475644699142,25.851002865329512
469,2020-04-14 22:34:32,2020-04-14 23:55:07,26.8,97.6,125.13037602401134,30.477685950413225,28.664462809917357
470,2020-04-15 15:21:32,2020-04-15 16:17:42,40.8,91.2,125.81635835537917,32.21800947867298,30.66350710900474
471,2020-04-16 02:12:42,2020-04-16 05:05:30,6.4,97.6,126.00487266386453,31.239197530864196,29.055555555555557
472,2020-04-16 12:11:39,2020-04-16 13:28:06,57.2,97.6,126.02817762651266,30.506968641114984,29.43554006968641
473,2020-04-16 20:11:19,2020-04-16 20:56:01,61.2,97.6,126.80854091880343,34.461309523809526,32.68452380952381
474,2020-04-17 17:54:08,2020-04-17 19:30:12,18.0,82.8,123.99608120713307,32.67267683772538,30.93619972260749
475,2020-04-17 19:37:54,2020-04-17 20:01:24,83.2,97.6,128.3607529899692,34.0,32.536723163841806
476,2020-04-18 17:09:02,2020-04-18 18:24:25,36.8,97.6,125.70473558342472,33.734982332155475,32.50176678445229
477,2020-04-19 07:42:49,2020-04-19 09:02:53,32.8,97.6,125.72516466478054,32.55740432612313,31.68885191347754
478,2020-04-19 16:18:36,2020-04-19 16:55:57,58.0,91.6,125.29057008515214,37.06761565836299,35.50177935943061
479,2020-04-20 03:13:58,2020-04-20 04:59:31,5.2,97.6,125.37087686087061,36.359848484848484,33.94949494949495
480,2020-04-20 11:10:46,2020-04-20 11:38:56,67.2,78.4,121.65391759672619,34.0,32.0
481,2020-04-20 12:54:51,2020-04-20 13:45:57,78.4,97.6,122.64326095196768,34.0,32.0
482,2020-04-20 16:46:16,2020-04-20 17:21:45,67.2,95.2,125.3589870684524,37.46067415730337,36.0
483,2020-04-20 20:57:34,2020-04-20 21:31:43,70.4,97.6,126.13225033700988,37.599221789883266,35.62256809338521
484,2020-04-21 03:29:06,2020-04-21 04:39:41,55.6,97.6,125.88002219576721,34.0,31.72641509433962
485,2020-04-21 21:14:10,2020-04-21 22:54:30,10.0,97.6,125.76233600012685,35.81806108897742,34.19389110225764
486,2020-04-22 02:51:44,2020-04-22 03:20:34,76.0,97.6,126.52591501414614,34.97695852534562,31.89400921658986
487,2020-04-22 16:30:22,2020-04-22 17:26:32,51.6,97.6,125.57159392210148,26.305687203791468,24.244075829383885
488,2020-04-23 01:09:29,2020-04-23 02:08:28,54.0,97.6,125.40278890481653,25.223476297968396,23.187358916478555
489,2020-04-23 19:10:19,2020-04-23 19:35:29,15.6,30.4,127.16310576201207,23.894736842105264,22.401315789473685
490,2020-04-23 19:35:50,2020-04-23 20:03:00,30.8,47.2,124.23780487804876,25.859756097560975,24.5
491,2020-04-23 20:03:21,2020-04-23 20:30:31,47.2,64.4,118.46091747416018,27.76829268292683,26.646341463414632
492,2020-04-23 20:30:52,2020-04-23 20:59:12,64.8,81.6,126.66420411706349,28.98830409356725,27.65497076023392
493,2020-04-24 05:38:21,2020-04-24 06:14:01,76.4,96.4,127.00832722222222,25.441860465116278,23.995348837209303
494,2020-04-24 13:15:56,2020-04-24 13:32:46,45.6,61.6,123.31685234374999,24.774509803921568,22.892156862745097
495,2020-04-24 13:33:07,2020-04-24 14:00:07,61.6,87.2,123.69899945746528,26.50920245398773,24.687116564417177
496,2020-04-24 14:00:28,2020-04-24 14:19:48,87.2,97.6,126.23133493589755,27.205128205128204,25.965811965811966
497,2020-04-25 01:45:36,2020-04-25 02:13:26,38.0,64.0,124.34029572649573,23.625,22.047619047619047
498,2020-04-25 02:13:47,2020-04-25 02:46:47,64.4,92.4,125.38444632936508,26.201005025125628,24.623115577889447
499,2020-04-25 15:18:47,2020-04-25 15:37:07,30.4,47.6,124.47675355297156,27.153153153153152,25.756756756756758
500,2020-04-25 15:37:28,2020-04-25 16:09:08,48.0,77.6,124.84891685435437,30.05235602094241,28.727748691099478
501,2020-04-25 16:09:29,2020-04-25 16:36:49,78.0,97.6,128.01517396541954,31.733333333333334,30.21818181818182
502,2020-04-25 22:35:31,2020-04-25 23:00:51,52.4,76.0,125.8156843808851,30.77124183006536,28.666666666666668
503,2020-04-25 23:01:12,2020-04-25 23:29:42,76.4,97.6,126.21528747379462,32.0,29.936046511627907
504,2020-04-26 05:54:48,2020-04-26 06:17:18,24.8,45.6,126.23731657318376,30.16176470588235,27.397058823529413
505,2020-04-26 06:17:39,2020-04-26 06:47:29,46.0,74.4,122.54694757433487,32.86666666666667,30.211111111111112
506,2020-04-26 06:47:50,2020-04-26 07:14:20,74.8,95.2,127.79615093954246,34.0,31.11875
507,2020-04-26 19:45:12,2020-04-26 20:01:42,15.2,30.4,126.4555764802631,32.69,31.17
508,2020-04-26 20:02:03,2020-04-26 20:32:13,30.8,59.6,122.00134095293211,35.137362637362635,33.55494505494506
509,2020-04-26 20:32:34,2020-04-26 21:03:44,59.6,88.8,123.9673599219939,37.526595744680854,35.829787234042556
510,2020-04-27 22:35:11,2020-04-27 22:59:21,13.2,26.0,125.87779010416666,31.993150684931507,30.027397260273972
511,2020-04-27 22:59:42,2020-04-27 23:22:02,26.0,38.4,122.77102800179212,32.50370370370371,31.25925925925926
512,2020-04-27 23:22:23,2020-04-27 23:51:03,38.4,54.4,122.13191458333333,34.0,32.61271676300578
513,2020-04-27 23:51:24,2020-04-28 00:22:54,54.8,72.0,124.83362774547801,35.0,33.973684210526315
514,2020-04-28 00:23:15,2020-04-28 00:52:55,72.4,88.4,126.39059461805556,35.78212290502793,34.0
515,2020-04-28 00:53:16,2020-04-28 01:10:56,88.4,97.6,130.88765277777796,36.0,34.0
516,2020-04-28 21:23:11,2020-04-28 21:52:41,58.8,74.4,123.67875420227912,33.92134831460674,32.87078651685393
517,2020-04-28 21:53:02,2020-04-28 22:19:02,74.4,88.4,123.59521666666666,34.0,33.0
518,2020-04-28 22:19:23,2020-04-28 22:36:53,88.4,97.6,126.60022041062817,34.0,33.0
519,2020-04-29 17:05:02,2020-04-29 17:30:12,40.8,57.6,124.09642154431211,34.7171052631579,33.3421052631579
520,2020-04-29 18:09:34,2020-04-29 18:35:04,57.6,74.4,125.73497958002645,35.0,33.94155844155844
521,2020-04-29 18:35:25,2020-04-29 19:07:55,74.8,95.2,128.24961805555554,35.13265306122449,34.0
522,2020-04-30 17:41:04,2020-04-30 18:10:04,27.6,55.2,123.41334073067634,36.37714285714286,34.50857142857143
523,2020-04-30 18:10:25,2020-04-30 18:41:45,55.2,84.8,124.33464254879883,39.333333333333336,37.62433862433863
524,2020-05-01 05:35:37,2020-05-01 06:06:27,17.2,46.0,125.48178997878088,32.91935483870968,30.752688172043012
525,2020-05-01 06:06:48,2020-05-01 06:34:28,46.4,72.8,122.85460258838387,36.17964071856287,34.08383233532934
526,2020-05-01 06:34:49,2020-05-01 07:07:19,73.2,97.6,127.55465431466307,37.63265306122449,35.20918367346939
527,2020-05-01 19:17:08,2020-05-01 19:33:48,13.6,23.6,125.00002777777777,36.584158415841586,35.0
528,2020-05-01 19:34:09,2020-05-01 20:00:29,23.6,39.6,123.7118329861111,36.9685534591195,35.41509433962264
529,2020-05-01 20:00:50,2020-05-01 20:29:30,40.0,57.2,125.27780555555555,38.335260115606935,36.69364161849711
530,2020-05-01 20:29:51,2020-05-01 21:03:21,57.6,77.6,125.90419458333342,39.0,37.0
531,2020-05-01 21:03:42,2020-05-01 21:28:32,78.0,92.4,129.62772935956787,39.0,37.0
532,2020-05-02 08:08:57,2020-05-02 08:37:37,31.6,58.8,122.88755427900328,33.53179190751445,31.491329479768787
533,2020-05-02 09:11:49,2020-05-02 09:29:19,86.0,97.6,128.224367217433,36.9811320754717,35.0
534,2020-05-02 16:05:41,2020-05-02 16:24:21,52.0,58.8,118.98488868464057,36.0,34.769911504424776
535,2020-05-02 16:24:42,2020-05-02 16:56:52,58.8,70.0,124.45932589285711,36.0,35.0
536,2020-05-02 16:57:13,2020-05-02 17:28:13,70.0,80.8,124.39814969135806,36.0,34.27272727272727
537,2020-05-02 17:28:34,2020-05-02 17:56:07,80.8,90.4,124.3663203124999,36.0,34.0
538,2020-05-02 17:56:28,2020-05-02 18:16:18,90.4,96.8,134.28819444444463,36.0,34.0
539,2020-05-03 04:44:29,2020-05-03 05:16:19,20.0,39.2,125.12085394965275,32.526041666666664,30.640625
540,2020-05-03 05:16:40,2020-05-03 05:50:00,39.6,60.0,123.34495976307191,34.6865671641791,32.91542288557214
541,2020-05-03 05:50:21,2020-05-03 06:22:41,60.4,79.6,127.14415335648155,36.0,34.0
542,2020-05-03 06:23:02,2020-05-03 06:52:22,80.0,97.2,128.75167102713178,36.0,34.378531073446325
543,2020-05-05 09:20:22,2020-05-05 09:46:02,36.8,52.4,123.12319195156694,33.174193548387095,31.696774193548386
544,2020-05-05 09:46:23,2020-05-05 10:14:03,52.8,69.2,126.24319681571812,34.7185628742515,33.0
545,2020-05-05 10:14:24,2020-05-05 10:39:04,69.6,84.0,128.18669984567893,35.0,33.852348993288594
546,2020-05-05 10:39:25,2020-05-05 11:02:15,84.4,97.6,129.4465199915826,35.82608695652174,34.0
547,2020-05-05 19:58:23,2020-05-05 20:25:13,35.6,52.0,122.39073890582657,38.574074074074076,37.32098765432099
548,2020-05-05 20:25:34,2020-05-05 20:53:34,52.0,68.8,124.62632374338625,39.917159763313606,38.69230769230769
549,2020-05-05 20:53:55,2020-05-05 21:24:35,69.2,87.2,127.37346450617287,40.0,39.0
550,2020-05-05 21:24:56,2020-05-05 21:42:36,87.6,97.6,132.06112500000003,40.794392523364486,39.0
551,2020-05-06 17:47:29,2020-05-06 18:18:39,16.8,35.6,124.88773448581563,36.388297872340424,34.505319148936174
552,2020-05-06 18:19:00,2020-05-06 18:47:10,36.0,53.2,123.36566036821705,38.01764705882353,36.27058823529412
553,2020-05-06 18:47:31,2020-05-06 19:13:11,53.6,69.2,123.94589636752136,39.0,37.0
554,2020-05-06 19:13:32,2020-05-06 19:42:02,69.6,86.4,127.79764732142851,39.0,37.0
555,2020-05-06 19:42:23,2020-05-06 20:01:03,86.8,97.6,130.20579012345686,39.0,37.0
556,2020-05-07 07:12:18,2020-05-07 07:40:58,44.0,71.2,123.77654636437904,36.32947976878613,34.53179190751445
557,2020-05-07 07:41:19,2020-05-07 08:12:39,71.6,96.0,128.6913824567395,37.92063492063492,36.0
558,2020-05-07 21:41:23,2020-05-07 21:59:13,29.2,40.0,123.48894212962963,35.120370370370374,33.76851851851852
559,2020-05-07 21:59:34,2020-05-07 22:33:44,40.0,61.2,120.87264150943395,36.57281553398058,34.83009708737864
560,2020-05-07 22:34:05,2020-05-07 23:06:05,61.2,80.4,125.00434071180553,37.829015544041454,35.0
561,2020-05-07 23:06:26,2020-05-07 23:35:36,80.8,97.6,130.2132941468254,38.0,35.0
562,2020-05-08 14:17:33,2020-05-08 14:46:23,30.4,57.6,123.82660334967319,36.87356321839081,35.44252873563219
563,2020-05-08 14:46:44,2020-05-08 15:15:24,58.0,84.8,124.81136432421229,39.15028901734104,37.84393063583815
564,2020-05-08 15:15:45,2020-05-08 15:35:15,84.8,97.6,127.59983007812504,40.0,38.940677966101696
565,2020-05-08 20:47:21,2020-05-08 21:16:11,67.2,91.2,126.06888443287039,40.05172413793103,38.0
566,2020-05-09 06:46:38,2020-05-09 07:19:58,35.6,67.2,124.27041139240507,37.17412935323383,35.114427860696516
567,2020-05-09 07:20:19,2020-05-09 07:51:39,67.6,94.0,126.08640888047138,39.0,37.00529100529101
568,2020-05-09 19:12:13,2020-05-09 19:37:53,19.6,43.2,126.41538947740113,38.81935483870968,37.096774193548384
569,2020-05-09 19:38:14,2020-05-09 20:07:24,43.6,71.2,122.74760039251207,41.44318181818182,39.59659090909091
570,2020-05-09 20:07:45,2020-05-09 20:36:05,71.2,94.4,125.30892852011495,42.73099415204678,40.24561403508772
571,2020-05-10 15:20:14,2020-05-10 15:45:44,14.0,37.6,126.0140124176083,35.08441558441559,32.12987012987013
572,2020-05-10 15:46:05,2020-05-10 16:13:45,38.0,64.0,123.90973071581197,37.61077844311377,34.74251497005988
573,2020-05-10 16:14:06,2020-05-10 16:42:36,64.4,90.0,125.38521093750006,39.16860465116279,36.31395348837209
574,2020-05-10 23:23:30,2020-05-10 23:55:50,61.2,90.4,125.70158143074583,34.66153846153846,31.93846153846154
575,2020-05-11 05:40:46,2020-05-11 05:58:36,50.4,67.2,126.70801951058202,33.26851851851852,30.685185185185187
576,2020-05-11 05:58:57,2020-05-11 06:27:07,67.6,92.0,126.10088553051,34.4,31.78235294117647
577,2020-05-11 22:20:50,2020-05-11 22:48:20,18.8,44.0,125.99540211640215,32.81927710843374,30.265060240963855
578,2020-05-11 22:48:41,2020-05-11 23:19:31,44.4,73.2,123.61837601273152,36.075268817204304,33.59139784946237
579,2020-05-12 01:43:03,2020-05-12 02:12:43,75.2,97.6,126.1780799851191,36.0,32.96648044692738
580,2020-05-12 14:13:02,2020-05-12 14:45:32,46.0,65.2,122.53036284722221,34.54081632653061,32.734693877551024
581,2020-05-12 14:45:53,2020-05-12 15:17:13,65.2,83.2,125.93978842592593,35.0,33.888888888888886
582,2020-05-12 15:17:34,2020-05-12 15:42:24,83.6,97.6,128.30552599206345,35.38,34.0
583,2020-05-13 01:01:07,2020-05-13 01:30:47,36.4,60.4,122.33855277777776,35.68156424581006,33.53072625698324
584,2020-05-13 01:31:08,2020-05-13 01:54:38,60.4,78.4,123.31868719135797,37.0,35.0
585,2020-05-13 02:07:59,2020-05-13 02:25:39,84.8,96.0,127.75049888392856,37.83177570093458,35.0
586,2020-05-13 13:15:36,2020-05-13 13:49:48,22.0,54.0,124.79731819444446,36.85096153846154,35.27884615384615
587,2020-05-13 13:50:09,2020-05-13 14:22:59,54.4,84.8,126.00832264254385,39.707070707070706,38.08080808080808
588,2020-05-14 00:03:02,2020-05-14 00:25:52,17.6,38.8,125.46382258909854,33.14492753623188,31.028985507246375
589,2020-05-14 00:26:13,2020-05-14 00:55:03,39.2,66.4,123.48752563316991,36.09770114942529,34.04022988505747
590,2020-05-14 00:55:24,2020-05-14 01:16:34,66.8,86.4,125.80993275226749,37.8359375,35.7578125
591,2020-05-14 14:59:36,2020-05-14 15:28:46,26.0,53.2,125.09037872753268,34.72727272727273,33.26136363636363
592,2020-05-14 15:29:07,2020-05-14 15:56:17,53.6,79.2,123.75487765842014,37.65243902439025,36.109756097560975
593,2020-05-14 15:56:38,2020-05-14 16:22:18,79.6,97.6,128.71604675925929,38.87096774193548,37.0
594,2020-05-15 00:24:22,2020-05-15 00:57:02,37.2,68.0,124.18247673160178,36.50761421319797,33.9492385786802
595,2020-05-15 00:57:23,2020-05-15 01:24:33,68.4,92.0,126.18882038606407,38.34146341463415,35.8719512195122
596,2020-05-16 02:40:01,2020-05-16 03:08:31,48.0,74.8,124.48281820066339,34.5406976744186,33.46511627906977
597,2020-05-16 03:08:52,2020-05-16 03:39:12,75.2,97.6,128.22733717757941,36.0,34.95628415300546
598,2020-05-16 22:01:07,2020-05-16 22:28:57,28.0,44.8,124.48663020833335,33.19642857142857,30.488095238095237
599,2020-05-16 22:29:18,2020-05-16 22:56:58,44.8,62.0,120.88584504198965,34.73053892215569,32.35928143712575
600,2020-05-16 22:57:19,2020-05-16 23:27:19,62.4,80.4,125.27780555555552,35.806629834254146,33.0
601,2020-05-16 23:27:40,2020-05-16 23:56:50,80.4,97.6,127.4628835594316,36.0,33.0
602,2020-05-17 20:19:51,2020-05-17 20:47:01,8.400001,33.6,125.81680845392978,37.15243902439025,34.170731707317074
603,2020-05-17 20:47:22,2020-05-17 21:18:02,34.0,62.8,124.23900569058641,39.45945945945946,36.502702702702706
604,2020-05-17 21:18:23,2020-05-17 21:51:53,63.2,92.0,126.70428645833334,41.14356435643565,38.0
605,2020-05-19 03:17:08,2020-05-19 03:42:48,15.2,28.8,123.09944787581696,30.883870967741935,29.07741935483871
606,2020-05-19 03:43:09,2020-05-19 04:15:09,28.8,46.0,123.86868531976745,32.07253886010363,30.523316062176164
607,2020-05-19 04:15:30,2020-05-19 04:46:20,46.4,63.2,122.1916173115079,33.693548387096776,32.32795698924731
608,2020-05-19 04:46:41,2020-05-19 05:16:01,63.6,79.2,125.22701700498575,34.0,33.0
609,2020-05-19 05:16:22,2020-05-19 05:44:22,79.2,94.0,125.98253068693694,34.455621301775146,33.0
610,2020-05-19 17:14:15,2020-05-19 17:41:35,24.4,49.6,126.49470723104055,35.29090909090909,33.945454545454545
611,2020-05-19 17:41:56,2020-05-19 18:12:46,50.0,78.8,124.81143793402781,37.93010752688172,36.25268817204301
612,2020-05-19 18:13:07,2020-05-19 18:32:57,79.2,94.0,127.8378357732733,39.0,37.0
613,2020-05-20 01:42:54,2020-05-20 02:12:34,33.2,61.2,123.56993635912698,37.31843575418994,34.68156424581006
614,2020-05-20 02:12:55,2020-05-20 02:43:25,61.2,89.2,125.6364012400794,39.13586956521739,36.483695652173914
615,2020-05-20 14:09:16,2020-05-20 14:25:56,46.0,61.2,128.1496863121345,36.06930693069307,34.415841584158414
616,2020-05-20 14:26:17,2020-05-20 14:54:17,61.6,87.6,125.87287783119663,37.4792899408284,35.88165680473373
617,2020-05-21 00:38:47,2020-05-21 01:08:57,13.6,41.6,125.3378180059524,32.84615384615385,30.208791208791208
618,2020-05-21 01:09:18,2020-05-21 01:38:38,42.0,69.6,123.6297500503221,36.10734463276836,33.35028248587571
619,2020-05-21 01:38:59,2020-05-21 02:08:09,70.0,93.6,127.69364106638419,37.64204545454545,34.96590909090909
620,2020-05-21 22:20:19,2020-05-21 22:49:09,49.6,77.6,126.44049246031754,34.44827586206897,32.54597701149425
621,2020-05-22 13:13:23,2020-05-22 13:33:33,24.8,43.6,124.8049855200946,30.581967213114755,29.147540983606557
622,2020-05-22 13:33:54,2020-05-22 14:07:34,44.0,75.6,123.92275092299583,33.51724137931034,32.23645320197044
623,2020-05-23 14:52:19,2020-05-23 15:23:39,12.4,42.0,124.61807301051053,33.94179894179894,32.301587301587304
624,2020-05-23 15:24:00,2020-05-23 15:54:50,42.4,71.6,124.30890268264842,37.32258064516129,35.68279569892473
625,2020-05-23 15:55:11,2020-05-23 16:13:21,72.0,88.4,128.62552811653117,38.972727272727276,37.10909090909091
626,2020-05-24 01:03:04,2020-05-24 01:30:44,24.0,44.4,125.42687683823533,34.10778443113772,31.892215568862277
627,2020-05-24 01:31:05,2020-05-24 01:54:55,44.4,62.4,122.46836334876544,36.24305555555556,34.166666666666664
628,2020-05-24 01:55:16,2020-05-24 02:26:36,62.8,85.6,127.12231993177392,37.12698412698413,35.25396825396825
629,2020-05-24 02:26:57,2020-05-24 02:45:37,86.0,97.6,129.5713599137932,38.0,36.0
630,2020-05-24 09:36:59,2020-05-24 10:09:59,41.2,72.0,125.99342518939397,36.98994974874372,34.33165829145729
631,2020-05-24 10:10:20,2020-05-24 10:39:50,72.4,95.6,127.57185087404221,38.07865168539326,35.89325842696629
632,2020-05-27 13:48:45,2020-05-27 14:19:59,74.0,97.6,128.6647686676083,30.973684210526315,29.789473684210527
633,2020-05-28 04:56:01,2020-05-28 05:26:41,10.8,39.6,125.12346122685184,31.8,30.475675675675674
634,2020-05-28 05:27:02,2020-05-28 05:56:02,39.6,67.2,123.55425659219001,35.17142857142857,33.857142857142854
635,2020-05-28 05:56:23,2020-05-28 06:28:43,67.6,94.4,125.08760100538967,37.0,35.758974358974356
636,2020-05-28 11:56:45,2020-05-28 12:26:55,74.0,96.8,128.02572867933725,36.15384615384615,34.58791208791209
637,2020-05-28 18:00:09,2020-05-28 18:33:49,56.0,67.6,125.79621946839087,36.79802955665025,34.748768472906406
638,2020-05-28 18:54:24,2020-05-28 19:18:04,74.0,82.4,122.0965615079364,36.0,34.0
639,2020-05-28 21:50:09,2020-05-28 22:10:29,66.0,80.8,124.99814358108117,36.0,33.959349593495936
640,2020-05-28 22:10:50,2020-05-28 22:36:40,80.8,97.6,127.11477414021167,36.0,34.0
641,2020-05-29 01:45:52,2020-05-29 02:10:02,64.4,82.0,126.09850773358593,36.10958904109589,34.0
642,2020-05-29 02:10:23,2020-05-29 02:34:13,82.4,97.6,128.77195595760242,37.0,34.145833333333336
643,2020-05-29 14:13:22,2020-05-29 14:41:22,10.0,30.4,123.99103635620921,37.112426035502956,35.23668639053255
644,2020-05-29 14:41:43,2020-05-29 15:07:33,30.8,49.2,126.82671422101448,38.77564102564103,37.06410256410256
645,2020-05-29 15:07:54,2020-05-29 15:33:34,49.6,68.4,123.3289236111111,40.68387096774194,38.85806451612903
646,2020-05-29 15:33:55,2020-05-29 16:01:35,68.4,88.0,127.58010409580504,41.0,39.31137724550898
647,2020-05-30 01:10:44,2020-05-30 01:33:24,40.8,57.6,123.85914517195766,36.693430656934304,34.42335766423358
648,2020-05-30 01:33:45,2020-05-30 02:00:25,58.0,77.6,124.9164032029479,38.0,35.95031055900621
649,2020-05-30 02:00:46,2020-05-30 02:22:46,78.0,93.2,126.6273985745614,38.46616541353384,36.0
650,2020-05-30 14:06:16,2020-05-30 14:36:56,38.0,61.2,120.69328723659005,35.086486486486486,33.83783783783784
651,2020-05-30 14:37:17,2020-05-30 15:04:07,61.2,80.8,125.02838860544226,36.76543209876543,35.41358024691358
652,2020-05-31 00:20:35,2020-05-31 00:51:25,8.0,30.8,124.63028185916181,33.18817204301075,31.311827956989248
653,2020-05-31 00:51:46,2020-05-31 01:25:16,30.8,55.6,124.4904110663083,35.396039603960396,33.66831683168317
654,2020-05-31 01:25:37,2020-05-31 01:55:47,56.0,78.4,124.10532310267858,37.47802197802198,35.857142857142854
655,2020-05-31 01:56:08,2020-05-31 02:13:58,78.4,90.8,128.52599798387106,38.0,36.342592592592595
656,2020-05-31 06:34:58,2020-05-31 07:03:48,50.4,77.2,126.2888628213101,36.62643678160919,34.01724137931034
657,2020-05-31 07:04:09,2020-05-31 07:31:19,77.6,97.6,127.12638763888886,37.09756097560975,35.0
658,2020-05-31 21:53:34,2020-05-31 22:51:36,54.8,97.6,127.01318434903948,32.305045871559635,30.511467889908257
659,2020-06-01 07:14:13,2020-06-01 08:41:28,7.6,78.0,124.05027664733271,34.93893129770992,33.085496183206104
660,2020-06-01 08:48:07,2020-06-01 09:14:00,78.0,97.6,116.44983976048759,37.84615384615385,35.743589743589745
661,2020-06-01 19:39:22,2020-06-01 20:49:16,45.2,97.6,126.1865732479856,35.06285714285714,33.116190476190475
662,2020-06-02 03:00:19,2020-06-02 04:01:02,52.4,97.6,126.2864850172075,34.208333333333336,31.44078947368421
663,2020-06-02 12:06:03,2020-06-02 12:30:43,59.6,82.4,126.1921329191033,34.92617449664429,33.013422818791945
664,2020-06-02 12:31:04,2020-06-02 12:53:04,82.8,97.6,129.42381428303304,35.984962406015036,34.0
665,2020-06-03 00:06:28,2020-06-03 00:37:18,30.0,59.2,123.0469972412481,32.924731182795696,31.22043010752688
666,2020-06-03 00:37:39,2020-06-03 01:03:29,59.6,84.0,123.31854030054647,35.467948717948715,33.69230769230769
667,2020-06-03 12:45:55,2020-06-03 13:06:05,16.0,30.8,125.72540897147144,36.467213114754095,34.31147540983606
668,2020-06-03 13:06:26,2020-06-03 13:37:26,31.2,54.0,125.34177345272907,38.13368983957219,36.35828877005348
669,2020-06-03 13:37:47,2020-06-03 14:09:47,54.4,78.0,124.96708192090395,39.96373056994819,38.41968911917098
670,2020-06-03 22:58:29,2020-06-03 23:26:29,9.6,26.4,125.0041340112434,35.0,32.11834319526627
671,2020-06-03 23:26:50,2020-06-03 23:54:20,26.4,42.8,125.76219512195124,35.48795180722892,32.98795180722892
672,2020-06-03 23:54:41,2020-06-04 00:24:11,43.2,61.2,122.91666666666667,36.96629213483146,34.5
673,2020-06-04 00:54:13,2020-06-04 01:23:03,63.6,80.8,125.64195776808786,37.0,34.0
674,2020-06-04 01:23:24,2020-06-04 01:52:14,80.8,97.6,126.89732142857146,37.0,34.0
675,2020-06-04 13:47:25,2020-06-04 14:12:14,16.0,35.6,126.45444399801586,34.411764705882355,33.11229946524064
676,2020-06-04 15:04:08,2020-06-04 15:23:13,35.2,50.4,125.1102067434211,36.423611111111114,35.11805555555556
677,2020-06-04 15:32:33,2020-06-04 15:50:50,50.0,64.4,122.92931623263885,38.07971014492754,36.833333333333336
678,2020-06-05 02:17:52,2020-06-05 02:43:02,21.6,36.4,128.1484940878379,34.23684210526316,32.55921052631579
679,2020-06-05 02:43:23,2020-06-05 03:12:13,36.8,54.8,120.75080609567898,35.82183908045977,34.2816091954023
680,2020-06-05 03:12:34,2020-06-05 03:39:44,54.8,71.6,122.03543220899473,37.0,35.0
681,2020-06-05 04:00:19,2020-06-05 04:28:09,79.2,95.6,128.10388135162611,37.0,35.407766990291265
682,2020-06-05 17:02:53,2020-06-05 17:32:13,27.2,44.8,125.08604419191924,35.152542372881356,32.46892655367232
683,2020-06-05 17:32:34,2020-06-05 18:00:54,45.2,62.4,123.82108688630498,36.64327485380117,33.87719298245614
684,2020-06-05 18:01:15,2020-06-05 18:32:55,62.8,81.6,126.61054816784872,37.0,34.26701570680628
685,2020-06-05 18:33:16,2020-06-05 19:00:16,82.0,97.6,130.09618269230776,37.533742331288344,35.0
686,2020-06-06 01:52:58,2020-06-06 02:11:40,46.0,63.6,123.71330886205808,35.63157894736842,33.19298245614035
687,2020-06-06 02:12:01,2020-06-06 02:43:31,64.0,91.2,127.0399404105392,37.05789473684211,34.67894736842105
688,2020-06-06 15:49:54,2020-06-06 16:18:04,26.8,47.6,123.48827377136755,31.61764705882353,29.388235294117646
689,2020-06-06 16:18:25,2020-06-06 16:51:25,47.6,72.0,123.34531403688527,33.8391959798995,31.70854271356784
690,2020-06-06 16:51:46,2020-06-06 17:24:06,72.4,94.4,128.0088773989899,35.0,32.77948717948718
691,2020-06-07 02:16:45,2020-06-07 02:37:05,39.2,54.0,122.50001463963966,31.78048780487805,29.422764227642276
692,2020-06-07 02:37:26,2020-06-07 03:07:56,54.0,76.0,123.77210896464645,33.34782608695652,31.108695652173914
693,2020-06-07 03:08:17,2020-06-07 03:40:07,76.0,96.8,125.95955715811967,34.0,32.0
694,2020-06-08 00:05:30,2020-06-08 00:56:21,18.0,58.8,124.33436388208061,32.82722513089005,31.45026178010471
695,2020-06-08 01:15:33,2020-06-08 02:02:15,58.8,94.0,125.93135276199496,35.598290598290596,34.572649572649574
696,2020-06-08 12:01:16,2020-06-08 12:28:26,43.2,68.8,123.54601432291672,34.15243902439025,31.75609756097561
697,2020-06-08 12:28:47,2020-06-08 13:05:37,69.2,97.6,127.52199799491399,35.780269058295964,33.2152466367713
698,2020-06-08 23:45:34,2020-06-09 00:06:04,15.6,34.8,125.43402560763892,33.38709677419355,31.31451612903226
699,2020-06-09 00:10:39,2020-06-09 00:38:39,38.0,64.4,124.69750341961279,36.585798816568044,34.455621301775146
700,2020-06-09 00:39:00,2020-06-09 01:02:10,64.8,86.4,126.31689030349791,38.4,36.27142857142857
701,2020-06-09 16:17:10,2020-06-09 16:52:19,7.2,39.6,125.55391551783264,35.37264150943396,33.62735849056604
702,2020-06-09 16:52:40,2020-06-09 17:19:50,40.0,65.2,124.71118309082891,38.52439024390244,37.03658536585366
703,2020-06-09 17:20:11,2020-06-09 17:50:31,65.6,91.6,125.93482719017098,40.39344262295082,38.86338797814208
704,2020-06-10 08:05:07,2020-06-10 08:33:47,80.4,97.6,126.11356839470294,31.0,29.838150289017342
705,2020-06-10 18:11:33,2020-06-10 18:39:53,36.0,62.8,123.86610763888895,35.71345029239766,33.7953216374269
706,2020-06-10 18:40:14,2020-06-10 19:10:34,63.2,90.4,125.48204605800655,38.05464480874317,36.26229508196721
707,2020-06-11 04:51:14,2020-06-11 05:19:14,56.0,82.4,124.91531649831649,35.171597633136095,33.21301775147929
708,2020-06-11 05:19:35,2020-06-11 05:41:35,82.4,97.6,126.62924479166678,36.0,34.0
709,2020-06-11 18:27:09,2020-06-11 18:53:29,5.2,29.6,125.26356574453553,40.069182389937104,38.15094339622642
710,2020-06-11 18:53:50,2020-06-11 19:21:10,29.6,55.2,123.89324696180554,42.14545454545455,40.35151515151515
711,2020-06-11 19:26:42,2020-06-11 20:00:22,59.2,88.0,126.28039631558643,44.55172413793103,42.91133004926108
712,2020-06-11 20:00:43,2020-06-11 20:17:13,88.0,97.6,128.68342679398154,45.0,43.0
713,2020-06-12 01:01:49,2020-06-12 01:21:19,67.6,85.6,126.01853441358031,43.38135593220339,40.0
714,2020-06-12 15:49:44,2020-06-12 16:17:34,28.4,56.0,124.17824743357488,39.839285714285715,38.089285714285715
715,2020-06-12 16:17:55,2020-06-12 16:46:35,56.4,84.4,126.04862033730157,42.456647398843934,40.65895953757225
716,2020-06-13 00:07:55,2020-06-13 00:34:15,33.6,49.6,124.14410416666664,39.75471698113208,37.59748427672956
717,2020-06-13 00:34:36,2020-06-13 01:02:46,49.6,66.4,122.32641154100527,40.90588235294118,38.8
718,2020-06-13 01:03:07,2020-06-13 01:32:57,66.4,83.2,124.39237830687833,41.0,38.62777777777778
719,2020-06-13 01:33:18,2020-06-13 02:00:38,83.2,97.6,127.95912509645069,40.303030303030305,38.0
720,2020-06-13 19:59:52,2020-06-13 20:21:02,42.8,55.6,124.67774826388887,38.5546875,36.9921875
721,2020-06-13 20:21:23,2020-06-13 20:54:03,55.6,74.8,123.25811675347227,39.48730964467005,38.0
722,2020-06-13 20:54:24,2020-06-13 21:23:54,74.8,90.8,128.0382103298611,40.0,38.0
723,2020-06-14 01:04:56,2020-06-14 01:32:46,34.0,60.4,124.22350273569023,40.958333333333336,38.44047619047619
724,2020-06-14 01:33:07,2020-06-14 02:05:57,60.8,90.4,126.16602932620115,42.93939393939394,40.43434343434343
725,2020-06-14 16:27:09,2020-06-14 16:58:49,40.8,70.8,122.75325893518523,36.58638743455497,34.66492146596859
726,2020-06-14 16:59:10,2020-06-14 17:18:50,70.8,88.8,124.93828796296297,38.05042016806723,36.18487394957983
727,2020-06-15 00:30:39,2020-06-15 00:49:39,28.8,40.4,124.33910153256707,32.95652173913044,29.982608695652175
728,2020-06-15 00:50:00,2020-06-15 01:18:50,40.4,58.0,121.7732094381313,34.38505747126437,31.522988505747126
729,2020-06-15 01:19:11,2020-06-15 01:45:11,58.0,73.2,122.22588998538004,35.0,32.98089171974522
730,2020-06-15 01:45:32,2020-06-15 02:14:22,73.2,88.8,127.35935105056988,35.49425287356322,33.0
731,2020-06-15 02:14:43,2020-06-15 02:31:23,89.2,97.6,132.51655572089962,36.0,33.0
732,2020-06-15 15:02:51,2020-06-15 15:32:31,13.6,33.6,123.3541448611111,35.24022346368715,33.97206703910614
733,2020-06-15 15:32:52,2020-06-15 16:00:32,33.6,52.0,125.02715609903383,36.88622754491018,35.34131736526946
734,2020-06-15 16:00:53,2020-06-15 16:33:23,52.4,73.6,127.45019785115308,38.59183673469388,36.91326530612245
735,2020-06-15 16:33:44,2020-06-15 17:01:54,74.0,92.0,128.25306064814814,39.0,37.0
736,2020-06-15 21:34:41,2020-06-15 22:25:39,60.0,97.6,125.95696949985226,39.0,36.45169712793734
737,2020-06-16 03:41:30,2020-06-16 04:11:20,58.0,67.6,123.1467395833334,36.44444444444444,33.11666666666667
738,2020-06-16 04:11:41,2020-06-16 04:40:41,67.6,76.8,122.79591998792267,36.0,33.0
739,2020-06-16 04:41:02,2020-06-16 05:13:12,76.8,86.4,128.75436313657397,35.608247422680414,32.43814432989691
740,2020-06-16 05:13:33,2020-06-16 05:43:13,86.8,95.6,128.15344097222226,35.0,32.0
741,2020-06-16 17:11:47,2020-06-16 17:42:27,32.0,48.8,121.39878009259262,33.73513513513514,32.42162162162162
742,2020-06-16 17:42:48,2020-06-16 18:12:38,48.8,65.2,120.97388600948504,35.42777777777778,33.85
743,2020-06-16 18:12:59,2020-06-16 18:43:09,65.2,81.2,125.39580347222221,36.0,34.0
744,2020-06-16 18:43:30,2020-06-16 19:14:40,81.6,97.6,129.56767899305558,36.0,34.765957446808514
745,2020-06-17 20:26:15,2020-06-17 20:54:05,18.4,44.8,126.17216287878792,34.023809523809526,32.67857142857143
746,2020-06-17 20:54:26,2020-06-17 21:23:16,45.2,73.2,123.45485183531746,37.40229885057471,36.0919540229885
747,2020-06-17 21:23:37,2020-06-17 21:52:17,73.6,96.0,128.20994878472217,39.0,37.69942196531792
748,2020-06-18 11:20:17,2020-06-18 11:50:57,27.2,56.0,124.08613652584877,35.42162162162162,34.13513513513514
749,2020-06-18 11:51:18,2020-06-18 12:22:28,56.4,85.2,125.98621855709877,38.11702127659574,36.81382978723404
750,2020-06-18 12:22:49,2020-06-18 12:41:39,85.6,97.6,128.66898842592593,39.0,37.10526315789474
751,2020-06-19 06:13:38,2020-06-19 07:29:01,42.8,97.6,125.73364148165047,34.63780918727915,33.390459363957596
752,2020-06-19 18:27:47,2020-06-19 19:32:22,22.0,73.6,124.96070723514212,41.51340206185567,40.004123711340206
753,2020-06-20 13:59:10,2020-06-20 14:22:20,38.8,60.4,123.67864441872428,36.59285714285714,35.08571428571429
754,2020-06-20 14:22:41,2020-06-20 14:50:01,60.4,85.6,125.08654805996476,38.763636363636365,37.5030303030303
755,2020-06-21 02:18:59,2020-06-21 02:47:29,40.0,66.8,124.27551140132675,38.00581395348837,36.05813953488372
756,2020-06-21 17:33:39,2020-06-21 18:02:49,55.6,82.8,125.08884865196079,40.32386363636363,38.94886363636363
757,2020-06-21 18:03:10,2020-06-21 18:24:30,83.2,97.6,129.1734175347223,41.0,39.48837209302326
758,2020-06-22 15:21:49,2020-06-22 15:52:59,32.0,57.2,123.35594058641975,39.409574468085104,37.5531914893617
759,2020-06-22 15:53:20,2020-06-22 16:38:28,57.2,90.8,124.9330480902778,41.40659340659341,39.78021978021978
760,2020-06-23 09:13:51,2020-06-23 09:38:01,33.6,56.4,123.57273434454194,34.52739726027397,33.321917808219176
761,2020-06-23 09:38:22,2020-06-23 10:11:02,56.4,86.8,125.14254925073102,37.025380710659896,35.73096446700507
762,2020-06-23 16:41:37,2020-06-23 17:11:37,47.6,75.6,124.93997455357149,42.84530386740332,40.87292817679558
763,2020-06-23 17:11:58,2020-06-23 17:36:38,76.0,95.2,127.56292686631943,44.0,42.0
764,2020-06-24 02:16:22,2020-06-24 02:33:02,37.2,53.2,122.8663427951389,38.039603960396036,35.396039603960396
765,2020-06-24 02:33:23,2020-06-24 03:04:43,53.2,82.8,124.99297245683185,39.7037037037037,37.34920634920635
766,2020-06-24 03:05:04,2020-06-24 03:26:14,83.2,97.6,128.76737287808652,40.0,38.0
767,2020-06-24 17:47:20,2020-06-24 18:14:10,19.6,44.8,125.9937159942681,41.74691358024691,39.901234567901234
768,2020-06-24 18:14:31,2020-06-24 18:36:56,45.2,66.4,123.74181417059746,44.35036496350365,42.68613138686131
769,2020-06-24 18:37:17,2020-06-24 19:11:07,66.8,93.2,126.94814930555557,45.03431372549019,43.96078431372549
770,2020-06-25 15:06:17,2020-06-25 15:35:57,44.8,72.8,124.3377853670635,37.28491620111732,35.97206703910614
771,2020-06-25 15:36:18,2020-06-25 15:52:58,72.8,88.4,124.78898798076914,38.86138613861386,37.554455445544555
772,2020-06-25 21:17:18,2020-06-25 21:45:48,51.6,78.4,123.8697195791874,38.76162790697674,35.68604651162791
773,2020-06-25 21:46:09,2020-06-25 22:12:29,78.4,97.6,125.18013274016211,39.41509433962264,36.855345911949684
774,2020-06-26 11:30:58,2020-06-26 12:00:58,52.8,83.2,124.17214857456138,37.49171270718232,36.23756906077348
775,2020-06-26 12:01:19,2020-06-26 12:22:19,83.2,97.6,126.65029272762357,38.968503937007874,37.08661417322835
776,2020-06-26 16:44:17,2020-06-26 17:02:37,58.8,76.8,125.57176365740743,41.945945945945944,40.234234234234236
777,2020-06-26 17:02:58,2020-06-26 17:30:26,77.2,97.6,128.26947694716782,42.0,41.0
778,2020-06-27 00:37:58,2020-06-27 01:06:28,53.6,80.0,125.43246359427609,39.854651162790695,37.395348837209305
779,2020-06-27 16:39:15,2020-06-27 17:05:15,11.6,36.0,124.33857229052825,39.50955414012739,38.261146496815286
780,2020-06-27 17:05:36,2020-06-27 17:34:56,36.4,64.0,123.99607513083734,42.46892655367232,40.96045197740113
781,2020-06-27 17:35:17,2020-06-27 18:03:27,64.4,89.6,125.9060842151676,44.029411764705884,42.870588235294115
782,2020-06-28 03:51:54,2020-06-28 04:21:24,28.8,56.8,123.6775676587302,38.46067415730337,36.252808988764045
783,2020-06-28 04:21:45,2020-06-28 04:50:35,57.2,84.4,124.47354161560456,40.798850574712645,38.706896551724135
784,2020-06-28 04:50:56,2020-06-28 05:10:36,84.8,97.6,129.13627191840283,41.0,39.0
785,2020-06-28 12:23:01,2020-06-28 12:43:41,56.4,68.0,129.57617217432954,39.0,37.96
786,2020-06-28 18:21:03,2020-06-28 18:38:13,69.2,78.8,126.14440494791677,39.0,36.0
787,2020-06-28 18:38:34,2020-06-28 19:10:04,78.8,96.0,125.14052575904391,39.42631578947368,36.83157894736842
788,2020-06-29 03:36:21,2020-06-29 04:40:40,49.6,97.6,126.1276974334491,36.56314699792961,35.21739130434783
789,2020-06-29 15:22:06,2020-06-29 15:53:26,31.2,62.8,123.41334282700424,41.68783068783069,40.18518518518518
790,2020-06-29 15:53:47,2020-06-29 16:22:47,63.2,90.4,125.97173366013072,44.14857142857143,42.72571428571428
791,2020-06-30 01:05:18,2020-06-30 01:27:48,27.2,46.8,124.0377192460318,39.63235294117647,37.3014705882353
792,2020-06-30 01:28:09,2020-06-30 01:58:19,47.2,73.6,123.49117508417515,41.75824175824176,39.543956043956044
793,2020-06-30 01:58:40,2020-06-30 02:16:50,74.0,89.2,128.30865908260228,43.0,40.0
794,2020-06-30 04:21:30,2020-06-30 04:43:30,80.8,96.8,126.45660833333332,41.0,38.0
795,2020-06-30 10:35:17,2020-06-30 11:06:17,61.2,89.6,125.65826677425672,39.0,37.0
796,2020-06-30 19:18:19,2020-06-30 19:46:19,18.4,34.8,128.0487804878049,41.828402366863905,40.27810650887574
797,2020-06-30 19:46:40,2020-06-30 20:13:50,35.2,51.6,124.23780487804879,43.49390243902439,41.957317073170735
798,2020-06-30 20:29:44,2020-06-30 20:54:24,61.2,76.0,125.00000000000003,45.0,44.0
799,2020-06-30 20:54:45,2020-06-30 21:27:45,76.4,95.6,128.90625000000006,45.94472361809045,44.0
800,2020-07-01 03:09:41,2020-07-01 03:27:31,66.8,83.6,125.95570552248681,41.21296296296296,38.333333333333336
801,2020-07-02 18:08:04,2020-07-02 18:33:14,66.4,89.2,126.84151711744643,35.39473684210526,33.796052631578945
802,2020-07-03 04:20:07,2020-07-03 04:50:37,58.8,87.2,125.11640033255087,37.94021739130435,36.01086956521739
803,2020-07-03 04:50:58,2020-07-03 05:08:58,87.6,97.6,129.16668208333334,38.53211009174312,36.055045871559635
804,2020-07-03 18:03:08,2020-07-03 18:37:08,18.8,50.8,124.10895104166669,33.74146341463415,31.51219512195122
805,2020-07-03 18:37:29,2020-07-03 19:08:19,50.8,80.0,123.33001512557075,37.17204301075269,35.026881720430104
806,2020-07-03 19:08:40,2020-07-03 19:33:10,80.4,97.6,127.06800444121455,38.0,36.0
807,2020-07-04 19:15:20,2020-07-04 19:38:20,52.0,73.2,126.36400183438154,30.697841726618705,29.971223021582734
808,2020-07-04 19:38:41,2020-07-04 20:10:21,73.6,97.6,125.31887702546297,31.94764397905759,31.413612565445025
809,2020-07-05 04:21:36,2020-07-05 04:42:26,36.8,56.4,123.97888867630384,33.111111111111114,31.49206349206349
810,2020-07-05 04:42:47,2020-07-05 05:12:17,56.8,84.4,124.66335160024151,35.353932584269664,33.662921348314605
811,2020-07-05 05:12:38,2020-07-05 05:32:28,84.8,97.6,129.45313802083336,36.0,34.708333333333336
812,2020-07-05 17:44:48,2020-07-05 19:39:24,9.2,97.6,125.05392633075667,41.812790697674416,39.532558139534885
813,2020-07-06 01:40:08,2020-07-06 02:08:18,41.6,68.4,124.71861427238807,39.51176470588236,36.64705882352941
814,2020-07-06 02:08:39,2020-07-06 02:40:49,68.8,95.2,125.99327877735689,40.55670103092783,38.0
815,2020-07-06 15:13:59,2020-07-06 15:42:49,28.4,55.2,125.01556871890544,40.08620689655172,38.39080459770115
816,2020-07-06 15:43:50,2020-07-06 16:25:53,56.0,92.8,124.65910858620173,42.73622047244095,41.17716535433071
817,2020-07-07 03:51:38,2020-07-07 04:22:38,9.6,38.4,125.51697202932101,36.62566844919786,34.45989304812834
818,2020-07-07 04:22:59,2020-07-07 04:51:29,38.8,65.6,124.03140189676618,39.7093023255814,37.575581395348834
819,2020-07-07 04:51:50,2020-07-07 05:32:27,66.0,97.6,127.06961110232069,41.67886178861789,39.41463414634146
820,2020-07-07 15:02:16,2020-07-07 15:31:56,38.4,66.0,124.68600795088567,42.022346368715084,40.3463687150838
821,2020-07-07 15:32:17,2020-07-07 15:53:07,66.4,85.6,125.87747743055564,43.76984126984127,42.0
822,2020-07-08 02:37:08,2020-07-08 02:54:48,4.8,21.2,125.42852252710024,37.0,34.981308411214954
823,2020-07-08 02:55:09,2020-07-08 03:29:25,21.6,53.6,124.78462082465273,37.830917874396135,35.78743961352657
824,2020-07-08 03:29:46,2020-07-08 03:46:43,53.6,69.6,123.44668668402781,40.13592233009709,37.922330097087375
825,2020-07-08 03:47:04,2020-07-08 04:18:34,70.0,94.8,128.8384805107527,41.0,38.8
826,2020-07-08 17:09:06,2020-07-08 17:54:40,16.8,59.6,124.34454218912254,39.28,37.28
827,2020-07-08 17:55:01,2020-07-08 18:31:31,59.6,92.0,123.78816640946502,41.986363636363635,39.94090909090909
828,2020-07-09 14:20:13,2020-07-09 14:50:33,45.2,74.0,123.01602305169754,39.56284153005465,38.32786885245902
829,2020-07-09 14:50:54,2020-07-09 15:17:54,74.0,95.2,126.06526264412996,41.0,39.75460122699386
830,2020-07-09 23:07:45,2020-07-09 23:37:55,30.8,59.2,123.90649804381846,39.53846153846154,37.30769230769231
831,2020-07-09 23:38:16,2020-07-10 00:06:06,59.2,85.2,124.78686276709401,41.660714285714285,39.45238095238095
832,2020-07-10 02:47:25,2020-07-10 03:19:15,65.2,92.8,125.90532110507253,40.859375,38.0
833,2020-07-10 16:30:02,2020-07-10 16:50:22,8.400001,27.6,123.54818301176877,39.08130081300813,37.9349593495935
834,2020-07-10 16:50:43,2020-07-10 17:22:53,28.0,58.0,125.03888351851853,41.47422680412371,40.05154639175258
835,2020-07-10 17:23:14,2020-07-10 17:50:04,58.4,83.6,124.16500688932983,43.82716049382716,42.31481481481482
836,2020-07-10 17:50:25,2020-07-10 18:11:25,84.0,97.6,130.53512867647066,44.0,43.0
837,2020-07-10 23:08:46,2020-07-10 23:37:26,52.0,69.2,124.45660876937986,42.0,39.0
838,2020-07-10 23:37:47,2020-07-11 00:02:07,69.2,83.6,126.1728958333334,42.0,39.0
839,2020-07-11 07:11:16,2020-07-11 07:35:16,42.4,56.8,125.30577623456793,35.43448275862069,33.48275862068966
840,2020-07-11 07:35:37,2020-07-11 08:04:57,57.2,74.8,125.29358838383845,36.50282485875706,34.85875706214689
841,2020-07-11 08:05:18,2020-07-11 08:33:38,74.8,91.6,126.84609292328047,37.0,35.0
842,2020-07-11 22:05:48,2020-07-11 22:32:28,44.8,61.2,122.7642818428184,39.50310559006211,37.440993788819874
843,2020-07-11 22:32:49,2020-07-11 23:03:19,61.2,79.6,125.14951177536243,40.0,38.0
844,2020-07-12 03:50:01,2020-07-12 04:20:11,37.6,55.6,125.10032770061727,40.18131868131868,37.63186813186813
845,2020-07-12 04:20:32,2020-07-12 04:51:42,56.0,74.0,123.90511180555556,41.0,39.0
846,2020-07-12 04:52:03,2020-07-12 05:22:43,74.0,90.8,125.3108611937831,41.0,39.0
847,2020-07-12 15:06:30,2020-07-12 16:26:17,16.8,81.2,123.62314936594201,42.123539232053425,40.40233722871452
848,2020-07-12 20:23:17,2020-07-12 20:50:17,50.4,75.2,126.1452768257168,41.828220858895705,39.69938650306749
849,2020-07-12 21:00:48,2020-07-12 21:18:18,75.2,90.4,124.53765478801164,41.35849056603774,39.594339622641506
850,2020-07-13 18:21:24,2020-07-13 18:45:14,44.8,66.4,126.82613014403287,38.0625,37.3125
851,2020-07-13 18:45:35,2020-07-13 19:06:20,66.8,86.0,124.29130572193286,39.31496062992126,38.40157480314961
852,2020-07-13 19:06:41,2020-07-13 19:24:51,86.0,97.6,126.17215601053644,40.0,39.0
853,2020-07-14 16:53:03,2020-07-14 17:23:13,12.0,40.0,125.12550853174602,43.527472527472526,41.83516483516483
854,2020-07-14 17:23:34,2020-07-14 17:54:48,40.4,68.8,125.04676789906108,46.310526315789474,44.82631578947368
855,2020-07-14 17:55:09,2020-07-14 18:22:29,69.2,90.8,125.97673926183133,47.85454545454545,46.0
856,2020-07-15 03:14:18,2020-07-15 03:42:18,55.6,81.6,125.54006736111117,42.30177514792899,39.64497041420118
857,2020-07-15 03:42:39,2020-07-15 04:07:49,82.0,97.6,127.31838773148154,43.0,40.0
858,2020-07-15 16:02:44,2020-07-15 16:24:44,9.2,29.6,126.98939426742919,44.0,42.07518796992481
859,2020-07-15 16:25:05,2020-07-15 16:57:15,30.0,60.0,123.5213111111111,46.103092783505154,44.391752577319586
860,2020-07-15 16:57:36,2020-07-15 17:25:46,60.4,85.6,125.7319393187831,48.0,46.57058823529412
861,2020-07-15 22:51:15,2020-07-15 23:20:15,50.0,76.4,125.77758575336698,45.777142857142856,42.794285714285714
862,2020-07-15 23:20:36,2020-07-15 23:48:36,76.8,96.0,128.2002701822917,46.171597633136095,43.18934911242604
863,2020-07-16 12:27:50,2020-07-16 12:56:10,73.6,95.6,126.85102159090911,38.64912280701754,37.59649122807018
864,2020-07-16 23:07:36,2020-07-17 00:05:23,31.6,86.0,124.184604564951,41.30414746543779,39.13133640552996
865,2020-07-17 04:14:39,2020-07-17 04:46:49,53.2,83.6,124.64685754751466,40.324742268041234,37.654639175257735
866,2020-07-17 04:47:10,2020-07-17 05:04:00,84.0,95.6,129.88987344348666,41.0,38.009803921568626
867,2020-07-17 15:19:50,2020-07-17 15:42:10,24.0,45.2,123.6517239255765,40.74814814814815,38.98518518518519
868,2020-07-17 15:42:31,2020-07-17 16:12:51,45.6,74.0,125.4181257335681,43.36065573770492,41.622950819672134
869,2020-07-17 16:13:12,2020-07-17 16:36:32,74.4,93.6,125.83405244502323,44.00709219858156,42.99290780141844
870,2020-07-18 01:08:07,2020-07-18 02:23:54,19.6,80.4,124.4177475031981,41.41476274165202,39.17047451669596
871,2020-07-18 08:47:56,2020-07-18 09:17:06,65.2,91.6,125.50819739057243,39.61363636363637,37.49431818181818
872,2020-07-18 18:52:21,2020-07-18 19:16:31,54.0,76.4,125.76016530257937,41.19178082191781,39.9041095890411
873,2020-07-18 19:16:52,2020-07-18 19:47:42,76.4,97.6,124.81983320230614,42.0,40.97849462365591
874,2020-07-19 21:14:41,2020-07-19 21:43:01,52.8,79.2,125.15677114898989,37.03508771929825,35.760233918128655
875,2020-07-19 21:43:22,2020-07-19 22:08:52,79.6,97.6,127.63502878086419,38.0,37.0
876,2020-07-20 02:11:34,2020-07-20 02:36:04,80.0,97.6,126.01407465277781,38.8445945945946,37.0
877,2020-07-20 15:27:20,2020-07-20 16:00:00,41.6,61.6,123.03752722222225,39.68020304568528,38.26903553299493
878,2020-07-20 16:00:21,2020-07-20 16:31:01,62.0,80.4,125.52086111111112,41.0,39.005405405405405
879,2020-07-20 16:31:22,2020-07-20 16:58:22,80.4,96.4,127.11461145833336,41.0,39.97546012269939
880,2020-07-21 03:46:13,2020-07-21 04:14:23,24.8,51.2,123.96624510732326,39.205882352941174,36.98235294117647
881,2020-07-21 04:14:44,2020-07-21 04:46:54,51.6,81.6,124.64909199074079,41.90721649484536,39.74226804123711
882,2020-07-21 04:47:15,2020-07-21 05:10:25,82.0,97.6,126.73702644230778,43.0,40.25714285714286
883,2020-07-21 10:50:07,2020-07-21 11:16:37,72.4,94.0,126.33617399691362,39.0,37.95
884,2020-07-21 15:20:16,2020-07-21 16:07:46,55.2,95.2,126.10545722569444,39.747899159663866,36.95518207282913
885,2020-07-22 00:38:05,2020-07-22 01:11:25,39.2,70.4,124.64743625356125,39.41293532338308,37.21393034825871
886,2020-07-22 01:11:46,2020-07-22 01:40:06,70.8,94.0,126.44875299329502,41.005847953216374,39.0
887,2020-07-22 17:24:11,2020-07-22 17:52:51,46.4,73.6,122.56845414624189,41.23699421965318,39.895953757225435
888,2020-07-22 17:53:12,2020-07-22 18:18:52,73.6,94.4,124.66816005608968,42.593548387096774,41.038709677419355
889,2020-07-23 14:28:18,2020-07-23 14:48:08,7.6,26.4,124.72812706855794,41.94166666666667,40.016666666666666
890,2020-07-23 14:48:29,2020-07-23 15:22:59,26.8,59.2,124.59447397976678,44.46153846153846,42.96634615384615
891,2020-07-23 15:23:20,2020-07-23 15:49:10,59.6,83.6,124.55207592592595,47.44230769230769,45.98717948717949
892,2020-07-23 15:49:31,2020-07-23 16:12:21,84.0,97.6,129.4669439338236,48.0,47.0
893,2020-07-24 08:18:45,2020-07-24 08:38:45,49.2,67.6,127.14902309782615,34.603305785123965,32.6198347107438
894,2020-07-24 08:39:06,2020-07-24 09:06:16,68.0,91.6,124.0372225753296,35.853658536585364,34.1280487804878
895,2020-07-24 16:50:37,2020-07-24 17:20:17,50.8,78.8,124.75944226190478,42.88826815642458,41.16201117318436
896,2020-07-24 17:20:38,2020-07-24 17:38:18,79.2,92.8,129.79883721405236,44.0,42.0
897,2020-07-25 19:06:19,2020-07-25 19:35:19,17.6,35.6,124.76081481481485,42.325714285714284,40.46857142857143
898,2020-07-25 19:35:40,2020-07-25 20:02:00,36.0,52.4,122.04185204945799,43.79874213836478,42.22012578616352
899,2020-07-25 20:02:21,2020-07-25 20:33:31,52.4,71.2,121.26923020094563,45.0,43.70744680851064
900,2020-07-25 20:33:52,2020-07-25 20:55:02,71.2,83.2,124.47455694444449,45.0,44.0
901,2020-07-25 21:03:03,2020-07-25 21:20:53,87.2,97.6,127.18750106837618,44.574074074074076,43.0
902,2020-07-26 05:25:08,2020-07-26 05:55:28,42.4,70.8,123.54067077464788,42.333333333333336,39.90710382513661
903,2020-07-26 05:55:49,2020-07-26 06:23:09,71.2,93.6,126.18364329117067,43.8969696969697,41.23030303030303
904,2020-07-26 14:13:34,2020-07-26 14:32:24,24.8,42.4,124.0798711332071,44.1578947368421,42.41228070175438
905,2020-07-26 14:32:45,2020-07-26 15:03:25,42.4,70.8,122.85017185054777,46.34594594594594,44.64324324324324
906,2020-07-26 15:03:46,2020-07-26 15:25:36,70.8,88.8,124.43134027777782,47.84848484848485,46.0
907,2020-07-26 20:06:53,2020-07-26 20:37:43,38.0,66.0,124.44249464285717,48.204301075268816,45.473118279569896
908,2020-07-26 20:38:04,2020-07-26 21:10:04,66.4,91.6,127.0012458664022,49.0,47.0
909,2020-07-27 03:23:06,2020-07-27 03:43:46,53.6,72.8,125.49696621817132,43.0,39.544
910,2020-07-27 03:44:07,2020-07-27 04:11:17,73.2,95.2,124.51894280303031,43.359756097560975,40.0
911,2020-07-27 12:33:23,2020-07-27 12:59:43,42.8,67.6,123.5764017697133,39.83647798742138,38.339622641509436
912,2020-07-27 13:00:04,2020-07-27 13:19:34,67.6,86.0,123.31899871678742,41.186440677966104,39.91525423728814
913,2020-07-27 19:18:55,2020-07-27 19:49:15,49.6,67.6,126.10799660493832,42.54644808743169,40.7103825136612
914,2020-07-28 04:41:15,2020-07-28 05:09:25,28.4,54.8,124.23821590909093,39.34705882352941,37.370588235294115
915,2020-07-28 05:09:46,2020-07-28 05:39:36,55.2,83.2,124.07142857142861,41.861111111111114,39.861111111111114
916,2020-07-28 05:39:57,2020-07-28 06:00:57,83.6,97.6,126.40077480158732,43.0,40.425196850393704
917,2020-07-28 16:13:50,2020-07-28 16:33:00,18.8,36.4,127.59157307449497,40.01724137931034,38.525862068965516
918,2020-07-28 16:33:21,2020-07-28 17:07:51,36.8,70.0,121.7675170264391,43.06730769230769,41.71634615384615
919,2020-07-28 17:08:12,2020-07-28 17:33:42,70.0,90.4,124.37502995642701,44.84415584415584,43.077922077922075
920,2020-07-29 02:57:59,2020-07-29 03:19:09,17.2,29.6,128.30872020609317,40.0,38.0
921,2020-07-29 04:08:51,2020-07-29 04:34:21,29.6,45.2,122.47420806623934,40.064935064935064,37.896103896103895
922,2020-07-29 04:34:42,2020-07-29 04:56:42,45.2,58.8,121.59316421568636,41.38345864661654,39.27067669172932
923,2020-07-29 06:42:06,2020-07-29 07:02:06,58.8,70.8,125.30211111111116,39.12396694214876,37.0
924,2020-07-29 14:54:49,2020-07-29 15:25:29,18.0,46.4,125.5609518779343,42.03243243243243,40.74054054054054
925,2020-07-29 15:25:50,2020-07-29 15:54:40,46.8,73.6,122.76690961857383,45.270114942528735,44.04597701149425
926,2020-07-29 23:40:43,2020-07-30 00:01:23,18.0,37.2,125.9281155960648,40.088,37.352
927,2020-07-30 00:01:44,2020-07-30 00:28:54,37.6,63.2,124.18621842447916,42.048780487804876,39.59146341463415
928,2020-07-30 00:29:15,2020-07-30 00:58:35,63.6,90.0,124.99897916666669,43.19774011299435,41.0
929,2020-07-30 14:32:02,2020-07-30 15:01:02,51.6,78.4,127.10094910862352,41.57714285714286,40.02285714285714
930,2020-07-30 15:01:23,2020-07-30 15:27:13,78.8,97.6,126.7220944887707,42.86538461538461,41.0
931,2020-07-31 00:48:24,2020-07-31 01:18:24,29.6,45.6,124.79338211805553,38.767955801104975,36.72375690607735
932,2020-07-31 01:18:45,2020-07-31 01:46:15,45.6,61.2,117.28986289173787,39.94578313253012,37.96987951807229
933,2020-07-31 01:46:36,2020-07-31 02:10:56,61.2,74.4,122.68621643518516,40.0,38.0
934,2020-07-31 02:11:17,2020-07-31 02:40:07,74.8,90.0,126.23901279239765,40.0,38.0
935,2020-07-31 17:22:19,2020-07-31 17:45:19,22.4,43.6,127.18817583857442,35.51798561151079,33.52517985611511
936,2020-07-31 17:45:40,2020-07-31 18:10:30,44.0,68.0,121.52603628472225,38.39333333333333,36.61333333333334
937,2020-07-31 18:10:51,2020-07-31 18:32:31,68.4,88.4,125.59859805555553,40.038167938931295,38.221374045801525
938,2020-08-01 14:10:02,2020-08-01 14:41:32,52.4,69.2,124.7089656084656,32.98421052631579,31.99473684210526
939,2020-08-01 14:41:53,2020-08-01 15:09:13,69.6,84.0,126.28083796296292,33.30909090909091,32.07272727272727
940,2020-08-01 15:09:34,2020-08-01 15:36:14,84.0,97.6,126.58595874183011,34.0,32.98136645962733
941,2020-08-02 01:48:39,2020-08-02 02:59:30,26.0,90.8,124.5937424747085,35.79887218045113,33.8984962406015
942,2020-08-02 15:19:56,2020-08-02 16:01:02,45.6,84.0,124.42959877387155,33.996763754045304,32.24595469255664
943,2020-08-03 00:48:16,2020-08-03 02:19:24,18.4,97.6,123.76476590207635,36.744152046783626,35.03947368421053
944,2020-08-03 16:50:12,2020-08-03 18:10:07,14.8,89.2,123.60016174021804,35.98833333333334,33.825
945,2020-08-03 23:52:21,2020-08-04 00:19:41,55.6,81.2,124.43846381293402,36.26060606060606,33.75151515151515
946,2020-08-04 00:20:02,2020-08-04 00:44:22,81.2,97.6,125.39634256436322,37.0,34.89795918367347
947,2020-08-04 11:54:20,2020-08-04 12:58:55,37.6,94.4,124.79422550127153,35.4701030927835,33.84948453608247
948,2020-08-04 23:39:46,2020-08-05 00:05:16,51.2,75.2,123.8252181712963,37.383116883116884,35.72077922077922
949,2020-08-05 22:24:18,2020-08-05 22:58:48,9.6,42.0,124.34328995198902,31.45673076923077,29.72596153846154
950,2020-08-05 22:59:09,2020-08-05 23:25:09,42.0,66.4,124.39663820582876,34.63057324840764,33.038216560509554
951,2020-08-05 23:25:30,2020-08-05 23:44:00,66.8,84.0,125.6468185562016,36.330357142857146,34.67857142857143
952,2020-08-06 04:48:35,2020-08-06 05:18:35,56.4,84.4,125.91220431547615,35.11602209944751,32.65745856353591
953,2020-08-06 05:18:56,2020-08-06 05:39:26,84.8,97.6,125.04885253906252,36.0,33.04838709677419
954,2020-08-06 14:13:13,2020-08-06 14:31:03,20.4,36.8,126.63786771680219,37.416666666666664,35.907407407407405
955,2020-08-06 14:31:24,2020-08-06 15:02:14,37.2,66.4,122.92809132420092,40.01075268817204,38.774193548387096
956,2020-08-06 15:02:35,2020-08-06 15:40:43,66.4,97.2,124.68096775342714,42.47186147186147,40.84415584415584
957,2020-08-07 01:29:04,2020-08-07 01:57:54,32.4,59.6,123.58455004084968,38.81609195402299,36.793103448275865
958,2020-08-07 01:58:15,2020-08-07 02:25:35,60.0,85.6,124.5122559136285,40.93333333333333,38.878787878787875
959,2020-08-07 02:25:56,2020-08-07 02:44:26,86.0,97.6,129.54741954022995,41.0,39.0
960,2020-08-07 13:43:31,2020-08-07 14:33:09,34.0,74.0,123.79434950347223,38.702412868632706,37.10455764075067
961,2020-08-07 17:26:19,2020-08-07 18:11:25,38.4,74.8,123.68369085012212,41.769911504424776,40.29498525073746
962,2020-08-08 01:03:25,2020-08-08 01:35:35,18.4,48.4,125.97083254629628,39.91237113402062,37.69072164948454
963,2020-08-08 01:35:56,2020-08-08 02:00:36,48.8,72.4,122.80484875235402,42.711409395973156,40.49664429530201
964,2020-08-08 02:00:57,2020-08-08 02:19:17,72.8,89.2,127.84638473915986,43.85585585585586,41.153153153153156
965,2020-08-08 08:53:20,2020-08-08 09:17:30,36.0,58.8,124.05885873538014,38.43835616438356,35.8013698630137
966,2020-08-08 09:17:51,2020-08-08 09:45:31,59.2,84.8,126.46702609592018,40.34730538922156,37.89820359281437
967,2020-08-08 09:45:52,2020-08-08 10:04:52,85.2,97.6,127.41265277777786,41.0,38.74782608695652
968,2020-08-08 23:43:32,2020-08-09 00:12:42,24.0,51.2,125.02807674632352,40.35227272727273,38.19318181818182
969,2020-08-09 00:13:03,2020-08-09 00:41:33,51.6,78.4,124.02155431177444,43.06976744186046,40.877906976744185
970,2020-08-09 00:41:54,2020-08-09 01:08:14,78.4,97.6,126.31149905960655,44.0,42.0
971,2020-08-09 15:59:27,2020-08-09 16:18:37,36.4,49.6,122.00545075757574,40.706896551724135,39.10344827586207
972,2020-08-09 16:18:58,2020-08-09 16:49:28,49.6,70.4,123.18373731303416,41.79891304347826,40.07608695652174
973,2020-08-09 16:49:49,2020-08-09 17:23:29,70.4,92.8,124.57463070436512,42.0,40.039408866995075
974,2020-08-10 10:41:44,2020-08-10 11:14:54,58.4,80.4,126.64644053030298,36.0,34.47
975,2020-08-10 11:15:15,2020-08-10 11:42:05,80.8,97.6,127.76783961640213,36.0,35.0
976,2020-08-10 21:51:40,2020-08-10 22:18:10,27.6,52.8,122.9458948963845,40.20625,38.475
977,2020-08-10 22:18:31,2020-08-10 22:54:30,53.2,87.2,123.81235440359477,43.0184331797235,41.24884792626728
978,2020-08-10 22:54:51,2020-08-10 23:11:51,87.2,97.6,125.9602313034189,44.0,42.0
979,2020-08-11 15:22:49,2020-08-11 15:49:59,32.0,57.6,123.56120203993058,41.47560975609756,40.09756097560975
980,2020-08-11 15:50:20,2020-08-11 16:19:20,58.0,85.2,124.12735574959153,43.65714285714286,42.417142857142856
981,2020-08-11 16:19:41,2020-08-11 16:37:51,85.6,97.2,128.82422605363973,44.0,43.0
982,2020-08-12 06:23:49,2020-08-12 06:54:49,54.4,73.2,122.75933599290781,34.0,31.518716577540108
983,2020-08-12 06:55:10,2020-08-12 07:21:40,73.2,89.2,123.3819720486111,34.0,32.0
984,2020-08-13 11:50:57,2020-08-13 12:11:47,34.4,46.8,125.19268234767027,32.166666666666664,30.928571428571427
985,2020-08-13 12:12:08,2020-08-13 12:40:38,46.8,64.4,120.63923153409087,33.68023255813954,32.58720930232558
986,2020-08-13 12:40:59,2020-08-13 13:00:39,64.4,76.4,122.12039999999999,34.80672268907563,33.0
987,2020-08-13 19:27:26,2020-08-13 19:57:56,45.2,63.6,124.32065217391306,33.64673913043478,31.92391304347826
988,2020-08-13 19:58:17,2020-08-13 20:29:47,64.0,82.8,125.66489361702129,34.83157894736842,33.0
989,2020-08-13 20:30:08,2020-08-13 20:55:08,82.8,97.6,126.68918918918921,35.0,33.0
990,2020-08-14 14:11:29,2020-08-14 14:42:19,53.6,82.4,124.84470862268515,34.70967741935484,32.806451612903224
991,2020-08-14 14:42:40,2020-08-14 15:04:50,82.4,97.6,125.40570157163751,35.0,33.06716417910448
992,2020-08-14 21:01:19,2020-08-14 21:29:39,43.2,62.0,126.00253693853432,36.45614035087719,33.71345029239766
993,2020-08-14 21:30:00,2020-08-14 22:00:00,62.4,82.4,125.47641388888886,37.0,34.93922651933702
994,2020-08-14 22:00:21,2020-08-14 22:24:41,82.4,97.6,126.62283369883052,37.605442176870746,35.0
995,2020-08-15 04:00:41,2020-08-15 04:19:31,24.8,42.4,125.45219057765158,37.578947368421055,34.98245614035088
996,2020-08-15 04:19:52,2020-08-15 04:47:02,42.8,68.8,122.42897975427351,40.15243902439025,37.66463414634146
997,2020-08-15 04:47:23,2020-08-15 05:08:53,69.2,88.8,124.79098703231297,41.46923076923077,39.0
998,2020-08-15 14:00:45,2020-08-15 14:26:55,42.4,67.2,123.1703702396953,38.01898734177215,35.96835443037975
999,2020-08-15 14:27:16,2020-08-15 14:57:36,67.6,92.8,127.38701945546738,39.68306010928962,37.75409836065574
1000,2020-08-16 00:16:34,2020-08-16 00:47:04,40.0,68.4,125.08705555555555,38.29347826086956,35.78260869565217
1001,2020-08-16 00:47:25,2020-08-16 01:19:45,68.8,95.2,124.58019076178446,39.8974358974359,37.14871794871795
1002,2020-08-16 09:41:32,2020-08-16 10:13:12,44.0,73.6,124.7245737143394,36.52356020942408,34.25130890052356
1003,2020-08-16 10:13:33,2020-08-16 10:43:53,74.0,97.2,124.9622931633142,38.0,35.69945355191257
1004,2020-08-16 21:41:18,2020-08-16 22:12:28,26.8,56.0,124.85352116628621,37.79255319148936,36.015957446808514
1005,2020-08-16 22:12:49,2020-08-16 22:40:49,56.4,82.8,123.98833754208758,40.349112426035504,38.10059171597633
1006,2020-08-16 22:41:10,2020-08-16 23:02:40,82.8,97.6,125.94596903153155,41.0,38.46153846153846
1007,2020-08-17 14:45:27,2020-08-17 15:14:17,68.4,85.6,125.73078205749361,32.85057471264368,30.95977011494253
1008,2020-08-17 21:43:45,2020-08-17 22:09:05,65.6,88.8,124.625861170977,35.30065359477124,34.130718954248366
1009,2020-08-18 06:10:14,2020-08-18 06:39:43,49.2,77.2,122.8185487202381,36.44134078212291,34.50837988826816
1010,2020-08-18 06:40:04,2020-08-18 07:08:14,77.6,97.6,128.06737097222222,37.84117647058824,35.976470588235294
1011,2020-08-18 15:47:31,2020-08-18 16:14:31,38.0,63.6,123.82540315755209,39.91411042944785,38.25766871165644
1012,2020-08-18 16:14:52,2020-08-18 16:38:04,64.0,85.6,126.13457436342597,41.652482269503544,40.01418439716312
1013,2020-08-18 23:05:39,2020-08-18 23:33:59,63.6,82.8,123.11995088252317,36.0,31.982456140350877
1014,2020-08-18 23:34:20,2020-08-18 23:58:00,82.8,97.6,125.91030593093096,36.0,32.05594405594405
1015,2020-08-19 05:28:02,2020-08-19 05:50:03,83.2,97.6,126.01438186728404,33.0,30.0
1016,2020-08-19 18:41:31,2020-08-19 18:59:51,19.2,36.4,125.09608648255812,30.117117117117118,28.61261261261261
1017,2020-08-19 19:00:12,2020-08-19 19:30:42,36.4,65.6,122.57323877473362,33.32608695652174,31.847826086956523
1018,2020-08-19 19:31:03,2020-08-19 19:57:33,66.0,90.0,123.3790392939815,35.64375,34.30625
1019,2020-08-20 13:02:30,2020-08-20 13:32:50,24.8,53.2,125.10566378129894,36.39890710382514,34.666666666666664
1020,2020-08-20 13:33:11,2020-08-20 14:08:01,53.6,86.4,124.59349059959348,39.48571428571429,38.03809523809524
1021,2020-08-20 21:32:07,2020-08-20 22:00:37,49.6,76.0,125.53875126262628,38.97674418604651,37.06395348837209
1022,2020-08-20 22:00:58,2020-08-20 22:29:53,76.4,97.6,127.25762093815523,40.0,38.0
1023,2020-08-21 03:00:13,2020-08-21 03:16:53,54.8,70.4,125.07569889601132,38.851485148514854,35.86138613861386
1024,2020-08-21 03:17:14,2020-08-21 03:44:04,70.4,92.8,125.341648561508,39.51851851851852,36.76543209876543
1025,2020-08-21 11:33:02,2020-08-21 12:03:52,36.4,65.2,123.6694875578704,37.806451612903224,35.844086021505376
1026,2020-08-21 12:59:25,2020-08-21 13:25:45,76.4,96.0,126.664547760771,38.62264150943396,36.0
1027,2020-08-22 00:56:48,2020-08-22 01:13:58,42.0,52.4,124.34831810897435,35.46153846153846,34.04807692307692
1028,2020-08-22 01:38:49,2020-08-22 01:59:29,52.0,64.4,125.55894388440856,36.144,34.792
1029,2020-08-22 01:59:50,2020-08-22 02:32:40,64.8,84.4,126.19617304421764,37.0,35.0
1030,2020-08-22 02:33:01,2020-08-22 02:56:51,84.4,97.6,125.71341393097661,37.0,35.27777777777778
1031,2020-08-22 20:39:06,2020-08-22 21:06:56,12.8,22.4,125.15330815972219,34.0,32.42261904761905
1032,2020-08-22 21:07:17,2020-08-22 21:34:07,22.4,31.6,125.9027291666666,34.0,32.44444444444444
1033,2020-08-22 21:34:28,2020-08-22 22:02:48,32.0,41.6,127.40157118055548,34.88304093567251,33.0
1034,2020-08-22 22:03:09,2020-08-22 22:31:29,41.6,52.0,117.6014503205128,35.50292397660819,33.941520467836256
1035,2020-08-22 22:31:50,2020-08-22 23:00:30,52.0,62.4,118.98499679487178,36.0,34.0
1036,2020-08-22 23:00:51,2020-08-22 23:30:21,62.4,73.2,117.9089050925925,36.0,34.0
1037,2020-08-22 23:30:42,2020-08-22 23:58:32,73.2,82.8,125.15330815972223,36.0,34.0
1038,2020-08-22 23:58:53,2020-08-23 00:29:23,82.8,93.2,126.59450240384602,36.0,34.0
1039,2020-08-23 04:52:20,2020-08-23 05:19:50,56.4,74.8,123.7855019625604,35.0,33.0
1040,2020-08-23 05:20:11,2020-08-23 05:52:11,74.8,95.2,126.15607189542484,35.512953367875646,33.60621761658031
1041,2020-08-23 12:07:24,2020-08-23 12:35:34,76.8,92.4,126.42898290598285,36.0,34.31764705882353
1042,2020-08-23 21:01:44,2020-08-23 23:59:43,18.4,72.4,122.82395882973248,39.82621722846442,37.93033707865168
1043,2020-08-24 00:00:07,2020-08-24 00:54:09,72.4,88.4,126.06661371527777,40.0,38.0
1044,2020-08-24 11:14:42,2020-08-24 11:50:12,30.0,64.4,122.4628732638889,38.82710280373832,37.16822429906542
1045,2020-08-24 11:50:33,2020-08-24 12:23:13,64.4,93.2,123.50070052083338,41.46192893401015,39.77157360406091
1046,2020-08-24 19:18:35,2020-08-24 19:58:25,36.8,60.8,124.02028043981484,42.5625,40.86666666666667
1047,2020-08-24 19:58:46,2020-08-24 20:29:26,60.8,78.4,124.02542645202016,43.0,41.0
1048,2020-08-25 01:30:06,2020-08-25 01:59:26,42.0,60.0,123.8719415123457,40.21468926553672,37.33898305084746
1049,2020-08-25 01:59:47,2020-08-25 02:26:57,60.0,76.8,123.16636292989425,41.0,38.0
1050,2020-08-25 02:27:18,2020-08-25 02:59:48,76.8,96.4,126.29679634353738,41.0,38.0
1051,2020-08-25 19:25:26,2020-08-25 19:42:46,1.2,12.0,120.90409066358028,41.0,39.84761904761905
1052,2020-08-25 19:43:07,2020-08-25 20:10:17,12.0,28.4,124.75612516937673,40.609756097560975,39.01219512195122
1053,2020-08-25 20:29:38,2020-08-25 20:48:08,28.4,39.6,123.91619828869045,41.026785714285715,39.6875
1054,2020-08-25 20:48:29,2020-08-25 21:15:36,39.6,56.4,121.32947465277782,42.42424242424242,40.7939393939394
1055,2020-08-25 21:15:57,2020-08-25 21:44:47,56.4,74.0,123.19605003156565,43.0,42.0
1056,2020-08-25 21:45:08,2020-08-25 22:19:28,74.4,94.8,126.61359014161226,43.932367149758456,42.0
1057,2020-08-26 12:27:52,2020-08-26 12:52:42,52.8,67.6,125.63344641516518,38.0,36.0
1058,2020-08-26 12:53:03,2020-08-26 13:19:33,67.6,83.6,124.21875,38.0,36.25625
1059,2020-08-26 13:19:54,2020-08-26 13:43:14,84.0,97.6,128.67647058823536,38.0,37.0
1060,2020-08-27 10:13:26,2020-08-27 11:43:45,28.0,97.6,123.67705355204343,33.6976401179941,32.61209439528024
1061,2020-08-27 18:20:55,2020-08-27 18:55:15,61.6,91.6,125.18426546296301,39.8792270531401,38.69565217391305
1062,2020-08-28 03:49:28,2020-08-28 05:16:27,31.2,97.6,125.32224972807897,38.18989280245023,36.505359877488516
1063,2020-08-28 10:06:19,2020-08-28 10:34:59,62.0,81.2,122.74814836516205,39.0,37.0
1064,2020-08-28 10:35:20,2020-08-28 11:01:50,81.2,97.6,125.99085467479676,39.26875,37.01875
1065,2020-08-28 22:23:42,2020-08-28 22:40:32,8.0,24.0,124.2100817708333,39.0,37.029411764705884
1066,2020-08-28 22:40:53,2020-08-28 23:11:03,24.4,53.2,123.678155623071,40.46153846153846,38.52197802197802
1067,2020-08-28 23:11:24,2020-08-28 23:40:44,53.6,81.6,123.75396269841275,43.03389830508475,40.87570621468927
1068,2020-08-29 14:31:40,2020-08-29 14:57:10,36.0,60.0,123.54110462962964,39.83116883116883,38.357142857142854
1069,2020-08-29 14:57:31,2020-08-29 15:23:21,60.4,84.8,123.13127538706743,41.77564102564103,40.416666666666664
1070,2020-08-29 15:23:42,2020-08-29 15:42:12,84.8,97.2,123.01525011200711,42.0,41.0
1071,2020-08-29 20:21:26,2020-08-29 20:44:36,80.8,97.6,124.88011235119048,41.0,38.0
1072,2020-08-30 00:54:03,2020-08-30 01:22:43,67.2,92.0,125.92462001568101,38.907514450867055,36.49710982658959
1073,2020-08-30 20:42:44,2020-08-30 21:08:54,20.0,28.8,123.93624147727269,37.0,36.0
1074,2020-08-30 21:09:15,2020-08-30 21:35:05,28.8,37.6,122.3484880050505,37.705128205128204,36.25
1075,2020-08-30 21:44:26,2020-08-30 22:17:06,36.8,48.0,121.548861235119,38.29441624365482,37.04060913705584
1076,2020-08-30 22:17:27,2020-08-30 22:49:57,48.0,59.2,120.90773809523805,39.0,38.0
1077,2020-08-30 22:50:18,2020-08-30 23:17:58,59.6,68.8,125.30193236714982,39.0,38.0
1078,2020-08-30 23:18:19,2020-08-30 23:47:59,68.8,78.8,123.61388916666667,39.0,38.0
1079,2020-08-30 23:48:20,2020-08-31 00:17:40,79.2,88.8,127.31481481481488,39.0,37.47457627118644
1080,2020-08-31 00:18:01,2020-08-31 00:47:21,88.8,97.6,128.04764930555558,39.0,37.18079096045198
1081,2020-08-31 06:54:43,2020-08-31 07:20:53,54.8,70.4,125.80751486823354,33.860759493670884,30.924050632911392
1082,2020-08-31 07:47:05,2020-08-31 08:19:45,78.0,97.6,124.78318494897964,34.0,31.65989847715736
1083,2020-08-31 17:53:18,2020-08-31 18:20:28,35.2,61.2,122.09029519230772,38.84756097560975,37.36585365853659
1084,2020-08-31 18:20:49,2020-08-31 18:58:09,61.6,93.6,124.86199609375002,41.32888888888889,39.63111111111111
1085,2020-09-01 01:21:09,2020-09-01 01:51:39,44.4,63.2,121.94594902482265,39.45108695652174,36.65760869565217
1086,2020-09-01 01:52:00,2020-09-01 02:23:10,63.2,82.4,122.02838353587964,40.0,37.0
1087,2020-09-01 02:53:22,2020-09-01 03:12:12,86.4,97.6,126.01189434523819,40.0,37.0
1088,2020-09-01 05:58:01,2020-09-01 06:15:21,86.4,97.6,125.59278149801602,38.23809523809524,36.0
1089,2020-09-01 12:28:55,2020-09-01 12:48:35,51.2,64.4,123.92674452861951,39.0,38.0
1090,2020-09-01 12:48:56,2020-09-01 13:18:06,64.8,84.0,126.43516956018519,39.0,38.0
1091,2020-09-01 13:18:27,2020-09-01 13:40:07,84.4,97.6,127.68309680134693,39.0,38.0
1092,2020-09-01 18:39:07,2020-09-01 19:07:27,36.8,63.2,122.99296990740739,45.046783625730995,43.05263157894737
1093,2020-09-01 19:07:48,2020-09-01 19:35:38,63.6,87.6,123.87385555555556,46.351190476190474,44.0
1094,2020-09-01 19:35:59,2020-09-01 19:52:49,88.0,97.6,130.48469357638896,46.0,44.0
1095,2020-09-02 15:57:21,2020-09-02 16:15:21,39.2,56.4,123.02407210917319,40.211009174311926,38.56880733944954
1096,2020-09-02 16:15:42,2020-09-02 16:42:52,56.8,82.4,124.84050922309025,42.58536585365854,40.88414634146341
1097,2020-09-02 21:49:09,2020-09-02 22:19:09,45.6,66.0,123.63560702614377,41.41988950276243,39.46408839779006
1098,2020-09-02 22:19:30,2020-09-02 22:49:20,66.4,86.4,125.46179687499999,42.0,40.0
1099,2020-09-02 22:49:41,2020-09-02 23:07:51,86.4,97.6,126.71256659226202,42.0,40.0
1100,2020-09-03 04:41:21,2020-09-03 05:09:21,47.6,74.0,123.63163315446128,42.22485207100592,39.396449704142015
1101,2020-09-03 05:09:42,2020-09-03 05:33:32,74.4,93.6,125.49914134837972,43.0,40.638888888888886
1102,2020-09-03 12:15:17,2020-09-03 12:46:17,66.8,93.2,125.61711773989896,41.53475935828877,39.63636363636363
1103,2020-09-03 23:26:02,2020-09-04 00:37:56,16.4,84.8,122.08558522173489,40.87222222222222,38.62592592592593
1104,2020-09-04 12:56:11,2020-09-04 13:26:11,18.8,47.2,123.2218292253521,36.19889502762431,33.93370165745856
1105,2020-09-04 13:26:32,2020-09-04 13:57:42,47.6,77.6,121.18657236111115,39.45744680851064,37.42553191489362
1106,2020-09-04 13:58:03,2020-09-04 14:25:13,78.0,97.6,126.40378734410436,40.926829268292686,38.94512195121951
1107,2020-09-05 00:32:35,2020-09-05 01:02:55,29.6,58.4,122.96345375192901,38.33879781420765,36.060109289617486
1108,2020-09-05 01:03:16,2020-09-05 01:33:46,58.8,87.6,123.64246648341049,40.79891304347826,38.69565217391305
1109,2020-09-05 06:50:41,2020-09-05 07:19:01,76.4,97.6,124.90829048742145,38.0,35.02923976608187
1110,2020-09-05 16:34:06,2020-09-05 17:15:44,67.6,97.6,126.02899074999998,36.72523961661342,35.325878594249204
1111,2020-09-06 02:02:31,2020-09-06 02:21:21,35.2,50.0,124.06720805180183,35.026315789473685,32.50877192982456
1112,2020-09-06 02:21:42,2020-09-06 02:50:54,50.4,72.8,124.693218328373,36.98870056497175,34.67796610169491
1113,2020-09-06 02:51:15,2020-09-06 03:20:45,73.2,94.0,124.08388641826926,38.0,35.95505617977528
1114,2020-09-06 16:37:08,2020-09-06 17:10:08,36.0,68.4,122.50430366941016,40.60301507537689,39.12562814070352
1115,2020-09-06 17:10:29,2020-09-06 17:37:39,68.8,92.4,125.72212223399244,42.61585365853659,41.109756097560975
1116,2020-09-07 01:44:06,2020-09-07 02:14:06,57.6,85.6,124.52978630952387,39.39779005524862,37.19889502762431
1117,2020-09-07 02:14:27,2020-09-07 02:33:07,86.0,97.6,127.97173407567055,40.0,38.0
1118,2020-09-07 10:32:58,2020-09-07 11:04:18,77.2,97.2,125.88402944444445,36.0,33.592592592592595
1119,2020-09-07 20:29:45,2020-09-07 20:47:05,26.0,35.2,121.89764435386472,35.0,33.04761904761905
1120,2020-09-07 20:47:26,2020-09-07 21:16:36,35.2,51.6,118.54844021002712,36.28977272727273,34.44318181818182
1121,2020-09-07 21:16:57,2020-09-07 21:47:17,51.6,68.4,120.36044874338623,37.73770491803279,35.885245901639344
1122,2020-09-07 21:47:38,2020-09-07 22:18:28,68.4,85.2,122.3280396825397,38.0,36.0
1123,2020-09-07 22:18:49,2020-09-07 22:42:29,85.2,97.6,127.202057123656,38.0,36.0
1124,2020-09-08 04:21:55,2020-09-08 04:51:25,62.8,89.6,125.06373766583752,36.81460674157304,34.37640449438202
1125,2020-09-08 17:00:30,2020-09-08 17:19:50,32.4,50.8,122.48187439613527,31.957264957264957,30.675213675213676
1126,2020-09-08 17:20:11,2020-09-08 17:50:31,51.2,80.0,122.69964033564816,34.459016393442624,33.30054644808743
1127,2020-09-08 17:50:52,2020-09-08 18:16:32,80.4,97.6,127.08011862080113,35.935483870967744,34.380645161290325
1128,2020-09-09 01:29:15,2020-09-09 01:55:15,55.6,79.6,126.08392228009264,34.681528662420384,33.146496815286625
1129,2020-09-09 13:56:43,2020-09-09 15:06:14,20.0,86.4,121.81481574422692,34.68390804597701,33.23371647509578
1130,2020-09-10 00:00:09,2020-09-10 00:21:39,59.2,80.0,121.49506283386754,36.253846153846155,34.184615384615384
1131,2020-09-10 07:20:21,2020-09-10 07:43:41,59.2,81.2,123.56375561868687,34.47517730496454,32.638297872340424
1132,2020-09-10 07:44:02,2020-09-10 08:07:12,81.6,97.6,124.96529756944447,35.0,33.3
1133,2020-09-10 18:22:18,2020-09-10 18:53:08,26.0,40.0,123.4513540674603,37.075268817204304,35.75806451612903
1134,2020-09-10 18:53:29,2020-09-10 19:22:19,40.4,54.0,116.3806842320261,38.252873563218394,37.00574712643678
1135,2020-09-10 19:22:40,2020-09-10 19:51:30,54.0,68.8,118.9761313813814,39.0,38.0
1136,2020-09-10 19:51:51,2020-09-10 20:23:01,68.8,88.0,121.47422063078702,39.670212765957444,38.0
1137,2020-09-11 13:43:49,2020-09-11 14:11:39,72.8,95.2,122.47520969742062,38.0,36.63095238095238
1138,2020-09-11 22:15:18,2020-09-11 23:35:37,37.6,97.6,122.18512999074076,38.17412935323383,36.4195688225539
1139,2020-09-12 12:36:52,2020-09-12 13:22:07,27.2,55.6,120.41159055164319,36.68978102189781,34.715328467153284
1140,2020-09-12 13:22:28,2020-09-12 13:58:18,55.6,77.2,119.05737094907407,38.675925925925924,36.898148148148145
1141,2020-09-12 13:58:39,2020-09-12 14:24:19,77.2,91.6,122.68519917052475,39.0,37.0
1142,2020-09-13 00:28:51,2020-09-13 01:02:31,51.6,84.0,121.99973512517148,34.389162561576356,32.12807881773399
1143,2020-09-13 10:14:44,2020-09-13 10:43:44,60.0,87.6,123.4923572866345,33.94285714285714,32.862857142857145
1144,2020-09-13 10:44:05,2020-09-13 11:00:45,88.0,97.6,125.94765972222228,35.0,34.0
1145,2020-09-13 18:53:01,2020-09-13 19:19:01,50.8,75.2,122.67760928961746,37.095541401273884,35.54140127388535
1146,2020-09-13 19:19:22,2020-09-13 19:48:32,75.6,97.2,124.89842592592588,38.0,36.83522727272727
1147,2020-09-14 17:31:38,2020-09-14 18:05:58,28.0,61.2,120.09874548192774,35.28502415458937,33.927536231884055
1148,2020-09-14 18:06:19,2020-09-14 18:33:09,61.6,87.2,121.74046918402779,37.72222222222222,36.32098765432099
1149,2020-09-14 18:33:30,2020-09-14 18:50:30,87.6,97.6,127.32366513888896,38.0,37.0
1150,2020-09-15 05:53:36,2020-09-15 06:21:46,47.2,74.4,120.62551516544117,37.21176470588235,34.94705882352941
1151,2020-09-15 06:22:07,2020-09-15 06:52:27,74.8,97.6,125.89486970029245,38.07103825136612,36.0
1152,2020-09-15 14:45:56,2020-09-15 15:03:26,47.6,64.0,124.38939727303526,33.89622641509434,31.047169811320753
1153,2020-09-15 15:03:47,2020-09-15 15:35:07,64.4,92.0,122.14221623389696,35.455026455026456,32.55555555555556
1154,2020-09-15 23:43:08,2020-09-16 00:07:50,44.4,59.6,120.40553421052631,32.95333333333333,31.053333333333335
1155,2020-09-16 00:08:11,2020-09-16 00:38:11,60.0,77.6,121.23975883838386,34.0,32.0
1156,2020-09-16 00:38:32,2020-09-16 01:12:12,77.6,96.0,124.68148641304344,34.0,32.0
1157,2020-09-16 14:42:03,2020-09-16 14:58:53,8.400001,24.4,122.26131432535996,36.0,34.86274509803921
1158,2020-09-16 14:59:14,2020-09-16 15:32:24,24.8,56.8,120.42927348090286,38.34,36.585
1159,2020-09-16 15:32:45,2020-09-16 16:03:05,57.2,86.0,122.39344381751548,41.0655737704918,39.44808743169399
1160,2020-09-16 23:07:25,2020-09-16 23:24:05,44.4,60.4,121.51388749999998,37.64356435643565,35.12871287128713
1161,2020-09-16 23:24:26,2020-09-16 23:50:46,60.8,86.0,121.80940448633154,38.943396226415096,36.56603773584906
1162,2020-09-16 23:51:07,2020-09-17 00:09:07,86.4,97.6,126.86507986111127,39.03669724770642,37.0
1163,2020-09-17 06:06:35,2020-09-17 06:38:45,17.2,38.4,119.94889937106919,36.47422680412371,33.31443298969072
1164,2020-09-17 06:39:06,2020-09-17 07:09:06,38.4,58.8,117.64433523965143,38.049723756906076,34.94475138121547
1165,2020-09-17 07:09:27,2020-09-17 07:39:17,58.8,78.8,119.31944305555558,39.0,36.0
1166,2020-09-17 07:39:38,2020-09-17 08:09:48,79.2,97.6,126.4817369414252,39.0,36.0
1167,2020-09-17 22:23:26,2020-09-17 22:49:26,7.6,32.4,122.32471398969538,35.15923566878981,32.3312101910828
1168,2020-09-17 22:49:47,2020-09-17 23:15:47,32.8,58.0,120.2099888117284,37.36305732484077,34.745222929936304
1169,2020-09-17 23:16:08,2020-09-17 23:45:08,58.4,86.0,122.4325741747182,39.51428571428571,37.05714285714286
1170,2020-09-17 23:45:29,2020-09-18 00:03:29,86.0,97.2,126.64932390873014,40.0,37.91743119266055
1171,2020-09-18 05:31:39,2020-09-18 06:02:09,66.8,93.2,123.5474702756734,38.0,35.22282608695652
1172,2020-09-18 18:26:07,2020-09-18 18:56:27,16.8,46.0,121.93159784056317,32.85792349726776,30.85792349726776
1173,2020-09-18 18:56:48,2020-09-18 19:24:18,46.4,73.6,118.73978196486932,35.993975903614455,33.63855421686747
1174,2020-09-18 19:24:39,2020-09-18 19:55:09,74.0,97.2,125.17601999521068,37.0,34.86413043478261
1175,2020-09-19 04:41:58,2020-09-19 05:12:48,26.0,56.0,120.30141115740743,35.344086021505376,32.666666666666664
1176,2020-09-19 05:13:09,2020-09-19 05:41:39,56.0,83.6,120.87864673913049,38.04651162790697,35.56395348837209
1177,2020-09-19 05:42:00,2020-09-19 06:02:40,84.0,97.6,125.80884793709156,39.0,36.0
1178,2020-09-19 21:25:29,2020-09-19 21:57:49,39.6,70.8,121.6159170673077,33.4,31.564102564102566
1179,2020-09-19 21:58:10,2020-09-19 22:24:50,71.2,93.6,122.10752529761908,35.3416149068323,33.5527950310559
1180,2020-09-20 20:17:46,2020-09-20 20:39:26,46.8,67.2,122.2821477396514,35.33587786259542,33.68702290076336
1181,2020-09-20 20:39:47,2020-09-20 21:06:17,67.6,91.2,121.48541913841801,36.6875,35.08125
1182,2020-09-21 01:18:13,2020-09-21 01:44:33,61.2,86.4,122.88691407627866,37.874213836477985,35.880503144654085
1183,2020-09-21 01:44:54,2020-09-21 02:02:24,86.8,97.6,126.92515805041154,38.58490566037736,37.0
1184,2020-09-21 13:39:38,2020-09-21 14:08:48,58.4,87.2,121.2683269675926,37.23863636363637,35.63068181818182
1185,2020-09-21 18:53:40,2020-09-21 19:21:30,64.8,90.4,122.79297309027774,38.0,35.95238095238095
1186,2020-09-22 17:54:32,2020-09-22 19:24:12,2.0,87.2,122.36652430555557,39.64540059347181,38.28486646884273
1187,2020-09-23 19:00:41,2020-09-23 19:28:01,13.6,23.6,118.44444444444441,32.0,29.575757575757574
1188,2020-09-23 19:28:22,2020-09-23 20:01:52,23.6,35.6,120.9768523148148,32.0,29.99009900990099
1189,2020-09-23 20:02:13,2020-09-23 20:31:43,36.0,46.4,122.91666666666667,32.79775280898876,30.59550561797753
1190,2020-09-23 20:32:04,2020-09-23 20:58:54,46.4,56.4,116.27777777777779,33.45679012345679,31.27777777777778
1191,2020-09-23 20:59:15,2020-09-23 21:29:55,56.4,67.6,118.6507936507937,34.0,32.0
1192,2020-09-23 21:30:16,2020-09-23 22:00:46,68.0,78.8,122.37654320987659,34.0,32.0
1193,2020-09-23 22:01:07,2020-09-23 22:31:17,78.8,89.2,125.69444444444437,34.0,32.0
1194,2020-09-23 22:31:38,2020-09-23 22:56:28,89.2,97.6,128.10846560846574,34.0,32.0
1195,2020-09-24 02:45:16,2020-09-24 03:04:46,49.6,60.0,121.67600980235042,34.0,31.3135593220339
1196,2020-09-24 03:05:37,2020-09-24 03:35:47,60.4,76.8,122.54741734417343,34.357142857142854,32.0
1197,2020-09-24 03:36:08,2020-09-24 04:06:28,77.2,93.6,123.18088177506779,35.0,32.33879781420765
1198,2020-09-24 14:19:45,2020-09-24 14:52:55,33.6,66.4,119.05870587737131,34.56,33.1
1199,2020-09-24 14:53:16,2020-09-24 15:19:26,66.4,90.4,121.92131406250004,36.75949367088607,35.563291139240505
1200,2020-09-25 00:42:43,2020-09-25 02:26:39,18.4,97.6,121.95220916806961,35.50769230769231,33.43589743589744
1201,2020-09-25 06:31:17,2020-09-25 06:56:07,74.0,90.4,124.90519376693763,34.18666666666667,31.993333333333332
1202,2020-09-25 22:05:38,2020-09-25 23:38:21,14.8,97.6,121.78005434614869,36.793103448275865,35.42528735632184
1203,2020-09-26 12:57:34,2020-09-26 13:14:24,44.0,60.0,122.30471380208334,33.490196078431374,31.892156862745097
1204,2020-09-26 13:14:45,2020-09-26 13:46:55,60.4,90.0,122.40149108483484,35.34020618556701,33.623711340206185
1205,2020-09-27 14:28:12,2020-09-27 14:51:32,17.2,39.2,121.72853699494948,29.69503546099291,28.354609929078013
1206,2020-09-27 14:51:53,2020-09-27 15:22:43,39.6,69.6,117.97638578703706,33.016129032258064,31.795698924731184
1207,2020-09-27 15:23:04,2020-09-27 15:48:34,69.6,91.6,120.75315334595959,34.86363636363637,33.66233766233766
1208,2020-09-27 19:24:04,2020-09-27 19:44:14,84.0,97.6,123.22202083333336,34.0,32.0
1209,2020-09-28 12:54:05,2020-09-28 13:23:35,62.0,80.0,122.64349120370366,31.140449438202246,30.0
1210,2020-09-28 13:23:56,2020-09-28 13:42:06,80.4,91.2,125.49123353909462,32.0,30.6
1211,2020-09-29 00:27:54,2020-09-29 01:00:24,19.6,51.2,120.99860864978905,33.66326530612245,32.23979591836735
1212,2020-09-29 01:00:45,2020-09-29 01:32:05,51.6,82.4,119.72314024170277,37.13756613756614,35.55555555555556
1213,2020-09-29 01:32:26,2020-09-29 01:54:26,82.4,97.6,123.79479751461999,38.0,36.17293233082707
1214,2020-09-29 12:12:13,2020-09-29 12:37:43,32.4,41.2,125.08675741792918,33.0,31.116883116883116
1215,2020-09-29 12:38:04,2020-09-29 13:10:34,41.6,53.2,120.94104525862062,33.392857142857146,32.0
1216,2020-09-29 13:10:55,2020-09-29 13:40:25,53.6,64.0,122.44386298076921,34.0,32.98314606741573
1217,2020-09-29 13:40:46,2020-09-29 14:13:36,64.4,76.0,122.1814662356322,34.0,33.0
1218,2020-09-29 22:07:09,2020-09-29 22:27:29,23.2,42.8,121.11395351473924,34.99186991869919,33.357723577235774
1219,2020-09-29 22:27:50,2020-09-29 22:59:00,43.2,73.6,119.59429678362577,37.59574468085106,36.07446808510638
1220,2020-09-29 22:59:21,2020-09-29 23:30:21,74.0,97.6,123.79474435028253,39.0,37.0
1221,2020-09-30 14:34:56,2020-09-30 14:51:36,70.0,86.0,121.39061788194445,31.91089108910891,30.861386138613863
1222,2020-09-30 14:51:57,2020-09-30 15:09:47,86.4,97.6,127.39710329861124,32.0,31.0
1223,2020-09-30 19:52:45,2020-09-30 20:10:35,48.0,65.2,121.96948917958656,33.824074074074076,32.370370370370374
1224,2020-09-30 20:10:56,2020-09-30 20:37:46,65.6,90.0,123.03109318078323,35.148148148148145,33.58024691358025
1225,2020-10-01 03:37:07,2020-10-01 04:06:17,55.6,83.6,121.26092132936512,35.38636363636363,32.91477272727273
1226,2020-10-01 12:01:10,2020-10-01 12:28:30,43.2,62.0,120.43146631205677,34.27878787878788,32.00606060606061
1227,2020-10-01 12:28:51,2020-10-01 13:02:41,62.4,85.2,122.9179097222222,35.549019607843135,33.34803921568628
1228,2020-10-01 23:31:29,2020-10-01 23:56:39,12.8,36.4,122.46469297316389,32.75,30.25
1229,2020-10-01 23:57:00,2020-10-02 00:29:20,36.8,68.0,118.85864476495726,35.88205128205128,33.48717948717949
1230,2020-10-02 00:29:41,2020-10-02 01:00:41,68.4,94.0,122.13923866102434,37.86631016042781,35.6096256684492
1231,2020-10-02 23:29:31,2020-10-03 00:02:49,39.6,60.4,119.49954514556626,35.298507462686565,33.82089552238806
1232,2020-10-03 00:03:10,2020-10-03 00:19:57,60.8,70.8,120.68959590277777,36.38834951456311,35.0
1233,2020-10-03 00:20:18,2020-10-03 00:57:08,70.8,91.6,122.87127897970085,37.0,35.0
1234,2020-10-03 14:45:39,2020-10-03 15:05:09,52.4,65.6,123.11658354377111,34.0,33.0
1235,2020-10-03 15:05:30,2020-10-03 15:34:30,65.6,85.6,120.87639319444446,34.59428571428571,33.68
1236,2020-10-03 23:35:37,2020-10-04 00:07:47,30.0,48.0,118.8904075617284,36.58762886597938,34.58247422680412
1237,2020-10-04 00:08:08,2020-10-04 00:39:28,48.0,65.6,118.42879363952025,37.93121693121693,35.96825396825397
1238,2020-10-04 00:39:49,2020-10-04 01:12:19,66.0,83.6,122.82904427083336,38.0,36.0
1239,2020-10-04 02:38:42,2020-10-04 03:02:12,75.6,94.4,124.07655784574463,37.66197183098591,35.24647887323944
1240,2020-10-04 22:04:31,2020-10-04 22:37:21,20.8,52.4,121.09615497538675,38.41919191919192,36.87373737373738
1241,2020-10-04 22:37:42,2020-10-04 23:03:32,52.8,77.6,121.41015849014339,41.19230769230769,39.532051282051285
1242,2020-10-04 23:03:53,2020-10-04 23:30:43,78.0,97.6,124.39485423752839,42.0,40.0
1243,2020-10-06 01:33:41,2020-10-06 01:50:11,43.6,59.6,120.51737621527778,30.71,29.48
1244,2020-10-06 01:50:32,2020-10-06 02:19:42,60.0,88.0,121.49405714285713,32.55681818181818,31.323863636363637
1245,2020-10-06 16:13:48,2020-10-06 16:41:28,37.6,64.8,118.53246435866014,32.97604790419162,31.75449101796407
1246,2020-10-06 16:41:49,2020-10-06 17:08:09,65.2,89.6,122.33605783242263,35.25157232704402,33.77987421383648
1247,2020-10-07 00:50:34,2020-10-07 02:26:39,38.8,97.6,122.13830562641724,32.947295423023576,30.664355062413314
1248,2020-10-07 23:07:19,2020-10-08 00:09:38,44.0,93.2,122.18572959575428,30.85042735042735,29.73931623931624
1249,2020-10-08 17:22:32,2020-10-08 17:55:22,18.4,50.0,121.60779219409288,30.737373737373737,29.11111111111111
1250,2020-10-08 17:55:43,2020-10-08 18:29:03,50.4,83.2,118.96047328082653,34.3134328358209,32.86069651741293
1251,2020-10-08 18:29:24,2020-10-08 18:50:34,83.2,97.6,122.709304205247,35.015625,34.0
1252,2020-10-09 05:19:49,2020-10-09 06:45:45,30.4,97.6,121.7830160796958,31.69659442724458,29.657894736842106
1253,2020-10-09 15:59:37,2020-10-09 16:29:47,40.4,69.6,120.80100637366822,32.86813186813187,31.14835164835165
1254,2020-10-09 16:30:08,2020-10-09 16:50:48,69.6,89.2,119.82286231575956,34.304,32.0
1255,2020-10-09 20:59:30,2020-10-09 21:40:36,64.4,97.6,123.04602962684072,32.95145631067961,30.893203883495147
1256,2020-10-10 07:06:49,2020-10-10 07:36:09,47.6,75.6,122.38443487103179,29.638418079096045,28.180790960451976
1257,2020-10-10 07:36:30,2020-10-10 08:05:40,76.0,97.6,123.74229796810707,31.15340909090909,29.789772727272727
1258,2020-10-12 09:09:36,2020-10-12 10:03:15,52.8,97.6,122.88133507564484,30.25062034739454,29.305210918114145
1259,2020-10-13 22:28:40,2020-10-13 22:57:40,11.6,22.0,120.36854326923073,30.13142857142857,28.005714285714287
1260,2020-10-13 22:58:01,2020-10-13 23:51:06,22.0,41.2,119.34529535590272,30.981308411214954,29.018691588785046
1261,2020-10-13 23:51:27,2020-10-14 00:22:37,41.2,52.8,115.97936135057473,32.255319148936174,30.340425531914892
1262,2020-10-14 00:22:58,2020-10-14 00:56:08,52.8,64.8,119.30782430555549,33.0,31.0
1263,2020-10-14 00:56:29,2020-10-14 01:25:39,64.8,75.2,121.06031650641013,33.0,31.0
1264,2020-10-14 01:26:00,2020-10-14 01:56:00,75.6,86.0,124.51918269230757,33.0,31.0
1265,2020-10-14 01:56:21,2020-10-14 02:26:31,86.0,96.0,130.2193941666666,33.0,31.25824175824176
1266,2020-10-14 04:32:31,2020-10-14 04:55:11,77.6,95.2,121.3999524936868,33.0,31.0
1267,2020-10-14 16:50:31,2020-10-14 17:14:41,34.0,49.2,120.2010427631579,31.732876712328768,30.34246575342466
1268,2020-10-14 17:15:02,2020-10-14 17:46:22,49.2,68.4,119.15222569444445,33.51851851851852,31.80952380952381
1269,2020-10-14 17:46:43,2020-10-14 18:13:33,68.4,84.0,120.46298032407414,34.0,32.74074074074074
1270,2020-10-14 18:13:54,2020-10-14 18:40:04,84.0,97.6,125.0960118464053,34.27215189873418,33.0
1271,2020-10-15 16:16:17,2020-10-15 16:38:37,27.6,43.2,118.88980742521369,31.977777777777778,30.59259259259259
1272,2020-10-15 16:38:58,2020-10-15 17:11:48,43.2,66.4,117.46592091714561,34.02020202020202,32.76262626262626
1273,2020-10-15 17:12:09,2020-10-15 17:44:19,66.8,88.4,123.6709398791152,35.0,34.0
1274,2020-10-16 00:55:36,2020-10-16 01:56:45,35.6,91.6,122.11503709821432,35.53478260869565,33.68913043478261
1275,2020-10-16 06:03:04,2020-10-16 06:32:34,68.8,84.8,122.9184029513889,34.0,31.0
1276,2020-10-16 06:32:55,2020-10-16 06:56:05,84.8,97.6,120.67925542534724,34.0,31.62142857142857
1277,2020-10-16 17:43:49,2020-10-16 18:02:49,35.2,53.6,120.51026962560385,33.904347826086955,32.56521739130435
1278,2020-10-16 18:03:10,2020-10-16 18:33:50,54.0,83.6,120.86617820945949,36.097297297297295,34.74594594594595
1279,2020-10-16 18:34:11,2020-10-16 18:55:01,83.6,97.6,123.93356478174609,37.0,35.182539682539684
1280,2020-10-17 01:08:44,2020-10-17 01:33:04,44.0,67.2,122.32639146312259,35.394557823129254,32.333333333333336
1281,2020-10-17 01:33:25,2020-10-17 02:00:35,67.6,91.2,123.62759298493404,36.8109756097561,33.859756097560975
1282,2020-10-17 14:43:36,2020-10-17 15:13:16,70.8,94.8,122.77489716435186,31.860335195530727,30.83240223463687
1283,2020-10-18 06:19:58,2020-10-18 06:40:38,71.6,90.0,123.19370440821254,26.656,25.336
1284,2020-10-18 18:25:47,2020-10-18 18:49:27,17.2,40.0,120.91192086988308,31.53846153846154,30.132867132867133
1285,2020-10-18 18:49:48,2020-10-18 19:16:08,40.4,66.0,119.76888595920138,34.44025157232704,33.289308176100626
1286,2020-10-18 19:16:29,2020-10-18 19:39:39,66.4,88.4,121.11175183080809,36.34285714285714,35.17857142857143
1287,2020-10-19 18:37:39,2020-10-19 18:56:19,9.6,28.8,113.54673936631943,30.97345132743363,29.707964601769913
1288,2020-10-19 18:56:40,2020-10-19 19:27:50,28.8,58.8,121.19815064814816,33.40425531914894,32.08510638297872
1289,2020-10-19 19:28:11,2020-10-19 19:58:41,59.2,88.4,121.8203049372146,36.34782608695652,34.91847826086956
1290,2020-10-20 14:26:30,2020-10-20 14:53:20,61.2,86.4,123.87787714947092,31.469135802469136,29.882716049382715
1291,2020-10-20 23:52:19,2020-10-21 00:22:19,62.8,90.4,121.9509923007246,31.022099447513813,29.50828729281768
1292,2020-10-21 12:22:57,2020-10-21 13:01:15,52.0,88.0,122.39749507330248,29.5625,28.22222222222222
1293,2020-10-21 20:50:38,2020-10-21 22:17:14,46.8,97.6,122.84293055555555,30.88153846153846,29.161538461538463
1294,2020-10-22 06:46:40,2020-10-22 07:09:40,51.2,65.2,123.36211765873017,29.151079136690647,26.949640287769785
1295,2020-10-22 07:10:01,2020-10-22 07:36:31,65.6,81.6,124.49481927083332,30.0,27.95
1296,2020-10-22 07:36:52,2020-10-22 08:05:42,82.0,97.6,123.89245628561261,30.419540229885058,28.419540229885058
1297,2020-10-22 19:59:20,2020-10-22 20:39:12,26.0,51.2,118.65079365079363,30.327800829875518,29.08298755186722
1298,2020-10-22 20:39:33,2020-10-22 21:06:53,51.2,68.8,116.47727272727278,32.4969696969697,31.0
1299,2020-10-22 21:07:14,2020-10-22 21:38:54,68.8,88.4,121.17346938775503,33.0,31.732984293193716
1300,2020-10-23 05:14:23,2020-10-23 05:44:33,35.2,54.0,119.98744141548468,29.939560439560438,27.395604395604394
1301,2020-10-23 05:44:54,2020-10-23 06:16:44,54.4,74.4,118.8840689583333,31.666666666666668,29.395833333333332
1302,2020-10-23 06:17:05,2020-10-23 06:48:15,74.4,93.2,123.51653028959808,32.037234042553195,30.0
1303,2020-10-23 20:10:01,2020-10-23 20:27:31,20.8,37.6,121.52777777777779,33.301886792452834,31.556603773584907
1304,2020-10-23 20:38:52,2020-10-23 20:55:52,46.8,63.2,120.93665328590784,36.44660194174757,34.883495145631066
1305,2020-10-23 21:14:53,2020-10-23 21:36:13,63.6,84.0,122.01933700980392,37.7906976744186,35.945736434108525
1306,2020-10-23 21:36:34,2020-10-23 21:56:24,84.4,97.6,124.34767297979816,38.00833333333333,36.34166666666667
1307,2020-10-24 17:38:17,2020-10-24 18:08:17,42.4,63.2,120.20034475160256,30.569060773480665,28.917127071823206
1308,2020-10-24 18:08:38,2020-10-24 18:38:58,63.2,84.4,119.47329428721174,31.775956284153004,29.005464480874316
1309,2020-10-24 18:39:19,2020-10-24 19:00:39,84.4,97.6,124.18770286195296,32.0,29.0
1310,2020-10-25 03:12:22,2020-10-25 03:40:22,59.2,86.0,121.88537178689887,32.455621301775146,30.526627218934912
1311,2020-10-25 06:13:38,2020-10-25 06:31:38,80.0,93.6,124.40157291666674,32.944954128440365,30.495412844036696
1312,2020-10-25 16:46:48,2020-10-25 17:09:48,19.6,41.6,122.6029018308081,33.510791366906474,31.906474820143885
1313,2020-10-25 17:10:09,2020-10-25 17:36:39,42.0,68.0,119.5897295940171,36.24375,34.79375
1314,2020-10-25 17:37:00,2020-10-25 18:04:30,68.4,92.4,122.75288530092594,37.75903614457831,36.19879518072289
1315,2020-10-26 03:01:59,2020-10-26 03:52:49,55.2,97.6,122.71296460626313,32.518324607329845,30.395287958115183
1316,2020-10-26 11:42:47,2020-10-26 12:13:37,41.2,53.2,119.04863564814818,31.365591397849464,29.887096774193548
1317,2020-10-26 12:13:58,2020-10-26 12:40:28,53.2,63.2,115.89585736111113,32.0,31.0
1318,2020-10-26 12:40:49,2020-10-26 13:08:29,63.2,73.6,119.22011151175222,32.2814371257485,31.0
1319,2020-10-26 13:08:50,2020-10-26 13:33:50,73.6,82.8,124.98946059782602,33.0,31.0
1320,2020-10-26 13:34:11,2020-10-26 14:06:06,83.2,95.2,124.37791944444444,33.0,31.243523316062177
1321,2020-10-26 20:27:30,2020-10-26 20:54:30,50.0,76.0,121.11484652777777,36.533742331288344,34.736196319018404
1322,2020-10-26 20:54:51,2020-10-26 21:20:01,76.4,95.6,123.43968192997691,37.73026315789474,35.99342105263158
1323,2020-10-27 04:33:23,2020-10-27 04:59:23,31.2,56.4,120.33841424162257,34.152866242038215,31.337579617834393
1324,2020-10-27 04:59:44,2020-10-27 05:25:54,56.4,81.6,121.25221560846559,36.563291139240505,33.82911392405063
1325,2020-10-27 05:26:15,2020-10-27 05:48:35,82.0,97.6,124.25392289886045,37.0,34.98518518518519
1326,2020-10-27 18:51:02,2020-10-27 19:56:48,3.2,57.6,120.62018389246323,36.83400809716599,35.283400809716596
1327,2020-10-27 19:58:25,2020-10-27 20:45:14,57.6,93.6,123.20888417438273,39.13352272727273,37.46306818181818
1328,2020-10-28 03:22:48,2020-10-28 03:45:45,44.8,63.6,121.76870172133567,35.17341040462428,32.16184971098266
1329,2020-10-28 03:47:21,2020-10-28 04:15:30,64.0,86.8,123.10155781554583,36.0,33.02358490566038
1330,2020-10-28 04:33:15,2020-10-28 04:50:16,86.8,97.6,121.28590335648151,36.0,33.0
1331,2020-10-28 19:01:07,2020-10-28 19:26:37,26.0,50.4,120.58859312386159,32.12987012987013,31.37012987012987
1332,2020-10-28 19:26:58,2020-10-28 19:57:18,50.8,79.6,121.58181847993832,35.322404371584696,34.4207650273224
1333,2020-10-28 19:57:39,2020-10-28 20:18:59,80.0,95.6,122.69144604700861,36.86046511627907,35.224806201550386
1334,2020-10-29 19:51:50,2020-10-29 20:14:40,52.4,74.0,122.34888470936214,26.73913043478261,25.268115942028984
1335,2020-10-29 20:15:01,2020-10-29 20:40:41,74.4,94.4,122.6055725,28.361290322580643,26.806451612903224
1336,2020-10-30 12:07:17,2020-10-30 12:24:17,44.8,61.2,122.02660890921418,27.271844660194176,26.02912621359223
1337,2020-10-30 12:24:38,2020-10-30 12:53:18,61.6,88.4,123.3333644796849,29.410404624277458,28.179190751445088
1338,2020-10-30 21:06:25,2020-10-30 21:37:50,32.0,62.8,119.58987394029583,32.63157894736842,30.8
1339,2020-10-30 21:38:11,2020-10-30 22:02:41,63.2,86.8,122.04390754472696,35.229729729729726,33.41216216216216
1340,2020-10-30 22:03:02,2020-10-30 22:20:22,87.2,97.6,127.825873530983,36.0,34.0
1341,2020-10-31 17:26:36,2020-10-31 19:02:46,21.6,97.6,120.82009385782165,33.34349030470914,32.08448753462604
1342,2020-11-01 04:41:07,2020-11-01 04:58:37,23.2,40.0,121.64104968584655,29.19811320754717,27.235849056603772
1343,2020-11-01 04:58:58,2020-11-01 05:28:08,40.4,69.2,118.22772747878085,32.09659090909091,30.255681818181817
1344,2020-11-01 05:28:29,2020-11-01 05:58:39,69.2,94.4,120.69445370370369,33.956043956043956,32.32967032967033
1345,2020-11-01 18:03:23,2020-11-01 18:38:53,46.4,80.4,122.08784419934639,33.308411214953274,32.074766355140184
1346,2020-11-01 18:39:14,2020-11-01 19:03:04,80.8,97.6,124.04513326719582,34.861111111111114,33.0
1347,2020-11-02 02:35:23,2020-11-02 03:02:23,48.0,74.0,121.39905534188036,34.39877300613497,31.901840490797547
1348,2020-11-02 03:02:44,2020-11-02 03:29:34,74.4,95.6,121.33583372641516,35.74074074074074,33.0
1349,2020-11-02 13:29:10,2020-11-02 14:01:00,41.6,72.4,120.91542126623378,33.0,31.697916666666668
1350,2020-11-02 14:01:21,2020-11-02 14:28:11,72.8,94.4,123.18932516718104,34.81481481481482,33.135802469135804
1351,2020-11-03 01:12:13,2020-11-03 01:36:13,60.0,78.8,121.20642730496458,28.93793103448276,26.77241379310345
1352,2020-11-03 01:36:34,2020-11-03 01:57:54,79.2,94.0,123.04149878003005,29.837209302325583,27.73643410852713
1353,2020-11-03 15:46:32,2020-11-03 16:06:02,32.8,51.6,121.11776987293142,30.25423728813559,28.576271186440678
1354,2020-11-03 16:06:23,2020-11-03 16:31:23,52.0,76.4,119.55145878870673,32.77483443708609,31.225165562913908
1355,2020-11-03 16:31:44,2020-11-03 16:58:54,76.4,97.2,121.07239623397439,34.0,32.676829268292686
1356,2020-11-03 19:55:31,2020-11-03 20:23:01,80.0,96.8,121.42859375000002,33.0,31.427710843373493
1357,2020-11-04 08:51:40,2020-11-04 09:37:09,25.2,54.0,118.77158303433643,28.22992700729927,26.72992700729927
1358,2020-11-04 10:35:42,2020-11-04 11:04:12,69.6,87.2,121.79926941287876,30.50581395348837,29.156976744186046
1359,2020-11-04 11:04:33,2020-11-04 11:21:23,87.6,97.6,124.92084263888887,31.0,30.0
1360,2020-11-04 22:52:25,2020-11-04 23:10:15,24.8,42.4,119.29846732954547,28.712962962962962,27.203703703703702
1361,2020-11-04 23:10:36,2020-11-04 23:39:46,42.4,71.6,117.78969468226794,31.65340909090909,30.181818181818183
1362,2020-11-04 23:40:07,2020-11-04 23:56:37,72.0,87.6,124.10704985754997,33.31,31.97
1363,2020-11-05 02:59:11,2020-11-05 03:18:21,62.4,80.4,124.1365797067901,32.91379310344828,30.301724137931036
1364,2020-11-05 12:09:21,2020-11-05 12:29:01,26.8,45.6,121.61571889775418,29.529411764705884,28.04201680672269
1365,2020-11-05 12:29:22,2020-11-05 13:01:52,46.0,77.6,119.63083052039384,32.474489795918366,31.132653061224488
1366,2020-11-05 13:02:13,2020-11-05 13:24:03,78.0,94.8,121.17395808531748,34.0,32.77272727272727
1367,2020-11-05 22:58:56,2020-11-05 23:28:16,38.0,66.8,118.6916501253858,33.440677966101696,31.63276836158192
1368,2020-11-05 23:28:37,2020-11-05 23:57:47,67.2,92.4,122.58267956349205,35.48863636363637,33.71022727272727
1369,2020-11-06 16:40:12,2020-11-06 16:57:12,30.0,44.0,122.33334513888889,33.320388349514566,31.524271844660195
1370,2020-11-06 16:57:33,2020-11-06 17:28:43,44.4,70.0,118.07509966362848,35.34574468085106,33.73936170212766
1371,2020-11-06 17:29:04,2020-11-06 17:56:14,70.4,90.4,123.5118202777778,36.353658536585364,35.0
1372,2020-11-07 03:39:12,2020-11-07 04:08:02,18.0,45.6,121.59321225845412,32.270114942528735,29.948275862068964
1373,2020-11-07 04:08:23,2020-11-07 04:37:03,46.0,74.0,119.0139140873016,35.29479768786127,33.17341040462428
1374,2020-11-07 04:37:24,2020-11-07 04:55:44,74.4,90.4,122.04689713541666,36.22522522522522,34.0
1375,2020-11-07 17:32:45,2020-11-07 18:03:45,20.4,50.4,121.36249458333334,36.95187165775401,35.3475935828877
1376,2020-11-07 18:23:38,2020-11-07 18:45:08,69.2,89.6,123.74386390250551,41.1,39.684615384615384
1377,2020-11-08 01:35:11,2020-11-08 02:36:28,20.4,70.4,120.37237386666663,35.40563991323211,32.724511930585685
1378,2020-11-08 09:40:56,2020-11-08 10:08:16,54.4,80.4,122.28048189102564,31.8,29.757575757575758
1379,2020-11-08 10:08:37,2020-11-08 10:33:37,80.8,97.6,123.95753728505295,33.0,31.0
1380,2020-11-08 20:44:48,2020-11-08 21:13:28,38.4,66.0,119.43286921296294,33.895953757225435,32.16184971098266
1381,2020-11-08 21:13:49,2020-11-08 21:43:49,66.4,92.0,122.5151940104167,35.72375690607735,34.005524861878456
1382,2020-11-09 11:17:52,2020-11-09 12:38:20,26.0,97.6,120.87496676365612,31.978476821192054,30.382450331125828
1383,2020-11-09 18:01:04,2020-11-09 18:34:17,64.8,93.6,122.45053206983027,33.6,31.712
1384,2020-11-10 04:05:08,2020-11-10 04:32:18,70.4,93.2,122.56580592105266,29.0609756097561,27.20731707317073
1385,2020-11-10 12:04:20,2020-11-10 12:33:10,48.0,65.2,122.5064696382429,28.477011494252874,27.20689655172414
1386,2020-11-10 12:33:31,2020-11-10 13:01:01,65.6,81.2,123.68591782407404,29.343373493975903,28.03012048192771
1387,2020-11-10 13:01:22,2020-11-10 13:31:32,81.6,97.6,125.55210347222226,30.0,28.994505494505493
1388,2020-11-10 22:09:05,2020-11-10 22:38:05,54.0,82.0,120.96925952380953,32.46857142857143,30.72
1389,2020-11-10 22:38:26,2020-11-10 23:00:46,82.4,97.6,123.8176315789475,33.666666666666664,32.0
1390,2020-11-11 14:09:14,2020-11-11 14:34:14,56.8,81.2,121.28358783014568,29.741721854304636,28.52980132450331
1391,2020-11-11 14:34:35,2020-11-11 14:58:45,81.2,97.6,121.96394181910574,31.0,29.924657534246574
1392,2020-11-12 01:03:13,2020-11-12 01:30:33,21.6,48.0,121.17688662668354,29.581818181818182,27.593939393939394
1393,2020-11-12 01:38:42,2020-11-12 01:55:12,56.0,72.0,120.97048472222221,32.9,30.88
1394,2020-11-13 20:17:38,2020-11-13 20:36:38,13.2,26.4,120.1936266835017,27.16521739130435,26.17391304347826
1395,2020-11-13 20:36:59,2020-11-13 21:14:45,26.4,53.2,117.67477462686567,29.510917030567686,28.471615720524017
1396,2020-11-13 21:15:06,2020-11-13 22:03:07,53.2,86.8,119.3329436259921,32.40344827586207,31.43793103448276
1397,2020-11-13 22:03:28,2020-11-13 22:20:58,87.2,97.6,126.35147809829066,33.10377358490566,32.31132075471698
1398,2020-11-14 05:47:29,2020-11-14 07:07:00,27.2,97.6,121.19312882141729,32.63149078726968,30.35678391959799
1399,2020-11-14 22:42:32,2020-11-15 00:04:11,25.2,97.6,121.01644833103131,29.61827079934747,27.92332789559543
1400,2020-11-15 03:36:29,2020-11-15 04:33:36,56.8,97.6,122.91236024645973,31.3986013986014,28.424242424242426
1401,2020-11-15 13:35:36,2020-11-15 13:53:06,43.2,54.8,124.20736781609203,28.264150943396228,26.528301886792452
1402,2020-11-15 13:53:27,2020-11-15 14:23:57,55.2,76.0,120.82931250000001,29.64673913043478,28.016304347826086
1403,2020-11-15 14:24:18,2020-11-15 14:50:48,76.0,93.2,123.42054085917307,30.4625,29.0
1404,2020-11-15 21:49:09,2020-11-15 23:16:56,44.8,97.6,122.77551295244112,30.15629742033384,28.04400606980273
1405,2020-11-16 02:06:15,2020-11-16 02:26:05,85.6,97.6,122.94214780092594,31.0,28.008333333333333
1406,2020-11-16 16:18:27,2020-11-16 16:46:17,30.8,58.0,118.8786910743464,33.958333333333336,32.26190476190476
1407,2020-11-16 16:46:58,2020-11-16 17:13:18,58.8,84.0,121.37953598985891,36.308176100628934,34.75471698113208
1408,2020-11-16 17:17:29,2020-11-16 17:34:09,84.0,95.6,118.46505052682,36.95049504950495,35.0
1409,2020-11-17 12:12:31,2020-11-17 12:40:51,55.6,74.8,123.42161053240743,31.321637426900583,29.87719298245614
1410,2020-11-17 12:41:12,2020-11-17 13:10:52,75.2,94.4,124.65642173032406,32.05027932960894,30.905027932960895
1411,2020-11-17 18:05:05,2020-11-17 18:21:55,76.4,86.4,125.68894500000005,33.0,31.61764705882353
1412,2020-11-17 23:55:21,2020-11-18 00:19:11,54.8,77.6,122.69674835526318,33.625,31.729166666666668
1413,2020-11-18 06:25:19,2020-11-18 06:47:19,31.2,43.2,119.13654921296293,31.203007518796994,28.969924812030076
1414,2020-11-18 06:47:40,2020-11-18 07:16:40,43.2,59.6,117.62615963753389,32.59428571428571,30.582857142857144
1415,2020-11-18 07:17:01,2020-11-18 07:44:51,60.0,75.2,121.82471902412276,33.714285714285715,31.946428571428573
1416,2020-11-18 07:45:12,2020-11-18 08:15:52,75.6,92.0,124.40885010162594,34.0,32.09189189189189
1417,2020-11-18 17:04:08,2020-11-18 17:39:04,36.4,70.4,120.36233006535943,36.02843601895734,34.53080568720379
1418,2020-11-18 17:39:25,2020-11-18 18:10:45,70.8,96.0,123.15972045855379,38.0,36.735449735449734
1419,2020-11-18 22:27:50,2020-11-18 22:46:50,80.0,92.8,121.23375065104169,37.0,34.0
1420,2020-11-19 03:49:06,2020-11-19 04:07:46,53.2,70.8,123.50773177083339,34.83185840707964,32.1858407079646
1421,2020-11-19 04:08:07,2020-11-19 04:34:57,71.2,93.6,122.19679867311515,35.96913580246913,33.45679012345679
1422,2020-11-20 01:00:31,2020-11-20 01:23:41,20.4,32.8,121.56807652329749,32.45,30.564285714285713
1423,2020-11-20 01:24:02,2020-11-20 01:50:10,33.2,47.6,120.7892355613426,33.7125,31.98125
1424,2020-11-20 02:02:04,2020-11-20 02:31:54,54.4,71.2,118.16052637235445,35.82222222222222,33.94444444444444
1425,2020-11-20 07:11:03,2020-11-20 07:43:23,37.6,55.2,120.53977256944441,32.62564102564102,30.348717948717947
1426,2020-11-20 07:43:44,2020-11-20 08:12:24,55.6,71.2,122.50178009259258,33.971098265895954,31.566473988439306
1427,2020-11-20 08:12:45,2020-11-20 08:41:55,71.6,87.2,124.64209383903126,34.0,32.0
1428,2020-11-20 08:42:16,2020-11-20 09:01:16,87.6,97.6,126.66111055555555,34.0,32.0
1429,2020-11-20 12:08:12,2020-11-20 12:34:10,77.6,93.2,123.58821838497143,34.0,32.81528662420382
1430,2020-11-20 16:37:51,2020-11-20 16:56:01,77.2,87.6,122.07934228098306,35.96363636363636,34.0
1431,2020-11-21 00:54:23,2020-11-21 01:15:53,16.4,37.2,120.6029657451923,33.38461538461539,31.26153846153846
1432,2020-11-21 01:16:14,2020-11-21 01:44:34,37.6,65.2,119.74486498590981,36.099415204678365,34.12865497076023
1433,2020-11-21 01:44:55,2020-11-21 02:14:55,65.6,92.0,122.4652780934343,37.988950276243095,36.07182320441989
1434,2020-11-21 11:38:52,2020-11-21 11:59:56,20.0,40.0,123.09168036111113,33.0703125,30.96875
1435,2020-11-21 12:00:17,2020-11-21 12:30:37,40.4,70.0,119.62885318130631,36.13661202185792,34.05464480874317
1436,2020-11-21 12:30:58,2020-11-21 13:03:28,70.4,96.4,122.80129027777778,37.974489795918366,35.89795918367347
1437,2020-11-21 20:07:22,2020-11-21 20:35:32,65.2,90.4,123.44853290343916,35.81764705882353,33.61176470588235
1438,2020-11-22 04:01:38,2020-11-22 04:27:58,42.8,68.0,121.92130467372134,32.276729559748425,29.91194968553459
1439,2020-11-22 04:28:19,2020-11-22 04:55:39,68.4,92.0,122.56827542372886,33.89090909090909,31.581818181818182
1440,2020-11-22 12:43:43,2020-11-22 13:12:23,50.4,78.0,121.00743931159421,33.809248554913296,32.40462427745665
1441,2020-11-22 13:12:44,2020-11-22 13:39:38,78.4,97.6,124.97180687210654,35.0,33.79141104294479
1442,2020-11-23 02:38:10,2020-11-23 03:06:10,36.8,64.4,118.41184108293072,31.609467455621303,29.54437869822485
1443,2020-11-23 03:06:31,2020-11-23 03:33:31,64.8,89.6,121.94725196012546,33.71165644171779,31.828220858895705
1444,2020-11-23 20:29:35,2020-11-23 20:48:45,8.8,28.4,114.25100637755104,27.086206896551722,26.137931034482758
1445,2020-11-23 20:49:06,2020-11-23 21:19:06,28.8,57.6,121.65414014274691,29.674033149171272,28.613259668508288
1446,2020-11-23 21:19:27,2020-11-23 21:46:17,58.0,83.6,122.40506732855904,32.51234567901235,31.339506172839506
1447,2020-11-23 21:46:38,2020-11-23 22:07:18,84.0,97.6,124.76512418300658,33.0,32.0
1448,2020-11-24 14:29:12,2020-11-24 14:56:22,81.2,97.6,121.50069139566398,31.384146341463413,30.036585365853657
1449,2020-11-24 22:02:28,2020-11-24 22:33:08,27.6,44.8,118.67246156330751,30.64864864864865,28.383783783783784
1450,2020-11-24 22:33:29,2020-11-24 23:06:29,44.8,63.6,116.81587780732856,32.4070351758794,30.105527638190956
1451,2020-11-24 23:06:50,2020-11-24 23:36:30,63.6,80.0,120.46661983401086,33.0,31.0
1452,2020-11-24 23:36:51,2020-11-25 00:05:01,80.4,95.6,123.34610654239775,33.0,31.0
1453,2020-11-25 13:26:30,2020-11-25 13:53:10,54.0,78.0,122.92708836805556,30.012422360248447,28.695652173913043
1454,2020-11-25 13:53:31,2020-11-25 14:22:11,78.4,97.6,122.26131040219914,31.0,29.890173410404625
1455,2020-11-25 22:43:52,2020-11-25 23:14:02,50.8,80.4,120.58042234421917,33.07142857142857,31.236263736263737
1456,2020-11-26 06:22:32,2020-11-26 06:49:32,14.0,28.4,122.6340661844136,29.87730061349693,27.0
1457,2020-11-26 06:49:53,2020-11-26 07:21:53,28.8,46.4,121.21212121212122,30.927461139896373,28.481865284974095
1458,2020-11-26 07:22:14,2020-11-26 07:53:34,46.4,64.4,116.04938271604934,32.63492063492063,30.497354497354497
1459,2020-11-26 07:53:55,2020-11-26 08:29:45,64.4,84.0,121.8820861678005,33.0,31.0
1460,2020-11-26 08:30:06,2020-11-26 08:54:46,84.4,97.6,124.57701999158259,33.75167785234899,31.78523489932886
1461,2020-11-26 16:44:11,2020-11-26 17:13:21,50.8,70.8,121.16251236111113,34.59659090909091,32.95454545454545
1462,2020-11-26 17:13:42,2020-11-26 17:42:02,71.2,90.0,124.6963564568558,35.0,33.78362573099415
1463,2020-11-27 03:46:56,2020-11-27 05:21:16,12.8,97.6,120.83039862093818,32.69774011299435,30.09039548022599
1464,2020-11-27 14:17:31,2020-11-27 14:51:56,53.6,86.4,122.31157211212735,29.409266409266408,27.776061776061777
1465,2020-11-27 20:23:34,2020-11-27 20:54:24,60.4,81.2,122.7898217147436,29.0,27.0
1466,2020-11-28 18:36:53,2020-11-28 19:03:23,11.2,29.2,122.4529088734568,26.18125,24.8
1467,2020-11-28 19:03:44,2020-11-28 19:36:34,29.6,52.4,119.76483954678363,28.257575757575758,26.91919191919192
1468,2020-11-28 19:36:55,2020-11-28 20:04:55,52.4,72.0,118.80949999999997,30.63905325443787,29.34319526627219
1469,2020-11-28 20:05:16,2020-11-28 20:34:36,72.4,92.0,122.31432440476193,31.389830508474578,30.050847457627118
1470,2020-11-29 15:00:33,2020-11-29 15:29:23,55.2,74.8,122.10038917233565,24.339080459770116,23.166666666666668
1471,2020-11-29 15:29:44,2020-11-29 15:57:54,75.2,93.6,122.58986858393726,25.488235294117647,24.405882352941177
1472,2020-11-29 23:06:05,2020-11-29 23:33:45,58.4,84.8,121.02328603745798,25.562874251497007,23.79640718562874
1473,2020-11-30 02:32:06,2020-11-30 02:59:56,59.6,80.8,123.99044686844869,26.660714285714285,23.803571428571427
1474,2020-11-30 03:00:17,2020-11-30 03:26:47,81.2,97.6,121.9656311822494,27.0,24.175
1475,2020-11-30 14:17:13,2020-11-30 14:45:43,67.6,92.4,120.37187208781357,23.947674418604652,22.72093023255814
1476,2020-12-01 00:29:16,2020-12-01 01:02:26,35.6,65.6,119.63748689814817,23.455,21.465
1477,2020-12-01 01:02:47,2020-12-01 01:27:37,66.0,87.6,122.48070781893009,25.613333333333333,23.68
1478,2020-12-01 23:36:34,2020-12-01 23:55:44,45.6,51.6,119.6412037037037,23.28448275862069,23.0
1479,2020-12-01 23:56:05,2020-12-02 00:27:55,51.6,61.2,124.34895833333333,24.0,23.484375
1480,2020-12-02 00:28:16,2020-12-02 00:54:16,61.6,69.6,121.87500000000011,24.0,24.0
1481,2020-12-02 00:54:37,2020-12-02 01:26:17,69.6,79.2,123.69791666666656,24.392670157068064,24.0
1482,2020-12-02 01:26:38,2020-12-02 01:52:38,79.2,87.2,121.875,25.0,24.0
1483,2020-12-02 01:52:59,2020-12-02 02:20:09,87.2,95.2,125.43746822916661,25.0,24.0
1484,2020-12-02 10:18:06,2020-12-02 10:44:40,48.4,64.8,121.49390243902441,23.48447204968944,21.58385093167702
1485,2020-12-02 11:15:32,2020-12-02 11:42:02,80.0,95.6,118.92539992877494,25.0,23.15
1486,2020-12-02 21:12:18,2020-12-02 21:42:58,31.2,61.6,117.56075095942984,28.524324324324326,26.8
1487,2020-12-02 21:43:19,2020-12-02 22:12:39,62.0,89.2,120.5065306372549,31.34463276836158,29.570621468926554
1488,2020-12-03 12:17:05,2020-12-03 12:47:15,49.6,69.6,120.10348958333337,23.24175824175824,21.63186813186813
1489,2020-12-03 12:47:36,2020-12-03 13:15:56,69.6,88.0,121.273416138285,24.36842105263158,22.923976608187136
1490,2020-12-03 13:16:17,2020-12-03 13:39:57,88.4,97.6,126.32551509661852,25.0,23.993006993006993
1491,2020-12-04 00:27:52,2020-12-04 00:57:02,26.8,55.6,118.27209809027777,25.738636363636363,23.27840909090909
1492,2020-12-04 00:57:23,2020-12-04 01:24:33,56.0,82.8,118.6556987976783,28.676829268292682,26.524390243902438
1493,2020-12-04 01:24:54,2020-12-04 01:47:54,83.2,97.6,120.46489660493836,30.0,27.546762589928058
1494,2020-12-04 06:14:52,2020-12-04 06:39:22,73.2,92.8,122.61835090702952,25.93918918918919,22.33108108108108
1495,2020-12-04 14:54:59,2020-12-04 15:22:29,46.8,74.8,121.11806071428572,23.40963855421687,21.99397590361446
1496,2020-12-04 19:16:04,2020-12-04 19:38:54,75.6,93.6,121.00540300925925,24.804347826086957,22.797101449275363
1497,2020-12-05 02:21:59,2020-12-05 02:51:39,29.2,58.4,118.57686910197872,27.45810055865922,24.145251396648046
1498,2020-12-05 02:52:00,2020-12-05 03:28:10,58.8,91.2,121.71039720507541,30.334862385321102,27.325688073394495
1499,2020-12-05 15:47:32,2020-12-05 16:12:52,24.0,48.8,119.29044506048388,22.84313725490196,21.437908496732025
1500,2020-12-05 16:13:13,2020-12-05 16:41:43,49.2,77.2,118.87005069444444,26.38372093023256,25.162790697674417
1501,2020-12-05 21:44:24,2020-12-05 22:05:24,50.0,70.0,122.32707104166664,26.385826771653544,23.637795275590552
1502,2020-12-06 07:43:50,2020-12-06 08:02:40,53.6,59.2,126.1160714285714,19.350877192982455,17.0
1503,2020-12-06 08:03:01,2020-12-06 08:32:01,59.2,68.4,118.2065217391304,20.0,17.354285714285716
1504,2020-12-06 08:32:22,2020-12-06 09:00:12,68.4,76.8,124.25595238095251,20.0,18.0
1505,2020-12-06 09:00:33,2020-12-06 09:31:13,77.2,86.4,124.99999999999996,20.0,18.0
1506,2020-12-06 09:31:34,2020-12-06 09:58:53,86.4,94.8,118.80649523809535,20.0,18.036363636363635
1507,2020-12-06 19:34:00,2020-12-06 20:06:10,52.0,82.8,121.41642302489177,26.45876288659794,25.201030927835053
1508,2020-12-06 20:06:31,2020-12-06 20:23:31,83.2,94.8,123.59075945881234,28.0,26.436893203883496
1509,2020-12-07 02:27:50,2020-12-07 02:53:40,45.2,62.4,119.53651324289412,26.666666666666668,24.205128205128204
1510,2020-12-07 02:59:21,2020-12-07 03:25:51,63.6,81.2,120.99117842487375,27.8875,25.04375
1511,2020-12-07 03:26:12,2020-12-07 03:47:32,81.2,93.6,120.19714885752694,28.0,26.0
1512,2020-12-07 06:24:38,2020-12-07 06:44:18,89.2,97.6,122.31153290343926,27.0,24.0
1513,2020-12-07 12:34:56,2020-12-07 13:06:06,58.4,87.6,123.31526189117203,27.1968085106383,25.335106382978722
1514,2020-12-07 13:06:27,2020-12-07 13:24:27,88.0,97.6,125.38051924189818,28.03669724770642,26.779816513761467
1515,2020-12-08 00:04:13,2020-12-08 00:37:03,42.0,74.4,118.61156134259257,27.494949494949495,25.242424242424242
1516,2020-12-08 06:17:41,2020-12-08 06:34:31,39.6,56.0,120.6207671917344,24.333333333333332,21.08823529411765
1517,2020-12-08 06:34:52,2020-12-08 07:01:52,56.4,82.4,122.17522927350426,26.355828220858896,23.263803680981596
1518,2020-12-08 07:02:13,2020-12-08 07:29:43,82.8,97.6,122.9007272897898,27.0,24.0
1519,2020-12-08 13:13:42,2020-12-08 13:41:22,72.8,95.2,121.67970114087304,27.21556886227545,25.419161676646706
1520,2020-12-08 22:48:33,2020-12-08 23:16:43,26.8,44.0,123.09272755167962,27.270588235294117,24.75294117647059
1521,2020-12-08 23:17:04,2020-12-08 23:45:34,44.4,62.8,116.42665625000002,28.825581395348838,26.569767441860463
1522,2020-12-08 23:45:55,2020-12-09 00:13:45,62.8,80.4,118.87155413510098,30.0,27.0
1523,2020-12-09 00:14:06,2020-12-09 00:40:46,80.8,96.8,123.85069843749999,30.0,27.124223602484474
1524,2020-12-09 06:18:42,2020-12-09 06:44:12,52.4,76.4,124.06829803240736,24.824675324675326,21.461038961038962
1525,2020-12-09 06:44:33,2020-12-09 07:10:53,76.8,96.0,119.97177965856478,26.0,22.9748427672956
1526,2020-12-09 15:33:51,2020-12-09 16:01:41,70.4,93.2,123.3369924463938,27.708333333333332,26.69047619047619
1527,2020-12-10 04:27:22,2020-12-10 05:01:22,38.4,59.6,119.68292026991611,24.71707317073171,23.346341463414635
1528,2020-12-10 05:01:43,2020-12-10 05:30:23,60.0,76.8,121.75597296626988,26.0,25.0
1529,2020-12-10 05:30:44,2020-12-10 06:00:04,77.2,93.6,122.60418038617895,26.971751412429377,25.129943502824858
1530,2020-12-10 09:27:34,2020-12-10 09:44:44,71.6,87.6,123.13023298611118,26.89423076923077,24.807692307692307
1531,2020-12-10 09:45:05,2020-12-10 10:02:15,88.0,97.6,121.82439351851858,27.0,25.0
1532,2020-12-10 18:58:35,2020-12-10 19:25:55,48.0,74.8,120.46071750621891,30.90909090909091,29.363636363636363
1533,2020-12-10 22:08:15,2020-12-10 22:29:55,82.4,97.6,120.81321984649132,30.0,28.0
1534,2020-12-11 07:51:47,2020-12-11 08:24:37,65.6,83.6,121.23918564814818,24.954545454545453,23.171717171717173
1535,2020-12-11 08:24:58,2020-12-11 08:54:58,83.6,97.6,122.60018174603175,25.61878453038674,24.0
1536,2020-12-12 00:39:19,2020-12-12 01:32:29,20.4,72.4,119.14823877670942,28.470404984423677,27.034267912772584
1537,2020-12-12 01:32:50,2020-12-12 01:49:30,72.8,88.4,120.99983039529909,31.633663366336634,30.22772277227723
1538,2020-12-12 14:10:10,2020-12-12 14:41:00,28.4,58.4,120.10556703703705,30.451612903225808,29.112903225806452
1539,2020-12-12 14:41:21,2020-12-12 15:10:31,58.8,86.8,121.68205252976192,33.58522727272727,32.36363636363637
1540,2020-12-12 15:10:52,2020-12-12 15:27:52,87.2,97.6,121.23265411324795,34.53398058252427,33.0
1541,2020-12-12 22:53:50,2020-12-12 23:15:30,52.4,73.2,121.7775249065171,30.83206106870229,28.427480916030536
1542,2020-12-12 23:15:51,2020-12-12 23:45:51,73.6,96.8,122.64668330938697,32.0,29.91160220994475
1543,2020-12-13 14:35:52,2020-12-13 14:56:32,8.8,28.8,120.55694458333335,27.352,26.04
1544,2020-12-13 14:56:53,2020-12-13 15:23:53,28.8,55.2,119.29924053030302,29.950920245398773,28.484662576687118
1545,2020-12-13 15:24:14,2020-12-13 15:51:34,55.6,82.0,120.74599757996634,32.88484848484848,31.412121212121214
1546,2020-12-13 19:03:16,2020-12-13 19:31:25,76.8,97.6,123.68144076522441,31.9811320754717,29.683962264150942
1547,2020-12-14 01:35:01,2020-12-14 02:20:55,51.2,92.0,122.45385028594772,29.020289855072463,26.559420289855073
1548,2020-12-14 13:49:08,2020-12-14 14:15:58,50.0,76.0,120.41453055555556,21.932098765432098,19.61111111111111
1549,2020-12-14 14:16:19,2020-12-14 14:44:09,76.0,96.0,118.31737166666669,23.321428571428573,21.041666666666668
1550,2020-12-15 00:36:50,2020-12-15 01:05:54,36.8,65.6,117.66444082754633,20.772727272727273,18.761363636363637
1551,2020-12-15 01:06:15,2020-12-15 01:30:55,66.0,88.4,120.83209374999997,22.899328859060404,21.181208053691275
1552,2020-12-15 04:28:38,2020-12-15 04:49:38,59.2,79.2,121.50903194444444,22.118110236220474,18.826771653543307
1553,2020-12-15 04:49:59,2020-12-15 05:10:49,79.2,94.4,120.66339089912277,23.0,20.0
1554,2020-12-15 17:26:54,2020-12-15 17:55:04,36.0,64.0,117.54663928571429,20.270588235294117,19.129411764705882
1555,2020-12-15 17:55:25,2020-12-15 18:24:05,64.4,90.0,119.15962342664935,23.023121387283236,21.75722543352601
1556,2020-12-15 18:24:26,2020-12-15 18:43:16,90.0,97.6,117.8307876461989,24.0,22.026315789473685
1557,2020-12-16 08:57:17,2020-12-16 09:27:37,84.4,97.6,122.93877893518533,21.83606557377049,20.10928961748634
1558,2020-12-16 16:56:27,2020-12-16 17:28:47,64.0,91.6,121.53884777576494,23.435897435897434,21.646153846153847
1559,2020-12-16 17:29:08,2020-12-16 17:45:38,92.0,97.6,125.63491344246044,24.0,22.14
1560,2020-12-17 00:24:04,2020-12-17 00:51:14,44.4,61.6,118.73145397286822,19.920731707317074,16.945121951219512
1561,2020-12-17 00:51:35,2020-12-17 01:21:35,61.6,80.0,122.55437500000002,21.0,18.226519337016576
1562,2020-12-17 01:21:56,2020-12-17 01:53:06,80.4,97.2,121.22932986111113,21.96808510638298,19.101063829787233
1563,2020-12-17 15:32:02,2020-12-17 16:00:02,41.2,68.8,118.51752239331728,20.153846153846153,18.72189349112426
1564,2020-12-17 16:00:23,2020-12-17 16:25:20,69.2,90.4,121.96024333726415,22.582781456953644,21.443708609271525
1565,2020-12-18 02:43:24,2020-12-18 03:10:34,10.8,20.4,122.62731481481484,20.378048780487806,18.0
1566,2020-12-18 03:10:55,2020-12-18 03:41:05,20.8,31.6,121.04166692386833,20.73076923076923,18.324175824175825
1567,2020-12-18 03:41:26,2020-12-18 04:13:56,32.0,43.6,121.41283572796932,21.571428571428573,19.397959183673468
1568,2020-12-18 04:14:17,2020-12-18 04:44:27,43.6,54.8,116.71626984126988,22.54945054945055,20.456043956043956
1569,2020-12-18 04:44:48,2020-12-18 05:20:48,54.8,68.4,114.7058823529411,23.0,21.0
1570,2020-12-18 05:21:09,2020-12-18 05:54:09,68.4,80.0,123.2758620689656,23.0,21.0
1571,2020-12-18 05:54:30,2020-12-18 06:21:10,80.4,89.6,125.60386473429968,23.0,21.0
1572,2020-12-18 06:21:31,2020-12-18 06:45:31,89.6,97.6,124.20139496527776,23.0,21.0
1573,2020-12-18 15:52:05,2020-12-18 16:18:15,74.4,94.4,123.52918486111109,24.436708860759495,22.917721518987342
1574,2020-12-18 23:30:50,2020-12-19 00:01:40,54.4,83.6,121.84695395738207,23.21505376344086,20.741935483870968
1575,2020-12-19 05:48:48,2020-12-19 06:19:28,26.8,56.8,119.16435615740744,21.78918918918919,18.886486486486486
1576,2020-12-19 06:19:49,2020-12-19 06:49:09,57.2,85.2,120.67807921626985,24.728813559322035,22.146892655367232
1577,2020-12-19 06:49:30,2020-12-19 07:11:00,85.6,96.8,124.61807328869045,25.76923076923077,23.0
1578,2020-12-19 13:56:31,2020-12-19 14:17:01,48.0,62.0,122.0218251984127,20.56451612903226,18.04032258064516
1579,2020-12-19 14:17:22,2020-12-19 14:47:02,62.4,82.8,121.17510770697169,21.65921787709497,19.41899441340782
1580,2020-12-19 14:47:23,2020-12-19 15:14:43,82.8,96.8,119.70935029761907,22.64848484848485,20.587878787878786
1581,2020-12-19 20:55:35,2020-12-19 21:15:45,51.6,65.2,123.0556029411765,21.131147540983605,18.60655737704918
1582,2020-12-19 21:16:06,2020-12-19 21:46:56,65.6,86.4,123.03690838675207,22.0,19.596774193548388
1583,2020-12-19 21:47:17,2020-12-19 22:04:07,86.8,95.6,121.68722758838393,22.872549019607842,20.08823529411765
1584,2020-12-20 03:10:01,2020-12-20 03:37:51,66.0,90.0,122.17535665509259,21.845238095238095,19.19047619047619
1585,2020-12-20 11:37:58,2020-12-20 12:16:31,34.8,72.4,119.87841498965722,21.162393162393162,19.307692307692307
1586,2020-12-20 12:16:52,2020-12-20 12:47:12,72.8,95.6,121.4534706384016,23.852459016393443,22.26775956284153
1587,2020-12-20 23:50:19,2020-12-21 00:36:49,58.0,94.0,121.23449967978395,21.017142857142858,19.34285714285714
1588,2020-12-21 05:33:18,2020-12-21 06:37:05,54.0,97.6,122.0844337124108,21.09394572025052,18.52400835073069
1589,2020-12-21 14:19:15,2020-12-21 14:46:51,51.6,78.0,122.34492105429295,21.523809523809526,20.416666666666668
1590,2020-12-22 00:41:14,2020-12-22 01:07:24,13.2,30.8,113.17236363636367,20.962025316455698,18.88607594936709
1591,2020-12-22 01:07:45,2020-12-22 01:40:45,30.8,51.6,118.65920506143162,22.92964824120603,21.050251256281406
1592,2020-12-22 01:41:06,2020-12-22 02:10:16,52.0,70.0,116.33798626543208,24.852272727272727,23.272727272727273
1593,2020-12-22 02:10:37,2020-12-22 02:40:57,70.0,87.2,121.37275242248063,25.650273224043715,24.0
1594,2020-12-22 02:41:18,2020-12-22 03:03:58,87.6,97.6,127.02224569444445,26.0,24.021897810218977
1595,2020-12-22 08:19:56,2020-12-22 08:37:13,46.4,57.6,115.76513182043647,23.0,19.62857142857143
1596,2020-12-22 08:37:34,2020-12-22 09:08:44,57.6,77.2,119.48131462585035,24.0,20.930851063829788
1597,2020-12-22 09:09:05,2020-12-22 09:36:55,77.6,94.4,123.46561755952375,24.767857142857142,22.0
1598,2020-12-22 15:14:34,2020-12-22 15:53:22,59.6,93.2,121.69643948412701,26.474358974358974,25.004273504273506
1599,2020-12-23 05:18:08,2020-12-23 05:43:38,17.6,42.0,120.88340858378872,22.662337662337663,21.48701298701299
1600,2020-12-23 05:43:59,2020-12-23 06:13:09,42.4,71.2,117.14986921296295,26.357954545454547,25.323863636363637
1601,2020-12-23 06:13:30,2020-12-23 06:44:00,71.6,95.6,119.72049461805558,28.597826086956523,27.293478260869566
1602,2020-12-23 17:06:58,2020-12-23 17:37:48,51.2,68.0,122.04858052248677,27.731182795698924,26.56989247311828
1603,2020-12-23 17:38:09,2020-12-23 18:04:19,68.4,82.4,124.29163551587301,28.734177215189874,27.158227848101266
1604,2020-12-23 21:51:40,2020-12-23 22:24:20,61.6,91.2,121.18335951576576,28.253807106598984,26.34517766497462
1605,2020-12-24 06:24:23,2020-12-24 07:11:05,64.4,97.6,123.64622049447796,25.327635327635328,22.997150997150996
1606,2020-12-24 15:51:54,2020-12-24 16:28:11,50.8,87.2,121.60975123244808,26.076923076923077,24.91941391941392
1607,2020-12-24 22:23:31,2020-12-24 22:52:31,43.6,71.6,120.81646656746034,27.251428571428573,25.17142857142857
1608,2020-12-24 22:52:52,2020-12-24 23:18:42,72.0,93.2,122.05451834381553,28.942307692307693,26.96794871794872
1609,2020-12-26 20:23:38,2020-12-26 20:51:38,14.4,41.6,120.1051885723039,22.23076923076923,21.4792899408284
1610,2020-12-26 20:51:59,2020-12-26 21:21:29,42.0,71.6,116.23216563438439,26.325842696629213,25.54494382022472
1611,2020-12-26 21:21:50,2020-12-26 21:52:40,72.0,96.0,123.01908998842592,28.677419354838708,27.763440860215052
1612,2020-12-27 18:10:14,2020-12-27 18:43:58,35.6,54.8,116.83749972511576,28.431372549019606,26.96078431372549
1613,2020-12-27 18:44:19,2020-12-27 19:13:39,55.2,71.6,118.95661178861796,30.0,28.768361581920903
1614,2020-12-27 19:14:00,2020-12-27 19:41:50,72.0,87.2,121.80735617690056,30.773809523809526,29.095238095238095
1615,2020-12-27 19:42:11,2020-12-27 20:01:21,87.6,97.6,127.52497472222221,31.0,29.99137931034483
1616,2020-12-28 15:30:18,2020-12-28 16:58:51,17.2,97.6,118.84837254007743,32.64962406015037,31.06466165413534
1617,2020-12-28 20:59:33,2020-12-28 21:16:22,87.2,97.6,119.26644069177364,30.0,27.976377952755904
1618,2020-12-29 02:41:48,2020-12-29 03:26:13,60.8,97.6,120.64791790081524,28.679640718562876,26.347305389221557
1619,2020-12-29 19:19:03,2020-12-29 19:43:23,19.2,43.2,117.95315758101854,28.598639455782312,27.08843537414966
1620,2020-12-29 19:43:44,2020-12-29 20:14:04,43.6,74.0,116.07733580043865,31.661202185792348,30.2896174863388
1621,2020-12-30 10:46:25,2020-12-30 11:16:25,32.4,43.6,115.17866071428567,24.0,21.61878453038674
1622,2020-12-30 11:16:46,2020-12-30 11:38:36,43.6,52.0,111.76595965608468,24.53787878787879,22.0
1623,2020-12-30 11:41:57,2020-12-30 12:10:47,51.2,61.6,119.10394260149573,25.0,22.402298850574713
1624,2020-12-30 12:11:08,2020-12-30 12:42:28,62.0,73.2,120.56300967261899,25.0,22.0
1625,2020-12-30 12:42:49,2020-12-30 13:12:09,73.2,84.0,116.95734490740743,25.0,22.0
1626,2020-12-30 18:23:05,2020-12-30 18:45:25,55.6,80.8,118.29917322530868,22.62962962962963,20.340740740740742
1627,2020-12-30 18:45:46,2020-12-30 19:15:16,81.2,97.6,122.44665955284559,24.0,22.0
1628,2020-12-31 00:30:17,2020-12-31 00:50:57,60.8,80.0,120.77474602141203,21.224,18.272
1629,2020-12-31 06:11:13,2020-12-31 06:37:43,57.2,83.2,119.01710470085469,26.46875,22.79375
1630,2020-12-31 06:38:04,2020-12-31 07:05:54,83.6,97.6,125.49207341269846,27.0,23.029761904761905
1631,2020-12-31 17:18:48,2020-12-31 17:48:48,20.8,50.4,117.64969782282284,21.535911602209946,19.944751381215468
1632,2020-12-31 17:49:09,2020-12-31 18:18:39,50.8,80.0,117.26314469178085,25.078651685393258,23.415730337078653
1633,2020-12-31 18:19:00,2020-12-31 18:39:20,80.4,94.8,120.3674900655865,26.0,24.11382113821138
1634,2021-01-03 12:35:13,2021-01-03 13:01:33,40.8,66.8,117.86807419871796,19.57861635220126,18.232704402515722
1635,2021-01-03 13:01:54,2021-01-03 13:27:34,67.2,90.0,118.20906652046787,22.29032258064516,20.941935483870967
1636,2021-01-03 13:27:55,2021-01-03 13:47:15,90.0,97.6,122.22592763157907,23.0,22.0
1637,2021-01-04 00:01:27,2021-01-04 00:32:17,53.2,83.6,118.51883529788016,25.56451612903226,24.301075268817204
1638,2021-01-04 03:56:49,2021-01-04 04:24:59,64.8,82.4,120.21229742739894,26.688235294117646,24.0
1639,2021-01-04 04:25:20,2021-01-04 04:51:30,82.4,97.6,121.21893658625741,27.0,24.70886075949367
1640,2021-01-04 18:08:50,2021-01-04 18:26:50,27.6,45.6,116.7530950617284,23.798165137614678,22.28440366972477
1641,2021-01-04 18:27:11,2021-01-04 18:56:31,46.0,75.2,117.38586149162862,26.89830508474576,25.463276836158194
1642,2021-01-04 18:56:52,2021-01-04 19:25:12,75.6,96.8,122.47380824161425,28.76608187134503,27.0
1643,2021-01-05 05:47:34,2021-01-05 06:19:33,43.6,75.2,118.17907080696202,25.756476683937823,23.66839378238342
1644,2021-01-05 06:19:54,2021-01-05 06:48:34,75.6,97.2,120.96517013888885,27.641618497109828,25.601156069364162
1645,2021-01-06 03:40:17,2021-01-06 04:27:31,63.2,97.6,122.53425049257108,21.67042253521127,20.36056338028169
1646,2021-01-06 18:00:05,2021-01-06 18:19:55,31.2,42.0,118.93387983539094,22.175,20.883333333333333
1647,2021-01-06 18:20:16,2021-01-06 18:46:46,42.0,57.6,112.91131250000002,23.56875,22.50625
1648,2021-01-06 18:47:07,2021-01-06 19:18:37,57.6,75.6,116.3186605709877,24.96842105263158,23.91578947368421
1649,2021-01-06 21:27:38,2021-01-06 21:55:08,80.0,96.0,112.13626628472223,24.03012048192771,23.0
1650,2021-01-07 04:46:22,2021-01-07 05:04:42,57.2,67.2,118.89584208333332,22.99099099099099,20.46846846846847
1651,2021-01-07 05:05:03,2021-01-07 05:29:03,67.2,80.8,117.68689123774516,23.048275862068966,21.0
1652,2021-01-07 11:33:55,2021-01-07 12:04:05,13.2,43.2,117.49723819444444,26.747252747252748,23.763736263736263
1653,2021-01-07 12:04:26,2021-01-07 12:28:46,43.6,68.0,116.45037443078323,29.700680272108844,26.789115646258505
1654,2021-01-07 12:29:07,2021-01-07 13:00:17,68.4,94.4,119.57586057692306,31.01595744680851,28.0
1655,2021-01-07 18:54:31,2021-01-07 19:22:11,66.8,86.0,119.59350795717594,24.0,20.37125748502994
1656,2021-01-08 11:11:58,2021-01-08 11:43:58,21.6,44.0,117.38100000000003,24.756476683937823,22.367875647668395
1657,2021-01-08 11:44:19,2021-01-08 12:14:09,44.0,65.6,113.48641435185189,26.68888888888889,24.494444444444444
1658,2021-01-08 12:14:30,2021-01-08 12:43:40,66.0,86.0,119.82921444444447,27.636363636363637,25.0
1659,2021-01-08 17:15:29,2021-01-08 17:32:29,61.6,70.4,124.90687995580802,21.0,17.0
1660,2021-01-08 17:32:50,2021-01-08 18:00:10,70.8,86.0,119.85928124999998,21.0,17.503030303030304
1661,2021-01-09 15:18:00,2021-01-09 15:45:40,19.2,45.2,119.53151773504271,24.01197604790419,21.34131736526946
1662,2021-01-09 15:46:01,2021-01-09 16:14:31,45.6,74.0,116.17419126564947,28.27906976744186,25.99418604651163
1663,2021-01-09 16:14:52,2021-01-09 16:44:32,74.4,96.8,119.37067621527781,29.75977653631285,27.720670391061454
1664,2021-01-10 06:55:19,2021-01-10 07:25:09,52.8,73.6,119.28549959935897,25.372222222222224,22.738888888888887
1665,2021-01-10 07:25:30,2021-01-10 07:51:30,74.0,91.6,119.66775986426772,26.0,23.70700636942675
1666,2021-01-10 07:51:51,2021-01-10 08:08:41,91.6,97.6,126.68987152777784,26.0,24.0
1667,2021-01-10 20:00:00,2021-01-10 20:33:30,44.4,68.4,115.40280104166665,20.361386138613863,18.153465346534652
1668,2021-01-10 20:33:51,2021-01-10 21:04:51,68.4,89.6,120.13760246331246,21.545454545454547,19.40106951871658
1669,2021-01-10 21:05:12,2021-01-10 21:24:12,90.0,97.6,124.63266885964921,22.0,20.0
1670,2021-01-11 04:52:58,2021-01-11 05:09:48,39.6,46.8,121.25002438271612,20.127450980392158,16.833333333333332
1671,2021-01-11 05:10:09,2021-01-11 05:45:29,47.2,67.2,117.77777777777779,25.901408450704224,21.948356807511736
1672,2021-01-11 05:45:50,2021-01-11 06:14:40,67.2,83.6,117.20867208672092,26.0,22.0
1673,2021-01-11 18:41:04,2021-01-11 19:08:54,16.4,42.4,118.88194177350427,22.952380952380953,20.178571428571427
1674,2021-01-11 19:09:15,2021-01-11 19:39:15,42.8,72.8,116.62870027777778,28.044198895027623,25.30939226519337
1675,2021-01-11 19:39:36,2021-01-11 20:09:06,73.2,96.0,120.80835434941521,29.0561797752809,26.8876404494382
1676,2021-01-12 03:21:18,2021-01-12 03:50:38,56.4,85.2,118.06038816550925,24.887005649717516,20.35593220338983
1677,2021-01-12 11:43:01,2021-01-12 12:05:01,28.8,48.8,118.7743152777778,21.857142857142858,19.097744360902254
1678,2021-01-12 12:05:22,2021-01-12 12:36:02,49.2,79.6,117.22818261147667,27.45945945945946,24.67027027027027
1679,2021-01-12 18:31:44,2021-01-12 18:57:14,61.2,85.2,120.47454542824075,23.694805194805195,21.01298701298701
1680,2021-01-12 18:57:35,2021-01-12 19:23:15,85.6,97.6,124.83682685185184,24.967741935483872,22.0
1681,2021-01-13 02:31:58,2021-01-13 03:21:09,28.0,77.2,117.08014381210481,21.74074074074074,18.474747474747474
1682,2021-01-13 03:21:30,2021-01-13 03:41:07,77.6,92.8,120.55906125730995,24.470588235294116,21.680672268907564
1683,2021-01-13 15:39:58,2021-01-13 16:59:30,14.0,82.0,117.04958092728756,24.87604690117253,23.54103852596315
1684,2021-01-13 23:46:21,2021-01-14 00:15:10,22.8,46.8,120.08108042245374,22.027649769585253,19.387096774193548
1685,2021-01-14 00:15:29,2021-01-14 01:14:20,47.2,94.4,118.56085935734464,25.334841628959275,23.056561085972852
1686,2021-01-14 07:50:15,2021-01-14 09:35:07,36.0,97.6,118.43023672438673,21.970775095298603,18.94536213468869
1687,2021-01-14 20:47:43,2021-01-14 22:19:31,24.0,97.6,118.88841085446862,26.197387518142236,24.65166908563135
1688,2021-01-15 11:03:48,2021-01-15 11:29:28,32.8,58.4,117.04048008897571,20.4,19.006451612903227
1689,2021-01-15 11:29:49,2021-01-15 11:53:26,58.8,82.0,118.89931928879307,23.447552447552447,22.223776223776223
1690,2021-01-15 11:53:47,2021-01-15 12:22:27,82.4,97.6,122.43971408991239,24.942196531791907,23.809248554913296
1691,2021-01-16 00:32:27,2021-01-16 02:51:21,10.4,97.6,118.67139470247199,26.546065259117082,24.29270633397313
1692,2021-01-16 08:15:18,2021-01-16 08:43:38,52.8,72.4,120.16155924036276,24.0,20.80701754385965
1693,2021-01-16 08:43:59,2021-01-16 09:12:29,72.8,92.0,120.57217541956018,24.96511627906977,21.622093023255815
1694,2021-01-16 21:35:42,2021-01-16 22:02:22,64.0,82.8,118.92217737884164,24.925465838509318,23.46583850931677
1695,2021-01-16 22:02:43,2021-01-16 22:25:43,83.2,97.6,123.42692930169763,25.985611510791365,24.41007194244604
1696,2021-01-17 01:32:12,2021-01-17 01:54:12,79.2,95.2,121.18317612847223,27.0,25.0
1697,2021-01-17 20:50:28,2021-01-17 21:16:18,32.4,58.4,116.05877457264957,24.314102564102566,23.03846153846154
1698,2021-01-17 21:16:39,2021-01-17 21:53:15,58.8,92.0,118.46646152108431,27.380090497737555,26.099547511312217
1699,2021-01-17 23:44:42,2021-01-18 00:01:12,85.6,96.0,115.23370833333327,26.0,23.51
1700,2021-01-18 04:50:53,2021-01-18 05:19:53,70.4,94.0,120.06355355461396,22.942857142857143,20.4
1701,2021-01-19 02:18:33,2021-01-19 02:38:43,22.4,42.0,120.28346010487525,20.598360655737704,19.39344262295082
1702,2021-01-19 02:39:04,2021-01-19 03:10:24,42.4,74.0,115.75598567158933,23.96825396825397,22.915343915343914
1703,2021-01-19 03:10:45,2021-01-19 03:40:15,74.4,96.8,121.68838138640878,25.9438202247191,24.876404494382022
1704,2021-01-19 06:47:01,2021-01-19 07:10:21,86.8,97.6,118.48382471707824,25.0,22.0
1705,2021-01-19 12:43:55,2021-01-19 13:17:57,67.6,95.6,119.59054843750003,23.6640625,22.2109375
1706,2021-01-19 17:55:55,2021-01-19 18:24:55,71.2,94.8,121.36006361817329,27.708571428571428,26.005714285714287
1707,2021-01-20 00:48:24,2021-01-20 01:09:34,47.6,64.8,120.05976259689926,25.1875,22.5546875
1708,2021-01-20 01:09:55,2021-01-20 01:36:55,65.2,86.0,121.04568522970087,26.0,23.631901840490798
1709,2021-01-20 15:23:24,2021-01-20 15:52:14,47.2,65.2,120.14429066358024,25.419540229885058,24.21264367816092
1710,2021-01-20 15:52:35,2021-01-20 16:24:15,65.6,85.2,121.17630413832197,26.790575916230367,25.591623036649214
1711,2021-01-20 16:24:36,2021-01-20 16:45:16,85.6,97.6,123.34257962962963,27.848,26.496
1712,2021-01-21 03:50:05,2021-01-21 04:07:05,14.4,25.2,118.0542694187243,24.95145631067961,22.233009708737864
1713,2021-01-21 04:07:26,2021-01-21 04:35:56,25.6,43.6,118.73996813271603,26.25581395348837,23.930232558139537
1714,2021-01-21 04:36:17,2021-01-21 05:05:57,43.6,63.2,113.41835714285715,28.28491620111732,26.262569832402235
1715,2021-01-21 05:06:18,2021-01-21 05:31:58,63.6,80.0,117.32892462737128,29.12258064516129,27.29032258064516
1716,2021-01-21 05:32:19,2021-01-21 06:01:29,80.0,97.6,121.719526751894,30.0,28.0
1717,2021-01-21 12:38:09,2021-01-21 13:07:29,55.2,84.4,117.75924015410962,29.37853107344633,27.28813559322034
1718,2021-01-21 13:07:50,2021-01-21 13:28:10,84.4,97.6,122.05284238215503,30.70731707317073,28.991869918699187
1719,2021-01-21 19:14:46,2021-01-21 19:47:56,50.8,71.6,119.05988221153851,29.495,27.205
1720,2021-01-21 19:48:17,2021-01-21 20:17:37,71.6,90.0,118.95461194142511,30.0,28.0
1721,2021-01-23 11:24:42,2021-01-23 11:51:12,64.0,82.4,121.28019942632848,23.5625,21.925
1722,2021-01-23 11:51:33,2021-01-23 12:16:33,82.8,96.8,121.96726210317463,24.67549668874172,22.986754966887418
1723,2021-01-23 21:21:21,2021-01-23 22:17:08,50.8,97.6,119.94208591227446,29.047732696897373,27.35799522673031
1724,2021-01-24 14:42:01,2021-01-24 15:00:11,59.6,77.6,119.53627523148155,26.227272727272727,24.89090909090909
1725,2021-01-24 15:00:32,2021-01-24 15:27:02,78.0,97.6,122.29591822562365,27.4375,26.1625
1726,2021-01-25 13:58:17,2021-01-25 14:26:27,50.8,67.2,117.02827125677501,24.694117647058825,23.723529411764705
1727,2021-01-25 14:26:48,2021-01-25 14:56:58,67.2,84.4,119.53082453165376,25.87912087912088,24.934065934065934
1728,2021-01-25 14:57:19,2021-01-25 15:20:29,84.8,97.6,123.32029861111113,26.87142857142857,25.892857142857142
1729,2021-01-26 03:33:50,2021-01-26 03:53:30,29.2,40.0,118.31147749485595,25.210084033613445,23.310924369747898
1730,2021-01-26 03:53:51,2021-01-26 04:25:21,40.0,58.4,114.31085741243965,26.726315789473684,24.957894736842107
1731,2021-01-26 04:25:42,2021-01-26 04:50:52,58.4,72.8,116.58854928626545,28.0,26.0
1732,2021-01-26 04:51:13,2021-01-26 05:21:43,73.2,90.0,121.32526083002647,28.32608695652174,26.891304347826086
1733,2021-01-26 10:42:00,2021-01-26 11:04:10,59.6,81.6,118.0625232954546,28.611940298507463,26.402985074626866
1734,2021-01-26 11:04:31,2021-01-26 11:27:11,82.0,97.6,122.70390010683766,29.8978102189781,27.868613138686133
1735,2021-01-26 21:04:44,2021-01-26 21:53:03,56.8,97.6,120.29167566721138,28.53168044077135,26.710743801652892
1736,2021-01-27 12:50:13,2021-01-27 13:12:38,64.4,86.8,117.12718359375003,25.17751479289941,23.763313609467456
1737,2021-01-27 15:53:24,2021-01-27 16:19:14,77.6,96.8,122.2612962962963,29.0,27.865384615384617
1738,2021-01-27 23:45:54,2021-01-28 00:03:14,38.8,50.0,116.08507080853173,28.0,25.685714285714287
1739,2021-01-28 00:03:35,2021-01-28 00:28:35,50.0,66.0,117.1875,29.410596026490065,26.927152317880793
1740,2021-01-28 00:28:56,2021-01-28 00:58:16,66.4,84.8,119.56521739130442,30.0,27.824858757062145
1741,2021-01-28 00:58:37,2021-01-28 01:19:47,85.2,97.6,124.42538608870979,30.5625,28.0
1742,2021-01-28 23:44:49,2021-01-29 00:04:29,28.4,41.6,118.74370033670031,20.899159663865547,19.42016806722689
1743,2021-01-29 00:04:50,2021-01-29 00:33:20,41.6,61.2,113.91370528628117,22.912790697674417,21.372093023255815
1744,2021-01-29 00:33:41,2021-01-29 01:01:31,61.2,80.0,116.91638475177308,24.303571428571427,22.988095238095237
1745,2021-01-29 06:39:32,2021-01-29 07:08:12,66.8,91.6,119.31339303315416,22.832369942196532,21.54335260115607
1746,2021-03-02 21:27:15,2021-03-02 22:47:51,47.6,97.6,119.85541217055558,28.094214876033057,27.30909090909091
1747,2021-03-10 18:14:44,2021-03-10 18:45:24,23.2,53.2,119.40464041666665,32.189189189189186,30.9027027027027
1748,2021-03-10 18:45:45,2021-03-10 19:16:25,53.6,83.6,119.34120967592597,35.454054054054055,34.23783783783784
1749,2021-03-10 19:21:56,2021-03-10 19:38:36,87.2,97.6,119.36699839743599,36.68316831683168,35.0
1750,2021-03-11 05:04:55,2021-03-11 05:34:15,40.0,69.2,117.26693997336378,30.2090395480226,27.740112994350284
1751,2021-03-11 05:34:36,2021-03-11 06:01:26,69.6,92.8,119.57555932710729,32.098765432098766,29.962962962962962
1752,2021-03-11 15:24:45,2021-03-11 16:16:31,46.8,90.0,119.07613708847735,33.04092071611253,31.506393861892583
1753,2021-03-12 01:59:38,2021-03-12 02:29:28,22.4,52.4,117.36621740740745,29.711111111111112,27.77777777777778
1754,2021-03-12 02:29:49,2021-03-12 02:56:39,52.8,79.6,118.31984732587064,32.99382716049383,31.24074074074074
1755,2021-03-12 14:08:37,2021-03-12 14:28:07,6.4,27.6,107.9716982442348,31.220338983050848,29.889830508474578
1756,2021-03-12 14:28:28,2021-03-12 14:55:18,28.0,54.4,119.36762857744108,33.68518518518518,32.370370370370374
1757,2021-03-12 15:08:19,2021-03-12 15:27:29,60.0,78.8,119.6342927748227,37.189655172413794,35.91379310344828
1758,2021-03-12 15:27:50,2021-03-12 15:48:30,79.2,95.2,122.10764565972228,38.0,37.0
1759,2021-03-12 23:30:33,2021-03-13 00:17:07,25.6,72.0,116.95510476532567,35.7,32.90857142857143
1760,2021-03-13 03:42:23,2021-03-13 04:03:03,33.6,55.2,117.89095396090536,33.632,30.496
1761,2021-03-13 04:03:24,2021-03-13 04:42:23,55.6,92.8,119.42929521356037,36.276595744680854,33.12765957446808
1762,2021-03-13 14:23:07,2021-03-13 14:49:27,40.0,54.4,119.31517719907407,29.32075471698113,27.452830188679247
1763,2021-03-13 14:49:48,2021-03-13 15:16:18,54.8,69.6,119.10470326576579,30.59375,28.9
1764,2021-03-13 15:16:39,2021-03-13 15:47:09,69.6,86.8,117.9675138081395,31.0,29.608695652173914
1765,2021-03-13 23:01:06,2021-03-13 23:30:26,42.0,71.2,117.53997222222223,31.666666666666668,29.72316384180791
1766,2021-03-13 23:30:47,2021-03-13 23:58:27,71.6,94.4,120.39415192495122,33.52694610778443,31.48502994011976
1767,2021-03-14 22:53:58,2021-03-14 23:54:17,42.0,96.0,118.62943460133746,30.63355408388521,29.247240618101547
1768,2021-03-15 21:39:18,2021-03-15 22:02:18,25.2,48.0,117.95019560185187,30.489208633093526,29.194244604316548
1769,2021-03-15 22:02:39,2021-03-15 22:29:29,48.4,75.2,117.2030697035655,33.4320987654321,32.25308641975309
1770,2021-03-15 22:29:50,2021-03-15 22:50:50,75.6,92.8,122.72128843669248,34.92913385826772,33.63779527559055
1771,2021-03-16 11:44:05,2021-03-16 12:14:45,27.6,58.4,116.57830790043293,30.443243243243245,29.183783783783785
1772,2021-03-16 12:15:06,2021-03-16 12:43:16,58.8,86.4,119.55417874396134,33.48235294117647,32.411764705882355
1773,2021-03-16 18:32:40,2021-03-16 18:53:00,26.4,47.6,118.30189373689728,34.65040650406504,32.97560975609756
1774,2021-03-16 18:53:21,2021-03-16 19:22:11,48.0,78.0,118.47269175925928,37.12643678160919,35.298850574712645
1775,2021-03-16 19:22:32,2021-03-16 19:48:32,78.4,97.6,123.35215610532416,38.0,36.0
1776,2021-03-17 02:35:44,2021-03-17 03:48:51,32.4,97.6,119.4322869653204,34.30783242258652,31.805100182149364
1777,2021-03-17 17:02:37,2021-03-17 17:34:07,20.0,37.6,119.01670091540404,33.93684210526316,32.43157894736842
1778,2021-03-17 17:34:28,2021-03-17 18:07:28,38.0,57.2,114.28744524016201,35.91959798994975,34.36683417085427
1779,2021-03-18 00:08:23,2021-03-18 00:35:28,57.6,84.0,119.27253101851854,33.86764705882353,31.65686274509804
1780,2021-03-18 05:55:44,2021-03-18 06:28:44,33.2,34.0,121.52777777777821,30.0,28.0
1781,2021-03-18 08:29:49,2021-03-18 08:59:49,34.0,48.0,117.29562341269839,30.303867403314918,28.756906077348066
1782,2021-03-18 09:30:41,2021-03-18 09:58:11,55.2,72.4,119.72706718346251,32.71084337349398,31.46987951807229
1783,2021-03-18 09:58:32,2021-03-18 10:30:52,72.8,92.8,120.53541326388888,33.22051282051282,32.0
1784,2021-03-18 23:30:47,2021-03-18 23:50:07,12.4,24.8,116.98029065860216,30.0,29.0
1785,2021-03-18 23:50:28,2021-03-19 00:10:29,24.8,37.6,117.28515624999997,30.65573770491803,29.57377049180328
1786,2021-03-19 00:10:50,2021-03-19 00:39:00,37.6,56.0,114.80978260869566,32.129411764705885,30.976470588235294
1787,2021-03-19 00:39:21,2021-03-19 01:08:31,56.4,74.8,118.89190881642516,33.0,32.0
1788,2021-03-19 01:08:52,2021-03-19 01:29:38,75.2,88.0,121.68619856770837,33.0,32.0
1789,2021-03-19 05:58:24,2021-03-19 06:20:41,41.6,60.4,118.2140276595745,32.357142857142854,29.964285714285715
1790,2021-03-19 06:21:59,2021-03-19 07:12:33,60.0,97.6,121.20124914302602,33.89473684210526,31.681578947368422
1791,2021-03-19 16:47:33,2021-03-19 17:06:07,51.2,62.8,120.3146818486591,33.7787610619469,32.51327433628319
1792,2021-03-19 17:06:28,2021-03-19 17:35:28,63.2,81.6,118.60434390096626,34.0,33.0
1793,2021-03-19 17:35:49,2021-03-19 17:53:59,81.6,92.8,120.9635684523809,34.372727272727275,33.0
1794,2021-03-20 03:33:26,2021-03-20 03:56:36,10.8,34.0,116.03809518678163,31.178571428571427,29.114285714285714
1795,2021-03-20 03:56:57,2021-03-20 04:27:37,34.4,64.8,117.19391383406435,33.81621621621622,31.675675675675677
1796,2021-03-20 04:27:58,2021-03-20 04:56:08,65.2,90.8,121.58476925998269,36.11764705882353,33.758823529411764
1797,2021-03-20 16:35:50,2021-03-20 18:02:36,28.4,97.6,119.23553719291911,35.92484662576687,34.54907975460123
1798,2021-03-21 04:31:53,2021-03-21 05:02:13,23.6,53.6,117.22778851851852,29.60655737704918,27.038251366120218
1799,2021-03-21 05:02:34,2021-03-21 05:32:24,53.6,83.2,116.86515826764266,32.55555555555556,30.238888888888887
1800,2021-03-21 05:32:45,2021-03-21 05:54:12,83.6,97.6,124.51132761904763,33.0,31.0
1801,2021-03-21 16:55:47,2021-03-21 17:28:46,23.2,56.0,116.66702217987807,27.06,25.09
1802,2021-03-21 17:29:07,2021-03-21 17:51:20,56.4,78.4,117.1910521843434,29.97037037037037,28.385185185185186
1803,2021-03-21 17:51:41,2021-03-21 18:18:41,78.8,97.6,122.70540100472816,31.042944785276074,29.625766871165645
1804,2021-03-22 01:42:01,2021-03-22 02:48:36,40.4,97.6,119.93285441919195,27.134,24.442
1805,2021-03-22 16:32:23,2021-03-22 17:35:29,42.8,97.6,119.99062596563262,26.675105485232066,25.481012658227847
1806,2021-03-23 03:09:10,2021-03-23 04:48:50,20.0,99.6,118.93840060894753,27.86764705882353,26.032085561497325
1807,2021-03-23 12:51:48,2021-03-23 13:23:08,64.4,92.0,118.7656178039453,26.052910052910054,24.0
1808,2021-03-23 21:34:36,2021-03-23 21:59:36,39.6,64.8,115.94412698412701,27.1523178807947,25.29139072847682
1809,2021-03-23 22:09:38,2021-03-23 22:33:08,74.8,93.6,122.55246357860521,29.767605633802816,27.859154929577464
1810,2021-03-24 17:10:38,2021-03-24 18:44:18,10.8,97.6,117.90385520673325,29.477951635846374,28.2176386913229
1811,2021-03-25 03:07:53,2021-03-25 03:37:33,61.2,89.2,119.18801250000004,29.564245810055866,27.100558659217878
1812,2021-03-25 16:19:38,2021-03-25 17:36:54,22.8,94.4,118.71425779213219,33.422413793103445,31.874137931034483
1813,2021-03-25 22:40:33,2021-03-25 23:06:03,44.4,69.2,119.91095077284946,32.493506493506494,30.214285714285715
1814,2021-03-25 23:06:24,2021-03-25 23:37:04,69.6,94.8,121.37676432980598,34.0,31.843243243243244
1815,2021-03-26 19:48:09,2021-03-26 20:31:32,60.8,97.6,118.85628815292877,29.70948012232416,28.584097859327215
1816,2021-03-27 02:41:25,2021-03-27 02:57:55,65.6,82.8,112.0857652616279,29.28,27.65
1817,2021-03-27 11:40:00,2021-03-27 12:08:50,37.6,66.4,116.82195659722223,32.36206896551724,31.03448275862069
1818,2021-03-27 12:09:11,2021-03-27 12:39:21,66.8,93.2,119.00411174242423,34.532967032967036,33.09340659340659
1819,2021-03-27 21:05:52,2021-03-27 21:37:22,59.2,89.2,119.74861097222225,34.59473684210526,32.67368421052632
1820,2021-03-29 13:44:27,2021-03-29 14:14:57,7.6,33.6,117.48399198717951,31.26086956521739,29.304347826086957
1821,2021-03-29 14:15:18,2021-03-29 14:48:08,33.6,61.6,117.39187807539683,33.93434343434343,32.464646464646464
1822,2021-03-29 14:48:29,2021-03-29 15:22:59,62.0,90.4,119.42685807902973,36.0,34.78365384615385
1823,2021-03-29 23:23:20,2021-03-29 23:41:30,51.6,69.2,120.19807378472223,34.38181818181818,32.40909090909091
1824,2021-03-29 23:41:51,2021-03-30 00:10:11,69.6,93.6,121.15624189814815,35.50877192982456,33.526315789473685
1825,2021-03-30 15:10:29,2021-03-30 15:37:59,14.4,32.4,119.1504827160494,35.403614457831324,33.48192771084337
1826,2021-03-30 15:38:20,2021-03-30 16:09:20,32.8,53.2,116.00832407407404,37.588235294117645,35.850267379679146
1827,2021-03-30 16:09:41,2021-03-30 16:40:11,53.2,72.4,116.28908680555557,39.59782608695652,37.83695652173913
1828,2021-03-30 16:40:32,2021-03-30 17:04:42,72.8,86.8,121.59029702380953,40.0,38.60958904109589
1829,2021-03-31 00:15:19,2021-03-31 00:43:49,33.2,61.2,118.20487807539683,38.08139534883721,35.58139534883721
1830,2021-03-31 00:44:10,2021-03-31 01:11:30,61.6,88.4,118.46446610696518,40.018181818181816,37.74545454545454
1831,2021-03-31 11:20:14,2021-03-31 12:13:36,35.2,87.6,118.78687085188722,35.94014962593516,33.29925187032419
1832,2021-03-31 18:06:34,2021-03-31 18:32:24,46.4,60.4,120.28866126984126,34.3525641025641,32.333333333333336
1833,2021-03-31 18:32:45,2021-03-31 19:04:15,60.4,78.0,119.0387978219697,35.0,33.0
1834,2021-03-31 19:04:36,2021-03-31 19:35:06,78.4,95.2,120.73740443121699,35.0,33.0
1835,2021-04-01 14:47:25,2021-04-01 15:13:05,61.6,86.8,118.60009490740744,33.61290322580645,32.39354838709677
1836,2021-04-01 20:59:38,2021-04-01 21:23:57,39.2,63.2,118.08131183449075,36.777027027027025,34.79054054054054
1837,2021-04-01 21:24:18,2021-04-01 21:53:08,63.6,90.4,119.57712282338306,38.36206896551724,36.5
1838,2021-04-02 04:09:40,2021-04-02 04:47:29,56.8,92.0,118.59620114425505,35.31140350877193,32.59649122807018
1839,2021-04-02 10:56:14,2021-04-02 11:21:54,46.8,72.0,118.94952474647265,35.251612903225805,33.26451612903226
1840,2021-04-02 11:22:15,2021-04-02 11:52:55,72.4,96.8,120.29942110655742,36.78918918918919,34.832432432432434
1841,2021-04-02 19:15:56,2021-04-02 19:47:26,48.8,68.4,117.36467424886618,38.56842105263158,36.64736842105263
1842,2021-04-02 19:47:47,2021-04-02 20:13:27,68.4,83.6,118.45030637792406,39.0,37.0
1843,2021-04-02 20:13:48,2021-04-02 20:39:18,83.6,97.6,123.38493918650796,39.0,37.0
1844,2021-04-03 09:44:13,2021-04-03 10:52:24,37.2,97.6,119.23821890866448,32.578125,30.576171875
1845,2021-04-04 09:37:14,2021-04-04 09:57:04,53.6,72.8,120.4781502459491,29.675,28.241666666666667
1846,2021-04-04 09:57:25,2021-04-04 10:27:05,73.2,96.4,120.73095875239463,30.893854748603353,29.64804469273743
1847,2021-04-04 16:32:34,2021-04-04 16:59:04,43.6,58.8,116.2244148391813,32.09375,29.81875
1848,2021-04-04 16:59:25,2021-04-04 17:27:35,58.8,74.8,117.35416597222222,33.0,31.0
1849,2021-04-04 23:21:30,2021-04-04 23:41:00,28.4,48.0,117.05216850907033,30.008474576271187,27.576271186440678
1850,2021-04-04 23:41:21,2021-04-05 00:10:41,48.4,77.6,118.248208999239,32.78531073446328,30.47457627118644
1851,2021-04-05 00:11:02,2021-04-05 00:37:32,78.0,97.6,122.80612797619052,34.0,32.0
1852,2021-04-05 08:51:33,2021-04-05 09:14:53,64.4,87.2,120.67497788742693,29.120567375886523,26.72340425531915
1853,2021-04-05 09:16:15,2021-04-05 09:33:05,88.4,98.4,121.60277458333333,30.0,27.431372549019606
1854,2021-04-05 18:35:15,2021-04-05 19:02:45,20.0,46.8,118.21881923714761,29.99397590361446,28.5
1855,2021-04-05 19:03:06,2021-04-05 19:32:46,47.2,76.8,115.42982150900905,33.245810055865924,31.737430167597765
1856,2021-04-05 19:33:07,2021-04-05 20:01:07,76.8,97.6,119.4918609775641,34.73372781065089,33.0
1857,2021-04-06 04:21:28,2021-04-06 05:24:59,24.0,86.4,118.47214392806266,32.19077568134172,29.572327044025158
1858,2021-04-06 05:25:19,2021-04-06 05:43:11,86.8,97.6,124.7366455761317,34.0,31.177777777777777
1859,2021-04-06 11:56:52,2021-04-06 12:15:19,41.6,57.2,119.41187129629628,33.256637168141594,31.469026548672566
1860,2021-04-06 12:15:40,2021-04-06 12:43:10,57.6,81.2,117.80369185499057,34.63855421686747,32.90963855421687
1861,2021-04-06 12:43:31,2021-04-06 13:01:01,81.2,94.0,121.65908203125007,35.54716981132076,33.660377358490564
1862,2021-04-06 22:19:36,2021-04-06 22:51:16,32.0,52.0,118.19102187500002,33.47120418848168,31.910994764397905
1863,2021-04-06 22:51:37,2021-04-06 23:20:47,52.4,70.8,118.17636322463771,34.98863636363637,33.69318181818182
1864,2021-04-06 23:21:08,2021-04-06 23:50:48,71.2,89.6,120.37595848429959,35.8268156424581,34.0
1865,2021-04-07 14:06:56,2021-04-07 14:33:26,40.0,56.8,118.3085322420635,30.10625,28.94375
1866,2021-04-07 14:33:47,2021-04-07 15:02:47,57.2,75.6,118.2065217391305,31.52,30.034285714285716
1867,2021-04-07 15:03:08,2021-04-07 15:32:08,75.6,93.6,119.72993441358024,32.0,31.0
1868,2021-04-08 00:36:52,2021-04-08 01:03:52,35.2,62.4,115.9849994893791,32.34355828220859,31.288343558282207
1869,2021-04-08 01:04:13,2021-04-08 01:31:13,62.4,88.8,118.10606818181819,34.61963190184049,33.49693251533742
1870,2021-04-08 12:40:05,2021-04-08 13:12:25,30.0,58.0,116.02185476190479,28.794871794871796,26.297435897435896
1871,2021-04-08 13:31:55,2021-04-08 13:51:15,72.0,88.4,118.51797442411922,31.683760683760685,28.99145299145299
1872,2021-04-09 11:57:36,2021-04-09 12:20:06,12.8,32.0,117.70691840277779,24.625,23.330882352941178
1873,2021-04-09 12:20:27,2021-04-09 12:47:47,32.4,56.0,116.22236293549904,27.333333333333332,26.21212121212121
1874,2021-04-09 12:48:08,2021-04-09 13:15:28,56.4,80.0,116.2076478931262,29.763636363636362,28.727272727272727
1875,2021-04-09 13:15:49,2021-04-09 13:40:49,80.4,97.6,120.80831031976753,30.99337748344371,29.927152317880793
1876,2021-04-09 22:45:59,2021-04-09 23:07:09,52.8,73.6,118.27726682692317,28.734375,26.84375
1877,2021-04-09 23:07:30,2021-04-09 23:31:00,74.0,93.2,120.63877813946759,29.97887323943662,28.056338028169016
1878,2021-04-10 05:32:05,2021-04-10 05:55:35,45.2,53.6,116.59557159391534,28.112676056338028,25.669014084507044
1879,2021-04-10 05:55:56,2021-04-10 06:22:46,53.6,63.2,116.46701417824075,29.0,26.52469135802469
1880,2021-04-10 06:23:07,2021-04-10 06:46:17,63.2,71.6,114.91402116402129,29.0,27.0
1881,2021-04-10 06:46:38,2021-04-10 07:19:18,71.6,82.8,121.52777777777774,29.0,27.0
1882,2021-04-10 07:19:39,2021-04-10 07:56:39,83.2,95.2,123.01967754629631,29.0,27.0
1883,2021-04-10 16:13:02,2021-04-10 16:54:48,53.2,91.6,118.88907591507525,31.697452229299362,30.089171974522294
1884,2021-04-10 20:40:01,2021-04-10 20:57:51,86.4,97.6,121.58729836309536,32.94444444444444,31.0
1885,2021-04-11 04:05:46,2021-04-11 04:35:56,30.8,47.6,117.60994637896825,29.664835164835164,27.302197802197803
1886,2021-04-11 04:36:17,2021-04-11 05:06:27,48.0,65.2,116.87014954780362,31.45054945054945,29.093406593406595
1887,2021-04-11 05:06:48,2021-04-11 05:41:05,65.6,84.8,118.95904868344904,32.0,30.0
1888,2021-04-11 15:23:15,2021-04-11 15:54:35,15.6,45.6,120.20926907407407,34.58201058201058,32.75132275132275
1889,2021-04-11 15:54:56,2021-04-11 16:37:59,46.0,88.0,117.96449307539683,38.223076923076924,36.68076923076923
1890,2021-04-12 08:52:44,2021-04-12 09:15:24,81.6,97.6,121.03125138888888,30.204379562043794,29.0
1891,2021-04-12 18:00:02,2021-04-12 18:27:02,41.6,68.4,117.34038546849087,37.04907975460123,35.31901840490798
1892,2021-04-12 18:27:23,2021-04-12 18:44:23,68.8,85.2,120.67243275745254,38.12621359223301,36.99029126213592
1893,2021-04-13 01:29:20,2021-04-13 01:57:10,44.4,72.0,117.56743468196458,35.785714285714285,33.339285714285715
1894,2021-04-13 12:30:08,2021-04-13 12:57:38,28.4,55.6,117.93199264705882,34.04216867469879,32.71084337349398
1895,2021-04-13 12:57:59,2021-04-13 13:28:59,56.0,86.8,117.31647389069263,36.73262032085562,35.149732620320854
1896,2021-04-13 18:04:32,2021-04-13 18:34:12,56.0,80.8,118.14575296819001,38.21787709497207,36.072625698324025
1897,2021-04-13 23:31:52,2021-04-14 00:01:42,15.2,40.4,118.50585411155204,40.86666666666667,37.638888888888886
1898,2021-04-14 00:02:03,2021-04-14 00:28:33,40.8,63.6,116.29752156432747,42.8125,39.5625
1899,2021-04-14 00:28:54,2021-04-14 00:56:04,64.0,86.8,119.19103703703703,44.0,40.0
1900,2021-04-14 00:56:25,2021-04-14 01:13:45,87.2,97.6,126.82691212606845,43.82857142857143,40.0
1901,2021-04-14 19:27:47,2021-04-14 20:05:28,17.6,29.2,121.27963934386972,32.0,31.0
1902,2021-04-14 20:05:49,2021-04-14 20:34:29,29.2,38.4,116.32845048309177,32.96531791907515,31.439306358381504
1903,2021-04-14 20:34:50,2021-04-14 21:05:00,38.4,48.0,117.31476244212958,33.527472527472526,32.07142857142857
1904,2021-04-14 21:05:21,2021-04-14 21:33:31,48.4,57.6,114.29946588164248,34.0,33.0
1905,2021-04-14 21:33:52,2021-04-14 22:01:22,57.6,66.8,111.59415307971017,34.0,33.0
1906,2021-04-14 22:01:43,2021-04-14 22:30:33,66.8,76.0,117.00477868357484,34.0,32.689655172413794
1907,2021-04-14 22:30:54,2021-04-14 22:58:44,76.0,84.4,123.70364847883586,34.0,32.0
1908,2021-04-14 22:59:05,2021-04-14 23:16:05,84.8,89.6,132.22216319444445,34.0,32.0
1909,2021-04-15 06:07:24,2021-04-15 06:25:24,18.4,36.0,119.31897103851009,31.275229357798164,29.229357798165136
1910,2021-04-15 06:25:45,2021-04-15 06:51:45,36.4,62.4,116.65170790598292,33.71974522292994,31.668789808917197
1911,2021-04-15 06:52:06,2021-04-15 07:19:36,62.8,89.2,119.93528824705383,35.75301204819277,33.4277108433735
1912,2021-04-15 17:45:36,2021-04-15 20:03:30,16.4,97.6,118.65427758107555,32.15265700483092,30.30144927536232
1913,2021-04-16 15:52:03,2021-04-16 17:05:10,30.0,97.6,119.46810142587114,28.77959927140255,27.034608378870676
1914,2021-04-17 02:07:14,2021-04-17 02:43:15,37.2,72.8,117.86754995708495,30.371559633027523,28.293577981651374
1915,2021-04-17 10:19:01,2021-04-17 10:50:01,55.6,85.6,120.4620432407408,29.422459893048128,27.502673796791445
1916,2021-04-17 10:50:22,2021-04-17 11:09:02,86.0,97.6,123.0400069444445,30.75221238938053,29.0
1917,2021-04-17 16:23:49,2021-04-17 16:49:49,68.8,83.2,120.2237507716049,31.0,29.21019108280255
1918,2021-04-17 21:04:10,2021-04-17 21:53:24,56.4,97.6,121.09127308185008,32.29189189189189,30.33783783783784
1919,2021-04-18 18:36:53,2021-04-18 19:05:33,43.6,71.6,117.7514893353175,30.84971098265896,29.485549132947977
1920,2021-04-18 19:05:54,2021-04-18 19:31:24,71.6,92.8,120.2502715539832,32.23376623376623,30.90909090909091
1921,2021-04-19 03:41:50,2021-04-19 04:14:10,40.4,72.4,117.59984366319442,32.07179487179487,29.21025641025641
1922,2021-04-19 04:14:31,2021-04-19 04:46:01,72.8,97.2,121.9358968010018,33.742105263157896,30.942105263157895
1923,2021-04-19 16:43:48,2021-04-19 18:05:57,17.2,87.2,117.17823948214286,31.580226904376012,30.056726094003242
1924,2021-04-20 01:14:25,2021-04-20 01:41:45,30.4,57.6,116.82907015931372,31.30909090909091,29.078787878787878
1925,2021-04-20 01:42:06,2021-04-20 02:10:26,58.0,85.6,119.36093729871178,33.67251461988304,31.63157894736842
1926,2021-04-20 16:10:52,2021-04-20 16:41:52,20.4,40.0,119.0299097222222,29.74866310160428,28.358288770053477
1927,2021-04-20 16:57:17,2021-04-20 17:24:57,50.0,67.2,115.60563541666662,32.65269461077844,30.868263473053894
1928,2021-04-20 17:25:18,2021-04-20 17:49:18,67.2,81.6,115.50638387345688,33.0,31.22758620689655
1929,2021-04-20 17:49:39,2021-04-20 18:16:49,81.6,96.4,122.90917858483475,33.02439024390244,32.0
1930,2021-04-21 03:32:56,2021-04-21 04:44:10,34.4,97.6,119.367030030327,32.20747663551402,30.04859813084112
1931,2021-04-23 02:19:42,2021-04-23 02:44:22,18.8,26.4,121.71052631578951,31.0,29.51006711409396
1932,2021-04-23 02:44:43,2021-04-23 03:13:23,26.4,35.6,116.8478260869565,31.277456647398843,30.127167630057805
1933,2021-04-23 03:13:44,2021-04-23 03:41:04,35.6,44.4,116.47727272727278,32.0,31.0
1934,2021-04-23 03:41:25,2021-04-23 04:09:45,44.4,54.0,110.67708333333333,32.92397660818713,31.842105263157894
1935,2021-04-23 04:10:06,2021-04-23 04:39:46,54.4,64.0,115.88541666666666,33.0,32.0
1936,2021-04-23 04:40:07,2021-04-23 05:04:37,64.0,72.0,114.84375,33.0,32.0
1937,2021-04-23 05:04:58,2021-04-23 05:37:18,72.4,82.4,121.24999999999999,33.0,32.0
1938,2021-04-23 05:37:39,2021-04-23 06:04:39,82.4,90.4,126.5625,33.0,32.0
1939,2021-04-23 06:05:00,2021-04-23 06:30:20,90.8,97.6,134.5383986928105,33.0,32.0
1940,2021-04-23 19:22:40,2021-04-23 19:43:49,26.8,35.6,120.98409070391409,34.0,33.0
1941,2021-04-23 19:44:10,2021-04-23 20:14:10,35.6,48.4,114.00825900607643,34.972375690607734,33.64088397790055
1942,2021-04-23 20:14:31,2021-04-23 21:06:25,48.4,69.2,115.40320223023501,35.86261980830671,34.78274760383387
1943,2021-04-23 21:06:46,2021-04-23 21:38:16,69.2,81.2,116.90627083333334,36.0,34.73157894736842
1944,2021-04-23 22:11:38,2021-04-23 22:34:28,82.8,90.8,124.72746770833334,35.869565217391305,34.0
1945,2021-04-23 22:34:49,2021-04-23 22:54:09,91.2,97.6,125.96573415798629,35.00854700854701,33.52991452991453
1946,2021-04-24 07:30:17,2021-04-24 08:01:27,37.2,57.6,115.09942701525055,32.244680851063826,30.19148936170213
1947,2021-04-24 08:46:09,2021-04-24 09:03:29,68.0,79.2,115.91517894345236,33.352380952380955,32.0
1948,2021-04-24 09:03:50,2021-04-24 09:32:20,79.2,96.8,119.31106936553036,34.0,32.30232558139535
1949,2021-04-27 03:41:22,2021-04-27 05:16:00,8.400001,95.6,120.21002244060935,32.16033755274262,30.452883263009845
1950,2021-04-27 19:50:51,2021-04-27 21:20:55,16.0,97.6,118.95058763276147,30.366863905325445,28.727810650887573
1951,2021-04-28 07:11:59,2021-04-28 07:32:39,62.0,82.0,118.74721361111109,29.216,26.568
1952,2021-04-28 15:13:06,2021-04-28 15:41:46,36.8,65.2,118.00226633411579,28.421965317919074,25.976878612716764
1953,2021-04-28 15:42:07,2021-04-28 16:07:37,65.6,89.6,119.697934375,30.571428571428573,28.38961038961039
1954,2021-04-28 20:22:54,2021-04-28 20:52:54,59.2,84.4,118.11177810846559,30.171270718232044,27.475138121546962
1955,2021-04-29 02:49:06,2021-04-29 03:12:26,14.8,35.6,118.74466593215809,30.53191489361702,28.25531914893617
1956,2021-04-29 03:12:47,2021-04-29 03:39:07,35.6,58.0,116.82106764632935,32.79874213836478,30.40880503144654
1957,2021-04-29 03:39:28,2021-04-29 04:05:28,58.0,78.8,118.59442821848292,34.56687898089172,32.146496815286625
1958,2021-04-29 14:05:18,2021-04-29 14:34:28,47.6,76.4,118.2349608892747,32.91477272727273,31.630681818181817
1959,2021-04-30 00:03:04,2021-04-30 00:46:48,52.0,87.2,117.37493373579544,34.67045454545455,32.67424242424242
1960,2021-04-30 22:51:35,2021-04-30 23:15:05,24.8,48.4,116.1581906779661,31.485915492957748,30.654929577464788
1961,2021-04-30 23:15:26,2021-04-30 23:45:46,48.4,79.2,114.87824467893215,34.38251366120219,33.48087431693989
1962,2021-05-01 03:05:00,2021-05-01 03:33:00,49.6,67.2,119.85719278724747,34.544378698224854,31.97041420118343
1963,2021-05-01 03:33:21,2021-05-01 04:02:51,67.2,86.0,118.20924601063835,35.0,32.95505617977528
1964,2021-05-01 13:06:20,2021-05-01 13:56:06,24.4,73.6,117.50100527326109,32.63101604278075,31.013368983957218
1965,2021-05-01 13:59:26,2021-05-01 14:20:31,73.6,92.0,118.54855394776568,34.9748427672956,33.0125786163522
1966,2021-05-02 00:31:14,2021-05-02 01:39:17,20.4,87.6,117.89398392443789,36.34637964774951,34.49902152641879
1967,2021-05-02 16:24:16,2021-05-02 17:38:17,28.800001,96.4,118.75670173127928,34.52962298025135,32.292639138240574
1968,2021-05-03 00:23:50,2021-05-03 00:49:10,57.2,82.0,118.83235903897855,30.18954248366013,26.666666666666668
1969,2021-05-03 03:39:48,2021-05-03 04:19:18,65.6,97.6,120.65808688802086,29.82154882154882,26.67003367003367
1970,2021-05-03 14:44:15,2021-05-03 15:13:25,28.0,57.2,116.35082534246575,29.772727272727273,28.017045454545453
1971,2021-05-03 15:13:46,2021-05-03 15:41:26,57.6,84.8,118.49569556781047,33.0,31.37125748502994
1972,2021-05-03 21:11:49,2021-05-03 22:03:35,52.8,97.2,120.06372581644142,33.37017994858612,31.303341902313626
1973,2021-05-04 02:18:32,2021-05-04 02:45:52,62.0,86.8,119.32066862679214,34.775757575757574,32.2969696969697
1974,2021-05-04 05:54:34,2021-05-04 06:13:14,71.6,82.0,119.23211284722215,32.991150442477874,30.0
1975,2021-05-04 08:18:52,2021-05-04 08:46:02,77.2,97.6,121.01512568082795,33.0,30.926829268292682
1976,2021-05-04 20:00:42,2021-05-04 20:26:52,12.8,35.2,118.76861452132937,32.221518987341774,29.373417721518987
1977,2021-05-04 20:27:13,2021-05-04 20:54:03,35.6,58.4,116.71419420077973,34.41975308641975,31.84567901234568
1978,2021-05-04 20:54:24,2021-05-04 21:19:14,58.8,78.8,117.58195631944443,36.03333333333333,33.76
1979,2021-05-04 21:19:35,2021-05-04 21:47:45,79.2,97.6,124.58712635869573,37.0,34.0
1980,2021-05-05 12:07:33,2021-05-05 12:34:53,59.6,86.4,118.91739593698176,31.466666666666665,30.296969696969697
1981,2021-05-05 12:35:14,2021-05-05 12:53:14,86.8,97.6,125.429550154321,32.11009174311926,31.0
1982,2021-05-06 00:30:02,2021-05-06 00:59:22,26.0,44.8,116.50123404255324,33.570621468926554,31.73446327683616
1983,2021-05-06 00:59:43,2021-05-06 01:28:23,44.8,63.6,113.85347872340425,35.50867052023121,33.60115606936416
1984,2021-05-06 01:28:44,2021-05-06 02:00:54,64.0,84.4,117.72063943355118,36.0,34.46907216494845
1985,2021-05-06 02:01:15,2021-05-06 02:18:35,84.4,94.8,121.94849452457275,36.819047619047616,35.0
1986,2021-05-06 13:31:22,2021-05-06 13:58:42,35.6,58.4,118.50695510477584,32.2969696969697,30.830303030303032
1987,2021-05-06 13:59:03,2021-05-06 14:27:53,58.8,81.6,118.6348785940546,34.05747126436781,32.86206896551724
1988,2021-05-06 14:28:14,2021-05-06 14:49:44,82.0,96.0,123.70339583333335,35.0,33.684615384615384
1989,2021-05-06 21:39:57,2021-05-06 22:27:51,54.0,95.6,120.643630068109,35.522222222222226,33.638888888888886
1990,2021-05-07 13:57:44,2021-05-07 14:41:06,43.2,85.6,119.23994617727993,35.6319018404908,34.18711656441718
1991,2021-05-07 21:49:24,2021-05-07 22:12:04,36.8,59.2,117.89496236359125,36.8978102189781,35.35766423357664
1992,2021-05-07 22:41:36,2021-05-07 23:11:56,72.0,91.6,118.79749277210887,39.0,37.0
1993,2021-05-08 04:06:31,2021-05-08 05:11:19,40.4,97.6,119.69075621600625,38.168377823408626,35.3429158110883
1994,2021-05-08 16:24:19,2021-05-08 16:51:29,32.4,48.0,115.38283457977208,35.40243902439025,33.707317073170735
1995,2021-05-08 16:51:50,2021-05-08 17:22:30,48.0,65.6,116.11584138257581,36.821621621621624,35.535135135135135
1996,2021-05-08 17:22:51,2021-05-08 18:04:10,66.0,88.8,120.75663463084798,37.81526104417671,36.0
1997,2021-05-08 21:43:38,2021-05-08 22:17:55,70.4,97.6,121.21891762152784,37.97286821705426,36.0
1998,2021-05-09 04:16:23,2021-05-09 04:35:53,18.4,37.6,118.8426109664352,36.71186440677966,34.32203389830509
1999,2021-05-09 04:36:14,2021-05-09 05:03:14,38.0,65.2,116.1570852736928,39.16564417177914,37.05521472392638
2000,2021-05-09 05:03:35,2021-05-09 05:31:05,65.6,90.8,119.8120796957672,40.734939759036145,38.60843373493976
2001,2021-05-09 13:47:21,2021-05-09 14:22:53,8.8,44.0,117.61212917455805,39.85581395348837,38.604651162790695
2002,2021-05-09 14:23:14,2021-05-09 15:14:11,44.4,90.4,118.64281099033813,43.93485342019544,42.39413680781759
2003,2021-05-09 23:42:26,2021-05-10 00:05:16,8.8,32.8,114.38601035879634,40.94927536231884,38.01449275362319
2004,2021-05-10 00:05:37,2021-05-10 00:37:17,33.2,65.2,118.04339418402779,43.35078534031414,40.47643979057592
2005,2021-05-10 00:37:38,2021-05-10 01:06:28,65.6,90.0,120.94661156648449,45.0,42.0
2006,2021-05-10 06:35:51,2021-05-10 07:01:21,21.2,42.8,117.07947588734568,36.33766233766234,33.324675324675326
2007,2021-05-10 07:01:42,2021-05-10 07:31:22,43.2,68.4,116.70799906305112,38.33519553072626,35.42458100558659
2008,2021-05-10 07:31:43,2021-05-10 07:58:13,68.8,90.4,120.22054828960901,39.0,36.39375
2009,2021-05-10 20:15:13,2021-05-10 21:13:47,14.0,72.4,116.96118823963089,39.325,37.51590909090909
2010,2021-05-11 01:45:55,2021-05-11 02:56:06,30.8,95.6,119.37233814729085,40.64895635673624,37.86717267552182
2011,2021-05-11 15:49:09,2021-05-11 16:19:29,21.2,52.0,115.51722091450216,40.22950819672131,38.58469945355191
2012,2021-05-11 16:19:50,2021-05-11 16:45:30,52.0,78.0,115.80661463675213,43.26451612903226,41.72258064516129
2013,2021-05-11 16:45:51,2021-05-11 17:11:51,78.4,97.6,122.49855873842598,44.0,43.0
2014,2021-05-12 00:43:37,2021-05-12 02:26:54,32.8,97.6,119.10779087791494,38.50838709677419,35.593548387096774
2015,2021-05-12 16:56:41,2021-05-12 17:43:26,17.6,68.4,110.55338030402449,40.184397163120565,38.5531914893617
2016,2021-05-12 17:43:47,2021-05-12 18:11:57,68.8,94.4,118.20748204210065,43.0,41.72941176470588
2017,2021-05-13 01:43:34,2021-05-13 02:00:44,28.0,46.0,111.37578101851855,37.05769230769231,34.45192307692308
2018,2021-05-13 02:01:05,2021-05-13 02:26:55,46.4,74.0,109.24417018921095,39.30769230769231,36.92307692307692
2019,2021-05-13 11:45:45,2021-05-13 13:19:18,18.8,97.6,112.83570271080092,38.73361823361823,37.155270655270655
2020,2021-05-13 18:03:28,2021-05-13 18:30:58,58.0,86.8,111.20852980324074,40.89156626506024,38.765060240963855
2021,2021-05-13 18:31:19,2021-05-13 18:49:09,87.2,97.6,125.75586511752148,41.0,39.0
2022,2021-05-14 12:16:42,2021-05-14 12:47:12,63.6,82.4,113.17820848108744,31.0,29.63586956521739
2023,2021-05-14 12:47:33,2021-05-14 13:12:53,82.8,97.6,114.68376614114118,31.9281045751634,30.856209150326798
2024,2021-05-14 22:58:11,2021-05-14 23:28:01,27.2,59.2,108.24263706597223,35.72222222222222,34.36666666666667
2025,2021-05-14 23:28:22,2021-05-14 23:49:42,59.6,81.6,112.57009191919194,38.44961240310077,37.263565891472865
2026,2021-05-15 03:38:46,2021-05-15 04:02:36,16.0,41.6,110.74544379340279,38.81944444444444,36.06944444444444
2027,2021-05-15 04:02:57,2021-05-15 04:30:27,42.0,71.6,110.3763376501502,41.602409638554214,39.03012048192771
2028,2021-05-15 04:30:48,2021-05-15 04:56:58,72.0,94.8,117.05655403265108,43.0,40.120253164556964
2029,2021-05-15 15:29:05,2021-05-15 15:55:25,6.4,16.8,110.14427297008551,39.9622641509434,38.0
2030,2021-05-15 15:55:46,2021-05-15 16:18:16,16.8,26.0,106.38591032608701,39.0735294117647,38.0
2031,2021-05-15 16:18:37,2021-05-15 16:36:07,26.0,33.2,105.72920717592594,40.0,38.0
2032,2021-05-15 16:36:28,2021-05-15 17:06:18,33.2,44.8,111.87504286398477,40.44444444444444,38.977777777777774
2033,2021-05-15 21:53:36,2021-05-15 22:48:58,25.2,83.2,110.93141371408043,40.83173076923077,38.85096153846154
2034,2021-05-16 10:21:53,2021-05-16 10:49:13,1.6,20.0,111.66744625603866,38.0,36.0
2035,2021-05-16 10:49:34,2021-05-16 11:19:34,20.4,41.2,108.41348557692308,38.6243093922652,37.011049723756905
2036,2021-05-16 11:19:55,2021-05-16 11:46:45,41.6,59.2,114.60071985479799,40.51234567901235,38.858024691358025
2037,2021-05-16 11:47:06,2021-05-16 12:16:26,59.6,78.4,117.2813498817967,41.932203389830505,40.0
2038,2021-05-16 16:58:00,2021-05-16 17:25:50,47.2,67.6,109.14079425381267,40.80952380952381,39.0
2039,2021-05-16 17:26:11,2021-05-16 18:00:01,67.6,91.6,112.77314768518518,41.0,39.0
2040,2021-05-17 00:48:27,2021-05-17 01:22:03,50.8,86.4,110.13889080524343,38.6600790513834,36.47826086956522
2041,2021-05-17 12:12:56,2021-05-17 12:30:39,20.8,36.8,111.32101243923613,35.27777777777778,33.48148148148148
2042,2021-05-17 12:31:00,2021-05-17 13:17:54,37.2,79.6,111.26272344732706,38.208480565371026,36.639575971731446
2043,2021-05-17 13:18:15,2021-05-17 13:40:35,80.0,96.0,120.09723854166667,40.0,38.0
2044,2021-05-17 17:45:05,2021-05-17 18:09:07,75.2,95.6,114.30814791666673,40.0,38.897260273972606
2045,2021-05-18 01:37:18,2021-05-18 02:03:48,54.4,82.4,110.36358596230156,39.2625,36.90625
2046,2021-05-18 02:04:09,2021-05-18 02:25:49,82.8,97.6,121.82246368243246,40.0,38.0
2047,2021-05-18 15:21:03,2021-05-18 15:50:23,3.2,34.0,111.12374025974026,37.293785310734464,36.045197740113
2048,2021-05-18 15:50:44,2021-05-18 16:20:34,34.4,65.6,111.52554892272082,40.227777777777774,38.62777777777778
2049,2021-05-18 16:20:55,2021-05-18 16:43:35,66.0,88.4,118.04935453869045,42.43065693430657,40.56934306569343
2050,2021-05-18 23:15:14,2021-05-18 23:37:24,34.0,54.4,108.38576695261439,37.92537313432836,35.33582089552239
2051,2021-05-18 23:50:25,2021-05-19 00:08:45,60.4,76.8,110.61992276422765,39.072072072072075,37.0
2052,2021-05-19 00:09:06,2021-05-19 00:29:06,77.2,93.2,114.65189991319444,40.0,37.17355371900826
2053,2021-05-19 04:42:22,2021-05-19 05:42:56,59.6,99.6,119.97168283333338,38.28791208791209,35.96043956043956
2054,2021-05-19 14:14:03,2021-05-19 14:32:33,15.6,28.4,109.1308882378472,39.151785714285715,37.5
2055,2021-05-19 14:32:54,2021-05-19 15:01:44,28.4,48.0,109.31619848356007,40.67816091954023,39.08045977011494
2056,2021-05-19 15:02:05,2021-05-19 15:37:05,48.4,71.2,109.83797977582846,42.63507109004739,41.10900473933649
2057,2021-05-19 15:37:26,2021-05-19 16:04:26,71.2,87.2,115.65713229166666,43.0,42.0
2058,2021-05-19 23:02:24,2021-05-19 23:31:34,34.4,54.4,110.08543333333334,39.38068181818182,36.97727272727273
2059,2021-05-19 23:31:55,2021-05-20 00:03:35,54.8,75.2,112.0724488017429,40.81151832460733,38.596858638743456
2060,2021-05-20 00:03:56,2021-05-20 00:22:26,75.6,86.4,119.2605649434155,41.0,39.0
2061,2021-05-20 22:01:14,2021-05-20 22:31:03,42.4,62.4,111.55150668055556,35.833333333333336,34.522222222222226
2062,2021-05-20 22:31:24,2021-05-20 23:04:14,62.8,84.4,113.74997505144026,37.08080808080808,36.0
2063,2021-05-21 05:09:31,2021-05-21 05:38:01,35.2,66.0,108.96105438311692,38.02906976744186,36.05232558139535
2064,2021-05-21 05:38:22,2021-05-21 05:54:52,66.4,83.6,112.96916973514222,39.57,37.7
2065,2021-05-21 14:04:58,2021-05-21 14:25:18,27.2,49.2,108.28790782828284,39.300813008130085,37.45528455284553
2066,2021-05-21 14:25:39,2021-05-21 14:55:49,49.6,81.2,111.86140352496487,41.494505494505496,39.73076923076923
2067,2021-05-21 18:30:07,2021-05-21 18:53:09,52.4,76.4,111.89861335648146,42.55714285714286,40.85
2068,2021-05-21 22:34:24,2021-05-21 23:14:33,33.6,61.2,109.10688442028984,40.43046357615894,38.003311258278146
2069,2021-05-22 03:18:20,2021-05-22 03:51:30,22.8,57.6,111.0791843869732,39.155,36.605
2070,2021-05-22 10:11:55,2021-05-22 10:33:25,41.6,64.4,110.09686653265105,37.315384615384616,35.66153846153846
2071,2021-05-22 10:33:46,2021-05-22 11:02:06,64.8,92.4,113.544188355475,38.88304093567251,37.36842105263158
2072,2021-05-23 07:47:33,2021-05-23 08:18:33,24.0,57.2,110.64342202141904,35.70053475935829,34.903743315508024
2073,2021-05-23 08:18:54,2021-05-23 08:46:54,57.6,86.8,113.75334550989346,38.77514792899408,37.857988165680474
2074,2021-05-23 22:18:32,2021-05-23 22:42:22,10.0,35.2,110.3692752425044,40.15277777777778,38.18055555555556
2075,2021-05-23 22:42:43,2021-05-23 23:15:53,35.6,70.8,109.87887054135102,42.615,40.55
2076,2021-05-23 23:16:14,2021-05-23 23:44:04,71.2,94.8,118.61111793785312,44.0,42.0
2077,2021-05-24 03:23:51,2021-05-24 03:48:01,48.8,74.4,110.25499934895831,42.88356164383562,39.67123287671233
2078,2021-05-24 03:48:22,2021-05-24 04:16:52,74.8,97.2,116.69891902281746,43.91279069767442,40.24418604651163
2079,2021-05-24 14:25:05,2021-05-24 15:42:28,24.4,97.6,113.05852348967824,37.454388984509464,34.11876075731497
2080,2021-05-25 14:25:51,2021-05-25 14:54:51,41.2,72.0,109.70462197871574,37.857142857142854,36.63428571428572
2081,2021-05-25 14:55:12,2021-05-25 15:13:42,72.4,91.2,112.78294643912533,39.32142857142857,38.223214285714285
2082,2021-05-26 10:35:32,2021-05-26 10:59:22,15.6,32.0,110.68597967479677,32.541666666666664,30.78472222222222
2083,2021-05-26 10:59:43,2021-05-26 11:25:03,32.4,49.6,110.29233430232554,34.05882352941177,32.37908496732026
2084,2021-05-26 11:25:24,2021-05-26 11:54:24,50.0,69.2,109.25783723958331,35.651428571428575,33.78857142857143
2085,2021-05-26 11:54:45,2021-05-26 12:23:35,69.2,86.4,116.3905189760982,36.0,34.241379310344826
2086,2021-05-26 12:23:56,2021-05-26 12:43:36,86.8,97.6,121.7708608539095,36.73109243697479,35.0
2087,2021-05-26 19:53:30,2021-05-26 20:20:10,62.8,90.4,110.71457900563604,36.36024844720497,34.838509316770185
2088,2021-05-27 09:08:17,2021-05-27 10:13:16,30.4,95.2,111.64891068029836,34.94877049180328,33.91188524590164
2089,2021-05-28 06:07:14,2021-05-28 07:00:04,37.6,92.8,110.66317361362724,35.49370277078086,34.07808564231738
2090,2021-05-28 13:08:54,2021-05-28 13:27:34,20.4,41.6,109.59383071278823,40.91150442477876,38.67256637168141
2091,2021-05-28 13:27:55,2021-05-28 13:58:55,42.0,74.4,110.12604723936899,44.096256684491976,42.219251336898395
2092,2021-05-29 07:36:06,2021-05-29 08:25:10,52.8,97.6,113.77703152281747,35.59620596205962,34.63414634146341
2093,2021-05-29 16:22:19,2021-05-29 16:47:49,60.0,86.8,111.17279415422887,36.83116883116883,34.298701298701296
2094,2021-05-29 22:12:17,2021-05-29 22:42:27,39.2,71.2,109.22482916666667,35.01648351648352,32.33516483516483
2095,2021-05-29 22:42:48,2021-05-29 23:12:18,71.6,96.4,115.95599658378133,36.81460674157304,34.19662921348315
2096,2021-05-30 17:01:05,2021-05-30 17:26:05,14.4,37.2,109.96467196637425,37.58940397350993,35.688741721854306
2097,2021-05-30 17:26:26,2021-05-30 17:56:16,37.6,64.8,110.05259589460785,40.06111111111111,38.28888888888889
2098,2021-05-30 17:56:37,2021-05-30 18:17:07,65.2,83.2,114.26543680555554,41.516129032258064,40.0
2099,2021-05-31 13:39:21,2021-05-31 13:57:01,20.0,35.6,112.05573130341881,33.87850467289719,32.99065420560748
2100,2021-05-31 13:57:22,2021-05-31 14:24:32,36.0,60.4,110.29996613160293,36.47560975609756,35.34756097560975
2101,2021-05-31 14:24:53,2021-05-31 14:57:03,60.8,89.2,112.23639627347417,38.55670103092783,37.5360824742268
2102,2021-05-31 22:44:23,2021-06-01 00:02:15,19.2,96.0,112.13975529513888,35.53333333333333,32.61709401709402
2103,2021-06-01 13:38:22,2021-06-01 13:56:46,66.8,86.0,111.77893395833331,32.62589928057554,31.37410071942446
2104,2021-06-01 17:30:29,2021-06-01 17:59:17,71.200005,96.4,113.2606137686403,31.714285714285715,29.746543778801843
2105,2021-06-02 03:54:04,2021-06-02 04:11:54,52.0,67.6,110.9802492877493,28.462962962962962,27.02777777777778
2106,2021-06-02 04:12:15,2021-06-02 04:41:45,67.6,92.0,112.07309904371583,29.52247191011236,28.34269662921348
2107,2021-06-03 03:34:17,2021-06-03 04:03:07,0.0,10.0,119.66523041666663,31.0,29.64367816091954
2108,2021-06-03 04:03:28,2021-06-03 04:30:18,10.0,20.0,111.3582886111111,31.0,29.0
2109,2021-06-03 04:30:39,2021-06-03 05:02:09,20.0,32.4,105.4233447580645,31.0,29.0
2110,2021-06-03 05:02:30,2021-06-03 05:31:20,32.4,43.2,110.79470859053491,31.160919540229884,29.75287356321839
2111,2021-06-03 05:31:41,2021-06-03 05:57:51,43.6,52.4,123.39957165404043,32.0,30.417721518987342
2112,2021-06-03 05:58:12,2021-06-03 06:26:12,52.8,61.2,138.33327777777765,32.79289940828402,31.023668639053255
2113,2021-06-03 06:26:33,2021-06-03 06:54:13,61.2,70.4,124.80067451690815,33.0,31.98802395209581
2114,2021-06-03 06:54:34,2021-06-03 07:19:34,70.4,78.8,123.51185515873027,33.0,32.0
2115,2021-06-03 07:19:55,2021-06-03 07:47:55,78.8,87.6,132.04540151515153,33.0,32.0
2116,2021-06-03 07:48:16,2021-06-03 08:17:06,88.0,96.8,130.70701799242426,33.0,32.0
2117,2021-06-07 00:34:16,2021-06-07 01:01:26,28.8,58.0,108.44082049086758,36.3780487804878,34.84146341463415
2118,2021-06-07 01:01:47,2021-06-07 01:31:07,58.4,88.8,112.42231935307016,38.898305084745765,37.23163841807909
2119,2021-06-07 13:50:29,2021-06-07 14:16:49,54.8,84.0,111.47974976217654,38.264150943396224,36.77358490566038
2120,2021-06-07 20:35:38,2021-06-07 21:05:08,33.2,66.0,110.97095926490516,39.140449438202246,37.46629213483146
2121,2021-06-08 12:24:26,2021-06-08 13:46:40,19.6,92.8,112.1092188752277,36.37864077669903,35.3705501618123
2122,2021-06-08 18:55:51,2021-06-08 19:12:41,36.0,54.8,110.68485387115845,40.01960784313726,38.490196078431374
2123,2021-06-08 19:13:02,2021-06-08 19:46:05,55.2,91.6,112.22337775488407,42.5,40.9
2124,2021-06-09 14:02:11,2021-06-09 14:32:41,35.6,68.0,109.92627880658436,38.23913043478261,36.369565217391305
2125,2021-06-09 14:33:02,2021-06-09 14:53:12,68.4,89.2,113.22383667200855,40.18852459016394,38.50819672131148
2126,2021-06-09 22:28:51,2021-06-09 22:56:21,42.4,52.0,108.11926070601854,37.0,35.0
2127,2021-06-09 22:56:42,2021-06-09 23:23:52,52.4,61.6,111.71502506038644,37.359756097560975,35.91463414634146
2128,2021-06-09 23:24:13,2021-06-09 23:52:53,61.6,71.6,108.45560333333341,38.0,36.0
2129,2021-06-09 23:53:14,2021-06-10 00:24:14,71.6,82.0,112.772485576923,37.6096256684492,36.0
2130,2021-06-10 00:24:35,2021-06-10 00:55:05,82.0,91.6,120.19970572916674,37.0,36.0
2131,2021-06-10 00:55:26,2021-06-10 01:15:26,91.6,97.6,123.03477777777778,37.0,35.743801652892564
2132,2021-06-10 17:46:47,2021-06-10 18:17:57,31.6,60.0,109.85623156298905,36.702127659574465,34.71808510638298
2133,2021-06-10 18:18:18,2021-06-10 18:51:18,60.0,89.2,113.12168521689496,38.949748743718594,36.90954773869347
2134,2021-06-11 02:33:21,2021-06-11 03:00:41,32.8,57.6,109.55702290546594,35.56969696969697,33.224242424242426
2135,2021-06-11 03:01:02,2021-06-11 03:30:02,58.0,82.8,110.42451870519714,37.54857142857143,35.40571428571429
2136,2021-06-11 03:30:23,2021-06-11 03:51:13,82.8,97.6,116.35699164789797,38.0,36.0
2137,2021-06-11 14:20:33,2021-06-11 15:48:45,16.0,94.8,111.33931220212918,37.090634441087616,35.379154078549846
2138,2021-06-11 22:26:56,2021-06-11 22:58:06,55.6,88.4,110.62416255928184,36.898936170212764,35.191489361702125
2139,2021-06-12 16:17:19,2021-06-12 17:16:25,27.2,80.8,110.04426239635158,34.5945945945946,33.2972972972973
2140,2021-06-12 22:59:41,2021-06-12 23:27:51,41.2,62.4,110.05374331761011,34.49411764705882,32.37647058823529
2141,2021-06-12 23:28:12,2021-06-12 23:58:32,62.8,85.2,112.1776026785714,35.96174863387978,33.89617486338798
2142,2021-06-12 23:58:53,2021-06-13 00:16:53,85.6,97.6,118.87734513888894,36.0,34.0
2143,2021-06-15 11:15:46,2021-06-15 11:38:26,4.4,13.6,107.1739541062802,34.0,32.0
2144,2021-06-15 11:38:47,2021-06-15 12:09:27,13.6,26.0,107.58068637992835,34.0,32.0
2145,2021-06-15 12:09:48,2021-06-15 12:35:38,26.0,36.8,104.05096579218112,34.0,32.0
2146,2021-06-15 12:35:59,2021-06-15 13:02:59,37.2,47.6,112.93273557692314,34.877300613496935,32.47239263803681
2147,2021-06-15 13:11:31,2021-06-15 13:30:21,51.2,58.0,120.4779873366014,35.86842105263158,33.0
2148,2021-06-15 13:30:42,2021-06-15 14:00:22,58.0,68.8,119.49078652263383,36.0,33.0
2149,2021-06-15 14:00:43,2021-06-15 14:34:53,68.8,81.2,119.85891689068102,36.0,33.0
2150,2021-06-15 14:35:14,2021-06-15 14:55:04,81.2,88.4,119.82643479938272,36.0,33.0
2151,2021-06-16 00:10:35,2021-06-16 00:29:15,12.8,29.6,111.39882804232806,36.0,34.27433628318584
2152,2021-06-16 00:29:36,2021-06-16 00:58:16,30.0,56.0,110.58762521367522,37.41618497109827,35.78034682080925
2153,2021-06-16 00:58:37,2021-06-16 01:31:07,56.4,85.2,113.19349874614197,39.69387755102041,37.83673469387755
2154,2021-06-17 01:56:50,2021-06-17 03:19:43,13.2,97.200005,112.3828263310487,36.84109149277688,35.362760834670944
2155,2021-06-17 09:25:21,2021-06-17 09:54:11,57.6,88.0,110.68211170504387,38.247126436781606,36.264367816091955
2156,2021-06-17 20:23:26,2021-06-17 20:46:36,28.0,52.8,108.9947368391577,38.55714285714286,37.0
2157,2021-06-17 20:46:57,2021-06-17 21:18:27,53.2,86.0,112.03506021341465,40.95789473684211,39.54210526315789
2158,2021-06-18 08:40:47,2021-06-18 09:29:21,47.6,96.8,112.08255671860887,35.178082191780824,33.797260273972604
2159,2021-06-18 16:42:09,2021-06-18 17:10:39,60.4,90.4,110.61111787037035,39.656976744186046,38.401162790697676
2160,2021-06-19 11:04:51,2021-06-19 11:24:01,20.4,40.8,109.5574562908497,34.922413793103445,33.76724137931034
2161,2021-06-19 11:24:22,2021-06-19 12:03:48,41.2,82.8,110.39786552150107,38.35564853556485,37.31380753138075
2162,2021-06-19 17:43:57,2021-06-19 18:50:48,20.4,89.6,111.42102665181439,42.31474103585657,40.45019920318725
2163,2021-06-20 13:40:23,2021-06-20 14:11:23,29.2,50.8,109.31906648662553,39.11229946524064,37.294117647058826
2164,2021-06-20 14:11:44,2021-06-20 14:42:54,50.8,72.0,108.27896802935008,41.473404255319146,39.73936170212766
2165,2021-06-20 14:43:15,2021-06-20 15:11:05,72.4,89.2,116.9767003968254,42.50595238095238,41.0
2166,2021-06-20 19:23:04,2021-06-20 19:43:54,55.6,77.6,112.11364848484855,41.27777777777778,38.8968253968254
2167,2021-06-21 20:23:20,2021-06-21 20:43:20,20.4,40.0,111.39172307256233,39.98347107438016,37.30578512396694
2168,2021-06-21 20:43:41,2021-06-21 21:09:41,40.4,66.4,108.95940256410255,42.05732484076433,39.29936305732484
2169,2021-06-21 21:10:02,2021-06-21 21:29:32,66.8,85.6,112.99867146867612,43.61864406779661,41.0
2170,2021-06-22 13:19:39,2021-06-22 13:48:19,44.4,74.8,109.90314327485382,31.46242774566474,30.283236994219653
2171,2021-06-22 13:48:40,2021-06-22 14:08:30,75.2,95.6,112.58306740196085,33.45,32.275
2172,2021-06-22 21:19:25,2021-06-22 21:43:35,30.0,55.6,109.50630859375003,34.102739726027394,32.38356164383562
2173,2021-06-22 21:43:56,2021-06-22 22:12:36,56.0,86.0,110.86621935185188,37.03468208092485,35.346820809248555
2174,2021-06-23 22:48:35,2021-06-23 23:16:45,22.4,51.6,112.7159596175799,30.44705882352941,28.91176470588235
2175,2021-06-23 23:17:06,2021-06-23 23:45:26,52.0,80.8,114.94889689429016,34.06432748538012,32.54970760233918
2176,2021-06-23 23:45:47,2021-06-24 00:03:27,80.8,97.6,118.33500537367728,35.90654205607477,34.25233644859813
2177,2021-06-24 19:42:30,2021-06-24 20:10:10,36.0,58.4,109.00050768849205,31.01197604790419,29.61676646706587
2178,2021-06-24 20:10:31,2021-06-24 20:40:11,58.8,82.4,112.04332591807903,33.17877094972067,31.782122905027933
2179,2021-06-25 16:47:25,2021-06-25 17:16:25,26.8,57.2,111.13852722953217,33.52571428571429,32.245714285714286
2180,2021-06-25 17:16:46,2021-06-25 17:43:06,57.6,84.8,112.75225337009806,36.528301886792455,35.15094339622642
2181,2021-06-26 16:18:53,2021-06-26 16:42:13,58.4,82.8,111.2312315004554,33.687943262411345,32.673758865248224
2182,2021-06-26 23:16:46,2021-06-26 23:35:46,50.8,70.8,109.30139402777779,34.982608695652175,33.678260869565214
2183,2021-06-26 23:36:07,2021-06-26 23:55:27,71.2,90.8,113.511912414966,36.17948717948718,35.0
2184,2021-06-27 17:49:31,2021-06-27 18:11:41,29.2,52.8,110.83806355932207,34.62686567164179,33.26119402985075
2185,2021-06-27 18:12:02,2021-06-27 18:32:52,53.2,75.2,111.8579514520202,37.25396825396825,35.96825396825397
2186,2021-06-28 01:51:26,2021-06-28 02:51:34,37.2,97.6,112.65268733259752,37.480088495575224,35.66150442477876
2187,2021-06-28 16:27:48,2021-06-28 16:57:58,40.4,67.6,110.83332598039219,33.57692307692308,32.61538461538461
2188,2021-06-28 16:58:19,2021-06-28 17:24:59,68.0,91.6,112.9855217161017,35.57142857142857,34.5527950310559
2189,2021-06-29 11:53:19,2021-06-29 12:13:29,46.4,67.6,111.71055457285118,34.114754098360656,32.9344262295082
2190,2021-06-29 12:13:50,2021-06-29 12:38:30,68.0,93.6,113.24164751519099,36.11409395973154,34.966442953020135
2191,2021-06-29 18:23:33,2021-06-29 18:46:03,70.8,93.6,113.96140966130608,37.5514705882353,35.88235294117647
2192,2021-06-30 02:21:16,2021-06-30 02:47:16,31.2,54.8,110.53261417137476,36.4140127388535,34.547770700636946
2193,2021-06-30 02:47:37,2021-06-30 03:17:07,55.2,80.8,110.52681190321184,38.47191011235955,36.674157303370784
2194,2021-06-30 03:17:28,2021-06-30 03:39:08,81.2,97.6,117.54320409891604,39.0,37.0
2195,2021-06-30 10:41:03,2021-06-30 11:07:53,35.6,64.0,110.06358167057905,37.648148148148145,35.80864197530864
2196,2021-06-30 11:08:14,2021-06-30 11:36:44,64.4,93.6,113.60588817541864,39.877906976744185,38.116279069767444
2197,2021-06-30 20:26:06,2021-06-30 20:42:56,40.8,58.8,109.0246833333333,38.64705882352941,36.36274509803921
2198,2021-06-30 20:43:17,2021-06-30 20:59:57,59.2,76.4,112.92069129521958,40.57425742574257,38.40594059405941
2199,2021-07-01 18:14:21,2021-07-01 18:41:01,28.8,56.8,110.97172743055559,38.70807453416149,37.12422360248447
2200,2021-07-01 18:41:22,2021-07-01 19:10:32,57.2,87.6,111.8019036915205,41.64204545454545,40.15340909090909
2201,2021-07-03 02:50:54,2021-07-03 03:07:44,12.0,27.2,110.293320997807,41.0,38.0
2202,2021-07-03 03:08:05,2021-07-03 03:27:15,27.6,44.8,111.60692942506465,41.38793103448276,38.53448275862069
2203,2021-07-03 03:27:36,2021-07-03 03:46:16,45.2,62.0,111.26324272486774,42.902654867256636,40.176991150442475
2204,2021-07-03 03:46:37,2021-07-03 04:05:07,62.4,78.8,112.9556383807588,44.0,41.0
2205,2021-07-03 04:05:28,2021-07-03 04:22:28,79.2,93.6,117.02258796296303,44.10679611650485,41.33009708737864
2206,2021-07-03 18:15:51,2021-07-03 18:37:21,20.0,39.2,109.98334932002314,36.19230769230769,34.33076923076923
2207,2021-07-03 18:37:42,2021-07-03 19:00:02,39.2,59.2,109.32708243055555,37.96296296296296,36.19259259259259
2208,2021-07-03 19:00:23,2021-07-03 19:18:43,59.2,74.8,111.47169845085475,39.7027027027027,37.88288288288288
2209,2021-07-03 19:19:04,2021-07-03 19:41:44,75.2,93.2,115.03936442901237,40.0,38.11678832116788
2210,2021-07-04 01:50:01,2021-07-04 02:37:47,50.4,97.6,113.06027212335219,39.15555555555556,36.669444444444444
2211,2021-07-05 03:21:21,2021-07-05 04:33:22,24.800001,97.6,112.34321514589278,38.06642066420664,36.56642066420664
2212,2021-07-05 12:02:35,2021-07-05 12:20:55,41.6,54.4,112.54342664930559,37.351351351351354,35.67567567567568
2213,2021-07-05 19:09:37,2021-07-05 20:16:06,30.8,97.6,113.2857989458583,41.408817635270545,39.789579158316634
2214,2021-07-06 13:53:27,2021-07-06 14:20:37,57.2,86.0,111.83643388310188,36.920731707317074,35.59756097560975
2215,2021-07-06 22:36:13,2021-07-06 22:54:43,12.8,32.4,110.2345637046486,37.973214285714285,36.1875
2216,2021-07-06 22:55:04,2021-07-06 23:12:04,32.4,50.4,110.3101976851852,39.24271844660194,37.66990291262136
2217,2021-07-07 18:34:37,2021-07-07 18:52:57,60.0,76.8,109.84126091269842,35.909909909909906,34.585585585585584
2218,2021-07-07 18:53:18,2021-07-07 19:14:18,76.8,95.6,112.4992490395981,36.79527559055118,35.29133858267716
2219,2021-07-08 16:19:56,2021-07-08 16:37:06,20.4,38.8,108.98778192934788,37.32692307692308,35.31730769230769
2220,2021-07-08 16:37:27,2021-07-08 16:55:17,38.8,57.6,110.80674763593379,39.166666666666664,37.25
2221,2021-07-08 16:55:38,2021-07-08 17:12:18,58.0,74.8,115.89452116402121,41.2970297029703,39.524752475247524
2222,2021-07-08 17:12:39,2021-07-08 17:29:48,75.2,92.4,116.4234578407623,42.0,40.56730769230769
2223,2021-07-09 12:15:47,2021-07-09 12:38:57,67.6,82.4,112.6923963963963,37.0,35.0
2224,2021-07-09 12:39:18,2021-07-09 13:03:18,82.4,97.2,112.78342914789792,37.0,35.0
2225,2021-07-09 23:36:23,2021-07-09 23:53:43,14.8,30.8,110.48525286458333,40.0,38.02857142857143
2226,2021-07-09 23:54:04,2021-07-10 00:14:04,31.2,49.2,111.57331358024689,41.256198347107436,39.429752066115704
2227,2021-07-10 00:14:25,2021-07-10 00:31:45,49.6,64.8,111.88415085891815,43.04761904761905,41.21904761904762
2228,2021-07-10 00:32:06,2021-07-10 00:51:26,64.8,81.2,111.65228429878044,44.0,42.1025641025641
2229,2021-07-10 00:51:47,2021-07-10 01:08:27,81.2,93.6,118.04884711021515,44.51485148514851,43.0
2230,2021-07-10 06:53:24,2021-07-10 07:55:08,35.2,97.6,112.9177339423077,40.87068965517241,38.09698275862069
2231,2021-07-10 21:02:17,2021-07-10 21:21:07,51.6,68.0,112.64652007113824,38.69298245614035,36.68421052631579
2232,2021-07-10 21:21:28,2021-07-10 21:40:18,68.4,84.0,113.99929789886043,39.98245614035088,37.973684210526315
2233,2021-07-11 07:48:07,2021-07-11 08:05:47,36.8,52.8,110.28297274305558,34.4392523364486,32.570093457943926
2234,2021-07-11 08:06:08,2021-07-11 08:24:08,53.2,69.2,112.47569201388889,36.357798165137616,34.4954128440367
2235,2021-07-11 08:24:29,2021-07-11 08:43:39,69.6,86.4,114.09308920304224,37.37931034482759,35.60344827586207
2236,2021-07-11 17:23:47,2021-07-11 17:43:27,31.6,49.6,110.34723950617288,41.09243697478992,39.49579831932773
2237,2021-07-11 17:43:48,2021-07-11 18:01:38,49.6,66.0,109.83064142953931,42.861111111111114,41.44444444444444
2238,2021-07-11 18:01:59,2021-07-11 18:19:19,66.4,82.0,112.26497578347585,44.0,42.80952380952381
2239,2021-07-11 18:19:40,2021-07-11 18:38:30,82.4,97.6,117.18660599415216,44.21052631578947,43.0
2240,2021-07-13 21:21:26,2021-07-13 21:43:56,28.4,48.4,111.85696319444445,38.838235294117645,37.35294117647059
2241,2021-07-13 21:44:17,2021-07-13 22:05:37,48.8,68.0,110.4738321759259,40.945736434108525,39.46511627906977
2242,2021-07-14 03:36:31,2021-07-14 03:53:21,48.0,66.8,110.66047502955088,40.911764705882355,38.64705882352941
2243,2021-07-14 03:53:42,2021-07-14 04:10:32,67.2,85.6,113.10312469806772,42.372549019607845,40.0
2244,2021-07-14 18:04:17,2021-07-14 18:21:46,43.6,59.2,110.64931560719371,44.15909090909091,42.446969696969695
2245,2021-07-14 19:11:17,2021-07-14 19:51:35,58.8,92.4,112.44358883515211,44.84818481848185,43.56765676567657
2246,2021-07-14 22:15:45,2021-07-14 22:38:05,58.4,77.2,114.25459301122929,44.0,41.0
2247,2021-07-14 22:38:26,2021-07-14 23:01:36,77.6,96.4,113.44194400118195,44.0,41.0
2248,2021-07-15 20:35:50,2021-07-15 21:04:20,33.6,63.6,110.78518754629631,37.895348837209305,36.56395348837209
2249,2021-07-15 21:04:41,2021-07-15 21:31:51,64.0,91.6,114.6915307467794,40.15853658536585,38.90243902439025
2250,2021-07-16 03:06:32,2021-07-16 03:25:02,65.2,84.4,112.32711320891204,39.419642857142854,37.0
2251,2021-07-16 23:45:25,2021-07-17 00:06:15,26.0,40.4,110.38871817129632,34.111111111111114,30.841269841269842
2252,2021-07-17 00:06:36,2021-07-17 00:24:36,40.4,52.8,109.29548924731188,35.22935779816514,32.19266055045872
2253,2021-07-17 00:24:57,2021-07-17 00:44:57,52.8,66.4,108.18322201797382,36.3801652892562,33.46280991735537
2254,2021-07-17 04:06:24,2021-07-17 05:19:00,20.0,97.6,112.27391437571592,37.38715596330275,34.73211009174312
2255,2021-07-17 11:30:03,2021-07-17 12:24:15,34.4,91.2,111.16278309125587,37.073710073710075,35.103194103194106
2256,2021-07-17 21:58:05,2021-07-17 23:12:49,21.6,97.6,112.90213071089181,39.50089126559715,37.702317290552585
2257,2021-07-19 15:06:29,2021-07-19 15:31:29,18.8,41.2,111.42483395337301,35.2317880794702,33.496688741721854
2258,2021-07-19 15:31:50,2021-07-19 16:01:00,41.2,67.6,110.29354324494953,37.42613636363637,35.95454545454545
2259,2021-07-19 16:01:21,2021-07-19 16:30:01,68.0,92.8,115.4418537746416,39.0,37.63583815028902
2260,2021-07-20 19:45:33,2021-07-20 20:05:33,18.4,36.4,111.09876419753087,35.0,33.0
2261,2021-07-20 20:05:54,2021-07-20 20:23:14,36.8,52.0,113.99670668859649,36.0,33.76190476190476
2262,2021-07-20 20:23:35,2021-07-20 20:41:45,52.4,68.0,116.41559455128206,37.518181818181816,35.5
2263,2021-07-20 20:42:06,2021-07-20 21:01:16,68.4,84.8,116.85806114498651,38.58620689655172,36.81896551724138
2264,2021-07-21 03:46:50,2021-07-21 04:04:50,45.6,64.4,110.54967257683217,38.706422018348626,36.24770642201835
2265,2021-07-21 04:05:11,2021-07-21 04:22:21,64.8,82.4,112.58998737373729,40.24038461538461,37.97115384615385
2266,2021-07-21 11:28:05,2021-07-21 11:46:15,56.0,72.4,109.92378794037936,36.74545454545454,34.4
2267,2021-07-21 15:48:51,2021-07-21 16:06:31,61.2,79.6,112.90761745169087,36.08411214953271,33.63551401869159
2268,2021-07-21 20:30:23,2021-07-21 20:51:53,58.4,77.6,111.17912210648151,35.83846153846154,33.2
2269,2021-07-21 20:52:14,2021-07-21 21:10:44,78.0,94.0,114.9088730902778,36.732142857142854,34.0
2270,2021-07-22 02:12:54,2021-07-22 02:32:04,36.0,56.4,109.77398080065362,36.78448275862069,34.05172413793103
2271,2021-07-22 02:32:25,2021-07-22 02:52:15,56.8,77.6,111.408936832265,38.766666666666666,36.46666666666667
2272,2021-07-22 02:52:36,2021-07-22 03:12:46,78.0,96.8,116.00326846926714,39.877049180327866,37.27049180327869
2273,2021-07-22 15:57:23,2021-07-22 16:15:43,43.6,48.8,116.21790384615393,34.77477477477478,33.990990990990994
2274,2021-07-22 16:35:35,2021-07-22 16:55:15,53.6,59.2,118.6557098214285,36.168067226890756,35.15126050420168
2275,2021-07-22 16:55:36,2021-07-22 17:14:56,59.2,64.8,105.42902752976198,37.0,36.0
2276,2021-07-22 17:15:17,2021-07-22 17:43:54,64.8,72.8,119.0414478298611,37.0,36.0
2277,2021-07-22 17:44:15,2021-07-22 18:01:45,73.2,78.4,109.99194471153837,37.632075471698116,36.72641509433962
2278,2021-07-22 18:02:06,2021-07-22 18:20:46,78.4,84.0,115.62495535714292,38.0,37.0
2279,2021-07-23 00:47:28,2021-07-23 01:04:08,59.6,74.0,110.7639012345679,40.257425742574256,38.76237623762376
2280,2021-07-23 04:12:04,2021-07-23 04:29:04,56.4,74.0,112.92693899936872,38.58252427184466,36.1747572815534
2281,2021-07-23 04:29:25,2021-07-23 04:50:55,74.4,96.4,113.08901931818183,39.03846153846154,37.0
2282,2021-07-23 12:07:20,2021-07-23 12:24:30,46.0,61.2,111.91064592470758,38.42307692307692,36.33653846153846
2283,2021-07-23 12:24:51,2021-07-23 12:42:51,61.6,76.8,113.30410343567254,39.706422018348626,37.788990825688074
2284,2021-07-23 12:43:12,2021-07-23 13:00:52,77.2,91.6,113.52045910493835,40.0,38.03738317757009
2285,2021-07-24 00:50:52,2021-07-24 01:12:52,14.8,30.0,113.07842297149125,40.0,38.30075187969925
2286,2021-07-24 01:13:13,2021-07-24 01:35:23,30.4,46.0,109.51123059116807,40.440298507462686,38.67164179104478
2287,2021-07-24 01:35:44,2021-07-24 01:54:54,46.0,58.8,113.81836371527778,41.62068965517241,39.758620689655174
2288,2021-07-24 03:12:49,2021-07-24 03:39:39,46.4,74.4,111.73461592261904,42.25308641975309,39.364197530864196
2289,2021-07-24 03:40:00,2021-07-24 04:02:30,74.4,97.6,113.0339935344828,43.43382352941177,40.654411764705884
2290,2021-07-24 14:38:57,2021-07-24 14:58:36,18.0,38.4,112.417487254902,41.333333333333336,39.141666666666666
2291,2021-07-24 14:58:57,2021-07-24 15:18:27,38.8,59.2,111.54616251361654,43.02542372881356,41.05084745762712
2292,2021-07-24 15:18:48,2021-07-24 15:38:28,59.6,77.6,114.4390439814815,44.831932773109244,42.924369747899156
2293,2021-07-24 15:38:49,2021-07-24 15:58:43,78.0,94.4,117.27362824356365,45.0,43.950413223140494
2294,2021-07-24 20:27:35,2021-07-24 20:45:05,44.8,63.2,111.16018953804345,43.009433962264154,41.386792452830186
2295,2021-07-24 20:48:06,2021-07-24 21:05:26,64.4,82.4,112.5000110339506,44.0,42.82857142857143
2296,2021-07-25 13:52:30,2021-07-25 14:09:20,13.6,31.2,111.33760550820708,41.0,39.11764705882353
2297,2021-07-25 20:56:15,2021-07-25 21:24:35,4.0,29.2,112.43055522486772,45.0,42.85964912280702
2298,2021-07-25 21:24:56,2021-07-25 21:54:46,29.6,56.4,111.25828586235491,45.97222222222222,43.516666666666666
2299,2021-07-25 21:55:07,2021-07-25 22:25:37,56.8,82.8,117.30021292735043,47.88586956521739,45.608695652173914
2300,2021-07-25 22:25:58,2021-07-25 22:47:08,82.8,97.6,121.95476726726726,48.515625,45.8203125
2301,2021-07-26 13:52:11,2021-07-26 15:18:26,6.8,97.6,111.02427211361969,38.695517774343124,37.360123647604325
2302,2021-07-26 21:46:02,2021-07-26 22:47:35,35.6,97.6,112.874024858871,41.7034632034632,39.74242424242424
2303,2021-07-27 16:59:13,2021-07-27 17:15:51,59.2,74.0,111.35246764264267,37.38235294117647,35.872549019607845
2304,2021-07-27 17:16:12,2021-07-27 17:39:42,74.4,95.2,111.99785910790601,38.23943661971831,36.7887323943662
2305,2021-07-27 22:36:07,2021-07-27 22:59:27,40.8,61.6,111.49507745726493,38.808510638297875,37.205673758865245
2306,2021-07-27 22:59:48,2021-07-27 23:24:38,62.0,84.0,112.1862561868687,40.42666666666667,38.89333333333333
2307,2021-07-27 23:24:59,2021-07-27 23:41:49,84.4,97.6,117.99665425084184,41.0,39.0
2308,2021-07-28 08:52:00,2021-07-28 09:09:00,60.8,76.4,109.06250881410251,38.8252427184466,37.04854368932039
2309,2021-07-28 09:09:21,2021-07-28 09:27:21,76.4,92.4,112.67449574652777,39.522935779816514,38.0
2310,2021-07-28 14:52:56,2021-07-28 15:40:51,50.4,97.6,113.11303157073918,42.75277777777778,41.43055555555556
2311,2021-07-29 14:07:53,2021-07-29 14:35:56,65.2,89.6,114.93396835154832,38.83529411764706,37.811764705882354
2312,2021-07-29 19:05:26,2021-07-29 19:40:33,58.8,95.2,112.16308431776557,38.09090909090909,34.99242424242424
2313,2021-07-30 11:36:42,2021-07-30 11:57:22,30.8,49.2,112.30676207729466,34.128,32.616
2314,2021-07-30 11:57:43,2021-07-30 12:23:03,49.6,72.4,111.02825682261206,36.52287581699346,35.10457516339869
2315,2021-07-30 17:18:08,2021-07-30 17:38:28,35.6,53.6,112.06018904320989,37.1219512195122,35.21138211382114
2316,2021-07-30 17:38:49,2021-07-30 18:08:49,54.0,80.8,111.02974932628524,38.69060773480663,36.74585635359116
2317,2021-07-31 02:51:15,2021-07-31 03:09:15,29.6,45.6,112.60157369791663,35.56880733944954,33.54128440366973
2318,2021-07-31 03:09:36,2021-07-31 03:27:46,46.0,62.4,110.9171876693767,37.39090909090909,35.3
2319,2021-07-31 03:28:07,2021-07-31 03:46:47,62.8,79.2,113.99052887872622,38.8141592920354,36.75221238938053
2320,2021-07-31 03:47:08,2021-07-31 04:08:18,79.6,97.2,115.96040285669193,39.0,37.0
2321,2021-07-31 23:30:00,2021-08-01 00:47:09,17.2,97.6,110.79685225262578,37.7426597582038,35.829015544041454
2322,2021-08-01 16:17:20,2021-08-01 17:30:29,22.8,86.4,112.56703209730954,41.302367941712205,39.7103825136612
2323,2021-08-02 00:24:41,2021-08-02 00:43:01,9.6,22.4,110.413429796007,35.0,32.0
2324,2021-08-02 00:43:22,2021-08-02 01:10:02,22.4,40.8,110.10644142512078,35.142857142857146,32.07453416149068
2325,2021-08-02 01:10:23,2021-08-02 01:38:03,41.2,59.6,112.08410967693234,36.50299401197605,33.449101796407184
2326,2021-08-02 01:38:24,2021-08-02 02:09:24,59.6,79.2,113.27453252551017,37.844919786096256,34.844919786096256
2327,2021-08-02 02:09:45,2021-08-02 02:37:05,79.2,95.2,117.57727708333331,38.0,35.0
2328,2021-08-02 08:20:27,2021-08-02 08:38:37,44.8,64.0,110.78923198784719,34.90909090909091,32.345454545454544
2329,2021-08-02 08:38:58,2021-08-02 09:06:38,64.0,92.8,112.59984524498464,36.68862275449102,34.26946107784431
2330,2021-08-02 19:25:22,2021-08-02 19:56:22,24.0,45.2,111.45507023060794,37.48663101604278,35.81283422459893
2331,2021-08-02 19:56:43,2021-08-02 20:30:13,45.6,68.0,110.88356491815476,39.50990099009901,37.70792079207921
2332,2021-08-02 20:30:34,2021-08-02 20:57:02,68.4,84.8,114.19124390243908,40.0,38.79503105590062
2333,2021-08-02 20:57:23,2021-08-02 21:19:03,85.2,97.6,119.59118906810046,40.0,38.0
2334,2021-08-03 16:31:39,2021-08-03 17:44:40,23.6,97.6,112.9419436936937,41.52189781021898,39.54197080291971
2335,2021-08-04 02:53:47,2021-08-04 03:10:37,51.2,66.0,111.10455133258262,38.6764705882353,36.568627450980394
2336,2021-08-04 03:10:58,2021-08-04 03:27:28,66.4,80.4,111.47620367063492,39.92,37.91
2337,2021-08-04 11:38:35,2021-08-04 11:56:25,16.8,35.2,113.24201479468599,36.05555555555556,34.129629629629626
2338,2021-08-04 11:56:46,2021-08-04 12:17:06,35.6,57.2,109.9974436728395,37.829268292682926,36.016260162601625
2339,2021-08-04 20:21:07,2021-08-04 20:40:57,7.6,25.6,111.10339506172839,36.0,33.0
2340,2021-08-04 20:41:18,2021-08-04 21:01:28,25.6,44.4,108.16341607565015,36.532786885245905,33.57377049180328
2341,2021-08-04 21:01:49,2021-08-04 21:19:59,44.4,60.8,111.69546070460706,38.236363636363635,35.372727272727275
2342,2021-08-04 21:20:20,2021-08-04 21:38:10,60.8,76.4,115.26709383903129,39.73148148148148,36.842592592592595
2343,2021-08-04 21:38:31,2021-08-04 21:55:31,76.8,91.2,119.04321026234565,40.12621359223301,37.689320388349515
2344,2021-08-05 12:24:51,2021-08-05 12:47:51,27.2,48.0,111.39222736378204,33.74820143884892,32.43884892086331
2345,2021-08-05 12:48:12,2021-08-05 13:16:22,48.4,74.0,110.94401052517362,36.247058823529414,34.98823529411764
2346,2021-08-05 13:16:43,2021-08-05 13:43:23,74.4,97.2,115.927754751462,37.590062111801245,36.24223602484472
2347,2021-08-05 19:59:30,2021-08-05 21:09:58,38.4,97.6,112.9408194162913,36.47448015122873,34.0945179584121
2348,2021-08-06 13:08:56,2021-08-06 14:21:32,7.2,82.4,112.58228336842495,39.053113553113555,37.604395604395606
2349,2021-08-06 20:55:06,2021-08-06 21:14:16,54.4,74.0,112.27040362811793,36.83620689655172,34.48275862068966
2350,2021-08-06 21:14:37,2021-08-06 21:35:57,74.4,96.0,113.2458769933128,38.0,35.713178294573645
2351,2021-08-07 04:05:13,2021-08-07 04:47:16,45.6,89.2,112.19362837028541,35.81962025316456,33.56012658227848
2352,2021-08-07 16:58:04,2021-08-07 17:25:02,16.8,46.0,107.44750007610351,38.39408866995074,36.960591133004925
2353,2021-08-07 17:26:05,2021-08-07 18:12:17,45.6,93.2,112.90293709442112,41.72910662824207,40.138328530259365
2354,2021-08-09 00:18:11,2021-08-09 01:15:51,26.8,86.8,111.76186678935187,34.226327944572745,33.159353348729795
2355,2021-08-09 07:37:41,2021-08-09 08:34:57,39.6,97.6,112.30673515565137,35.490697674418605,33.413953488372094
2356,2021-08-11 09:13:03,2021-08-11 09:58:34,14.4,62.0,111.32009369164334,30.485380116959064,29.333333333333332
2357,2021-08-11 11:07:04,2021-08-11 11:42:34,61.6,97.6,112.18314819058644,34.149812734082396,32.172284644194754
2358,2021-08-11 20:56:42,2021-08-11 21:17:12,14.4,32.8,111.22356831219804,36.0,34.185483870967744
2359,2021-08-11 21:17:33,2021-08-11 21:49:13,33.2,61.6,111.3468154342723,37.769633507853406,36.27748691099477
2360,2021-08-12 16:21:21,2021-08-12 16:44:51,22.0,42.8,113.53100908119661,35.45774647887324,33.225352112676056
2361,2021-08-12 16:45:12,2021-08-12 17:17:22,43.2,72.4,110.8666185312024,38.118556701030926,35.850515463917525
2362,2021-08-12 17:17:43,2021-08-12 17:46:23,72.8,97.2,115.70239862249541,39.820809248554916,37.58381502890173
2363,2021-08-13 08:57:52,2021-08-13 09:25:42,13.2,30.0,109.92068320105821,32.0,30.0
2364,2021-08-13 09:26:03,2021-08-13 09:53:03,30.4,46.8,109.21922476287264,32.60122699386503,31.349693251533743
2365,2021-08-13 09:53:24,2021-08-13 10:23:04,47.2,64.0,117.1528316798942,34.41340782122905,33.072625698324025
2366,2021-08-13 10:23:25,2021-08-13 10:48:15,64.0,78.0,117.6984611111111,35.906666666666666,34.34
2367,2021-08-13 10:48:36,2021-08-13 11:13:16,78.4,92.0,120.35441819852946,36.16107382550336,35.0
2368,2021-08-13 21:26:01,2021-08-13 21:53:41,58.4,76.0,112.80067566287877,38.622754491017965,36.952095808383234
2369,2021-08-13 21:54:02,2021-08-13 22:23:02,76.4,93.6,116.30815802648584,39.0,37.01714285714286
2370,2021-08-14 13:05:30,2021-08-14 13:27:10,36.0,58.4,111.23511904761907,34.93893129770992,33.54961832061068
2371,2021-08-14 13:27:31,2021-08-14 13:47:21,58.8,79.2,111.79874659586055,37.55833333333333,36.233333333333334
2372,2021-08-14 20:59:53,2021-08-14 21:23:23,42.4,66.8,112.49659790528234,37.190140845070424,36.014084507042256
2373,2021-08-14 21:23:44,2021-08-14 21:47:04,67.2,91.2,113.5937662037037,39.00709219858156,37.95744680851064
2374,2021-08-16 02:16:43,2021-08-16 02:43:03,23.6,47.6,110.62674791666664,30.20754716981132,29.0
2375,2021-08-16 02:43:24,2021-08-16 03:11:54,48.0,73.2,109.8523014770723,33.133720930232556,31.97093023255814
2376,2021-08-16 03:12:15,2021-08-16 03:40:55,73.2,96.4,113.78233920019156,34.653179190751445,33.369942196531795
2377,2021-08-16 16:50:58,2021-08-16 17:51:11,37.2,97.6,112.58924545851731,38.397350993377486,37.04415011037528
2378,2021-08-17 12:10:24,2021-08-17 13:08:44,34.0,72.8,110.81080532646048,36.118721461187214,34.897260273972606
2379,2021-08-17 17:20:50,2021-08-17 18:21:35,36.0,97.6,112.60847688266597,40.76754385964912,39.780701754385966
2380,2021-08-18 02:23:24,2021-08-18 03:26:49,34.0,97.6,113.1748298152516,38.82983193277311,36.96848739495798
2381,2021-08-18 13:21:10,2021-08-18 14:20:18,12.8,75.2,112.07502481080837,40.556306306306304,38.990990990990994
2382,2021-08-19 02:10:09,2021-08-19 03:06:05,32.0,90.0,112.42940094827587,35.43571428571428,33.88809523809524
2383,2021-08-19 17:27:34,2021-08-19 17:46:54,25.6,45.6,111.90902145833333,35.401709401709404,33.02564102564103
2384,2021-08-19 17:47:15,2021-08-19 18:05:55,46.0,65.2,112.26130917245368,37.61946902654867,35.30088495575221
2385,2021-08-20 01:33:22,2021-08-20 01:52:22,20.4,40.4,110.97778743055558,32.29565217391304,30.704347826086956
2386,2021-08-20 01:52:43,2021-08-20 02:18:43,40.8,68.0,111.48999203431372,34.92993630573248,33.46496815286624
2387,2021-08-20 02:19:04,2021-08-20 02:43:44,68.4,93.6,114.13249724426815,37.26845637583892,35.56375838926174
2388,2021-08-20 10:22:57,2021-08-20 10:40:57,40.4,56.8,110.02965921409216,35.91743119266055,34.34862385321101
2389,2021-08-20 10:41:18,2021-08-20 10:58:28,57.2,72.8,110.37394996438749,37.67307692307692,36.14423076923077
2390,2021-08-20 10:58:49,2021-08-20 11:16:39,73.2,88.8,114.70087410968665,38.49074074074074,37.0
2391,2021-08-20 17:31:22,2021-08-20 17:48:32,46.8,62.4,110.58049697293448,39.75961538461539,37.81730769230769
2392,2021-08-20 17:48:53,2021-08-20 18:18:54,62.8,88.0,114.20542230489419,41.0,39.33516483516483
2393,2021-08-21 08:48:52,2021-08-21 09:18:22,56.0,75.2,110.26839583333332,35.26966292134831,33.53932584269663
2394,2021-08-21 09:18:43,2021-08-21 09:49:33,75.2,94.0,112.6832285017731,36.0,34.0
2395,2021-08-21 17:56:16,2021-08-21 18:13:36,46.4,58.4,108.15280208333336,39.51428571428571,38.076190476190476
2396,2021-08-21 18:13:57,2021-08-21 18:32:07,58.4,70.4,110.35303634259253,40.69090909090909,39.018181818181816
2397,2021-08-21 18:32:28,2021-08-21 18:52:18,70.4,82.8,113.25830230734772,41.0,39.96666666666667
2398,2021-08-21 18:52:39,2021-08-21 19:11:39,83.2,94.4,116.95313876488093,41.0,40.0
2399,2021-08-23 12:18:42,2021-08-23 12:49:00,40.8,72.8,110.34475239149306,37.30263157894737,35.62719298245614
2400,2021-08-23 17:42:26,2021-08-23 19:32:25,28.4,97.6,113.19889326469175,41.492140266021764,40.01571946795647
2401,2021-08-24 13:44:59,2021-08-24 14:15:59,24.8,57.2,112.18664973422496,39.786096256684495,37.97860962566845
2402,2021-08-24 14:16:20,2021-08-24 14:43:20,57.6,85.6,113.10069578373019,43.03680981595092,41.38650306748466
2403,2021-08-25 00:21:09,2021-08-25 00:39:59,28.0,47.6,112.53616673752835,40.04385964912281,37.675438596491226
2404,2021-08-25 00:55:12,2021-08-25 01:15:22,63.6,84.0,115.77889528867102,43.532786885245905,41.040983606557376
2405,2021-08-25 21:48:33,2021-08-25 22:12:56,36.0,58.0,110.30822863636365,35.17567567567568,33.817567567567565
2406,2021-08-25 22:13:17,2021-08-25 22:54:52,58.0,94.8,112.4698293327295,37.55776892430279,36.155378486055774
2407,2021-08-26 15:54:11,2021-08-26 16:12:41,51.2,68.0,110.08184151785719,41.375,39.794642857142854
2408,2021-08-26 16:13:02,2021-08-26 16:32:22,68.4,85.2,115.11243716931222,42.504273504273506,41.0
2409,2021-08-27 11:36:56,2021-08-27 12:01:26,8.8,30.8,111.74496957070707,36.04054054054054,35.0
2410,2021-08-27 12:01:47,2021-08-27 12:31:26,31.2,58.0,111.02230518242122,37.79329608938548,36.23463687150838
2411,2021-08-27 12:31:47,2021-08-27 12:59:17,58.0,82.0,114.98034467592592,40.15060240963855,38.71686746987952
2412,2021-08-27 12:59:38,2021-08-27 13:17:58,82.4,97.6,118.05101334064337,41.0,39.693693693693696
2413,2021-08-27 22:53:42,2021-08-27 23:17:32,24.8,40.8,111.49042855902782,35.673611111111114,33.611111111111114
2414,2021-08-27 23:17:53,2021-08-27 23:45:53,41.2,60.0,111.45387588652483,36.68639053254438,35.071005917159766
2415,2021-08-27 23:46:14,2021-08-28 00:12:34,60.4,78.0,111.96651546717172,38.0,36.0
2416,2021-08-28 00:12:55,2021-08-28 00:40:25,78.4,96.0,116.9270572916667,38.0,36.0
2417,2021-08-28 07:20:17,2021-08-28 07:41:37,59.2,78.0,113.27938615543738,34.333333333333336,32.372093023255815
2418,2021-08-28 07:41:58,2021-08-28 08:04:38,78.4,97.6,113.73624565972227,35.0,33.0
2419,2021-08-28 16:28:34,2021-08-28 16:45:24,33.6,51.6,109.94753719135804,37.63725490196079,36.127450980392155
2420,2021-08-29 07:16:36,2021-08-29 08:22:09,29.2,96.8,111.8072850139711,36.47560975609756,34.083333333333336
2421,2021-08-29 20:55:12,2021-08-29 21:51:49,34.4,93.2,111.81499600340136,36.576470588235296,35.11529411764706
2422,2021-08-30 16:03:21,2021-08-30 16:30:41,56.4,84.4,113.08879102182539,34.448484848484846,33.557575757575755
2423,2021-08-31 03:59:54,2021-08-31 04:18:24,6.8,22.0,95.00275758406438,36.3125,34.13392857142857
2424,2021-08-31 04:18:45,2021-08-31 04:39:25,22.4,36.8,110.12731876929011,36.168,34.128
2425,2021-08-31 05:02:07,2021-08-31 05:22:07,47.6,60.8,113.47433638468019,38.20661157024794,36.22314049586777
2426,2021-08-31 05:22:28,2021-08-31 05:45:33,61.2,76.0,113.38590015015015,39.371428571428574,37.48571428571429
2427,2021-08-31 05:45:54,2021-08-31 06:07:24,76.4,89.6,114.67173779461288,40.0,38.0
2428,2021-08-31 12:49:36,2021-08-31 13:07:26,37.2,53.6,109.65616632791331,37.0,34.879629629629626
2429,2021-08-31 13:07:47,2021-08-31 13:27:17,54.0,71.6,111.73295596590911,38.686440677966104,36.6271186440678
2430,2021-08-31 13:27:38,2021-08-31 13:47:38,72.0,89.6,114.62595123106065,39.63636363636363,37.52892561983471
2431,2021-08-31 20:46:21,2021-08-31 21:07:01,23.6,37.6,112.4771947420635,36.368,34.072
2432,2021-08-31 21:07:22,2021-08-31 21:37:02,37.6,58.0,108.78677750544664,37.726256983240226,35.497206703910614
2433,2021-08-31 21:37:23,2021-08-31 22:04:43,58.0,75.6,111.83950307765156,39.0,36.90909090909091
2434,2021-08-31 22:05:04,2021-08-31 22:33:14,76.0,92.8,116.16072908399472,39.0,36.95294117647059
2435,2021-09-01 03:31:48,2021-09-01 03:50:08,30.4,47.2,109.12781092923278,36.34234234234234,33.42342342342342
2436,2021-09-01 03:50:29,2021-09-01 04:15:19,47.2,70.0,108.88583985136452,38.153333333333336,35.42666666666667
2437,2021-09-01 04:15:40,2021-09-01 04:35:50,70.4,88.0,114.57307346906569,39.0,36.9344262295082
2438,2021-09-01 11:56:10,2021-09-01 12:27:40,60.4,80.8,110.885775122549,37.16315789473684,35.76842105263158
2439,2021-09-01 12:28:01,2021-09-01 12:50:51,80.8,94.8,112.7371134920635,38.0,36.0
2440,2021-09-01 19:45:17,2021-09-01 20:18:27,27.2,61.6,111.65576304102063,38.575,36.17
2441,2021-09-01 20:18:48,2021-09-01 20:52:18,62.0,95.6,113.89508845899473,41.866336633663366,39.59405940594059
2442,2021-09-02 17:42:42,2021-09-02 18:10:42,12.4,37.6,110.64762472442682,39.15384615384615,37.21301775147929
2443,2021-09-02 18:11:03,2021-09-02 18:36:13,38.0,60.0,113.88196950757575,40.98026315789474,39.151315789473685
2444,2021-09-02 18:36:34,2021-09-02 19:07:04,60.4,86.8,115.05526941287883,42.880434782608695,41.358695652173914
2445,2021-09-03 01:44:48,2021-09-03 02:03:08,44.0,60.4,109.96358782181572,38.414414414414416,35.57657657657658
2446,2021-09-03 02:03:29,2021-09-03 02:34:49,60.4,88.0,111.74216052737518,39.87301587301587,37.407407407407405
2447,2021-09-03 13:56:42,2021-09-03 14:59:30,34.4,97.6,112.9280596431083,39.720338983050844,38.108050847457626
2448,2021-09-05 13:44:00,2021-09-05 14:29:15,36.4,83.6,111.7057488347458,38.258823529411764,36.50588235294118
2449,2021-09-06 13:55:45,2021-09-06 14:19:45,32.0,57.6,110.88650162760416,38.09655172413793,36.42068965517242
2450,2021-09-06 14:20:06,2021-09-06 14:45:36,58.0,84.8,112.60468594527364,40.86363636363637,39.467532467532465
2451,2021-09-06 23:39:56,2021-09-06 23:58:46,19.2,38.8,112.67998951247166,35.41228070175438,33.68421052631579
2452,2021-09-06 23:59:07,2021-09-07 00:29:17,39.2,70.8,112.0696980924754,38.18131868131868,36.44505494505494
2453,2021-09-07 00:29:38,2021-09-07 00:55:18,71.2,96.8,114.71516427951391,40.348387096774196,38.63225806451613
2454,2021-09-07 08:54:21,2021-09-07 09:20:41,68.8,92.0,112.2078860153257,35.77987421383648,33.911949685534594
2455,2021-09-07 17:58:12,2021-09-07 18:23:42,31.6,54.4,111.84332370857702,39.08441558441559,37.42857142857143
2456,2021-09-07 18:24:03,2021-09-07 18:51:13,54.8,79.2,111.33652071948994,41.359756097560975,39.201219512195124
2457,2021-09-07 18:51:34,2021-09-07 19:13:14,79.6,97.6,116.31250046296297,42.0,40.0
2458,2021-09-08 10:05:53,2021-09-08 10:24:33,39.2,58.8,111.26347782029482,35.743362831858406,34.61946902654867
2459,2021-09-08 10:24:54,2021-09-08 10:42:54,59.2,78.0,111.88979137115844,38.10091743119266,37.07339449541284
2460,2021-09-08 10:43:15,2021-09-08 11:01:05,78.4,96.4,114.35958873456794,39.2962962962963,38.25
2461,2021-09-08 17:21:12,2021-09-08 18:34:16,36.0,97.6,112.83983757215009,41.31693989071038,39.82695810564663
2462,2021-09-09 02:14:13,2021-09-09 02:34:53,35.6,54.4,110.20244148936176,37.808,34.904
2463,2021-09-09 02:35:14,2021-09-09 02:55:54,54.8,73.6,110.20022517730501,39.576,36.696
2464,2021-09-09 02:56:15,2021-09-09 03:19:45,73.6,94.4,113.28661071047004,40.03521126760563,37.309859154929576
2465,2021-09-09 17:38:43,2021-09-09 18:31:01,14.0,68.4,112.03005500663808,42.02791878172589,40.203045685279186
2466,2021-09-10 01:02:44,2021-09-10 01:58:12,22.0,79.6,112.28838464506173,41.618705035971225,39.52038369304557
2467,2021-09-10 10:57:21,2021-09-10 11:16:31,46.4,66.8,109.0890679466231,39.43103448275862,37.956896551724135
2468,2021-09-10 14:40:30,2021-09-10 15:09:50,48.8,79.6,110.89962297077925,43.42372881355932,42.14124293785311
2469,2021-09-10 15:10:11,2021-09-10 15:29:41,80.0,95.6,118.14816319444449,44.78813559322034,43.0
2470,2021-09-11 00:53:52,2021-09-11 01:10:22,28.0,43.2,108.26390314327483,39.32,36.97
2471,2021-09-11 01:10:43,2021-09-11 01:27:43,43.6,58.4,114.56363992117122,40.56310679611651,38.349514563106794
2472,2021-09-11 01:28:04,2021-09-11 01:44:34,58.8,72.8,117.53771567460318,41.86,39.65
2473,2021-09-11 01:44:55,2021-09-11 02:01:25,73.2,87.2,117.61209811507938,42.21,40.0
2474,2021-09-11 20:25:05,2021-09-11 20:44:45,30.0,48.0,112.03936350308648,39.21848739495798,37.45378151260504
2475,2021-09-11 20:45:06,2021-09-11 21:10:36,48.0,72.0,108.99017042824073,41.37012987012987,39.77272727272727
2476,2021-09-11 21:10:57,2021-09-11 21:40:17,72.4,97.6,115.9623043981482,42.79661016949152,41.0
2477,2021-09-13 08:57:24,2021-09-13 09:15:04,44.4,51.2,111.69940065359467,33.0,31.93984962406015
2478,2021-09-13 09:36:07,2021-09-13 11:40:29,50.4,97.6,113.3018764124294,33.81513513513514,32.92972972972973
2479,2021-09-14 01:43:04,2021-09-14 05:20:46,16.4,97.6,115.29158288519432,39.34497549019608,37.91053921568628
2480,2021-09-14 14:26:09,2021-09-14 15:11:23,49.2,97.6,113.60690304178146,39.48529411764706,38.15
2481,2021-09-15 01:02:13,2021-09-15 01:28:33,22.0,45.6,111.9680049435028,37.088050314465406,34.58490566037736
2482,2021-09-15 01:28:54,2021-09-15 01:59:34,46.0,74.0,109.89783670634922,39.556756756756755,37.18378378378378
2483,2021-09-15 01:59:55,2021-09-15 02:27:45,74.4,97.6,115.89741774425293,41.0,38.0
2484,2021-09-15 10:20:47,2021-09-15 10:39:07,57.6,74.0,112.82097891260166,39.57657657657658,37.126126126126124
2485,2021-09-15 10:39:28,2021-09-15 10:58:58,74.4,92.0,111.88448611111119,40.0,37.99152542372882
2486,2021-09-15 16:44:59,2021-09-15 17:37:02,20.8,73.6,110.55713857849325,43.32480818414322,40.994884910485936
2487,2021-09-16 03:06:06,2021-09-16 03:25:23,34.0,54.0,112.56715990972224,38.914529914529915,36.914529914529915
2488,2021-09-16 03:41:25,2021-09-16 03:59:38,70.4,88.8,115.5425788647344,42.288288288288285,40.27927927927928
2489,2021-09-16 12:29:40,2021-09-16 13:16:49,19.6,68.8,111.46478261065947,40.3774647887324,38.93239436619718
2490,2021-09-17 22:15:49,2021-09-17 22:32:29,28.0,45.2,113.17588460917314,35.554455445544555,34.48514851485149
2491,2021-09-18 04:16:25,2021-09-18 05:52:39,36.4,97.6,112.5919493849855,38.458448753462605,36.27146814404432
2492,2021-09-18 15:06:09,2021-09-18 16:02:19,24.8,83.6,111.14859790721847,40.13744075829384,39.203791469194314
2493,2021-09-19 05:48:08,2021-09-19 06:13:37,72.8,97.6,113.38739037298389,34.255208333333336,32.651041666666664
2494,2021-09-19 13:47:42,2021-09-19 14:06:22,38.8,58.4,111.10756767290249,39.53982300884956,38.0
2495,2021-09-19 14:06:43,2021-09-19 14:24:33,58.8,77.6,110.65972140957447,41.620370370370374,40.083333333333336
2496,2021-09-19 14:24:54,2021-09-19 14:43:14,78.0,96.0,116.29320686728393,42.2972972972973,41.0
2497,2021-09-21 07:46:52,2021-09-21 08:03:52,47.6,62.8,111.60178846856729,33.52427184466019,32.33009708737864
2498,2021-09-21 20:10:11,2021-09-21 20:32:21,40.0,63.6,110.3066091690207,37.798507462686565,36.156716417910445
2499,2021-09-21 20:32:42,2021-09-21 20:59:24,64.0,92.0,112.03422514880953,39.7962962962963,38.2037037037037
2500,2021-09-22 02:25:02,2021-09-22 03:07:29,48.4,85.2,111.38822287137683,37.626959247648905,35.40438871473354
2501,2021-09-22 06:58:22,2021-09-22 08:26:20,22.0,97.6,112.6905056474133,38.5439393939394,36.154545454545456
2502,2021-09-23 07:36:00,2021-09-23 08:50:05,22.0,97.6,112.24857149838334,36.45503597122302,35.0
2503,2021-09-24 12:22:42,2021-09-24 12:42:32,30.4,51.2,112.17348904914533,35.25833333333333,33.55833333333333
2504,2021-09-24 19:54:13,2021-09-24 20:38:16,23.2,69.2,111.6051665549517,36.0785498489426,34.546827794561935
2505,2021-09-25 12:11:16,2021-09-25 12:42:14,50.4,76.8,113.56908932554713,33.33476394849785,32.39055793991416
2506,2021-09-25 19:58:05,2021-09-25 20:45:52,13.6,63.2,112.11540485271058,38.428969359331475,37.00557103064067
2507,2021-09-26 11:26:39,2021-09-26 12:27:40,18.0,81.6,111.58341443701958,37.53711790393013,36.26637554585153
2508,2021-09-26 18:01:15,2021-09-26 18:29:55,61.6,87.2,112.6481165907118,40.49710982658959,38.85549132947977
2509,2021-09-27 00:36:26,2021-09-27 00:55:06,50.0,64.0,110.39783055555554,37.876106194690266,35.575221238938056
2510,2021-09-27 00:55:27,2021-09-27 01:13:27,64.0,77.6,110.40544761029416,38.0,36.0
2511,2021-09-27 01:13:48,2021-09-27 01:32:48,77.6,92.0,111.02913753858022,38.86086956521739,36.0
2512,2021-09-28 04:47:29,2021-09-28 05:59:19,7.6,72.0,112.17659860032781,39.79962894248609,37.4860853432282
2513,2021-09-28 13:37:44,2021-09-28 13:56:54,47.2,65.6,110.16907472826092,39.26724137931034,37.922413793103445
2514,2021-09-28 20:29:52,2021-09-28 20:53:22,54.0,78.4,112.12318636156648,37.190140845070424,35.15492957746479
2515,2021-09-28 23:57:17,2021-09-29 00:23:03,62.8,89.6,112.15958223466005,38.80927835051546,37.20103092783505
2516,2021-09-29 23:15:50,2021-09-29 23:32:40,65.6,79.2,101.26431178513064,40.0,38.94117647058823
2517,2021-09-30 04:12:08,2021-09-30 04:28:43,26.8,44.0,111.85700880167961,39.84158415841584,37.495049504950494
2518,2021-09-30 04:29:04,2021-09-30 04:45:54,44.4,62.4,108.48303904320993,41.8921568627451,39.490196078431374
2519,2021-09-30 04:46:15,2021-09-30 05:02:45,62.8,80.0,111.28312112403103,43.52,41.0
2520,2021-09-30 07:57:42,2021-09-30 08:21:32,49.6,71.2,110.76261754115227,41.986111111111114,38.604166666666664
2521,2021-09-30 08:21:53,2021-09-30 08:43:13,71.6,90.4,113.91106501182028,43.0,39.75968992248062
2522,2021-09-30 18:36:52,2021-09-30 18:55:42,50.0,69.2,112.98034027777777,40.28947368421053,38.90350877192982
2523,2021-09-30 18:56:03,2021-09-30 19:15:43,69.6,89.6,113.28821083333335,41.680672268907564,40.10084033613445
2524,2021-10-01 13:18:50,2021-10-01 14:28:22,27.6,97.6,113.03417775595237,38.96743295019157,37.7816091954023
2525,2021-10-01 23:27:48,2021-10-02 00:23:24,23.2,82.4,109.62613352852853,35.6578947368421,33.708133971291865
2526,2021-10-02 12:13:16,2021-10-02 13:09:20,27.6,87.2,109.83294568652124,37.28503562945368,35.98574821852731
2527,2021-10-02 19:04:28,2021-10-02 19:21:18,28.4,47.6,107.99551873553239,39.59803921568628,38.19607843137255
2528,2021-10-02 19:21:39,2021-10-02 19:41:25,48.0,70.0,110.71629132575758,42.075,40.65833333333333
2529,2021-10-03 14:38:33,2021-10-03 14:55:43,48.8,67.2,108.97646225845412,36.53846153846154,35.625
2530,2021-10-03 21:21:37,2021-10-03 21:38:07,35.6,53.2,109.542313604798,38.37,36.38
2531,2021-10-03 21:38:28,2021-10-03 21:54:58,53.6,71.2,109.5541507260101,40.49,38.53
2532,2021-10-03 21:55:19,2021-10-03 22:13:59,71.6,90.8,113.6697210648148,41.75221238938053,39.8141592920354
2533,2021-10-04 17:38:53,2021-10-04 17:55:53,41.6,53.6,107.00810729166668,36.13592233009709,34.679611650485434
2534,2021-10-04 17:56:14,2021-10-04 18:13:14,54.0,65.2,112.19991393849197,37.41747572815534,36.213592233009706
2535,2021-10-04 18:13:35,2021-10-04 18:30:55,65.6,76.8,111.18924553571428,38.0,37.0
2536,2021-10-04 18:31:16,2021-10-04 18:50:06,77.2,88.8,113.84340948275866,38.44736842105263,37.0
2537,2021-10-05 19:42:43,2021-10-05 20:14:33,40.8,69.6,109.98169319058644,38.380208333333336,36.807291666666664
2538,2021-10-05 20:14:54,2021-10-05 20:45:34,70.0,96.8,112.98924673507464,40.12972972972973,38.535135135135135
2539,2021-10-06 14:43:36,2021-10-06 15:55:28,21.2,96.4,110.75103575945624,40.11296296296296,38.9537037037037
2540,2021-10-07 02:17:51,2021-10-07 03:49:39,3.2,97.6,112.9439711629002,41.391304347826086,39.28115942028985
2541,2021-10-07 13:03:54,2021-10-07 13:23:44,40.8,62.0,108.82798525943396,38.74166666666667,37.325
2542,2021-10-07 13:24:05,2021-10-07 13:43:55,62.4,83.2,110.86073417467955,40.75,39.483333333333334
2543,2021-10-07 22:00:07,2021-10-07 23:13:40,40.0,88.4,110.20280422692836,40.23913043478261,38.302536231884055
2544,2021-10-08 10:21:58,2021-10-08 10:40:58,63.2,80.4,109.15135311692505,33.93043478260869,31.278260869565216
2545,2021-10-08 10:41:19,2021-10-08 10:57:49,80.8,95.2,113.22630931712965,34.2,32.0
2546,2021-10-08 16:16:55,2021-10-08 16:44:25,14.4,42.8,98.51966549295774,31.49397590361446,28.680722891566266
2547,2021-10-08 16:44:46,2021-10-08 17:11:06,42.8,67.2,109.79167361111108,34.0251572327044,31.339622641509433
2548,2021-10-08 17:11:27,2021-10-08 17:39:47,67.2,92.8,112.62533577473963,36.1812865497076,33.45029239766082
2549,2021-10-09 14:10:01,2021-10-09 14:31:41,18.8,43.2,101.14470554417123,26.954198473282442,26.267175572519083
2550,2021-10-09 14:32:02,2021-10-09 14:59:52,43.6,72.0,111.62022256455404,30.38095238095238,29.49404761904762
2551,2021-10-09 15:00:13,2021-10-09 15:19:43,72.4,92.0,113.32342460317466,32.70338983050848,31.720338983050848
2552,2021-10-10 03:47:08,2021-10-10 04:08:41,16.4,34.0,108.54893819444445,30.068702290076335,27.862595419847327
2553,2021-10-10 04:09:02,2021-10-10 04:32:32,34.0,52.8,109.06694429669035,31.640845070422536,29.154929577464788
2554,2021-10-10 04:32:53,2021-10-10 04:50:43,53.2,67.2,108.3631046626984,33.4537037037037,30.925925925925927
2555,2021-10-10 04:51:04,2021-10-10 05:11:04,67.6,82.4,112.047686843093,34.0,32.0
2556,2021-10-10 14:56:55,2021-10-10 15:18:05,31.6,54.4,109.16789351851854,30.8828125,29.34375
2557,2021-10-10 15:18:26,2021-10-10 15:37:36,54.8,75.2,110.5841653050109,33.560344827586206,32.21551724137931
2558,2021-10-10 22:04:51,2021-10-10 22:33:51,38.8,65.2,109.06724826388887,35.29714285714286,33.245714285714286
2559,2021-10-10 22:34:12,2021-10-10 23:05:32,65.6,93.2,112.73954891304344,37.35978835978836,35.41798941798942
2560,2021-10-11 05:48:08,2021-10-11 06:47:25,36.8,97.6,110.99432008177996,35.57303370786517,32.96629213483146
2561,2021-10-11 14:50:53,2021-10-11 15:08:33,32.8,51.6,109.58259242021275,36.10280373831776,34.78504672897196
2562,2021-10-11 15:08:54,2021-10-11 15:26:34,52.0,70.4,111.93689477657,38.3177570093458,37.0
2563,2021-10-12 02:55:42,2021-10-12 03:19:34,69.200005,94.4,110.60717147849523,34.18888888888889,31.033333333333335
2564,2021-10-12 13:02:02,2021-10-12 13:21:54,69.2,90.4,109.24894376310273,31.330578512396695,30.25619834710744
2565,2021-10-13 00:56:55,2021-10-13 01:14:05,9.2,27.6,108.86171648550724,29.259615384615383,27.990384615384617
2566,2021-10-13 01:14:26,2021-10-13 01:31:16,28.0,46.0,109.08255949074075,30.480392156862745,28.794117647058822
2567,2021-10-13 01:47:48,2021-10-13 02:07:08,63.2,83.2,112.72777333333333,34.36752136752137,32.69230769230769
2568,2021-10-13 05:53:07,2021-10-13 06:18:27,58.8,67.6,113.07357692550511,32.27272727272727,30.0
2569,2021-10-13 06:18:48,2021-10-13 06:35:48,67.6,74.0,105.83118880208326,32.0,30.0
2570,2021-10-13 06:36:09,2021-10-13 06:55:49,74.0,81.2,110.57294077932094,32.0,30.0
2571,2021-10-13 06:56:10,2021-10-13 07:13:20,81.2,87.6,110.81382855902793,32.0,30.0
2572,2021-10-13 07:13:41,2021-10-13 07:33:51,87.6,95.2,110.82788212719285,32.0,29.770491803278688
2573,2021-10-13 14:47:35,2021-10-13 15:05:25,47.6,64.0,107.15532969173445,29.84259259259259,27.87037037037037
2574,2021-10-13 15:05:46,2021-10-13 15:24:06,64.0,80.0,108.8142517361111,31.234234234234233,29.495495495495497
2575,2021-10-13 21:32:05,2021-10-13 21:50:15,48.4,67.6,109.97180772569448,30.318181818181817,27.954545454545453
2576,2021-10-13 22:36:07,2021-10-13 22:55:47,71.2,92.0,110.0634393028846,31.630252100840337,29.285714285714285
2577,2021-10-14 22:35:45,2021-10-14 22:57:25,40.4,55.6,106.93533369883039,30.61832061068702,29.442748091603054
2578,2021-10-14 22:57:46,2021-10-14 23:14:46,56.0,67.2,111.04293117559524,31.941747572815533,30.766990291262136
2579,2021-10-15 03:13:40,2021-10-15 04:23:37,20.8,94.8,110.20527622372373,33.27809523809524,31.401904761904763
2580,2021-10-16 00:02:04,2021-10-16 00:19:24,18.0,30.0,110.26968958333335,28.78095238095238,26.0
2581,2021-10-16 00:19:45,2021-10-16 00:39:05,30.4,44.0,107.4601770833333,29.23931623931624,26.94871794871795
2582,2021-10-16 00:39:26,2021-10-16 01:00:06,44.0,58.0,109.86311160714286,30.456,28.248
2583,2021-10-16 01:00:27,2021-10-16 01:18:47,58.4,70.0,114.56060153256709,31.65765765765766,29.396396396396398
2584,2021-10-16 09:39:04,2021-10-16 10:33:00,39.6,96.0,110.18519313435777,28.953086419753088,27.627160493827162
2585,2021-10-16 23:02:00,2021-10-16 23:21:10,47.6,67.6,110.52779375000006,29.836206896551722,28.724137931034484
2586,2021-10-17 05:17:20,2021-10-17 05:45:00,22.8,48.0,109.66269813712522,27.724550898203592,24.95808383233533
2587,2021-10-17 05:45:21,2021-10-17 06:16:11,48.4,76.4,110.196932390873,30.693548387096776,28.107526881720432
2588,2021-10-17 06:16:32,2021-10-17 06:41:02,76.8,97.6,113.91694110576924,32.24324324324324,29.70945945945946
2589,2021-10-18 11:50:05,2021-10-18 12:08:55,26.8,40.0,110.39563815235691,26.289473684210527,24.69298245614035
2590,2021-10-18 12:09:16,2021-10-18 12:27:06,40.0,52.8,106.30860340711811,27.62037037037037,26.36111111111111
2591,2021-10-18 12:27:27,2021-10-18 12:44:17,52.8,64.8,104.80440775462961,29.08823529411765,27.705882352941178
2592,2021-10-18 12:44:38,2021-10-18 13:03:38,64.8,77.6,107.78104340277781,30.0,28.965217391304346
2593,2021-10-18 13:03:59,2021-10-18 13:22:19,77.6,89.2,111.85227023467428,30.315315315315317,29.027027027027028
2594,2021-10-19 22:46:37,2021-10-19 23:18:37,33.2,62.8,108.59143421546548,31.269430051813472,30.015544041450777
2595,2021-10-19 23:18:58,2021-10-19 23:47:28,63.2,89.2,110.13037467948723,33.79651162790697,32.69767441860465
2596,2021-10-20 20:16:41,2021-10-20 20:47:01,41.6,69.6,108.8477516369048,33.72677595628415,32.25136612021858
2597,2021-10-20 20:47:22,2021-10-20 21:16:22,70.0,96.0,112.08336923076926,35.331428571428575,34.0
2598,2021-10-21 12:29:52,2021-10-21 12:46:32,49.2,64.4,108.15699141081872,28.346534653465348,26.336633663366335
2599,2021-10-21 12:46:53,2021-10-21 13:07:53,64.8,82.8,110.53010594135806,29.53543307086614,27.677165354330707
2600,2021-10-21 13:08:14,2021-10-21 13:27:14,82.8,97.6,111.59630245870873,30.0,28.08695652173913
2601,2021-10-22 00:31:48,2021-10-22 02:03:04,34.8,94.8,109.69450343055556,24.696350364963504,23.108029197080292
2602,2021-10-22 09:10:14,2021-10-22 09:30:24,49.2,71.2,107.22981325757574,25.31967213114754,23.704918032786885
2603,2021-10-22 09:30:45,2021-10-22 09:51:25,71.6,93.6,109.98045208333336,27.28,25.528
2604,2021-10-22 21:14:56,2021-10-22 22:20:40,30.4,97.6,110.20602487103177,27.647773279352226,26.54251012145749
2605,2021-10-23 21:11:40,2021-10-23 21:31:30,13.2,36.0,99.13376730019495,23.85,22.533333333333335
2606,2021-10-23 21:31:51,2021-10-23 22:00:41,36.4,66.0,110.99755874624626,26.32183908045977,25.091954022988507
2607,2021-10-23 22:01:02,2021-10-23 22:31:42,66.4,96.8,114.26671906980997,29.302702702702703,27.94054054054054
2608,2021-10-24 06:33:38,2021-10-24 06:50:38,15.6,27.6,106.24999999999997,25.0,23.0
2609,2021-10-24 15:51:31,2021-10-24 16:18:21,62.8,86.8,112.2945904513889,30.209876543209877,28.790123456790123
2610,2021-10-25 04:40:45,2021-10-25 05:38:17,38.8,97.6,110.28555583191613,27.199074074074073,25.578703703703702
2611,2021-10-25 11:08:06,2021-10-25 11:25:06,46.8,62.4,108.92271545584049,28.45631067961165,26.825242718446603
2612,2021-10-25 11:25:27,2021-10-25 11:55:47,62.8,90.0,111.34393831699344,30.273224043715846,28.628415300546447
2613,2021-10-25 20:56:52,2021-10-25 21:15:32,62.4,76.4,107.66568918650789,32.83185840707964,30.707964601769913
2614,2021-10-25 21:15:53,2021-10-25 21:34:23,76.4,90.0,110.80066962826803,33.0,31.0
2615,2021-10-26 02:02:23,2021-10-26 02:28:33,65.2,89.2,109.50350162037039,30.569620253164558,27.734177215189874
2616,2021-10-26 07:21:20,2021-10-26 07:39:10,50.0,69.2,107.70906879340278,30.59259259259259,27.935185185185187
2617,2021-10-26 07:39:31,2021-10-26 07:58:51,69.2,89.6,109.92648556644886,32.02564102564103,29.35042735042735
2618,2021-10-26 17:42:18,2021-10-26 18:06:08,23.2,44.8,110.7484792952675,33.00694444444444,31.881944444444443
2619,2021-10-26 18:06:29,2021-10-26 18:26:49,45.2,64.0,108.55941947399532,35.28455284552845,34.146341463414636
2620,2021-10-26 18:27:10,2021-10-26 18:55:00,64.4,89.6,110.88681983024699,36.982142857142854,35.892857142857146
2621,2021-10-26 22:49:45,2021-10-26 23:17:35,10.8,36.4,108.69303076171875,38.05952380952381,35.00595238095238
2622,2021-10-26 23:17:56,2021-10-26 23:46:06,36.8,62.4,109.91426833767359,39.76470588235294,36.71176470588235
2623,2021-10-26 23:46:27,2021-10-27 00:14:17,62.8,87.2,113.95206005236791,41.44047619047619,38.279761904761905
2624,2021-10-27 03:23:11,2021-10-27 03:40:21,65.2,80.8,110.03561182336186,39.0,35.0
2625,2021-10-27 03:40:42,2021-10-27 03:58:42,81.2,97.6,109.75440362466131,39.0,35.34862385321101
2626,2021-10-27 09:21:32,2021-10-27 09:39:12,66.8,78.4,108.93680196360147,34.0,31.0
2627,2021-10-27 09:39:33,2021-10-27 09:56:53,78.4,89.6,108.23538058035726,34.0,31.0
2628,2021-10-27 16:06:58,2021-10-27 16:23:55,55.2,72.8,111.57505111268947,33.77669902912621,32.679611650485434
2629,2021-10-28 07:14:56,2021-10-28 07:34:26,33.2,54.0,109.72357692307699,30.5,29.228813559322035
2630,2021-10-28 07:34:47,2021-10-28 07:55:37,54.4,76.8,108.8355834573413,33.01587301587302,31.555555555555557
2631,2021-10-28 07:55:58,2021-10-28 08:16:28,77.2,97.6,114.53773801742926,34.346774193548384,32.92741935483871
2632,2021-10-28 15:06:15,2021-10-28 15:30:09,36.0,61.6,108.96539046223958,33.422222222222224,31.744444444444444
2633,2021-10-28 23:02:21,2021-10-29 00:11:37,7.2,82.8,106.45816721413877,35.848076923076924,34.11538461538461
2634,2021-10-29 20:09:50,2021-10-29 20:31:30,36.0,59.2,109.50371503831416,34.35114503816794,32.88549618320611
2635,2021-10-29 20:31:51,2021-10-29 21:02:01,59.6,91.6,110.72829531250004,37.02197802197802,35.55494505494506
2636,2021-10-30 13:48:35,2021-10-30 14:06:45,59.6,78.8,110.38339134837962,27.827272727272728,25.963636363636365
2637,2021-11-02 17:17:36,2021-11-02 17:35:46,28.4,48.0,107.8663736536281,28.972727272727273,27.89090909090909
2638,2021-11-02 17:36:07,2021-11-02 17:57:37,48.0,71.2,107.81252933429121,31.576923076923077,30.553846153846155
2639,2021-11-03 03:19:30,2021-11-03 04:39:51,14.8,97.6,110.63055815385133,31.487562189054728,29.912106135986733
2640,2021-11-03 15:59:12,2021-11-03 16:18:42,23.6,45.6,109.35859318181822,31.771186440677965,30.516949152542374
2641,2021-11-03 16:19:03,2021-11-03 16:37:43,46.0,66.8,110.70446668002138,34.52212389380531,33.256637168141594
2642,2021-11-03 16:38:04,2021-11-03 16:58:04,67.2,89.6,110.1519151165675,36.63636363636363,35.51239669421488
2643,2021-11-04 02:14:47,2021-11-04 03:25:41,12.0,86.8,110.40010549613785,33.88157894736842,31.729323308270676
2644,2021-11-04 14:41:55,2021-11-04 15:38:03,38.4,96.8,109.96880378614917,33.850710900473935,32.63744075829384
2645,2021-11-05 00:24:13,2021-11-05 00:41:23,53.2,71.6,108.78018659420295,34.28846153846154,32.375
2646,2021-11-05 09:00:35,2021-11-05 09:20:35,42.0,63.6,108.02854976851852,30.975206611570247,29.611570247933884
2647,2021-11-05 09:36:38,2021-11-05 09:54:38,80.4,97.6,113.4552628391474,34.0,32.81651376146789
2648,2021-11-05 20:27:59,2021-11-05 20:49:29,29.2,48.8,110.60091446995466,33.49230769230769,31.646153846153847
2649,2021-11-05 20:56:41,2021-11-05 21:16:01,55.6,72.8,108.65795704134366,36.136752136752136,34.36752136752137
2650,2021-11-05 21:16:22,2021-11-05 21:34:42,72.8,88.4,109.63676495726489,37.0,35.0
2651,2021-11-06 05:10:36,2021-11-06 05:29:56,44.0,64.8,108.40678084935898,34.0940170940171,31.82051282051282
2652,2021-11-06 12:29:26,2021-11-06 12:47:16,36.0,52.4,108.71358138550136,33.425925925925924,31.453703703703702
2653,2021-11-06 12:47:37,2021-11-06 13:06:27,52.4,70.0,107.02493860479795,35.30701754385965,33.39473684210526
2654,2021-11-07 01:53:30,2021-11-07 02:50:36,38.4,97.6,110.90078494791669,34.86046511627907,33.16744186046512
2655,2021-11-07 17:04:34,2021-11-07 17:24:34,33.2,54.4,109.99999528301889,35.049586776859506,33.48760330578512
2656,2021-11-07 17:24:55,2021-11-07 17:44:25,54.8,75.6,109.26882752403849,37.59322033898305,36.1271186440678
2657,2021-11-07 17:44:46,2021-11-07 18:03:06,76.0,95.2,111.28110611979164,38.810810810810814,37.252252252252255
2658,2021-11-08 15:23:11,2021-11-08 15:42:31,76.4,95.6,110.60329701967602,29.521367521367523,27.811965811965813
2659,2021-11-09 03:14:43,2021-11-09 03:55:41,40.8,84.8,108.62547983270203,24.928571428571427,22.714285714285715
2660,2021-11-09 10:47:18,2021-11-09 11:58:02,19.6,83.2,109.60863323724668,26.45762711864407,24.653483992467045
2661,2021-11-09 16:11:11,2021-11-09 16:49:51,46.4,87.6,109.51996029867854,29.50515463917526,27.90721649484536
2662,2021-11-10 05:36:19,2021-11-10 05:54:44,48.8,68.4,109.68091656037413,23.769784172661872,21.93525179856115
2663,2021-11-10 05:59:25,2021-11-10 06:29:51,67.6,97.6,110.28375711111111,26.08296943231441,24.336244541484717
2664,2021-11-10 15:16:58,2021-11-10 15:43:18,37.2,62.4,106.77912455908294,28.38993710691824,27.157232704402517
2665,2021-11-10 15:43:39,2021-11-10 16:16:09,62.4,92.4,110.73289041666665,30.862244897959183,29.75
2666,2021-11-11 01:21:59,2021-11-11 01:43:29,20.4,40.0,110.07796797052154,27.419847328244273,25.083969465648856
2667,2021-11-11 02:14:02,2021-11-11 02:31:02,68.0,83.2,112.33647085160821,32.0,29.83495145631068
2668,2021-11-11 16:23:24,2021-11-11 16:41:54,48.8,65.6,108.61857010582013,26.705357142857142,25.919642857142858
2669,2021-11-11 16:42:15,2021-11-11 16:59:05,65.6,80.8,109.2215096856725,28.401960784313726,27.69607843137255
2670,2021-11-11 16:59:26,2021-11-11 17:16:26,81.2,96.4,110.33993128654969,29.262135922330096,28.59223300970874
2671,2021-11-12 01:22:16,2021-11-12 01:39:56,84.8,96.4,110.5556036877394,30.261682242990656,28.570093457943926
2672,2021-11-12 17:23:55,2021-11-12 17:49:15,48.4,71.6,108.67458991858241,28.163398692810457,26.980392156862745
2673,2021-11-12 17:49:36,2021-11-12 18:15:56,71.6,95.6,109.18404733796297,29.830188679245282,28.71069182389937
2674,2021-11-13 02:05:31,2021-11-13 02:24:21,46.0,66.8,105.30383967681625,32.578947368421055,30.06140350877193
2675,2021-11-13 04:59:49,2021-11-13 05:18:19,73.2,93.2,108.67638777777775,33.419642857142854,30.142857142857142
2676,2021-11-13 10:32:58,2021-11-13 10:51:08,64.4,83.6,110.06875224247692,30.327272727272728,27.445454545454545
2677,2021-11-13 19:27:32,2021-11-13 19:57:22,25.6,37.2,110.63943845785438,28.627777777777776,26.93888888888889
2678,2021-11-13 19:57:43,2021-11-13 20:23:43,37.2,47.6,107.5027534722222,29.229299363057326,27.414012738853504
2679,2021-11-13 20:24:04,2021-11-13 20:52:54,47.6,59.2,106.90022114463599,30.0,28.097701149425287
2680,2021-11-13 20:53:15,2021-11-13 21:26:55,59.6,72.8,109.75174452861955,30.950738916256157,29.0
2681,2021-11-13 21:27:16,2021-11-13 21:58:36,72.8,84.8,112.322990162037,31.0,28.91005291005291
2682,2021-11-13 21:58:57,2021-11-13 22:23:47,85.2,94.4,116.22136065821252,30.573333333333334,28.0
2683,2021-11-14 04:07:43,2021-11-14 04:37:13,49.6,76.8,108.43903222017977,29.219101123595507,26.359550561797754
2684,2021-11-14 04:37:34,2021-11-14 05:02:14,76.8,97.6,110.72784228098294,30.57046979865772,27.859060402684563
2685,2021-11-14 13:05:32,2021-11-14 13:30:52,52.4,75.2,110.950885538499,29.666666666666668,28.366013071895424
2686,2021-11-14 13:31:13,2021-11-14 13:57:43,75.6,97.6,111.24683705808083,30.99375,29.70625
2687,2021-11-15 09:10:26,2021-11-15 09:37:16,38.0,62.4,109.05680857240438,25.95679012345679,24.493827160493826
2688,2021-11-15 09:37:37,2021-11-15 10:05:57,62.8,88.4,109.66687489149301,28.350877192982455,26.77777777777778
