cycle_num,time_s,time_e,SOC_s,SOC_e,charge_capacity,Tmax,Tmin
1,2019-07-26 19:08:05,2019-07-26 21:09:13,5.2,72.4,135.0895914529596,40.61166116611661,39.40594059405941
2,2019-07-27 16:19:28,2019-07-27 17:25:39,43.2,64.8,133.15270019290125,41.0,39.54016064257028
3,2019-07-27 17:27:55,2019-07-27 17:47:33,65.6,72.0,133.4453636284721,41.0,40.0
4,2019-07-27 23:32:17,2019-07-28 01:25:10,26.4,90.0,133.63856914133473,40.04722550177095,37.80401416765053
5,2019-07-28 13:10:26,2019-07-28 13:35:39,41.6,54.0,132.51504285394267,37.14736842105263,35.57368421052632
6,2019-07-28 13:35:58,2019-07-28 14:21:41,54.4,76.4,135.41834271464643,38.0,36.68313953488372
7,2019-07-29 10:58:37,2019-07-29 12:27:04,39.2,99.6,136.46047567144964,40.88855421686747,38.38253012048193
8,2019-07-31 16:14:39,2019-07-31 16:43:44,66.0,91.2,133.14253434744265,35.31506849315068,32.8675799086758
9,2019-08-01 02:14:01,2019-08-01 04:01:26,20.0,99.6,134.56309367322726,35.492555831265506,32.326302729528535
10,2019-08-01 19:26:42,2019-08-01 21:25:35,28.4,87.6,130.52881006006007,31.088565022421523,28.66255605381166
11,2019-08-02 06:09:17,2019-08-02 07:39:12,34.8,99.6,131.79054493098423,31.87851851851852,29.88740740740741
12,2019-08-03 09:22:01,2019-08-03 11:10:29,18.0,99.6,132.9917847766885,36.27395577395578,34.828009828009826
13,2019-08-03 21:01:18,2019-08-03 22:26:34,42.0,99.6,134.30015507812502,36.9328125,34.2203125
14,2019-08-04 20:06:54,2019-08-04 22:33:55,20.8,69.6,130.5475865209472,37.80235720761559,36.249320036264734
15,2019-08-05 04:24:28,2019-08-05 06:18:24,13.6,99.6,134.28491021479329,39.67134502923977,37.25029239766082
16,2019-08-05 15:34:13,2019-08-05 16:53:14,42.0,86.4,134.06809780405408,41.32491582491583,39.878787878787875
17,2019-08-06 00:10:44,2019-08-06 00:42:13,44.8,62.4,132.89491617739895,38.95358649789029,36.0
18,2019-08-06 07:02:00,2019-08-06 09:02:05,8.0,99.6,136.0310447749879,40.44173140954495,38.00554938956715
19,2019-08-06 19:20:57,2019-08-06 21:33:10,3.6,99.6,135.36918904513888,44.582661290322584,41.90120967741935
20,2019-08-07 01:43:17,2019-08-07 02:27:06,78.0,99.6,138.29298184156383,40.984848484848484,36.984848484848484
21,2019-08-07 13:56:42,2019-08-07 15:12:26,36.8,79.6,133.00522159916926,38.54130052724077,37.14059753954306
22,2019-08-08 00:39:11,2019-08-08 02:07:25,22.8,73.2,131.5603214616402,38.34238310708899,36.33785822021116
23,2019-08-08 06:51:11,2019-08-08 09:54:33,13.6,99.6,135.36522855458657,38.37918486171761,36.157205240174676
24,2019-08-08 23:29:38,2019-08-08 23:54:03,15.6,37.2,133.31124575617284,40.391304347826086,38.57065217391305
25,2019-08-08 23:59:55,2019-08-09 01:25:18,42.4,99.6,134.80867070464262,44.500780031201245,42.35413416536662
26,2019-08-09 21:05:29,2019-08-09 22:59:18,18.8,99.6,135.004787214659,45.98243559718969,43.6943793911007
27,2019-08-10 08:21:27,2019-08-10 09:12:17,50.4,94.0,133.64291321355762,43.65706806282723,40.8848167539267
28,2019-08-10 09:24:01,2019-08-10 09:45:54,94.0,99.6,149.32240446428585,44.0,41.0
29,2019-08-10 20:37:07,2019-08-10 21:04:04,26.0,51.2,132.08747840608467,42.083743842364534,39.09852216748769
30,2019-08-10 21:05:56,2019-08-10 22:08:31,53.2,99.2,134.45798347222225,44.751063829787235,41.61702127659574
31,2019-08-11 05:33:10,2019-08-11 06:57:29,56.4,97.6,135.38130430825242,39.0,36.998420221169035
32,2019-08-11 16:45:23,2019-08-11 18:21:39,27.6,82.0,133.0074335171568,43.09128630705394,41.179806362378976
33,2019-08-11 23:12:09,2019-08-11 23:53:55,44.0,67.6,132.73540513182678,41.0,38.60191082802548
34,2019-08-11 23:59:55,2019-08-12 01:04:46,70.8,99.6,140.21094696180558,41.0,39.0
35,2019-08-12 14:06:59,2019-08-12 16:24:53,18.0,96.0,133.15743688746443,42.90549662487946,41.32401157184185
36,2019-08-13 02:50:02,2019-08-13 03:12:35,33.6,44.8,131.16569105158734,35.0,31.370588235294118
37,2019-08-13 03:12:59,2019-08-13 04:32:06,44.8,84.8,132.0606446736111,35.95454545454545,32.861952861952865
38,2019-08-13 06:26:34,2019-08-13 07:19:41,77.6,99.6,138.936881729798,34.989974937343355,32.0
39,2019-08-13 19:18:40,2019-08-13 23:42:40,15.6,99.6,134.77888670304233,40.20141342756184,38.385663806158504
40,2019-08-14 19:09:34,2019-08-14 21:43:35,19.6,99.6,134.71305317013892,42.2742214532872,40.34083044982699
41,2019-08-15 11:58:19,2019-08-15 14:39:12,9.2,98.4,132.9929838269183,37.811258278145694,36.35844370860927
42,2019-08-15 23:22:18,2019-08-15 23:54:46,35.6,64.4,131.519772347608,38.43265306122449,36.00408163265306
43,2019-08-15 23:57:58,2019-08-16 00:56:02,67.2,99.6,138.8499086076818,40.382151029748286,37.86270022883295
44,2019-08-16 11:20:26,2019-08-16 12:48:21,58.0,98.8,134.8088730732571,36.45757575757576,35.00606060606061
45,2019-08-16 23:10:31,2019-08-17 01:45:57,23.6,98.8,133.25573061842496,37.187821612349914,34.40308747855918
46,2019-08-17 15:40:07,2019-08-17 18:45:52,11.2,99.6,133.54227822869535,37.07896625987078,35.31299353912419
47,2019-08-18 05:13:52,2019-08-18 06:42:43,36.8,99.6,135.3888562831741,36.01649175412294,34.48575712143928
48,2019-08-19 01:01:06,2019-08-19 02:22:21,15.2,87.6,131.82680731660528,36.368852459016395,34.549180327868854
49,2019-08-19 20:07:33,2019-08-19 21:32:08,42.4,99.6,135.56056013014762,38.033070866141735,35.976377952755904
50,2019-08-20 05:50:03,2019-08-20 07:53:53,42.8,99.6,135.06882280907672,36.82669537136706,34.57265877287406
51,2019-08-20 23:25:28,2019-08-21 01:27:49,9.6,99.6,134.44934405555557,41.226579520697165,39.128540305010894
52,2019-08-21 13:32:13,2019-08-21 15:27:43,16.0,99.6,134.8890380997475,41.45967741935484,39.475806451612904
53,2019-08-22 01:56:14,2019-08-22 03:01:20,59.6,99.6,136.24330514236112,37.68711656441718,35.68302658486708
54,2019-08-22 15:03:52,2019-08-22 16:05:31,44.8,74.8,133.19950282407407,38.585313174946,36.73218142548596
55,2019-08-23 18:12:22,2019-08-23 18:28:22,12.0,23.2,119.96230456349208,34.0,32.82644628099174
56,2019-08-23 18:43:27,2019-08-23 21:02:29,28.8,99.6,133.04961234698683,37.29242569511026,35.47459252157239
57,2019-08-24 03:31:13,2019-08-24 05:29:47,29.2,88.8,131.79437075177108,38.576404494382025,35.57303370786517
58,2019-08-24 13:51:33,2019-08-24 15:27:23,21.2,68.4,132.62385681497176,41.2875,39.55694444444445
59,2019-08-24 22:03:59,2019-08-25 00:04:59,16.8,78.0,131.8082788671024,42.04955947136564,40.22246696035242
60,2019-08-25 02:13:36,2019-08-25 03:05:54,59.2,98.8,134.27062302890013,43.56743002544529,40.88549618320611
61,2019-08-25 19:45:11,2019-08-25 22:39:58,0.8,99.6,133.83443429206025,36.28680396643784,32.99389778794813
62,2019-08-26 05:06:47,2019-08-26 07:07:38,8.400001,99.6,133.61838128662947,36.6442731277533,33.286343612334804
63,2019-08-27 01:13:32,2019-08-27 02:52:08,32.8,99.6,135.12958846889558,34.86351351351351,33.15
64,2019-08-27 13:08:39,2019-08-27 14:33:38,22.8,97.6,132.60236128750745,40.0987460815047,38.023510971786834
65,2019-08-28 01:51:43,2019-08-28 03:43:15,18.4,99.6,134.66612758791737,40.46117084826762,37.857825567502985
66,2019-08-28 11:49:41,2019-08-28 13:00:19,56.8,99.6,136.8812397196262,39.68421052631579,38.43796992481203
67,2019-08-29 03:17:23,2019-08-29 04:07:17,40.4,65.2,132.24325264650537,36.59681697612732,34.721485411140584
68,2019-08-29 04:10:27,2019-08-29 05:26:27,64.4,98.8,134.57008016149874,37.12434325744308,35.576182136602455
69,2019-08-29 13:37:29,2019-08-29 14:26:23,47.2,71.6,133.65967694102918,38.29810298102981,36.83468834688347
70,2019-08-29 23:03:11,2019-08-30 00:55:55,14.8,99.6,133.27280784198115,39.486997635933804,37.55910165484634
71,2019-08-30 10:58:48,2019-08-30 13:01:17,6.4,99.6,134.70101350888177,39.50707290533188,36.822633297062026
72,2019-08-31 00:48:14,2019-08-31 01:56:49,32.0,93.2,131.9903426357117,38.13398058252427,35.75339805825243
73,2019-08-31 14:53:13,2019-08-31 17:03:26,28.0,98.8,131.51897913449466,36.561924257932446,34.509723643807575
74,2019-09-01 04:58:11,2019-09-01 07:31:21,14.8,91.6,132.18638199797454,34.22280243690165,32.161879895561356
75,2019-09-01 14:58:22,2019-09-01 16:47:54,40.8,98.8,134.77388220306517,39.76520681265207,37.86374695863747
76,2019-09-01 23:29:50,2019-09-01 23:53:51,61.2,74.8,132.5406748570262,34.0,31.0
77,2019-09-01 23:59:51,2019-09-02 00:51:37,78.0,99.6,138.39251601080247,34.0,31.0
78,2019-09-02 20:42:22,2019-09-02 22:38:26,35.6,99.6,135.11504188802087,32.88978185993111,30.94374282433984
79,2019-09-03 14:31:04,2019-09-03 17:08:55,16.4,99.6,132.41449496193914,37.153586497890295,35.557805907173
80,2019-09-04 02:54:33,2019-09-04 05:17:26,26.8,99.6,134.84149894688645,35.30876865671642,32.29570895522388
81,2019-09-04 22:47:52,2019-09-05 01:05:34,19.6,88.8,132.15976143545282,35.298160696999034,33.85866408518877
82,2019-09-05 09:55:08,2019-09-05 10:52:30,66.4,99.6,137.00425255605765,34.78422273781903,32.97679814385151
83,2019-09-05 22:37:08,2019-09-06 00:44:31,35.2,99.6,135.33075675897172,36.81922675026123,34.84952978056426
84,2019-09-06 13:18:26,2019-09-06 15:05:02,17.6,78.4,131.49835542763157,39.01375,37.46125
85,2019-09-06 21:07:19,2019-09-06 22:57:48,45.2,99.6,137.28613505412582,40.55006031363088,38.708082026537994
86,2019-09-07 03:44:34,2019-09-07 05:37:19,43.6,99.6,136.01149187003972,40.540189125295505,36.945626477541374
87,2019-09-07 17:27:25,2019-09-07 20:27:32,4.0,99.6,133.5067705834496,44.97631384159882,43.21243523316062
88,2019-09-08 04:51:23,2019-09-08 06:31:59,20.8,99.2,133.5948835848923,43.512582781456956,40.554966887417216
89,2019-09-08 17:45:46,2019-09-08 19:37:51,15.6,99.6,134.1235889351852,43.13912009512485,41.170035671819264
90,2019-09-09 13:19:59,2019-09-09 15:50:05,17.6,99.6,133.24249061653117,38.46358792184725,36.43694493783304
91,2019-09-10 02:45:20,2019-09-10 04:43:00,40.4,99.6,134.56499275525525,37.10985277463194,34.85617214043035
92,2019-09-10 18:37:12,2019-09-10 19:28:27,51.2,76.0,133.9824926747312,39.0,37.0
93,2019-09-11 09:28:20,2019-09-11 10:47:43,41.2,86.4,132.29452300270407,34.45637583892618,33.397651006711406
94,2019-09-12 07:59:46,2019-09-12 09:35:58,54.0,99.6,137.73565916179342,33.61080332409972,32.566481994459835
95,2019-09-13 00:46:23,2019-09-13 02:08:10,10.8,82.8,132.5202161419753,41.66612377850163,39.513029315960914
96,2019-09-13 14:34:54,2019-09-13 15:47:07,28.0,69.6,130.7153067374466,40.20626151012891,38.348066298342545
97,2019-09-13 22:40:30,2019-09-14 00:51:51,18.8,83.6,131.8168357038752,40.213562753036435,38.14473684210526
98,2019-09-14 10:39:21,2019-09-14 12:34:29,44.8,98.8,134.1112911197531,36.548611111111114,34.760416666666664
99,2019-09-14 18:09:09,2019-09-14 18:27:50,60.4,70.4,140.14194613888878,35.0,33.0
100,2019-09-15 00:58:29,2019-09-15 02:40:09,24.4,99.6,134.33849406767143,38.99344692005243,36.9305373525557
101,2019-09-15 15:14:19,2019-09-15 17:00:39,7.6,96.8,132.61615486266817,40.36215538847118,38.462406015037594
102,2019-09-16 10:26:44,2019-09-16 12:16:09,25.2,80.8,131.37866538269384,34.12014563106796,32.154126213592235
103,2019-09-17 12:36:53,2019-09-17 13:38:20,39.2,74.4,131.66282735164143,33.33982683982684,31.948051948051948
104,2019-09-17 13:45:52,2019-09-17 14:08:11,74.0,86.8,131.348987999132,34.946745562130175,33.18934911242604
105,2019-09-17 19:57:06,2019-09-17 21:31:14,42.8,95.6,134.30747931397312,35.99293785310734,33.71045197740113
106,2019-09-18 10:58:01,2019-09-18 12:26:53,39.2,99.6,132.39424885485656,35.08221225710015,34.07473841554559
107,2019-09-19 01:54:43,2019-09-19 03:52:40,9.6,99.6,132.95023208179012,39.938983050847455,37.117514124293784
108,2019-09-20 00:53:09,2019-09-20 05:28:32,6.8,97.6,131.92207086086637,37.538983050847456,35.73365617433414
109,2019-09-20 19:18:45,2019-09-20 20:36:24,30.8,75.2,131.75034214214213,37.282534246575345,35.667808219178085
110,2019-09-21 17:44:11,2019-09-21 19:52:48,5.6,78.4,132.75380691773503,38.77305699481865,37.08186528497409
111,2019-09-22 03:28:24,2019-09-22 04:56:22,34.8,78.8,132.1484585858586,35.41906202723147,33.170953101361576
112,2019-09-22 11:39:58,2019-09-22 13:41:47,46.0,99.6,136.18496071724712,34.32932166301969,32.608315098468275
113,2019-09-23 01:59:32,2019-09-23 04:09:44,15.2,99.6,132.99582987592154,37.17280163599182,34.94989775051125
114,2019-09-23 23:19:24,2019-09-23 23:45:57,13.6,28.8,131.59286580774852,33.31,32.0
115,2019-09-23 23:47:55,2019-09-24 01:48:43,28.8,97.2,132.4001269005848,36.17861080485116,34.436604189636164
116,2019-09-24 14:33:57,2019-09-24 16:32:26,34.8,74.0,131.48027996740365,37.57705286839145,35.701912260967376
117,2019-09-24 22:54:16,2019-09-25 01:34:14,27.2,80.0,131.29611739741162,36.35166666666667,34.343333333333334
118,2019-09-25 07:17:39,2019-09-25 11:05:41,27.6,99.6,134.68182780864194,33.75497076023392,31.601169590643273
119,2019-09-25 19:59:35,2019-09-25 21:46:52,27.6,99.2,133.04377103119185,39.31925465838509,37.48944099378882
120,2019-09-26 02:58:55,2019-09-26 04:01:37,62.4,99.6,138.38071039426526,38.42250530785562,35.37154989384289
121,2019-09-26 23:16:42,2019-09-27 01:42:23,17.2,99.6,134.299879591424,36.84263494967978,34.76669716376944
122,2019-09-27 16:35:23,2019-09-27 18:27:28,35.6,99.6,133.49015340711813,36.243757431629014,34.536266349583826
123,2019-09-28 01:07:06,2019-09-28 02:13:08,59.6,99.6,137.24455289930557,35.71370967741935,33.471774193548384
124,2019-09-28 14:37:08,2019-09-28 16:03:32,40.4,96.8,132.97776386918835,37.42372881355932,35.81972265023113
125,2019-09-29 02:21:20,2019-09-29 04:30:09,4.0,99.6,133.61805440056952,39.88107549120993,37.054808686659776
126,2019-09-29 18:36:08,2019-09-29 20:07:00,37.2,99.6,134.90554395032052,40.22727272727273,37.90909090909091
127,2019-09-30 04:41:13,2019-09-30 06:03:33,47.6,99.6,136.20106272970088,37.140776699029125,34.55825242718446
128,2019-09-30 20:29:34,2019-09-30 22:54:27,22.4,70.8,130.20924410583106,37.57129714811408,35.48666053357866
129,2019-10-02 13:27:34,2019-10-02 14:56:21,29.2,94.8,132.24598424161587,37.919402985074626,36.267164179104476
130,2019-10-03 02:23:00,2019-10-03 04:42:11,7.6,99.6,132.04170582427534,39.0,37.00287081339713
131,2019-10-03 18:58:19,2019-10-03 21:20:59,2.4,99.6,132.22034464591908,42.486486486486484,40.299161230195715
132,2019-10-04 11:46:55,2019-10-04 13:22:35,31.2,99.6,134.531733780052,37.788300835654596,36.10306406685237
133,2019-10-05 01:17:54,2019-10-05 03:21:26,24.0,92.0,131.55410125408497,38.702265372168284,36.25026968716289
134,2019-10-05 08:13:03,2019-10-05 10:24:12,32.8,99.6,134.31224163755823,37.24390243902439,34.483739837398375
135,2019-10-05 17:02:21,2019-10-05 17:55:36,58.8,88.8,133.68007651388888,39.975,38.0
136,2019-10-06 02:45:14,2019-10-06 05:23:12,6.8,86.4,132.30946517308766,37.61434599156118,35.037130801687766
137,2019-10-06 18:44:24,2019-10-06 21:09:34,2.0,96.4,133.25934982786015,38.94214876033058,37.13406795224977
138,2019-10-07 03:10:08,2019-10-07 04:21:23,45.2,80.4,133.29422499368687,38.0,34.05233644859813
139,2019-10-07 11:09:17,2019-10-07 12:27:36,54.0,97.6,133.27331612512745,33.784013605442176,32.113945578231295
140,2019-10-07 21:04:01,2019-10-07 22:31:16,41.2,99.6,135.4438962851979,34.63969465648855,32.3587786259542
141,2019-10-08 15:52:51,2019-10-08 16:13:56,4.8,16.4,136.22199743773947,37.0,35.0
142,2019-10-08 16:17:16,2019-10-08 17:27:59,16.0,56.4,131.29166773927395,37.909604519774014,36.37099811676083
143,2019-10-08 17:29:27,2019-10-08 17:50:30,56.0,67.6,136.12883438697324,39.0,38.0
144,2019-10-08 17:52:06,2019-10-08 18:15:19,68.0,80.8,136.20726807725697,39.36,38.0
145,2019-10-08 22:57:35,2019-10-08 23:38:57,50.4,88.4,133.14341365131577,38.81672025723473,36.234726688102896
146,2019-10-09 18:19:26,2019-10-09 20:05:06,20.0,99.6,131.69280661641545,37.206809583858764,35.442622950819676
147,2019-10-10 04:19:01,2019-10-10 05:22:18,50.8,96.0,134.40521670661255,34.73739495798319,32.44957983193277
148,2019-10-10 17:22:12,2019-10-10 18:38:15,28.8,96.0,131.827123869461,39.0385288966725,37.31873905429072
149,2019-10-11 03:24:12,2019-10-11 05:37:41,16.8,93.2,131.6178301810646,36.703592814371255,34.05888223552894
150,2019-10-11 15:52:02,2019-10-11 17:11:25,13.6,58.8,130.7648399889381,39.78020134228188,38.31208053691275
151,2019-10-11 18:41:18,2019-10-11 19:56:09,51.2,99.6,137.10458577823695,41.5355871886121,39.69928825622776
152,2019-10-12 03:04:08,2019-10-12 04:12:34,46.8,98.8,132.57609313568375,39.28543689320389,36.50291262135922
153,2019-10-12 16:47:43,2019-10-12 18:43:03,15.6,99.6,133.76467243882277,41.15340253748558,39.04498269896194
154,2019-10-13 04:24:14,2019-10-13 05:14:00,42.4,67.6,131.98834861111112,34.716577540106954,31.22192513368984
155,2019-10-13 08:00:11,2019-10-13 09:40:55,44.8,95.6,133.16689474518816,33.638888888888886,30.52777777777778
156,2019-10-13 15:35:16,2019-10-13 16:15:42,50.4,87.6,133.6679405092593,36.2171052631579,34.3453947368421
157,2019-10-13 22:34:19,2019-10-14 00:05:18,27.6,99.2,130.67392112818126,39.850658857979504,36.903367496339676
158,2019-10-14 07:07:32,2019-10-14 08:50:56,50.8,98.8,133.8380872303241,34.03865979381443,31.536082474226806
159,2019-10-14 18:03:19,2019-10-14 19:48:22,26.8,99.6,133.30118799603176,38.88593155893536,36.93789607097592
160,2019-10-15 11:37:18,2019-10-15 13:24:26,23.6,84.4,131.01044603435673,35.833333333333336,34.007462686567166
161,2019-10-15 18:36:12,2019-10-15 19:31:30,52.4,70.4,133.12962962962956,35.76923076923077,33.62019230769231
162,2019-10-16 00:56:47,2019-10-16 01:17:01,33.2,44.8,131.06946949233722,32.05806451612903,29.883870967741935
163,2019-10-16 01:18:27,2019-10-16 02:23:42,44.4,81.2,133.23979778457124,33.775510204081634,31.746938775510205
164,2019-10-16 07:03:31,2019-10-16 08:17:58,52.8,99.6,135.89144374406456,31.246869409660107,28.658318425760285
165,2019-10-16 23:42:59,2019-10-17 00:57:14,30.4,68.4,130.4182172587719,32.17383512544803,30.693548387096776
166,2019-10-17 04:47:37,2019-10-17 06:08:48,48.0,99.6,135.88028667904825,33.22549019607843,31.166666666666668
167,2019-10-17 12:52:35,2019-10-17 14:15:10,43.6,99.6,134.99264415426592,36.61290322580645,35.14193548387097
168,2019-10-18 02:34:55,2019-10-18 03:59:30,10.8,86.0,131.07113257239953,35.880314960629924,33.351181102362204
169,2019-10-18 14:35:39,2019-10-18 17:11:05,6.8,94.8,132.51013642992422,36.2418524871355,34.915951972555746
170,2019-10-19 05:15:26,2019-10-19 06:52:50,12.0,94.8,131.6457660292539,35.85362517099863,33.515731874145004
171,2019-10-19 20:12:53,2019-10-19 23:00:05,10.8,94.8,131.90962312698412,35.88535031847134,34.02468152866242
172,2019-10-20 18:12:15,2019-10-20 19:56:59,42.8,94.8,133.24761718376067,34.32824427480916,32.840966921119595
173,2019-10-21 17:07:38,2019-10-21 18:45:27,20.8,76.4,131.9039775179856,34.849184782608695,33.00679347826087
174,2019-10-22 01:33:42,2019-10-22 02:59:24,30.8,79.6,131.5998864241803,32.66925465838509,30.428571428571427
175,2019-10-22 04:56:58,2019-10-22 05:38:28,66.4,97.6,134.13115520833338,33.51602564102564,31.096153846153847
176,2019-10-24 14:16:37,2019-10-24 15:11:00,53.2,92.8,132.6866694128788,30.202439024390245,28.84390243902439
177,2019-10-25 06:22:16,2019-10-25 08:47:51,11.6,94.8,131.50852610510148,31.480329368709974,30.05946935041171
178,2019-10-26 00:31:40,2019-10-26 01:37:43,23.2,86.0,130.1474678985315,36.07258064516129,34.40524193548387
179,2019-10-26 05:14:22,2019-10-26 06:05:20,52.8,94.8,131.26941325727512,37.89295039164491,34.62924281984334
180,2019-10-26 11:59:14,2019-10-26 13:13:17,42.0,88.8,130.5404205840456,35.564748201438846,33.169064748201436
181,2019-10-26 19:29:05,2019-10-26 20:06:09,47.2,68.4,131.44945262054506,34.34163701067616,31.76156583629893
182,2019-10-27 02:24:46,2019-10-27 03:42:26,14.4,88.0,129.59079446142817,34.1663807890223,31.67924528301887
183,2019-10-27 07:06:32,2019-10-27 08:23:07,56.0,94.8,130.60047685423825,34.0,30.819130434782608
184,2019-10-28 03:20:10,2019-10-28 04:35:25,13.2,81.2,129.04096578022876,32.78938053097345,31.14867256637168
185,2019-10-28 13:04:46,2019-10-28 14:29:15,27.6,71.2,128.3104890513507,31.562204724409447,29.35433070866142
186,2019-10-28 14:30:19,2019-10-28 14:56:48,70.8,84.0,130.94496335227268,33.0,31.0
187,2019-10-28 21:51:19,2019-10-28 23:06:42,36.8,97.6,129.61137497030336,31.22791519434629,28.713780918727917
188,2019-10-29 13:11:50,2019-10-29 13:44:39,23.2,34.0,132.10318850308641,29.05263157894737,27.267206477732792
189,2019-10-29 14:25:37,2019-10-29 14:48:36,33.2,40.8,131.55341312134516,30.0,28.448275862068964
190,2019-10-29 17:08:41,2019-10-29 18:09:42,40.0,61.2,125.16003224580712,29.56304347826087,28.58478260869565
191,2019-10-29 18:52:48,2019-10-29 20:23:32,61.2,94.8,117.41803442460319,30.0,29.0
192,2019-10-30 03:33:53,2019-10-30 04:57:01,44.0,86.0,130.65811898809525,28.939102564102566,27.056089743589745
193,2019-10-30 15:58:16,2019-10-30 17:58:21,31.6,93.2,129.3300857864358,30.725860155382907,29.34406215316315
194,2019-10-31 01:01:29,2019-10-31 02:58:30,14.8,82.8,129.0167485130719,32.00227790432802,29.72892938496583
195,2019-10-31 10:29:08,2019-10-31 12:27:21,26.0,94.8,129.13241721979972,31.904171364148816,29.922209695603158
196,2019-10-31 22:51:02,2019-11-01 00:39:30,24.8,81.6,127.91080549687013,32.995085995085994,31.035626535626534
197,2019-11-01 12:34:11,2019-11-01 13:43:58,41.6,97.6,130.11906283482148,32.91809523809524,31.066666666666666
198,2019-11-02 00:17:19,2019-11-02 01:25:29,26.4,88.0,129.39884478264793,35.212890625,33.3515625
199,2019-11-02 05:19:29,2019-11-02 06:09:47,56.4,97.6,131.5134147990831,35.542328042328045,32.42857142857143
200,2019-11-02 15:28:21,2019-11-02 18:01:49,2.0,97.6,130.12973058461185,38.09288194444444,36.35243055555556
201,2019-11-03 04:11:50,2019-11-03 06:02:18,8.8,92.4,130.3984796933147,37.437876960193,34.440289505428225
202,2019-11-03 14:29:18,2019-11-03 14:54:39,39.6,59.2,129.08220413832197,35.8586387434555,34.49738219895288
203,2019-11-03 15:22:00,2019-11-03 15:42:17,59.6,75.2,129.40536474358976,37.0,35.77124183006536
204,2019-11-03 22:18:10,2019-11-03 23:41:49,25.2,89.6,129.5432484644583,36.03343949044586,33.796178343949045
205,2019-11-04 15:44:19,2019-11-04 16:50:22,16.8,68.0,128.76671599392358,34.14314516129032,32.79838709677419
206,2019-11-05 07:08:26,2019-11-05 07:59:40,58.0,97.6,131.64067605920317,28.927272727272726,27.350649350649352
207,2019-11-05 20:56:10,2019-11-05 22:32:22,42.4,97.6,130.2753627415459,32.29224376731302,30.59556786703601
208,2019-11-06 03:12:05,2019-11-06 04:40:41,10.8,92.4,129.44271342081976,34.63759398496241,31.49624060150376
209,2019-11-06 15:57:16,2019-11-06 17:18:07,16.0,88.4,129.3949040918508,34.35420098846787,32.65403624382208
210,2019-11-07 00:57:38,2019-11-07 02:06:29,26.8,88.8,128.71840773521507,34.58413926499033,32.030947775628626
211,2019-11-08 02:41:05,2019-11-08 03:48:03,28.0,88.8,126.67574013386333,30.59840954274354,29.38568588469185
212,2019-11-08 13:39:57,2019-11-08 14:39:19,46.8,96.4,128.36170323980733,32.09417040358744,30.742152466367713
213,2019-11-08 23:47:08,2019-11-09 00:38:22,34.4,81.6,126.67496777895484,32.79220779220779,30.48831168831169
214,2019-11-09 04:33:04,2019-11-09 04:58:41,52.4,65.2,130.2367437630208,30.497409326424872,27.0
215,2019-11-09 07:32:07,2019-11-09 08:43:38,60.8,97.6,128.91295659722226,28.452513966480446,26.08752327746741
216,2019-11-09 15:37:34,2019-11-09 15:54:39,62.0,78.4,128.17675175304876,31.74418604651163,29.88372093023256
217,2019-11-09 22:25:14,2019-11-09 23:38:45,24.4,92.8,127.62058020630278,33.63949275362319,31.306159420289855
218,2019-11-10 07:41:27,2019-11-10 09:42:22,38.4,99.6,132.12981780137986,30.08590308370044,27.63546255506608
219,2019-11-11 03:20:32,2019-11-11 04:38:35,44.0,96.8,128.11510970117848,30.129692832764505,28.102389078498295
220,2019-11-11 18:37:04,2019-11-11 19:20:41,34.0,60.0,126.09735701923077,29.682926829268293,28.58231707317073
221,2019-11-11 23:59:26,2019-11-12 01:46:06,18.4,80.8,126.77530949519229,32.40823970037453,30.463171036204745
222,2019-11-12 12:50:04,2019-11-12 14:57:29,14.4,81.2,127.16704138805721,32.88726513569937,31.534446764091857
223,2019-11-12 17:38:18,2019-11-12 17:58:43,67.2,83.2,127.16789394097223,34.73376623376623,32.91558441558441
224,2019-11-13 03:16:06,2019-11-13 05:57:24,12.8,97.6,127.46282201913,32.69090909090909,30.726446280991734
225,2019-11-13 16:24:53,2019-11-13 18:24:34,20.0,97.6,127.14005969716496,34.24832962138085,32.60022271714922
226,2019-11-14 03:19:06,2019-11-14 04:49:18,24.4,98.8,127.96109883325866,36.28655834564254,32.84047267355982
227,2019-11-14 14:36:15,2019-11-14 15:51:55,45.2,94.0,128.81531500455375,32.014084507042256,30.598591549295776
228,2019-11-15 10:57:38,2019-11-15 12:32:38,38.4,88.0,127.37228024193547,27.389901823281907,26.213183730715286
229,2019-11-15 19:40:40,2019-11-15 21:39:01,35.6,97.6,127.57749597222224,31.88963963963964,30.1722972972973
230,2019-11-16 11:08:03,2019-11-16 12:45:35,36.0,97.6,127.71156152597408,29.226775956284154,27.915300546448087
231,2019-11-16 18:35:33,2019-11-16 19:39:43,57.2,97.6,128.78677718990653,32.63900414937759,30.887966804979254
232,2019-11-17 04:53:08,2019-11-17 06:26:47,18.4,97.6,127.37736954790968,31.940256045519202,29.71977240398293
233,2019-11-17 18:36:39,2019-11-17 20:29:47,26.0,85.6,125.64953750689784,33.08951707891637,31.692579505300355
234,2019-11-18 04:36:20,2019-11-18 05:59:12,27.2,97.6,128.4205664417614,33.358520900321544,31.115755627009648
235,2019-11-18 16:44:21,2019-11-18 18:16:25,28.0,77.2,125.37559579945798,32.00868306801737,30.483357452966715
236,2019-11-19 02:13:06,2019-11-19 04:35:04,14.4,97.6,127.97231747462607,27.23755868544601,24.589671361502347
237,2019-11-19 15:39:54,2019-11-19 17:02:53,28.8,98.0,126.53256327472704,30.052969502407706,28.65971107544141
238,2019-11-20 02:08:11,2019-11-20 03:29:50,28.0,97.6,127.89698923012456,30.10114192495922,27.424143556280587
239,2019-11-20 14:10:32,2019-11-20 15:25:23,32.0,97.6,127.55214554327577,30.660142348754448,29.366548042704625
240,2019-11-20 19:34:56,2019-11-20 20:05:06,75.2,97.6,130.2342677455358,31.801762114537446,29.63876651982379
241,2019-11-21 03:00:51,2019-11-21 04:00:53,45.6,96.4,128.1326759541776,29.80931263858093,27.07982261640798
242,2019-11-21 17:45:47,2019-11-21 19:03:40,18.8,59.6,126.1189490543301,30.741880341880343,29.22905982905983
243,2019-11-21 19:07:25,2019-11-21 19:58:15,60.0,86.0,129.821614642094,33.0,31.848167539267017
244,2019-11-22 02:10:00,2019-11-22 03:05:14,40.4,90.4,127.20768489999999,31.072289156626507,28.366265060240963
245,2019-11-22 14:06:09,2019-11-22 15:11:55,17.2,60.4,126.50447577932098,32.68623481781376,31.143724696356276
246,2019-11-22 18:03:06,2019-11-22 19:12:37,40.4,85.6,128.20879855887418,35.440613026819925,33.54980842911878
247,2019-11-23 00:49:23,2019-11-23 01:52:46,47.6,88.4,129.57707897603484,32.90966386554622,29.798319327731093
248,2019-11-23 06:36:49,2019-11-23 06:55:14,47.6,59.6,128.02130425925927,30.02158273381295,26.62589928057554
249,2019-11-23 06:56:58,2019-11-23 07:59:24,59.6,97.6,128.41459658859654,31.37313432835821,28.422174840085287
250,2019-11-23 19:08:51,2019-11-23 20:52:39,30.0,97.6,127.836611965812,34.02310654685494,32.22593068035943
251,2019-11-24 04:11:21,2019-11-24 05:45:17,11.6,97.2,126.86642529854622,36.59432624113475,32.858156028368796
252,2019-11-24 13:43:12,2019-11-24 14:45:39,60.0,94.0,129.44961109477123,33.0,31.181236673773988
253,2019-11-25 00:29:51,2019-11-25 01:34:09,24.8,84.4,127.23397270460477,33.60248447204969,31.25879917184265
254,2019-11-25 08:24:59,2019-11-25 10:06:39,37.6,97.6,127.0857409814815,32.76408912188729,29.8086500655308
255,2019-11-25 16:53:23,2019-11-25 17:46:34,46.0,77.2,127.763,34.3025,32.6825
256,2019-11-26 23:58:27,2019-11-27 01:14:46,35.6,80.4,128.29343121899802,26.7521815008726,25.6282722513089
257,2019-11-27 14:42:37,2019-11-27 16:11:13,3.2,82.8,129.16466119486324,33.65563909774436,32.24812030075188
258,2019-11-27 23:43:44,2019-11-28 00:41:54,27.2,83.2,127.3189811532738,32.16933638443936,29.405034324942793
259,2019-11-28 05:49:20,2019-11-28 06:53:23,57.2,97.6,128.81953009832233,29.345114345114347,26.08731808731809
260,2019-11-28 18:12:25,2019-11-28 19:39:24,22.4,97.6,126.00648937647756,28.362940275650843,26.93874425727412
261,2019-11-29 17:07:17,2019-11-29 18:33:21,19.2,70.4,126.39002912326387,25.275541795665635,23.671826625387
262,2019-11-29 18:47:21,2019-11-29 19:06:26,70.0,81.2,128.18058405257938,27.0,25.944444444444443
263,2019-11-29 23:21:29,2019-11-30 00:17:23,52.4,97.6,129.06192268620944,27.526190476190475,25.37857142857143
264,2019-11-30 15:30:56,2019-11-30 17:07:24,15.2,97.6,127.47665949973035,30.874309392265193,29.167127071823206
265,2019-12-01 00:26:22,2019-12-01 01:03:51,50.4,86.4,129.2336831751543,30.141843971631207,27.47872340425532
266,2019-12-01 06:46:45,2019-12-01 08:05:28,27.6,97.6,128.02527944246032,31.526226734348562,28.512690355329948
267,2019-12-01 12:27:22,2019-12-01 13:17:48,68.4,94.4,127.79677326923075,32.12137203166227,29.96306068601583
268,2019-12-02 02:01:25,2019-12-02 04:17:14,18.4,97.6,127.10911363987094,25.186457311089303,22.98037291462218
269,2019-12-02 12:28:49,2019-12-02 13:47:49,32.4,97.6,127.73430535744718,25.873524451939293,23.84485666104553
270,2019-12-02 17:49:36,2019-12-02 18:32:17,65.2,97.6,129.6574044838821,27.850467289719628,25.588785046728972
271,2019-12-02 23:49:37,2019-12-03 00:45:24,54.0,97.6,129.0487619457187,26.663484486873507,23.856801909307876
272,2019-12-03 08:21:36,2019-12-03 09:54:11,31.6,94.8,126.87500061533055,22.515107913669066,19.83021582733813
273,2019-12-03 14:25:14,2019-12-03 15:11:08,62.4,92.0,128.16254110360362,25.98840579710145,24.48695652173913
274,2019-12-03 21:25:36,2019-12-03 22:27:38,46.4,97.6,127.80752307942709,27.598712446351932,25.085836909871244
275,2019-12-04 04:08:55,2019-12-04 05:42:34,19.2,97.6,126.26899188279481,28.271306818181817,24.957386363636363
276,2019-12-04 14:22:27,2019-12-04 15:34:30,49.2,95.6,128.48671789092438,26.20887245841035,25.00369685767098
277,2019-12-04 19:01:41,2019-12-04 20:15:04,70.8,97.6,128.96323945895523,27.42649727767695,25.646098003629763
278,2019-12-05 02:08:09,2019-12-05 03:22:08,34.4,97.6,127.49987747231013,28.244604316546763,25.406474820143885
279,2019-12-05 10:40:31,2019-12-05 12:16:19,45.2,97.6,128.52353139312982,25.187760778859527,22.92489568845619
280,2019-12-05 20:22:21,2019-12-05 21:48:29,46.4,96.8,128.17454805445328,25.92746913580247,24.112654320987655
281,2019-12-06 19:37:49,2019-12-06 20:58:40,31.2,97.6,127.47425207078315,26.365733113673805,24.960461285008236
282,2019-12-07 05:45:58,2019-12-07 07:19:54,19.2,97.6,126.7037731540533,25.74468085106383,22.77163120567376
283,2019-12-07 16:10:53,2019-12-07 16:54:31,67.6,97.6,129.90714712962966,24.570121951219512,23.454268292682926
284,2019-12-08 04:24:55,2019-12-08 05:40:50,14.8,84.8,126.54555733333335,24.850877192982455,22.357894736842105
285,2019-12-08 11:17:12,2019-12-08 12:28:18,44.0,97.6,128.19848533374795,25.026217228464418,22.709737827715355
286,2019-12-08 20:53:59,2019-12-08 22:01:22,40.8,97.6,127.99030131797731,26.600790513833992,24.100790513833992
287,2019-12-09 13:17:45,2019-12-09 14:58:13,10.8,65.2,123.54917806372548,23.637931034482758,22.02785145888594
288,2019-12-09 17:07:12,2019-12-09 18:02:25,52.4,97.6,128.42051913409537,27.954326923076923,26.314903846153847
289,2019-12-10 03:56:45,2019-12-10 05:01:03,47.6,97.6,128.72131905277783,26.03105590062112,23.215320910973084
290,2019-12-10 13:44:57,2019-12-10 16:03:27,6.0,95.2,128.56014131633032,29.412897016361885,28.243503368623678
291,2019-12-11 00:33:37,2019-12-11 01:50:04,34.8,97.6,127.49948983987971,28.44425087108014,25.545296167247386
292,2019-12-11 15:20:45,2019-12-11 16:34:08,36.4,97.6,128.0118052923021,30.352087114337568,28.64246823956443
293,2019-12-11 23:54:26,2019-12-12 00:32:27,68.4,97.6,127.98134477739731,26.923076923076923,24.234265734265733
294,2019-12-12 04:29:47,2019-12-12 04:49:24,62.4,80.4,127.32980050925921,26.58108108108108,23.445945945945947
295,2019-12-12 04:52:24,2019-12-12 05:20:33,80.4,97.6,127.31252941698979,27.0,24.735849056603772
296,2019-12-12 08:11:13,2019-12-12 09:37:09,69.2,97.6,129.38888626760567,25.0,22.358139534883723
297,2019-12-12 17:54:57,2019-12-12 18:48:27,54.4,97.6,128.91551706532925,29.427860696517413,27.676616915422887
298,2019-12-13 06:40:58,2019-12-13 08:55:44,26.8,97.6,126.5827524403641,26.526211671612266,24.54005934718101
299,2019-12-13 19:17:24,2019-12-13 21:22:04,16.4,90.4,126.37346317192193,30.996798292422625,29.429028815368195
300,2019-12-14 04:01:36,2019-12-14 05:16:19,35.2,97.6,127.90298376290956,29.92156862745098,26.919786096256683
301,2019-12-14 15:13:37,2019-12-14 16:38:23,33.6,84.0,126.70218859126987,30.67601246105919,29.252336448598133
302,2019-12-15 00:11:28,2019-12-15 01:15:39,42.4,97.6,128.72108302133657,29.226141078838175,26.483402489626556
303,2019-12-15 06:02:54,2019-12-15 06:22:39,73.6,85.2,126.56492444923364,26.0,23.25503355704698
304,2019-12-15 18:11:42,2019-12-15 19:17:12,8.0,27.6,125.3188775510204,27.296747967479675,25.98170731707317
305,2019-12-15 19:59:13,2019-12-15 23:56:35,27.2,97.6,126.43821022727275,30.418539325842698,27.813483146067416
306,2019-12-16 12:41:34,2019-12-16 14:20:34,33.2,97.6,127.24899629054525,30.772543741588155,29.43741588156124
307,2019-12-16 22:39:15,2019-12-17 00:54:08,16.8,87.2,127.29175851215277,33.42786561264822,31.17094861660079
308,2019-12-17 13:31:30,2019-12-17 14:53:26,24.4,97.6,127.67716132741351,32.16422764227642,30.96260162601626
309,2019-12-17 22:32:40,2019-12-17 23:59:47,41.6,97.6,127.6354617857143,33.17737003058104,30.779816513761467
310,2019-12-18 03:33:00,2019-12-18 04:38:15,46.4,80.0,128.32407414021165,32.00204081632653,29.026530612244898
311,2019-12-18 17:30:58,2019-12-18 19:12:47,8.8,97.2,127.36535768445198,34.75130890052356,32.81544502617801
312,2019-12-19 01:07:56,2019-12-19 01:40:37,48.4,78.4,127.32677637962964,35.235772357723576,31.922764227642276
313,2019-12-19 07:21:21,2019-12-19 08:51:57,20.0,97.6,128.4421729524628,33.28823529411765,29.99705882352941
314,2019-12-20 04:27:08,2019-12-20 06:12:56,8.400001,97.6,128.0788675560038,25.996221662468514,24.061712846347607
315,2019-12-20 16:53:29,2019-12-20 18:40:53,30.8,94.8,126.14308352430557,25.90818858560794,24.63895781637717
316,2019-12-21 01:44:55,2019-12-21 02:51:06,38.8,78.0,126.91595078656461,24.83903420523139,22.030181086519114
317,2019-12-21 08:06:44,2019-12-21 10:07:05,13.6,96.4,126.18604808440685,26.108527131782946,23.79623477297896
318,2019-12-21 15:49:03,2019-12-21 16:15:44,69.6,87.2,126.51492582859842,27.074626865671643,25.213930348258707
319,2019-12-21 23:54:03,2019-12-22 01:46:39,18.0,84.8,125.86399407850968,29.026035502958578,26.72662721893491
320,2019-12-22 08:08:49,2019-12-22 09:29:24,25.6,97.6,127.59904511959878,30.051239669421488,27.04793388429752
321,2019-12-22 19:55:00,2019-12-22 21:35:12,36.0,88.8,126.52380663141838,27.976063829787233,25.988031914893618
322,2019-12-23 02:43:45,2019-12-23 03:52:52,41.2,97.6,128.29515143321515,27.709055876685934,24.847784200385355
323,2019-12-23 09:02:59,2019-12-23 09:44:29,66.8,94.8,128.67794910218254,26.28846153846154,23.69871794871795
324,2019-12-23 23:02:23,2019-12-24 00:27:06,28.4,84.4,126.10112431795635,28.67924528301887,27.111635220125788
325,2019-12-24 15:31:56,2019-12-24 16:45:35,26.8,75.6,125.67500123235426,27.540687160940326,26.32007233273056
326,2019-12-25 00:02:04,2019-12-25 01:37:18,16.4,97.6,127.58784083880681,29.660614525139664,27.04189944134078
327,2019-12-25 13:31:02,2019-12-25 14:56:18,24.8,97.6,127.83088912736571,31.709375,29.7875
328,2019-12-26 02:07:01,2019-12-26 03:24:48,12.8,85.2,126.00057498465318,31.02054794520548,28.77054794520548
329,2019-12-26 15:50:31,2019-12-26 17:30:51,13.2,97.6,127.12010242232756,30.778220451527226,29.08764940239044
330,2019-12-27 04:08:03,2019-12-27 05:37:03,26.4,97.6,126.8378005149813,24.52994011976048,22.233532934131738
331,2019-12-27 08:09:22,2019-12-27 08:38:19,81.2,97.6,127.28234591802176,24.973568281938327,21.944933920704845
332,2019-12-27 14:38:02,2019-12-27 15:31:00,56.0,97.6,128.59456499065175,25.969849246231156,24.21105527638191
333,2019-12-28 04:18:28,2019-12-28 05:59:28,12.0,97.6,128.07879094950678,26.387862796833772,24.278364116094988
334,2019-12-28 23:44:40,2019-12-29 01:19:10,15.6,97.2,127.08111944444444,28.573033707865168,26.5688202247191
335,2019-12-29 12:15:54,2019-12-29 13:24:05,40.0,97.6,127.89606267119986,27.4375,25.9296875
336,2019-12-30 02:04:02,2019-12-30 04:11:27,17.2,93.2,125.74203235380116,29.635983263598327,27.985355648535563
337,2019-12-30 07:26:55,2019-12-30 08:46:50,52.0,97.6,129.61642056895712,31.158333333333335,28.173333333333332
338,2019-12-30 20:24:46,2019-12-30 22:24:19,27.6,97.6,127.38629020238096,31.57349665924276,30.08240534521158
339,2019-12-31 07:55:26,2019-12-31 08:44:16,58.4,97.6,129.36112889030616,28.841961852861036,26.771117166212534
340,2020-01-01 00:02:43,2020-01-01 01:51:48,2.8,97.2,128.34695275717985,31.122721749696233,29.01701093560146
341,2020-01-01 15:24:28,2020-01-01 17:08:01,10.0,97.6,127.10900560946222,29.864864864864863,28.276705276705275
342,2020-01-02 01:05:55,2020-01-02 02:07:41,47.6,97.6,128.01031278333338,28.07112068965517,25.107758620689655
343,2020-01-02 17:41:48,2020-01-02 19:15:43,19.6,97.6,126.27630315705127,28.631205673758867,27.06382978723404
344,2020-01-03 13:23:40,2020-01-03 15:22:17,36.0,97.6,127.67437007124822,26.195505617977528,24.8561797752809
345,2020-01-04 01:19:07,2020-01-04 02:14:21,41.6,90.4,128.49983807490892,28.3855421686747,26.156626506024097
346,2020-01-04 06:49:22,2020-01-04 07:44:45,42.0,75.2,125.66769848560908,28.641826923076923,25.728365384615383
347,2020-01-04 10:06:10,2020-01-04 11:12:45,58.0,96.8,128.86350225515466,28.642,26.14
348,2020-01-05 09:20:04,2020-01-05 11:25:24,20.8,95.2,126.62891099163677,27.23060573857598,25.73219978746015
349,2020-01-05 23:12:16,2020-01-06 03:18:34,14.0,97.6,127.66706547049442,29.67135896047645,27.98538170005414
350,2020-01-06 13:13:18,2020-01-06 14:40:10,24.0,97.6,127.70345632170894,31.937116564417177,30.549079754601227
351,2020-01-06 23:08:51,2020-01-07 00:05:09,34.4,86.0,127.23102740902242,32.356973995271865,29.839243498817968
352,2020-01-07 15:26:09,2020-01-07 16:11:23,45.2,86.4,128.06864073287485,29.923529411764704,28.773529411764706
353,2020-01-08 02:39:58,2020-01-08 03:56:57,30.0,97.6,127.1289224194609,31.22145328719723,29.44809688581315
354,2020-01-08 16:29:35,2020-01-08 17:17:29,60.0,97.6,129.25939495419624,30.383333333333333,28.511111111111113
355,2020-01-09 00:33:12,2020-01-09 01:17:46,40.0,81.2,127.99757227615964,30.955223880597014,28.743283582089553
356,2020-01-09 07:16:02,2020-01-09 09:27:35,29.2,97.6,127.68940877192985,29.772036474164135,27.10739614994934
357,2020-01-10 00:13:14,2020-01-10 01:39:10,25.6,97.6,126.50037752507717,30.069767441860463,28.293023255813953
358,2020-01-10 21:17:20,2020-01-10 23:04:04,27.6,97.6,124.5442066031746,31.649188514357053,29.910112359550563
359,2020-01-11 02:30:11,2020-01-11 03:00:37,67.6,93.2,126.28679371744786,33.73362445414847,30.66812227074236
360,2020-01-11 21:05:22,2020-01-11 23:15:52,27.2,97.6,123.52020238320709,27.375893769152196,25.589376915219614
361,2020-01-12 07:32:41,2020-01-12 09:08:29,18.4,97.6,122.73033348063976,24.112656467315716,21.18219749652295
362,2020-01-12 18:19:10,2020-01-12 18:58:15,51.2,72.0,124.6456274305556,23.69047619047619,22.183673469387756
363,2020-01-12 19:22:58,2020-01-12 20:01:47,70.4,97.6,126.5719084967321,24.818493150684933,23.39041095890411
364,2020-01-13 04:19:34,2020-01-13 05:26:25,44.8,97.6,124.01948069234005,24.798804780876495,22.264940239043824
365,2020-01-13 14:28:37,2020-01-13 15:35:04,44.8,80.4,123.79890694444444,23.442885771543086,22.018036072144287
366,2020-01-13 22:22:01,2020-01-13 23:45:00,24.8,97.6,123.21460083562275,27.587479935794544,25.492776886035312
367,2020-01-14 06:32:58,2020-01-14 08:03:49,37.6,97.6,123.63963291898148,27.368035190615835,24.966275659824046
368,2020-01-15 09:40:26,2020-01-15 11:27:02,3.2,97.6,125.47117993320387,27.9325,26.60125
369,2020-01-15 16:07:06,2020-01-15 17:09:41,42.8,97.6,125.62539896086781,33.259574468085106,31.02127659574468
370,2020-01-16 17:07:02,2020-01-16 18:28:34,25.6,97.6,123.50356517168213,30.08823529411765,28.547385620915033
371,2020-01-17 17:44:20,2020-01-17 19:14:40,15.2,97.6,124.4910705821872,25.37905604719764,24.171091445427727
372,2020-01-18 03:48:34,2020-01-18 05:57:28,15.6,97.6,124.17113521002712,25.166494312306103,22.302998965873837
373,2020-01-18 21:16:52,2020-01-18 22:53:13,10.8,97.2,122.96240327128345,27.300138312586444,25.861687413554634
374,2020-01-19 15:12:48,2020-01-19 16:13:22,26.8,84.0,123.1629526393745,21.575824175824177,20.12967032967033
375,2020-01-20 00:44:31,2020-01-20 01:54:18,29.2,92.4,122.88856335486989,23.37786259541985,21.25763358778626
376,2020-01-20 05:09:08,2020-01-20 05:53:33,66.8,97.6,124.44076354166668,23.91616766467066,21.260479041916167
377,2020-01-20 18:14:13,2020-01-20 19:38:33,24.0,97.6,123.84279383114433,26.09004739336493,24.639810426540283
378,2020-01-21 02:32:02,2020-01-21 03:40:21,39.2,97.6,124.1140216395548,27.68810916179337,24.785575048732944
379,2020-01-21 20:53:48,2020-01-21 22:02:47,35.2,97.6,123.42563190438038,29.611969111969113,27.866795366795365
380,2020-01-22 21:18:00,2020-01-22 22:16:10,18.4,73.6,122.71082197816024,29.691075514874143,28.265446224256294
381,2020-01-22 22:28:59,2020-01-22 23:00:20,74.0,97.6,125.48341189971754,32.88135593220339,31.39830508474576
382,2020-01-23 04:52:04,2020-01-23 06:21:44,18.4,97.6,124.04219409371497,34.190193164933135,30.640416047548293
383,2020-01-23 22:08:37,2020-01-23 23:09:59,45.6,97.6,125.42139426014958,31.90889370932755,30.071583514099782
384,2020-01-27 08:11:10,2020-01-27 10:19:40,22.8,97.6,121.1851617739899,15.743775933609959,14.824688796680498
385,2020-01-28 13:19:18,2020-01-28 16:03:25,2.8,97.6,125.06773014680029,21.041429731925263,19.958570268074737
386,2020-01-30 09:04:53,2020-01-30 10:00:31,60.8,97.6,124.02572283740945,17.36126629422719,16.067039106145252
387,2020-01-30 20:07:34,2020-01-30 23:14:06,27.6,92.0,122.48803702984816,23.318084345961402,21.046461758398856
388,2020-01-31 17:56:44,2020-01-31 20:30:26,5.6,97.6,124.78033923007246,25.788378143972245,24.21856027753686
389,2020-02-01 01:27:54,2020-02-01 02:46:30,48.4,95.6,124.6538927966102,25.02033898305085,21.552542372881355
390,2020-02-05 10:36:46,2020-02-05 11:24:08,68.4,95.6,123.66475346200987,18.019662921348313,16.924157303370787
391,2020-02-06 15:33:23,2020-02-06 16:14:36,68.4,93.2,124.38239130824374,20.838709677419356,19.496774193548386
392,2020-02-07 16:25:19,2020-02-07 18:22:36,26.4,97.6,123.70037940074907,23.827272727272728,22.426136363636363
393,2020-02-09 13:31:32,2020-02-09 14:40:45,59.6,97.6,124.61377782163747,20.23608445297505,19.220729366602686
394,2020-02-10 09:28:38,2020-02-10 11:30:16,26.4,97.6,122.7217954470974,22.099671412924426,20.514786418400877
395,2020-02-10 19:05:19,2020-02-10 20:10:58,47.6,97.6,124.60098389166667,25.365111561866126,23.24949290060852
396,2020-02-12 00:20:05,2020-02-12 01:43:52,26.0,97.6,123.09427938586283,25.885532591414943,24.20985691573927
397,2020-02-13 07:39:06,2020-02-13 08:22:52,66.0,97.6,126.67081621835447,21.41337386018237,20.51063829787234
398,2020-02-13 13:35:10,2020-02-13 14:36:08,62.0,97.6,125.57232258114861,24.19650655021834,22.967248908296945
399,2020-02-13 21:11:03,2020-02-13 21:38:00,78.8,97.6,123.69077495567377,26.300492610837438,24.901477832512317
400,2020-02-14 11:14:21,2020-02-14 12:32:56,48.4,97.6,124.57214616926382,26.040677966101693,24.303389830508475
401,2020-02-17 11:14:33,2020-02-17 11:43:39,17.6,27.6,126.1,13.41095890410959,12.155251141552512
402,2020-02-17 11:45:48,2020-02-17 14:44:43,27.6,91.6,121.14149305555557,17.902384500745157,16.52235469448584
403,2020-02-18 09:30:14,2020-02-18 10:34:00,20.8,82.4,120.88459094742066,19.206680584551147,18.035490605427974
404,2020-02-18 10:39:29,2020-02-18 10:57:53,82.0,94.8,120.92101484375004,22.762589928057555,21.0
405,2020-02-18 19:00:27,2020-02-18 20:54:16,31.2,97.6,122.83691760584003,24.895784543325526,23.137002341920375
406,2020-02-19 02:24:14,2020-02-19 03:44:34,32.8,97.6,123.97122174854253,25.57545605306799,21.963515754560532
407,2020-02-20 11:04:23,2020-02-20 12:30:19,22.4,97.6,123.74096935025119,25.089922480620157,23.753488372093024
408,2020-02-21 07:33:07,2020-02-21 08:46:06,40.4,97.6,124.74328582216397,23.37956204379562,21.786496350364963
409,2020-02-22 01:45:27,2020-02-22 03:26:27,9.6,97.6,124.63039443497476,31.022427440633244,28.478891820580476
410,2020-02-22 10:40:36,2020-02-22 11:32:23,40.8,72.4,123.18260466772148,28.303341902313626,25.55012853470437
411,2020-02-22 11:44:55,2020-02-22 12:29:05,71.6,97.6,124.62779757478633,29.367469879518072,27.066265060240966
412,2020-02-27 07:43:55,2020-02-27 10:16:00,8.0,97.6,127.05859174107144,26.98247151621385,26.001752848378615
413,2020-02-28 10:42:33,2020-02-28 11:56:43,30.8,76.8,121.27895201690822,25.405017921146953,24.476702508960575
414,2020-02-28 15:42:39,2020-02-28 16:12:32,62.8,90.8,122.49424999999998,28.124444444444446,26.813333333333333
415,2020-03-01 16:18:42,2020-03-01 17:53:02,14.8,97.6,125.4902652106817,32.65677966101695,31.26553672316384
416,2020-03-02 19:34:26,2020-03-02 20:45:49,25.2,90.8,124.31456630462401,30.28171641791045,29.229477611940297
417,2020-03-03 15:20:06,2020-03-03 15:59:11,50.8,88.8,125.10168718567252,27.843537414965986,26.42517006802721
418,2020-03-04 00:28:39,2020-03-04 04:19:05,17.2,97.6,123.71146415837482,28.039930555555557,26.036458333333332
419,2020-03-04 14:00:17,2020-03-04 15:04:44,44.4,97.6,125.9942115601504,26.954545454545453,24.869834710743802
420,2020-03-05 01:01:44,2020-03-05 02:15:07,41.6,97.6,125.52387953621032,23.600725952813068,21.279491833030853
421,2020-03-05 17:04:57,2020-03-05 18:10:20,48.0,97.6,126.3032846634185,24.25254582484725,23.10183299389002
422,2020-03-06 16:58:07,2020-03-06 18:02:21,28.0,88.0,124.67414053472223,27.759834368530022,26.20703933747412
423,2020-03-06 18:04:40,2020-03-06 18:20:56,88.0,97.6,129.61339988425934,30.1869918699187,29.0
424,2020-03-07 07:16:29,2020-03-07 08:23:44,42.0,97.6,126.52981228017588,26.801980198019802,24.974257425742575
425,2020-03-08 00:28:00,2020-03-08 02:19:41,24.0,97.6,124.05931485507247,28.352028639618137,27.085918854415276
426,2020-03-08 23:53:21,2020-03-09 01:49:18,21.2,97.6,124.7067734856748,31.355172413793102,29.855172413793102
427,2020-03-09 19:53:02,2020-03-09 20:32:56,51.6,75.2,127.08406772598867,29.42,28.016666666666666
428,2020-03-10 02:24:07,2020-03-10 03:51:55,45.2,97.6,125.77789477311283,29.796661608497725,28.315629742033384
429,2020-03-10 15:30:03,2020-03-10 16:38:22,50.8,92.0,124.74453154665588,28.189083820662766,27.058479532163744
430,2020-03-10 17:16:00,2020-03-10 17:29:13,91.2,97.6,129.50827921006965,29.25,28.0
431,2020-03-11 02:55:05,2020-03-11 04:43:18,33.2,97.6,124.56873348645621,27.017241379310345,24.77093596059113
432,2020-03-11 08:02:25,2020-03-11 09:52:15,2.4,97.6,125.5086480902778,35.61771844660194,32.18325242718446
433,2020-03-11 14:17:35,2020-03-11 15:00:17,64.8,97.6,126.43582955623307,31.866043613707166,28.102803738317757
434,2020-03-12 01:16:29,2020-03-12 01:59:51,62.8,97.6,126.08810519236913,25.84049079754601,24.113496932515336
435,2020-03-12 16:25:45,2020-03-12 17:54:13,21.6,97.6,124.54790437317254,28.490963855421686,26.83433734939759
436,2020-03-13 13:27:54,2020-03-13 14:28:36,46.4,97.6,125.5959850043403,29.67105263157895,28.12719298245614
437,2020-03-13 23:34:28,2020-03-14 00:50:04,32.4,97.6,125.09372259713707,29.6115992970123,26.989455184534272
438,2020-03-14 14:15:16,2020-03-14 15:02:14,59.6,97.6,126.62651184941522,27.560906515580736,26.084985835694052
439,2020-03-16 19:34:13,2020-03-16 20:47:12,28.0,95.6,123.55414484097635,30.98905109489051,29.30839416058394
440,2020-03-17 20:44:10,2020-03-17 21:52:53,38.4,97.6,125.35225378425304,28.686046511627907,27.339147286821706
441,2020-03-18 13:44:06,2020-03-18 15:52:03,4.4,89.6,125.13853836887063,30.782291666666666,28.295833333333334
442,2020-03-19 02:42:10,2020-03-19 04:07:49,50.0,97.6,126.48125805030345,27.110419906687405,25.080870917573872
443,2020-03-20 07:02:16,2020-03-20 09:18:34,51.2,97.6,126.48251917145596,21.17399804496579,20.36754643206256
444,2020-03-21 00:15:06,2020-03-21 01:17:57,38.0,76.4,123.23498176359955,26.324152542372882,24.906779661016948
445,2020-03-21 09:33:55,2020-03-21 10:15:17,65.2,97.6,126.25506650377234,25.421221864951768,24.173633440514468
446,2020-03-22 00:07:24,2020-03-22 01:50:32,8.400001,97.6,125.71732111230183,32.62015503875969,30.948320413436694
447,2020-03-22 07:05:36,2020-03-22 07:49:37,71.6,97.6,126.91986666666668,30.951661631419938,27.966767371601208
448,2020-03-23 16:33:20,2020-03-23 17:09:45,35.6,48.4,123.7511324869792,31.562043795620436,29.54014598540146
449,2020-03-23 17:11:55,2020-03-23 17:26:19,48.4,53.6,120.07910602564098,32.51376146788991,30.587155963302752
450,2020-03-23 17:36:24,2020-03-23 18:17:43,53.6,68.0,124.68041048996916,33.0,31.0
451,2020-03-23 18:20:56,2020-03-23 18:59:46,67.6,81.2,124.14424693627444,33.0,31.0
452,2020-03-24 00:21:03,2020-03-24 00:40:07,32.4,38.8,128.85416666666669,33.0,30.708333333333332
453,2020-03-24 00:42:56,2020-03-24 01:12:40,38.4,48.8,123.68589743589746,33.309734513274336,31.309734513274336
454,2020-03-24 01:16:03,2020-03-24 03:27:43,48.4,93.6,126.22812182890857,33.58805668016194,32.0
455,2020-03-24 05:32:12,2020-03-24 06:00:45,76.4,97.6,126.7169785639414,33.84651162790698,31.009302325581395
456,2020-03-25 01:12:30,2020-03-25 03:16:51,15.2,97.6,124.59323231189323,33.058949624866024,30.981779206859592
457,2020-03-26 05:10:26,2020-03-26 06:17:49,54.8,97.6,126.69769399662516,27.630434782608695,26.177865612648223
458,2020-03-26 21:01:19,2020-03-26 22:29:14,40.4,97.6,125.78984913073039,30.87878787878788,29.674242424242426
459,2020-03-28 08:34:54,2020-03-28 10:17:06,31.6,97.6,123.837917756734,26.336375488917863,25.258148631029986
460,2020-03-29 03:19:36,2020-03-29 04:41:24,28.0,97.6,125.01777050806197,26.302931596091206,24.685667752442995
461,2020-03-29 17:11:07,2020-03-29 17:52:04,62.0,96.0,125.83442332516341,25.5974025974026,24.318181818181817
462,2020-03-30 12:13:18,2020-03-30 13:32:42,21.6,92.8,123.60189101513734,22.7,21.063541666666666
463,2020-03-31 01:47:10,2020-03-31 01:59:56,37.2,44.8,126.26537887426909,21.60909090909091,19.463636363636365
464,2020-03-31 02:18:36,2020-03-31 03:46:30,44.0,95.2,125.61129931640626,24.08623298033283,22.19213313161876
465,2020-03-31 17:09:08,2020-03-31 17:59:58,37.6,85.2,123.92467136437908,21.85316184351554,20.380493033226152
466,2020-04-01 02:14:15,2020-04-01 03:29:38,39.2,97.6,125.9442273758562,22.60093271152565,20.763491005996002
467,2020-04-01 11:48:19,2020-04-01 12:37:33,64.0,97.6,125.16158638806219,22.52123552123552,20.63063063063063
468,2020-04-02 14:02:02,2020-04-02 14:41:40,23.6,61.6,121.75117578947368,22.056511056511056,20.867321867321866
469,2020-04-02 14:51:12,2020-04-02 15:30:58,62.4,97.6,115.12231856060609,25.670382165605094,24.59235668789809
470,2020-04-03 01:33:19,2020-04-03 02:24:41,57.2,96.8,125.96076417297984,24.409326424870468,22.89896373056995
471,2020-04-03 09:01:37,2020-04-03 10:16:20,34.0,97.6,125.32867556996861,26.841354723707664,24.700534759358288
472,2020-04-03 17:22:49,2020-04-03 18:22:43,50.8,97.6,125.88154361348532,26.67111111111111,24.037777777777777
473,2020-04-04 15:47:47,2020-04-04 16:49:41,52.0,97.6,126.16431505238796,24.703225806451613,23.33763440860215
474,2020-04-04 19:40:20,2020-04-04 19:59:17,89.2,97.6,122.41137566137581,25.0,23.804195804195803
475,2020-04-05 02:38:08,2020-04-05 04:11:32,46.0,97.6,125.80706035745048,25.38373751783167,22.98716119828816
476,2020-04-06 18:47:19,2020-04-06 20:24:09,16.4,97.6,122.35848624965794,22.49105914718019,21.415405777166438
477,2020-04-07 02:23:40,2020-04-07 04:17:45,28.4,96.8,122.53943157488627,26.200934579439252,22.641355140186917
478,2020-04-07 15:45:34,2020-04-07 17:13:06,40.4,94.0,122.97481340692373,26.61187214611872,25.32572298325723
479,2020-04-08 00:21:26,2020-04-08 01:31:52,35.6,97.6,123.13047127240144,29.26843100189036,26.909262759924385
480,2020-04-08 14:05:35,2020-04-08 14:52:33,58.8,97.6,124.8898109607675,28.91784702549575,27.35127478753541
481,2020-04-09 02:06:34,2020-04-09 03:27:50,26.0,97.6,123.15826683736813,29.927868852459017,28.040983606557376
482,2020-04-09 11:27:21,2020-04-09 12:45:24,28.4,97.6,123.49270298651254,31.07508532423208,29.54778156996587
483,2020-04-10 01:37:25,2020-04-10 02:20:39,64.0,97.6,124.53141283068787,31.443076923076923,29.44923076923077
484,2020-04-10 11:02:16,2020-04-10 11:51:38,56.8,97.6,124.68974307598042,29.253369272237197,27.654986522911052
485,2020-04-10 22:01:55,2020-04-10 23:10:30,38.4,97.6,123.38023266469595,32.05242718446602,30.466019417475728
486,2020-04-11 04:54:47,2020-04-11 06:40:19,40.4,80.4,122.05547791319442,30.72887767969735,27.790668348045397
487,2020-04-11 16:19:22,2020-04-11 17:39:25,44.8,93.6,123.1641024077869,30.02828618968386,28.738768718801996
488,2020-04-12 00:24:09,2020-04-12 02:06:45,6.8,97.6,124.53564952276066,31.448051948051948,28.28181818181818
489,2020-04-12 23:31:44,2020-04-13 00:36:02,42.8,97.6,123.93533031984995,27.712215320910975,26.149068322981368
490,2020-04-13 13:43:32,2020-04-13 15:29:04,32.8,97.6,122.0646672839506,28.713383838383837,27.477272727272727
491,2020-04-14 03:53:34,2020-04-14 05:17:13,24.0,97.6,123.06945992036533,28.75955414012739,26.794585987261147
492,2020-04-15 01:23:27,2020-04-15 02:15:53,9.2,59.2,122.35555655555555,26.63705583756345,24.967005076142133
493,2020-04-15 02:16:29,2020-04-15 03:03:51,59.6,97.6,126.41541847222224,31.22752808988764,29.325842696629213
494,2020-04-15 22:29:21,2020-04-15 23:30:12,43.2,97.6,123.98159348703021,31.240700218818382,29.64989059080963
495,2020-04-16 05:13:33,2020-04-16 05:42:46,75.6,97.6,123.6579601388889,28.181818181818183,25.918181818181818
496,2020-04-16 15:18:39,2020-04-16 16:39:46,21.6,94.8,123.09374694330603,35.05911330049261,33.307060755336614
497,2020-04-16 22:42:50,2020-04-16 23:52:53,26.4,91.6,122.27975177658492,36.536121673003805,33.60456273764259
498,2020-04-17 14:00:03,2020-04-17 15:02:22,44.8,97.6,124.18439499421297,32.34188034188034,30.985042735042736
499,2020-04-18 05:46:09,2020-04-18 06:25:30,66.4,97.6,124.54751268251431,29.75337837837838,28.0
500,2020-04-18 11:59:02,2020-04-18 12:39:28,64.8,97.6,124.23719717564367,31.48355263157895,29.82894736842105
501,2020-04-18 22:09:35,2020-04-18 23:28:34,28.0,97.6,122.85359162076949,33.860033726812816,31.79089376053963
502,2020-04-19 14:15:45,2020-04-19 15:23:55,37.6,97.6,123.24320407870373,34.98046875,33.275390625
503,2020-04-20 14:26:10,2020-04-20 15:25:17,32.8,88.8,123.03880477430556,35.939189189189186,34.4009009009009
504,2020-04-20 19:39:26,2020-04-20 20:26:24,58.4,97.6,124.16050930413833,38.22096317280453,35.96600566572238
505,2020-04-21 11:58:38,2020-04-21 12:45:20,61.2,97.6,125.06388947649576,32.36752136752137,30.83190883190883
506,2020-04-22 15:01:56,2020-04-22 15:19:49,40.4,51.6,119.30110357142851,24.503703703703703,21.762962962962963
507,2020-04-22 15:22:10,2020-04-22 16:21:49,51.6,85.6,124.10728561274513,25.921875,23.446428571428573
508,2020-04-23 16:11:36,2020-04-23 17:37:31,21.2,97.6,121.66148584569521,26.97829457364341,25.58294573643411
509,2020-04-24 00:05:46,2020-04-24 00:53:32,57.2,97.6,124.61455676567657,27.704735376044567,25.598885793871865
510,2020-04-24 14:03:37,2020-04-24 14:43:14,51.6,88.8,121.94483286290327,25.201342281879196,23.006711409395972
511,2020-04-25 00:51:01,2020-04-25 03:01:55,10.0,88.8,122.262791481599,25.75254582484725,23.80346232179226
512,2020-04-26 01:21:17,2020-04-26 01:51:07,45.2,74.4,120.46901284246574,28.255555555555556,26.7
513,2020-04-26 01:51:28,2020-04-26 02:19:28,74.8,96.4,125.20578362911519,29.881656804733726,28.17751479289941
514,2020-04-26 06:09:33,2020-04-26 06:43:33,71.2,97.6,123.65110058922562,29.746341463414634,27.24390243902439
515,2020-04-26 17:51:43,2020-04-26 18:20:53,56.8,84.8,122.37549399801588,34.30113636363637,32.63068181818182
516,2020-04-26 18:21:14,2020-04-26 18:40:34,85.2,97.6,129.3985422267026,35.0,33.94017094017094
517,2020-04-26 21:39:51,2020-04-26 22:01:11,84.4,97.6,123.55117287457927,34.0,32.0
518,2020-04-27 13:02:40,2020-04-27 13:20:00,35.2,47.2,119.87157187500001,31.80952380952381,30.428571428571427
519,2020-04-27 13:20:21,2020-04-27 13:48:11,47.2,66.4,120.23947880497683,33.375,31.94047619047619
520,2020-04-27 13:48:32,2020-04-27 14:15:22,66.8,84.8,123.68986033950617,34.0,33.0
521,2020-04-27 14:15:43,2020-04-27 14:33:13,84.8,95.6,125.62632548868318,34.04716981132076,33.0
522,2020-04-27 21:11:52,2020-04-27 21:29:42,17.2,32.8,124.00731339031346,34.30555555555556,32.0
523,2020-04-27 21:30:03,2020-04-27 21:55:23,33.2,56.0,120.5190171783626,36.431372549019606,34.15686274509804
524,2020-04-27 21:55:44,2020-04-27 22:22:44,56.4,80.0,124.10782756591337,38.56441717791411,36.11656441717791
525,2020-04-27 22:23:05,2020-04-27 22:48:05,80.4,97.6,126.4987217377262,39.0,37.0
526,2020-04-28 13:35:05,2020-04-28 14:00:45,28.0,52.8,120.94759212589608,34.39354838709677,32.65806451612903
527,2020-04-28 14:01:06,2020-04-28 14:30:36,53.2,81.2,122.92311939484128,36.8876404494382,35.32022471910113
528,2020-04-28 14:30:57,2020-04-28 14:54:07,81.6,97.6,126.98698723958334,38.0,36.0
529,2020-04-28 23:50:55,2020-04-29 00:18:45,52.8,79.2,123.72946859217167,35.904761904761905,33.529761904761905
530,2020-04-29 00:19:06,2020-04-29 00:44:16,79.6,97.6,126.78471342592594,37.0,34.0
531,2020-04-29 04:23:44,2020-04-29 04:47:04,80.8,97.6,124.47423371362436,34.0,30.29078014184397
532,2020-04-29 11:13:47,2020-04-29 11:30:17,58.4,74.0,124.12928107193734,31.85,30.13
533,2020-04-29 11:30:38,2020-04-29 11:57:38,74.4,95.6,124.47591063941307,32.68711656441718,31.0
534,2020-04-29 21:55:26,2020-04-29 22:24:26,22.0,49.6,122.6182602153784,34.794285714285714,33.16571428571429
535,2020-04-29 22:24:47,2020-04-29 22:52:57,50.0,76.8,122.57980565920398,37.71764705882353,35.794117647058826
536,2020-04-29 22:53:18,2020-04-29 23:21:18,77.2,97.6,127.372002587146,38.917159763313606,36.98816568047337
537,2020-04-30 17:11:13,2020-04-30 17:44:23,19.2,37.2,122.58870949074073,35.671672077922075,34.0
538,2020-04-30 17:44:34,2020-04-30 18:14:54,37.2,54.0,120.08512359457673,37.036240090600224,35.05775764439411
539,2020-04-30 18:15:05,2020-04-30 18:43:45,54.0,69.6,122.21863212250722,38.0,36.0
540,2020-04-30 18:43:56,2020-04-30 19:12:36,69.6,84.8,125.47055144371345,38.0,35.82724252491694
541,2020-04-30 19:12:47,2020-04-30 19:37:17,85.2,98.0,127.31442415364589,38.0,35.0
542,2020-05-01 08:47:46,2020-05-01 09:19:26,50.0,80.0,122.60649916666671,33.031413612565444,31.06282722513089
543,2020-05-01 09:19:47,2020-05-01 09:44:37,80.4,97.6,126.15311991279079,34.0,32.45333333333333
544,2020-05-02 00:44:37,2020-05-02 01:06:57,1.6,23.2,120.67708828446504,37.0,35.0
545,2020-05-02 01:07:18,2020-05-02 01:36:28,23.2,51.2,121.52182480158729,38.63068181818182,36.05113636363637
546,2020-05-02 01:36:49,2020-05-02 02:11:19,51.6,83.6,125.76301901041664,41.58653846153846,38.67788461538461
547,2020-05-02 02:11:40,2020-05-02 02:28:08,84.0,95.2,132.48313313492056,42.0,39.0
548,2020-05-02 15:34:11,2020-05-02 16:02:51,55.6,82.8,122.78338618259808,37.86705202312139,35.80346820809248
549,2020-05-02 16:03:12,2020-05-02 16:24:52,83.2,97.6,129.292059992284,38.961832061068705,36.94656488549618
550,2020-05-03 14:50:30,2020-05-03 15:13:40,15.6,37.6,121.55053244949497,37.17142857142857,34.90714285714286
551,2020-05-03 15:14:01,2020-05-03 15:40:41,38.0,63.6,120.19262255859375,40.05590062111801,38.06832298136646
552,2020-05-03 15:41:02,2020-05-03 16:11:42,63.6,91.2,122.61073429951692,41.98918918918919,39.913513513513514
553,2020-05-04 06:35:24,2020-05-04 07:09:04,28.8,61.2,122.0550415809328,34.354679802955665,32.40394088669951
554,2020-05-04 07:09:25,2020-05-04 07:39:55,61.6,90.0,123.6345965375587,37.15217391304348,35.09239130434783
555,2020-05-04 15:50:32,2020-05-04 16:16:12,30.0,55.2,120.63107280643739,40.54838709677419,38.76774193548387
556,2020-05-04 16:16:33,2020-05-04 16:47:53,55.6,85.6,123.74445814814821,43.02116402116402,41.285714285714285
557,2020-05-05 00:35:58,2020-05-05 01:14:18,35.6,72.4,121.84406887832124,39.25541125541125,36.62770562770563
558,2020-05-05 04:16:33,2020-05-05 04:41:53,78.8,97.6,124.10241696217497,38.84313725490196,35.96078431372549
559,2020-05-05 16:38:07,2020-05-05 16:55:57,46.0,62.8,124.06334118716936,38.56481481481482,36.833333333333336
560,2020-05-05 16:56:18,2020-05-05 17:25:08,63.2,90.0,124.05162567371481,39.5919540229885,38.0
561,2020-05-06 00:50:22,2020-05-06 01:18:12,17.2,43.6,122.99347569444443,38.63095238095238,36.06547619047619
562,2020-05-06 01:18:33,2020-05-06 01:44:43,44.0,69.2,121.06480709876544,41.34177215189873,38.58227848101266
563,2020-05-06 01:45:04,2020-05-06 02:17:14,69.6,95.6,125.43802991452995,42.628865979381445,39.2319587628866
564,2020-05-06 15:34:09,2020-05-06 16:03:12,22.4,50.0,122.7055066626409,39.51704545454545,36.84090909090909
565,2020-05-06 16:03:33,2020-05-06 16:33:03,50.4,78.8,120.98199823943662,41.80337078651685,39.47191011235955
566,2020-05-06 16:33:24,2020-05-06 16:58:44,78.8,97.2,126.32398354468594,42.967320261437905,40.0
567,2020-05-06 22:48:28,2020-05-06 23:09:58,40.8,61.6,120.80330161591877,40.16153846153846,37.30769230769231
568,2020-05-06 23:10:19,2020-05-06 23:37:09,62.0,87.2,124.38603758818341,41.46296296296296,38.358024691358025
569,2020-05-06 23:37:30,2020-05-06 23:54:20,87.6,97.6,128.8111059722222,42.0,38.6764705882353
570,2020-05-07 07:12:49,2020-05-07 07:44:19,48.4,78.8,121.48301589912282,38.71578947368421,35.86842105263158
571,2020-05-07 07:44:40,2020-05-07 08:10:20,78.8,97.6,126.02764324763594,39.193548387096776,37.0
572,2020-05-07 18:52:48,2020-05-07 19:21:38,48.8,64.4,123.29060541310535,39.0,37.0
573,2020-05-07 19:21:59,2020-05-07 19:58:09,64.8,84.0,125.6365798611111,39.0,37.0
574,2020-05-07 19:58:30,2020-05-07 20:23:50,84.4,97.6,128.01137015993277,39.0,37.0
575,2020-05-08 15:01:09,2020-05-08 15:24:39,51.6,67.6,122.68057951388893,36.0,34.140845070422536
576,2020-05-08 15:25:00,2020-05-08 15:56:20,67.6,89.2,121.16257561728392,36.957671957671955,35.0
577,2020-05-09 00:08:22,2020-05-09 00:27:22,49.2,67.2,122.19057839506173,35.70434782608696,33.86086956521739
578,2020-05-09 00:27:43,2020-05-09 00:53:53,67.2,90.8,122.54589759887008,36.70253164556962,34.94303797468354
579,2020-05-09 13:51:25,2020-05-09 14:24:45,24.4,56.8,120.2829391718107,39.69651741293532,36.960199004975124
580,2020-05-09 14:25:06,2020-05-09 14:56:06,56.8,86.4,122.56430353791288,42.04812834224599,39.67914438502674
581,2020-05-09 17:24:42,2020-05-09 17:54:32,72.4,96.0,125.54437482344638,42.0,40.0
582,2020-05-10 03:39:43,2020-05-10 04:07:13,41.6,68.0,121.4777981376263,38.1144578313253,35.95783132530121
583,2020-05-10 04:07:34,2020-05-10 04:36:04,68.4,92.8,124.72109016393446,39.651162790697676,37.145348837209305
584,2020-05-10 16:30:46,2020-05-10 16:57:18,48.0,73.2,122.75705606261023,34.79503105590062,32.21739130434783
585,2020-05-10 16:57:39,2020-05-10 17:27:29,73.2,96.8,123.21210663841813,36.0,33.172222222222224
586,2020-05-10 23:25:18,2020-05-10 23:52:58,65.6,91.2,122.80489713541662,34.29940119760479,31.46706586826347
587,2020-05-11 15:00:38,2020-05-11 15:21:08,37.6,57.6,121.34028791666667,34.903225806451616,33.08064516129032
588,2020-05-11 15:21:29,2020-05-11 15:48:39,57.6,84.0,121.96234880050507,37.09756097560975,35.25
589,2020-05-11 23:57:28,2020-05-12 00:22:28,37.2,61.2,121.50983998842595,35.503311258278146,32.145695364238414
590,2020-05-12 00:22:49,2020-05-12 00:51:09,61.6,88.4,123.24730897595353,37.251461988304094,33.92397660818713
591,2020-05-12 03:03:27,2020-05-12 03:26:47,82.8,97.6,122.79375638138144,35.9645390070922,32.0
592,2020-05-12 12:42:58,2020-05-12 13:09:58,58.8,84.4,122.9747106662326,35.20245398773006,33.40490797546012
593,2020-05-12 23:25:44,2020-05-12 23:55:34,35.2,53.6,121.61383348429955,34.87777777777778,32.727777777777774
594,2020-05-13 00:25:16,2020-05-13 00:53:36,70.4,86.4,122.98959991319445,36.0,33.0
595,2020-05-13 16:33:48,2020-05-13 16:51:18,17.2,26.4,122.89098034420292,34.0,32.0
596,2020-05-13 16:51:39,2020-05-13 17:19:09,26.4,41.6,120.41481926169591,34.63855421686747,33.1566265060241
597,2020-05-13 17:19:30,2020-05-13 17:47:00,41.6,57.2,117.31212295227917,36.204819277108435,34.493975903614455
598,2020-05-13 17:47:21,2020-05-13 18:14:31,57.2,72.4,118.91719142909356,37.0,35.0
599,2020-05-13 18:14:52,2020-05-13 18:48:02,72.4,90.0,125.44347869318189,37.0,35.0
600,2020-05-14 13:20:13,2020-05-14 13:53:03,13.2,44.8,121.15681504922644,34.176767676767675,32.60606060606061
601,2020-05-14 13:53:24,2020-05-14 14:27:14,44.8,77.2,121.68680002572015,37.5735294117647,36.15196078431372
602,2020-05-14 14:27:35,2020-05-14 14:55:15,77.6,97.6,126.58889638888893,39.0,37.11377245508982
603,2020-05-14 22:49:42,2020-05-14 23:11:02,31.2,48.8,120.88306052714645,34.69767441860465,32.372093023255815
604,2020-05-14 23:11:23,2020-05-14 23:35:33,48.8,68.8,120.77569965277779,36.64383561643836,33.87671232876713
605,2020-05-14 23:35:54,2020-05-15 00:00:04,69.2,88.4,125.7349599247685,37.342465753424655,34.82876712328767
606,2020-05-15 03:31:09,2020-05-15 03:56:49,62.0,86.0,123.83332893518516,36.16129032258065,33.38709677419355
607,2020-05-15 03:57:10,2020-05-15 04:15:10,86.4,97.6,125.63861892361126,37.0,34.0
608,2020-05-15 16:10:56,2020-05-15 16:37:26,29.2,47.6,120.13965587258453,38.4625,36.5625
609,2020-05-15 16:37:47,2020-05-15 17:05:17,47.6,66.8,119.36704376446761,40.27710843373494,38.19277108433735
610,2020-05-15 23:48:29,2020-05-16 00:16:09,33.6,60.0,122.001797611532,38.61077844311377,36.21556886227545
611,2020-05-16 00:16:30,2020-05-16 00:46:00,60.4,88.0,124.47413098832527,40.859550561797754,38.359550561797754
612,2020-05-16 08:48:05,2020-05-16 09:19:35,58.8,78.0,122.77341015624997,34.94736842105263,32.65263157894737
613,2020-05-16 09:19:56,2020-05-16 09:52:46,78.4,97.6,126.81640921585657,35.0,33.0
614,2020-05-16 19:52:18,2020-05-16 20:18:18,54.0,70.0,122.43492473958335,36.0,33.65605095541401
615,2020-05-16 20:35:16,2020-05-16 21:03:16,77.2,94.0,124.91156894841275,36.739644970414204,34.0
616,2020-05-17 02:22:46,2020-05-17 02:48:06,66.8,90.0,124.57435332854403,33.8235294117647,30.895424836601308
617,2020-05-17 14:47:21,2020-05-17 15:21:11,49.2,70.0,122.53742027243595,36.80882352941177,34.98039215686274
618,2020-05-17 15:37:03,2020-05-17 16:04:13,79.6,96.0,123.81185010162599,37.920731707317074,36.109756097560975
619,2020-05-18 04:58:05,2020-05-18 05:18:05,26.4,45.6,121.78459374999997,30.801652892561982,29.03305785123967
620,2020-05-18 05:18:26,2020-05-18 05:46:06,46.0,72.8,120.57525932835821,33.544910179640716,31.892215568862277
621,2020-05-18 05:46:27,2020-05-18 06:18:57,73.2,97.6,126.56307502276871,35.0,33.34183673469388
622,2020-05-18 13:56:29,2020-05-18 14:23:59,62.8,79.6,121.99490616732808,34.825301204819276,33.0
623,2020-05-18 14:24:20,2020-05-18 14:48:00,79.6,94.0,121.99175221836416,35.0,33.87412587412587
624,2020-05-18 20:07:12,2020-05-18 20:36:12,75.2,97.6,125.01922470238102,36.66285714285714,34.78857142857143
625,2020-05-19 16:52:14,2020-05-19 17:10:34,22.4,40.0,121.7156096906566,34.83783783783784,33.027027027027025
626,2020-05-19 17:10:55,2020-05-19 17:34:55,40.4,63.6,120.8728619492337,37.282758620689656,35.724137931034484
627,2020-05-19 17:35:16,2020-05-19 18:06:56,64.0,92.0,123.29317187500001,38.968586387434556,37.41361256544503
628,2020-05-20 00:54:20,2020-05-20 01:15:40,29.2,50.0,121.50041392895297,38.713178294573645,35.89147286821706
629,2020-05-20 01:16:01,2020-05-20 01:47:51,50.4,81.2,122.46574485930736,41.322916666666664,38.546875
630,2020-05-20 01:48:12,2020-05-20 02:11:12,81.6,97.6,128.49828854166668,42.0,39.992805755395686
631,2020-05-20 13:34:00,2020-05-20 13:51:40,28.4,45.6,120.33272028423774,35.046728971962615,33.47663551401869
632,2020-05-20 19:37:22,2020-05-20 20:01:32,46.0,71.6,110.65105805121532,32.87671232876713,31.39041095890411
633,2020-05-20 20:01:53,2020-05-20 20:30:33,72.0,95.6,125.7191794962336,34.52023121387283,32.8150289017341
634,2020-05-21 05:18:05,2020-05-21 05:48:05,46.8,75.6,121.51137953317901,34.46408839779006,31.61878453038674
635,2020-05-21 05:48:26,2020-05-21 06:17:46,76.0,97.6,126.69431320730453,35.954802259887,33.0
636,2020-05-21 18:40:06,2020-05-21 19:07:56,1.2,28.0,121.25830089137644,38.0,35.964285714285715
637,2020-05-21 19:08:17,2020-05-21 19:37:27,28.4,56.0,123.29508917069244,39.66477272727273,37.69318181818182
638,2020-05-21 19:37:48,2020-05-21 20:07:48,56.4,84.0,126.83977737520127,42.033149171270715,39.92817679558011
639,2020-05-21 20:08:09,2020-05-21 20:28:29,84.4,97.6,132.82932628367016,43.0,40.08130081300813
640,2020-05-22 11:18:03,2020-05-22 11:45:33,31.6,46.8,120.52813468567254,31.174698795180724,29.313253012048193
641,2020-05-22 11:45:54,2020-05-22 12:14:14,46.8,62.8,117.90102621527777,32.72514619883041,30.80701754385965
642,2020-05-22 12:14:35,2020-05-22 12:46:45,62.8,80.4,121.70374234532824,33.345360824742265,31.943298969072163
643,2020-05-22 12:47:06,2020-05-22 13:19:36,80.8,97.6,128.75741939484132,34.0,32.0
644,2020-05-22 19:35:02,2020-05-22 19:55:52,63.2,76.0,122.5673053385417,34.03174603174603,32.84920634920635
645,2020-05-22 19:56:13,2020-05-22 20:27:03,76.4,95.2,122.87902053782508,35.0,33.0
646,2020-05-23 04:12:58,2020-05-23 04:32:38,21.6,33.6,123.26854606481481,32.319327731092436,29.974789915966387
647,2020-05-23 04:32:59,2020-05-23 05:08:09,34.0,56.0,120.41921856060608,34.06132075471698,31.77358490566038
648,2020-05-23 05:08:30,2020-05-23 05:42:10,56.4,77.2,121.93378766025643,35.90147783251231,33.0
649,2020-05-23 05:42:31,2020-05-23 06:03:31,77.6,90.0,127.58067338709671,36.0,33.803149606299215
650,2020-05-23 17:02:03,2020-05-23 17:20:43,64.8,78.8,122.3462423611111,34.29203539823009,33.0
651,2020-05-24 02:41:17,2020-05-24 03:08:40,23.6,49.6,122.05449300213674,33.295180722891565,31.77710843373494
652,2020-05-24 03:09:01,2020-05-24 03:38:01,50.0,77.6,121.73057784822869,36.434285714285714,34.70857142857143
653,2020-05-24 03:38:22,2020-05-24 04:05:42,78.0,97.6,126.20252473072566,37.7939393939394,35.99393939393939
654,2020-05-24 10:26:35,2020-05-24 10:44:55,76.8,92.4,120.35524394586892,33.98198198198198,31.92792792792793
655,2020-05-24 16:13:22,2020-05-24 16:37:02,80.8,97.6,125.91849942129633,35.0,33.03496503496503
656,2020-05-25 03:13:33,2020-05-25 03:40:03,24.0,49.2,121.68208697089943,36.14375,33.925
657,2020-05-25 03:40:44,2020-05-25 04:10:34,49.6,77.2,125.1741111111111,39.0,36.71666666666667
658,2020-05-25 04:10:55,2020-05-25 04:34:45,77.2,95.2,129.26467276234567,40.0,37.97222222222222
659,2020-05-25 14:20:48,2020-05-25 14:49:59,41.2,69.2,121.58333660714287,37.47457627118644,35.24858757062147
660,2020-05-25 14:50:20,2020-05-25 15:19:30,69.6,94.0,124.09324482012747,39.42613636363637,36.98863636363637
661,2020-05-26 00:15:27,2020-05-26 00:47:17,32.4,52.4,119.64030430555556,34.932291666666664,31.598958333333332
662,2020-05-26 00:47:38,2020-05-26 01:16:08,52.4,70.0,121.71877698863636,36.633720930232556,33.0
663,2020-05-26 01:16:29,2020-05-26 01:45:59,70.4,88.4,123.31252731481486,37.0,33.657303370786515
664,2020-05-26 06:24:07,2020-05-26 06:45:07,71.6,84.4,123.05341276041656,34.95275590551181,31.480314960629922
665,2020-05-26 14:00:54,2020-05-26 14:25:04,57.6,72.4,123.00303021771772,34.8013698630137,33.554794520547944
666,2020-05-26 14:25:25,2020-05-26 15:02:51,72.8,95.2,125.28487408234128,35.51327433628319,34.41150442477876
667,2020-05-27 15:46:11,2020-05-27 16:16:01,36.8,48.4,121.51583788314173,31.044444444444444,29.6
668,2020-05-27 16:16:22,2020-05-27 16:50:42,48.8,62.0,118.2975816498316,32.0,30.72463768115942
669,2020-05-27 16:51:03,2020-05-27 17:21:13,62.0,73.2,119.70986718749997,32.0,31.0
670,2020-05-27 17:21:34,2020-05-27 17:54:24,73.2,84.8,123.70333908045983,32.0,31.0
671,2020-05-27 17:54:45,2020-05-27 18:21:25,84.8,93.6,129.7995976957071,32.0,31.0
672,2020-05-28 04:56:31,2020-05-28 05:27:31,22.4,52.0,121.50761796171172,33.05882352941177,31.3048128342246
673,2020-05-28 05:27:52,2020-05-28 05:58:12,52.4,81.2,122.20584307484567,36.3551912568306,34.36612021857923
674,2020-05-28 05:58:33,2020-05-28 06:16:13,81.6,94.4,126.4691958550346,37.074766355140184,35.0
675,2020-05-28 21:56:36,2020-05-28 22:19:56,8.0,31.6,114.65514395009413,34.90780141843972,33.177304964539005
676,2020-05-28 22:20:17,2020-05-28 22:47:27,32.0,57.6,123.09951660156251,37.22560975609756,35.5
677,2020-05-28 22:47:48,2020-05-28 23:17:38,57.6,85.2,125.42221970611918,39.62222222222222,37.855555555555554
678,2020-05-28 23:17:59,2020-05-28 23:37:09,85.6,97.6,131.8819545138889,40.28448275862069,38.422413793103445
679,2020-05-30 07:43:35,2020-05-30 08:17:35,50.8,83.2,122.28309670781894,34.082926829268295,32.71219512195122
680,2020-05-30 08:17:56,2020-05-30 08:39:36,83.6,97.6,126.95537083333335,35.0,34.0
681,2020-05-30 14:49:59,2020-05-30 15:20:59,56.4,86.0,121.911606981982,36.598930481283425,34.93582887700535
682,2020-05-30 18:08:04,2020-05-30 18:26:44,86.0,97.6,126.56850574712655,36.0,33.0
683,2020-05-31 02:03:29,2020-05-31 02:31:59,29.6,57.2,120.19978748993559,35.18023255813954,32.73837209302326
684,2020-05-31 02:32:20,2020-05-31 03:01:10,57.6,84.8,123.42167978962424,37.49425287356322,35.13793103448276
685,2020-05-31 03:01:31,2020-05-31 03:20:51,85.2,97.6,125.54326321684597,38.0,36.0
686,2020-05-31 19:04:48,2020-05-31 19:34:18,16.0,44.0,122.8869080357143,32.264044943820224,30.174157303370787
687,2020-05-31 19:34:39,2020-05-31 20:03:19,44.4,71.6,122.93862699142161,35.50867052023121,33.410404624277454
688,2020-05-31 20:03:40,2020-05-31 20:31:20,72.0,94.4,124.75013262648807,37.0,34.97005988023952
689,2020-06-01 01:40:56,2020-06-01 01:58:46,75.2,90.8,122.78046777065536,35.0,32.03703703703704
690,2020-06-01 11:54:58,2020-06-01 12:23:18,43.6,70.8,121.52778216911766,36.3859649122807,34.39181286549707
691,2020-06-01 12:23:39,2020-06-01 12:51:39,71.2,94.0,125.50317604775832,37.96449704142012,35.905325443786985
692,2020-06-02 00:10:33,2020-06-02 00:40:13,40.4,68.8,121.78550914514868,33.80446927374302,32.055865921787706
693,2020-06-02 00:40:34,2020-06-02 01:08:24,69.2,92.8,124.04191007532961,35.660714285714285,33.779761904761905
694,2020-06-02 12:45:49,2020-06-02 13:15:19,40.8,69.2,121.06612382629105,35.325842696629216,34.02808988764045
695,2020-06-02 13:27:11,2020-06-02 13:51:41,80.4,97.6,125.66942417635667,37.0,35.195945945945944
696,2020-06-03 14:50:40,2020-06-03 15:09:40,40.4,58.4,123.09877145061729,34.28695652173913,32.46086956521739
697,2020-06-03 15:10:01,2020-06-03 15:32:21,58.8,80.0,122.79547333595386,36.05185185185185,34.19259259259259
698,2020-06-04 01:35:07,2020-06-04 03:12:07,18.0,95.2,122.10885019070237,35.68681318681319,33.619505494505496
699,2020-06-04 16:13:51,2020-06-04 16:32:11,14.4,28.0,123.76737448937911,37.08108108108108,35.333333333333336
700,2020-06-04 16:32:32,2020-06-04 17:12:57,28.4,58.8,122.06050303819444,39.28688524590164,37.64344262295082
701,2020-06-04 17:13:18,2020-06-04 17:44:34,59.2,82.4,123.73241209291186,41.19047619047619,39.71957671957672
702,2020-06-04 23:38:30,2020-06-04 23:56:40,43.6,54.8,122.18876798115083,38.336363636363636,35.85454545454545
703,2020-06-04 23:57:01,2020-06-05 00:22:21,55.2,70.8,122.33620940170948,39.0,36.87581699346405
704,2020-06-05 00:22:42,2020-06-05 00:52:12,70.8,88.8,123.46299027777783,39.46067415730337,37.0
705,2020-06-05 16:06:06,2020-06-05 16:35:26,17.2,45.2,122.0644760912698,39.07909604519774,37.73446327683616
706,2020-06-05 16:35:47,2020-06-05 17:04:57,45.6,73.2,123.02235255636074,41.98863636363637,40.41477272727273
707,2020-06-05 17:05:18,2020-06-05 17:37:18,73.6,97.6,126.70371846064816,43.0,41.0
708,2020-06-06 02:01:54,2020-06-06 02:26:34,58.4,76.8,122.97630729166669,35.06711409395973,32.45637583892618
709,2020-06-06 02:26:55,2020-06-06 02:57:55,76.8,97.6,123.83414155982908,36.0,33.0
710,2020-06-06 05:21:51,2020-06-06 05:52:11,67.2,93.2,123.1698835470086,36.18032786885246,33.17486338797814
711,2020-06-06 16:18:25,2020-06-06 16:50:15,76.4,97.6,123.7231638495808,32.0,29.822916666666668
712,2020-06-07 00:15:05,2020-06-07 00:36:55,54.0,70.4,122.03251998644981,31.598484848484848,29.575757575757574
713,2020-06-07 00:37:16,2020-06-07 00:56:16,70.8,84.8,124.44444841269839,32.34782608695652,30.37391304347826
714,2020-06-07 11:15:19,2020-06-07 11:40:29,31.6,51.2,118.31636607142859,31.125,28.81578947368421
715,2020-06-07 11:40:50,2020-06-07 12:05:30,51.2,70.4,118.41150028935186,33.080536912751676,30.77181208053691
716,2020-06-07 12:05:51,2020-06-07 12:31:11,70.4,89.6,121.59579947916674,34.0,31.686274509803923
717,2020-06-07 18:23:50,2020-06-07 18:51:10,58.0,84.0,122.9423249465812,34.7939393939394,32.6
718,2020-06-07 18:51:31,2020-06-07 19:11:41,84.4,97.6,128.16813257575768,35.950819672131146,33.35245901639344
719,2020-06-08 02:21:36,2020-06-08 02:46:46,49.2,68.4,121.64932740162033,33.60526315789474,31.50657894736842
720,2020-06-08 02:47:07,2020-06-08 03:19:27,68.8,92.4,123.7241282368173,34.45128205128205,32.0
721,2020-06-08 15:20:04,2020-06-08 15:45:04,46.4,65.2,122.46087935874705,31.794701986754966,30.013245033112582
722,2020-06-08 15:45:25,2020-06-08 16:09:55,65.6,84.0,122.75063722826086,33.0,31.175675675675677
723,2020-06-08 16:10:16,2020-06-08 16:31:40,84.0,97.6,125.92261198937915,33.88461538461539,32.0
724,2020-06-09 05:43:42,2020-06-09 06:03:12,67.2,81.6,124.5939676890433,31.16949152542373,30.194915254237287
725,2020-06-09 06:03:33,2020-06-09 06:27:23,82.0,97.6,125.68111778846158,32.0,31.0
726,2020-06-09 13:01:31,2020-06-09 13:30:51,59.2,86.8,124.12692376207733,36.31073446327684,34.7909604519774
727,2020-06-09 13:31:12,2020-06-09 13:48:12,87.2,97.6,127.03524572649584,37.0,35.0
728,2020-06-09 18:35:39,2020-06-09 19:09:00,60.4,87.6,122.35734128880722,37.08366533864542,34.94820717131474
729,2020-06-11 19:01:47,2020-06-11 19:30:47,25.6,53.6,120.80853630952382,38.497142857142855,36.57714285714286
730,2020-06-11 19:31:08,2020-06-11 20:01:48,54.0,83.2,122.46243060312025,41.28648648648649,39.32972972972973
731,2020-06-11 20:02:09,2020-06-11 20:23:29,83.6,97.6,128.68651984126984,42.0,40.0
732,2020-06-12 13:11:34,2020-06-12 13:35:44,31.6,56.4,120.26770754928317,37.68493150684932,35.486301369863014
733,2020-06-12 13:36:05,2020-06-12 14:04:55,56.8,85.6,123.4105054976852,40.04597701149425,38.11494252873563
734,2020-06-12 19:35:50,2020-06-12 19:55:00,55.2,73.6,121.45229846014499,42.0,39.93103448275862
735,2020-06-12 19:55:21,2020-06-12 20:26:31,73.6,97.6,125.19387702546301,42.0,40.0
736,2020-06-13 03:44:58,2020-06-13 04:14:18,25.2,43.2,122.50851481481484,37.69491525423729,34.87570621468927
737,2020-06-13 04:14:39,2020-06-13 04:44:59,43.2,62.4,118.75291984953707,39.43715846994535,36.58469945355191
738,2020-06-13 04:45:20,2020-06-13 05:15:00,62.8,80.8,123.88582993827161,40.0,37.0
739,2020-06-13 05:15:21,2020-06-13 05:43:31,81.2,97.6,127.80235425135508,40.0,37.0
740,2020-06-13 14:31:28,2020-06-13 14:58:38,38.4,64.8,119.98316635101011,39.51219512195122,37.396341463414636
741,2020-06-13 14:58:59,2020-06-13 15:24:57,64.8,89.2,123.3178577413479,41.25949367088607,39.09493670886076
742,2020-06-13 20:58:57,2020-06-13 21:17:07,48.4,65.6,123.93006500322998,40.75454545454546,38.3
743,2020-06-13 21:17:28,2020-06-13 21:48:48,66.0,93.2,122.93351087622545,41.82539682539682,39.07936507936508
744,2020-06-14 04:13:39,2020-06-14 05:03:06,36.4,84.0,121.05938301528944,40.006711409395976,36.88255033557047
745,2020-06-14 05:03:27,2020-06-14 05:23:47,84.4,97.6,129.6696306818183,41.0,38.0
746,2020-06-14 18:27:01,2020-06-14 19:08:13,24.0,63.6,121.28802290965208,35.35341365461847,33.82730923694779
747,2020-06-14 19:08:34,2020-06-14 19:36:04,64.0,89.6,122.7539086371528,38.19277108433735,36.355421686746986
748,2020-06-14 23:31:08,2020-06-14 23:49:58,84.8,97.6,121.7838953993056,36.0,33.0
749,2020-06-15 06:27:02,2020-06-15 06:56:52,62.0,89.6,123.85215997383258,33.861111111111114,31.6
750,2020-06-15 18:02:22,2020-06-15 18:20:12,42.8,59.6,123.82440294312167,35.092592592592595,33.398148148148145
751,2020-06-15 18:20:33,2020-06-15 18:51:43,60.0,89.2,123.3119206145358,36.90425531914894,35.20744680851064
752,2020-06-16 02:39:30,2020-06-16 03:07:30,62.0,88.8,121.85893133291876,35.5207100591716,33.15384615384615
753,2020-06-16 17:08:11,2020-06-16 17:40:11,34.8,65.6,121.0380421176046,37.74611398963731,35.92746113989637
754,2020-06-16 17:40:32,2020-06-16 18:07:32,66.0,90.4,123.70786532331508,39.87116564417178,38.04907975460123
755,2020-06-17 06:23:18,2020-06-17 06:40:58,76.8,91.6,124.28681212462469,32.57943925233645,30.813084112149532
756,2020-06-17 20:13:58,2020-06-17 20:46:28,34.0,54.0,122.14586041666671,34.66836734693877,32.63265306122449
757,2020-06-17 20:46:49,2020-06-17 21:13:59,54.4,71.2,121.54929943783068,36.0,34.0
758,2020-06-17 21:14:20,2020-06-17 21:42:40,71.6,88.8,123.82108688630493,36.73684210526316,34.0
759,2020-06-18 11:34:55,2020-06-18 11:53:15,54.0,71.6,123.62848942550508,35.369369369369366,33.711711711711715
760,2020-06-18 11:53:36,2020-06-18 12:22:46,72.0,95.6,124.49505102401135,36.57954545454545,34.85227272727273
761,2020-06-18 22:23:17,2020-06-18 22:46:27,18.4,32.8,120.68190808256173,35.1,33.32857142857143
762,2020-06-18 22:46:48,2020-06-18 23:16:58,32.8,51.6,120.36052157210399,36.527472527472526,34.71978021978022
763,2020-06-18 23:17:19,2020-06-18 23:49:59,51.6,72.0,120.21991959422658,37.984771573604064,36.0
764,2020-06-18 23:50:20,2020-06-19 00:20:10,72.4,90.4,124.50927962962966,38.0,36.0
765,2020-06-19 13:25:16,2020-06-19 13:47:56,28.8,50.4,122.54373585390948,37.91970802919708,36.277372262773724
766,2020-06-19 13:48:17,2020-06-19 14:14:07,50.8,75.6,121.68572323028677,40.33974358974359,38.71153846153846
767,2020-06-19 18:54:21,2020-06-19 19:21:01,52.8,67.2,122.97065366801692,41.0,39.0
768,2020-06-19 19:35:41,2020-06-19 20:09:11,75.6,94.0,124.08361216787436,41.0,39.0
769,2020-06-20 01:17:56,2020-06-20 01:36:36,46.0,64.0,121.11961242283948,40.52212389380531,37.65486725663717
770,2020-06-20 01:36:57,2020-06-20 02:06:57,64.4,91.2,123.439070791874,41.54696132596685,38.46408839779006
771,2020-06-20 16:25:31,2020-06-20 16:48:11,25.2,37.2,122.77311749999997,40.0,38.08759124087591
772,2020-06-20 16:48:32,2020-06-20 17:18:22,37.2,54.0,118.06628050595242,41.016666666666666,39.388888888888886
773,2020-06-20 17:18:43,2020-06-20 17:52:43,54.0,72.8,120.19650369385346,42.0,40.0
774,2020-06-20 17:53:04,2020-06-20 18:25:14,72.8,90.0,124.27971027131784,42.0,40.0
775,2020-06-21 03:21:02,2020-06-21 03:49:32,29.6,56.8,120.57037096609477,38.7906976744186,35.97674418604651
776,2020-06-21 03:49:53,2020-06-21 04:18:13,57.2,83.6,123.49222085437714,40.97076023391813,38.01754385964912
777,2020-06-21 04:18:34,2020-06-21 04:39:34,84.0,97.6,127.59601419526147,41.346456692913385,38.36220472440945
778,2020-06-21 15:08:51,2020-06-21 15:38:31,26.0,54.4,121.48086013302036,40.10614525139665,38.23463687150838
779,2020-06-21 15:38:52,2020-06-21 16:07:02,54.4,81.2,122.2253626658375,42.45882352941177,40.65882352941176
780,2020-06-21 16:07:23,2020-06-21 16:30:36,81.6,97.6,127.67295048611116,43.0,41.0
781,2020-06-22 00:44:32,2020-06-22 01:13:12,50.8,78.4,122.7244304549114,39.83236994219653,37.32947976878613
782,2020-06-22 01:13:33,2020-06-22 01:38:13,78.8,96.8,127.6388903549383,40.422818791946305,38.0
783,2020-06-22 06:51:08,2020-06-22 07:23:48,72.4,90.0,123.77209943181822,37.0,35.0
784,2020-06-22 19:21:53,2020-06-22 19:40:33,9.6,27.6,120.46992538580248,41.86725663716814,39.95575221238938
785,2020-06-22 19:40:54,2020-06-22 20:12:14,28.0,57.6,121.48322053303306,43.560846560846564,41.72486772486773
786,2020-06-22 20:12:35,2020-06-22 20:43:35,57.6,85.2,123.96892406400966,46.032085561497325,43.893048128342244
787,2020-06-22 20:43:56,2020-06-22 21:05:06,85.6,97.6,130.4051332175926,46.1015625,44.0
788,2020-06-23 08:11:20,2020-06-23 08:39:40,43.6,70.8,122.28400270629088,37.10526315789474,35.2046783625731
789,2020-06-23 08:40:01,2020-06-23 09:05:21,71.2,92.8,124.23354989711936,38.55555555555556,36.673202614379086
790,2020-06-23 20:22:40,2020-06-23 20:53:40,25.6,56.0,120.84842621527781,40.49732620320856,38.893048128342244
791,2020-06-23 20:54:01,2020-06-23 21:22:41,56.4,84.0,123.18389412238324,43.16184971098266,41.39884393063584
792,2020-06-23 21:23:02,2020-06-23 21:42:52,84.4,97.6,127.89459448653211,44.0,42.0
793,2020-06-24 10:24:44,2020-06-24 10:56:04,46.8,68.4,121.59083809156377,37.3968253968254,35.60846560846561
794,2020-06-24 10:56:25,2020-06-24 11:27:35,68.8,90.0,123.0830854297694,38.244680851063826,36.46808510638298
795,2020-06-25 00:15:59,2020-06-25 00:45:19,17.6,46.0,120.58588487871675,40.706214689265536,38.0225988700565
796,2020-06-25 00:45:40,2020-06-25 01:11:30,46.4,70.4,125.62963472222219,43.416666666666664,40.59615384615385
797,2020-06-25 01:11:51,2020-06-25 01:41:21,70.8,94.0,126.35657147988503,44.32022471910113,41.443820224719104
798,2020-06-25 15:00:48,2020-06-25 15:26:18,25.2,49.6,122.22280885701275,38.214285714285715,35.493506493506494
799,2020-06-25 15:26:39,2020-06-25 15:53:39,50.0,76.0,121.48666260683763,40.97546012269939,38.26993865030675
800,2020-06-25 15:54:00,2020-06-25 16:22:20,76.4,97.6,124.99215218815523,42.0,39.0
801,2020-06-26 10:07:48,2020-06-26 10:30:48,58.8,72.4,121.9975668913398,32.0,30.971223021582734
802,2020-06-26 10:31:09,2020-06-26 10:59:49,72.4,88.8,121.76407554200549,32.578034682080926,31.76300578034682
803,2020-06-27 09:11:45,2020-06-27 09:43:05,67.6,94.0,123.96624452861953,35.66137566137566,34.48677248677249
804,2020-06-27 23:30:31,2020-06-27 23:55:51,18.4,42.8,121.28587278005465,37.64052287581699,35.666666666666664
805,2020-06-27 23:56:12,2020-06-28 00:27:02,43.2,72.8,121.61036683558564,40.36021505376344,38.3494623655914
806,2020-06-28 00:27:23,2020-06-28 00:57:23,73.2,96.4,125.4172689774904,41.76243093922652,39.0
807,2020-06-28 14:01:56,2020-06-28 14:33:06,67.2,88.8,123.79179597479425,39.0,38.0
808,2020-06-28 23:30:35,2020-06-29 01:11:51,18.4,97.6,123.07174201564254,40.76052631578948,38.761842105263156
809,2020-06-29 16:03:27,2020-06-29 16:21:37,50.8,68.0,122.87390237403099,39.7,38.61818181818182
810,2020-06-29 18:58:03,2020-06-29 19:17:03,42.4,54.0,120.61663601532568,40.495652173913044,39.017391304347825
811,2020-06-29 19:17:24,2020-06-29 19:41:34,54.0,68.0,123.01489613095238,41.47260273972603,40.0
812,2020-06-29 19:41:55,2020-06-29 20:11:25,68.4,84.8,123.61789947493233,42.0,40.0
813,2020-06-30 01:41:19,2020-06-30 01:58:19,36.4,52.4,124.08160833333342,40.47572815533981,37.62135922330097
814,2020-06-30 01:58:40,2020-06-30 02:29:50,52.8,82.4,123.06871086711715,42.276595744680854,39.340425531914896
815,2020-06-30 02:30:11,2020-06-30 02:51:51,82.8,97.6,127.83786242492499,43.0,40.0
816,2020-06-30 19:12:29,2020-06-30 19:40:59,27.6,55.2,120.67130963164252,41.25581395348837,39.633720930232556
817,2020-06-30 19:41:20,2020-06-30 20:06:24,55.6,79.2,124.12560168314502,43.72549019607843,41.908496732026144
818,2020-06-30 20:09:05,2020-06-30 20:33:45,80.0,97.6,124.8682241950758,44.18120805369127,42.36241610738255
819,2020-07-01 04:39:47,2020-07-01 05:05:27,40.0,64.4,122.4704099499089,39.89677419354839,36.86451612903226
820,2020-07-01 05:05:48,2020-07-01 05:37:48,64.8,92.8,123.55507480158732,41.43523316062176,38.39378238341969
821,2020-07-01 15:49:46,2020-07-01 17:25:18,7.2,84.8,122.88135816688145,41.75592747559275,40.17852161785216
822,2020-07-02 00:06:46,2020-07-02 00:52:48,55.6,92.4,122.50370006793476,38.62138728323699,36.29190751445087
823,2020-07-02 20:44:16,2020-07-02 21:03:06,16.0,27.6,123.13098766762454,34.0,32.29824561403509
824,2020-07-02 21:03:27,2020-07-02 21:31:07,27.6,44.8,121.97997416020674,35.29940119760479,33.82035928143713
825,2020-07-02 21:31:28,2020-07-02 22:02:38,45.2,64.8,120.58531746031751,37.33510638297872,35.71808510638298
826,2020-07-02 22:02:59,2020-07-02 22:33:39,65.2,84.0,123.69976359338064,38.0,36.83783783783784
827,2020-07-02 22:34:00,2020-07-02 22:57:00,84.0,97.6,126.6186534926471,38.589928057553955,37.0
828,2020-07-03 16:27:59,2020-07-03 16:47:29,45.6,60.4,120.86994153528532,34.63559322033898,32.13559322033898
829,2020-07-03 16:47:50,2020-07-03 17:24:22,60.8,88.0,123.20272468341503,35.959276018099544,33.171945701357465
830,2020-07-04 02:19:59,2020-07-04 02:49:49,23.2,41.6,123.22466470410627,34.03888888888889,32.07222222222222
831,2020-07-04 02:50:10,2020-07-04 03:17:21,42.0,59.2,120.11242944121447,35.87951807228916,33.71084337349398
832,2020-07-04 03:17:42,2020-07-04 03:44:42,59.6,76.4,122.14288392857142,37.0,35.0
833,2020-07-04 03:45:03,2020-07-04 04:13:43,76.4,93.6,126.10709633397946,37.0,35.0
834,2020-07-04 16:18:40,2020-07-04 16:44:00,25.6,50.4,121.0736045026882,34.02614379084967,32.3921568627451
835,2020-07-04 16:44:21,2020-07-04 17:26:42,50.4,90.4,122.50122987847219,37.42023346303502,35.8443579766537
836,2020-07-04 23:19:49,2020-07-04 23:37:19,46.4,63.2,121.526966765873,37.14150943396226,34.5188679245283
837,2020-07-04 23:37:40,2020-07-05 00:07:40,63.2,90.8,121.82620944041874,38.48066298342541,35.77900552486188
838,2020-07-05 17:44:48,2020-07-05 18:02:18,41.2,58.0,121.07145138888893,36.70754716981132,34.5377358490566
839,2020-07-05 18:02:39,2020-07-05 18:34:39,58.0,88.4,122.29534064327483,38.61139896373057,36.52849740932643
840,2020-07-06 00:49:03,2020-07-06 01:12:53,24.8,39.2,123.83389303626542,36.11805555555556,33.5625
841,2020-07-06 01:13:14,2020-07-06 01:41:54,39.6,57.6,119.11419043209878,37.48554913294798,35.02312138728324
842,2020-07-06 01:42:15,2020-07-06 02:12:25,57.6,76.0,122.45701683272952,38.0,36.0
843,2020-07-06 02:12:46,2020-07-06 02:44:56,76.4,95.6,124.53415668402783,38.0,36.0
844,2020-07-06 20:24:10,2020-07-06 20:45:20,59.6,66.0,124.02343750000003,40.0,37.0
845,2020-07-06 20:45:41,2020-07-06 21:15:01,66.0,74.8,125.00000000000004,39.22598870056497,37.0
846,2020-07-06 21:15:22,2020-07-06 21:45:02,74.8,83.6,126.42045454545459,39.0,36.435754189944134
847,2020-07-06 21:45:23,2020-07-06 22:14:43,84.0,92.4,130.8449074074073,39.0,36.0
848,2020-07-06 22:15:04,2020-07-06 22:34:14,92.4,97.6,135.14957264957295,38.83620689655172,36.0
849,2020-07-07 09:16:03,2020-07-07 09:46:43,49.6,68.4,121.70956102245863,34.78378378378378,32.83783783783784
850,2020-07-07 09:47:04,2020-07-07 10:18:04,68.8,87.6,123.08072473404259,35.67914438502674,33.775401069518715
851,2020-07-07 10:18:25,2020-07-07 10:35:35,87.6,97.6,126.02364874999998,36.0,34.0
852,2020-07-07 20:39:00,2020-07-07 21:06:10,17.2,33.6,124.2827173102981,38.359756097560975,36.74390243902439
853,2020-07-07 22:07:23,2020-07-07 22:40:33,35.2,55.6,122.22156849128542,39.435,37.615
854,2020-07-07 22:40:54,2020-07-07 23:17:24,56.0,78.4,122.4814259672619,40.981818181818184,39.0
855,2020-07-07 23:17:45,2020-07-07 23:49:35,78.4,97.2,126.10300214243502,41.0,39.0
856,2020-07-08 05:06:53,2020-07-08 06:09:36,50.0,97.6,123.65138586601307,38.8067940552017,35.78768577494692
857,2020-07-08 14:55:18,2020-07-08 15:28:14,58.4,89.2,122.82856027236653,43.76381909547739,42.15075376884422
858,2020-07-08 22:09:27,2020-07-08 22:27:57,44.8,62.4,122.3769044349748,41.455357142857146,38.61607142857143
859,2020-07-08 22:28:18,2020-07-08 22:54:18,62.8,87.2,124.53155236794171,42.70063694267516,39.853503184713375
860,2020-07-09 17:35:11,2020-07-09 18:09:01,24.8,57.2,122.30069860253774,41.509803921568626,39.92156862745098
861,2020-07-09 18:09:22,2020-07-09 18:39:42,57.6,85.6,123.305584920635,44.513661202185794,42.87431693989071
862,2020-07-09 18:40:03,2020-07-09 19:01:03,85.6,97.6,128.459503125,45.0,43.0
863,2020-07-10 11:16:32,2020-07-10 11:46:42,52.0,80.8,122.05004431905866,37.57142857142857,36.252747252747255
864,2020-07-10 11:47:03,2020-07-10 12:10:53,81.2,97.6,128.46545528455292,38.888888888888886,37.0
865,2020-07-10 18:21:01,2020-07-10 18:46:41,52.4,68.0,123.79454309116808,40.0,38.0
866,2020-07-10 18:47:02,2020-07-10 19:13:32,68.4,84.4,124.7708609375,40.0,38.0
867,2020-07-11 03:04:34,2020-07-11 04:43:02,10.4,90.0,123.0877190658152,39.530446549391066,37.189445196211096
868,2020-07-11 06:41:38,2020-07-11 07:01:58,62.8,78.8,116.59896883680558,41.0,38.0
869,2020-07-11 19:42:55,2020-07-11 20:13:05,34.4,55.2,120.61829847756404,40.175824175824175,39.0
870,2020-07-11 20:13:26,2020-07-11 20:43:26,55.6,75.6,124.74997500000002,41.966850828729285,40.84530386740332
871,2020-07-11 20:43:47,2020-07-11 21:13:27,76.0,95.2,124.57681647858794,42.92178770949721,41.32960893854749
872,2020-07-12 16:13:23,2020-07-12 16:44:53,20.4,49.2,122.28059307484568,44.88947368421053,43.363157894736844
873,2020-07-12 16:45:14,2020-07-12 17:16:54,49.6,78.0,122.0950890062598,47.6282722513089,45.78010471204188
874,2020-07-13 01:17:39,2020-07-13 01:58:32,33.2,72.0,121.42337809994275,42.72064777327935,39.8582995951417
875,2020-07-13 01:58:53,2020-07-13 02:29:33,72.4,96.0,123.59230190677972,44.21621621621622,41.95135135135135
876,2020-07-13 14:00:46,2020-07-13 14:30:26,43.6,72.0,121.73512108763693,41.96648044692738,40.402234636871505
877,2020-07-13 14:30:47,2020-07-13 15:03:27,72.4,97.6,124.997250165344,43.065989847715734,41.82741116751269
878,2020-07-13 19:27:28,2020-07-13 19:44:28,66.8,83.6,118.01669584986772,43.86407766990291,41.90291262135922
879,2020-07-14 04:02:40,2020-07-14 05:54:21,10.0,97.6,123.01664594431763,39.5071599045346,37.27684964200478
880,2020-07-14 16:50:09,2020-07-14 17:27:39,57.2,89.2,123.14150933159725,47.29203539823009,45.42920353982301
881,2020-07-15 03:38:00,2020-07-15 03:57:50,16.4,35.2,123.2284419326241,40.55833333333333,37.958333333333336
882,2020-07-15 03:58:11,2020-07-15 04:27:51,35.6,64.4,120.22377006172835,43.00558659217877,40.02793296089386
883,2020-07-15 04:28:12,2020-07-15 04:55:32,64.4,88.0,122.82015619114884,44.83030303030303,41.26060606060606
884,2020-07-15 15:31:23,2020-07-15 15:57:53,27.2,52.8,121.44693695746531,42.3625,40.00625
885,2020-07-15 15:58:14,2020-07-15 16:28:14,53.2,82.0,121.37055695408954,44.16022099447514,41.93922651933702
886,2020-07-15 16:28:35,2020-07-15 16:52:15,82.0,97.6,125.23862517806275,44.43356643356643,42.0
887,2020-07-16 05:21:08,2020-07-16 05:52:58,8.0,38.0,121.93008282407408,38.203125,35.515625
888,2020-07-16 05:53:19,2020-07-16 06:39:58,38.4,81.6,123.94753188014404,41.14946619217082,38.355871886120994
889,2020-07-16 06:40:19,2020-07-16 06:58:07,82.0,94.4,129.31451344086017,42.0,39.0
890,2020-07-16 15:45:50,2020-07-16 16:12:57,64.0,82.4,122.57893211050724,40.0,39.0
891,2020-07-16 16:13:18,2020-07-16 16:37:18,82.8,97.6,126.59066882507513,40.03448275862069,39.0
892,2020-07-17 01:58:09,2020-07-17 02:22:09,22.0,44.8,122.73634819688112,37.6551724137931,35.289655172413795
893,2020-07-17 02:22:30,2020-07-17 02:49:20,45.2,70.8,122.15602072482643,40.370370370370374,38.04320987654321
894,2020-07-17 02:49:41,2020-07-17 03:18:51,71.2,94.8,126.38888724105466,41.86363636363637,39.0
895,2020-07-17 16:40:24,2020-07-17 17:05:34,16.8,40.8,122.8188963541667,42.88815789473684,41.401315789473685
896,2020-07-17 17:49:56,2020-07-17 18:22:26,46.0,76.0,121.33706310185188,45.36734693877551,43.58673469387755
897,2020-07-17 18:22:47,2020-07-17 18:50:57,76.0,95.6,124.30840844671205,46.0,44.0
898,2020-07-18 15:21:30,2020-07-18 15:49:10,38.0,57.6,120.91622314342403,41.11377245508982,39.29940119760479
899,2020-07-18 15:49:31,2020-07-18 16:17:01,57.6,77.2,120.2054770408163,42.0,40.0
900,2020-07-18 16:17:22,2020-07-18 16:44:12,77.2,95.2,123.37037114197528,42.0,40.0
901,2020-07-18 23:59:26,2020-07-19 00:25:16,25.6,50.0,123.0658266165756,40.35897435897436,37.80769230769231
902,2020-07-19 00:25:37,2020-07-19 00:50:27,50.4,74.0,122.32406102871943,42.82,40.32666666666667
903,2020-07-19 05:53:43,2020-07-19 06:21:23,48.8,75.2,122.35165014730637,40.874251497005986,37.76646706586826
904,2020-07-19 16:25:38,2020-07-19 17:38:45,13.6,83.2,121.83236987348339,42.349726775956285,40.98360655737705
905,2020-07-21 06:14:11,2020-07-21 06:41:11,13.6,32.0,121.5768844353865,34.34355828220859,33.34969325153374
906,2020-07-21 06:41:32,2020-07-21 07:15:42,32.0,55.6,120.17247934322035,36.48543689320388,35.31553398058252
907,2020-07-21 07:16:03,2020-07-21 07:53:23,56.0,81.6,121.18164724392363,38.52,37.0
908,2020-07-21 07:53:44,2020-07-21 08:19:34,81.6,97.6,126.05817734375002,39.0,37.56410256410256
909,2020-07-21 14:32:10,2020-07-21 14:55:30,48.8,71.2,121.71814422123015,40.02836879432624,37.687943262411345
910,2020-07-21 14:55:51,2020-07-21 15:21:31,71.6,93.2,124.1107457561728,41.0,38.825806451612905
911,2020-07-21 20:53:27,2020-07-21 21:22:27,71.2,95.2,123.65221336805557,40.84571428571429,38.92
912,2020-07-22 04:11:20,2020-07-22 04:36:50,54.4,78.8,122.5609073884335,37.86363636363637,35.42857142857143
913,2020-07-22 04:37:11,2020-07-22 05:02:51,79.2,97.6,126.75273112922709,38.91612903225806,36.0
914,2020-07-22 15:00:59,2020-07-22 16:14:54,22.8,83.2,122.00222671081677,39.354954954954955,37.574774774774774
915,2020-07-23 01:37:01,2020-07-23 02:06:46,8.8,33.2,121.86589364754099,37.142857142857146,35.174107142857146
916,2020-07-23 02:08:41,2020-07-23 03:32:53,32.8,97.6,123.45151986025378,40.33069620253165,38.324367088607595
917,2020-07-23 13:41:42,2020-07-23 14:08:02,12.8,38.4,121.34551654730905,42.276729559748425,39.729559748427675
918,2020-07-23 14:08:23,2020-07-23 14:37:23,38.4,66.0,120.1082032004831,44.89714285714286,42.85142857142857
919,2020-07-23 14:37:44,2020-07-23 15:02:14,66.0,87.2,123.88561589360584,46.0,44.351351351351354
920,2020-07-23 20:17:55,2020-07-23 20:39:45,32.4,52.0,123.38294791666667,45.121212121212125,42.31818181818182
921,2020-07-23 20:40:06,2020-07-23 21:09:26,52.4,78.8,122.3321869212963,46.81920903954802,43.91525423728814
922,2020-07-24 03:34:20,2020-07-24 04:00:50,28.4,54.0,120.60004975043404,43.25625,39.75
923,2020-07-24 04:01:11,2020-07-24 04:27:11,54.4,78.0,122.34288094397363,45.0,41.732484076433124
924,2020-07-24 04:27:32,2020-07-24 04:53:02,78.4,95.6,126.6020826873386,45.0,41.62987012987013
925,2020-07-24 16:10:02,2020-07-24 16:41:12,50.8,80.4,122.85520030968465,43.505319148936174,41.59574468085106
926,2020-07-24 16:41:33,2020-07-24 17:04:33,80.8,97.2,127.46360069444442,44.0,42.0
927,2020-07-25 00:59:56,2020-07-25 02:05:50,29.2,82.8,122.72707148372722,42.52929292929293,39.76767676767677
928,2020-07-25 06:27:15,2020-07-25 07:02:36,28.4,62.0,121.80769916501323,43.16822429906542,39.94859813084112
929,2020-07-25 07:02:57,2020-07-25 07:32:27,62.4,87.6,124.62909435626106,45.0,42.0
930,2020-07-25 07:32:48,2020-07-25 07:50:08,87.6,97.6,126.90692402777776,45.0,42.0
931,2020-07-25 15:24:44,2020-07-25 15:54:34,24.8,46.0,121.95230529350106,45.37777777777778,43.41111111111111
932,2020-07-25 15:54:55,2020-07-25 16:28:15,46.0,70.0,120.29397384259259,47.08457711442786,45.47761194029851
933,2020-07-25 16:28:36,2020-07-25 16:48:16,70.0,84.0,121.69047063492062,48.0,46.0
934,2020-07-26 03:20:37,2020-07-26 03:52:57,19.2,40.4,122.01257861635222,39.241025641025644,36.666666666666664
935,2020-07-26 03:53:18,2020-07-26 04:21:08,40.4,58.8,121.01449275362319,40.63095238095238,38.285714285714285
936,2020-07-26 04:21:29,2020-07-26 04:51:59,59.2,79.2,122.00277805555557,41.0,39.0
937,2020-07-26 17:56:04,2020-07-26 18:24:44,19.2,46.4,122.8415938010621,41.94219653179191,40.24277456647399
938,2020-07-26 18:25:05,2020-07-26 18:55:35,46.8,75.2,121.08128824334896,44.68478260869565,42.79347826086956
939,2020-07-26 18:55:56,2020-07-26 19:27:56,75.6,97.2,127.88065432098763,45.031088082901555,43.15025906735751
940,2020-07-27 13:31:26,2020-07-27 14:15:04,16.8,58.4,122.2082025106838,40.71951219512195,38.734756097560975
941,2020-07-27 14:38:25,2020-07-27 15:04:58,58.8,86.0,113.71354486315359,43.265,41.225
942,2020-07-27 23:08:43,2020-07-27 23:59:36,21.2,62.8,122.29123711939106,40.78590078328982,38.61096605744125
943,2020-07-28 00:00:00,2020-07-28 00:34:49,63.2,90.8,124.24909785628022,43.0,40.85114503816794
944,2020-07-28 04:17:44,2020-07-28 04:40:54,67.6,89.2,123.90623386059664,40.142857142857146,36.92857142857143
945,2020-07-28 11:50:37,2020-07-28 12:58:24,36.0,90.8,122.70684225466341,40.23968565815324,38.72691552062869
946,2020-07-28 17:47:24,2020-07-28 18:20:06,52.8,79.6,121.89464319548094,42.96341463414634,41.146341463414636
947,2020-07-29 01:00:55,2020-07-29 01:28:05,29.6,55.6,122.2510858974359,40.9390243902439,38.56707317073171
948,2020-07-29 01:28:26,2020-07-29 01:58:56,56.0,84.8,123.98391816165126,43.71739130434783,41.35326086956522
949,2020-07-29 06:34:33,2020-07-29 07:03:23,67.2,92.4,124.04597867063491,41.0,37.5919540229885
950,2020-07-29 20:30:41,2020-07-29 21:30:03,37.2,91.6,123.56846069495508,41.28699551569507,39.53811659192825
951,2020-08-01 15:13:24,2020-08-01 15:39:44,51.6,69.2,125.04974084595959,31.72327044025157,30.10691823899371
952,2020-08-01 15:40:05,2020-08-01 16:10:45,69.6,90.4,123.11300534188032,32.67567567567568,31.0
953,2020-08-02 03:17:48,2020-08-02 03:50:48,20.0,51.6,122.53162851617437,34.18090452261306,32.301507537688444
954,2020-08-02 03:51:09,2020-08-02 04:21:09,52.0,80.8,122.22799286265433,37.530386740331494,35.51381215469613
955,2020-08-02 04:21:30,2020-08-02 04:45:20,81.2,97.6,127.17480707994586,38.72222222222222,36.0
956,2020-08-02 18:49:35,2020-08-02 19:08:05,14.0,31.6,122.65625236742426,35.410714285714285,33.1875
957,2020-08-02 19:08:26,2020-08-02 19:41:46,32.0,64.0,121.54687690972222,38.27363184079602,36.17910447761194
958,2020-08-02 19:42:07,2020-08-02 20:04:37,64.4,85.6,123.90331014150951,40.61764705882353,38.5735294117647
959,2020-08-03 00:23:58,2020-08-03 00:50:18,58.8,74.8,123.4375,38.0,35.0
960,2020-08-03 00:50:39,2020-08-03 01:19:29,74.8,92.4,122.59311868686864,38.0,35.0
961,2020-08-03 20:08:14,2020-08-03 20:34:34,41.2,66.4,122.07563172398591,33.937106918238996,32.264150943396224
962,2020-08-03 20:34:55,2020-08-03 21:01:35,66.8,90.8,122.65452343749999,35.63975155279503,33.91304347826087
963,2020-08-04 04:45:46,2020-08-04 05:12:46,77.2,97.6,122.1936403867103,32.99386503067485,31.042944785276074
964,2020-08-04 14:31:29,2020-08-04 14:56:49,37.2,54.4,122.61142135012923,35.30065359477124,33.287581699346404
965,2020-08-04 14:57:10,2020-08-04 15:23:20,54.8,72.8,121.02699529320988,36.0,34.4746835443038
966,2020-08-04 15:23:41,2020-08-04 15:52:41,72.8,92.0,124.18909280960644,36.64,35.0
967,2020-08-04 21:26:14,2020-08-04 21:54:44,70.8,95.2,118.06409374999998,35.9593023255814,32.9593023255814
968,2020-08-05 15:49:57,2020-08-05 16:12:47,26.4,41.6,124.6829810855263,30.536231884057973,28.442028985507246
969,2020-08-05 16:13:08,2020-08-05 16:39:28,42.0,60.4,118.786279589372,32.509433962264154,30.50943396226415
970,2020-08-05 16:39:49,2020-08-05 17:08:19,60.4,80.0,120.68882397959186,33.95348837209303,31.540697674418606
971,2020-08-05 17:08:40,2020-08-05 17:36:50,80.0,97.6,125.52163865214649,34.1764705882353,32.0
972,2020-08-06 11:29:56,2020-08-06 12:58:56,35.2,89.6,122.70547416258171,34.03443113772455,32.528443113772454
973,2020-08-06 19:31:28,2020-08-06 21:07:16,39.6,97.6,123.51427233716477,38.53685674547983,36.57719054242003
974,2020-08-07 03:47:17,2020-08-07 04:49:52,44.4,97.6,123.59475365758148,37.51702127659574,35.3
975,2020-08-07 14:52:35,2020-08-07 15:13:15,22.4,42.4,120.56388972222223,37.664,35.952
976,2020-08-07 15:16:54,2020-08-07 15:40:57,45.6,69.2,118.90360293079094,40.42465753424658,38.897260273972606
977,2020-08-07 15:41:18,2020-08-07 16:10:08,69.6,93.6,124.0503464699074,41.833333333333336,40.0
978,2020-08-08 00:54:47,2020-08-08 01:11:47,46.4,62.4,123.98264131944445,38.407766990291265,36.10679611650485
979,2020-08-08 01:12:08,2020-08-08 01:40:38,62.8,89.2,123.8762607323232,39.593023255813954,37.348837209302324
980,2020-08-08 06:26:06,2020-08-08 06:57:26,73.2,97.2,124.40855775462964,38.0,35.83068783068783
981,2020-08-08 14:38:10,2020-08-08 14:56:20,81.6,93.6,123.9537289351852,40.0,38.68181818181818
982,2020-08-08 20:01:48,2020-08-08 21:12:07,44.4,97.6,124.72413993577696,42.59090909090909,40.56439393939394
983,2020-08-09 08:08:45,2020-08-09 08:35:55,48.0,74.0,123.10632179487182,35.76829268292683,33.457317073170735
984,2020-08-09 08:36:16,2020-08-09 09:02:46,74.4,95.2,124.46382505341886,37.0,34.81875
985,2020-08-09 14:40:10,2020-08-09 15:09:20,64.8,91.6,121.05619558457714,40.86931818181818,39.39204545454545
986,2020-08-09 23:47:59,2020-08-10 00:22:29,42.8,75.2,122.72549785665296,40.70192307692308,38.53846153846154
987,2020-08-10 00:22:50,2020-08-10 00:48:40,75.6,95.6,123.91183368055559,42.0,40.0
988,2020-08-10 16:22:51,2020-08-10 16:49:01,15.2,33.2,122.54785895061728,40.95569620253165,39.0126582278481
989,2020-08-10 16:49:22,2020-08-10 17:16:22,33.6,52.0,123.65717096920292,42.29447852760736,40.423312883435585
990,2020-08-10 17:16:43,2020-08-10 17:45:13,52.4,72.0,122.51843735827666,43.86046511627907,41.83720930232558
991,2020-08-10 17:45:34,2020-08-10 18:13:04,72.4,90.8,125.4061192632851,44.0,42.0
992,2020-08-11 19:57:27,2020-08-11 20:28:17,38.4,59.6,119.88861687631025,36.365591397849464,35.053763440860216
993,2020-08-11 20:28:38,2020-08-11 20:57:38,59.6,79.2,121.95435388321995,37.93142857142857,36.08
994,2020-08-11 20:57:59,2020-08-11 21:23:09,79.6,95.2,127.47685113960104,38.0,37.0
995,2020-08-12 03:28:38,2020-08-12 03:54:38,28.0,52.8,122.46585276657709,39.554140127388536,35.961783439490446
996,2020-08-12 03:54:59,2020-08-12 04:23:39,53.2,80.8,121.3566994766506,41.41618497109827,37.91329479768786
997,2020-08-12 04:24:00,2020-08-12 04:47:40,81.2,97.6,125.58520858739845,41.50349650349651,38.0
998,2020-08-12 08:47:57,2020-08-12 09:12:37,70.8,92.0,123.08175589622638,37.79194630872483,33.86577181208054
999,2020-08-13 17:04:51,2020-08-13 17:32:01,20.4,46.4,121.63248931623936,32.176829268292686,30.75609756097561
1000,2020-08-13 17:32:22,2020-08-13 18:00:02,46.8,73.2,122.001797611532,35.35928143712575,34.053892215568865
1001,2020-08-13 18:00:23,2020-08-13 18:32:13,73.6,97.6,124.5092590277778,36.947916666666664,35.661458333333336
1002,2020-08-14 04:25:45,2020-08-14 04:55:25,37.2,54.0,117.9811762566138,33.63687150837989,31.620111731843576
1003,2020-08-14 04:55:46,2020-08-14 05:29:46,54.0,72.8,120.84665528959813,34.96585365853659,33.0
1004,2020-08-14 05:30:07,2020-08-14 05:56:47,73.2,87.6,123.8474459876544,35.0,33.0
1005,2020-08-14 05:57:08,2020-08-14 06:15:48,87.6,97.6,124.74725250000003,35.0,33.0
1006,2020-08-14 16:15:47,2020-08-14 16:45:17,27.6,55.6,122.58087633928574,35.51685393258427,33.37640449438202
1007,2020-08-14 16:45:58,2020-08-14 17:16:28,56.4,85.6,121.6704628995434,38.33695652173913,36.119565217391305
1008,2020-08-14 17:16:49,2020-08-14 17:35:49,85.6,97.6,125.78704386574076,39.0,37.0
1009,2020-08-16 12:13:34,2020-08-16 12:38:24,44.4,68.0,122.6112272245763,32.68,31.85333333333333
1010,2020-08-16 12:38:45,2020-08-16 13:09:05,68.0,93.6,122.82716205512159,34.68852459016394,33.82513661202186
1011,2020-08-17 11:41:28,2020-08-17 12:40:11,36.8,91.2,122.27224001736113,36.807256235827666,35.058956916099774
1012,2020-08-18 13:18:38,2020-08-18 14:32:25,16.4,86.8,121.953525457702,38.707581227436826,36.761732851985556
1013,2020-08-18 21:29:46,2020-08-18 21:58:06,47.6,74.8,121.68557429534317,37.12280701754386,34.251461988304094
1014,2020-08-18 21:58:27,2020-08-18 22:28:37,74.8,97.6,124.20627174707603,38.0,35.14835164835165
1015,2020-08-19 03:50:48,2020-08-19 04:16:08,67.6,81.2,121.60129969362737,34.0,30.37908496732026
1016,2020-08-19 04:16:29,2020-08-19 04:43:49,81.2,96.0,123.01706897522524,34.0,31.0
1017,2020-08-19 16:53:28,2020-08-19 17:27:08,26.8,59.2,120.69017614026063,31.12807881773399,29.236453201970445
1018,2020-08-19 17:27:29,2020-08-19 17:52:39,59.2,83.2,121.87212980324074,34.171052631578945,32.375
1019,2020-08-19 17:53:00,2020-08-19 18:10:00,83.6,95.2,124.11877861590035,35.0,33.0
1020,2020-08-20 05:28:36,2020-08-20 06:02:36,18.0,36.4,122.9166394927536,31.302439024390242,29.629268292682926
1021,2020-08-20 06:02:57,2020-08-20 06:33:07,36.8,53.6,119.47500967261901,32.92857142857143,31.456043956043956
1022,2020-08-20 06:33:28,2020-08-20 07:01:48,53.6,69.2,120.83152759971509,34.0,32.707602339181285
1023,2020-08-20 07:02:09,2020-08-20 07:35:09,69.6,87.2,124.75534169823223,34.618090452261306,33.0
1024,2020-08-20 07:35:30,2020-08-20 07:54:50,87.6,97.6,128.6194175,35.0,33.0
1025,2020-08-21 04:31:06,2020-08-21 04:55:16,32.4,45.2,123.10111775173607,34.0,32.02054794520548
1026,2020-08-21 04:55:37,2020-08-21 05:28:57,45.6,64.4,117.99347783687939,35.54726368159204,33.492537313432834
1027,2020-08-21 05:29:18,2020-08-21 06:01:18,64.4,82.0,120.96904135101015,36.0,34.0
1028,2020-08-21 06:01:39,2020-08-21 06:23:39,82.0,94.0,121.99071759259259,36.0,34.0
1029,2020-08-21 17:05:06,2020-08-21 17:34:16,23.6,53.6,120.93705324074078,41.55113636363637,39.55681818181818
1030,2020-08-21 17:34:37,2020-08-21 18:01:57,54.0,80.4,121.61985695496631,44.587878787878786,42.67272727272727
1031,2020-08-22 03:13:20,2020-08-22 03:41:40,20.8,48.0,121.95212882965687,37.146198830409354,34.73684210526316
1032,2020-08-22 03:42:01,2020-08-22 04:17:31,48.4,82.4,122.19814195261438,40.23831775700935,37.58878504672897
1033,2020-08-22 04:17:52,2020-08-22 04:39:52,82.8,97.6,127.12841676051052,40.46616541353384,38.0
1034,2020-08-22 17:09:08,2020-08-22 17:33:38,12.8,36.4,122.16161964453865,41.5,39.358108108108105
1035,2020-08-22 17:33:59,2020-08-22 18:06:59,36.8,68.4,119.80266640295353,44.09045226130653,41.92964824120603
1036,2020-08-22 18:07:20,2020-08-22 18:38:00,68.4,92.4,122.33971093749997,45.32432432432432,42.945945945945944
1037,2020-08-23 03:33:20,2020-08-23 03:59:10,14.8,30.8,121.07291710069444,37.0,34.0
1038,2020-08-23 03:59:31,2020-08-23 04:26:31,30.8,47.6,120.53571428571428,37.68098159509202,34.65644171779141
1039,2020-08-23 04:26:52,2020-08-23 04:54:02,48.0,65.2,118.45930232558138,38.96341463414634,35.94512195121951
1040,2020-08-23 04:54:23,2020-08-23 05:20:33,65.2,81.2,122.65625,39.0,36.0
1041,2020-08-23 05:20:54,2020-08-23 05:48:14,81.6,97.6,126.13281249999999,39.0,36.0
1042,2020-08-23 14:57:47,2020-08-23 15:17:07,77.2,88.8,124.65277227011502,34.0,32.794871794871796
1043,2020-08-23 20:53:15,2020-08-23 21:24:05,60.4,71.2,123.71399176954728,37.0,35.0
1044,2020-08-23 21:24:26,2020-08-23 21:52:36,71.6,81.6,122.05555555555556,36.28235294117647,35.0
1045,2020-08-23 21:52:57,2020-08-23 22:26:37,81.6,93.2,125.76628352490411,36.0,34.23645320197044
1046,2020-08-24 14:02:01,2020-08-24 14:33:21,21.2,51.2,121.68981564814815,39.455026455026456,38.10582010582011
1047,2020-08-24 14:33:42,2020-08-24 15:03:22,51.6,80.0,121.66031421165886,42.6536312849162,41.150837988826815
1048,2020-08-24 15:03:43,2020-08-24 15:23:23,80.4,94.8,126.02238898533959,43.30252100840336,42.0
1049,2020-08-24 21:01:31,2020-08-24 21:50:37,56.8,97.6,123.61955779207517,41.93766937669377,39.0
1050,2020-08-25 02:00:09,2020-08-25 02:34:19,71.2,97.6,124.45603493266,41.0,37.9126213592233
1051,2020-08-25 15:48:03,2020-08-25 16:15:13,7.2,33.6,120.27095538720538,42.27439024390244,40.30487804878049
1052,2020-08-25 16:15:34,2020-08-25 16:45:54,34.0,62.0,122.18305367063493,44.868852459016395,43.09289617486339
1053,2020-08-25 16:46:15,2020-08-25 17:17:15,62.0,88.0,124.0865561965812,46.98930481283423,45.0
1054,2020-08-26 01:03:15,2020-08-26 01:31:15,38.8,54.4,119.98400427350428,41.18343195266272,38.14792899408284
1055,2020-08-26 01:31:36,2020-08-26 02:01:06,54.4,70.8,120.3540272696477,42.0,39.0
1056,2020-08-26 02:01:27,2020-08-26 02:32:17,71.2,87.6,125.74274813685645,42.0,39.0
1057,2020-08-26 06:52:39,2020-08-26 07:22:49,71.2,95.6,123.53255595400734,39.84615384615385,36.467032967032964
1058,2020-08-26 14:12:10,2020-08-26 14:47:07,46.4,79.6,122.48427807898261,40.847908745247146,39.01901140684411
1059,2020-08-27 03:11:04,2020-08-27 04:13:31,44.8,97.6,123.7223425662879,33.23880597014925,31.769722814498934
1060,2020-08-27 06:55:55,2020-08-27 07:21:15,69.6,86.4,113.39288244047614,34.0,31.954248366013072
1061,2020-08-27 07:21:36,2020-08-27 07:39:56,86.8,97.6,125.23793981481484,34.0,32.0
1062,2020-08-27 12:18:35,2020-08-27 12:50:15,60.0,89.6,122.53567234421926,37.31413612565445,34.92146596858639
1063,2020-08-28 00:35:26,2020-08-28 01:02:26,25.6,52.0,119.18454135101011,38.60122699386503,36.76687116564417
1064,2020-08-28 01:02:47,2020-08-28 01:27:27,52.0,76.0,119.77776481481479,41.29530201342282,39.30201342281879
1065,2020-08-28 01:27:48,2020-08-28 01:56:38,76.4,97.6,125.6164838836479,42.0,40.0
1066,2020-08-28 20:56:40,2020-08-28 21:25:00,24.0,50.8,123.21206871890548,39.380116959064324,37.27485380116959
1067,2020-08-28 21:25:21,2020-08-28 21:56:21,51.2,80.8,122.0336031343844,42.22994652406417,39.893048128342244
1068,2020-08-28 21:56:42,2020-08-28 22:20:42,80.8,97.6,126.2243869874339,43.0,41.0
1069,2020-08-29 03:59:04,2020-08-29 04:22:44,43.6,66.0,123.20869983878968,40.15384615384615,37.12587412587413
1070,2020-08-29 04:23:05,2020-08-29 04:47:45,66.4,89.2,123.39484606481483,41.31543624161074,38.2751677852349
1071,2020-08-29 13:25:57,2020-08-29 13:54:07,50.0,76.8,122.00561453150915,41.23529411764706,39.36470588235294
1072,2020-08-29 13:54:28,2020-08-29 14:20:38,76.8,96.4,125.35644508219951,42.24050632911393,40.70886075949367
1073,2020-08-29 22:51:55,2020-08-29 23:24:35,34.4,52.4,121.25079791666667,37.43654822335025,35.263959390862944
1074,2020-08-29 23:24:56,2020-08-29 23:52:56,52.4,68.0,119.81126887464389,38.76923076923077,36.0
1075,2020-08-29 23:53:17,2020-08-30 00:24:07,68.0,84.8,122.63726372354502,39.0,36.0
1076,2020-08-30 00:24:28,2020-08-30 00:48:38,84.8,97.6,126.1827571614584,39.0,36.0
1077,2020-08-30 19:11:16,2020-08-30 20:08:55,16.0,70.8,122.47499446725469,41.11778290993072,39.48498845265589
1078,2020-08-31 00:45:51,2020-08-31 01:47:37,34.8,85.2,122.60714876543209,41.00431034482759,38.38793103448276
1079,2020-08-31 12:59:25,2020-08-31 13:28:45,33.2,61.6,121.61142165492961,37.57627118644068,36.24858757062147
1080,2020-08-31 13:29:06,2020-08-31 14:00:26,62.0,90.8,122.18751687885805,39.73015873015873,38.439153439153436
1081,2020-09-01 13:36:34,2020-09-01 13:57:34,27.2,47.2,122.32428937499995,39.188976377952756,37.40157480314961
1082,2020-09-01 13:57:55,2020-09-01 14:28:55,47.6,77.2,122.05422869744741,42.17112299465241,40.39572192513369
1083,2020-09-01 14:29:16,2020-09-01 14:57:06,77.2,97.6,125.49767776416132,43.785714285714285,42.0
1084,2020-09-02 01:38:25,2020-09-02 02:02:05,68.0,89.6,122.77201845421814,39.21678321678322,36.55944055944056
1085,2020-09-02 12:12:46,2020-09-02 12:59:04,46.0,83.6,123.30327737145393,38.97701149425287,37.60344827586207
1086,2020-09-02 21:41:53,2020-09-02 22:11:03,40.4,68.8,122.0794421948357,42.1875,40.28409090909091
1087,2020-09-02 22:11:24,2020-09-02 22:39:04,69.2,93.2,123.39004670138888,43.8502994011976,41.67065868263473
1088,2020-09-03 09:01:48,2020-09-03 09:28:58,51.6,78.0,122.33061026936029,39.25,37.15853658536585
1089,2020-09-03 09:29:19,2020-09-03 09:55:29,78.4,97.6,126.36864120370379,40.0,38.0
1090,2020-09-03 18:46:11,2020-09-03 19:02:51,30.8,46.4,124.75873602207979,40.56435643564357,39.0990099009901
1091,2020-09-03 19:03:12,2020-09-03 19:34:02,46.8,76.4,121.59159797297295,43.12903225806452,41.38709677419355
1092,2020-09-03 19:34:23,2020-09-03 20:02:53,76.4,97.6,125.37932894392041,44.0,42.0
1093,2020-09-04 01:14:21,2020-09-04 01:40:41,49.2,67.2,121.29479783950619,44.0,40.64779874213836
1094,2020-09-04 01:41:02,2020-09-04 02:13:42,67.2,89.2,123.22605795454548,44.0,40.0
1095,2020-09-04 11:46:19,2020-09-04 12:11:49,61.2,78.4,123.76294137596898,36.97402597402598,33.0
1096,2020-09-04 12:12:10,2020-09-04 12:41:00,78.4,96.8,123.97496573067642,37.0,33.91954022988506
1097,2020-09-05 09:04:20,2020-09-05 10:18:55,43.2,97.6,123.39531192044528,32.698214285714286,31.244642857142857
1098,2020-09-05 20:11:30,2020-09-05 20:38:40,44.0,70.0,121.61807056623934,37.11585365853659,35.176829268292686
1099,2020-09-05 20:39:01,2020-09-05 21:11:21,70.0,96.0,123.53633162393163,38.666666666666664,36.748717948717946
1100,2020-09-06 08:44:25,2020-09-06 09:32:43,57.6,97.6,123.74826992361115,33.69972451790633,32.5564738292011
1101,2020-09-06 20:32:43,2020-09-06 21:05:03,29.6,60.8,122.0303769586895,37.68205128205128,36.12307692307692
1102,2020-09-06 21:05:24,2020-09-06 21:28:44,61.2,83.6,122.65502728174607,39.91489361702128,38.08510638297872
1103,2020-09-06 21:29:05,2020-09-06 21:49:45,84.0,97.6,128.29148815359483,40.0,38.512
1104,2020-09-07 03:37:07,2020-09-07 04:09:57,29.2,61.2,120.70617773437505,39.207070707070706,36.2979797979798
1105,2020-09-07 04:10:18,2020-09-07 04:44:18,61.6,92.0,123.19491762609651,41.66341463414634,38.64390243902439
1106,2020-09-07 16:58:30,2020-09-07 17:30:10,2.8,24.4,122.2003627186214,38.31937172774869,37.0
1107,2020-09-07 17:30:31,2020-09-07 18:05:41,24.4,48.8,120.10473588342442,39.490566037735846,37.84905660377358
1108,2020-09-07 18:06:02,2020-09-07 18:36:32,48.8,69.6,122.19551282051285,41.69565217391305,39.755434782608695
1109,2020-09-07 18:36:53,2020-09-07 19:04:03,69.6,88.0,123.04196905193233,42.36585365853659,40.0
1110,2020-09-07 19:04:24,2020-09-07 19:20:54,88.0,97.6,129.08421918402786,43.0,40.0
1111,2020-09-08 20:53:04,2020-09-08 21:23:14,22.8,51.6,122.24778612075615,33.31318681318681,31.73076923076923
1112,2020-09-08 21:23:35,2020-09-08 21:52:55,52.0,80.0,122.27282251984126,36.52542372881356,34.89265536723164
1113,2020-09-08 21:53:16,2020-09-08 22:17:46,80.4,97.6,124.45820413436705,37.79054054054054,36.0
1114,2020-09-09 15:56:18,2020-09-09 16:31:56,41.2,69.6,121.69866073943668,35.5,33.69444444444444
1115,2020-09-09 16:32:17,2020-09-09 16:58:57,70.0,89.6,124.22903762755107,37.0,35.04968944099379
1116,2020-09-10 06:13:49,2020-09-10 06:42:19,30.0,53.2,122.67481872605363,32.848837209302324,30.86627906976744
1117,2020-09-10 06:42:40,2020-09-10 07:12:00,53.6,76.4,122.42691179337228,35.333333333333336,33.14124293785311
1118,2020-09-10 07:12:21,2020-09-10 07:43:41,76.8,97.6,124.95659642094019,36.0,34.0
1119,2020-09-10 16:44:49,2020-09-10 17:04:19,31.2,49.6,124.24818674516906,38.855932203389834,36.889830508474574
1120,2020-09-10 17:04:40,2020-09-10 17:33:00,50.0,77.2,122.3529368872549,40.771929824561404,38.78947368421053
1121,2020-09-10 17:33:21,2020-09-10 18:00:41,77.6,97.6,125.55139368055555,41.96969696969697,39.593939393939394
1122,2020-09-11 00:02:34,2020-09-11 00:29:54,76.4,96.8,125.75505787037045,39.0,36.04242424242424
1123,2020-09-11 07:26:47,2020-09-11 08:54:27,20.0,97.6,122.40272957653211,38.56231003039514,35.77051671732523
1124,2020-09-11 22:03:09,2020-09-11 22:26:49,24.0,46.4,123.90438665674608,35.62237762237762,34.05594405594405
1125,2020-09-11 22:27:10,2020-09-11 22:54:50,46.8,74.0,119.33413909313724,38.47904191616767,36.89820359281437
1126,2020-09-11 22:55:11,2020-09-11 23:23:41,74.0,96.4,122.29415414186504,39.91279069767442,38.0
1127,2020-09-12 03:53:39,2020-09-12 04:12:09,59.2,76.8,122.61126680871214,35.955357142857146,32.625
1128,2020-09-12 04:12:30,2020-09-12 04:40:20,76.8,97.6,124.34561965811967,36.80952380952381,33.0
1129,2020-09-12 12:12:09,2020-09-12 12:44:39,28.8,59.6,122.90314484126985,35.37755102040816,33.673469387755105
1130,2020-09-12 12:45:00,2020-09-12 13:12:00,60.0,85.6,122.73004709201393,37.895705521472394,36.29447852760736
1131,2020-09-12 13:12:21,2020-09-12 13:31:01,86.0,97.6,126.56849784482765,39.0,37.0
1132,2020-09-13 00:15:05,2020-09-13 00:49:05,36.0,68.8,121.18226223746615,34.68292682926829,30.853658536585368
1133,2020-09-13 00:49:26,2020-09-13 01:21:26,69.2,95.2,123.82639973290601,36.67875647668394,32.96373056994819
1134,2020-09-13 14:24:15,2020-09-13 14:51:34,46.4,72.4,122.43419042735042,38.963855421686745,36.77710843373494
1135,2020-09-13 14:51:55,2020-09-13 15:11:51,72.8,90.4,123.11948196022722,40.18181818181818,38.02479338842975
1136,2020-09-13 19:35:43,2020-09-13 19:57:33,64.4,85.2,120.5662246260684,37.90151515151515,35.56060606060606
1137,2020-09-14 02:52:56,2020-09-14 04:26:44,14.4,97.6,122.79121859809032,38.43465909090909,36.00852272727273
1138,2020-09-14 15:52:24,2020-09-14 16:44:43,31.2,81.2,121.82844952222224,37.656488549618324,35.89312977099237
1139,2020-09-15 01:41:54,2020-09-15 03:03:01,27.2,97.6,122.1931052320076,36.10344827586207,33.41543513957307
1140,2020-09-15 12:00:08,2020-09-15 12:28:08,54.4,80.8,123.88837478956228,35.75739644970414,33.70414201183432
1141,2020-09-15 12:28:29,2020-09-15 12:51:59,81.2,97.6,123.88381639566404,36.91549295774648,34.88732394366197
1142,2020-09-15 15:53:53,2020-09-15 16:12:23,76.0,89.6,123.51410447303928,35.0,31.133928571428573
1143,2020-09-16 00:16:17,2020-09-16 00:45:37,36.8,55.2,119.83245410628018,31.949152542372882,29.875706214689266
1144,2020-09-16 00:45:58,2020-09-16 01:18:08,55.6,75.6,120.93683236111117,33.30927835051546,31.144329896907216
1145,2020-09-16 01:18:29,2020-09-16 01:50:39,75.6,95.2,122.6941883503401,34.0,32.0
1146,2020-09-16 05:50:33,2020-09-16 06:20:53,73.6,97.2,123.66348958333329,34.0,31.628415300546447
1147,2020-09-16 17:47:41,2020-09-16 18:09:31,12.0,23.2,125.68697351562498,35.0,33.0
1148,2020-09-16 18:09:52,2020-09-16 18:36:32,23.6,38.0,123.16548013117286,35.36024844720497,33.62111801242236
1149,2020-09-16 18:36:53,2020-09-16 19:04:33,38.0,53.2,121.06905135233914,36.65269461077844,34.74850299401198
1150,2020-09-16 19:04:54,2020-09-16 19:32:34,53.6,68.8,121.08001736111116,37.9940119760479,35.964071856287426
1151,2020-09-16 19:32:55,2020-09-16 20:01:45,69.2,84.8,122.97629335826214,38.0,36.0
1152,2020-09-16 20:02:06,2020-09-16 20:26:36,84.8,97.6,127.37302376302087,38.0,36.0
1153,2020-09-17 04:27:19,2020-09-17 04:51:09,41.2,64.0,121.93530793128657,35.99305555555556,33.3125
1154,2020-09-17 04:51:30,2020-09-17 05:12:40,64.0,84.0,123.34305597222223,37.421875,34.7421875
1155,2020-09-17 06:40:46,2020-09-17 06:58:16,72.8,84.0,117.97252120535715,37.0,33.971698113207545
1156,2020-09-17 06:58:37,2020-09-17 07:20:37,84.4,97.6,124.34980092592605,37.0,34.0
1157,2020-09-17 20:24:14,2020-09-17 20:56:24,20.4,50.8,123.17343978435677,36.21134020618557,33.94845360824742
1158,2020-09-17 20:56:45,2020-09-17 21:15:05,51.2,68.8,121.27446993371214,38.78378378378378,36.666666666666664
1159,2020-09-17 21:29:46,2020-09-17 21:59:46,71.6,95.6,123.48262719907406,39.30939226519337,37.149171270718234
1160,2020-09-18 22:42:02,2020-09-18 23:08:12,28.0,52.8,123.1070839493728,32.120253164556964,30.531645569620252
1161,2020-09-18 23:08:33,2020-09-18 23:41:13,53.2,84.4,122.04105373041307,35.02030456852792,33.36040609137056
1162,2020-09-18 23:41:34,2020-09-19 00:01:24,84.8,97.6,125.48286946614591,36.0,34.0
1163,2020-09-19 06:52:11,2020-09-19 07:22:01,26.4,44.4,124.43519814814815,32.86666666666667,29.755555555555556
1164,2020-09-19 07:22:22,2020-09-19 07:51:22,44.8,62.8,120.92825023148148,34.651428571428575,31.634285714285713
1165,2020-09-19 07:51:43,2020-09-19 08:24:33,63.2,83.2,123.3833591666667,35.85353535353536,32.76262626262626
1166,2020-09-19 08:24:54,2020-09-19 08:48:54,83.6,97.6,127.38693214285716,36.0,33.0
1167,2020-09-19 17:24:24,2020-09-19 17:45:54,26.0,46.8,122.26295279113248,35.1,32.36923076923077
1168,2020-09-19 17:46:15,2020-09-19 18:16:45,47.2,77.2,120.34954143518519,37.90217391304348,35.20652173913044
1169,2020-09-19 18:17:06,2020-09-19 18:44:26,77.2,97.6,123.50833176742928,39.0,36.084848484848486
1170,2020-09-20 01:55:14,2020-09-20 02:26:54,44.0,64.0,118.48608472222222,35.712041884816756,32.82722513089005
1171,2020-09-20 02:27:15,2020-09-20 02:55:45,64.0,81.6,121.17895028409093,36.06976744186046,33.0
1172,2020-09-20 02:56:06,2020-09-20 03:23:06,81.6,97.6,124.97045798611109,37.0,33.760736196319016
1173,2020-09-20 23:08:57,2020-09-20 23:34:47,29.2,53.6,123.23771493624773,36.743589743589745,35.01282051282051
1174,2020-09-20 23:35:08,2020-09-21 00:02:18,54.0,80.0,121.59563189102565,39.292682926829265,37.457317073170735
1175,2020-09-21 00:02:39,2020-09-21 00:27:19,80.4,97.6,126.74500847868227,40.0,38.0
1176,2020-09-21 12:28:49,2020-09-21 12:58:09,22.8,50.8,122.38245069444447,36.44632768361582,34.836158192090394
1177,2020-09-21 12:58:30,2020-09-21 13:29:20,51.2,80.8,121.65823019894897,39.52150537634409,37.82258064516129
1178,2020-09-21 13:29:41,2020-09-21 13:53:21,81.2,97.6,125.4590157520326,40.90909090909091,39.0
1179,2020-09-21 19:31:44,2020-09-21 19:58:04,71.6,93.6,124.31566186868687,39.38993710691824,37.0
1180,2020-09-22 03:04:15,2020-09-22 03:30:55,51.6,76.8,123.40884215167553,37.142857142857146,34.56521739130435
1181,2020-09-22 03:31:16,2020-09-22 03:58:46,77.2,97.2,126.45278541666667,38.0,35.12048192771084
1182,2020-09-22 13:02:16,2020-09-22 13:25:46,30.4,52.8,122.49256634424603,36.12676056338028,34.26056338028169
1183,2020-09-22 13:26:07,2020-09-22 13:53:57,53.2,79.6,122.97453914141421,38.654761904761905,36.75595238095238
1184,2020-09-22 13:54:18,2020-09-22 14:19:08,80.0,97.6,125.30777099116166,39.093333333333334,37.89333333333333
1185,2020-09-22 23:51:26,2020-09-23 00:12:36,18.4,38.8,121.04303349673206,36.6015625,34.1953125
1186,2020-09-23 00:12:57,2020-09-23 00:42:27,38.8,67.6,119.41889163773149,39.30337078651685,37.03932584269663
1187,2020-09-23 04:49:55,2020-09-23 05:33:41,62.0,97.6,124.83369231039327,39.09422492401216,36.30395136778115
1188,2020-09-23 14:22:18,2020-09-23 14:52:28,38.0,56.4,123.23523263888893,36.73626373626374,35.104395604395606
1189,2020-09-23 14:52:49,2020-09-23 15:20:59,56.8,74.0,123.09272755167959,38.0,36.00588235294118
1190,2020-09-23 15:21:20,2020-09-23 15:54:40,74.4,94.4,124.74308333333337,38.407960199004975,36.995024875621894
1191,2020-09-24 00:43:48,2020-09-24 01:09:58,31.6,48.0,119.9305821476965,31.740506329113924,29.31645569620253
1192,2020-09-24 01:26:46,2020-09-24 01:52:26,58.4,74.4,120.57988784722218,34.0,31.593548387096774
1193,2020-09-24 01:52:47,2020-09-24 02:21:47,74.8,92.4,123.4990804924242,34.0,32.0
1194,2020-09-24 07:05:16,2020-09-24 07:27:56,64.0,78.8,114.35534356231231,32.737226277372265,30.0
1195,2020-09-24 07:28:17,2020-09-24 07:53:57,78.8,94.4,122.18132264957258,33.0,30.729032258064517
1196,2020-09-24 11:46:37,2020-09-24 12:03:06,69.2,78.4,124.5564768719807,34.0,32.0
1197,2020-09-24 12:03:27,2020-09-24 12:38:55,78.4,97.6,123.92753544560196,34.0,32.665116279069764
1198,2020-09-24 19:18:00,2020-09-24 19:44:13,42.0,60.4,118.24339667874402,34.729559748427675,32.57232704402516
1199,2020-09-24 19:44:34,2020-09-24 20:15:04,60.4,81.2,121.80090204326923,36.0,33.75
1200,2020-09-25 02:18:32,2020-09-25 02:51:02,51.2,68.8,122.76039725378791,33.82142857142857,31.607142857142858
1201,2020-09-25 02:51:23,2020-09-25 03:15:23,68.8,82.0,120.84279261363635,34.0,32.0
1202,2020-09-25 03:15:44,2020-09-25 03:44:54,82.0,97.6,124.2743807870371,34.30113636363637,32.0
1203,2020-09-25 13:52:45,2020-09-25 14:09:15,39.2,49.2,124.05697194444447,34.0,32.3
1204,2020-09-25 14:09:36,2020-09-25 14:38:46,49.6,67.6,121.79786651234572,35.21590909090909,33.63636363636363
1205,2020-09-25 14:39:07,2020-09-25 15:05:07,68.0,83.6,125.27780555555562,36.0,34.0
1206,2020-09-25 15:05:28,2020-09-25 15:28:38,84.0,97.6,126.49921139705891,36.0,34.24285714285714
1207,2020-09-26 00:52:29,2020-09-26 01:18:09,31.2,55.6,122.33209853142077,37.34193548387097,34.81935483870968
1208,2020-09-26 01:18:30,2020-09-26 01:48:40,56.0,84.8,121.72841319444447,39.69230769230769,37.005494505494504
1209,2020-09-26 01:49:01,2020-09-26 02:08:51,84.8,97.6,126.2109618055556,40.0,37.266666666666666
1210,2020-09-26 15:00:27,2020-09-26 15:18:57,22.0,29.6,118.34980573830407,32.0,30.0
1211,2020-09-26 15:19:18,2020-09-26 15:49:18,29.6,41.2,123.48182483237547,32.651933701657455,30.92265193370166
1212,2020-09-26 15:49:39,2020-09-26 16:19:19,41.6,53.2,119.27086458333332,33.68156424581006,31.787709497206706
1213,2020-09-26 16:19:40,2020-09-26 16:49:30,53.6,64.8,120.05708147321432,34.705555555555556,32.67777777777778
1214,2020-09-26 16:49:51,2020-09-26 17:19:21,64.8,75.6,120.57101067386833,35.0,32.82022471910113
1215,2020-09-26 17:19:42,2020-09-26 17:49:02,75.6,86.0,122.4385882745726,35.0,33.0
1216,2020-09-26 17:49:23,2020-09-26 18:18:53,86.0,96.0,125.11671055555557,35.0,33.0
1217,2020-09-27 11:30:45,2020-09-27 12:04:55,24.0,34.4,123.1971153846154,27.058252427184467,25.966019417475728
1218,2020-09-27 12:05:16,2020-09-27 12:40:36,34.4,45.2,122.68518518518515,28.0,26.868544600938968
1219,2020-09-27 12:40:57,2020-09-27 13:13:07,45.2,56.0,111.68981481481484,28.984536082474225,27.804123711340207
1220,2020-09-27 13:13:28,2020-09-27 13:45:48,56.0,66.4,116.5865384615384,29.702564102564104,28.0
1221,2020-09-27 13:46:09,2020-09-27 14:17:09,66.4,76.0,121.09375000000007,30.0,28.0
1222,2020-09-27 14:17:30,2020-09-27 14:46:20,76.0,84.8,122.86931818181823,30.0,28.0
1223,2020-09-27 14:46:41,2020-09-27 15:18:51,84.8,94.4,125.06510416666654,30.0,28.0
1224,2020-09-28 02:08:19,2020-09-28 02:34:39,51.6,67.6,123.42708229166672,29.352201257861637,27.79874213836478
1225,2020-09-28 02:35:00,2020-09-28 03:06:20,68.0,86.8,124.99704462174941,30.0,28.608465608465607
1226,2020-09-28 03:06:41,2020-09-28 03:25:41,87.2,97.6,127.68162166132491,30.83478260869565,29.0
1227,2020-09-28 07:21:40,2020-09-28 07:53:40,62.4,90.8,122.99836854460098,31.72538860103627,29.694300518134714
1228,2020-09-28 15:59:37,2020-09-28 16:56:43,47.6,96.4,123.8100407872268,34.0979020979021,32.54312354312354
1229,2020-09-29 01:10:23,2020-09-29 01:36:23,40.4,65.2,120.90951568100358,35.84076433121019,33.62420382165605
1230,2020-09-29 01:36:44,2020-09-29 02:06:34,65.6,91.6,122.56037847222223,37.15,35.0
1231,2020-09-29 23:05:51,2020-09-29 23:37:41,22.8,53.2,122.52103399122811,35.088541666666664,33.447916666666664
1232,2020-09-29 23:38:02,2020-09-30 00:09:12,53.6,83.6,121.5685376851852,38.37234042553192,36.59574468085106
1233,2020-09-30 10:11:56,2020-09-30 10:38:26,49.6,75.2,123.12283843315971,35.8625,34.2
1234,2020-09-30 10:38:47,2020-09-30 11:06:37,75.6,96.8,125.31250248951781,37.0,35.160714285714285
1235,2020-09-30 16:35:48,2020-09-30 16:53:58,56.0,73.2,122.99337782622737,35.82727272727273,32.70909090909091
1236,2020-09-30 22:11:44,2020-09-30 22:38:44,43.2,62.0,120.57697436465722,34.88343558282209,32.466257668711656
1237,2020-09-30 22:39:05,2020-09-30 22:59:15,62.0,76.0,120.84625228174606,36.0,33.0
1238,2020-09-30 23:13:26,2020-09-30 23:36:26,76.0,91.2,123.66317041301164,36.0,33.589928057553955
1239,2020-10-01 03:58:58,2020-10-01 04:25:48,42.0,67.2,123.3399469797178,35.30246913580247,32.26543209876543
1240,2020-10-01 04:26:09,2020-10-01 04:53:59,67.6,91.6,123.3015101273148,36.964285714285715,33.94047619047619
1241,2020-10-01 09:02:51,2020-10-01 09:36:01,65.2,86.4,125.55032953354295,34.0,30.24
1242,2020-10-01 09:36:22,2020-10-01 09:53:32,86.8,96.0,123.30013903985501,34.0,31.0
1243,2020-10-01 20:02:02,2020-10-01 20:49:48,48.8,92.0,122.57029261188272,36.23529411764706,34.397923875432525
1244,2020-10-02 15:56:48,2020-10-02 16:29:37,31.6,51.6,123.0631945138889,37.535353535353536,35.45959595959596
1245,2020-10-02 16:29:58,2020-10-02 16:59:28,52.0,70.0,122.91666666666667,39.0,36.98314606741573
1246,2020-10-02 16:59:49,2020-10-02 17:28:49,70.4,88.0,123.5795454545455,39.65714285714286,37.537142857142854
1247,2020-10-04 15:47:28,2020-10-04 16:14:18,29.6,55.2,121.17296245659723,38.51851851851852,36.58641975308642
1248,2020-10-04 16:14:39,2020-10-04 16:47:59,55.2,86.8,121.97828098628696,41.2636815920398,39.38805970149254
1249,2020-10-04 16:48:20,2020-10-04 17:06:00,87.2,97.6,127.84325921474375,42.0,40.0
1250,2020-10-05 01:05:43,2020-10-05 01:26:23,34.0,54.0,120.90001722222223,37.872,35.328
1251,2020-10-05 01:26:44,2020-10-05 01:56:44,54.4,82.8,123.58667644757435,40.19889502762431,37.646408839779006
1252,2020-10-05 01:57:05,2020-10-05 02:18:35,83.2,97.6,126.82294483024698,41.0,38.09230769230769
1253,2020-10-05 19:40:58,2020-10-05 20:30:20,48.0,92.0,123.94231678030303,35.889487870619945,34.04582210242587
1254,2020-10-06 07:26:39,2020-10-06 08:08:57,63.6,97.6,123.66789749183012,35.60377358490566,32.9622641509434
1255,2020-10-06 18:28:16,2020-10-06 18:54:46,36.8,62.4,120.56477067057291,33.575,31.925
1256,2020-10-06 18:55:07,2020-10-06 19:29:47,62.4,92.4,123.43887111111107,35.76555023923445,34.32057416267943
1257,2020-10-07 02:19:59,2020-10-07 02:42:09,39.2,60.4,121.74397575995812,32.40298507462686,29.597014925373134
1258,2020-10-07 02:42:30,2020-10-07 03:11:50,60.8,88.4,122.35556446256035,34.389830508474574,31.576271186440678
1259,2020-10-07 19:09:15,2020-10-07 19:35:16,20.8,45.6,123.35921646505375,30.664556962025316,29.20253164556962
1260,2020-10-07 19:35:37,2020-10-07 19:59:57,46.0,70.0,119.24248790509257,33.49659863945578,32.23809523809524
1261,2020-10-07 20:00:18,2020-10-07 20:23:13,70.4,90.4,124.01807361111112,34.985611510791365,33.57553956834533
1262,2020-10-08 02:29:47,2020-10-08 03:45:59,31.2,97.6,122.9223418821118,34.92482517482517,32.11888111888112
1263,2020-10-08 13:51:02,2020-10-08 14:21:42,25.2,44.0,122.33451477541371,30.38918918918919,28.745945945945945
1264,2020-10-08 14:22:03,2020-10-08 14:52:53,44.4,64.0,117.9081556122449,32.6505376344086,31.032258064516128
1265,2020-10-08 14:53:14,2020-10-08 15:24:14,64.0,83.2,121.09374999999997,33.844919786096256,32.0
1266,2020-10-08 15:24:35,2020-10-08 15:49:05,83.6,97.6,127.42658640873015,34.0,32.439189189189186
1267,2020-10-09 01:51:46,2020-10-09 02:18:06,34.8,60.0,121.95933223104056,30.28930817610063,28.59748427672956
1268,2020-10-09 02:18:27,2020-10-09 02:50:47,60.4,90.0,121.89048878566065,32.712820512820514,31.092307692307692
1269,2020-10-09 11:48:20,2020-10-09 12:17:50,66.8,92.0,123.88394031084655,31.426966292134832,29.634831460674157
1270,2020-10-09 20:12:19,2020-10-09 20:31:49,54.0,66.8,126.54624446614588,31.75423728813559,29.93220338983051
1271,2020-10-09 20:32:10,2020-10-09 21:00:20,67.2,86.0,124.52053745567378,32.3235294117647,30.611764705882354
1272,2020-10-09 21:00:41,2020-10-09 21:20:11,86.4,97.6,127.09200322420644,33.0,31.0
1273,2020-10-10 03:23:19,2020-10-10 03:53:09,66.4,84.8,122.41400332125612,31.116666666666667,29.0
1274,2020-10-10 13:02:37,2020-10-10 13:31:27,15.2,32.8,123.41622056502528,33.132183908045974,31.373563218390803
1275,2020-10-10 13:31:48,2020-10-10 13:59:58,32.8,50.8,117.88274212962966,34.8235294117647,33.32941176470588
1276,2020-10-10 14:00:19,2020-10-10 14:29:39,50.8,69.6,117.54139716312059,36.69491525423729,34.932203389830505
1277,2020-10-10 14:30:00,2020-10-10 15:00:00,69.6,88.0,122.82611413043476,37.370165745856355,35.988950276243095
1278,2020-10-10 15:00:21,2020-10-10 15:28:51,88.4,99.6,133.1262905505954,38.0,36.0
1279,2020-10-10 22:56:32,2020-10-10 23:18:42,46.8,67.6,124.46448571047011,34.992537313432834,32.47761194029851
1280,2020-10-10 23:19:03,2020-10-10 23:45:33,68.0,91.2,123.58537853208811,36.0,33.6375
1281,2020-10-12 20:20:07,2020-10-12 20:50:17,28.8,58.0,120.55222873858446,35.532967032967036,33.64835164835165
1282,2020-10-12 21:57:00,2020-10-12 22:15:30,74.0,90.4,122.62280242208665,37.57142857142857,35.625
1283,2020-10-13 05:58:32,2020-10-13 06:23:32,44.4,68.0,123.71411340630884,33.45695364238411,31.185430463576157
1284,2020-10-13 06:23:53,2020-10-13 06:55:33,68.4,94.4,124.4327122863248,35.20942408376963,32.82722513089005
1285,2020-10-13 15:19:25,2020-10-13 15:45:15,44.0,60.0,121.90109548611115,35.44230769230769,33.37179487179487
1286,2020-10-13 15:45:36,2020-10-13 16:10:56,60.4,76.0,122.60689173789171,36.0,34.0
1287,2020-10-13 16:11:17,2020-10-13 16:39:37,76.0,93.2,123.95838824289405,36.865497076023395,34.0
1288,2020-10-14 06:10:37,2020-10-14 06:40:57,63.2,74.0,121.70781893004119,28.0,26.30054644808743
1289,2020-10-14 06:41:18,2020-10-14 07:13:58,74.0,85.6,122.03304621647517,28.0,27.0
1290,2020-10-14 15:40:45,2020-10-14 16:05:45,55.2,70.4,123.35526315789471,31.0,29.62251655629139
1291,2020-10-14 16:06:06,2020-10-14 16:37:38,70.4,89.6,123.1770833333334,31.544502617801047,30.0
1292,2020-10-14 23:28:26,2020-10-15 00:14:59,60.0,88.4,123.51391982589983,32.81494661921708,30.683274021352315
1293,2020-10-15 06:42:54,2020-10-15 07:07:54,78.0,93.2,123.76650219298246,31.1523178807947,29.31788079470199
1294,2020-10-15 11:19:09,2020-10-15 11:36:49,86.8,97.6,125.59027250514407,32.96261682242991,31.0
1295,2020-10-15 22:57:52,2020-10-15 23:24:12,38.8,64.0,122.27845822310405,33.9748427672956,32.54716981132076
1296,2020-10-15 23:24:33,2020-10-15 23:55:03,64.4,91.6,122.62155208333338,36.27717391304348,34.52717391304348
1297,2020-10-16 04:45:41,2020-10-16 05:05:51,62.8,73.2,125.69174257478623,34.0,31.0
1298,2020-10-16 05:06:12,2020-10-16 05:29:32,73.6,86.0,125.16462219982071,34.0,31.0
1299,2020-10-16 14:25:52,2020-10-16 14:52:02,27.2,52.4,121.36686033950619,32.82911392405063,31.60759493670886
1300,2020-10-16 14:52:23,2020-10-16 15:19:33,52.8,78.8,122.08228226495727,35.853658536585364,34.53048780487805
1301,2020-10-16 15:19:54,2020-10-16 15:40:34,79.2,94.8,122.72171082621092,37.0,35.888
1302,2020-10-16 23:38:01,2020-10-16 23:58:31,42.0,56.0,122.26788134920636,32.66935483870968,30.338709677419356
1303,2020-10-16 23:58:52,2020-10-17 00:30:32,56.4,78.0,122.43443801440328,34.00523560209424,31.774869109947645
1304,2020-10-17 00:30:53,2020-10-17 00:59:33,78.0,96.4,124.10404166666662,34.994219653179194,32.578034682080926
1305,2020-10-17 02:59:37,2020-10-17 03:22:47,81.2,97.6,122.84638507791337,36.0,33.285714285714285
1306,2020-10-17 12:58:01,2020-10-17 13:29:41,46.8,77.2,121.97965136147661,31.319371727748692,29.722513089005236
1307,2020-10-17 13:30:02,2020-10-17 13:58:42,77.2,97.6,123.81267007080619,32.93063583815029,31.023121387283236
1308,2020-10-18 00:59:22,2020-10-18 01:29:32,26.8,56.0,120.88805156012177,31.554945054945055,29.439560439560438
1309,2020-10-18 01:29:53,2020-10-18 01:59:03,56.4,84.8,120.47437519561814,34.55113636363637,32.31818181818182
1310,2020-10-18 05:32:49,2020-10-18 06:03:29,66.4,92.4,123.64744166666668,33.95135135135135,30.497297297297298
1311,2020-10-18 16:02:46,2020-10-18 16:31:26,59.6,86.8,123.34560947712421,34.410404624277454,32.0
1312,2020-10-19 02:10:50,2020-10-19 02:31:10,22.4,41.6,123.63860713252315,30.03252032520325,27.73170731707317
1313,2020-10-19 02:31:31,2020-10-19 03:03:21,42.0,72.8,120.62275266053395,33.177083333333336,30.947916666666668
1314,2020-10-19 03:03:42,2020-10-19 03:31:42,73.2,95.2,123.67740751262627,34.84615384615385,32.63905325443787
1315,2020-10-19 12:24:24,2020-10-19 12:54:24,17.6,37.6,124.47365847222225,31.591160220994475,30.116022099447513
1316,2020-10-19 12:54:45,2020-10-19 13:27:45,38.0,60.4,122.26195238095244,33.92964824120603,32.231155778894475
1317,2020-10-19 13:28:06,2020-10-19 13:58:36,60.8,81.6,121.70410844017101,35.483695652173914,33.84782608695652
1318,2020-10-19 13:58:57,2020-10-19 14:15:57,81.6,92.8,122.33883953373017,36.0,34.0
1319,2020-10-20 12:10:51,2020-10-20 12:33:31,16.8,32.4,121.59012642450145,29.065693430656935,27.51824817518248
1320,2020-10-20 12:33:52,2020-10-20 13:04:02,32.4,53.6,119.10249187631028,30.89010989010989,29.626373626373628
1321,2020-10-20 13:04:23,2020-10-20 13:34:34,53.6,74.8,119.2210113142034,32.81967213114754,31.562841530054644
1322,2020-10-20 13:34:55,2020-10-20 14:01:25,75.2,92.8,123.01772269570712,33.5375,32.0
1323,2020-10-20 18:27:48,2020-10-20 18:50:38,73.6,88.8,123.97204358552631,34.0,32.0
1324,2020-10-21 04:28:34,2020-10-21 04:53:14,35.6,52.4,121.00280696097887,27.85234899328859,25.624161073825505
1325,2020-10-21 04:53:35,2020-10-21 05:21:25,52.4,71.6,119.57826786747687,29.75,27.678571428571427
1326,2020-10-21 05:21:46,2020-10-21 05:47:56,71.6,89.2,122.64677935606055,30.658227848101266,28.651898734177216
1327,2020-10-21 17:08:54,2020-10-21 17:42:39,50.4,82.4,122.92599860677083,31.22047244094488,29.665354330708663
1328,2020-10-21 21:43:18,2020-10-21 22:00:38,58.8,70.4,124.72822916666657,31.19047619047619,29.01904761904762
1329,2020-10-21 22:00:59,2020-10-21 22:30:29,70.8,90.8,122.81877131944445,32.0,30.03370786516854
1330,2020-10-22 02:19:16,2020-10-22 02:46:56,74.8,96.0,123.90200078616351,33.0,30.0
1331,2020-10-22 10:30:10,2020-10-22 10:53:10,59.6,81.6,122.11554204545459,29.172661870503596,27.39568345323741
1332,2020-10-22 10:53:31,2020-10-22 11:16:41,81.6,97.6,124.52517960069447,30.0,28.757142857142856
1333,2020-10-22 19:12:52,2020-10-22 19:33:52,57.6,70.0,126.64203550627245,30.0,29.0
1334,2020-10-22 19:34:13,2020-10-22 20:04:03,70.4,88.4,123.91667901234567,30.977777777777778,29.144444444444446
1335,2020-10-23 02:56:08,2020-10-23 03:19:28,23.2,45.2,124.06756868686868,30.659574468085108,28.177304964539008
1336,2020-10-23 03:19:49,2020-10-23 03:50:49,45.6,76.0,119.34395330774856,34.01069518716577,31.67379679144385
1337,2020-10-23 03:51:10,2020-10-23 04:15:40,76.4,95.2,122.74529802009462,35.689189189189186,33.0
1338,2020-10-23 15:40:42,2020-10-23 16:11:22,28.4,58.4,119.33519083333333,33.42702702702703,31.98918918918919
1339,2020-10-23 16:32:14,2020-10-23 17:01:34,76.0,97.2,123.07128583595389,36.86440677966102,35.0
1340,2020-10-24 05:32:40,2020-10-24 06:05:00,16.4,47.2,122.6772361111111,29.205128205128204,27.112820512820512
1341,2020-10-24 06:05:21,2020-10-24 06:36:21,47.6,77.6,120.75649870370376,32.903743315508024,30.663101604278076
1342,2020-10-24 06:36:42,2020-10-24 06:56:52,78.0,93.6,122.75020174501432,34.0,32.0
1343,2020-10-24 11:23:28,2020-10-24 12:08:42,59.2,96.8,123.86954229831564,33.673529411764704,30.78529411764706
1344,2020-10-26 13:04:18,2020-10-26 14:29:34,22.8,97.6,122.710680561126,29.5765625,28.6875
1345,2020-10-27 14:36:59,2020-10-27 15:06:39,24.8,43.2,121.19265972222222,32.53631284916201,30.70391061452514
1346,2020-10-27 15:07:00,2020-10-27 15:38:20,43.2,63.2,117.76113722222226,34.87301587301587,33.164021164021165
1347,2020-10-27 15:38:41,2020-10-27 16:07:31,63.2,81.2,120.40589089506173,36.0,34.172413793103445
1348,2020-10-27 16:07:52,2020-10-27 16:37:52,81.2,98.4,123.40118984173128,36.61878453038674,35.0
1349,2020-10-28 03:56:03,2020-10-28 04:19:23,18.0,30.4,122.38908194444444,31.0,28.893617021276597
1350,2020-10-28 04:19:44,2020-10-28 04:46:34,30.4,44.8,123.91779301697532,31.604938271604937,29.77777777777778
1351,2020-10-28 04:46:55,2020-10-28 05:15:45,45.2,61.2,119.84024791666666,32.9080459770115,31.339080459770116
1352,2020-10-28 05:16:06,2020-10-28 06:04:56,61.6,88.0,123.03448358585858,33.89562289562289,32.0
1353,2020-10-28 15:08:17,2020-10-28 16:23:32,32.4,97.6,123.33306591470692,34.27433628318584,32.60884955752213
1354,2020-10-29 12:47:41,2020-10-29 13:55:51,41.2,97.6,123.08713247143422,30.419921875,28.775390625
1355,2020-10-29 19:42:41,2020-10-29 20:10:51,66.0,85.2,123.29280598958331,29.04705882352941,26.076470588235296
1356,2020-10-29 23:05:29,2020-10-29 23:29:19,60.4,72.8,125.0358193996416,28.0,25.90972222222222
1357,2020-10-29 23:29:40,2020-10-30 00:02:10,73.2,90.4,125.56443338178293,28.841836734693878,26.377551020408163
1358,2020-10-30 13:01:26,2020-10-30 13:27:16,66.4,89.6,124.2091788194445,29.80128205128205,28.69871794871795
1359,2020-10-30 17:24:31,2020-10-30 17:44:11,78.8,84.8,122.93055694444443,31.0,30.0
1360,2020-10-31 02:08:34,2020-10-31 02:39:14,26.4,57.6,121.52512272970084,31.664864864864864,29.84864864864865
1361,2020-10-31 02:39:35,2020-10-31 03:10:45,58.0,88.8,121.71808617424244,35.101063829787236,33.18617021276596
1362,2020-10-31 14:30:56,2020-10-31 14:59:56,18.4,38.0,123.08387868480726,32.42857142857143,31.32
1363,2020-10-31 15:00:17,2020-10-31 15:31:47,38.4,60.0,121.29370087448557,34.863157894736844,33.38421052631579
1364,2020-10-31 15:32:08,2020-10-31 16:03:38,60.4,81.6,123.735578485325,36.5,34.97894736842105
1365,2020-10-31 20:49:02,2020-10-31 22:10:09,34.8,97.6,122.91616394196745,36.477832512315274,33.939244663382595
1366,2020-11-01 12:06:49,2020-11-01 12:33:19,48.0,57.2,125.30650935990337,27.78125,26.525
1367,2020-11-01 12:33:40,2020-11-01 13:05:40,57.6,68.8,124.285761904762,28.82901554404145,27.590673575129532
1368,2020-11-01 13:06:01,2020-11-01 13:33:41,68.8,78.8,120.35282388888892,29.0,28.0
1369,2020-11-01 13:34:02,2020-11-01 14:03:52,78.8,89.2,124.82109481837607,29.622222222222224,28.61111111111111
1370,2020-11-01 14:04:13,2020-11-01 14:26:13,89.2,96.8,125.93937573099427,30.0,29.0
1371,2020-11-01 21:31:46,2020-11-01 21:59:56,48.4,75.2,122.91875585613599,33.22352941176471,31.6
1372,2020-11-01 22:04:30,2020-11-01 22:30:20,79.2,97.6,124.17422773248796,34.80128205128205,33.0
1373,2020-11-02 06:13:46,2020-11-02 06:40:36,59.2,84.8,122.17882497829866,34.382716049382715,32.22839506172839
1374,2020-11-02 06:41:47,2020-11-02 07:01:57,84.8,97.6,119.30882541232644,35.0,33.0
1375,2020-11-02 16:20:55,2020-11-02 16:54:05,25.2,57.2,121.09116154513893,33.495,31.84
1376,2020-11-02 16:54:26,2020-11-02 17:23:16,57.6,84.8,123.81026491013071,36.48850574712644,34.57471264367816
1377,2020-11-03 00:16:32,2020-11-03 00:38:22,46.4,60.0,120.14805443218953,31.545454545454547,28.598484848484848
1378,2020-11-03 00:38:43,2020-11-03 01:03:23,60.0,75.2,121.44916977339177,32.0,29.476510067114095
1379,2020-11-03 01:03:44,2020-11-03 01:35:34,75.2,94.4,123.53441724537035,32.942708333333336,30.0
1380,2020-11-03 11:17:22,2020-11-03 11:44:02,40.8,67.2,117.84511784511781,30.41614906832298,28.838509316770185
1381,2020-11-03 11:44:23,2020-11-03 12:10:23,67.2,90.8,121.51425270715634,32.5796178343949,31.006369426751593
1382,2020-11-03 15:23:05,2020-11-03 15:43:25,70.4,89.2,122.3965720301419,33.38211382113821,31.536585365853657
1383,2020-11-04 02:39:39,2020-11-04 04:00:38,25.2,97.6,120.3769075026857,31.835526315789473,29.495065789473685
1384,2020-11-04 06:33:37,2020-11-04 06:59:57,76.4,97.2,117.4038726629274,32.82389937106918,29.849056603773583
1385,2020-11-04 12:03:10,2020-11-04 12:24:10,69.2,89.6,118.14882529956438,30.62992125984252,28.440944881889763
1386,2020-11-04 19:32:15,2020-11-04 20:14:25,36.8,66.4,119.34876360735731,32.63779527559055,30.68503937007874
1387,2020-11-04 20:14:46,2020-11-04 20:41:46,66.8,85.6,120.38864021867617,34.0,32.0920245398773
1388,2020-11-05 06:51:30,2020-11-05 07:21:50,23.6,53.2,119.94418454391894,29.852459016393443,27.868852459016395
1389,2020-11-05 07:22:11,2020-11-05 07:49:21,53.6,80.4,118.63704373963515,33.11585365853659,31.152439024390244
1390,2020-11-05 07:49:42,2020-11-05 08:14:12,80.4,97.6,124.37018152454793,34.0,32.0
1391,2020-11-05 21:29:44,2020-11-05 22:39:15,36.8,97.6,121.23782988395469,32.906130268199234,31.04597701149425
1392,2020-11-06 03:25:52,2020-11-06 03:51:52,54.0,72.0,119.84957476851852,31.89171974522293,28.78343949044586
1393,2020-11-06 03:52:13,2020-11-06 04:20:53,72.4,91.6,122.41540198206027,32.0,29.0
1394,2020-11-06 17:29:12,2020-11-06 18:01:22,24.0,46.8,119.50051900584798,33.28865979381443,31.422680412371133
1395,2020-11-06 18:01:43,2020-11-06 18:28:43,46.8,66.4,116.62844685374145,35.012269938650306,33.31901840490798
1396,2020-11-06 18:29:04,2020-11-06 18:59:04,66.4,87.6,119.83101454402522,36.0,34.0
1397,2020-11-07 02:48:30,2020-11-07 03:14:50,19.6,45.2,119.58552647569446,32.77987421383648,30.28301886792453
1398,2020-11-07 03:15:11,2020-11-07 03:45:31,45.6,75.2,119.14135557432435,35.91256830601093,33.404371584699454
1399,2020-11-07 03:45:52,2020-11-07 04:15:02,75.6,97.6,122.69131849747474,37.0,34.85795454545455
1400,2020-11-07 15:17:10,2020-11-07 15:45:30,63.2,78.8,120.95351273148151,33.68421052631579,32.0
1401,2020-11-07 15:45:51,2020-11-07 16:12:51,79.2,94.0,121.49022710210211,34.0,32.58895705521472
1402,2020-11-08 01:04:11,2020-11-08 01:29:41,27.2,43.2,119.10766006944445,32.5,30.2987012987013
1403,2020-11-08 01:30:02,2020-11-08 02:01:12,43.2,63.2,116.35560750000002,34.31382978723404,32.047872340425535
1404,2020-11-08 02:01:33,2020-11-08 02:27:23,63.2,79.2,120.60854487847226,35.0,33.0
1405,2020-11-08 02:27:44,2020-11-08 02:56:46,79.6,96.8,124.39631947674417,35.46590909090909,33.0
1406,2020-11-08 07:36:29,2020-11-08 07:56:59,62.4,75.2,120.12045062934023,32.0,29.0
1407,2020-11-08 07:57:20,2020-11-08 08:27:40,75.2,94.0,120.14924239066195,32.59016393442623,29.770491803278688
1408,2020-11-09 15:31:59,2020-11-09 16:02:19,38.8,68.4,119.86488194444442,32.58469945355191,30.83606557377049
1409,2020-11-09 16:02:40,2020-11-09 16:25:10,68.8,89.6,121.02232004540603,34.63970588235294,33.220588235294116
1410,2020-11-09 23:45:24,2020-11-10 00:10:14,15.2,40.8,119.73850596788198,32.89333333333333,30.3
1411,2020-11-10 00:10:35,2020-11-10 00:41:35,41.2,73.2,119.39106323784725,36.22994652406417,33.58288770053476
1412,2020-11-10 00:41:56,2020-11-10 01:04:06,73.6,92.8,121.9155118634259,38.0,35.0
1413,2020-11-10 05:05:04,2020-11-10 05:34:34,70.8,89.2,120.76240594806764,33.0,29.0
1414,2020-11-10 14:12:38,2020-11-10 14:33:48,43.6,56.8,120.55558238636368,29.9453125,28.2578125
1415,2020-11-10 14:34:09,2020-11-10 15:03:09,57.2,75.2,121.13891574074076,31.0,29.50857142857143
1416,2020-11-10 15:03:30,2020-11-10 15:34:50,75.6,94.4,124.14452105496447,31.761904761904763,30.333333333333332
1417,2020-11-10 22:48:28,2020-11-11 00:00:25,39.2,96.0,120.64820778071208,33.61182994454713,31.133086876155268
1418,2020-11-11 05:55:15,2020-11-11 06:22:45,48.0,65.2,120.13568120155034,29.981927710843372,26.728915662650603
1419,2020-11-11 06:23:06,2020-11-11 06:49:06,65.2,81.6,119.16330521680223,31.0,27.923566878980893
1420,2020-11-11 06:49:27,2020-11-11 07:11:17,81.6,94.8,122.60315140993264,31.0,28.0
1421,2020-11-11 14:56:43,2020-11-11 15:13:53,21.6,38.0,122.60418495934967,31.153846153846153,29.51923076923077
1422,2020-11-11 15:14:14,2020-11-11 15:45:24,38.4,69.2,118.32342762445889,34.047872340425535,32.61702127659574
1423,2020-11-11 15:45:45,2020-11-11 16:08:26,69.6,90.4,120.10110865384611,35.97826086956522,34.41304347826087
1424,2020-11-11 22:59:27,2020-11-11 23:30:17,70.0,89.2,120.97803602430557,32.0,29.870967741935484
1425,2020-11-12 11:48:39,2020-11-12 12:13:39,17.6,41.6,121.23380810185186,28.32450331125828,26.85430463576159
1426,2020-11-12 12:14:00,2020-11-12 12:43:40,42.0,71.2,118.17400413812787,31.910614525139664,30.379888268156424
1427,2020-11-12 12:44:01,2020-11-12 13:12:21,71.6,94.4,122.53046905458085,33.78362573099415,32.01169590643275
1428,2020-11-12 23:46:21,2020-11-13 00:16:31,28.4,58.4,117.91944777777779,31.4010989010989,29.17032967032967
1429,2020-11-13 00:16:52,2020-11-13 00:45:12,58.4,86.0,120.39955907809986,34.23391812865497,31.87719298245614
1430,2020-11-13 00:45:33,2020-11-13 01:03:03,86.4,97.2,125.72533153292187,35.0,32.283018867924525
1431,2020-12-23 16:01:52,2020-12-23 16:32:22,41.6,72.0,117.04358484100877,25.04891304347826,23.20108695652174
1432,2020-12-23 23:37:53,2020-12-23 23:57:23,20.8,40.0,118.03025940393523,25.949152542372882,24.406779661016948
1433,2020-12-23 23:57:44,2020-12-24 00:40:10,40.4,82.8,116.25964773977988,29.8046875,28.2734375
1434,2020-12-24 13:16:23,2020-12-24 13:40:33,16.0,33.2,116.86367280361752,24.006849315068493,22.534246575342465
1435,2020-12-24 13:40:54,2020-12-24 14:11:14,33.6,55.2,116.79267206790122,26.672131147540984,25.327868852459016
1436,2020-12-24 14:11:35,2020-12-24 14:39:45,55.6,75.6,117.1263654166667,28.894117647058824,27.676470588235293
1437,2020-12-24 14:40:06,2020-12-24 15:05:06,76.0,92.8,120.38606200396825,30.0,28.71523178807947
1438,2020-12-24 21:52:16,2020-12-24 22:23:16,53.2,82.0,116.72020770640434,29.898395721925134,26.989304812834224
1439,2020-12-24 22:23:37,2020-12-24 22:46:47,82.4,97.6,124.611689510234,31.0,28.0
1440,2020-12-25 16:43:43,2020-12-25 18:45:00,19.6,97.6,117.2807168482906,24.807692307692307,23.46153846153846
1441,2020-12-26 00:12:00,2020-12-26 00:37:48,68.8,91.2,119.41353004092257,28.685897435897434,26.147435897435898
1442,2020-12-26 05:14:05,2020-12-26 05:43:15,48.0,76.8,117.46480984760804,27.448863636363637,24.59090909090909
1443,2020-12-26 05:43:36,2020-12-26 06:12:26,76.8,97.6,120.55358293269232,28.982758620689655,26.448275862068964
1444,2020-12-26 18:40:38,2020-12-26 19:06:48,26.0,52.4,115.9538256523569,26.651898734177216,25.120253164556964
1445,2020-12-26 19:07:09,2020-12-26 19:33:09,52.8,78.8,116.99948269230771,29.59235668789809,28.05732484076433
1446,2020-12-26 19:33:30,2020-12-26 19:59:10,79.2,97.6,122.40112235809187,30.89032258064516,29.0
1447,2020-12-27 15:38:36,2020-12-27 15:57:26,19.2,31.6,117.79571135752684,28.5,27.114035087719298
1448,2020-12-27 15:57:47,2020-12-27 16:28:47,31.6,52.0,115.86126947167756,30.545454545454547,29.010695187165776
1449,2020-12-27 16:29:08,2020-12-27 16:53:58,52.4,68.0,116.82783012820515,32.57333333333333,30.84
1450,2020-12-27 16:54:19,2020-12-27 17:24:09,68.4,86.0,119.59676617739903,33.0,31.36111111111111
1451,2020-12-27 17:24:30,2020-12-27 17:45:30,86.0,97.6,123.19327023467443,33.28346456692913,32.0
1452,2020-12-27 21:25:53,2020-12-27 21:47:53,75.2,93.6,116.80632895531406,31.62406015037594,28.69172932330827
1453,2020-12-28 06:34:43,2020-12-28 07:03:53,80.8,97.6,119.29399743716935,26.914772727272727,23.960227272727273
1454,2021-01-09 02:10:56,2021-01-09 02:38:36,24.4,51.6,114.2871839767157,23.808383233532933,19.898203592814372
1455,2021-01-09 02:38:57,2021-01-09 03:07:07,52.0,80.8,115.89025511188275,28.441176470588236,24.352941176470587
1456,2021-01-09 03:07:28,2021-01-09 03:31:18,81.2,97.6,120.98918411246619,29.0,25.0
1457,2021-01-09 06:13:11,2021-01-09 06:42:37,55.2,84.4,116.06879262747336,25.359550561797754,19.5561797752809
1458,2021-01-09 06:42:58,2021-01-09 07:10:28,84.8,97.6,122.85810188802088,25.825301204819276,21.0
1459,2021-01-09 19:35:06,2021-01-09 19:56:06,27.6,38.8,115.28275434027782,20.590551181102363,18.598425196850393
1460,2021-01-09 19:56:27,2021-01-09 20:23:47,39.2,56.0,114.16008002645506,25.084848484848486,22.87272727272727
1461,2021-01-09 20:24:08,2021-01-09 20:53:38,56.4,74.4,114.99539768518517,26.00561797752809,24.0
1462,2021-01-09 20:53:59,2021-01-09 21:20:09,74.8,90.0,120.7913298611111,26.968354430379748,24.911392405063292
1463,2021-01-10 14:42:45,2021-01-10 15:06:15,15.2,28.8,116.3695130718954,20.93661971830986,18.922535211267604
1464,2021-01-10 15:06:36,2021-01-10 15:35:56,29.2,48.0,117.28134988179673,25.175141242937855,23.03954802259887
1465,2021-01-10 15:36:17,2021-01-10 16:05:47,48.4,68.0,113.16683347505672,26.876404494382022,24.814606741573034
1466,2021-01-10 16:06:08,2021-01-10 16:32:08,68.0,84.8,116.45009193121697,27.636942675159236,25.62420382165605
1467,2021-01-10 16:32:29,2021-01-10 16:51:49,84.8,96.4,119.66118678160913,28.0,26.0
1468,2021-01-11 01:09:10,2021-01-11 01:32:10,40.4,64.0,114.32145009416195,20.805755395683452,17.705035971223023
1469,2021-01-11 01:32:31,2021-01-11 01:59:11,64.0,89.2,115.82728604497355,22.763975155279503,20.13664596273292
1470,2021-01-12 16:01:54,2021-01-12 16:23:14,34.8,50.4,112.84366328347576,23.333333333333332,21.511627906976745
1471,2021-01-12 16:23:35,2021-01-12 16:50:35,50.4,70.0,113.64087230725623,24.85276073619632,23.47239263803681
1472,2021-01-12 16:50:56,2021-01-12 17:20:36,70.4,90.8,118.76021241830071,25.98324022346369,24.45810055865922
1473,2021-01-12 23:09:48,2021-01-12 23:28:48,52.4,66.0,115.77719025735296,24.008695652173913,20.77391304347826
1474,2021-01-12 23:59:00,2021-01-13 00:25:00,81.2,97.6,117.88367327235783,24.726114649681527,21.0
1475,2021-01-13 18:17:49,2021-01-13 18:37:59,42.4,57.2,114.05595870870869,23.418032786885245,21.934426229508198
1476,2021-01-13 18:38:20,2021-01-13 19:08:10,57.6,79.2,115.60445151748971,24.783333333333335,23.32777777777778
1477,2021-01-13 19:08:31,2021-01-13 19:36:21,79.2,96.8,120.34095146780311,25.583333333333332,24.0
1478,2021-01-14 08:48:28,2021-01-14 09:19:38,69.2,86.8,117.77617155934348,24.882978723404257,21.835106382978722
1479,2021-01-14 09:19:59,2021-01-14 09:41:19,87.2,97.6,122.33704340277787,25.0,22.0
1480,2021-01-14 15:50:12,2021-01-14 16:18:52,55.2,71.6,116.4566321138212,25.0,23.520231213872833
1481,2021-01-14 16:19:13,2021-01-14 16:54:30,71.6,91.6,117.5198519861111,25.64788732394366,24.107981220657276
1482,2021-01-14 22:27:28,2021-01-14 22:49:58,53.6,76.0,116.37339006696428,25.551470588235293,22.74264705882353
1483,2021-01-14 22:50:19,2021-01-14 23:20:19,76.4,96.8,119.81415080337696,26.596685082872927,23.895027624309392
1484,2021-01-15 08:41:14,2021-01-15 08:57:54,52.4,69.2,116.05821387235453,19.980198019801982,18.03960396039604
1485,2021-01-15 08:58:15,2021-01-15 09:32:55,69.6,96.4,117.95036784825865,21.6555023923445,19.784688995215312
1486,2021-01-15 19:56:14,2021-01-15 20:23:44,10.0,30.4,113.90933619281047,26.072289156626507,24.204819277108435
1487,2021-01-15 20:24:05,2021-01-15 20:51:55,30.8,51.2,115.29005541938997,27.892857142857142,26.071428571428573
1488,2021-01-15 20:52:16,2021-01-15 21:24:56,51.6,75.6,115.01506909722225,29.85279187817259,27.898477157360407
1489,2021-01-15 21:25:17,2021-01-15 21:56:07,75.6,96.0,120.23219716775596,30.881720430107528,28.650537634408604
1490,2021-01-16 01:44:38,2021-01-16 03:08:33,37.2,91.2,115.73420490740742,30.004761904761907,26.022222222222222
1491,2021-01-16 14:57:09,2021-01-16 15:29:49,31.6,53.2,113.67800874485599,25.299492385786802,24.03045685279188
1492,2021-01-16 15:30:10,2021-01-16 15:58:10,53.2,71.6,114.38408333333341,27.54437869822485,26.31360946745562
1493,2021-01-16 15:58:31,2021-01-16 16:25:31,72.0,89.2,117.99421220930233,28.226993865030675,27.05521472392638
1494,2021-01-17 00:25:11,2021-01-17 00:44:31,42.0,61.6,115.32456058673472,25.88888888888889,23.376068376068375
1495,2021-01-17 00:44:52,2021-01-17 01:12:32,62.0,88.8,117.68606664593699,27.592814371257486,25.34131736526946
1496,2021-01-17 18:03:36,2021-01-17 18:53:46,36.0,86.4,116.252930869709,24.05570291777188,22.625994694960212
1497,2021-01-18 11:53:21,2021-01-18 12:56:04,28.4,89.2,115.10476738167034,25.116772823779193,23.006369426751593
1498,2021-01-18 17:53:12,2021-01-18 18:23:02,58.8,76.8,117.57486265432098,27.727777777777778,25.022222222222222
1499,2021-01-18 18:23:23,2021-01-18 18:52:13,77.2,93.6,119.8120130420055,28.0,26.0
1500,2021-01-19 03:51:41,2021-01-19 04:24:11,16.8,50.0,115.65845590696115,23.5,20.285714285714285
1501,2021-01-19 04:24:32,2021-01-19 04:55:12,50.4,82.0,114.68792519338957,27.308108108108108,24.36216216216216
1502,2021-01-19 04:55:33,2021-01-19 05:18:23,82.0,97.6,121.71563621794877,28.72463768115942,25.956521739130434
1503,2021-01-19 21:47:37,2021-01-19 23:08:45,32.4,97.6,116.89024152607365,25.221674876847292,23.351395730706077
1504,2021-01-20 07:47:35,2021-01-20 08:17:15,84.0,97.6,117.13442167075169,22.837988826815643,20.480446927374302
1505,2021-01-20 18:22:56,2021-01-20 18:40:26,48.8,66.4,116.41653353851005,26.349056603773583,24.745283018867923
1506,2021-01-20 18:40:47,2021-01-20 19:11:37,66.8,93.6,116.89472818200667,27.731182795698924,26.478494623655912
1507,2021-01-21 02:21:53,2021-01-21 03:42:52,23.2,97.6,116.65886023558845,28.980295566502463,26.18062397372742
1508,2021-01-21 13:53:52,2021-01-21 14:12:52,32.0,51.6,113.81519331065759,25.85217391304348,24.321739130434782
1509,2021-01-21 14:13:13,2021-01-21 14:44:33,51.6,83.6,115.04947890625002,28.74074074074074,27.232804232804234
1510,2021-01-21 14:44:54,2021-01-21 15:03:04,84.0,96.0,122.30325775462963,30.0,28.081818181818182
1511,2021-01-21 23:49:28,2021-01-22 00:16:58,53.2,80.8,115.90078230676335,26.897590361445783,25.234939759036145
1512,2021-01-22 00:17:19,2021-01-22 00:39:09,81.2,96.4,120.45779532163743,28.0,26.416666666666668
1513,2021-01-22 18:57:37,2021-01-22 19:28:07,31.6,52.0,112.630743872549,27.10326086956522,25.60326086956522
1514,2021-01-22 19:28:28,2021-01-22 19:57:58,52.0,71.6,113.38437882653069,28.853932584269664,27.10674157303371
1515,2021-01-22 19:58:19,2021-01-22 20:29:09,71.6,91.2,118.18667587868478,29.322580645161292,28.0
1516,2021-01-23 17:15:36,2021-01-23 17:41:06,14.8,40.4,115.74491693793408,26.72077922077922,24.83116883116883
1517,2021-01-23 17:41:27,2021-01-23 18:13:07,40.4,72.4,114.95835104166667,30.50261780104712,28.80628272251309
1518,2021-01-23 18:13:28,2021-01-23 18:43:18,72.8,96.0,121.59484656369732,32.672222222222224,30.866666666666667
1519,2021-01-24 16:18:29,2021-01-24 16:46:09,26.4,54.4,114.76985773809523,26.724550898203592,25.227544910179642
1520,2021-01-24 16:46:30,2021-01-24 17:15:10,54.8,83.6,115.48709220679014,29.91329479768786,28.416184971098264
1521,2021-01-24 17:15:31,2021-01-24 17:37:01,83.6,97.6,122.55059871031746,31.0,29.638461538461538
1522,2021-01-25 02:48:35,2021-01-25 05:10:01,8.400001,97.6,117.64311307148485,28.937794533459,26.360037700282753
1523,2021-01-25 17:39:08,2021-01-25 18:05:58,54.4,81.6,115.54535927287584,30.234567901234566,28.679012345679013
1524,2021-01-25 18:06:19,2021-01-25 18:29:39,82.0,97.6,124.98132959401713,31.0,30.0
1525,2021-01-26 01:48:48,2021-01-26 02:19:38,58.8,78.8,115.625,29.0,25.946236559139784
1526,2021-01-26 02:19:59,2021-01-26 02:50:29,79.2,97.6,120.70123792270537,29.04891304347826,26.630434782608695
1527,2021-01-26 15:44:26,2021-01-26 16:15:16,23.2,43.2,115.34303736111107,28.795698924731184,27.311827956989248
1528,2021-01-26 16:15:37,2021-01-26 16:45:37,43.2,63.2,112.24442111111111,31.016574585635357,29.56353591160221
1529,2021-01-26 16:45:58,2021-01-26 17:14:18,63.6,81.6,117.743044367284,32.0,30.64327485380117
1530,2021-01-26 17:14:39,2021-01-26 17:35:05,82.0,94.4,120.32680945340495,32.50806451612903,31.0
1531,2021-01-27 13:53:12,2021-01-27 14:10:32,30.0,45.2,114.88762180190055,25.866666666666667,24.685714285714287
1532,2021-01-27 14:10:53,2021-01-27 14:39:13,45.6,69.6,114.61228206018524,28.31578947368421,27.140350877192983
1533,2021-01-27 14:39:34,2021-01-27 15:08:34,70.0,91.6,119.60135005144035,29.662857142857142,28.457142857142856
1534,2021-01-27 21:38:21,2021-01-27 22:06:01,44.4,72.4,115.5010076388889,29.365269461077844,26.976047904191617
1535,2021-01-27 22:06:22,2021-01-27 22:37:42,72.8,97.2,119.72736281876135,30.936507936507937,28.375661375661377
1536,2021-01-28 14:32:26,2021-01-28 14:52:36,52.4,72.8,115.20764440359478,25.385245901639344,23.9672131147541
1537,2021-01-28 14:52:57,2021-01-28 15:21:47,73.2,96.0,118.65862786306047,26.775862068965516,25.586206896551722
1538,2021-01-28 21:54:47,2021-01-28 22:28:57,58.8,90.8,116.94619105902777,27.567961165048544,25.24271844660194
1539,2021-01-29 16:21:12,2021-01-29 16:47:42,21.2,48.0,115.04355825041463,24.90625,23.2125
1540,2021-01-29 16:48:03,2021-01-29 17:12:23,48.4,73.2,114.14989616935485,28.39455782312925,26.768707482993197
1541,2021-01-29 17:12:44,2021-01-29 17:41:14,73.6,95.6,120.99561079545455,29.976744186046513,28.593023255813954
1542,2021-01-30 16:18:11,2021-01-30 16:46:11,29.6,58.0,115.18291696009393,25.71005917159763,24.14792899408284
1543,2021-01-30 16:46:32,2021-01-30 17:15:12,58.4,87.2,116.28666618441355,28.61849710982659,27.069364161849713
1544,2021-01-30 17:15:33,2021-01-30 17:33:13,87.6,97.6,125.53058527777779,29.626168224299064,28.0
1545,2021-01-31 16:58:35,2021-01-31 17:15:15,24.0,35.2,112.3623974454365,26.73267326732673,25.168316831683168
1546,2021-01-31 17:15:36,2021-01-31 17:46:26,35.2,56.0,111.9191199252137,28.591397849462364,27.043010752688172
1547,2021-01-31 17:46:47,2021-01-31 18:14:07,56.0,74.0,114.64819876543213,30.206060606060607,28.89090909090909
1548,2021-01-31 18:14:28,2021-01-31 18:46:28,74.4,94.4,119.02574777777781,31.0,29.575129533678755
1549,2021-02-01 01:21:40,2021-02-01 01:43:50,48.4,62.8,115.70893769290129,28.44776119402985,25.380597014925375
1550,2021-02-01 01:44:11,2021-02-01 02:14:41,63.2,82.8,116.96856335034016,29.0,26.0
1551,2021-02-01 02:15:02,2021-02-01 02:39:32,82.8,97.6,119.53737743994,29.0,26.33108108108108
1552,2021-02-02 00:21:59,2021-02-02 00:49:39,38.4,67.2,112.09780304783948,28.730538922155688,27.40119760479042
1553,2021-02-02 00:50:00,2021-02-02 01:13:30,67.2,89.6,117.32453373015876,30.732394366197184,29.309859154929576
1554,2021-02-03 01:29:27,2021-02-03 01:54:47,12.8,38.4,115.53060617404513,29.973856209150327,28.019607843137255
1555,2021-02-03 01:55:08,2021-02-03 02:25:48,38.4,70.0,113.26653041490857,33.21081081081081,31.194594594594594
1556,2021-02-03 02:26:09,2021-02-03 02:58:29,70.0,96.0,119.74680245726495,35.0,32.94871794871795
1557,2021-02-03 14:50:05,2021-02-03 15:48:41,13.6,73.2,114.86997657997765,31.521246458923514,30.107648725212464
1558,2021-02-03 15:49:02,2021-02-03 16:20:48,73.6,97.6,122.55926962962963,35.276041666666664,33.75
1559,2021-02-03 20:38:09,2021-02-03 21:11:19,65.6,94.4,116.87550144675922,34.75,31.155
1560,2021-02-04 04:50:01,2021-02-04 05:54:04,35.6,94.8,117.06956826905031,29.46153846153846,26.471933471933472
1561,2021-02-04 09:32:19,2021-02-04 09:56:19,17.6,41.6,116.75000578703705,31.744827586206895,28.213793103448275
1562,2021-02-04 09:56:40,2021-02-04 10:13:26,42.0,59.2,113.684433123385,34.029411764705884,30.764705882352942
1563,2021-02-04 10:22:53,2021-02-04 10:53:03,68.8,94.4,119.91482725694442,36.0,32.857142857142854
1564,2021-02-04 23:04:16,2021-02-04 23:34:56,52.0,82.8,116.31991044372296,33.362162162162164,31.043243243243243
1565,2021-02-04 23:35:17,2021-02-04 23:56:27,83.2,97.6,121.56638252314822,34.0078125,32.0
1566,2021-02-05 23:31:42,2021-02-06 00:24:32,30.4,83.6,115.79916238251882,30.103274559193956,28.27455919395466
1567,2021-02-06 05:25:16,2021-02-06 05:52:26,34.8,62.4,115.03876112117553,29.00609756097561,25.835365853658537
1568,2021-02-06 05:52:47,2021-02-06 06:21:27,62.8,90.4,116.87752596618355,31.352601156069365,28.294797687861273
1569,2021-02-06 20:12:24,2021-02-06 20:41:24,57.6,87.2,115.05019965277776,33.88,32.14857142857143
1570,2021-02-06 20:41:45,2021-02-06 20:59:05,87.2,97.6,125.06411177884627,35.0,33.0
1571,2021-02-07 18:26:20,2021-02-07 19:07:57,28.4,65.2,113.2594468976449,30.824281150159745,29.3482428115016
1572,2021-02-07 19:11:50,2021-02-07 19:55:35,64.8,97.6,118.77778675474255,32.99696048632219,31.671732522796354
1573,2021-02-09 02:50:55,2021-02-09 04:45:36,4.4,97.6,118.263858224547,31.011600928074245,29.377030162412993
1574,2021-02-09 15:32:32,2021-02-09 16:58:45,27.6,97.6,116.8979348452381,29.09273570324575,27.08500772797527
1575,2021-02-10 05:26:14,2021-02-10 05:54:24,32.4,52.8,115.0599128540305,24.05294117647059,22.229411764705883
1576,2021-02-10 06:10:11,2021-02-10 06:39:31,63.2,84.4,115.32363928197064,26.64406779661017,24.576271186440678
1577,2021-02-10 06:39:52,2021-02-10 07:01:22,84.4,97.6,120.61763468013478,27.0,25.0
1578,2021-02-10 12:25:54,2021-02-10 12:54:24,69.6,90.0,116.13221677559909,23.813953488372093,20.25
1579,2021-02-10 12:54:45,2021-02-10 13:12:55,90.0,97.6,127.17470760233928,24.0,21.0
1580,2021-02-11 12:19:23,2021-02-11 13:13:49,48.0,95.6,118.20294381711018,21.801955990220048,20.545232273838632
1581,2021-02-11 20:53:23,2021-02-11 21:17:03,59.2,83.2,115.0462962962963,23.958041958041957,22.55944055944056
1582,2021-02-11 21:17:24,2021-02-11 21:37:54,83.2,96.8,119.12991921977132,25.0,23.532258064516128
1583,2021-02-12 13:55:25,2021-02-12 14:39:50,41.2,86.4,114.89738046029991,26.46468401486989,24.944237918215613
1584,2021-02-12 14:40:11,2021-02-12 14:56:51,86.8,96.8,121.66251861111112,28.0,27.0
1585,2021-02-13 10:10:33,2021-02-13 10:31:03,34.0,48.8,115.4711001313814,20.70967741935484,19.89516129032258
1586,2021-02-13 10:31:24,2021-02-13 11:02:34,49.2,72.0,113.9132553606238,23.01063829787234,22.180851063829788
1587,2021-02-13 11:02:55,2021-02-13 11:34:05,72.0,93.2,119.02646992924528,24.49468085106383,23.595744680851062
1588,2021-02-14 21:39:28,2021-02-14 22:09:08,9.6,39.2,116.42315915915917,27.670391061452513,26.363128491620113
1589,2021-02-14 22:09:29,2021-02-14 22:37:59,39.6,68.4,114.95564920910495,31.093023255813954,29.825581395348838
1590,2021-02-14 22:38:20,2021-02-14 23:10:10,68.8,94.8,121.98934252136753,33.307291666666664,31.802083333333332
1591,2021-02-15 20:04:46,2021-02-15 20:22:56,10.8,24.0,113.54271896043772,28.009090909090908,27.0
1592,2021-02-15 20:23:17,2021-02-15 20:54:07,24.0,46.4,113.56026785714286,29.655913978494624,28.102150537634408
1593,2021-02-15 20:54:28,2021-02-15 21:24:58,46.4,68.4,114.37499999999996,31.679347826086957,29.891304347826086
1594,2021-02-15 21:31:49,2021-02-15 21:53:39,68.8,84.4,115.4709764066951,32.29545454545455,30.78030303030303
1595,2021-02-15 21:54:00,2021-02-15 22:14:40,84.8,97.6,120.53386924913198,33.0,31.0
1596,2021-02-16 01:41:06,2021-02-16 02:00:06,50.0,62.4,114.98544567652331,30.82608695652174,27.26086956521739
1597,2021-02-16 02:00:27,2021-02-16 02:28:07,62.4,80.4,115.44368942901231,31.0,28.0
1598,2021-02-16 02:28:28,2021-02-16 02:47:08,80.4,92.4,115.48611863425926,31.831858407079647,28.17699115044248
1599,2021-02-16 09:32:06,2021-02-16 09:50:26,39.6,45.6,114.0625,26.0,23.945945945945947
1600,2021-02-17 16:27:21,2021-02-17 16:56:21,68.8,87.2,115.28609458031399,23.497142857142858,22.382857142857144
1601,2021-02-17 16:56:42,2021-02-17 17:20:32,87.2,97.6,123.13572168803432,24.479166666666668,23.0
1602,2021-02-18 02:12:10,2021-02-18 02:41:10,31.2,60.8,113.22308018956461,26.428571428571427,24.46857142857143
1603,2021-02-18 02:41:31,2021-02-18 03:09:21,61.2,88.8,116.22331944444448,29.226190476190474,27.267857142857142
1604,2021-02-18 03:09:42,2021-02-18 03:26:12,88.8,97.6,127.198581439394,30.0,28.0
1605,2021-02-18 20:10:59,2021-02-18 20:38:39,64.4,82.0,117.37378977272735,25.868263473053894,24.694610778443113
1606,2021-02-18 20:39:00,2021-02-18 21:03:20,82.0,97.2,115.52450630482454,26.08843537414966,25.0
1607,2021-02-19 02:04:07,2021-02-19 04:00:36,23.2,97.6,116.001736723417,28.93821510297483,26.434782608695652
1608,2021-02-19 15:57:14,2021-02-19 16:17:34,56.4,76.8,116.21051606753814,29.398373983739837,28.26829268292683
1609,2021-02-19 16:17:55,2021-02-19 16:46:15,77.2,97.6,121.20643443627456,30.65497076023392,29.426900584795323
1610,2021-02-20 12:46:22,2021-02-20 13:15:52,42.0,72.0,114.67824708333335,26.758426966292134,25.45505617977528
1611,2021-02-20 13:16:13,2021-02-20 13:48:03,72.4,96.8,121.70367600182155,29.119791666666668,27.802083333333332
1612,2021-02-21 00:16:11,2021-02-21 00:36:41,19.2,39.6,117.08947324346406,27.548387096774192,25.556451612903224
1613,2021-02-21 00:37:02,2021-02-21 01:05:32,40.0,69.2,113.8460849505327,30.540697674418606,28.313953488372093
1614,2021-02-21 01:13:47,2021-02-21 01:31:55,77.6,92.4,120.60107671734228,32.567567567567565,30.0
1615,2021-02-21 12:09:03,2021-02-21 12:28:33,66.8,78.4,118.64944588122597,27.872881355932204,26.347457627118644
1616,2021-02-21 12:28:54,2021-02-21 12:56:34,78.8,94.8,118.1310934027778,28.005988023952096,27.0
1617,2021-02-21 18:57:07,2021-02-21 19:23:57,40.4,60.0,113.70608886054426,33.31481481481482,31.444444444444443
1618,2021-02-21 19:24:18,2021-02-21 19:51:48,60.0,80.0,114.22987548611114,34.04819277108434,32.01807228915663
1619,2021-02-21 19:52:09,2021-02-21 20:20:19,80.0,97.6,121.11032986111117,35.0,33.0
1620,2021-02-22 03:31:29,2021-02-22 04:03:49,42.8,66.4,113.05379243173255,31.52820512820513,28.0
1621,2021-02-22 04:04:10,2021-02-22 04:29:30,66.4,84.4,116.15123858024691,32.0,29.0
1622,2021-02-22 04:29:51,2021-02-22 04:51:21,84.8,97.6,124.27736208767367,32.0,29.0
1623,2021-02-22 17:04:00,2021-02-22 18:52:12,32.8,97.6,120.58532026748973,34.275862068965516,32.75985221674877
1624,2021-02-23 01:40:33,2021-02-23 02:07:38,56.0,69.6,116.3849264808007,31.0,28.0
1625,2021-02-23 02:07:59,2021-02-23 02:35:39,69.6,83.6,115.4494209325397,31.0,28.01197604790419
1626,2021-02-23 02:36:00,2021-02-23 03:02:00,83.6,94.0,123.71798344017084,31.0,28.993630573248407
1627,2021-02-23 11:55:01,2021-02-23 12:23:21,50.4,70.4,116.87499999999996,31.660818713450293,29.88888888888889
1628,2021-02-23 12:23:42,2021-02-23 12:53:02,70.8,91.2,117.65522991557731,32.463276836158194,30.887005649717516
1629,2021-02-24 00:30:32,2021-02-24 00:57:22,28.4,46.0,115.44115443497473,30.450617283950617,28.47530864197531
1630,2021-02-24 00:57:43,2021-02-24 01:54:52,46.4,82.0,115.46401068586142,32.71220930232558,30.77906976744186
1631,2021-02-24 01:55:13,2021-02-24 02:17:20,82.0,94.4,121.37344733422933,33.843283582089555,32.0
1632,2021-02-24 10:13:57,2021-02-24 10:45:37,25.6,58.0,114.35100921639234,30.513089005235603,28.031413612565444
1633,2021-02-24 10:45:58,2021-02-24 11:14:28,58.4,86.8,117.373840571205,33.593023255813954,31.197674418604652
1634,2021-02-24 11:14:49,2021-02-24 11:32:49,87.2,97.6,128.04355555555566,34.15596330275229,32.0
1635,2021-02-24 18:36:13,2021-02-24 19:00:53,20.0,38.0,115.34876635802469,31.91946308724832,29.892617449664428
1636,2021-02-24 19:01:14,2021-02-24 19:33:14,38.4,62.0,114.24848228578153,34.067357512953365,32.07253886010363
1637,2021-02-24 19:33:35,2021-02-24 20:01:25,62.4,82.4,117.33890958333329,35.26190476190476,33.07738095238095
1638,2021-02-25 12:21:54,2021-02-25 12:47:48,7.2,29.6,115.58073411458332,28.96923076923077,27.164102564102564
1639,2021-02-25 12:48:07,2021-02-25 14:13:15,29.6,97.6,117.8240450142974,32.93427230046948,31.109546165884193
1640,2021-02-26 05:04:20,2021-02-26 05:32:00,26.4,54.4,114.58781096230159,27.94610778443114,26.305389221556887
1641,2021-02-26 05:32:21,2021-02-26 06:01:31,54.8,84.0,115.9213444634703,31.193181818181817,29.375
1642,2021-02-26 06:01:52,2021-02-26 06:23:12,84.0,97.6,123.06271926062098,32.0,30.0
1643,2021-02-26 15:47:36,2021-02-26 16:06:56,35.6,55.6,112.9118145138889,27.735042735042736,25.435897435897434
1644,2021-02-26 16:07:17,2021-02-26 16:40:39,55.6,88.8,116.59589443607766,30.217821782178216,27.980198019801982
1645,2021-02-27 00:06:58,2021-02-27 01:55:11,28.8,97.6,116.54413375201875,28.397783251231527,25.708128078817733
1646,2021-02-27 16:21:46,2021-02-27 16:50:36,38.4,54.8,115.13380758807588,24.350574712643677,21.850574712643677
1647,2021-02-27 16:50:57,2021-02-27 17:19:37,54.8,71.6,113.75661375661377,25.832369942196532,23.352601156069365
1648,2021-02-27 19:49:29,2021-02-27 20:40:27,50.0,95.2,118.6545053189528,27.112271540469973,24.80939947780679
1649,2021-02-28 03:35:09,2021-02-28 04:35:36,37.2,93.6,116.35589515858946,27.037444933920703,24.883259911894275
1650,2021-02-28 09:35:35,2021-02-28 09:55:35,55.6,68.4,116.92814246961798,26.0,23.0
1651,2021-02-28 09:55:56,2021-02-28 10:24:06,68.4,86.4,117.0755986111111,26.0,23.08235294117647
1652,2021-02-28 10:24:27,2021-02-28 10:46:37,86.8,97.6,126.21911792695475,26.432835820895523,24.0
1653,2021-03-01 11:56:56,2021-03-01 12:24:06,43.2,60.8,113.58035787563136,25.335365853658537,24.04268292682927
1654,2021-03-01 12:24:27,2021-03-01 12:53:27,60.8,78.4,116.29105326704536,26.777142857142856,25.36
1655,2021-03-01 18:10:27,2021-03-01 18:36:17,50.0,77.2,117.4801009497549,31.314102564102566,29.666666666666668
1656,2021-03-01 18:36:38,2021-03-01 19:04:08,77.6,97.6,121.73959409722221,32.80722891566265,31.0
1657,2021-03-02 11:04:55,2021-03-02 11:33:25,54.0,80.4,117.3285143097643,23.587209302325583,22.25
1658,2021-03-02 11:33:46,2021-03-02 12:00:36,80.8,96.8,121.93665642361114,25.0,23.703703703703702
1659,2021-03-03 06:25:51,2021-03-03 07:03:44,74.0,97.6,118.08922915489646,20.764912280701754,19.71578947368421
1660,2021-03-04 05:45:08,2021-03-04 07:07:11,23.6,97.6,118.08568846809311,24.45705024311183,23.54619124797407
1661,2021-03-04 23:06:17,2021-03-04 23:28:27,24.0,38.0,118.17068273809521,21.380597014925375,19.902985074626866
1662,2021-03-04 23:28:48,2021-03-05 00:00:48,38.4,59.2,114.87184615384616,23.487046632124354,22.139896373056995
1663,2021-03-05 00:01:09,2021-03-05 00:28:19,59.6,76.8,117.93286918604655,25.00609756097561,23.798780487804876
1664,2021-03-05 04:19:33,2021-03-05 04:46:43,59.6,82.4,119.22332584064324,25.176829268292682,23.128048780487806
1665,2021-03-05 04:47:04,2021-03-05 05:12:54,82.8,97.2,124.34028607253083,26.0,24.0
1666,2021-03-05 16:16:23,2021-03-05 16:40:03,39.6,52.8,119.47387836700338,25.573426573426573,24.244755244755243
1667,2021-03-05 16:40:24,2021-03-05 16:57:44,53.2,63.2,118.138865,26.952380952380953,25.561904761904763
1668,2021-03-05 19:25:39,2021-03-05 19:43:19,27.2,42.0,120.39790127627626,28.177570093457945,25.990654205607477
1669,2021-03-05 19:43:40,2021-03-05 20:13:40,42.4,68.8,114.68172248526936,30.497237569060772,28.303867403314918
1670,2021-03-05 20:14:01,2021-03-05 20:38:10,68.8,89.2,118.83306699346402,32.02721088435374,29.816326530612244
1671,2021-03-06 03:24:38,2021-03-06 03:52:48,9.6,37.2,118.94020521336553,32.358823529411765,29.205882352941178
1672,2021-03-06 03:53:09,2021-03-06 04:21:19,37.6,65.6,117.23411428571433,35.023529411764706,31.81764705882353
1673,2021-03-06 04:21:40,2021-03-06 04:52:20,65.6,92.4,121.0359595771144,36.75675675675676,33.497297297297294
1674,2021-03-06 11:19:11,2021-03-06 11:48:31,22.0,51.2,117.5342595129376,30.785310734463277,28.112994350282484
1675,2021-03-06 11:48:52,2021-03-06 12:17:42,51.6,80.4,117.07514443479938,33.798850574712645,31.310344827586206
1676,2021-03-06 12:18:03,2021-03-06 12:42:23,80.8,97.6,122.03456539351856,35.0,32.0
1677,2021-03-06 15:47:39,2021-03-06 16:08:59,70.4,89.6,120.26910655381955,32.49612403100775,28.325581395348838
1678,2021-03-07 17:04:05,2021-03-07 17:32:55,25.2,53.6,118.37245872456965,24.67241379310345,23.724137931034484
1679,2021-03-07 17:33:16,2021-03-07 17:59:56,54.0,80.0,119.5592998397436,28.422360248447205,27.59006211180124
1680,2021-03-07 18:00:17,2021-03-07 18:16:51,80.4,93.2,123.03278363715282,30.0,29.0
1681,2021-03-08 06:28:24,2021-03-08 06:59:54,25.2,56.4,117.83654264601138,26.68421052631579,24.821052631578947
1682,2021-03-08 07:00:15,2021-03-08 07:30:25,56.8,86.4,118.93487687687683,30.005494505494507,27.835164835164836
1683,2021-03-08 07:30:46,2021-03-08 07:49:16,86.8,97.6,126.45063335905353,31.0,28.839285714285715
1684,2021-03-09 16:16:35,2021-03-09 16:43:25,18.0,44.0,119.62341704059828,26.228395061728396,25.123456790123456
1685,2021-03-09 16:43:46,2021-03-09 17:13:06,44.4,73.6,116.71187067161341,29.983050847457626,28.88135593220339
1686,2021-03-09 17:13:27,2021-03-09 17:36:32,73.6,92.8,119.2436527199074,31.807142857142857,30.7
1687,2021-03-10 07:37:11,2021-03-10 07:58:21,66.8,80.0,120.53348632154879,23.0,21.65625
1688,2021-03-10 07:58:42,2021-03-10 08:30:32,80.4,97.6,122.05993701550398,23.729166666666668,22.552083333333332
1689,2021-03-10 23:33:04,2021-03-10 23:56:24,39.2,62.0,119.65705817495127,30.170212765957448,28.71631205673759
1690,2021-03-10 23:56:45,2021-03-11 00:42:45,62.4,97.6,122.17646614583334,32.67870036101083,31.39350180505415
1691,2021-03-11 23:02:29,2021-03-11 23:27:49,44.0,69.2,117.5622944775132,32.33986928104575,30.764705882352942
1692,2021-03-11 23:28:10,2021-03-11 23:54:20,69.6,92.0,122.13543210565474,34.462025316455694,32.721518987341774
1693,2021-03-12 06:00:13,2021-03-12 06:26:53,34.4,60.8,118.21077057028621,31.627329192546583,28.614906832298136
1694,2021-03-12 06:27:14,2021-03-12 07:01:14,61.2,91.6,119.9182324561404,33.84390243902439,31.229268292682928
1695,2021-03-12 20:50:03,2021-03-12 21:09:23,28.4,47.6,117.84289771412037,31.54700854700855,30.299145299145298
1696,2021-03-12 21:09:44,2021-03-12 21:40:44,47.6,78.4,117.71736742424244,34.401069518716575,33.1283422459893
1697,2021-03-12 21:41:05,2021-03-12 22:07:45,78.8,97.6,124.43116179078015,36.0,34.0
1698,2021-03-13 18:19:19,2021-03-13 19:16:09,24.8,80.8,118.42091313988097,30.353629976580795,29.028103044496486
1699,2021-03-15 18:48:50,2021-03-15 19:07:40,11.6,23.2,122.05103280651346,30.0,28.0
1700,2021-03-15 19:08:01,2021-03-15 19:37:11,23.6,41.6,121.79786651234568,30.664772727272727,29.34090909090909
1701,2021-03-15 19:37:32,2021-03-15 20:08:39,42.0,62.0,116.94544245833336,32.6063829787234,31.22340425531915
1702,2021-03-16 01:27:31,2021-03-16 01:55:11,16.4,43.2,120.61464686981758,31.281437125748504,28.940119760479043
1703,2021-03-16 01:55:32,2021-03-16 02:22:42,43.6,70.4,118.42092604684906,34.69512195121951,32.292682926829265
1704,2021-03-16 02:23:03,2021-03-16 02:45:03,70.8,90.4,122.15987344104302,36.40601503759399,33.93984962406015
1705,2021-03-16 09:18:59,2021-03-16 09:43:49,64.8,88.0,121.18414828783519,33.17333333333333,30.473333333333333
1706,2021-03-16 09:44:10,2021-03-16 10:02:50,88.0,97.6,122.27578877314822,33.88495575221239,31.0
1707,2021-03-16 23:25:00,2021-03-16 23:52:20,52.8,75.6,118.66226730019494,36.57575757575758,34.17575757575757
1708,2021-03-16 23:52:41,2021-03-17 00:20:41,75.6,95.6,121.46805500000002,37.0,35.0
1709,2021-03-17 08:16:40,2021-03-17 09:10:16,59.2,97.6,122.59058526620372,30.4590570719603,28.166253101736974
1710,2021-03-17 18:31:42,2021-03-17 20:06:29,24.800001,97.6,120.57680293336577,35.193548387096776,33.76157082748948
1711,2021-03-18 11:15:06,2021-03-18 11:37:06,79.2,95.6,123.48409298780491,31.76691729323308,30.0
1712,2021-03-18 19:16:29,2021-03-18 19:47:29,38.0,68.4,119.16165652412278,35.5668449197861,33.60427807486631
1713,2021-03-18 19:47:50,2021-03-18 20:14:10,68.8,92.0,120.25265056273946,37.515723270440255,35.0188679245283
1714,2021-03-19 13:17:25,2021-03-19 13:42:15,31.2,55.6,118.75284796220397,33.653333333333336,32.25333333333333
1715,2021-03-19 13:42:36,2021-03-19 14:12:06,56.0,84.4,121.06318065336461,35.79213483146067,34.37078651685393
1716,2021-03-19 14:12:27,2021-03-19 14:32:27,84.8,97.6,122.9589972873264,36.0,34.52892561983471
1717,2021-03-20 01:01:13,2021-03-20 01:29:43,9.6,20.0,118.75,32.0,30.0
1718,2021-03-20 01:30:04,2021-03-20 01:57:14,20.0,30.0,117.72222222222221,32.0,30.0
1719,2021-03-20 01:57:35,2021-03-20 02:23:35,30.0,39.2,122.463768115942,32.92993630573248,30.312101910828027
1720,2021-03-20 02:23:56,2021-03-20 02:50:57,39.6,49.2,121.95023148148148,33.25609756097561,31.0
1721,2021-03-20 02:56:42,2021-03-20 03:15:12,51.6,58.4,117.89215686274517,34.0,31.866071428571427
1722,2021-03-20 03:15:33,2021-03-20 03:42:03,58.4,68.0,119.61805555555554,34.0,32.0
1723,2021-03-20 06:43:52,2021-03-20 07:02:02,37.6,55.2,120.4963772885101,33.10909090909091,30.245454545454546
1724,2021-03-20 07:02:23,2021-03-20 07:31:03,55.6,83.6,119.55655838293653,35.25433526011561,32.49132947976879
1725,2021-03-20 07:31:24,2021-03-20 07:52:28,84.0,97.6,125.77556960784324,36.0,33.0
1726,2021-03-20 15:50:26,2021-03-20 16:18:47,35.6,63.6,117.97996277777779,37.47093023255814,35.401162790697676
1727,2021-03-20 16:19:08,2021-03-20 16:49:48,64.0,91.6,120.3784283413849,39.178378378378376,37.005405405405405
1728,2021-03-20 23:01:44,2021-03-20 23:28:54,40.8,59.6,118.13757395094562,36.353658536585364,33.1890243902439
1729,2021-03-20 23:35:05,2021-03-21 00:02:55,63.6,82.8,118.67622677951393,37.0,34.0
1730,2021-03-21 00:03:16,2021-03-21 00:29:46,82.8,97.6,124.87989705330331,37.09375,34.0
1731,2021-03-21 19:31:04,2021-03-21 20:00:44,38.0,67.6,117.792326341967,22.592178770949722,20.977653631284916
1732,2021-03-21 20:01:05,2021-03-21 20:30:25,67.6,92.4,120.51356328405012,25.192090395480225,23.610169491525422
1733,2021-03-22 04:38:02,2021-03-22 05:13:22,57.6,90.0,120.09130551268863,23.774647887323944,21.568075117370892
1734,2021-03-22 05:13:43,2021-03-22 05:32:13,90.0,97.6,121.92797861842111,25.0,22.0
1735,2021-03-22 09:55:34,2021-03-22 11:04:17,61.2,97.6,122.55679459706961,23.68798449612403,21.459302325581394
1736,2021-03-23 09:38:15,2021-03-23 10:03:45,32.8,58.0,118.159180941358,21.584415584415584,20.681818181818183
1737,2021-03-23 10:04:06,2021-03-23 10:36:16,58.4,88.4,119.95047287037033,24.623711340206185,23.685567010309278
1738,2021-03-23 23:09:49,2021-03-23 23:39:39,32.4,61.6,118.16874562404868,27.11111111111111,25.377777777777776
1739,2021-03-23 23:40:00,2021-03-24 00:07:10,62.0,88.0,119.590263034188,29.926829268292682,28.26829268292683
1740,2021-03-24 00:07:31,2021-03-24 00:24:21,88.0,97.6,124.91461877893526,31.0,29.0
1741,2021-03-24 14:51:27,2021-03-24 15:15:54,36.8,57.6,117.68450424011749,25.075675675675676,23.875675675675677
1742,2021-03-24 15:17:38,2021-03-24 16:12:21,58.0,97.6,121.46932205387209,27.70559610705596,26.503649635036496
1743,2021-03-25 16:30:13,2021-03-25 16:55:23,32.0,40.0,117.44439201388887,30.0,28.0
1744,2021-03-25 16:55:44,2021-03-25 17:21:44,40.0,48.4,115.55550396825399,30.49044585987261,28.821656050955415
1745,2021-03-25 17:22:05,2021-03-25 17:43:19,48.4,55.6,110.09871628086412,31.0,29.364341085271317
1746,2021-03-25 17:50:59,2021-03-25 18:18:39,58.0,66.8,117.37368497474748,31.0,30.0
1747,2021-03-25 22:54:01,2021-03-26 00:24:24,26.0,97.6,120.37291217799506,32.17941176470588,30.35735294117647
1748,2021-03-26 12:07:38,2021-03-26 12:37:48,53.2,70.0,119.48245089285716,29.824175824175825,28.324175824175825
1749,2021-03-26 21:45:36,2021-03-26 22:10:56,26.0,40.0,117.95632452380951,29.973856209150327,28.50980392156863
1750,2021-03-26 22:11:17,2021-03-26 22:43:47,40.0,58.8,115.03987278368797,31.622448979591837,30.224489795918366
1751,2021-03-26 22:44:08,2021-03-26 23:12:18,58.8,74.8,117.1484162326389,33.0,31.0
1752,2021-03-26 23:12:39,2021-03-26 23:42:29,74.8,91.2,121.07806309281838,33.0,31.883333333333333
1753,2021-03-27 20:08:33,2021-03-27 20:38:13,55.2,72.8,120.54531178977277,31.949720670391063,30.424581005586592
1754,2021-03-27 20:38:34,2021-03-27 21:09:34,73.2,90.4,123.66441820090436,32.68449197860963,31.0
1755,2021-03-27 21:09:55,2021-03-27 21:27:15,90.8,98.8,124.94446684027778,33.0,31.038095238095238
1756,2021-03-28 14:32:19,2021-03-28 14:59:59,32.0,42.8,121.15487165637863,29.802395209580837,28.58682634730539
1757,2021-03-28 15:00:20,2021-03-28 15:29:40,43.2,54.8,116.69302622126443,31.361581920903955,30.124293785310734
1758,2021-03-28 15:36:19,2021-03-28 16:03:29,57.6,68.0,116.77086191239316,32.63414634146341,31.01219512195122
1759,2021-03-28 22:37:58,2021-03-28 23:24:54,9.6,49.2,118.64654460227275,33.59322033898305,31.652542372881356
1760,2021-03-28 23:28:21,2021-03-29 00:08:31,49.2,82.4,121.05225636295181,37.0,34.69867549668874
1761,2021-03-29 04:16:37,2021-03-29 05:39:04,32.8,97.6,120.59620153249313,35.35056542810985,32.253634894991926
1762,2021-03-29 12:56:07,2021-03-29 13:18:57,35.2,57.6,118.98934151785716,34.45652173913044,32.594202898550726
1763,2021-03-29 13:19:18,2021-03-29 13:47:08,58.0,84.8,121.06913552031509,36.69642857142857,34.720238095238095
1764,2021-03-29 13:47:29,2021-03-29 14:07:19,85.2,97.6,126.04168660394275,37.325,35.175
1765,2021-03-29 20:57:29,2021-03-29 21:27:29,59.2,88.4,119.19901717085236,36.35911602209945,34.033149171270715
1766,2021-03-30 03:00:35,2021-03-30 03:28:25,48.0,70.4,120.26662996031743,34.648809523809526,31.767857142857142
1767,2021-03-30 03:28:46,2021-03-30 03:54:56,70.4,90.0,120.72988945578234,35.278481012658226,32.91139240506329
1768,2021-03-30 14:25:55,2021-03-30 14:48:25,2.4,24.4,119.22600984848488,35.9264705882353,34.19117647058823
1769,2021-03-30 14:48:46,2021-03-30 15:20:56,24.4,56.0,118.64451591068917,37.76288659793814,36.422680412371136
1770,2021-03-30 15:21:17,2021-03-30 15:45:17,56.4,79.2,122.69858637914228,40.57931034482758,38.99310344827586
1771,2021-03-30 18:33:55,2021-03-30 18:55:15,53.6,60.4,116.99341196895425,39.992248062015506,37.0
1772,2021-03-30 19:09:38,2021-03-30 19:39:31,62.8,72.0,121.26564634661827,39.0,36.23756906077348
1773,2021-03-30 19:39:52,2021-03-30 20:05:12,72.0,80.0,118.22216944444443,39.0,36.0
1774,2021-03-31 01:12:41,2021-03-31 01:41:11,42.0,70.0,118.70486502976192,35.26162790697674,32.48255813953488
1775,2021-03-31 01:41:32,2021-03-31 01:58:41,70.4,86.8,121.94572102811661,36.7047619047619,34.0
1776,2021-03-31 07:33:18,2021-03-31 08:02:48,68.4,86.8,120.51180208333344,32.80337078651685,30.337078651685392
1777,2021-03-31 08:03:09,2021-03-31 08:19:49,87.2,97.2,121.95282402777781,33.0,31.0
1778,2021-04-01 10:51:50,2021-04-01 11:11:40,8.8,28.0,120.64960337094908,30.908333333333335,29.408333333333335
1779,2021-04-01 11:12:01,2021-04-01 11:40:21,28.4,56.0,119.69907860305959,33.239766081871345,31.994152046783626
1780,2021-04-01 11:40:42,2021-04-01 12:07:32,56.4,82.4,120.2815223824786,36.074074074074076,34.858024691358025
1781,2021-04-01 12:07:53,2021-04-01 12:26:53,82.8,95.6,124.28277821180558,37.0,36.0
1782,2021-04-02 07:08:26,2021-04-02 07:36:56,45.6,74.0,117.13469190140846,31.46511627906977,30.372093023255815
1783,2021-04-02 07:37:17,2021-04-02 08:09:17,74.0,97.6,122.37759945856877,33.005181347150256,32.0
1784,2021-04-02 18:18:24,2021-04-02 18:46:14,45.6,72.8,119.02423432393796,38.73809523809524,36.25595238095238
1785,2021-04-02 18:46:35,2021-04-02 19:10:45,73.2,93.2,121.72849076388887,40.0,37.773972602739725
1786,2021-04-03 01:18:42,2021-04-03 01:46:22,46.0,65.2,120.32120457175925,36.221556886227546,33.31137724550898
1787,2021-04-03 01:46:43,2021-04-03 02:18:03,65.6,87.2,121.12656738683125,37.0,34.0
1788,2021-04-03 02:18:24,2021-04-03 02:35:34,87.6,97.6,127.56949625000007,37.0,34.0
1789,2021-04-03 13:43:02,2021-04-03 14:06:32,20.0,39.6,120.33590816326527,34.86619718309859,33.29577464788732
1790,2021-04-03 14:06:53,2021-04-03 14:37:13,40.0,66.0,117.06946527777777,37.486338797814206,35.68852459016394
1791,2021-04-03 14:37:34,2021-04-03 15:02:44,66.4,87.2,121.50710917467956,39.0,37.0
1792,2021-04-04 00:34:41,2021-04-04 01:02:01,18.4,44.8,120.75546822390572,35.38787878787879,32.81818181818182
1793,2021-04-04 01:02:22,2021-04-04 01:32:02,45.2,74.4,118.43320976027397,37.79329608938548,35.45810055865922
1794,2021-04-04 01:32:23,2021-04-04 02:00:23,74.8,96.4,122.39069592335387,39.0,36.0
1795,2021-04-04 16:38:57,2021-04-04 17:52:01,33.2,97.6,120.50139138716358,33.33697632058288,31.619307832422585
1796,2021-04-05 01:05:09,2021-04-05 01:37:19,18.0,38.0,120.89308236111114,30.670103092783506,28.170103092783506
1797,2021-04-05 01:37:40,2021-04-05 02:07:20,38.4,57.2,118.61409249408983,32.547486033519554,29.93854748603352
1798,2021-04-05 02:07:41,2021-04-05 03:05:15,57.6,93.2,121.10521043227219,34.0,31.0
1799,2021-04-05 12:07:13,2021-04-05 12:28:13,49.6,62.4,121.97704296875003,27.086614173228348,25.496062992125985
1800,2021-04-05 12:28:34,2021-04-05 13:00:54,62.8,82.8,120.64449166666668,28.0,26.523076923076925
1801,2021-04-05 13:01:15,2021-04-05 13:27:55,82.8,97.6,122.47937743993998,28.900621118012424,27.354037267080745
1802,2021-04-05 21:06:50,2021-04-05 21:33:30,40.4,66.8,119.44338857323234,30.111801242236027,28.509316770186334
1803,2021-04-05 21:33:51,2021-04-05 22:04:31,67.2,93.6,120.42982486321554,31.82702702702703,30.0972972972973
1804,2021-04-06 15:53:41,2021-04-06 17:05:36,25.2,92.4,119.32648140707676,34.07037037037037,32.237037037037034
1805,2021-04-06 22:12:01,2021-04-06 22:42:31,51.6,76.8,119.88534997795415,36.766304347826086,34.55434782608695
1806,2021-04-06 22:42:52,2021-04-06 23:06:52,77.2,94.4,122.67603512596898,37.06896551724138,35.0
1807,2021-04-07 11:32:08,2021-04-07 12:09:38,40.4,72.0,119.68170050105482,28.94273127753304,27.63876651982379
1808,2021-04-07 12:09:59,2021-04-07 12:36:29,72.4,92.8,121.46106304466232,30.9375,29.76875
1809,2021-04-07 20:40:50,2021-04-07 22:18:10,22.0,97.6,120.34877960905351,35.59097127222982,33.66347469220246
1810,2021-04-08 12:10:35,2021-04-08 12:37:05,58.8,84.4,120.71125862630205,29.51875,28.16875
1811,2021-04-08 12:37:26,2021-04-08 12:59:26,84.8,97.6,124.02129633246533,30.413533834586467,29.0
1812,2021-04-08 17:10:39,2021-04-08 17:43:19,74.0,97.6,121.10736839924674,28.88617886178862,26.658536585365855
1813,2021-04-09 03:50:41,2021-04-09 04:14:41,32.4,56.0,119.00896468926554,24.875862068965517,21.848275862068967
1814,2021-04-09 04:15:02,2021-04-09 04:43:12,56.4,84.0,119.39917351046701,27.623529411764707,24.7
1815,2021-04-09 08:43:33,2021-04-09 09:13:34,80.8,97.6,120.05721010251324,25.898230088495577,22.995575221238937
1816,2021-04-09 17:13:29,2021-04-09 18:24:52,34.4,97.6,120.39406877417372,28.361940298507463,27.14365671641791
1817,2021-04-10 17:15:09,2021-04-10 17:53:01,66.0,96.8,120.62555791486291,29.607017543859648,28.53684210526316
1818,2021-04-11 03:19:47,2021-04-11 03:48:17,31.6,49.6,119.17824560185186,27.837209302325583,26.180232558139537
1819,2021-04-11 03:48:38,2021-04-11 04:19:08,49.6,68.8,115.26332429108797,29.72826086956522,27.92391304347826
1820,2021-04-11 04:19:29,2021-04-11 04:50:29,68.8,86.8,119.6944590277778,30.481283422459892,29.0
1821,2021-04-11 04:50:50,2021-04-11 05:10:50,86.8,97.6,124.27985982510292,31.0,29.0
1822,2021-04-11 15:44:52,2021-04-11 17:03:08,21.6,94.0,119.96947059238796,36.74149659863946,35.00170068027211
1823,2021-04-11 23:14:33,2021-04-11 23:45:49,37.6,57.2,119.65362919501132,35.597457627118644,32.720338983050844
1824,2021-04-11 23:47:29,2021-04-12 00:43:08,56.4,90.8,120.98207519379844,36.99043062200957,34.0
1825,2021-04-12 13:54:58,2021-04-12 14:27:48,24.8,52.8,117.17459444444447,34.23737373737374,32.64646464646464
1826,2021-04-12 14:28:09,2021-04-12 15:16:23,52.8,92.0,119.31302533659296,37.20962199312715,35.41237113402062
1827,2021-04-13 02:30:35,2021-04-13 02:48:35,40.0,52.4,120.75714740143373,30.559633027522935,28.26605504587156
1828,2021-04-13 02:48:56,2021-04-13 03:18:26,52.8,73.2,120.26549877450974,31.971910112359552,29.668539325842698
1829,2021-04-13 03:18:47,2021-04-13 03:47:57,73.6,92.8,123.12860503472218,33.0,30.0
1830,2021-04-13 14:38:47,2021-04-13 15:56:10,32.4,94.4,120.5407694265233,36.179001721170394,34.60413080895009
1831,2021-04-14 14:37:25,2021-04-14 15:01:25,18.4,41.6,121.49485584291186,35.793103448275865,33.49655172413793
1832,2021-04-14 15:01:46,2021-04-14 15:34:36,42.0,74.4,119.17139073216735,38.86868686868687,36.58080808080808
1833,2021-04-15 01:39:14,2021-04-15 02:16:04,42.0,78.4,118.55467223748475,34.5945945945946,32.450450450450454
1834,2021-04-15 18:54:05,2021-04-15 19:26:05,58.8,80.8,120.48487272727274,30.33160621761658,29.041450777202073
1835,2021-04-15 19:26:26,2021-04-15 19:50:26,80.8,96.0,122.1573599232456,31.0,30.0
1836,2021-04-16 18:32:50,2021-04-16 19:04:40,30.0,52.4,118.81264769345239,27.291666666666668,25.989583333333332
1837,2021-04-16 19:05:01,2021-04-16 19:31:51,52.8,72.0,116.92421310763888,29.69753086419753,28.166666666666668
1838,2021-04-16 19:32:12,2021-04-16 20:00:12,72.4,91.2,122.347831855792,30.674556213017752,29.0
1839,2021-04-17 00:32:59,2021-04-17 01:00:49,68.8,90.8,121.5524029040404,31.541666666666668,29.232142857142858
1840,2021-04-17 06:36:28,2021-04-17 06:57:08,70.0,89.2,118.3492635271991,29.936,27.032
1841,2021-04-17 14:27:50,2021-04-17 14:56:00,58.0,77.2,121.76220167824074,29.523529411764706,27.88235294117647
1842,2021-04-17 14:56:21,2021-04-17 15:25:01,77.6,96.0,121.9716487016908,30.265895953757227,28.890173410404625
1843,2021-04-18 01:09:22,2021-04-18 01:42:51,32.4,60.8,117.76330160406887,29.96031746031746,28.17063492063492
1844,2021-04-18 02:41:26,2021-04-18 02:58:55,86.0,97.2,116.70166161954366,32.984848484848484,31.0
1845,2021-04-18 16:54:14,2021-04-18 17:20:04,49.6,74.8,119.60868871252205,32.96153846153846,31.012820512820515
1846,2021-04-18 17:20:25,2021-04-18 17:48:35,75.2,96.4,123.86204192872117,34.0,32.0
1847,2021-04-19 18:15:23,2021-04-19 18:42:33,37.2,64.4,116.5083763276144,30.963414634146343,29.579268292682926
1848,2021-04-19 18:42:54,2021-04-19 19:17:04,64.8,93.6,122.16773548418212,33.44660194174757,31.92233009708738
1849,2021-04-20 10:44:16,2021-04-20 11:33:28,64.0,97.6,121.5056397619048,29.107816711590296,27.587601078167115
1850,2021-04-20 17:20:02,2021-04-20 17:45:12,63.2,87.2,122.62733252314814,31.342105263157894,29.55263157894737
1851,2021-04-20 17:45:33,2021-04-20 18:02:23,87.6,97.6,124.90974222222222,32.0,30.0
1852,2021-04-21 02:19:44,2021-04-21 02:36:34,38.4,48.8,121.66802911324788,30.176470588235293,28.019607843137255
1853,2021-04-21 02:36:55,2021-04-21 03:07:25,49.2,68.4,119.40540842013887,31.706521739130434,29.63586956521739
1854,2021-04-21 03:07:46,2021-04-21 03:38:46,68.4,88.0,118.88608078231297,32.54010695187166,30.310160427807485
1855,2021-04-21 03:39:07,2021-04-21 03:55:37,88.0,97.6,124.94796889467604,33.0,31.0
1856,2021-04-21 20:51:14,2021-04-21 21:14:14,7.6,27.2,120.4421910430839,33.0,31.093525179856115
1857,2021-04-21 21:14:35,2021-04-21 21:40:45,27.6,49.6,119.41667809343437,34.62658227848101,32.835443037974684
1858,2021-04-21 21:41:06,2021-04-21 22:10:06,49.6,73.2,118.19681096986818,36.8,34.82857142857143
1859,2021-04-21 22:10:27,2021-04-21 22:35:17,73.2,91.2,122.57177530864199,37.74666666666667,35.88
1860,2021-04-22 03:27:50,2021-04-22 03:59:00,39.6,70.4,118.30403896103896,40.16489361702128,36.180851063829785
1861,2021-04-22 03:59:21,2021-04-22 04:26:41,70.8,93.6,122.33005921052636,41.163636363636364,37.36363636363637
1862,2021-04-22 17:16:29,2021-04-22 17:43:19,52.0,78.0,120.12554481837607,43.67901234567901,40.80864197530864
1863,2021-04-22 17:43:40,2021-04-22 18:00:38,78.4,92.0,124.16136662581705,44.0,41.0
1864,2021-04-23 00:09:58,2021-04-23 00:36:48,55.6,81.6,119.49785844017097,40.0,36.611111111111114
1865,2021-04-23 00:37:09,2021-04-23 01:00:29,82.0,97.6,124.74536244658123,41.0,37.0
1866,2021-04-23 21:59:11,2021-04-23 22:30:01,24.8,50.8,119.45887772435901,36.31182795698925,34.38172043010753
1867,2021-04-23 22:30:22,2021-04-23 23:00:52,51.2,75.6,119.9664296448088,38.744565217391305,36.744565217391305
1868,2021-04-23 23:01:13,2021-04-23 23:28:53,76.0,95.2,122.7857522424768,39.0,37.0
1869,2021-04-24 06:36:55,2021-04-24 07:03:35,14.8,31.6,118.78304232804228,34.08074534161491,31.22360248447205
1870,2021-04-24 07:03:56,2021-04-24 07:29:56,31.6,48.0,118.63818495934959,35.452229299363054,32.59872611464968
1871,2021-04-24 07:30:17,2021-04-24 08:01:27,48.0,68.0,116.61525180555554,36.88297872340426,34.398936170212764
1872,2021-04-24 08:01:48,2021-04-24 08:32:48,68.4,87.2,123.39536258865249,37.844919786096256,35.0
1873,2021-04-24 08:33:09,2021-04-24 08:50:29,87.6,97.6,125.98612361111114,38.0,35.0
1874,2021-04-24 16:14:13,2021-04-24 17:02:32,42.4,88.8,120.58315997665233,38.35537190082645,36.4435261707989
1875,2021-04-25 17:25:35,2021-04-25 17:51:55,15.2,40.8,119.84592122395836,30.729559748427672,29.547169811320753
1876,2021-04-25 17:52:16,2021-04-25 18:19:46,41.2,68.4,117.78901460375818,34.04216867469879,32.83132530120482
1877,2021-04-25 18:20:07,2021-04-25 18:47:57,68.8,92.4,121.77672563559317,35.92857142857143,34.63690476190476
1878,2021-04-26 18:17:27,2021-04-26 18:39:27,5.2,28.8,108.75706214689265,30.330827067669173,28.902255639097746
1879,2021-04-26 18:39:48,2021-04-26 19:06:38,29.2,55.2,120.4049144230769,32.53703703703704,30.962962962962962
1880,2021-04-26 19:06:59,2021-04-26 19:37:29,55.6,84.4,123.5513115354938,35.65217391304348,33.80978260869565
1881,2021-04-26 19:37:50,2021-04-26 19:57:40,84.8,97.6,128.89652148437509,37.0,35.0
1882,2021-04-27 01:01:01,2021-04-27 01:31:01,73.2,96.8,120.73153642890777,33.0,29.944751381215468
1883,2021-04-27 14:17:59,2021-04-27 14:42:09,48.8,72.0,121.49724359434866,28.472602739726028,26.527397260273972
1884,2021-04-27 14:42:30,2021-04-27 15:11:30,72.4,95.2,120.75902308723197,29.94857142857143,28.102857142857143
1885,2021-04-28 01:56:58,2021-04-28 02:21:08,13.2,21.6,113.49371709656084,27.0,25.0
1886,2021-04-28 02:21:29,2021-04-28 02:50:59,21.6,31.2,117.62731516203706,27.578651685393258,25.662921348314608
1887,2021-04-28 02:51:20,2021-04-28 03:19:30,31.2,40.4,119.32367149758456,28.376470588235293,26.570588235294117
1888,2021-04-28 03:19:51,2021-04-28 03:51:11,40.4,50.8,118.66453039529917,29.3015873015873,27.513227513227513
1889,2021-04-28 03:51:32,2021-04-28 04:20:52,50.8,60.8,112.21666716666667,30.0,28.0
1890,2021-04-28 04:21:13,2021-04-28 04:50:23,61.2,70.8,123.37962962962972,30.0,28.0
1891,2021-04-28 04:50:44,2021-04-28 05:21:04,71.2,81.2,118.08333333333334,30.0,28.48633879781421
1892,2021-04-28 05:21:25,2021-04-28 05:47:15,81.2,89.6,122.08994708994723,30.0,28.884615384615383
1893,2021-04-28 05:47:36,2021-04-28 06:12:26,89.6,97.6,126.38888888888889,30.0,29.0
1894,2021-04-28 12:10:31,2021-04-28 12:39:11,64.0,81.6,122.36902351641416,29.09248554913295,26.982658959537574
1895,2021-04-28 12:39:32,2021-04-28 13:07:22,82.0,97.6,122.98167993233623,30.0,27.61904761904762
1896,2021-04-28 19:36:51,2021-04-28 19:55:11,55.6,67.2,119.0876721743295,27.82882882882883,25.504504504504503
1897,2021-04-28 19:55:32,2021-04-28 20:22:32,67.2,84.0,121.08385739087306,28.63803680981595,26.49079754601227
1898,2021-04-28 20:22:53,2021-04-28 20:46:33,84.4,97.6,124.23821538299673,29.0,27.25874125874126
1899,2021-04-29 13:16:28,2021-04-29 14:49:36,23.6,97.6,119.93009379504504,33.12160228898426,31.258941344778254
1900,2021-04-29 21:13:48,2021-04-29 21:42:48,47.6,65.2,120.71497735164138,33.034285714285716,30.765714285714285
1901,2021-04-29 21:43:09,2021-04-29 22:01:19,65.6,76.4,118.93134374999991,34.0,31.118181818181817
1902,2021-04-29 22:06:27,2021-04-29 22:34:27,79.2,94.8,122.19286075498582,34.0,32.0
1903,2021-04-30 21:00:50,2021-04-30 21:30:20,44.4,62.8,118.36505306461356,32.98876404494382,31.53370786516854
1904,2021-04-30 21:30:41,2021-04-30 22:00:11,62.8,80.4,118.49354853219691,34.0,32.0
1905,2021-04-30 22:00:32,2021-04-30 22:25:32,80.4,94.4,121.63017523809523,34.0,32.86184210526316
1906,2021-05-01 07:08:41,2021-05-01 07:40:21,56.0,74.8,120.35758333333335,34.18848167539267,31.74869109947644
1907,2021-05-01 07:40:42,2021-05-01 08:07:12,74.8,90.0,119.63086595394736,35.0,32.0
1908,2021-05-01 15:33:32,2021-05-01 16:29:10,50.4,97.6,121.35646942973169,37.569377990430624,35.79425837320574
1909,2021-05-02 14:07:56,2021-05-02 15:35:51,16.8,96.8,119.32082596354168,34.77424242424242,32.68181818181818
1910,2021-05-02 21:10:54,2021-05-02 21:29:04,39.2,57.2,119.03320432098768,33.04545454545455,28.89090909090909
1911,2021-05-02 21:29:25,2021-05-02 21:54:15,57.6,82.0,120.22995719489981,34.513333333333335,30.68
1912,2021-05-02 23:30:38,2021-05-02 23:52:38,68.8,89.6,118.35004073183764,33.59398496240601,29.030075187969924
1913,2021-05-03 04:49:11,2021-05-03 05:14:31,26.8,51.6,118.9605698924731,28.9281045751634,25.281045751633986
1914,2021-05-03 05:14:52,2021-05-03 05:46:42,52.0,83.2,118.79451976495723,31.796875,28.302083333333332
1915,2021-05-03 05:47:03,2021-05-03 06:08:43,83.2,97.6,122.46818711419765,33.0,29.0
1916,2021-05-03 13:09:40,2021-05-03 13:25:03,30.4,45.2,121.41395395082581,28.854700854700855,26.102564102564102
1917,2021-05-03 13:38:31,2021-05-03 14:31:59,45.2,92.8,121.17951403828198,32.049751243781095,29.31592039800995
1918,2021-05-04 05:26:00,2021-05-04 05:47:10,9.6,28.0,117.9581909722222,29.8828125,27.9453125
1919,2021-05-04 05:47:31,2021-05-04 06:14:31,28.0,50.8,118.82676687378171,31.319018404907975,29.631901840490798
1920,2021-05-04 06:14:52,2021-05-04 06:43:42,51.2,74.0,121.47235891812865,33.867816091954026,32.07471264367816
1921,2021-05-04 06:44:03,2021-05-04 07:14:13,74.4,95.2,123.95968643162394,35.0,33.0
1922,2021-05-04 15:46:58,2021-05-04 16:04:40,11.6,20.4,120.11207664141415,35.333333333333336,33.416666666666664
1923,2021-05-04 16:05:01,2021-05-04 16:37:41,20.8,43.2,120.91208996775794,35.796954314720814,33.746192893401016
1924,2021-05-04 16:38:02,2021-05-04 17:06:52,43.6,63.6,116.2583486111111,37.60919540229885,35.166666666666664
1925,2021-05-04 17:21:44,2021-05-04 17:50:34,73.6,92.0,122.29243357487918,38.0,35.0
1926,2021-05-05 00:24:28,2021-05-05 00:51:28,65.6,88.0,120.05025353422619,32.28834355828221,29.288343558282207
1927,2021-05-05 06:43:41,2021-05-05 07:03:21,33.2,44.0,120.72785185185191,31.88235294117647,28.949579831932773
1928,2021-05-05 07:03:42,2021-05-05 07:31:22,44.4,60.4,117.87323524305557,33.26347305389221,30.41317365269461
1929,2021-05-05 07:31:43,2021-05-05 07:58:53,60.8,76.4,118.70901655982902,34.0,31.0
1930,2021-05-05 07:59:14,2021-05-05 08:27:04,76.8,92.4,121.61678098290594,34.0,31.49404761904762
1931,2021-05-05 23:27:05,2021-05-05 23:56:45,20.8,50.0,118.84276826484019,33.88268156424581,32.26815642458101
1932,2021-05-05 23:57:06,2021-05-06 00:23:56,50.4,76.8,118.8915365109428,36.72839506172839,34.97530864197531
1933,2021-05-06 00:24:17,2021-05-06 00:41:04,77.2,91.6,118.51833838734578,37.9126213592233,36.0
1934,2021-05-06 15:46:54,2021-05-06 16:33:44,13.6,59.6,118.506472397343,33.41193181818182,31.579545454545453
1935,2021-05-06 17:30:51,2021-05-06 17:53:56,59.6,82.0,119.99678479662701,35.701149425287355,33.89080459770115
1936,2021-05-06 21:31:40,2021-05-06 22:29:59,43.2,91.2,119.32610347511574,36.93150684931507,34.6986301369863
1937,2021-05-07 16:40:08,2021-05-07 17:09:38,12.0,32.8,117.72106617254276,36.07303370786517,34.08426966292135
1938,2021-05-07 17:09:59,2021-05-07 17:41:39,32.8,55.2,117.33387624007936,37.89528795811518,36.12041884816754
1939,2021-05-07 17:42:00,2021-05-07 18:15:10,55.2,78.4,118.63210937500004,39.755,38.0
1940,2021-05-07 18:15:31,2021-05-07 18:37:01,78.8,92.8,123.34329246031747,40.0,38.0
1941,2021-05-08 01:51:01,2021-05-08 02:26:54,34.4,69.6,118.77657889046715,38.0,35.11059907834101
1942,2021-05-08 14:46:57,2021-05-08 15:46:04,38.8,93.2,119.09932271497141,33.61486486486486,31.77027027027027
1943,2021-05-09 03:40:37,2021-05-09 04:51:20,35.2,97.6,119.77404275284904,35.71939736346516,33.93596986817326
1944,2021-05-09 14:37:47,2021-05-09 15:11:47,46.4,80.0,118.58137698412699,42.014634146341464,40.10243902439024
1945,2021-05-10 01:03:02,2021-05-10 01:28:02,15.6,39.6,121.34374409722224,36.788079470198674,34.615894039735096
1946,2021-05-10 01:28:23,2021-05-10 02:04:39,40.0,76.0,117.34007865354938,39.972727272727276,37.63181818181818
1947,2021-05-10 02:05:00,2021-05-10 02:33:40,76.4,97.6,122.95925832023067,41.08670520231214,39.0
1948,2021-05-10 07:04:10,2021-05-10 07:30:30,78.0,97.6,121.4073202947846,38.0,35.0
1949,2021-05-10 16:23:41,2021-05-10 17:01:43,36.4,73.6,119.8960234281661,40.81468531468531,38.87762237762238
1950,2021-05-11 07:57:05,2021-05-11 08:43:23,59.2,97.6,121.44586541883685,35.333333333333336,33.60057471264368
1951,2021-05-11 16:54:01,2021-05-11 17:18:11,29.2,53.2,119.99016209490738,40.02739726027397,38.14383561643836
1952,2021-05-11 17:18:32,2021-05-11 17:46:32,53.6,81.6,119.17609221230161,42.662721893491124,40.85207100591716
1953,2021-05-11 17:46:53,2021-05-11 18:09:03,82.0,97.6,123.0065949964388,43.0,42.0
1954,2021-05-12 01:40:19,2021-05-12 02:18:14,46.4,83.6,119.8234829226404,39.38811188811189,36.70979020979021
1955,2021-05-12 16:14:17,2021-05-12 17:36:05,17.2,93.6,119.3642634416812,42.05211726384365,39.881107491856675
1956,2021-05-13 03:01:32,2021-05-13 03:56:30,34.8,88.0,119.80309132466584,37.32445520581114,35.12106537530266
1957,2021-05-13 11:57:00,2021-05-13 12:14:00,22.8,33.6,121.12785210905352,36.0,34.0
1958,2021-05-13 12:14:21,2021-05-13 12:45:01,33.6,53.6,115.82848611111112,37.16216216216216,35.47027027027027
1959,2021-05-13 12:45:22,2021-05-13 13:15:02,53.6,72.0,116.90822410929951,38.74860335195531,36.94972067039106
1960,2021-05-13 13:15:23,2021-05-13 13:49:13,72.0,91.2,122.27649312789353,39.0,37.0
1961,2021-05-14 00:00:01,2021-05-14 00:24:37,70.0,91.2,120.42727709643603,34.53020134228188,32.711409395973156
1962,2021-05-14 03:30:24,2021-05-14 04:02:44,62.4,91.2,119.81866488233024,36.37948717948718,34.42564102564103
1963,2021-05-15 01:34:02,2021-05-15 02:45:17,15.2,84.8,119.19347286677846,36.84672897196262,34.816822429906544
1964,2021-05-15 04:14:48,2021-05-15 04:36:28,73.6,90.0,120.50983756775065,38.81679389312977,36.0
1965,2021-05-15 21:26:31,2021-05-15 22:04:50,14.4,38.8,120.08067331511842,36.922077922077925,35.21212121212121
1966,2021-05-15 22:05:11,2021-05-15 22:36:21,39.2,58.8,118.30359460034016,38.53191489361702,36.56382978723404
1967,2021-05-15 22:36:42,2021-05-15 23:09:42,58.8,78.8,117.15696194444448,39.89447236180904,37.0
1968,2021-05-15 23:10:03,2021-05-15 23:37:53,78.8,94.4,121.69250195868942,40.0,37.0
1969,2021-05-16 02:38:40,2021-05-16 03:04:40,53.6,69.2,120.446067752849,39.98089171974522,36.853503184713375
1970,2021-05-16 03:05:01,2021-05-16 03:36:11,69.6,87.6,120.2384412037037,40.0,36.6063829787234
1971,2021-05-16 03:36:32,2021-05-16 03:54:52,87.6,97.6,123.19446416666673,40.0,36.0
1972,2021-05-16 11:45:10,2021-05-16 12:14:10,58.4,82.8,120.44287852914393,39.48,37.817142857142855
1973,2021-05-16 12:14:31,2021-05-16 12:37:21,83.2,97.6,123.77412384259267,40.0,38.0
1974,2021-05-16 19:51:00,2021-05-16 20:16:40,29.2,51.2,116.75316521464644,41.36129032258064,39.380645161290325
1975,2021-05-16 20:17:01,2021-05-16 20:45:21,51.2,75.2,118.18230434027777,42.92982456140351,40.92397660818713
1976,2021-05-16 20:45:42,2021-05-16 21:16:02,75.6,97.2,122.66977610596703,43.0,41.0
1977,2021-05-17 12:28:36,2021-05-17 12:53:16,14.8,38.8,119.82870659722226,37.48322147651007,35.54362416107382
1978,2021-05-17 12:53:37,2021-05-17 13:24:17,39.2,69.6,117.57721797331875,40.464864864864865,38.71891891891892
1979,2021-05-17 19:08:06,2021-05-17 19:35:26,35.6,62.4,118.63757353855726,40.763636363636365,38.61212121212121
1980,2021-05-17 19:35:47,2021-05-17 20:04:17,62.8,89.6,121.08056441749588,42.598837209302324,40.0
1981,2021-05-18 01:44:11,2021-05-18 02:55:26,33.6,74.4,117.67214266748367,39.33457943925234,36.42429906542056
1982,2021-05-18 17:47:09,2021-05-18 18:12:29,34.0,58.8,119.22883618951614,34.673202614379086,33.111111111111114
1983,2021-05-18 18:12:50,2021-05-18 18:39:21,59.2,85.2,118.99044151175214,37.19875776397515,35.559006211180126
1984,2021-05-18 18:39:42,2021-05-18 18:59:02,85.6,97.6,125.48960740740738,38.0,36.0
1985,2021-05-19 02:24:06,2021-05-19 02:50:56,32.8,59.2,118.54377041245789,36.46296296296296,34.17901234567901
1986,2021-05-19 02:51:17,2021-05-19 03:21:17,59.6,88.4,119.96672583912036,38.70718232044199,36.370165745856355
1987,2021-05-19 15:07:04,2021-05-19 15:35:04,11.2,38.8,118.37359551127216,39.40828402366864,38.10650887573964
1988,2021-05-19 15:35:25,2021-05-19 16:11:43,38.8,74.8,117.12708763888891,43.141552511415526,41.666666666666664
1989,2021-05-19 16:12:04,2021-05-19 16:40:44,74.8,95.2,121.22891006263615,45.0,43.0
1990,2021-05-20 01:49:19,2021-05-20 02:12:49,14.8,38.8,120.88889762731483,37.605633802816904,35.183098591549296
1991,2021-05-20 02:13:10,2021-05-20 02:42:30,39.2,70.0,117.58343276515156,40.728813559322035,38.220338983050844
1992,2021-05-20 02:42:51,2021-05-20 03:00:41,70.4,88.4,120.19522777777777,42.416666666666664,39.80555555555556
1993,2021-05-20 12:41:13,2021-05-20 13:01:43,14.0,27.2,120.15047506313132,38.0,36.064516129032256
1994,2021-05-20 13:02:04,2021-05-20 13:32:04,27.6,46.8,119.02851345486114,39.29834254143646,37.6243093922652
1995,2021-05-20 13:32:25,2021-05-20 14:01:29,47.2,65.6,116.45668496376817,41.39204545454545,39.52272727272727
1996,2021-05-20 14:01:50,2021-05-20 14:30:30,65.6,82.8,117.97482332041345,42.0,40.0
1997,2021-05-20 14:30:51,2021-05-20 14:51:51,82.8,94.4,123.81945905172404,42.0,40.0
1998,2021-05-20 22:58:27,2021-05-20 23:23:17,33.6,49.2,118.2122778668091,38.0,35.57333333333333
1999,2021-05-20 23:23:38,2021-05-20 23:51:38,49.2,66.4,116.87178811369509,38.994082840236686,36.84615384615385
2000,2021-05-20 23:51:59,2021-05-21 00:08:29,66.4,76.0,119.4213059895834,39.0,37.0
2001,2021-05-21 04:17:17,2021-05-21 04:43:17,28.4,54.0,118.27908572048611,38.439490445859875,35.98089171974522
2002,2021-05-21 04:43:38,2021-05-21 05:11:38,54.4,81.6,119.86367243668303,40.84023668639053,38.55621301775148
2003,2021-05-21 05:11:59,2021-05-21 05:34:39,82.0,97.6,123.54968563034193,42.0,39.0
2004,2021-05-21 13:47:07,2021-05-21 14:15:07,11.6,34.8,120.6441525383142,39.201183431952664,37.57396449704142
2005,2021-05-21 14:15:28,2021-05-21 14:43:08,35.2,58.4,119.18581704980843,41.4311377245509,40.035928143712574
2006,2021-05-21 14:43:29,2021-05-21 15:13:49,58.8,84.0,120.28713894400352,43.486338797814206,41.97267759562842
2007,2021-05-21 15:14:10,2021-05-21 15:34:50,84.4,97.6,125.9185775462964,44.0,42.0
2008,2021-05-22 00:18:11,2021-05-22 00:52:25,26.8,48.4,119.14984643775722,38.95652173913044,36.405797101449274
2009,2021-05-22 00:52:46,2021-05-22 01:21:16,48.8,66.8,119.01700169753089,40.656976744186046,37.877906976744185
2010,2021-05-22 01:21:37,2021-05-22 01:47:57,67.2,83.6,120.71310264227648,41.0,38.0
2011,2021-05-22 19:53:59,2021-05-22 21:52:07,11.6,96.0,119.76660611795683,42.0011273957159,39.83652762119504
2012,2021-05-23 20:20:36,2021-05-23 20:47:26,58.8,84.8,120.57212772435896,40.623456790123456,39.092592592592595
2013,2021-05-23 20:47:47,2021-05-23 21:07:19,85.2,97.6,124.72851525537645,41.0,39.32773109243698
2014,2021-05-24 04:34:59,2021-05-24 05:40:14,40.8,97.6,120.7871532619327,38.648979591836735,36.14081632653061
2015,2021-05-24 14:16:01,2021-05-24 15:35:48,26.0,97.6,119.83481554740845,38.602671118530886,35.72621035058431
2016,2021-05-25 00:36:35,2021-05-25 01:05:35,23.2,52.0,118.15344227430555,38.04,35.84571428571429
2017,2021-05-25 01:05:56,2021-05-25 01:34:46,52.4,80.8,119.1304622456964,40.94252873563219,38.752873563218394
2018,2021-05-25 01:35:07,2021-05-25 01:58:27,81.2,97.6,124.31232012195127,42.0,39.59574468085106
2019,2021-05-25 23:13:23,2021-05-25 23:44:03,21.6,52.0,117.96511184210527,34.637837837837836,32.545945945945945
2020,2021-05-25 23:44:24,2021-05-26 00:14:34,52.4,82.0,119.1812294481982,37.68131868131868,35.68681318681319
2021,2021-05-26 11:07:17,2021-05-26 11:35:27,32.0,59.6,118.99406496578099,35.141176470588235,33.370588235294115
2022,2021-05-26 11:35:48,2021-05-26 12:04:38,60.0,88.0,120.02827832341272,37.6551724137931,35.741379310344826
2023,2021-05-26 16:16:45,2021-05-26 16:46:45,71.6,94.8,120.02814966475096,37.0,34.41988950276243
2024,2021-05-27 15:20:25,2021-05-27 15:52:45,38.0,65.6,117.51209681964576,39.676923076923075,37.748717948717946
2025,2021-05-27 15:53:06,2021-05-27 16:21:26,66.0,89.6,120.45552848399252,41.33918128654971,39.46783625730994
2026,2021-05-28 00:06:31,2021-05-28 00:33:21,41.6,68.0,118.75948411195287,39.82716049382716,37.166666666666664
2027,2021-05-28 00:33:42,2021-05-28 01:01:02,68.4,92.4,121.74365248842594,41.084848484848486,38.21818181818182
2028,2021-05-28 14:37:12,2021-05-28 14:58:12,62.4,78.8,120.32945248983746,39.188976377952756,37.32283464566929
2029,2021-05-28 19:29:47,2021-05-28 19:56:57,68.8,92.8,121.51273715277779,42.0,40.079268292682926
2030,2021-05-29 02:08:32,2021-05-29 02:37:32,45.6,61.6,121.15628046874998,38.394285714285715,35.857142857142854
2031,2021-05-29 02:37:53,2021-05-29 03:09:53,62.0,80.0,118.81484444444447,39.0,36.538860103626945
2032,2021-05-29 03:10:14,2021-05-29 03:41:14,80.0,97.2,120.45545639534882,39.0,37.0
2033,2021-05-29 14:06:46,2021-05-29 14:31:26,25.6,41.6,118.13195815972225,36.651006711409394,34.671140939597315
2034,2021-05-29 14:31:47,2021-05-29 15:01:37,42.0,60.8,118.59413800236412,38.53888888888889,36.72222222222222
2035,2021-05-29 15:01:58,2021-05-29 15:29:38,61.2,78.0,117.92908275462966,39.91017964071856,38.0
2036,2021-05-29 15:29:59,2021-05-29 15:48:39,78.0,88.8,119.85598971193421,40.0,38.0
2037,2021-05-30 16:04:34,2021-05-30 16:34:34,31.2,60.8,118.116072118994,38.469613259668506,36.64088397790055
2038,2021-05-30 16:34:55,2021-05-30 17:05:05,61.2,90.4,119.8335181697108,41.3021978021978,39.45054945054945
2039,2021-05-31 02:00:43,2021-05-31 02:29:03,55.2,82.4,120.79402793096403,35.54385964912281,32.953216374269005
2040,2021-05-31 02:29:24,2021-05-31 02:50:24,82.8,97.6,121.98482094594596,36.05511811023622,34.0
2041,2021-05-31 19:59:07,2021-05-31 20:15:37,14.4,28.4,117.25002003968257,32.25,29.93
2042,2021-05-31 20:15:58,2021-05-31 20:48:08,28.4,55.6,117.67975939542484,34.27835051546392,31.79381443298969
2043,2021-05-31 20:48:29,2021-05-31 21:18:59,56.0,81.6,118.56556011284725,36.81521739130435,34.16847826086956
2044,2021-06-01 13:46:42,2021-06-01 14:17:32,30.4,50.0,118.66004698129251,34.354838709677416,32.59139784946237
2045,2021-06-01 14:49:14,2021-06-01 15:19:44,67.2,86.4,119.6730591724537,36.0,35.0
2046,2021-06-01 15:20:05,2021-06-01 15:38:05,86.8,97.6,122.54372042181076,36.0,35.0
2047,2021-06-02 15:30:02,2021-06-02 16:01:52,10.0,31.2,115.12777594339623,34.0,32.994791666666664
2048,2021-06-02 16:02:13,2021-06-02 16:27:53,31.6,47.6,120.84983993055553,35.31612903225806,33.94193548387097
2049,2021-06-02 16:28:14,2021-06-02 16:57:24,47.6,65.2,121.49544357638887,37.07954545454545,35.64772727272727
2050,2021-06-02 16:57:45,2021-06-02 17:30:15,65.6,84.4,121.3549208776595,38.0,36.0
2051,2021-06-03 13:34:31,2021-06-03 14:01:21,24.8,50.8,119.9535494123932,37.074074074074076,34.82716049382716
2052,2021-06-03 14:01:42,2021-06-03 14:28:02,51.2,77.2,117.76017686965814,40.295597484276726,38.289308176100626
2053,2021-06-04 01:40:17,2021-06-04 02:25:32,14.4,62.0,118.9583462885154,40.2967032967033,37.46886446886447
2054,2021-06-04 02:25:53,2021-06-04 02:43:33,62.4,80.8,120.2151428140097,43.42056074766355,40.570093457943926
2055,2021-06-04 10:19:42,2021-06-04 10:49:32,58.8,64.4,116.20043442460299,34.0,30.25
2056,2021-06-04 10:49:53,2021-06-04 11:20:03,64.8,68.4,117.35344675925896,34.0,30.0
2057,2021-06-04 11:20:24,2021-06-04 11:48:54,68.4,72.0,121.73230671296311,33.08720930232558,30.0
2058,2021-06-04 11:49:15,2021-06-04 12:18:05,72.0,75.6,123.48385069444463,33.0,30.0
2059,2021-06-04 12:18:26,2021-06-04 12:46:46,76.0,79.6,115.60190277777794,32.812865497076025,30.0
2060,2021-06-04 12:47:07,2021-06-04 13:17:27,79.6,83.2,111.22304282407379,32.0,29.15846994535519
2061,2021-06-04 20:33:49,2021-06-04 21:01:59,51.6,75.2,119.65867219868174,32.3,30.00588235294118
2062,2021-06-04 21:02:20,2021-06-04 21:30:20,75.6,96.8,120.69576572327043,33.40828402366864,31.0
2063,2021-06-05 14:50:19,2021-06-05 15:18:39,54.0,81.6,119.42231939412243,32.333333333333336,31.210526315789473
2064,2021-06-05 22:36:44,2021-06-05 23:07:24,56.4,82.0,120.16386555989584,34.994594594594595,33.005405405405405
2065,2021-06-05 23:07:45,2021-06-05 23:29:05,82.4,97.6,122.78419672880123,36.0,34.0
2066,2021-06-06 05:21:27,2021-06-06 05:45:27,69.6,92.0,119.98451240079359,35.3448275862069,32.97931034482759
2067,2021-06-07 02:41:20,2021-06-07 03:09:40,17.2,44.8,119.93912464774559,35.55555555555556,33.62573099415204
2068,2021-06-07 03:10:01,2021-06-07 03:37:11,45.2,72.4,116.64931689133988,38.51829268292683,36.51219512195122
2069,2021-06-07 03:37:32,2021-06-07 04:07:02,72.8,97.2,121.81866461748632,40.0,38.0
2070,2021-06-07 10:53:43,2021-06-07 12:02:23,45.2,97.6,120.62024217133167,38.1375968992248,35.666666666666664
2071,2021-06-08 03:58:10,2021-06-08 04:26:50,24.0,52.0,119.45684637896825,36.91329479768786,34.92485549132948
2072,2021-06-08 04:27:11,2021-06-08 04:53:41,52.4,78.4,118.89957264957263,39.9875,37.75625
2073,2021-06-08 11:27:43,2021-06-08 11:53:13,65.2,77.6,119.96191778673844,38.0,35.13636363636363
2074,2021-06-08 11:53:34,2021-06-08 12:21:34,77.6,91.2,120.07965502450975,38.0,36.0
2075,2021-06-09 09:08:24,2021-06-09 09:39:14,32.4,52.4,117.65557854166669,33.17741935483871,32.23118279569893
2076,2021-06-09 09:39:35,2021-06-09 10:10:05,52.4,71.6,116.76723394097223,35.48913043478261,34.45108695652174
2077,2021-06-09 10:10:26,2021-06-09 10:37:06,72.0,87.6,120.65974109686614,36.15527950310559,35.0
2078,2021-06-09 17:24:17,2021-06-09 18:32:36,34.4,97.6,119.05347647020041,39.61208576998051,37.719298245614034
2079,2021-06-10 18:10:19,2021-06-10 18:52:05,60.8,97.6,121.0720562349034,34.646496815286625,33.28343949044586
2080,2021-06-11 11:03:55,2021-06-11 11:25:15,68.0,85.6,120.78681226325764,34.65891472868217,32.91472868217054
2081,2021-06-11 11:25:36,2021-06-11 11:42:16,86.0,97.6,121.6786587643679,35.0,33.84158415841584
2082,2021-06-12 01:25:03,2021-06-12 02:43:54,24.0,97.6,119.04382168251813,36.31587837837838,34.273648648648646
2083,2021-06-13 10:17:07,2021-06-13 10:45:17,35.2,60.0,114.67183299731185,32.082352941176474,31.33529411764706
2084,2021-06-13 10:45:38,2021-06-13 11:05:28,60.4,77.6,116.45592789082696,34.391666666666666,33.50833333333333
2085,2021-06-13 11:11:49,2021-06-13 11:33:49,80.4,97.6,118.36484706072356,35.443609022556394,34.067669172932334
2086,2021-06-15 21:34:04,2021-06-15 22:05:44,42.8,74.8,115.32985416666665,36.10471204188482,34.94764397905759
2087,2021-06-15 22:06:05,2021-06-15 22:33:15,74.8,97.6,119.05092903265108,37.99390243902439,36.69512195121951
2088,2021-06-16 13:50:38,2021-06-16 14:21:08,44.4,64.0,116.82682582199548,37.94565217391305,36.233695652173914
2089,2021-06-16 14:21:29,2021-06-16 14:49:29,64.0,82.0,116.8495553240741,39.17751479289941,37.84615384615385
2090,2021-06-16 14:49:50,2021-06-16 15:11:30,82.4,96.0,119.54352553104582,40.0,38.14503816793893
2091,2021-06-17 11:10:18,2021-06-17 11:27:48,46.8,58.0,117.31029079861108,34.028301886792455,32.198113207547166
2092,2021-06-17 11:28:09,2021-06-17 11:59:49,58.4,78.0,116.94233028628116,35.0,33.43979057591623
2093,2021-06-17 12:00:10,2021-06-17 12:31:30,78.4,96.4,120.60804174382716,35.0,34.0
2094,2021-06-17 19:46:05,2021-06-17 20:14:05,40.4,58.4,117.02547253086419,38.62721893491124,36.62721893491124
2095,2021-06-17 20:14:26,2021-06-17 20:40:26,58.8,74.8,117.65279114583332,39.87261146496815,37.87898089171974
2096,2021-06-17 20:40:47,2021-06-17 21:11:17,75.2,92.8,120.55004703282832,40.0,38.0
2097,2021-06-18 05:37:54,2021-06-18 06:07:54,41.6,72.0,116.07640040204679,36.9171270718232,34.91160220994475
2098,2021-06-18 06:08:15,2021-06-18 06:32:55,72.4,95.6,118.28186548132189,38.81208053691275,36.651006711409394
2099,2021-06-18 19:05:19,2021-06-18 19:31:49,3.2,26.0,116.27022847831383,41.54,38.98
2100,2021-06-18 19:34:03,2021-06-18 20:41:22,25.6,82.8,117.72402314005441,43.4901185770751,41.440711462450594
2101,2021-06-19 11:23:16,2021-06-19 12:42:40,25.2,93.2,116.87476517156861,37.91107382550336,36.855704697986575
2102,2021-06-19 19:51:38,2021-06-19 21:09:57,32.0,97.6,117.16339199906842,41.916666666666664,39.75850340136054
2103,2021-06-20 16:52:48,2021-06-20 17:54:31,28.8,82.0,116.14595001566417,40.71120689655172,39.1875
2104,2021-06-21 13:33:06,2021-06-21 14:03:06,13.2,33.2,116.29096916666666,39.1767955801105,37.75690607734806
2105,2021-06-21 14:03:27,2021-06-21 14:35:27,33.2,54.8,115.15626781121404,41.06217616580311,39.47150259067357
2106,2021-06-21 14:35:48,2021-06-21 15:04:58,54.8,73.6,116.20864066193857,43.47727272727273,41.74431818181818
2107,2021-06-21 15:05:19,2021-06-21 15:30:19,73.6,88.8,118.43294864766081,44.0,42.99337748344371
2108,2021-06-22 03:14:04,2021-06-22 04:37:51,17.2,97.6,117.88203438190992,35.011128775834656,32.65818759936407
2109,2021-06-22 13:12:13,2021-06-22 14:08:47,28.0,84.8,115.94413351672537,34.256470588235295,31.924705882352942
2110,2021-06-23 11:39:02,2021-06-23 12:07:22,22.8,51.2,116.22114979460095,30.321637426900583,28.549707602339183
2111,2021-06-23 12:07:43,2021-06-23 12:35:23,51.6,79.6,114.96579479166672,33.8502994011976,32.02994011976048
2112,2021-06-23 19:32:02,2021-06-23 20:00:22,40.8,69.2,116.14828540688573,32.95906432748538,29.853801169590643
2113,2021-06-23 20:00:43,2021-06-23 20:31:13,69.6,97.2,117.92671688808369,34.97282608695652,31.88586956521739
2114,2021-06-24 14:42:28,2021-06-24 14:58:20,30.4,41.600002,118.36705804953323,33.0,30.691666666666666
2115,2021-06-24 15:05:57,2021-06-24 16:08:48,44.4,87.200005,116.1811744713062,35.39112050739958,33.4122621564482
2116,2021-06-25 07:06:46,2021-06-25 08:20:16,20.8,93.6,117.74784725083944,34.31884057971015,32.79891304347826
2117,2021-06-25 12:09:26,2021-06-25 12:38:36,60.0,78.8,118.43163955378257,37.125,35.38636363636363
2118,2021-06-26 07:50:59,2021-06-26 09:26:19,18.800001,97.6,116.38946870206604,33.997206703910614,32.55446927374302
2119,2021-06-26 17:45:07,2021-06-26 18:49:47,46.0,97.6,117.52757563738159,36.491769547325106,34.55555555555556
2120,2021-06-28 05:50:22,2021-06-28 06:07:32,58.4,75.2,118.67726678240744,33.57692307692308,32.35576923076923
2121,2021-06-28 06:07:53,2021-06-28 06:28:43,75.6,95.6,115.51946888888887,34.56349206349206,33.37301587301587
2122,2021-06-28 15:59:04,2021-06-28 16:17:04,64.8,82.8,116.22996126543217,38.8348623853211,37.11926605504587
2123,2021-06-29 11:30:06,2021-06-29 11:50:26,11.2,31.6,116.46991973039216,34.0,32.886178861788615
2124,2021-06-29 11:50:47,2021-06-29 12:17:57,32.0,59.2,116.56404187091502,36.13414634146341,34.707317073170735
2125,2021-06-29 12:18:18,2021-06-29 12:51:14,59.6,92.0,118.63075078875174,39.22613065326633,37.77386934673367
2126,2021-06-29 23:08:44,2021-06-29 23:27:34,38.0,54.4,115.25239363143633,37.228070175438596,35.51754385964912
2127,2021-06-29 23:27:55,2021-06-29 23:50:10,54.8,74.4,113.9721776147959,39.20740740740741,37.51111111111111
2128,2021-06-29 23:58:39,2021-06-30 00:19:29,81.6,97.6,120.79169635416672,40.0,38.0
2129,2021-06-30 14:32:31,2021-06-30 14:53:31,33.2,54.4,115.47430948637319,37.354330708661415,35.44881889763779
2130,2021-06-30 14:53:52,2021-06-30 15:17:22,54.8,78.4,116.05519120762709,39.647887323943664,37.96478873239437
2131,2021-07-01 17:05:16,2021-07-01 18:01:52,15.6,72.0,116.75331274379434,41.35294117647059,38.809411764705885
2132,2021-07-02 08:58:05,2021-07-02 09:46:49,22.0,70.8,116.27914987477234,35.08743169398907,33.19945355191257
2133,2021-07-02 10:32:45,2021-07-02 10:52:22,71.2,92.8,105.76042228652267,37.45945945945946,34.91216216216216
2134,2021-07-03 11:29:43,2021-07-03 12:31:00,39.2,97.6,117.27809210664005,36.28478260869565,34.571739130434786
2135,2021-07-03 19:26:23,2021-07-03 19:51:03,26.8,35.6,116.79292929292929,37.0,35.0
2136,2021-07-03 19:51:24,2021-07-03 20:13:24,35.6,43.6,114.58333333333333,37.41353383458647,35.3984962406015
2137,2021-07-03 20:13:45,2021-07-03 20:36:25,43.6,52.0,112.43386243386246,38.0,36.0
2138,2021-07-03 20:36:46,2021-07-03 20:55:06,52.0,58.8,112.33660130718958,38.65765765765766,36.531531531531535
2139,2021-07-03 20:55:27,2021-07-03 21:15:47,59.2,66.4,117.66975308641969,39.0,37.0
2140,2021-07-03 21:16:08,2021-07-03 21:34:48,66.4,73.2,114.3790849673203,39.0,37.0
2141,2021-07-03 21:35:09,2021-07-03 21:56:49,73.6,81.2,118.7865497076022,39.0,37.0
2142,2021-07-03 21:57:10,2021-07-03 22:16:20,81.2,88.0,117.44281045751639,39.0,36.991379310344826
2143,2021-07-03 22:16:41,2021-07-03 22:37:51,88.0,95.2,122.49228395061724,39.0,36.0234375
2144,2021-07-04 06:22:43,2021-07-04 06:41:23,49.2,62.4,116.50254882154888,36.35398230088496,34.07964601769911
2145,2021-07-04 06:41:44,2021-07-04 07:02:54,62.8,76.8,118.80756488095237,37.0,35.0
2146,2021-07-04 07:03:15,2021-07-04 07:29:05,77.2,94.4,116.96465681524548,37.53846153846154,35.0
2147,2021-07-04 15:10:15,2021-07-04 15:28:25,77.2,91.6,116.6811480516976,40.0,38.99090909090909
2148,2021-07-04 22:51:35,2021-07-04 23:56:17,29.6,94.4,116.240856046382,40.452674897119344,38.36831275720164
2149,2021-07-05 12:42:52,2021-07-05 13:32:48,29.2,79.6,115.39727057980602,37.86933333333333,36.14666666666667
2150,2021-07-06 07:53:14,2021-07-06 08:11:44,42.8,61.6,114.61583156028361,36.61607142857143,35.410714285714285
2151,2021-07-06 08:12:05,2021-07-06 08:32:15,62.0,82.4,115.10144669117648,38.65573770491803,37.122950819672134
2152,2021-07-06 08:32:36,2021-07-06 08:50:26,82.4,97.6,119.58334228801179,39.53703703703704,38.0
2153,2021-07-06 20:18:28,2021-07-06 20:36:18,32.4,42.4,119.12642180555557,35.925925925925924,34.407407407407405
2154,2021-07-06 20:36:39,2021-07-06 20:56:49,42.8,54.4,116.47991403256705,37.09836065573771,35.58196721311475
2155,2021-07-06 20:57:10,2021-07-06 21:16:00,54.8,65.6,116.83644881687248,38.14035087719298,36.780701754385966
2156,2021-07-06 21:16:21,2021-07-06 21:36:01,66.0,77.2,117.64883878968251,39.0,37.0
2157,2021-07-06 21:36:22,2021-07-06 21:55:52,77.2,88.4,116.65181473214281,39.0,37.33050847457627
2158,2021-07-06 21:56:13,2021-07-06 22:12:43,88.4,97.6,120.16307336956535,39.0,38.0
2159,2021-07-08 08:01:40,2021-07-08 08:19:50,37.2,49.2,114.91900335648148,32.6,31.28181818181818
2160,2021-07-08 08:20:11,2021-07-08 08:37:51,49.2,60.8,113.5021653496169,33.953271028037385,32.57943925233645
2161,2021-07-08 08:38:12,2021-07-08 08:57:42,61.2,73.6,113.84073555107537,35.0,33.76271186440678
2162,2021-07-08 08:58:03,2021-07-08 09:17:43,73.6,85.6,115.50811979166666,35.52100840336134,34.0
2163,2021-07-08 09:18:04,2021-07-08 09:37:04,85.6,96.4,120.70732240226324,36.0,34.33913043478261
2164,2021-07-08 15:30:03,2021-07-08 15:49:03,58.0,73.6,117.29879967948722,38.61739130434783,36.69565217391305
2165,2021-07-09 13:00:56,2021-07-09 13:20:56,20.8,38.0,117.19960755813955,37.27272727272727,35.30578512396694
2166,2021-07-09 13:21:17,2021-07-09 13:42:57,38.4,57.2,116.1569097222222,39.06870229007634,37.282442748091604
2167,2021-07-09 13:43:18,2021-07-09 14:04:18,57.6,76.0,115.03320772946863,41.118110236220474,39.40944881889764
2168,2021-07-09 14:04:39,2021-07-09 14:27:59,76.4,95.6,120.54470507812502,42.0,40.02836879432624
2169,2021-07-09 23:06:24,2021-07-09 23:27:34,12.0,33.2,116.4655451388889,41.0,38.9296875
2170,2021-07-09 23:27:55,2021-07-09 23:59:15,33.6,64.4,117.42875838744587,43.142857142857146,40.43386243386244
2171,2021-07-10 14:49:53,2021-07-10 15:07:43,12.4,27.6,116.31213103070175,41.0,39.0
2172,2021-07-10 15:08:04,2021-07-10 15:26:34,27.6,43.6,114.63541406250002,41.535714285714285,39.464285714285715
2173,2021-07-10 15:26:55,2021-07-10 15:45:55,43.6,60.0,114.84078116531167,43.321739130434786,41.208695652173915
2174,2021-07-10 15:46:16,2021-07-10 16:05:46,60.4,76.8,117.83451126355014,44.771186440677965,42.73728813559322
2175,2021-07-10 22:10:03,2021-07-10 22:28:43,44.0,62.8,115.95671764184397,42.02654867256637,39.26548672566372
2176,2021-07-10 22:29:04,2021-07-10 22:47:24,63.2,81.6,116.21603789251216,43.75675675675676,40.9009009009009
2177,2021-07-11 06:07:43,2021-07-11 07:30:12,16.4,96.8,116.9442603475677,40.537964458804524,37.802907915993536
2178,2021-07-11 14:22:11,2021-07-11 15:06:37,47.6,92.8,116.64671274582103,42.91317365269461,41.33233532934132
2179,2021-07-11 20:01:20,2021-07-11 20:54:45,44.8,96.4,117.80542399332472,43.38653366583541,41.00498753117207
2180,2021-07-12 15:24:50,2021-07-12 15:42:00,27.6,42.4,116.28004936186187,37.0,35.41346153846154
2181,2021-07-12 15:42:21,2021-07-12 16:01:41,42.8,59.6,115.28275727513228,38.34188034188034,37.05128205128205
2182,2021-07-12 16:02:02,2021-07-12 16:22:52,60.0,78.0,115.9807291666667,39.84920634920635,38.682539682539684
2183,2021-07-12 16:23:13,2021-07-12 16:41:23,78.4,93.6,119.89950840643284,40.49090909090909,39.0
2184,2021-07-12 22:29:31,2021-07-12 22:49:13,51.2,71.2,115.75034850694446,40.40268456375839,38.241610738255034
2185,2021-07-13 03:03:52,2021-07-13 04:35:01,20.4,97.6,116.36868888349167,41.340643274853804,38.53216374269006
2186,2021-07-14 09:44:59,2021-07-14 10:01:49,24.8,36.0,113.77481187996032,35.19607843137255,34.009803921568626
2187,2021-07-14 10:02:10,2021-07-14 10:18:50,36.0,46.8,115.63272389403292,36.42574257425743,35.277227722772274
2188,2021-07-14 10:19:11,2021-07-14 10:36:31,47.2,58.4,114.269605530754,37.695238095238096,36.55238095238095
2189,2021-07-14 10:36:52,2021-07-14 10:55:02,58.4,70.0,112.65206872605363,38.981818181818184,37.81818181818182
2190,2021-07-14 10:55:23,2021-07-14 11:12:53,70.0,80.8,113.53268171296303,39.84905660377358,38.22641509433962
2191,2021-07-14 11:13:14,2021-07-14 11:31:44,80.8,91.6,117.15536882716053,40.0,39.0
2192,2021-07-14 20:41:53,2021-07-14 21:02:03,21.2,41.2,117.36459784722221,41.295081967213115,39.33606557377049
2193,2021-07-14 21:02:24,2021-07-14 21:23:34,41.6,62.8,115.56997549790364,43.40625,41.453125
2194,2021-07-14 21:23:55,2021-07-14 21:42:05,62.8,79.6,115.10003414351849,45.0,43.0
2195,2021-07-15 02:52:33,2021-07-15 03:09:53,39.2,56.8,114.80823019255055,41.49523809523809,38.78095238095238
2196,2021-07-15 03:10:14,2021-07-15 03:28:44,57.2,75.6,117.16559639190824,43.61607142857143,40.732142857142854
2197,2021-07-15 03:29:05,2021-07-15 03:46:55,76.0,92.0,120.38106944444446,44.5,41.879629629629626
2198,2021-07-15 10:24:37,2021-07-15 10:43:07,48.8,64.8,116.76998342013891,40.151785714285715,37.857142857142854
2199,2021-07-15 10:43:28,2021-07-15 11:02:28,65.2,81.6,117.01390819783207,41.31304347826087,39.0
2200,2021-07-15 17:39:14,2021-07-15 18:00:44,38.4,60.0,116.19792193930039,40.80769230769231,38.33846153846154
2201,2021-07-15 18:01:05,2021-07-15 18:29:15,60.4,88.4,117.42956974206346,42.84705882352941,39.970588235294116
2202,2021-07-16 15:10:58,2021-07-16 15:35:38,22.4,46.8,117.81761054189437,38.93288590604027,37.22147651006711
2203,2021-07-16 15:35:59,2021-07-16 16:03:29,47.2,74.8,116.11713707729471,42.096385542168676,40.44578313253012
2204,2021-07-16 16:03:50,2021-07-16 16:24:50,75.2,95.2,118.75346701388891,43.78740157480315,42.10236220472441
2205,2021-07-17 02:30:40,2021-07-17 02:53:00,36.8,59.2,115.70127914186506,34.97037037037037,32.60740740740741
2206,2021-07-17 02:53:21,2021-07-17 03:15:01,59.6,81.6,114.29925833333338,37.534351145038165,34.908396946564885
2207,2021-07-17 03:15:22,2021-07-17 03:34:22,81.6,97.6,119.3185859375,38.208695652173915,36.0
2208,2021-07-17 16:53:16,2021-07-17 17:09:46,27.2,44.0,114.81565757275136,40.36,38.52
2209,2021-07-17 17:42:19,2021-07-17 17:59:19,76.0,91.6,119.02156116453,44.689320388349515,43.0
2210,2021-07-18 02:16:56,2021-07-18 02:35:06,62.8,81.2,115.2249417270531,43.0,40.0
2211,2021-07-18 02:35:27,2021-07-18 02:52:07,81.6,96.4,120.14921865615607,43.801980198019805,40.43564356435643
2212,2021-07-18 13:17:36,2021-07-18 14:10:03,39.6,92.0,116.74457160199323,39.69035532994924,38.47969543147208
2213,2021-07-18 23:41:18,2021-07-19 00:00:18,31.2,50.4,115.27487181712965,37.68695652173913,35.68695652173913
2214,2021-07-19 00:00:39,2021-07-19 00:20:09,50.8,70.4,115.88859396258498,40.08474576271186,37.96610169491525
2215,2021-07-19 06:50:22,2021-07-19 07:08:22,28.0,39.6,117.11568702107277,36.018348623853214,33.43119266055046
2216,2021-07-19 07:08:43,2021-07-19 07:27:03,40.0,51.6,117.86878747605365,37.1981981981982,34.57657657657658
2217,2021-07-19 07:27:24,2021-07-19 07:46:24,52.0,64.0,115.71877129629631,38.37391304347826,35.77391304347826
2218,2021-07-19 07:46:45,2021-07-19 08:04:35,64.4,75.2,117.205527649177,39.0,36.7962962962963
2219,2021-07-19 08:04:56,2021-07-19 08:22:06,75.6,85.6,118.97362624999998,39.0,37.0
2220,2021-07-19 08:22:27,2021-07-19 08:40:27,85.6,96.0,117.17683360042727,39.0,37.0
2221,2021-07-19 22:45:14,2021-07-19 23:05:04,14.8,34.4,117.99248235544218,35.0,33.0
2222,2021-07-19 23:05:25,2021-07-19 23:24:25,34.8,53.6,117.82431198286048,36.31304347826087,34.44347826086957
2223,2021-07-19 23:24:46,2021-07-19 23:44:46,54.0,74.0,116.58679812500002,38.570247933884296,36.6198347107438
2224,2021-07-19 23:45:07,2021-07-20 00:05:27,74.4,94.4,118.34374381944446,39.73170731707317,37.642276422764226
2225,2021-07-20 02:48:02,2021-07-20 03:13:48,71.2,95.6,117.03660798611115,38.154639175257735,35.38659793814433
2226,2021-07-20 16:20:04,2021-07-20 17:44:01,16.4,97.6,117.13955574199511,36.88095238095238,35.212698412698415
2227,2021-07-20 23:48:35,2021-07-21 00:07:35,59.6,78.4,117.92627238475173,36.38260869565217,33.71304347826087
2228,2021-07-21 21:05:28,2021-07-21 22:07:20,48.4,97.6,117.60231641373082,35.468817204301075,32.946236559139784
2229,2021-07-22 03:51:34,2021-07-22 04:12:44,32.0,50.0,117.25002283950614,34.6484375,32.1015625
2230,2021-07-22 04:13:05,2021-07-22 04:44:35,50.4,77.6,115.43508394607849,36.92631578947368,34.33157894736842
2231,2021-07-22 04:44:56,2021-07-22 05:09:46,78.0,97.6,118.62388166099775,38.0,35.17333333333333
2232,2021-07-22 19:22:06,2021-07-22 19:39:46,10.4,25.6,115.16080884502924,40.0,38.0
2233,2021-07-22 19:40:07,2021-07-22 19:57:17,26.0,40.8,114.92960763888892,40.34615384615385,38.67307692307692
2234,2021-07-22 19:57:38,2021-07-22 20:15:28,41.2,56.0,119.37404983108112,41.861111111111114,40.28703703703704
2235,2021-07-22 20:15:49,2021-07-22 20:33:39,56.4,71.2,119.35434065315312,43.53703703703704,41.75
2236,2021-07-22 20:34:00,2021-07-22 20:55:00,71.6,88.8,120.98997852067184,44.039370078740156,42.69291338582677
2237,2021-07-23 03:41:03,2021-07-23 04:01:53,48.4,66.0,117.17170217803027,38.65079365079365,35.714285714285715
2238,2021-07-23 04:02:14,2021-07-23 04:23:34,66.4,84.4,117.31480061728394,40.0,37.0
2239,2021-07-23 04:23:55,2021-07-23 04:40:35,84.8,97.6,119.25563216145834,40.0,37.663366336633665
2240,2021-07-23 12:27:55,2021-07-23 12:44:24,84.0,97.6,120.66607426470594,40.02,38.94
2241,2021-07-24 03:15:59,2021-07-24 03:39:39,14.0,38.0,115.14931273148147,40.21678321678322,37.08391608391609
2242,2021-07-24 03:40:00,2021-07-24 04:09:50,38.0,68.0,116.09861791666667,42.62777777777778,39.2
2243,2021-07-24 04:10:11,2021-07-24 04:36:41,68.4,92.4,117.77778697916668,44.66875,41.0
2244,2021-07-24 13:31:53,2021-07-24 13:58:53,35.6,63.2,114.58940071457329,39.60122699386503,38.45398773006135
2245,2021-07-24 13:59:14,2021-07-24 14:26:56,63.2,91.2,116.02867518849209,42.464285714285715,41.154761904761905
2246,2021-07-25 00:22:21,2021-07-25 01:31:21,17.2,84.0,116.61277097471725,42.83011583011583,40.83783783783784
2247,2021-07-25 16:02:37,2021-07-25 16:23:57,26.8,48.0,117.15933438155137,41.06201550387597,39.4031007751938
2248,2021-07-25 16:24:18,2021-07-25 16:44:48,48.4,69.2,114.75160657051282,43.403225806451616,41.79032258064516
2249,2021-07-25 16:45:09,2021-07-25 17:05:29,69.2,88.0,115.10860453605203,45.0,43.0
2250,2021-07-26 02:14:39,2021-07-26 03:13:59,30.4,80.8,115.06791455114637,39.41031390134529,36.026905829596416
2251,2021-07-26 15:24:34,2021-07-26 15:43:44,39.2,56.0,113.55407903439156,42.689655172413794,40.55172413793103
2252,2021-07-26 15:44:05,2021-07-26 16:03:15,56.0,72.0,115.48612309027779,44.37931034482759,42.01724137931034
2253,2021-07-26 16:03:36,2021-07-26 16:22:56,72.4,87.6,118.2209545869884,45.0,43.0
2254,2021-07-27 00:00:46,2021-07-27 00:17:56,30.0,44.8,116.74644660285284,40.49038461538461,38.02884615384615
2255,2021-07-27 00:18:17,2021-07-27 00:37:47,45.2,61.6,117.26881182249329,42.101694915254235,39.49152542372882
2256,2021-07-27 00:38:08,2021-07-27 00:55:48,62.0,76.4,116.87500877700612,43.0,40.850467289719624
2257,2021-07-27 00:57:49,2021-07-27 01:16:19,76.8,91.2,118.42979591049381,43.0,40.964285714285715
2258,2021-07-27 12:56:39,2021-07-27 14:12:11,10.8,83.6,116.60052086385839,44.17107583774251,42.29453262786596
2259,2021-07-27 23:04:10,2021-07-27 23:24:30,14.0,27.6,115.5606834150327,40.0,37.7479674796748
2260,2021-07-27 23:24:51,2021-07-27 23:48:46,27.6,43.2,116.66711329237891,40.342465753424655,37.93835616438356
2261,2021-07-27 23:49:07,2021-07-28 00:11:57,43.6,58.4,115.39979147897901,41.594202898550726,39.231884057971016
2262,2021-07-28 00:12:18,2021-07-28 00:40:48,58.4,76.4,114.10958873456785,42.901162790697676,40.0
2263,2021-07-28 00:41:09,2021-07-28 01:09:29,76.4,92.8,119.55201642953936,43.0,40.0
2264,2021-07-28 12:45:39,2021-07-28 13:58:27,20.4,92.8,116.91130704419889,42.23400365630713,40.41864716636197
2265,2021-07-29 03:12:55,2021-07-29 03:56:09,40.8,84.0,116.13864800668725,36.433846153846154,34.713846153846156
2266,2021-07-29 05:02:30,2021-07-29 05:39:37,62.8,97.6,117.41152403815455,38.913978494623656,36.6415770609319
2267,2021-07-29 16:32:44,2021-07-29 17:23:35,17.6,69.2,115.05023252045652,40.64921465968586,38.64921465968586
2268,2021-07-30 08:56:08,2021-07-30 09:16:08,36.4,53.6,115.88179777131782,31.15702479338843,29.96694214876033
2269,2021-07-30 09:16:29,2021-07-30 09:34:59,54.0,70.0,115.57032682291668,33.285714285714285,32.035714285714285
2270,2021-07-30 09:35:20,2021-07-30 09:55:40,70.0,87.6,115.58555847537883,34.52845528455285,33.146341463414636
2271,2021-07-30 19:09:27,2021-07-30 19:27:47,34.4,50.0,117.71991185897433,35.47747747747748,33.52252252252252
2272,2021-07-30 19:28:08,2021-07-30 19:49:18,50.4,69.2,112.77630858451533,37.46875,35.5234375
2273,2021-07-30 20:06:20,2021-07-30 20:24:20,83.6,97.6,118.76092509920635,39.0,37.0
2274,2021-07-31 13:04:52,2021-07-31 13:24:02,48.4,64.8,116.87330657181576,37.491379310344826,35.83620689655172
2275,2021-07-31 13:24:23,2021-07-31 13:43:53,65.2,82.0,116.09788624338631,38.95762711864407,37.144067796610166
2276,2021-08-01 12:48:37,2021-08-01 13:07:57,36.0,52.8,115.60599685846566,34.02564102564103,32.97435897435897
2277,2021-08-01 13:08:18,2021-08-01 13:27:28,53.2,69.6,113.84232105352305,36.241379310344826,35.224137931034484
2278,2021-08-01 13:27:49,2021-08-01 13:47:49,70.0,86.0,117.17362291666666,37.48760330578512,36.413223140495866
2279,2021-08-01 22:19:10,2021-08-01 23:08:25,51.6,97.6,117.57616759057974,35.23513513513514,32.3972972972973
2280,2021-08-02 12:44:08,2021-08-02 13:02:28,79.6,95.2,118.18021723646719,34.72072072072072,33.351351351351354
2281,2021-08-02 20:23:33,2021-08-02 20:51:43,36.8,61.2,115.44228193306007,38.6764705882353,37.06470588235294
2282,2021-08-02 20:52:04,2021-08-02 21:22:44,61.6,87.6,117.9599370192308,40.8054054054054,38.94054054054054
2283,2021-08-03 12:48:52,2021-08-03 13:23:51,50.8,85.6,117.64357962563861,38.06463878326996,36.50570342205323
2284,2021-08-03 21:55:46,2021-08-03 23:14:15,10.8,90.4,115.68854849420715,39.49575551782682,36.98981324278438
2285,2021-08-04 15:01:14,2021-08-04 15:18:44,14.4,36.0,82.84208519804527,37.0,35.009433962264154
2286,2021-08-04 15:19:05,2021-08-04 15:36:45,36.4,51.6,117.15736129385962,37.822429906542055,36.32710280373832
2287,2021-08-04 15:37:06,2021-08-04 15:57:26,51.6,68.0,122.36959036246616,39.6260162601626,37.97560975609756
2288,2021-08-04 15:57:47,2021-08-04 16:15:07,68.0,81.6,121.30005330882356,41.0,39.0
2289,2021-08-04 16:15:28,2021-08-04 16:34:28,81.6,96.0,121.4737781635802,41.608695652173914,39.6695652173913
2290,2021-08-04 23:00:42,2021-08-04 23:17:42,45.2,60.0,114.24269050300302,37.57281553398058,34.41747572815534
2291,2021-08-04 23:33:24,2021-08-04 23:56:03,72.8,90.8,117.16004364197532,39.15217391304348,36.0
2292,2021-08-05 05:59:14,2021-08-05 07:09:38,22.4,92.8,116.71559959280302,39.67296786389414,36.82608695652174
2293,2021-08-05 17:05:40,2021-08-05 17:46:15,23.6,64.4,115.81989393041938,37.28524590163934,34.97704918032787
2294,2021-08-06 00:16:00,2021-08-06 00:34:30,40.0,58.4,116.94673452596625,38.1875,35.919642857142854
2295,2021-08-06 00:34:51,2021-08-06 00:52:51,58.8,77.2,113.77644225543474,40.403669724770644,37.84403669724771
2296,2021-08-06 16:03:28,2021-08-06 16:24:48,15.6,37.2,115.25784780092592,36.86046511627907,34.49612403100775
2297,2021-08-06 16:41:37,2021-08-06 17:03:57,54.0,76.4,116.26400784970234,40.720588235294116,38.536764705882355
2298,2021-08-06 17:04:18,2021-08-06 17:23:58,76.8,95.2,118.95077996678745,42.0,39.57142857142857
2299,2021-08-07 23:10:06,2021-08-08 00:18:33,23.6,92.4,116.18417796148253,36.37864077669903,33.945631067961166
2300,2021-08-08 10:06:59,2021-08-08 10:27:59,30.0,48.0,116.81636790123456,34.62992125984252,32.74015748031496
2301,2021-08-08 10:28:20,2021-08-08 10:49:30,48.4,67.2,112.73346202718675,36.7890625,34.9140625
2302,2021-08-08 10:49:51,2021-08-08 11:11:31,67.2,86.0,115.33245870271868,38.0,36.02290076335878
2303,2021-08-08 17:50:46,2021-08-08 18:19:06,23.2,51.6,116.51262905907667,37.175438596491226,34.21637426900585
2304,2021-08-08 18:19:27,2021-08-08 18:45:17,52.0,78.0,116.08334914529914,40.31410256410256,37.42948717948718
2305,2021-08-09 01:24:00,2021-08-09 01:43:30,57.2,73.6,115.06776295731711,37.91525423728814,34.86440677966102
2306,2021-08-09 01:43:51,2021-08-09 02:03:11,74.0,89.2,118.59102284356725,38.85470085470085,35.572649572649574
2307,2021-08-09 10:51:15,2021-08-09 11:55:31,36.0,97.6,116.58189104256853,35.98136645962733,33.519668737060044
2308,2021-08-09 21:31:04,2021-08-09 21:48:24,65.6,82.8,116.82655991602063,35.6,33.06666666666667
2309,2021-08-10 02:24:43,2021-08-10 03:21:27,37.6,94.4,116.63068318906495,36.032863849765256,33.45774647887324
2310,2021-08-10 12:48:51,2021-08-10 13:34:32,29.6,76.0,114.78532418881706,34.0406976744186,32.07267441860465
2311,2021-08-10 20:08:59,2021-08-10 20:39:17,26.0,56.4,116.29715054824563,34.45175438596491,32.21052631578947
2312,2021-08-10 20:41:09,2021-08-10 21:08:15,56.0,83.2,116.27900739379086,37.78431372549019,35.48529411764706
2313,2021-08-11 17:42:37,2021-08-11 19:15:07,6.0,96.4,117.93824236572026,39.9207492795389,38.01585014409222
2314,2021-08-12 15:35:11,2021-08-12 16:46:28,19.6,91.2,116.37938041977034,38.69345794392523,36.566355140186914
2315,2021-08-13 17:57:47,2021-08-13 20:10:04,11.6,95.6,116.76142498015874,37.21068548387097,35.71875
2316,2021-08-14 15:58:31,2021-08-14 16:27:31,24.8,54.0,117.04720281582954,36.45142857142857,34.58857142857143
2317,2021-08-14 16:27:52,2021-08-14 17:01:22,54.4,88.0,117.52482242063493,39.64356435643565,37.64356435643565
2318,2021-08-15 00:27:00,2021-08-15 01:08:39,50.8,92.4,117.40297270299142,38.07987220447284,35.757188498402556
2319,2021-08-15 20:53:47,2021-08-15 21:56:16,38.0,97.6,117.18375847315438,35.085287846481876,33.411513859275054
2320,2021-08-16 16:49:13,2021-08-16 17:51:21,21.6,84.0,115.96196838274575,39.359743040685224,37.49250535331906
2321,2021-08-16 23:24:33,2021-08-16 23:43:13,34.4,53.6,114.91969538483792,38.64601769911504,36.230088495575224
2322,2021-08-16 23:43:34,2021-08-17 00:05:31,54.0,76.4,115.89737756076386,40.86466165413534,38.31578947368421
2323,2021-08-17 00:05:52,2021-08-17 00:29:16,76.8,97.6,120.58760576923082,42.0,39.0
2324,2021-08-17 15:02:20,2021-08-17 16:00:32,26.0,84.4,116.22616599600457,41.17391304347826,39.02059496567506
2325,2021-08-18 07:30:04,2021-08-18 07:47:54,42.8,58.0,116.39712289839179,35.75,34.48148148148148
2326,2021-08-18 07:48:15,2021-08-18 08:05:15,58.4,72.4,116.80556448412693,37.47572815533981,35.883495145631066
2327,2021-08-18 08:05:36,2021-08-18 08:22:46,72.8,86.4,117.55413735702606,38.0,36.10576923076923
2328,2021-08-18 18:52:43,2021-08-18 19:09:53,62.4,77.2,116.17399831081079,38.0,35.95192307692308
2329,2021-08-19 04:05:56,2021-08-19 05:20:02,26.0,97.6,116.58238534295471,36.606115107913666,34.469424460431654
2330,2021-08-19 13:46:11,2021-08-19 14:23:25,51.2,88.4,116.66360591771208,37.78291814946619,36.00355871886121
2331,2021-08-19 17:14:14,2021-08-19 17:50:14,64.0,97.6,116.88294388888893,37.974169741697416,34.981549815498155
2332,2021-08-20 03:02:57,2021-08-20 04:21:37,21.6,97.6,116.78699772222222,36.53378378378378,34.376689189189186
2333,2021-08-20 20:35:41,2021-08-20 20:53:41,80.4,96.4,116.46266857638892,34.11926605504587,33.0
2334,2021-08-21 10:37:42,2021-08-21 10:56:32,79.6,96.4,117.12385276124331,35.0,33.73684210526316
2335,2021-08-22 09:15:40,2021-08-22 09:37:00,25.2,39.2,116.62799166666665,33.751937984496124,32.57364341085271
2336,2021-08-22 09:37:21,2021-08-22 09:58:51,39.6,53.2,119.27799356617648,35.37692307692308,34.04615384615385
2337,2021-08-22 09:59:12,2021-08-22 10:18:52,53.6,66.0,116.73725134408603,36.7563025210084,35.51260504201681
2338,2021-08-22 10:19:13,2021-08-22 10:38:33,66.4,78.4,115.07524803240743,37.88034188034188,36.0
2339,2021-08-22 10:38:54,2021-08-22 10:59:04,78.4,90.4,116.9074263888889,38.0,36.204918032786885
2340,2021-08-22 15:58:34,2021-08-22 16:24:34,53.6,70.0,116.74035738482387,41.0,39.45859872611465
2341,2021-08-22 16:24:55,2021-08-22 16:55:35,70.0,88.8,115.0347385490544,41.0,39.983783783783785
2342,2021-08-23 07:49:43,2021-08-23 08:20:53,38.0,69.6,115.41844347749652,38.62234042553192,37.5
2343,2021-08-23 08:21:14,2021-08-23 08:48:34,70.0,95.6,118.86775580512156,41.21212121212121,39.75757575757576
2344,2021-08-23 19:09:45,2021-08-23 20:34:16,12.8,92.8,116.92878809027776,43.66561514195583,41.290220820189276
2345,2021-08-24 15:43:18,2021-08-24 17:01:32,12.8,88.8,117.75170955043859,42.429301533219764,40.52810902896082
2346,2021-08-25 00:06:52,2021-08-25 00:27:02,13.2,26.8,115.64441247957515,39.0,36.549180327868854
2347,2021-08-25 00:27:23,2021-08-25 00:48:13,27.2,41.2,114.5277907738095,39.17460317460318,36.65873015873016
2348,2021-08-25 01:03:50,2021-08-25 01:21:30,51.2,62.4,117.87327666170637,41.21495327102804,38.45794392523364
2349,2021-08-25 08:06:37,2021-08-25 08:23:17,11.6,28.4,115.92428422619052,35.0,33.0
2350,2021-08-25 08:23:38,2021-08-25 08:41:38,28.4,46.8,114.17044618055556,36.22935779816514,33.61467889908257
2351,2021-08-25 09:12:01,2021-08-25 09:28:41,76.8,93.2,118.58994503726281,40.64356435643565,38.0
2352,2021-08-25 15:17:36,2021-08-25 15:48:51,43.6,75.2,115.2492115242616,39.05106382978723,35.87234042553192
2353,2021-08-25 21:09:43,2021-08-25 21:53:08,35.6,79.2,116.17406107288481,38.41896024464832,36.32415902140673
2354,2021-08-26 01:18:14,2021-08-26 01:44:14,41.6,68.0,116.06851762415826,38.88535031847134,36.05732484076433
2355,2021-08-26 01:44:35,2021-08-26 02:14:35,68.4,96.8,117.64869014084513,40.8232044198895,37.91160220994475
2356,2021-08-26 10:22:19,2021-08-26 10:42:39,30.8,51.2,117.11465127995642,36.60162601626016,34.8130081300813
2357,2021-08-26 10:43:00,2021-08-26 11:02:30,51.6,71.6,114.52846881944447,39.059322033898304,37.313559322033896
2358,2021-08-26 11:02:51,2021-08-26 11:24:51,72.0,94.0,117.35795795454547,40.443609022556394,38.56390977443609
2359,2021-08-26 23:15:41,2021-08-26 23:38:44,44.4,59.2,117.29234184496993,41.3,39.34285714285714
2360,2021-08-26 23:39:05,2021-08-26 23:56:25,59.6,70.0,122.05262913995729,42.542857142857144,40.43809523809524
2361,2021-08-26 23:56:46,2021-08-27 00:16:41,70.4,82.4,118.25279659722221,43.0,41.0
2362,2021-08-27 04:24:49,2021-08-27 07:09:16,44.4,81.6,115.8159391987754,38.47607461476075,35.87915652879157
2363,2021-08-27 08:30:41,2021-08-27 09:41:54,81.2,97.6,116.67305637703258,37.0,35.0
2364,2021-08-28 01:54:24,2021-08-28 02:14:24,21.2,38.8,114.14223421717176,32.917355371900825,31.31404958677686
2365,2021-08-28 02:14:45,2021-08-28 02:35:05,38.8,56.8,113.56021311728395,34.609756097560975,33.040650406504064
2366,2021-08-28 02:35:26,2021-08-28 02:54:16,56.8,73.6,112.66868601190478,36.58771929824562,34.71052631578947
2367,2021-08-28 02:54:37,2021-08-28 03:16:27,73.6,92.4,116.73540506796682,37.265151515151516,35.13636363636363
2368,2021-08-28 18:08:39,2021-08-28 18:26:09,22.8,38.0,115.36641630116962,35.160377358490564,32.839622641509436
2369,2021-08-28 18:26:30,2021-08-28 18:44:50,38.0,54.0,114.95139765624998,36.67567567567568,34.468468468468465
2370,2021-08-28 18:45:11,2021-08-28 19:02:51,54.4,69.6,116.49489601608192,38.5607476635514,36.39252336448598
2371,2021-08-28 19:03:12,2021-08-28 19:20:02,70.0,84.4,117.27528144290117,39.470588235294116,37.0
2372,2021-08-28 22:22:31,2021-08-28 22:52:39,66.0,95.200005,117.84359376346379,37.87665198237885,35.25110132158591
2373,2021-08-29 12:58:26,2021-08-29 13:19:06,6.0,26.8,117.02392053952993,37.632,35.0
2374,2021-08-29 13:19:27,2021-08-29 13:40:27,27.2,48.8,114.58335185185189,38.48031496062992,35.960629921259844
2375,2021-08-29 13:40:48,2021-08-29 14:02:58,49.2,70.8,120.99153613683133,41.03731343283582,38.3955223880597
2376,2021-08-29 14:03:19,2021-08-29 14:23:39,71.2,91.2,120.0159913194445,42.75609756097561,40.0
2377,2021-08-29 17:52:56,2021-08-29 18:18:16,56.8,78.8,117.16163270202023,42.64052287581699,39.58169934640523
2378,2021-08-29 18:18:37,2021-08-29 18:41:57,78.8,97.6,117.87014383865251,43.0,40.0
2379,2021-08-30 06:11:42,2021-08-30 06:39:02,35.2,59.2,113.94329340277778,35.6,33.406060606060606
2380,2021-08-30 06:39:23,2021-08-30 07:08:43,59.6,84.8,116.50298627645503,37.74576271186441,35.14124293785311
2381,2021-08-30 16:43:34,2021-08-30 17:00:24,22.0,33.2,115.63245560515871,39.0,37.0
2382,2021-08-30 17:00:45,2021-08-30 17:19:35,33.6,45.6,119.37154097222225,39.55263157894737,37.728070175438596
2383,2021-08-30 17:19:56,2021-08-30 17:39:36,46.0,58.8,114.93707269965283,40.79831932773109,38.747899159663866
2384,2021-08-30 17:39:57,2021-08-30 18:01:37,59.2,72.8,115.65768801062097,42.0,39.83969465648855
2385,2021-08-30 18:01:58,2021-08-30 18:20:08,72.8,84.0,114.42214310515872,42.0,40.0
2386,2021-08-31 03:59:54,2021-08-31 04:18:24,28.4,40.4,118.41436446759263,35.401785714285715,33.223214285714285
2387,2021-08-31 04:18:45,2021-08-31 04:39:25,40.8,54.4,115.15421783088236,36.64,34.472
2388,2021-08-31 05:02:07,2021-08-31 05:22:07,63.6,75.6,119.80441481481489,38.85950413223141,36.0
2389,2021-08-31 11:30:15,2021-08-31 12:08:07,21.2,59.2,116.2421084356725,37.22456140350877,34.96140350877193
2390,2021-09-01 06:08:43,2021-09-01 06:29:23,26.4,40.0,116.88216625816992,31.92,31.056
2391,2021-09-01 06:29:44,2021-09-01 06:50:14,40.4,53.6,117.82725978535353,33.403225806451616,32.41129032258065
2392,2021-09-01 06:50:35,2021-09-01 07:11:35,54.0,67.2,117.71149473905717,34.93700787401575,33.669291338582674
2393,2021-09-01 07:11:56,2021-09-01 07:34:36,67.6,81.2,119.25961877042477,36.0,34.13868613138686
2394,2021-09-01 07:34:57,2021-09-01 07:56:17,81.6,94.0,119.53518918010751,36.15503875968992,35.0
2395,2021-09-01 14:34:14,2021-09-01 15:01:21,41.2,68.4,116.32996882659312,37.73170731707317,35.38048780487805
2396,2021-09-01 19:02:28,2021-09-01 20:08:05,25.2,90.8,116.51930752879407,40.29006085192698,38.11156186612576
2397,2021-09-02 15:18:34,2021-09-02 15:37:54,56.4,75.6,116.9567577401621,34.65811965811966,33.35042735042735
2398,2021-09-02 21:13:58,2021-09-02 21:31:48,53.6,71.2,118.42252051767679,37.648148148148145,35.9537037037037
2399,2021-09-03 01:49:34,2021-09-03 02:08:54,40.4,57.6,112.52423336563308,40.99145299145299,37.8974358974359
2400,2021-09-03 02:09:15,2021-09-03 02:28:25,57.6,74.0,113.06996460027104,42.62931034482759,39.37931034482759
2401,2021-09-03 02:28:46,2021-09-03 02:46:16,74.0,88.0,116.77977490079365,43.0,40.0
2402,2021-09-03 21:33:17,2021-09-03 21:50:27,16.0,27.2,117.15403745039681,37.96153846153846,36.0
2403,2021-09-03 21:50:48,2021-09-03 22:11:08,27.2,40.4,116.15743002946131,38.048780487804876,36.260162601626014
2404,2021-09-03 22:11:29,2021-09-03 22:29:19,40.8,52.0,118.51562549603175,39.18518518518518,37.388888888888886
2405,2021-09-03 22:29:40,2021-09-03 22:48:20,52.4,64.0,117.31922509578543,40.336283185840706,38.469026548672566
2406,2021-09-04 05:35:39,2021-09-04 05:55:19,24.4,44.0,117.00113095238093,36.38655462184874,33.97478991596638
2407,2021-09-04 05:55:40,2021-09-04 06:13:10,44.4,62.0,115.73549337121214,38.5,36.14150943396226
2408,2021-09-04 06:13:31,2021-09-04 06:31:21,62.4,80.4,115.28165933641972,40.31481481481482,37.861111111111114
2409,2021-09-04 14:30:51,2021-09-04 14:55:31,14.4,39.2,115.77229799507165,40.0,38.241610738255034
2410,2021-09-04 14:55:52,2021-09-04 15:25:02,39.6,68.8,116.64955156012178,42.09090909090909,40.63068181818182
2411,2021-09-05 00:13:29,2021-09-05 00:30:19,35.6,52.8,114.15859286175714,39.55882352941177,37.38235294117647
2412,2021-09-05 06:45:58,2021-09-05 07:06:58,46.0,52.4,113.89752638888886,36.20472440944882,34.0
2413,2021-09-05 07:07:19,2021-09-05 07:24:39,52.8,57.6,122.67645746527762,37.0,34.0
2414,2021-09-05 07:25:00,2021-09-05 07:42:30,58.0,62.8,119.83502401620376,37.0,34.0
2415,2021-09-05 07:42:51,2021-09-05 08:01:41,62.8,68.0,125.413948344017,37.0,34.8421052631579
2416,2021-09-05 08:02:02,2021-09-05 08:19:22,68.4,73.2,122.21060312500005,37.0,35.0
2417,2021-09-05 08:36:14,2021-09-05 08:54:44,78.0,83.2,113.4561533119657,37.0,35.0
2418,2021-09-05 09:13:56,2021-09-05 09:32:46,87.2,92.4,115.5368154380341,37.0,35.0
2419,2021-09-05 17:35:42,2021-09-05 17:52:22,66.0,82.8,115.74074652777777,42.12871287128713,40.05940594059406
2420,2021-09-07 00:27:23,2021-09-07 01:30:30,17.2,72.0,115.47623886861314,35.16244725738397,33.85232067510549
2421,2021-09-07 14:33:13,2021-09-07 15:22:28,17.2,66.8,115.70357705533154,39.616216216216216,37.321621621621624
2422,2021-09-08 07:22:43,2021-09-08 08:35:12,28.4,97.6,117.7815006201831,36.70220588235294,35.50919117647059
2423,2021-09-08 15:11:14,2021-09-08 15:47:56,37.6,74.8,115.01400614919358,41.5,39.80434782608695
2424,2021-09-08 23:20:40,2021-09-09 00:29:48,19.2,78.0,115.63899417044597,40.39884393063584,38.46820809248555
2425,2021-09-09 03:38:47,2021-09-09 04:17:29,49.6,88.4,116.34382341423253,40.90721649484536,37.982817869415804
2426,2021-09-09 22:54:58,2021-09-09 23:20:48,50.4,76.4,116.2265127136752,40.14102564102564,38.955128205128204
2427,2021-09-09 23:21:09,2021-09-09 23:44:49,76.8,97.6,118.81011712072652,41.74825174825175,40.11888111888112
2428,2021-09-10 12:13:56,2021-09-10 12:32:06,54.0,65.6,115.7842601772031,38.59090909090909,36.6
2429,2021-09-10 12:32:27,2021-09-10 12:54:17,65.6,79.2,114.92239450571888,39.0,37.0
2430,2021-09-10 12:54:38,2021-09-10 13:12:08,79.2,89.6,117.18618549679496,39.0,37.490566037735846
2431,2021-09-10 17:15:42,2021-09-10 17:38:32,61.2,80.8,116.49659863945581,41.7536231884058,39.80434782608695
2432,2021-09-10 17:38:53,2021-09-10 18:00:03,80.8,97.6,118.21015823412706,42.0,40.0
2433,2021-09-10 22:49:25,2021-09-10 23:10:55,60.4,79.2,115.99439051418436,39.98461538461538,37.0
2434,2021-09-10 23:11:16,2021-09-10 23:32:36,79.6,96.8,119.37823344638238,40.0,37.666666666666664
2435,2021-09-11 04:43:27,2021-09-11 05:11:17,24.8,48.8,116.14121898148152,37.45238095238095,35.06547619047619
2436,2021-09-11 05:11:38,2021-09-11 05:39:08,49.2,73.2,114.74191319444445,39.66867469879518,37.46987951807229
2437,2021-09-11 05:39:29,2021-09-11 06:07:09,73.6,96.4,118.01171704434694,41.0,38.01197604790419
2438,2021-09-12 08:52:40,2021-09-12 09:10:50,16.8,32.0,118.16889053362578,36.0,34.90909090909091
2439,2021-09-12 09:11:11,2021-09-12 09:40:41,32.4,57.6,115.69668705908292,37.92696629213483,36.640449438202246
2440,2021-09-12 09:41:02,2021-09-12 10:08:32,57.6,81.2,115.1259764595104,40.6566265060241,39.03012048192771
2441,2021-09-12 10:08:53,2021-09-12 10:30:03,81.6,97.6,121.32468506944447,41.7265625,40.0
2442,2021-09-12 16:40:43,2021-09-12 16:59:03,42.8,60.4,115.51846709280302,44.567567567567565,42.26126126126126
2443,2021-09-12 16:59:24,2021-09-12 17:16:14,60.8,76.4,115.08369123931618,45.970588235294116,43.76470588235294
2444,2021-09-12 17:16:35,2021-09-12 17:35:35,76.8,92.8,119.24913602430559,46.43478260869565,44.0
2445,2021-09-13 02:50:22,2021-09-13 03:07:12,14.0,32.0,115.37037330246913,42.0,39.0
2446,2021-09-13 03:23:54,2021-09-13 03:40:24,49.6,65.2,118.05911858974358,44.85,42.33
2447,2021-09-13 03:40:45,2021-09-13 04:06:19,65.6,88.4,119.5572623781676,46.23870967741936,43.696774193548386
2448,2021-09-13 19:42:51,2021-09-13 20:10:51,37.2,47.6,117.11542948717954,42.0,40.0
2449,2021-09-13 20:11:12,2021-09-13 20:41:22,47.6,59.2,113.1250433429119,42.82967032967033,40.19230769230769
2450,2021-09-13 20:41:43,2021-09-13 21:13:37,59.2,71.2,115.63754430555558,43.0,41.0
2451,2021-09-13 21:13:58,2021-09-13 21:47:48,71.2,83.6,118.68956160394278,43.0,40.127450980392155
2452,2021-09-13 21:48:09,2021-09-13 22:14:49,84.0,93.6,120.83337962962975,43.0,40.0
2453,2021-09-14 17:28:19,2021-09-14 18:51:20,17.2,97.6,116.62066880182422,39.52808988764045,37.41252006420546
2454,2021-09-15 02:34:01,2021-09-15 02:59:31,27.6,53.2,116.18489312065972,36.85806451612903,34.39354838709677
2455,2021-09-15 02:59:52,2021-09-15 03:20:30,53.6,74.4,115.64021519764955,39.55555555555556,37.22222222222222
2456,2021-09-15 16:26:36,2021-09-15 16:59:10,40.0,72.8,115.41188603912605,35.76326530612245,34.23673469387755
2457,2021-09-16 14:48:17,2021-09-16 15:52:38,23.2,87.6,116.59972935429607,37.91925465838509,35.73498964803313
2458,2021-09-17 07:05:39,2021-09-17 07:57:47,48.0,97.6,117.01523545698925,33.65561224489796,32.31887755102041
2459,2021-09-17 10:33:27,2021-09-17 10:51:27,68.8,84.0,117.06508260233919,37.0,35.0
2460,2021-09-17 10:51:48,2021-09-17 11:09:28,84.4,97.6,120.21254776936037,37.0,35.61682242990654
2461,2021-09-18 05:46:44,2021-09-18 06:04:44,22.4,40.8,113.95152891002414,35.96330275229358,33.321100917431195
2462,2021-09-18 06:05:05,2021-09-18 06:24:15,41.2,60.8,113.9498161848073,38.01724137931034,35.43103448275862
2463,2021-09-18 06:24:36,2021-09-18 06:44:46,61.2,82.0,113.01080695779919,40.00819672131148,37.51639344262295
2464,2021-09-18 12:36:09,2021-09-18 12:56:49,51.6,72.8,112.75418107966462,41.024,39.096
2465,2021-09-18 12:57:10,2021-09-18 13:16:50,72.8,92.8,113.78054388888886,42.27731092436975,40.226890756302524
2466,2021-09-19 08:42:02,2021-09-19 09:51:27,29.6,97.6,114.4657124121732,36.854126679462574,35.80806142034549
2467,2021-09-19 18:16:19,2021-09-19 18:35:09,37.2,56.4,114.37716399016209,40.14912280701754,38.69298245614035
2468,2021-09-19 18:35:30,2021-09-19 18:52:30,56.8,74.4,112.57101404671708,41.80582524271845,40.41747572815534
2469,2021-09-19 18:55:01,2021-09-19 19:11:51,75.6,92.8,114.03423417312662,42.61764705882353,41.0
2470,2021-09-20 01:38:48,2021-09-20 01:56:08,26.4,41.6,113.85963157894734,39.2,36.34285714285714
2471,2021-09-20 01:56:29,2021-09-20 02:12:59,42.0,56.8,111.33444575825828,40.58,37.83
2472,2021-09-20 02:13:20,2021-09-20 02:31:40,57.2,73.2,113.32116553819446,42.27927927927928,39.44144144144144
2473,2021-09-20 06:38:31,2021-09-20 06:57:01,40.8,59.6,113.7795480200945,38.419642857142854,34.455357142857146
2474,2021-09-20 06:57:22,2021-09-20 07:28:22,60.0,91.2,114.92520405982904,40.53475935828877,36.72192513368984
2475,2021-09-20 12:50:14,2021-09-20 13:18:44,71.2,97.6,115.59763815235691,38.54651162790697,35.83139534883721
2476,2021-09-21 02:56:33,2021-09-21 03:17:13,21.6,35.2,116.18772212009803,36.064,33.552
2477,2021-09-21 03:17:34,2021-09-21 03:37:05,35.6,48.4,115.12739173177087,37.252100840336134,34.66386554621849
2478,2021-09-21 03:37:26,2021-09-21 03:57:26,48.8,62.0,112.16541119528618,38.50413223140496,36.00826446280992
2479,2021-09-21 04:55:43,2021-09-21 05:12:33,68.0,85.2,113.27599249031006,40.0,37.78431372549019
2480,2021-09-21 15:29:37,2021-09-21 16:15:16,16.4,63.2,113.6615369984568,41.40233236151604,39.70553935860058
2481,2021-09-21 20:33:43,2021-09-21 20:51:23,25.6,41.2,114.19159544159542,40.271028037383175,37.74766355140187
2482,2021-09-21 20:51:44,2021-09-21 21:12:14,41.6,59.6,114.83641959876543,41.814516129032256,39.33064516129032
2483,2021-09-21 21:12:35,2021-09-21 21:32:15,60.0,77.6,112.67361111111114,43.50420168067227,40.865546218487395
2484,2021-09-21 21:32:36,2021-09-21 21:49:26,77.6,92.4,114.68843862612603,44.0,41.0
2485,2021-09-22 03:43:02,2021-09-22 05:04:06,41.2,97.6,114.16352992119782,39.308702791461414,36.32183908045977
2486,2021-09-22 19:17:24,2021-09-22 19:41:54,11.6,33.2,113.19443827160494,40.0,38.0
2487,2021-09-22 19:42:15,2021-09-22 20:13:35,33.2,60.4,114.99794015522875,41.01058201058201,39.21164021164021
2488,2021-09-22 20:13:56,2021-09-22 20:43:26,60.4,85.2,118.79590737007166,43.662921348314605,41.651685393258425
2489,2021-09-23 13:52:06,2021-09-23 14:12:16,53.6,71.6,112.52086195987661,37.14754098360656,35.47540983606557
2490,2021-09-23 14:12:37,2021-09-23 14:32:07,71.6,88.8,113.67976695736436,38.0,36.0
2491,2021-09-23 23:37:02,2021-09-23 23:53:32,20.0,34.4,113.8657581018519,35.88,33.0
2492,2021-09-23 23:53:53,2021-09-24 00:16:03,34.8,54.0,114.8777718460648,36.985074626865675,34.350746268656714
2493,2021-09-24 00:16:24,2021-09-24 00:36:44,54.4,72.4,112.50851751543208,38.78048780487805,36.34146341463415
2494,2021-09-24 00:37:05,2021-09-24 00:59:15,72.8,91.6,117.56429041075653,39.87313432835821,37.0
2495,2021-09-24 11:22:06,2021-09-24 11:40:16,55.6,67.6,110.76622164351862,34.69090909090909,33.39090909090909
2496,2021-09-24 11:40:37,2021-09-24 11:59:27,67.6,79.2,115.30054118773938,35.5,34.0
2497,2021-09-24 11:59:48,2021-09-24 12:17:28,79.6,90.0,117.63489837072645,36.0,34.373831775700936
2498,2021-09-24 19:44:13,2021-09-24 20:01:43,34.4,46.0,114.02898275862069,34.698113207547166,32.820754716981135
2499,2021-09-24 20:02:04,2021-09-24 20:20:04,46.0,58.4,108.10036951164872,35.79816513761468,33.84403669724771
2500,2021-09-24 20:33:23,2021-09-24 20:50:33,66.8,77.6,113.01184439300415,37.0,35.0
2501,2021-09-24 20:50:54,2021-09-24 21:08:14,77.6,88.0,115.78527190170934,37.63809523809524,35.0
2502,2021-09-25 02:14:49,2021-09-25 03:05:26,47.6,97.2,114.92160061323926,37.26509186351706,34.879265091863516
2503,2021-09-26 02:36:56,2021-09-26 03:55:25,20.8,97.6,116.22215681423613,38.48556876061121,37.25297113752122
2504,2021-09-26 14:43:44,2021-09-26 15:12:44,33.6,63.2,114.09112589151651,39.80571428571429,38.205714285714286
2505,2021-09-26 15:13:05,2021-09-26 15:40:25,63.6,91.2,115.28835552536232,41.99393939393939,40.557575757575755
2506,2021-09-27 00:30:25,2021-09-27 00:49:13,23.6,43.2,111.79945092120178,39.719298245614034,37.44736842105263
2507,2021-09-27 00:49:34,2021-09-27 01:06:54,43.2,60.8,114.77508483270205,41.733333333333334,39.333333333333336
2508,2021-09-27 11:19:31,2021-09-27 12:25:11,28.8,94.8,115.17300887836699,38.66937119675456,36.969574036511155
2509,2021-09-28 11:13:49,2021-09-28 11:30:19,19.2,33.6,114.811938753858,35.0,33.13
2510,2021-09-28 11:46:31,2021-09-28 12:04:21,47.6,63.6,111.82814357638891,37.78703703703704,36.30555555555556
2511,2021-09-28 12:04:42,2021-09-28 12:21:22,64.0,78.4,116.14296074459874,39.039603960396036,37.81188118811881
2512,2021-09-28 16:50:52,2021-09-28 17:19:32,43.2,72.4,114.38308975456621,41.10982658959538,39.75722543352601
2513,2021-09-28 23:34:06,2021-09-29 00:04:26,32.8,63.6,114.97114551767676,39.950819672131146,37.46994535519126
2514,2021-09-29 00:04:47,2021-09-29 00:30:17,64.0,89.6,116.1946625434028,42.66883116883117,39.92857142857143
2515,2021-09-29 14:56:15,2021-09-29 15:53:45,26.4,84.0,115.59206685474538,42.01385681293303,40.13856812933025
2516,2021-09-29 22:38:52,2021-09-29 23:20:07,24.4,66.4,114.51845498015874,40.535483870967745,38.38709677419355
2517,2021-09-30 01:05:02,2021-09-30 01:26:13,66.8,88.4,115.42799872685178,42.82170542635659,40.0
2518,2021-09-30 19:14:21,2021-09-30 19:30:51,82.8,97.2,116.75444704861107,42.04,41.0
2519,2021-10-01 13:02:48,2021-10-01 13:25:41,40.4,60.8,111.8374404411765,35.73381294964029,34.26618705035971
2520,2021-10-01 13:26:02,2021-10-01 13:48:22,61.2,80.4,115.85723618344905,37.50370370370371,35.925925925925924
2521,2021-10-01 13:48:43,2021-10-01 14:08:13,80.8,96.8,116.36721215277777,38.0,36.30508474576271
2522,2021-10-01 23:37:53,2021-10-02 00:00:07,19.6,42.4,113.76060493421056,33.57037037037037,31.451851851851853
2523,2021-10-02 00:00:28,2021-10-02 00:27:38,42.8,70.4,114.7750650664251,36.51219512195122,34.396341463414636
2524,2021-10-02 00:27:59,2021-10-02 00:56:19,70.8,96.8,118.7435936965812,38.63742690058479,36.514619883040936
2525,2021-10-02 06:49:55,2021-10-02 07:19:45,46.4,76.8,114.43210293311405,38.31666666666667,35.28333333333333
2526,2021-10-02 07:20:06,2021-10-02 07:43:16,77.2,97.6,118.30405650871462,39.92857142857143,36.47142857142857
2527,2021-10-04 22:07:43,2021-10-04 22:38:43,62.8,89.6,114.43615692371476,37.00534759358289,35.973262032085564
2528,2021-10-05 09:39:47,2021-10-05 09:57:57,78.0,93.6,115.17718634259265,34.61818181818182,33.03636363636364
2529,2021-10-06 07:48:42,2021-10-06 09:16:32,10.4,97.6,115.88019971330277,35.83156297420334,34.7556904400607
2530,2021-10-06 18:51:20,2021-10-06 19:09:20,32.0,48.0,113.72571032986112,39.41284403669725,37.58715596330275
2531,2021-10-06 19:09:41,2021-10-06 19:29:51,48.4,66.0,112.82750607638887,40.99180327868852,39.26229508196721
2532,2021-10-06 19:30:12,2021-10-06 19:46:52,66.0,80.0,112.97719246031748,42.0,40.0
2533,2021-10-06 19:47:13,2021-10-06 20:03:53,80.0,93.2,116.20792624158247,42.16831683168317,40.48514851485149
2534,2021-10-07 15:55:04,2021-10-07 16:11:44,41.2,56.0,112.18471696696702,39.13861386138614,37.7029702970297
2535,2021-10-07 16:12:05,2021-10-07 16:29:55,56.4,72.0,113.89158965455843,40.72222222222222,39.44444444444444
2536,2021-10-07 16:30:16,2021-10-07 16:48:56,72.0,88.4,113.53151439701894,41.75221238938053,40.0
2537,2021-10-08 01:49:28,2021-10-08 02:07:25,51.2,67.2,112.79333990451393,38.48623853211009,36.357798165137616
2538,2021-10-08 02:18:51,2021-10-08 02:38:01,77.2,93.6,117.63379268292684,40.0,37.827586206896555
2539,2021-10-08 23:56:40,2021-10-09 00:13:10,48.4,65.2,114.54860763888888,30.24,28.36
2540,2021-10-09 00:13:31,2021-10-09 00:32:11,65.6,84.8,113.39264771412034,32.02654867256637,29.938053097345133
2541,2021-10-09 05:43:22,2021-10-09 06:20:10,63.600002,97.6,116.06308634358031,31.404332129963898,28.620938628158846
2542,2021-10-09 13:09:57,2021-10-09 13:26:27,76.0,86.0,115.5430726388889,30.0,28.0
2543,2021-10-09 16:58:40,2021-10-09 17:18:50,67.2,87.2,116.78055375000001,31.418032786885245,29.516393442622952
2544,2021-10-11 01:44:36,2021-10-11 02:02:16,58.4,74.0,112.71191648860398,35.83177570093458,33.495327102803735
2545,2021-10-11 12:25:49,2021-10-11 12:42:39,60.8,75.2,115.9683686342592,34.68627450980392,32.96078431372549
2546,2021-10-11 21:28:04,2021-10-11 22:55:37,25.2,97.6,115.5905011260743,36.0,33.464231354642315
2547,2021-10-12 18:11:06,2021-10-12 18:29:16,42.0,57.6,115.8778691239316,28.736363636363638,27.536363636363635
2548,2021-10-12 18:29:37,2021-10-12 18:47:37,58.0,73.6,114.83086200142453,30.605504587155963,29.431192660550458
2549,2021-10-12 18:47:58,2021-10-12 19:06:58,74.0,90.0,118.2048857638889,31.495652173913044,30.139130434782608
2550,2021-10-13 13:52:42,2021-10-13 14:11:12,28.4,44.4,114.88543576388888,32.5625,30.839285714285715
2551,2021-10-13 14:11:33,2021-10-13 14:28:33,44.8,59.2,117.32930208333327,34.41747572815534,32.57281553398058
2552,2021-10-13 14:59:06,2021-10-13 15:15:36,85.2,97.6,120.71125761648757,37.1,35.0
2553,2021-10-14 00:38:07,2021-10-14 00:56:27,39.6,58.8,111.32523032407411,32.909909909909906,30.27927927927928
2554,2021-10-14 05:29:59,2021-10-14 05:47:49,37.2,55.6,113.11896648550727,32.52777777777778,29.76851851851852
2555,2021-10-14 05:48:10,2021-10-14 06:07:20,56.0,75.6,114.13974518140594,34.63793103448276,32.0
2556,2021-10-14 06:07:41,2021-10-14 06:24:11,76.0,92.4,117.46189998306231,35.98,33.01
2557,2021-10-14 16:13:54,2021-10-14 16:31:54,30.8,49.2,114.11533922101447,35.403669724770644,33.357798165137616
2558,2021-10-14 16:32:15,2021-10-14 16:52:25,49.2,70.0,113.09629240117525,37.75409836065574,35.942622950819676
2559,2021-10-15 13:58:01,2021-10-15 14:16:01,20.8,39.2,113.8813484299517,29.91743119266055,28.34862385321101
2560,2021-10-15 14:16:22,2021-10-15 14:33:12,39.6,56.4,116.67907432208999,31.92156862745098,30.333333333333332
2561,2021-10-15 14:33:33,2021-10-15 14:51:33,56.8,75.2,113.8994602958937,34.20183486238532,32.522935779816514
2562,2021-10-15 18:26:15,2021-10-15 18:45:25,52.8,72.0,116.34766073495368,32.706896551724135,30.20689655172414
2563,2021-10-15 18:45:46,2021-10-15 19:09:06,72.4,95.2,114.86599896442497,34.09929078014184,31.617021276595743
2564,2021-10-16 06:06:08,2021-10-16 06:38:28,64.4,92.0,116.20823616143319,31.923076923076923,28.394871794871793
2565,2021-10-16 23:41:02,2021-10-17 00:01:22,23.6,44.0,114.97414692265795,28.382113821138212,26.902439024390244
2566,2021-10-17 00:01:43,2021-10-17 00:24:08,44.0,66.8,113.41887849658869,31.022058823529413,29.485294117647058
2567,2021-10-17 05:21:31,2021-10-17 06:11:35,50.0,97.6,116.18622446311859,29.970744680851062,27.22340425531915
2568,2021-10-17 15:18:24,2021-10-17 15:45:54,22.8,50.8,114.68800342261906,30.746987951807228,29.403614457831324
2569,2021-10-17 15:46:15,2021-10-17 16:16:45,51.2,82.4,114.1568818554131,34.244565217391305,32.97826086956522
2570,2021-10-17 23:43:16,2021-10-18 00:01:26,56.4,74.8,115.16983522041062,31.363636363636363,28.563636363636363
2571,2021-10-18 00:01:47,2021-10-18 00:22:37,74.8,94.8,115.33333326388893,32.3968253968254,29.595238095238095
2572,2021-10-18 19:27:30,2021-10-18 19:45:10,74.4,89.6,117.11896153143284,33.0,31.177570093457945
2573,2021-10-19 15:21:05,2021-10-19 16:08:28,34.4,82.4,115.1475187962963,34.311797752808985,33.10112359550562
2574,2021-10-20 00:00:29,2021-10-20 00:19:29,30.4,49.6,115.55700998263892,34.22608695652174,32.10434782608696
2575,2021-10-20 02:11:10,2021-10-20 02:29:20,43.6,59.6,113.35765312500001,36.14545454545455,33.13636363636363
2576,2021-10-20 02:29:41,2021-10-20 02:49:59,60.0,76.8,116.12153882275136,37.516129032258064,34.604838709677416
2577,2021-10-20 12:10:00,2021-10-20 12:27:10,30.0,44.8,114.97934984984988,34.65384615384615,33.29807692307692
2578,2021-10-20 12:27:31,2021-10-20 12:44:31,45.2,60.0,113.86917783408408,36.48543689320388,34.95145631067961
2579,2021-10-20 20:41:08,2021-10-20 21:02:08,45.6,67.2,113.70950887345683,36.46456692913386,34.039370078740156
2580,2021-10-20 21:02:29,2021-10-20 21:21:19,67.6,86.4,117.09369008569735,38.1578947368421,35.63157894736842
2581,2021-10-21 20:58:40,2021-10-21 22:06:29,32.4,97.6,115.03555976482622,26.978388998035363,25.69351669941061
2582,2021-10-22 13:29:28,2021-10-22 13:48:58,47.6,65.2,111.15374321338388,25.415254237288135,23.923728813559322
2583,2021-10-22 13:49:19,2021-10-22 14:12:49,65.2,86.0,113.34804246794874,27.288732394366196,25.633802816901408
2584,2021-10-22 20:14:15,2021-10-22 20:32:15,36.0,51.6,115.27687669159545,26.68807339449541,24.486238532110093
2585,2021-10-22 20:32:36,2021-10-22 21:02:36,52.0,78.4,113.55691545664983,29.165745856353592,27.049723756906076
2586,2021-10-23 03:44:07,2021-10-23 04:03:17,19.6,38.8,116.48293012152782,27.413793103448278,24.79310344827586
2587,2021-10-23 04:03:38,2021-10-23 04:27:08,39.2,63.2,114.25115891203703,29.859154929577464,27.295774647887324
2588,2021-10-23 04:27:29,2021-10-23 04:48:39,63.6,85.2,114.35828510802469,32.1796875,29.6171875
2589,2021-10-23 16:21:24,2021-10-23 16:40:04,20.8,39.6,115.76979506501183,25.41592920353982,23.805309734513273
2590,2021-10-23 16:40:25,2021-10-23 16:57:15,40.0,57.2,113.94622440245479,27.676470588235293,26.00980392156863
2591,2021-10-23 17:07:24,2021-10-23 17:27:24,64.0,84.4,114.14488562091503,30.545454545454547,28.735537190082646
2592,2021-10-24 04:58:16,2021-10-24 07:00:00,23.2,97.6,115.32782593787336,26.967177242888404,25.344638949671772
2593,2021-10-24 19:55:00,2021-10-24 20:13:10,29.6,46.8,113.89375161498714,30.836363636363636,29.063636363636363
2594,2021-10-24 20:13:31,2021-10-24 20:33:31,47.2,66.0,114.71632978723407,33.14049586776859,31.272727272727273
2595,2021-10-24 20:33:52,2021-10-24 20:51:42,66.4,83.2,114.46595684523817,34.870370370370374,32.94444444444444
2596,2021-10-24 20:52:03,2021-10-24 21:09:23,83.2,97.2,118.47719484126986,35.56190476190476,33.02857142857143
2597,2021-10-25 02:27:57,2021-10-25 02:45:57,63.2,78.4,113.26025073099413,30.75229357798165,26.990825688073393
2598,2021-10-25 02:46:18,2021-10-25 03:03:28,78.4,92.0,116.63400122549021,31.0,27.971153846153847
2599,2021-10-25 11:54:29,2021-10-25 12:13:39,37.2,54.0,114.19891964285718,26.50862068965517,25.198275862068964
2600,2021-10-25 12:14:00,2021-10-25 12:32:30,54.4,70.4,111.98438828124995,28.580357142857142,27.446428571428573
2601,2021-10-25 12:32:51,2021-10-25 12:51:41,70.4,85.6,115.69902823464922,29.87719298245614,28.57017543859649
2602,2021-10-25 19:42:49,2021-10-25 20:01:49,51.6,71.2,112.85644125566894,31.68695652173913,29.895652173913042
2603,2021-10-25 20:02:10,2021-10-25 20:20:40,71.6,90.0,117.07427868357485,33.035714285714285,31.196428571428573
2604,2021-10-26 01:20:15,2021-10-26 01:48:35,60.0,88.4,116.64809834702659,30.91812865497076,28.15204678362573
2605,2021-10-26 06:05:40,2021-10-26 06:28:05,64.8,87.6,114.84065419103318,28.698224852071007,25.745562130177515
2606,2021-10-26 06:32:13,2021-10-26 06:45:26,87.6,97.6,116.0576517516667,29.17,26.91
2607,2021-10-26 15:53:35,2021-10-26 16:17:55,23.6,44.8,114.2610309224319,33.204081632653065,31.64625850340136
2608,2021-10-26 16:18:16,2021-10-26 16:42:36,45.2,66.4,114.2079609538784,35.42857142857143,34.0
2609,2021-10-26 16:42:57,2021-10-26 17:02:27,66.8,84.0,112.825441133721,37.0,35.398305084745765
2610,2021-10-26 23:15:41,2021-10-26 23:56:24,35.6,76.8,115.27023196804211,34.20261437908497,31.50653594771242
2611,2021-10-27 22:56:19,2021-10-27 23:15:19,22.0,34.4,117.25359666218638,30.0,28.495652173913044
2612,2021-10-27 23:15:40,2021-10-27 23:35:50,34.8,48.0,115.50295138888886,31.204918032786885,29.811475409836067
2613,2021-10-27 23:36:11,2021-10-27 23:55:11,48.0,60.8,110.2083524305556,32.608695652173914,31.4
2614,2021-10-27 23:55:32,2021-10-28 00:16:45,60.8,74.4,112.31374240196072,33.87596899224806,32.64341085271318
2615,2021-10-28 02:40:43,2021-10-28 03:02:43,80.0,97.6,116.077994397096,33.984962406015036,32.0
2616,2021-10-28 06:34:37,2021-10-28 06:54:57,81.6,97.6,116.91929262152779,32.13008130081301,30.0
2617,2021-10-29 07:04:32,2021-10-29 07:32:12,35.6,60.0,114.35564890710381,30.676646706586826,29.38323353293413
2618,2021-10-29 07:32:33,2021-10-29 08:02:23,60.0,86.0,115.74092291666669,33.355555555555554,32.07222222222222
2619,2021-10-29 12:40:23,2021-10-29 12:56:53,78.8,88.8,115.37224416666668,34.0,32.08
2620,2021-10-29 20:19:54,2021-10-29 20:39:54,40.4,58.0,113.79183869949495,33.735537190082646,32.01652892561984
2621,2021-10-29 20:40:15,2021-10-29 21:04:55,58.0,79.6,114.33900514403294,35.711409395973156,33.70469798657718
2622,2021-10-29 21:05:16,2021-10-29 21:27:46,80.0,97.6,119.52179214015155,36.52205882352941,34.0
2623,2021-10-30 04:11:41,2021-10-30 05:25:39,22.0,95.6,115.06724227619264,33.990990990990994,31.49009009009009
2624,2021-10-30 11:04:47,2021-10-30 12:17:03,22.0,94.4,115.44076551872315,32.33517495395949,28.775322283609576
2625,2021-10-31 15:20:08,2021-10-31 15:49:18,51.2,76.8,114.02127625868057,26.073863636363637,25.318181818181817
2626,2021-10-31 15:49:39,2021-10-31 16:15:29,77.2,97.6,118.22509184368198,28.378205128205128,27.403846153846153
2627,2021-11-01 08:52:18,2021-11-01 09:17:58,39.6,62.4,112.7516005726121,26.6,25.483870967741936
2628,2021-11-01 09:18:19,2021-11-01 09:47:49,62.8,88.4,115.49209809027776,29.258426966292134,28.03370786516854
2629,2021-11-01 19:05:19,2021-11-01 19:25:49,32.0,45.6,114.6946666666667,30.79032258064516,29.419354838709676
2630,2021-11-01 19:26:10,2021-11-01 19:49:40,45.6,61.6,109.50609670138888,32.478873239436616,30.85211267605634
2631,2021-11-01 19:50:01,2021-11-01 20:10:01,61.6,74.8,109.21614194023574,33.79338842975206,32.0
2632,2021-11-01 20:10:22,2021-11-01 20:30:02,74.8,86.8,114.8379758101852,34.0,32.0
2633,2021-11-02 04:10:29,2021-11-02 04:28:39,40.8,59.6,112.87679026300236,30.554545454545455,28.87272727272727
2634,2021-11-02 04:29:00,2021-11-02 04:56:10,60.0,87.6,115.04580897745578,33.03048780487805,31.329268292682926
2635,2021-11-05 12:27:27,2021-11-05 12:44:07,76.4,90.4,117.73811111111114,34.0,32.86138613861386
2636,2021-11-05 19:42:18,2021-11-05 20:00:18,58.4,74.8,116.18309866192416,35.1651376146789,33.36697247706422
2637,2021-11-05 20:00:39,2021-11-05 20:19:09,75.2,92.4,114.10370009689927,36.0,34.0
2638,2021-11-06 12:51:01,2021-11-06 13:09:01,48.8,67.2,113.75606582125606,33.706422018348626,32.027522935779814
2639,2021-11-06 19:59:30,2021-11-06 20:17:00,17.6,36.4,114.90914014479907,34.943396226415096,33.235849056603776
2640,2021-11-06 20:17:21,2021-11-06 20:34:51,36.8,55.6,114.83969222813238,36.89622641509434,35.235849056603776
2641,2021-11-06 20:35:12,2021-11-06 20:54:02,56.0,76.4,113.82693838507623,39.35964912280702,37.64035087719298
2642,2021-11-07 02:28:05,2021-11-07 02:47:05,22.4,35.2,114.08204654947917,36.530434782608694,33.0
2643,2021-11-07 02:58:58,2021-11-07 03:17:38,43.2,55.6,113.56631765232976,38.07079646017699,34.67256637168141
2644,2021-11-07 03:17:59,2021-11-07 03:38:09,56.0,68.8,115.89627897135419,39.00819672131148,35.90163934426229
2645,2021-11-07 03:38:30,2021-11-07 03:56:30,69.2,80.4,114.89088640873015,39.84403669724771,36.0
2646,2021-11-07 03:56:51,2021-11-07 04:16:51,80.8,92.4,120.1460905172413,40.0,36.0
2647,2021-11-07 19:24:51,2021-11-07 19:54:11,23.6,49.2,114.45311197916668,34.451977401129945,32.90395480225989
2648,2021-11-07 19:54:32,2021-11-07 20:22:12,49.6,73.6,115.12498472222225,37.18562874251497,35.4311377245509
2649,2021-11-07 20:22:33,2021-11-07 20:49:53,74.0,96.8,117.21368622076025,38.57575757575758,36.375757575757575
2650,2021-11-08 07:29:11,2021-11-08 07:53:41,46.8,68.4,113.25937789351848,22.39864864864865,19.60135135135135
2651,2021-11-08 07:54:02,2021-11-08 08:18:42,68.4,90.0,114.04191158693419,24.181208053691275,21.55704697986577
2652,2021-11-08 17:29:24,2021-11-08 17:48:40,51.6,71.2,114.49333816609976,24.805084745762713,23.305084745762713
2653,2021-11-09 02:11:39,2021-11-09 02:29:39,39.2,57.6,113.55904347826093,26.834862385321102,24.357798165137616
2654,2021-11-09 02:30:00,2021-11-09 02:47:40,58.0,76.4,111.50892330917873,28.94392523364486,26.57943925233645
2655,2021-11-09 06:49:07,2021-11-09 07:07:57,75.2,91.2,115.70054045138892,26.29824561403509,22.94736842105263
2656,2021-11-09 14:40:55,2021-11-09 14:57:25,55.2,70.4,114.62080217470756,25.51,24.05
2657,2021-11-09 14:57:46,2021-11-09 15:16:16,70.8,88.0,113.65308414082678,26.821428571428573,25.303571428571427
2658,2021-11-10 14:51:13,2021-11-10 15:09:43,33.6,52.4,114.45185800827424,24.767857142857142,23.133928571428573
2659,2021-11-10 15:10:04,2021-11-10 15:26:44,52.8,70.0,112.68090568475455,27.455445544554454,26.0
2660,2021-11-10 20:40:32,2021-11-10 20:58:52,54.0,72.4,115.44384359903378,28.693693693693692,26.945945945945947
2661,2021-11-10 20:59:13,2021-11-10 21:17:03,72.8,90.8,114.82485208333335,30.0,28.074074074074073
2662,2021-11-11 16:07:48,2021-11-11 16:28:08,15.2,32.8,116.40703053977275,30.260162601626018,28.91869918699187
2663,2021-11-11 16:28:29,2021-11-11 16:47:39,33.2,50.0,114.95534887566139,31.79310344827586,30.29310344827586
2664,2021-11-11 16:50:39,2021-11-11 17:12:29,52.8,72.4,112.17189533730152,34.166666666666664,32.628787878787875
2665,2021-11-11 17:12:50,2021-11-11 17:32:00,72.8,89.2,117.79047569444441,35.0,33.8448275862069
2666,2021-11-12 12:30:57,2021-11-12 12:57:47,28.0,51.6,113.71469067796609,24.790123456790123,24.166666666666668
2667,2021-11-12 12:58:08,2021-11-12 13:24:48,51.6,75.6,111.22744218750003,27.96894409937888,27.236024844720497
2668,2021-11-12 13:25:09,2021-11-12 13:52:29,75.6,97.6,116.26138099747476,29.636363636363637,28.793939393939393
2669,2021-11-12 18:59:26,2021-11-12 19:16:36,66.8,81.6,116.02666544669673,31.0,29.0
2670,2021-11-13 02:38:31,2021-11-13 02:56:41,20.4,38.8,115.53292980072469,30.272727272727273,27.363636363636363
2671,2021-11-13 02:57:02,2021-11-13 03:13:52,39.2,56.8,111.91289614898999,32.11764705882353,29.323529411764707
2672,2021-11-13 03:14:13,2021-11-13 03:33:13,57.2,76.4,115.78777929687503,34.356521739130436,31.53913043478261
2673,2021-11-13 06:08:32,2021-11-13 06:51:46,46.0,90.4,113.79017552302302,33.561349693251536,29.625766871165645
2674,2021-11-13 12:03:30,2021-11-13 12:32:52,61.2,91.2,114.08764446759258,29.8868778280543,27.09049773755656
2675,2021-11-13 17:37:18,2021-11-13 17:54:48,58.4,73.6,115.65061750731003,29.70754716981132,28.07547169811321
2676,2021-11-13 17:55:09,2021-11-13 18:23:59,74.0,97.6,116.29770250706217,30.75287356321839,29.2816091954023
2677,2021-11-14 03:24:30,2021-11-14 05:03:00,20.8,73.2,112.33281766327394,27.715832205683355,25.6021650879567
2678,2021-11-14 10:46:04,2021-11-14 11:58:41,26.0,97.6,114.08295625775918,29.855045871559632,27.880733944954127
2679,2021-11-14 19:52:06,2021-11-14 20:21:26,52.0,77.6,115.65376589626739,30.627118644067796,28.65536723163842
2680,2021-11-14 20:21:47,2021-11-14 20:41:37,78.0,95.2,114.80379635012916,32.0,29.933333333333334
2681,2021-11-15 14:06:54,2021-11-15 14:28:54,8.8,31.6,112.96968731725146,29.0,27.210526315789473
2682,2021-11-15 14:29:15,2021-11-15 14:52:15,31.6,55.2,114.09959992937853,30.597122302158272,28.97841726618705
2683,2021-11-15 14:52:36,2021-11-15 15:12:36,55.6,75.2,119.44871924603173,33.289256198347104,31.512396694214875
2684,2021-11-15 21:19:56,2021-11-15 22:20:40,28.8,91.2,113.55883122996795,33.73464912280702,30.914473684210527
