cycle_num,time_s,time_e,SOC_s,SOC_e,charge_capacity,Tmax,Tmin
1,2019-07-26 00:22:51,2019-07-26 02:04:22,10.8,67.2,133.78893858845547,37.48623853211009,36.23853211009175
2,2019-07-27 01:30:24,2019-07-27 02:48:59,41.6,92.4,133.9762929516623,41.99322033898305,39.17627118644068
3,2019-07-28 07:20:32,2019-07-28 09:04:28,22.4,99.6,135.38733180411634,38.68974358974359,37.50512820512821
4,2019-07-28 19:54:54,2019-07-28 21:19:19,35.6,76.8,133.85278512001082,37.89589905362776,36.07413249211356
5,2019-07-29 01:35:50,2019-07-29 02:20:56,41.6,81.6,133.78192851388891,38.41002949852508,36.40412979351032
6,2019-07-29 23:59:53,2019-07-30 01:21:06,37.6,99.2,133.9080879035895,34.37377049180328,32.58524590163935
7,2019-07-30 13:45:32,2019-07-30 15:33:12,11.6,72.8,132.1950174836601,37.972772277227726,36.59158415841584
8,2019-07-30 23:27:35,2019-07-30 23:54:00,10.0,25.2,130.7741535270468,37.65829145728643,35.41206030150754
9,2019-07-30 23:59:36,2019-07-31 01:48:13,28.4,89.2,134.57989088541663,39.56319018404908,37.500613496932516
10,2019-07-31 04:16:57,2019-07-31 05:04:59,72.8,99.6,135.82832846703982,38.99445983379501,35.986149584487535
11,2019-07-31 11:33:20,2019-07-31 12:35:23,61.6,99.6,138.04072464912284,37.76824034334764,35.76394849785408
12,2019-08-01 03:14:36,2019-08-01 04:43:59,17.6,93.6,132.7567169298246,33.70938897168406,31.405365126676603
13,2019-08-01 17:02:05,2019-08-01 18:52:01,19.2,99.6,134.30902112527642,32.980606060606064,30.917575757575758
14,2019-08-02 18:48:06,2019-08-02 20:27:46,27.2,99.6,134.61004629565687,36.711229946524064,34.851604278074866
15,2019-08-03 04:04:29,2019-08-03 04:58:23,38.8,68.8,133.5499834212963,35.032098765432096,32.57530864197531
16,2019-08-03 14:22:21,2019-08-03 16:28:51,28.0,98.0,132.5497910535714,34.3245521601686,32.66174920969441
17,2019-08-04 09:00:19,2019-08-04 11:28:48,22.4,99.6,132.07750441853773,33.04667863554758,32.09335727109515
18,2019-08-05 01:02:37,2019-08-05 02:38:05,20.4,74.4,133.08953569958845,36.80222841225627,34.95264623955432
19,2019-08-05 23:59:48,2019-08-06 02:17:58,10.8,88.4,134.1309002362543,39.85149469623915,38.076181292189005
20,2019-08-06 13:20:49,2019-08-06 16:28:44,22.8,76.4,131.46222014925374,37.42978723404255,36.09078014184397
21,2019-08-07 01:46:49,2019-08-07 03:58:39,8.0,82.8,132.48569485294118,36.773737373737376,34.16868686868687
22,2019-08-07 08:03:52,2019-08-07 11:13:44,40.4,99.6,136.47827906813063,36.19101123595506,33.91151685393258
23,2019-08-07 22:14:04,2019-08-07 22:58:46,26.4,52.0,131.2502461154514,37.25892857142857,35.038690476190474
24,2019-08-08 07:54:49,2019-08-08 09:34:29,51.6,99.6,136.64187483796297,34.4451871657754,33.101604278074866
25,2019-08-08 16:20:47,2019-08-08 18:40:51,49.6,94.8,134.78397495083578,41.998097050428164,40.0
26,2019-08-09 02:27:18,2019-08-09 06:26:00,24.4,99.6,135.16681241134754,38.96594081518705,35.644891122278054
27,2019-08-09 16:16:08,2019-08-09 19:18:52,4.8,99.6,135.98161103756448,45.777534646243616,43.98832968636032
28,2019-08-10 00:10:20,2019-08-10 01:37:36,62.0,90.4,133.09350575117367,43.33893129770993,40.796946564885495
29,2019-08-10 23:59:47,2019-08-11 02:40:43,9.2,98.0,133.84869136636638,39.33195364238411,37.36506622516556
30,2019-08-11 11:28:07,2019-08-11 13:40:37,32.4,99.6,135.25226518683866,38.92857142857143,37.44969818913481
31,2019-08-11 18:37:57,2019-08-11 18:59:10,37.6,43.6,133.18617004629633,41.0,37.65
32,2019-08-11 19:23:11,2019-08-11 22:42:47,47.6,99.6,135.06048561965812,40.741482965931866,38.20975283901136
33,2019-08-12 09:47:38,2019-08-12 11:23:57,68.0,94.8,135.60578133291875,34.065006915629326,33.0
34,2019-08-12 16:43:36,2019-08-12 18:16:52,50.0,99.6,136.79702876344086,41.80428571428571,40.26714285714286
35,2019-08-13 13:35:25,2019-08-13 15:30:02,14.8,99.6,135.7402769850629,42.288372093023256,40.94767441860465
36,2019-08-14 01:43:06,2019-08-14 02:40:20,46.0,95.2,133.55734978263325,40.467441860465115,38.21395348837209
37,2019-08-14 02:42:04,2019-08-14 03:02:29,96.0,99.6,166.4098192129632,41.0,39.0
38,2019-08-14 17:49:06,2019-08-14 19:30:46,21.2,99.2,133.769821102208,44.0170380078637,42.17824377457405
39,2019-08-15 22:51:14,2019-08-15 23:54:05,9.6,42.4,125.95524367818432,33.71610169491525,31.722457627118644
40,2019-08-15 23:58:53,2019-08-16 01:18:48,44.8,83.6,136.6688706328752,36.745,34.16
41,2019-08-16 19:20:13,2019-08-16 21:45:54,17.2,99.6,135.83163898833607,39.66788655077767,37.55626715462031
42,2019-08-17 06:00:54,2019-08-17 07:32:58,37.6,99.6,135.14810814740144,38.76555716353111,36.198263386396526
43,2019-08-17 14:50:16,2019-08-17 15:24:01,67.2,94.4,135.36193475285944,35.96456692913386,33.63385826771653
44,2019-08-18 01:02:20,2019-08-18 03:07:21,32.4,99.6,135.60839180514225,36.90085287846482,34.36140724946695
45,2019-08-18 20:01:52,2019-08-18 21:53:41,16.8,99.6,135.2643548409823,38.581644815256254,36.65315852205006
46,2019-08-19 11:56:43,2019-08-19 13:39:03,28.8,99.6,135.20590930437857,38.7890625,37.516927083333336
47,2019-08-20 00:33:12,2019-08-20 02:02:20,40.8,99.6,136.44089329176117,36.87593423019432,34.65321375186846
48,2019-08-20 14:39:45,2019-08-20 15:29:39,75.2,99.6,134.30135889116582,37.074666666666666,36.0
49,2019-08-20 23:40:57,2019-08-21 00:54:28,32.4,94.4,132.1314317988351,40.3713768115942,37.99094202898551
50,2019-08-21 09:14:05,2019-08-21 11:01:50,47.2,99.6,137.23449565839695,38.239506172839505,36.16543209876543
51,2019-08-22 00:54:52,2019-08-22 03:22:22,24.4,99.6,135.40539616578016,39.031616982836496,37.01535682023487
52,2019-08-22 15:54:31,2019-08-22 17:38:03,24.8,99.6,135.37904024249852,42.18275418275418,40.833976833976834
53,2019-08-23 01:46:08,2019-08-23 03:24:45,30.8,99.6,136.20739022529074,42.31351351351351,39.51081081081081
54,2019-08-23 13:58:24,2019-08-23 15:24:04,40.0,88.0,134.35457256944446,38.31570762052877,35.973561430793154
55,2019-08-24 00:21:37,2019-08-24 02:34:54,16.8,92.0,132.89974590721042,37.885,35.941
56,2019-08-24 07:05:45,2019-08-24 09:34:37,54.0,99.6,138.06462541423002,36.04118173679499,34.0
57,2019-08-25 03:03:19,2019-08-25 04:42:14,16.0,72.0,132.49097355158733,40.219380888290715,37.97981157469717
58,2019-08-25 13:22:19,2019-08-25 16:09:41,26.4,81.2,132.83956833941605,37.41686555290374,35.53301511535402
59,2019-08-25 21:17:22,2019-08-25 22:42:53,43.6,99.6,136.2761978968254,35.52803738317757,32.42367601246106
60,2019-08-26 12:52:51,2019-08-26 13:41:17,51.2,92.0,133.47600312840413,32.282967032967036,30.736263736263737
61,2019-08-27 09:44:06,2019-08-27 11:35:36,46.8,98.8,134.79787351976498,30.57398568019093,29.01073985680191
62,2019-08-28 21:57:47,2019-08-28 23:53:52,13.2,99.6,133.59111355774178,40.337543053960964,39.195177956371985
63,2019-08-29 07:37:11,2019-08-29 09:30:04,49.2,99.6,136.6270719356261,38.69775678866588,35.98229043683589
64,2019-08-29 19:12:46,2019-08-29 21:04:26,46.8,99.2,134.47522642069552,36.900954653937944,34.866348448687354
65,2019-08-30 04:55:41,2019-08-30 06:48:22,17.6,99.6,134.3835705691057,38.53782505910166,35.399527186761226
66,2019-08-30 17:07:53,2019-08-30 18:31:08,46.8,99.6,136.30609771675086,36.6736,35.3568
67,2019-08-31 22:28:20,2019-08-31 23:57:12,3.6,54.0,131.98299878747798,33.151424287856074,31.865067466266865
68,2019-08-31 23:59:36,2019-09-01 01:32:35,55.2,99.6,136.1041247716467,36.06303724928367,34.373925501432666
69,2019-09-01 15:50:42,2019-09-01 17:28:07,21.2,98.8,133.22153479202464,38.02325581395349,36.054719562243505
70,2019-09-02 13:10:14,2019-09-02 15:40:20,12.4,99.6,133.367202293578,36.83392539964476,35.37477797513321
71,2019-09-03 06:39:30,2019-09-03 09:09:37,15.2,99.6,133.06616599690628,34.078083407275955,32.19432120674357
72,2019-09-03 19:24:55,2019-09-03 20:02:33,45.2,66.4,133.14675151991614,36.74911660777385,35.5547703180212
73,2019-09-03 20:43:53,2019-09-03 21:46:54,66.8,99.6,131.6228833672087,36.96835443037975,35.0
74,2019-09-04 03:42:35,2019-09-04 05:11:42,58.0,99.6,137.75591177216882,32.96711509715994,30.446935724962632
75,2019-09-05 02:35:52,2019-09-05 03:01:21,21.2,37.6,130.91015834180212,32.5,31.088541666666668
76,2019-09-05 03:01:40,2019-09-05 04:53:36,37.6,99.6,132.92176753360218,35.80714285714286,34.19880952380952
77,2019-09-05 18:45:11,2019-09-05 19:58:50,41.2,82.8,133.03455140892095,37.66003616636528,35.98372513562387
78,2019-09-06 03:52:44,2019-09-06 05:30:32,26.8,99.6,133.76508992673993,38.177111716621255,36.20708446866485
79,2019-09-06 13:13:44,2019-09-06 14:48:44,49.6,99.6,136.95154063333334,39.7601683029453,38.5343618513324
80,2019-09-07 10:06:18,2019-09-07 12:00:47,35.6,99.6,133.3737901605903,34.076833527357394,32.9965075669383
81,2019-09-07 21:54:53,2019-09-07 23:53:28,35.2,98.8,134.09991751834386,40.65505617977528,38.78876404494382
82,2019-09-08 12:04:31,2019-09-08 13:38:27,50.8,98.8,135.17262536458335,39.50496453900709,38.286524822695036
83,2019-09-09 11:48:05,2019-09-09 13:32:57,20.0,99.6,132.8957511899777,38.46124523506989,37.0292249047014
84,2019-09-10 00:31:04,2019-09-10 03:49:12,17.6,82.8,131.69342428425364,38.130551816958274,36.283983849259755
85,2019-09-10 11:47:36,2019-09-10 13:47:00,33.6,99.6,135.65038165404042,38.863839285714285,37.527901785714285
86,2019-09-11 21:20:04,2019-09-11 22:57:12,48.4,99.6,136.11817756618925,37.890260631001375,36.69135802469136
87,2019-09-12 05:01:11,2019-09-12 06:12:18,56.8,99.6,138.23145448468327,38.646067415730336,36.29962546816479
88,2019-09-12 19:28:45,2019-09-12 21:20:17,14.8,99.6,134.40771987192085,44.50298685782557,42.95221027479092
89,2019-09-13 13:19:56,2019-09-13 15:09:53,12.4,99.6,132.74901092475793,42.00606060606061,40.70181818181818
90,2019-09-13 23:44:39,2019-09-14 01:24:03,15.2,98.4,132.1391413795406,42.76943699731903,40.2828418230563
91,2019-09-14 07:48:27,2019-09-14 09:38:39,34.8,97.2,132.75074168447293,40.51511487303507,37.37726723095526
92,2019-09-14 19:30:10,2019-09-14 21:16:32,48.0,99.6,136.36975267549528,36.13141426783479,34.21026282853567
93,2019-09-15 06:50:19,2019-09-15 09:40:34,46.8,99.6,135.47596464120372,33.03210649960846,31.41581832419734
94,2019-09-15 22:02:42,2019-09-16 00:06:39,22.8,64.4,129.59787284321578,38.00322580645161,36.71075268817204
95,2019-09-16 03:56:28,2019-09-16 06:33:23,22.0,98.8,133.28067227184607,38.20645709430756,35.490229396771454
96,2019-09-16 16:32:05,2019-09-16 18:17:02,24.8,99.6,133.9097451314617,40.91128010139417,39.20912547528517
97,2019-09-17 16:17:52,2019-09-17 17:55:56,34.8,90.4,132.2519951838529,35.255434782608695,33.83288043478261
98,2019-09-18 01:53:46,2019-09-18 03:11:41,35.6,79.6,132.750631439394,34.59556313993174,32.460750853242324
99,2019-09-18 08:57:14,2019-09-18 11:52:24,13.6,98.8,133.13211474230567,36.10874524714829,34.075285171102664
100,2019-09-19 01:29:03,2019-09-19 03:00:03,4.0,49.2,131.87273085054082,38.27232796486091,35.93704245973645
101,2019-09-19 03:00:24,2019-09-19 03:48:42,49.2,73.2,131.81881708333339,40.0,37.0
102,2019-09-19 08:08:17,2019-09-19 09:46:21,53.6,98.8,135.56163580985748,34.99864130434783,32.11277173913044
103,2019-09-20 13:58:31,2019-09-20 15:20:16,25.2,87.6,130.9991772680734,35.46016260162602,34.447154471544714
104,2019-09-21 10:08:46,2019-09-21 13:14:22,4.4,99.6,136.68303902894493,34.08405172413793,32.87859195402299
105,2019-09-21 20:38:55,2019-09-21 22:05:39,55.6,99.6,138.58284554924245,37.766513056835635,35.98924731182796
106,2019-09-22 22:26:00,2019-09-23 00:06:36,28.0,99.6,131.56007060831786,34.77350993377483,33.904635761589404
107,2019-09-23 07:00:26,2019-09-23 08:12:29,54.8,99.6,135.54390409226193,34.77634011090573,32.530499075785585
108,2019-09-24 01:28:24,2019-09-24 03:13:49,23.6,99.6,134.32075964181286,36.35524652338812,34.61314791403287
109,2019-09-24 16:45:18,2019-09-24 18:55:15,3.6,99.6,133.901752463831,41.83179487179487,40.38153846153846
110,2019-09-25 16:59:59,2019-09-25 18:32:03,14.0,92.8,132.55749466652566,39.63675832127352,38.01591895803184
111,2019-09-25 18:33:41,2019-09-25 18:59:59,92.0,99.6,135.863693640351,41.96969696969697,39.31818181818182
112,2019-09-26 16:08:51,2019-09-26 18:13:20,23.6,86.4,131.21595337491155,36.20021413276231,34.364025695931474
113,2019-09-27 01:00:47,2019-09-27 02:21:39,18.8,89.6,132.03873290371942,37.67874794069193,35.68204283360791
114,2019-09-27 13:42:51,2019-09-27 15:13:19,17.2,97.2,131.43621044444447,39.69072164948454,38.263622974963184
115,2019-09-27 20:15:00,2019-09-27 21:12:31,53.2,89.2,133.44940854166666,41.0,38.682870370370374
116,2019-09-28 04:01:18,2019-09-28 07:04:29,4.0,99.6,134.60945781903771,42.01237263464338,37.66521106259098
117,2019-09-28 18:59:05,2019-09-28 21:38:45,10.8,98.8,132.38635931029043,39.92589508742714,38.10491257285595
118,2019-09-29 02:20:24,2019-09-29 03:35:27,52.4,99.6,137.20966489230227,39.202127659574465,36.398936170212764
119,2019-09-29 16:21:08,2019-09-29 18:48:50,24.4,99.6,135.1365486166519,39.51083032490975,38.22653429602888
120,2019-09-30 03:18:38,2019-09-30 04:43:05,44.4,99.6,135.87068004981887,37.62302839116719,35.496845425867505
121,2019-09-30 10:31:06,2019-09-30 12:05:18,49.6,99.6,135.60370981111117,36.84299858557284,34.87977369165488
122,2019-10-01 03:20:48,2019-10-01 04:47:56,29.2,74.0,128.58091920944943,36.223241590214066,34.16819571865443
123,2019-10-01 10:42:50,2019-10-01 11:49:01,39.2,96.4,132.28421632187258,37.45070422535211,36.243460764587525
124,2019-10-02 01:43:26,2019-10-02 03:37:55,2.4,61.2,130.77344919690103,37.55981416957027,35.00813008130081
125,2019-10-02 04:53:08,2019-10-02 06:07:37,54.0,99.6,137.88839148391813,38.85357142857143,36.31785714285714
126,2019-10-03 15:20:41,2019-10-03 18:03:24,16.4,99.6,133.41386502737714,40.185913185913186,38.402129402129404
127,2019-10-03 22:42:07,2019-10-03 23:02:48,68.4,86.8,132.99486485507254,39.0,37.0
128,2019-10-04 02:05:12,2019-10-04 03:14:19,56.8,99.6,137.03059896482347,39.05973025048169,36.54527938342967
129,2019-10-04 15:30:22,2019-10-04 16:31:28,64.0,99.6,138.6693217930712,38.8562091503268,37.666666666666664
130,2019-10-05 00:38:06,2019-10-05 02:20:02,29.2,99.6,134.1009099786932,39.96993464052287,37.26797385620915
131,2019-10-05 10:47:24,2019-10-05 12:06:48,53.2,92.4,134.3135550453515,35.36180904522613,33.835845896147404
132,2019-10-05 22:31:44,2019-10-06 02:04:06,20.4,90.8,131.22172009943182,37.680677540777914,36.10790464240903
133,2019-10-07 01:54:21,2019-10-07 03:55:06,18.4,79.6,131.18259538171753,34.36865342163355,32.833333333333336
134,2019-10-07 15:25:14,2019-10-07 17:14:15,21.2,77.2,129.3631713938492,34.15770171149144,33.04645476772616
135,2019-10-07 23:13:38,2019-10-08 01:34:31,28.4,99.6,135.04184689840827,35.55818353831599,33.980132450331126
136,2019-10-08 07:04:23,2019-10-08 08:33:14,57.6,99.6,136.45420192460324,34.874062968515744,32.54272863568216
137,2019-10-09 06:13:26,2019-10-09 07:36:34,43.6,99.6,134.05180229414685,32.13621794871795,29.38621794871795
138,2019-10-09 20:21:37,2019-10-09 22:05:10,26.4,99.6,133.73713451730424,36.14543114543115,34.44015444015444
139,2019-10-10 14:43:35,2019-10-10 16:33:56,18.8,99.6,134.0393599766227,40.10024154589372,38.48309178743961
140,2019-10-11 13:58:17,2019-10-11 15:44:45,8.8,98.8,130.36060208333336,40.37046307884856,38.851063829787236
141,2019-10-12 02:28:53,2019-10-12 03:52:44,22.8,87.2,130.153213026225,37.906349206349205,35.24444444444445
142,2019-10-12 15:40:11,2019-10-12 18:10:58,11.2,99.6,130.82829179864254,40.02210433244916,38.238726790450926
143,2019-10-13 09:57:04,2019-10-13 11:56:33,23.2,85.6,128.01093825231482,33.381270903010034,31.59531772575251
144,2019-10-13 16:06:10,2019-10-13 16:29:15,52.8,66.0,131.16120168350164,36.0,34.0
145,2019-10-13 16:47:15,2019-10-13 17:13:48,65.6,81.2,127.60933198005691,36.0,34.0
146,2019-10-13 20:08:00,2019-10-13 21:22:27,54.4,99.6,136.68024322148477,36.574239713774595,34.35062611806798
147,2019-10-14 01:26:10,2019-10-14 02:00:41,62.8,83.2,127.46625940904137,35.0,32.969465648854964
148,2019-10-14 10:48:26,2019-10-14 12:37:06,31.6,99.6,131.87589185457514,34.256723716381416,32.354523227383865
149,2019-10-14 23:59:28,2019-10-15 02:07:33,16.4,90.4,129.9092625093844,36.48699271592091,34.04786680541103
150,2019-10-15 11:24:58,2019-10-15 12:00:46,65.6,86.4,129.08600422008539,32.0,30.81111111111111
151,2019-10-15 17:31:32,2019-10-15 18:47:52,52.0,99.6,135.27118342670403,35.79755671902269,34.05061082024433
152,2019-10-16 19:30:49,2019-10-16 22:23:20,8.400001,99.6,132.18265293572603,36.20401854714065,34.57032457496136
153,2019-10-17 03:09:34,2019-10-17 04:24:57,53.6,97.2,130.5384748343527,34.86572438162544,31.710247349823323
154,2019-10-17 13:42:48,2019-10-17 15:06:29,32.8,95.2,130.2189536881232,35.18571428571428,33.83968253968254
155,2019-10-18 00:51:14,2019-10-18 03:39:36,4.0,99.6,132.62556782601118,38.60807600950119,35.844813935075216
156,2019-10-18 18:06:57,2019-10-18 20:47:12,12.8,94.8,130.13991119579944,35.01162790697674,33.834717607973424
157,2019-10-19 15:58:53,2019-10-19 17:52:50,28.0,94.8,128.38490451180974,32.138011695906435,30.610526315789475
158,2019-10-20 03:31:59,2019-10-20 04:49:07,28.8,94.8,129.48395329335017,34.196891191709845,32.23143350604491
159,2019-10-20 13:12:23,2019-10-20 15:07:16,21.6,94.8,130.4833636118701,36.04408352668214,34.230858468677496
160,2019-10-20 22:12:51,2019-10-20 23:56:24,24.4,84.0,130.0106447567114,35.47172236503856,33.426735218508995
161,2019-10-21 08:54:44,2019-10-21 09:50:38,35.6,86.0,129.69203751102293,32.74761904761905,31.326190476190476
162,2019-10-21 10:33:28,2019-10-21 10:47:37,85.6,94.8,131.91968864734295,33.14018691588785,32.0
163,2019-10-21 20:27:14,2019-10-21 21:52:46,21.2,94.8,129.70643604128927,37.809968847352025,35.73676012461059
164,2019-10-22 04:05:49,2019-10-22 05:01:51,47.2,94.8,130.47393519782912,36.057007125890735,33.0166270783848
165,2019-10-22 11:00:09,2019-10-22 11:53:31,47.6,81.6,131.07012380718956,33.0,31.473815461346632
166,2019-10-22 17:42:53,2019-10-22 19:35:13,36.0,98.8,130.56619858457182,36.4282325029656,34.593119810201664
167,2019-10-23 01:35:58,2019-10-23 02:11:19,50.8,82.4,130.5230055995077,35.01127819548872,32.233082706766915
168,2019-10-23 06:58:17,2019-10-23 08:06:28,34.4,94.8,130.422915781365,35.513671875,32.59375
169,2019-10-23 16:08:14,2019-10-23 17:11:45,38.8,94.8,130.33047198412697,37.488469601677146,35.901467505241094
170,2019-10-24 03:05:33,2019-10-24 04:23:21,24.8,94.8,129.3768795515873,35.39041095890411,33.013698630136986
171,2019-10-24 15:39:24,2019-10-24 17:34:51,10.0,99.2,130.7088282464499,37.22722029988466,35.62514417531719
172,2019-10-25 02:04:37,2019-10-25 02:51:02,48.8,90.4,130.42401872329057,33.29226361031519,30.96275071633238
173,2019-10-25 08:20:49,2019-10-25 09:51:19,45.6,97.6,130.4866193215812,32.61967694566813,30.430249632892803
174,2019-10-25 10:09:43,2019-10-25 10:22:55,97.6,99.6,161.6056772222222,33.0,31.0
175,2019-10-26 06:23:47,2019-10-26 08:16:12,29.6,94.8,129.86199194359241,31.9728453364817,30.629279811097994
176,2019-10-26 21:12:35,2019-10-26 22:55:41,35.6,88.8,128.3985436900585,32.199742268041234,30.632731958762886
177,2019-10-27 12:05:38,2019-10-27 13:23:16,20.4,89.6,128.99982344853888,30.500857632933105,29.39279588336192
178,2019-10-27 21:01:08,2019-10-27 22:43:14,33.2,85.6,128.85291585453777,32.502604166666664,31.286458333333332
179,2019-10-28 06:10:16,2019-10-28 06:59:46,42.0,86.4,129.85171975725726,33.01881720430107,31.010752688172044
180,2019-10-28 13:50:57,2019-10-28 14:32:27,44.0,83.2,130.65569045138886,32.10897435897436,30.0
181,2019-10-29 00:06:35,2019-10-29 01:13:58,30.4,92.0,128.51466237824675,29.448616600790515,27.67391304347826
182,2019-10-29 10:47:18,2019-10-29 12:10:34,26.8,97.6,129.01609536056185,30.7072,28.9776
183,2019-10-30 15:03:37,2019-10-30 16:54:21,15.6,80.8,127.3808797034765,31.187725631768952,29.90012033694344
184,2019-10-31 01:51:39,2019-10-31 03:22:47,22.4,69.2,128.91595425498573,30.24198250728863,28.416909620991255
185,2019-10-31 08:51:46,2019-10-31 10:27:34,18.8,97.6,127.63727960730402,32.936022253129345,31.11961057023644
186,2019-11-01 13:17:24,2019-11-01 15:29:13,13.6,97.6,128.3198236607143,33.72093023255814,32.31951466127401
187,2019-11-01 21:38:36,2019-11-01 23:02:48,54.0,96.4,131.46061877751572,35.69303797468354,33.50791139240506
188,2019-11-02 03:28:29,2019-11-02 04:34:47,33.2,90.8,130.20709694251548,35.59839357429719,33.05220883534137
189,2019-11-03 03:45:03,2019-11-03 05:28:47,10.8,97.6,129.3515059827829,34.851091142490375,33.101412066752246
190,2019-11-03 07:34:36,2019-11-03 08:02:54,82.0,97.6,133.520708903134,36.0,33.0
191,2019-11-03 14:33:27,2019-11-03 15:12:32,57.6,91.2,131.13467158564816,36.32312925170068,34.61224489795919
192,2019-11-03 23:15:22,2019-11-04 01:03:42,28.4,97.6,130.2880425016057,35.2140221402214,32.61377613776138
193,2019-11-04 12:32:42,2019-11-04 13:17:07,35.6,64.8,127.74884062975651,34.01197604790419,32.35928143712575
194,2019-11-04 13:22:20,2019-11-04 14:16:14,64.8,97.6,131.66462242547428,35.333333333333336,33.888888888888886
195,2019-11-04 22:18:28,2019-11-05 00:08:48,27.2,97.6,129.56641267558396,36.46256038647343,33.91787439613527
196,2019-11-05 13:09:07,2019-11-05 14:36:54,23.6,97.6,129.39623267267268,33.80424886191199,32.39908952959029
197,2019-11-06 01:05:34,2019-11-06 02:31:47,21.6,67.2,126.43628273026314,31.39351851851852,28.739197530864196
198,2019-11-06 09:52:46,2019-11-06 11:30:26,50.4,97.6,133.05593809792845,28.084583901773534,26.720327421555254
199,2019-11-07 03:56:42,2019-11-07 06:17:11,8.0,80.8,128.17780787851038,32.15085388994307,30.171726755218216
200,2019-11-07 14:42:32,2019-11-07 16:04:27,25.6,95.6,129.7752132777778,33.983739837398375,32.73658536585366
201,2019-11-08 03:58:47,2019-11-08 05:22:10,30.4,97.6,127.71899788153111,31.924920127795527,29.579872204472842
202,2019-11-08 18:39:46,2019-11-08 20:25:42,9.2,97.6,129.71223407491203,35.34465408805031,33.58238993710692
203,2019-11-09 03:46:48,2019-11-09 04:35:14,44.0,81.2,130.33408961693547,31.074175824175825,27.9010989010989
204,2019-11-09 06:26:59,2019-11-09 07:06:29,60.8,90.4,131.12190919669666,31.632996632996633,28.468013468013467
205,2019-11-09 18:27:53,2019-11-09 19:53:32,18.0,95.6,128.78780918349088,33.56765163297045,32.37947122861586
206,2019-11-10 02:35:01,2019-11-10 03:27:03,56.4,97.6,130.4907612526969,31.695652173913043,28.690537084398976
207,2019-11-10 14:55:58,2019-11-10 16:23:46,25.2,97.6,128.4490309449816,33.371775417298934,31.70257966616085
208,2019-11-11 03:10:36,2019-11-11 04:33:43,26.4,97.6,128.281185122113,31.368589743589745,29.28044871794872
209,2019-11-11 15:21:54,2019-11-11 16:47:01,24.8,97.6,128.9884622748779,34.90453834115806,33.436619718309856
210,2019-11-12 01:52:27,2019-11-12 02:59:58,39.6,97.2,129.80969275655866,33.832347140039445,31.274161735700197
211,2019-11-12 16:54:40,2019-11-12 17:56:11,34.4,66.0,128.24021150668074,30.346320346320347,29.183982683982684
212,2019-11-12 23:36:03,2019-11-13 00:49:50,26.8,93.6,128.95878507568196,32.371841155234655,31.018050541516246
213,2019-11-13 16:44:55,2019-11-13 18:07:54,26.4,97.6,128.48430957201938,34.29052969502408,32.99357945425361
214,2019-11-14 13:04:15,2019-11-14 14:17:22,29.6,92.8,129.4465336124297,31.14207650273224,29.84153005464481
215,2019-11-15 01:43:17,2019-11-15 03:23:59,26.8,79.2,127.87990631361323,30.22457067371202,28.247027741083222
216,2019-11-15 09:35:38,2019-11-15 11:00:05,55.2,97.6,130.87994531905142,27.910094637223974,26.313880126182966
217,2019-11-15 22:57:33,2019-11-16 00:30:49,20.4,83.6,128.0866982594937,32.50714285714286,30.93285714285714
218,2019-11-16 14:19:10,2019-11-16 15:09:20,49.2,81.2,131.09273473958334,29.580901856763926,28.46949602122016
219,2019-11-16 17:03:03,2019-11-16 17:41:20,69.6,97.6,131.95502532242068,31.618055555555557,29.993055555555557
220,2019-11-17 02:50:42,2019-11-17 03:43:48,28.4,64.4,127.83549404320986,29.73182957393484,27.86967418546366
221,2019-11-17 03:46:52,2019-11-17 04:05:57,64.4,76.8,133.40412446236567,31.854166666666668,29.958333333333332
222,2019-11-17 12:39:04,2019-11-17 13:10:17,21.2,31.6,129.01772313034186,29.57872340425532,28.174468085106383
223,2019-11-17 13:52:43,2019-11-17 16:22:41,32.0,82.8,126.70660751202973,32.32977777777778,30.64977777777778
224,2019-11-17 21:54:46,2019-11-17 23:28:02,44.8,97.6,130.52378045559766,32.87714285714286,31.504285714285714
225,2019-11-18 21:57:09,2019-11-18 22:57:36,50.4,97.6,129.63197878707626,28.438325991189426,26.409691629955947
226,2019-11-19 11:31:04,2019-11-19 12:21:22,50.4,92.4,130.43995525132274,25.034391534391535,23.658730158730158
227,2019-11-20 00:09:34,2019-11-20 00:57:28,41.6,85.2,130.4733325114679,27.216666666666665,25.68611111111111
228,2019-11-20 15:17:54,2019-11-20 16:29:09,14.8,83.2,128.26252280092592,29.90093457943925,28.61495327102804
229,2019-11-21 01:51:12,2019-11-21 03:08:52,24.8,92.4,128.1267166646121,29.90566037735849,27.691252144082334
230,2019-11-21 06:13:58,2019-11-21 06:55:03,66.4,97.6,130.4611303018163,30.72491909385113,27.50485436893204
231,2019-11-21 14:15:57,2019-11-21 15:15:35,51.2,89.2,130.8220509722222,30.439732142857142,28.933035714285715
232,2019-11-22 02:49:03,2019-11-22 04:34:36,10.4,97.6,128.41241638793326,31.410353535353536,29.515151515151516
233,2019-11-22 17:31:07,2019-11-22 18:55:18,27.2,97.6,128.650401428346,33.322784810126585,31.757911392405063
234,2019-11-24 06:09:55,2019-11-24 07:21:09,40.4,97.6,128.3821818958819,26.734579439252336,25.525233644859814
235,2019-11-24 16:01:58,2019-11-24 16:19:26,38.4,48.4,131.32447366666668,32.14393939393939,30.553030303030305
236,2019-11-24 19:03:36,2019-11-24 19:55:22,42.0,88.0,130.34179077294687,34.31619537275064,32.825192802056556
237,2019-11-25 02:10:47,2019-11-25 03:35:14,28.4,97.6,129.88847872912658,34.829652996845425,32.3186119873817
238,2019-11-25 16:41:15,2019-11-25 18:32:55,4.0,97.6,129.90306122685186,36.29355608591885,34.717183770883054
239,2019-11-26 01:09:18,2019-11-26 02:08:24,43.2,93.6,129.8519030698854,33.523595505617976,30.094382022471912
240,2019-11-26 05:13:26,2019-11-26 05:36:04,71.6,90.4,131.5301394503545,31.035087719298247,27.50877192982456
241,2019-11-26 17:48:58,2019-11-26 18:32:44,23.2,48.8,128.7748218858507,28.933130699088146,27.601823708206688
242,2019-11-26 18:34:53,2019-11-26 19:05:36,49.2,67.2,128.49362101080246,31.512931034482758,30.004310344827587
243,2019-11-27 01:05:34,2019-11-27 02:58:52,21.2,60.0,126.7760521728236,29.56440281030445,27.94145199063232
244,2019-11-27 05:58:51,2019-11-27 07:23:31,50.4,97.6,131.09489686911488,29.57547169811321,27.35062893081761
245,2019-11-27 15:32:36,2019-11-27 17:21:12,20.0,83.2,129.45308808016878,35.57423312883436,33.973006134969324
246,2019-11-28 11:25:12,2019-11-28 12:27:30,47.6,87.2,129.97196687710436,24.034188034188034,22.666666666666668
247,2019-11-29 13:02:47,2019-11-29 14:34:27,34.8,93.6,128.16295761054423,22.309593023255815,21.088662790697676
248,2019-11-29 22:00:01,2019-11-29 23:50:46,28.4,92.8,128.5452051673568,27.237063778580023,25.116726835138387
249,2019-11-30 09:10:13,2019-11-30 11:06:18,40.4,97.6,129.20085920745922,23.445464982778415,21.70264064293915
250,2019-11-30 21:40:51,2019-11-30 23:32:56,38.4,96.4,128.39559326101528,28.066587395957193,26.66587395957194
251,2019-12-01 15:34:19,2019-12-01 16:28:18,53.2,71.2,129.9657413271605,27.8009828009828,26.84275184275184
252,2019-12-01 16:44:09,2019-12-01 16:58:17,74.0,78.8,127.59259259259265,28.0,27.0
253,2019-12-02 00:34:48,2019-12-02 01:49:39,38.4,76.8,128.90798615133102,25.690391459074732,24.060498220640568
254,2019-12-02 03:56:52,2019-12-02 05:13:23,55.2,96.8,130.64933182959402,26.250434782608696,23.363478260869567
255,2019-12-02 16:43:24,2019-12-02 17:42:06,30.0,64.8,126.53959441251598,23.54421768707483,22.44671201814059
256,2019-12-02 17:44:06,2019-12-02 18:03:23,64.0,74.8,133.88362112911528,25.28767123287671,24.041095890410958
257,2019-12-03 03:28:26,2019-12-03 07:08:51,12.4,87.6,127.50215434766552,22.059286146400485,20.528735632183906
258,2019-12-03 16:29:10,2019-12-03 16:57:59,32.0,54.8,126.85941822612088,23.599078341013826,22.24884792626728
259,2019-12-03 17:00:01,2019-12-03 18:08:28,54.4,97.6,129.09752794817388,27.110894941634243,25.857976653696497
260,2019-12-04 01:48:46,2019-12-04 02:41:04,49.2,79.6,129.3196558662281,24.09669211195929,21.017811704834607
261,2019-12-04 07:35:04,2019-12-04 09:19:49,12.4,97.6,127.54779431403236,25.575063613231553,22.70737913486005
262,2019-12-04 14:41:40,2019-12-04 15:40:15,53.6,97.6,129.16945612058083,28.46590909090909,26.868181818181817
263,2019-12-05 03:34:02,2019-12-05 06:09:52,8.400001,97.6,128.41333994858007,24.996578272027374,22.709153122326775
264,2019-12-05 17:32:29,2019-12-05 19:24:53,16.4,54.8,125.37099861111112,23.71919431279621,22.759478672985782
265,2019-12-05 19:28:35,2019-12-05 20:34:45,54.4,76.4,128.8543460353535,26.0,25.0
266,2019-12-06 01:10:08,2019-12-06 03:07:33,18.4,79.6,127.53892489960059,27.306469920544835,25.22133938706016
267,2019-12-06 06:25:41,2019-12-06 09:10:06,0.8,95.6,130.65661607184717,29.23905996758509,26.03160453808752
268,2019-12-06 17:36:48,2019-12-06 18:44:27,33.2,68.4,126.99147745675505,26.929133858267715,25.05314960629921
269,2019-12-07 00:57:30,2019-12-07 02:20:45,26.4,69.6,127.36603027906379,24.712,22.3664
270,2019-12-07 06:38:44,2019-12-07 08:16:40,36.8,87.6,128.69200430336832,23.270748299319727,20.440816326530612
271,2019-12-07 14:30:23,2019-12-07 15:41:22,39.6,97.6,128.42238096743296,25.848030018761726,24.617260787992496
272,2019-12-08 00:38:03,2019-12-08 01:50:38,44.4,97.6,128.83382212823727,25.341284403669725,23.058715596330273
273,2019-12-08 23:09:56,2019-12-09 01:21:13,18.4,87.6,125.67291454118504,24.528934010152284,22.895431472081217
274,2019-12-10 06:04:02,2019-12-10 07:42:22,15.2,97.6,128.80965742145364,23.882113821138212,22.57588075880759
275,2019-12-10 19:01:41,2019-12-10 20:07:20,44.4,78.8,127.4524206274225,25.600405679513184,24.446247464503042
276,2019-12-11 09:21:29,2019-12-11 11:01:33,37.2,97.6,128.13604214495956,22.73635153129161,21.22636484687084
277,2019-12-11 16:45:35,2019-12-11 18:10:51,44.8,97.6,128.76319085648151,30.4171875,29.2125
278,2019-12-12 01:07:20,2019-12-12 03:31:34,13.6,97.6,127.2126046494709,31.275415896487985,27.777264325323475
279,2019-12-12 14:10:50,2019-12-12 14:43:07,44.8,61.6,127.78882385912695,25.650205761316872,24.37037037037037
280,2019-12-12 16:09:39,2019-12-12 16:46:35,56.4,90.4,128.31618843545746,28.211469534050178,26.956989247311828
281,2019-12-12 23:50:06,2019-12-13 00:53:13,41.2,74.4,126.42709451974568,26.970464135021096,24.639240506329113
282,2019-12-13 13:04:55,2019-12-13 14:21:46,35.6,97.6,126.94255204749109,27.348353552859617,26.20103986135182
283,2019-12-13 23:58:10,2019-12-14 00:58:27,25.2,61.2,125.53449596450616,28.823399558498895,26.43708609271523
284,2019-12-14 20:50:21,2019-12-14 22:33:14,10.4,97.6,128.0159093877421,30.64637305699482,29.686528497409327
285,2019-12-15 04:26:07,2019-12-15 05:18:49,38.0,86.0,127.90726666377314,29.886363636363637,26.467171717171716
286,2019-12-15 21:41:16,2019-12-15 23:01:27,30.8,97.6,126.55577194153362,30.435215946843854,29.079734219269103
287,2019-12-16 06:28:10,2019-12-16 07:46:53,30.4,97.6,127.43022081059856,31.555743243243242,29.13006756756757
288,2019-12-16 23:01:26,2019-12-17 00:11:52,39.6,97.6,126.97310224137932,32.76937618147448,30.979206049149337
289,2019-12-17 06:24:01,2019-12-17 07:39:21,34.0,97.6,128.2413517776031,33.16254416961131,30.266784452296818
290,2019-12-17 16:01:33,2019-12-17 17:09:52,43.6,79.2,126.6601589653558,32.54191033138402,30.75438596491228
291,2019-12-18 03:15:52,2019-12-18 04:45:07,18.0,97.6,127.28152866066446,33.10746268656717,31.15373134328358
292,2019-12-18 16:38:44,2019-12-18 17:29:26,18.4,44.4,128.69658119658118,32.123359580052494,30.805774278215225
293,2019-12-18 17:30:30,2019-12-18 18:27:54,44.4,74.0,127.98385883633634,34.604166666666664,32.87731481481482
294,2019-12-19 13:15:17,2019-12-19 15:40:04,34.0,78.4,122.29047870370371,22.79760809567617,21.396504139834406
295,2019-12-19 18:09:14,2019-12-19 18:34:51,63.6,80.4,127.03381594742062,23.699481865284973,21.854922279792746
296,2019-12-20 02:45:32,2019-12-20 03:20:13,28.4,51.2,126.92356091617931,22.153256704980844,20.25287356321839
297,2019-12-20 03:21:24,2019-12-20 04:20:46,51.2,89.6,128.50387960431138,25.056053811659194,23.37219730941704
298,2019-12-20 15:09:54,2019-12-20 16:39:13,22.8,74.0,124.19648036024307,25.034277198211626,23.852459016393443
299,2019-12-21 00:36:30,2019-12-21 02:22:41,16.4,79.2,126.4488120532555,24.249686323713927,22.30112923462986
300,2019-12-21 05:26:20,2019-12-21 05:55:25,54.0,72.8,128.96772105496456,24.72146118721461,21.812785388127853
301,2019-12-21 17:27:05,2019-12-21 20:03:12,16.4,97.6,126.12382231554464,26.712211784799315,25.41673783091375
302,2019-12-22 04:26:39,2019-12-22 05:51:06,27.6,97.6,127.4506074861111,27.77287066246057,25.638801261829652
303,2019-12-22 18:24:06,2019-12-22 19:45:29,31.2,97.6,126.34845807814594,28.482815057283144,27.27986906710311
304,2019-12-23 02:15:36,2019-12-23 02:42:57,58.8,83.6,128.57270260976705,26.12621359223301,23.359223300970875
305,2019-12-23 02:45:13,2019-12-23 03:14:10,82.8,97.6,125.71530167042049,27.0,24.577981651376145
306,2019-12-23 15:12:32,2019-12-23 16:59:49,11.6,68.4,126.23423531396712,27.744099378881987,26.48447204968944
307,2019-12-23 22:42:08,2019-12-23 23:45:06,36.0,68.8,127.34863912601628,28.997885835095136,27.107822410147993
308,2019-12-24 04:22:28,2019-12-24 05:43:06,29.6,97.6,127.63993625,30.06105610561056,27.96864686468647
309,2019-12-24 13:00:18,2019-12-24 14:31:57,39.6,97.6,127.68678427203064,30.558139534883722,28.574127906976745
310,2019-12-24 21:56:29,2019-12-24 22:49:19,57.2,97.6,128.75449526608912,28.858942065491185,26.365239294710328
311,2019-12-25 01:54:06,2019-12-25 02:26:00,76.4,97.6,128.78709655398325,27.0,24.229166666666668
312,2019-12-25 15:19:03,2019-12-25 16:19:22,47.6,97.6,128.2848125027778,28.774834437086092,27.481236203090507
313,2019-12-26 00:43:51,2019-12-26 01:55:54,38.8,97.6,127.46268639455785,28.731977818853974,26.158964879852125
314,2019-12-26 06:55:33,2019-12-26 07:42:31,62.8,97.6,128.68819375000004,27.77903682719547,24.78753541076487
315,2019-12-26 23:32:09,2019-12-27 01:34:48,13.6,86.8,125.11055906952038,25.178067318132463,23.154180238870794
316,2019-12-27 04:20:55,2019-12-27 05:12:17,71.6,97.6,130.04316914529915,24.875647668393782,21.518134715025905
317,2019-12-27 15:50:07,2019-12-27 17:50:44,27.2,97.6,125.29648098169193,26.396685082872928,25.12707182320442
318,2019-12-28 02:12:02,2019-12-28 03:41:22,37.2,84.0,126.30178877018044,25.0625,22.441964285714285
319,2019-12-28 10:51:09,2019-12-28 11:55:59,50.8,97.6,127.0686290657645,23.357289527720738,21.722792607802873
320,2019-12-28 18:05:09,2019-12-28 19:12:15,57.2,97.6,128.17249229923,26.596039603960396,25.386138613861387
321,2019-12-29 05:05:29,2019-12-29 06:34:52,22.8,97.6,125.61577920751637,28.0849478390462,26.087928464977644
322,2019-12-29 18:12:01,2019-12-29 19:36:53,26.8,97.6,127.5442999725361,31.025117739403452,29.540031397174253
323,2019-12-30 09:12:11,2019-12-30 09:38:20,40.0,57.2,126.52049281330746,26.451776649746193,24.685279187817258
324,2019-12-30 10:31:26,2019-12-30 11:25:44,60.8,97.6,120.56927166364734,28.129901960784313,26.522058823529413
325,2019-12-30 18:36:22,2019-12-30 19:33:36,52.0,97.6,128.57300767848443,32.42325581395349,31.10232558139535
326,2019-12-31 01:56:25,2019-12-31 03:13:24,58.4,97.6,129.18267244047624,31.403114186851212,29.44636678200692
327,2019-12-31 07:08:56,2019-12-31 07:59:37,69.6,97.6,129.47003817460316,29.87434554973822,27.290575916230367
328,2020-01-01 08:47:14,2020-01-01 10:02:21,17.6,68.8,123.71255632324218,24.22163120567376,22.80673758865248
329,2020-01-01 10:10:13,2020-01-01 11:01:43,68.8,97.6,126.62435028935191,27.483204134366925,26.25839793281654
330,2020-01-02 00:37:18,2020-01-02 02:02:01,26.0,97.6,126.24307055982311,29.001572327044027,26.654088050314467
331,2020-01-02 06:16:39,2020-01-02 07:10:41,66.8,97.2,128.28420363669588,28.0,24.94334975369458
332,2020-01-02 13:59:42,2020-01-02 15:20:17,48.8,99.6,130.54021072834647,28.27603305785124,26.287603305785122
333,2020-01-03 02:32:31,2020-01-03 03:31:45,54.4,97.6,128.2205424511317,25.40674157303371,23.474157303370788
334,2020-01-03 07:22:16,2020-01-03 07:41:12,89.6,97.6,125.84585472222223,24.79020979020979,23.0
335,2020-01-03 17:56:30,2020-01-03 18:55:20,50.8,97.6,128.42212800332388,31.237556561085974,29.79185520361991
336,2020-01-04 01:49:32,2020-01-04 02:44:06,36.0,86.4,126.42954749503967,30.34390243902439,27.51951219512195
337,2020-01-04 06:16:29,2020-01-04 06:39:00,80.8,96.8,125.88603061631946,28.0,24.958823529411763
338,2020-01-04 18:31:32,2020-01-04 20:00:16,16.4,94.4,126.38230246082622,32.13513513513514,30.852852852852852
339,2020-01-06 03:35:17,2020-01-06 05:10:16,17.6,97.6,127.00741591319446,29.921458625525947,28.753155680224403
340,2020-01-06 15:38:17,2020-01-06 17:07:41,22.4,97.6,125.91162505540782,33.269746646795824,31.873323397913563
341,2020-01-07 02:41:42,2020-01-07 03:48:01,45.6,97.6,127.83591556623936,31.985943775100402,29.224899598393574
342,2020-01-07 17:53:31,2020-01-07 19:09:18,32.0,97.6,127.21872641852983,32.40949033391916,30.84007029876977
343,2020-01-08 03:17:27,2020-01-08 04:36:34,31.6,97.6,127.55613522516836,32.745791245791246,30.267676767676768
344,2020-01-08 09:55:10,2020-01-08 10:33:27,76.0,97.6,129.20500577417698,30.0,26.98611111111111
345,2020-01-08 17:01:52,2020-01-08 18:13:39,42.4,79.6,127.40719413903825,33.076066790352506,31.56400742115028
346,2020-01-09 01:21:33,2020-01-09 02:38:56,32.4,97.6,126.6637600332311,31.549053356282272,29.327022375215147
347,2020-01-09 14:50:08,2020-01-09 15:56:35,43.2,97.6,127.74457010569853,29.889779559118235,28.13426853707415
348,2020-01-10 02:26:07,2020-01-10 03:47:46,31.2,97.6,126.63564726823967,29.254486133768353,27.33115823817292
349,2020-01-10 19:39:15,2020-01-10 22:28:02,10.0,97.6,127.02054871194825,30.561611374407583,29.005529225908372
350,2020-01-11 05:06:28,2020-01-11 06:12:14,43.2,97.6,128.13118685151147,30.605263157894736,27.925101214574898
351,2020-01-11 18:49:44,2020-01-11 20:18:12,24.0,97.6,126.74033348996079,28.837349397590362,26.31475903614458
352,2020-01-12 02:44:08,2020-01-12 03:40:02,34.4,86.0,125.97722456126186,25.166666666666668,21.802380952380954
353,2020-01-12 10:40:36,2020-01-12 12:13:28,18.8,97.6,125.2815832240553,25.81061692969871,23.446197991391678
354,2020-01-13 06:47:16,2020-01-13 08:29:44,36.0,97.6,126.87540779671718,22.693107932379714,20.89596879063719
355,2020-01-13 15:40:01,2020-01-13 16:43:56,61.6,97.6,128.88672972222227,24.420833333333334,23.2125
356,2020-01-13 20:58:45,2020-01-13 21:57:19,64.4,97.6,128.05156882530122,25.995454545454546,23.988636363636363
357,2020-01-14 08:39:49,2020-01-14 09:55:04,34.8,97.6,126.81544881457893,26.723893805309736,25.578761061946903
358,2020-01-14 15:46:15,2020-01-14 16:32:33,62.4,97.6,129.51952076625633,30.479885057471265,28.5
359,2020-01-15 04:01:50,2020-01-15 05:35:46,20.0,97.6,126.67902583583907,27.259574468085106,25.182978723404254
360,2020-01-15 13:21:17,2020-01-15 14:23:23,40.4,73.2,126.82760608062328,26.96573875802998,25.3576017130621
361,2020-01-15 17:11:46,2020-01-15 18:29:25,57.6,97.6,128.4491310576389,28.62778730703259,27.433962264150942
362,2020-01-16 02:11:29,2020-01-16 04:39:20,11.2,97.6,127.9937911586934,32.402164111812446,29.57258791704238
363,2020-01-17 01:21:25,2020-01-17 02:56:00,4.4,89.6,126.46798648604593,26.69154929577465,24.59718309859155
364,2020-01-17 16:10:36,2020-01-17 17:39:27,22.0,97.6,125.99925869341568,25.400299850074962,24.041979010494753
365,2020-01-18 02:00:21,2020-01-18 04:39:15,16.4,97.6,126.3689107744937,25.481543624161073,22.721476510067113
366,2020-01-18 15:47:37,2020-01-18 18:38:55,39.2,97.6,126.66735128186836,23.245723172628306,22.09720062208398
367,2020-01-19 13:10:30,2020-01-19 14:45:14,22.4,97.6,123.7675386173907,21.59915611814346,20.17440225035162
368,2020-01-19 17:18:08,2020-01-19 17:42:17,86.8,97.6,124.7340562757202,22.978021978021978,20.813186813186814
369,2020-01-20 02:10:20,2020-01-20 03:37:59,28.8,97.6,126.50274141634368,23.466565349544073,21.390577507598785
370,2020-01-20 11:28:14,2020-01-20 13:40:03,14.0,97.6,126.37419560672515,25.483316481294235,23.369059656218404
371,2020-01-20 22:11:24,2020-01-20 23:27:43,36.8,97.6,127.12889590414842,26.780104712041886,24.636998254799302
372,2020-01-21 07:17:25,2020-01-21 08:51:37,18.4,97.6,126.67155091014311,26.524752475247524,24.04101838755304
373,2020-01-21 18:48:56,2020-01-21 20:18:27,19.6,97.6,126.41956610042735,29.97470238095238,28.126488095238095
374,2020-01-22 11:33:27,2020-01-22 12:36:02,48.0,97.6,128.10252456317207,25.76382978723404,24.597872340425532
375,2020-01-25 09:24:21,2020-01-25 10:07:19,16.4,56.8,124.29608166597912,24.36842105263158,23.3374613003096
376,2020-01-25 10:12:47,2020-01-25 11:09:54,56.4,97.6,125.82938171521039,28.75058275058275,27.557109557109555
377,2020-02-20 19:42:47,2020-02-20 21:01:47,30.0,82.4,125.98796068437235,26.440134907251263,25.198988195615513
378,2020-02-21 07:17:28,2020-02-21 07:49:45,82.0,97.6,126.5203228810542,23.0,21.958847736625515
379,2020-02-22 03:22:34,2020-02-22 04:14:36,62.0,97.6,127.34692213639201,25.728900255754475,23.687979539641944
380,2020-02-22 20:08:22,2020-02-22 21:59:22,33.2,97.6,125.89381607142857,29.06122448979592,27.879951980792317
381,2020-02-23 22:19:29,2020-02-24 00:15:49,23.2,97.6,127.67152670624257,28.950744558991982,27.437571592210766
382,2020-02-24 17:41:28,2020-02-24 19:13:15,48.0,97.6,128.65442352990596,31.27576197387518,30.02322206095791
383,2020-02-26 20:22:02,2020-02-26 21:20:28,67.6,97.6,128.64063258333334,28.438426821405546,27.39243498817967
384,2020-02-27 12:34:29,2020-02-27 15:09:31,52.8,97.6,129.0430804873512,28.66895958727429,27.54256233877902
385,2020-02-28 10:47:37,2020-02-28 11:54:04,47.2,97.6,127.28869727458117,27.05811623246493,25.971943887775552
386,2020-03-01 20:34:49,2020-03-01 22:20:42,8.400001,97.6,126.62602155534903,33.646540880503146,32.48176100628931
387,2020-03-02 15:39:24,2020-03-02 17:01:03,18.0,91.6,126.32244441613831,30.584013050570963,29.199021207177815
388,2020-03-03 17:26:35,2020-03-03 19:09:11,11.6,97.6,125.77800008074935,31.397402597402596,30.17142857142857
389,2020-03-04 10:04:39,2020-03-04 11:02:41,55.2,97.6,128.11901824882077,26.78440366972477,24.809633027522935
390,2020-03-05 15:16:13,2020-03-05 16:50:57,20.8,97.6,124.66061360315392,25.61181434599156,24.670886075949365
391,2020-03-06 01:49:54,2020-03-06 02:46:29,55.6,97.6,127.35942645171959,26.468235294117648,24.72705882352941
392,2020-03-06 16:12:24,2020-03-06 17:19:57,46.0,97.6,126.87317623008182,26.81335952848723,25.37917485265226
393,2020-03-07 17:12:37,2020-03-07 19:12:37,28.0,97.6,126.09645276181351,27.006659267480575,25.9511653718091
394,2020-03-09 21:32:10,2020-03-10 01:29:23,16.0,97.6,125.97494573801744,28.915120854412592,27.782462057335582
395,2020-03-10 18:37:23,2020-03-10 20:09:11,20.8,97.6,125.50768261718753,31.779390420899855,30.15529753265602
396,2020-03-11 12:24:02,2020-03-11 13:24:44,52.0,97.6,127.62990197368424,26.583333333333332,25.12280701754386
397,2020-03-11 22:50:58,2020-03-12 00:11:57,32.4,97.6,127.11809742246085,27.664473684210527,26.185855263157894
398,2020-03-12 19:25:36,2020-03-12 20:53:16,24.4,97.6,126.77643965163934,28.98328267477204,27.800911854103344
399,2020-03-13 14:38:36,2020-03-13 15:51:35,38.4,97.6,127.34365498780032,31.395985401459853,29.97992700729927
400,2020-03-14 02:09:19,2020-03-14 03:18:49,42.4,97.6,127.30464609249195,27.63984674329502,24.978927203065133
401,2020-03-14 14:31:58,2020-03-14 16:09:59,16.4,97.6,125.59840479269297,31.31929347826087,30.02445652173913
402,2020-03-15 00:54:30,2020-03-15 02:14:18,31.2,97.6,127.41293007864796,30.791318864774624,28.4991652754591
403,2020-03-15 11:46:43,2020-03-15 12:29:33,66.8,97.6,129.51290641233766,25.56832298136646,24.43167701863354
404,2020-03-15 19:49:34,2020-03-15 21:21:14,40.8,97.6,127.36818842185056,30.074127906976745,28.683139534883722
405,2020-03-16 15:20:46,2020-03-16 16:46:17,45.2,97.6,128.30849836620018,29.437694704049843,28.194704049844237
406,2020-03-17 00:57:07,2020-03-17 01:33:15,35.2,56.8,125.2885818209877,29.076923076923077,27.153846153846153
407,2020-03-17 01:39:23,2020-03-17 02:30:45,56.0,86.0,128.54238438425926,30.61139896373057,28.803108808290155
408,2020-03-17 03:51:29,2020-03-17 04:16:50,86.0,97.6,123.59003180076633,30.0,27.979057591623036
409,2020-03-17 23:12:05,2020-03-18 00:05:43,34.0,66.4,124.41034994855964,27.411910669975185,26.143920595533498
410,2020-03-18 00:12:30,2020-03-18 00:55:12,66.4,91.2,129.42229572132615,29.50778816199377,28.376947040498443
411,2020-03-18 16:21:47,2020-03-18 17:13:26,57.2,87.6,127.99491161366967,24.725296442687746,23.448616600790515
412,2020-03-19 00:47:09,2020-03-19 03:07:31,15.6,97.6,126.33187524220868,29.90693257359924,28.030389363722698
413,2020-03-19 23:06:29,2020-03-20 00:16:41,43.2,97.6,127.80634630055148,26.094876660341555,24.886148007590133
414,2020-03-20 14:38:39,2020-03-20 16:03:55,26.0,97.6,125.82932351412168,28.7890625,27.4640625
415,2020-03-21 16:17:16,2020-03-21 17:45:12,25.6,97.6,125.21256906635803,30.548484848484847,29.186363636363637
416,2020-03-22 16:56:23,2020-03-22 19:02:04,27.6,97.6,124.83411770238095,33.637327677624604,32.64475079533404
417,2020-03-23 12:30:22,2020-03-23 13:55:54,19.6,97.6,126.39040182692311,36.88006230529595,35.345794392523366
418,2020-03-24 18:35:55,2020-03-24 20:07:10,15.2,97.6,125.6031223975189,34.11508379888268,33.089385474860336
419,2020-03-26 07:29:36,2020-03-26 08:48:43,30.4,97.6,125.30806637111445,28.447811447811446,27.292929292929294
420,2020-03-29 08:57:58,2020-03-29 09:12:23,22.4,30.8,119.91834844576717,19.577981651376145,18.743119266055047
421,2020-03-29 10:11:21,2020-03-29 12:15:59,30.4,97.6,124.89960761822094,23.032085561497325,22.085561497326204
422,2020-03-29 20:29:46,2020-03-29 21:11:24,78.0,97.6,123.16539746315198,23.00638977635783,21.916932907348244
423,2020-03-30 01:21:58,2020-03-30 02:34:49,58.4,97.6,123.26777617630391,23.29616087751371,20.875685557586838
424,2020-03-30 08:03:03,2020-03-30 08:56:17,72.4,97.6,124.15753294753091,20.0,18.04
425,2020-03-30 14:21:02,2020-03-30 16:21:15,29.6,97.6,117.51661042075166,24.24390243902439,21.625277161862527
426,2020-03-30 21:55:21,2020-03-30 23:33:33,48.4,97.6,124.34854468721772,21.544097693351425,19.504748982360923
427,2020-04-01 14:56:57,2020-04-01 18:11:29,24.4,97.6,121.71698964215243,22.41329677861549,21.299520219328308
428,2020-04-01 23:19:23,2020-04-02 02:22:59,30.0,97.6,122.45386390121634,25.65504720406681,23.864923747276688
429,2020-04-03 01:12:22,2020-04-03 04:48:55,20.8,97.6,122.07277201967592,24.27463054187192,23.080049261083744
430,2020-04-03 08:19:43,2020-04-03 09:12:09,10.8,60.8,122.31731118333333,28.68781725888325,26.449238578680202
431,2020-04-03 09:28:42,2020-04-03 10:17:52,60.8,97.6,124.1013859978865,31.910810810810812,29.61891891891892
432,2020-04-03 16:14:10,2020-04-03 17:38:21,68.0,97.6,123.3348911082958,27.0,24.329113924050635
433,2020-04-04 00:42:23,2020-04-04 01:12:16,62.8,89.6,123.74719747097845,24.06222222222222,21.502222222222223
434,2020-04-04 15:05:39,2020-04-04 16:03:17,54.8,97.6,124.63706235072691,24.140877598152425,23.131639722863742
435,2020-04-04 19:46:44,2020-04-04 20:26:46,72.4,97.6,124.7833680886244,24.940199335548172,23.737541528239202
436,2020-04-05 09:13:00,2020-04-05 10:29:35,38.0,97.6,123.90943786120434,22.45391304347826,20.866086956521738
437,2020-04-05 16:15:09,2020-04-05 17:13:59,54.8,97.6,124.82383616952232,24.441176470588236,22.076923076923077
438,2020-04-06 16:29:02,2020-04-06 17:57:46,52.0,97.2,124.07079933210423,19.24174174174174,18.064564564564563
439,2020-04-08 11:12:23,2020-04-08 13:11:32,24.4,97.6,122.3855707005161,26.725950782997764,25.59731543624161
440,2020-04-08 19:26:48,2020-04-08 21:05:31,49.2,83.6,123.37687204457366,30.186234817813766,28.91902834008097
441,2020-04-09 12:37:23,2020-04-09 12:57:16,60.0,79.2,121.42961943721062,27.76,26.76
442,2020-04-10 01:00:26,2020-04-10 02:32:13,20.8,97.6,122.84915487196184,32.709724238026126,30.660377358490567
443,2020-04-10 15:06:31,2020-04-10 16:40:27,26.0,82.4,122.1113276177108,32.42695035460993,31.306382978723406
444,2020-04-11 09:30:23,2020-04-11 13:19:37,18.0,97.6,124.31199834589617,29.323443862710878,28.052937754508434
445,2020-04-12 01:46:24,2020-04-12 03:09:24,24.8,97.6,122.92320043307387,27.486356340288925,25.21669341894061
446,2020-04-12 17:15:55,2020-04-12 17:34:04,72.0,88.0,122.79713925347222,26.335766423357665,24.744525547445257
447,2020-04-13 02:01:45,2020-04-13 03:35:41,18.8,97.6,122.1989378278342,29.333333333333332,27.24822695035461
448,2020-04-13 13:37:12,2020-04-13 14:46:27,42.0,97.6,123.87261035921264,29.66346153846154,28.625
449,2020-04-13 21:19:39,2020-04-13 22:25:58,45.2,97.6,124.19328677374897,31.186746987951807,29.246987951807228
450,2020-04-14 16:36:05,2020-04-14 17:49:52,46.4,88.8,123.28795047824947,27.315884476534297,26.25812274368231
451,2020-04-15 03:14:47,2020-04-15 04:51:55,11.2,97.6,123.2507347318673,28.419753086419753,25.883401920438956
452,2020-04-15 17:36:12,2020-04-15 19:05:31,18.8,97.6,123.2840219860406,35.949329359165425,34.478390461997016
453,2020-04-16 09:49:54,2020-04-16 14:00:13,10.0,97.6,123.33369807521564,29.69579115610016,28.561001598295153
454,2020-04-16 18:22:10,2020-04-16 18:54:20,73.6,97.6,124.15227130208335,32.98347107438016,31.950413223140497
455,2020-04-17 13:37:38,2020-04-17 15:20:31,6.8,97.6,124.14071375734214,35.64637305699482,34.101036269430054
456,2020-04-18 01:19:43,2020-04-18 02:18:41,48.0,97.6,124.47763441140236,34.49435665914221,32.09255079006772
457,2020-04-18 19:13:03,2020-04-18 20:04:09,55.6,97.6,124.9711776124339,31.591145833333332,30.388020833333332
458,2020-04-19 03:52:59,2020-04-19 05:06:25,34.0,97.6,123.36061581280573,33.54430379746835,31.44846292947559
459,2020-04-19 17:23:42,2020-04-19 18:20:32,40.8,92.4,123.54866762489232,35.90866510538642,34.49180327868852
460,2020-04-19 22:17:01,2020-04-19 22:53:11,69.2,97.6,124.38923686913152,35.70955882352941,33.5625
461,2020-04-20 09:09:08,2020-04-20 10:06:47,49.6,97.6,124.69565054687504,33.22863741339492,31.427251732101617
462,2020-04-20 15:28:50,2020-04-20 16:55:49,40.4,97.6,124.18117649815466,38.0490045941807,36.51607963246554
463,2020-04-21 19:52:10,2020-04-21 21:03:01,24.8,90.8,122.32614433501683,35.75187969924812,34.295112781954884
464,2020-04-22 16:41:40,2020-04-22 18:03:52,26.4,97.6,122.52786477254998,26.716369529983794,24.907617504051863
465,2020-04-23 04:55:33,2020-04-23 05:42:38,21.6,66.8,121.6175419401426,23.84180790960452,22.257062146892654
466,2020-04-23 05:43:02,2020-04-23 06:22:15,67.2,97.6,125.44414126918863,27.586440677966102,25.73898305084746
467,2020-04-23 18:01:29,2020-04-23 19:28:37,25.2,97.6,122.92251315224067,28.96177370030581,27.26605504587156
468,2020-04-24 15:00:45,2020-04-24 16:05:20,49.2,97.6,124.05701190312215,24.338144329896906,22.81855670103093
469,2020-04-25 01:19:54,2020-04-25 01:38:14,34.4,52.0,121.38653661616164,23.666666666666668,21.594594594594593
470,2020-04-25 01:38:35,2020-04-25 02:04:55,52.4,77.6,122.05247856040566,26.08805031446541,23.9937106918239
471,2020-04-25 02:05:16,2020-04-25 02:34:06,78.0,97.6,126.44630250850344,27.362068965517242,25.24137931034483
472,2020-04-25 15:30:08,2020-04-25 16:04:08,20.8,41.6,122.05133653846158,28.097560975609756,27.034146341463416
473,2020-04-25 16:04:29,2020-04-25 16:34:59,42.0,60.8,121.13480585106389,30.58695652173913,29.467391304347824
474,2020-04-25 16:35:20,2020-04-25 17:09:20,61.2,81.6,124.44450000000012,31.970731707317075,30.78048780487805
475,2020-04-25 17:09:41,2020-04-25 17:36:41,82.0,97.6,128.12681071937325,32.41717791411043,31.233128834355828
476,2020-04-27 14:10:43,2020-04-27 14:43:23,34.4,66.0,120.49886256153309,33.78172588832487,32.17258883248731
477,2020-04-27 14:43:44,2020-04-27 15:15:54,66.4,93.6,123.66218264910135,35.845360824742265,34.55154639175258
478,2020-04-28 12:57:54,2020-04-28 13:18:34,23.2,42.8,122.97973788265311,32.672,31.2
479,2020-04-28 13:18:55,2020-04-28 13:49:55,43.2,72.8,122.13589207957962,35.524064171122994,34.23529411764706
480,2020-04-28 13:50:16,2020-04-28 14:22:06,73.2,97.6,124.59188405054648,37.0,35.859375
481,2020-04-28 20:31:21,2020-04-28 20:48:31,51.6,68.0,122.25695426829277,36.90384615384615,34.78846153846154
482,2020-04-28 20:48:52,2020-04-28 21:19:52,68.4,94.0,124.97831315104169,37.68983957219251,35.101604278074866
483,2020-04-29 03:40:13,2020-04-29 03:58:43,51.6,69.2,124.09170841224746,32.74107142857143,29.544642857142858
484,2020-04-29 03:59:04,2020-04-29 04:35:44,69.6,97.6,125.69196488095238,33.81447963800905,30.855203619909503
485,2020-04-29 12:08:24,2020-04-29 12:34:44,58.4,83.2,123.71920402105734,32.40880503144654,30.9811320754717
486,2020-04-29 23:25:26,2020-04-29 23:46:16,18.8,38.8,121.46875694444448,33.904761904761905,32.12698412698413
487,2020-04-29 23:46:37,2020-04-30 00:20:27,38.8,71.6,120.14525139735777,36.90196078431372,34.88235294117647
488,2020-04-30 00:20:48,2020-04-30 00:45:58,72.0,92.8,125.27378819444448,38.14473684210526,36.0
489,2020-04-30 14:08:56,2020-04-30 14:37:16,25.6,52.8,121.54207659313727,35.28654970760234,33.63742690058479
490,2020-04-30 14:37:37,2020-04-30 15:08:27,53.2,82.4,123.25105227359208,37.81720430107527,35.90860215053763
491,2020-04-30 15:08:48,2020-04-30 15:31:08,82.8,97.6,128.83823967717726,38.77777777777778,36.14074074074074
492,2020-05-01 02:33:15,2020-05-01 02:50:25,9.2,25.6,122.06808841463415,34.09615384615385,31.884615384615383
493,2020-05-01 02:50:46,2020-05-01 03:21:26,26.0,55.6,120.76670167042043,36.37837837837838,33.84864864864865
494,2020-05-01 03:21:47,2020-05-01 03:54:27,55.6,86.4,123.63996996753247,38.898477157360404,36.421319796954315
495,2020-05-01 03:54:48,2020-05-01 04:12:38,86.8,97.6,128.34749768518523,39.157407407407405,37.0
496,2020-05-01 12:23:11,2020-05-01 12:47:00,54.0,76.4,124.10293383556545,35.917808219178085,33.945205479452056
497,2020-05-01 12:47:21,2020-05-01 13:07:01,76.8,92.8,123.40278793402781,37.0,34.983193277310924
498,2020-05-01 19:46:12,2020-05-01 20:02:42,52.4,68.0,124.30733903133901,36.59,34.3
499,2020-05-01 20:03:03,2020-05-01 20:31:23,68.4,92.8,124.45414389799643,37.514619883040936,35.07602339181287
500,2020-05-02 04:22:34,2020-05-02 04:47:54,74.0,94.4,123.84532278050106,33.052287581699346,31.26797385620915
501,2020-05-02 16:36:09,2020-05-02 16:53:09,12.8,28.8,123.91580477430554,36.398058252427184,34.932038834951456
502,2020-05-02 16:53:30,2020-05-02 17:22:50,29.2,57.2,122.07787921626985,38.6271186440678,36.79661016949152
503,2020-05-02 17:23:11,2020-05-02 17:49:31,57.6,82.4,123.6934402441756,40.65408805031446,38.9496855345912
504,2020-05-02 17:49:52,2020-05-02 18:10:52,82.8,96.8,127.7381001984127,41.0,39.0
505,2020-05-03 22:48:26,2020-05-03 23:16:26,16.8,43.2,123.88679676978114,36.07692307692308,34.73372781065089
506,2020-05-03 23:16:47,2020-05-03 23:43:57,43.6,69.6,121.98718739316243,39.170731707317074,37.51219512195122
507,2020-05-03 23:44:18,2020-05-04 00:13:18,70.0,94.0,125.05904143518521,40.674285714285716,38.87428571428571
508,2020-05-04 14:29:58,2020-05-04 15:00:38,32.0,61.6,120.81315113551052,39.1945945945946,37.23243243243243
509,2020-05-04 15:00:59,2020-05-04 15:31:09,62.0,90.0,122.6294547123016,41.31868131868132,39.25824175824176
510,2020-05-04 21:00:20,2020-05-04 21:34:00,70.8,96.8,124.95569161324786,41.073891625615765,39.0
511,2020-05-05 00:19:58,2020-05-05 00:49:18,76.8,92.8,122.1666611111111,40.0,37.0
512,2020-05-05 14:00:35,2020-05-05 14:20:55,23.2,34.0,122.29037337962963,35.99186991869919,33.36585365853659
513,2020-05-05 14:21:16,2020-05-05 14:47:16,34.0,48.4,120.17455758101853,36.59235668789809,34.64968152866242
514,2020-05-05 14:47:37,2020-05-05 15:20:27,48.4,66.8,118.70620735205316,37.90909090909091,36.464646464646464
515,2020-05-05 15:20:48,2020-05-05 15:50:48,66.8,77.2,120.62900333867516,38.0,37.0
516,2020-05-05 15:51:09,2020-05-05 16:21:19,77.2,85.2,125.40798836805556,38.0,37.0
517,2020-05-05 16:21:40,2020-05-05 16:50:20,85.2,92.8,125.62135526315801,38.0,37.0
518,2020-05-05 16:50:41,2020-05-05 17:10:21,92.8,97.6,136.46703385416671,38.0,37.0
519,2020-05-06 02:07:03,2020-05-06 02:26:33,6.0,23.2,122.88275702519383,36.0,34.0
520,2020-05-06 02:26:54,2020-05-06 02:54:44,23.6,48.0,123.55020622723136,37.36904761904762,35.101190476190474
521,2020-05-06 02:55:05,2020-05-06 03:23:55,48.4,73.6,123.94566021825399,39.764367816091955,37.59770114942529
522,2020-05-06 03:24:16,2020-05-06 03:53:26,74.0,95.6,127.09234767232513,40.96022727272727,38.0
523,2020-05-06 15:35:34,2020-05-06 16:09:04,14.4,46.8,121.28000068587106,40.35643564356435,38.222772277227726
524,2020-05-06 16:09:25,2020-05-06 16:37:15,47.2,74.0,121.78068563432842,43.45238095238095,41.38095238095238
525,2020-05-07 06:41:58,2020-05-07 07:10:38,57.6,85.2,123.58393855676329,34.24277456647399,32.49710982658959
526,2020-05-07 07:10:59,2020-05-07 07:29:29,85.6,97.6,126.92942175925923,35.0,33.651785714285715
527,2020-05-07 21:36:55,2020-05-07 21:57:05,19.2,38.0,124.84487307919623,36.721311475409834,35.27049180327869
528,2020-05-07 21:57:26,2020-05-07 22:23:56,38.4,64.0,120.49534250217013,39.20625,37.86875
529,2020-05-07 22:24:17,2020-05-07 22:43:37,64.0,82.4,122.27129747886471,40.965811965811966,39.0
530,2020-05-08 17:31:11,2020-05-08 18:02:11,50.4,68.8,123.88437318840585,37.42780748663102,35.79144385026738
531,2020-05-08 18:02:32,2020-05-08 18:51:48,69.2,96.4,125.98908966503268,38.111111111111114,36.73063973063973
532,2020-05-09 02:03:12,2020-05-09 02:33:52,50.4,80.0,122.13403171921924,38.71351351351351,36.65945945945946
533,2020-05-09 02:34:13,2020-05-09 02:58:43,80.4,97.6,129.16990915697684,39.9527027027027,37.979729729729726
534,2020-05-09 17:29:35,2020-05-09 17:57:05,9.6,28.4,121.41183680555561,38.355421686746986,36.25301204819277
535,2020-05-09 17:57:26,2020-05-09 18:25:06,28.4,47.2,122.15725591016549,39.365269461077844,37.34131736526946
536,2020-05-09 18:25:27,2020-05-09 18:55:27,47.6,68.0,122.05614896514163,40.77900552486188,38.67955801104972
537,2020-05-09 18:55:48,2020-05-09 19:27:08,68.0,88.8,125.04945739850433,41.0,39.0
538,2020-05-10 03:18:45,2020-05-10 03:47:25,19.2,38.4,124.61445797164352,39.179190751445084,36.433526011560694
539,2020-05-10 03:47:46,2020-05-10 04:23:06,38.8,63.2,120.80488558743166,40.68075117370892,37.990610328638496
540,2020-05-10 04:23:27,2020-05-10 04:54:07,63.6,84.0,125.42008558006536,41.0,38.16216216216216
541,2020-05-10 04:54:28,2020-05-10 05:16:18,84.4,97.6,128.01771917087552,41.0,38.0
542,2020-05-10 20:08:35,2020-05-10 20:40:55,15.6,34.0,119.78559873188405,33.13333333333333,30.487179487179485
543,2020-05-10 20:41:16,2020-05-10 21:17:26,34.0,54.8,118.52694751602564,34.80733944954128,32.46788990825688
544,2020-05-10 21:17:47,2020-05-10 21:54:17,54.8,75.2,121.96483946078428,36.0,34.0
545,2020-05-10 21:54:38,2020-05-10 22:21:48,75.6,90.4,125.1257209084083,36.01829268292683,34.0
546,2020-05-11 05:27:53,2020-05-11 05:50:03,44.4,56.4,120.52895659722222,32.26865671641791,29.76865671641791
547,2020-05-11 05:50:24,2020-05-11 06:22:04,56.4,73.6,122.99986458333333,33.0,30.848167539267017
548,2020-05-11 06:22:25,2020-05-11 06:50:55,74.0,89.2,125.31070358187131,33.0,31.0
549,2020-05-11 16:18:24,2020-05-11 16:50:44,37.2,54.8,122.17878985164144,36.251282051282054,34.58461538461538
550,2020-05-11 16:51:05,2020-05-11 17:18:45,54.8,70.0,121.04163633040932,37.0,36.0
551,2020-05-12 06:16:12,2020-05-12 06:40:32,36.8,50.0,122.58835311447808,29.360544217687075,28.35374149659864
552,2020-05-12 06:40:53,2020-05-12 07:03:43,50.4,62.8,122.45292629928318,30.731884057971016,29.717391304347824
553,2020-05-12 07:04:04,2020-05-12 07:34:54,63.2,80.0,122.05354133597885,31.311827956989248,30.198924731182796
554,2020-05-12 07:35:15,2020-05-12 08:02:15,80.0,94.4,124.69711477623451,32.0,31.0
555,2020-05-12 17:36:55,2020-05-12 18:00:25,47.6,62.4,119.24739874249252,35.23943661971831,33.67605633802817
556,2020-05-12 18:00:46,2020-05-12 18:30:16,62.4,80.4,123.18984212962962,36.0,34.39325842696629
557,2020-05-12 18:30:37,2020-05-12 18:58:57,80.8,97.6,125.84990732473551,36.046783625730995,35.0
558,2020-05-12 23:52:51,2020-05-13 00:11:41,61.6,79.2,124.82481455176769,35.86842105263158,33.91228070175438
559,2020-05-13 01:11:02,2020-05-13 01:30:52,84.4,97.6,122.89669444444455,35.00833333333333,33.925
560,2020-05-13 14:21:58,2020-05-13 14:50:48,4.8,32.8,120.5892987103175,36.14367816091954,34.839080459770116
561,2020-05-13 14:51:09,2020-05-13 15:22:19,32.8,62.8,121.62964625000001,38.65425531914894,37.13297872340426
562,2020-05-13 15:22:40,2020-05-13 15:51:40,62.8,89.6,124.17445594941961,40.651428571428575,39.0
563,2020-05-14 01:41:19,2020-05-14 01:59:19,24.4,41.6,122.29652438630492,33.788990825688074,31.256880733944953
564,2020-05-14 01:59:40,2020-05-14 02:28:40,42.0,70.0,120.97570441468257,36.29714285714286,33.72
565,2020-05-14 02:29:01,2020-05-14 03:01:31,70.0,96.0,124.53152863247863,37.755102040816325,35.0
566,2020-05-14 16:10:28,2020-05-14 16:39:08,36.0,64.0,119.31845476190477,38.02312138728324,36.456647398843934
567,2020-05-14 16:39:29,2020-05-14 17:08:09,64.0,90.0,122.54166976495726,39.87861271676301,38.06936416184971
568,2020-05-15 03:14:48,2020-05-15 03:33:18,19.2,36.8,122.46843813131318,35.098214285714285,32.642857142857146
569,2020-05-15 03:33:39,2020-05-15 04:25:24,37.2,86.4,122.53642109869018,38.419871794871796,35.98076923076923
570,2020-05-15 10:23:36,2020-05-15 10:48:26,72.0,89.6,122.75570533459602,35.68666666666667,33.653333333333336
571,2020-05-17 03:11:26,2020-05-17 03:43:46,63.2,89.2,123.25962516025642,32.54871794871795,30.43076923076923
572,2020-05-17 08:13:00,2020-05-17 08:41:10,56.8,83.6,122.82961847014928,33.85294117647059,31.435294117647057
573,2020-05-18 01:25:11,2020-05-18 01:52:01,48.8,74.0,124.27745122354497,32.04938271604938,29.97530864197531
574,2020-05-18 01:52:22,2020-05-18 02:23:22,74.4,97.6,124.73899778496174,33.16577540106952,31.28342245989305
575,2020-05-18 16:27:05,2020-05-18 16:46:05,17.6,35.6,123.11343186728396,35.46086956521739,33.721739130434784
576,2020-05-18 17:27:07,2020-05-18 17:56:57,35.6,64.4,120.7682299864969,37.75555555555555,36.044444444444444
577,2020-05-18 19:24:21,2020-05-18 19:49:41,80.8,97.6,125.58780952380953,38.0,36.96078431372549
578,2020-05-19 13:43:55,2020-05-19 14:08:35,30.8,50.8,123.51251270833335,35.45637583892618,33.93288590604027
579,2020-05-19 14:08:56,2020-05-19 14:36:56,51.2,74.0,122.9191111111111,37.349112426035504,35.85207100591716
580,2020-05-19 16:56:11,2020-05-19 17:14:21,57.2,74.4,123.27035675064602,38.75454545454546,37.054545454545455
581,2020-05-19 17:14:42,2020-05-19 17:45:02,74.8,97.6,126.7470917397661,39.295081967213115,38.0
582,2020-05-20 04:33:40,2020-05-20 05:04:10,14.0,43.2,121.80652421042618,36.141304347826086,33.755434782608695
583,2020-05-20 05:04:31,2020-05-20 05:32:21,43.2,70.4,119.63083813316993,39.220238095238095,36.666666666666664
584,2020-05-20 05:32:42,2020-05-20 06:01:12,70.4,94.0,123.76708303907726,40.593023255813954,38.0
585,2020-05-20 10:37:23,2020-05-20 11:00:13,62.4,84.4,122.73295460858581,38.0,36.0
586,2020-05-20 11:00:34,2020-05-20 11:20:04,84.8,97.6,127.05513085937503,38.0,36.02542372881356
587,2020-05-20 18:07:39,2020-05-20 18:25:59,36.8,54.0,124.35400516795865,37.027027027027025,34.57657657657658
588,2020-05-20 18:26:20,2020-05-20 18:59:40,54.4,86.0,123.0287409898031,38.77114427860697,36.45273631840796
589,2020-05-20 19:00:01,2020-05-20 19:18:21,86.4,97.6,128.4858871527779,39.0,37.0
590,2020-05-21 16:05:31,2020-05-21 16:30:31,24.8,48.8,122.12096070601856,34.03973509933775,32.50993377483444
591,2020-05-21 16:30:52,2020-05-21 16:49:24,49.2,67.2,120.72793952160497,36.663716814159294,35.23893805309734
592,2020-05-21 16:49:45,2020-05-21 17:11:05,67.6,88.0,122.64365461601308,37.883720930232556,36.44961240310077
593,2020-05-22 10:20:30,2020-05-22 10:41:50,18.4,38.8,122.40606849128541,31.527131782945737,29.875968992248062
594,2020-05-22 11:06:45,2020-05-22 11:37:06,51.6,80.4,123.50005844425154,35.45108695652174,33.619565217391305
595,2020-05-22 21:19:09,2020-05-22 21:38:59,52.8,72.0,120.52517585358797,35.733333333333334,33.85
596,2020-05-22 21:48:59,2020-05-22 22:12:43,81.2,97.6,126.31116012872636,37.0,35.0
597,2020-05-23 00:39:54,2020-05-23 01:01:54,84.4,97.6,122.70203724747486,36.0,34.0
598,2020-05-23 03:19:56,2020-05-23 03:42:26,82.8,97.6,122.61637969219221,34.955882352941174,32.0735294117647
599,2020-05-23 15:32:05,2020-05-23 15:50:55,22.8,34.0,124.71602194940479,33.824561403508774,32.00877192982456
600,2020-05-23 15:51:16,2020-05-23 16:16:16,34.4,50.0,118.8568376068376,34.78145695364238,33.35761589403973
601,2020-05-23 16:16:37,2020-05-23 16:41:17,50.0,65.2,120.3581871345029,36.0,34.74496644295302
602,2020-05-23 16:41:38,2020-05-23 17:09:18,65.6,82.4,122.1395502645502,36.706586826347305,35.0
603,2020-05-23 17:09:39,2020-05-23 17:35:29,82.4,97.6,124.9908758223685,37.0,35.13461538461539
604,2020-05-24 02:35:13,2020-05-24 02:57:23,34.0,55.6,120.03538233024689,34.23134328358209,32.03731343283582
605,2020-05-24 02:57:44,2020-05-24 03:31:54,55.6,88.4,121.80853709349597,36.616504854368934,34.43689320388349
606,2020-05-24 18:06:35,2020-05-24 18:24:35,17.6,34.8,123.78310182493544,34.51376146788991,33.091743119266056
607,2020-05-24 18:24:56,2020-05-24 18:55:56,35.2,65.6,120.63413395467842,37.27807486631016,35.524064171122994
608,2020-05-24 18:56:17,2020-05-24 19:14:37,66.0,83.6,123.26704577020205,39.0,37.0
609,2020-05-25 02:45:24,2020-05-25 03:15:14,23.6,52.4,121.73514853395065,36.18888888888889,33.861111111111114
610,2020-05-25 03:15:35,2020-05-25 03:42:45,52.4,78.4,122.80075069444443,38.859756097560975,36.69512195121951
611,2020-05-25 03:43:06,2020-05-25 04:09:06,78.8,97.6,126.41772022754141,40.0,37.12738853503185
612,2020-05-25 16:04:47,2020-05-25 16:33:17,22.8,42.4,122.89685232426304,35.04651162790697,33.622093023255815
613,2020-05-25 16:33:38,2020-05-25 17:03:08,42.8,63.6,119.8825061431624,37.07303370786517,35.57865168539326
614,2020-05-25 17:03:29,2020-05-25 17:35:29,63.6,85.6,122.91037790404047,38.0,36.0
615,2020-05-25 17:35:50,2020-05-25 17:55:00,86.0,97.6,128.99903352490426,38.0,36.0
616,2020-05-26 00:30:37,2020-05-26 00:58:17,59.2,85.6,121.77558917297983,36.616766467065865,33.65868263473054
617,2020-05-26 00:58:38,2020-05-26 01:18:38,85.6,97.6,125.35071597222223,37.0,34.0
618,2020-05-26 06:28:09,2020-05-26 07:05:39,44.8,80.4,122.83473462858923,35.110619469026545,31.86725663716814
619,2020-05-26 07:06:00,2020-05-26 07:30:20,80.8,97.6,126.84608308531749,36.0,33.0
620,2020-05-26 16:20:06,2020-05-26 16:43:25,56.8,72.4,123.94439400819084,39.0,37.03977272727273
621,2020-05-26 16:43:46,2020-05-26 17:14:56,72.8,93.2,124.5942660675381,39.0,37.984042553191486
622,2020-05-27 01:16:50,2020-05-27 01:43:20,55.6,80.8,122.39584826940042,37.28125,33.8875
623,2020-05-27 01:43:41,2020-05-27 02:07:45,81.2,97.6,126.96766976626024,38.0,34.75342465753425
624,2020-05-27 20:25:46,2020-05-27 20:54:36,45.2,73.2,120.22222847222221,34.52873563218391,33.201149425287355
625,2020-05-27 20:54:57,2020-05-27 21:27:07,73.2,97.6,125.16053307149369,36.0,34.134020618556704
626,2020-05-28 13:16:23,2020-05-28 13:48:23,48.4,79.2,121.27616206709955,34.181347150259064,32.81347150259067
627,2020-05-28 13:48:44,2020-05-28 14:14:34,79.2,97.6,124.98039205917881,35.0,34.0
628,2020-05-28 21:55:56,2020-05-28 22:19:56,30.8,54.4,120.03651024011302,37.66896551724138,35.39310344827586
629,2020-05-28 22:20:17,2020-05-28 22:47:27,54.8,81.2,121.50832212752525,39.86585365853659,37.66463414634146
630,2020-05-28 22:47:48,2020-05-28 23:11:28,81.6,97.6,128.08161597222224,41.0,38.0
631,2020-05-29 19:10:50,2020-05-29 19:31:10,23.6,36.4,119.39781293402783,32.32520325203252,31.211382113821138
632,2020-05-29 19:31:31,2020-05-29 20:01:21,36.4,55.2,119.2804638002364,34.03333333333333,32.955555555555556
633,2020-05-29 20:01:42,2020-05-29 20:33:12,55.2,74.8,120.80359821428577,35.59473684210526,34.4
634,2020-05-29 20:33:33,2020-05-29 21:05:03,75.2,94.0,125.56002090721049,36.0,35.0
635,2020-05-30 18:42:31,2020-05-30 19:11:31,24.0,34.4,120.83333333333334,30.2,28.81714285714286
636,2020-05-30 19:11:52,2020-05-30 19:43:02,34.4,45.6,120.58531746031744,31.23936170212766,29.882978723404257
637,2020-05-30 19:43:23,2020-05-30 20:12:13,45.6,56.4,115.68930041152265,32.235632183908045,30.988505747126435
638,2020-05-30 20:12:34,2020-05-30 20:40:44,56.4,66.8,117.36111111111114,33.0,31.0
639,2020-05-30 20:41:05,2020-05-30 21:12:05,66.8,78.0,119.94047619047616,33.0,31.0
640,2020-05-30 21:37:13,2020-05-30 22:08:33,84.0,94.8,125.72530915637866,33.0,31.0
641,2020-05-31 12:54:45,2020-05-31 13:25:05,22.8,45.6,122.07725146198828,35.63934426229508,34.10928961748634
642,2020-05-31 13:25:26,2020-05-31 13:57:16,45.6,70.0,119.72166438979961,37.692708333333336,36.328125
643,2020-05-31 13:57:37,2020-05-31 14:27:17,70.4,91.6,125.15266168763108,38.60335195530726,37.0
644,2020-06-01 10:59:40,2020-06-01 11:22:20,20.0,34.0,121.33333640873016,32.29197080291971,30.62773722627737
645,2020-06-01 11:22:41,2020-06-01 11:52:11,34.4,52.8,120.34421286231887,33.91573033707865,32.41573033707865
646,2020-06-01 11:52:32,2020-06-01 12:20:12,52.8,70.0,120.73079077842377,35.52694610778443,34.0
647,2020-06-01 12:20:33,2020-06-01 12:50:13,70.4,88.4,123.61419783950618,36.0,34.0
648,2020-06-01 23:06:40,2020-06-01 23:27:00,34.0,53.6,122.25979960317459,32.707317073170735,30.471544715447155
649,2020-06-01 23:27:21,2020-06-01 23:58:21,54.0,84.0,121.80418819444448,35.05347593582888,32.83422459893048
650,2020-06-01 23:58:42,2020-06-02 00:19:12,84.4,97.6,129.67279808501698,36.0,34.0
651,2020-06-02 15:55:44,2020-06-02 16:21:04,53.6,67.2,123.89090216503264,30.797385620915033,29.0
652,2020-06-02 16:21:25,2020-06-02 16:52:15,67.6,84.0,125.02537516937664,31.0,29.338709677419356
653,2020-06-03 05:18:53,2020-06-03 05:46:33,28.0,54.4,122.38848042929295,32.550898203592816,31.15568862275449
654,2020-06-03 05:46:54,2020-06-03 06:15:44,54.8,82.4,121.96156209742344,35.28735632183908,33.804597701149426
655,2020-06-03 06:16:05,2020-06-03 06:38:25,82.8,97.6,127.95047757132134,36.0,35.0
656,2020-06-03 15:27:45,2020-06-03 15:55:55,26.0,53.2,121.35673973651964,35.44117647058823,33.023529411764706
657,2020-06-03 15:56:16,2020-06-03 16:26:56,53.6,82.8,123.08887014840187,37.832432432432434,35.58378378378379
658,2020-06-03 23:28:06,2020-06-03 23:56:16,47.2,74.0,122.95451399253734,35.73529411764706,33.258823529411764
659,2020-06-04 14:16:12,2020-06-04 14:50:22,35.6,68.8,121.62106471720216,37.650485436893206,36.00485436893204
660,2020-06-04 14:50:43,2020-06-04 15:10:53,68.8,88.4,121.68083163265304,39.71311475409836,38.31147540983606
661,2020-06-04 19:22:29,2020-06-04 19:41:59,67.6,80.8,122.5936920244108,39.0,37.47457627118644
662,2020-06-04 19:42:20,2020-06-04 20:08:50,80.8,97.6,123.39784308862436,39.0,37.0
663,2020-06-05 03:30:17,2020-06-05 04:01:27,42.8,72.4,122.68205180180176,37.17553191489362,34.95744680851064
664,2020-06-05 04:01:48,2020-06-05 04:30:48,72.8,95.2,125.37884120783728,38.74285714285714,36.64
665,2020-06-05 12:38:16,2020-06-05 13:02:06,46.8,63.6,122.81415467923279,37.583333333333336,36.19444444444444
666,2020-06-05 13:02:27,2020-06-05 13:31:57,64.0,84.8,122.91666666666667,38.58426966292135,37.13483146067416
667,2020-06-05 22:44:31,2020-06-05 23:05:11,84.4,97.6,124.4613048190237,35.0,32.0
668,2020-06-06 10:54:04,2020-06-06 11:30:34,54.4,88.8,121.94889328972866,33.304545454545455,31.54090909090909
669,2020-06-07 07:08:43,2020-06-07 07:35:33,62.0,85.6,123.21563488700569,28.88888888888889,27.95679012345679
670,2020-06-07 07:35:54,2020-06-07 07:54:24,86.0,97.6,127.26176197318013,30.0,29.0
671,2020-06-08 20:32:28,2020-06-08 20:54:28,88.4,97.6,79.3795698973431,33.0,32.0
672,2020-06-09 15:22:57,2020-06-09 15:52:07,48.8,68.8,121.28469791666667,34.44886363636363,33.31818181818182
673,2020-06-09 20:07:34,2020-06-09 20:36:14,43.2,64.8,121.82936374742806,33.71098265895954,30.583815028901736
674,2020-06-09 20:36:35,2020-06-09 21:05:35,65.2,86.8,123.20024414866259,35.0,31.994285714285713
675,2020-06-09 21:05:56,2020-06-09 21:23:36,86.8,97.6,126.32719431584366,35.0,32.0
676,2020-06-10 01:04:32,2020-06-10 01:30:52,58.4,74.8,120.96208638211381,33.9748427672956,30.955974842767297
677,2020-06-10 01:31:13,2020-06-10 02:05:13,74.8,95.6,122.49466920405987,34.0,31.409756097560976
678,2020-06-10 14:46:11,2020-06-10 15:05:51,84.4,97.6,123.0061238425927,31.0,30.285714285714285
679,2020-06-11 02:01:36,2020-06-11 02:32:56,29.6,59.6,121.70278074074076,33.904761904761905,32.52910052910053
680,2020-06-11 02:33:17,2020-06-11 03:01:07,60.0,86.4,122.78988252314814,36.34319526627219,34.875739644970416
681,2020-06-11 03:01:28,2020-06-11 03:19:28,86.8,97.6,129.95114596193417,37.0,35.31192660550459
682,2020-06-11 15:06:32,2020-06-11 15:33:02,15.2,40.4,123.59127281746034,40.1,38.03125
683,2020-06-11 15:33:23,2020-06-11 16:01:33,40.8,68.0,121.69424203431372,43.05882352941177,41.023529411764706
684,2020-06-11 16:01:54,2020-06-11 16:25:24,68.4,90.0,122.09813085133747,44.056338028169016,42.0
685,2020-06-12 01:54:54,2020-06-12 02:26:54,38.8,58.8,119.88959590277778,37.51813471502591,35.07253886010363
686,2020-06-12 02:27:15,2020-06-12 02:56:45,59.2,76.4,122.99823764534882,38.56741573033708,36.0
687,2020-06-12 02:57:06,2020-06-12 03:23:16,76.4,91.2,122.19033183183188,39.0,36.0
688,2020-06-12 07:12:33,2020-06-12 07:30:33,62.8,79.6,123.81367567791008,38.330275229357795,35.6605504587156
689,2020-06-12 07:30:54,2020-06-12 07:56:44,80.0,97.6,126.91527130681823,39.0,36.0
690,2020-06-12 18:00:35,2020-06-12 18:23:45,40.4,54.8,120.60379996141977,40.08571428571429,38.42857142857143
691,2020-06-12 18:24:06,2020-06-12 18:52:56,54.8,72.0,121.00776889534883,41.0,39.55747126436781
692,2020-06-12 18:53:17,2020-06-12 19:23:07,72.0,88.8,123.26059912367731,41.0,40.0
693,2020-06-12 19:23:28,2020-06-12 19:40:18,88.8,97.6,128.7247657828283,41.31372549019608,40.0
694,2020-06-13 02:27:26,2020-06-13 02:55:36,50.8,78.0,121.99246037581699,38.84117647058824,36.14705882352941
695,2020-06-13 02:55:57,2020-06-13 03:19:17,78.0,95.6,124.62990506628795,39.673758865248224,37.0
696,2020-06-13 20:31:34,2020-06-13 21:02:24,45.6,74.8,122.20033095509896,37.17204301075269,35.66129032258065
697,2020-06-13 21:02:45,2020-06-13 21:31:25,75.2,96.8,124.45665097736627,38.0,36.994219653179194
698,2020-06-14 02:44:33,2020-06-14 03:27:07,51.6,86.0,123.70902407945736,37.821875,35.36875
699,2020-06-14 06:01:11,2020-06-14 06:22:31,64.8,84.8,123.60694868055555,36.6124031007752,33.51937984496124
700,2020-06-14 06:22:52,2020-06-14 06:42:02,85.2,97.6,126.64090143369184,37.0,34.0
701,2020-06-14 14:34:15,2020-06-14 14:55:55,29.6,50.4,121.36952637553422,34.267175572519086,31.954198473282442
702,2020-06-14 14:56:16,2020-06-14 15:34:16,50.8,87.2,121.64225297619045,36.930131004366814,34.580786026200876
703,2020-06-14 15:34:37,2020-06-14 15:51:44,87.6,97.6,128.90695430555553,38.0,35.07692307692308
704,2020-06-15 04:52:19,2020-06-15 05:11:09,15.6,33.6,121.93131350308639,31.728070175438596,30.07894736842105
705,2020-06-15 05:11:30,2020-06-15 05:38:40,34.0,60.0,121.81409380341881,34.51219512195122,32.792682926829265
706,2020-06-15 05:39:01,2020-06-15 06:08:11,60.4,88.0,123.07517280595812,36.84090909090909,35.10227272727273
707,2020-06-15 18:42:20,2020-06-15 19:14:00,23.2,34.8,118.75004549808436,32.70157068062827,31.45026178010471
708,2020-06-15 19:14:21,2020-06-15 19:41:11,34.8,44.4,121.58858825231482,33.58641975308642,32.41975308641975
709,2020-06-15 19:41:32,2020-06-15 20:11:42,44.4,56.0,113.12264846743298,34.28021978021978,33.20879120879121
710,2020-06-15 20:12:03,2020-06-15 20:43:33,56.0,67.6,118.12025550766295,35.0,34.0
711,2020-06-15 20:44:14,2020-06-15 21:14:34,67.6,78.4,122.17597273662544,34.98907103825137,33.81967213114754
712,2020-06-15 21:14:55,2020-06-15 21:33:15,78.8,84.8,132.91671759259268,34.21621621621622,33.009009009009006
713,2020-06-15 21:43:46,2020-06-15 22:12:26,87.6,97.6,124.69726972222226,34.0,33.0
714,2020-06-16 09:54:54,2020-06-16 10:29:04,57.6,89.2,122.95709735407878,34.83009708737864,33.213592233009706
715,2020-06-16 14:21:03,2020-06-16 14:51:03,63.2,90.4,123.68413485498364,38.0,35.033149171270715
716,2020-06-17 02:07:54,2020-06-17 02:34:14,15.6,29.6,122.82935146825396,32.20754716981132,30.962264150943398
717,2020-06-17 02:34:35,2020-06-17 03:06:45,29.6,47.2,121.74004648042924,33.634020618556704,32.170103092783506
718,2020-06-17 03:07:06,2020-06-17 03:38:36,47.6,65.2,119.1563916508838,35.48421052631579,33.72631578947368
719,2020-06-17 03:38:57,2020-06-17 04:08:17,65.2,81.2,122.1197814236111,36.0,34.0
720,2020-06-17 04:08:38,2020-06-17 04:38:58,81.6,97.6,126.26474453124996,36.0,34.0
721,2020-06-17 13:47:28,2020-06-17 14:16:28,48.4,70.4,120.63634393939388,36.565714285714286,35.30285714285714
722,2020-06-17 14:16:49,2020-06-17 14:43:49,70.4,90.4,122.25206562499997,37.423312883435585,36.20245398773006
723,2020-06-18 03:14:23,2020-06-18 03:41:53,24.0,38.8,121.573761204955,32.126506024096386,30.40963855421687
724,2020-06-18 03:42:14,2020-06-18 04:21:16,39.2,60.8,120.47325102880662,33.686440677966104,32.13559322033898
725,2020-06-18 04:25:59,2020-06-18 04:55:39,63.6,79.6,123.61111111111116,35.0,33.0
726,2020-06-18 04:56:00,2020-06-18 05:23:30,79.6,94.4,123.87199680930921,35.0,33.0
727,2020-06-18 18:29:27,2020-06-18 19:00:57,14.8,31.6,122.48018199404764,36.873684210526314,35.11578947368421
728,2020-06-18 19:01:18,2020-06-18 19:28:28,31.6,46.4,121.82155189564567,37.75,36.329268292682926
729,2020-06-18 19:28:49,2020-06-18 19:51:49,46.8,59.6,119.25351388888885,38.9568345323741,37.39568345323741
730,2020-06-18 19:52:10,2020-06-18 20:22:30,59.6,76.0,122.79135907859083,39.0,38.0
731,2020-06-18 20:22:51,2020-06-18 20:52:51,76.4,92.4,124.49481822916668,39.0,37.591160220994475
732,2020-06-19 03:33:05,2020-06-19 04:01:05,10.0,25.2,120.26129981725147,38.55621301775148,35.29585798816568
733,2020-06-19 04:01:26,2020-06-19 04:29:26,25.2,40.4,122.49996929824559,38.89940828402367,35.69822485207101
734,2020-06-19 04:29:47,2020-06-19 05:05:07,40.8,60.4,119.8809223356009,39.84976525821596,36.84507042253521
735,2020-06-19 05:05:28,2020-06-19 05:35:48,60.4,77.2,120.07602876984127,40.0,37.0
736,2020-06-19 05:36:09,2020-06-19 06:06:49,77.2,93.6,124.36565472560982,40.0,37.0
737,2020-06-19 16:51:10,2020-06-19 17:11:40,28.0,43.2,123.70706186038008,38.903225806451616,37.29032258064516
738,2020-06-19 17:12:01,2020-06-19 17:38:31,43.6,63.6,121.49167000000003,40.625,39.01875
739,2020-06-19 17:38:52,2020-06-19 18:04:32,64.0,82.8,125.17213600768322,41.58064516129032,40.0
740,2020-06-19 18:04:53,2020-06-19 18:27:14,83.2,97.6,125.48265771604947,42.0,40.0
741,2020-06-20 02:54:21,2020-06-20 03:25:21,46.4,76.8,121.0247811129386,39.224598930481285,37.19251336898396
742,2020-06-20 03:25:42,2020-06-20 03:42:32,77.2,91.6,123.00542795138895,40.127450980392155,38.294117647058826
743,2020-06-20 11:22:42,2020-06-20 11:39:02,48.8,64.0,123.92728399122808,38.970873786407765,37.0873786407767
744,2020-06-20 11:39:23,2020-06-20 11:56:44,64.4,80.8,122.01509258130092,40.0,38.0
745,2020-06-20 22:18:14,2020-06-20 22:42:54,18.8,42.4,123.24979107815446,39.63758389261745,37.671140939597315
746,2020-06-20 22:43:15,2020-06-20 23:07:15,42.8,66.0,122.00433836206896,42.324137931034485,40.220689655172414
747,2020-06-20 23:07:36,2020-06-20 23:32:06,66.4,89.2,124.40853466130608,43.810810810810814,41.5
748,2020-06-21 04:11:36,2020-06-21 04:31:46,61.6,80.4,125.09455732860518,39.97540983606557,36.795081967213115
749,2020-06-21 04:32:07,2020-06-21 04:56:07,80.8,97.6,124.51307465277783,40.0,37.0
750,2020-06-21 17:16:36,2020-06-21 17:35:26,5.2,23.2,122.21992168209877,40.0,38.92982456140351
751,2020-06-21 17:35:47,2020-06-21 18:07:27,23.6,53.6,123.24213884259261,42.010471204188484,40.324607329842934
752,2020-06-21 18:07:48,2020-06-21 18:27:16,54.0,72.0,123.78982419753089,44.45378151260504,42.80672268907563
753,2020-06-21 18:27:37,2020-06-21 19:01:07,72.4,96.0,127.27991601930324,45.0,43.0
754,2020-06-22 01:59:13,2020-06-22 02:27:43,30.4,49.6,123.19159924768519,41.72093023255814,38.41860465116279
755,2020-06-22 02:28:04,2020-06-22 03:00:44,50.0,72.4,121.01691121031746,43.0,39.796954314720814
756,2020-06-22 03:01:05,2020-06-22 03:30:05,72.4,91.6,124.56457277199083,43.0,40.0
757,2020-06-22 11:24:51,2020-06-22 11:55:51,67.6,78.8,120.41175248015873,38.0,36.45454545454545
758,2020-06-22 11:56:12,2020-06-22 12:25:12,78.8,89.2,121.29812339743589,38.0,37.0
759,2020-06-22 12:25:33,2020-06-22 12:50:24,89.2,97.6,128.68754930555573,38.25301204819277,37.0
760,2020-06-22 22:09:06,2020-06-22 22:41:26,9.2,40.0,122.98568276515154,40.33846153846154,38.53846153846154
761,2020-06-22 22:41:47,2020-06-22 23:10:07,40.4,67.6,122.0215712316177,43.228070175438596,41.36257309941521
762,2020-06-22 23:10:28,2020-06-22 23:43:08,68.0,93.2,124.59822315917106,44.84263959390863,42.92893401015228
763,2020-06-23 06:54:37,2020-06-23 07:14:17,21.6,29.2,121.30852394005855,37.0,34.0
764,2020-06-23 07:14:38,2020-06-23 07:44:48,29.2,40.8,120.67290768678166,37.0,34.142857142857146
765,2020-06-23 07:45:09,2020-06-23 08:15:59,40.8,52.8,116.82178113425925,37.89247311827957,35.0
766,2020-06-23 08:16:20,2020-06-23 08:44:20,52.8,63.2,119.71557024572644,38.0,35.0
767,2020-06-23 08:44:41,2020-06-23 09:10:21,63.2,72.4,121.95505314009655,38.0,35.0
768,2020-06-23 09:10:42,2020-06-23 09:39:52,72.8,82.8,125.55280819444448,38.0,35.0
769,2020-06-23 09:40:13,2020-06-23 10:10:13,82.8,92.8,127.29028208333335,37.15469613259668,35.0
770,2020-06-23 16:20:16,2020-06-23 16:41:16,34.0,54.4,120.30230378540307,43.196850393700785,40.91338582677165
771,2020-06-23 16:41:37,2020-06-23 17:11:37,54.8,82.4,122.35357664049917,44.83977900552486,42.850828729281766
772,2020-06-23 17:11:58,2020-06-23 17:36:38,82.8,97.6,129.14042642642647,45.0,43.0
773,2020-06-23 23:19:13,2020-06-23 23:36:53,9.2,21.6,118.49796270161286,41.0,38.0
774,2020-06-23 23:37:14,2020-06-24 00:08:24,21.6,42.8,122.21107671645706,41.61702127659574,38.90425531914894
775,2020-06-24 00:08:45,2020-06-24 00:36:15,43.2,62.4,118.98222200520838,43.54819277108434,40.7289156626506
776,2020-06-24 00:36:36,2020-06-24 01:05:46,62.4,82.4,121.15209881944446,44.0,41.88636363636363
777,2020-06-24 01:06:07,2020-06-24 01:30:47,82.4,97.6,126.50768622076036,44.0,42.0
778,2020-06-24 06:35:51,2020-06-24 07:03:01,57.6,83.2,123.84494742838541,42.48170731707317,39.0
779,2020-06-24 07:03:22,2020-06-24 07:24:32,83.6,97.6,128.50200992063492,42.7890625,39.125
780,2020-06-24 22:54:48,2020-06-24 23:20:38,40.0,64.8,122.07999193548392,38.31410256410256,36.94871794871795
781,2020-06-24 23:26:02,2020-06-24 23:42:42,70.0,85.6,125.32762678062679,40.10891089108911,38.79207920792079
782,2020-06-24 23:43:03,2020-06-25 00:01:33,86.0,97.6,127.23538613505754,41.0,39.0
783,2020-06-26 17:12:12,2020-06-26 17:33:02,9.2,23.2,124.00892867063492,37.0,35.94444444444444
784,2020-06-26 17:33:23,2020-06-26 17:59:33,23.6,41.6,121.14197530864199,38.449367088607595,37.037974683544306
785,2020-06-26 19:58:18,2020-06-26 20:33:18,55.2,78.8,123.58757062146897,40.90995260663507,39.90995260663507
786,2020-06-26 20:33:39,2020-06-26 21:03:19,78.8,97.6,126.14510379728137,41.96648044692738,40.85474860335196
787,2020-06-27 09:58:51,2020-06-27 10:30:31,56.4,78.0,123.08962789351851,35.16230366492147,33.952879581151834
788,2020-06-27 10:30:52,2020-06-27 11:01:02,78.4,97.6,125.61631524884262,36.0,34.0
789,2020-06-27 17:42:30,2020-06-27 18:16:00,64.4,83.6,123.58798206018527,40.0,38.2029702970297
790,2020-06-27 18:16:21,2020-06-27 18:41:41,84.0,97.6,126.84437928921575,40.0,39.0
791,2020-06-28 10:55:11,2020-06-28 11:27:31,44.0,75.2,120.98513955662389,37.37435897435898,36.246153846153845
792,2020-06-28 11:27:52,2020-06-28 11:55:22,75.6,96.4,125.89144618055548,39.0,37.86144578313253
793,2020-06-28 19:51:31,2020-06-28 20:09:31,44.0,60.8,124.64867286706354,40.87155963302752,39.38532110091743
794,2020-06-28 20:09:52,2020-06-28 20:40:22,61.2,89.6,122.28631861306735,42.255434782608695,40.32065217391305
795,2020-06-29 04:44:26,2020-06-29 05:08:16,48.4,71.2,121.87499622319686,38.31944444444444,35.71527777777778
796,2020-06-29 05:08:37,2020-06-29 05:37:37,71.6,94.8,124.58274143917625,39.0,36.21714285714286
797,2020-06-29 18:22:51,2020-06-29 18:46:41,23.6,41.6,121.24458649691357,39.0,37.5
798,2020-06-29 19:19:03,2020-06-29 19:49:03,48.8,71.6,120.47392604775828,41.049723756906076,39.773480662983424
799,2020-06-29 19:49:24,2020-06-29 20:17:44,72.0,92.0,124.81250402777778,42.0,40.0
800,2020-06-30 03:44:59,2020-06-30 04:11:49,61.6,77.6,119.91494652777783,38.0,35.629629629629626
801,2020-06-30 04:12:10,2020-06-30 04:43:30,77.6,95.2,122.74465167297973,38.0,36.0
802,2020-06-30 17:22:28,2020-06-30 17:39:38,28.8,39.6,119.74025282921808,42.76923076923077,41.10576923076923
803,2020-06-30 18:28:35,2020-06-30 18:47:14,48.4,60.0,120.97440419061304,44.0,42.716814159292035
804,2020-06-30 18:47:35,2020-06-30 19:09:18,60.0,73.6,120.2800511233661,44.57575757575758,43.0
805,2020-07-01 00:22:22,2020-07-01 00:42:09,33.6,52.4,122.56516971040192,40.72950819672131,38.16393442622951
806,2020-07-01 00:42:30,2020-07-01 01:15:10,52.8,83.6,123.42037887806643,42.98984771573604,40.48223350253807
807,2020-07-01 07:57:25,2020-07-01 08:24:15,66.0,75.6,120.88833376736116,36.0,34.0
808,2020-07-01 08:24:36,2020-07-01 08:53:06,75.6,85.6,121.56252694444444,36.0,34.0
809,2020-07-01 08:53:27,2020-07-01 09:27:57,85.6,97.2,124.43849329501909,36.0,33.82692307692308
810,2020-07-01 20:08:27,2020-07-01 20:28:10,20.0,32.0,123.50419405092592,36.00833333333333,34.575
811,2020-07-01 20:28:31,2020-07-01 20:59:51,32.0,51.6,120.16442573696146,37.68783068783069,36.25396825396825
812,2020-07-01 22:03:24,2020-07-01 22:37:54,60.0,81.2,122.32314033018868,39.0,37.85096153846154
813,2020-07-01 22:38:15,2020-07-01 22:59:35,81.2,94.0,124.50524576822923,39.72093023255814,38.0
814,2020-07-02 06:32:22,2020-07-02 06:49:52,81.2,94.4,121.75400915404042,35.0,33.113207547169814
815,2020-07-03 07:33:32,2020-07-03 08:07:12,28.4,51.6,120.46699592911878,31.52216748768473,30.51231527093596
816,2020-07-03 08:07:33,2020-07-03 08:35:03,52.0,71.2,118.93449327256944,33.644578313253014,32.53012048192771
817,2020-07-03 08:35:24,2020-07-03 09:16:26,71.2,97.6,124.1841301136364,34.49193548387097,33.0
818,2020-07-03 18:20:26,2020-07-03 18:46:36,34.8,60.4,119.81662917751737,33.79746835443038,31.29113924050633
819,2020-07-03 18:46:57,2020-07-03 19:15:27,60.8,88.0,122.87172089460785,35.91279069767442,33.4593023255814
820,2020-07-04 04:06:34,2020-07-04 04:25:34,35.2,53.6,120.90204996980678,33.93043478260869,31.504347826086956
821,2020-07-04 04:45:30,2020-07-04 05:02:50,68.4,84.8,124.04555902777783,36.8,34.304761904761904
822,2020-07-05 17:21:11,2020-07-05 17:43:01,37.6,49.2,122.58860584291187,36.0,34.00757575757576
823,2020-07-05 17:43:22,2020-07-05 18:17:52,49.6,68.4,122.34042553191486,36.84615384615385,35.0
824,2020-07-05 18:18:13,2020-07-05 18:51:13,68.8,86.4,124.99999999999993,37.0,35.74874371859296
825,2020-07-05 18:51:34,2020-07-05 19:12:24,86.8,97.6,128.6033953189301,37.46031746031746,36.0
826,2020-07-06 13:16:29,2020-07-06 13:34:39,19.2,30.4,121.52532477678572,35.49090909090909,34.2
827,2020-07-06 13:35:00,2020-07-06 14:09:10,30.4,52.0,118.89791730967079,37.19417475728155,36.029126213592235
828,2020-07-06 14:09:31,2020-07-06 14:32:31,52.0,66.4,120.0578969907407,38.985611510791365,37.884892086330936
829,2020-07-06 15:08:33,2020-07-06 15:32:43,72.0,86.8,122.73839057807811,39.0,38.0
830,2020-07-06 20:30:26,2020-07-06 21:01:06,54.8,75.6,122.98278438835473,41.0,39.637837837837836
831,2020-07-06 21:39:28,2020-07-06 21:56:48,87.2,97.6,127.62691733440185,41.285714285714285,40.0
832,2020-07-07 03:15:22,2020-07-07 04:06:20,62.0,97.6,125.06290371410738,38.18276762402089,35.74151436031332
833,2020-07-07 05:36:15,2020-07-07 05:51:01,89.2,97.6,127.54003811177257,37.99107142857143,35.0
834,2020-07-07 14:02:04,2020-07-07 14:33:14,40.0,70.4,121.15221610014618,40.590425531914896,39.138297872340424
835,2020-07-07 14:33:35,2020-07-07 14:50:35,70.8,87.2,122.55588363821133,42.0,40.66019417475728
836,2020-07-07 18:06:08,2020-07-07 18:36:28,71.2,87.6,123.08178650067757,41.0,40.0
837,2020-07-07 18:36:49,2020-07-07 18:55:09,88.0,97.6,127.10935445601864,41.0,40.0
838,2020-07-08 01:48:21,2020-07-08 02:11:01,45.2,67.2,120.23737727272727,39.23357664233577,36.839416058394164
839,2020-07-08 02:11:40,2020-07-08 02:29:10,67.2,84.0,121.55588905423282,40.056603773584904,38.0
840,2020-07-08 12:33:46,2020-07-08 13:05:06,52.4,82.4,122.01297657407405,38.4973544973545,37.12169312169312
841,2020-07-08 13:05:27,2020-07-08 13:27:37,82.8,97.6,128.11846002252256,39.0,38.0
842,2020-07-08 19:58:08,2020-07-08 20:26:18,50.0,76.8,122.55804529436156,42.40588235294118,40.35294117647059
843,2020-07-08 20:26:39,2020-07-08 20:54:39,77.2,97.6,126.36779105392164,43.0,41.0
844,2020-07-09 04:18:04,2020-07-09 04:36:54,32.0,46.0,123.31746071428572,37.175438596491226,34.69298245614035
845,2020-07-09 04:37:15,2020-07-09 05:04:15,46.4,66.8,121.32216761982573,38.607361963190186,36.32515337423313
846,2020-07-09 05:04:36,2020-07-09 05:31:26,67.2,86.8,125.4988664965987,39.0,37.0
847,2020-07-10 01:09:25,2020-07-10 01:37:10,74.4,91.2,123.70700868055555,36.19642857142857,34.976190476190474
848,2020-07-10 05:59:11,2020-07-10 06:26:51,73.6,90.8,121.89599588178291,36.0,34.5688622754491
849,2020-07-10 15:33:57,2020-07-10 15:53:16,26.4,39.6,121.7047315025252,39.21848739495798,37.64705882352941
850,2020-07-10 15:55:06,2020-07-10 16:13:46,39.2,52.0,121.28469791666664,40.85840707964602,39.424778761061944
851,2020-07-11 15:35:53,2020-07-11 16:09:13,29.2,49.6,122.54901960784312,36.67661691542288,35.791044776119406
852,2020-07-11 16:09:34,2020-07-11 16:42:44,50.0,70.0,124.37499999999999,38.68,37.79
853,2020-07-11 16:43:05,2020-07-11 17:09:25,70.4,86.0,126.60256410256414,39.0,38.295597484276726
854,2020-07-11 17:09:46,2020-07-11 17:29:16,86.4,97.6,129.23612834821444,39.855932203389834,39.0
855,2020-07-12 04:48:04,2020-07-12 05:10:44,20.4,41.6,124.85784610849055,35.7956204379562,33.91970802919708
856,2020-07-12 05:11:05,2020-07-12 05:42:25,42.0,72.0,121.77083958333337,38.87301587301587,36.904761904761905
857,2020-07-12 05:42:46,2020-07-12 06:11:06,72.4,94.8,125.61632874503974,40.198830409356724,38.12280701754386
858,2020-07-12 13:09:09,2020-07-12 13:30:49,42.8,63.2,124.18302376089324,40.63358778625954,39.221374045801525
859,2020-07-12 13:31:10,2020-07-12 14:02:10,63.6,91.2,123.90400100644123,42.32620320855615,40.63101604278075
860,2020-07-13 02:32:44,2020-07-13 02:52:24,26.4,44.8,125.52837560386475,36.91596638655462,34.9327731092437
861,2020-07-13 02:52:45,2020-07-13 03:27:25,45.2,78.8,121.24297416501324,39.464114832535884,37.54066985645933
862,2020-07-13 03:27:46,2020-07-13 03:53:36,79.2,97.6,127.75364258756045,40.67307692307692,38.6025641025641
863,2020-07-13 13:09:44,2020-07-13 13:32:44,69.2,91.2,123.09407159090908,38.719424460431654,37.53237410071942
864,2020-07-13 21:26:22,2020-07-13 23:00:12,14.8,89.2,123.75084608908303,43.685106382978724,41.02553191489362
865,2020-07-14 06:17:50,2020-07-14 08:10:50,9.6,97.6,123.96365229955808,42.07783018867924,38.93867924528302
866,2020-07-14 23:34:15,2020-07-14 23:51:05,58.8,68.8,125.44997400000003,44.0,42.0
867,2020-07-14 23:51:26,2020-07-15 00:21:56,69.2,87.2,126.80089768518519,44.0,42.0
868,2020-07-15 06:11:24,2020-07-15 06:42:54,50.0,80.0,122.44305097222224,42.44736842105263,39.44210526315789
869,2020-07-15 06:43:15,2020-07-15 07:08:05,80.0,97.6,125.96986876578289,43.0,40.0
870,2020-07-15 19:13:26,2020-07-15 19:44:16,6.0,35.6,121.63007591966968,44.0,42.225806451612904
871,2020-07-15 19:44:37,2020-07-15 20:13:17,35.6,62.0,122.54263236531986,45.872832369942195,44.202312138728324
872,2020-07-15 20:13:38,2020-07-15 20:40:08,62.0,85.6,124.35912947269307,47.0,45.15625
873,2020-07-16 08:24:19,2020-07-16 08:46:09,53.6,61.6,121.18231684027776,35.0,33.0
874,2020-07-16 08:46:30,2020-07-16 09:22:30,61.6,74.4,121.81861035156247,35.0,33.0
875,2020-07-16 09:31:42,2020-07-16 09:57:12,77.2,86.0,122.69573516414145,35.0,33.0
876,2020-07-16 09:57:33,2020-07-16 10:25:33,86.0,95.6,122.07467925347231,35.0,33.0
877,2020-07-16 15:43:51,2020-07-16 16:02:41,48.0,66.0,122.46298518518519,41.64035087719298,40.26315789473684
878,2020-07-16 16:03:02,2020-07-16 16:34:52,66.4,93.2,124.92746957918743,42.848958333333336,41.635416666666664
879,2020-07-17 00:30:16,2020-07-17 00:47:16,36.8,52.8,123.88540937500001,39.8252427184466,37.679611650485434
880,2020-07-17 00:47:37,2020-07-17 01:20:37,53.2,84.4,123.29059188034186,41.49748743718593,38.984924623115575
881,2020-07-17 01:20:58,2020-07-17 01:40:48,84.8,97.6,127.47288411458338,42.0,39.0
882,2020-07-17 14:52:57,2020-07-17 15:19:17,54.8,79.6,123.99530689964158,41.886792452830186,40.35220125786164
883,2020-07-17 15:19:38,2020-07-17 15:44:38,80.0,97.6,127.26564749053033,43.0,41.0
884,2020-07-18 00:57:57,2020-07-18 01:23:07,22.0,46.0,122.20254803240739,38.671052631578945,36.31578947368421
885,2020-07-18 01:23:28,2020-07-18 01:52:38,46.4,74.0,123.23821955515295,41.36363636363637,38.70454545454545
886,2020-07-18 01:52:59,2020-07-18 02:17:29,74.4,94.0,124.7923806689343,42.0,39.37162162162162
887,2020-07-18 15:55:00,2020-07-18 16:23:00,41.6,68.4,121.86516759950248,43.42603550295858,41.98816568047337
888,2020-07-18 16:23:21,2020-07-18 16:52:01,68.4,91.2,123.84686068469787,45.0,43.786127167630056
889,2020-07-19 01:57:37,2020-07-19 02:17:17,33.6,52.0,124.83848007246378,38.47899159663866,36.19327731092437
890,2020-07-19 02:17:38,2020-07-19 02:50:28,52.4,83.6,122.85435265313393,40.611111111111114,38.23232323232323
891,2020-07-19 14:10:32,2020-07-19 14:40:12,42.0,70.4,122.61149061032862,41.09497206703911,39.3072625698324
892,2020-07-19 14:40:33,2020-07-19 15:11:33,70.8,95.6,125.9711033826165,42.0,40.06951871657754
893,2020-07-20 03:01:09,2020-07-20 03:44:46,10.8,52.0,123.31300971210895,37.88414634146341,36.015243902439025
894,2020-07-20 13:55:40,2020-07-20 14:22:30,39.6,65.2,122.25586458333333,41.833333333333336,40.425925925925924
895,2020-07-20 14:22:51,2020-07-20 14:52:31,65.6,91.6,124.38836303418803,43.67039106145251,42.40782122905028
896,2020-07-20 18:38:01,2020-07-20 18:56:18,70.0,84.4,118.34694554398142,43.0,41.45652173913044
897,2020-07-20 20:05:01,2020-07-20 20:26:14,84.0,97.6,126.05700501429745,42.0,40.0
898,2020-07-21 13:38:55,2020-07-21 14:09:15,14.8,33.2,122.6977931763285,38.0,36.03825136612022
899,2020-07-21 14:09:36,2020-07-21 14:43:56,33.6,54.4,122.80451469017095,39.11538461538461,37.48557692307692
900,2020-07-21 14:44:17,2020-07-21 15:14:57,54.4,73.2,121.46057683215132,40.0,38.98918918918919
901,2020-07-21 15:15:18,2020-07-21 15:45:28,73.2,91.2,124.80017870370375,40.28021978021978,39.0
902,2020-07-22 11:24:44,2020-07-22 11:49:34,26.8,42.0,122.40769947002923,32.74,32.0
903,2020-07-22 11:49:55,2020-07-22 12:21:15,42.0,62.0,117.37151493055558,34.60846560846561,33.93121693121693
904,2020-07-22 12:21:36,2020-07-22 12:54:16,62.0,82.0,122.28817326388888,35.984771573604064,35.0
905,2020-07-23 07:31:13,2020-07-23 09:31:18,24.0,97.6,122.47962810046802,35.686252771618626,34.30820399113082
906,2020-07-23 16:15:41,2020-07-23 16:48:01,70.0,96.0,124.08014615384617,42.56923076923077,40.98461538461538
907,2020-07-24 01:55:27,2020-07-24 03:16:11,27.6,97.6,124.64250705357145,40.76072607260726,38.64026402640264
908,2020-07-24 13:00:31,2020-07-24 13:30:41,15.2,31.6,122.33059349593496,40.0,38.032967032967036
909,2020-07-24 13:31:02,2020-07-24 14:01:52,32.0,48.4,125.0304569783198,41.225806451612904,39.215053763440864
910,2020-07-24 14:02:13,2020-07-24 14:34:31,48.8,66.4,122.04573993055551,42.51020408163265,40.0
911,2020-07-24 14:34:52,2020-07-24 15:01:52,66.4,81.2,121.33067661411413,42.22085889570552,40.0
912,2020-07-24 15:02:13,2020-07-24 15:33:43,81.2,97.6,127.76081131436321,42.04210526315789,40.0
913,2020-07-24 23:27:23,2020-07-24 23:54:01,21.2,38.0,123.75909403108467,39.192546583850934,37.05590062111801
914,2020-07-24 23:54:22,2020-07-25 00:21:52,38.0,56.4,119.56521739130437,40.566265060240966,38.46987951807229
915,2020-07-25 00:22:13,2020-07-25 00:50:33,56.4,74.8,123.1899156099034,41.89473684210526,39.0
916,2020-07-25 00:50:54,2020-07-25 01:24:04,75.2,95.6,127.55516224128552,42.0,39.0
917,2020-07-25 06:57:23,2020-07-25 07:46:05,61.2,97.6,123.74974381105008,38.740437158469945,36.557377049180324
918,2020-07-27 06:27:38,2020-07-27 08:07:18,20.0,97.6,123.32421251789808,36.78475935828877,35.87967914438503
919,2020-07-27 16:25:23,2020-07-27 16:56:53,22.4,43.6,124.05400655136268,43.65263157894737,42.247368421052634
920,2020-07-27 16:57:14,2020-07-27 17:28:04,43.6,64.8,121.31224914832288,45.68279569892473,44.155913978494624
921,2020-07-27 17:28:25,2020-07-27 17:51:35,65.2,80.8,123.86664236111118,46.7,45.0
922,2020-07-28 01:11:13,2020-07-28 01:43:53,26.0,56.4,123.89713048245616,42.54314720812183,39.90355329949239
923,2020-07-28 01:44:14,2020-07-28 02:16:04,56.8,85.2,124.59557814945228,45.078125,42.567708333333336
924,2020-07-28 07:34:06,2020-07-28 08:03:26,70.4,94.4,125.68983049768521,41.621468926553675,38.83050847457627
925,2020-07-28 23:55:06,2020-07-29 00:15:46,13.6,32.8,124.49144943576391,40.008,38.168
926,2020-07-29 00:16:07,2020-07-29 00:46:47,32.8,61.6,123.0449638310185,42.394594594594594,40.567567567567565
927,2020-07-29 00:47:08,2020-07-29 01:18:18,62.0,89.2,123.32108312908494,44.319148936170215,42.32446808510638
928,2020-07-29 16:05:02,2020-07-29 16:27:32,32.0,54.0,119.86364987373739,43.47794117647059,41.89705882352941
929,2020-07-29 16:27:53,2020-07-29 16:53:22,54.0,78.0,121.30544807870369,45.701298701298704,43.91558441558441
930,2020-07-29 16:53:43,2020-07-29 17:22:43,78.4,97.6,127.57306561053252,46.0,44.994285714285716
931,2020-07-30 11:41:30,2020-07-30 12:10:00,41.6,50.8,124.94570380434793,36.74418604651163,35.325581395348834
932,2020-07-30 12:10:21,2020-07-30 12:40:11,51.2,60.8,125.34148697916676,37.57222222222222,36.0
933,2020-07-30 12:40:32,2020-07-30 13:11:52,60.8,71.2,121.5171442307692,38.0,36.0
934,2020-07-30 13:12:13,2020-07-30 13:40:03,71.2,80.4,122.02299728260869,38.0,36.01190476190476
935,2020-07-30 13:40:24,2020-07-30 14:06:54,80.4,88.8,127.24211607142874,38.0,36.95
936,2020-07-30 18:04:09,2020-07-30 18:30:29,60.4,85.2,125.31139191308247,40.937106918238996,39.20125786163522
937,2020-07-30 18:30:50,2020-07-30 18:47:50,85.6,96.8,124.95288107638886,41.10679611650485,40.0
938,2020-07-31 00:50:17,2020-07-31 01:19:47,47.2,75.2,123.30309657738098,42.825842696629216,40.63483146067416
939,2020-07-31 12:48:41,2020-07-31 14:03:16,34.0,97.6,124.19222278563944,37.39107142857143,34.95
940,2020-08-01 14:01:29,2020-08-01 14:25:59,56.0,78.8,125.4648003776803,34.78378378378378,33.70945945945946
941,2020-08-01 14:26:20,2020-08-01 14:54:10,79.2,97.6,124.24591983695659,35.964285714285715,34.86904761904762
942,2020-08-02 00:26:44,2020-08-02 00:55:14,2.0,28.8,124.22057514510779,35.0,32.25
943,2020-08-02 01:10:55,2020-08-02 01:38:25,43.6,69.2,125.39334456380209,38.4277108433735,36.12048192771084
944,2020-08-02 01:38:46,2020-08-02 02:09:36,69.6,94.4,128.09812600806447,39.98924731182796,37.473118279569896
945,2020-08-02 15:00:45,2020-08-02 15:30:55,35.2,63.6,123.88008910406887,34.27472527472528,32.565934065934066
946,2020-08-02 15:31:16,2020-08-02 16:00:06,64.0,90.0,123.74894139957264,36.52873563218391,34.758620689655174
947,2020-08-03 00:24:01,2020-08-03 00:48:01,40.0,62.4,124.79723741319444,35.351724137931036,33.33103448275862
948,2020-08-03 00:48:22,2020-08-03 01:17:32,62.8,89.2,124.40234438131313,37.32954545454545,35.3125
949,2020-08-03 15:06:31,2020-08-03 16:18:10,27.6,92.4,122.92019161522632,36.386617100371744,34.06505576208178
950,2020-08-04 03:06:05,2020-08-04 03:34:35,32.0,59.6,120.61696276167473,34.48255813953488,32.58139534883721
951,2020-08-04 03:34:56,2020-08-04 04:07:46,60.0,89.6,124.23189832019521,36.94949494949495,34.91919191919192
952,2020-08-04 17:44:58,2020-08-04 18:13:28,14.8,41.6,125.28971507048095,36.7906976744186,35.31395348837209
953,2020-08-04 18:13:49,2020-08-04 18:43:39,42.0,70.8,121.98882899305559,40.05555555555556,38.38333333333333
954,2020-08-04 18:44:00,2020-08-04 19:12:20,71.2,94.0,126.24148361354779,41.36842105263158,39.92982456140351
955,2020-08-05 02:36:57,2020-08-05 02:59:47,37.6,59.2,124.91768492798352,35.80434782608695,33.333333333333336
956,2020-08-05 03:00:08,2020-08-05 03:28:48,59.6,86.8,124.59404437295754,37.421965317919074,35.15606936416185
957,2020-08-05 09:44:50,2020-08-05 10:57:25,43.6,97.6,124.88473136831277,35.69908256880734,32.669724770642205
958,2020-08-05 16:30:52,2020-08-05 17:01:02,65.6,91.6,123.9919860576923,35.05494505494506,32.42307692307692
959,2020-08-06 03:00:25,2020-08-06 03:20:25,42.0,52.4,124.93322649572652,30.454545454545453,28.694214876033058
960,2020-08-06 03:20:46,2020-08-06 03:48:16,52.8,67.6,123.87387387387389,31.650602409638555,29.89156626506024
961,2020-08-06 03:48:37,2020-08-06 04:36:32,67.6,93.2,124.7808157552083,32.083044982698965,30.525951557093425
962,2020-08-06 13:29:57,2020-08-06 13:47:07,29.6,48.0,124.47313451086958,35.70192307692308,33.95192307692308
963,2020-08-06 13:47:28,2020-08-06 14:18:38,48.4,82.4,122.13234558823527,38.494680851063826,36.9468085106383
964,2020-08-06 20:13:05,2020-08-06 20:33:25,37.6,51.6,122.07736448412699,38.48780487804878,36.40650406504065
965,2020-08-06 20:33:46,2020-08-06 21:05:16,51.6,73.2,122.58936220421808,39.810526315789474,37.78421052631579
966,2020-08-06 21:05:37,2020-08-06 21:36:37,73.2,93.6,124.98161567265802,40.0,38.0
967,2020-08-07 04:58:42,2020-08-07 05:27:02,43.2,60.4,123.82108688630498,37.45614035087719,34.619883040935676
968,2020-08-07 05:27:23,2020-08-07 06:00:53,60.4,80.8,123.43548488562095,38.0,35.24752475247525
969,2020-08-07 06:01:14,2020-08-07 06:29:14,80.8,97.6,125.15295841600533,38.0,36.0
970,2020-08-08 02:27:38,2020-08-08 02:55:38,23.6,40.4,125.28028571428575,36.46153846153846,34.562130177514796
971,2020-08-08 02:55:59,2020-08-08 03:25:49,40.8,59.2,121.8735173611111,38.27777777777778,36.394444444444446
972,2020-08-08 03:26:10,2020-08-08 03:56:00,59.2,77.6,121.87804634661843,39.0,37.0
973,2020-08-08 03:56:21,2020-08-08 04:22:01,77.6,93.2,123.61558431267802,39.04516129032258,37.0
974,2020-08-08 14:23:29,2020-08-08 14:44:29,26.0,45.6,125.06945514455785,38.7007874015748,37.37795275590551
975,2020-08-08 14:44:50,2020-08-08 15:12:30,46.0,72.8,120.41874595771147,40.8502994011976,39.550898203592816
976,2020-08-08 15:12:51,2020-08-08 15:42:01,73.2,95.6,125.8252862103175,42.0,40.03977272727273
977,2020-08-08 23:01:56,2020-08-08 23:30:46,22.8,40.0,125.20756984819126,38.55172413793103,36.58045977011494
978,2020-08-08 23:31:07,2020-08-09 00:03:57,40.4,60.8,120.17434558823534,40.282828282828284,38.06565656565657
979,2020-08-09 00:04:18,2020-08-09 00:31:08,60.8,77.2,122.16807621951217,41.0,39.0
980,2020-08-09 06:45:47,2020-08-09 07:15:57,44.4,77.2,122.59865917174795,38.68131868131868,36.16483516483517
981,2020-08-09 07:16:18,2020-08-09 07:43:08,77.6,97.6,127.83541951388891,40.0,37.19135802469136
982,2020-08-09 14:41:21,2020-08-09 15:48:43,29.6,91.2,123.67357124368685,42.74901185770751,41.14624505928854
983,2020-08-09 23:13:19,2020-08-09 23:30:29,14.4,30.4,125.3915103298612,41.09615384615385,38.5
984,2020-08-09 23:30:50,2020-08-10 00:04:20,30.8,62.8,121.37457756076391,43.54455445544554,40.975247524752476
985,2020-08-10 00:04:41,2020-08-10 00:32:51,63.2,87.2,124.66435590277779,45.55294117647059,43.0
986,2020-08-10 08:57:15,2020-08-10 09:23:55,56.8,82.0,123.85914958112876,40.11801242236025,37.67080745341615
987,2020-08-10 19:22:28,2020-08-10 19:46:08,7.6,30.0,124.11644066220238,42.14685314685315,40.13986013986014
988,2020-08-10 19:46:29,2020-08-10 20:15:09,30.4,57.2,124.06871180555554,44.31791907514451,42.179190751445084
989,2020-08-10 20:15:30,2020-08-10 20:45:40,57.6,84.8,124.95199029820267,46.472527472527474,44.0
990,2020-08-10 20:46:01,2020-08-10 21:07:11,85.2,97.6,128.6122615367384,47.0,44.0
991,2020-08-11 16:27:30,2020-08-11 17:40:53,17.2,86.4,123.81887039980732,40.51724137931034,38.990925589836664
992,2020-08-12 06:35:00,2020-08-12 07:56:31,27.6,97.6,123.75985227182542,36.60294117647059,34.611111111111114
993,2020-08-12 13:50:14,2020-08-12 14:14:44,69.6,82.4,127.619359157986,37.0,35.189189189189186
994,2020-08-12 22:50:16,2020-08-12 23:16:36,22.8,47.6,124.12580163530467,34.320754716981135,32.320754716981135
995,2020-08-12 23:16:57,2020-08-12 23:45:27,48.0,75.2,122.39840047998365,37.401162790697676,35.325581395348834
996,2020-08-12 23:45:48,2020-08-13 00:14:28,75.6,97.2,125.78189621913576,38.82658959537572,36.15028901734104
997,2020-08-13 05:27:23,2020-08-13 05:49:23,65.2,77.2,122.22222222222221,36.0,33.0
998,2020-08-13 05:49:46,2020-08-13 06:17:56,77.2,92.4,123.53801169590642,36.0,33.0
999,2020-08-13 12:07:00,2020-08-13 12:28:50,57.6,70.8,124.3424097222223,34.0,32.85606060606061
1000,2020-08-13 12:29:11,2020-08-13 12:56:31,70.8,87.2,125.4192350948509,34.45454545454545,33.0
1001,2020-08-13 12:56:52,2020-08-13 13:14:52,87.6,97.6,128.5902872222222,35.0,33.0
1002,2020-08-13 23:42:12,2020-08-14 00:16:12,36.8,70.0,120.61957864792505,36.4780487804878,34.853658536585364
1003,2020-08-14 00:16:33,2020-08-14 00:48:43,70.4,96.0,124.54592556423616,38.58247422680412,36.83505154639175
1004,2020-08-14 11:59:27,2020-08-14 12:28:17,40.4,68.4,121.55061319444447,36.11494252873563,34.793103448275865
1005,2020-08-14 12:28:38,2020-08-14 12:59:28,68.8,94.4,124.55674500868051,37.994623655913976,36.74731182795699
1006,2020-08-14 23:31:07,2020-08-14 23:50:47,12.4,30.8,124.99624365942034,35.49579831932773,33.924369747899156
1007,2020-08-14 23:51:08,2020-08-15 00:23:48,31.2,62.4,122.42523112535615,38.34517766497462,36.55329949238579
1008,2020-08-15 00:24:09,2020-08-15 00:53:09,62.8,89.2,123.78736879208752,40.73142857142857,38.78857142857143
1009,2020-08-15 04:47:22,2020-08-15 05:17:02,18.4,38.4,123.74654131944445,38.564245810055866,35.3072625698324
1010,2020-08-15 05:17:23,2020-08-15 05:47:33,38.4,59.2,120.91146347489313,40.29120879120879,36.857142857142854
1011,2020-08-15 05:47:54,2020-08-15 06:17:14,59.6,79.6,122.44099409722229,41.0,38.0
1012,2020-08-15 06:17:35,2020-08-15 06:43:15,79.6,96.0,125.27355801151757,41.0,38.0
1013,2020-08-15 11:23:15,2020-08-15 11:43:25,76.0,92.8,121.91056398809525,36.97540983606557,33.0
1014,2020-08-15 16:12:05,2020-08-15 16:38:15,79.6,97.6,127.65201705246916,38.050632911392405,37.0
1015,2020-08-16 00:41:03,2020-08-16 01:09:03,37.6,46.0,125.57049206349211,35.30177514792899,33.17751479289941
1016,2020-08-16 01:09:24,2020-08-16 01:39:24,46.0,55.6,117.70838541666669,36.0,34.0
1017,2020-08-16 01:39:45,2020-08-16 02:13:45,55.6,66.0,123.14108012820519,36.0,34.0
1018,2020-08-16 02:14:06,2020-08-16 02:44:16,66.4,75.6,123.50850875603885,36.0,34.0
1019,2020-08-16 02:44:37,2020-08-16 03:11:37,75.6,83.6,127.12505625000001,36.0,34.0
1020,2020-08-16 03:11:58,2020-08-16 03:40:38,83.6,92.4,122.70207449494936,36.0,34.0
1021,2020-08-16 03:40:59,2020-08-16 03:59:39,92.4,97.6,135.21373504273538,36.0,34.0
1022,2020-08-16 14:57:00,2020-08-16 15:25:20,34.4,51.6,123.54651162790695,37.64327485380117,36.2046783625731
1023,2020-08-16 15:25:41,2020-08-16 15:55:01,52.0,70.0,122.22222222222223,39.0,37.80790960451977
1024,2020-08-16 15:55:22,2020-08-16 16:25:22,70.0,88.0,125.0,39.591160220994475,38.0
1025,2020-08-16 21:15:05,2020-08-16 21:34:35,56.8,70.0,124.0919409722222,40.0,37.898305084745765
1026,2020-08-16 21:34:56,2020-08-16 21:59:16,70.0,86.4,124.69933816056904,40.0,37.0
1027,2020-08-17 02:00:32,2020-08-17 02:59:39,62.8,97.6,125.31201552203063,38.0,35.0
1028,2020-08-17 11:38:49,2020-08-17 13:05:33,13.6,84.0,123.34127420691287,37.31950844854071,35.96927803379416
1029,2020-08-17 18:21:18,2020-08-17 18:44:08,37.2,58.4,125.66430909329145,38.41304347826087,36.35507246376812
1030,2020-08-17 18:44:29,2020-08-17 19:11:19,58.8,84.0,124.17107010582009,40.28395061728395,38.129629629629626
1031,2020-08-17 19:11:40,2020-08-17 19:32:10,84.4,97.6,128.4985352483166,41.0,39.0
1032,2020-08-18 06:43:03,2020-08-18 07:15:53,0.8,18.4,124.00251073232324,35.25757575757576,33.005050505050505
1033,2020-08-18 07:16:14,2020-08-18 07:48:14,18.4,36.0,120.83332575757578,35.29015544041451,33.248704663212436
1034,2020-08-18 07:48:35,2020-08-18 08:21:15,36.4,53.6,126.10952115633074,36.6497461928934,34.558375634517766
1035,2020-08-18 08:21:36,2020-08-18 08:57:36,54.0,72.8,127.1786513741135,38.0,35.935483870967744
1036,2020-08-18 08:57:57,2020-08-18 09:24:17,73.2,86.8,128.59478921568635,38.0,36.0
1037,2020-08-18 09:24:38,2020-08-18 09:45:38,87.2,97.6,131.6146057692309,38.0,36.0
1038,2020-08-18 18:02:11,2020-08-18 18:33:01,61.6,89.6,123.62699479166672,40.903225806451616,39.03763440860215
1039,2020-08-19 01:22:10,2020-08-19 01:52:20,51.2,79.2,125.73561919642857,36.6978021978022,33.5989010989011
1040,2020-08-19 08:08:34,2020-08-19 08:40:54,65.6,85.2,124.27440391156459,32.0,29.0
1041,2020-08-19 08:41:15,2020-08-19 09:05:25,85.2,97.6,125.69783053315425,32.80821917808219,29.80821917808219
1042,2020-08-20 14:23:34,2020-08-20 14:42:14,12.4,18.0,125.59281354166669,33.30088495575221,31.371681415929203
1043,2020-08-20 14:42:35,2020-08-20 15:11:25,18.0,26.8,123.61274400252526,33.38505747126437,31.603448275862068
1044,2020-08-20 15:11:46,2020-08-20 15:42:26,27.2,36.4,125.55561111111115,34.20540540540541,32.62162162162162
1045,2020-08-20 15:42:47,2020-08-20 16:13:37,36.4,46.0,120.97806278935184,35.13978494623656,33.69892473118279
1046,2020-08-20 16:13:58,2020-08-20 16:43:58,46.0,56.0,113.00005000000002,36.0,34.65745856353591
1047,2020-08-20 16:44:19,2020-08-20 17:12:29,56.0,65.2,115.32009933574876,36.0,35.0
1048,2020-08-20 21:51:51,2020-08-20 22:25:41,51.6,83.2,125.50370903656822,37.083333333333336,35.544117647058826
1049,2020-08-20 22:26:02,2020-08-20 22:47:02,83.6,97.6,125.89881121031748,38.0,36.0
1050,2020-08-21 13:02:41,2020-08-21 13:20:31,45.6,62.4,123.77975562169317,37.092592592592595,35.611111111111114
1051,2020-08-21 13:20:52,2020-08-21 13:49:52,62.8,88.8,125.6746761217949,38.48571428571429,37.371428571428574
1052,2020-08-21 20:53:57,2020-08-21 21:10:57,29.2,45.2,125.15192743055559,39.87378640776699,37.407766990291265
1053,2020-08-21 21:26:58,2020-08-21 21:52:28,55.6,79.6,125.19735601851858,42.85064935064935,40.16883116883117
1054,2020-08-21 21:52:49,2020-08-21 22:19:29,80.0,97.6,127.51657346906569,43.90683229813665,40.900621118012424
1055,2020-08-22 02:37:27,2020-08-22 03:08:07,65.2,92.0,123.91947092661695,40.2,37.0
1056,2020-08-22 13:19:15,2020-08-22 13:45:25,39.6,64.4,123.3311089829749,38.79113924050633,37.27215189873418
1057,2020-08-22 13:45:46,2020-08-22 14:17:36,64.8,92.0,125.05566855596403,40.645833333333336,38.994791666666664
1058,2020-08-22 22:26:33,2020-08-22 22:48:23,38.4,59.2,122.63689723557691,37.21212121212121,34.28787878787879
1059,2020-08-22 22:48:44,2020-08-22 23:13:44,59.6,82.8,125.73336308668584,38.94701986754967,36.05298013245033
1060,2020-08-23 06:17:25,2020-08-23 06:41:25,76.8,84.8,129.12842958333331,34.0,31.0
1061,2020-08-23 06:41:46,2020-08-23 07:15:11,85.2,96.4,128.79335305059516,34.0,31.0
1062,2020-08-23 14:37:30,2020-08-23 15:02:30,37.6,61.2,123.18859004237291,40.3046357615894,38.397350993377486
1063,2020-08-23 15:02:51,2020-08-23 15:32:11,61.6,88.4,125.87275300580431,42.32768361581921,40.40112994350282
1064,2020-08-24 04:19:36,2020-08-24 04:44:26,17.2,40.0,126.89996119639373,36.46666666666667,34.553333333333335
1065,2020-08-24 04:44:47,2020-08-24 05:13:37,40.4,68.0,121.73458690619965,39.270114942528735,37.310344827586206
1066,2020-08-24 05:13:58,2020-08-24 05:42:38,68.4,92.4,125.10764027777779,41.0,38.96531791907515
1067,2020-08-24 13:03:47,2020-08-24 13:31:17,20.0,38.0,126.39740200617284,40.08433734939759,38.19277108433735
1068,2020-08-24 13:31:38,2020-08-24 14:04:08,38.4,60.4,122.13323156565659,41.58673469387755,39.62244897959184
1069,2020-08-24 14:04:29,2020-08-24 14:35:39,60.4,81.6,121.59921213312373,42.941489361702125,40.0
1070,2020-08-24 14:36:00,2020-08-24 15:01:53,81.6,97.6,126.74012852430556,43.0,40.0
1071,2020-08-26 13:19:33,2020-08-26 13:54:13,5.6,17.6,124.22231851851848,34.95693779904306,34.0
1072,2020-08-26 13:54:34,2020-08-26 14:26:14,17.6,28.8,121.57747519841267,35.0,34.0
1073,2020-08-26 14:26:35,2020-08-26 14:57:35,28.8,39.6,123.42602160493823,36.101604278074866,34.98395721925134
1074,2020-08-26 14:57:56,2020-08-26 15:27:46,39.6,50.0,123.34945459401712,37.31111111111111,36.28333333333333
1075,2020-08-26 15:28:07,2020-08-26 15:58:57,50.0,60.0,132.5834361111111,38.354838709677416,37.403225806451616
1076,2020-08-26 15:59:18,2020-08-26 16:30:18,60.4,70.8,127.4840731837607,39.0,38.0
1077,2020-08-26 21:38:26,2020-08-26 21:55:26,31.6,47.6,124.22744730902781,35.15533980582524,32.0873786407767
1078,2020-08-26 21:55:47,2020-08-26 22:27:27,47.6,77.6,123.67502175925931,37.45026178010471,34.44502617801047
1079,2020-08-27 13:46:56,2020-08-27 14:10:46,48.4,71.2,122.85453508771926,37.65277777777778,36.361111111111114
1080,2020-08-27 14:11:07,2020-08-27 14:39:27,71.6,94.4,125.73466934697852,39.0,37.72514619883041
1081,2020-08-28 00:11:28,2020-08-28 00:37:38,31.6,56.8,122.4537310405644,38.620253164556964,36.68354430379747
1082,2020-08-28 00:37:59,2020-08-28 01:06:39,56.8,84.4,122.48392391304344,41.01156069364162,38.89017341040462
1083,2020-08-28 01:07:00,2020-08-28 01:27:20,84.8,97.6,128.34963878038198,42.0,39.0
1084,2020-08-28 06:53:47,2020-08-28 07:14:57,41.2,60.8,126.21883453798193,38.1171875,35.046875
1085,2020-08-28 07:15:18,2020-08-28 07:44:58,61.2,88.4,125.27115150122545,39.64804469273743,36.659217877094974
1086,2020-08-28 16:47:08,2020-08-28 17:07:58,43.6,63.2,124.14896081349205,41.56349206349206,40.285714285714285
1087,2020-08-28 17:08:19,2020-08-28 17:34:09,63.6,87.6,125.48843246527781,42.94871794871795,41.506410256410255
1088,2020-08-29 08:55:28,2020-08-29 09:22:38,31.6,40.8,127.49542466787443,33.0,31.896341463414632
1089,2020-08-29 09:22:59,2020-08-29 09:52:59,41.2,52.0,119.90736111111109,33.950276243093924,32.552486187845304
1090,2020-08-29 09:53:20,2020-08-29 10:23:30,52.0,63.2,116.26731622023803,34.91208791208791,33.0
1091,2020-08-29 10:23:51,2020-08-29 10:53:31,63.2,74.0,118.57505709876544,35.0,33.0
1092,2020-08-29 10:53:52,2020-08-29 11:26:32,74.0,85.2,125.90272916666659,35.0,33.0
1093,2020-08-29 11:26:53,2020-08-29 11:59:33,85.2,96.4,125.90272916666659,35.0,33.0
1094,2020-08-29 19:20:06,2020-08-29 19:47:16,57.2,82.4,125.94467813051146,37.68292682926829,36.23780487804878
1095,2020-08-29 19:47:37,2020-08-29 20:09:37,82.8,97.6,126.62912593843846,38.0,37.0
1096,2020-08-30 01:45:39,2020-08-30 02:16:39,68.0,93.6,125.77093918185767,38.77005347593583,36.97860962566845
1097,2020-08-30 13:17:06,2020-08-30 13:46:06,21.6,50.8,122.54947383942165,39.777142857142856,38.142857142857146
1098,2020-08-30 13:46:27,2020-08-30 14:18:57,51.2,84.0,122.19470668191062,43.107142857142854,41.45918367346939
1099,2020-08-30 14:19:18,2020-08-30 14:40:28,84.0,97.6,124.91219087009809,44.0,42.078125
1100,2020-08-30 17:47:54,2020-08-30 18:16:04,64.4,88.0,124.92350182438798,44.99411764705882,43.0
1101,2020-08-31 16:43:51,2020-08-31 17:03:41,4.4,22.8,125.53971203200489,40.0,37.0
1102,2020-08-31 17:04:02,2020-08-31 17:27:02,23.2,44.8,123.99434593621402,40.94964028776978,38.35971223021583
1103,2020-08-31 17:27:23,2020-08-31 17:53:33,44.8,69.6,122.88754928315416,43.550632911392405,41.12658227848101
1104,2020-08-31 17:53:54,2020-08-31 18:21:34,70.0,91.2,126.00434008123689,44.90419161676647,42.0
1105,2020-09-01 02:39:49,2020-09-01 03:00:29,24.8,37.2,124.7457183019713,37.0,34.16
1106,2020-09-01 03:00:50,2020-09-01 03:31:00,37.2,56.0,120.07828294917256,38.25824175824176,35.510989010989015
1107,2020-09-01 03:31:21,2020-09-01 04:02:01,56.0,74.8,122.06853073286051,39.0,36.84864864864865
1108,2020-09-01 04:02:22,2020-09-01 04:33:52,74.8,93.6,125.32874209515367,39.0,37.0
1109,2020-09-01 16:13:57,2020-09-01 16:32:57,13.6,31.6,123.13117206790123,41.08695652173913,39.28695652173913
1110,2020-09-01 16:33:18,2020-09-01 17:04:28,32.0,61.6,122.23301384196697,43.388297872340424,41.744680851063826
1111,2020-09-01 17:04:49,2020-09-01 17:35:09,61.6,87.6,123.11271768162395,45.0,43.65573770491803
1112,2020-09-02 07:43:46,2020-09-02 07:58:35,38.0,50.0,123.20081600694446,33.955357142857146,32.375
1113,2020-09-02 08:00:59,2020-09-02 09:07:58,50.0,97.6,124.96351266923438,36.341948310139166,34.60437375745527
1114,2020-09-02 14:56:57,2020-09-02 15:22:42,42.4,58.0,124.08104602920227,41.57216494845361,40.19072164948454
1115,2020-09-02 20:28:57,2020-09-02 20:49:27,23.2,42.4,124.86980960648151,39.846774193548384,38.395161290322584
1116,2020-09-02 21:35:16,2020-09-02 22:03:16,73.2,94.8,124.95371791409471,42.994082840236686,41.36094674556213
1117,2020-09-03 14:50:57,2020-09-03 15:21:57,61.2,82.0,124.91591119123935,40.3475935828877,39.0
1118,2020-09-03 15:22:18,2020-09-03 15:47:18,82.4,97.6,129.10456990131587,41.0,39.728476821192054
1119,2020-09-03 22:30:10,2020-09-03 23:01:40,63.2,82.4,123.1915653935185,40.11578947368421,38.90526315789474
1120,2020-09-03 23:02:01,2020-09-03 23:28:01,82.4,97.6,127.34739574195915,40.789808917197455,39.0
1121,2020-09-04 03:54:21,2020-09-04 04:24:46,76.0,97.6,125.29116316872431,38.92576419213974,36.0
1122,2020-09-04 16:14:37,2020-09-04 16:33:57,28.0,46.4,123.41938269927535,35.72649572649573,34.06837606837607
1123,2020-09-04 16:34:18,2020-09-04 16:56:58,46.4,68.4,121.0164097222222,38.043795620437955,36.62043795620438
1124,2020-09-04 16:57:19,2020-09-04 17:26:29,68.8,93.2,124.466081454918,39.19886363636363,38.0
1125,2020-09-04 23:53:29,2020-09-05 01:46:29,50.0,84.0,125.15887892156866,36.0,33.19103773584906
1126,2020-09-05 16:40:46,2020-09-05 17:11:16,15.6,44.0,125.00343872261351,36.08695652173913,34.66304347826087
1127,2020-09-05 17:11:37,2020-09-05 17:41:27,44.4,73.2,120.5382193287037,39.28888888888889,37.855555555555554
1128,2020-09-06 00:19:36,2020-09-06 00:53:06,42.0,73.6,123.77506144514771,38.45544554455446,36.06435643564357
1129,2020-09-06 00:53:27,2020-09-06 01:24:37,74.0,97.6,125.58322663606407,40.0,37.3031914893617
1130,2020-09-06 10:22:26,2020-09-06 10:53:46,47.6,77.2,123.70919050300301,36.34920634920635,34.61904761904762
1131,2020-09-06 10:54:07,2020-09-06 11:21:47,77.6,97.6,127.07848486111115,37.73652694610779,36.0
1132,2020-09-06 19:30:31,2020-09-06 19:54:41,37.6,60.4,123.45698336988305,38.73287671232877,37.02054794520548
1133,2020-09-06 19:55:02,2020-09-06 20:20:42,60.4,84.4,124.59952152777774,40.38709677419355,38.729032258064514
1134,2020-09-06 20:21:03,2020-09-06 20:41:03,84.8,97.6,127.04537597656258,41.0,39.0
1135,2020-09-07 14:09:18,2020-09-07 14:35:38,33.6,59.2,122.10503597005207,36.16981132075472,34.257861635220124
1136,2020-09-07 14:35:59,2020-09-07 15:05:19,59.6,87.6,123.61407822420638,38.42372881355932,36.655367231638415
1137,2020-09-08 03:16:38,2020-09-08 05:02:58,17.6,97.6,123.42310439236111,36.1077694235589,34.407268170426065
1138,2020-09-08 11:10:04,2020-09-08 13:09:45,22.4,97.6,123.87398477763006,35.80957683741648,33.12694877505568
1139,2020-09-08 20:47:48,2020-09-08 21:09:48,65.2,85.6,125.88099761710245,34.285714285714285,32.63157894736842
1140,2020-09-08 21:24:09,2020-09-08 21:47:59,84.8,97.6,122.75065266927089,34.951388888888886,33.0
1141,2020-09-09 21:53:40,2020-09-09 22:24:50,17.2,46.4,124.67989982876715,33.34574468085106,31.6968085106383
1142,2020-09-09 22:25:11,2020-09-09 22:56:31,46.8,76.8,121.94676731481482,36.65608465608466,35.03703703703704
1143,2020-09-09 22:56:52,2020-09-09 23:24:32,77.2,97.6,123.35853662854039,38.0,36.0
1144,2020-09-10 08:16:02,2020-09-10 08:45:32,38.4,56.0,125.4308432765151,34.848314606741575,32.70786516853933
1145,2020-09-10 08:45:53,2020-09-10 09:15:23,56.4,74.4,122.64349120370362,36.0,34.0
1146,2020-09-10 09:15:44,2020-09-10 09:43:34,74.4,90.8,126.97067945460712,36.94047619047619,34.666666666666664
1147,2020-09-11 14:04:29,2020-09-11 14:24:59,9.2,21.6,124.54415849014337,35.0,34.0
1148,2020-09-11 14:25:20,2020-09-11 14:54:10,21.6,39.2,123.41543134469697,35.695402298850574,34.729885057471265
1149,2020-09-11 14:54:31,2020-09-11 15:26:01,39.2,58.8,121.0714553571429,37.81578947368421,36.915789473684214
1150,2020-09-11 15:26:22,2020-09-11 15:52:42,58.8,74.8,123.98613854166665,39.0,38.0
1151,2020-09-12 00:12:35,2020-09-12 00:29:05,42.4,52.4,123.4930298611111,37.0,35.0
1152,2020-09-12 00:29:26,2020-09-12 01:02:46,52.4,72.4,124.72219444444437,38.0,35.87064676616915
1153,2020-09-12 01:03:07,2020-09-12 01:35:07,72.8,92.0,124.69109845196755,38.0,36.0
1154,2020-09-12 06:49:59,2020-09-12 07:09:19,86.8,97.6,123.81942991255146,33.0,30.0
1155,2020-09-12 13:40:29,2020-09-12 14:10:29,54.8,82.8,125.20140486111111,37.05524861878453,35.74585635359116
1156,2020-09-12 22:41:46,2020-09-12 23:11:16,45.6,73.6,124.40129965277784,34.71910112359551,32.162921348314605
1157,2020-09-12 23:11:37,2020-09-12 23:33:17,74.0,92.0,124.12422592592588,36.0,33.16793893129771
1158,2020-09-13 14:09:14,2020-09-13 14:37:54,49.6,67.2,122.15909090909089,34.74566473988439,33.72832369942196
1159,2020-09-13 14:38:15,2020-09-13 15:11:45,67.2,87.2,125.6319451388889,35.9009900990099,34.806930693069305
1160,2020-09-13 15:12:06,2020-09-13 15:30:46,87.6,97.6,128.0055373611111,36.0,35.0
1161,2020-09-13 23:13:00,2020-09-13 23:32:10,40.0,58.0,123.84030408950622,35.69827586206897,33.39655172413793
1162,2020-09-13 23:32:31,2020-09-14 00:00:11,58.4,84.0,125.69339225260418,37.44311377245509,34.89221556886228
1163,2020-09-14 00:00:32,2020-09-14 00:22:02,84.4,97.6,127.40955776515163,38.0,35.746153846153845
1164,2020-09-14 12:08:15,2020-09-14 12:38:45,23.6,43.6,123.69655319444443,34.95652173913044,33.5
1165,2020-09-14 12:39:06,2020-09-14 13:09:46,43.6,64.4,119.4097454594017,37.12432432432433,35.605405405405406
1166,2020-09-14 13:10:07,2020-09-14 13:39:07,64.4,83.6,122.35028276909729,38.0,36.04571428571428
1167,2020-09-14 13:39:28,2020-09-14 14:01:28,84.0,97.2,126.17423463804711,38.0,36.96992481203007
1168,2020-09-15 08:20:58,2020-09-15 08:45:18,63.2,86.0,124.6814216008772,30.91156462585034,29.79591836734694
1169,2020-09-15 08:45:39,2020-09-15 09:03:59,86.0,97.6,126.1015381944445,32.0,30.8018018018018
1170,2020-09-16 19:00:34,2020-09-16 19:18:54,42.0,54.4,123.93373879928322,30.17117117117117,29.36936936936937
1171,2020-09-16 19:19:15,2020-09-16 19:47:15,54.8,73.6,124.80944193262415,31.502958579881657,30.70414201183432
1172,2020-09-16 19:47:36,2020-09-16 20:15:36,74.0,92.0,127.53476844135805,32.43195266272189,31.390532544378697
1173,2020-09-17 16:21:28,2020-09-17 16:49:38,33.6,53.6,119.57151409722222,36.9,35.71176470588235
1174,2020-09-17 16:49:59,2020-09-17 17:20:29,53.6,75.6,117.6477079545455,38.34782608695652,37.0
1175,2020-09-17 17:20:50,2020-09-17 17:48:30,75.6,94.0,122.6653113677536,39.0,37.51497005988024
1176,2020-09-18 01:35:12,2020-09-18 01:55:12,46.0,58.0,124.54746736111113,35.63636363636363,33.264462809917354
1177,2020-09-18 01:55:33,2020-09-18 02:18:23,58.0,71.2,125.18309353956225,36.0,34.0
1178,2020-09-18 02:18:44,2020-09-18 02:48:24,71.6,88.0,126.40076338075879,36.33519553072626,34.0
1179,2020-09-18 02:48:45,2020-09-18 03:06:25,88.4,97.6,129.93358695652188,37.0,34.0
1180,2020-09-18 11:54:52,2020-09-18 12:24:22,59.2,79.2,123.90971305555556,35.79213483146067,34.0
1181,2020-09-18 12:24:43,2020-09-18 12:56:13,79.2,97.6,125.26947493961362,36.0,34.56315789473684
1182,2020-09-19 10:16:33,2020-09-19 10:39:13,42.0,63.6,122.44599524176954,30.503649635036496,28.985401459854014
1183,2020-09-19 10:39:34,2020-09-19 11:04:44,64.0,87.2,125.68427520354403,32.546052631578945,30.93421052631579
1184,2020-09-19 11:05:05,2020-09-19 11:24:45,87.6,97.6,128.7597433333333,33.18487394957983,32.0
1185,2020-09-19 17:22:03,2020-09-19 17:52:23,58.0,86.4,124.7271245109546,34.278688524590166,31.797814207650273
1186,2020-09-19 17:52:44,2020-09-19 18:12:14,86.8,97.6,128.69597543724285,35.0,33.0
1187,2020-09-20 02:49:37,2020-09-20 06:20:50,33.2,97.6,123.48421937543137,32.74384858044164,30.738170347003155
1188,2020-09-20 12:25:27,2020-09-20 12:54:47,63.6,89.6,125.82159011752138,36.282485875706215,34.72316384180791
1189,2020-09-21 07:37:10,2020-09-21 08:02:10,42.4,66.4,121.584496412037,32.11258278145695,30.94701986754967
1190,2020-09-21 08:02:31,2020-09-21 08:32:41,66.4,92.0,123.62631347656252,34.27472527472528,33.24175824175824
1191,2020-09-21 18:15:05,2020-09-21 18:44:55,60.0,77.2,123.67815156653745,36.0,34.733333333333334
1192,2020-09-21 18:45:16,2020-09-21 19:09:56,77.2,90.8,124.68649836601313,36.2751677852349,35.0
1193,2020-09-22 01:22:14,2020-09-22 01:53:24,45.2,64.4,121.20375781250002,35.21808510638298,33.56382978723404
1194,2020-09-22 01:53:45,2020-09-22 02:22:55,64.4,82.0,123.73742897727283,36.0,34.0
1195,2020-09-22 02:23:16,2020-09-22 02:49:46,82.4,97.6,128.59927503654978,36.0,34.0
1196,2020-09-22 10:45:56,2020-09-22 11:05:16,23.2,41.2,125.36883302469133,35.22222222222222,33.64102564102564
1197,2020-09-22 11:05:37,2020-09-22 11:35:37,41.6,70.4,121.49498128858023,37.89502762430939,36.331491712707184
1198,2020-09-22 11:35:58,2020-09-22 12:03:58,70.8,93.6,124.37804855019495,39.52662721893491,37.93491124260355
1199,2020-09-22 14:52:41,2020-09-22 15:12:21,85.6,97.6,125.45602789351847,39.0,37.0
1200,2020-09-23 03:11:32,2020-09-23 03:38:42,50.4,76.0,123.98655973307291,35.08536585365854,33.24390243902439
1201,2020-09-23 03:39:03,2020-09-23 04:09:53,76.4,97.6,126.54678111897282,36.0,34.494623655913976
1202,2020-09-23 05:26:37,2020-09-23 05:47:57,84.8,97.6,125.68317847222228,36.0,34.0
1203,2020-09-23 14:19:47,2020-09-23 15:07:41,47.2,90.4,124.49216243569961,35.75277777777778,34.28611111111111
1204,2020-09-24 07:32:12,2020-09-24 08:01:22,63.2,89.2,124.88568675213676,29.789772727272727,28.579545454545453
1205,2020-09-25 11:28:56,2020-09-25 12:55:55,13.6,92.8,122.70754830773005,33.47626339969372,32.26186830015314
1206,2020-09-25 18:46:11,2020-09-25 19:06:11,52.0,70.4,127.01163828502413,37.46280991735537,35.8099173553719
1207,2020-09-25 19:06:24,2020-09-25 19:23:24,70.8,86.8,124.11806684027778,38.1747572815534,36.883495145631066
1208,2020-09-25 19:23:45,2020-09-25 19:41:35,87.2,97.6,130.220356971154,39.0,37.0
1209,2020-09-26 03:24:13,2020-09-26 03:56:23,52.8,83.2,123.36805966739766,36.22680412371134,33.78865979381443
1210,2020-09-26 23:13:58,2020-09-26 23:43:28,10.8,38.4,124.82438597020935,29.235955056179776,27.146067415730336
1211,2020-09-26 23:43:49,2020-09-27 00:14:49,38.8,68.4,122.20486369181678,32.64705882352941,30.609625668449198
1212,2020-09-27 00:15:10,2020-09-27 00:48:00,68.8,95.2,123.07555313552186,34.686868686868685,32.32828282828283
1213,2020-09-27 06:33:33,2020-09-27 07:21:11,64.8,97.6,125.85320418360438,31.751396648044693,28.899441340782122
1214,2020-09-27 20:44:23,2020-09-27 21:50:58,44.8,97.6,124.48138663983586,31.514,30.244
1215,2020-09-28 02:58:11,2020-09-28 03:31:51,66.8,94.4,125.37943347423506,32.59113300492611,30.54679802955665
1216,2020-09-28 12:03:39,2020-09-28 12:34:11,58.4,86.8,125.40580740414711,32.108108108108105,30.57837837837838
1217,2020-09-28 12:34:32,2020-09-28 12:53:22,87.2,97.6,128.24788795405993,33.0,31.026315789473685
1218,2020-09-28 22:32:00,2020-09-28 22:56:20,43.6,66.8,122.25513739224138,34.857142857142854,32.857142857142854
1219,2020-09-28 22:56:41,2020-09-28 23:24:21,66.8,90.8,124.12036053240743,36.47305389221557,34.52694610778443
1220,2020-09-29 20:13:38,2020-09-29 21:19:24,44.4,97.6,124.22283075918968,34.406882591093115,32.97165991902834
1221,2020-10-01 02:23:10,2020-10-01 02:50:10,35.6,61.2,122.8309406467014,32.42944785276074,31.226993865030675
1222,2020-10-01 02:50:31,2020-10-01 03:18:01,61.6,87.6,123.08385144230773,34.69277108433735,33.463855421686745
1223,2020-10-01 19:48:45,2020-10-01 20:17:25,28.4,42.8,124.51777970679015,33.51445086705202,32.08670520231214
1224,2020-10-01 20:17:46,2020-10-01 20:51:16,42.8,60.8,117.01546311728394,35.26732673267327,33.63861386138614
1225,2020-10-01 20:51:37,2020-10-01 21:14:07,60.8,76.0,123.54534064327483,36.26470588235294,34.99264705882353
1226,2020-10-01 21:19:18,2020-10-01 21:48:38,78.0,96.8,124.88254957151305,37.0,35.0
1227,2020-10-02 02:25:00,2020-10-02 02:52:50,67.6,91.2,125.01648481638415,37.648809523809526,35.0
1228,2020-10-02 15:59:50,2020-10-02 16:17:10,18.0,34.4,121.9512302676152,34.40952380952381,33.22857142857143
1229,2020-10-02 16:17:31,2020-10-02 16:48:41,34.8,64.8,120.37037361111112,36.797872340425535,35.61702127659574
1230,2020-10-02 16:49:02,2020-10-02 17:12:59,65.2,88.0,120.99196987085772,38.73287671232877,37.0
1231,2020-10-02 17:13:20,2020-10-02 17:29:50,88.0,97.6,124.68895471643526,39.0,37.0
1232,2020-10-02 23:36:19,2020-10-03 00:07:19,58.8,76.0,120.08639494509042,37.0,34.0
1233,2020-10-03 00:07:40,2020-10-03 00:40:10,76.0,93.6,123.01372182765158,37.0,34.87755102040816
1234,2020-10-08 09:17:02,2020-10-08 09:37:12,30.0,42.4,122.24689090501796,24.631147540983605,24.09016393442623
1235,2020-10-08 10:02:54,2020-10-08 10:31:04,44.8,62.4,120.2951655618687,27.16470588235294,26.511764705882353
1236,2020-10-08 10:31:25,2020-10-08 11:01:45,62.4,81.2,121.28622665484632,28.56830601092896,27.830601092896174
1237,2020-10-08 11:02:06,2020-10-08 11:31:26,81.2,96.8,123.29240500356133,29.649717514124294,28.75141242937853
1238,2020-10-09 00:16:45,2020-10-09 00:48:35,58.0,77.6,122.24067332766444,30.692708333333332,28.838541666666668
1239,2020-10-09 00:48:56,2020-10-09 01:13:46,77.6,92.8,122.3739307383041,31.08,29.506666666666668
1240,2020-10-09 15:17:01,2020-10-09 15:37:21,28.4,42.4,121.34128878968258,30.203252032520325,28.691056910569106
1241,2020-10-09 15:37:42,2020-10-09 16:05:42,42.8,62.4,119.5068266723356,32.04733727810651,30.644970414201183
1242,2020-10-09 16:06:03,2020-10-09 16:38:03,62.8,84.8,121.72919412878788,33.0,32.0
1243,2020-10-10 12:19:40,2020-10-10 12:42:10,27.6,49.6,119.34722803030304,30.46323529411765,28.75735294117647
1244,2020-10-10 12:42:31,2020-10-10 13:15:11,49.6,81.2,120.53226542721521,33.29441624365482,31.609137055837564
1245,2020-10-10 13:15:32,2020-10-10 13:38:52,81.6,97.6,124.54601571180557,34.01418439716312,33.0
1246,2020-10-10 17:56:11,2020-10-10 18:27:41,68.8,85.6,124.73625008267197,35.0,34.0
1247,2020-10-10 18:28:02,2020-10-10 18:50:02,86.0,97.6,126.15777861590045,35.49624060150376,34.0
1248,2020-10-11 02:51:57,2020-10-11 03:21:07,51.6,79.6,121.61211116071433,34.24431818181818,32.125
1249,2020-10-11 03:21:28,2020-10-11 03:42:58,80.0,95.2,125.86074945175436,35.0,33.0
1250,2020-10-11 15:47:55,2020-10-11 16:12:35,22.4,46.4,120.13080312500001,35.241610738255034,33.630872483221474
1251,2020-10-11 16:12:56,2020-10-11 16:43:46,46.4,76.4,120.03010384259254,38.32258064516129,36.715053763440864
1252,2020-10-11 16:44:07,2020-10-11 17:08:37,76.8,95.6,122.76005762411349,39.236486486486484,38.0
1253,2020-10-12 03:55:53,2020-10-12 04:18:23,82.4,97.6,125.69903380847964,34.0,32.0
1254,2020-10-12 15:54:33,2020-10-12 16:21:53,40.8,67.6,119.90257690713102,37.15151515151515,36.00606060606061
1255,2020-10-12 16:22:14,2020-10-12 16:49:04,68.0,91.6,122.52884622175142,38.925925925925924,37.74074074074074
1256,2020-10-13 16:46:09,2020-10-13 17:12:59,47.2,63.6,119.46902684620598,33.20987654320987,31.77777777777778
1257,2020-10-13 17:13:20,2020-10-13 18:01:54,64.0,91.2,123.54403440563723,34.0,32.822525597269625
1258,2020-10-13 20:29:11,2020-10-13 20:51:31,84.0,97.6,123.43649264705886,33.0,30.022222222222222
1259,2020-10-14 16:11:06,2020-10-14 16:31:06,42.0,61.2,121.39901880787036,31.677685950413224,30.074380165289256
1260,2020-10-14 16:31:27,2020-10-14 16:59:27,61.6,88.0,122.33165404040408,33.437869822485204,31.727810650887573
1261,2020-10-14 16:59:48,2020-10-14 17:16:48,88.4,97.6,130.00454393115953,34.0,32.0
1262,2020-10-14 23:07:03,2020-10-15 00:02:41,43.2,86.8,121.40390584543835,34.08373205741627,32.239234449760765
1263,2020-10-15 16:18:19,2020-10-15 17:42:46,10.4,90.4,121.24890976909721,37.21293375394322,35.458990536277604
1264,2020-10-16 10:50:55,2020-10-16 11:18:05,26.8,53.2,119.91529308712121,30.445121951219512,29.371951219512194
1265,2020-10-16 11:18:26,2020-10-16 11:50:06,53.6,84.0,121.56798647660818,33.738219895287955,32.602094240837694
1266,2020-10-16 11:50:27,2020-10-16 12:12:27,84.4,97.6,124.04569938973076,35.0,34.0
1267,2020-10-17 00:15:55,2020-10-17 02:45:13,8.400001,96.8,122.16726860797564,34.558035714285715,32.53839285714286
1268,2020-10-17 10:50:31,2020-10-17 11:23:31,60.0,90.0,122.27315777777781,33.26130653266332,31.07035175879397
1269,2020-10-17 23:36:48,2020-10-17 23:56:38,5.6,24.4,123.3725057624114,30.95,29.0
1270,2020-10-17 23:56:59,2020-10-18 00:26:19,24.8,53.2,120.84508793035995,33.06214689265537,31.305084745762713
1271,2020-10-18 00:26:40,2020-10-18 00:55:50,53.6,81.6,121.89486061507941,36.17045454545455,34.24431818181818
1272,2020-10-18 00:56:11,2020-10-18 01:18:41,82.0,97.2,125.39202394005851,37.0,35.0
1273,2020-10-18 12:18:48,2020-10-18 12:37:08,24.0,41.6,121.92868568497471,28.126126126126128,26.56756756756757
1274,2020-10-18 12:37:29,2020-10-18 13:07:59,41.6,71.6,119.12317907407413,31.429347826086957,29.875
1275,2020-10-18 13:08:20,2020-10-18 13:35:10,72.0,93.6,124.65280002572024,33.53703703703704,31.864197530864196
1276,2020-10-19 14:36:32,2020-10-19 14:55:02,16.8,34.8,121.8672974537038,28.321428571428573,27.053571428571427
1277,2020-10-19 14:55:23,2020-10-19 15:28:43,35.2,68.4,119.14200133868809,31.800995024875622,30.592039800995025
1278,2020-10-19 15:29:04,2020-10-19 15:49:44,68.8,88.0,122.61937398726847,34.248,33.016
1279,2020-10-20 01:18:00,2020-10-20 01:41:10,26.8,49.2,120.68328608630952,29.814285714285713,27.714285714285715
1280,2020-10-20 01:41:31,2020-10-20 02:11:21,49.6,78.8,119.18236153919332,32.59444444444444,30.505555555555556
1281,2020-10-20 15:52:32,2020-10-20 16:23:12,46.0,75.6,121.03558089339343,33.73513513513514,32.36756756756757
1282,2020-10-20 16:23:33,2020-10-20 16:50:43,76.0,96.4,124.17008285675377,35.0,33.90853658536585
1283,2020-10-21 00:55:53,2020-10-21 01:24:53,11.2,29.2,120.83333333333333,32.0,29.0
1284,2020-10-21 01:25:14,2020-10-21 01:57:54,29.6,49.6,122.50000000000001,33.12690355329949,30.370558375634516
1285,2020-10-21 01:58:15,2020-10-21 02:29:35,50.0,69.6,119.89795918367349,34.72486772486773,31.862433862433864
1286,2020-10-21 02:29:56,2020-10-21 02:54:26,69.6,84.8,120.88815789473682,35.0,32.0
1287,2020-10-21 02:54:47,2020-10-21 03:16:17,85.2,97.6,128.25940860215064,35.0,32.0
1288,2020-10-21 17:13:40,2020-10-21 17:35:20,22.8,36.4,119.75390727124187,30.80916030534351,29.519083969465647
1289,2020-10-21 17:35:41,2020-10-21 18:08:51,36.4,57.6,117.59567596960167,32.855,31.55
1290,2020-10-21 18:09:12,2020-10-21 18:41:32,57.6,77.6,121.51947138888897,34.225641025641025,33.0
1291,2020-10-21 18:41:53,2020-10-21 19:00:23,78.0,89.2,124.15925372023806,35.0,33.151785714285715
1292,2020-10-22 02:25:58,2020-10-22 02:55:28,30.8,59.6,119.81434620949076,32.71348314606742,30.5
1293,2020-10-22 02:55:49,2020-10-22 03:22:29,60.0,85.6,121.79309179687505,35.37267080745342,33.33540372670807
1294,2020-10-22 16:25:23,2020-10-22 16:53:33,48.0,75.2,120.05107220179738,33.747058823529414,32.470588235294116
1295,2020-10-22 16:53:54,2020-10-22 17:23:44,75.6,97.6,124.08965385101011,35.0,33.9
1296,2020-10-23 01:18:37,2020-10-23 02:04:11,38.4,82.4,120.17021928030303,33.22181818181818,30.88
1297,2020-10-23 02:04:32,2020-10-23 02:27:12,82.4,97.6,123.995821637427,35.0,32.0
1298,2020-10-24 00:06:32,2020-10-24 00:32:52,33.2,58.4,121.70303295855382,30.427672955974842,29.0188679245283
1299,2020-10-24 00:33:13,2020-10-24 01:00:23,58.8,84.8,121.7467798076923,32.896341463414636,31.51219512195122
1300,2020-10-24 01:00:44,2020-10-24 01:20:34,85.2,97.6,126.47292954749119,34.0,32.0
1301,2020-10-24 14:11:58,2020-10-24 14:34:38,16.4,28.8,121.91420754928315,29.0,27.985401459854014
1302,2020-10-24 14:34:59,2020-10-24 15:06:39,29.2,46.4,122.7390180878553,30.418848167539267,29.43979057591623
1303,2020-10-24 15:07:00,2020-10-24 15:35:30,46.8,62.8,118.75781328125,32.41279069767442,31.36046511627907
1304,2020-10-24 15:35:51,2020-10-24 16:07:01,63.2,80.4,120.98677567829455,33.0,32.0
1305,2020-10-24 16:07:22,2020-10-24 16:36:12,80.4,96.0,123.27635897435904,33.36206896551724,32.0
1306,2020-10-26 05:35:26,2020-10-26 06:04:36,9.2,25.2,121.59897135416668,28.948863636363637,27.0
1307,2020-10-26 06:04:57,2020-10-26 06:39:07,25.6,44.4,121.25887529550828,29.660194174757283,27.961165048543688
1308,2020-10-26 06:39:28,2020-10-26 07:10:58,44.4,62.4,116.82331813271605,31.53684210526316,29.626315789473683
1309,2020-10-26 07:11:19,2020-10-26 07:39:19,62.8,78.4,119.82284410612529,32.0,30.0
1310,2020-10-26 07:39:40,2020-10-26 08:11:10,78.4,95.2,125.1215399305556,32.526315789473685,30.36842105263158
1311,2020-10-26 20:23:04,2020-10-26 20:50:14,56.4,74.4,124.49614020061723,34.0,33.0
1312,2020-10-26 20:50:35,2020-10-26 21:18:35,74.8,92.8,125.04629629629629,34.85207100591716,33.0
1313,2020-10-27 20:32:39,2020-10-27 20:58:39,22.8,48.0,121.2990589175485,34.98726114649681,33.439490445859875
1314,2020-10-27 20:59:00,2020-10-27 21:32:20,48.4,81.2,119.4914545647019,38.17412935323383,36.46766169154229
1315,2020-10-27 21:32:41,2020-10-27 21:52:11,81.2,95.6,121.74286178626552,39.0,37.19491525423729
1316,2020-10-28 07:08:06,2020-10-28 07:33:56,34.4,59.2,121.63419270833332,32.35897435897436,30.44871794871795
1317,2020-10-28 07:34:17,2020-10-28 08:01:17,59.6,85.2,123.05121733940972,34.68098159509202,32.98159509202454
1318,2020-10-28 08:01:38,2020-10-28 08:20:48,85.6,97.6,127.5937596064815,35.5948275862069,34.0
1319,2020-10-29 09:31:33,2020-10-29 10:03:03,31.2,62.0,119.40431957972581,28.294736842105262,27.342105263157894
1320,2020-10-29 10:03:24,2020-10-29 10:33:24,62.4,89.6,121.30567264093142,31.1878453038674,30.19889502762431
1321,2020-10-29 17:56:23,2020-10-29 18:22:13,72.8,93.6,123.74332331730773,29.814102564102566,27.685897435897434
1322,2020-10-30 16:55:39,2020-10-30 17:29:39,34.0,66.8,120.93030381944448,31.946341463414633,30.409756097560976
1323,2020-10-30 17:30:00,2020-10-30 17:58:00,67.2,91.6,122.78233720400733,34.366863905325445,32.73372781065089
1324,2020-10-31 03:08:36,2020-10-31 04:43:10,13.2,97.6,122.07060256220379,34.860759493670884,32.090014064697606
1325,2020-10-31 16:14:24,2020-10-31 16:31:44,19.2,35.6,123.30453912601624,31.447619047619046,30.085714285714285
1326,2020-10-31 16:32:05,2020-10-31 17:01:15,36.0,64.4,119.78579508998435,34.21022727272727,32.72727272727273
1327,2020-10-31 17:01:36,2020-10-31 17:32:06,64.8,91.6,122.60001394071311,36.39673913043478,34.66847826086956
1328,2020-11-01 02:44:59,2020-11-01 03:18:19,39.6,71.6,120.47438823784722,33.56716417910448,30.895522388059703
1329,2020-11-01 03:18:40,2020-11-01 03:52:00,72.0,97.6,123.00077419704863,35.527363184079604,32.985074626865675
1330,2020-11-01 16:21:39,2020-11-01 16:38:09,86.8,96.8,125.28751305555556,33.0,32.0
1331,2020-11-02 08:45:22,2020-11-02 09:12:52,74.0,90.8,123.17049685846564,28.337349397590362,27.41566265060241
1332,2020-11-02 19:04:03,2020-11-02 19:34:23,69.6,94.4,123.86704284274188,31.94535519125683,30.879781420765028
1333,2020-11-03 07:04:30,2020-11-03 07:26:20,22.8,43.6,122.96611191239322,26.454545454545453,24.674242424242426
1334,2020-11-03 07:26:41,2020-11-03 07:56:01,44.0,72.8,119.31909047067903,29.864406779661017,28.124293785310734
1335,2020-11-03 07:56:22,2020-11-03 08:26:32,73.2,96.4,123.3399330100575,31.76923076923077,29.983516483516482
1336,2020-11-03 16:04:58,2020-11-03 16:23:10,51.6,68.8,122.4560611757106,32.63963963963964,31.225225225225227
1337,2020-11-03 16:23:31,2020-11-03 16:54:41,69.2,94.4,122.56835284391536,33.851063829787236,32.648936170212764
1338,2020-11-04 06:00:20,2020-11-04 06:18:10,49.6,66.4,123.89550793650793,27.666666666666668,26.37037037037037
1339,2020-11-04 06:18:31,2020-11-04 06:44:51,66.8,90.0,123.22257968151338,29.264150943396228,27.69182389937107
1340,2020-11-04 13:41:23,2020-11-04 14:03:23,62.8,84.8,123.2096000631313,31.263157894736842,29.857142857142858
1341,2020-11-04 21:50:26,2020-11-04 22:19:06,43.6,72.0,120.31103540688576,31.815028901734102,30.023121387283236
1342,2020-11-04 22:19:27,2020-11-04 22:45:37,72.4,94.0,123.40150990226341,33.63291139240506,31.79746835443038
1343,2020-11-05 03:56:07,2020-11-05 04:20:47,61.2,85.2,122.53415358796296,30.966442953020135,28.328859060402685
1344,2020-11-05 08:20:38,2020-11-05 08:44:48,80.4,97.6,121.60530991602074,30.0,27.80821917808219
1345,2020-11-05 18:17:03,2020-11-05 18:46:13,71.6,94.8,124.44385308908043,31.977272727272727,30.738636363636363
1346,2020-11-06 13:17:13,2020-11-06 13:46:53,50.0,78.4,121.92880452856024,33.36871508379888,32.100558659217874
1347,2020-11-06 22:20:53,2020-11-06 22:41:03,30.0,49.2,121.66521954571759,33.14754098360656,31.442622950819672
1348,2020-11-06 22:41:24,2020-11-06 23:02:01,49.2,69.2,119.36409314583334,35.55555555555556,33.65873015873016
1349,2020-11-06 23:02:22,2020-11-06 23:30:42,69.6,93.2,123.39336517184553,36.84795321637427,34.89473684210526
1350,2020-11-07 03:43:31,2020-11-07 04:01:41,50.0,67.6,120.90990853851014,36.263636363636365,32.77272727272727
1351,2020-11-07 04:02:02,2020-11-07 04:31:42,67.6,92.8,122.31152033730159,37.0,33.87709497206704
1352,2020-11-07 18:30:47,2020-11-07 19:16:08,44.4,87.6,122.24900261381173,35.85766423357664,34.302919708029194
1353,2020-11-08 04:49:48,2020-11-08 05:18:28,36.4,64.8,118.96813399843506,32.346820809248555,30.63583815028902
1354,2020-11-08 05:18:49,2020-11-08 05:38:29,64.8,84.0,120.76174225983792,34.0,32.32773109243698
1355,2020-11-08 16:22:31,2020-11-08 16:40:41,30.8,42.0,121.3851419890873,31.78181818181818,30.51818181818182
1356,2020-11-08 16:41:02,2020-11-08 17:10:42,42.0,60.8,118.08803516548463,33.29050279329609,32.150837988826815
1357,2020-11-08 17:11:03,2020-11-08 17:38:23,61.2,78.0,121.75261838624338,34.0,33.0
1358,2020-11-08 17:38:44,2020-11-08 18:09:54,78.4,96.8,125.69139689009666,34.75,33.452127659574465
1359,2020-11-09 01:22:27,2020-11-09 01:52:47,38.4,68.0,120.44529246433935,33.82513661202186,31.612021857923498
1360,2020-11-09 01:53:08,2020-11-09 02:14:08,68.4,88.4,122.54097909722223,35.874015748031496,33.63779527559055
1361,2020-11-09 11:04:50,2020-11-09 11:40:40,71.6,91.2,121.73609651360539,30.99537037037037,29.0
1362,2020-11-09 18:40:43,2020-11-09 19:01:03,63.6,70.0,117.85806801215281,32.0,30.16260162601626
1363,2020-11-09 19:01:24,2020-11-09 19:31:34,70.0,78.0,125.6128401041667,32.0,30.703296703296704
1364,2020-11-09 19:31:55,2020-11-09 20:00:45,78.4,86.0,126.3779250730995,32.0,31.0
1365,2020-11-09 20:01:06,2020-11-09 20:32:42,86.0,94.4,125.2486881117724,32.0,31.0
1366,2020-11-10 01:56:35,2020-11-10 02:41:25,60.8,97.6,122.25381689689013,30.658753709198812,28.456973293768545
1367,2020-11-11 09:32:34,2020-11-11 10:00:04,31.2,50.0,121.39188711583925,25.09036144578313,24.02409638554217
1368,2020-11-11 10:00:25,2020-11-11 10:31:55,50.0,72.0,119.03344955808082,27.589473684210525,26.55263157894737
1369,2020-11-11 10:32:16,2020-11-11 11:02:16,72.0,92.0,122.98053277777778,28.81767955801105,27.823204419889503
1370,2020-11-11 17:50:22,2020-11-11 18:11:22,30.8,51.2,120.19064038671023,32.07086614173228,30.866141732283463
1371,2020-11-11 18:11:43,2020-11-11 18:33:53,51.2,72.8,119.79360551697536,34.44776119402985,33.156716417910445
1372,2020-11-11 18:34:14,2020-11-11 18:58:14,73.2,92.8,123.5005722789116,35.724137931034484,34.144827586206894
1373,2020-11-12 02:49:58,2020-11-12 03:21:08,51.6,81.2,123.35868552927928,32.680851063829785,29.824468085106382
1374,2020-11-12 14:54:03,2020-11-12 15:28:03,35.6,68.8,119.69253313253019,32.24390243902439,30.985365853658536
1375,2020-11-12 15:28:24,2020-11-12 15:56:24,69.2,92.8,121.56722010357817,34.55029585798817,33.437869822485204
1376,2020-11-12 23:50:34,2020-11-13 00:17:24,48.0,74.0,120.22541314102564,34.0,31.512345679012345
1377,2020-11-13 14:13:45,2020-11-13 14:42:45,43.6,62.8,119.79168655960648,29.34857142857143,28.142857142857142
1378,2020-11-13 14:43:06,2020-11-13 14:59:49,63.2,74.0,122.86652834362144,30.441176470588236,29.0
1379,2020-11-13 15:00:10,2020-11-13 15:28:30,74.0,91.6,122.21750181502529,31.0,29.941520467836256
1380,2020-11-14 08:35:52,2020-11-14 09:02:22,52.4,78.0,121.64333892144097,29.475,28.4
1381,2020-11-14 09:02:43,2020-11-14 09:31:33,78.4,97.6,125.80150745081026,30.948275862068964,29.862068965517242
1382,2020-11-14 19:54:02,2020-11-14 20:25:52,61.2,90.4,120.77769030631657,29.0,27.072916666666668
1383,2020-11-15 18:05:58,2020-11-15 18:22:38,26.8,42.8,121.48697508680559,26.603960396039604,25.168316831683168
1384,2020-11-15 18:22:59,2020-11-15 18:54:59,42.8,74.0,119.56240246616807,29.564766839378237,28.11917098445596
1385,2020-11-15 18:55:20,2020-11-15 19:17:00,74.4,92.4,120.80092237654323,31.03053435114504,29.900763358778626
1386,2020-11-16 00:17:25,2020-11-16 00:45:35,54.4,81.2,122.71145232172466,31.011764705882353,28.6
1387,2020-11-16 00:45:56,2020-11-16 01:10:56,81.6,97.6,124.98959262152776,32.0,29.973509933774835
1388,2020-11-16 14:13:35,2020-11-16 14:40:35,60.8,86.4,123.20205273437497,31.43558282208589,29.85276073619632
1389,2020-11-16 14:40:56,2020-11-16 15:00:16,86.8,97.6,127.69291730967083,32.00854700854701,31.0
1390,2020-11-16 23:58:12,2020-11-17 00:28:12,26.0,54.8,121.29774262152779,31.464088397790054,29.502762430939228
1391,2020-11-17 00:28:33,2020-11-17 00:56:33,55.2,82.0,121.64335069444445,34.33136094674556,32.21301775147929
1392,2020-11-17 10:27:34,2020-11-17 10:54:54,67.2,85.6,124.77581151871986,31.0,29.52121212121212
1393,2020-11-17 17:59:51,2020-11-17 18:29:51,56.0,76.0,124.3951784027778,33.3756906077348,32.0
1394,2020-11-17 18:30:12,2020-11-17 18:54:52,76.4,92.4,124.48528567708334,34.0,32.91275167785235
1395,2020-11-18 12:33:01,2020-11-18 13:01:21,55.6,74.8,122.72351164641205,29.94736842105263,29.0
1396,2020-11-18 13:15:32,2020-11-18 13:32:32,80.8,92.0,121.8762327628968,30.864077669902912,29.902912621359224
1397,2020-11-18 22:31:37,2020-11-18 22:58:57,50.4,69.2,122.05304188829784,32.2060606060606,30.715151515151515
1398,2020-11-18 22:59:18,2020-11-18 23:30:28,69.6,90.8,122.25627004716979,33.058510638297875,31.70744680851064
1399,2020-11-19 03:04:58,2020-11-19 03:31:18,2.4,20.4,121.55016458333338,37.716981132075475,34.270440251572325
1400,2020-11-19 03:31:39,2020-11-19 04:00:59,20.8,41.2,119.48121663943354,37.943502824858754,34.63841807909605
1401,2020-11-19 04:01:20,2020-11-19 04:29:10,41.2,60.4,120.44344335937507,39.583333333333336,36.458333333333336
1402,2020-11-19 04:29:31,2020-11-19 04:58:51,60.4,80.4,121.90624701388882,40.35028248587571,37.0
1403,2020-11-19 04:59:12,2020-11-19 05:27:12,80.8,97.6,126.69558978174607,40.994082840236686,37.0
1404,2020-11-19 12:12:06,2020-11-19 12:39:16,68.8,87.2,123.25334284420289,35.81707317073171,33.426829268292686
1405,2020-11-19 12:39:37,2020-11-19 12:56:07,87.6,97.6,122.07641527777781,36.0,34.0
1406,2020-11-19 20:36:21,2020-11-19 20:58:51,44.8,66.0,123.95637663784065,35.25735294117647,33.213235294117645
1407,2020-11-19 20:59:12,2020-11-19 21:29:02,66.4,92.0,123.10927636718753,36.72222222222222,34.61666666666667
1408,2020-11-20 03:16:22,2020-11-20 03:35:02,32.0,50.0,121.01311983024692,33.93805309734513,31.17699115044248
1409,2020-11-20 03:35:23,2020-11-20 04:05:13,50.4,78.8,122.6173771517997,36.4,33.63333333333333
1410,2020-11-20 04:05:34,2020-11-20 04:31:24,79.2,97.6,124.44596361714981,37.0,34.8974358974359
1411,2020-11-20 12:03:42,2020-11-20 12:29:22,25.6,43.2,121.83241066919193,33.27741935483871,31.387096774193548
1412,2020-11-20 12:29:43,2020-11-20 13:00:53,43.2,65.2,118.32262462121213,35.16489361702128,33.340425531914896
1413,2020-11-20 13:01:14,2020-11-20 13:28:04,65.2,83.6,121.79501222826093,36.04938271604938,34.0
1414,2020-11-22 12:01:14,2020-11-22 12:19:14,32.4,47.2,122.18469735360358,27.587155963302752,27.137614678899084
1415,2020-11-22 12:19:35,2020-11-22 12:49:01,47.6,71.6,118.19688880787042,30.179775280898877,29.48876404494382
1416,2020-11-22 12:49:22,2020-11-22 13:18:12,72.0,92.4,123.61180051742917,31.666666666666668,30.82183908045977
1417,2020-11-23 02:34:13,2020-11-23 03:03:30,48.8,77.2,120.42210531103284,30.943502824858758,28.943502824858758
1418,2020-11-23 03:03:51,2020-11-23 03:31:31,77.6,97.6,124.13959145833336,32.0,30.0
1419,2020-11-24 02:46:05,2020-11-24 03:04:25,51.6,69.2,122.14094262941913,26.09009009009009,25.234234234234233
1420,2020-11-24 03:04:46,2020-11-24 03:34:16,69.6,93.6,122.96354484953704,27.629213483146067,26.691011235955056
1421,2020-11-24 13:44:48,2020-11-24 14:14:18,51.6,69.6,123.46299027777788,28.51685393258427,27.185393258426966
1422,2020-11-24 17:02:37,2020-11-24 17:20:57,62.0,79.2,124.3209010820413,30.45045045045045,29.216216216216218
1423,2020-11-24 17:21:18,2020-11-24 17:46:58,79.6,97.6,125.91590594135805,31.483870967741936,30.10322580645161
1424,2020-11-25 03:09:54,2020-11-25 03:29:34,44.0,56.4,118.69509083781362,28.386554621848738,26.210084033613445
1425,2020-11-25 03:29:55,2020-11-25 03:59:45,56.4,74.8,121.33300437801933,29.627777777777776,27.61111111111111
1426,2020-11-25 04:00:06,2020-11-25 04:29:46,75.2,93.2,122.77312067901232,30.1731843575419,28.441340782122904
1427,2020-11-25 14:37:43,2020-11-25 15:10:43,60.0,80.0,123.2042204166667,29.0,28.035175879396984
1428,2020-11-25 15:11:04,2020-11-25 15:40:54,80.0,97.6,124.64570549242433,29.955555555555556,29.0
1429,2020-11-26 00:26:08,2020-11-26 00:54:08,24.4,43.6,122.73003342013887,31.34319526627219,29.17751479289941
1430,2020-11-26 00:54:29,2020-11-26 01:25:29,43.6,65.6,118.59469659090914,33.64171122994652,31.540106951871657
1431,2020-11-26 01:25:50,2020-11-26 01:54:40,66.0,86.0,121.33472166666665,35.0,32.87356321839081
1432,2020-11-26 01:55:01,2020-11-26 02:13:41,86.0,97.6,123.9463673371648,35.10619469026549,33.0
1433,2020-11-26 19:45:47,2020-11-26 20:21:47,5.2,30.0,120.59755857974908,31.19815668202765,29.95852534562212
1434,2020-11-26 20:22:08,2020-11-26 20:54:28,30.0,52.4,119.98201432291667,33.10769230769231,31.374358974358973
1435,2020-11-26 20:54:49,2020-11-26 21:22:19,52.4,71.2,121.58614383865243,34.963855421686745,33.07831325301205
1436,2020-11-26 21:22:40,2020-11-26 21:53:40,71.6,92.0,124.28104330065355,35.99465240641711,33.99465240641711
1437,2020-11-27 05:26:39,2020-11-27 05:57:39,24.4,41.2,122.70830257936503,28.6951871657754,25.37433155080214
1438,2020-11-27 05:58:00,2020-11-27 06:27:10,41.6,58.0,118.26894071815721,30.40340909090909,27.289772727272727
1439,2020-11-27 06:27:31,2020-11-27 06:54:41,58.4,73.6,118.88886257309943,31.0,28.0
1440,2020-11-27 06:55:02,2020-11-27 07:26:52,73.6,90.8,123.11286038436688,31.052083333333332,28.984375
1441,2020-11-27 13:30:05,2020-11-27 14:03:55,68.0,86.4,122.54679574275357,29.0,27.068627450980394
1442,2020-11-27 14:04:16,2020-11-27 14:24:46,86.4,97.6,121.9431963045636,29.072580645161292,28.0
1443,2020-11-27 22:51:52,2020-11-27 23:18:24,26.0,51.6,121.17102144097225,29.782608695652176,27.204968944099377
1444,2020-11-27 23:18:45,2020-11-27 23:44:45,52.0,77.6,118.66646148003477,32.67515923566879,30.37579617834395
1445,2020-11-28 09:17:09,2020-11-28 09:46:59,38.8,57.2,121.5338094806763,26.122222222222224,23.833333333333332
1446,2020-11-28 09:47:20,2020-11-28 10:11:10,57.2,72.0,120.77702702702705,27.65972222222222,25.145833333333332
1447,2020-11-28 10:11:31,2020-11-28 10:42:41,72.4,91.2,124.20951536643028,28.0,26.0
1448,2020-11-29 16:07:47,2020-11-29 17:55:03,7.2,92.0,121.22477513921646,26.197515527950312,25.331677018633542
1449,2020-11-30 02:07:17,2020-11-30 02:37:07,38.4,67.6,119.55528895547947,28.283333333333335,25.511111111111113
1450,2020-11-30 02:37:28,2020-11-30 03:15:37,68.0,97.6,124.45633229635888,30.56896551724138,27.771551724137932
1451,2020-11-30 13:07:38,2020-11-30 13:37:58,41.6,60.4,120.84144289302598,24.37704918032787,23.120218579234972
1452,2020-11-30 14:13:30,2020-11-30 14:35:00,70.0,83.2,122.09595643939393,26.53846153846154,25.26923076923077
1453,2020-11-30 14:35:21,2020-11-30 15:01:41,83.2,96.8,121.62582465277781,27.364779874213838,26.0
1454,2020-12-01 00:47:29,2020-12-01 01:08:59,28.4,49.2,120.67241526442307,24.146153846153847,21.5
1455,2020-12-01 01:09:20,2020-12-01 01:39:20,49.6,78.4,121.4974051408179,27.243093922651934,24.845303867403317
1456,2020-12-01 01:39:41,2020-12-01 02:07:21,78.8,97.6,123.20627918144208,28.838323353293415,26.622754491017965
1457,2020-12-01 21:27:29,2020-12-01 21:51:59,48.4,71.6,123.39620414272036,26.56081081081081,26.06081081081081
1458,2020-12-01 21:52:20,2020-12-01 22:19:40,72.0,93.6,123.64648964763379,28.527272727272727,27.666666666666668
1459,2020-12-02 10:16:36,2020-12-02 11:05:25,20.0,60.8,118.17147734545208,23.599455040871934,21.852861035422343
1460,2020-12-02 11:08:24,2020-12-02 11:43:21,61.2,87.2,123.7480894871795,26.692015209125476,24.988593155893536
1461,2020-12-02 15:35:19,2020-12-02 15:51:59,57.2,72.8,124.67326246438755,28.475247524752476,26.861386138613863
1462,2020-12-03 00:50:13,2020-12-03 01:16:13,18.8,43.6,122.4328039874552,25.414012738853504,22.97452229299363
1463,2020-12-03 01:16:34,2020-12-03 01:46:24,44.0,73.2,119.30365986491628,28.788888888888888,26.555555555555557
1464,2020-12-03 19:55:26,2020-12-03 20:24:56,26.0,54.4,121.35173268779347,25.426966292134832,24.196629213483146
1465,2020-12-03 20:25:17,2020-12-03 20:53:17,54.8,82.0,120.22059952001631,28.579881656804734,27.319526627218934
1466,2020-12-03 20:53:38,2020-12-03 21:19:28,82.4,97.6,125.08591072733925,29.935897435897434,28.0
1467,2020-12-04 03:59:42,2020-12-04 04:25:12,35.6,60.4,120.3875568996416,24.194805194805195,20.545454545454547
1468,2020-12-04 04:25:33,2020-12-04 04:47:23,60.8,81.6,122.79916112446583,26.53030303030303,23.265151515151516
1469,2020-12-04 15:39:51,2020-12-04 16:06:11,30.4,46.8,119.89249906842822,22.144654088050313,20.930817610062892
1470,2020-12-04 16:06:52,2020-12-04 16:35:22,47.2,65.2,118.11038109567902,24.308139534883722,23.13953488372093
1471,2020-12-04 16:35:43,2020-12-04 17:05:53,65.6,84.0,122.35134654287441,25.28021978021978,24.043956043956044
1472,2020-12-04 17:06:14,2020-12-04 17:27:14,84.4,96.8,125.0448241487456,26.0,25.0
1473,2020-12-05 02:33:14,2020-12-05 03:49:41,24.0,93.2,121.54795459818561,24.127177700348433,21.750871080139373
1474,2020-12-06 20:56:26,2020-12-06 22:07:57,25.6,91.6,119.76487862584177,23.592178770949722,22.515828677839853
1475,2020-12-07 02:00:31,2020-12-07 02:54:09,56.8,97.6,123.51801800449347,27.277915632754343,24.90074441687345
1476,2020-12-07 17:35:09,2020-12-07 18:07:09,25.6,56.8,119.96573887108264,27.54922279792746,26.481865284974095
1477,2020-12-07 18:07:30,2020-12-07 18:36:10,57.2,85.2,119.7103326388889,31.052023121387283,29.92485549132948
1478,2020-12-07 18:36:31,2020-12-07 18:54:21,85.2,96.8,118.61112440134104,32.0,31.0
1479,2020-12-08 07:47:51,2020-12-08 08:22:48,80.4,97.6,120.88762609819128,21.03041825095057,19.40684410646388
1480,2020-12-08 12:54:28,2020-12-08 13:40:30,71.6,96.8,121.05504985670193,22.59248554913295,21.508670520231213
1481,2020-12-08 20:47:54,2020-12-08 21:05:24,44.8,61.6,121.82789087301589,25.028301886792452,23.5188679245283
1482,2020-12-08 21:05:45,2020-12-08 21:33:45,61.6,87.6,122.31357825854705,26.83431952662722,25.467455621301774
1483,2020-12-08 21:34:06,2020-12-08 21:52:26,88.0,97.6,120.55847540509261,27.82882882882883,26.0
1484,2020-12-09 08:53:38,2020-12-09 09:21:28,50.8,77.2,122.96086405723905,21.678571428571427,20.208333333333332
1485,2020-12-09 09:21:49,2020-12-09 09:48:39,77.6,95.2,122.69256605113632,23.061728395061728,21.901234567901234
1486,2020-12-09 13:56:14,2020-12-09 14:18:24,70.0,83.6,122.78597487745108,25.0,24.0
1487,2020-12-09 23:49:39,2020-12-10 00:11:19,11.2,32.0,121.69672656249999,27.114503816793892,25.33587786259542
1488,2020-12-10 00:11:40,2020-12-10 00:45:20,32.0,64.8,119.94496756436315,30.25615763546798,28.610837438423644
1489,2020-12-10 00:45:41,2020-12-10 01:11:31,65.2,89.2,120.30673055555556,32.967948717948715,31.358974358974358
1490,2020-12-10 05:25:03,2020-12-10 05:45:03,46.4,65.2,124.448896572104,30.578512396694215,26.975206611570247
1491,2020-12-10 05:45:24,2020-12-10 06:14:04,65.6,90.8,122.30821891534391,31.942196531791907,28.601156069364162
1492,2020-12-10 16:08:18,2020-12-10 16:40:48,33.6,67.2,119.4692621527778,31.494897959183675,30.224489795918366
1493,2020-12-10 16:41:09,2020-12-10 17:09:29,67.6,92.4,123.89562959229387,33.90643274853801,32.64327485380117
1494,2020-12-11 02:29:26,2020-12-11 02:57:16,43.2,70.0,121.23601414800997,29.898809523809526,27.458333333333332
1495,2020-12-11 02:57:37,2020-12-11 03:24:27,70.4,92.8,122.72570789930562,31.685185185185187,29.493827160493826
1496,2020-12-11 07:54:30,2020-12-11 08:16:20,72.0,90.4,124.63620153985507,30.674242424242426,27.446969696969695
1497,2020-12-11 13:07:39,2020-12-11 13:24:49,35.6,47.2,123.57880818965515,30.182692307692307,28.221153846153847
1498,2020-12-11 13:25:10,2020-12-11 13:53:30,47.2,66.8,120.70580640589574,31.70175438596491,29.894736842105264
1499,2020-12-11 13:53:51,2020-12-11 14:10:41,67.2,78.8,121.17100119731808,32.92156862745098,31.0
1500,2020-12-11 22:15:50,2020-12-11 22:48:13,40.4,62.4,122.92275111111113,29.377551020408163,27.03061224489796
1501,2020-12-11 22:48:34,2020-12-11 23:19:04,62.8,83.6,122.45461845619658,30.608695652173914,28.043478260869566
1502,2020-12-12 06:03:43,2020-12-12 06:26:03,77.2,89.6,120.33380757168469,27.0,24.866666666666667
1503,2020-12-12 15:16:11,2020-12-12 15:48:01,71.2,88.4,123.08459528423772,26.223958333333332,25.114583333333332
1504,2020-12-12 22:12:20,2020-12-12 22:42:30,69.6,90.0,122.535450708061,27.824175824175825,26.274725274725274
1505,2020-12-13 06:51:29,2020-12-13 07:18:29,25.6,51.6,121.11271672008547,29.754601226993866,27.56441717791411
1506,2020-12-13 07:18:50,2020-12-13 07:48:10,52.0,80.0,122.15575793650795,32.88135593220339,30.71186440677966
1507,2020-12-13 07:48:31,2020-12-13 08:14:31,80.4,97.6,123.5990124354006,34.0,32.0
1508,2020-12-13 17:57:05,2020-12-13 18:25:15,18.0,37.2,122.05365704571759,29.370588235294118,27.24705882352941
1509,2020-12-13 18:25:36,2020-12-13 18:54:46,37.2,57.6,118.781331835512,31.335227272727273,29.09090909090909
1510,2020-12-13 18:55:07,2020-12-13 19:22:57,57.6,76.8,120.44561284722232,32.99404761904762,30.476190476190474
1511,2020-12-13 19:23:18,2020-12-13 19:52:58,77.2,96.4,122.53688765914347,33.0,31.0
1512,2020-12-14 11:17:09,2020-12-14 12:42:42,17.6,95.2,121.11028549899771,26.037325038880248,23.71384136858476
1513,2020-12-14 19:06:01,2020-12-14 19:24:01,71.6,78.0,120.93759374999986,22.0,19.0
1514,2020-12-14 19:24:22,2020-12-14 19:54:12,78.0,88.4,123.34945459401703,22.0,19.0
1515,2020-12-15 01:16:29,2020-12-15 01:45:59,54.0,82.0,123.10716066468257,22.140449438202246,19.865168539325843
1516,2020-12-15 01:46:20,2020-12-15 02:04:30,82.4,94.4,120.93401736111109,23.181818181818183,21.2
1517,2020-12-15 11:00:21,2020-12-15 12:10:00,17.2,83.6,119.79510979543177,26.217973231357554,23.384321223709367
1518,2020-12-15 21:11:11,2020-12-15 22:10:58,36.8,91.2,121.40600485345179,22.211581291759465,19.75946547884187
1519,2020-12-16 03:02:40,2020-12-16 03:22:10,24.4,43.2,121.17540011820331,21.915254237288135,18.372881355932204
1520,2020-12-16 03:22:31,2020-12-16 03:52:11,43.6,72.4,120.31926523919752,24.92737430167598,21.508379888268156
1521,2020-12-16 03:52:32,2020-12-16 04:20:52,72.8,94.8,122.91415296717172,26.70175438596491,23.023391812865498
1522,2020-12-16 18:02:15,2020-12-16 18:48:25,69.2,97.6,120.7835113605243,18.734870317002883,17.553314121037463
1523,2020-12-17 13:18:07,2020-12-17 14:23:06,45.2,96.0,121.48360248523625,24.616803278688526,22.375
1524,2020-12-17 22:43:57,2020-12-17 23:09:17,22.8,40.0,122.50885941537469,20.73202614379085,18.15686274509804
1525,2020-12-17 23:09:38,2020-12-17 23:39:28,40.4,61.2,119.28549959935894,23.044444444444444,20.88888888888889
1526,2020-12-17 23:39:49,2020-12-18 00:08:09,61.6,81.2,120.22389880952377,24.50877192982456,22.54385964912281
1527,2020-12-18 00:08:30,2020-12-18 00:38:40,81.2,97.2,123.4444527777778,25.0,23.0
1528,2020-12-18 07:53:00,2020-12-18 08:21:10,74.0,93.6,124.26164725056697,20.0,17.75294117647059
1529,2020-12-18 18:29:51,2020-12-18 18:57:01,27.6,44.4,121.81881001984132,22.225609756097562,20.908536585365855
1530,2020-12-18 18:57:22,2020-12-18 19:28:02,44.4,64.4,115.51113666666669,24.42162162162162,23.054054054054053
1531,2020-12-18 19:28:23,2020-12-18 20:00:53,64.4,84.8,120.0163664215687,25.668367346938776,24.0
1532,2020-12-19 01:28:50,2020-12-19 03:04:54,14.0,97.6,122.28895531632114,26.707350901525658,23.790568654646325
1533,2020-12-20 02:44:36,2020-12-20 04:32:25,6.0,97.6,121.73891537330181,27.00494437577256,24.867737948084056
1534,2020-12-20 16:12:39,2020-12-20 16:42:59,49.6,78.8,121.2124256563927,23.098360655737704,21.584699453551913
1535,2020-12-20 16:43:20,2020-12-20 17:09:30,79.2,95.6,123.37993555216809,24.765822784810126,23.0
1536,2020-12-20 23:21:40,2020-12-20 23:50:40,66.0,90.8,122.41713496863802,23.542857142857144,21.057142857142857
1537,2020-12-21 08:54:17,2020-12-21 09:13:57,64.8,78.0,124.22035321969693,18.831932773109244,17.07563025210084
1538,2020-12-21 09:14:18,2020-12-21 09:43:28,78.4,95.2,123.07874933862435,19.602272727272727,18.079545454545453
1539,2020-12-21 20:18:01,2020-12-21 20:41:51,34.0,48.8,120.77702702702705,21.868055555555557,20.444444444444443
1540,2020-12-21 20:42:12,2020-12-21 21:12:22,49.2,68.0,120.34574468085108,23.681318681318682,22.373626373626372
1541,2020-12-21 21:12:43,2020-12-21 21:40:53,68.4,85.6,122.81976744186053,24.676470588235293,23.08823529411765
1542,2020-12-21 21:41:14,2020-12-21 22:07:54,85.6,97.6,123.86229803240742,25.0,24.0
1543,2020-12-22 06:29:07,2020-12-22 06:51:27,24.8,46.0,122.34868107966457,19.666666666666668,17.02962962962963
1544,2020-12-22 06:51:48,2020-12-22 07:20:28,46.4,74.4,118.93057261904761,22.965317919075144,20.508670520231213
1545,2020-12-22 07:20:49,2020-12-22 07:51:29,74.8,96.0,122.45610102201255,24.772972972972973,22.427027027027027
1546,2020-12-23 07:51:19,2020-12-23 08:16:59,22.4,47.2,121.75348566308242,20.206451612903226,19.083870967741934
1547,2020-12-23 08:17:20,2020-12-23 08:46:20,47.6,76.0,120.08950601525821,23.97714285714286,22.897142857142857
1548,2020-12-23 08:46:41,2020-12-23 09:14:01,76.4,96.4,122.46389708333334,25.854545454545455,24.78787878787879
1549,2020-12-23 16:08:16,2020-12-23 16:26:06,58.0,75.2,121.07962814922482,28.49074074074074,27.40740740740741
1550,2020-12-24 00:06:15,2020-12-24 00:37:35,33.6,64.4,118.7896893939394,27.624338624338623,25.703703703703702
1551,2020-12-24 00:37:56,2020-12-24 01:02:56,64.8,88.4,121.01224782250468,30.079470198675498,28.32450331125828
1552,2020-12-24 11:34:57,2020-12-24 12:02:07,44.8,63.6,120.17211354905434,25.463414634146343,23.536585365853657
1553,2020-12-24 12:02:28,2020-12-24 12:33:28,64.0,85.6,119.38719849537038,26.737967914438503,24.946524064171122
1554,2020-12-24 22:23:37,2020-12-24 22:56:07,36.8,68.8,119.31944279513888,25.586734693877553,23.816326530612244
1555,2020-12-24 22:56:28,2020-12-24 23:26:18,69.2,94.0,121.19120004480288,27.855555555555554,26.38888888888889
1556,2020-12-25 05:48:12,2020-12-25 06:17:52,51.2,80.0,120.51795698302472,26.41340782122905,23.608938547486034
1557,2020-12-25 06:18:13,2020-12-25 06:36:53,80.4,94.0,123.7704335171569,27.79646017699115,25.0
1558,2020-12-25 14:07:14,2020-12-25 14:37:34,33.6,59.6,115.62714839743593,25.240437158469945,23.256830601092897
1559,2020-12-25 14:37:55,2020-12-25 15:08:25,59.6,83.6,119.10360005787042,27.39673913043478,25.516304347826086
1560,2020-12-25 22:52:17,2020-12-25 23:44:11,57.2,97.6,122.17695786922447,26.835897435897436,25.04102564102564
1561,2020-12-26 22:19:02,2020-12-26 22:47:32,52.4,80.0,120.65067647946861,26.8953488372093,25.38953488372093
1562,2020-12-27 03:08:10,2020-12-27 03:27:00,66.8,85.2,119.35538149154586,28.0,25.68421052631579
1563,2020-12-27 15:40:35,2020-12-27 16:08:15,7.6,34.4,120.459685789801,28.70059880239521,27.473053892215567
1564,2020-12-27 16:08:36,2020-12-27 16:40:44,34.8,66.0,120.16702649572647,32.26288659793814,31.072164948453608
1565,2020-12-27 16:42:57,2020-12-27 17:10:57,65.6,90.4,121.17608058915765,34.680473372781066,33.57396449704142
1566,2020-12-28 13:39:22,2020-12-28 14:01:22,12.8,26.8,120.1587310515873,27.977443609022558,26.593984962406015
1567,2020-12-28 14:01:43,2020-12-28 14:28:33,26.8,43.6,120.80606655092592,29.40740740740741,28.160493827160494
1568,2020-12-28 14:28:54,2020-12-28 14:57:34,44.0,62.0,117.09570424382716,31.578034682080926,30.36994219653179
1569,2020-12-28 14:57:55,2020-12-28 15:29:05,62.4,80.8,119.22857804951694,32.808510638297875,31.117021276595743
1570,2020-12-28 15:29:26,2020-12-28 15:59:46,80.8,97.2,124.9271863990515,33.0,32.0
1571,2020-12-29 03:28:19,2020-12-29 04:10:19,28.8,70.0,118.08259170037756,29.5,27.287401574803148
1572,2020-12-29 04:10:40,2020-12-29 04:43:10,70.4,96.0,121.86253076171876,32.0,29.872448979591837
1573,2020-12-29 12:46:49,2020-12-29 13:05:39,55.2,73.2,120.7901526234568,28.75438596491228,27.37719298245614
1574,2020-12-29 13:06:00,2020-12-29 13:38:30,73.6,97.2,124.01369668079094,30.107142857142858,28.770408163265305
1575,2020-12-29 20:09:42,2020-12-29 20:37:32,54.8,81.6,121.24119625829188,30.88095238095238,29.053571428571427
1576,2020-12-29 20:37:53,2020-12-29 21:02:13,82.0,97.6,125.76121251780631,32.0,30.0
1577,2020-12-30 03:35:50,2020-12-30 03:55:50,44.8,62.8,120.25385069444445,24.47107438016529,20.975206611570247
1578,2020-12-30 03:56:11,2020-12-30 04:25:41,63.2,88.8,120.73675515407989,25.89887640449438,22.48876404494382
1579,2020-12-30 04:26:02,2020-12-30 04:47:32,88.8,97.6,125.62028677398993,26.0,23.0
1580,2020-12-30 09:36:51,2020-12-30 10:16:45,76.4,97.6,120.64420256158289,20.94,17.89
1581,2020-12-30 20:44:36,2020-12-30 21:52:31,32.4,93.6,119.40473582970228,21.856862745098038,20.109803921568627
1582,2020-12-31 08:00:54,2020-12-31 08:58:41,58.0,97.6,121.53754473554996,24.571428571428573,21.44009216589862
1583,2020-12-31 21:44:32,2020-12-31 21:58:41,25.2,37.2,118.22524761574071,18.08411214953271,15.794392523364486
1584,2020-12-31 21:59:00,2020-12-31 23:22:07,37.2,97.6,119.94491930417585,22.251602564102566,20.38301282051282
1585,2021-01-02 11:30:08,2021-01-02 11:50:38,29.6,48.0,118.91155298913046,19.387096774193548,17.661290322580644
1586,2021-01-02 11:50:59,2021-01-02 12:20:09,48.4,77.6,116.75182182267885,26.3125,24.15340909090909
1587,2021-01-02 12:20:30,2021-01-02 12:43:40,78.0,94.8,121.13261822089947,27.8,25.771428571428572
1588,2021-01-02 23:02:45,2021-01-02 23:30:45,34.0,62.0,116.49601865079364,24.414201183431953,22.088757396449704
1589,2021-01-02 23:31:06,2021-01-03 00:00:16,62.4,89.2,119.69629892205637,26.744318181818183,24.53409090909091
1590,2021-01-03 18:49:36,2021-01-03 19:10:46,26.0,47.2,117.302147471174,22.5078125,21.171875
1591,2021-01-03 19:11:07,2021-01-03 19:42:17,47.2,78.4,117.35621256232191,25.882978723404257,24.49468085106383
1592,2021-01-03 19:42:38,2021-01-03 20:09:28,78.8,97.6,123.49070692966907,27.604938271604937,26.0
1593,2021-01-04 15:56:10,2021-01-04 16:26:20,44.0,73.2,120.61501983447485,23.934065934065934,22.582417582417584
1594,2021-01-04 16:26:41,2021-01-04 16:58:51,73.6,97.6,119.9959721064815,26.190721649484537,24.778350515463917
1595,2021-01-04 23:02:30,2021-01-04 23:26:10,57.6,80.4,119.98903642787523,25.972027972027973,23.986013986013987
1596,2021-01-04 23:26:31,2021-01-04 23:51:41,80.8,97.6,124.432056712963,27.0,25.0
1597,2021-01-05 16:06:46,2021-01-05 16:36:26,50.8,80.0,118.53881354642313,27.670391061452513,26.18435754189944
1598,2021-01-05 16:36:47,2021-01-05 16:58:47,80.4,96.0,121.99252243589748,29.0,27.872180451127818
1599,2021-01-05 20:52:26,2021-01-05 21:16:56,68.4,81.6,120.37352712857754,28.0,26.0
1600,2021-01-05 21:17:17,2021-01-05 21:46:07,82.0,97.6,122.49554816595445,28.0,26.0
1601,2021-01-06 03:59:51,2021-01-06 04:21:41,57.6,78.8,120.41013115828099,24.560606060606062,21.848484848484848
1602,2021-01-06 04:22:02,2021-01-06 04:42:22,79.2,94.0,124.16198507882888,25.617886178861788,23.0
1603,2021-01-06 13:57:10,2021-01-06 14:15:17,34.8,52.8,117.69168375000004,22.654545454545456,21.445454545454545
1604,2021-01-06 14:15:38,2021-01-06 14:33:38,52.8,70.8,116.8757875,24.96330275229358,23.75229357798165
1605,2021-01-06 14:44:19,2021-01-06 15:09:49,76.4,95.6,119.51680324074083,26.753246753246753,25.551948051948052
1606,2021-01-06 22:45:31,2021-01-06 23:14:01,48.0,76.0,118.73114890873015,26.563953488372093,24.46511627906977
1607,2021-01-06 23:14:22,2021-01-06 23:41:42,76.4,96.8,121.18872358387807,28.0,26.0
1608,2021-01-07 03:49:53,2021-01-07 04:09:53,67.2,86.4,118.77387818287038,26.49586776859504,23.446280991735538
1609,2021-01-07 16:43:39,2021-01-07 17:00:37,14.0,30.4,121.06742711720875,19.96153846153846,18.08653846153846
1610,2021-01-07 17:00:58,2021-01-07 17:30:48,30.8,60.8,116.38103208333335,23.011111111111113,21.261111111111113
1611,2021-01-07 17:31:09,2021-01-07 17:50:35,61.2,80.4,118.45834385127316,25.652542372881356,23.83050847457627
1612,2021-01-08 00:21:28,2021-01-08 00:50:48,51.2,75.2,116.98785717592592,21.677966101694917,18.10734463276836
1613,2021-01-08 00:51:09,2021-01-08 01:18:59,75.2,93.6,120.81523067632858,22.071428571428573,19.0
1614,2021-01-08 21:09:20,2021-01-08 21:38:30,21.6,44.4,93.73722685185186,19.306818181818183,16.835227272727273
1615,2021-01-08 21:38:51,2021-01-08 22:08:01,44.8,65.6,117.21356503739318,26.267045454545453,23.102272727272727
1616,2021-01-08 23:11:54,2021-01-08 23:38:24,77.2,94.4,122.01790915697673,25.0,23.0
1617,2021-01-09 20:12:44,2021-01-09 20:42:14,23.2,52.4,118.17258423706242,25.719101123595507,23.40449438202247
1618,2021-01-09 20:42:35,2021-01-09 21:10:35,52.4,80.0,118.57238003220614,28.810650887573964,26.62130177514793
1619,2021-01-09 21:10:56,2021-01-09 21:37:06,80.4,97.6,124.18526041666674,30.0,27.930379746835442
1620,2021-01-10 04:26:00,2021-01-10 04:46:50,18.4,38.8,119.21501184640526,21.61904761904762,17.642857142857142
1621,2021-01-10 04:47:11,2021-01-10 05:16:51,39.2,68.8,116.99325028153156,24.748603351955307,21.41899441340782
1622,2021-01-10 05:17:12,2021-01-10 05:46:52,68.8,93.2,120.43318323087429,26.70391061452514,23.76536312849162
1623,2021-01-10 11:42:22,2021-01-10 12:32:32,47.2,92.0,119.74324709201389,22.96286472148541,19.806366047745357
1624,2021-01-11 01:16:56,2021-01-11 02:25:31,35.2,95.2,119.24234248379628,25.745631067961163,23.06601941747573
1625,2021-01-11 07:15:06,2021-01-11 07:45:36,61.6,87.6,119.66347521367527,23.331521739130434,18.744565217391305
1626,2021-01-11 07:45:57,2021-01-11 08:09:47,88.0,97.6,124.0509476273149,23.791666666666668,20.0
1627,2021-01-11 16:56:41,2021-01-11 17:25:41,40.0,56.8,118.35069543650793,22.394285714285715,19.297142857142855
1628,2021-01-11 17:26:02,2021-01-11 17:55:52,56.8,75.6,119.28046380023645,25.916666666666668,22.0
1629,2021-01-11 17:56:13,2021-01-11 18:29:43,76.0,95.6,120.85107284580505,25.940594059405942,22.0
1630,2021-01-12 02:21:33,2021-01-12 02:49:33,40.0,66.4,117.81514530723905,24.17751479289941,20.047337278106507
1631,2021-01-12 02:49:54,2021-01-12 03:19:34,66.4,92.0,118.94532590060767,28.0,23.798882681564248
1632,2021-01-12 13:06:31,2021-01-12 13:48:01,51.2,88.4,120.51946030839306,24.01923076923077,21.009615384615383
1633,2021-01-12 19:09:42,2021-01-12 19:28:22,57.6,69.2,120.96865708812261,22.734513274336283,19.97345132743363
1634,2021-01-12 19:28:43,2021-01-12 19:59:33,69.2,88.4,120.71038556134259,23.0,20.381720430107528
1635,2021-01-13 02:11:18,2021-01-13 02:31:08,12.8,32.0,119.1377495659723,20.791666666666668,17.291666666666668
1636,2021-01-13 02:31:29,2021-01-13 03:05:29,32.4,65.6,117.97106785475239,24.12682926829268,21.004878048780487
1637,2021-01-13 03:29:27,2021-01-13 03:54:37,86.8,97.6,125.89376954732512,27.0,24.0
1638,2021-01-13 16:26:24,2021-01-13 16:54:04,37.2,64.4,117.47909553717324,22.49700598802395,21.34131736526946
1639,2021-01-13 16:54:25,2021-01-13 17:25:15,64.8,91.2,119.65017334806399,25.134408602150536,24.053763440860216
1640,2021-01-14 15:49:56,2021-01-14 16:20:46,55.6,85.2,120.82208694632135,24.198924731182796,22.801075268817204
1641,2021-01-15 00:27:49,2021-01-15 00:56:09,37.2,60.8,118.82122151600755,23.526315789473685,21.076023391812864
1642,2021-01-15 00:56:30,2021-01-15 01:19:40,61.2,79.6,118.74699373490343,25.07857142857143,22.85
1643,2021-01-15 01:20:01,2021-01-15 01:48:11,80.0,96.8,123.70950785383599,26.0,23.058823529411764
1644,2021-01-15 14:14:08,2021-01-15 14:47:08,68.8,95.2,120.22308122895622,24.753768844221106,23.748743718592966
1645,2021-01-16 00:21:13,2021-01-16 00:45:43,34.4,58.4,119.22917974537037,24.62837837837838,21.93918918918919
1646,2021-01-16 00:46:04,2021-01-16 01:08:58,58.8,81.2,119.44247735615076,27.345323741007196,25.0
1647,2021-01-16 15:06:08,2021-01-16 15:34:27,57.2,84.4,120.38088245506533,22.8953488372093,22.093023255813954
1648,2021-01-16 23:29:58,2021-01-17 00:00:48,26.4,47.6,120.9577849842767,24.236559139784948,23.349462365591396
1649,2021-01-17 00:01:09,2021-01-17 00:27:29,48.0,66.8,116.49229343971635,26.67295597484277,25.70440251572327
1650,2021-01-17 00:27:50,2021-01-17 00:55:30,66.8,86.0,119.84083246527774,27.940119760479043,26.940119760479043
1651,2021-01-17 00:55:51,2021-01-17 01:14:51,86.4,97.6,126.07884176587312,28.591304347826085,27.22608695652174
1652,2021-01-17 21:25:37,2021-01-17 22:50:52,10.0,91.2,118.94060163690474,26.0390625,24.7375
1653,2021-01-18 03:24:38,2021-01-18 04:54:50,30.4,97.6,120.12858794436181,25.88330871491876,22.236336779911372
1654,2021-01-18 16:50:24,2021-01-18 17:09:24,10.0,28.8,118.09620131501181,21.843478260869563,20.469565217391306
1655,2021-01-18 17:09:45,2021-01-18 17:41:35,29.2,60.8,117.76944053270044,25.057291666666668,23.838541666666668
1656,2021-01-18 17:41:56,2021-01-18 18:12:16,61.2,89.2,120.30060734126984,28.25136612021858,26.91256830601093
1657,2021-01-18 23:36:01,2021-01-19 00:04:31,68.0,84.4,121.56590277777772,24.0,21.0
1658,2021-01-19 00:04:52,2021-01-19 00:21:42,84.8,94.0,123.91155253623181,24.0,21.0
1659,2021-01-19 20:09:18,2021-01-19 20:38:38,21.2,39.6,119.2994903381642,22.915254237288135,21.576271186440678
1660,2021-01-19 20:38:59,2021-01-19 21:10:19,39.6,60.0,114.94006154684094,25.306878306878307,24.015873015873016
1661,2021-01-19 22:20:12,2021-01-19 22:39:22,63.2,75.2,119.5404841435185,26.0,24.974137931034484
1662,2021-01-19 22:39:43,2021-01-19 23:11:03,75.6,94.8,120.57578298611107,26.52910052910053,25.24867724867725
1663,2021-01-20 06:22:47,2021-01-20 06:52:27,47.6,57.6,119.50560680555556,24.0,21.206703910614525
1664,2021-01-20 06:52:48,2021-01-20 07:20:48,57.6,67.2,116.82726953124998,24.0,22.0
1665,2021-01-20 07:21:09,2021-01-20 07:54:09,67.2,78.0,121.83899408436218,24.0,22.0
1666,2021-01-20 07:54:30,2021-01-20 08:24:50,78.4,88.0,125.70458260995376,24.0,22.0
1667,2021-01-20 08:25:11,2021-01-20 08:54:51,88.4,97.6,124.41276419082139,24.0,22.0
1668,2021-01-20 18:26:37,2021-01-20 18:56:57,41.2,60.8,115.55560714285721,27.240437158469945,25.961748633879782
1669,2021-01-20 18:57:18,2021-01-20 19:25:48,60.8,78.8,118.12349969135802,28.61046511627907,27.11046511627907
1670,2021-01-20 19:26:09,2021-01-20 19:57:09,78.8,97.2,123.4254787137681,29.0,28.0
1671,2021-01-21 08:00:56,2021-01-21 08:30:56,66.0,92.0,118.70034471153849,24.70718232044199,22.53038674033149
1672,2021-01-21 16:20:50,2021-01-21 16:39:10,52.0,63.2,121.87009250992067,24.945945945945947,23.81081081081081
1673,2021-01-21 16:39:31,2021-01-21 17:10:11,63.6,82.4,121.77162396572103,25.967567567567567,24.794594594594596
1674,2021-01-21 17:10:32,2021-01-21 17:33:52,82.8,96.8,121.60719841269841,26.97872340425532,25.75177304964539
1675,2021-01-22 02:33:50,2021-01-22 03:01:50,14.4,41.6,120.39166431781048,27.05325443786982,24.562130177514792
1676,2021-01-22 03:02:11,2021-01-22 03:30:31,42.0,70.0,118.30061101190476,30.50877192982456,27.94736842105263
1677,2021-01-22 03:47:06,2021-01-22 04:06:06,86.0,97.6,128.32377083333338,33.0,30.0
1678,2021-01-22 15:49:33,2021-01-22 16:14:03,8.400001,34.0,111.89780542352538,26.58783783783784,25.33783783783784
1679,2021-01-22 16:14:24,2021-01-22 16:44:54,34.4,64.0,120.4284107545045,29.91304347826087,28.690217391304348
1680,2021-01-22 16:45:15,2021-01-22 17:15:45,64.4,91.6,122.04709109477132,32.63586956521739,31.467391304347824
1681,2021-01-23 01:09:39,2021-01-23 01:32:39,34.4,48.8,119.52354861111114,28.92086330935252,25.640287769784173
1682,2021-01-23 01:33:00,2021-01-23 02:00:50,49.2,66.8,118.70029332386365,30.541666666666668,27.529761904761905
1683,2021-01-23 02:01:11,2021-01-23 02:32:21,67.2,86.8,119.5210011337869,31.0,28.388297872340427
1684,2021-01-23 02:32:42,2021-01-23 02:51:02,86.8,97.6,123.44910159465023,31.34234234234234,29.0
1685,2021-01-24 03:23:25,2021-01-24 03:39:58,28.0,44.0,120.9027029166667,23.702970297029704,22.77227722772277
1686,2021-01-24 03:40:19,2021-01-24 04:10:19,44.4,74.4,116.69861902777774,26.81767955801105,25.85635359116022
1687,2021-01-24 08:19:59,2021-01-24 09:48:51,17.6,97.6,120.19008384027781,30.130434782608695,27.167916041979012
1688,2021-01-24 21:00:07,2021-01-24 22:05:30,38.0,96.0,120.36963452107278,29.792260692464357,27.918533604887983
1689,2021-01-25 16:15:43,2021-01-25 16:40:13,42.0,66.4,116.29781318306007,29.12837837837838,27.945945945945947
1690,2021-01-25 16:40:34,2021-01-25 17:13:14,66.8,94.0,120.8037199754902,31.131979695431472,29.80710659898477
1691,2021-01-26 02:51:43,2021-01-26 03:56:34,42.8,97.6,120.75252823144768,28.806981519507186,26.739219712525667
1692,2021-01-26 13:07:51,2021-01-26 13:26:11,20.0,38.0,119.11421481481483,26.83783783783784,25.36936936936937
1693,2021-01-26 13:26:32,2021-01-26 13:57:02,38.4,68.8,117.26061302997076,30.01086956521739,28.657608695652176
1694,2021-01-26 13:57:23,2021-01-26 14:26:43,69.2,93.6,119.99944245218586,32.28813559322034,30.75141242937853
1695,2021-01-26 21:21:01,2021-01-26 21:50:41,53.2,82.0,120.07523659336424,32.312849162011176,30.273743016759777
1696,2021-01-26 21:51:02,2021-01-26 22:13:52,82.4,97.6,125.44409009502935,33.0,31.0
1697,2021-01-27 13:57:28,2021-01-27 14:50:58,35.6,88.0,117.86628239768872,26.475124378109452,25.33830845771144
1698,2021-01-27 20:11:57,2021-01-27 21:24:48,52.8,97.6,120.65567592385915,29.26873857404022,27.47166361974406
1699,2021-01-28 21:46:01,2021-01-28 22:18:01,18.0,50.0,117.59506158854163,24.373056994818654,22.83419689119171
1700,2021-01-28 22:18:22,2021-01-28 22:46:12,50.4,78.0,118.60759998993558,28.148809523809526,26.50595238095238
1701,2021-01-28 22:46:33,2021-01-28 23:08:13,78.4,94.8,121.82759518970198,29.68702290076336,28.0
1702,2021-01-29 17:48:31,2021-01-29 18:16:51,55.2,83.2,118.7281615079365,25.555555555555557,24.29824561403509
1703,2021-01-29 18:17:12,2021-01-29 18:41:02,83.2,97.6,121.8277745949075,27.0,25.72222222222222
1704,2021-01-30 02:41:32,2021-01-30 03:03:22,34.4,56.0,118.41052533436216,24.386363636363637,21.795454545454547
1705,2021-01-30 03:03:43,2021-01-30 03:34:13,56.4,86.4,119.1453964814815,27.152173913043477,24.85326086956522
1706,2021-01-30 03:34:34,2021-01-30 03:53:04,86.8,97.6,126.14972402263378,28.0,26.0
1707,2021-01-30 14:38:16,2021-01-30 15:05:56,23.6,51.2,117.42203145128826,24.62874251497006,23.275449101796408
1708,2021-01-30 15:06:17,2021-01-30 15:36:47,51.6,82.0,117.5466334064328,28.320652173913043,27.043478260869566
1709,2021-01-30 23:48:27,2021-01-31 00:15:07,43.2,61.2,118.48765123456788,26.540372670807454,24.565217391304348
1710,2021-01-31 00:15:28,2021-01-31 00:43:08,61.6,80.0,120.25663919082126,27.82634730538922,25.994011976047904
1711,2021-01-31 00:43:29,2021-01-31 01:01:49,80.4,92.0,123.24592732279697,28.0,26.594594594594593
1712,2021-01-31 15:31:26,2021-01-31 15:51:36,26.4,37.2,121.19082926954728,25.71311475409836,24.524590163934427
1713,2021-01-31 15:51:57,2021-01-31 16:22:37,37.6,55.2,116.03691934974745,27.410810810810812,26.264864864864865
1714,2021-01-31 16:22:58,2021-01-31 16:50:18,55.2,70.8,116.72363817663822,28.975757575757576,27.866666666666667
1715,2021-01-31 16:50:39,2021-01-31 17:21:19,71.2,88.0,121.62780431547621,29.54054054054054,28.35135135135135
1716,2021-02-01 00:51:40,2021-02-01 01:11:30,38.8,49.6,119.27726337448554,26.841666666666665,24.375
1717,2021-02-01 01:11:51,2021-02-01 01:38:51,49.6,65.2,115.38461538461537,28.030674846625768,25.711656441717793
1718,2021-02-01 01:39:12,2021-02-01 02:12:52,65.2,84.0,119.38534278959811,29.0,26.541871921182267
1719,2021-02-01 15:29:31,2021-02-01 15:53:28,24.0,47.6,118.37746980932202,28.151724137931033,27.075862068965517
1720,2021-02-01 15:53:49,2021-02-01 16:24:09,48.0,78.0,117.8999937037037,31.53551912568306,30.508196721311474
1721,2021-02-01 16:24:30,2021-02-01 16:41:10,78.4,91.6,124.22873916245803,33.0,32.0
1722,2021-02-01 20:54:39,2021-02-01 21:13:09,67.2,85.2,120.27316990740744,31.892857142857142,29.464285714285715
1723,2021-02-01 21:13:30,2021-02-01 21:32:20,85.6,97.6,123.15280173611112,32.0,30.0
1724,2021-02-02 02:19:39,2021-02-02 03:09:17,53.6,96.0,120.52048342177675,30.155495978552278,27.158176943699733
1725,2021-02-03 04:11:35,2021-02-03 05:10:25,25.2,83.6,117.42351920662104,27.95022624434389,26.436651583710407
1726,2021-02-03 05:11:38,2021-02-03 05:35:55,83.6,97.6,120.21608803571431,30.715846994535518,29.0
1727,2021-02-04 00:23:13,2021-02-04 01:48:24,25.2,94.4,119.39578731334295,29.203125,27.68125
1728,2021-02-04 07:21:46,2021-02-04 07:50:06,58.8,76.4,120.5729166666666,25.953216374269005,23.0
1729,2021-02-04 07:50:27,2021-02-04 08:19:07,76.8,94.4,120.83807552083327,26.0,23.722543352601157
1730,2021-02-04 23:54:57,2021-02-05 00:24:57,32.8,63.2,116.2856526864035,28.635359116022098,27.30939226519337
1731,2021-02-05 00:25:18,2021-02-05 00:46:18,63.2,84.0,118.97036979166673,31.188976377952756,29.68503937007874
1732,2021-02-05 21:17:59,2021-02-05 22:35:47,28.0,97.6,119.31551540948277,29.818493150684933,28.472602739726028
1733,2021-02-06 21:01:51,2021-02-06 22:17:38,29.2,97.2,119.89525528799024,31.186291739894553,29.84182776801406
1734,2021-02-07 08:35:36,2021-02-07 09:05:56,72.0,96.0,120.71934334490739,27.08743169398907,25.75409836065574
1735,2021-02-07 15:37:47,2021-02-07 16:07:17,46.4,75.2,119.57465991512343,33.53370786516854,32.252808988764045
1736,2021-02-07 16:07:38,2021-02-07 16:36:58,75.6,97.6,122.57198484848486,35.0,33.740112994350284
1737,2021-02-08 13:43:54,2021-02-08 14:12:20,38.4,62.0,118.27861192914311,25.91588785046729,25.16822429906542
1738,2021-02-08 15:24:55,2021-02-08 16:01:44,61.6,89.6,120.22952714781748,27.985559566787003,26.72202166064982
1739,2021-02-09 11:32:36,2021-02-09 11:59:46,50.0,77.2,116.88216789215686,25.603658536585368,24.50609756097561
1740,2021-02-09 12:00:07,2021-02-09 12:29:57,77.6,97.6,122.92710944444445,27.18888888888889,26.316666666666666
1741,2021-02-09 20:30:14,2021-02-09 21:19:04,50.4,93.6,120.20377727301957,26.258855585831064,24.228882833787466
1742,2021-02-10 14:30:30,2021-02-10 15:01:10,50.0,79.6,121.00132371433938,20.405405405405407,18.686486486486487
1743,2021-02-10 15:01:31,2021-02-10 15:31:51,80.0,96.8,122.2693639219577,22.0,20.311475409836067
1744,2021-02-10 22:00:59,2021-02-10 22:55:57,43.6,92.8,120.09988726569559,23.2953995157385,21.469733656174334
1745,2021-02-11 09:04:17,2021-02-11 09:32:57,34.8,62.8,119.26387757936507,21.08670520231214,19.24277456647399
1746,2021-02-11 09:33:18,2021-02-11 10:01:48,63.2,89.2,119.43429091880343,24.052325581395348,22.401162790697676
1747,2021-02-11 10:02:09,2021-02-11 10:22:29,89.6,97.6,128.96360572916672,25.0,23.0
1748,2021-02-11 19:04:18,2021-02-11 19:33:28,16.0,44.8,118.28656659915124,26.130681818181817,24.147727272727273
1749,2021-02-11 19:33:49,2021-02-11 20:03:39,44.8,74.8,116.09121097222221,29.38888888888889,27.283333333333335
1750,2021-02-11 20:15:38,2021-02-11 20:35:08,85.2,97.6,120.1422793458782,31.0,28.0
1751,2021-02-12 19:00:34,2021-02-12 19:48:54,37.2,68.4,116.20904789886038,26.608247422680414,25.350515463917525
1752,2021-02-12 19:49:15,2021-02-12 20:20:45,68.4,88.4,118.17083791666667,28.0,27.0
1753,2021-02-14 01:04:34,2021-02-14 01:31:54,24.4,51.2,119.15320874792701,25.315151515151516,23.884848484848487
1754,2021-02-14 01:32:15,2021-02-14 02:00:35,51.2,79.2,118.20934037698412,28.65497076023392,27.035087719298247
1755,2021-02-14 02:00:56,2021-02-14 02:26:56,79.2,97.6,123.62397267512084,30.0,28.0
1756,2021-02-14 07:42:38,2021-02-14 08:09:48,31.6,46.8,119.62078335160822,26.585365853658537,23.274390243902438
1757,2021-02-14 08:10:09,2021-02-14 08:38:19,47.2,63.6,117.12565396341465,27.976470588235294,24.764705882352942
1758,2021-02-14 08:38:40,2021-02-14 09:07:50,63.6,80.4,118.39200620039676,29.0,25.96590909090909
1759,2021-02-14 09:18:13,2021-02-14 09:38:43,86.4,97.6,124.78667757936519,29.0,26.282258064516128
1760,2021-02-14 14:01:25,2021-02-14 14:27:25,51.2,69.2,120.41435964506175,30.26751592356688,28.67515923566879
1761,2021-02-14 14:27:46,2021-02-14 14:57:16,69.6,90.0,120.71148638344225,31.084269662921347,29.685393258426966
1762,2021-02-14 22:18:06,2021-02-14 22:41:56,33.6,58.8,116.56415735229277,31.083333333333332,28.9375
1763,2021-02-14 22:42:17,2021-02-14 23:10:27,59.2,88.0,118.52576138117286,33.54117647058823,31.25294117647059
1764,2021-02-14 23:10:48,2021-02-14 23:27:18,88.4,97.6,127.24336896135281,34.0,31.11
1765,2021-02-15 23:06:26,2021-02-15 23:34:06,18.8,46.4,117.07277516103059,28.017964071856287,26.808383233532933
1766,2021-02-15 23:34:27,2021-02-16 00:02:27,46.4,74.8,115.08460930164321,31.325443786982248,30.159763313609467
1767,2021-02-16 00:02:48,2021-02-16 00:29:58,75.2,96.0,121.5792085336539,32.890243902439025,31.670731707317074
1768,2021-02-17 08:28:55,2021-02-17 08:59:55,24.4,55.6,115.95798112535611,26.336898395721924,25.50802139037433
1769,2021-02-17 09:00:16,2021-02-17 09:28:06,56.0,83.2,119.42708772467319,29.672619047619047,28.601190476190474
1770,2021-02-17 09:28:27,2021-02-17 09:50:07,83.6,97.6,122.94745009920635,31.0,29.068702290076335
1771,2021-02-18 11:41:47,2021-02-18 12:01:27,28.0,34.0,122.42819189814809,21.0,20.0
1772,2021-02-18 12:01:48,2021-02-18 12:35:28,34.0,45.2,112.22217212301582,22.004926108374384,20.940886699507388
1773,2021-02-18 12:35:49,2021-02-18 13:04:59,45.2,55.2,108.88884027777775,23.073863636363637,22.051136363636363
1774,2021-02-18 13:05:20,2021-02-18 13:36:10,55.2,65.2,115.11105972222222,24.0,23.0
1775,2021-02-18 13:47:02,2021-02-18 14:09:33,68.8,76.0,116.75303429783945,24.0,23.0
1776,2021-02-18 14:09:54,2021-02-18 14:36:44,76.0,84.4,119.2592060185184,24.425925925925927,23.01851851851852
1777,2021-02-18 14:37:05,2021-02-18 15:07:55,84.4,93.6,124.05189432367163,25.0,23.978494623655912
1778,2021-02-19 00:37:32,2021-02-19 00:59:32,10.8,19.6,118.38861631944447,25.0,23.0
1779,2021-02-19 00:59:53,2021-02-19 01:24:18,19.6,29.6,113.81387583333331,25.27027027027027,23.56081081081081
1780,2021-02-19 01:24:39,2021-02-19 01:52:09,29.6,40.4,117.82282973251033,26.271084337349397,24.518072289156628
1781,2021-02-19 01:52:30,2021-02-19 02:23:30,40.4,52.8,114.14540994623657,27.40106951871658,25.614973262032084
1782,2021-02-19 02:23:51,2021-02-19 02:53:31,52.8,64.4,114.53427035440605,28.00558659217877,26.731843575418996
1783,2021-02-19 02:53:52,2021-02-19 03:22:02,64.4,75.2,114.90614416152265,28.9,27.0
1784,2021-02-19 03:22:23,2021-02-19 03:50:53,75.2,85.6,119.24816266025653,29.0,27.0
1785,2021-02-19 03:51:14,2021-02-19 04:20:54,85.6,95.6,125.35973583333333,29.0,27.0
1786,2021-02-19 16:51:50,2021-02-19 17:15:30,25.2,40.4,116.77360051169592,26.713286713286713,25.475524475524477
1787,2021-02-19 17:15:51,2021-02-19 17:44:31,40.4,59.6,112.22803414351851,28.965317919075144,27.745664739884393
1788,2021-02-19 18:02:32,2021-02-19 18:31:42,68.4,86.8,119.15008680555562,30.755681818181817,29.426136363636363
1789,2021-02-19 18:32:03,2021-02-19 18:50:03,86.8,97.6,120.69320614711943,31.0,30.0
1790,2021-02-20 01:38:48,2021-02-20 02:00:38,39.6,53.6,117.22522440476193,26.886363636363637,24.174242424242426
1791,2021-02-20 02:00:59,2021-02-20 02:32:59,53.6,74.0,117.90852287581703,28.269430051813472,25.787564766839377
1792,2021-02-20 02:33:20,2021-02-20 02:58:30,74.4,90.0,121.11915144230775,29.0,26.92105263157895
1793,2021-02-20 14:37:22,2021-02-20 15:06:02,10.8,39.2,117.83891593309859,29.890173410404625,28.791907514450866
1794,2021-02-20 15:06:23,2021-02-20 15:52:28,39.6,84.4,120.03733229166667,34.14748201438849,32.856115107913666
1795,2021-02-20 15:52:49,2021-02-20 16:13:19,84.8,97.6,126.1729758029514,36.0,34.096774193548384
1796,2021-02-20 23:07:13,2021-02-20 23:31:53,38.4,63.2,116.19736710349461,32.76510067114094,29.65771812080537
1797,2021-02-20 23:32:14,2021-02-21 00:03:04,63.6,91.6,118.73016979166668,34.48924731182796,31.5752688172043
1798,2021-02-21 20:58:49,2021-02-21 21:21:09,24.0,46.0,118.13007260101014,27.962962962962962,26.822222222222223
1799,2021-02-21 21:21:30,2021-02-21 21:50:10,46.4,75.2,115.71954610339506,30.947976878612717,29.791907514450866
1800,2021-02-21 21:50:31,2021-02-21 22:20:11,75.6,97.6,121.47033964646464,32.312849162011176,31.0
1801,2021-02-22 05:31:55,2021-02-22 06:28:54,48.8,97.6,119.92649233549638,29.184579439252335,26.371495327102803
1802,2021-02-22 16:13:22,2021-02-22 16:39:52,62.0,80.4,119.54261911231883,31.1,30.0
1803,2021-02-22 16:40:13,2021-02-22 16:58:13,80.8,92.8,118.41670821759259,32.0,30.81651376146789
1804,2021-02-23 00:37:41,2021-02-23 01:05:11,23.6,50.8,117.4561070772059,32.39156626506024,30.06024096385542
1805,2021-02-23 01:05:32,2021-02-23 01:32:42,51.2,78.0,117.80163837064681,35.3719512195122,32.90853658536585
1806,2021-02-23 01:33:03,2021-02-23 01:54:53,78.0,94.8,121.68075024801593,36.10606060606061,34.0
1807,2021-02-23 20:28:09,2021-02-23 20:48:29,14.8,34.8,117.27849194444448,31.84552845528455,30.30081300813008
1808,2021-02-23 20:48:50,2021-02-23 21:36:23,34.8,81.6,117.20479150641026,35.505226480836235,33.90940766550523
1809,2021-02-23 21:36:44,2021-02-23 22:00:04,82.0,97.6,124.49521723646733,37.02836879432624,36.0
1810,2021-02-24 12:25:53,2021-02-24 12:54:53,68.8,93.6,118.85587259184591,30.388571428571428,28.748571428571427
1811,2021-02-25 10:36:14,2021-02-25 11:09:54,34.8,56.8,114.28093863636366,25.0935960591133,24.221674876847292
1812,2021-02-25 11:10:15,2021-02-25 11:41:55,56.8,76.4,115.24661493764168,27.0,26.12041884816754
1813,2021-02-25 11:42:16,2021-02-25 12:13:06,76.4,93.6,122.60983858204145,27.951612903225808,27.0
1814,2021-02-25 20:01:25,2021-02-25 20:30:35,51.6,80.4,118.04929017168206,29.5,28.136363636363637
1815,2021-02-25 20:30:56,2021-02-25 20:55:26,80.8,97.6,122.85054662698414,30.95945945945946,29.243243243243242
1816,2021-02-26 00:41:07,2021-02-26 01:13:48,62.8,93.2,114.56735665661549,30.8739837398374,28.71951219512195
1817,2021-02-26 13:29:40,2021-02-26 13:58:30,56.0,84.4,118.81457457942095,29.114942528735632,27.511494252873565
1818,2021-02-26 23:19:53,2021-02-26 23:43:43,50.8,74.0,119.07507980124518,24.979166666666668,22.72222222222222
1819,2021-02-27 21:06:51,2021-02-27 21:35:41,47.2,76.0,117.58487143132719,23.080459770114942,22.160919540229884
1820,2021-02-27 21:36:02,2021-02-27 22:02:42,76.4,96.0,121.55754655612247,25.049689440993788,24.062111801242235
1821,2021-02-28 03:36:56,2021-02-28 04:07:16,46.0,76.0,118.06945347222222,25.715846994535518,23.661202185792348
1822,2021-02-28 04:07:37,2021-02-28 04:26:07,76.4,91.2,122.10962030780783,27.0,25.071428571428573
1823,2021-02-28 13:29:57,2021-02-28 14:01:57,52.4,84.0,118.25202905239101,27.83937823834197,26.326424870466322
1824,2021-02-28 22:56:02,2021-02-28 23:24:02,27.6,55.6,116.57341289682539,28.13609467455621,26.17751479289941
1825,2021-02-28 23:29:07,2021-02-28 23:59:37,60.8,89.6,119.63976239390435,31.467391304347824,29.54891304347826
1826,2021-03-01 12:56:15,2021-03-01 13:21:35,16.4,41.6,117.61740977733687,27.50980392156863,26.176470588235293
1827,2021-03-01 13:21:56,2021-03-01 13:51:06,42.0,71.2,116.76989721270927,31.079545454545453,29.823863636363637
1828,2021-03-01 13:51:27,2021-03-01 14:17:57,71.6,93.6,120.19193162878787,32.94375,31.75625
1829,2021-03-01 23:18:37,2021-03-01 23:46:37,26.0,54.0,116.6676648313492,31.218934911242602,28.70414201183432
1830,2021-03-01 23:46:58,2021-03-02 00:13:18,54.4,80.4,118.1346223290598,33.81132075471698,31.61635220125786
1831,2021-03-02 00:13:39,2021-03-02 00:36:09,80.8,96.8,121.56598645833334,35.0,32.044117647058826
1832,2021-03-02 03:51:51,2021-03-02 04:19:31,60.4,69.6,113.27299698067641,30.137724550898202,25.389221556886227
1833,2021-03-02 04:19:52,2021-03-02 04:50:22,69.6,79.2,119.6701918402777,29.652173913043477,25.0
1834,2021-03-02 04:50:43,2021-03-02 05:20:43,79.2,88.8,117.70838541666674,29.0,25.0
1835,2021-03-02 05:21:04,2021-03-02 05:49:04,88.8,97.2,121.49139021164015,28.366863905325445,24.60355029585799
1836,2021-03-03 02:09:48,2021-03-03 02:40:48,28.8,48.4,118.62244897959184,23.951871657754012,22.28342245989305
1837,2021-03-03 02:41:09,2021-03-03 03:11:35,48.8,68.4,116.454081632653,26.027173913043477,24.532608695652176
1838,2021-03-03 03:11:56,2021-03-03 03:42:26,68.8,88.0,119.14062499999997,27.0,25.152173913043477
1839,2021-03-03 03:42:47,2021-03-03 03:59:13,88.0,97.6,123.02809042245377,27.4,26.0
1840,2021-03-03 15:32:30,2021-03-03 15:58:10,14.0,23.2,115.77893900966183,24.83225806451613,23.206451612903226
1841,2021-03-03 15:58:31,2021-03-03 16:29:41,23.2,34.4,115.48358457341268,25.46276595744681,24.345744680851062
1842,2021-03-03 16:30:02,2021-03-03 16:57:32,34.4,44.0,118.88016059027773,26.698795180722893,25.56024096385542
1843,2021-03-03 16:57:53,2021-03-03 17:22:43,44.0,53.2,112.01988254830913,27.82,26.673333333333332
1844,2021-03-03 17:23:04,2021-03-03 17:49:54,53.2,62.8,115.9982173032408,28.728395061728396,27.41358024691358
1845,2021-03-03 17:50:15,2021-03-03 18:20:25,62.8,73.6,115.91816332304528,29.0,28.0
1846,2021-03-03 18:20:46,2021-03-03 18:48:46,74.0,83.2,126.30429710144921,29.0,28.0
1847,2021-03-03 18:49:07,2021-03-03 19:18:07,83.6,93.2,123.63132826967578,29.0,28.0
1848,2021-03-03 19:18:28,2021-03-03 19:35:38,93.2,97.6,138.49760416666686,29.0,28.0
1849,2021-03-04 03:21:48,2021-03-04 03:52:58,24.8,56.0,116.58476700498576,26.898936170212767,24.143617021276597
1850,2021-03-04 03:53:19,2021-03-04 04:17:09,56.0,79.6,117.82427913135598,29.86111111111111,27.458333333333332
1851,2021-03-04 04:17:30,2021-03-04 04:42:40,80.0,97.6,123.58824234532835,31.0,28.401315789473685
1852,2021-03-04 12:43:02,2021-03-04 13:05:02,48.0,69.6,119.20269155092598,24.69172932330827,21.60902255639098
1853,2021-03-04 13:05:23,2021-03-04 13:35:23,70.0,94.0,120.45313946759262,26.425414364640883,23.629834254143645
1854,2021-03-04 16:29:21,2021-03-04 16:53:21,86.8,97.6,120.5581521347737,26.0,23.0
1855,2021-03-05 04:21:20,2021-03-05 04:49:00,33.2,61.2,115.60021488095238,25.922155688622755,24.239520958083833
1856,2021-03-05 04:49:21,2021-03-05 05:19:11,61.6,89.6,118.54515357142861,28.822222222222223,27.31111111111111
1857,2021-03-05 15:35:58,2021-03-05 16:00:18,57.2,81.2,118.51042957175927,28.26530612244898,26.612244897959183
1858,2021-03-05 16:00:39,2021-03-05 16:22:20,81.6,96.4,123.09310778903895,29.0,27.87878787878788
1859,2021-03-06 01:44:41,2021-03-06 03:39:45,25.6,96.8,118.5647979712859,29.43005780346821,27.578034682080926
1860,2021-03-06 16:18:13,2021-03-06 17:19:11,33.2,85.2,117.27805087606838,27.310043668122272,25.62227074235808
1861,2021-03-06 17:21:03,2021-03-06 17:35:04,84.4,93.6,120.36187817029,29.0,27.943396226415093
1862,2021-03-07 00:56:47,2021-03-07 01:22:57,65.2,89.2,120.29340920138891,27.658227848101266,25.60759493670886
1863,2021-03-07 17:09:24,2021-03-07 17:36:44,32.0,61.6,115.8479053584835,28.266666666666666,27.10909090909091
1864,2021-03-07 17:37:05,2021-03-07 18:04:25,61.6,89.2,118.23271663647346,31.381818181818183,30.26060606060606
1865,2021-03-08 01:05:11,2021-03-08 02:13:54,44.0,97.6,119.92849532804728,31.18798449612403,28.815891472868216
1866,2021-03-08 09:52:06,2021-03-08 11:24:34,23.6,97.6,118.86376526839338,29.44956772334294,27.086455331412104
1867,2021-03-08 15:54:49,2021-03-08 16:27:00,58.8,84.0,119.68811987985009,30.26153846153846,27.774358974358975
1868,2021-03-09 08:56:25,2021-03-09 10:55:32,22.8,97.6,118.97499931669637,29.186800894854585,28.400447427293066
1869,2021-03-09 21:55:01,2021-03-09 23:04:48,26.0,92.0,118.62178410984852,30.87786259541985,29.116412213740457
1870,2021-03-10 04:09:12,2021-03-10 05:00:42,53.6,97.6,119.73045936237376,30.816537467700257,27.728682170542637
1871,2021-03-10 17:29:44,2021-03-10 19:28:29,26.0,97.6,119.00494705346058,30.986531986531986,29.815937149270482
1872,2021-03-11 15:21:10,2021-03-11 15:49:50,24.4,53.2,116.48005348186727,29.705202312138727,28.346820809248555
1873,2021-03-11 15:50:11,2021-03-11 16:18:21,53.6,81.6,117.75547901785718,32.88235294117647,31.511764705882353
1874,2021-03-11 16:18:42,2021-03-11 16:41:32,82.0,97.6,123.60489191595447,34.0,32.891304347826086
1875,2021-03-12 01:20:05,2021-03-12 01:40:45,14.8,35.2,118.14065965413943,31.144,28.416
1876,2021-03-12 01:41:06,2021-03-12 02:08:46,35.6,63.2,116.88053648349435,34.137724550898206,31.58682634730539
1877,2021-03-12 02:09:07,2021-03-12 02:38:17,63.6,90.4,120.26638458747927,36.41477272727273,33.83522727272727
1878,2021-03-12 20:52:35,2021-03-12 22:36:15,32.4,97.6,119.03137665303343,34.260925449871465,32.52185089974293
1879,2021-03-13 03:24:16,2021-03-13 03:51:16,66.8,90.8,120.59433981481482,33.987730061349694,31.282208588957054
1880,2021-03-13 16:10:22,2021-03-13 16:44:03,24.8,58.4,116.6049010954035,30.48780487804878,28.965853658536584
1881,2021-03-13 16:44:24,2021-03-13 17:04:01,58.8,78.4,116.41386371882079,33.411764705882355,31.941176470588236
1882,2021-03-13 17:04:22,2021-03-13 17:31:02,78.4,97.6,121.88008087384267,34.31055900621118,33.0
1883,2021-03-15 18:15:54,2021-03-15 18:41:14,12.0,36.8,119.2573989695341,27.666666666666668,26.58169934640523
1884,2021-03-15 18:41:35,2021-03-15 19:12:45,37.2,68.0,118.14530055014434,30.856382978723403,29.888297872340427
1885,2021-03-15 19:13:06,2021-03-15 19:44:16,68.4,94.4,122.4049266559829,32.9468085106383,32.5
1886,2021-03-16 00:36:24,2021-03-16 00:57:34,76.4,93.6,122.02923320413444,31.7890625,29.78125
1887,2021-03-16 12:46:58,2021-03-16 13:10:27,63.2,85.6,122.04986063988102,28.62146892655367,27.54237288135593
1888,2021-03-17 01:43:26,2021-03-17 03:08:18,15.6,94.4,119.36677290609137,33.7425431711146,32.050235478806904
1889,2021-03-17 13:22:58,2021-03-17 13:51:38,49.6,78.0,119.39700229851331,33.456647398843934,32.14450867052023
1890,2021-03-17 13:51:59,2021-03-17 14:14:49,78.4,95.6,122.6647469315246,34.88405797101449,33.03623188405797
1891,2021-03-17 22:27:19,2021-03-17 23:03:19,49.6,84.8,119.50759126420454,34.36866359447004,32.33179723502304
1892,2021-03-17 23:03:40,2021-03-17 23:23:20,85.2,97.6,126.25563004032271,35.36134453781513,33.00840336134454
1893,2021-03-18 02:38:19,2021-03-18 03:24:37,61.6,97.6,117.64677028549386,34.660919540229884,31.70977011494253
1894,2021-03-18 09:03:44,2021-03-18 09:33:34,52.4,81.6,119.25799695585997,33.56666666666667,31.272222222222222
1895,2021-03-18 09:33:55,2021-03-18 09:57:45,81.6,97.6,122.52259618055557,34.97222222222222,32.40277777777778
1896,2021-03-18 19:57:18,2021-03-18 20:18:08,25.6,46.0,119.24360825163403,33.214285714285715,31.634920634920636
1897,2021-03-18 20:18:29,2021-03-18 20:48:19,46.4,75.6,119.25989987633183,35.638888888888886,34.18888888888889
1898,2021-03-19 02:04:31,2021-03-19 02:33:21,73.6,96.4,120.8443126218323,34.0,31.614942528735632
1899,2021-03-19 10:27:42,2021-03-19 11:35:45,56.0,97.6,121.68978723958337,31.35225048923679,29.9706457925636
1900,2021-03-19 17:34:58,2021-03-19 18:02:28,42.8,69.6,119.61700938018242,35.8855421686747,34.234939759036145
1901,2021-03-19 18:02:49,2021-03-19 18:29:39,70.0,92.8,120.82052923976612,37.00617283950617,35.67901234567901
1902,2021-03-20 02:48:20,2021-03-20 03:18:20,70.0,94.4,121.44695730874314,35.86187845303867,33.56353591160221
1903,2021-03-20 06:34:30,2021-03-20 06:55:10,72.4,84.4,120.45950810185191,34.0,31.0
1904,2021-03-20 06:55:31,2021-03-20 07:19:11,84.4,97.6,121.44573158670045,34.0,31.0
1905,2021-03-20 20:46:35,2021-03-20 21:18:25,36.8,68.4,118.75705458860759,36.0,34.333333333333336
1906,2021-03-20 21:18:46,2021-03-20 21:51:26,68.8,95.6,122.71043366500834,38.0,36.065989847715734
1907,2021-03-21 13:18:20,2021-03-21 13:45:30,18.0,44.4,120.41984006734008,26.76829268292683,23.45731707317073
1908,2021-03-21 13:45:51,2021-03-21 14:14:01,44.8,72.8,117.63444117063493,30.1,27.205882352941178
1909,2021-03-21 14:14:22,2021-03-21 14:43:42,73.2,96.0,121.14645754142302,31.666666666666668,28.96045197740113
1910,2021-03-21 23:37:53,2021-03-22 00:53:01,20.0,91.6,117.27081669964308,26.71858407079646,24.39646017699115
1911,2021-03-23 00:55:55,2021-03-23 01:13:35,16.0,33.6,118.28600702335864,22.1588785046729,21.018691588785046
1912,2021-03-23 01:13:56,2021-03-23 01:44:16,34.0,64.4,117.63845463267546,25.639344262295083,24.459016393442624
1913,2021-03-23 01:44:37,2021-03-23 02:14:37,64.8,91.6,119.0428357690713,28.50828729281768,27.386740331491712
1914,2021-03-23 15:39:56,2021-03-23 16:06:06,40.4,66.4,117.41452991452988,25.4873417721519,24.17721518987342
1915,2021-03-23 20:46:21,2021-03-24 00:29:02,28.4,97.6,120.2225261259634,26.65748502994012,25.0874251497006
1916,2021-03-24 05:16:39,2021-03-24 05:38:39,71.6,90.4,122.62265455082738,26.887218045112782,24.30075187969925
1917,2021-03-24 06:38:28,2021-03-24 07:09:42,76.4,97.6,121.51652665749482,26.953191489361704,24.157446808510638
1918,2021-03-25 07:23:35,2021-03-25 07:53:15,58.8,87.2,121.21873288341159,25.022346368715084,24.212290502793294
1919,2021-03-25 07:53:36,2021-03-25 08:13:26,87.6,97.6,127.40014640277776,26.0,25.0
1920,2021-03-25 22:12:22,2021-03-25 22:44:22,41.2,61.6,117.10853274782136,30.699481865284973,29.2279792746114
1921,2021-03-25 22:44:43,2021-03-25 23:17:53,61.6,81.6,118.13473833333342,32.0,30.415
1922,2021-03-26 16:06:44,2021-03-26 16:36:42,33.6,52.4,120.02839174054375,30.093406593406595,28.796703296703296
1923,2021-03-26 16:37:03,2021-03-26 17:07:03,52.8,71.2,117.87064424818838,31.861878453038674,30.696132596685082
1924,2021-03-26 17:07:24,2021-03-26 17:35:24,71.2,87.2,121.5286590277778,32.0,31.0
1925,2021-03-26 17:35:45,2021-03-26 17:54:25,87.6,97.6,125.55974013888891,32.61946902654867,31.0
1926,2021-03-27 13:57:26,2021-03-27 14:18:16,28.8,42.0,118.11760932239056,30.476190476190474,28.706349206349206
1927,2021-03-27 14:18:37,2021-03-27 15:04:47,42.0,71.2,118.31523240106543,32.448028673835125,31.03942652329749
1928,2021-03-27 15:05:08,2021-03-27 15:36:08,71.6,90.8,120.73348104745365,33.711229946524064,32.0
1929,2021-03-27 18:58:47,2021-03-27 19:27:37,37.2,65.6,118.41940903755872,36.31609195402299,34.132183908045974
1930,2021-03-27 19:27:58,2021-03-27 20:00:48,66.0,94.0,120.84326483134919,38.07070707070707,35.984848484848484
1931,2021-03-28 22:15:53,2021-03-28 22:36:13,22.8,40.4,117.56945509785355,32.13821138211382,30.8130081300813
1932,2021-03-28 22:36:34,2021-03-28 23:03:14,40.4,63.2,115.3137274610136,34.3416149068323,33.08695652173913
1933,2021-03-28 23:03:35,2021-03-28 23:32:35,63.2,86.0,119.00098611111115,35.994285714285716,34.08
1934,2021-03-28 23:32:56,2021-03-28 23:51:16,86.4,97.6,124.66891989087313,36.0,35.0
1935,2021-03-29 10:17:34,2021-03-29 10:43:14,51.6,72.0,121.53596248638343,32.31612903225806,30.44516129032258
1936,2021-03-29 10:43:35,2021-03-29 11:12:25,72.4,93.2,120.59163000801283,33.0,31.413793103448278
1937,2021-03-29 14:58:17,2021-03-29 15:23:07,60.8,78.0,119.90151631136949,35.0,33.8
1938,2021-03-29 22:35:16,2021-03-30 01:16:36,28.0,97.6,120.01646206098341,33.70909090909091,31.65123966942149
1939,2021-03-30 17:24:21,2021-03-30 17:51:01,44.0,66.4,119.45624621775795,36.0,34.559006211180126
1940,2021-03-30 17:51:22,2021-03-30 18:15:42,66.8,87.2,119.68683986928103,37.0,35.585034013605444
1941,2021-03-30 18:16:03,2021-03-30 18:33:13,87.2,97.6,123.90758787393172,37.0,36.0
1942,2021-03-31 00:04:05,2021-03-31 00:26:05,48.4,69.6,121.14387539308179,36.53383458646616,34.142857142857146
1943,2021-03-31 00:26:26,2021-03-31 00:54:16,70.0,93.2,121.23145282567047,37.089285714285715,35.0
1944,2021-03-31 05:49:48,2021-03-31 06:43:34,50.8,96.8,121.35604722222222,34.85643564356435,31.448019801980198
1945,2021-04-01 01:38:25,2021-04-01 01:57:25,16.8,36.8,118.96320791666668,32.3304347826087,30.417391304347827
1946,2021-04-01 01:57:46,2021-04-01 02:26:56,37.2,68.0,118.73468668831171,35.57386363636363,33.60227272727273
1947,2021-04-01 02:27:17,2021-04-01 02:47:07,68.4,88.4,120.80763701388891,37.65,35.55
1948,2021-04-01 07:48:17,2021-04-01 08:15:47,60.8,87.2,121.7498066077441,35.45180722891566,32.59036144578313
1949,2021-04-01 08:16:08,2021-04-01 08:33:38,87.6,97.6,126.84722541666669,36.0,33.443396226415096
1950,2021-04-01 21:23:26,2021-04-01 21:46:46,5.6,20.4,118.63647522522523,35.0,33.0
1951,2021-04-01 21:47:07,2021-04-01 22:15:58,20.4,38.4,120.63459461419754,35.371428571428574,33.462857142857146
1952,2021-04-01 22:16:19,2021-04-01 22:41:04,38.8,54.4,119.41687117165243,36.906666666666666,35.02
1953,2021-04-01 23:02:45,2021-04-01 23:33:15,54.0,72.8,122.19713105791965,37.875,35.755434782608695
1954,2021-04-02 17:45:45,2021-04-02 18:13:25,50.4,76.8,123.1381581439394,32.964071856287426,32.10179640718563
1955,2021-04-02 18:13:46,2021-04-02 18:39:06,77.2,96.0,122.86201470153664,34.39869281045752,33.69281045751634
1956,2021-04-02 23:56:13,2021-04-03 00:16:23,47.2,66.4,122.06744169560181,35.42622950819672,33.368852459016395
1957,2021-04-03 00:16:44,2021-04-03 00:43:54,66.8,90.8,121.69157129629633,36.75609756097561,34.58536585365854
1958,2021-04-03 11:07:52,2021-04-03 12:55:25,31.6,97.6,121.7569450378788,33.745972738537795,32.32961586121437
1959,2021-04-03 17:28:08,2021-04-03 17:49:18,81.6,96.4,121.30631231231223,36.0,35.0
1960,2021-04-04 02:56:02,2021-04-04 03:26:52,40.4,65.6,119.85781553130512,34.193548387096776,32.31182795698925
1961,2021-04-04 03:27:13,2021-04-04 03:59:53,66.0,90.4,121.98031705373403,35.7005076142132,33.73096446700507
1962,2021-04-04 06:29:11,2021-04-04 06:56:01,79.2,97.6,122.57924267814016,35.0,32.0
1963,2021-04-04 11:36:11,2021-04-04 12:00:21,65.2,88.4,121.30449090038313,32.43835616438356,29.76027397260274
1964,2021-04-04 18:16:51,2021-04-04 18:49:21,50.8,68.8,120.37037037037037,31.0,28.801020408163264
1965,2021-04-04 18:49:42,2021-04-04 19:16:12,69.2,83.6,122.68518518518528,31.2625,29.0
1966,2021-04-04 19:16:33,2021-04-04 19:42:53,83.6,97.6,123.01289861111113,32.0,29.0
1967,2021-04-05 19:57:36,2021-04-05 21:12:04,42.4,97.6,121.45978047252417,29.762075134168157,28.386404293381037
1968,2021-04-06 03:08:30,2021-04-06 03:58:08,39.6,70.4,120.9091419597763,30.498659517426272,28.378016085790886
1969,2021-04-06 04:32:13,2021-04-06 04:47:41,89.6,97.6,123.7181105555556,32.0,30.0
1970,2021-04-06 13:18:16,2021-04-06 13:43:16,28.8,53.2,119.70458828551911,32.602649006622514,31.09933774834437
1971,2021-04-06 13:43:37,2021-04-06 14:13:07,53.6,82.4,119.56453173225307,35.31460674157304,33.859550561797754
1972,2021-04-06 14:13:28,2021-04-06 14:35:38,82.8,97.6,124.14510238363366,36.0,35.0
1973,2021-04-06 20:42:12,2021-04-06 21:04:22,46.4,67.6,121.86910174266248,35.75373134328358,33.59701492537314
1974,2021-04-06 21:04:43,2021-04-06 21:32:43,68.0,92.0,122.59144577546294,37.0,34.72781065088758
1975,2021-04-07 17:39:55,2021-04-07 18:20:45,26.8,66.8,119.13889305555556,34.48780487804878,32.926829268292686
1976,2021-04-07 18:21:06,2021-04-07 18:50:16,66.8,92.0,121.02624685846561,37.0,35.05113636363637
1977,2021-04-08 02:02:27,2021-04-08 02:47:57,64.8,90.8,122.54184159722223,31.985380116959064,29.751461988304094
1978,2021-04-08 13:53:53,2021-04-08 14:14:53,30.8,45.6,118.48444557057056,26.52755905511811,24.41732283464567
1979,2021-04-08 14:15:14,2021-04-08 15:00:18,45.6,77.6,117.59585680555557,28.66176470588235,26.584558823529413
1980,2021-04-08 16:11:21,2021-04-08 16:36:11,69.2,86.0,123.1870045469577,29.273333333333333,26.926666666666666
1981,2021-04-08 16:36:32,2021-04-08 16:53:02,86.4,96.4,125.35837250000003,30.0,27.93
1982,2021-04-08 23:37:35,2021-04-09 02:42:15,38.4,95.2,120.62060557511734,27.660649819494584,25.777617328519856
1983,2021-04-09 13:46:24,2021-04-09 14:13:14,40.4,66.4,120.68270715811964,25.660493827160494,24.51851851851852
1984,2021-04-09 14:13:35,2021-04-09 14:43:35,66.8,92.4,121.08888091362844,28.18232044198895,26.77900552486188
1985,2021-04-09 23:01:48,2021-04-09 23:31:48,51.6,80.4,121.88851687885804,28.74585635359116,27.154696132596683
1986,2021-04-10 07:09:29,2021-04-10 08:29:53,27.2,97.6,120.18135343118689,30.183774834437084,28.334437086092716
1987,2021-04-10 17:50:16,2021-04-10 18:19:26,46.4,66.4,120.91531347222218,31.573863636363637,30.181818181818183
1988,2021-04-10 18:19:47,2021-04-10 18:45:57,66.8,84.4,123.1636938920454,32.50632911392405,31.0
1989,2021-04-10 18:46:18,2021-04-10 19:09:48,84.8,97.6,126.60808995225695,33.0,31.788732394366196
1990,2021-04-11 04:28:50,2021-04-11 04:49:00,11.6,20.8,125.38196316425119,29.0,27.0
1991,2021-04-11 04:49:21,2021-04-11 05:20:51,21.2,35.2,123.43851666666663,29.44736842105263,27.75263157894737
1992,2021-04-11 05:21:12,2021-04-11 05:52:52,35.6,49.2,122.69507526552286,30.701570680628272,29.31413612565445
1993,2021-04-11 05:53:13,2021-04-11 06:23:03,49.6,62.4,118.09681423611111,31.977777777777778,30.505555555555556
1994,2021-04-11 06:23:24,2021-04-11 06:55:54,62.8,76.0,120.70289162457912,32.0,31.0
1995,2021-04-11 06:56:15,2021-04-11 07:24:55,76.0,87.2,123.118824156746,32.433526011560694,31.0
1996,2021-04-11 07:25:16,2021-04-11 07:54:56,87.6,97.6,130.42365527777778,33.0,31.0
1997,2021-04-11 16:30:34,2021-04-11 16:59:54,42.0,70.4,120.43783603775427,37.11797752808989,35.08426966292135
1998,2021-04-11 17:00:15,2021-04-11 17:30:55,70.4,95.2,120.9655068324373,38.65405405405406,36.65945945945946
1999,2021-04-12 06:09:23,2021-04-12 06:38:03,36.4,64.8,118.06437289710487,32.47976878612717,30.86127167630058
2000,2021-04-12 06:38:24,2021-04-12 07:19:53,65.2,97.6,122.60375471536355,34.712,32.932
2001,2021-04-12 15:24:24,2021-04-12 16:01:45,49.2,84.8,122.37016632334583,34.88256227758007,33.281138790035584
2002,2021-04-12 22:20:26,2021-04-12 22:47:06,49.6,58.0,118.51846560846562,34.0,32.0
2003,2021-04-12 22:47:27,2021-04-12 23:14:27,58.0,66.4,119.99994642857132,34.0,32.0
2004,2021-04-12 23:14:48,2021-04-12 23:32:38,66.4,72.0,118.88883581349215,34.0,32.0
2005,2021-04-13 04:03:54,2021-04-13 05:46:02,50.4,95.6,122.95060122418882,32.200520833333336,30.62109375
2006,2021-04-13 13:27:28,2021-04-13 14:23:30,51.6,97.6,122.74270244565221,34.0,32.69358669833729
2007,2021-04-13 19:00:46,2021-04-13 19:19:26,57.6,72.8,122.82346646564332,37.0,35.16814159292036
2008,2021-04-13 19:19:47,2021-04-13 19:52:17,73.2,96.4,124.0361739703065,37.607142857142854,36.0
2009,2021-04-14 03:51:52,2021-04-14 04:49:28,38.4,91.200005,121.34574680858879,35.65127020785219,33.40877598152425
2010,2021-04-15 13:45:17,2021-04-15 14:04:12,41.6,53.2,121.52900191570883,28.4,27.156521739130437
2011,2021-04-15 14:28:03,2021-04-15 14:47:16,52.8,64.4,122.97967332375468,29.504273504273506,28.34188034188034
2012,2021-04-15 14:55:07,2021-04-15 15:16:27,64.0,76.8,120.4394791666667,30.0,28.968992248062015
2013,2021-04-15 19:17:09,2021-04-15 19:48:09,54.0,73.2,121.36287413194444,30.77540106951872,28.844919786096256
2014,2021-04-16 02:13:27,2021-04-16 03:19:44,35.2,90.0,119.84180654906733,30.955911823647295,29.142284569138276
2015,2021-04-16 13:27:17,2021-04-16 13:49:34,18.8,26.0,116.34341481481482,27.0,25.118518518518517
2016,2021-04-16 13:49:55,2021-04-16 14:08:08,26.0,31.6,122.52386324404765,27.17117117117117,26.0
2017,2021-04-16 14:08:29,2021-04-16 14:38:39,31.6,41.2,118.36232089120374,28.0,26.5989010989011
2018,2021-04-16 14:39:00,2021-04-16 15:01:26,41.2,48.8,111.15172737573107,28.94160583941606,27.204379562043794
2019,2021-04-16 15:01:47,2021-04-16 15:30:47,48.8,58.4,113.74715306712963,29.514285714285716,28.0
2020,2021-04-16 15:31:08,2021-04-16 15:57:18,58.4,66.8,117.33140079365083,30.0,28.0
2021,2021-04-16 15:57:39,2021-04-16 16:25:39,66.8,76.0,114.63169263285022,30.0,28.0
2022,2021-04-16 16:26:00,2021-04-16 16:53:21,76.0,84.4,122.64092728174599,30.0,28.0
2023,2021-04-17 00:17:29,2021-04-17 00:46:49,38.0,66.8,119.22552459490745,29.89830508474576,28.52542372881356
2024,2021-04-17 04:58:08,2021-04-17 05:26:28,40.8,68.4,119.99447961956517,29.42105263157895,26.871345029239766
2025,2021-04-17 05:26:49,2021-04-17 05:46:49,68.4,87.6,120.20329108796307,31.173553719008265,28.65289256198347
2026,2021-04-17 17:34:06,2021-04-17 17:54:46,28.0,42.0,123.03770049603176,27.352,26.136
2027,2021-04-17 17:55:07,2021-04-17 18:22:27,42.4,61.6,118.64438758680555,29.375757575757575,28.193939393939395
2028,2021-04-17 18:22:48,2021-04-17 18:51:38,62.0,82.0,120.19792256944444,31.0,29.75862068965517
2029,2021-04-17 18:51:59,2021-04-17 19:16:59,82.0,97.6,124.1613605769231,31.90728476821192,30.450331125827816
2030,2021-04-18 02:52:02,2021-04-18 03:16:22,32.8,56.4,120.61853701741998,30.632653061224488,28.408163265306122
2031,2021-04-18 03:16:43,2021-04-18 03:45:13,56.8,84.4,120.67281687801932,33.43023255813954,31.319767441860463
2032,2021-04-18 16:36:14,2021-04-18 17:04:04,31.2,58.8,117.77275528381644,33.017857142857146,31.410714285714285
2033,2021-04-18 19:48:00,2021-04-18 20:07:20,73.6,90.4,120.83748561507927,33.743589743589745,31.837606837606838
2034,2021-04-19 13:43:47,2021-04-19 14:14:10,20.0,49.6,119.85229823104355,29.179347826086957,27.891304347826086
2035,2021-04-19 14:14:31,2021-04-19 14:43:41,50.0,78.8,118.2089179205247,32.72159090909091,31.454545454545453
2036,2021-04-19 14:44:02,2021-04-19 15:03:32,79.2,93.6,124.25831018518525,34.0,32.83050847457627
2037,2021-04-20 03:07:58,2021-04-20 03:40:18,50.0,81.6,119.52269303797476,31.353846153846153,29.70769230769231
2038,2021-04-20 08:31:00,2021-04-20 09:01:20,62.8,87.6,122.11580208333335,30.683060109289617,28.30054644808743
2039,2021-04-20 16:57:05,2021-04-20 17:26:35,50.8,68.8,120.94214837962963,30.786516853932586,29.5
2040,2021-04-20 17:26:56,2021-04-20 17:58:46,68.8,87.6,120.69224423758867,31.822916666666668,30.291666666666668
2041,2021-04-21 00:33:22,2021-04-21 00:56:22,51.6,64.4,119.5800569661458,30.568345323741006,28.755395683453237
2042,2021-04-21 07:56:41,2021-04-21 08:19:31,41.6,63.6,121.05555303030305,28.72463768115942,27.108695652173914
2043,2021-04-21 08:19:52,2021-04-21 08:47:02,64.0,88.8,121.95396057347673,30.73780487804878,29.48780487804878
2044,2021-04-21 08:47:23,2021-04-21 09:03:53,89.2,97.6,126.37239070767217,31.72,30.0
2045,2021-04-21 17:07:48,2021-04-21 17:37:38,65.6,85.6,121.2173745138889,35.0,33.31111111111111
2046,2021-04-21 17:37:59,2021-04-21 18:00:49,85.6,97.6,124.53705972222222,35.0,34.0
2047,2021-04-22 01:19:00,2021-04-22 01:44:50,32.4,57.6,119.21960582010584,33.83974358974359,31.512820512820515
2048,2021-04-22 01:45:11,2021-04-22 02:16:01,57.6,87.6,119.51206564814818,36.473118279569896,33.946236559139784
2049,2021-04-22 02:16:22,2021-04-22 02:33:22,87.6,97.6,124.15414777777782,37.0,34.49514563106796
2050,2021-04-22 06:49:45,2021-04-22 07:14:26,73.2,93.2,122.01188923611113,33.026881720430104,30.0
2051,2021-04-22 12:43:44,2021-04-22 13:30:10,43.2,87.6,121.58577529404408,35.02578796561605,33.297994269340975
2052,2021-04-23 00:27:51,2021-04-23 00:56:41,35.2,63.2,119.70240595238096,34.41954022988506,32.62068965517241
2053,2021-04-23 00:57:02,2021-04-23 01:23:52,63.6,88.8,121.37954651675487,36.641975308641975,34.69753086419753
2054,2021-04-23 06:43:14,2021-04-23 07:05:34,47.2,68.8,120.68223283179016,33.79259259259259,31.237037037037037
2055,2021-04-23 07:05:55,2021-04-23 07:33:55,68.8,92.8,120.14873501157408,35.0414201183432,32.71597633136095
2056,2021-04-24 08:46:15,2021-04-24 10:38:11,11.6,97.6,121.63315450516797,32.69441141498216,31.764565992865638
2057,2021-04-24 19:49:53,2021-04-24 20:09:23,27.6,46.4,121.28769488770688,36.24576271186441,34.652542372881356
2058,2021-04-24 20:09:44,2021-04-24 20:37:24,46.8,73.6,120.65040821932007,38.74850299401198,37.18562874251497
2059,2021-04-24 20:37:45,2021-04-24 21:02:45,74.0,94.0,123.19723979166668,40.0,38.0
2060,2021-04-25 03:06:54,2021-04-25 03:26:44,50.0,68.8,123.0769821956265,35.40833333333333,32.34166666666667
2061,2021-04-25 03:27:05,2021-04-25 03:58:15,69.2,94.4,122.63614285714284,36.75,33.797872340425535
2062,2021-04-25 10:48:47,2021-04-25 12:16:02,19.2,97.6,120.91909419997168,37.03969465648855,35.13282442748092
2063,2021-04-25 20:40:19,2021-04-25 21:52:38,34.8,97.6,121.03969681086342,35.06998158379374,32.646408839779006
2064,2021-04-26 15:35:21,2021-04-26 16:25:07,68.0,97.6,122.56863662725227,28.497326203208555,27.245989304812834
2065,2021-04-26 23:04:17,2021-04-26 23:36:47,57.6,88.0,121.9942484009503,30.54591836734694,28.622448979591837
2066,2021-04-27 16:38:53,2021-04-27 17:48:24,26.4,84.8,119.07594100313928,29.086206896551722,27.74137931034483
2067,2021-04-28 00:10:41,2021-04-28 01:16:12,45.2,84.0,122.33080974012027,29.008130081300813,26.61382113821138
2068,2021-04-28 16:04:15,2021-04-28 16:21:35,38.4,54.4,117.35850668402776,24.961904761904762,23.447619047619046
2069,2021-04-28 16:21:56,2021-04-28 16:49:36,54.4,79.2,120.91230404345875,27.29940119760479,25.760479041916167
2070,2021-04-29 02:59:26,2021-04-29 03:34:06,60.4,91.200005,122.18614376487562,26.701149425287355,25.831417624521073
2071,2021-04-29 10:53:11,2021-04-29 12:07:27,36.4,93.6,120.89822698135202,29.227598566308245,27.85304659498208
2072,2021-04-29 17:48:02,2021-04-29 18:20:02,55.6,86.4,121.27435687229435,35.015544041450774,33.181347150259064
2073,2021-04-30 03:10:22,2021-04-30 03:39:52,30.0,58.8,119.12329427083337,31.55056179775281,29.3876404494382
2074,2021-04-30 03:40:13,2021-04-30 04:06:53,59.2,84.8,121.16865093315978,34.298136645962735,32.29192546583851
2075,2021-04-30 23:29:34,2021-05-01 00:00:54,35.6,66.0,120.4573400493421,31.33862433862434,30.43915343915344
2076,2021-05-01 05:31:48,2021-05-01 05:57:28,33.2,58.8,117.04210785590278,34.49677419354839,32.56774193548387
2077,2021-05-01 05:57:49,2021-05-01 06:27:39,59.2,88.0,120.29369950810185,36.977777777777774,34.81111111111111
2078,2021-05-01 13:58:08,2021-05-01 14:25:58,52.4,69.2,120.92015831679892,37.148809523809526,35.708333333333336
2079,2021-05-01 14:26:19,2021-05-01 14:54:39,69.6,85.6,124.08943020833334,38.0,36.50292397660819
2080,2021-05-01 20:50:56,2021-05-01 21:40:18,42.8,89.6,120.9237460292023,38.067385444743934,36.1266846361186
2081,2021-05-02 04:12:00,2021-05-02 05:25:55,32.4,98.0,120.98612855902778,36.68468468468468,34.41801801801802
2082,2021-05-02 21:13:08,2021-05-02 21:41:08,39.6,55.2,119.57175062321936,31.923076923076923,30.242603550295858
2083,2021-05-02 21:41:29,2021-05-02 22:11:59,55.6,72.4,120.92839575066132,33.0,31.630434782608695
2084,2021-05-02 22:12:20,2021-05-02 22:43:20,72.8,89.6,122.9075619212963,33.6524064171123,32.0
2085,2021-05-04 20:25:27,2021-05-04 20:50:37,25.6,50.0,120.63241336520949,29.513157894736842,27.894736842105264
2086,2021-05-04 20:50:58,2021-05-04 21:24:57,50.4,83.6,119.57732027275773,33.02926829268293,31.326829268292684
2087,2021-05-04 21:25:18,2021-05-04 21:46:08,84.0,97.6,123.733679636438,34.0,32.976190476190474
2088,2021-05-05 05:30:09,2021-05-05 06:13:21,51.2,90.4,121.18992137755103,33.36,30.88
2089,2021-05-05 17:00:55,2021-05-05 18:38:11,10.0,97.6,120.15874515632929,38.46027397260274,36.73287671232877
2090,2021-05-06 01:26:34,2021-05-06 02:39:25,25.6,93.2,119.97658108152534,37.56855575868373,34.78793418647167
2091,2021-05-06 06:45:49,2021-05-06 07:08:19,54.8,76.4,121.00117650462958,35.75735294117647,31.904411764705884
2092,2021-05-06 07:08:40,2021-05-06 07:32:50,76.8,95.2,122.23959450483089,36.0,32.945205479452056
2093,2021-05-06 22:44:39,2021-05-06 23:03:40,20.8,36.8,118.88541979166669,33.51724137931034,32.06896551724138
2094,2021-05-06 23:04:01,2021-05-06 23:34:51,36.8,63.2,116.84343939393935,35.924731182795696,34.31182795698925
2095,2021-05-06 23:35:12,2021-05-07 00:05:22,63.6,88.8,119.3557197420635,37.620879120879124,36.0
2096,2021-05-07 21:19:10,2021-05-07 21:36:25,20.4,36.8,122.87095071138214,34.24761904761905,32.89523809523809
2097,2021-05-07 21:36:46,2021-05-07 22:12:24,37.2,72.4,118.27440126262627,37.24186046511628,36.027906976744184
2098,2021-05-07 22:12:45,2021-05-07 22:40:25,72.8,94.8,122.90469955808084,39.0,38.0
2099,2021-05-08 03:40:01,2021-05-08 04:06:11,60.4,85.6,121.10615228174606,38.10126582278481,35.43037974683544
2100,2021-05-08 04:06:32,2021-05-08 04:26:12,86.0,97.6,126.54695186781618,38.18487394957983,36.0
2101,2021-05-08 16:24:59,2021-05-08 17:45:51,8.8,76.0,120.25213383763229,40.61842105263158,38.735197368421055
2102,2021-05-09 06:21:39,2021-05-09 07:42:29,30.8,95.6,120.1700168081276,37.07742998352553,33.98517298187809
2103,2021-05-09 15:09:20,2021-05-09 15:35:40,25.2,47.2,119.77904861111107,39.84276729559748,38.339622641509436
2104,2021-05-09 15:36:01,2021-05-09 16:08:01,47.2,74.4,117.71599954044116,42.26424870466321,40.55958549222798
2105,2021-05-09 16:08:22,2021-05-09 16:33:52,74.4,93.6,122.26564728009267,43.0,41.0
2106,2021-05-09 23:55:09,2021-05-10 00:17:19,18.8,40.0,121.90382481656185,38.23880597014925,35.76865671641791
2107,2021-05-10 00:17:40,2021-05-10 00:48:16,40.4,70.4,118.88472245370367,41.02162162162162,38.556756756756755
2108,2021-05-10 06:35:49,2021-05-10 07:03:49,43.6,70.8,120.18791748366013,37.98816568047337,34.98224852071006
2109,2021-05-10 07:04:10,2021-05-10 07:35:30,70.8,96.0,121.66888139329805,39.042328042328045,36.148148148148145
2110,2021-05-10 18:51:50,2021-05-10 19:21:10,17.2,46.0,119.58477174961419,39.51412429378531,37.89265536723164
2111,2021-05-10 19:21:31,2021-05-10 19:40:31,46.0,64.4,121.21828940217387,41.904347826086955,40.165217391304346
2112,2021-05-11 01:12:16,2021-05-11 01:39:46,24.4,51.6,118.82046813725489,37.46987951807229,35.006024096385545
2113,2021-05-11 01:40:07,2021-05-11 02:07:57,51.6,79.2,118.55475654186796,40.351190476190474,37.732142857142854
2114,2021-05-11 13:11:39,2021-05-11 13:39:59,22.8,50.4,120.42420586755233,37.28654970760234,35.666666666666664
2115,2021-05-11 13:40:20,2021-05-11 14:02:30,50.8,72.8,118.11743888888893,40.059701492537314,38.6044776119403
2116,2021-05-11 20:39:25,2021-05-11 21:04:45,16.8,41.2,121.18739463797814,39.02614379084967,37.30065359477124
2117,2021-05-11 21:05:06,2021-05-11 21:33:56,41.6,70.0,118.4942371381064,41.9080459770115,40.10344827586207
2118,2021-05-11 21:34:17,2021-05-11 21:52:47,70.4,88.0,122.70203227588394,43.0,41.098214285714285
2119,2021-05-12 04:28:24,2021-05-12 04:55:54,43.2,70.4,118.0366694750817,39.325301204819276,36.21084337349398
2120,2021-05-12 04:56:15,2021-05-12 05:24:45,70.4,94.0,121.26060463747648,40.872093023255815,37.33139534883721
2121,2021-05-12 16:10:31,2021-05-12 16:42:01,16.0,37.6,120.96319585905349,40.21578947368421,38.4
2122,2021-05-12 16:42:22,2021-05-12 17:06:32,38.0,54.8,117.98112681878305,41.82876712328767,40.26027397260274
2123,2021-05-12 20:02:59,2021-05-12 21:11:02,30.8,93.6,120.8488555666136,43.0958904109589,41.070450097847356
2124,2021-05-13 02:08:58,2021-05-13 02:54:44,52.4,93.2,120.73295411560458,40.78779069767442,37.622093023255815
2125,2021-05-13 18:10:03,2021-05-13 18:28:23,7.6,25.6,118.89275694444447,37.990990990990994,36.009009009009006
2126,2021-05-13 18:28:44,2021-05-13 18:56:24,25.6,52.8,118.52226450163403,39.76047904191617,38.05988023952096
2127,2021-05-13 18:56:45,2021-05-13 19:25:15,53.2,80.8,120.26520254629634,42.55232558139535,40.7093023255814
2128,2021-05-13 19:25:36,2021-05-13 19:49:36,81.2,97.6,125.19225287940385,43.0,41.15172413793103
2129,2021-05-14 02:37:04,2021-05-14 03:07:14,39.6,69.2,118.98368083708708,40.11538461538461,37.12637362637363
2130,2021-05-14 03:07:35,2021-05-14 03:39:05,69.6,95.2,122.30470003255203,41.67368421052632,38.689473684210526
2131,2021-05-14 20:46:04,2021-05-14 22:18:15,14.4,97.6,120.48011658486917,33.040462427745666,31.391618497109828
2132,2021-05-15 13:06:49,2021-05-15 13:34:29,20.0,47.2,120.25938602941176,38.119760479041915,36.119760479041915
2133,2021-05-15 13:34:50,2021-05-15 13:53:40,47.6,65.6,123.71681149691362,40.79824561403509,38.71052631578947
2134,2021-05-15 18:51:39,2021-05-15 19:18:49,26.0,43.2,119.59626776485788,39.66463414634146,38.1280487804878
2135,2021-05-15 19:19:10,2021-05-15 19:48:50,43.6,62.0,118.71302053140096,41.340782122905026,39.36871508379888
2136,2021-05-16 00:47:33,2021-05-16 01:06:12,39.6,58.0,119.5202488375604,38.31578947368421,35.8859649122807
2137,2021-05-16 05:06:50,2021-05-16 05:34:40,30.0,57.6,117.15380152979067,39.11309523809524,36.70238095238095
2138,2021-05-16 05:35:01,2021-05-16 06:04:21,57.6,86.4,118.32949344135804,41.5819209039548,39.090395480225986
2139,2021-05-16 20:52:40,2021-05-16 21:21:30,50.0,68.8,120.79419222813242,36.44827586206897,35.47126436781609
2140,2021-05-17 05:06:48,2021-05-17 05:35:28,37.6,65.6,118.07839007936511,37.52601156069364,35.49710982658959
2141,2021-05-17 05:35:49,2021-05-17 06:05:49,65.6,92.0,119.67068276515151,39.33701657458563,37.29281767955801
2142,2021-05-17 18:07:30,2021-05-17 19:49:34,16.4,97.6,120.54514271175427,41.1710182767624,39.60966057441253
2143,2021-05-18 02:04:17,2021-05-18 02:35:07,56.4,86.8,120.8602882401316,40.33870967741935,37.655913978494624
2144,2021-05-18 14:42:19,2021-05-18 15:01:09,4.8,16.4,123.13697473659006,37.0,36.0
2145,2021-05-18 15:01:30,2021-05-18 15:31:10,16.4,35.2,119.66607565011817,37.29050279329609,35.798882681564244
2146,2021-05-18 15:31:31,2021-05-18 15:59:11,35.6,53.2,119.207702020202,38.93413173652694,37.449101796407184
2147,2021-05-18 15:59:32,2021-05-18 16:26:42,53.2,70.4,119.7755167958656,40.59146341463415,38.798780487804876
2148,2021-05-18 16:27:03,2021-05-18 17:04:29,70.8,93.6,123.84686178118909,41.0,39.0
2149,2021-05-19 00:30:05,2021-05-19 01:00:05,40.4,59.6,116.85548408564814,38.02209944751381,35.92265193370166
2150,2021-05-19 01:00:26,2021-05-19 01:27:06,59.6,75.6,119.24220685763893,39.0,37.0
2151,2021-05-19 01:27:27,2021-05-19 01:53:27,76.0,90.8,121.03511448948952,39.0,37.0
2152,2021-05-20 01:51:29,2021-05-20 02:20:59,9.2,37.2,121.32194012896824,35.438202247191015,34.325842696629216
2153,2021-05-20 02:21:20,2021-05-20 02:53:00,37.6,68.4,118.44337923881676,38.738219895287955,37.544502617801044
2154,2021-05-20 02:53:21,2021-05-20 03:21:51,68.8,92.8,120.86865873842598,40.78488372093023,39.02906976744186
2155,2021-05-20 15:01:10,2021-05-20 15:29:30,32.8,60.4,120.36081909219006,40.24561403508772,38.760233918128655
2156,2021-05-20 15:29:51,2021-05-20 16:00:31,60.8,89.6,120.68142467206793,42.48108108108108,41.21621621621622
2157,2021-05-21 12:20:39,2021-05-21 13:21:38,26.4,86.0,119.4817869733408,39.23362445414847,37.685589519650655
2158,2021-05-21 20:22:57,2021-05-21 21:18:04,16.8,70.8,119.2464421064815,42.02415458937198,40.6256038647343
2159,2021-05-22 01:30:22,2021-05-22 02:28:49,17.6,73.6,120.2358997668651,42.97266514806378,40.09111617312073
2160,2021-05-22 06:19:48,2021-05-22 06:48:48,54.0,72.0,120.85339706790124,39.77142857142857,36.73714285714286
2161,2021-05-22 06:49:09,2021-05-22 07:14:39,72.4,88.0,122.67005724715104,40.0,37.0
2162,2021-05-22 14:13:17,2021-05-22 14:42:47,70.8,93.6,121.59236226851853,36.56741573033708,34.91573033707865
2163,2021-05-22 21:15:50,2021-05-22 21:48:40,30.0,62.0,119.8007908420139,40.2979797979798,38.64646464646464
2164,2021-05-22 21:49:01,2021-05-22 22:15:41,62.4,88.0,121.62001790364583,42.993788819875775,41.254658385093165
2165,2021-05-24 02:43:19,2021-05-24 03:06:39,7.2,30.0,119.56020102339183,37.163120567375884,35.687943262411345
2166,2021-05-24 03:07:00,2021-05-24 03:39:00,30.4,61.6,119.84065046296297,39.818652849740936,38.2279792746114
2167,2021-05-24 03:39:21,2021-05-24 04:07:21,62.0,88.8,120.88102943615262,42.50887573964497,40.70414201183432
2168,2021-05-24 18:22:39,2021-05-24 18:52:39,61.2,79.2,121.02779020061729,36.80110497237569,35.13812154696133
2169,2021-05-24 18:53:00,2021-05-24 19:22:20,79.6,96.0,124.6409357215447,37.16949152542373,36.0
2170,2021-05-25 00:42:23,2021-05-25 01:03:53,36.4,43.2,118.3292502042483,36.0,34.0
2171,2021-05-25 01:04:14,2021-05-25 01:32:34,43.2,52.4,115.48913043478267,36.12865497076023,34.0
2172,2021-05-25 01:32:55,2021-05-25 02:03:45,52.4,62.0,120.44270833333333,37.0,34.833333333333336
2173,2021-05-25 07:45:56,2021-05-25 08:08:56,22.0,40.8,122.78886672576834,32.776978417266186,30.906474820143885
2174,2021-05-25 08:09:17,2021-05-25 08:38:37,41.2,66.0,118.67216106630826,35.26553672316384,33.48587570621469
2175,2021-05-25 08:38:58,2021-05-25 09:08:18,66.4,90.8,119.96528506375235,37.0,35.0
2176,2021-05-25 16:45:26,2021-05-25 17:11:57,56.8,82.4,120.88102888997392,38.285,36.645
2177,2021-05-25 17:13:41,2021-05-25 17:35:10,82.0,97.6,121.34456524216529,38.98148148148148,37.0
2178,2021-05-26 04:01:17,2021-05-26 06:07:33,9.2,89.200005,120.24209260153589,35.631856540084385,33.20886075949367
2179,2021-05-26 19:22:26,2021-05-26 21:16:50,21.6,97.6,120.45717916666668,37.46449359720605,35.754365541327125
2180,2021-05-27 14:29:57,2021-05-27 14:58:37,34.8,63.2,117.73670295383411,41.84971098265896,40.589595375722546
2181,2021-05-28 11:17:37,2021-05-28 11:43:07,68.4,88.0,121.49094139739233,34.64935064935065,33.72077922077922
2182,2021-05-28 18:09:08,2021-05-28 19:04:31,49.2,97.6,121.33383189853078,39.51442307692308,37.51201923076923
2183,2021-05-29 03:45:29,2021-05-29 04:12:59,55.6,82.4,119.8025578876451,37.41566265060241,35.63253012048193
2184,2021-05-29 04:13:20,2021-05-29 04:33:50,82.8,97.6,123.84010923423429,38.0,36.07258064516129
2185,2021-05-29 13:58:28,2021-05-29 14:32:28,61.600002,92.8,122.26425589300788,37.25390625,35.546875
2186,2021-05-30 00:32:42,2021-05-30 01:11:46,34.0,74.8,118.10716699346409,34.55084745762712,32.733050847457626
2187,2021-05-30 01:12:07,2021-05-30 01:31:37,74.8,92.8,120.24923757716053,37.0,35.0
2188,2021-05-30 07:26:11,2021-05-30 08:50:19,48.4,97.6,122.27057108852757,34.99208860759494,33.01898734177215
2189,2021-05-30 19:06:08,2021-05-30 19:30:18,31.2,44.4,119.68541656144784,36.363013698630134,35.0
2190,2021-05-30 19:30:39,2021-05-30 20:00:09,44.4,61.2,117.19660722552906,37.80337078651685,36.264044943820224
2191,2021-05-30 20:00:30,2021-05-30 20:30:50,61.6,78.4,120.54730605158727,39.0,37.0
2192,2021-05-30 20:31:11,2021-05-30 20:55:11,78.8,91.6,125.2854018012153,39.0,37.0
2193,2021-05-31 15:33:51,2021-05-31 16:05:01,14.8,44.8,121.75973828703708,38.388297872340424,36.54255319148936
2194,2021-05-31 16:05:22,2021-05-31 16:38:12,45.2,77.6,118.60641679526755,41.36363636363637,39.75252525252525
2195,2021-06-01 01:56:36,2021-06-01 03:14:23,13.6,89.200005,119.98520236760122,34.806837606837604,32.29401709401709
2196,2021-06-01 10:52:56,2021-06-01 11:15:36,75.6,94.8,122.29963187210649,34.56934306569343,33.0
2197,2021-06-01 20:19:02,2021-06-01 20:47:02,48.8,76.0,121.63448554942808,30.615384615384617,28.29585798816568
2198,2021-06-02 12:22:37,2021-06-02 13:56:55,18.800001,94.0,118.93108768643587,33.65021156558533,32.2031029619182
2199,2021-06-02 23:11:06,2021-06-03 01:00:10,28.0,93.6,119.23392469173444,32.25396825396825,30.355311355311354
2200,2021-06-03 10:08:36,2021-06-03 10:36:56,50.0,67.2,121.29523021640823,32.567251461988306,31.514619883040936
2201,2021-06-03 10:37:17,2021-06-03 10:57:37,67.6,79.6,120.41436932870371,33.73170731707317,32.67479674796748
2202,2021-06-03 11:09:58,2021-06-03 11:33:48,80.0,93.6,120.92219761029416,34.0,33.0
2203,2021-06-03 21:04:43,2021-06-03 21:33:43,46.4,65.6,120.83622714120372,36.502857142857145,35.537142857142854
2204,2021-06-03 21:34:04,2021-06-03 22:00:24,66.0,83.2,122.49515649224807,37.9559748427673,36.9811320754717
2205,2021-06-03 22:00:45,2021-06-03 22:22:55,83.6,97.6,123.13790625,38.0,37.0
2206,2021-06-04 21:36:57,2021-06-04 22:01:37,51.2,74.8,122.19869509180796,32.77852348993289,31.590604026845636
2207,2021-06-04 22:01:58,2021-06-04 22:28:58,75.2,96.8,118.47223726851857,34.0,32.920245398773005
2208,2021-06-06 01:33:28,2021-06-06 02:00:38,74.8,97.6,121.84699104532164,31.50609756097561,29.932926829268293
2209,2021-06-07 14:51:56,2021-06-07 15:57:52,20.4,84.8,119.36331568754312,37.921370967741936,36.314516129032256
2210,2021-06-08 09:08:53,2021-06-08 09:49:27,62.0,97.6,121.46135406523099,33.32786885245902,31.58688524590164
2211,2021-06-08 22:11:02,2021-06-08 22:31:02,41.2,60.8,118.8477838718821,35.94214876033058,34.65289256198347
2212,2021-06-09 04:04:32,2021-06-09 04:36:32,31.6,63.2,118.92184647503514,36.487046632124354,34.83937823834197
2213,2021-06-09 04:36:53,2021-06-09 05:03:03,63.6,89.6,118.14742596153849,39.164556962025316,37.38607594936709
2214,2021-06-09 20:09:14,2021-06-09 20:37:14,45.2,72.4,120.08579023692812,38.23668639053255,36.89940828402367
2215,2021-06-09 20:37:35,2021-06-09 21:02:45,72.8,95.2,122.00769456845235,39.86842105263158,38.5
2216,2021-06-10 01:06:55,2021-06-10 01:22:08,64.8,77.2,122.31755172491032,38.84347826086957,36.0
2217,2021-06-10 02:04:53,2021-06-10 02:26:30,81.2,97.6,121.00788564532525,38.98159509202454,36.06748466257669
2218,2021-06-10 14:44:06,2021-06-10 16:07:53,16.4,86.8,118.82314273792613,39.63434022257552,38.16852146263911
2219,2021-06-11 13:53:15,2021-06-11 14:27:31,20.4,49.2,119.15418718171296,32.893719806763286,31.7487922705314
2220,2021-06-11 14:27:52,2021-06-11 14:59:32,49.2,76.4,116.67178283292483,36.10471204188482,34.72774869109948
2221,2021-06-11 14:59:53,2021-06-11 15:23:41,76.8,95.6,122.04079212470451,37.3448275862069,36.0
2222,2021-06-12 00:22:11,2021-06-12 02:06:47,9.2,96.4,119.15660595056063,38.31974522292994,36.18980891719745
2223,2021-06-12 06:36:46,2021-06-12 07:30:16,54.8,97.6,121.29275011357737,37.57462686567164,34.788557213930346
2224,2021-06-12 12:47:52,2021-06-12 13:26:41,63.2,97.6,121.6980451267765,35.82534246575342,33.52054794520548
2225,2021-06-13 03:15:50,2021-06-13 04:32:14,26.0,97.6,119.74209409993794,34.59059233449477,32.88850174216028
2226,2021-06-13 17:02:04,2021-06-13 17:34:28,68.8,97.6,121.42439639660496,33.704918032786885,31.84016393442623
2227,2021-06-14 01:41:46,2021-06-14 02:52:02,26.800001,94.8,119.32631565675955,35.74810606060606,33.78219696969697
2228,2021-06-14 15:49:20,2021-06-14 16:17:10,37.6,65.2,118.34237620772947,34.24404761904762,32.767857142857146
2229,2021-06-14 16:17:31,2021-06-14 16:47:01,65.6,94.0,119.569145442097,36.831460674157306,35.39887640449438
2230,2021-06-15 10:24:00,2021-06-15 10:48:50,76.0,94.8,121.39333348108747,34.0,32.74666666666667
2231,2021-06-15 18:28:11,2021-06-15 18:57:01,40.8,65.2,119.03462687841528,39.52873563218391,38.04022988505747
2232,2021-06-15 18:57:22,2021-06-15 19:26:12,65.6,89.6,120.99827771990739,41.01149425287356,39.9080459770115
2233,2021-06-17 11:42:19,2021-06-17 12:11:19,31.6,60.4,117.61382204861113,34.88,33.90857142857143
2234,2021-06-17 12:17:12,2021-06-17 12:49:32,64.8,94.8,120.48982379629629,38.31794871794872,37.266666666666666
2235,2021-06-17 23:38:02,2021-06-18 00:10:02,11.6,32.4,120.10818850160261,38.0,36.0
2236,2021-06-18 00:10:23,2021-06-18 00:36:55,32.8,50.0,118.11726692506458,38.58641975308642,36.75308641975309
2237,2021-06-18 00:37:14,2021-06-18 01:08:34,50.0,69.6,118.6678116496599,40.41269841269841,38.51322751322751
2238,2021-06-18 01:08:55,2021-06-18 01:30:35,70.0,82.8,120.78017762586808,41.0,39.0
2239,2021-06-18 09:02:15,2021-06-18 10:21:39,18.0,95.2,118.54240634175301,37.84731543624161,36.11073825503356
2240,2021-06-18 22:51:23,2021-06-18 23:27:06,43.2,78.4,118.29324599510736,38.62592592592593,37.02962962962963
2241,2021-06-19 11:35:07,2021-06-19 11:59:17,36.4,51.6,119.42526507675437,35.04794520547945,33.74657534246575
2242,2021-06-19 11:59:38,2021-06-19 12:26:28,51.6,68.4,116.52861061507933,37.08024691358025,35.858024691358025
2243,2021-06-19 12:26:49,2021-06-19 12:56:59,68.8,86.4,119.90847900883834,38.065934065934066,37.0
2244,2021-06-19 12:57:20,2021-06-19 13:16:50,86.4,97.2,122.18365946502057,39.0,37.813559322033896
2245,2021-06-19 22:01:04,2021-06-19 23:25:04,30.4,97.6,119.36046217261908,40.25515055467512,38.486529318542
2246,2021-06-20 23:55:03,2021-06-21 00:24:53,41.6,71.2,117.55630330330331,38.705555555555556,37.44444444444444
2247,2021-06-21 00:25:14,2021-06-21 00:52:14,71.6,96.4,119.53236262320783,40.644171779141104,39.41104294478528
2248,2021-06-22 20:50:45,2021-06-22 22:25:41,7.6,97.6,119.39345860493826,34.45161290322581,33.13884992987377
2249,2021-06-23 03:29:48,2021-06-23 03:55:48,65.2,90.4,120.49604139109347,34.5796178343949,32.24203821656051
2250,2021-06-23 19:33:32,2021-06-23 20:02:02,17.2,45.2,118.84623794642857,30.78488372093023,29.011627906976745
2251,2021-06-23 20:02:23,2021-06-23 20:26:43,45.6,69.6,118.3888971643519,33.97278911564626,32.14965986394558
2252,2021-06-23 20:27:04,2021-06-23 20:47:04,70.0,89.6,119.1305348639456,35.99173553719008,33.99173553719008
2253,2021-06-24 14:48:11,2021-06-24 15:16:01,10.0,34.0,118.75984890046298,34.0,32.19642857142857
2254,2021-06-24 15:16:22,2021-06-24 15:44:32,34.4,58.0,119.1790373116761,35.95882352941177,34.370588235294115
2255,2021-06-24 20:29:45,2021-06-24 20:57:15,39.2,66.8,116.23439920491145,36.53012048192771,34.40963855421687
2256,2021-06-25 14:08:24,2021-06-25 14:28:54,29.6,46.8,120.04846681201555,36.12096774193548,34.82258064516129
2257,2021-06-25 14:29:15,2021-06-25 14:48:55,47.2,64.4,115.16878141149873,38.1764705882353,36.924369747899156
2258,2021-06-25 14:49:16,2021-06-25 15:08:26,64.8,81.2,117.68548136856367,39.25,38.0
2259,2021-06-25 15:08:47,2021-06-25 15:29:17,81.6,97.6,119.68837708333334,40.0,38.92741935483871
2260,2021-06-25 22:18:05,2021-06-25 22:36:05,48.0,65.6,120.2809444444445,35.11926605504587,32.36697247706422
2261,2021-06-25 22:36:26,2021-06-25 23:01:46,66.0,91.2,118.43090388007056,36.8235294117647,34.30065359477124
2262,2021-06-26 23:11:56,2021-06-26 23:40:16,43.6,72.4,114.25155960648148,34.78362573099415,33.719298245614034
2263,2021-06-26 23:40:37,2021-06-27 00:04:17,72.4,94.8,118.22174491567463,36.94405594405595,35.69230769230769
2264,2021-06-27 22:00:03,2021-06-27 22:25:23,51.2,76.0,117.29669226030465,36.87581699346405,35.26143790849673
2265,2021-06-28 16:25:22,2021-06-28 16:55:52,36.4,62.4,117.42789652777776,32.93478260869565,30.630434782608695
2266,2021-06-28 16:56:13,2021-06-28 17:25:07,62.8,87.2,118.56888785291434,35.21142857142857,32.76571428571429
2267,2021-06-29 00:26:22,2021-06-29 00:56:32,38.4,68.4,117.2601797222222,35.31318681318681,33.543956043956044
2268,2021-06-29 00:56:53,2021-06-29 01:24:23,68.8,94.8,119.41665844017095,37.493975903614455,35.69277108433735
2269,2021-06-29 15:30:50,2021-06-29 15:58:30,20.4,47.6,118.67136907679736,36.616766467065865,35.02994011976048
2270,2021-06-29 15:58:51,2021-06-29 16:25:41,48.0,75.2,115.09446992442808,39.78395061728395,38.27160493827161
2271,2021-06-29 16:26:02,2021-06-29 16:51:32,75.2,97.6,118.87959753224212,41.48701298701299,39.74025974025974
2272,2021-06-30 00:36:02,2021-06-30 02:04:55,24.0,97.6,118.77087840051328,39.416791604197904,37.070464767616194
2273,2021-06-30 22:33:11,2021-06-30 22:53:51,32.4,52.8,118.52262207244011,36.008,34.2
2274,2021-06-30 22:54:12,2021-06-30 23:22:02,53.2,80.8,117.86233283011276,38.720238095238095,37.101190476190474
2275,2021-06-30 23:22:23,2021-06-30 23:41:53,81.2,97.6,120.41498729674807,40.0,38.0
2276,2021-07-01 08:41:59,2021-07-01 09:11:39,58.8,88.0,118.70482952815831,36.66480446927374,34.70949720670391
2277,2021-07-02 11:16:02,2021-07-02 11:35:12,24.0,36.4,117.98840277777785,33.456896551724135,32.474137931034484
2278,2021-07-02 11:35:33,2021-07-02 11:54:37,36.8,49.2,117.3728111111111,34.86206896551724,33.73275862068966
2279,2021-07-02 16:51:51,2021-07-02 17:12:21,24.8,31.6,123.16589795751636,38.0,36.0
2280,2021-07-02 17:12:42,2021-07-02 17:32:02,32.0,38.4,126.3715767361112,38.0,36.572649572649574
2281,2021-07-02 17:32:23,2021-07-02 17:48:53,38.8,44.4,121.10619791666666,38.53,37.0
2282,2021-07-02 17:49:14,2021-07-02 18:08:34,44.4,51.6,114.02396412037037,39.0,37.47008547008547
2283,2021-07-02 18:08:55,2021-07-02 18:26:15,51.6,58.0,111.5451822916667,39.02857142857143,38.0
2284,2021-07-02 18:26:36,2021-07-02 18:46:16,58.4,65.2,122.8309301470588,40.0,38.0
2285,2021-07-02 18:46:37,2021-07-02 19:05:07,65.6,72.4,116.53190808823517,40.0,38.0
2286,2021-07-02 19:05:28,2021-07-02 19:24:48,72.4,79.2,121.781093137255,40.0,38.0
2287,2021-07-03 12:41:42,2021-07-03 13:53:56,29.2,97.6,118.48885675560432,35.96863468634686,34.57011070110701
2288,2021-07-03 20:33:12,2021-07-03 20:54:32,71.2,92.4,118.35758333333328,35.604651162790695,34.13178294573643
2289,2021-07-04 11:57:06,2021-07-04 12:14:36,64.0,81.2,118.88970873708008,35.37735849056604,34.235849056603776
2290,2021-07-05 16:17:02,2021-07-05 16:59:44,11.2,47.2,118.71806439814816,39.31464174454829,38.19626168224299
2291,2021-07-05 17:00:04,2021-07-05 18:01:44,47.2,97.6,119.39413113425927,42.758099352051836,41.30453563714903
2292,2021-07-06 14:22:54,2021-07-06 15:13:30,24.8,74.8,117.94192073611111,37.83157894736842,36.376315789473686
2293,2021-07-06 22:28:03,2021-07-06 23:35:41,16.4,83.2,118.07470731037921,39.946850393700785,37.974409448818896
2294,2021-07-07 03:13:15,2021-07-07 03:32:05,81.6,97.6,120.61024843750002,39.0,36.69298245614035
2295,2021-07-07 23:22:07,2021-07-07 23:40:37,13.2,18.8,118.66572569444449,32.0,31.0
2296,2021-07-07 23:40:58,2021-07-07 23:58:48,18.8,24.0,125.55561111111118,32.0,31.0
2297,2021-07-07 23:59:09,2021-07-08 00:16:49,24.4,29.6,122.86864369658117,32.0,31.0
2298,2021-07-08 00:33:31,2021-07-08 00:52:01,34.8,40.4,114.43457360615082,33.0,31.232142857142858
2299,2021-07-08 00:52:22,2021-07-08 01:09:02,40.4,45.6,113.48295619658117,33.0,32.0
2300,2021-07-08 01:09:23,2021-07-08 01:27:53,45.6,50.8,125.55561111111126,33.55357142857143,32.0
2301,2021-07-08 01:28:14,2021-07-08 01:48:14,51.2,56.8,124.43457886904781,34.0,32.85950413223141
2302,2021-07-08 01:48:35,2021-07-08 02:08:15,56.8,62.0,129.17740758547006,34.49579831932773,33.0
2303,2021-07-08 02:08:36,2021-07-08 02:26:06,62.0,66.8,130.78709490740752,35.0,33.0
2304,2021-07-08 02:26:27,2021-07-08 02:45:07,66.8,72.4,116.58735317460302,35.0,33.0
2305,2021-07-08 02:45:28,2021-07-08 03:02:08,72.4,77.2,122.93986921296309,35.0,33.0
2306,2021-07-08 03:02:29,2021-07-08 03:19:19,77.2,82.0,126.13431481481491,35.0,33.0
2307,2021-07-08 03:19:40,2021-07-08 03:40:20,82.0,88.0,123.46301759259264,35.0,33.0
2308,2021-07-08 03:40:41,2021-07-08 03:58:41,88.0,93.2,124.34834561965809,35.0,33.0
2309,2021-07-08 11:46:53,2021-07-08 12:14:23,64.0,90.8,119.2470159100332,34.75301204819277,33.66265060240964
2310,2021-07-08 18:45:37,2021-07-08 19:21:00,24.4,59.6,118.53427511837124,40.66822429906542,38.794392523364486
2311,2021-07-08 19:21:21,2021-07-08 19:51:41,60.0,90.4,117.72024278143275,43.80327868852459,41.967213114754095
2312,2021-07-09 06:11:44,2021-07-09 06:29:14,46.8,64.0,118.70317013888886,40.405660377358494,38.028301886792455
2313,2021-07-10 07:16:37,2021-07-10 08:42:57,11.6,95.2,120.22393229498938,37.84899845916795,36.44530046224961
2314,2021-07-10 16:18:52,2021-07-10 16:36:42,46.4,64.0,119.11458901515148,43.31481481481482,41.379629629629626
2315,2021-07-11 08:02:46,2021-07-11 08:29:26,26.4,48.8,119.57654594494049,34.7639751552795,32.68944099378882
2316,2021-07-11 08:29:47,2021-07-11 08:56:17,49.2,72.0,116.73248720760239,37.39375,35.25
2317,2021-07-11 08:56:38,2021-07-11 09:28:38,72.4,97.6,121.14091402116412,38.98963730569948,36.69430051813472
2318,2021-07-12 08:01:14,2021-07-12 09:23:46,19.2,97.6,119.16242274943312,37.461290322580645,36.24516129032258
2319,2021-07-12 19:41:39,2021-07-12 19:58:09,44.8,61.2,117.72020740176153,39.53,38.23
2320,2021-07-12 19:58:30,2021-07-12 20:18:50,61.6,82.0,116.61017449618735,41.13821138211382,39.68292682926829
2321,2021-07-13 10:44:58,2021-07-13 11:10:08,24.8,49.6,118.48455342741937,37.68421052631579,36.51973684210526
2322,2021-07-13 11:11:38,2021-07-13 11:35:58,50.4,74.0,120.34664118408665,40.29931972789116,38.63265306122449
2323,2021-07-13 11:36:19,2021-07-13 12:02:59,74.4,97.6,120.02335596264373,41.86335403726708,39.64596273291925
2324,2021-07-14 01:05:12,2021-07-14 01:21:42,25.2,41.6,117.63890548780489,38.14,36.34
2325,2021-07-14 01:55:05,2021-07-14 02:11:45,74.4,90.8,118.77541861449876,42.0,40.0
2326,2021-07-14 12:12:01,2021-07-14 12:28:51,16.0,30.4,118.14238040123459,40.0,38.78431372549019
2327,2021-07-14 12:29:12,2021-07-14 12:49:52,30.8,48.4,118.78632007575763,41.048,39.776
2328,2021-07-14 12:50:13,2021-07-14 13:10:43,48.4,66.4,115.20989552469135,43.24193548387097,41.96774193548387
2329,2021-07-14 13:11:04,2021-07-14 13:30:54,66.8,83.6,119.4700961474869,44.766666666666666,43.108333333333334
2330,2021-07-14 13:31:15,2021-07-14 13:49:45,84.0,96.8,123.44512391493056,45.0,44.0
2331,2021-07-15 07:11:30,2021-07-15 08:21:11,31.6,97.6,118.28018139730641,37.892925430210326,36.30975143403442
2332,2021-07-15 16:45:00,2021-07-15 17:07:40,33.2,52.8,117.821022675737,38.56934306569343,36.97080291970803
2333,2021-07-15 17:08:01,2021-07-15 17:29:31,53.2,71.6,118.85341764794693,40.60769230769231,38.746153846153845
2334,2021-07-15 17:29:52,2021-07-15 17:51:32,72.0,90.4,119.68145788043476,41.70992366412214,39.87022900763359
2335,2021-07-16 12:08:59,2021-07-16 12:26:19,19.6,34.4,117.61543524774778,35.12380952380953,33.98095238095238
2336,2021-07-16 12:58:52,2021-07-16 13:15:32,62.4,76.8,116.24132812500001,39.48514851485149,37.94059405940594
2337,2021-07-16 20:29:26,2021-07-16 20:48:46,30.4,49.6,117.72064496527778,38.35897435897436,35.11965811965812
2338,2021-07-16 20:49:07,2021-07-16 21:07:37,50.0,68.4,117.53624584842997,40.535714285714285,37.276785714285715
2339,2021-07-16 21:45:13,2021-07-16 22:01:24,80.4,96.8,108.82267646510846,41.74,37.95
2340,2021-07-17 04:29:18,2021-07-17 05:53:55,13.2,95.6,118.43138861583067,37.502362204724406,34.82047244094488
2341,2021-07-17 09:35:12,2021-07-17 09:57:12,74.0,94.8,119.29953772702993,37.984962406015036,35.34586466165413
2342,2021-07-17 22:41:15,2021-07-17 22:59:55,72.8,88.4,119.80236467236463,36.0,34.716814159292035
2343,2021-07-18 10:15:36,2021-07-18 10:34:56,15.2,27.6,120.46484128584227,36.64102564102564,35.0
2344,2021-07-18 10:35:17,2021-07-18 10:55:07,28.0,40.8,118.18468815104168,36.88333333333333,35.35
2345,2021-07-18 10:55:28,2021-07-18 11:13:48,40.8,52.4,118.95716283524908,38.1981981981982,36.57657657657658
2346,2021-07-18 11:14:09,2021-07-18 11:32:59,52.8,64.8,115.62155324074072,39.3421052631579,37.78947368421053
2347,2021-07-18 11:33:20,2021-07-18 11:51:40,64.8,76.0,117.06847767857144,40.0,38.0
2348,2021-07-18 11:52:01,2021-07-18 12:13:21,76.4,88.8,119.68415669802879,40.0,38.58139534883721
2349,2021-07-18 17:58:20,2021-07-18 18:42:23,53.6,95.6,119.09101116732805,42.012084592145015,39.81570996978852
2350,2021-07-19 12:56:15,2021-07-19 14:01:52,14.4,79.2,118.18502204646775,37.56275303643725,36.0668016194332
2351,2021-07-19 20:13:34,2021-07-19 20:34:04,29.2,42.4,119.22981618265997,36.516129032258064,34.403225806451616
2352,2021-07-19 20:34:25,2021-07-19 20:54:45,42.8,56.0,116.52464278198653,37.72357723577236,35.63414634146341
2353,2021-07-19 20:55:06,2021-07-19 21:15:46,56.0,69.2,115.25570012626261,38.984,36.824
2354,2021-07-19 21:16:07,2021-07-19 21:35:27,69.2,81.2,115.07177847222223,39.0,37.0
2355,2021-07-19 21:35:48,2021-07-19 21:57:58,81.2,94.0,120.22105215928822,39.91851851851852,37.0
2356,2021-07-20 15:13:22,2021-07-20 15:41:32,34.4,52.8,115.3796920289855,31.870588235294118,30.641176470588235
2357,2021-07-20 15:41:53,2021-07-20 16:11:23,52.8,71.6,114.23390654550832,33.69662921348315,32.53932584269663
2358,2021-07-20 16:11:44,2021-07-20 16:42:04,72.0,90.0,117.58257800925927,34.55191256830601,33.0
2359,2021-07-21 00:44:57,2021-07-21 01:04:07,61.6,80.4,119.94017294621749,33.76724137931034,32.21551724137931
2360,2021-07-21 01:04:28,2021-07-21 01:24:08,80.8,97.2,120.84773899051484,34.680672268907564,33.0
2361,2021-07-22 13:17:47,2021-07-22 13:40:47,35.6,64.8,117.16610606925421,37.568345323741006,36.115107913669064
2362,2021-07-22 13:41:08,2021-07-22 14:00:42,65.2,88.4,118.74282297653255,40.46218487394958,38.78151260504202
2363,2021-07-22 23:43:17,2021-07-23 00:50:54,10.0,75.6,119.07224072874325,40.35236220472441,38.30708661417323
2364,2021-07-23 13:33:57,2021-07-23 14:15:36,28.4,70.4,117.20628765211639,40.361022364217256,38.96166134185304
2365,2021-07-24 08:03:38,2021-07-24 09:18:35,26.4,97.6,118.54449969530276,38.815602836879435,37.47517730496454
2366,2021-07-24 18:07:06,2021-07-24 18:28:56,12.0,32.8,118.56037039262822,44.28030303030303,42.99242424242424
2367,2021-07-24 18:29:17,2021-07-24 18:47:17,33.2,49.6,117.97086551490514,45.6605504587156,43.981651376146786
2368,2021-07-24 18:47:38,2021-07-24 19:04:38,50.0,65.2,120.20924497441521,47.54368932038835,45.77669902912621
2369,2021-07-24 20:19:53,2021-07-24 20:38:43,72.0,88.8,120.79863285383601,47.0,45.0
2370,2021-07-25 04:14:19,2021-07-25 05:48:33,9.2,95.6,119.13974975887346,44.27015558698727,41.11456859971712
2371,2021-07-26 01:31:32,2021-07-26 02:26:25,25.2,79.2,118.40432179012348,37.067961165048544,33.390776699029125
2372,2021-07-26 20:12:05,2021-07-26 20:33:15,42.4,64.0,114.96077912808641,38.0234375,36.5234375
2373,2021-07-26 20:33:36,2021-07-26 20:54:06,64.0,84.4,117.86560913671022,39.92741935483871,38.50806451612903
2374,2021-07-27 10:19:29,2021-07-27 10:47:19,62.4,85.6,120.81237278496171,38.17261904761905,37.0
2375,2021-07-27 19:44:27,2021-07-27 20:03:17,22.4,38.4,117.83681840277775,43.421052631578945,42.0
2376,2021-07-27 20:03:38,2021-07-27 20:29:42,38.8,60.8,118.59243500000001,45.17088607594937,43.5126582278481
2377,2021-07-27 20:30:03,2021-07-27 20:47:53,61.2,76.0,120.6250129504505,47.0,45.0
2378,2021-07-27 20:48:14,2021-07-27 21:06:14,76.4,91.2,120.01784525150153,47.522935779816514,45.0
2379,2021-07-28 03:00:51,2021-07-28 03:25:51,51.6,75.6,119.39412644675933,42.19867549668874,39.05298013245033
2380,2021-07-28 03:26:12,2021-07-28 03:51:32,76.0,97.6,120.80377983539098,43.13725490196079,40.20261437908497
2381,2021-07-28 15:55:56,2021-07-28 16:27:56,38.0,70.0,117.34373541666668,40.979274611398964,39.50259067357513
2382,2021-07-28 16:28:17,2021-07-28 16:51:57,70.4,94.0,117.70361287664788,43.32167832167832,41.76923076923077
2383,2021-07-29 04:29:42,2021-07-29 04:46:42,20.4,37.2,117.84309333664018,34.86407766990291,32.49514563106796
2384,2021-07-29 04:47:03,2021-07-29 05:03:53,37.6,54.0,119.50712347560977,36.48039215686274,34.333333333333336
2385,2021-07-29 05:04:14,2021-07-29 05:21:04,54.4,71.2,116.65344708994706,38.55882352941177,36.51960784313726
2386,2021-07-29 05:21:25,2021-07-29 05:38:25,71.6,88.4,117.80176165674597,39.689320388349515,37.54368932038835
2387,2021-07-29 18:28:07,2021-07-29 18:44:37,27.2,43.6,117.40261051829268,38.8,36.08
2388,2021-07-29 19:17:40,2021-07-29 19:34:10,76.0,91.6,123.43038060897442,43.0,40.0
2389,2021-07-30 04:22:50,2021-07-30 04:40:50,36.8,54.4,119.28582378472218,36.642201834862384,33.79816513761468
2390,2021-07-30 04:41:11,2021-07-30 04:58:41,54.8,72.4,115.93986166351004,38.66981132075472,35.75471698113208
2391,2021-07-30 04:59:02,2021-07-30 05:17:32,72.8,90.8,119.82561095679011,39.919642857142854,37.0
2392,2021-07-30 11:13:00,2021-07-30 11:30:30,56.4,73.6,118.92847157622744,37.93396226415094,35.75471698113208
2393,2021-07-30 11:30:51,2021-07-30 11:48:51,73.6,91.2,119.52495099431815,39.0,36.99082568807339
2394,2021-07-30 20:23:46,2021-07-30 20:42:46,54.4,70.4,114.99393767361109,37.14782608695652,35.573913043478264
2395,2021-07-30 20:43:07,2021-07-30 21:03:17,70.4,86.4,117.48351744791665,38.0,36.0
2396,2021-07-31 21:11:44,2021-07-31 21:41:14,41.2,70.8,116.46914132882887,36.73033707865169,35.81460674157304
2397,2021-07-31 21:41:35,2021-07-31 22:11:35,71.2,97.6,120.10312784090912,38.93370165745856,37.86740331491713
2398,2021-08-01 15:45:32,2021-08-01 16:04:42,59.2,78.0,120.47428893321515,34.077586206896555,32.76724137931034
2399,2021-08-01 16:05:03,2021-08-01 16:27:23,78.4,97.6,119.63035865162045,35.60740740740741,34.53333333333333
2400,2021-08-02 13:26:17,2021-08-02 13:53:27,28.4,54.4,119.63516768162394,35.91463414634146,34.06707317073171
2401,2021-08-02 13:53:48,2021-08-02 14:23:28,54.8,84.0,116.30519197108067,39.340782122905026,37.6536312849162
2402,2021-08-02 22:03:51,2021-08-02 22:25:01,26.4,47.2,119.55061224626064,39.5390625,35.8984375
2403,2021-08-02 22:25:22,2021-08-02 22:46:32,47.6,68.8,117.23073054245283,41.84375,38.0625
2404,2021-08-02 22:46:53,2021-08-02 23:05:13,69.2,87.2,119.59798603395065,43.0,39.0
2405,2021-08-03 21:20:51,2021-08-03 22:07:10,23.6,69.6,117.39318111714977,35.3448275862069,33.85919540229885
2406,2021-08-03 22:08:53,2021-08-03 22:34:23,69.6,94.0,119.02317246129326,38.677083333333336,37.166666666666664
2407,2021-08-04 05:53:35,2021-08-04 07:16:41,18.4,97.6,118.61316929538441,37.27724358974359,35.04967948717949
2408,2021-08-05 08:14:58,2021-08-05 08:31:58,40.8,55.2,118.9988412422839,30.475728155339805,29.825242718446603
2409,2021-08-05 08:32:19,2021-08-05 08:48:59,55.6,70.0,116.82678684413581,32.40594059405941,31.633663366336634
2410,2021-08-05 21:13:05,2021-08-05 22:30:14,24.4,97.6,118.44310726510325,37.38514680483593,35.6580310880829
2411,2021-08-06 21:57:20,2021-08-06 23:06:30,33.2,97.6,117.91058131469983,33.753846153846155,32.13461538461539
2412,2021-08-07 15:49:44,2021-08-07 17:10:22,18.0,95.6,118.16096340564147,42.029752066115705,40.65289256198347
2413,2021-08-09 19:25:41,2021-08-09 19:42:41,44.8,55.6,116.32588258744853,32.737864077669904,30.475728155339805
2414,2021-08-09 19:43:02,2021-08-09 20:01:32,55.6,67.2,115.06107136015322,33.86607142857143,31.678571428571427
2415,2021-08-09 20:01:53,2021-08-09 20:18:53,67.2,77.6,114.72224372329065,34.41747572815534,32.0
2416,2021-08-10 16:16:59,2021-08-10 18:09:54,16.4,94.8,118.24135350304705,34.79553466509988,33.231492361927145
2417,2021-08-11 11:33:41,2021-08-11 12:32:12,43.2,97.6,118.8000485396242,32.45227272727273,30.98181818181818
2418,2021-08-12 00:01:21,2021-08-12 00:22:01,28.0,45.6,118.9046821338384,35.992,34.464
2419,2021-08-12 00:22:22,2021-08-12 00:41:12,46.0,62.0,116.5599098090278,37.87719298245614,36.29824561403509
2420,2021-08-12 00:41:33,2021-08-12 01:02:13,62.4,79.2,117.3280568783069,39.336,37.56
2421,2021-08-12 01:02:34,2021-08-12 01:21:24,79.6,94.0,120.32408796296292,40.0,38.0
2422,2021-08-12 22:28:27,2021-08-12 22:45:37,75.6,90.0,119.6585733989197,35.72115384615385,34.0
2423,2021-08-13 23:37:19,2021-08-14 00:58:29,13.2,93.200005,118.40649012806661,34.84098360655738,33.795081967213115
2424,2021-08-14 06:50:14,2021-08-14 07:50:02,41.6,97.6,119.0427320610119,37.43207126948775,35.40089086859688
2425,2021-08-14 15:36:01,2021-08-14 16:00:28,45.2,69.6,116.83383889458108,39.13333333333333,37.68666666666667
2426,2021-08-14 16:00:49,2021-08-14 16:19:19,70.0,88.0,119.81634953703704,41.0,39.285714285714285
2427,2021-08-15 00:21:42,2021-08-15 00:39:42,34.4,49.6,118.64950127923974,37.330275229357795,34.981651376146786
2428,2021-08-15 00:40:03,2021-08-15 00:57:23,49.6,64.8,114.33206569809944,38.78095238095238,36.59047619047619
2429,2021-08-15 00:57:44,2021-08-15 01:14:54,65.2,80.0,116.27440990990993,40.0,37.86538461538461
2430,2021-08-15 06:32:25,2021-08-15 06:49:45,63.2,77.6,119.36535474537042,36.97142857142857,34.0
2431,2021-08-15 06:50:06,2021-08-15 07:08:36,78.0,93.6,117.60861894586898,37.142857142857146,34.6875
2432,2021-08-15 13:48:34,2021-08-15 14:18:48,70.4,97.6,119.61070731209156,35.6578947368421,34.166666666666664
2433,2021-08-16 01:50:22,2021-08-16 02:08:42,13.2,31.2,118.90201365740742,33.0,30.954954954954953
2434,2021-08-16 02:09:03,2021-08-16 02:31:43,31.6,54.0,118.09462196180559,34.24817518248175,32.37956204379562
2435,2021-08-16 05:46:22,2021-08-16 06:05:22,51.2,67.6,116.17803421409224,36.69565217391305,34.28695652173913
2436,2021-08-16 06:05:43,2021-08-16 06:24:13,68.0,83.6,118.97883048433053,38.0,35.392857142857146
2437,2021-08-16 19:02:44,2021-08-16 19:32:34,26.0,55.2,119.40736101598173,38.51111111111111,36.96111111111111
2438,2021-08-16 19:32:55,2021-08-16 20:02:25,55.6,84.0,121.39575283646325,41.63483146067416,40.140449438202246
2439,2021-08-17 09:10:18,2021-08-17 09:28:38,17.2,32.8,118.49180822649572,35.0,33.1981981981982
2440,2021-08-17 10:42:03,2021-08-17 11:02:03,42.8,60.0,117.4394505813953,36.77685950413223,35.421487603305785
2441,2021-08-17 11:02:24,2021-08-17 11:19:34,60.0,74.4,120.62020013503086,38.68269230769231,37.49038461538461
2442,2021-08-17 21:13:46,2021-08-17 21:47:26,38.0,66.8,116.32621672453705,41.50246305418719,39.94088669950739
2443,2021-08-17 21:47:47,2021-08-17 22:08:54,67.2,84.8,119.49513871527783,43.36434108527132,41.98449612403101
2444,2021-08-17 22:09:15,2021-08-17 22:25:55,85.2,97.6,122.64564605734778,44.0,42.0
2445,2021-08-18 16:07:33,2021-08-18 16:38:13,40.4,66.0,118.55576443142357,38.054054054054056,36.0
2446,2021-08-18 16:38:34,2021-08-18 17:07:34,66.4,90.4,119.62035717592595,40.0,37.714285714285715
2447,2021-08-19 13:18:16,2021-08-19 13:40:06,14.8,36.4,118.16745447530866,34.378787878787875,33.29545454545455
2448,2021-08-19 13:40:27,2021-08-19 14:07:07,36.8,63.6,116.36040215588723,37.30434782608695,36.22981366459627
2449,2021-08-19 14:07:28,2021-08-19 14:32:58,64.0,89.2,118.3796469356261,40.0974025974026,39.032467532467535
2450,2021-08-19 21:56:04,2021-08-19 22:14:14,52.0,62.4,116.74415304487181,33.14545454545455,30.545454545454547
2451,2021-08-19 22:14:35,2021-08-19 22:33:35,62.4,73.2,117.57718981481477,34.0,31.0
2452,2021-08-19 22:33:56,2021-08-19 22:54:06,73.6,84.8,120.33981175595237,34.0,31.360655737704917
2453,2021-08-21 07:47:17,2021-08-21 08:09:37,36.4,55.6,116.29991124131942,35.06666666666667,33.12592592592593
2454,2021-08-21 08:09:58,2021-08-21 08:37:48,56.0,80.0,115.9594894675926,37.392857142857146,35.31547619047619
2455,2021-08-21 08:38:09,2021-08-21 09:00:39,80.0,97.6,119.5131045612374,38.0,36.0
2456,2021-08-21 13:23:56,2021-08-21 13:47:26,74.0,95.6,119.9999959490741,39.67605633802817,38.34507042253521
2457,2021-08-21 22:41:57,2021-08-21 23:04:27,31.6,54.0,117.0969673859127,38.580882352941174,36.5735294117647
2458,2021-08-21 23:04:48,2021-08-21 23:35:38,54.4,84.8,118.10901174159358,41.31720430107527,38.77956989247312
2459,2021-08-22 10:35:50,2021-08-22 11:01:50,41.2,66.8,116.30752745225696,38.21656050955414,36.89808917197452
2460,2021-08-22 11:02:11,2021-08-22 11:32:11,66.8,95.2,117.6349938869327,40.64088397790055,39.392265193370164
2461,2021-08-22 20:41:46,2021-08-22 21:01:26,30.8,47.6,117.29332713293653,39.9327731092437,38.32773109243698
2462,2021-08-22 21:01:47,2021-08-22 21:21:07,48.0,64.4,118.08689803523029,41.863247863247864,39.99145299145299
2463,2021-08-22 21:36:44,2021-08-22 21:55:34,78.0,93.6,120.8894357193733,43.728070175438596,41.57017543859649
2464,2021-08-23 13:48:59,2021-08-23 14:10:09,34.8,56.0,116.5474377620545,39.4765625,37.890625
2465,2021-08-23 14:10:30,2021-08-23 14:27:50,56.4,74.0,114.94160834911615,41.7047619047619,40.15238095238095
2466,2021-08-23 14:28:11,2021-08-23 14:45:51,74.0,91.6,117.11253764204552,42.73831775700935,41.0
2467,2021-08-25 14:36:13,2021-08-25 14:52:43,63.6,80.0,117.40345867208674,33.04,32.08
2468,2021-08-25 19:56:46,2021-08-25 20:15:26,69.6,88.4,115.94489605496447,36.30088495575221,35.0
2469,2021-08-26 13:46:39,2021-08-26 14:07:19,48.0,68.8,116.39891806891029,38.408,37.104
2470,2021-08-26 14:07:40,2021-08-26 14:25:07,69.2,86.8,116.091239251894,40.0,38.70754716981132
2471,2021-08-27 06:58:58,2021-08-27 07:17:08,45.2,60.4,118.45396125730998,33.54545454545455,32.21818181818182
2472,2021-08-27 07:17:29,2021-08-27 07:35:19,60.8,75.6,115.14265409159161,34.98148148148148,33.675925925925924
2473,2021-08-27 07:35:40,2021-08-27 07:53:50,75.6,90.0,116.61845505401232,35.82727272727273,34.0
2474,2021-08-27 19:54:42,2021-08-27 20:25:02,28.0,58.4,116.3331512244152,37.50819672131148,36.09289617486339
2475,2021-08-27 20:26:24,2021-08-27 20:48:14,58.4,80.0,117.8395108024691,40.21969696969697,38.67424242424242
2476,2021-08-28 11:38:18,2021-08-28 11:57:38,23.6,40.0,117.67105640243898,32.30769230769231,31.247863247863247
2477,2021-08-28 11:57:59,2021-08-28 12:15:59,40.4,56.0,115.19941168091165,34.04587155963303,32.88990825688074
2478,2021-08-28 12:16:20,2021-08-28 12:33:40,56.0,71.2,113.85232090643271,35.75238095238095,34.63809523809524
2479,2021-08-28 12:34:01,2021-08-28 12:51:21,71.2,86.0,116.9547510322823,36.857142857142854,35.43809523809524
2480,2021-08-28 18:46:06,2021-08-28 19:08:16,58.4,80.4,117.59028175505044,37.985074626865675,35.708955223880594
2481,2021-08-29 03:48:45,2021-08-29 04:10:55,30.8,45.2,118.6776831597222,34.5,32.76865671641791
2482,2021-08-29 04:11:16,2021-08-29 04:35:46,45.6,61.6,115.62848272569444,36.25503355704698,34.45637583892618
2483,2021-08-29 07:20:52,2021-08-29 08:07:03,47.6,93.2,117.85259449317738,36.38040345821326,34.11815561959654
2484,2021-08-29 12:20:11,2021-08-29 13:25:50,35.2,97.6,118.2228085674858,40.121457489878544,38.46153846153846
2485,2021-08-30 06:10:33,2021-08-30 07:14:25,43.600002,82.4,116.95391815913668,32.8875,31.022916666666667
2486,2021-08-30 07:15:21,2021-08-30 07:41:05,82.8,97.6,119.73200021021024,34.0,32.59278350515464
2487,2021-08-30 16:07:37,2021-08-30 17:09:03,39.600002,97.6,117.75972278769163,38.66017316017316,37.37012987012987
2488,2021-08-31 04:03:23,2021-08-31 04:22:03,27.2,45.6,118.4344871678744,36.017699115044245,33.769911504424776
2489,2021-08-31 04:22:24,2021-08-31 04:40:44,46.0,64.8,113.85417294621756,38.22522522522522,35.990990990990994
2490,2021-08-31 04:41:05,2021-08-31 04:59:55,65.2,84.0,116.91415950059103,39.92982456140351,37.53508771929825
2491,2021-08-31 05:00:16,2021-08-31 05:16:46,84.4,97.6,121.3983677398991,40.45,38.0
2492,2021-09-01 05:59:58,2021-09-01 06:16:58,38.0,52.8,116.2256218093093,34.18446601941748,33.46601941747573
2493,2021-09-01 06:33:20,2021-09-01 06:49:50,66.8,81.2,115.97128192515429,37.0,36.0
2494,2021-09-01 06:50:11,2021-09-01 07:08:01,81.6,96.0,121.26739052854936,37.916666666666664,36.7962962962963
2495,2021-09-01 13:59:18,2021-09-01 14:18:48,22.8,35.6,117.9600939670139,35.313559322033896,34.110169491525426
2496,2021-09-01 14:19:09,2021-09-01 14:40:59,35.6,50.0,115.88832908950619,36.59090909090909,35.31818181818182
2497,2021-09-01 14:41:20,2021-09-01 14:59:40,50.0,62.0,114.5173822916667,37.86486486486486,36.5045045045045
2498,2021-09-01 15:00:01,2021-09-01 15:19:41,62.4,74.8,115.3640452508961,39.0,37.0
2499,2021-09-01 15:20:02,2021-09-01 15:41:12,74.8,87.2,117.9345999551971,39.0,37.0
2500,2021-09-01 15:41:33,2021-09-01 16:00:13,87.6,97.6,123.84029419444444,39.0,37.0
2501,2021-09-02 10:21:26,2021-09-02 10:48:56,41.2,65.2,114.96182719907407,34.024096385542165,33.06024096385542
2502,2021-09-02 10:49:17,2021-09-02 11:20:57,65.6,92.4,118.55671766169151,36.04188481675393,34.98429319371728
2503,2021-09-03 11:25:06,2021-09-03 11:50:46,18.8,40.8,117.45200151515154,33.34193548387097,31.87741935483871
2504,2021-09-03 11:51:07,2021-09-03 12:22:17,41.2,68.4,115.34822446895423,35.98936170212766,34.6436170212766
2505,2021-09-03 12:22:38,2021-09-03 12:54:48,68.8,95.6,118.26335748341627,38.2319587628866,36.69072164948454
2506,2021-09-03 23:19:54,2021-09-03 23:39:14,12.4,31.6,117.69171093750002,38.965811965811966,36.98290598290598
2507,2021-09-03 23:39:35,2021-09-04 00:06:07,32.0,58.4,117.44340636047983,40.130434782608695,37.98136645962733
2508,2021-09-04 03:48:46,2021-09-04 04:43:54,40.8,95.2,117.19195209865197,40.78019323671498,37.905797101449274
2509,2021-09-04 12:59:04,2021-09-04 14:22:05,18.8,96.0,118.20732826712724,42.520064205457466,40.75762439807384
2510,2021-09-05 00:02:04,2021-09-05 00:21:34,25.6,50.4,117.96763832885307,41.271186440677965,39.271186440677965
2511,2021-09-05 14:14:33,2021-09-05 15:40:25,11.2,95.200005,117.88557770257803,41.47596899224806,39.90852713178295
2512,2021-09-05 23:42:30,2021-09-06 00:03:40,45.2,66.4,116.29717642819703,38.40625,36.609375
2513,2021-09-06 00:04:01,2021-09-06 00:30:51,66.8,93.2,118.35069597011783,40.351851851851855,38.41358024691358
2514,2021-09-06 22:37:58,2021-09-06 23:44:30,15.2,81.6,117.09395188043845,36.224,35.074
2515,2021-09-07 16:34:38,2021-09-07 17:27:34,47.600002,97.6,118.1013480884984,39.20854271356784,37.665829145728644
2516,2021-09-08 05:18:47,2021-09-08 05:37:17,57.2,75.6,116.88861277173923,36.848214285714285,35.285714285714285
2517,2021-09-08 05:37:38,2021-09-08 05:54:18,76.0,92.4,118.17922984417338,38.0,36.0
2518,2021-09-08 11:14:26,2021-09-08 11:32:06,48.4,63.2,117.79186298798795,36.64485981308411,35.47663551401869
2519,2021-09-08 11:32:27,2021-09-08 12:03:37,63.6,88.4,118.46775431227596,38.12234042553192,36.898936170212764
2520,2021-09-08 20:14:49,2021-09-08 20:52:12,45.2,82.0,118.44508765474033,40.09964412811388,38.811387900355875
2521,2021-09-09 00:38:19,2021-09-09 00:55:39,61.2,75.6,115.04920187114203,39.0,37.0
2522,2021-09-09 00:56:00,2021-09-09 01:14:20,75.6,90.0,117.60225115740735,39.34234234234234,37.288288288288285
2523,2021-09-09 12:13:46,2021-09-09 12:31:56,58.0,72.8,117.67456315690694,36.93636363636364,35.518181818181816
2524,2021-09-09 12:32:17,2021-09-09 12:50:27,72.8,87.2,116.84415229552462,37.58181818181818,36.0
2525,2021-09-09 21:18:06,2021-09-09 21:35:16,48.4,65.6,116.57058535206724,41.64423076923077,39.95192307692308
2526,2021-09-10 03:20:57,2021-09-10 03:59:31,35.6,74.0,117.02210738932293,41.33793103448276,39.03103448275862
2527,2021-09-10 13:33:21,2021-09-10 14:02:41,40.4,70.0,115.30220101351354,40.112994350282484,39.175141242937855
2528,2021-09-10 14:03:02,2021-09-10 14:33:22,70.4,97.6,119.35202982026149,42.61748633879781,41.59016393442623
2529,2021-09-11 07:09:24,2021-09-11 07:35:04,56.8,82.8,116.03152270299144,34.75483870967742,33.593548387096774
2530,2021-09-11 14:27:39,2021-09-11 14:53:49,55.2,80.8,118.70878553602435,38.88607594936709,38.05696202531646
2531,2021-09-11 14:54:10,2021-09-11 15:13:30,81.2,97.6,119.22342530487815,40.0940170940171,39.51282051282051
2532,2021-09-12 14:10:31,2021-09-12 14:30:11,27.2,39.6,121.72267775537632,40.260504201680675,38.72268907563025
2533,2021-09-12 14:30:32,2021-09-12 14:51:02,40.0,53.2,117.62943465909088,41.53225806451613,39.983870967741936
2534,2021-09-12 15:04:51,2021-09-12 15:27:01,62.0,75.6,117.82682271241836,43.0,42.0
2535,2021-09-12 15:27:22,2021-09-12 15:49:42,76.0,89.2,118.56588036616161,43.75,42.0
2536,2021-09-13 02:13:30,2021-09-13 02:42:30,21.2,46.4,115.92315867504408,42.205714285714286,39.29714285714286
2537,2021-09-13 02:42:51,2021-09-13 03:12:21,46.4,72.4,114.26601153846153,44.20224719101124,41.29775280898876
2538,2021-09-13 03:12:42,2021-09-13 03:38:12,72.8,93.6,117.638218215812,45.0,42.0
2539,2021-09-13 12:35:26,2021-09-13 14:16:30,2.8,95.2,119.76981990289804,43.638522427440634,41.85883905013193
2540,2021-09-13 20:31:09,2021-09-13 20:48:59,41.6,52.8,117.82120424107147,43.083333333333336,40.81481481481482
2541,2021-09-13 20:49:20,2021-09-13 21:16:33,53.2,70.0,116.61972549603179,44.472727272727276,42.47878787878788
2542,2021-09-13 21:16:54,2021-09-13 21:33:54,70.0,80.4,113.84483373397435,45.0,43.0
2543,2021-09-13 21:34:15,2021-09-13 21:51:35,80.4,90.4,118.02779249999999,45.0,43.0
2544,2021-09-14 04:20:52,2021-09-14 04:38:12,43.6,60.8,117.72368766149874,40.180952380952384,37.457142857142856
2545,2021-09-14 04:38:33,2021-09-14 04:59:03,61.2,81.6,117.31005507897609,41.895161290322584,39.395161290322584
2546,2021-09-14 11:52:16,2021-09-14 12:09:16,44.8,62.0,115.37226073966407,37.407766990291265,35.33980582524272
2547,2021-09-14 12:09:37,2021-09-14 12:27:07,62.4,80.0,116.09691587752522,39.490566037735846,37.490566037735846
2548,2021-09-14 18:40:13,2021-09-14 18:57:13,17.2,31.6,117.9021929976852,38.0,35.0
2549,2021-09-14 18:57:34,2021-09-14 19:17:34,32.0,48.8,118.8723508597884,38.900826446280995,35.45454545454545
2550,2021-09-14 19:17:55,2021-09-14 19:37:35,49.2,66.0,116.82126678240736,40.54621848739496,37.05882352941177
2551,2021-09-14 19:37:56,2021-09-14 19:58:56,66.4,84.0,119.10511000631317,41.818897637795274,38.0
2552,2021-09-14 19:59:17,2021-09-14 20:16:37,84.4,97.6,121.50883385942774,42.0,38.0
2553,2021-09-15 16:26:11,2021-09-15 17:34:41,12.0,80.0,117.29034577410131,38.947470817120625,37.659533073929964
2554,2021-09-17 07:57:33,2021-09-17 09:20:44,16.8,97.6,116.39066707061332,33.7724358974359,32.6474358974359
2555,2021-09-18 08:53:26,2021-09-18 10:08:19,25.6,97.6,117.02132215084877,36.40035587188612,35.412811387900355
2556,2021-09-18 20:38:32,2021-09-18 21:17:31,40.8,79.6,117.4225152706186,39.98293515358362,39.081911262798634
2557,2021-09-19 07:11:09,2021-09-19 07:29:49,23.6,35.2,121.39491918103448,38.05309734513274,35.02654867256637
2558,2021-09-19 07:30:10,2021-09-19 07:50:50,35.6,48.8,118.1450375631314,39.144,36.168
2559,2021-09-19 07:51:11,2021-09-19 08:10:31,49.2,61.6,117.66245710125452,40.35042735042735,37.34188034188034
2560,2021-09-19 08:10:52,2021-09-19 08:33:42,62.0,76.8,116.46025957207209,41.0,38.0
2561,2021-09-19 08:34:03,2021-09-19 08:53:13,77.2,89.2,120.56949560185191,41.0,38.0
2562,2021-09-19 20:35:12,2021-09-19 20:58:22,30.8,50.4,118.56152763605445,38.07142857142857,36.52142857142857
2563,2021-09-19 20:58:43,2021-09-19 21:25:43,50.8,74.4,114.75048987758942,40.43558282208589,38.80368098159509
2564,2021-09-19 21:26:04,2021-09-19 21:54:24,74.4,97.2,119.0613052509747,41.7953216374269,40.0
2565,2021-09-20 04:28:09,2021-09-20 05:39:45,28.800001,97.6,117.56881020368107,40.33457249070632,37.81040892193309
2566,2021-09-20 15:23:32,2021-09-20 16:22:15,24.0,83.2,116.6534239207958,39.42403628117914,37.750566893424036
2567,2021-09-21 00:04:37,2021-09-21 00:23:17,22.0,40.8,115.8872674349882,37.65486725663717,35.876106194690266
2568,2021-09-21 00:23:38,2021-09-21 00:43:28,41.2,61.2,115.71250194444444,39.791666666666664,37.958333333333336
2569,2021-09-21 00:55:56,2021-09-21 01:13:06,73.6,90.4,119.19064211309515,42.33653846153846,40.10576923076923
2570,2021-09-21 10:11:52,2021-09-21 11:09:23,43.6,97.6,118.45096569444446,39.73148148148148,37.898148148148145
2571,2021-09-21 20:33:43,2021-09-21 20:51:23,26.0,41.2,117.17836074561399,37.18691588785047,35.10280373831776
2572,2021-09-21 20:51:44,2021-09-21 21:12:14,41.2,59.2,114.94059668209881,38.733870967741936,36.58870967741935
2573,2021-09-21 21:12:35,2021-09-21 21:32:15,59.6,76.8,115.46836240310088,40.529411764705884,38.0
2574,2021-09-21 21:32:36,2021-09-21 21:49:26,77.2,91.6,118.17999633487662,41.0,38.64705882352941
2575,2021-09-22 08:24:01,2021-09-22 08:41:41,61.2,78.8,117.11174368686873,37.850467289719624,35.64485981308411
2576,2021-09-22 08:42:02,2021-09-22 09:00:32,79.2,96.0,119.23611731150805,38.848214285714285,36.49107142857143
2577,2021-09-22 15:04:00,2021-09-22 15:20:40,59.6,69.6,121.82641430555567,39.24752475247525,37.65346534653465
2578,2021-09-22 15:21:01,2021-09-22 15:41:31,70.0,82.4,117.46081317204296,40.0,38.0
2579,2021-09-22 15:41:52,2021-09-22 16:01:12,82.4,93.6,119.36137710813506,40.0,38.547008547008545
2580,2021-09-22 22:25:36,2021-09-22 22:45:46,36.8,54.0,117.69542417635657,38.17213114754098,36.0
2581,2021-09-22 22:46:07,2021-09-22 23:03:17,54.4,68.8,116.22879436728392,39.97115384615385,37.73076923076923
2582,2021-09-22 23:03:38,2021-09-22 23:20:08,69.2,82.4,117.94403630050505,41.0,38.92
2583,2021-09-22 23:20:29,2021-09-22 23:38:29,82.8,96.0,122.5978671085858,41.0,39.0
2584,2021-09-24 00:11:43,2021-09-24 00:31:05,40.4,57.2,114.85949269179896,35.271186440677965,33.898305084745765
2585,2021-09-24 00:31:26,2021-09-24 00:55:14,57.6,78.0,116.26419874727671,37.44444444444444,35.78472222222222
2586,2021-09-25 10:45:08,2021-09-25 11:06:48,21.6,43.2,118.06585841049382,31.114503816793892,30.221374045801525
2587,2021-09-25 11:07:09,2021-09-25 11:28:09,43.6,65.2,114.45410455246916,33.976377952755904,33.023622047244096
2588,2021-09-25 11:28:30,2021-09-25 11:48:10,65.6,85.2,118.14840093537416,36.0672268907563,35.109243697478995
2589,2021-09-25 15:49:39,2021-09-25 16:34:06,46.4,90.4,118.09379714015154,40.85329341317365,39.4311377245509
2590,2021-09-26 13:50:36,2021-09-26 14:11:06,24.4,42.0,117.20879979482322,37.16935483870968,35.5
2591,2021-09-26 14:11:27,2021-09-26 14:42:07,42.4,69.2,115.32337728026532,39.648648648648646,38.167567567567566
2592,2021-09-26 20:58:00,2021-09-26 22:04:55,33.6,97.6,117.1687180447049,39.72962226640159,37.709741550695824
2593,2021-09-27 12:02:39,2021-09-27 13:26:09,17.2,97.6,117.7042262593284,39.03189792663477,37.81020733652313
2594,2021-09-28 00:19:47,2021-09-28 00:39:57,33.2,46.0,119.3457131076389,37.10655737704918,35.49180327868852
2595,2021-09-28 00:40:18,2021-09-28 01:00:48,46.4,59.6,115.63343560606056,38.274193548387096,36.74193548387097
2596,2021-09-28 01:01:09,2021-09-28 01:21:19,60.0,72.4,117.54817092293901,39.0,37.868852459016395
2597,2021-09-28 01:21:40,2021-09-28 01:40:30,72.8,84.0,118.18950520833332,39.0,38.0
2598,2021-09-28 01:40:51,2021-09-28 02:01:11,84.0,95.6,119.98205675287363,39.0,38.0
2599,2021-09-28 06:04:45,2021-09-28 06:24:15,82.0,96.8,118.27610519894898,37.97457627118644,35.0
2600,2021-09-28 14:23:08,2021-09-28 14:42:28,32.4,48.8,118.07166488821143,37.92307692307692,36.452991452991455
2601,2021-09-28 14:42:49,2021-09-28 15:03:49,49.2,67.6,114.3161417572465,39.92913385826772,38.41732283464567
2602,2021-09-28 15:04:10,2021-09-28 15:26:50,68.0,87.2,118.25956828703703,41.02919708029197,39.54744525547445
2603,2021-09-28 23:45:40,2021-09-29 00:50:22,16.4,81.2,116.6009384066358,41.41067761806981,38.95893223819302
2604,2021-09-29 12:58:57,2021-09-29 13:50:20,25.6,76.8,117.09757971462676,39.28092783505155,38.154639175257735
2605,2021-09-29 18:57:21,2021-09-29 19:14:21,46.0,63.2,115.88098376937985,41.601941747572816,40.10679611650485
2606,2021-09-29 19:14:42,2021-09-29 19:33:42,63.2,82.4,116.08506944444443,43.28695652173913,41.82608695652174
2607,2021-09-30 13:48:51,2021-09-30 14:07:01,40.0,58.4,114.83245063405802,39.981818181818184,38.41818181818182
2608,2021-09-30 14:07:22,2021-09-30 14:24:52,58.8,76.4,115.63764741161613,42.16981132075472,40.64150943396226
2609,2021-10-01 00:04:23,2021-10-01 00:24:03,29.6,46.4,118.41270965608469,38.63025210084034,36.89915966386555
2610,2021-10-01 00:24:24,2021-10-01 00:43:44,46.8,63.2,116.39991048441729,40.47008547008547,38.598290598290596
2611,2021-10-01 00:44:05,2021-10-01 01:01:35,63.6,77.6,119.04763085317467,41.867924528301884,40.0
2612,2021-10-01 01:01:56,2021-10-01 01:19:26,78.0,91.6,118.74286468545756,42.0,40.0
2613,2021-10-01 05:38:40,2021-10-01 07:09:35,15.6,97.6,117.703943699187,45.294721407624635,41.53519061583578
2614,2021-10-01 15:37:30,2021-10-01 15:56:50,24.4,37.2,118.09571484374996,38.17948717948718,36.034188034188034
2615,2021-10-01 15:57:11,2021-10-01 16:15:01,37.2,49.2,114.77778622685186,39.30555555555556,37.19444444444444
2616,2021-10-01 16:15:22,2021-10-01 16:33:22,49.2,61.6,109.75695799731182,40.54128440366973,38.321100917431195
2617,2021-10-01 16:33:43,2021-10-01 16:51:23,61.6,72.8,115.7763031994048,41.28971962616822,39.0
2618,2021-10-01 16:51:44,2021-10-01 17:09:24,73.2,84.0,117.089782021605,42.0,39.0
2619,2021-10-02 10:17:34,2021-10-02 10:35:24,60.4,78.0,118.20707007575757,33.27777777777778,32.611111111111114
2620,2021-10-02 15:38:20,2021-10-02 16:04:50,64.0,90.4,117.26590246212116,39.21875,37.9125
2621,2021-10-04 12:22:46,2021-10-04 12:48:46,18.4,40.8,115.99639626736113,33.31210191082803,31.687898089171973
2622,2021-10-04 12:49:07,2021-10-04 13:14:37,41.2,63.2,115.82132960858587,35.8051948051948,34.298701298701296
2623,2021-10-04 13:14:58,2021-10-04 13:31:24,63.6,78.0,114.07889245756174,37.68,36.08
2624,2021-10-04 13:31:45,2021-10-04 13:56:25,78.4,97.6,120.05787536168988,38.0,37.0
2625,2021-10-04 22:58:44,2021-10-04 23:15:54,48.4,65.6,116.59158963178304,36.71153846153846,35.27884615384615
2626,2021-10-04 23:16:15,2021-10-04 23:36:45,66.0,86.4,117.61031454248365,38.28225806451613,36.83870967741935
2627,2021-10-05 04:45:37,2021-10-05 05:07:37,15.2,33.6,119.37500098128018,38.0,35.0
2628,2021-10-05 05:07:58,2021-10-05 05:39:18,34.0,60.8,116.91542288557216,39.317460317460316,36.523809523809526
2629,2021-10-05 05:39:39,2021-10-05 06:08:39,61.2,86.0,116.93548387096774,41.58857142857143,38.65714285714286
2630,2021-10-05 14:48:08,2021-10-05 15:18:38,37.2,63.6,115.50715256734007,41.72282608695652,40.108695652173914
2631,2021-10-05 15:18:59,2021-10-05 15:47:29,64.0,88.0,118.73147962962965,43.906976744186046,42.0
2632,2021-10-06 08:47:33,2021-10-06 09:20:33,55.6,83.6,117.93949226190476,34.50753768844221,33.2713567839196
2633,2021-10-06 09:20:54,2021-10-06 09:39:04,84.0,97.6,122.21101041666674,35.32727272727273,34.0
2634,2021-10-06 20:39:52,2021-10-06 20:58:22,31.2,49.6,116.80255419685994,38.410714285714285,37.044642857142854
2635,2021-10-06 20:58:43,2021-10-06 21:16:16,50.0,67.6,115.85560579229804,40.64485981308411,39.23364485981308
2636,2021-10-06 21:16:37,2021-10-06 21:33:37,68.0,84.8,117.63891468253973,42.00970873786408,40.70873786407767
2637,2021-10-06 23:11:41,2021-10-06 23:28:41,70.8,85.2,118.85127199074068,42.0,39.029126213592235
2638,2021-10-07 01:02:53,2021-10-07 01:30:23,72.4,95.6,117.72389727011499,41.75903614457831,38.95783132530121
2639,2021-10-07 06:21:00,2021-10-07 06:44:50,34.0,54.4,117.9194032543573,43.44444444444444,39.22222222222222
2640,2021-10-07 06:45:11,2021-10-07 07:15:01,54.8,79.2,117.99807655965388,44.71666666666667,40.672222222222224
2641,2021-10-07 07:15:22,2021-10-07 07:35:22,79.6,94.8,121.09102284356723,44.66942148760331,41.0
2642,2021-10-07 15:50:22,2021-10-07 16:18:42,43.6,72.0,116.53561267605636,39.72514619883041,38.485380116959064
2643,2021-10-07 16:19:03,2021-10-07 16:36:53,72.4,90.0,118.30966761363644,41.72222222222222,40.111111111111114
2644,2021-10-07 22:13:10,2021-10-07 23:09:11,36.0,92.0,116.88344649057541,41.441805225653205,39.15914489311164
2645,2021-10-08 05:06:49,2021-10-08 06:05:25,42.4,97.6,118.12314326187602,38.12954545454546,35.43863636363636
2646,2021-10-08 18:39:45,2021-10-08 18:58:15,31.6,50.0,116.78670169082133,30.267857142857142,28.1875
2647,2021-10-08 18:58:36,2021-10-08 19:17:56,50.4,70.0,114.49689852607709,32.8974358974359,30.854700854700855
2648,2021-10-09 13:09:57,2021-10-09 13:27:47,20.8,32.4,116.41764607279694,28.296296296296298,27.11111111111111
2649,2021-10-09 13:28:08,2021-10-09 13:47:58,32.4,45.2,116.0167332899305,29.541666666666668,28.416666666666668
2650,2021-10-09 14:04:50,2021-10-09 14:23:30,56.0,68.0,112.16090289351853,32.38053097345133,31.07079646017699
2651,2021-10-09 14:23:51,2021-10-09 14:40:21,68.0,78.0,115.85418180555556,33.0,32.0
2652,2021-10-09 22:43:05,2021-10-09 23:02:15,12.0,31.2,116.54803899016204,31.00862068965517,28.982758620689655
2653,2021-10-09 23:02:36,2021-10-09 23:22:26,31.2,51.2,115.6763870833333,32.71666666666667,30.483333333333334
2654,2021-10-09 23:22:47,2021-10-09 23:40:57,51.2,69.6,115.14794293478265,35.14545454545455,33.00909090909091
2655,2021-10-09 23:41:18,2021-10-10 00:01:18,70.0,89.6,118.98029372165537,36.72727272727273,34.47933884297521
2656,2021-10-11 10:37:31,2021-10-11 11:02:41,2.0,26.4,118.15917338342442,32.98026315789474,31.875
2657,2021-10-11 11:03:02,2021-10-11 11:29:52,26.8,52.8,118.17202596153851,34.48765432098765,33.25308641975309
2658,2021-10-11 11:30:13,2021-10-11 12:02:23,53.2,84.0,119.57252822871575,37.8041237113402,36.56701030927835
2659,2021-10-11 12:02:44,2021-10-11 12:20:04,84.4,97.6,123.76158880471392,39.0,38.0
2660,2021-10-11 18:41:25,2021-10-11 19:08:15,48.8,66.0,114.70690188953488,37.78395061728395,35.5
2661,2021-10-11 19:08:36,2021-10-11 19:38:56,66.4,84.4,118.52702345679016,38.0,36.0
2662,2021-10-12 14:36:45,2021-10-12 15:52:19,24.8,97.6,116.66552707188646,29.246913580246915,28.462081128747794
2663,2021-10-12 20:57:30,2021-10-12 21:15:00,84.0,97.6,116.15195772058826,31.952830188679247,29.90566037735849
2664,2021-10-13 03:21:08,2021-10-13 04:28:40,33.2,97.6,115.45379960533128,32.120315581854044,30.06114398422091
2665,2021-10-13 19:30:27,2021-10-13 20:03:57,36.0,70.0,114.83742009803922,28.78174603174603,27.246031746031747
2666,2021-10-13 20:36:53,2021-10-13 21:10:47,66.4,97.6,116.86935340099718,31.611764705882354,29.737254901960785
2667,2021-10-14 03:54:02,2021-10-14 05:09:03,24.4,97.6,114.78808239033091,34.04085257548846,31.435168738898756
2668,2021-10-14 15:07:09,2021-10-14 16:20:02,22.4,94.8,115.93409354665441,35.751371115173676,33.97257769652651
2669,2021-10-15 10:15:03,2021-10-15 10:32:03,59.2,74.0,113.70118731231231,33.46601941747573,32.359223300970875
2670,2021-10-15 10:32:24,2021-10-15 10:49:24,74.4,88.8,116.89041628086427,34.019417475728154,33.0
2671,2021-10-15 20:55:21,2021-10-15 21:23:31,46.0,70.4,115.7291828324226,29.68235294117647,28.311764705882354
2672,2021-10-15 21:23:52,2021-10-15 21:55:12,70.8,96.4,118.20260319010414,31.476190476190474,30.195767195767196
2673,2021-10-16 17:44:19,2021-10-16 18:04:59,32.0,50.0,114.82716172839507,30.16,29.112
2674,2021-10-16 18:05:20,2021-10-16 18:27:10,50.0,69.2,113.73408752893516,32.45454545454545,31.325757575757574
2675,2021-10-16 18:27:31,2021-10-16 18:49:01,69.6,88.0,116.88255178140095,33.97692307692308,32.63076923076923
2676,2021-10-17 01:53:01,2021-10-17 02:15:01,50.0,69.2,115.21991934317126,30.62406015037594,28.157894736842106
2677,2021-10-17 02:15:22,2021-10-17 02:41:46,69.2,92.0,116.43933910818716,32.16770186335404,29.782608695652176
2678,2021-10-18 01:23:16,2021-10-18 01:44:16,27.6,45.2,118.52274487058085,25.64566929133858,25.0
2679,2021-10-18 01:44:37,2021-10-18 02:08:57,45.6,66.8,114.08217321802938,28.19047619047619,27.435374149659864
2680,2021-10-18 02:09:18,2021-10-18 02:33:08,67.2,87.6,116.19282992919393,30.104166666666668,29.194444444444443
2681,2021-10-18 13:58:31,2021-10-18 14:18:31,61.6,78.8,115.75907009043928,29.512396694214875,28.49586776859504
2682,2021-10-18 14:18:52,2021-10-18 14:39:42,78.8,96.0,114.95561668281653,30.38888888888889,29.27777777777778
2683,2021-10-18 20:12:58,2021-10-18 20:34:18,66.4,84.8,116.61610333635272,33.0,31.697674418604652
2684,2021-10-18 20:34:39,2021-10-18 20:51:09,85.2,97.6,118.79255197132623,33.73,32.0
2685,2021-10-19 16:02:43,2021-10-19 16:20:53,39.6,55.6,114.48784722222223,34.154545454545456,32.481818181818184
2686,2021-10-19 16:21:14,2021-10-19 16:38:34,56.0,71.2,114.95248209064324,35.77142857142857,34.352380952380955
2687,2021-10-19 16:38:55,2021-10-19 16:57:35,71.6,87.6,117.63368003472223,36.823008849557525,35.0
2688,2021-10-20 00:52:06,2021-10-20 01:16:56,35.6,51.6,116.14754357638888,32.49333333333333,30.233333333333334
2689,2021-10-20 01:17:17,2021-10-20 01:37:17,52.0,64.8,116.92705729166666,33.87603305785124,31.628099173553718
2690,2021-10-20 01:37:38,2021-10-20 01:55:38,65.2,76.8,116.1206637931035,35.0,32.42201834862385
2691,2021-10-20 01:55:59,2021-10-20 02:15:39,77.2,89.6,118.6872495519714,35.0,33.0
2692,2021-10-20 07:16:01,2021-10-20 07:42:01,32.0,58.0,114.6437214209402,33.35031847133758,30.770700636942674
2693,2021-10-20 07:42:22,2021-10-20 08:10:42,58.0,86.0,115.9335556547619,36.292397660818715,33.78362573099415
2694,2021-10-20 12:36:50,2021-10-20 13:02:25,73.2,96.8,115.9424557968456,35.44303797468354,33.5126582278481
2695,2021-10-20 18:58:53,2021-10-20 19:22:12,79.2,97.6,118.08486056763292,36.808510638297875,35.219858156028366
2696,2021-10-21 16:55:33,2021-10-21 17:12:43,48.8,66.8,111.47377916666672,27.403846153846153,26.134615384615383
2697,2021-10-21 17:13:04,2021-10-21 17:31:34,66.8,85.6,115.02291578014191,29.366071428571427,28.276785714285715
2698,2021-10-22 00:58:53,2021-10-22 01:17:23,18.8,31.2,114.7972804659499,26.0,23.0
2699,2021-10-22 01:17:44,2021-10-22 01:37:34,31.6,44.4,117.9014851345487,26.616666666666667,24.15
2700,2021-10-22 01:37:55,2021-10-22 01:55:25,44.8,56.4,113.14058345306512,27.80188679245283,25.32075471698113
2701,2021-10-22 01:55:46,2021-10-22 02:16:06,56.4,69.2,115.94512055121524,28.96747967479675,26.536585365853657
2702,2021-10-22 02:16:27,2021-10-22 02:35:37,69.6,81.2,117.07017684386966,29.92241379310345,27.0
2703,2021-10-22 02:35:58,2021-10-22 02:53:48,81.6,92.0,118.50429086538456,30.0,27.0
2704,2021-10-22 09:01:47,2021-10-22 09:24:17,21.6,44.0,117.6668031374008,25.360294117647058,22.183823529411764
2705,2021-10-22 09:24:38,2021-10-22 09:45:23,44.4,66.0,112.31013425925931,28.1496062992126,25.236220472440944
2706,2021-10-22 09:45:44,2021-10-22 10:14:54,66.4,94.4,116.91370451388892,30.5,27.65909090909091
2707,2021-10-22 17:43:10,2021-10-22 18:01:00,40.4,55.6,116.82203088450291,26.34259259259259,24.12962962962963
2708,2021-10-22 18:01:21,2021-10-22 18:27:51,56.0,79.2,113.72787613745214,28.5125,26.43125
2709,2021-10-22 23:59:48,2021-10-23 00:20:08,74.4,94.0,117.0082342687075,28.10569105691057,25.796747967479675
2710,2021-10-23 15:34:02,2021-10-23 15:52:52,34.0,46.4,113.9561165994624,23.728070175438596,22.587719298245613
2711,2021-10-23 15:53:13,2021-10-23 16:12:03,46.4,59.2,108.4668161892361,25.37719298245614,24.149122807017545
2712,2021-10-23 16:12:24,2021-10-23 16:29:54,59.6,70.8,111.9903452380953,26.650943396226417,25.29245283018868
2713,2021-10-23 16:30:15,2021-10-23 16:48:05,70.8,82.0,111.2140497271825,27.0,26.0
2714,2021-10-23 23:35:00,2021-10-23 23:59:52,39.2,55.6,112.86113248644986,24.807947019867548,23.05960264900662
2715,2021-10-24 00:00:13,2021-10-24 00:26:33,55.6,72.4,112.64138690476189,26.635220125786162,25.050314465408807
2716,2021-10-24 00:26:54,2021-10-24 00:58:14,72.4,91.2,115.01553213652488,27.349206349206348,26.0
2717,2021-10-24 19:42:36,2021-10-24 20:02:56,23.2,41.2,114.79244930555552,29.365853658536587,28.1869918699187
2718,2021-10-24 20:03:17,2021-10-24 20:21:57,41.6,57.6,116.32292907986113,31.238938053097346,29.92920353982301
2719,2021-10-24 20:22:18,2021-10-24 20:41:58,58.0,74.8,112.76373437500004,32.87394957983193,31.689075630252102
2720,2021-10-24 20:42:19,2021-10-24 21:00:09,74.8,89.2,115.19291242283947,33.898148148148145,32.148148148148145
2721,2021-10-25 18:36:30,2021-10-25 18:56:30,47.2,67.6,114.15373318355127,28.644628099173552,27.363636363636363
2722,2021-10-25 18:56:51,2021-10-25 19:16:11,68.0,87.2,117.28586979166664,30.495726495726494,29.299145299145298
2723,2021-10-25 23:51:12,2021-10-26 00:09:52,82.4,97.6,118.27487308114044,29.84070796460177,28.0
2724,2021-10-26 10:31:42,2021-10-26 10:56:32,54.4,76.0,114.56535313786009,28.373333333333335,27.053333333333335
2725,2021-10-26 10:56:53,2021-10-26 11:20:33,76.4,95.6,117.28952061631955,29.783216783216783,28.482517482517483
2726,2021-10-26 17:42:18,2021-10-26 18:06:08,45.6,66.0,115.99946813725488,33.638888888888886,32.25
2727,2021-10-26 18:06:29,2021-10-26 18:26:49,66.4,84.0,114.68514307133842,35.13821138211382,33.83739837398374
2728,2021-10-26 22:35:55,2021-10-26 22:54:15,18.8,31.2,114.01771796594986,36.0,33.0
2729,2021-10-26 22:54:36,2021-10-26 23:12:16,31.2,42.8,116.13625670498084,36.074766355140184,33.00934579439252
2730,2021-10-26 23:12:37,2021-10-26 23:29:07,43.2,54.0,115.05658449074076,37.02,34.0
2731,2021-10-26 23:29:28,2021-10-26 23:46:08,54.4,65.2,113.79630992798346,38.0,34.91089108910891
2732,2021-10-26 23:46:29,2021-10-27 00:03:39,65.2,76.0,114.07536638374482,38.0,35.0
2733,2021-10-27 00:04:00,2021-10-27 00:20:30,76.4,86.4,115.6597401388889,38.0,35.0
2734,2021-10-27 12:42:55,2021-10-27 13:13:15,48.0,74.0,115.58706185897437,32.202185792349724,31.12568306010929
2735,2021-10-27 13:13:36,2021-10-27 13:39:56,74.4,96.0,116.89491737397123,33.861635220125784,32.76100628930818
2736,2021-10-27 20:00:33,2021-10-27 20:17:13,52.4,69.2,115.67129464285712,34.37623762376238,32.76237623762376
2737,2021-10-27 20:17:34,2021-10-27 20:37:22,69.2,89.2,115.43541673611108,35.858333333333334,34.19166666666667
2738,2021-10-28 01:14:56,2021-10-28 02:02:52,48.4,95.2,116.47463162689932,36.88333333333333,34.263888888888886
2739,2021-10-28 13:10:04,2021-10-28 13:28:24,66.0,84.4,116.0416714975845,35.21621621621622,33.333333333333336
2740,2021-10-28 23:21:08,2021-10-28 23:39:58,41.6,60.8,114.43431669560186,34.44736842105263,32.41228070175438
2741,2021-10-28 23:40:19,2021-10-28 23:58:59,61.2,80.4,113.43316044560183,36.52212389380531,34.27433628318584
2742,2021-10-30 00:22:36,2021-10-30 00:39:06,23.2,40.4,112.11241489018089,31.57,30.33
2743,2021-10-30 00:39:27,2021-10-30 00:57:47,40.8,59.2,116.35795206823671,33.747747747747745,32.234234234234236
2744,2021-10-30 00:58:08,2021-10-30 01:17:08,59.2,78.4,115.59462688078703,36.07826086956522,34.48695652173913
2745,2021-10-30 01:17:29,2021-10-30 01:35:49,78.8,95.2,121.80980335365854,37.153153153153156,35.486486486486484
2746,2021-10-30 06:47:27,2021-10-30 07:38:43,49.6,97.6,117.32052327256947,33.74025974025974,29.31948051948052
2747,2021-10-30 15:33:07,2021-10-30 15:50:07,55.6,72.4,117.41486474867729,28.601941747572816,26.194174757281555
2748,2021-10-31 00:39:48,2021-10-31 00:56:48,37.2,54.4,114.8264064114988,27.718446601941746,26.24271844660194
2749,2021-10-31 01:13:50,2021-10-31 01:30:40,71.6,88.4,116.46414376653436,31.50980392156863,30.068627450980394
2750,2021-10-31 08:54:19,2021-10-31 09:15:29,52.4,74.0,115.31508532664611,28.15625,26.125
2751,2021-10-31 09:15:50,2021-10-31 09:37:30,74.4,94.8,116.49102988834427,29.595419847328245,27.564885496183205
2752,2021-11-01 00:09:05,2021-11-01 00:25:45,32.8,47.2,114.71932301311725,31.415841584158414,29.81188118811881
2753,2021-11-01 00:26:06,2021-11-01 00:43:29,47.6,62.4,116.45645448573576,33.235849056603776,31.57547169811321
2754,2021-11-01 15:54:27,2021-11-01 17:13:45,13.2,93.2,115.49012705555558,35.09075630252101,33.78151260504202
2755,2021-11-02 00:54:31,2021-11-02 01:25:21,36.4,71.2,114.86311478288636,34.09139784946237,31.456989247311828
2756,2021-11-02 01:25:42,2021-11-02 01:47:42,71.6,90.4,115.52527745271863,36.12781954887218,33.8796992481203
2757,2021-11-02 21:03:51,2021-11-02 21:33:11,30.0,60.4,113.42425543676902,28.361581920903955,27.333333333333332
2758,2021-11-02 21:33:32,2021-11-02 22:00:32,60.4,88.0,115.04882211151369,31.822085889570552,30.619631901840492
2759,2021-11-03 08:23:10,2021-11-03 08:40:10,22.8,40.0,115.11547214147284,27.631067961165048,26.203883495145632
2760,2021-11-03 08:40:31,2021-11-03 09:07:21,40.0,67.6,113.19092758655398,30.549382716049383,28.97530864197531
2761,2021-11-03 09:07:42,2021-11-03 09:34:54,68.0,94.4,116.72632913510101,33.27272727272727,31.527272727272727
2762,2021-11-03 23:54:06,2021-11-04 01:36:28,14.4,66.4,114.83995762820511,31.046875,29.596354166666668
2763,2021-11-04 20:48:51,2021-11-04 21:05:51,29.6,46.8,115.0500760658915,31.83495145631068,30.854368932038835
2764,2021-11-04 21:37:44,2021-11-04 21:54:34,79.2,95.2,116.5199568576389,36.88235294117647,35.754901960784316
2765,2021-11-05 02:30:52,2021-11-05 02:47:22,79.6,95.6,117.10072065972221,35.0,32.65
2766,2021-11-05 07:23:00,2021-11-05 07:42:10,37.2,56.8,114.13903578514744,34.0948275862069,31.56896551724138
2767,2021-11-05 07:42:31,2021-11-05 08:01:41,57.2,76.4,116.51765581597222,36.508620689655174,33.75
2768,2021-11-05 08:02:02,2021-11-05 08:21:32,76.8,95.2,116.71271595712555,37.55084745762712,35.0
2769,2021-11-05 16:45:05,2021-11-05 17:06:44,48.0,66.8,115.74057643321515,35.74045801526717,34.14503816793893
2770,2021-11-05 17:07:05,2021-11-05 17:42:25,66.8,96.4,117.13776370120117,37.48826291079812,35.85446009389671
2771,2021-11-06 11:58:57,2021-11-06 12:17:47,25.2,44.4,114.5536834490741,32.41228070175438,30.964912280701753
2772,2021-11-06 12:18:08,2021-11-06 12:37:38,44.8,64.8,113.72222916666668,34.80508474576271,33.389830508474574
2773,2021-11-06 12:48:18,2021-11-06 13:07:18,74.4,93.2,117.85166385933809,37.0,35.74782608695652
2774,2021-11-06 21:19:30,2021-11-06 21:38:10,23.2,35.6,118.1765386424731,34.0,32.0
2775,2021-11-06 21:38:31,2021-11-06 21:55:21,36.0,47.2,118.50323735119046,35.01960784313726,33.03921568627451
2776,2021-11-06 22:15:13,2021-11-06 22:32:03,61.2,72.8,115.79383093869735,37.46078431372549,35.0
2777,2021-11-06 22:32:24,2021-11-06 22:51:14,73.2,86.0,118.24003320312504,38.0,35.42982456140351
2778,2021-11-07 05:47:18,2021-11-07 06:05:28,22.4,40.8,114.95396127717395,33.53636363636364,31.245454545454546
2779,2021-11-07 06:05:49,2021-11-07 06:24:59,41.2,60.8,113.87613959750571,35.61206896551724,33.14655172413793
2780,2021-11-07 06:25:20,2021-11-07 06:44:30,60.8,80.4,113.88677104591834,37.60344827586207,34.94827586206897
2781,2021-11-07 06:44:51,2021-11-07 07:03:01,80.8,96.8,118.37413914930555,38.0,36.0
2782,2021-11-07 15:29:01,2021-11-07 15:47:51,37.6,56.4,116.80037743794325,34.30701754385965,32.53508771929825
2783,2021-11-07 15:58:46,2021-11-07 16:15:26,67.6,84.4,115.6307793485449,37.42574257425743,35.475247524752476
2784,2021-11-08 00:48:28,2021-11-08 01:06:48,18.8,37.2,115.461961352657,30.396396396396398,26.25225225225225
2785,2021-11-08 01:07:09,2021-11-08 01:25:29,37.6,56.0,115.46800060386477,32.16216216216216,28.027027027027028
2786,2021-11-08 01:25:50,2021-11-08 01:44:40,56.4,75.6,113.67405041956022,34.23684210526316,30.07894736842105
2787,2021-11-08 01:45:01,2021-11-08 02:05:51,75.6,95.2,116.27693735827663,35.0,31.0
2788,2021-11-08 04:42:19,2021-11-08 04:59:09,84.4,98.0,114.02983660130725,30.0,24.0
2789,2021-11-08 19:26:26,2021-11-08 19:52:16,24.4,50.4,115.06837382478632,22.724358974358974,21.423076923076923
2790,2021-11-09 03:08:27,2021-11-09 04:09:10,22.0,83.6,115.21445657693003,24.982456140350877,23.037280701754387
2791,2021-11-09 09:05:11,2021-11-09 09:23:11,34.0,52.0,115.90278472222222,23.880733944954127,21.146788990825687
2792,2021-11-09 09:23:32,2021-11-09 09:44:22,52.4,73.6,113.95244922693925,26.38095238095238,23.904761904761905
2793,2021-11-09 17:15:13,2021-11-09 17:32:33,56.4,74.0,114.26374747474746,28.16190476190476,26.866666666666667
2794,2021-11-10 13:19:23,2021-11-10 13:42:33,18.8,42.0,115.31192774185828,26.464285714285715,25.321428571428573
2795,2021-11-10 13:42:54,2021-11-10 14:14:34,42.4,74.4,114.4006095052083,29.952879581151834,28.832460732984295
2796,2021-11-10 14:14:55,2021-11-10 14:41:15,74.8,97.6,117.22343603801171,32.45283018867924,31.037735849056602
2797,2021-11-11 05:15:29,2021-11-11 05:31:59,8.400001,24.8,117.38821955619223,26.0,23.17
2798,2021-11-11 05:32:20,2021-11-11 05:52:10,25.2,45.6,113.41639324618733,26.958333333333332,24.375
2799,2021-11-11 05:52:31,2021-11-11 06:15:01,46.0,68.8,115.12487749756338,29.360294117647058,26.669117647058822
2800,2021-11-11 13:06:57,2021-11-11 14:10:08,37.2,97.6,116.07623341381532,30.381052631578946,29.06736842105263
2801,2021-11-12 00:51:46,2021-11-12 01:22:56,21.2,52.8,114.66027474507736,29.382978723404257,27.53191489361702
2802,2021-11-12 01:23:17,2021-11-12 01:50:27,53.2,80.8,114.45604302536236,32.8719512195122,30.890243902439025
2803,2021-11-12 01:50:48,2021-11-12 02:10:48,81.2,97.6,119.87213727981039,34.0,32.0
2804,2021-11-12 13:54:04,2021-11-12 14:21:34,48.4,66.4,113.75541736111107,26.740963855421686,25.620481927710845
2805,2021-11-12 14:21:55,2021-11-12 14:52:25,66.4,85.2,115.5865984781324,28.0,27.0
2806,2021-11-12 14:52:46,2021-11-12 15:13:46,85.6,97.6,120.26391215277773,28.992125984251967,27.68503937007874
2807,2021-11-13 05:44:10,2021-11-13 06:02:30,80.0,95.6,119.05182959401715,23.82882882882883,22.603603603603602
2808,2021-11-13 18:21:00,2021-11-13 18:44:40,20.0,43.6,115.34898940677967,27.762237762237763,26.587412587412587
2809,2021-11-13 18:45:01,2021-11-13 19:06:11,44.0,65.2,114.80607835429765,30.609375,29.4296875
2810,2021-11-13 19:06:32,2021-11-13 19:27:42,65.6,86.8,114.83425203092241,32.734375,31.5
2811,2021-11-14 02:45:41,2021-11-14 03:02:51,62.0,79.2,116.28715616925065,30.653846153846153,27.96153846153846
2812,2021-11-14 09:56:47,2021-11-14 10:13:27,42.0,58.8,115.70519882605821,26.287128712871286,23.871287128712872
2813,2021-11-14 10:13:48,2021-11-14 10:32:18,59.2,78.0,114.7296153959811,28.616071428571427,26.383928571428573
2814,2021-11-14 10:32:39,2021-11-14 10:52:29,78.4,96.0,117.87800291982332,29.916666666666668,27.875
2815,2021-11-14 19:54:28,2021-11-14 20:13:38,53.6,72.8,116.45544111689819,31.448275862068964,29.92241379310345
2816,2021-11-14 20:13:59,2021-11-14 20:33:09,73.2,92.4,116.4272331452546,33.06896551724138,31.396551724137932
2817,2021-11-15 02:59:40,2021-11-15 03:17:40,45.6,54.8,114.1606310386474,30.0,27.587155963302752
2818,2021-11-15 03:18:01,2021-11-15 03:34:51,55.2,63.6,116.94279546957675,30.901960784313726,28.61764705882353
2819,2021-11-15 03:35:12,2021-11-15 03:54:12,64.0,73.6,115.48322077546305,31.0,29.0
2820,2021-11-15 05:24:34,2021-11-15 05:49:38,75.200005,97.6,117.58336128596862,31.07936507936508,27.804232804232804
2821,2021-11-15 16:31:41,2021-11-15 17:03:31,36.8,64.4,114.58939120370366,29.869791666666668,28.546875
2822,2021-11-15 17:03:52,2021-11-15 17:39:23,64.8,94.8,116.37844565740743,32.455813953488374,31.153488372093022
