cycle_num,time_s,time_e,SOC_s,SOC_e,charge_capacity,Tmax,Tmin
1,2019-07-23 21:27:55,2019-07-23 22:47:10,48.8,99.6,136.57919806430448,38.72436974789916,36.699159663865544
2,2019-07-24 14:43:24,2019-07-24 15:57:27,20.8,89.2,133.4068402534113,37.652877697841724,35.01618705035971
3,2019-07-25 02:05:35,2019-07-25 04:05:00,12.4,99.6,134.78671775770897,40.390625,37.722098214285715
4,2019-07-25 21:23:22,2019-07-25 21:44:03,7.6,26.0,133.32248232185992,39.0,37.0
5,2019-07-25 21:47:50,2019-07-25 22:57:45,26.0,87.6,134.62950580357148,42.24190476190476,40.12
6,2019-07-26 14:25:20,2019-07-26 15:49:31,36.8,99.2,135.100168718839,41.82911392405063,40.36550632911393
7,2019-07-27 16:31:52,2019-07-27 18:22:34,18.4,99.6,137.3772731595512,40.984375,39.98918269230769
8,2019-07-29 03:32:22,2019-07-29 04:57:29,41.6,99.6,136.34860642001917,37.26447574334898,35.284820031298906
9,2019-07-29 12:55:36,2019-07-29 13:55:55,36.0,88.4,134.10967147211622,40.845474613686534,39.556291390728475
10,2019-07-30 02:44:32,2019-07-30 03:47:06,61.6,99.6,136.59116353801176,37.776595744680854,35.193617021276594
11,2019-07-30 12:46:23,2019-07-30 14:54:49,30.8,98.8,134.64067731209153,38.370217166494314,36.667011375387794
12,2019-07-31 03:05:28,2019-07-31 04:44:25,38.0,93.6,133.7473318195444,35.30107526881721,33.45161290322581
13,2019-07-31 11:03:20,2019-07-31 12:51:32,46.4,99.6,135.79386476347116,36.66871921182266,34.943349753694584
14,2019-07-31 19:19:13,2019-07-31 20:16:53,62.0,94.4,134.07341868998626,34.96535796766744,32.39722863741339
15,2019-08-01 06:21:31,2019-08-01 09:07:55,24.8,99.6,132.48387972370767,30.8128,29.0856
16,2019-08-01 21:06:23,2019-08-01 22:18:25,48.4,88.8,134.0623234460946,30.33271719038817,28.31238447319778
17,2019-08-02 11:08:40,2019-08-02 13:24:22,20.0,96.4,132.51951772105878,30.543222003929273,29.42043222003929
18,2019-08-03 15:33:18,2019-08-03 17:28:03,14.0,99.6,134.73836703173677,37.472706155632984,35.853658536585364
19,2019-08-04 06:56:50,2019-08-04 08:56:23,10.8,99.6,135.61533072291041,36.53511705685619,34.625418060200666
20,2019-08-04 19:56:22,2019-08-04 20:40:16,56.0,92.4,133.7083623015873,38.30909090909091,36.76969696969697
21,2019-08-05 04:10:54,2019-08-05 05:16:41,36.8,94.0,134.01380830419583,38.983805668016196,36.66801619433198
22,2019-08-05 21:02:07,2019-08-05 22:33:14,36.0,99.6,135.51893225890987,41.32602339181287,39.921052631578945
23,2019-08-06 12:41:53,2019-08-06 13:43:23,57.6,99.2,133.73572915331198,38.36363636363637,37.004329004329
24,2019-08-06 20:13:43,2019-08-06 21:54:51,45.2,99.6,135.70785928053513,39.764163372859024,36.948616600790515
25,2019-08-07 03:57:12,2019-08-07 05:44:28,46.8,99.6,136.11051380471383,39.0,35.75900621118012
26,2019-08-07 08:54:46,2019-08-07 10:09:05,83.2,99.6,142.07591904132798,36.17562724014337,34.0
27,2019-08-07 23:40:12,2019-08-07 23:53:49,10.0,17.6,135.00880544590638,38.0,36.0
28,2019-08-07 23:59:33,2019-08-08 01:42:06,20.8,78.4,134.12252199556326,40.03501945525292,38.11802853437095
29,2019-08-08 06:00:09,2019-08-08 07:43:23,50.0,98.8,134.71465825364302,38.0,35.0
30,2019-08-08 17:47:05,2019-08-08 19:39:02,17.2,99.6,135.37209493662357,45.81309523809524,43.92619047619048
31,2019-08-09 12:42:05,2019-08-09 12:57:34,46.0,55.6,135.8046931712963,40.38461538461539,39.0
32,2019-08-09 12:58:14,2019-08-09 14:15:13,56.0,99.2,133.5441950488683,41.583044982698965,40.42387543252595
33,2019-08-09 20:24:23,2019-08-09 21:32:10,55.6,99.6,135.31734480744953,44.88015717092338,42.72495088408645
34,2019-08-10 11:36:36,2019-08-10 13:27:54,10.0,98.0,133.69107218434345,42.73205741626794,41.18421052631579
35,2019-08-10 22:43:17,2019-08-10 23:53:51,18.4,53.6,132.48032982796715,40.74716981132075,38.575471698113205
36,2019-08-11 00:00:07,2019-08-11 00:47:13,56.8,80.0,135.1244391702586,41.8954802259887,39.355932203389834
37,2019-08-11 08:19:09,2019-08-11 10:19:29,45.6,99.6,136.59136273662554,38.81063122923588,36.81506090808416
38,2019-08-11 15:09:21,2019-08-11 16:04:36,67.2,99.6,137.92568560528122,42.371084337349394,40.966265060240964
39,2019-08-11 20:39:53,2019-08-11 21:41:16,72.0,99.6,137.5638454408213,41.0,38.071583514099785
40,2019-08-12 01:12:38,2019-08-12 02:13:20,70.4,99.6,135.5415115487063,39.0,36.63157894736842
41,2019-08-13 00:42:54,2019-08-13 02:16:02,12.4,92.0,133.15200461857904,39.622317596566525,36.92560801144492
42,2019-08-13 22:20:15,2019-08-13 23:25:27,9.6,67.6,132.8390655172414,40.74541751527495,39.31160896130346
43,2019-08-13 23:26:47,2019-08-13 23:54:06,67.6,90.4,134.38059841617925,43.59903381642512,41.95169082125604
44,2019-08-14 06:50:23,2019-08-14 08:28:59,53.2,98.8,134.89013484405461,38.0,35.31351351351351
45,2019-08-15 20:38:17,2019-08-15 22:38:14,9.6,99.6,134.37670652469137,39.57666666666667,38.285555555555554
46,2019-08-16 13:34:13,2019-08-16 16:15:49,14.4,99.6,134.2265574986959,41.50535861500412,40.1838417147568
47,2019-08-17 04:30:07,2019-08-17 07:08:56,18.0,99.6,134.82563440904138,35.3003355704698,33.13422818791946
48,2019-08-17 18:00:08,2019-08-17 19:54:45,40.4,99.2,134.6110727371504,34.17209302325581,32.26279069767442
49,2019-08-18 02:43:43,2019-08-18 06:07:21,32.0,98.8,133.06456760645378,34.845549738219894,32.66492146596859
50,2019-08-18 16:26:32,2019-08-18 18:12:28,24.0,99.6,133.94359814447387,38.81383647798742,36.86918238993711
51,2019-08-19 06:14:10,2019-08-19 07:34:21,48.0,99.6,135.95349267872527,35.573089700996675,33.446843853820596
52,2019-08-20 03:03:19,2019-08-20 04:55:47,40.8,96.8,133.18177155049605,35.817535545023695,33.872037914691944
53,2019-08-20 17:38:01,2019-08-20 20:20:16,24.8,99.6,135.02619896464648,40.98027937551356,39.414954806902216
54,2019-08-21 03:33:30,2019-08-21 04:53:49,47.2,99.6,136.03350507845636,39.67661691542288,37.2106135986733
55,2019-08-21 13:32:49,2019-08-21 15:09:33,41.6,96.0,133.86440870098042,40.96556473829201,39.28512396694215
56,2019-08-21 22:06:40,2019-08-21 23:28:51,44.0,99.6,136.3972851169065,42.027552674230144,39.54294975688817
57,2019-08-22 16:09:41,2019-08-22 17:43:00,36.0,99.6,135.8309072239693,41.12553495007133,39.35948644793152
58,2019-08-23 06:58:05,2019-08-23 08:52:38,38.0,98.8,133.6989986522295,37.74099883855981,35.05691056910569
59,2019-08-23 21:42:16,2019-08-24 00:14:17,21.6,99.6,134.94672075854703,37.33216476774759,34.643295354951796
60,2019-08-24 23:13:45,2019-08-25 00:25:40,28.4,92.8,133.26061187241203,42.412962962962965,41.08148148148148
61,2019-08-25 04:51:19,2019-08-25 06:03:53,55.6,99.6,136.89598385416667,41.75045871559633,38.53577981651376
62,2019-08-25 16:52:56,2019-08-25 18:35:34,49.6,98.8,134.22733525293586,37.749350649350646,35.63636363636363
63,2019-08-26 14:55:33,2019-08-26 16:37:21,23.6,99.6,131.5424188048246,35.1348167539267,33.69109947643979
64,2019-08-27 01:32:26,2019-08-27 02:26:37,38.0,88.0,133.70931884722225,36.78869778869779,34.57493857493858
65,2019-08-27 15:42:34,2019-08-27 17:32:32,18.0,74.0,132.15747649305558,38.5660606060606,36.916363636363634
66,2019-08-28 09:57:12,2019-08-28 11:51:12,48.4,99.6,136.42245002712673,35.15617715617716,33.94172494172494
67,2019-08-28 21:56:41,2019-08-28 23:53:49,21.2,87.6,132.852774414324,41.68714448236633,39.7542662116041
68,2019-08-28 23:54:13,2019-08-29 00:20:54,88.0,98.8,138.74283953189305,43.0,40.666666666666664
69,2019-08-29 06:26:06,2019-08-29 07:30:33,61.2,99.6,137.96482889178242,38.92355371900826,36.27066115702479
70,2019-08-29 23:05:21,2019-08-30 01:18:47,13.2,80.4,133.30685578703705,37.75124875124875,35.91508491508492
71,2019-08-30 11:39:03,2019-08-30 13:03:58,24.4,72.8,131.81774585629014,35.569640062597806,33.320813771518
72,2019-08-30 18:30:04,2019-08-30 20:44:05,32.8,99.6,136.20824701222557,37.410536779324055,35.83300198807157
73,2019-08-31 01:32:38,2019-08-31 02:40:09,59.6,99.6,136.51854082638891,37.77909270216963,34.94871794871795
74,2019-08-31 13:16:59,2019-08-31 14:49:19,56.4,98.8,135.4207543966195,34.76479076479077,33.0
75,2019-09-01 02:00:12,2019-09-01 03:46:24,26.4,99.6,133.54375450819674,34.50313676286073,32.6900878293601
76,2019-09-01 13:58:17,2019-09-01 15:27:32,35.2,99.6,134.1988687888199,39.985074626865675,38.625373134328356
77,2019-09-02 13:35:20,2019-09-02 16:10:46,18.8,99.6,132.8984212235286,35.18353344768439,33.46397941680961
78,2019-09-03 03:52:31,2019-09-03 06:52:30,12.0,98.8,133.55273567108296,34.42962962962963,32.543703703703706
79,2019-09-03 17:40:16,2019-09-03 19:40:05,12.8,99.6,133.7039081685228,40.49833147942158,38.53948832035595
80,2019-09-04 23:06:41,2019-09-05 00:37:17,30.4,99.2,131.8189054344315,35.455882352941174,33.90588235294118
81,2019-09-05 12:05:45,2019-09-05 13:20:52,37.2,98.0,132.21148057383044,36.61524822695036,34.75
82,2019-09-05 21:12:07,2019-09-05 22:21:46,54.4,99.6,136.40045696902658,38.82600382409178,36.83556405353728
83,2019-09-06 15:04:03,2019-09-06 17:30:36,24.0,99.6,133.60459913653736,39.98638838475499,38.502722323049
84,2019-09-07 15:16:20,2019-09-07 16:34:07,24.0,90.0,132.00533627314817,42.74486301369863,41.0736301369863
85,2019-09-08 01:51:22,2019-09-08 03:59:51,19.6,84.0,132.16814696256037,40.23547717842324,38.136929460580916
86,2019-09-08 10:35:44,2019-09-08 12:00:27,43.2,99.6,135.6444936145587,40.54874213836478,38.666666666666664
87,2019-09-08 23:43:48,2019-09-09 01:58:25,30.8,99.6,134.09150874515507,38.43960396039604,35.8029702970297
88,2019-09-09 15:07:29,2019-09-09 16:23:56,46.8,90.0,132.95508350694442,38.90418118466899,37.4808362369338
89,2019-09-10 00:05:34,2019-09-10 01:23:37,24.0,92.0,132.28567996527778,41.22866894197952,39.04607508532423
90,2019-09-10 17:51:39,2019-09-10 19:40:32,10.8,98.8,131.5739573895202,43.4124847001224,41.44308445532436
91,2019-09-11 04:17:47,2019-09-11 06:08:39,45.2,99.6,135.85726031454251,39.05649038461539,36.70552884615385
92,2019-09-11 14:50:17,2019-09-11 17:29:36,16.8,99.6,133.76157259460547,42.2744769874477,40.922175732217575
93,2019-09-12 01:45:16,2019-09-12 03:05:11,44.4,88.8,133.76441861236236,39.235,36.85333333333333
94,2019-09-12 23:37:08,2019-09-13 02:04:31,3.2,76.4,132.1638254348816,39.78119349005425,37.93399638336347
95,2019-09-13 04:25:29,2019-09-13 05:29:32,62.4,99.6,138.52069635603345,40.08523908523909,37.725571725571726
96,2019-09-13 13:29:39,2019-09-13 14:50:54,24.8,70.8,132.726659897343,40.78032786885246,39.337704918032784
97,2019-09-13 18:25:50,2019-09-13 20:29:48,37.6,99.6,136.28863469534053,43.23225806451613,41.589247311827954
98,2019-09-16 06:34:05,2019-09-16 08:44:50,40.0,99.6,134.28716694863908,32.59429153924567,31.258919469928646
99,2019-09-16 21:43:44,2019-09-17 00:22:15,16.0,95.6,132.19601843069518,38.191757779646764,36.40285954583684
100,2019-09-17 07:58:49,2019-09-17 10:12:47,34.8,98.8,132.9421265920139,34.16019900497513,31.960199004975124
101,2019-09-17 17:34:27,2019-09-17 18:07:32,47.2,68.0,134.75062158787395,37.98393574297189,35.95180722891566
102,2019-09-17 18:33:48,2019-09-17 19:37:03,69.2,99.6,137.08417082419598,38.36421052631579,36.49263157894737
103,2019-09-19 14:21:43,2019-09-19 16:52:04,17.6,98.8,132.26727228037768,35.09911504424779,33.84867256637168
104,2019-09-20 10:25:55,2019-09-20 11:48:14,60.8,99.6,129.99422273768616,33.32200647249191,32.0
105,2019-09-21 09:39:07,2019-09-21 11:40:19,12.4,99.6,133.03953367737006,33.29010989010989,32.005494505494504
106,2019-09-21 22:41:36,2019-09-22 00:17:48,32.0,99.6,134.85796045775805,38.350415512465375,36.66343490304709
107,2019-09-22 06:16:36,2019-09-22 07:28:31,55.2,99.6,136.32512175613115,34.63148148148148,31.566666666666666
108,2019-09-22 17:45:21,2019-09-22 19:30:22,44.0,99.6,134.4224500874301,38.078680203045685,36.83121827411168
109,2019-09-23 02:41:57,2019-09-23 03:23:27,66.8,96.0,133.8338208666286,34.625,32.49038461538461
110,2019-09-23 12:33:20,2019-09-23 14:38:55,32.0,99.6,134.86354282955298,35.65959703075291,34.28632025450689
111,2019-09-25 12:43:00,2019-09-25 14:50:28,29.2,99.6,135.37393208057136,36.63949843260188,35.152560083594565
112,2019-09-25 19:42:24,2019-09-25 20:40:51,72.8,99.6,138.1943551927861,36.77676537585421,35.51480637813212
113,2019-09-26 03:13:41,2019-09-26 04:50:00,42.4,99.6,135.45135348921912,37.540689655172415,34.89793103448276
114,2019-09-26 19:27:59,2019-09-26 21:30:20,6.8,99.6,133.3777658480005,41.0,39.050108932461875
115,2019-09-27 02:27:24,2019-09-27 03:19:58,62.0,91.6,134.02652248498504,38.0,35.0
116,2019-09-27 17:28:25,2019-09-27 19:58:10,22.4,99.6,134.0274779253023,38.44849023090586,37.06216696269982
117,2019-09-28 03:42:53,2019-09-28 08:10:00,29.6,99.6,135.64185354523806,34.74588117823265,32.51422865701448
118,2019-09-28 19:49:01,2019-09-28 21:38:50,2.8,95.2,132.22700984848487,42.35272727272727,40.48848484848485
119,2019-09-30 02:10:27,2019-09-30 04:22:33,2.8,99.6,133.5389906838269,38.00100908173562,35.976791120080726
120,2019-10-01 06:41:20,2019-10-01 09:19:10,17.6,99.6,132.19752727642276,35.304054054054056,33.30236486486486
121,2019-10-01 16:50:22,2019-10-01 18:21:37,40.8,99.6,136.31115148337113,42.8043795620438,41.13284671532847
122,2019-10-02 06:19:13,2019-10-02 08:22:30,9.2,99.6,131.3123749569813,38.307027027027026,35.821621621621624
123,2019-10-03 01:50:24,2019-10-03 03:00:02,11.6,35.2,128.35197949623353,35.00381679389313,33.232824427480914
124,2019-10-03 03:00:23,2019-10-03 05:57:18,35.2,94.8,129.12546893642804,36.18613413715147,34.31348907309721
125,2019-10-03 17:03:51,2019-10-03 18:27:30,39.6,82.0,130.46978312237945,39.89968152866242,37.88694267515923
126,2019-10-04 05:46:11,2019-10-04 07:13:11,55.6,99.6,135.25195761994954,34.807044410413475,32.93261868300153
127,2019-10-04 22:55:01,2019-10-05 00:44:17,22.0,99.6,132.23338257803553,39.30853658536585,37.04024390243902
128,2019-10-05 21:25:35,2019-10-05 23:09:39,26.4,99.6,133.27447054113543,39.79257362355954,37.921895006402046
129,2019-10-06 04:31:22,2019-10-06 05:55:09,46.0,99.6,134.13095223103235,39.925278219395864,36.82670906200318
130,2019-10-06 22:20:42,2019-10-07 00:09:10,13.2,99.2,129.478821375969,38.52825552825553,36.49140049140049
131,2019-10-07 23:49:54,2019-10-08 01:33:03,16.4,94.4,129.63031620548432,35.41881443298969,33.77577319587629
132,2019-10-08 06:16:43,2019-10-08 07:33:58,51.6,99.6,135.62788489872685,36.42413793103448,33.68448275862069
133,2019-10-08 12:23:45,2019-10-08 13:49:16,59.6,99.6,136.64231498611116,37.0,35.018691588785046
134,2019-10-08 23:14:03,2019-10-09 00:52:48,19.2,93.6,130.25804955010454,38.76075268817204,35.85752688172043
135,2019-10-09 16:43:52,2019-10-09 18:36:21,19.2,99.6,131.25254030023495,37.1718009478673,35.68601895734597
136,2019-10-10 04:48:35,2019-10-10 06:09:42,50.8,99.6,136.16525754212205,34.90147783251231,32.8752052545156
137,2019-10-10 16:24:08,2019-10-10 18:23:39,1.6,41.6,129.92581369305557,38.48552338530067,36.88307349665924
138,2019-10-10 18:28:54,2019-10-10 19:37:22,41.6,64.4,130.62773036062376,39.0,37.03875968992248
139,2019-10-11 00:15:11,2019-10-11 02:31:17,16.0,94.4,130.56887105300456,38.90205680705191,36.202742409402546
140,2019-10-11 16:59:09,2019-10-11 18:13:26,18.0,61.2,128.39228944187246,38.191071428571426,36.88214285714286
141,2019-10-11 23:04:23,2019-10-12 00:45:33,23.6,99.6,132.99702757492688,40.725,38.49605263157895
142,2019-10-12 13:54:35,2019-10-12 15:42:06,42.4,99.2,131.9593926594288,38.45724907063197,37.265179677819084
143,2019-10-13 00:57:48,2019-10-13 02:38:48,24.4,76.0,129.4459517214686,37.28627968337731,35.20448548812665
144,2019-10-13 21:02:08,2019-10-13 22:53:57,19.6,99.6,132.02689630555554,35.9404052443385,34.45172824791418
145,2019-10-14 10:51:28,2019-10-14 13:22:23,7.2,94.4,130.35539008346078,34.9726148409894,32.95141342756184
146,2019-10-14 20:19:18,2019-10-14 21:56:12,48.0,98.8,132.4525622594051,36.56438356164384,34.28219178082192
147,2019-10-15 03:11:26,2019-10-15 04:12:09,59.2,89.6,132.12713518823102,34.0,31.135964912280702
148,2019-10-15 06:25:52,2019-10-15 07:16:34,76.0,99.6,138.68432722457632,32.91076115485564,30.616797900262466
149,2019-10-15 15:59:13,2019-10-15 16:55:25,38.0,88.4,130.3233579089506,36.11583924349882,34.70449172576832
150,2019-10-15 21:16:43,2019-10-15 21:57:41,52.8,78.8,132.11649794871798,36.05194805194805,33.95454545454545
151,2019-10-16 04:32:04,2019-10-16 05:51:59,36.4,98.4,130.8195424395161,34.68833333333333,32.155
152,2019-10-16 17:37:56,2019-10-16 19:35:12,13.6,99.6,131.48306766795866,38.025,36.41136363636364
153,2019-10-17 12:21:03,2019-10-17 13:47:34,14.0,91.2,127.99772602727406,34.59230769230769,33.38923076923077
154,2019-10-18 02:30:57,2019-10-18 04:23:39,14.0,99.6,129.4666415238837,36.073113207547166,34.055424528301884
155,2019-10-18 12:05:58,2019-10-18 13:12:33,49.6,94.8,131.0832309857424,34.49,32.644
156,2019-10-18 18:38:45,2019-10-18 19:16:07,60.4,82.0,130.17441170267492,36.0,34.22419928825623
157,2019-10-19 02:01:32,2019-10-19 04:18:17,15.6,94.8,129.740453861532,36.934697855750485,34.36744639376219
158,2019-10-19 21:17:42,2019-10-19 22:51:30,36.0,94.8,130.8397874362245,35.38494318181818,33.53409090909091
159,2019-10-20 14:36:36,2019-10-20 15:56:20,6.8,82.4,130.17532832524984,38.31666666666667,36.85166666666667
160,2019-10-21 00:45:19,2019-10-21 02:32:19,40.4,94.8,130.3062547283497,33.778331257783314,31.73225404732254
161,2019-10-21 11:42:10,2019-10-21 13:04:14,31.2,97.6,129.95169120021757,34.90909090909091,33.44318181818182
162,2019-10-21 22:41:36,2019-10-22 00:04:51,23.6,94.8,130.01629902270602,37.4096,35.1792
163,2019-10-22 04:00:46,2019-10-22 04:20:30,66.4,76.0,132.7638618981482,35.0,32.0
164,2019-10-22 11:29:52,2019-10-22 12:37:22,37.6,94.8,130.9969188616939,33.81262327416174,32.26232741617357
165,2019-10-22 17:47:52,2019-10-22 18:40:02,52.0,94.8,131.285378845405,37.48724489795919,35.515306122448976
166,2019-10-23 04:12:29,2019-10-23 05:36:49,46.4,94.8,130.9734278007346,32.2654028436019,30.379146919431278
167,2019-10-23 13:58:32,2019-10-23 15:14:19,17.6,63.6,127.13199856280197,35.24780316344464,33.15114235500879
168,2019-10-23 23:17:39,2019-10-24 01:03:11,3.2,84.4,129.91909763615217,36.8562421185372,34.24464060529634
169,2019-10-24 11:42:04,2019-10-24 14:16:29,22.8,75.6,127.70575160458752,31.093884582256674,29.931955211024977
170,2019-10-24 14:30:52,2019-10-24 15:00:40,74.8,84.8,130.12671633333335,32.0,31.0
171,2019-10-24 19:45:04,2019-10-24 21:00:55,52.0,94.8,131.12744938019213,33.626315789473686,32.219298245614034
172,2019-10-25 05:09:38,2019-10-25 06:04:21,49.6,94.8,130.9262542158309,32.236009732360095,30.07785888077859
173,2019-10-25 16:50:10,2019-10-25 18:17:59,14.4,66.0,127.92826910529713,35.61933534743203,34.070996978851966
174,2019-10-26 02:16:44,2019-10-26 04:44:51,3.2,79.6,128.75112485093078,35.45773381294964,33.38039568345324
175,2019-10-26 07:54:35,2019-10-26 08:57:49,63.2,94.8,131.95057904113926,34.97052631578947,32.53473684210526
176,2019-10-26 16:51:36,2019-10-26 18:06:43,39.6,77.6,130.4738970804094,33.726950354609926,32.040780141843975
177,2019-10-27 01:23:03,2019-10-27 03:24:49,16.0,79.2,127.82891513493317,33.59781420765027,31.463387978142077
178,2019-10-27 10:58:34,2019-10-27 11:44:04,56.4,94.8,131.6152324725116,30.54385964912281,28.573099415204677
179,2019-10-27 22:00:33,2019-10-27 23:31:57,16.0,94.8,129.10864259729271,35.67201166180758,33.95918367346939
180,2019-10-28 17:47:52,2019-10-28 19:12:51,26.4,97.6,129.0834565445537,31.274294670846395,29.435736677115987
181,2019-10-29 11:50:21,2019-10-29 13:26:17,22.8,85.6,127.56781095187546,30.445833333333333,29.377777777777776
182,2019-10-29 18:38:36,2019-10-29 19:28:08,43.6,68.8,130.0652892416226,33.59249329758713,31.699731903485254
183,2019-10-30 16:29:25,2019-10-30 17:04:54,20.4,32.4,128.4789844675926,27.828358208955223,26.559701492537314
184,2019-10-30 17:10:12,2019-10-30 19:06:28,31.6,72.0,125.15543850385038,30.406178489702516,29.221967963386728
185,2019-10-30 22:28:55,2019-10-31 00:00:19,40.8,97.6,131.24370084849377,32.84110787172012,30.97813411078717
186,2019-10-31 05:24:20,2019-10-31 06:56:40,51.6,97.6,131.34178784057974,31.001443001443,28.47763347763348
187,2019-10-31 18:59:11,2019-10-31 20:48:52,35.6,97.6,130.37312512768818,32.036452004860266,30.691373025516402
188,2019-11-01 02:14:06,2019-11-01 02:55:19,45.2,66.0,130.55938050881412,32.983870967741936,30.596774193548388
189,2019-11-01 04:05:59,2019-11-01 04:58:17,57.6,97.6,131.50599395138894,33.974554707379134,31.412213740458014
190,2019-11-01 18:58:33,2019-11-01 19:56:19,41.2,78.8,129.3691106235225,34.54838709677419,33.3963133640553
191,2019-11-02 02:36:11,2019-11-02 04:15:27,12.4,97.2,129.56724754651466,37.163758389261744,34.58657718120806
192,2019-11-02 15:27:58,2019-11-02 16:33:36,35.2,77.6,129.45154613469606,36.45841784989858,34.614604462474645
193,2019-11-03 11:19:46,2019-11-03 13:46:16,14.8,90.4,128.93436977696942,33.22020018198362,31.70427661510464
194,2019-11-03 20:28:24,2019-11-03 21:21:14,55.6,97.6,131.89528270833335,35.38287153652393,33.19647355163728
195,2019-11-04 05:37:42,2019-11-04 07:04:33,26.8,97.6,130.13313506159764,33.765337423312886,31.440184049079754
196,2019-11-04 18:49:30,2019-11-04 20:03:01,38.4,97.6,130.1657471377628,35.125,33.7518115942029
197,2019-11-05 01:03:21,2019-11-05 01:49:55,58.4,96.8,131.05581630135995,34.66571428571429,32.2
198,2019-11-05 13:14:30,2019-11-05 14:12:40,36.8,90.4,129.5824316153607,31.810068649885583,30.720823798627002
199,2019-11-06 00:36:09,2019-11-06 02:03:17,12.4,92.4,129.16540990972223,35.154434250764524,32.64831804281346
200,2019-11-06 15:02:02,2019-11-06 16:14:37,22.8,90.4,129.14324152695593,34.357798165137616,33.095412844036694
201,2019-11-07 02:39:47,2019-11-07 04:01:19,20.8,94.0,129.71558229546145,33.40359477124183,31.285947712418302
202,2019-11-07 13:38:38,2019-11-07 14:39:21,38.4,93.2,129.55674336982966,35.05921052631579,33.39254385964912
203,2019-11-07 19:45:30,2019-11-07 20:26:59,65.2,97.6,131.22627802640608,34.78846153846154,32.57371794871795
204,2019-11-08 20:10:08,2019-11-08 21:48:27,13.6,97.6,128.21842374007937,34.34010840108401,32.86585365853659
205,2019-11-09 14:12:16,2019-11-09 14:52:02,46.8,83.2,131.25176933760682,30.702341137123746,29.193979933110366
206,2019-11-09 23:54:45,2019-11-10 01:15:44,26.0,97.2,128.5261470213015,32.389802631578945,30.411184210526315
207,2019-11-10 06:07:53,2019-11-10 07:10:51,50.0,97.6,130.73855784313727,31.513742071881605,28.454545454545453
208,2019-11-10 19:08:15,2019-11-10 20:32:51,30.0,97.6,129.0922755095332,33.962204724409446,32.55905511811024
209,2019-11-10 23:10:10,2019-11-10 23:35:33,81.6,97.6,132.04533960069446,34.817708333333336,31.979166666666668
210,2019-11-11 17:51:32,2019-11-11 19:39:59,3.6,97.2,128.42992669011159,36.46191646191646,35.065110565110565
211,2019-11-12 06:18:15,2019-11-12 07:56:35,16.4,97.6,129.024621969075,32.90785907859079,30.68970189701897
212,2019-11-13 11:59:35,2019-11-13 13:37:39,15.6,97.6,128.24898089092142,30.907608695652176,30.26766304347826
213,2019-11-14 00:26:25,2019-11-14 01:59:01,18.8,97.6,128.68901538000566,33.84748201438849,31.30791366906475
214,2019-11-14 19:58:11,2019-11-14 21:35:42,18.4,97.6,128.3890178433642,32.673497267759565,31.389344262295083
215,2019-11-15 12:24:26,2019-11-15 13:35:33,39.6,97.6,129.6782278903257,30.582397003745317,29.50936329588015
216,2019-11-16 01:34:19,2019-11-16 03:07:59,20.0,97.6,129.30055235001436,32.79658605974395,30.89615931721195
217,2019-11-16 11:02:14,2019-11-16 13:01:31,23.2,97.6,129.74758904943252,31.878348214285715,29.772321428571427
218,2019-11-17 00:10:24,2019-11-17 01:18:59,26.4,89.2,128.8364022735315,33.667961165048546,31.452427184466018
219,2019-11-17 04:20:17,2019-11-17 05:06:18,50.4,90.0,130.72209915824914,35.46242774566474,32.23699421965318
220,2019-11-17 14:29:40,2019-11-17 15:53:12,48.4,90.8,130.63346554638363,31.953748006379584,30.585326953748005
221,2019-11-17 22:41:23,2019-11-17 23:32:13,36.8,85.2,129.51329228363178,35.45026178010471,33.20680628272251
222,2019-11-18 13:12:32,2019-11-18 14:49:05,17.6,97.6,128.14140015104167,34.281379310344825,33.05241379310345
223,2019-11-19 01:48:00,2019-11-19 03:19:24,17.2,96.0,128.5791611146362,30.338192419825074,27.848396501457724
224,2019-11-20 03:42:03,2019-11-20 05:26:47,8.0,97.6,128.74205894717264,28.866412213740457,27.368956743002546
225,2019-11-20 13:39:30,2019-11-20 14:49:41,41.2,82.0,128.94784912854033,30.062618595825427,28.311195445920305
226,2019-11-20 20:29:26,2019-11-20 21:14:56,45.6,88.0,130.1913325209644,31.128654970760234,29.07017543859649
227,2019-11-21 01:06:33,2019-11-21 01:57:07,50.8,94.4,130.66300397553516,32.626315789473686,29.69736842105263
228,2019-11-21 12:54:23,2019-11-21 14:30:03,38.4,97.6,129.99164058042416,30.958217270194986,29.58356545961003
229,2019-11-21 20:32:58,2019-11-21 21:01:56,60.8,80.0,130.78081882233795,31.44954128440367,29.220183486238533
230,2019-11-22 05:05:56,2019-11-22 06:43:27,18.8,97.6,127.57165433058377,31.099726775956285,28.5396174863388
231,2019-11-22 17:38:23,2019-11-22 19:21:39,11.2,97.6,127.86521784336422,35.30967741935484,33.46322580645161
232,2019-11-23 21:26:54,2019-11-23 23:16:58,28.4,97.6,129.72548029865132,31.70096852300242,30.2409200968523
233,2019-11-24 23:10:08,2019-11-25 00:24:51,39.2,97.6,129.94178777111875,31.60071301247772,30.060606060606062
234,2019-11-25 06:05:35,2019-11-25 07:40:19,50.4,97.6,131.34613870645012,30.88888888888889,28.49085794655415
235,2019-11-25 16:10:55,2019-11-25 16:32:00,58.0,68.8,130.794785622428,32.0,30.943396226415093
236,2019-11-25 23:07:58,2019-11-26 00:25:37,33.6,97.6,129.63677210503477,31.83704974271012,29.81303602058319
237,2019-11-26 07:50:43,2019-11-26 10:10:24,12.4,94.8,127.36636207187166,30.616412213740457,27.88645038167939
238,2019-11-26 20:08:42,2019-11-26 21:25:12,37.6,82.4,128.63866935763892,30.79513888888889,29.086805555555557
239,2019-11-27 02:46:52,2019-11-27 04:43:36,30.8,97.6,130.31756001330675,31.863013698630137,29.660958904109588
240,2019-11-27 19:06:32,2019-11-27 20:20:59,32.0,95.2,128.82661517668774,32.08050089445438,30.670840787119857
241,2019-11-28 05:46:15,2019-11-28 07:30:43,8.0,97.6,127.82031582186262,29.503826530612244,26.663265306122447
242,2019-11-29 00:34:00,2019-11-29 01:38:19,17.6,80.0,127.52724526575854,26.267080745341616,24.161490683229815
243,2019-11-29 06:23:00,2019-11-29 07:49:12,24.4,97.6,129.10628865171526,29.910355486862443,27.174652241112828
244,2019-11-29 17:06:17,2019-11-29 18:19:57,41.6,97.6,129.74105374751986,29.15913200723327,27.60759493670886
245,2019-11-30 01:31:48,2019-11-30 02:49:43,36.8,82.4,128.00130407102824,26.882051282051282,23.827350427350428
246,2019-11-30 09:31:04,2019-11-30 11:42:53,20.0,96.8,127.64524616970485,26.86060606060606,24.817171717171718
247,2019-12-01 00:44:14,2019-12-01 02:32:00,17.6,80.8,128.168013669128,28.16296296296296,26.21358024691358
248,2019-12-01 05:30:29,2019-12-01 06:46:49,52.0,97.6,130.9259689327486,29.62652705061082,27.069808027923212
249,2019-12-02 02:15:12,2019-12-02 03:41:48,11.2,91.6,127.68847868297402,27.4,25.253846153846155
250,2019-12-02 13:00:20,2019-12-02 15:18:39,18.8,97.6,128.2921336893683,26.373795761079,24.55491329479769
251,2019-12-03 02:24:29,2019-12-03 04:33:38,24.4,96.8,128.58727422114794,23.37358101135191,21.25386996904025
252,2019-12-03 17:46:57,2019-12-03 19:19:17,37.2,84.8,127.46875549136323,24.07936507936508,22.864357864357864
253,2019-12-04 02:26:48,2019-12-04 02:45:32,3.2,14.0,130.43624290123458,23.964788732394368,20.943661971830984
254,2019-12-04 03:04:06,2019-12-04 05:22:16,20.0,97.6,128.60666798038375,26.972034715525556,24.651880424300867
255,2019-12-04 14:32:39,2019-12-04 15:59:23,25.6,97.2,127.66729581975484,28.17511520737327,26.646697388632873
256,2019-12-05 00:02:54,2019-12-05 01:06:33,35.2,92.8,128.68785012297457,27.769874476987447,25.213389121338913
257,2019-12-05 22:00:33,2019-12-05 23:04:59,23.6,86.0,127.72185202101139,25.834710743801654,24.59504132231405
258,2019-12-06 03:40:45,2019-12-06 04:49:28,45.2,97.6,130.35090304813406,28.102713178294575,25.28488372093023
259,2019-12-06 14:08:06,2019-12-06 15:12:08,48.8,97.6,129.70990299692625,25.758835758835758,24.35758835758836
260,2019-12-07 00:59:28,2019-12-07 01:53:38,32.4,68.0,126.91710456850814,24.55036855036855,22.04176904176904
261,2019-12-07 05:35:25,2019-12-07 06:44:09,34.0,78.8,128.14002356150795,24.48936170212766,21.60348162475822
262,2019-12-07 13:55:51,2019-12-07 15:43:40,21.6,84.8,127.10177843266528,25.317676143386898,24.11124845488257
263,2019-12-08 02:36:48,2019-12-08 04:29:40,4.4,97.6,129.01791144492134,28.550177095631643,26.188902007083826
264,2019-12-08 17:10:24,2019-12-08 18:44:12,18.8,97.6,128.63416013289626,27.860795454545453,26.542613636363637
265,2019-12-09 01:13:06,2019-12-09 01:50:11,58.0,79.2,131.03695151991613,24.967741935483872,21.788530465949822
266,2019-12-09 10:35:39,2019-12-09 12:10:06,22.8,97.6,127.03379100935832,25.3935119887165,23.777150916784205
267,2019-12-09 23:17:58,2019-12-10 01:10:35,6.0,97.6,128.98928267073023,28.936094674556212,26.65207100591716
268,2019-12-10 14:20:13,2019-12-10 16:40:54,18.0,98.0,127.40020991666667,27.16287878787879,26.042613636363637
269,2019-12-11 00:23:29,2019-12-11 01:22:51,50.0,80.4,129.0701749561403,25.112107623318387,22.757847533632287
270,2019-12-11 12:03:26,2019-12-11 13:50:43,5.2,97.6,127.8335418079606,30.12670807453416,28.814906832298135
271,2019-12-12 00:53:14,2019-12-12 02:53:03,20.0,83.2,126.97409981100563,27.47608453837597,25.058954393770858
272,2019-12-12 12:00:05,2019-12-12 13:06:25,41.2,75.6,129.19702031250006,25.93186372745491,24.432865731462925
273,2019-12-12 18:43:13,2019-12-12 20:01:16,39.2,84.4,129.88977826327434,28.745733788395903,27.21160409556314
274,2019-12-13 12:02:52,2019-12-13 12:41:41,77.6,96.8,130.62082958622682,21.89041095890411,20.876712328767123
275,2019-12-13 20:16:54,2019-12-13 21:55:18,40.0,96.8,129.98910154538342,28.94864864864865,27.64189189189189
276,2019-12-14 18:23:24,2019-12-14 20:19:13,26.0,97.6,128.05604901652703,29.668584579976987,28.464902186421174
277,2019-12-15 19:21:54,2019-12-15 20:50:46,22.8,97.6,128.37354544154783,30.587706146926536,29.24287856071964
278,2019-12-16 15:10:53,2019-12-16 16:18:24,31.6,71.6,126.57652852777781,30.027613412228796,28.913214990138066
279,2019-12-17 00:01:48,2019-12-17 01:11:51,29.2,90.8,128.98079535533913,32.38212927756654,30.454372623574145
280,2019-12-17 14:57:40,2019-12-17 16:13:59,36.8,97.6,129.35960919225147,32.30715532286213,30.73821989528796
281,2019-12-18 12:01:01,2019-12-18 13:40:01,25.2,77.2,126.25540391025645,29.710632570659488,28.464333781965006
282,2019-12-18 17:11:57,2019-12-18 17:29:26,51.2,59.6,134.61738385582015,32.0,30.757575757575758
283,2019-12-18 17:29:58,2019-12-18 17:52:15,59.2,70.4,129.10105514632932,32.523809523809526,31.0
284,2019-12-18 21:10:03,2019-12-18 22:06:38,48.0,84.0,131.0451068248457,32.63294117647059,30.564705882352943
285,2019-12-19 06:24:45,2019-12-19 06:46:48,33.6,46.4,129.07508741319447,26.2874251497006,23.856287425149702
286,2019-12-19 06:49:48,2019-12-19 08:11:31,46.8,93.6,130.95690890313392,28.303571428571427,26.332792207792206
287,2019-12-19 14:23:57,2019-12-19 15:40:00,58.0,97.6,130.87667940516275,25.612959719789842,23.075306479859893
288,2019-12-20 01:53:36,2019-12-20 03:11:07,28.4,94.8,128.66821585717872,25.22852233676976,23.487972508591064
289,2019-12-20 17:38:14,2019-12-20 19:07:14,22.4,97.2,128.22247956773617,26.868263473053894,25.43562874251497
290,2019-12-21 18:37:27,2019-12-21 20:16:03,18.4,97.6,126.77467638713526,28.6527027027027,27.5
291,2019-12-22 04:54:28,2019-12-22 06:14:31,35.6,97.6,129.15423286290323,28.685524126455906,26.337770382695506
292,2019-12-22 13:22:21,2019-12-22 14:27:51,49.6,97.6,130.00302445601855,27.945121951219512,25.8760162601626
293,2019-12-22 19:42:52,2019-12-22 19:59:49,60.8,70.4,132.56484479745353,28.0,25.9921875
294,2019-12-23 03:01:44,2019-12-23 05:27:42,6.8,97.6,127.47007599424865,27.15433789954338,24.98904109589041
295,2019-12-23 13:22:23,2019-12-23 14:42:18,34.8,97.6,128.86195728724348,30.106666666666666,28.541666666666668
296,2019-12-24 04:11:47,2019-12-24 05:42:38,24.0,97.6,127.96201835371379,29.994134897360702,28.241935483870968
297,2019-12-25 00:53:56,2019-12-25 02:05:27,20.4,86.0,127.65142815252372,26.9683426443203,25.202979515828677
298,2019-12-25 16:38:10,2019-12-25 17:18:52,30.0,69.6,127.60002861952864,28.48220064724919,27.323624595469255
299,2019-12-25 17:20:53,2019-12-25 18:03:09,70.0,97.6,127.20342122081325,30.9153605015674,29.887147335423197
300,2019-12-26 01:21:12,2019-12-26 01:46:33,65.6,80.4,128.48986734234228,27.958115183246072,25.42408376963351
301,2019-12-26 16:00:28,2019-12-26 17:36:45,16.4,97.6,127.1031657686782,30.06777316735823,29.040110650069156
302,2019-12-27 00:59:47,2019-12-27 02:08:54,46.0,97.6,129.74125838447463,27.616570327552985,24.46242774566474
303,2019-12-27 14:38:41,2019-12-27 15:41:32,38.4,92.0,129.7902749326285,25.16949152542373,23.925847457627118
304,2019-12-28 02:14:15,2019-12-28 03:33:38,7.2,83.6,128.1513857129872,29.436241610738254,26.73489932885906
305,2019-12-28 09:01:54,2019-12-28 10:50:13,31.6,94.8,128.80721003428272,26.472972972972972,23.195331695331696
306,2019-12-28 17:40:00,2019-12-28 18:47:14,46.8,97.6,129.60417867727472,28.724752475247524,26.85148514851485
307,2019-12-29 18:30:05,2019-12-29 20:13:21,13.6,97.6,126.63382273273808,31.030967741935484,29.772903225806452
308,2019-12-30 03:11:23,2019-12-30 07:00:04,23.2,97.6,127.83199849163682,29.49154518950437,26.92128279883382
309,2019-12-30 16:12:31,2019-12-30 17:02:01,50.8,67.2,130.79471565040646,31.0,29.322580645161292
310,2019-12-30 21:54:24,2019-12-30 22:46:50,40.8,67.6,129.00580480928693,31.16497461928934,29.294416243654823
311,2019-12-30 23:01:06,2019-12-30 23:57:16,66.8,97.6,120.28751935894664,31.976303317535546,30.0
312,2019-12-31 20:48:39,2019-12-31 22:35:48,6.0,97.6,128.54477428584423,31.799751243781095,30.18407960199005
313,2020-01-01 08:40:54,2020-01-01 09:15:52,21.6,41.6,131.70780691666667,28.638783269961976,24.627376425855513
314,2020-01-01 09:23:20,2020-01-01 11:02:35,41.6,96.8,129.1427418427939,30.86040268456376,28.45234899328859
315,2020-01-01 17:08:49,2020-01-01 18:00:03,58.8,84.4,131.52101840798608,28.0,25.953246753246752
316,2020-01-02 08:15:01,2020-01-02 09:24:32,65.6,97.6,131.40579325520832,22.409961685823756,21.291187739463602
317,2020-01-03 11:58:35,2020-01-03 13:40:07,37.2,89.6,129.5002443384224,23.87270341207349,22.965879265091864
318,2020-01-04 00:53:43,2020-01-04 02:55:56,22.4,97.6,125.63742766696222,29.91494002181025,27.82115594329335
319,2020-01-04 15:00:18,2020-01-04 16:56:39,24.8,97.6,129.0795006925366,32.47880870561283,31.146620847651775
320,2020-01-07 13:59:01,2020-01-07 15:22:17,33.2,97.6,128.31257357876126,29.3344,28.3824
321,2020-01-08 08:19:06,2020-01-08 09:34:37,41.2,97.6,128.58354940159577,27.405643738977073,25.977072310405642
322,2020-01-08 15:56:21,2020-01-08 16:25:42,62.0,88.0,130.4370766559829,30.981900452488688,29.520361990950228
323,2020-01-08 23:38:40,2020-01-09 00:53:23,16.4,85.2,126.67452309633396,31.94295900178253,29.7825311942959
324,2020-01-09 11:54:18,2020-01-09 12:42:36,63.6,97.6,130.7326959558824,28.68870523415978,27.151515151515152
325,2020-01-10 00:15:01,2020-01-10 01:25:04,18.0,86.0,126.99236819648696,30.5532319391635,28.806083650190114
326,2020-01-10 04:39:09,2020-01-10 05:19:02,70.0,96.4,130.9483615425084,30.826666666666668,27.836666666666666
327,2020-01-10 19:40:01,2020-01-10 20:18:01,20.4,42.4,129.79245303030302,29.0801393728223,27.766550522648085
328,2020-01-10 20:35:54,2020-01-10 20:50:20,42.4,50.8,129.18058419312172,30.89189189189189,29.486486486486488
329,2020-01-10 20:59:10,2020-01-10 22:23:12,50.4,96.8,128.61246076987547,32.41204437400951,31.026941362916006
330,2020-01-11 19:21:45,2020-01-11 21:09:26,10.0,97.6,128.61362800291732,29.75990099009901,27.28341584158416
331,2020-01-12 03:21:30,2020-01-12 04:44:45,35.2,97.6,129.07867680733622,26.0128,22.7168
332,2020-01-12 12:31:55,2020-01-12 14:04:07,23.6,97.6,128.30675588588588,26.41329479768786,24.59971098265896
333,2020-01-12 16:17:09,2020-01-12 16:33:50,89.6,97.6,132.11909472222223,27.0,25.0
334,2020-01-13 04:40:40,2020-01-13 06:23:48,10.4,97.6,127.23193619074927,27.099483204134366,24.704134366925064
335,2020-01-13 23:11:03,2020-01-14 00:34:02,17.6,91.6,126.7303974436937,27.213483146067414,25.492776886035312
336,2020-01-14 12:32:15,2020-01-14 13:33:14,53.6,97.6,129.52986649305558,24.777292576419214,23.46943231441048
337,2020-01-15 00:04:09,2020-01-15 01:31:25,27.6,97.6,128.78299208531746,28.522137404580153,26.644274809160304
338,2020-01-15 11:53:37,2020-01-15 12:54:52,44.4,94.8,130.56270578428132,26.6,25.106521739130436
339,2020-01-15 23:49:26,2020-01-16 00:53:04,37.6,92.0,129.12758560304331,29.615062761506277,27.803347280334727
340,2020-01-16 11:30:16,2020-01-16 13:16:28,38.4,97.6,129.28392774024027,27.85194479297365,26.30112923462986
341,2020-01-16 21:13:00,2020-01-16 22:24:15,26.4,90.0,127.13199735980085,29.351401869158877,26.489719626168224
342,2020-01-17 14:28:30,2020-01-17 16:16:27,10.8,83.2,124.6495223047115,23.487654320987655,22.409876543209876
343,2020-01-17 19:47:00,2020-01-17 20:30:22,57.6,94.4,129.17913415609905,26.475460122699385,24.2239263803681
344,2020-01-18 14:23:41,2020-01-18 16:04:09,17.2,97.6,124.64515864427864,23.43633952254642,22.59549071618037
345,2020-01-19 03:10:27,2020-01-19 04:49:19,18.4,97.6,126.32838449249444,26.315363881401616,24.423180592991915
346,2020-01-19 16:29:55,2020-01-19 17:57:50,29.2,97.6,127.20584537037041,24.85151515151515,22.936363636363637
347,2020-01-19 23:24:36,2020-01-19 23:46:37,67.2,86.4,131.32472870370367,22.90963855421687,20.22289156626506
348,2020-01-20 13:43:34,2020-01-20 15:11:46,51.2,97.6,129.65642777179121,22.285498489425983,21.24320241691843
349,2020-01-21 03:57:32,2020-01-21 06:21:13,24.8,97.6,124.81504578945359,23.598330241187384,22.161410018552875
350,2020-01-29 19:43:27,2020-01-29 21:07:22,34.0,97.6,127.91366353293154,21.863492063492064,20.771428571428572
351,2020-01-30 02:48:34,2020-01-30 03:48:05,56.0,97.6,129.78290425013356,22.58165548098434,19.829977628635348
352,2020-01-30 11:43:13,2020-01-30 13:22:21,39.6,97.6,127.32864007183913,21.31989247311828,19.383064516129032
353,2020-01-31 15:10:28,2020-01-31 16:52:07,16.4,97.6,125.82633458538592,25.475753604193972,24.30275229357798
354,2020-02-01 17:50:22,2020-02-01 18:54:09,53.6,97.6,128.8687167140152,23.260960334029228,22.20250521920668
355,2020-02-02 09:48:54,2020-02-02 10:38:00,65.6,97.6,128.7105258420139,21.579945799457995,20.533875338753386
356,2020-02-02 22:43:12,2020-02-03 00:17:40,22.0,97.6,126.41879431951797,26.3836389280677,24.947813822284907
357,2020-02-03 04:08:34,2020-02-03 04:54:59,65.6,97.6,129.14371629774308,27.464183381088827,24.593123209169054
358,2020-02-03 18:11:11,2020-02-03 19:35:54,34.0,97.6,126.92199675489174,23.87421383647799,21.92138364779874
359,2020-02-05 13:49:26,2020-02-05 15:41:54,32.0,95.6,126.04822343640811,19.312796208530806,18.783175355450236
360,2020-02-11 14:42:00,2020-02-11 16:44:46,29.6,97.6,125.29920463235295,21.644251626898047,20.991323210412148
361,2020-02-16 13:56:57,2020-02-16 15:18:12,56.0,97.6,129.48293636485045,13.965573770491803,13.277049180327868
362,2020-02-16 22:14:59,2020-02-16 23:51:59,22.4,97.6,127.2007172466017,21.821768707482992,19.891156462585034
363,2020-02-17 17:20:13,2020-02-17 18:31:56,46.4,97.6,128.25997222222222,21.023985239852397,19.911439114391143
364,2020-02-18 12:28:05,2020-02-18 13:51:44,35.2,97.6,126.8969804019765,22.576433121019107,21.452229299363058
365,2020-02-19 11:12:20,2020-02-19 12:37:21,33.6,97.6,127.90614909505211,23.597809076682317,22.219092331768387
366,2020-02-20 13:32:35,2020-02-20 15:11:35,10.4,96.0,127.33288337876428,28.713324360699865,27.43606998654105
367,2020-02-20 19:48:42,2020-02-20 20:21:31,76.4,97.6,128.37887549135226,29.639676113360323,26.963562753036438
368,2020-02-21 11:39:24,2020-02-21 12:40:15,56.0,97.6,129.24190004006414,23.86870897155361,23.043763676148796
369,2020-02-21 17:06:02,2020-02-21 17:58:12,60.4,97.6,130.10235011947435,29.767857142857142,28.727040816326532
370,2020-02-24 11:11:13,2020-02-24 12:28:40,30.0,96.8,128.07002062125747,28.027444253859347,26.946826758147512
371,2020-02-24 21:45:24,2020-02-24 22:49:18,49.6,97.6,130.36821640046298,31.4375,29.485416666666666
372,2020-02-25 04:31:30,2020-02-25 06:02:06,48.0,97.6,130.47208256048387,29.49411764705882,26.673529411764704
373,2020-02-25 11:16:36,2020-02-25 11:49:09,76.8,97.6,131.33521439636752,28.946938775510205,26.8734693877551
374,2020-02-26 01:46:31,2020-02-26 02:40:49,58.8,97.6,130.53008337628867,28.480392156862745,27.181372549019606
375,2020-02-26 13:45:17,2020-02-26 14:23:42,72.0,97.6,131.07189443901913,30.110726643598618,28.930795847750865
376,2020-02-26 22:07:48,2020-02-26 23:07:11,53.6,97.6,130.06679518939396,32.190582959641254,30.426008968609864
377,2020-02-27 14:26:12,2020-02-27 15:39:35,28.4,92.4,128.0174229665799,31.858439201451905,30.840290381125225
378,2020-02-27 23:18:04,2020-02-28 00:42:15,30.0,97.6,128.71979526010847,34.139240506329116,31.563291139240505
379,2020-02-28 15:09:39,2020-02-28 16:03:09,44.8,90.8,129.21083919987922,29.497512437810947,28.019900497512438
380,2020-02-29 10:01:12,2020-02-29 11:15:23,42.4,97.6,129.8708179222021,27.4524236983842,26.74685816876122
381,2020-02-29 16:06:15,2020-02-29 18:00:12,25.2,97.6,130.20573552409454,34.160233918128654,33.00116959064327
382,2020-03-01 18:36:18,2020-03-01 19:44:45,44.8,97.6,129.95656857638892,33.33852140077821,32.11284046692607
383,2020-03-02 20:14:22,2020-03-02 21:47:46,22.4,97.6,126.45756404033692,30.503566333808845,29.13694721825963
384,2020-03-03 14:05:01,2020-03-03 15:38:41,22.8,97.6,124.79998768196671,29.09815078236131,28.314366998577526
385,2020-03-04 10:25:47,2020-03-04 11:44:15,38.0,97.6,128.63472915035425,26.132427843803057,24.69779286926995
386,2020-03-05 16:08:06,2020-03-05 17:29:37,36.4,97.6,125.66016812817722,25.21732026143791,24.32843137254902
387,2020-03-06 10:08:44,2020-03-06 10:59:59,64.4,97.6,129.6192818063923,24.503896103896103,23.324675324675326
388,2020-03-07 01:55:34,2020-03-07 03:35:22,15.6,97.6,126.185356075542,30.668891855807743,28.83044058744993
389,2020-03-07 10:46:37,2020-03-07 11:22:38,74.4,97.6,130.17266379310354,29.487084870848708,26.915129151291513
390,2020-03-07 19:58:21,2020-03-07 21:06:08,58.8,97.6,130.64682825744563,29.526522593320237,27.760314341846758
391,2020-03-08 19:40:10,2020-03-08 20:53:01,53.6,97.6,130.28442443813134,30.577696526508227,29.37659963436929
392,2020-03-09 18:09:11,2020-03-09 19:42:27,21.6,97.6,127.21994913377192,32.84,31.28857142857143
393,2020-03-10 13:47:44,2020-03-10 14:30:09,59.2,94.0,129.08721772030654,28.570532915360502,27.401253918495296
394,2020-04-09 13:22:29,2020-04-09 14:52:41,26.8,97.6,125.7418407211237,28.420974889217135,26.81831610044313
395,2020-04-09 22:24:32,2020-04-09 23:59:56,39.2,97.6,129.11845809550994,33.142458100558656,31.053072625698324
396,2020-04-10 15:07:24,2020-04-10 16:07:26,39.2,91.6,128.07335340065737,34.94678492239468,33.23281596452328
397,2020-04-11 00:57:00,2020-04-11 02:28:08,22.4,97.6,128.4123510822991,34.62573099415204,32.31432748538012
398,2020-04-11 06:12:00,2020-04-11 06:54:34,69.2,97.6,131.03190071400635,33.55625,29.878125
399,2020-04-11 18:24:26,2020-04-11 19:22:53,54.4,97.6,129.4137222286523,31.239179954441912,29.314350797266513
400,2020-04-12 19:21:49,2020-04-12 20:43:36,32.8,97.6,127.934171244856,31.232899022801302,30.04885993485342
401,2020-04-13 10:03:44,2020-04-13 11:01:39,56.0,97.6,129.3123726028312,27.377011494252873,25.308045977011496
402,2020-04-14 15:23:23,2020-04-14 17:36:16,11.6,83.2,122.88897499612044,27.05416248746239,26.261785356068206
403,2020-04-15 01:55:41,2020-04-15 02:36:46,29.2,67.6,124.85156574074074,26.72168284789644,24.41747572815534
404,2020-04-15 02:37:20,2020-04-15 03:19:54,68.0,97.6,127.29006481794298,29.0,26.909375
405,2020-04-15 16:31:01,2020-04-15 17:24:55,56.0,87.6,128.46451510196908,30.444444444444443,29.182716049382716
406,2020-04-15 23:56:32,2020-04-16 00:58:02,14.4,70.0,129.14529284572342,34.08441558441559,31.69047619047619
407,2020-04-16 01:00:33,2020-04-16 01:37:37,70.8,97.6,126.67957359556385,36.9426523297491,34.060931899641574
408,2020-04-16 06:11:43,2020-04-16 06:57:37,62.4,97.6,128.9460307449495,32.10434782608696,28.72463768115942
409,2020-04-16 14:25:33,2020-04-16 15:33:59,41.6,97.6,127.92922355654765,34.716504854368935,32.963106796116506
410,2020-04-17 01:56:38,2020-04-17 02:44:31,56.0,95.6,127.97174470398431,31.352777777777778,29.261111111111113
411,2020-04-17 14:00:52,2020-04-17 16:06:48,30.0,96.4,125.81368412023093,33.37777777777778,32.02857142857143
412,2020-04-18 03:12:59,2020-04-18 05:32:17,42.0,97.6,128.19156787819745,31.70909090909091,29.77224880382775
413,2020-04-18 17:01:59,2020-04-18 18:00:49,31.2,85.6,126.28210271650329,33.84875846501129,32.613995485327315
414,2020-04-18 23:56:41,2020-04-19 01:01:23,44.4,97.6,127.73896563544278,34.18930041152263,31.61522633744856
415,2020-04-19 15:29:43,2020-04-19 16:02:32,30.8,61.2,125.71697314053365,33.80161943319838,32.550607287449395
416,2020-04-19 16:05:36,2020-04-19 16:34:17,60.8,86.8,128.4408189529915,36.13425925925926,34.736111111111114
417,2020-04-20 01:12:00,2020-04-20 02:40:11,21.6,97.6,126.67610963998538,36.105740181268885,33.70392749244713
418,2020-04-20 13:20:51,2020-04-20 14:33:50,36.8,97.6,126.70890471719667,35.68065693430657,34.35401459854015
419,2020-04-21 00:36:40,2020-04-21 01:28:18,55.6,97.6,129.14985437169315,34.675257731958766,32.65979381443299
420,2020-04-21 05:31:02,2020-04-21 05:57:43,79.6,97.6,128.2585867361111,33.0,30.875621890547265
421,2020-04-21 16:57:31,2020-04-21 18:17:50,29.6,97.6,126.5602583374183,36.51907131011609,35.26533996683251
422,2020-04-22 05:09:03,2020-04-22 07:37:33,10.4,97.6,125.82044265417946,33.21095152603232,30.22890484739677
423,2020-04-23 06:35:04,2020-04-23 07:44:19,46.8,97.6,127.81891469816276,23.66923076923077,22.56153846153846
424,2020-04-23 23:55:51,2020-04-24 01:27:30,11.6,94.4,123.55053564311594,27.890988372093023,26.501453488372093
425,2020-04-24 15:09:32,2020-04-24 16:36:31,22.8,95.2,124.2103929596378,26.862174578866767,24.74885145482389
426,2020-04-25 02:57:14,2020-04-25 04:21:34,27.6,97.6,125.27989950396825,27.180094786729857,25.244865718799367
427,2020-04-25 17:59:43,2020-04-25 19:14:34,35.6,97.6,126.56059803091402,31.816725978647685,30.59964412811388
428,2020-04-26 19:28:22,2020-04-26 20:04:32,46.0,79.2,126.26213968373494,33.18807339449541,31.756880733944953
429,2020-04-26 20:04:53,2020-04-26 20:32:23,79.6,97.6,129.5872002314815,34.78915662650602,33.0
430,2020-04-27 13:40:49,2020-04-27 14:10:49,51.2,79.2,125.8978179563492,33.76243093922652,32.43646408839779
431,2020-04-27 14:11:10,2020-04-27 14:38:50,79.6,97.6,129.71453533950617,35.0,33.946107784431135
432,2020-04-28 01:23:45,2020-04-28 01:53:45,34.8,62.8,124.94940724206349,34.48066298342541,32.530386740331494
433,2020-04-28 01:54:06,2020-04-28 02:25:26,63.2,90.4,128.04586371527776,36.629629629629626,34.67724867724868
434,2020-04-28 16:43:02,2020-04-28 17:12:02,20.4,47.2,126.03130628109453,38.69714285714286,37.177142857142854
435,2020-04-28 17:12:23,2020-04-28 17:38:53,47.6,72.4,124.41197177419355,41.3625,39.71875
436,2020-04-28 17:39:14,2020-04-28 18:08:54,72.8,95.6,127.91972362329436,42.0,40.245810055865924
437,2020-04-29 14:26:09,2020-04-29 14:54:49,44.8,61.6,127.40829075727514,35.052023121387286,32.797687861271676
438,2020-04-29 14:55:10,2020-04-29 15:22:50,62.0,78.0,129.11116875000005,36.0,33.9940119760479
439,2020-04-29 15:23:11,2020-04-29 15:43:01,78.4,89.6,132.2222812500002,36.0,34.166666666666664
440,2020-04-30 05:24:12,2020-04-30 05:54:22,58.8,86.0,129.4633473754085,32.06043956043956,30.17032967032967
441,2020-04-30 05:54:43,2020-04-30 06:15:03,86.4,97.6,128.4226323164684,33.0,31.0
442,2020-04-30 13:17:55,2020-04-30 13:47:45,54.0,81.6,127.30627697262484,35.56666666666667,34.544444444444444
443,2020-04-30 22:33:51,2020-04-30 23:01:41,36.4,62.4,124.75427361111113,36.05952380952381,34.25
444,2020-04-30 23:02:02,2020-04-30 23:30:22,62.8,88.4,127.26400461154512,37.76608187134503,36.0
445,2020-04-30 23:30:43,2020-04-30 23:47:13,88.4,97.6,128.78625030193254,38.0,36.0
446,2020-05-01 21:08:44,2020-05-01 21:39:34,60.0,88.0,127.70041398809524,35.774193548387096,34.435483870967744
447,2020-05-01 21:39:55,2020-05-01 21:57:25,88.4,97.6,132.866854317633,36.613207547169814,35.0
448,2020-05-02 17:55:05,2020-05-02 18:15:55,28.4,47.6,126.4402476128472,35.62698412698413,33.51587301587302
449,2020-05-02 18:16:16,2020-05-02 18:41:16,48.0,71.2,125.5082663433908,37.71523178807947,35.675496688741724
450,2020-05-02 18:41:37,2020-05-02 19:06:37,71.6,92.0,129.1265052423747,38.675496688741724,36.562913907284766
451,2020-05-03 00:04:20,2020-05-03 00:34:30,54.8,72.4,129.1225033143939,37.0,34.0
452,2020-05-03 00:34:51,2020-05-03 01:05:51,72.8,90.8,129.74076944444445,37.0,34.58288770053476
453,2020-05-03 17:49:17,2020-05-03 18:20:37,62.4,80.4,131.13583148148143,37.0,35.0
454,2020-05-03 18:20:58,2020-05-03 18:49:48,80.8,97.6,129.290703207672,37.0,35.71264367816092
455,2020-05-04 02:24:49,2020-05-04 02:47:49,29.6,50.8,126.71843533805034,36.7410071942446,34.16546762589928
456,2020-05-04 02:48:10,2020-05-04 03:17:10,51.2,78.0,126.36920760779438,38.857142857142854,36.542857142857144
457,2020-05-04 03:17:31,2020-05-04 03:44:21,78.4,97.6,130.2857394386575,40.0,37.0
458,2020-05-05 04:18:06,2020-05-05 04:49:06,69.2,94.0,129.02497687051974,35.64171122994652,33.88235294117647
459,2020-05-05 12:13:32,2020-05-05 12:33:42,56.8,75.2,127.92648754528982,36.950819672131146,35.81147540983606
460,2020-05-05 12:34:03,2020-05-05 13:03:43,75.6,97.6,128.50758907828285,37.93854748603352,36.87150837988827
461,2020-05-05 19:39:45,2020-05-05 20:12:25,54.0,84.0,127.26529074074078,41.24873096446701,39.43654822335025
462,2020-05-05 20:12:46,2020-05-05 20:34:16,84.0,97.6,129.041063010621,42.0,40.0
463,2020-05-06 13:28:37,2020-05-06 14:00:07,16.0,44.8,127.93452787422844,38.83157894736842,37.44736842105263
464,2020-05-06 14:00:28,2020-05-06 14:28:15,45.2,71.2,124.99157482905984,41.898809523809526,40.273809523809526
465,2020-05-06 14:28:36,2020-05-06 15:01:26,71.6,96.8,128.52294064153435,43.0,41.09090909090909
466,2020-05-06 23:18:29,2020-05-06 23:39:49,25.2,45.2,124.79515736111107,40.263565891472865,37.372093023255815
467,2020-05-06 23:40:10,2020-05-07 00:08:50,45.2,72.0,125.15030814676619,42.676300578034684,40.017341040462426
468,2020-05-07 21:35:09,2020-05-07 22:06:19,17.2,46.4,125.12606121575345,38.76063829787234,36.808510638297875
469,2020-05-07 22:06:40,2020-05-07 22:38:40,46.8,77.2,123.39411408077486,41.66839378238342,39.652849740932645
470,2020-05-07 22:39:01,2020-05-07 23:06:51,77.6,97.6,127.69655256944445,42.30357142857143,40.07142857142857
471,2020-05-08 03:57:54,2020-05-08 04:21:34,69.6,82.8,125.43772758838384,38.0,35.0
472,2020-05-08 10:09:52,2020-05-08 10:33:12,72.4,91.2,126.69179078014186,36.95035460992908,35.0
473,2020-05-08 17:04:02,2020-05-08 17:39:34,70.4,97.6,128.70578687704253,39.944186046511625,38.61860465116279
474,2020-05-09 04:45:27,2020-05-09 05:06:17,31.6,51.2,124.19502480158732,36.03174603174603,34.0
475,2020-05-09 05:06:38,2020-05-09 05:35:38,51.6,78.4,126.42673367537311,38.31428571428572,36.44
476,2020-05-09 05:35:59,2020-05-09 06:03:49,78.8,97.6,125.08940410756502,39.0,37.00595238095238
477,2020-05-09 17:43:36,2020-05-09 18:07:06,25.6,47.2,126.68467824074074,38.901408450704224,37.2112676056338
478,2020-05-09 18:07:27,2020-05-09 18:32:57,47.6,71.2,125.79508562853108,41.383116883116884,39.66233766233766
479,2020-05-09 18:33:18,2020-05-09 19:00:58,71.6,93.6,129.51516672979798,42.24550898203593,40.76047904191617
480,2020-05-10 17:06:31,2020-05-10 17:24:51,22.0,34.0,127.33912280092594,31.513513513513512,29.16216216216216
481,2020-05-10 17:25:12,2020-05-10 17:55:52,34.0,54.8,122.86324786324789,33.29189189189189,30.94054054054054
482,2020-05-10 17:56:13,2020-05-10 18:26:23,55.2,75.2,125.70208409722221,34.96153846153846,32.65384615384615
483,2020-05-10 18:26:44,2020-05-10 18:45:04,75.6,87.6,127.40047152777778,35.171171171171174,33.0
484,2020-05-11 13:22:12,2020-05-11 13:53:52,36.0,55.2,123.82089438657404,34.518324607329845,33.15706806282723
485,2020-05-11 13:54:13,2020-05-11 14:25:53,55.2,73.6,123.7764330464977,36.0,34.0
486,2020-05-11 14:26:14,2020-05-11 14:58:14,73.6,90.8,128.26471124031005,36.0,34.865284974093264
487,2020-05-11 22:24:50,2020-05-11 22:43:20,51.6,68.4,128.51686954365078,34.794642857142854,31.589285714285715
488,2020-05-11 22:43:41,2020-05-11 23:01:01,68.8,84.8,126.55123133680557,35.628571428571426,32.65714285714286
489,2020-05-12 14:55:44,2020-05-12 15:22:54,40.8,66.0,126.66997354497353,35.15243902439025,33.323170731707314
490,2020-05-12 15:23:15,2020-05-12 15:51:35,66.4,90.8,127.86943630464485,36.865497076023395,35.30994152046784
491,2020-05-13 00:09:31,2020-05-13 00:32:01,48.0,68.4,128.38781100217867,35.63235294117647,33.529411764705884
492,2020-05-13 00:32:22,2020-05-13 01:00:32,68.8,92.0,128.86015636973178,36.92941176470588,34.83529411764706
493,2020-05-13 14:02:08,2020-05-13 14:32:08,44.4,72.4,125.70484608134917,36.73480662983425,35.16574585635359
494,2020-05-14 00:15:11,2020-05-14 00:42:02,17.6,38.8,126.33563922300841,34.331288343558285,31.926380368098158
495,2020-05-14 00:42:23,2020-05-14 01:14:23,38.8,64.8,122.73078450854702,36.83419689119171,34.575129533678755
496,2020-05-14 01:14:44,2020-05-14 01:41:54,65.2,86.8,125.407681712963,38.0,36.0
497,2020-05-14 05:08:11,2020-05-14 05:30:21,70.8,90.0,128.5127628761574,35.0,32.11194029850746
498,2020-05-14 17:39:50,2020-05-14 18:14:30,23.6,44.8,123.99174993448638,34.71291866028708,33.08612440191388
499,2020-05-14 18:14:51,2020-05-14 18:49:51,44.8,66.4,118.49280722736621,36.654028436018955,34.14218009478673
500,2020-05-14 18:50:12,2020-05-14 19:21:02,66.8,84.0,125.33432348191211,37.0,34.0
501,2020-05-14 19:21:23,2020-05-14 19:47:13,84.0,97.6,127.84519669117654,37.0,34.0
502,2020-05-15 01:22:34,2020-05-15 01:53:44,42.0,60.4,125.90884465579713,35.4468085106383,32.65425531914894
503,2020-05-15 01:54:05,2020-05-15 02:25:15,60.8,78.8,128.70681898148152,36.0,33.87765957446808
504,2020-05-15 02:25:36,2020-05-15 02:57:53,79.2,97.6,128.34121213768125,36.42564102564103,34.0
505,2020-05-15 23:03:27,2020-05-15 23:30:17,30.8,55.6,125.88040613799288,35.91975308641975,34.29012345679013
506,2020-05-15 23:30:38,2020-05-16 00:02:48,56.0,85.6,126.37249535472978,38.20618556701031,36.71134020618557
507,2020-05-16 04:22:19,2020-05-16 04:39:49,34.8,50.8,128.37065251736112,37.528301886792455,34.75471698113208
508,2020-05-16 04:40:10,2020-05-16 05:08:00,51.2,76.8,127.7224364149306,39.07738095238095,36.726190476190474
509,2020-05-16 05:08:21,2020-05-16 05:36:01,77.2,97.6,128.2836535266885,40.0,37.09580838323353
510,2020-05-16 12:52:49,2020-05-16 13:21:39,45.2,72.4,126.49920036764706,40.35057471264368,38.867816091954026
511,2020-05-16 13:22:00,2020-05-16 13:55:10,72.4,97.6,128.46838453483252,41.9,40.56
512,2020-05-16 20:24:13,2020-05-16 20:42:03,50.0,66.4,126.82503582317071,38.31481481481482,35.638888888888886
513,2020-05-16 20:42:24,2020-05-16 21:11:54,66.8,91.6,128.27957370071687,39.0,36.12359550561798
514,2020-05-17 02:11:25,2020-05-17 02:40:05,64.8,89.6,128.66711738351256,36.127167630057805,32.664739884393065
515,2020-05-17 15:52:51,2020-05-17 16:15:11,35.2,56.0,124.8117248931624,37.4,35.82222222222222
516,2020-05-17 16:15:32,2020-05-17 16:42:42,56.4,81.2,127.39194170026882,39.5,38.15243902439025
517,2020-05-18 01:43:02,2020-05-18 02:10:32,51.2,76.4,127.58544394841269,32.89156626506024,30.14457831325301
518,2020-05-18 02:10:53,2020-05-18 02:42:03,76.8,97.6,129.11260977564106,34.0,31.44148936170213
519,2020-05-18 11:52:41,2020-05-18 12:38:34,25.6,68.4,124.90138219431464,34.34892086330935,32.593525179856115
520,2020-05-18 12:38:55,2020-05-18 13:00:12,68.8,88.4,124.31137115929702,37.0,35.06923076923077
521,2020-05-18 17:13:46,2020-05-18 17:39:46,79.2,97.6,130.3034536533817,38.47770700636943,36.197452229299365
522,2020-05-19 01:44:44,2020-05-19 02:08:54,26.4,48.8,125.86309833829368,35.54794520547945,32.945205479452056
523,2020-05-19 04:14:39,2020-05-19 04:37:59,54.4,76.0,126.1220530478395,35.88652482269504,33.5177304964539
524,2020-05-19 04:38:20,2020-05-19 05:02:50,76.0,94.8,124.76803117612295,36.87162162162162,34.0
525,2020-05-19 15:42:11,2020-05-19 16:06:51,35.6,58.8,124.1630868055556,37.651006711409394,36.02684563758389
526,2020-05-19 16:07:12,2020-05-19 16:36:52,59.2,86.8,125.49417179951693,39.58659217877095,37.849162011173185
527,2020-05-19 16:37:13,2020-05-19 16:54:53,87.2,97.6,127.10336204594029,40.0,38.0
528,2020-05-20 00:48:54,2020-05-20 01:22:34,36.8,57.6,123.03754133279914,37.714285714285715,35.152709359605915
529,2020-05-20 01:22:55,2020-05-20 01:53:25,58.0,75.6,126.00853480113643,39.0,36.0
530,2020-05-20 01:53:46,2020-05-20 02:28:16,75.6,94.4,127.60788105791956,39.0,36.0
531,2020-05-20 10:21:59,2020-05-20 10:53:59,37.2,66.8,125.8028464245496,36.170984455958546,34.362694300518136
532,2020-05-20 10:54:20,2020-05-20 11:18:00,67.2,88.4,127.81579350104822,37.86013986013986,36.0
533,2020-05-20 22:07:31,2020-05-20 22:36:31,7.2,24.8,124.12565877525255,34.0,31.005714285714287
534,2020-05-20 22:36:52,2020-05-20 23:06:12,24.8,42.8,122.71144691358032,35.11864406779661,32.43502824858757
535,2020-05-20 23:06:33,2020-05-20 23:36:13,42.8,61.6,118.85788682033096,36.74860335195531,34.279329608938546
536,2020-05-20 23:36:34,2020-05-21 00:04:04,62.0,78.4,126.32116615853654,37.433734939759034,35.0
537,2020-05-21 00:04:25,2020-05-21 00:26:15,78.8,91.6,128.49829231770838,38.0,35.0
538,2020-05-21 16:40:02,2020-05-21 17:10:12,34.8,63.2,124.05223958333329,34.57142857142857,33.48351648351648
539,2020-05-21 17:10:33,2020-05-21 17:43:33,63.6,91.6,128.16072326388894,37.14070351758794,35.78391959798995
540,2020-05-22 13:46:33,2020-05-22 14:11:13,44.0,51.2,128.34683641975303,31.0,29.751677852348994
541,2020-05-22 14:11:34,2020-05-22 14:39:24,51.6,59.6,130.46875,31.964285714285715,30.410714285714285
542,2020-05-22 14:39:45,2020-05-22 15:11:15,60.0,69.2,128.39673913043475,32.0,31.0
543,2020-05-22 15:11:36,2020-05-22 15:39:56,69.2,77.6,126.48809523809537,32.0,31.0
544,2020-05-22 15:40:17,2020-05-22 16:07:47,77.6,85.6,128.90625,32.36144578313253,31.0
545,2020-05-22 16:08:08,2020-05-22 16:38:18,85.6,94.4,128.5511363636362,33.0,31.571428571428573
546,2020-05-23 11:16:56,2020-05-23 11:37:26,33.2,40.8,130.6506134868422,29.0,27.693548387096776
547,2020-05-23 11:37:47,2020-05-23 12:07:37,40.8,52.4,121.82354418103445,30.08888888888889,28.883333333333333
548,2020-05-23 12:07:58,2020-05-23 12:38:58,52.8,64.0,126.1719128224206,31.0,30.0
549,2020-05-23 12:39:19,2020-05-23 13:10:39,64.4,75.6,124.5089609375001,31.333333333333332,30.40740740740741
550,2020-05-23 13:11:00,2020-05-23 13:47:00,75.6,87.6,130.9352091435185,32.0,31.0
551,2020-05-23 13:47:21,2020-05-23 14:17:21,88.0,97.6,134.0307177372686,32.0,31.0
552,2020-05-24 16:57:47,2020-05-24 17:29:37,25.6,44.8,124.62531698495374,33.697916666666664,32.088541666666664
553,2020-05-24 17:29:58,2020-05-24 18:03:08,44.8,65.6,119.85713127670942,35.72,34.38
554,2020-05-24 18:03:29,2020-05-24 18:36:09,65.6,85.2,125.27780555555552,36.53807106598985,35.0
555,2020-05-24 18:36:30,2020-05-24 18:58:00,85.2,97.6,129.9821077508962,37.0,35.62307692307692
556,2020-05-25 14:18:10,2020-05-25 14:35:10,59.6,69.2,129.5891403356481,32.0,31.0
557,2020-05-25 14:35:31,2020-05-25 15:20:31,69.6,94.4,127.45857398073473,32.345588235294116,31.669117647058822
558,2020-05-26 09:32:05,2020-05-26 09:56:15,36.0,50.4,124.754078896605,30.32191780821918,29.34246575342466
559,2020-05-26 09:56:36,2020-05-26 10:26:16,50.4,68.0,125.29674526515153,31.787709497206706,30.83240223463687
560,2020-05-26 10:26:37,2020-05-26 10:57:27,68.4,86.4,127.330275462963,32.6505376344086,31.586021505376344
561,2020-05-26 10:57:48,2020-05-26 11:19:58,86.4,97.6,127.76540364583349,33.06716417910448,32.0
562,2020-05-26 19:14:51,2020-05-26 19:45:51,59.6,87.2,129.74037198067637,39.57219251336898,38.18716577540107
563,2020-05-27 04:07:29,2020-05-27 04:35:39,24.0,50.0,126.57319930555555,33.96470588235294,31.641176470588235
564,2020-05-27 04:36:00,2020-05-27 05:07:10,50.4,79.2,126.3753972800926,36.88297872340426,34.67553191489362
565,2020-05-27 05:07:31,2020-05-27 05:33:41,79.6,97.6,129.0879699074074,38.0,35.879746835443036
566,2020-05-27 17:02:43,2020-05-27 17:31:53,50.8,66.0,127.86914656432747,34.0,32.90909090909091
567,2020-05-27 17:32:14,2020-05-27 18:01:34,66.0,81.2,128.60836522295318,34.89265536723164,33.0
568,2020-05-27 18:01:55,2020-05-27 18:32:05,81.6,97.2,128.8710779914529,35.0,33.84065934065934
569,2020-05-28 16:15:46,2020-05-28 16:44:26,23.2,50.0,124.61494739842453,35.14450867052023,33.38150289017341
570,2020-05-28 16:44:47,2020-05-28 17:16:57,50.4,80.8,123.20039167580414,37.891752577319586,36.15979381443299
571,2020-05-29 01:39:45,2020-05-29 02:06:15,5.6,25.2,125.84043438208616,37.0,34.56875
572,2020-05-29 02:06:36,2020-05-29 02:34:46,25.6,46.4,125.99495312500002,38.28823529411765,35.85294117647059
573,2020-05-29 02:35:07,2020-05-29 03:12:07,46.8,75.2,121.22312759194054,40.53363228699551,37.83408071748879
574,2020-05-29 03:12:28,2020-05-29 03:36:08,75.2,92.0,125.78788781415349,41.0,38.51048951048951
575,2020-05-29 14:48:41,2020-05-29 15:16:01,19.6,40.4,122.8712823183761,36.78181818181818,35.121212121212125
576,2020-05-29 15:16:22,2020-05-29 15:40:42,40.8,60.0,118.3760216290509,38.98639455782313,37.48299319727891
577,2020-05-29 15:41:03,2020-05-29 16:01:13,60.0,75.6,120.64814743589747,40.0,38.21311475409836
578,2020-05-29 20:57:03,2020-05-29 21:28:23,57.2,85.6,128.88988297143985,38.08994708994709,35.42857142857143
579,2020-05-29 21:28:44,2020-05-29 21:46:54,86.0,97.6,127.50960344827593,38.92727272727273,36.0
580,2020-05-30 14:46:45,2020-05-30 15:14:45,24.0,41.2,125.72191844315246,33.67455621301775,32.40236686390533
581,2020-05-30 15:15:06,2020-05-30 15:42:46,41.6,59.2,118.25600797032827,35.50898203592814,34.2814371257485
582,2020-05-30 15:43:07,2020-05-30 16:12:17,59.2,76.4,122.46852349806198,36.0,35.0
583,2020-05-30 16:12:38,2020-05-30 16:43:18,76.4,93.2,126.51705092592596,36.0,35.0
584,2020-05-31 14:14:46,2020-05-31 14:46:26,45.2,64.0,126.82922429078016,33.41361256544503,31.50785340314136
585,2020-05-31 14:46:47,2020-05-31 15:15:57,64.4,81.6,127.72289647932826,34.0,32.0
586,2020-05-31 15:16:18,2020-05-31 15:41:08,82.0,96.4,129.89779108796293,34.0,32.0
587,2020-06-01 00:28:49,2020-06-01 01:00:39,51.6,70.4,127.5606075650118,31.885416666666668,29.859375
588,2020-06-01 01:01:00,2020-06-01 01:35:10,70.4,90.8,126.19352144607849,32.38834951456311,30.805825242718445
589,2020-06-01 17:04:26,2020-06-01 17:25:56,26.4,40.8,126.1333196373457,32.2,30.276923076923076
590,2020-06-01 17:26:17,2020-06-01 17:54:07,40.8,60.0,122.35245471643516,33.976190476190474,32.107142857142854
591,2020-06-01 17:54:28,2020-06-01 18:26:38,60.4,82.0,125.61923636831278,35.0,33.0
592,2020-06-01 18:26:59,2020-06-01 18:53:39,82.0,97.6,128.55148237179495,35.900621118012424,33.75155279503105
593,2020-06-02 13:27:57,2020-06-02 13:54:17,42.8,60.0,127.83271188630488,31.572327044025158,30.38993710691824
594,2020-06-02 13:54:38,2020-06-02 14:20:18,60.4,77.2,127.56946941137564,32.78709677419355,31.425806451612903
595,2020-06-02 14:20:39,2020-06-02 14:48:09,77.6,94.8,129.64714268410853,33.4277108433735,32.0
596,2020-06-02 23:00:19,2020-06-02 23:17:49,37.2,49.6,129.40188508064517,33.15094339622642,30.830188679245282
597,2020-06-02 23:18:10,2020-06-02 23:48:40,50.0,72.0,126.96589785353535,34.59782608695652,32.55434782608695
598,2020-06-02 23:49:01,2020-06-03 00:19:31,72.4,93.2,128.52764162660262,35.34239130434783,33.0
599,2020-06-04 01:39:45,2020-06-04 02:10:05,24.8,40.8,126.06941388888893,31.098360655737704,29.94535519125683
600,2020-06-04 02:10:26,2020-06-04 02:42:16,41.2,58.4,123.07490503875972,32.921875,31.661458333333332
601,2020-06-04 02:42:37,2020-06-04 03:07:27,58.8,72.0,125.10729187710432,34.0,32.89333333333333
602,2020-06-04 03:07:48,2020-06-04 03:35:38,72.0,86.8,125.06190559309314,34.0,33.0
603,2020-06-04 03:35:59,2020-06-04 03:57:09,86.8,97.6,130.33175848765438,34.8203125,33.0
604,2020-06-04 14:07:01,2020-06-04 14:25:51,18.4,32.0,129.28104901960782,36.3859649122807,34.50877192982456
605,2020-06-04 14:26:12,2020-06-04 14:53:32,32.4,53.2,122.78647202190167,38.303030303030305,36.78181818181818
606,2020-06-04 16:26:26,2020-06-04 16:56:26,67.6,89.6,125.87690776515154,40.027624309392266,38.67403314917127
607,2020-06-05 00:32:03,2020-06-05 01:03:33,54.4,76.8,128.54106243799606,37.77894736842105,35.27894736842105
608,2020-06-05 05:53:23,2020-06-05 06:22:03,44.4,70.8,126.594586858165,37.23699421965318,34.554913294797686
609,2020-06-05 06:22:24,2020-06-05 06:56:34,71.2,97.2,129.34883488247863,38.567961165048544,35.9126213592233
610,2020-06-05 12:13:24,2020-06-05 12:37:24,80.8,97.6,129.47340095899474,38.0,36.0
611,2020-06-05 22:52:21,2020-06-05 23:24:41,33.2,63.2,125.66111490740744,35.61025641025641,33.07179487179487
612,2020-06-05 23:25:02,2020-06-05 23:53:42,63.6,89.2,127.19944607204863,37.676300578034684,35.369942196531795
613,2020-06-06 12:54:12,2020-06-06 13:21:02,63.2,87.6,128.45345087659385,34.598765432098766,33.135802469135804
614,2020-06-06 13:21:23,2020-06-06 13:39:23,88.0,97.6,131.0402087673612,35.0,33.96330275229358
615,2020-06-06 23:28:55,2020-06-06 23:53:45,28.4,40.8,130.76836917562727,30.246666666666666,27.953333333333333
616,2020-06-06 23:54:06,2020-06-07 00:30:46,41.2,61.2,122.22777833333333,31.86425339366516,29.81447963800905
617,2020-06-07 00:31:07,2020-06-07 01:00:57,61.2,77.2,124.34896267361111,33.0,31.0
618,2020-06-07 01:01:18,2020-06-07 01:35:28,77.2,94.8,129.47917266414146,33.0,31.0
619,2020-06-07 20:17:35,2020-06-07 20:40:25,35.6,50.8,126.09101169590646,32.70289855072464,31.246376811594203
620,2020-06-07 20:40:46,2020-06-07 21:11:56,51.2,72.0,125.69447075320517,34.319148936170215,32.67553191489362
621,2020-06-07 21:12:17,2020-06-07 21:40:47,72.4,90.8,129.08589394625608,35.0,33.0
622,2020-06-08 10:57:45,2020-06-08 11:25:25,24.8,50.8,124.13835827991456,32.383233532934135,30.281437125748504
623,2020-06-08 11:25:46,2020-06-08 11:52:26,50.8,76.0,123.34546241181658,35.254658385093165,33.27950310559006
624,2020-06-08 11:52:47,2020-06-08 12:23:57,76.0,97.6,127.2974669495885,36.43617021276596,34.069148936170215
625,2020-06-08 18:12:27,2020-06-08 18:29:37,49.6,65.2,129.42576210826212,35.73076923076923,33.19230769230769
626,2020-06-08 18:29:58,2020-06-08 19:01:38,65.6,92.4,127.64098481550579,36.96335078534032,34.59162303664922
627,2020-06-09 02:01:16,2020-06-09 02:29:06,48.4,68.8,125.22740795206973,35.535714285714285,32.92857142857143
628,2020-06-09 02:29:27,2020-06-09 02:56:17,68.8,88.0,128.20023857060184,36.28395061728395,34.0
629,2020-06-09 05:21:45,2020-06-09 05:39:15,81.6,94.4,127.82335980902768,36.0,33.783018867924525
630,2020-06-09 17:42:55,2020-06-09 18:14:55,24.4,35.6,124.2857619047619,32.66839378238342,30.471502590673577
631,2020-06-09 18:15:16,2020-06-09 18:48:16,35.6,47.2,123.75004741379314,33.130653266331656,31.09045226130653
632,2020-06-09 18:48:37,2020-06-09 19:16:47,47.2,58.0,113.44911754115232,34.0,32.0
633,2020-06-09 19:17:08,2020-06-09 19:48:38,58.0,69.2,122.34379687500004,34.0,32.0
634,2020-06-09 19:48:59,2020-06-09 20:21:29,69.6,80.8,126.230207093254,34.0,32.0
635,2020-06-09 20:21:50,2020-06-09 20:54:00,80.8,91.6,129.56023482510295,34.0,32.0
636,2020-06-09 20:54:21,2020-06-09 21:11:51,92.0,97.6,135.93755208333354,34.0,32.0
637,2020-06-10 03:20:18,2020-06-10 03:42:18,42.8,62.8,128.39028298611112,32.285714285714285,29.86466165413534
638,2020-06-10 03:42:39,2020-06-10 04:09:29,63.2,87.6,127.12432217668493,33.77777777777778,31.530864197530864
639,2020-06-10 04:09:50,2020-06-10 04:28:40,88.0,97.6,130.49768518518528,34.14912280701754,32.0
640,2020-06-10 18:58:39,2020-06-10 19:36:28,24.8,60.4,124.70075436953812,35.973684210526315,33.80701754385965
641,2020-06-10 19:56:24,2020-06-10 20:23:40,70.8,93.2,127.01909055059521,38.92727272727273,36.93939393939394
642,2020-06-11 03:37:03,2020-06-11 04:05:53,21.2,48.0,125.54830483001655,36.10919540229885,33.53448275862069
643,2020-06-11 04:06:14,2020-06-11 04:34:14,48.4,74.8,123.6963406986532,38.92307692307692,36.63905325443787
644,2020-06-11 04:34:35,2020-06-11 05:03:25,75.2,96.8,125.77932883230459,40.0,37.93103448275862
645,2020-06-11 17:25:53,2020-06-11 17:54:33,14.0,40.8,124.69837365257048,40.93063583815029,38.8150289017341
646,2020-06-11 17:54:54,2020-06-11 18:28:14,41.2,73.2,121.14582391493056,44.059701492537314,41.995024875621894
647,2020-06-11 18:28:35,2020-06-11 19:01:55,73.6,97.2,126.0034333804143,45.0,43.0
648,2020-06-15 08:29:47,2020-06-15 08:55:17,4.8,28.8,123.73727048611114,29.194805194805195,28.31168831168831
649,2020-06-15 08:55:38,2020-06-15 09:25:58,29.2,58.4,120.97127673135466,32.16393442622951,31.2896174863388
650,2020-06-15 09:26:19,2020-06-15 09:56:49,58.4,87.2,123.32707286844138,34.96739130434783,34.005434782608695
651,2020-06-15 09:57:10,2020-06-15 10:15:10,87.6,97.6,133.00279152777776,36.0,35.0
652,2020-06-15 16:02:20,2020-06-15 16:31:50,52.8,72.0,128.3102107928241,37.949438202247194,35.08988764044944
653,2020-06-15 16:32:11,2020-06-15 17:01:11,72.0,91.2,125.38486313657408,38.0,36.0
654,2020-06-16 13:29:05,2020-06-16 13:56:25,18.8,44.4,124.302850640191,37.82424242424243,35.96969696969697
655,2020-06-16 13:56:46,2020-06-16 14:28:16,44.8,75.2,120.58527398574563,40.626315789473686,38.747368421052634
656,2020-06-16 14:28:37,2020-06-16 14:49:07,75.6,92.0,126.33298941395658,41.483870967741936,40.0
657,2020-06-17 13:10:02,2020-06-17 13:41:52,18.8,48.8,123.66711745370371,35.65625,34.291666666666664
658,2020-06-17 13:42:13,2020-06-17 14:15:13,49.2,80.8,121.67149186884669,38.8643216080402,37.527638190954775
659,2020-06-17 14:15:34,2020-06-17 14:41:24,81.2,97.6,127.87770333672093,40.0,38.0
660,2020-06-18 01:24:42,2020-06-18 02:10:49,24.0,67.2,124.66468547453702,35.784946236559136,33.66308243727599
661,2020-06-18 11:48:31,2020-06-18 12:20:31,56.8,86.4,126.96930766704202,37.005181347150256,35.19170984455958
662,2020-06-18 12:20:52,2020-06-18 12:38:42,86.8,97.6,131.65638618827165,38.0,36.0
663,2020-06-19 00:35:09,2020-06-19 01:02:59,28.0,54.4,122.98874258207071,37.82142857142857,36.089285714285715
664,2020-06-19 01:03:20,2020-06-19 01:35:50,54.8,85.2,124.72359589729531,40.357142857142854,38.525510204081634
665,2020-06-19 04:35:47,2020-06-19 04:56:57,61.2,80.4,127.76259324363429,40.0078125,37.3203125
666,2020-06-19 04:57:18,2020-06-19 05:21:38,80.8,97.6,129.17411574074075,41.0,38.0
667,2020-06-19 15:18:59,2020-06-19 16:33:50,20.0,80.0,124.57361859259257,42.211743772241995,40.695729537366546
668,2020-06-20 07:48:43,2020-06-20 08:54:54,50.4,97.6,128.4818544991761,35.58148893360161,34.06841046277666
669,2020-06-21 06:48:07,2020-06-21 08:45:08,8.0,97.6,123.34346519562251,36.55580865603645,35.30523917995444
670,2020-06-21 16:08:07,2020-06-21 16:58:41,41.2,81.2,126.26149656597224,41.89736842105263,40.294736842105266
671,2020-06-21 21:40:39,2020-06-21 22:48:26,48.0,97.6,127.79095135248657,41.721021611001966,39.475442043222
672,2020-06-22 03:11:23,2020-06-22 03:35:43,57.6,79.6,129.10227878787884,39.89795918367347,36.8843537414966
673,2020-06-22 03:36:04,2020-06-22 04:02:24,80.0,97.6,128.76263841540404,40.0,37.08125
674,2020-06-22 11:28:58,2020-06-22 11:59:08,22.8,41.6,121.79893624408982,38.994505494505496,37.2032967032967
675,2020-06-22 11:59:29,2020-06-22 12:29:59,41.6,60.4,119.89436672576839,40.73913043478261,39.21195652173913
676,2020-06-22 12:30:20,2020-06-22 13:01:20,60.8,78.4,124.6622686237373,42.0,40.0
677,2020-06-22 13:01:41,2020-06-22 13:25:46,78.4,91.2,128.37295860460074,42.0,40.465753424657535
678,2020-06-22 22:57:38,2020-06-22 23:16:38,17.2,23.6,126.17404535590275,38.0,36.0
679,2020-06-22 23:16:59,2020-06-22 23:44:19,24.0,33.2,126.26811594202896,38.31515151515151,36.193939393939395
680,2020-06-22 23:44:40,2020-06-23 00:12:40,33.6,43.2,123.95833333333333,39.0,37.0
681,2020-06-23 00:13:01,2020-06-23 00:46:41,43.2,55.6,115.38978494623657,39.86699507389162,37.95073891625616
682,2020-06-23 00:47:02,2020-06-23 01:14:12,55.6,64.8,125.49818840579714,40.0,38.0
683,2020-06-23 01:14:33,2020-06-23 01:45:03,65.2,75.2,129.625,40.0,38.0
684,2020-06-23 01:45:24,2020-06-23 02:19:14,75.6,86.8,128.38541666666663,40.0,38.0
685,2020-06-23 02:19:35,2020-06-23 02:46:35,86.8,95.6,130.3977272727273,40.0,38.0
686,2020-06-23 15:25:41,2020-06-23 15:45:21,48.4,66.8,125.96771331521744,43.50420168067227,41.94957983193277
687,2020-06-23 15:45:42,2020-06-23 16:04:02,66.8,83.6,124.2733384589948,44.36036036036036,43.0
688,2020-06-23 23:18:15,2020-06-24 00:31:30,26.4,84.8,125.17889480117962,41.99272727272727,39.525454545454544
689,2020-06-24 03:39:14,2020-06-24 04:06:44,63.2,88.4,128.03240321869487,40.993975903614455,38.19277108433735
690,2020-06-24 12:21:08,2020-06-24 12:51:08,26.0,44.4,121.87577573973431,37.71270718232044,35.6353591160221
691,2020-06-24 12:51:29,2020-06-24 13:22:59,44.8,63.6,121.54183798758862,39.636842105263156,37.66315789473684
692,2020-06-24 13:23:20,2020-06-24 13:52:30,63.6,79.6,126.77606067708341,40.41477272727273,38.69318181818182
693,2020-06-24 13:52:51,2020-06-24 14:27:11,80.0,97.6,130.07893702651518,41.0,39.0
694,2020-06-24 19:39:22,2020-06-24 20:03:52,22.8,39.6,122.11643667328043,42.472972972972975,40.13513513513514
695,2020-06-24 20:04:13,2020-06-24 20:34:43,39.6,60.8,120.44552424004196,44.15217391304348,41.84239130434783
696,2020-06-24 20:35:04,2020-06-24 21:07:24,61.2,82.4,127.70836910377359,45.0,43.0
697,2020-06-24 21:07:45,2020-06-24 21:29:35,82.4,95.6,130.0410663930978,45.0,43.0
698,2020-06-25 03:50:40,2020-06-25 04:25:20,19.2,38.0,122.93144208037825,39.39234449760765,36.41626794258373
699,2020-06-25 04:25:41,2020-06-25 04:54:01,38.4,54.0,121.08262108262107,40.619883040935676,37.760233918128655
700,2020-06-25 04:54:22,2020-06-25 05:28:42,54.4,72.8,124.39613526570051,41.0,38.45410628019324
701,2020-06-25 05:29:03,2020-06-25 05:59:03,73.2,88.8,128.20334740028494,41.0,38.0
702,2020-06-25 05:59:24,2020-06-25 06:16:34,88.8,97.6,130.0505050505051,41.0,38.0
703,2020-06-25 15:30:37,2020-06-25 15:58:07,22.8,43.6,121.01427210202993,37.66867469879518,35.234939759036145
704,2020-06-25 15:58:28,2020-06-25 16:41:14,43.6,75.6,122.3015424826389,40.236434108527135,38.201550387596896
705,2020-06-25 16:41:35,2020-06-25 17:10:25,75.6,95.2,126.85231831065755,41.0,39.0
706,2020-06-26 01:26:37,2020-06-26 01:53:37,38.4,53.2,121.30252665165162,34.484662576687114,31.70552147239264
707,2020-06-26 01:53:58,2020-06-26 02:26:58,53.2,70.8,124.66537941919198,35.80402010050251,33.0
708,2020-06-26 02:27:19,2020-06-26 02:59:19,71.2,87.6,129.70357401761524,36.0,33.47150259067357
709,2020-06-26 02:59:40,2020-06-26 03:18:40,88.0,97.6,131.5292171585649,36.0,34.0
710,2020-06-26 16:41:06,2020-06-26 17:10:16,27.2,49.2,121.6894093434343,40.89772727272727,39.625
711,2020-06-26 17:10:37,2020-06-26 17:41:07,49.2,72.0,122.74672191764135,42.82608695652174,41.61413043478261
712,2020-06-26 17:41:28,2020-06-26 18:00:08,72.0,85.6,125.96406535947717,43.35398230088496,42.0
713,2020-06-27 00:02:56,2020-06-27 00:22:26,16.8,35.6,121.53224408983452,40.52542372881356,37.54237288135593
714,2020-06-27 00:22:47,2020-06-27 00:53:27,35.6,65.2,121.39267605105111,43.08108108108108,39.983783783783785
715,2020-06-27 00:53:48,2020-06-27 01:21:18,65.6,88.8,127.44913356082375,44.5722891566265,41.0
716,2020-06-27 11:23:40,2020-06-27 11:46:30,57.2,78.4,125.81172654612158,38.95652173913044,37.2536231884058
717,2020-06-27 21:23:08,2020-06-27 21:56:18,12.4,44.4,121.41191835937502,40.57,38.605
718,2020-06-27 21:56:39,2020-06-27 22:23:29,44.4,70.4,120.92630363247862,43.592592592592595,41.60493827160494
719,2020-06-27 22:23:50,2020-06-27 22:53:10,70.4,92.8,125.94248487103181,44.87570621468927,42.92090395480226
720,2020-06-28 13:43:13,2020-06-28 14:16:03,10.0,39.2,121.69233951674275,39.64141414141414,38.31818181818182
721,2020-06-28 14:16:24,2020-06-28 14:50:14,39.6,69.2,123.67631864677176,42.877450980392155,41.34313725490196
722,2020-06-28 14:50:35,2020-06-28 15:14:05,69.6,89.2,126.39667552437639,44.0,42.88732394366197
723,2020-06-28 20:14:30,2020-06-28 20:49:23,56.4,82.4,127.03500111111109,43.39163498098859,41.09885931558935
724,2020-06-29 19:42:30,2020-06-29 19:59:00,16.8,33.6,121.20784515542329,38.7,37.52
725,2020-06-29 20:26:42,2020-06-29 20:59:02,58.8,89.2,124.43394302814328,43.00512820512821,41.86666666666667
726,2020-06-29 20:59:23,2020-06-29 21:16:13,89.2,97.6,123.83765674603188,43.0,42.0
727,2020-06-30 13:56:49,2020-06-30 14:29:39,30.4,61.6,122.59838911146726,41.30808080808081,39.74747474747475
728,2020-06-30 14:30:00,2020-06-30 15:00:20,62.0,89.2,126.82854345383984,43.612021857923494,41.97267759562842
729,2020-06-30 21:30:46,2020-06-30 22:01:16,37.6,56.4,122.22003331855792,41.54347826086956,39.21195652173913
730,2020-06-30 22:01:37,2020-06-30 22:32:37,56.4,74.8,126.92031793478264,42.962566844919785,40.38502673796791
731,2020-06-30 22:32:58,2020-06-30 22:57:08,75.2,89.2,130.03971130952385,43.0,41.0
732,2020-07-01 13:09:39,2020-07-01 14:52:15,1.6,84.8,123.32104462306357,42.94155844155844,40.93766233766234
733,2020-07-01 22:52:31,2020-07-01 23:13:21,2.4,22.8,119.42607843137259,40.44444444444444,38.0
734,2020-07-01 23:13:42,2020-07-01 23:43:22,23.2,51.2,123.82342559523809,42.01117318435754,39.502793296089386
735,2020-07-01 23:43:43,2020-07-02 00:14:23,51.6,80.4,123.90385204475307,44.58378378378379,41.891891891891895
736,2020-07-02 00:14:44,2020-07-02 00:38:54,80.8,96.4,127.29701994301989,45.0,42.205479452054796
737,2020-07-02 06:59:24,2020-07-02 07:34:24,23.2,36.4,121.42571296296299,38.0,34.0
738,2020-07-02 07:34:45,2020-07-02 08:32:04,36.4,58.4,118.25567784090909,38.27745664739884,34.6878612716763
739,2020-07-02 08:32:25,2020-07-02 08:59:45,58.4,68.4,125.28333041666657,38.4,35.0
740,2020-07-02 09:00:06,2020-07-02 09:28:46,68.8,79.2,124.34027190170936,38.0,35.0
741,2020-07-02 09:29:07,2020-07-02 09:58:27,79.2,89.6,128.8995719818377,38.0,35.0
742,2020-07-02 09:58:48,2020-07-02 10:21:58,89.6,97.6,132.624996875,37.75714285714286,34.94285714285714
743,2020-07-02 16:08:17,2020-07-02 16:27:17,15.6,34.0,120.36307616243967,38.65217391304348,35.51304347826087
744,2020-07-02 16:27:38,2020-07-02 16:58:18,34.4,63.6,122.436743293379,41.34594594594594,38.30810810810811
745,2020-07-02 16:58:39,2020-07-02 17:15:59,64.0,80.4,123.22239540989158,43.0,40.0
746,2020-07-03 03:44:25,2020-07-03 05:17:33,16.8,92.0,121.70935472074468,37.78111587982833,35.712446351931334
747,2020-07-03 15:29:34,2020-07-03 16:51:05,16.0,82.8,122.19497659056888,36.802287581699346,34.13398692810458
748,2020-07-03 22:46:32,2020-07-03 23:08:42,34.8,48.4,122.59296027369282,36.16417910447761,33.43283582089552
749,2020-07-03 23:09:43,2020-07-03 23:42:13,48.8,68.4,124.88310586734693,37.45918367346939,34.80612244897959
750,2020-07-03 23:42:34,2020-07-04 00:12:24,68.8,86.4,127.69415703914136,38.0,35.0
751,2020-07-04 00:12:45,2020-07-04 00:31:55,86.4,97.6,128.50821304563507,38.0,35.0
752,2020-07-04 06:27:21,2020-07-04 06:52:41,50.4,73.6,127.54251957614946,36.63398692810458,33.849673202614376
753,2020-07-04 06:53:02,2020-07-04 07:24:22,74.0,97.2,128.15733201628353,37.83068783068783,35.0
754,2020-07-04 15:56:20,2020-07-04 16:27:00,57.2,85.6,128.55486135563382,36.07027027027027,33.729729729729726
755,2020-07-05 00:49:04,2020-07-05 01:07:54,16.4,34.4,122.0871986111111,36.48245614035088,33.973684210526315
756,2020-07-05 01:08:15,2020-07-05 01:41:55,34.8,67.2,121.24700497256515,39.17733990147783,36.77339901477833
757,2020-07-05 05:45:48,2020-07-05 06:09:28,81.2,97.6,130.00002532181577,38.0,35.05594405594405
758,2020-07-05 16:48:52,2020-07-05 17:19:52,16.4,35.2,123.30084101654843,36.88770053475936,35.331550802139034
759,2020-07-05 17:20:13,2020-07-05 17:49:43,35.6,53.6,122.61189081790123,38.78089887640449,37.09550561797753
760,2020-07-05 17:50:04,2020-07-05 18:19:24,54.0,72.0,121.85649598765434,40.0,38.19774011299435
761,2020-07-05 18:19:45,2020-07-05 18:53:55,72.0,92.4,125.20766292211324,40.689320388349515,39.0
762,2020-07-06 12:55:39,2020-07-06 13:16:49,17.6,37.6,123.55000749999998,36.3515625,34.7109375
763,2020-07-06 13:17:10,2020-07-06 13:51:24,38.0,71.2,120.28530664323964,39.594202898550726,37.97584541062802
764,2020-07-06 13:51:45,2020-07-06 14:21:15,71.6,94.8,126.02070887212642,41.49438202247191,39.81460674157304
765,2020-07-06 19:03:05,2020-07-06 19:29:35,48.0,65.6,127.05494933712124,42.60625,40.31875
766,2020-07-06 19:29:56,2020-07-06 20:00:56,66.0,86.4,128.2986364379085,43.0,41.0
767,2020-07-06 20:01:17,2020-07-06 20:17:57,86.4,96.8,127.17415371260697,43.0,41.0
768,2020-07-07 03:07:13,2020-07-07 03:27:23,26.8,46.0,123.37746346932875,39.442622950819676,36.368852459016395
769,2020-07-07 03:27:44,2020-07-07 03:55:54,46.4,73.2,123.57950709991705,41.6,38.53529411764706
770,2020-07-07 03:56:15,2020-07-07 04:27:45,73.2,97.2,128.54574334490744,42.247368421052634,39.0
771,2020-07-07 07:45:13,2020-07-07 08:13:53,77.2,97.6,127.83906958061007,40.1849710982659,37.0
772,2020-07-07 22:34:35,2020-07-07 23:01:45,16.0,33.6,119.52101010101008,37.298780487804876,35.6890243902439
773,2020-07-07 23:02:06,2020-07-07 23:32:44,33.6,52.8,121.26940594618058,39.03763440860215,37.586021505376344
774,2020-07-07 23:33:05,2020-07-08 00:02:45,52.8,70.8,120.35572847222222,40.564245810055866,39.0
775,2020-07-08 00:03:06,2020-07-08 00:31:36,70.8,86.8,125.04081805555558,41.0,39.0
776,2020-07-08 08:14:13,2020-07-08 08:41:53,38.4,64.0,124.16557535807293,37.98802395209581,35.532934131736525
777,2020-07-08 08:42:14,2020-07-08 09:10:24,64.4,89.2,126.50592366711469,39.45882352941177,37.0
778,2020-07-08 20:12:53,2020-07-08 20:34:33,28.8,49.2,123.97399870642698,39.656488549618324,37.656488549618324
779,2020-07-08 20:34:54,2020-07-08 20:58:34,49.6,71.6,125.6477415404041,41.72727272727273,39.66433566433567
780,2020-07-08 20:58:55,2020-07-08 21:28:45,72.0,95.6,126.21587252824864,42.78888888888889,40.0
781,2020-07-09 14:42:26,2020-07-09 15:48:13,32.8,85.2,125.38603246395247,39.544534412955464,38.26518218623482
782,2020-07-10 00:09:38,2020-07-10 00:36:48,43.6,60.8,120.0226345284238,39.73170731707317,37.53658536585366
783,2020-07-10 01:09:25,2020-07-10 01:37:10,80.8,97.2,128.58911949525742,40.0,38.0
784,2020-07-10 15:36:31,2020-07-10 15:50:39,26.0,37.6,121.47223553639846,39.0,36.58878504672897
785,2020-07-10 16:19:12,2020-07-10 16:42:33,37.6,56.4,123.15700030289601,40.01704545454545,38.09659090909091
786,2020-07-10 16:52:18,2020-07-10 17:08:26,56.4,68.8,124.81273494623657,41.0,39.0
787,2020-07-10 17:21:23,2020-07-10 18:03:17,68.4,96.8,127.06647504401411,41.58412698412698,39.68888888888889
788,2020-07-11 15:12:12,2020-07-11 15:46:42,32.8,65.2,123.14127837791492,42.5625,40.91346153846154
789,2020-07-11 15:47:03,2020-07-11 16:07:03,65.6,83.6,128.11572785493829,44.45454545454545,43.0
790,2020-07-12 10:49:21,2020-07-12 11:09:11,21.6,39.2,131.45912555239897,33.916666666666664,33.141666666666666
791,2020-07-12 11:09:32,2020-07-12 11:41:12,39.6,70.4,119.78941292388168,37.068062827225134,36.397905759162306
792,2020-07-12 11:41:33,2020-07-12 12:01:23,70.8,88.4,124.24795478219697,38.825,38.03333333333333
793,2020-07-12 21:59:49,2020-07-12 22:22:59,11.6,28.0,118.75422044376695,40.0,38.0
794,2020-07-12 22:23:20,2020-07-12 22:53:20,28.0,48.8,121.19656143162396,41.353591160220994,38.70165745856354
795,2020-07-12 22:53:41,2020-07-12 23:25:01,48.8,70.8,119.65717531565656,42.91005291005291,40.0
796,2020-07-12 23:56:33,2020-07-13 00:22:13,81.6,97.6,130.00955651041667,42.0,39.0
797,2020-07-13 06:12:22,2020-07-13 06:41:42,8.8,28.8,121.97775333333331,41.344632768361585,38.0
798,2020-07-13 06:42:03,2020-07-13 07:11:53,29.2,49.6,121.62443096405227,42.57222222222222,39.27777777777778
799,2020-07-13 07:12:14,2020-07-13 07:43:34,49.6,70.8,122.91926257861634,44.0,40.93650793650794
800,2020-07-13 07:43:55,2020-07-13 08:16:25,71.2,91.6,129.2327034994554,44.86224489795919,41.85204081632653
801,2020-07-13 17:27:32,2020-07-13 18:00:42,20.8,52.4,121.70885526547117,45.555,43.755
802,2020-07-13 18:01:03,2020-07-13 18:35:03,52.8,84.0,126.08306249999998,48.517073170731706,46.62439024390244
803,2020-07-13 18:35:24,2020-07-13 18:58:14,84.4,97.6,131.32469465488228,49.0,47.0
804,2020-07-14 02:04:07,2020-07-14 03:20:18,18.4,88.0,123.75780589878671,43.88461538461539,40.79195804195804
805,2020-07-14 10:03:00,2020-07-14 10:44:13,49.6,87.2,127.75040878767732,41.325806451612905,38.44838709677419
806,2020-07-14 10:47:25,2020-07-14 11:08:38,86.8,97.6,127.94729483024693,41.95,39.0
807,2020-07-14 15:01:36,2020-07-14 15:18:16,63.2,78.4,128.20634155701754,43.9009900990099,42.24752475247525
808,2020-07-14 15:29:47,2020-07-14 15:54:27,78.8,97.6,122.21706390366431,44.15436241610738,42.939597315436245
809,2020-07-14 23:39:03,2020-07-14 23:58:53,42.0,60.4,125.8439091183575,42.208333333333336,39.833333333333336
810,2020-07-15 00:33:55,2020-07-15 01:00:05,60.0,84.0,127.25058315972223,42.48101265822785,40.10126582278481
811,2020-07-15 07:00:07,2020-07-15 07:24:27,34.0,48.8,123.59143130630636,39.45578231292517,36.57823129251701
812,2020-07-15 07:24:48,2020-07-15 07:52:28,49.2,65.6,126.80558367208678,40.76646706586826,37.91616766467066
813,2020-07-15 07:52:49,2020-07-15 08:17:09,66.0,80.4,127.01777507716045,41.0,38.3469387755102
814,2020-07-15 08:17:30,2020-07-15 08:46:50,80.4,97.6,128.19124289405696,41.0,39.0
815,2020-07-15 23:47:04,2020-07-16 00:17:24,28.8,45.2,123.2791300813008,39.46994535519126,37.5792349726776
816,2020-07-16 00:17:45,2020-07-16 00:48:55,45.6,62.4,123.60697048611114,40.76063829787234,38.82446808510638
817,2020-07-16 00:49:16,2020-07-16 01:16:46,62.4,77.2,123.81380780780775,41.0,39.0
818,2020-07-16 01:17:07,2020-07-16 01:43:47,77.2,91.2,126.90078531746032,41.0,39.0
819,2020-07-16 07:13:30,2020-07-16 07:41:20,64.0,80.4,127.86164845867205,37.976190476190474,35.0
820,2020-07-16 07:41:41,2020-07-16 08:08:51,80.4,96.4,127.91495937500004,38.0,35.0
821,2020-07-16 21:46:21,2020-07-16 22:18:01,63.2,91.6,124.28452689749614,39.79057591623037,37.86387434554974
822,2020-07-17 03:00:49,2020-07-17 03:30:09,52.0,79.2,125.86857133374181,40.61581920903955,37.86440677966102
823,2020-07-17 03:30:30,2020-07-17 03:57:20,79.2,97.6,128.256337107488,41.03086419753087,39.0
824,2020-07-17 14:58:22,2020-07-17 15:26:52,56.0,82.0,128.6719963675214,42.71511627906977,41.36046511627907
825,2020-07-17 15:27:13,2020-07-17 15:45:13,82.4,94.8,124.53406765232984,43.54128440366973,42.0
826,2020-07-18 16:00:08,2020-07-18 16:25:36,18.8,34.0,127.33336125730996,39.38961038961039,38.0974025974026
827,2020-07-18 16:25:57,2020-07-18 16:56:07,34.4,53.6,119.33812666377315,41.21978021978022,40.01648351648352
828,2020-07-18 16:56:28,2020-07-18 17:27:18,54.0,73.6,119.48343714569165,42.623655913978496,41.075268817204304
829,2020-07-18 17:27:39,2020-07-18 17:50:49,74.0,88.0,125.75201071428575,43.0,42.0
830,2020-07-19 01:43:03,2020-07-19 02:10:43,26.8,53.2,122.38532123316497,38.58083832335329,35.778443113772454
831,2020-07-19 02:11:04,2020-07-19 02:44:14,53.6,84.0,127.44016228070181,41.29,38.635
832,2020-07-19 02:44:35,2020-07-19 03:04:45,84.4,97.6,128.93730176767687,42.0,39.0
833,2020-07-19 13:49:07,2020-07-19 15:05:27,27.6,94.8,125.7667783254795,41.43979057591623,39.645724258289704
834,2020-07-20 00:04:45,2020-07-20 00:41:51,50.8,84.8,127.31638346813725,40.13978494623656,37.87455197132616
835,2020-07-20 02:46:55,2020-07-20 03:08:35,62.8,82.4,129.54154995748297,40.87786259541985,38.152671755725194
836,2020-07-20 03:08:56,2020-07-20 03:31:16,82.8,97.6,129.15355489864874,41.007407407407406,39.0
837,2020-07-20 16:17:31,2020-07-20 16:37:11,61.2,79.2,128.30786319444445,43.66386554621849,42.747899159663866
838,2020-07-20 16:56:12,2020-07-20 17:14:32,79.6,95.6,106.15365703124996,44.26126126126126,43.369369369369366
839,2020-07-21 02:30:55,2020-07-21 02:56:35,22.8,47.6,120.71517041890681,39.0,36.25806451612903
840,2020-07-21 02:56:56,2020-07-21 03:25:26,48.0,74.8,124.03503679519075,41.58720930232558,38.75581395348837
841,2020-07-21 03:25:47,2020-07-21 03:51:37,75.2,94.8,129.2517108843538,42.58974358974359,39.955128205128204
842,2020-07-21 14:02:44,2020-07-21 14:21:04,34.8,52.0,124.50178666020673,37.945945945945944,35.44144144144144
843,2020-07-21 14:21:25,2020-07-21 14:51:15,52.4,80.0,126.21629438405797,39.75555555555555,37.58888888888889
844,2020-07-21 14:51:36,2020-07-21 15:18:46,80.4,97.6,128.2138410852714,40.23170731707317,38.0
845,2020-07-22 11:47:41,2020-07-22 12:04:51,26.0,42.0,125.23698663194445,36.60576923076923,34.94230769230769
846,2020-07-22 12:05:12,2020-07-22 12:36:52,42.4,72.4,123.04120662037035,39.24083769633508,37.7434554973822
847,2020-07-22 12:37:13,2020-07-22 13:07:53,72.4,96.0,127.17279943502828,40.61081081081081,39.0
848,2020-07-22 22:32:23,2020-07-22 22:54:23,17.2,38.0,123.65385970886753,39.41353383458647,37.21804511278196
849,2020-07-22 22:54:44,2020-07-22 23:20:14,38.4,62.8,122.06968351548271,41.857142857142854,39.27922077922078
850,2020-07-23 13:26:18,2020-07-23 13:45:48,52.4,70.8,125.18644376509663,40.00847457627118,38.6271186440678
851,2020-07-23 13:46:09,2020-07-23 14:19:19,71.2,96.8,129.29851774088542,41.65,40.46
852,2020-07-23 22:48:56,2020-07-23 23:18:26,62.8,81.2,128.28502657004827,40.0,38.0
853,2020-07-23 23:18:47,2020-07-23 23:45:37,81.6,97.6,129.68575850694444,40.0,38.0
854,2020-07-24 11:31:14,2020-07-24 11:47:44,16.4,32.4,121.85937439236115,38.31,36.45
855,2020-07-24 11:48:05,2020-07-24 12:15:45,32.8,60.0,120.38194628267973,41.041916167664674,39.24550898203593
856,2020-07-24 12:16:06,2020-07-24 12:46:36,60.4,88.8,123.25362817879497,43.483695652173914,41.619565217391305
857,2020-07-24 12:46:57,2020-07-24 13:03:37,88.8,97.6,126.45520186237383,44.0,42.0
858,2020-07-24 18:38:00,2020-07-24 19:05:00,61.6,75.6,128.45633769841274,43.0,41.26993865030675
859,2020-07-24 19:05:21,2020-07-24 19:39:21,75.6,93.2,128.6497652304292,43.0,41.0
860,2020-07-25 17:29:44,2020-07-25 19:11:33,10.0,97.6,123.82419183314309,44.582460732984295,42.85602094240838
861,2020-07-26 15:06:33,2020-07-26 15:46:24,37.2,74.8,123.65174471778961,43.15767634854772,41.58091286307054
862,2020-07-26 15:46:45,2020-07-26 16:12:55,74.8,93.6,126.61273034869977,45.0,43.0
863,2020-07-27 00:59:32,2020-07-27 01:19:22,8.0,27.2,120.50998213252315,40.88333333333333,38.083333333333336
864,2020-07-27 01:19:43,2020-07-27 01:49:03,27.6,55.6,122.21825357142858,42.779661016949156,40.29943502824859
865,2020-07-27 01:49:24,2020-07-27 02:20:24,56.0,84.8,121.63724956597224,45.01069518716577,42.64705882352941
866,2020-07-27 14:31:26,2020-07-27 15:01:26,42.4,70.4,125.90079444444441,41.447513812154696,40.09944751381215
867,2020-07-27 15:01:47,2020-07-27 15:22:07,70.8,88.8,128.53009992283953,43.048780487804876,41.80487804878049
868,2020-07-27 23:17:28,2020-07-27 23:48:18,40.4,69.2,124.75501813271606,41.274193548387096,39.354838709677416
869,2020-07-27 23:48:39,2020-07-28 00:17:29,69.6,93.2,126.83734557438792,42.6551724137931,40.804597701149426
870,2020-07-28 23:27:39,2020-07-28 23:56:59,22.0,50.0,122.06647053571429,38.03389830508475,36.3954802259887
871,2020-07-29 00:12:26,2020-07-29 00:38:46,64.4,88.4,125.98727638888892,41.861635220125784,40.15094339622642
872,2020-07-29 07:02:27,2020-07-29 07:35:37,54.0,73.6,127.48089590419507,39.0,36.565
873,2020-07-29 07:35:58,2020-07-29 08:07:58,73.6,92.8,125.57583998842594,39.0,37.0
874,2020-07-29 19:46:00,2020-07-29 20:15:50,38.4,56.4,124.5949350308642,40.83888888888889,39.56111111111111
875,2020-07-29 20:49:12,2020-07-29 21:19:02,69.2,86.8,127.4148009785354,41.0,40.0
876,2020-07-29 21:19:23,2020-07-29 21:37:53,86.8,97.6,128.75774459876544,41.0,40.0
877,2020-07-30 06:06:12,2020-07-30 06:38:12,43.2,72.8,126.20449357169672,37.83419689119171,35.25388601036269
878,2020-07-30 06:38:33,2020-07-30 07:05:33,73.2,94.4,127.01522353249477,39.04294478527607,36.98159509202454
879,2020-07-30 19:11:32,2020-07-30 19:28:22,8.400001,13.6,121.59459469767849,39.950980392156865,37.84313725490196
880,2020-07-30 19:28:43,2020-07-30 20:00:33,13.6,23.6,119.37499999999999,39.0,37.0
881,2020-07-30 20:00:54,2020-07-30 20:28:34,23.6,32.0,123.51190476190479,39.0,37.0
882,2020-07-30 20:28:55,2020-07-30 20:57:45,32.0,40.8,122.86931818181823,39.0,37.0
883,2020-07-30 20:58:06,2020-07-30 21:28:26,40.8,50.8,113.75,39.0,37.0
884,2020-07-30 21:28:47,2020-07-30 21:57:17,50.8,60.8,106.87777805555557,39.0,37.0
885,2020-07-30 21:57:38,2020-07-30 22:26:58,60.8,70.0,119.5652173913043,38.32203389830509,36.25423728813559
886,2020-07-30 22:27:19,2020-07-30 22:58:39,70.0,79.6,122.39583333333341,38.0,36.0
887,2020-07-30 22:59:00,2020-07-30 23:28:40,79.6,88.4,126.42045454545439,37.23463687150838,35.21787709497207
888,2020-07-30 23:29:01,2020-07-30 23:59:31,88.8,97.6,129.98737531565658,37.0,35.0
889,2020-07-31 06:28:44,2020-07-31 06:57:44,54.0,71.2,127.01553197674417,36.0,34.0
890,2020-07-31 06:58:05,2020-07-31 07:26:15,71.2,88.0,126.30293799603179,36.01176470588236,34.870588235294115
891,2020-07-31 07:26:36,2020-07-31 07:45:36,88.0,97.6,128.81658058449085,36.834782608695654,35.0
892,2020-07-31 15:21:53,2020-07-31 15:52:23,48.4,64.4,126.94356241319437,35.89673913043478,34.42391304347826
893,2020-07-31 15:52:44,2020-07-31 16:18:44,64.4,78.0,127.22117800245103,36.605095541401276,35.0
894,2020-08-01 00:25:01,2020-08-01 00:57:11,36.0,54.0,119.1358024691358,35.47422680412371,33.58762886597938
895,2020-08-01 00:57:32,2020-08-01 01:32:22,54.0,72.4,126.207729468599,36.75238095238095,34.98571428571429
896,2020-08-01 01:32:43,2020-08-01 02:01:53,72.8,88.0,127.92214894005845,37.0,35.0
897,2020-08-01 02:02:14,2020-08-01 02:20:44,88.0,97.6,128.4751160300927,37.0,35.0
898,2020-08-01 11:54:16,2020-08-01 12:12:46,36.4,54.0,122.76279679608591,34.339285714285715,32.794642857142854
899,2020-08-01 12:13:07,2020-08-01 12:35:32,54.4,75.2,126.04769424412392,36.411764705882355,34.75
900,2020-08-01 12:35:53,2020-08-01 13:08:13,75.2,97.6,127.15218353174609,37.287179487179486,35.84102564102564
901,2020-08-01 16:19:31,2020-08-01 16:41:21,82.0,94.8,127.92968750000003,36.0,33.0
902,2020-08-01 20:14:40,2020-08-01 20:42:10,66.4,90.0,128.76119515065915,34.78313253012048,32.28313253012048
903,2020-08-02 15:29:50,2020-08-02 15:58:40,48.4,67.2,127.39068469267136,34.64942528735632,33.41954022988506
904,2020-08-02 16:44:02,2020-08-02 17:03:22,69.2,83.6,111.66375588348771,34.98290598290598,33.14529914529915
905,2020-08-02 17:03:43,2020-08-02 17:26:33,83.6,97.6,129.7490443452381,35.07971014492754,34.0
906,2020-08-03 00:30:18,2020-08-03 00:58:48,55.2,64.8,127.6563489583334,34.0,32.0
907,2020-08-03 00:59:09,2020-08-03 01:31:09,64.8,76.0,122.85723809523805,34.0,32.0
908,2020-08-03 01:31:30,2020-08-03 01:59:50,76.0,85.6,126.90982060185192,34.0,31.60233918128655
909,2020-08-03 02:00:11,2020-08-03 02:29:21,85.6,95.6,125.41676388888887,33.53409090909091,31.0
910,2020-08-03 07:58:04,2020-08-03 08:19:44,52.4,72.4,126.62085124999996,33.86259541984733,31.53435114503817
911,2020-08-03 08:20:05,2020-08-03 08:48:45,72.8,95.2,126.36843979414681,34.89017341040462,32.64739884393064
912,2020-08-03 19:15:22,2020-08-03 19:46:22,64.8,91.2,127.9414023042929,35.4331550802139,32.94117647058823
913,2020-08-04 02:56:06,2020-08-04 04:18:33,23.2,95.6,124.89421426104974,35.95315024232633,33.809369951534734
914,2020-08-04 06:39:35,2020-08-04 07:08:40,77.2,97.6,128.501986717048,36.95890410958904,34.0
915,2020-08-04 18:29:25,2020-08-04 19:44:31,20.4,90.0,123.57898637851214,37.554964539007095,36.2854609929078
916,2020-08-05 01:13:29,2020-08-05 01:59:23,50.8,91.2,126.39612624449946,37.43768115942029,34.6463768115942
917,2020-08-05 04:21:17,2020-08-05 04:42:57,84.4,97.6,129.0761651936028,38.0,35.0
918,2020-08-05 14:38:07,2020-08-05 15:03:57,40.0,55.6,124.63232799145298,32.544871794871796,30.192307692307693
919,2020-08-05 15:04:18,2020-08-05 15:33:08,56.0,72.8,129.29235664682543,33.92528735632184,31.78735632183908
920,2020-08-05 15:33:29,2020-08-05 16:03:59,73.2,91.2,127.64817638888888,34.608695652173914,32.63586956521739
921,2020-08-05 21:31:26,2020-08-05 21:57:58,70.0,92.4,125.18466030505951,32.93167701863354,30.40993788819876
922,2020-08-06 14:53:40,2020-08-06 15:26:00,32.8,64.0,121.9302155448718,38.646153846153844,37.194871794871794
923,2020-08-06 15:26:21,2020-08-06 15:48:51,64.4,85.2,127.31371995192309,41.036764705882355,39.56617647058823
924,2020-08-07 01:03:55,2020-08-07 01:29:05,20.0,43.6,124.57157886064032,37.276315789473685,34.973684210526315
925,2020-08-07 01:29:26,2020-08-07 01:56:46,44.0,70.0,122.789009241453,40.04848484848485,37.842424242424244
926,2020-08-07 01:57:07,2020-08-07 02:28:27,70.4,95.2,126.12624131944447,41.06878306878307,39.0
927,2020-08-07 12:26:28,2020-08-07 12:52:58,39.2,63.6,124.41087852914391,39.24375,37.39375
928,2020-08-07 12:53:19,2020-08-07 13:21:49,63.6,88.8,126.42638580246917,40.44186046511628,38.377906976744185
929,2020-08-07 13:22:10,2020-08-07 13:39:00,88.8,97.6,128.20239094065667,41.0,38.01960784313726
930,2020-08-08 02:37:08,2020-08-08 02:53:30,16.8,32.0,124.6067134137427,37.41,35.28
931,2020-08-08 02:53:51,2020-08-08 03:22:11,32.4,60.0,118.81591238929148,39.748538011695906,37.50877192982456
932,2020-08-08 03:22:32,2020-08-08 03:55:32,60.0,90.0,119.89443703703702,41.0,39.0
933,2020-08-08 13:29:31,2020-08-08 13:58:51,40.0,67.6,124.28494122383256,39.983050847457626,38.21468926553672
934,2020-08-08 13:59:12,2020-08-08 14:24:02,67.6,89.6,125.53600492424242,41.48,39.86666666666667
935,2020-08-09 11:26:01,2020-08-09 12:44:12,32.8,97.6,125.57639934842253,37.64565587734242,36.652470187393526
936,2020-08-09 18:49:10,2020-08-09 19:16:00,68.0,83.6,128.2817373575499,41.0,39.0
937,2020-08-10 14:24:46,2020-08-10 14:55:36,32.8,62.4,122.41178838213212,40.74731182795699,39.37096774193548
938,2020-08-10 14:55:57,2020-08-10 15:26:57,62.8,90.0,127.72467912581698,43.05882352941177,41.67914438502674
939,2020-08-11 05:55:24,2020-08-11 06:24:24,13.2,41.2,121.9707496031746,37.691428571428574,35.542857142857144
940,2020-08-11 06:24:45,2020-08-11 06:51:45,41.6,68.0,120.5150638152357,40.50306748466258,38.3680981595092
941,2020-08-11 06:52:06,2020-08-11 07:25:06,68.4,95.2,125.16429830016587,42.0,39.82914572864322
942,2020-08-11 18:45:23,2020-08-11 19:14:13,22.4,41.6,124.64414728009261,39.747126436781606,37.793103448275865
943,2020-08-11 19:14:34,2020-08-11 19:43:24,42.0,62.0,119.65838138888891,41.64367816091954,39.632183908045974
944,2020-08-11 19:43:45,2020-08-11 20:12:55,62.0,81.6,123.51195436507945,42.36931818181818,40.03409090909091
945,2020-08-11 20:13:16,2020-08-11 20:40:26,82.0,97.6,130.5636051460115,43.0,40.420731707317074
946,2020-08-12 18:24:37,2020-08-12 18:56:17,31.6,53.2,121.43778163580245,32.30890052356021,30.534031413612567
947,2020-08-12 18:56:38,2020-08-12 19:29:28,53.6,75.2,125.9118051697531,34.15151515151515,32.65151515151515
948,2020-08-12 19:29:49,2020-08-12 19:57:19,75.6,93.2,126.95868386994944,35.0,33.0
949,2020-08-13 05:24:12,2020-08-13 05:42:22,34.0,46.0,125.30673819444445,31.98181818181818,30.145454545454545
950,2020-08-13 05:42:43,2020-08-13 06:14:03,46.4,67.2,124.77566613247863,33.55555555555556,31.64021164021164
951,2020-08-13 06:14:24,2020-08-13 06:40:34,67.6,84.8,126.01585222868216,34.037974683544306,32.14556962025316
952,2020-08-13 06:40:55,2020-08-13 07:05:15,84.8,97.6,127.2157434895834,35.0,33.0
953,2020-08-13 21:19:37,2020-08-13 21:51:07,48.4,77.6,125.70251583904111,37.35263157894737,35.6578947368421
954,2020-08-14 14:48:24,2020-08-14 15:18:04,16.0,44.4,122.2745731611894,37.00558659217877,35.66480446927374
955,2020-08-14 15:18:25,2020-08-14 15:47:45,44.8,73.2,120.95513385172143,40.152542372881356,38.570621468926554
956,2020-08-14 15:48:26,2020-08-14 16:15:26,73.6,94.8,125.26601356132076,41.0920245398773,39.84049079754601
957,2020-08-14 23:12:23,2020-08-14 23:30:33,39.6,47.2,117.46347496345022,38.0,35.0
958,2020-08-14 23:30:54,2020-08-15 00:01:14,47.2,58.8,124.49594228927208,38.0,35.666666666666664
959,2020-08-15 00:01:35,2020-08-15 00:25:05,59.2,67.6,128.5069894179895,38.0,36.0
960,2020-08-15 03:38:49,2020-08-15 04:09:09,33.2,62.0,121.76408285108029,38.85245901639344,36.22950819672131
961,2020-08-15 04:09:30,2020-08-15 04:42:50,62.0,90.8,126.52054827353396,40.691542288557216,38.08955223880597
962,2020-08-15 16:47:56,2020-08-15 17:56:47,28.0,83.2,124.49142702043075,37.23791102514507,35.77562862669246
963,2020-08-16 00:37:55,2020-08-16 01:06:35,16.8,44.4,120.96769852053144,38.104046242774565,35.445086705202314
964,2020-08-16 01:22:39,2020-08-16 01:53:22,60.0,88.4,123.6698582404147,41.956989247311824,39.403225806451616
965,2020-08-16 10:59:58,2020-08-16 11:29:58,22.4,51.2,121.00599797453704,36.56353591160221,34.6243093922652
966,2020-08-16 11:30:19,2020-08-16 11:58:39,51.6,78.0,124.7085653409091,39.60233918128655,37.69005847953216
967,2020-08-16 11:59:00,2020-08-16 12:27:20,78.0,97.6,127.1024947562359,40.77777777777778,38.67836257309941
968,2020-08-16 21:23:21,2020-08-16 21:58:21,38.4,71.6,124.33612303380193,40.67298578199052,38.308056872037916
969,2020-08-16 21:58:42,2020-08-16 22:29:42,72.0,96.0,127.30036944444446,42.00534759358289,39.973262032085564
970,2020-08-17 07:13:42,2020-08-17 08:06:24,62.0,97.6,128.6400354127653,36.98737373737374,34.23989898989899
971,2020-08-17 17:18:00,2020-08-17 17:37:50,22.0,41.2,120.7385842013889,36.34166666666667,34.25833333333333
972,2020-08-17 17:38:11,2020-08-17 18:08:41,41.2,70.4,122.07002701674278,39.20652173913044,37.23913043478261
973,2020-08-17 18:09:02,2020-08-17 18:33:22,70.8,91.2,127.65660239651413,40.82993197278912,38.775510204081634
974,2020-08-18 12:08:41,2020-08-18 12:36:31,42.8,69.2,123.0166286826599,37.0,35.482142857142854
975,2020-08-18 12:36:52,2020-08-18 13:06:52,69.2,93.6,126.50615357468129,38.80110497237569,37.49171270718232
976,2020-08-18 21:05:17,2020-08-18 21:30:47,43.2,66.8,126.22470468455748,37.383116883116884,34.12337662337662
977,2020-08-18 21:31:08,2020-08-18 21:57:38,67.2,90.0,127.2721766569201,38.6,35.5125
978,2020-08-19 11:10:49,2020-08-19 11:38:09,75.2,95.6,129.27218702342057,29.98181818181818,28.581818181818182
979,2020-08-19 19:32:22,2020-08-19 20:02:12,46.8,74.8,125.70786820436513,32.22222222222222,30.35
980,2020-08-19 20:02:33,2020-08-19 20:33:23,75.2,97.2,126.21972316919195,33.274193548387096,31.881720430107528
981,2020-08-20 18:41:26,2020-08-20 19:05:56,14.4,38.4,119.80265480324073,36.391891891891895,34.71621621621622
982,2020-08-20 19:06:17,2020-08-20 19:36:07,38.4,68.0,118.35584881756756,39.28333333333333,37.66111111111111
983,2020-08-20 19:36:28,2020-08-20 20:07:28,68.0,94.0,121.7906047542735,40.93048128342246,39.0
984,2020-08-21 03:54:24,2020-08-21 04:19:04,39.6,62.8,125.0347328783525,36.18791946308725,33.758389261744966
985,2020-08-21 04:19:25,2020-08-21 04:50:55,62.8,90.4,125.93801992753619,37.94736842105263,35.694736842105264
986,2020-08-21 17:51:52,2020-08-21 18:24:12,34.4,65.2,123.01138861832612,41.194871794871794,39.58461538461538
987,2020-08-21 18:24:33,2020-08-21 18:53:13,65.6,90.8,125.25023363095238,43.052023121387286,41.664739884393065
988,2020-08-22 03:42:01,2020-08-22 04:17:31,26.4,60.8,120.93832776162792,40.49065420560748,37.45794392523364
989,2020-08-22 04:17:52,2020-08-22 04:48:42,61.2,89.2,125.61807162698415,42.854838709677416,39.553763440860216
990,2020-08-22 18:40:31,2020-08-22 19:03:51,17.6,40.0,122.498150359623,38.354609929078016,36.88652482269504
991,2020-08-22 19:04:12,2020-08-22 19:32:22,40.4,67.6,121.82395261437912,40.96491228070175,39.111111111111114
992,2020-08-22 19:32:43,2020-08-22 20:00:33,68.0,91.6,127.04273893596994,42.101190476190474,40.0
993,2020-08-23 04:27:13,2020-08-23 04:55:33,53.6,70.4,126.48809523809521,35.0,32.76608187134503
994,2020-08-23 04:55:54,2020-08-23 05:28:44,70.8,90.0,128.25520833333331,35.31818181818182,33.38383838383838
995,2020-08-23 18:48:56,2020-08-23 19:17:36,24.0,41.2,125.27780555555555,38.017341040462426,36.86705202312139
996,2020-08-23 19:17:57,2020-08-23 19:44:17,41.6,58.0,120.69447120596206,39.57232704402516,38.509433962264154
997,2020-08-23 19:44:38,2020-08-23 20:13:58,58.4,76.0,125.27780555555559,40.0,39.0
998,2020-08-23 20:14:19,2020-08-23 20:43:19,76.4,93.6,126.73452422480631,40.38857142857143,39.0
999,2020-08-24 06:09:12,2020-08-24 06:25:52,14.8,30.8,120.44096840277774,36.04950495049505,33.772277227722775
1000,2020-08-24 06:26:13,2020-08-24 06:57:43,30.8,60.8,121.43887472222221,38.578947368421055,36.39473684210526
1001,2020-08-24 06:58:04,2020-08-24 07:26:34,61.2,87.6,124.8973970433502,40.78488372093023,38.7093023255814
1002,2020-08-24 07:26:55,2020-08-24 07:45:15,87.6,97.6,127.5847045833333,41.0,39.0
1003,2020-08-24 18:14:18,2020-08-24 18:40:18,35.6,60.0,124.18715027322405,42.7515923566879,41.10828025477707
1004,2020-08-24 18:40:39,2020-08-24 19:08:29,60.4,85.2,126.92764807347669,44.48809523809524,43.0
1005,2020-08-24 19:08:50,2020-08-24 19:30:10,85.6,97.6,130.98613229166665,45.0,43.0
1006,2020-08-25 00:31:22,2020-08-25 00:50:19,60.0,77.2,129.43475250322996,42.560344827586206,39.80172413793103
1007,2020-08-25 00:50:40,2020-08-25 01:10:10,77.6,92.8,127.4744308296784,43.0,40.0
1008,2020-08-25 15:07:25,2020-08-25 15:30:35,25.6,48.0,121.92462704613098,40.142857142857146,38.57142857142857
1009,2020-08-25 15:30:56,2020-08-25 16:02:16,48.0,78.0,123.21762472222224,43.22751322751323,41.597883597883595
1010,2020-08-26 05:06:13,2020-08-26 05:34:53,20.0,46.8,125.95617267827531,36.40462427745665,34.52023121387283
1011,2020-08-26 05:35:14,2020-08-26 06:04:54,47.2,76.8,118.09498676801805,39.45810055865922,37.798882681564244
1012,2020-08-26 06:05:15,2020-08-26 06:35:55,77.2,97.2,122.00836180555554,40.84324324324324,39.0
1013,2020-08-26 21:05:24,2020-08-26 21:35:24,38.0,67.2,120.71727530441399,37.51381215469613,34.6243093922652
1014,2020-08-26 21:35:45,2020-08-26 22:07:55,67.6,94.4,124.15838406923712,39.06701030927835,36.58247422680412
1015,2020-08-27 11:26:33,2020-08-27 12:22:43,56.4,97.6,125.9419945624326,36.191943127962084,34.60189573459716
1016,2020-08-27 17:30:00,2020-08-27 18:06:33,58.4,87.6,125.02512100456624,40.658181818181816,39.018181818181816
1017,2020-08-28 02:38:07,2020-08-28 02:55:57,24.4,41.6,121.00291133720927,37.43518518518518,35.24074074074074
1018,2020-08-28 02:57:58,2020-08-28 03:19:58,42.0,62.8,123.36806116452992,39.6015037593985,37.58646616541353
1019,2020-08-28 03:20:19,2020-08-28 03:54:06,63.2,92.0,124.15239807098769,41.1421568627451,39.0
1020,2020-08-29 00:16:56,2020-08-29 00:35:36,13.2,32.0,116.1783594858156,37.52212389380531,36.04424778761062
1021,2020-08-29 00:35:57,2020-08-29 01:04:47,32.0,60.8,117.25649059606485,40.206896551724135,38.55172413793103
1022,2020-08-29 01:05:08,2020-08-29 01:32:38,61.2,87.6,121.63565283038726,42.27710843373494,40.59036144578313
1023,2020-08-29 04:10:30,2020-08-29 04:29:10,73.2,89.6,125.0305033028456,42.0,39.0
1024,2020-08-29 13:03:32,2020-08-29 13:25:32,40.4,61.6,121.0822912735849,38.3609022556391,36.69924812030075
1025,2020-08-29 13:25:53,2020-08-29 13:51:43,62.0,86.0,125.4270869212963,40.25,38.493589743589745
1026,2020-08-29 13:52:04,2020-08-29 14:10:54,86.4,97.6,131.0441581101192,41.0,39.0
1027,2020-08-30 00:30:59,2020-08-30 00:59:19,9.2,36.8,119.96227058172305,38.30994152046784,36.21052631578947
1028,2020-08-30 00:59:40,2020-08-30 01:29:00,37.2,66.0,118.95834264081793,41.11864406779661,38.90395480225989
1029,2020-08-30 01:29:21,2020-08-30 01:57:01,66.0,90.4,124.81103028233149,42.83233532934132,40.65269461077844
1030,2020-08-30 16:26:41,2020-08-30 16:47:01,14.0,34.0,118.78056708333334,39.67479674796748,38.260162601626014
1031,2020-08-30 16:47:22,2020-08-30 17:19:12,34.4,65.2,120.57269751082254,42.53125,40.90625
1032,2020-08-30 17:19:33,2020-08-30 17:47:33,65.6,90.4,124.489254704301,44.0,42.82248520710059
1033,2020-08-31 01:49:39,2020-08-31 02:13:19,54.8,76.8,125.65089690656566,39.92307692307692,37.72727272727273
1034,2020-08-31 02:13:40,2020-08-31 02:41:34,77.2,97.6,126.23883364651422,40.96449704142012,38.81065088757396
1035,2020-09-01 01:51:45,2020-09-01 02:20:25,4.4,32.8,117.81397232003128,36.49710982658959,35.213872832369944
1036,2020-09-01 02:20:46,2020-09-01 02:44:16,33.2,56.0,120.26803313840158,39.028169014084504,37.61971830985915
1037,2020-09-01 02:44:37,2020-09-01 03:12:57,56.4,83.6,121.46956117238562,41.292397660818715,39.73099415204678
1038,2020-09-01 03:13:18,2020-09-01 03:35:08,84.0,97.6,128.85416554330072,42.0,40.0
1039,2020-09-01 15:23:14,2020-09-01 15:54:34,50.4,80.0,124.57912800300302,43.2962962962963,41.46560846560847
1040,2020-09-01 15:54:55,2020-09-01 16:19:35,80.4,97.6,128.37935755813962,44.0,42.053691275167786
1041,2020-09-02 00:59:57,2020-09-02 01:27:57,60.0,86.0,125.42467387820513,38.349112426035504,35.603550295857985
1042,2020-09-02 01:28:18,2020-09-02 01:46:58,86.4,97.6,129.13446788194457,39.0,36.0
1043,2020-09-03 11:52:47,2020-09-03 12:20:37,37.6,64.4,121.10489541873963,39.958333333333336,38.607142857142854
1044,2020-09-03 12:30:58,2020-09-03 13:00:30,68.8,94.8,118.59615940170943,42.25698324022346,40.87150837988827
1045,2020-09-03 18:54:05,2020-09-03 19:19:55,48.0,72.0,122.78183593750003,44.717948717948715,42.73717948717949
1046,2020-09-03 19:20:16,2020-09-03 19:48:56,72.4,93.6,125.54312205188684,45.20809248554913,43.0
1047,2020-09-04 03:09:08,2020-09-04 03:41:18,42.8,73.6,123.08533721139973,42.36082474226804,39.48969072164948
1048,2020-09-04 03:41:39,2020-09-04 04:12:29,74.0,97.6,125.29250011770247,43.166666666666664,40.456989247311824
1049,2020-09-04 11:15:26,2020-09-04 11:42:46,43.6,69.6,122.6570570512821,41.1030303030303,38.07272727272727
1050,2020-09-04 11:43:07,2020-09-04 12:08:57,70.0,92.0,125.05114564393939,42.0,39.032051282051285
1051,2020-09-04 18:06:17,2020-09-04 18:32:47,46.8,72.0,123.82442228835977,40.96875,38.3875
1052,2020-09-04 23:21:46,2020-09-04 23:46:46,54.4,69.2,126.16183239489487,39.0,35.95364238410596
1053,2020-09-04 23:47:07,2020-09-05 00:19:27,69.6,88.8,125.80443518518518,39.0,36.0
1054,2020-09-05 09:07:22,2020-09-05 09:28:42,58.0,72.0,127.0853275793651,34.58914728682171,32.348837209302324
1055,2020-09-05 09:56:44,2020-09-05 10:21:34,84.4,97.6,126.29630629208765,35.0,33.0
1056,2020-09-06 19:41:36,2020-09-06 20:10:46,28.0,56.8,118.97569241898147,36.80681818181818,35.71022727272727
1057,2020-09-06 20:11:07,2020-09-06 20:30:32,57.2,76.0,121.3497335992908,39.0,38.0
1058,2020-09-06 20:30:53,2020-09-06 21:01:13,76.4,97.6,124.9803428328093,39.86338797814208,38.076502732240435
1059,2020-09-07 05:14:56,2020-09-07 06:46:36,26.8,97.6,123.27721577016636,39.1468023255814,36.911337209302324
1060,2020-09-07 18:35:15,2020-09-07 18:52:05,35.2,45.6,121.39423076923079,35.705882352941174,34.0
1061,2020-09-07 18:52:26,2020-09-07 19:22:56,46.0,64.8,121.67553191489364,36.73913043478261,35.22826086956522
1062,2020-09-07 19:23:17,2020-09-07 19:51:47,65.2,82.4,124.27164066537466,37.0,35.622093023255815
1063,2020-09-07 19:52:08,2020-09-07 20:15:18,82.4,96.0,127.62968494689547,37.82142857142857,36.0
1064,2020-09-08 06:01:22,2020-09-08 06:29:42,16.8,44.4,118.33234445450888,33.0,30.68421052631579
1065,2020-09-08 06:30:03,2020-09-08 06:59:33,44.4,72.8,119.71196958137718,35.96067415730337,33.57865168539326
1066,2020-09-08 06:59:54,2020-09-08 07:26:14,73.2,94.0,124.51725300480771,37.0,34.83018867924528
1067,2020-09-08 16:23:02,2020-09-08 16:56:52,49.2,80.8,124.74111840717302,33.55392156862745,31.362745098039216
1068,2020-09-08 16:57:13,2020-09-08 17:23:33,81.2,97.6,127.57878057249332,34.062893081761004,32.075471698113205
1069,2020-09-09 05:22:50,2020-09-09 05:53:40,20.0,50.0,118.8944297222222,36.11290322580645,34.026881720430104
1070,2020-09-09 05:54:01,2020-09-09 06:23:11,50.4,78.8,118.82530066510174,39.09090909090909,37.15909090909091
1071,2020-09-09 06:23:32,2020-09-09 06:51:12,79.2,97.6,124.75242542270539,40.0,38.0
1072,2020-09-09 21:11:23,2020-09-09 21:39:13,45.2,71.6,123.03136179503372,36.25,34.17857142857143
1073,2020-09-09 21:39:34,2020-09-09 22:05:44,72.0,93.2,125.38326316823898,37.62658227848101,35.0
1074,2020-09-10 06:24:54,2020-09-10 06:57:14,64.8,86.0,127.35065408805033,33.3948717948718,31.435897435897434
1075,2020-09-10 06:57:35,2020-09-10 07:17:45,86.4,97.6,127.75670610119062,34.0,32.0
1076,2020-09-10 16:21:41,2020-09-10 16:45:41,28.4,52.0,118.53813606403011,39.15862068965517,37.91724137931035
1077,2020-09-10 17:12:03,2020-09-10 17:35:13,75.2,93.2,126.49151921296297,42.857142857142854,41.378571428571426
1078,2020-09-11 00:53:06,2020-09-11 01:18:56,39.2,55.2,121.10329956597221,37.8525641025641,35.23717948717949
1079,2020-09-11 01:19:17,2020-09-11 01:49:27,55.2,73.6,122.96195652173918,39.0,36.42857142857143
1080,2020-09-11 01:49:48,2020-09-11 02:16:28,74.0,89.6,128.20512820512826,39.0,37.0
1081,2020-09-11 15:59:34,2020-09-11 16:21:24,17.6,31.6,117.51888204365079,38.20454545454545,36.5
1082,2020-09-11 16:21:45,2020-09-11 16:47:55,31.6,48.4,117.59429794973548,39.51898734177215,37.89873417721519
1083,2020-09-11 16:48:16,2020-09-11 17:18:16,48.8,67.6,120.47877659574473,40.950276243093924,39.12707182320442
1084,2020-09-11 17:18:37,2020-09-11 17:48:27,68.0,86.0,125.18059691358027,41.81666666666667,40.0
1085,2020-09-11 17:48:48,2020-09-11 18:07:58,86.4,97.6,129.09600905257955,42.0,40.0
1086,2020-09-11 20:11:56,2020-09-11 20:37:56,81.6,97.6,125.25782656250001,40.52229299363057,38.0
1087,2020-09-12 01:49:12,2020-09-12 02:20:02,62.4,82.8,126.45699727668848,39.0,35.0
1088,2020-09-12 02:20:23,2020-09-12 02:47:03,83.2,97.6,128.11056288580258,39.0,35.0
1089,2020-09-12 09:50:33,2020-09-12 10:18:43,38.0,55.6,120.02840909090908,33.411764705882355,30.51764705882353
1090,2020-09-12 10:24:57,2020-09-12 10:52:17,58.4,75.2,122.1255062003968,34.406060606060606,32.0
1091,2020-09-12 10:52:38,2020-09-12 11:09:18,75.2,85.2,125.10973319444444,35.0,32.0
1092,2020-09-12 18:44:59,2020-09-12 19:10:39,52.0,76.4,123.38000489526408,38.52903225806452,36.83225806451613
1093,2020-09-12 19:11:00,2020-09-12 19:30:30,76.8,92.4,126.32924189814803,39.6271186440678,38.0
1094,2020-09-13 21:58:38,2020-09-13 22:28:58,41.2,60.0,120.29477895981088,33.73224043715847,31.885245901639344
1095,2020-09-13 22:29:19,2020-09-13 22:58:59,60.4,77.2,125.99456374007936,35.0,33.0
1096,2020-09-13 22:59:20,2020-09-13 23:25:20,77.6,91.6,127.52382807539686,35.0,33.22292993630573
1097,2020-09-14 17:15:18,2020-09-14 17:42:08,48.4,64.8,122.71002676151761,33.870370370370374,32.25308641975309
1098,2020-09-14 17:42:29,2020-09-14 18:09:39,65.2,81.2,127.34375,34.829268292682926,33.0
1099,2020-09-15 01:16:22,2020-09-15 01:43:42,40.8,66.8,122.85551848290599,34.83132530120482,32.77710843373494
1100,2020-09-15 01:44:03,2020-09-15 02:05:13,67.2,87.2,123.68265583333336,36.4140625,34.4609375
1101,2020-09-15 06:59:16,2020-09-15 07:29:06,69.6,94.0,124.85542372495443,35.0,32.87222222222222
1102,2020-09-15 23:57:23,2020-09-16 01:35:18,6.0,89.6,116.4155582917996,35.78125,33.72282608695652
1103,2020-09-16 06:46:35,2020-09-16 07:10:57,52.0,75.2,122.74858000478928,36.027027027027025,32.695945945945944
1104,2020-09-16 07:11:18,2020-09-16 07:40:18,75.6,97.2,124.55505619855963,37.0,33.86857142857143
1105,2020-09-16 17:37:32,2020-09-16 18:06:12,56.8,84.0,123.0586289828431,39.76878612716763,37.947976878612714
1106,2020-09-16 18:06:33,2020-09-16 18:27:13,84.4,97.6,128.87522127525264,40.0,38.0
1107,2020-09-17 00:59:23,2020-09-17 01:22:33,43.6,66.0,121.86757688492062,38.128571428571426,35.42857142857143
1108,2020-09-17 01:36:43,2020-09-17 01:56:25,79.6,94.4,124.04451796171165,39.21666666666667,37.0
1109,2020-09-17 06:02:53,2020-09-17 06:34:23,60.0,89.2,122.74448829908675,37.55263157894737,34.67368421052632
1110,2020-09-17 14:28:23,2020-09-17 14:52:23,53.6,70.0,121.45068910907857,38.0,36.97241379310345
1111,2020-09-17 14:52:44,2020-09-17 15:26:14,70.4,92.4,124.50629027777775,38.0,37.0
1112,2020-09-17 18:08:32,2020-09-17 18:43:02,72.8,91.2,125.00150981280188,39.13461538461539,38.0
1113,2020-09-17 20:27:16,2020-09-17 20:55:46,78.0,96.0,126.0517239197531,40.0,38.0
1114,2020-09-18 01:23:36,2020-09-18 02:00:12,70.8,91.2,117.39855361043026,37.0,34.13513513513514
1115,2020-09-18 07:30:02,2020-09-18 07:51:32,76.4,93.6,122.33931161175717,34.73076923076923,32.49230769230769
1116,2020-09-19 01:02:24,2020-09-19 01:20:14,11.6,29.2,118.36175363005053,30.814814814814813,29.212962962962962
1117,2020-09-19 01:20:35,2020-09-19 01:51:05,29.6,60.0,116.96729294590646,33.71195652173913,32.125
1118,2020-09-19 01:51:26,2020-09-19 02:19:06,60.4,86.8,122.16646106902358,36.41317365269461,34.70059880239521
1119,2020-09-19 06:26:41,2020-09-19 06:46:41,38.0,58.0,116.92709506944445,34.892561983471076,31.47107438016529
1120,2020-09-19 06:47:02,2020-09-19 07:14:42,58.0,84.4,122.33954771675084,36.64071856287425,33.48502994011976
1121,2020-09-19 07:15:03,2020-09-19 07:35:23,84.8,97.6,127.50326768663199,37.0,34.0
1122,2020-09-19 13:15:49,2020-09-19 13:33:29,25.6,43.2,117.39348058712125,36.495327102803735,35.08411214953271
1123,2020-09-19 13:46:00,2020-09-19 14:03:10,52.0,68.4,122.32047281504063,38.99038461538461,37.81730769230769
1124,2020-09-19 14:03:31,2020-09-19 14:31:11,68.4,92.0,122.32110487288142,40.0,38.62874251497006
1125,2020-09-19 20:58:35,2020-09-19 21:25:05,54.0,79.6,120.80350390625003,35.9375,33.10625
1126,2020-09-19 21:25:26,2020-09-19 21:50:56,79.6,97.6,124.45757091049383,36.0,34.0
1127,2020-09-20 04:00:47,2020-09-20 04:26:17,58.0,82.0,124.17362870370374,35.116883116883116,32.87662337662338
1128,2020-09-20 04:26:38,2020-09-20 04:51:18,82.4,97.6,126.02248866959074,36.0,33.0
1129,2020-09-20 13:42:26,2020-09-20 14:13:56,44.8,64.4,120.53571428571423,36.742105263157896,34.910526315789475
1130,2020-09-20 14:14:17,2020-09-20 14:41:07,64.8,81.2,122.71341463414629,37.75925925925926,35.0
1131,2020-09-20 14:41:28,2020-09-20 15:07:58,81.2,97.2,122.94270833333334,38.0,35.06875
1132,2020-09-20 22:31:24,2020-09-20 22:54:44,9.6,23.6,117.2371324404762,37.11347517730496,35.0
1133,2020-09-20 22:55:05,2020-09-20 23:22:25,24.0,40.0,120.15280625000003,38.23030303030303,35.56969696969697
1134,2020-09-20 23:22:46,2020-09-20 23:50:46,40.4,57.6,114.49615116279071,39.55029585798817,37.16568047337278
1135,2020-09-20 23:51:07,2020-09-21 00:24:17,57.6,77.2,119.01646811224491,40.135,38.0
1136,2020-09-21 06:33:27,2020-09-21 07:03:37,18.0,37.2,117.32209881365743,39.39010989010989,35.75824175824176
1137,2020-09-21 07:03:58,2020-09-21 07:34:08,37.6,57.2,114.94335515873017,40.68131868131868,37.39010989010989
1138,2020-09-21 07:34:29,2020-09-21 08:06:09,57.6,77.6,118.41735534722228,41.0,38.0
1139,2020-09-21 08:06:30,2020-09-21 08:34:20,78.0,94.8,123.35976074735451,41.0,38.0
1140,2020-09-21 21:55:00,2020-09-21 22:20:40,34.4,60.0,117.2764926215278,36.83870967741935,34.63870967741936
1141,2020-09-21 22:21:01,2020-09-21 22:51:31,60.0,88.8,121.70767592592595,38.891304347826086,36.84239130434783
1142,2020-09-22 12:58:36,2020-09-22 13:47:03,38.8,85.2,121.79669779693485,37.69505494505494,36.010989010989015
1143,2020-09-22 19:04:20,2020-09-22 19:32:30,54.0,71.2,122.83672650193797,39.0,36.94705882352941
1144,2020-09-22 19:32:51,2020-09-22 20:00:21,71.6,88.0,125.76219512195117,39.0,37.0
1145,2020-09-23 00:35:17,2020-09-23 01:06:47,70.4,89.6,123.59377734375008,38.0,35.98947368421052
1146,2020-09-23 04:36:42,2020-09-23 05:03:32,72.4,88.4,126.06079184027779,36.29012345679013,34.0
1147,2020-09-23 14:54:06,2020-09-23 15:28:56,42.0,75.6,121.22480233134922,36.833333333333336,35.36190476190476
1148,2020-09-23 15:29:17,2020-09-23 15:58:47,76.0,97.6,125.62758532664613,38.38202247191011,37.0
1149,2020-09-24 12:49:37,2020-09-24 13:16:17,7.2,25.2,115.29938842592591,33.12422360248447,32.0
1150,2020-09-24 13:16:38,2020-09-24 13:42:38,25.6,42.4,118.74257192460318,34.70063694267516,33.203821656050955
1151,2020-09-24 13:42:59,2020-09-24 14:10:09,42.4,60.0,115.45376980744948,36.640243902439025,35.21951219512195
1152,2020-09-24 14:10:30,2020-09-24 14:38:50,60.4,77.2,121.16320866402117,37.93567251461988,36.0
1153,2020-09-24 21:15:43,2020-09-24 21:36:13,35.2,55.6,116.61289542483661,35.25,32.935483870967744
1154,2020-09-24 21:36:34,2020-09-24 22:07:04,55.6,84.8,121.4065120338661,37.28804347826087,34.84239130434783
1155,2020-09-24 22:07:25,2020-09-24 22:27:35,84.8,97.6,125.41125325520836,38.0,35.131147540983605
1156,2020-09-25 17:29:43,2020-09-25 18:47:22,29.2,97.6,121.19808911427876,38.22984562607204,36.20068610634648
1157,2020-09-26 14:13:52,2020-09-26 14:37:52,48.0,64.4,122.1951461720867,33.10344827586207,31.641379310344828
1158,2020-09-26 14:38:13,2020-09-26 15:09:03,64.8,85.6,123.81012086004279,34.0,32.10215053763441
1159,2020-09-26 15:09:24,2020-09-26 15:30:04,86.0,97.6,129.03618510536404,34.064,33.0
1160,2020-09-27 01:07:11,2020-09-27 01:31:53,23.2,38.8,118.41575094373218,29.453333333333333,26.813333333333333
1161,2020-09-27 01:32:14,2020-09-27 02:01:44,38.8,58.4,112.63177763605438,31.303370786516854,28.90449438202247
1162,2020-09-27 02:02:05,2020-09-27 02:28:05,58.4,74.8,118.63818495934959,32.4203821656051,30.0
1163,2020-09-27 02:28:26,2020-09-27 02:58:46,74.8,93.2,122.80039522946855,33.0,30.846994535519126
1164,2020-09-27 11:27:13,2020-09-27 12:37:32,38.0,97.6,121.73339189504104,33.07575757575758,31.303030303030305
1165,2020-09-27 20:21:04,2020-09-27 20:46:04,80.4,97.6,125.40619912790707,33.0,31.0
1166,2020-09-28 04:40:56,2020-09-28 05:10:26,65.2,82.0,123.74836367394182,32.0,29.45505617977528
1167,2020-09-28 05:10:47,2020-09-28 05:39:07,82.4,97.6,126.31854952485388,32.0,30.0
1168,2020-09-28 17:19:47,2020-09-28 18:36:22,19.2,83.6,118.97932320350242,34.440207972270365,33.11091854419411
1169,2020-09-29 00:34:39,2020-09-29 00:52:09,22.0,39.2,118.64018362403097,36.27358490566038,33.43396226415094
1170,2020-09-29 00:52:30,2020-09-29 01:26:20,39.6,73.2,117.33921044146823,38.73529411764706,35.990196078431374
1171,2020-09-29 01:26:41,2020-09-29 01:47:11,73.6,91.2,124.02699644886357,40.0,37.0
1172,2020-09-29 11:46:17,2020-09-29 12:58:52,49.6,94.0,122.58730172047045,35.398165137614676,33.511926605504584
1173,2020-09-29 19:17:12,2020-09-29 20:00:17,61.2,96.4,124.01535335779674,37.496153846153845,35.684615384615384
1174,2020-09-30 17:23:34,2020-09-30 17:54:34,26.4,57.6,116.12715331196581,34.46524064171123,32.6951871657754
1175,2020-09-30 17:54:55,2020-09-30 18:24:15,58.0,86.0,122.53027539682542,37.20338983050848,35.333333333333336
1176,2020-09-30 18:24:36,2020-09-30 18:43:26,86.4,97.6,124.98512028769855,38.0,36.0
1177,2020-10-01 12:47:58,2020-10-01 13:11:48,28.0,52.0,117.0208505787037,31.13888888888889,29.5625
1178,2020-10-01 13:12:09,2020-10-01 13:39:19,52.4,78.8,121.31788957281144,33.86585365853659,32.207317073170735
1179,2020-10-01 19:48:28,2020-10-01 20:20:08,39.2,70.8,118.43924371483827,37.1413612565445,35.25130890052356
1180,2020-10-01 20:20:29,2020-10-01 20:49:19,71.2,94.4,125.85908375239462,38.94252873563219,36.9367816091954
1181,2020-10-02 03:33:23,2020-10-02 03:57:23,35.6,59.2,119.06546486581921,35.220689655172414,32.648275862068964
1182,2020-10-02 03:57:44,2020-10-02 04:29:04,59.6,88.8,122.5804104832573,36.973544973544975,34.61904761904762
1183,2020-10-02 18:42:01,2020-10-02 19:08:01,38.0,63.6,119.31097840711806,37.28662420382165,36.01273885350319
1184,2020-10-02 19:08:22,2020-10-02 19:34:22,64.0,88.4,124.19911503870668,38.98089171974522,37.388535031847134
1185,2020-10-04 14:47:16,2020-10-04 15:16:46,48.4,76.8,121.6945742859938,37.764044943820224,36.45505617977528
1186,2020-10-04 15:17:07,2020-10-04 15:44:27,77.2,97.2,124.9000363888889,39.0,37.842424242424244
1187,2020-10-04 23:08:33,2020-10-04 23:32:23,41.6,58.0,120.43443538279135,37.34722222222222,35.31944444444444
1188,2020-10-04 23:32:44,2020-10-04 23:58:54,58.4,76.0,123.49670604482326,38.0,36.0
1189,2020-10-04 23:59:15,2020-10-05 00:27:15,76.4,94.4,124.72607260802468,38.68639053254438,36.53846153846154
1190,2020-10-05 19:07:32,2020-10-05 20:43:36,40.0,97.6,122.57542486496915,34.60471567267684,32.816920943134534
1191,2020-10-06 07:44:03,2020-10-06 08:15:53,28.8,49.2,117.55925851034858,30.682291666666668,29.052083333333332
1192,2020-10-06 08:16:14,2020-10-06 08:47:04,49.2,68.8,118.51193126417239,32.623655913978496,31.048387096774192
1193,2020-10-06 08:47:25,2020-10-06 09:16:45,68.8,86.8,122.8788965277778,33.0,32.0
1194,2020-10-06 09:17:06,2020-10-06 09:35:16,87.2,97.6,129.0104467147437,33.88181818181818,32.0
1195,2020-10-06 23:33:12,2020-10-06 23:53:12,2.8,17.2,115.29325192901238,32.0,30.0
1196,2020-10-06 23:53:33,2020-10-07 00:20:53,17.6,37.2,115.7455110544218,32.71515151515152,30.818181818181817
1197,2020-10-07 00:21:14,2020-10-07 00:52:14,37.2,59.2,116.95459242424245,34.898395721925134,32.95187165775401
1198,2020-10-07 00:52:35,2020-10-07 01:20:15,59.6,78.8,119.59929557291673,36.0,34.0
1199,2020-10-07 01:20:36,2020-10-07 01:46:26,79.2,95.6,124.08541836043369,36.90384615384615,34.006410256410255
1200,2020-10-07 08:47:59,2020-10-07 09:14:59,65.6,90.0,123.0931279599271,31.8159509202454,29.680981595092025
1201,2020-10-07 21:30:08,2020-10-07 21:59:58,25.2,46.4,117.73521750524112,31.194444444444443,29.67222222222222
1202,2020-10-07 22:00:19,2020-10-07 22:32:49,46.4,69.2,119.25806469298249,33.54081632653061,31.95408163265306
1203,2020-10-07 22:33:10,2020-10-07 23:06:20,69.6,91.6,124.1995200757576,34.265,33.0
1204,2020-10-08 04:45:54,2020-10-08 05:14:24,48.8,66.4,121.45123129734844,32.56395348837209,29.726744186046513
1205,2020-10-08 05:14:45,2020-10-08 05:44:15,66.4,84.4,122.91666666666667,33.0,30.51123595505618
1206,2020-10-08 05:44:36,2020-10-08 06:06:46,84.4,97.6,124.27398989899,33.54477611940298,31.0
1207,2020-10-08 15:51:10,2020-10-08 16:24:10,48.8,80.4,121.7708355748945,32.221105527638194,31.12060301507538
1208,2020-10-08 19:50:32,2020-10-08 20:19:32,76.4,97.6,125.42914347484282,34.0,32.0
1209,2020-10-09 14:49:56,2020-10-09 15:19:26,64.0,80.8,122.48679340277779,25.853932584269664,25.415730337078653
1210,2020-10-09 15:19:47,2020-10-09 15:47:27,80.8,96.0,122.20396372441516,26.82634730538922,26.281437125748504
1211,2020-10-10 01:06:04,2020-10-10 02:31:04,22.4,97.6,119.4849510287382,32.89968652037618,31.11912225705329
1212,2020-10-10 15:09:07,2020-10-10 15:38:47,52.0,80.4,121.86620383411577,34.70949720670391,33.54189944134078
1213,2020-10-10 15:39:08,2020-10-10 16:02:18,80.4,96.8,123.18429166666674,35.95,34.142857142857146
1214,2020-10-10 20:40:22,2020-10-10 21:07:42,65.6,90.0,124.78713769353367,36.41818181818182,34.36363636363637
1215,2020-10-11 15:51:30,2020-10-11 16:57:17,58.0,97.6,124.30354903900111,35.06275303643725,33.491902834008094
1216,2020-10-12 00:33:54,2020-10-12 00:57:24,47.6,70.4,120.32956341374268,35.08450704225352,33.225352112676056
1217,2020-10-12 00:57:45,2020-10-12 01:26:05,70.4,93.6,122.7801777418583,36.04093567251462,34.099415204678365
1218,2020-10-12 06:25:52,2020-10-12 07:33:55,48.4,97.6,123.37682033367213,34.87279843444227,32.62818003913895
1219,2020-10-12 14:02:36,2020-10-12 14:20:26,83.6,94.8,124.31544990079362,35.0,34.0
1220,2020-10-12 21:46:24,2020-10-12 22:05:44,47.6,58.0,120.65838667200859,35.572649572649574,33.98290598290598
1221,2020-10-12 22:06:05,2020-10-12 22:33:15,58.0,72.8,122.37612650150152,36.0,34.0
1222,2020-10-12 22:33:36,2020-10-12 23:03:36,72.8,89.2,121.96053616192405,36.0,34.0
1223,2020-10-13 05:26:40,2020-10-13 05:52:10,53.2,77.6,121.5915605646631,34.311688311688314,31.896103896103895
1224,2020-10-13 05:52:31,2020-10-13 06:20:11,78.0,97.6,126.27410133219956,35.0,33.0
1225,2020-10-13 13:07:49,2020-10-13 13:37:35,56.0,84.4,122.16745156494524,34.169642857142854,32.22767857142857
1226,2020-10-13 23:09:24,2020-10-14 00:25:59,23.2,87.6,118.8999765226018,32.90608695652174,30.64
1227,2020-10-14 02:01:17,2020-10-14 02:21:17,69.2,82.8,122.55208363970593,35.0,32.0
1228,2020-10-14 02:21:38,2020-10-14 02:44:58,83.2,97.6,125.48225308641983,35.0,32.0
1229,2020-10-14 17:26:17,2020-10-14 17:54:07,67.6,84.8,121.421194121447,30.0,29.029761904761905
1230,2020-10-15 00:55:33,2020-10-15 01:25:33,36.8,66.8,117.06159689814817,35.43646408839779,33.392265193370164
1231,2020-10-15 01:25:54,2020-10-15 01:43:14,67.2,83.6,123.79152820121962,37.0,34.98095238095238
1232,2020-10-15 13:02:46,2020-10-15 13:31:26,8.0,28.4,117.10239651416123,33.283236994219656,32.127167630057805
1233,2020-10-15 13:31:47,2020-10-15 14:02:17,28.8,50.4,117.66975308641976,35.19565217391305,34.01086956521739
1234,2020-10-15 14:02:38,2020-10-15 14:33:08,50.8,72.0,119.88993710691823,37.42934782608695,35.97826086956522
1235,2020-10-15 14:33:29,2020-10-15 15:05:49,72.4,93.6,123.75524109014681,38.184615384615384,37.0
1236,2020-10-15 21:10:42,2020-10-15 21:31:12,48.8,62.8,121.32243690476191,37.0,34.53225806451613
1237,2020-10-15 21:31:33,2020-10-15 21:49:13,63.2,75.2,122.22804826388894,37.60747663551402,35.0
1238,2020-10-15 22:02:04,2020-10-15 22:30:04,80.0,97.6,124.0917084122475,38.0,35.27810650887574
1239,2020-10-17 01:34:27,2020-10-17 02:04:57,16.4,36.4,114.88196986111112,30.85326086956522,29.22826086956522
1240,2020-10-17 02:05:18,2020-10-17 02:33:48,36.4,55.2,114.2021529255319,32.94767441860465,31.197674418604652
1241,2020-10-17 02:34:09,2020-10-17 03:03:49,55.2,74.4,116.40048871527779,34.0,32.90502793296089
1242,2020-10-17 03:04:10,2020-10-17 03:32:00,74.8,92.0,121.51003989018088,34.92857142857143,33.0
1243,2020-10-17 13:33:01,2020-10-17 13:51:51,30.8,42.8,117.7141209490741,30.526315789473685,28.87719298245614
1244,2020-10-17 13:52:12,2020-10-17 14:18:52,42.8,60.0,116.27906976744184,32.20496894409938,30.614906832298136
1245,2020-10-17 14:19:13,2020-10-17 14:48:33,60.0,78.4,119.5652173913043,33.12429378531073,32.0
1246,2020-10-17 14:48:54,2020-10-17 15:17:34,78.4,95.6,124.0067829457365,34.0,32.31791907514451
1247,2020-10-18 00:52:47,2020-10-18 01:22:37,50.0,70.8,119.38166306089744,31.711111111111112,29.605555555555554
1248,2020-10-18 01:22:58,2020-10-18 01:48:58,70.8,88.4,123.0839624368686,32.0,30.0
1249,2020-10-18 01:49:19,2020-10-18 02:07:19,88.8,97.6,128.19603693181827,32.55045871559633,30.0
1250,2020-10-18 06:31:00,2020-10-18 06:55:50,69.2,91.2,123.74117929292932,30.18,27.78
1251,2020-10-18 23:47:03,2020-10-19 00:06:53,38.8,58.0,120.22426085069444,29.583333333333332,27.875
1252,2020-10-19 00:07:14,2020-10-19 00:35:34,58.4,85.2,123.10997020107793,31.57894736842105,29.894736842105264
1253,2020-10-19 00:35:55,2020-10-19 00:58:25,85.6,97.6,126.73383796296298,32.25735294117647,31.0
1254,2020-10-19 21:58:50,2020-10-19 22:27:10,46.0,73.6,120.06241696859907,30.12280701754386,29.064327485380115
1255,2020-10-19 22:27:31,2020-10-19 22:54:31,74.0,94.8,123.42816866987181,31.773006134969325,30.754601226993866
1256,2020-10-20 03:07:02,2020-10-20 03:30:22,79.2,96.4,121.49227051033593,30.0,27.858156028368793
1257,2020-10-20 12:10:03,2020-10-20 12:41:53,54.0,84.4,122.10526041666665,29.302083333333332,28.317708333333332
1258,2020-10-20 12:42:14,2020-10-20 13:03:34,84.4,97.2,123.24110590277782,30.976744186046513,29.992248062015506
1259,2020-10-20 20:11:14,2020-10-20 21:17:49,41.6,97.6,122.58106062500005,33.778,31.948
1260,2020-10-21 03:30:38,2020-10-21 04:44:02,40.0,96.8,122.0386222099961,32.18148820326679,29.52994555353902
1261,2020-10-21 15:38:18,2020-10-21 17:41:23,19.6,97.6,119.61469867877493,33.748380129589634,32.37365010799136
1262,2020-10-22 06:24:43,2020-10-22 06:42:53,2.8,21.2,115.48914726751214,28.89090909090909,26.836363636363636
1263,2020-10-22 06:43:14,2020-10-22 07:14:54,21.6,53.2,117.10444404887484,31.26178010471204,29.219895287958114
1264,2020-10-22 07:15:15,2020-10-22 07:42:15,53.6,80.0,119.49180402988218,34.392638036809814,32.49079754601227
1265,2020-10-22 07:42:36,2020-10-22 08:09:26,80.4,97.6,125.9052164082688,35.41975308641975,33.19135802469136
1266,2020-10-22 17:59:26,2020-10-22 18:28:46,34.0,53.2,115.48903146701389,32.813559322033896,31.028248587570623
1267,2020-10-22 18:29:07,2020-10-22 18:57:17,53.2,70.4,119.04071907299738,34.252941176470586,32.85294117647059
1268,2020-10-22 18:57:38,2020-10-22 19:30:38,70.8,89.2,125.02869927536229,35.0,33.0
1269,2020-10-23 01:19:49,2020-10-23 01:49:39,58.8,86.8,123.8546404761905,32.50276243093923,29.823204419889503
1270,2020-10-23 21:42:59,2020-10-23 22:11:19,32.4,56.8,115.64721254553734,30.695906432748536,29.380116959064328
1271,2020-10-23 22:11:40,2020-10-23 22:42:20,57.2,81.2,120.7066099537037,32.545945945945945,31.0
1272,2020-10-23 22:42:41,2020-10-23 23:04:31,81.6,95.6,126.86211815476189,33.0,31.803030303030305
1273,2020-10-24 09:38:26,2020-10-24 10:05:16,59.6,78.0,121.89540474033818,28.444444444444443,26.746913580246915
1274,2020-10-24 10:05:37,2020-10-24 10:34:27,78.0,96.8,121.57508466312059,29.2816091954023,27.735632183908045
1275,2020-10-24 20:43:06,2020-10-24 21:17:06,35.2,49.2,115.8521994047619,29.653658536585365,28.21951219512195
1276,2020-10-24 21:17:27,2020-10-24 21:47:57,49.2,61.2,116.70373125000005,30.85326086956522,29.293478260869566
1277,2020-10-24 21:48:18,2020-10-24 22:16:08,61.2,71.6,119.42043950320527,31.0,30.0
1278,2020-10-24 22:16:29,2020-10-24 22:49:19,71.6,83.2,124.16071120689645,31.0,30.0
1279,2020-10-25 04:32:31,2020-10-25 04:58:41,49.2,74.4,121.2527663690476,32.77215189873418,30.765822784810126
1280,2020-10-25 04:59:02,2020-10-25 05:29:52,74.8,97.6,124.29886695906434,34.0,32.0
1281,2020-10-25 12:40:12,2020-10-25 13:29:10,60.0,97.6,123.79858111332744,31.54891304347826,29.58423913043478
1282,2020-10-26 09:48:51,2020-10-26 10:22:11,42.4,75.2,118.40488317242549,30.62686567164179,29.71641791044776
1283,2020-10-26 10:33:42,2020-10-26 10:53:32,84.8,96.8,123.19909085648153,33.0,32.0
1284,2020-10-26 15:34:29,2020-10-26 16:06:29,75.6,96.4,122.8979561965811,36.0,35.0
1285,2020-10-26 20:19:24,2020-10-26 20:50:14,55.6,76.4,123.3446661992521,39.956989247311824,37.0
1286,2020-10-26 20:50:35,2020-10-26 21:18:35,76.8,94.8,124.13502307098764,40.0,37.04733727810651
1287,2020-10-27 15:12:22,2020-10-27 15:34:42,38.8,54.4,118.53011645299144,34.096296296296295,32.63703703703704
1288,2020-10-27 15:35:03,2020-10-27 16:04:53,54.8,74.8,123.52988597222223,35.044444444444444,33.96111111111111
1289,2020-10-27 16:05:14,2020-10-27 16:31:24,75.2,92.4,123.25906992894056,36.0,34.29746835443038
1290,2020-10-27 23:54:10,2020-10-28 00:14:20,26.8,38.8,117.92479629629635,35.0,32.65573770491803
1291,2020-10-28 00:14:41,2020-10-28 00:49:11,38.8,59.6,116.3755611645299,36.26923076923077,34.01923076923077
1292,2020-10-28 00:49:32,2020-10-28 01:16:12,60.0,75.6,119.94304843304853,37.0,35.0
1293,2020-10-28 01:16:33,2020-10-28 01:44:43,75.6,91.6,123.52259878472225,37.0,35.0
1294,2020-10-28 13:20:05,2020-10-28 13:47:05,28.4,55.2,117.71352679311772,33.93251533742331,32.49693251533742
1295,2020-10-28 13:47:26,2020-10-28 14:16:46,55.6,83.6,122.3695532242064,36.728813559322035,35.333333333333336
1296,2020-10-28 14:17:07,2020-10-28 14:38:07,84.0,97.6,126.49511162173208,38.0,36.0
1297,2020-10-28 23:05:32,2020-10-28 23:25:02,22.0,32.8,116.86212641460911,33.101694915254235,30.279661016949152
1298,2020-10-28 23:25:23,2020-10-28 23:50:13,32.8,47.2,114.62961651234562,34.21333333333333,31.493333333333332
1299,2020-10-28 23:50:34,2020-10-29 00:17:24,47.6,62.8,117.31907255116963,35.351851851851855,32.80864197530864
1300,2020-10-29 00:17:45,2020-10-29 01:07:59,63.2,90.4,122.75356142769608,36.0,33.0
1301,2020-10-29 11:04:01,2020-10-29 11:35:41,39.6,70.0,121.30756514985379,29.408376963350786,27.18324607329843
1302,2020-10-29 11:36:02,2020-10-29 12:11:22,70.4,97.2,123.70802373548926,31.31924882629108,29.046948356807512
1303,2020-10-29 18:53:16,2020-10-29 19:20:56,72.0,94.0,123.37059286616159,29.95808383233533,27.772455089820358
1304,2020-10-30 07:39:35,2020-10-30 08:11:35,22.4,42.8,118.16723747276694,27.647668393782382,26.849740932642487
1305,2020-10-30 08:11:56,2020-10-30 08:40:06,43.2,61.6,115.32007382246378,29.858823529411765,29.141176470588235
1306,2020-10-30 08:40:27,2020-10-30 09:10:27,61.6,80.0,122.8261141304348,31.0,30.07734806629834
1307,2020-10-30 09:10:48,2020-10-30 09:38:48,80.4,97.2,124.3072367724868,31.88757396449704,31.0
1308,2020-10-31 01:45:57,2020-10-31 02:14:07,13.6,32.0,115.47181000905798,29.86470588235294,28.55294117647059
1309,2020-10-31 02:14:28,2020-10-31 02:43:48,32.0,51.2,115.34727314814815,31.903954802259886,30.717514124293785
1310,2020-10-31 02:44:09,2020-10-31 03:15:29,51.2,71.6,115.96410348583888,33.75661375661376,32.63492063492063
1311,2020-10-31 03:15:50,2020-10-31 03:44:50,71.6,89.6,121.6312265432099,34.37714285714286,33.0
1312,2020-10-31 13:09:05,2020-10-31 13:39:35,59.2,87.6,123.58960475352117,33.17934782608695,31.54891304347826
1313,2020-10-31 13:39:56,2020-10-31 13:58:36,88.0,97.6,127.29457913773157,34.0,32.415929203539825
1314,2020-11-01 00:10:28,2020-11-01 00:53:59,14.0,38.4,117.27678771061021,31.730038022813687,29.604562737642585
1315,2020-11-01 00:54:20,2020-11-01 01:25:50,38.4,56.8,113.87980585748795,33.747368421052634,31.773684210526316
1316,2020-11-01 01:26:11,2020-11-01 01:54:01,56.8,72.4,118.71970673076918,35.0,33.0
1317,2020-11-01 06:51:05,2020-11-01 07:20:25,42.0,61.6,119.45792155612247,32.4180790960452,30.24858757062147
1318,2020-11-01 07:20:46,2020-11-01 07:52:36,61.6,82.4,122.64424612713671,33.572916666666664,31.53125
1319,2020-11-01 07:52:57,2020-11-01 08:20:50,82.8,97.6,129.23809784159164,34.0,32.0
1320,2020-11-01 18:21:49,2020-11-01 18:43:09,36.0,57.2,119.03629959381551,34.84496124031008,33.031007751937985
1321,2020-11-01 18:43:30,2020-11-01 19:13:10,57.6,86.0,123.72996053403756,37.0,35.29608938547486
1322,2020-11-02 05:26:11,2020-11-02 05:55:11,47.6,63.6,120.33856927083337,30.748571428571427,28.777142857142856
1323,2020-11-02 05:55:32,2020-11-02 06:26:12,64.0,80.4,124.25981961382111,31.16216216216216,29.983783783783785
1324,2020-11-02 06:26:33,2020-11-02 06:53:33,80.8,95.2,124.55151417824071,32.0,30.0
1325,2020-11-02 11:05:44,2020-11-02 11:35:14,63.2,89.6,124.63962573653204,32.60674157303371,30.674157303370787
1326,2020-11-03 00:54:31,2020-11-03 01:25:11,30.4,60.4,118.49862023148148,30.616216216216216,28.767567567567568
1327,2020-11-03 01:25:32,2020-11-03 01:52:12,60.8,86.0,122.71661436287478,33.13664596273292,31.509316770186334
1328,2020-11-03 14:12:04,2020-11-03 14:29:24,55.2,71.6,124.21748272357729,30.047619047619047,28.761904761904763
1329,2020-11-03 14:31:29,2020-11-03 14:50:02,72.0,88.8,121.93478441633599,30.97345132743363,29.805309734513273
1330,2020-11-03 23:28:31,2020-11-04 00:47:14,36.8,97.6,121.61130137975147,31.67005076142132,29.749576988155667
1331,2020-11-04 21:07:56,2020-11-04 21:36:16,29.6,58.0,116.48964016040688,32.42690058479532,31.228070175438596
1332,2020-11-04 21:36:37,2020-11-04 22:06:57,58.4,88.0,118.54308028340841,35.224043715846996,34.04371584699454
1333,2020-11-04 22:07:18,2020-11-04 22:24:18,88.0,97.6,125.93172135416675,36.0,35.0
1334,2020-11-05 05:12:46,2020-11-05 05:39:36,67.6,90.8,124.92098647030649,31.32716049382716,28.51851851851852
1335,2020-11-05 18:40:54,2020-11-05 18:57:34,46.8,62.8,121.95140190972226,30.613861386138613,29.326732673267326
1336,2020-11-05 18:57:55,2020-11-05 19:26:25,63.2,89.2,122.99039807692309,32.343023255813954,30.75
1337,2020-11-06 02:44:09,2020-11-06 03:13:29,62.0,88.8,122.73425134742955,32.03954802259887,29.75141242937853
1338,2020-11-06 12:39:41,2020-11-06 13:19:33,61.6,88.8,123.1305936989379,31.04979253112033,29.887966804979254
1339,2020-11-06 19:32:33,2020-11-06 20:11:53,54.0,78.0,122.91666666666667,34.0,32.77731092436975
1340,2020-11-06 20:12:14,2020-11-06 20:40:34,78.4,95.2,125.50429894179895,34.90643274853801,33.0
1341,2020-11-08 02:03:08,2020-11-08 02:25:48,11.2,26.4,112.0952368421053,30.16058394160584,28.956204379562045
1342,2020-11-08 02:26:09,2020-11-08 02:51:59,26.4,42.8,118.40280403116535,31.666666666666668,30.275641025641026
1343,2020-11-08 02:52:20,2020-11-08 03:24:20,42.8,64.4,111.35804938271603,33.626943005181346,32.35751295336787
1344,2020-11-08 03:24:41,2020-11-08 03:54:51,64.4,83.6,118.10043127893528,34.5989010989011,33.0
1345,2020-11-08 03:55:12,2020-11-08 04:28:42,84.0,98.8,128.33338372747752,35.0,33.63861386138614
1346,2020-11-08 22:41:50,2020-11-08 23:11:30,33.6,52.8,116.40048871527785,32.312849162011176,30.547486033519554
1347,2020-11-08 23:11:51,2020-11-08 23:39:41,53.2,70.8,119.13512736742429,33.92857142857143,32.0
1348,2020-11-08 23:40:02,2020-11-09 00:09:30,70.8,88.8,123.32348407407412,34.443820224719104,32.95505617977528
1349,2020-11-09 05:52:10,2020-11-09 06:19:30,33.6,60.4,119.48334468283588,31.915151515151514,28.927272727272726
1350,2020-11-09 06:54:52,2020-11-09 07:17:52,85.6,97.6,123.61810972222223,34.0,31.028776978417266
1351,2020-11-09 15:23:03,2020-11-09 15:39:43,80.4,92.8,124.25628001792124,33.0,31.26732673267327
1352,2020-11-09 22:16:33,2020-11-09 22:39:13,51.6,73.2,122.71220884773662,32.75182481751825,30.32116788321168
1353,2020-11-09 22:39:34,2020-11-09 23:05:34,73.6,94.0,124.15987976579518,33.681528662420384,31.0
1354,2020-11-10 14:11:55,2020-11-10 14:46:34,24.8,46.8,118.06755044191921,29.033492822966508,27.88995215311005
1355,2020-11-10 14:46:55,2020-11-10 15:16:45,47.2,66.0,119.00857018321514,31.605555555555554,30.42222222222222
1356,2020-11-10 15:17:06,2020-11-10 15:45:26,66.4,83.6,123.53197722868224,32.73684210526316,31.497076023391813
1357,2020-11-11 14:16:50,2020-11-11 14:45:20,14.4,32.4,118.56790223765432,27.767441860465116,26.47093023255814
1358,2020-11-11 14:45:41,2020-11-11 15:18:38,32.8,54.4,114.40972222222221,30.25,28.965
1359,2020-11-11 15:18:59,2020-11-11 15:51:39,54.4,76.0,113.42592592592591,32.142131979695435,30.913705583756347
1360,2020-11-12 17:35:23,2020-11-12 18:03:33,19.6,47.2,117.84624728260873,28.388235294117646,27.223529411764705
1361,2020-11-12 18:03:54,2020-11-12 18:31:44,47.6,75.6,114.77383878968259,31.547619047619047,30.398809523809526
1362,2020-11-12 18:32:05,2020-11-12 19:01:45,76.0,97.2,118.71005254192872,33.0,31.92737430167598
1363,2020-11-13 01:11:51,2020-11-13 01:34:21,41.6,63.6,119.12626565656568,32.095588235294116,29.323529411764707
1364,2020-11-13 01:34:42,2020-11-13 02:04:12,63.6,90.0,122.15277756734008,33.59550561797753,31.308988764044944
1365,2020-11-13 18:00:02,2020-11-13 18:24:12,38.0,62.4,116.55056295537342,32.39041095890411,31.17808219178082
1366,2020-11-13 18:24:33,2020-11-13 18:53:33,62.4,89.2,122.39844257877279,34.537142857142854,33.44
1367,2020-11-14 10:13:20,2020-11-14 10:36:40,21.2,34.0,118.61108541666665,27.929078014184398,26.127659574468087
1368,2020-11-14 10:37:01,2020-11-14 11:06:21,34.4,51.2,116.11108267195765,29.531073446327685,27.875706214689266
1369,2020-11-14 11:06:42,2020-11-14 11:37:42,51.6,68.8,119.84654861111115,31.005347593582886,29.711229946524064
1370,2020-11-14 11:46:13,2020-11-14 12:07:53,73.2,84.8,121.28708694923378,32.0,30.15267175572519
1371,2020-11-14 12:08:14,2020-11-14 12:32:04,84.8,97.6,123.82917979600695,32.0,31.0
1372,2020-11-14 20:25:06,2020-11-14 21:07:56,64.8,97.6,123.75475145663958,28.87888198757764,26.549689440993788
1373,2020-11-15 14:16:36,2020-11-15 14:44:53,67.2,91.2,123.6435830150463,27.492957746478872,26.427230046948356
1374,2020-11-15 23:16:26,2020-11-15 23:35:36,44.4,63.2,119.15412699468084,27.70689655172414,26.25
1375,2020-11-15 23:35:57,2020-11-16 00:00:27,63.6,86.8,123.54888206417631,29.425675675675677,28.08108108108108
1376,2020-11-16 12:38:17,2020-11-16 12:59:17,28.8,49.6,119.81305842681623,28.95275590551181,27.385826771653544
1377,2020-11-16 12:59:38,2020-11-16 13:16:20,50.0,66.8,118.19958116732803,31.65686274509804,30.186274509803923
1378,2020-11-16 13:16:41,2020-11-16 13:40:21,67.2,88.8,123.15778086419755,33.29370629370629,31.664335664335663
1379,2020-11-16 21:29:13,2020-11-16 21:58:53,58.4,74.8,120.26677396680215,32.0,30.932960893854748
1380,2020-11-16 21:59:14,2020-11-16 22:26:14,74.8,82.4,118.72806615497062,32.0,31.0
1381,2020-11-16 22:26:35,2020-11-16 22:59:25,82.4,91.2,124.34659375000004,32.0,31.0
1382,2020-11-16 22:59:46,2020-11-16 23:20:56,91.2,96.4,135.76657291666663,32.0,30.984375
1383,2020-11-17 12:54:47,2020-11-17 13:23:07,69.6,84.8,124.2690058479532,30.380116959064328,29.0
1384,2020-11-17 13:23:28,2020-11-17 13:46:48,85.2,97.6,125.44578830645167,31.0,29.822695035460992
1385,2020-11-18 02:16:09,2020-11-18 02:43:19,29.2,46.8,117.69965956439397,30.914634146341463,29.29268292682927
1386,2020-11-18 02:43:40,2020-11-18 03:17:30,47.2,68.4,117.38143081761005,32.76960784313726,31.352941176470587
1387,2020-11-18 03:17:51,2020-11-18 03:47:51,68.4,85.6,122.68735521640836,33.76243093922652,32.0
1388,2020-11-18 03:48:12,2020-11-18 04:10:02,86.0,97.6,127.81970414272037,34.0,32.0
1389,2020-11-18 21:06:53,2020-11-18 22:42:01,9.6,97.6,117.25584235164143,35.91456582633053,34.095238095238095
1390,2020-11-19 19:43:50,2020-11-19 20:10:10,18.8,45.2,116.86659785353535,32.874213836477985,31.61635220125786
1391,2020-11-19 20:10:31,2020-11-19 20:51:52,45.6,86.8,117.58017783171523,36.356,34.892
1392,2020-11-19 20:52:13,2020-11-19 21:11:02,87.2,97.6,125.58442465277788,37.01754385964912,36.0
1393,2020-11-20 11:49:42,2020-11-20 12:11:22,70.0,89.2,123.19301157407408,31.419847328244273,29.931297709923665
1394,2020-11-20 12:11:43,2020-11-20 12:40:23,89.6,99.2,133.1496429398147,32.0,30.404624277456648
1395,2020-11-20 20:23:21,2020-11-20 20:40:01,41.2,57.6,118.47560094850948,35.18811881188119,33.475247524752476
1396,2020-11-20 20:40:22,2020-11-20 21:00:22,58.0,76.8,124.05288992316787,36.81818181818182,35.1900826446281
1397,2020-11-20 21:09:03,2020-11-20 21:35:43,80.8,97.6,124.96197180886244,37.95652173913044,36.0
1398,2020-11-21 11:00:58,2020-11-21 11:33:48,60.8,90.0,123.60732420091323,32.93939393939394,31.171717171717173
1399,2020-11-22 06:00:43,2020-11-22 06:27:23,78.0,97.2,124.88497258391203,29.0,28.0
1400,2020-11-22 14:15:36,2020-11-22 14:32:16,33.6,45.2,119.53302610153254,32.65346534653465,31.405940594059405
1401,2020-11-22 14:32:37,2020-11-22 15:04:27,45.6,68.0,118.19070052083333,34.505208333333336,33.333333333333336
1402,2020-11-22 15:04:48,2020-11-22 15:23:38,68.0,80.8,122.36759700520832,35.60526315789474,34.228070175438596
1403,2020-11-22 22:27:06,2020-11-22 22:56:26,32.0,61.2,117.21794463470319,34.621468926553675,32.61581920903955
1404,2020-11-22 22:56:47,2020-11-22 23:22:57,61.6,86.4,123.0785208893369,36.81645569620253,35.01898734177215
1405,2020-11-23 11:07:23,2020-11-23 11:37:03,22.8,52.4,115.56589536411414,29.977653631284916,28.07262569832402
1406,2020-11-23 11:37:24,2020-11-23 12:02:24,52.8,77.2,118.13412499999998,32.80794701986755,31.019867549668874
1407,2020-11-23 12:02:45,2020-11-23 12:23:05,77.6,93.2,121.02656312321936,34.0,32.0
1408,2020-11-23 16:31:51,2020-11-23 17:00:01,63.6,89.2,123.16299734157987,33.17058823529412,30.67058823529412
1409,2020-11-24 04:49:31,2020-11-24 05:22:42,45.6,77.2,122.19419058544302,26.606965174129353,24.323383084577113
1410,2020-11-24 05:23:03,2020-11-24 05:53:13,77.6,97.6,122.17986965277778,28.0,26.0
1411,2020-11-24 14:56:55,2020-11-24 15:21:15,48.8,72.4,120.39548752354045,29.993197278911566,28.952380952380953
1412,2020-11-25 01:23:48,2020-11-25 01:44:48,14.0,28.0,112.35416696428572,27.818897637795274,25.921259842519685
1413,2020-11-25 01:45:09,2020-11-25 02:15:29,28.0,47.6,116.07142857142856,29.40983606557377,27.491803278688526
1414,2020-11-25 02:15:50,2020-11-25 02:45:50,47.6,68.0,110.29411764705883,30.994475138121548,29.0
1415,2020-11-25 02:46:11,2020-11-25 03:14:21,68.4,86.0,120.02840909090912,31.71764705882353,29.276470588235295
1416,2020-11-25 03:14:42,2020-11-25 03:37:42,86.0,97.6,122.16354909003834,32.0,30.0
1417,2020-11-25 17:08:52,2020-11-25 17:39:22,30.4,42.8,115.39316218637994,30.152173913043477,28.57608695652174
1418,2020-11-25 17:39:43,2020-11-25 18:12:03,42.8,55.6,115.17689268663192,31.328205128205127,29.692307692307693
1419,2020-11-25 18:12:24,2020-11-25 18:44:24,56.0,67.6,122.58263194444451,32.0,30.60103626943005
1420,2020-11-25 18:44:45,2020-11-25 19:16:15,68.0,79.2,122.61659561011902,32.0,30.221052631578946
1421,2020-11-25 19:16:36,2020-11-25 19:46:36,79.2,89.6,123.78343055555567,32.0,30.0
1422,2020-11-26 04:10:34,2020-11-26 04:43:14,22.4,55.2,116.3410508553523,31.060913705583758,28.934010152284262
1423,2020-11-26 04:43:35,2020-11-26 05:03:33,55.6,74.8,121.44872090567134,33.90909090909091,32.14049586776859
1424,2020-11-26 05:03:54,2020-11-26 05:31:34,75.2,96.4,121.9175954533543,35.0,33.0
1425,2020-11-26 16:23:19,2020-11-26 16:50:29,40.0,66.8,118.20221242744613,34.1219512195122,32.24390243902439
1426,2020-11-26 16:50:50,2020-11-26 17:21:10,66.8,92.8,121.73290042735046,35.78688524590164,33.91803278688525
1427,2020-11-27 01:48:02,2020-11-27 02:20:12,22.4,54.4,117.28559140625,33.54123711340206,30.438144329896907
1428,2020-11-27 02:20:33,2020-11-27 02:51:23,54.8,84.8,119.92639078703704,36.483870967741936,33.53225806451613
1429,2020-11-27 02:51:44,2020-11-27 03:12:14,85.2,97.6,124.11067271505385,37.0,34.0
1430,2020-11-27 13:36:49,2020-11-27 14:38:35,32.0,90.0,120.51164246647512,29.885775862068964,28.400862068965516
1431,2020-11-28 01:21:58,2020-11-28 02:18:24,31.6,86.8,119.30873239231082,27.44811320754717,25.75
1432,2020-11-28 13:49:17,2020-11-28 14:17:36,63.6,89.2,122.47039526909727,27.128654970760234,26.169590643274855
1433,2020-11-29 00:08:45,2020-11-29 00:36:25,8.400001,36.4,115.85218662765746,27.35928143712575,24.79640718562874
1434,2020-11-29 00:36:46,2020-11-29 01:06:56,36.8,67.2,116.5963082967836,30.593406593406595,28.071428571428573
1435,2020-11-29 01:07:17,2020-11-29 01:36:27,67.6,92.4,120.93918525985656,32.55681818181818,29.982954545454547
1436,2020-11-29 12:54:30,2020-11-29 13:25:50,30.0,62.0,113.42621588541668,26.174603174603174,24.719576719576718
1437,2020-11-29 13:26:11,2020-11-29 13:57:11,62.4,90.4,116.99405436507932,29.09090909090909,27.60427807486631
1438,2020-12-02 05:14:57,2020-12-02 05:43:27,30.8,49.2,116.16998807367149,26.087209302325583,25.00581395348837
1439,2020-12-02 05:43:48,2020-12-02 06:10:58,49.2,67.2,113.32331535493829,27.8109756097561,26.664634146341463
1440,2020-12-02 06:11:19,2020-12-02 06:40:39,67.6,86.0,119.82113066123188,28.497175141242938,27.0
1441,2020-12-02 17:46:12,2020-12-02 18:15:12,19.6,38.0,118.00873626207729,26.377142857142857,24.954285714285714
1442,2020-12-02 18:15:33,2020-12-02 18:42:53,38.4,56.0,116.28391374684344,28.666666666666668,27.236363636363638
1443,2020-12-02 18:43:14,2020-12-02 19:11:44,56.4,74.4,118.52312546296292,30.0,28.686046511627907
1444,2020-12-02 19:12:05,2020-12-02 19:28:35,74.8,84.8,123.4805286111111,30.67,29.0
1445,2020-12-03 04:12:07,2020-12-03 04:33:27,10.0,32.0,113.3055717171717,23.147286821705425,20.7984496124031
1446,2020-12-03 04:33:48,2020-12-03 04:59:28,32.0,58.0,115.36486688034189,26.09032258064516,23.806451612903224
1447,2020-12-03 04:59:49,2020-12-03 05:24:39,58.4,82.8,119.01470275500911,28.493333333333332,26.373333333333335
1448,2020-12-03 05:25:00,2020-12-03 05:49:50,83.2,97.6,120.13023369984577,29.0,27.0
1449,2020-12-03 16:12:16,2020-12-03 16:34:36,29.2,51.6,116.30766251240078,24.94074074074074,23.362962962962964
1450,2020-12-03 16:34:57,2020-12-03 17:02:27,51.6,78.4,119.72999746061357,27.879518072289155,26.69277108433735
1451,2020-12-03 17:02:48,2020-12-03 17:33:08,78.8,97.6,122.62560793439718,29.0,28.0
1452,2020-12-04 02:47:53,2020-12-04 03:05:33,63.6,80.4,123.5507595072751,25.44859813084112,22.981308411214954
1453,2020-12-04 03:05:54,2020-12-04 03:37:04,80.8,97.2,118.47731444783194,26.0,24.0
1454,2020-12-04 07:10:49,2020-12-04 07:29:39,68.0,86.0,119.0540238425926,24.149122807017545,20.771929824561404
1455,2020-12-04 07:30:00,2020-12-04 07:53:30,86.4,97.6,130.38569060019856,24.91549295774648,21.795774647887324
1456,2020-12-05 01:30:17,2020-12-05 01:50:27,28.8,41.6,118.09353352864582,21.368852459016395,18.729508196721312
1457,2020-12-05 01:50:48,2020-12-05 02:20:28,42.0,61.2,115.88541666666666,23.18435754189944,20.966480446927374
1458,2020-12-05 02:20:49,2020-12-05 02:52:09,61.2,80.8,119.89795918367349,24.375661375661377,22.41269841269841
1459,2020-12-05 02:52:30,2020-12-05 03:22:00,80.8,96.4,123.19445112179481,25.0,23.03932584269663
1460,2020-12-06 10:29:45,2020-12-06 10:55:45,24.0,33.6,116.55388107638885,17.75796178343949,16.828025477707005
1461,2020-12-06 10:56:06,2020-12-06 11:22:16,33.6,43.2,117.33512123842588,18.835443037974684,17.917721518987342
1462,2020-12-06 11:22:37,2020-12-06 11:52:47,43.2,55.6,104.91262477598565,20.192307692307693,19.214285714285715
1463,2020-12-06 11:53:08,2020-12-06 12:18:48,55.6,65.6,110.77357458333337,21.0,20.0
1464,2020-12-06 12:19:09,2020-12-06 12:49:49,65.6,76.8,118.1919193948412,21.0,20.09189189189189
1465,2020-12-06 12:50:10,2020-12-06 13:12:00,77.2,84.8,124.0094550438597,21.90909090909091,21.0
1466,2020-12-06 20:37:38,2020-12-06 21:07:28,45.2,74.0,120.87625622106484,24.91111111111111,23.483333333333334
1467,2020-12-06 21:07:49,2020-12-06 21:33:29,74.4,94.0,124.56207213718824,26.741935483870968,25.0
1468,2020-12-07 23:52:29,2020-12-08 00:31:35,22.8,62.0,116.28428971088437,25.430379746835442,23.953586497890296
1469,2020-12-08 00:39:32,2020-12-08 00:57:40,70.0,87.2,121.02211803940565,28.8018018018018,27.0
1470,2020-12-08 00:58:01,2020-12-08 01:18:31,87.2,97.6,124.31223530982918,29.0,27.0
1471,2020-12-08 06:20:25,2020-12-08 06:42:15,60.8,81.6,122.47529473824787,26.196969696969695,22.825757575757574
1472,2020-12-08 06:42:36,2020-12-08 07:10:26,81.6,97.6,124.38975859374999,27.0,24.0
1473,2020-12-08 12:34:37,2020-12-08 12:51:37,69.6,85.6,121.3177197916667,25.57281553398058,23.533980582524272
1474,2020-12-08 16:22:08,2020-12-08 16:49:58,77.6,97.2,125.02198001700675,26.023809523809526,24.797619047619047
1475,2020-12-09 01:27:45,2020-12-09 01:55:35,44.4,71.6,119.42198417075164,26.107142857142858,24.113095238095237
1476,2020-12-09 01:55:56,2020-12-09 02:13:56,72.0,88.4,123.00221112804873,27.73394495412844,25.926605504587155
1477,2020-12-09 14:51:17,2020-12-09 15:12:07,14.4,34.8,119.01959858387798,26.206349206349206,24.92063492063492
1478,2020-12-09 15:12:28,2020-12-09 15:38:28,35.2,61.6,114.8216463068182,29.254777070063696,28.006369426751593
1479,2020-12-09 15:38:49,2020-12-09 16:08:29,62.0,89.2,119.8779549121732,31.491620111731844,30.41340782122905
1480,2020-12-09 23:10:40,2020-12-09 23:41:10,61.2,88.8,123.20956104066025,30.130434782608695,27.804347826086957
1481,2020-12-09 23:41:31,2020-12-09 23:58:01,89.2,97.6,126.9676407076721,31.0,28.93
1482,2020-12-10 13:55:53,2020-12-10 14:29:03,40.4,72.8,118.57424554183812,29.525,28.495
1483,2020-12-10 14:29:24,2020-12-10 14:46:04,73.2,88.4,120.61586458333329,31.504950495049506,30.504950495049506
1484,2020-12-10 23:23:22,2020-12-10 23:51:22,34.0,52.0,116.40738148148147,29.467455621301774,27.42603550295858
1485,2020-12-10 23:51:43,2020-12-11 00:23:13,52.4,72.0,120.26783035714284,30.942105263157895,29.068421052631578
1486,2020-12-11 00:23:34,2020-12-11 00:55:54,72.4,92.0,123.13064143990931,31.77948717948718,30.0
1487,2020-12-11 08:26:21,2020-12-11 08:54:21,60.8,87.2,122.08547264309766,28.39644970414201,25.86390532544379
1488,2020-12-12 05:53:22,2020-12-12 06:23:42,33.6,63.6,117.46853703703704,26.743169398907103,24.994535519125684
1489,2020-12-12 06:24:03,2020-12-12 06:45:35,64.0,84.4,122.6340061546841,29.206106870229007,27.450381679389313
1490,2020-12-12 06:45:56,2020-12-12 07:03:36,84.8,96.0,124.89459660218252,30.0,28.0
1491,2020-12-12 18:30:05,2020-12-12 18:57:45,19.6,37.2,118.22366887626261,29.18562874251497,27.508982035928145
1492,2020-12-12 18:58:06,2020-12-12 19:21:05,37.6,52.8,113.67738265716379,31.042857142857144,29.464285714285715
1493,2020-12-12 19:21:26,2020-12-12 19:45:26,52.8,68.4,115.66776068376063,32.358620689655176,30.917241379310344
1494,2020-12-12 19:45:47,2020-12-12 20:14:57,68.8,86.8,122.03243441358025,33.0,31.352272727272727
1495,2020-12-12 20:15:18,2020-12-12 20:34:08,86.8,97.6,125.40897852366261,33.37719298245614,32.0
1496,2020-12-13 08:52:51,2020-12-13 09:20:21,33.2,60.0,119.56312251243784,27.126506024096386,26.06024096385542
1497,2020-12-13 09:20:42,2020-12-13 09:51:12,60.4,88.8,121.9380946302817,29.78804347826087,28.70108695652174
1498,2020-12-14 11:21:49,2020-12-14 13:24:50,22.4,97.6,120.01492483747045,23.54712892741062,22.166847237269774
1499,2020-12-14 22:47:37,2020-12-14 23:05:37,37.2,54.8,119.81298863636371,20.559633027522935,17.972477064220183
1500,2020-12-14 23:05:58,2020-12-14 23:24:48,55.2,73.2,122.42517091049385,22.68421052631579,20.56140350877193
1501,2020-12-15 06:15:03,2020-12-15 06:47:13,15.6,47.6,117.7817002170139,22.20618556701031,18.9020618556701
1502,2020-12-15 06:47:34,2020-12-15 07:14:34,48.0,74.8,118.03328570688227,25.54601226993865,22.57668711656442
1503,2020-12-15 07:14:55,2020-12-15 07:44:15,75.2,95.6,123.45793967864932,26.971751412429377,24.0
1504,2020-12-15 17:14:43,2020-12-15 17:41:43,45.6,72.0,119.74696301557242,24.263803680981596,21.950920245398773
1505,2020-12-15 17:42:04,2020-12-15 18:10:14,72.4,94.4,123.3832225378788,25.935294117647057,23.83529411764706
1506,2020-12-16 00:59:53,2020-12-16 01:30:33,23.2,42.8,117.0337307256236,19.627027027027026,16.767567567567568
1507,2020-12-16 01:30:54,2020-12-16 02:00:44,42.8,62.4,114.15816326530613,21.633333333333333,19.13888888888889
1508,2020-12-16 02:01:05,2020-12-16 02:28:05,62.4,79.2,120.53736789021161,22.9079754601227,20.288343558282207
1509,2020-12-16 02:28:26,2020-12-16 02:58:56,79.6,96.0,126.22713998983733,23.277173913043477,21.0
1510,2020-12-16 06:08:09,2020-12-16 06:25:29,63.2,79.6,121.99442284891609,22.0,18.533333333333335
1511,2020-12-16 06:25:50,2020-12-16 06:54:10,80.0,96.4,122.9005900237127,23.0,19.91812865497076
1512,2020-12-16 15:36:23,2020-12-16 16:03:53,40.8,67.6,119.66418635986736,22.07831325301205,20.33132530120482
1513,2020-12-16 16:04:14,2020-12-16 16:34:24,68.0,92.8,122.58457252464162,24.324175824175825,22.653846153846153
1514,2020-12-17 00:02:12,2020-12-17 00:32:22,6.0,36.4,116.432731999269,23.53846153846154,20.62087912087912
1515,2020-12-17 00:32:43,2020-12-17 01:02:53,36.8,67.2,116.43364583333329,26.873626373626372,23.983516483516482
1516,2020-12-17 01:03:14,2020-12-17 01:31:34,67.2,91.6,121.36553819444448,28.818713450292396,25.923976608187136
1517,2020-12-17 06:20:02,2020-12-17 06:47:52,22.0,50.0,116.13790833333333,24.613095238095237,20.178571428571427
1518,2020-12-17 06:48:13,2020-12-17 07:19:53,50.4,81.2,120.0965110930736,27.43979057591623,23.329842931937172
1519,2020-12-17 07:20:14,2020-12-17 07:48:54,81.6,97.2,124.71867708333326,28.0,24.0
1520,2020-12-17 19:36:21,2020-12-17 20:33:19,57.6,97.6,123.26546828819447,22.44392523364486,20.128504672897197
1521,2020-12-18 03:23:31,2020-12-18 03:48:41,54.8,78.8,122.3865787037037,23.17105263157895,20.480263157894736
1522,2020-12-18 03:49:02,2020-12-18 04:14:02,79.2,95.2,122.06251883680557,24.0,21.516556291390728
1523,2020-12-18 20:17:36,2020-12-18 20:41:46,74.0,88.8,122.17532751501507,17.71917808219178,17.0
1524,2020-12-19 01:05:05,2020-12-19 01:33:55,40.4,61.2,115.71182491987176,21.103448275862068,18.93103448275862
1525,2020-12-19 01:34:16,2020-12-19 02:03:56,61.6,81.6,123.86252430555562,22.6536312849162,20.69832402234637
1526,2020-12-19 02:04:17,2020-12-19 02:27:37,82.0,95.6,124.77739358660136,23.581560283687942,21.70921985815603
1527,2020-12-19 15:18:04,2020-12-19 15:47:34,16.4,37.2,118.2585539529914,18.640449438202246,17.46629213483146
1528,2020-12-19 15:47:55,2020-12-19 16:18:15,37.6,59.6,114.9709667929293,21.240437158469945,20.169398907103826
1529,2020-12-19 16:18:36,2020-12-19 16:44:16,60.0,78.0,118.89738356481483,22.974193548387095,21.948387096774194
1530,2020-12-19 16:44:37,2020-12-19 17:14:07,78.4,95.6,122.95059302325588,23.89887640449438,22.741573033707866
1531,2020-12-20 00:11:48,2020-12-20 00:42:08,56.8,85.2,122.3850795187793,24.595628415300546,21.907103825136613
1532,2020-12-20 00:42:29,2020-12-20 00:59:49,85.6,95.2,123.78907624421285,25.047619047619047,23.0
1533,2020-12-20 04:07:03,2020-12-20 04:33:23,61.6,86.0,122.2205228825137,23.427672955974842,19.767295597484278
1534,2020-12-20 18:23:45,2020-12-20 18:45:25,12.8,26.8,116.50498680555556,21.9618320610687,20.290076335877863
1535,2020-12-20 18:45:46,2020-12-20 19:14:46,27.2,45.6,118.73191032608696,23.474285714285713,21.931428571428572
1536,2020-12-20 19:15:07,2020-12-20 19:46:47,46.0,66.8,114.69019631410258,25.57591623036649,23.785340314136125
1537,2020-12-20 19:47:08,2020-12-20 20:16:48,66.8,85.2,121.4613795289855,26.29608938547486,24.670391061452513
1538,2020-12-21 03:18:59,2020-12-21 03:48:39,24.0,54.0,117.2134412962963,22.502793296089386,19.58100558659218
1539,2020-12-21 03:49:00,2020-12-21 04:11:10,54.0,76.0,119.47413295454542,25.567164179104477,23.007462686567163
1540,2020-12-21 04:11:31,2020-12-21 04:38:31,76.4,96.4,122.63960187500001,26.883435582822084,24.245398773006134
1541,2020-12-21 13:36:35,2020-12-21 13:53:25,37.2,54.0,118.03325066137576,21.38235294117647,19.470588235294116
1542,2020-12-21 13:53:46,2020-12-21 14:48:24,54.4,96.8,121.69646954599058,24.437689969604865,22.969604863221885
1543,2020-12-22 02:04:44,2020-12-22 02:29:44,30.8,56.0,115.7760176366843,23.105960264900663,20.874172185430464
1544,2020-12-22 02:30:05,2020-12-22 03:05:40,56.0,89.2,119.97323017068273,26.106976744186046,24.12093023255814
1545,2020-12-22 03:06:01,2020-12-22 03:23:02,89.2,97.6,125.94778277116416,27.0,25.0
1546,2020-12-22 14:01:05,2020-12-22 14:24:45,36.8,60.0,119.29239750957854,22.04895104895105,20.713286713286713
1547,2020-12-22 14:25:06,2020-12-22 14:52:56,60.0,86.0,121.88462361111112,24.577380952380953,23.482142857142858
1548,2020-12-22 14:53:17,2020-12-22 15:12:37,86.4,97.2,120.15176687242798,26.0,24.605042016806724
1549,2020-12-22 23:22:25,2020-12-22 23:47:35,53.2,77.2,122.7772120949074,25.526315789473685,23.526315789473685
1550,2020-12-22 23:47:56,2020-12-23 00:19:06,77.6,97.6,123.46320923611114,26.96808510638298,25.079787234042552
1551,2020-12-23 13:48:56,2020-12-23 14:17:56,26.4,47.2,116.1905720486111,25.434285714285714,24.10857142857143
1552,2020-12-23 14:18:17,2020-12-23 14:48:27,47.2,68.8,116.38374485596712,28.197802197802197,26.97252747252747
1553,2020-12-23 14:48:48,2020-12-23 15:20:08,68.8,90.0,122.65461215932912,29.402116402116402,28.312169312169313
1554,2020-12-24 03:18:44,2020-12-24 05:10:49,8.0,97.6,116.98157650049603,29.01307966706302,27.065398335315102
1555,2020-12-24 15:22:56,2020-12-24 15:51:06,17.6,36.0,114.88451834239133,26.63529411764706,25.0
1556,2020-12-24 15:51:27,2020-12-24 16:25:17,36.0,58.4,113.33953955853175,28.84313725490196,27.230392156862745
1557,2020-12-24 16:25:38,2020-12-24 16:54:48,58.8,77.6,116.54404949763595,30.0,28.113636363636363
1558,2020-12-24 16:55:09,2020-12-24 17:19:39,77.6,92.8,119.9662191154971,30.5,29.0
1559,2020-12-25 04:07:59,2020-12-25 04:35:49,24.4,43.6,109.4473861400463,23.767857142857142,21.886904761904763
1560,2020-12-25 04:36:10,2020-12-25 05:04:20,43.6,63.2,108.49919756235829,25.83529411764706,24.347058823529412
1561,2020-12-25 05:04:41,2020-12-25 05:33:41,63.2,82.4,114.03650868055557,27.0,25.49142857142857
1562,2020-12-25 05:34:02,2020-12-25 05:59:32,82.4,97.6,121.34140149853809,27.792207792207794,26.0
1563,2020-12-25 11:11:13,2020-12-25 11:40:23,75.2,96.4,116.94706924790354,26.227272727272727,23.926136363636363
1564,2020-12-25 18:57:03,2020-12-25 19:20:43,70.4,88.0,103.9038798792614,23.916083916083917,22.727272727272727
1565,2020-12-25 19:21:04,2020-12-25 19:38:34,88.4,97.6,123.70925935990354,24.58490566037736,23.38679245283019
1566,2020-12-26 13:33:11,2020-12-26 14:22:02,60.8,96.4,118.59181532849561,26.576271186440678,25.352542372881356
1567,2020-12-27 00:34:45,2020-12-27 01:05:45,38.0,70.8,111.08104966971548,28.342245989304814,26.572192513368982
1568,2020-12-27 01:06:06,2020-12-27 01:35:06,71.2,95.2,118.87617627314813,30.548571428571428,28.66857142857143
1569,2020-12-27 11:52:08,2020-12-27 12:17:58,49.6,76.0,114.48391940235693,26.608974358974358,25.134615384615383
1570,2020-12-27 12:18:19,2020-12-27 12:43:59,76.4,96.0,119.20352650226762,28.148387096774194,26.851612903225806
1571,2020-12-27 20:07:27,2020-12-27 20:36:37,39.2,60.4,109.47721488469604,30.022727272727273,28.15909090909091
1572,2020-12-27 20:36:58,2020-12-27 21:00:18,60.4,76.8,113.7686487974255,31.0,29.134751773049647
1573,2020-12-27 21:00:39,2020-12-27 21:29:49,76.8,94.8,118.92594483024692,31.926136363636363,30.0
1574,2020-12-28 23:12:21,2020-12-28 23:41:51,26.8,58.0,110.44383435719374,28.314606741573034,26.926966292134832
1575,2020-12-28 23:42:12,2020-12-28 23:59:42,58.4,76.4,113.5441468518518,30.85981308411215,29.42056074766355
1576,2020-12-29 00:00:03,2020-12-29 00:25:43,76.8,96.4,118.83434793083893,31.93548387096774,30.0
1577,2020-12-29 14:48:50,2020-12-29 15:13:30,46.8,72.4,112.63510503472219,29.187919463087248,27.93959731543624
1578,2020-12-29 15:13:51,2020-12-29 15:44:11,72.8,96.4,121.52014289077209,30.87431693989071,29.743169398907103
1579,2020-12-30 01:14:46,2020-12-30 04:16:54,11.6,97.6,112.42230295542637,28.039502560351135,25.592538405267007
1580,2020-12-30 12:47:33,2020-12-30 13:16:33,74.0,95.6,117.6954869470165,22.902857142857144,21.0
1581,2020-12-31 08:51:19,2020-12-31 09:18:59,46.8,62.8,110.6658098958333,19.934131736526947,16.407185628742514
1582,2020-12-31 09:19:20,2020-12-31 09:46:10,62.8,80.4,114.60071985479794,25.80246913580247,21.987654320987655
1583,2020-12-31 09:46:31,2020-12-31 10:16:21,80.8,97.6,119.09395304232811,25.0,21.927777777777777
1584,2020-12-31 17:37:02,2020-12-31 18:03:42,39.6,59.6,110.29030000000002,22.608695652173914,20.31055900621118
1585,2020-12-31 18:04:03,2020-12-31 18:33:43,59.6,80.8,115.87856105870024,24.0,22.067039106145252
1586,2020-12-31 18:34:04,2020-12-31 19:02:44,81.2,97.2,122.09723020833334,24.99421965317919,23.0
1587,2021-01-01 01:52:36,2021-01-01 03:10:24,26.4,78.8,111.28541140797287,23.34641638225256,20.00853242320819
1588,2021-01-01 08:08:49,2021-01-01 08:37:59,46.4,75.2,113.46548162615741,24.698863636363637,20.130681818181817
1589,2021-01-01 08:38:20,2021-01-01 09:04:50,75.2,95.6,117.32435934095864,27.0,23.0
1590,2021-01-01 15:36:43,2021-01-01 15:55:03,38.0,57.6,109.14328394274375,22.83783783783784,20.495495495495497
1591,2021-01-01 15:55:24,2021-01-01 16:24:24,57.6,86.4,114.74247767168208,25.12,23.114285714285714
1592,2021-01-01 21:26:15,2021-01-01 21:55:05,51.2,80.8,113.90485712274779,24.24137931034483,21.333333333333332
1593,2021-01-02 02:31:20,2021-01-02 03:07:35,48.8,85.2,114.82560141178264,24.429864253393664,21.16289592760181
1594,2021-01-02 15:37:48,2021-01-02 16:13:08,28.0,65.2,111.44153080197133,22.11737089201878,20.95774647887324
1595,2021-01-02 16:13:29,2021-01-02 16:41:19,65.6,91.2,116.18217811414928,25.458333333333332,24.446428571428573
1596,2021-01-02 22:07:30,2021-01-02 22:35:40,58.4,86.0,116.51622639895332,24.041176470588237,21.523529411764706
1597,2021-01-03 03:59:42,2021-01-03 04:49:44,28.8,74.0,111.10025016285643,22.125,19.007978723404257
1598,2021-01-03 04:50:03,2021-01-03 05:26:45,74.4,97.6,122.73666878591958,24.1231884057971,21.768115942028984
1599,2021-01-04 01:26:34,2021-01-04 03:15:34,26.4,97.6,113.6418570536829,26.00488997555012,24.41442542787286
1600,2021-01-05 03:03:56,2021-01-05 04:33:04,40.4,97.6,115.40038380439006,28.777279521674142,25.810164424514202
1601,2021-01-05 06:39:05,2021-01-05 06:56:15,70.4,81.6,114.95535714285725,28.96153846153846,25.548076923076923
1602,2021-01-05 06:56:36,2021-01-05 07:21:56,81.6,97.2,116.61860336538456,29.0,26.0
1603,2021-01-05 12:01:54,2021-01-05 12:24:54,82.4,97.6,120.00824205043872,28.0,25.453237410071942
1604,2021-01-06 00:44:05,2021-01-06 01:15:05,28.8,48.8,108.7583591666667,25.272727272727273,22.6951871657754
1605,2021-01-06 01:15:26,2021-01-06 01:45:26,48.8,68.0,109.63544270833331,26.845303867403317,24.629834254143645
1606,2021-01-06 01:45:47,2021-01-06 02:14:47,68.0,85.6,115.63449715909096,27.302857142857142,25.0
1607,2021-01-06 02:15:08,2021-01-06 02:36:38,85.6,97.6,122.57063171296296,28.0,25.784615384615385
1608,2021-01-06 07:09:36,2021-01-06 07:39:56,54.8,74.8,115.26669194444446,25.185792349726775,21.852459016393443
1609,2021-01-06 08:11:58,2021-01-06 08:28:28,87.6,97.6,118.32641861111112,26.0,23.0
1610,2021-01-07 01:53:28,2021-01-07 03:41:28,4.0,97.6,111.18792478632477,26.223181257706536,24.47718865598027
1611,2021-01-07 15:40:45,2021-01-07 16:11:38,16.0,48.8,110.00068799119242,21.764705882352942,19.620320855614974
1612,2021-01-07 16:11:59,2021-01-07 16:42:19,49.2,80.8,112.17124969233477,25.360655737704917,23.42622950819672
1613,2021-01-07 19:26:40,2021-01-07 19:57:00,71.2,90.8,115.47052501417234,24.333333333333332,21.185792349726775
1614,2021-01-08 01:35:43,2021-01-08 01:53:33,73.6,90.0,116.17126710704603,26.13888888888889,22.0
1615,2021-01-08 16:34:54,2021-01-08 17:05:44,29.6,62.0,109.98671124828535,25.973118279569892,22.612903225806452
1616,2021-01-09 11:23:26,2021-01-09 11:41:26,10.4,32.0,84.93506938014403,17.36697247706422,14.935779816513762
1617,2021-01-09 11:41:47,2021-01-09 12:10:47,32.4,63.2,109.9612270923521,26.96,23.611428571428572
1618,2021-01-09 12:11:08,2021-01-09 12:41:58,63.2,91.6,114.82835666079818,28.973118279569892,25.989247311827956
1619,2021-01-10 12:31:27,2021-01-10 14:20:35,28.0,97.6,114.8743667145594,24.982905982905983,22.76800976800977
1620,2021-01-11 01:16:43,2021-01-11 01:42:33,33.2,60.8,109.3472315519324,26.82389937106918,23.49685534591195
1621,2021-01-11 01:42:54,2021-01-11 02:11:24,61.2,89.2,115.9027875,28.680232558139537,25.46511627906977
1622,2021-01-11 10:04:58,2021-01-11 10:44:40,50.4,84.8,115.32789497739017,26.926421404682273,22.401337792642142
1623,2021-01-11 11:00:57,2021-01-11 11:15:53,92.4,97.6,119.45727072649599,27.0,23.0
1624,2021-01-11 14:22:15,2021-01-11 14:44:59,68.8,82.4,114.65422218137249,24.0,20.0
1625,2021-01-11 14:45:20,2021-01-11 15:10:10,82.4,95.6,117.63680155723917,24.0,20.0
1626,2021-01-11 22:05:44,2021-01-11 22:37:34,36.8,69.6,111.28219148035232,26.203125,21.994791666666668
1627,2021-01-11 22:37:55,2021-01-11 23:07:25,70.0,94.4,117.77778762522766,28.426966292134832,24.735955056179776
1628,2021-01-12 03:22:55,2021-01-12 04:25:38,43.2,94.4,116.00544051378037,23.59660297239915,18.904458598726116
1629,2021-01-12 16:08:09,2021-01-12 17:58:14,25.2,97.6,114.30636730931556,22.2953995157385,21.02179176755448
1630,2021-01-13 10:57:13,2021-01-13 11:15:13,51.6,67.6,115.35505642361117,19.256880733944953,16.61467889908257
1631,2021-01-13 11:15:34,2021-01-13 11:45:04,68.0,93.2,115.93859672619044,25.96067415730337,22.674157303370787
1632,2021-01-13 18:13:09,2021-01-13 18:37:59,50.0,68.4,113.13787432065216,25.466666666666665,23.466666666666665
1633,2021-01-13 18:38:20,2021-01-13 19:08:10,68.4,90.4,113.72982916666669,26.288888888888888,24.516666666666666
1634,2021-01-14 05:18:48,2021-01-14 06:59:24,0.8,97.6,112.36562340306475,27.4,24.129801324503312
1635,2021-01-15 00:58:33,2021-01-15 01:27:23,26.4,57.6,107.9148955662393,22.95402298850575,20.442528735632184
1636,2021-01-15 01:27:44,2021-01-15 01:54:04,57.6,84.4,114.42320926616914,25.559748427672957,23.062893081761008
1637,2021-01-15 01:54:25,2021-01-15 02:18:55,84.8,97.6,127.61395073784728,26.0,23.87162162162162
1638,2021-01-16 00:37:49,2021-01-16 01:09:09,21.2,42.8,108.9467841435185,22.04232804232804,20.645502645502646
1639,2021-01-16 01:09:30,2021-01-16 01:39:33,42.8,62.8,109.33411160416667,24.24175824175824,22.664835164835164
1640,2021-01-16 01:39:54,2021-01-16 02:14:14,63.2,83.6,116.87910266884536,25.0,23.584541062801932
1641,2021-01-16 05:17:23,2021-01-16 06:22:06,58.0,97.6,116.61971040263754,24.47119341563786,21.36008230452675
1642,2021-01-16 16:12:51,2021-01-16 16:42:01,52.0,81.6,115.30266014451955,27.977272727272727,27.113636363636363
1643,2021-01-16 16:42:22,2021-01-16 17:06:02,82.0,97.6,122.34420717592597,29.335664335664337,28.62937062937063
1644,2021-01-17 14:06:24,2021-01-17 14:32:44,64.8,89.6,115.80031356406812,20.540880503144653,19.89308176100629
1645,2021-01-18 00:55:31,2021-01-18 01:12:31,39.2,49.2,110.06945833333334,19.12621359223301,17.436893203883496
1646,2021-01-18 01:12:52,2021-01-18 01:41:12,49.6,66.4,112.61575471230157,20.45614035087719,18.795321637426902
1647,2021-01-18 01:41:33,2021-01-18 02:01:43,66.4,78.4,112.50164837962964,21.0,19.991869918699187
1648,2021-01-18 02:02:04,2021-01-18 02:29:14,78.4,93.6,119.44995614035096,21.798780487804876,20.195121951219512
1649,2021-01-18 06:08:22,2021-01-18 06:31:42,61.6,84.4,113.47710928362574,20.78723404255319,17.858156028368793
1650,2021-01-18 06:32:03,2021-01-18 06:58:23,84.4,97.2,123.70553211805557,21.0062893081761,19.0
1651,2021-01-18 15:49:33,2021-01-18 16:13:43,26.4,52.4,108.73612836538462,22.075342465753426,20.65753424657534
1652,2021-01-18 16:14:04,2021-01-18 16:40:34,52.8,80.0,113.89503257761436,25.29375,24.0125
1653,2021-01-19 06:21:32,2021-01-19 08:12:01,4.8,97.6,111.90346096294302,26.881785283474066,23.696019300361883
1654,2021-01-19 13:41:27,2021-01-19 14:08:47,73.2,95.2,117.20393358585859,27.806060606060605,25.66060606060606
1655,2021-01-19 23:52:24,2021-01-20 00:19:34,28.0,56.8,109.62338054591052,24.71951219512195,22.45731707317073
1656,2021-01-20 00:19:55,2021-01-20 00:47:55,57.2,85.2,116.29119895833338,27.556213017751478,25.662721893491124
1657,2021-01-20 06:49:10,2021-01-20 07:50:49,43.2,97.6,116.84166518841914,27.019438444924408,24.695464362850974
1658,2021-01-20 23:08:46,2021-01-21 00:16:25,28.4,93.6,114.3270738709952,27.143700787401574,25.866141732283463
1659,2021-01-21 23:07:10,2021-01-21 23:39:20,40.0,73.6,112.85716385582016,26.40721649484536,24.989690721649485
1660,2021-01-21 23:39:41,2021-01-22 00:07:31,74.0,96.0,119.64017196969698,28.63095238095238,27.0
1661,2021-01-22 05:04:12,2021-01-22 05:35:22,57.6,89.2,113.99525944971872,29.26063829787234,26.590425531914892
1662,2021-01-22 16:12:08,2021-01-22 16:39:18,18.4,39.2,108.28394190705129,26.24390243902439,25.067073170731707
1663,2021-01-22 16:50:37,2021-01-22 17:16:07,44.4,63.2,112.4416750147754,29.181818181818183,27.98051948051948
1664,2021-01-22 17:16:28,2021-01-22 17:45:28,63.6,84.4,115.72253538995727,30.285714285714285,29.0
1665,2021-01-22 17:45:49,2021-01-22 18:07:19,84.8,97.6,122.8982561848959,31.0,29.884615384615383
1666,2021-01-23 12:30:59,2021-01-23 12:54:39,24.4,49.2,111.52443005152328,25.475524475524477,24.447552447552447
1667,2021-01-23 12:55:00,2021-01-23 13:21:00,49.6,76.4,113.22139946102818,28.484076433121018,27.598726114649683
1668,2021-01-23 13:21:21,2021-01-23 13:48:51,76.8,97.2,120.22468239379083,30.0,29.0
1669,2021-01-23 23:59:12,2021-01-24 00:25:42,57.2,84.0,115.57319195688227,29.125,27.2375
1670,2021-01-24 00:26:03,2021-01-24 00:44:48,84.4,96.4,125.99851584490744,30.0,28.0
1671,2021-01-24 08:57:56,2021-01-24 09:29:36,39.6,61.2,109.9537037037037,24.513089005235603,22.643979057591622
1672,2021-01-24 09:29:57,2021-01-24 10:00:47,61.2,81.2,115.625,25.881720430107528,24.0
1673,2021-01-24 10:01:08,2021-01-24 10:28:28,81.6,97.6,123.07813828125,26.32121212121212,24.763636363636362
1674,2021-01-25 15:05:48,2021-01-25 15:28:08,1.6,17.6,104.68315928819445,27.362962962962964,26.0
1675,2021-01-25 15:28:29,2021-01-25 15:59:49,18.0,39.2,110.79926126834378,28.634920634920636,27.253968253968253
1676,2021-01-25 16:00:10,2021-01-25 16:29:40,39.6,59.6,110.61666583333334,30.797752808988765,29.4438202247191
1677,2021-01-25 16:30:01,2021-01-25 17:02:31,60.0,81.2,114.94627581236895,32.0,30.943877551020407
1678,2021-01-25 17:02:52,2021-01-25 17:24:02,81.2,94.4,117.42424968434338,32.265625,31.0
1679,2021-01-26 11:44:39,2021-01-26 12:12:09,37.2,42.8,109.67253720238108,22.0,21.03012048192771
1680,2021-01-26 12:12:30,2021-01-26 12:41:20,42.8,48.8,107.32399398148151,22.850574712643677,22.0
1681,2021-01-26 12:41:41,2021-01-26 13:07:11,48.8,54.0,109.51914903846149,23.084415584415584,22.467532467532468
1682,2021-01-26 13:07:32,2021-01-26 13:33:52,54.4,59.6,113.09820619658117,24.0,23.0
1683,2021-01-26 13:34:13,2021-01-26 14:03:33,59.6,65.6,109.18510370370385,24.0,23.0
1684,2021-01-26 14:03:54,2021-01-26 14:32:24,65.6,71.2,113.67055109126969,24.0,23.47093023255814
1685,2021-01-26 14:32:45,2021-01-26 15:06:15,71.2,77.6,116.9313394097224,24.212871287128714,24.0
1686,2021-01-26 16:07:25,2021-01-26 16:29:45,81.2,85.6,113.45952146464668,25.0,24.0
1687,2021-01-26 16:30:06,2021-01-26 16:58:06,85.6,91.2,111.7013090277776,25.0,24.0
1688,2021-01-26 16:58:27,2021-01-26 17:23:26,91.2,96.0,116.28811232638898,25.0,24.0
1689,2021-01-27 19:53:34,2021-01-27 20:15:44,12.4,36.4,108.18694351851855,26.55223880597015,25.097014925373134
1690,2021-01-27 20:16:05,2021-01-27 20:45:15,36.8,68.0,109.55620089921653,29.789772727272727,28.414772727272727
1691,2021-01-27 20:45:36,2021-01-27 21:09:36,68.0,90.8,115.05058254142304,31.675862068965518,30.151724137931033
1692,2021-01-29 09:02:59,2021-01-29 09:27:59,28.8,51.6,109.54253173732944,21.364238410596027,20.3841059602649
1693,2021-01-29 09:28:20,2021-01-29 09:57:50,52.0,77.2,111.58345502645501,23.803370786516854,22.775280898876403
1694,2021-01-29 09:58:11,2021-01-29 10:25:51,77.6,96.0,122.35660303442025,25.0,23.856287425149702
1695,2021-01-30 08:37:12,2021-01-30 10:05:23,12.8,97.6,112.52733897569446,23.604229607250755,22.533232628398792
1696,2021-02-01 15:59:45,2021-02-01 16:31:25,16.0,50.0,108.94486695261438,26.623036649214658,24.691099476439792
1697,2021-02-01 16:31:46,2021-02-01 16:58:26,50.4,78.4,111.30209618055554,30.354037267080745,28.645962732919255
1698,2021-02-02 12:55:02,2021-02-02 13:27:02,21.6,43.2,111.13040309927982,25.917098445595855,25.0
1699,2021-02-02 13:27:23,2021-02-02 13:53:53,43.2,61.2,110.54322253086421,28.3,27.4125
1700,2021-02-02 13:54:14,2021-02-02 14:20:44,61.6,78.8,115.80105846253232,29.55625,28.79375
1701,2021-02-02 14:21:05,2021-02-02 14:52:05,79.2,97.6,122.6510046044687,30.475935828877006,29.62566844919786
1702,2021-02-03 01:48:54,2021-02-03 02:10:24,17.2,40.0,110.38622118664718,28.06923076923077,25.715384615384615
1703,2021-02-03 02:10:45,2021-02-03 02:36:25,40.4,67.6,110.33344383169936,31.2,28.993548387096773
1704,2021-02-03 02:36:46,2021-02-03 03:05:46,68.0,93.2,119.3430477292769,33.08571428571429,30.902857142857144
1705,2021-02-03 21:21:24,2021-02-03 21:41:54,43.6,64.8,112.93174279350109,28.93548387096774,27.266129032258064
1706,2021-02-03 21:42:15,2021-02-03 22:22:03,65.2,97.6,119.21854449588483,30.734439834024897,29.514522821576765
1707,2021-02-04 19:07:00,2021-02-04 19:37:40,28.8,61.6,109.19801126355016,30.027027027027028,28.783783783783782
1708,2021-02-04 19:38:01,2021-02-04 20:09:11,62.0,91.6,114.4134860641892,32.72872340425532,31.611702127659573
1709,2021-02-05 01:49:08,2021-02-05 02:18:28,45.2,75.2,113.76113115740742,30.29943502824859,27.124293785310734
1710,2021-02-05 02:18:49,2021-02-05 02:46:19,75.6,96.4,120.51816359508543,31.771084337349397,28.813253012048193
1711,2021-02-05 13:09:10,2021-02-05 13:38:50,20.0,51.6,109.49015919479605,28.65921787709497,27.29050279329609
1712,2021-02-05 13:39:11,2021-02-05 14:08:01,52.0,82.0,112.02175958333333,32.206896551724135,30.775862068965516
1713,2021-02-05 14:08:22,2021-02-05 14:31:22,82.0,97.6,121.83227920227925,33.0,31.72661870503597
1714,2021-02-05 22:31:05,2021-02-05 22:58:53,35.2,54.4,108.11115937500007,31.24404761904762,28.654761904761905
1715,2021-02-05 22:59:14,2021-02-05 23:28:34,54.4,73.6,114.07412500000005,32.0,30.0
1716,2021-02-05 23:28:55,2021-02-06 00:00:45,74.0,93.6,119.68116822562362,32.895833333333336,30.302083333333332
1717,2021-02-07 21:17:26,2021-02-07 21:45:06,20.8,50.0,110.66211263318112,28.389221556886227,26.934131736526947
1718,2021-02-07 21:45:27,2021-02-07 22:11:57,50.4,77.6,113.81231055964054,31.66875,30.3875
1719,2021-02-07 22:12:18,2021-02-07 22:37:58,78.0,96.8,121.39557040484638,33.0,31.806451612903224
1720,2021-02-08 08:22:08,2021-02-08 08:51:28,44.0,74.4,112.64848894371345,29.62146892655367,27.71186440677966
1721,2021-02-08 08:51:49,2021-02-08 09:22:49,74.8,97.6,120.6061295077973,31.18716577540107,29.50802139037433
1722,2021-02-09 09:54:00,2021-02-09 10:27:30,40.0,75.6,109.72807783239705,29.72772277227723,28.584158415841586
1723,2021-02-09 10:27:51,2021-02-09 10:46:03,76.0,91.6,116.24342113603994,31.63963963963964,30.234234234234233
1724,2021-02-09 19:46:57,2021-02-09 20:15:57,29.6,60.8,108.60533498041312,28.05142857142857,25.56
1725,2021-02-09 20:16:18,2021-02-09 20:46:08,61.2,90.0,115.60137996720681,30.566666666666666,28.36111111111111
1726,2021-02-10 15:49:41,2021-02-10 16:17:21,18.0,47.6,109.19530255255256,23.25748502994012,21.07185628742515
1727,2021-02-10 16:17:42,2021-02-10 16:44:12,48.0,76.0,110.56350605158731,26.4375,24.275
1728,2021-02-10 16:44:33,2021-02-10 17:13:23,76.4,97.6,118.34384886006298,27.879310344827587,25.091954022988507
1729,2021-02-10 23:49:27,2021-02-11 00:13:47,48.8,73.6,114.93674165546597,25.45578231292517,22.578231292517007
1730,2021-02-11 00:14:08,2021-02-11 00:40:38,74.0,94.8,118.6204731570513,26.8625,24.0
1731,2021-02-11 06:45:22,2021-02-11 07:04:22,38.8,58.8,111.40694402777778,23.469565217391306,20.504347826086956
1732,2021-02-11 07:04:43,2021-02-11 07:33:53,59.2,88.0,114.56596768904323,25.607954545454547,23.107954545454547
1733,2021-02-11 07:34:14,2021-02-11 07:55:54,88.0,97.6,128.02083723958341,26.206106870229007,24.0
1734,2021-02-11 14:50:24,2021-02-11 15:09:14,23.2,43.2,110.143070625,26.833333333333332,24.5
1735,2021-02-11 15:09:35,2021-02-11 15:36:25,43.6,72.0,110.39515893974962,29.438271604938272,27.30246913580247
1736,2021-02-11 15:36:46,2021-02-11 16:02:46,72.4,94.0,118.56675546553504,30.987261146496817,28.94267515923567
1737,2021-02-11 22:44:36,2021-02-11 23:12:06,20.0,49.6,108.52290714151651,28.91566265060241,25.86144578313253
1738,2021-02-11 23:12:27,2021-02-11 23:41:17,50.0,79.6,113.75939386261264,31.689655172413794,28.701149425287355
1739,2021-02-11 23:41:38,2021-02-12 00:07:28,80.0,97.6,122.96955326704548,32.93589743589744,29.237179487179485
1740,2021-02-12 13:14:55,2021-02-12 13:33:05,24.4,38.0,113.44159528186275,22.509090909090908,21.436363636363637
1741,2021-02-12 13:33:26,2021-02-12 14:04:36,38.4,61.6,109.71145905172412,24.851063829787233,23.97872340425532
1742,2021-02-12 14:04:57,2021-02-12 14:35:07,62.0,83.2,116.6896094077568,26.626373626373628,25.824175824175825
1743,2021-02-12 14:35:28,2021-02-12 14:59:48,83.6,97.2,122.80741564542477,27.73469387755102,26.92517006802721
1744,2021-02-13 10:15:01,2021-02-13 10:35:21,52.0,65.6,112.6481067197713,19.78048780487805,18.75609756097561
1745,2021-02-13 10:35:42,2021-02-13 11:02:02,65.6,82.8,115.56933179909561,20.867924528301888,20.144654088050313
1746,2021-02-13 11:02:23,2021-02-13 11:28:33,83.2,97.6,120.77066869212973,22.044303797468356,21.436708860759495
1747,2021-02-14 15:27:23,2021-02-14 15:57:33,8.400001,12.4,111.65637103909273,27.0,26.0
1748,2021-02-14 15:57:54,2021-02-14 16:27:14,12.4,16.4,106.67370631944448,27.384180790960453,26.0
1749,2021-02-14 16:27:35,2021-02-14 16:56:35,16.4,20.4,103.96883395833333,28.0,26.434285714285714
1750,2021-02-14 16:56:56,2021-02-14 17:24:36,20.4,24.0,109.26315686728391,28.0,27.0
1751,2021-02-14 17:24:57,2021-02-14 17:53:17,24.0,28.0,99.12854076388888,28.34502923976608,27.0
1752,2021-02-14 17:53:38,2021-02-14 18:23:38,28.0,32.0,105.20143847222221,29.0,27.76795580110497
1753,2021-02-14 18:23:59,2021-02-14 18:54:39,32.0,35.6,117.23775108024688,29.0,28.0
1754,2021-02-14 18:55:00,2021-02-14 19:24:00,35.6,39.2,110.39364791666661,29.0,28.0
1755,2021-02-14 19:24:21,2021-02-14 19:52:11,39.6,42.8,117.63464574652795,29.0,28.0
1756,2021-02-14 19:52:32,2021-02-14 20:21:42,42.8,46.8,97.48962645833335,29.0,28.0
1757,2021-02-14 20:22:03,2021-02-14 20:51:23,46.8,50.8,96.55212229166666,29.0,28.0
1758,2021-02-14 20:51:44,2021-02-14 21:19:14,50.8,54.4,99.44842445987649,29.0,28.0
1759,2021-02-14 21:19:35,2021-02-14 21:47:35,54.4,57.6,112.77358671874988,29.0,28.0
1760,2021-02-14 21:47:56,2021-02-14 22:18:26,57.6,61.2,110.1467264660493,29.0,27.152173913043477
1761,2021-02-14 22:18:47,2021-02-14 22:47:17,61.2,64.4,116.59731701388878,28.540697674418606,27.0
1762,2021-02-14 22:47:38,2021-02-14 23:15:28,64.4,67.6,115.16060407986156,28.0,27.0
1763,2021-02-14 23:15:49,2021-02-14 23:42:49,68.0,70.8,128.15476964285725,28.0,26.570552147239265
1764,2021-02-14 23:43:10,2021-02-15 00:16:20,70.8,74.4,123.44525470678984,27.88,26.0
1765,2021-02-15 00:16:41,2021-02-15 00:43:11,74.8,77.6,127.99614007936518,27.0,26.0
1766,2021-02-15 00:43:32,2021-02-15 01:12:22,77.6,80.8,122.54353923611102,27.0,25.810344827586206
1767,2021-02-15 01:12:43,2021-02-15 01:33:32,80.8,82.8,142.83630044444448,27.0,25.0
1768,2021-02-15 01:33:53,2021-02-15 02:02:33,83.2,86.0,141.22536686507948,27.0,25.0
1769,2021-02-15 02:20:02,2021-02-15 02:37:12,87.6,89.6,120.00700944444445,26.009615384615383,25.0
1770,2021-02-15 02:37:33,2021-02-15 03:04:43,90.0,93.2,118.93668480902765,26.0,24.99390243902439
1771,2021-02-15 11:10:09,2021-02-15 11:27:39,46.0,56.0,113.21527291666666,24.29245283018868,22.62264150943396
1772,2021-02-15 11:28:00,2021-02-15 11:55:40,56.0,72.0,115.17533697916664,25.37125748502994,23.904191616766468
1773,2021-02-15 11:56:01,2021-02-15 12:26:11,72.4,89.6,116.85803593346262,26.406593406593405,25.142857142857142
1774,2021-02-16 13:54:33,2021-02-16 14:26:13,38.8,58.4,107.91597867063491,25.973821989528794,25.209424083769633
1775,2021-02-16 14:26:34,2021-02-16 14:53:04,58.4,74.4,110.59289956597216,27.3875,26.875
1776,2021-02-16 14:53:25,2021-02-16 15:19:45,74.4,89.6,115.78219206871351,28.0,27.51572327044025
1777,2021-02-17 18:20:51,2021-02-17 18:49:21,32.8,50.0,110.45381023901805,25.71511627906977,25.08139534883721
1778,2021-02-17 18:49:42,2021-02-17 19:20:42,50.4,69.2,109.9187341903073,27.6524064171123,26.844919786096256
1779,2021-02-17 19:21:03,2021-02-17 19:51:03,69.2,86.4,116.27906976744184,28.53038674033149,27.906077348066297
1780,2021-02-17 19:51:24,2021-02-17 20:11:14,86.8,97.6,122.41512217078194,29.0,28.208333333333332
1781,2021-02-18 09:47:41,2021-02-18 10:06:41,47.2,58.0,114.13065817901239,21.965217391304346,20.417391304347827
1782,2021-02-18 10:07:02,2021-02-18 10:42:02,58.0,78.4,114.37363779956425,23.04265402843602,21.70616113744076
1783,2021-02-18 10:51:26,2021-02-18 11:14:06,84.0,96.8,118.04253342013891,24.05839416058394,23.0
1784,2021-02-18 20:14:28,2021-02-18 20:33:58,0.4,16.0,105.6499521011396,30.0,28.0
1785,2021-02-18 20:34:19,2021-02-18 21:05:19,16.4,40.8,107.35999419398911,30.705882352941178,28.74331550802139
1786,2021-02-18 21:05:40,2021-02-18 21:34:30,40.8,63.2,108.76862264384918,32.735632183908045,30.85632183908046
1787,2021-02-18 21:34:51,2021-02-18 22:05:21,63.2,85.6,115.05458618551592,34.0,32.0
1788,2021-02-18 22:05:42,2021-02-18 22:25:22,85.6,97.6,122.87037199074075,34.0,32.0
1789,2021-02-19 07:40:18,2021-02-19 07:59:08,32.0,52.4,107.87378839869281,30.68421052631579,26.92105263157895
1790,2021-02-19 08:05:24,2021-02-19 08:32:44,58.0,87.2,109.36359902968036,33.13939393939394,29.618181818181817
1791,2021-02-19 16:27:28,2021-02-19 16:50:48,67.2,90.0,116.48575389863547,29.595744680851062,28.25531914893617
1792,2021-02-20 02:55:29,2021-02-20 03:31:40,38.8,76.4,112.4348147347813,28.027397260273972,26.60730593607306
1793,2021-02-20 03:32:01,2021-02-20 04:00:01,76.8,97.2,123.20739787581697,29.928994082840237,28.08284023668639
1794,2021-02-20 14:01:13,2021-02-20 15:10:28,27.2,88.4,113.00277400599128,28.886756238003837,27.715930902111324
1795,2021-02-20 20:27:35,2021-02-20 20:58:55,57.2,80.0,114.0546257309942,31.24867724867725,29.08994708994709
1796,2021-02-20 20:59:16,2021-02-20 21:26:56,80.0,97.6,119.58967597853541,32.0,30.0
1797,2021-02-21 11:50:33,2021-02-21 12:21:03,35.6,48.4,110.06946701388894,24.527173913043477,23.434782608695652
1798,2021-02-21 12:21:24,2021-02-21 12:48:44,48.8,57.6,113.21813699494942,26.206060606060607,24.812121212121212
1799,2021-02-24 19:51:43,2021-02-24 21:10:26,15.2,93.2,112.84175894764958,31.472081218274113,29.988155668358715
1800,2021-02-25 14:10:32,2021-02-25 14:42:12,18.8,53.2,108.42338283268735,27.523560209424083,26.36649214659686
1801,2021-02-25 14:42:33,2021-02-25 15:11:13,53.6,83.6,112.68659828703709,31.127167630057805,30.115606936416185
1802,2021-02-25 15:11:34,2021-02-25 15:32:24,84.0,97.6,122.52147743055566,32.095238095238095,31.0
1803,2021-02-26 01:19:50,2021-02-26 01:46:40,12.8,41.2,108.9417215375587,30.512345679012345,28.14814814814815
1804,2021-02-26 01:47:01,2021-02-26 02:16:01,41.6,71.6,111.44353462962965,33.69714285714286,31.50857142857143
1805,2021-02-26 02:16:22,2021-02-26 02:44:42,72.0,94.8,120.33017080896688,35.26900584795322,33.0
1806,2021-02-27 00:12:16,2021-02-27 00:35:16,2.8,28.8,102.6479842948718,23.345323741007196,21.52517985611511
1807,2021-02-27 00:35:37,2021-02-27 01:04:30,29.2,60.0,108.82662989718617,26.394285714285715,24.542857142857144
1808,2021-02-27 01:04:51,2021-02-27 01:21:49,60.4,78.0,111.85797029671723,28.817307692307693,26.98076923076923
1809,2021-02-27 01:22:10,2021-02-27 01:38:50,78.4,92.8,117.95719280478406,29.821782178217823,27.92079207920792
1810,2021-02-27 20:44:18,2021-02-27 21:13:48,40.8,71.6,112.12213600288605,24.50561797752809,23.589887640449437
1811,2021-02-27 21:14:09,2021-02-27 21:43:09,72.0,95.2,119.50074844348657,26.777142857142856,25.725714285714286
1812,2021-02-28 18:48:21,2021-02-28 19:16:21,18.8,48.8,108.96019222222225,25.964497041420117,24.497041420118343
1813,2021-02-28 19:16:42,2021-02-28 19:49:12,49.2,82.4,114.30347247322625,29.433673469387756,28.051020408163264
1814,2021-03-01 04:02:40,2021-03-01 04:29:10,56.0,82.8,115.89139127280271,29.5,27.30625
1815,2021-03-01 09:34:36,2021-03-01 09:56:36,69.6,85.6,114.27343880208333,31.0,28.007518796992482
1816,2021-03-01 09:56:57,2021-03-01 10:16:57,86.0,97.6,119.72343534482765,31.0,28.975206611570247
1817,2021-03-01 16:50:38,2021-03-01 17:20:08,30.8,53.2,109.08732353670636,31.230337078651687,29.51685393258427
1818,2021-03-01 17:33:19,2021-03-01 17:53:29,62.0,76.4,115.99925173611108,33.0,31.295081967213115
1819,2021-03-01 17:53:50,2021-03-01 18:18:10,76.8,93.2,118.20800863821137,33.48299319727891,32.0
1820,2021-03-02 14:24:10,2021-03-02 14:52:10,12.4,34.0,108.87022575874484,23.183431952662723,22.497041420118343
1821,2021-03-02 14:52:31,2021-03-02 15:23:21,34.4,58.4,107.90044687499997,26.026881720430108,25.188172043010752
1822,2021-03-02 15:23:42,2021-03-02 15:55:52,58.8,82.4,114.48679602165718,28.02577319587629,27.257731958762886
1823,2021-03-02 15:56:13,2021-03-02 16:19:53,82.8,97.6,121.01631653528531,29.0,28.0
1824,2021-03-03 02:56:15,2021-03-03 03:27:15,28.0,51.2,111.15060261015324,24.86631016042781,23.502673796791445
1825,2021-03-03 03:27:36,2021-03-03 03:55:06,51.6,72.0,112.23514780773421,27.06024096385542,25.813253012048193
1826,2021-03-03 03:55:27,2021-03-03 04:25:47,72.0,92.8,118.57638822115386,28.185792349726775,26.994535519125684
1827,2021-03-03 17:30:36,2021-03-03 18:38:31,35.6,97.6,115.19070739471329,26.649019607843137,25.394117647058824
1828,2021-03-04 05:50:48,2021-03-04 06:09:08,16.4,27.6,105.99825498511899,22.765765765765767,20.83783783783784
1829,2021-03-04 06:09:29,2021-03-04 06:40:39,27.6,46.8,108.16839785879633,24.361702127659573,22.824468085106382
1830,2021-03-04 06:41:00,2021-03-04 07:08:30,47.2,64.0,109.07324198082013,26.27710843373494,24.746987951807228
1831,2021-03-04 07:08:51,2021-03-04 07:40:41,64.4,82.8,115.27173248792275,27.0,25.890625
1832,2021-03-04 12:30:31,2021-03-04 12:49:21,36.0,53.6,106.8592357165404,24.903508771929825,21.771929824561404
1833,2021-03-04 12:49:42,2021-03-04 13:19:52,53.6,80.4,112.97006804519071,26.67032967032967,23.736263736263737
1834,2021-03-04 13:20:13,2021-03-04 13:45:53,80.4,97.6,120.17121915374686,27.741935483870968,24.92258064516129
1835,2021-03-04 23:15:32,2021-03-05 00:20:39,26.0,91.2,112.33968114562035,25.975460122699385,24.27402862985685
1836,2021-03-05 14:58:47,2021-03-05 15:25:37,26.4,54.8,109.69093906494524,25.64814814814815,24.27777777777778
1837,2021-03-05 15:25:58,2021-03-05 15:52:48,55.2,82.4,114.55067003676471,28.580246913580247,27.320987654320987
1838,2021-03-05 15:53:09,2021-03-05 16:12:59,82.8,96.4,119.32498345588228,30.0,28.466666666666665
1839,2021-03-06 11:03:43,2021-03-06 11:26:03,51.6,66.0,113.30634423225312,25.40740740740741,24.340740740740742
1840,2021-03-06 11:26:24,2021-03-06 11:53:54,66.4,83.2,115.48529960317464,26.03012048192771,25.0
1841,2021-03-06 17:10:32,2021-03-06 17:35:42,33.2,56.0,109.85260367933725,28.276315789473685,25.92105263157895
1842,2021-03-06 17:36:03,2021-03-06 18:03:23,56.4,80.0,115.2566122881356,30.36969696969697,27.933333333333334
1843,2021-03-06 18:03:44,2021-03-06 18:29:24,80.4,97.6,120.55317304586572,31.0,29.0
1844,2021-03-07 02:06:57,2021-03-07 02:34:37,44.4,72.8,113.68838429186229,28.580838323353294,26.095808383233532
1845,2021-03-07 02:34:58,2021-03-07 03:01:38,73.2,94.4,118.81551795073375,30.0,27.86335403726708
1846,2021-03-07 11:14:27,2021-03-07 11:43:47,34.4,65.6,109.74226152955842,26.050847457627118,24.0
1847,2021-03-07 11:44:08,2021-03-07 12:14:58,65.6,92.8,116.56658997140521,28.483870967741936,26.56989247311828
1848,2021-03-08 18:02:54,2021-03-08 18:34:54,28.8,50.4,111.37026646090537,24.487046632124354,23.253886010362695
1849,2021-03-08 18:35:15,2021-03-08 19:05:35,50.8,70.8,114.00280305555555,26.73913043478261,25.652173913043477
1850,2021-03-10 00:18:11,2021-03-10 00:37:26,27.2,40.8,106.62992555147062,28.068376068376068,27.145299145299145
1851,2021-03-10 00:37:47,2021-03-10 01:05:07,40.8,60.0,107.2453940972222,29.684848484848484,28.793939393939393
1852,2021-03-10 01:05:28,2021-03-10 01:33:48,60.0,78.4,116.0024411231884,31.0,30.0
1853,2021-03-10 01:37:45,2021-03-10 02:05:35,81.2,97.6,122.33065159214101,31.0,30.0
1854,2021-03-10 20:39:53,2021-03-10 21:16:13,11.6,36.8,108.2633617724868,29.506849315068493,28.15068493150685
1855,2021-03-10 21:16:34,2021-03-10 21:48:24,37.2,59.2,108.76391300505051,32.010416666666664,30.609375
1856,2021-03-10 21:48:45,2021-03-10 22:24:55,59.2,83.2,113.27201585648152,33.5045871559633,32.0
1857,2021-03-10 22:25:16,2021-03-10 22:49:50,83.2,97.6,122.5335932484569,34.0,32.90604026845637
1858,2021-03-11 20:43:25,2021-03-11 21:09:40,31.6,60.0,108.17269552034428,30.830188679245282,29.930817610062892
1859,2021-03-11 21:10:01,2021-03-11 21:34:41,60.0,85.2,114.41855263447971,33.45637583892618,32.48993288590604
1860,2021-03-11 21:35:02,2021-03-11 21:54:52,85.6,97.6,127.58797430555555,34.0,33.0
1861,2021-03-12 01:31:24,2021-03-12 02:01:04,64.8,92.0,115.06537484681371,33.659217877094974,30.787709497206706
1862,2021-03-12 14:07:59,2021-03-12 14:37:49,40.4,71.2,113.01181525072148,32.35,30.95
1863,2021-03-12 14:38:10,2021-03-12 15:04:50,71.6,94.0,118.5429040178571,34.01242236024845,32.850931677018636
1864,2021-03-14 01:02:54,2021-03-14 02:15:03,30.4,97.200005,114.63297326100496,29.572744014732965,28.55985267034991
1865,2021-03-14 15:09:47,2021-03-14 16:25:59,27.2,97.6,114.46186110716543,32.05594405594405,30.802447552447553
1866,2021-03-15 16:39:44,2021-03-15 17:39:23,44.4,97.6,116.63680158208022,32.261160714285715,31.0
1867,2021-03-16 08:46:41,2021-03-16 09:11:58,16.8,44.0,108.61454313214871,27.830065359477125,26.81699346405229
1868,2021-03-16 09:12:19,2021-03-16 09:40:49,44.4,74.4,110.87407685185183,31.226744186046513,30.174418604651162
1869,2021-03-16 09:41:10,2021-03-16 10:11:30,74.8,97.6,119.02535154727099,32.90163934426229,31.74863387978142
1870,2021-03-16 16:28:33,2021-03-16 16:55:33,24.0,44.8,108.61313668536327,36.263803680981596,34.331288343558285
1871,2021-03-16 16:55:54,2021-03-16 17:25:24,45.2,67.6,110.18603385416674,37.79775280898876,35.96629213483146
1872,2021-03-17 21:09:07,2021-03-17 21:37:47,17.2,37.2,107.49722194444442,30.208092485549134,28.38150289017341
1873,2021-03-17 22:35:56,2021-03-17 23:03:16,51.2,69.6,111.41304347826093,32.95757575757576,31.75151515151515
1874,2021-03-17 23:03:37,2021-03-17 23:33:57,70.0,89.6,116.0714285714286,34.0,32.52459016393443
1875,2021-03-18 08:10:18,2021-03-18 08:31:28,78.0,94.8,118.77481555886243,31.875,29.703125
1876,2021-03-18 15:57:10,2021-03-18 16:24:50,16.8,26.0,110.05434782608697,33.0,31.479041916167663
1877,2021-03-18 16:25:11,2021-03-18 16:56:51,26.4,36.8,109.97596153846156,33.738219895287955,32.21465968586387
1878,2021-03-18 16:57:12,2021-03-18 17:27:02,36.8,46.8,108.125,34.388888888888886,33.0
1879,2021-03-18 17:27:23,2021-03-18 17:55:13,46.8,56.4,104.16666666666666,35.0,33.80357142857143
1880,2021-03-18 17:55:34,2021-03-18 18:23:34,56.4,65.6,112.09239130434787,35.0,34.0
1881,2021-03-18 18:40:46,2021-03-18 18:57:46,67.2,74.0,93.75000000000004,35.0,34.0
1882,2021-03-18 18:58:07,2021-03-18 19:27:47,74.4,84.0,115.88541666666674,35.0,34.0
1883,2021-03-18 19:28:08,2021-03-18 19:56:48,84.0,93.6,111.97916666666674,35.0,33.38150289017341
1884,2021-03-19 07:32:13,2021-03-19 07:59:13,38.4,56.4,112.50154405864197,30.7239263803681,29.742331288343557
1885,2021-03-19 07:59:34,2021-03-19 08:32:44,56.8,78.4,115.162037037037,32.11,31.0
1886,2021-03-19 08:33:05,2021-03-19 09:02:05,78.8,96.4,120.1546732954545,33.0,31.97142857142857
1887,2021-03-19 19:40:12,2021-03-19 20:00:22,38.4,59.6,110.85625858228512,34.204918032786885,32.622950819672134
1888,2021-03-19 20:00:43,2021-03-19 20:32:53,60.0,90.8,116.25496523268401,36.23711340206186,34.40721649484536
1889,2021-03-22 12:49:09,2021-03-22 13:20:39,48.0,75.6,113.38619021739133,21.563157894736843,20.778947368421054
1890,2021-03-22 13:21:00,2021-03-22 13:53:50,76.0,97.2,120.04391784591195,23.32323232323232,22.606060606060606
1891,2021-03-22 21:01:58,2021-03-22 22:13:06,40.4,97.6,115.57815066045067,27.581308411214952,25.753271028037382
1892,2021-03-23 14:19:47,2021-03-23 14:47:37,33.2,62.4,111.29709512937598,24.458333333333332,23.297619047619047
1893,2021-03-23 14:47:58,2021-03-23 15:16:18,62.8,90.0,115.24101970996732,27.140350877192983,26.11111111111111
1894,2021-03-23 20:45:32,2021-03-23 21:05:52,58.4,78.8,116.57068600217866,29.211382113821138,26.691056910569106
1895,2021-03-23 21:16:13,2021-03-23 21:40:43,80.4,97.6,114.83610222868225,30.0,27.986486486486488
1896,2021-03-24 18:07:23,2021-03-24 18:39:33,42.4,76.0,111.33890108300268,27.087628865979383,25.7680412371134
1897,2021-03-25 00:19:02,2021-03-25 00:37:02,41.2,60.0,111.30099889184402,28.26605504587156,26.08256880733945
1898,2021-03-25 00:37:23,2021-03-25 01:08:53,60.4,90.4,116.10835666666665,29.86842105263158,27.652631578947368
1899,2021-03-25 15:33:53,2021-03-25 15:52:43,25.6,46.0,109.79915543300658,31.640350877192983,30.00877192982456
1900,2021-03-25 15:53:04,2021-03-25 16:20:14,46.4,75.2,112.22366497878085,34.15243902439025,32.8109756097561
1901,2021-03-25 16:20:35,2021-03-25 16:48:05,75.6,96.8,121.6424331761006,35.01204819277108,34.0
1902,2021-03-26 14:14:45,2021-03-26 15:09:36,50.0,97.6,117.30699014063961,27.400485436893202,26.381067961165048
1903,2021-03-26 22:29:23,2021-03-26 22:50:33,46.4,68.0,114.32420569701647,32.0,30.0703125
1904,2021-03-26 22:50:54,2021-03-26 23:22:24,68.4,95.2,116.76980467454395,33.55263157894737,31.626315789473683
1905,2021-03-27 02:53:40,2021-03-27 03:24:10,61.6,79.2,115.2556543560606,33.0,30.108695652173914
1906,2021-03-27 06:19:25,2021-03-27 06:55:51,68.0,97.6,116.47804996246249,32.54744525547445,29.645985401459853
1907,2021-03-27 17:57:11,2021-03-27 18:23:31,60.0,68.4,117.55952380952372,31.937106918238992,30.955974842767297
1908,2021-03-27 18:23:52,2021-03-27 18:55:32,68.8,78.8,118.75,31.0,30.05235602094241
1909,2021-03-28 15:57:11,2021-03-28 16:15:31,24.4,37.2,109.31749902343746,31.83783783783784,30.7027027027027
1910,2021-03-28 16:15:52,2021-03-28 17:12:12,37.6,74.8,110.99426097670255,34.029411764705884,32.858823529411765
1911,2021-03-28 17:12:33,2021-03-28 17:42:53,75.2,92.4,121.65860626614983,35.0,34.0
1912,2021-03-29 01:50:13,2021-03-29 02:17:43,40.0,69.2,111.35321066400302,32.93975903614458,30.97590361445783
1913,2021-03-29 06:55:43,2021-03-29 07:13:57,34.0,46.8,107.22812332899309,31.74774774774775,29.324324324324323
1914,2021-03-29 07:14:18,2021-03-29 07:48:55,46.8,70.4,110.69837295197738,33.319047619047616,30.928571428571427
1915,2021-03-29 07:49:16,2021-03-29 08:19:26,70.4,90.0,116.20328259637196,34.0,32.0
1916,2021-03-30 02:09:32,2021-03-30 02:32:12,21.6,46.0,108.59006597222225,31.722627737226276,30.364963503649633
1917,2021-03-30 02:32:33,2021-03-30 02:57:53,46.4,72.8,112.44268429082493,34.54248366013072,33.326797385620914
1918,2021-03-30 02:58:14,2021-03-30 03:25:14,73.2,95.2,118.88824949494948,36.0,34.74846625766871
1919,2021-03-30 16:33:32,2021-03-30 17:02:32,20.0,40.0,108.50206104166666,35.457142857142856,33.994285714285716
1920,2021-03-30 17:02:53,2021-03-30 17:30:53,40.4,60.0,106.89977926587298,37.18343195266272,35.9112426035503
1921,2021-03-30 17:31:14,2021-03-30 17:59:54,60.0,78.8,113.91330119680853,38.0,37.0
1922,2021-03-30 18:00:15,2021-03-30 18:22:55,79.2,93.2,119.35813621031745,38.0,37.0
1923,2021-03-31 00:16:38,2021-03-31 01:33:45,25.6,97.6,114.16505200424383,37.20725388601036,34.32987910189983
1924,2021-03-31 16:11:20,2021-03-31 16:55:18,17.2,64.4,108.96926483639359,32.69486404833837,30.897280966767372
1925,2021-03-31 16:57:26,2021-03-31 17:42:08,64.4,98.8,117.03304435965767,35.30952380952381,33.142857142857146
1926,2021-04-01 14:44:59,2021-04-01 15:14:09,54.0,81.6,115.10367089371987,36.19318181818182,34.72727272727273
1927,2021-04-01 18:41:58,2021-04-01 19:02:38,52.4,74.0,113.21180986368316,37.92,36.304
1928,2021-04-01 19:02:59,2021-04-01 19:27:59,74.4,94.8,119.87406270424839,38.98675496688742,37.033112582781456
1929,2021-04-02 14:08:18,2021-04-02 14:39:18,20.0,43.6,109.03664589218458,34.67914438502674,33.155080213903744
1930,2021-04-02 14:39:39,2021-04-02 15:06:49,44.0,64.4,110.53109014161218,37.09146341463415,35.579268292682926
1931,2021-04-02 22:31:32,2021-04-02 23:31:59,18.4,85.6,110.94382931754303,36.8215859030837,35.0374449339207
1932,2021-04-03 14:57:30,2021-04-03 15:27:10,20.4,52.0,109.20889135021099,36.486033519553075,35.12290502793296
1933,2021-04-03 15:27:31,2021-04-03 15:57:41,52.4,83.2,113.94934370490621,39.54945054945055,38.28021978021978
1934,2021-04-03 15:58:02,2021-04-03 16:19:12,83.6,97.6,124.45141994047624,40.0703125,39.0
1935,2021-04-04 02:03:20,2021-04-04 02:22:10,4.0,19.2,103.17524990862574,35.0,32.99122807017544
1936,2021-04-04 02:22:31,2021-04-04 02:53:51,19.2,43.2,108.77661840277774,36.17460317460318,33.39153439153439
1937,2021-04-04 02:54:12,2021-04-04 03:26:42,43.6,68.0,110.96538843351549,37.795918367346935,34.86224489795919
1938,2021-04-04 03:27:03,2021-04-04 03:56:03,68.4,88.8,118.46405228758175,38.0,35.0
1939,2021-04-04 14:23:15,2021-04-04 14:46:25,20.8,46.0,107.90839875440916,31.97163120567376,29.80851063829787
1940,2021-04-04 14:46:46,2021-04-04 15:19:46,46.4,80.8,112.77899511466411,34.914572864321606,32.95477386934673
1941,2021-04-05 10:35:10,2021-04-05 11:04:20,42.0,72.4,112.04450954861109,29.96590909090909,28.051136363636363
1942,2021-04-05 11:04:41,2021-04-05 11:35:11,72.8,96.8,119.0179521990741,31.831521739130434,30.0
1943,2021-04-05 21:38:38,2021-04-05 22:07:58,26.8,54.0,107.82221609477122,30.180790960451976,28.72316384180791
1944,2021-04-05 22:08:19,2021-04-05 22:35:49,54.0,77.2,112.89931675047893,32.66867469879518,31.40963855421687
1945,2021-04-05 22:36:10,2021-04-05 23:04:40,77.6,96.8,121.68837825520833,33.651162790697676,32.0
1946,2021-04-06 18:33:27,2021-04-06 18:51:17,31.2,50.4,108.27400737847223,32.00925925925926,30.5
1947,2021-04-06 18:51:38,2021-04-06 19:20:38,50.8,80.8,112.6583213888889,34.36,33.05714285714286
1948,2021-04-06 19:20:59,2021-04-06 19:45:09,80.8,97.6,122.95303852513231,35.25342465753425,34.0
1949,2021-04-07 09:46:48,2021-04-07 10:13:38,23.6,52.8,107.73068968797568,29.84567901234568,28.98148148148148
1950,2021-04-07 10:13:59,2021-04-07 10:42:59,53.2,83.6,112.17608694261698,32.988571428571426,32.01714285714286
1951,2021-04-07 10:43:20,2021-04-07 11:04:40,83.6,97.6,122.05260843253971,34.0,33.0
1952,2021-04-07 13:27:34,2021-04-07 13:50:54,79.6,97.6,110.45910439814817,34.07801418439716,32.91489361702128
1953,2021-04-07 21:24:13,2021-04-07 22:14:04,54.8,97.6,116.55663575090864,33.29333333333334,31.517333333333333
1954,2021-04-08 01:32:04,2021-04-08 02:00:21,67.2,92.4,115.22300252425042,33.06103286384977,30.8075117370892
1955,2021-04-08 13:00:24,2021-04-08 13:37:47,46.4,84.8,113.65585987051506,28.641592920353983,26.411504424778762
1956,2021-04-08 20:57:44,2021-04-08 21:15:24,34.4,52.8,111.3383292572464,27.299065420560748,25.19626168224299
1957,2021-04-08 21:15:45,2021-04-08 21:42:15,53.2,80.4,113.06016707516338,29.56875,27.675
1958,2021-04-08 21:42:36,2021-04-08 22:06:56,80.8,97.6,120.874693452381,30.904761904761905,29.0
1959,2021-04-09 13:00:34,2021-04-09 13:30:04,24.8,45.2,107.97390441176474,24.921348314606742,23.52247191011236
1960,2021-04-09 13:30:25,2021-04-09 13:54:55,45.2,62.4,106.356636627907,26.743243243243242,25.54054054054054
1961,2021-04-09 15:47:54,2021-04-09 16:07:34,43.2,60.4,114.2167188307494,28.470588235294116,26.865546218487395
1962,2021-04-09 16:07:55,2021-04-09 16:39:45,60.8,88.4,115.29689603462154,29.989583333333332,28.489583333333332
1963,2021-04-10 09:59:03,2021-04-10 10:26:03,33.6,62.4,109.76082542438274,27.049079754601227,25.754601226993866
1964,2021-04-10 10:34:13,2021-04-10 10:54:43,70.8,90.0,118.167712890625,29.870967741935484,28.68548387096774
1965,2021-04-10 22:35:57,2021-04-10 23:51:28,20.8,95.2,110.93182903225807,33.282186948853614,31.45326278659612
1966,2021-04-11 12:29:22,2021-04-11 12:58:12,6.4,38.4,106.27562031250002,30.810344827586206,29.701149425287355
1967,2021-04-11 12:58:33,2021-04-11 13:29:43,38.8,72.4,109.64863649140209,34.441489361702125,33.1968085106383
1968,2021-04-11 13:30:04,2021-04-11 13:53:14,72.8,92.8,118.77014965277777,36.17142857142857,35.0
1969,2021-04-12 00:08:55,2021-04-12 00:31:35,10.8,27.2,105.27102574525749,32.5985401459854,30.233576642335766
1970,2021-04-12 00:31:56,2021-04-12 01:04:46,27.2,50.4,107.79336649904214,34.207070707070706,32.05555555555556
1971,2021-04-12 01:05:07,2021-04-12 01:35:17,50.8,71.2,112.63210525599128,35.994505494505496,33.895604395604394
1972,2021-04-12 01:35:38,2021-04-12 02:03:18,71.6,89.2,119.73171811868681,36.77245508982036,34.21556886227545
1973,2021-04-12 13:17:40,2021-04-12 13:38:50,20.4,43.2,108.86452351364517,32.5859375,31.2109375
1974,2021-04-12 13:39:11,2021-04-12 14:04:41,43.6,70.4,111.6801330845771,35.285714285714285,34.1948051948052
1975,2021-04-12 14:05:02,2021-04-12 14:36:42,70.8,96.4,119.40212879774302,36.87958115183246,35.86387434554974
1976,2021-04-13 01:13:28,2021-04-13 01:40:48,34.8,64.0,108.98497536149164,35.012121212121215,32.806060606060605
1977,2021-04-13 15:22:17,2021-04-13 16:46:28,10.8,87.6,109.68781392686633,36.962025316455694,35.55379746835443
1978,2021-04-14 01:42:01,2021-04-14 02:14:41,13.6,48.8,107.64939589646467,34.292929292929294,32.13636363636363
1979,2021-04-14 02:15:02,2021-04-14 02:43:02,48.8,78.0,111.30566666666665,37.61538461538461,35.485207100591715
1980,2021-04-14 06:39:51,2021-04-14 07:09:31,47.2,77.6,113.7075058022661,35.60335195530726,32.6536312849162
1981,2021-04-14 07:09:52,2021-04-14 07:36:52,78.0,97.6,121.66030761054425,37.0,34.0
1982,2021-04-14 20:49:14,2021-04-14 21:18:14,5.6,37.2,107.15630159985936,34.222857142857144,31.942857142857143
1983,2021-04-14 21:18:35,2021-04-14 21:48:25,37.6,68.8,111.54826006054132,37.24444444444445,35.02777777777778
1984,2021-04-14 21:48:46,2021-04-14 22:18:16,69.2,94.4,117.20018485449737,39.0,36.76966292134831
1985,2021-04-15 04:55:08,2021-04-15 05:23:18,40.4,60.0,107.93298008786849,33.85294117647059,30.970588235294116
1986,2021-04-15 05:23:39,2021-04-15 05:48:09,60.0,76.4,112.2883036924119,35.0,32.182432432432435
1987,2021-04-15 05:48:30,2021-04-15 06:09:10,76.4,89.6,117.68521127946141,35.0,33.0
1988,2021-04-15 16:13:35,2021-04-15 16:36:45,29.2,45.2,108.74047583333333,31.37142857142857,29.67142857142857
1989,2021-04-15 16:37:06,2021-04-15 17:08:56,45.6,67.2,111.02368711419754,33.0625,31.609375
1990,2021-04-15 17:09:17,2021-04-15 17:47:57,67.6,92.4,116.90862813620069,34.0,32.452991452991455
1991,2021-04-16 12:43:46,2021-04-16 13:12:46,70.4,94.8,117.24728085154833,30.428571428571427,28.982857142857142
1992,2021-04-16 23:48:37,2021-04-17 00:18:07,36.8,67.6,111.75369881854257,29.780898876404493,27.65730337078652
1993,2021-04-17 00:18:28,2021-04-17 00:45:08,68.0,92.0,117.018516087963,31.751552795031056,29.757763975155278
1994,2021-04-17 13:29:59,2021-04-17 13:47:09,50.4,68.0,114.20535945391408,28.076923076923077,26.615384615384617
1995,2021-04-17 13:47:30,2021-04-17 14:15:20,68.4,93.6,114.22952832892423,29.63095238095238,28.482142857142858
1996,2021-04-17 22:51:40,2021-04-17 23:21:30,60.4,89.6,115.85855351027399,31.477777777777778,29.6
1997,2021-04-19 01:45:00,2021-04-19 02:17:40,54.4,87.6,115.42795611613121,29.82741116751269,28.456852791878173
1998,2021-04-19 02:18:01,2021-04-19 02:35:21,88.0,97.6,128.9829302662038,31.0,29.590476190476192
1999,2021-04-19 13:08:57,2021-04-19 14:10:52,36.4,94.8,113.64564750761036,30.980645161290322,29.43225806451613
2000,2021-04-20 00:33:50,2021-04-20 00:54:30,23.6,46.0,107.58308643353176,29.448,27.632
2001,2021-04-20 00:54:51,2021-04-20 01:25:01,46.4,78.0,111.41965989803096,32.27472527472528,30.478021978021978
2002,2021-04-20 13:04:35,2021-04-20 13:34:45,33.6,66.0,108.54294517318246,30.153846153846153,28.692307692307693
2003,2021-04-20 13:35:06,2021-04-20 14:02:26,66.4,91.6,116.37344940476197,32.52121212121212,30.848484848484848
2004,2021-04-21 02:03:45,2021-04-21 02:34:35,28.0,47.2,106.99218070023147,29.650537634408604,28.198924731182796
2005,2021-04-21 02:34:56,2021-04-21 03:04:26,47.6,65.2,111.67297490530301,31.49438202247191,29.820224719101123
2006,2021-04-21 03:04:47,2021-04-21 03:33:57,65.6,80.8,114.83735937499998,32.0,30.818181818181817
2007,2021-04-21 10:33:31,2021-04-21 11:02:01,58.4,79.2,114.41108052884614,31.063953488372093,29.674418604651162
2008,2021-04-21 11:02:22,2021-04-21 11:21:52,79.2,92.8,115.24103696895432,32.0,30.322033898305083
2009,2021-04-21 17:50:41,2021-04-21 18:30:45,41.2,77.2,112.70080075617285,36.425619834710744,35.14049586776859
2010,2021-04-21 18:31:06,2021-04-21 18:50:16,77.2,92.4,117.77688633040933,37.88793103448276,36.0
2011,2021-04-22 02:48:13,2021-04-22 03:08:53,12.4,31.6,108.0881341869213,35.12,32.152
2012,2021-04-22 03:09:14,2021-04-22 03:39:24,31.6,59.6,108.26193720238098,37.26923076923077,34.472527472527474
2013,2021-04-22 03:39:45,2021-04-22 04:09:15,60.0,85.6,115.85397417534726,39.0,36.41011235955056
2014,2021-04-22 04:09:36,2021-04-22 04:28:56,86.0,97.6,126.29313625478935,38.97435897435897,36.452991452991455
2015,2021-04-22 22:30:42,2021-04-22 22:49:12,40.0,56.4,111.883470697832,33.794642857142854,32.151785714285715
2016,2021-04-22 22:49:33,2021-04-22 23:23:33,56.4,86.0,113.97663978040539,35.49756097560976,33.77560975609756
2017,2021-04-22 23:23:54,2021-04-22 23:41:44,86.4,97.6,123.31473722718268,36.0,34.0
2018,2021-04-23 16:57:09,2021-04-23 17:27:29,35.6,58.8,108.92061787595789,38.26775956284153,36.36065573770492
2019,2021-04-23 17:27:50,2021-04-23 17:49:50,58.8,74.8,114.58333333333333,39.0,37.81954887218045
2020,2021-04-24 14:45:55,2021-04-24 15:08:45,17.2,31.2,107.29759980158728,31.58695652173913,31.0
2021,2021-04-24 15:09:06,2021-04-24 15:39:36,31.2,50.4,105.77617368344907,33.31521739130435,32.48913043478261
2022,2021-04-24 15:39:57,2021-04-24 16:09:37,50.8,69.6,105.08273049645392,34.8268156424581,33.96648044692738
2023,2021-04-24 16:09:58,2021-04-24 16:38:48,69.6,86.4,114.30554431216923,35.264367816091955,34.49425287356322
2024,2021-04-24 23:02:34,2021-04-24 23:31:34,60.0,76.8,115.00081886574074,34.0,32.08571428571429
2025,2021-04-24 23:31:55,2021-04-24 23:59:55,76.8,92.8,116.60416041666667,34.0,32.976331360946745
2026,2021-04-25 20:15:39,2021-04-25 20:37:59,41.2,64.0,114.42130981968812,31.437037037037037,29.844444444444445
2027,2021-04-26 11:01:46,2021-04-26 11:27:17,31.6,54.8,110.64033090277778,32.16129032258065,30.53548387096774
2028,2021-04-26 11:27:38,2021-04-26 11:49:08,55.2,74.4,112.74232356770833,34.16153846153846,32.753846153846155
2029,2021-04-26 11:54:59,2021-04-26 12:14:19,79.6,94.0,117.62441242283946,35.0,33.75213675213675
2030,2021-04-26 21:48:16,2021-04-26 22:08:06,28.4,49.6,109.4215303983229,30.175,27.95
2031,2021-04-26 22:08:27,2021-04-26 22:36:57,50.0,79.2,114.06394273211569,32.77906976744186,30.6046511627907
2032,2021-04-26 22:37:18,2021-04-26 23:01:48,79.6,96.8,122.93687645348837,34.0,32.0
2033,2021-04-27 14:50:32,2021-04-27 15:51:23,48.0,96.8,116.11482215107011,29.13129102844639,27.65645514223195
2034,2021-04-28 01:46:10,2021-04-28 02:12:30,34.8,43.6,112.72574431818178,27.0,25.0
2035,2021-04-28 02:12:51,2021-04-28 02:44:51,44.0,54.8,111.60498765432104,27.83419689119171,26.020725388601036
2036,2021-04-28 02:45:12,2021-04-28 03:13:42,54.8,64.4,111.82296614583326,28.0,27.0
2037,2021-04-28 03:14:03,2021-04-28 03:45:23,64.4,74.8,113.48295619658133,28.052910052910054,27.0
2038,2021-04-28 03:45:44,2021-04-28 04:15:44,74.8,84.4,117.7083854166666,29.0,27.0
2039,2021-04-28 04:16:05,2021-04-28 04:49:25,84.4,94.4,124.04032416666668,29.0,27.0
2040,2021-04-28 14:28:08,2021-04-28 15:01:08,4.4,40.0,108.36767720037454,29.407035175879397,27.12060301507538
2041,2021-04-28 15:01:29,2021-04-28 15:34:29,40.4,75.2,110.845716954023,33.1608040201005,31.050251256281406
2042,2021-04-28 15:34:50,2021-04-28 16:00:10,75.2,95.2,117.32015229166667,34.967320261437905,32.95424836601307
2043,2021-04-29 03:30:12,2021-04-29 03:59:02,35.6,55.2,109.50186309523811,27.442528735632184,25.28735632183908
2044,2021-04-29 03:59:23,2021-04-29 04:21:23,55.6,69.6,112.76986319444451,28.917293233082706,26.902255639097746
2045,2021-04-29 07:04:56,2021-04-29 07:28:06,71.2,92.0,116.43832552083337,29.114285714285714,27.107142857142858
2046,2021-04-29 15:54:51,2021-04-29 16:20:43,27.6,43.6,109.54204020833336,30.643312101910826,29.076433121019107
2047,2021-04-29 16:21:04,2021-04-29 16:49:34,44.0,60.0,108.29256154513891,32.31395348837209,30.6046511627907
2048,2021-04-29 16:49:55,2021-04-29 17:19:25,60.0,76.0,114.43839539930556,33.0,31.49438202247191
2049,2021-04-30 12:46:44,2021-04-30 13:05:04,39.2,58.0,113.69238268321517,29.63963963963964,28.47747747747748
2050,2021-04-30 13:05:25,2021-04-30 13:31:55,58.0,84.8,115.19279560530681,31.7625,30.85
2051,2021-04-30 13:32:16,2021-04-30 13:48:56,85.2,96.4,119.91817175099204,33.0,32.0
2052,2021-04-30 20:53:32,2021-04-30 21:22:22,20.8,38.4,109.10825931186866,35.206896551724135,33.42528735632184
2053,2021-04-30 21:22:43,2021-04-30 21:48:13,38.4,54.8,103.61788211382112,36.506493506493506,34.62987012987013
2054,2021-04-30 21:48:34,2021-04-30 22:21:24,54.8,74.0,113.96411631944443,37.0,35.17171717171717
2055,2021-04-30 22:21:45,2021-04-30 22:54:15,74.4,92.4,120.29628888888888,37.31122448979592,35.0
2056,2021-05-01 05:24:16,2021-05-01 05:46:46,17.2,32.4,111.2692132675439,32.51470588235294,29.691176470588236
2057,2021-05-01 05:47:07,2021-05-01 06:16:37,32.8,53.2,108.6969195261438,34.01123595505618,31.48876404494382
2058,2021-05-01 06:16:58,2021-05-01 06:48:28,53.6,74.4,113.83415985576922,35.3,32.973684210526315
2059,2021-05-01 06:48:49,2021-05-01 07:09:49,74.8,88.0,119.58335984848483,36.0,33.0
2060,2021-05-01 12:20:02,2021-05-01 13:00:04,47.2,87.6,115.31244052530258,35.943521594684384,34.07641196013289
2061,2021-05-01 21:07:42,2021-05-01 21:51:52,39.6,84.8,113.45924072025568,38.075301204819276,36.77710843373494
2062,2021-05-01 21:52:56,2021-05-01 22:12:09,84.8,97.6,117.38828259548615,39.689655172413794,38.0
2063,2021-05-02 15:48:20,2021-05-02 16:09:19,25.6,48.0,109.43007358630953,32.770992366412216,31.72519083969466
2064,2021-05-02 16:09:40,2021-05-02 16:27:20,48.4,66.8,112.26073324275364,34.91588785046729,33.757009345794394
2065,2021-05-02 23:54:39,2021-05-03 00:21:19,20.4,48.8,110.73652748435056,32.30434782608695,29.124223602484474
2066,2021-05-03 00:21:40,2021-05-03 00:49:10,49.2,78.0,112.63505883487662,35.24096385542169,32.21686746987952
2067,2021-05-03 00:49:31,2021-05-03 01:16:11,78.4,97.6,121.86056177662046,36.01242236024845,33.0
2068,2021-05-03 16:35:44,2021-05-03 17:06:04,48.8,79.6,114.87102895021648,30.83606557377049,29.59016393442623
2069,2021-05-03 17:06:25,2021-05-03 17:32:05,79.6,97.6,121.20369637345681,32.07741935483871,31.0
2070,2021-05-04 04:58:54,2021-05-04 05:25:04,52.8,79.6,114.38176476990056,34.379746835443036,32.68354430379747
2071,2021-05-04 05:25:25,2021-05-04 05:50:45,80.0,97.6,121.55066185290408,35.0,33.30718954248366
2072,2021-05-04 18:59:16,2021-05-04 19:26:06,61.6,88.4,115.03524538764509,32.65432098765432,30.493827160493826
2073,2021-05-05 03:18:53,2021-05-05 03:48:33,46.4,76.8,113.94006684027778,30.441340782122904,28.41899441340782
2074,2021-05-05 03:48:54,2021-05-05 04:08:04,77.2,92.8,117.75998130341885,31.982758620689655,30.0
2075,2021-05-05 15:39:07,2021-05-05 16:09:07,14.4,47.2,106.9139706554878,35.93370165745856,34.25414364640884
2076,2021-05-05 16:09:28,2021-05-05 16:38:08,47.2,77.6,110.174993192617,38.72254335260116,37.38150289017341
2077,2021-05-05 16:38:29,2021-05-05 17:05:49,77.6,97.6,120.58264791666669,39.21818181818182,38.0
2078,2021-05-06 11:13:22,2021-05-06 11:54:52,56.4,94.0,115.83955231235225,30.580128205128204,29.42628205128205
2079,2021-05-06 21:39:34,2021-05-06 22:00:04,12.4,34.8,106.76339620535713,33.29032258064516,31.483870967741936
2080,2021-05-06 22:00:25,2021-05-06 22:27:15,35.2,63.6,110.16725528169016,35.98148148148148,34.166666666666664
2081,2021-05-06 22:27:36,2021-05-06 22:56:56,64.0,91.6,114.83897509057974,37.78531073446328,36.0
2082,2021-05-07 12:19:12,2021-05-07 12:48:02,8.8,40.4,106.69656280766529,35.10344827586207,33.62643678160919
2083,2021-05-07 12:48:23,2021-05-07 13:17:13,40.8,71.6,109.32856317640693,38.293103448275865,36.91954022988506
2084,2021-05-07 13:17:34,2021-05-07 13:43:01,72.0,94.0,115.18372462752528,39.753246753246756,38.0
2085,2021-05-07 21:56:32,2021-05-07 22:29:52,50.0,84.0,114.68016290849673,38.343283582089555,36.08955223880597
2086,2021-05-07 22:30:13,2021-05-07 22:50:53,84.4,97.6,124.42341635101022,39.0,36.344
2087,2021-05-08 03:02:33,2021-05-08 03:23:22,73.6,90.4,116.85120224867718,35.961783439490446,33.0
2088,2021-05-08 05:56:44,2021-05-08 06:24:34,54.8,71.2,113.01658621273707,37.0,34.0
2089,2021-05-08 06:24:55,2021-05-08 06:55:55,71.2,89.2,114.7654271604938,37.0,34.49732620320856
2090,2021-05-08 16:53:36,2021-05-08 17:15:56,17.2,38.0,107.70568028846152,39.266666666666666,37.39259259259259
2091,2021-05-08 17:23:37,2021-05-08 17:51:40,45.2,70.8,109.87642885199655,41.71764705882353,40.15294117647059
2092,2021-05-08 17:52:01,2021-05-08 18:24:41,71.2,96.0,118.56185013440863,42.857868020304565,41.0
2093,2021-05-09 00:13:34,2021-05-09 00:38:24,5.2,28.4,106.68944815613031,43.16,40.0
2094,2021-05-09 00:38:45,2021-05-09 01:05:55,28.8,54.0,107.45263458994711,44.646341463414636,41.08536585365854
2095,2021-05-09 01:06:16,2021-05-09 01:37:56,54.0,81.6,114.36547136674724,46.0,42.0
2096,2021-05-09 01:38:17,2021-05-09 02:03:57,82.0,97.2,123.22737125365497,46.0,42.0
2097,2021-05-09 06:19:29,2021-05-09 06:49:19,72.8,96.8,117.86516793981482,41.772222222222226,37.75555555555555
2098,2021-05-09 16:38:23,2021-05-09 16:59:23,2.4,22.0,107.26404272959185,40.23622047244095,39.0
2099,2021-05-09 17:09:14,2021-05-09 17:36:04,24.4,48.8,109.98747871129328,41.75308641975309,40.32716049382716
2100,2021-05-09 17:36:25,2021-05-09 18:07:05,49.2,77.2,109.54117237103173,43.78378378378378,42.005405405405405
2101,2021-05-09 18:07:26,2021-05-09 18:36:06,77.6,97.6,120.47847652777779,44.0,42.50867052023121
2102,2021-05-10 01:40:51,2021-05-10 02:20:37,47.2,88.0,114.25341906318084,39.34782608695652,36.72909698996656
2103,2021-05-10 04:42:14,2021-05-10 05:00:24,71.2,88.8,117.73360077335866,38.0,35.0
2104,2021-05-10 12:15:29,2021-05-10 13:33:40,37.6,89.2,113.64351901378123,35.96081771720613,34.52810902896082
2105,2021-05-10 20:39:55,2021-05-10 21:07:35,43.6,72.4,112.32495881558641,38.724550898203596,36.98203592814371
2106,2021-05-11 08:51:56,2021-05-11 09:20:16,40.0,69.6,111.59909159159163,33.30409356725146,31.818713450292396
2107,2021-05-11 09:20:37,2021-05-11 09:47:27,70.0,93.2,117.94120162835249,35.24074074074074,33.574074074074076
2108,2021-05-11 22:17:27,2021-05-11 22:49:47,24.8,59.6,108.60394268837807,39.56923076923077,38.43589743589744
2109,2021-05-11 22:50:08,2021-05-11 23:20:08,60.0,90.0,115.00186976851856,42.469613259668506,41.3646408839779
2110,2021-05-12 13:17:46,2021-05-12 13:46:16,40.4,70.0,112.51784562687688,38.4593023255814,37.58720930232558
2111,2021-05-12 13:46:37,2021-05-12 14:12:57,70.4,93.6,116.5439625239464,40.16981132075472,39.19496855345912
2112,2021-05-12 20:28:26,2021-05-12 21:08:43,47.6,88.4,114.9765518212146,40.554455445544555,38.53135313531353
2113,2021-05-13 03:30:45,2021-05-13 04:28:55,26.8,87.6,111.63393521335891,39.08237986270023,36.526315789473685
2114,2021-05-13 12:37:31,2021-05-13 12:57:21,0.4,21.6,108.41195427148848,39.0,37.083333333333336
2115,2021-05-13 12:57:42,2021-05-13 13:27:42,22.0,54.0,108.60850842013889,41.005524861878456,39.41436464088398
2116,2021-05-13 13:28:03,2021-05-13 13:56:43,54.4,83.6,113.67770243531203,43.83236994219653,42.433526011560694
2117,2021-05-13 21:21:40,2021-05-13 21:38:10,21.6,39.2,110.08679924242423,37.84,35.31
2118,2021-05-13 21:38:31,2021-05-13 22:05:31,39.6,68.4,110.13744024884255,40.26993865030675,38.03680981595092
2119,2021-05-13 22:05:52,2021-05-13 22:34:02,68.4,93.2,118.89281048387097,41.917647058823526,39.27647058823529
2120,2021-05-14 16:52:53,2021-05-14 17:12:13,7.6,26.0,106.8342489432367,34.914529914529915,33.05982905982906
2121,2021-05-14 17:12:34,2021-05-14 17:41:24,26.4,52.8,108.55272506313132,36.793103448275865,35.09770114942529
2122,2021-05-14 17:41:45,2021-05-14 18:07:25,53.2,76.0,106.9261854288499,38.883870967741935,37.0
2123,2021-05-14 18:07:46,2021-05-14 18:35:26,76.0,96.0,115.96320430555554,39.62874251497006,37.83832335329341
2124,2021-05-15 02:06:25,2021-05-15 02:29:25,16.0,41.2,106.47266291887125,36.489208633093526,33.856115107913666
2125,2021-05-15 02:29:46,2021-05-15 02:57:16,41.6,70.8,109.87823535007612,39.25301204819277,36.90963855421687
2126,2021-05-15 02:57:37,2021-05-15 03:25:37,71.2,94.4,120.47833010057471,40.751479289940825,38.18343195266272
2127,2021-05-15 15:34:54,2021-05-15 16:03:14,15.6,36.0,106.90701538671028,38.40350877192982,36.80701754385965
2128,2021-05-15 16:03:35,2021-05-15 16:29:45,36.4,54.8,107.1399645229469,40.03164556962025,38.575949367088604
2129,2021-05-16 08:19:24,2021-05-16 08:43:34,35.2,60.8,111.71875651041667,34.445205479452056,33.205479452054796
2130,2021-05-16 08:43:55,2021-05-16 09:14:55,60.8,91.2,115.2864719480994,37.05882352941177,35.786096256684495
2131,2021-05-17 11:46:03,2021-05-17 12:10:23,15.2,32.0,110.81267518187829,34.10884353741496,33.435374149659864
2132,2021-05-17 12:10:44,2021-05-17 12:39:54,32.0,52.8,105.2123508279915,36.22727272727273,35.51136363636363
2133,2021-05-17 12:40:15,2021-05-17 13:11:35,53.2,74.4,106.39479972484276,38.00529100529101,37.52910052910053
2134,2021-05-17 13:11:56,2021-05-17 13:42:06,74.4,92.4,115.75001836419754,39.0,38.07142857142857
2135,2021-05-17 21:10:50,2021-05-17 21:31:40,29.2,51.6,109.61931398809526,41.301587301587304,38.44444444444444
2136,2021-05-17 21:32:01,2021-05-17 22:00:08,52.0,80.8,115.16698523341053,43.694117647058825,40.923529411764704
2137,2021-05-17 22:00:29,2021-05-17 22:24:29,81.2,97.6,121.29236144986457,44.02758620689655,42.0
2138,2021-05-18 16:01:22,2021-05-18 16:26:42,4.0,22.0,105.67517777777782,38.0,35.51633986928105
2139,2021-05-18 16:27:03,2021-05-18 17:04:29,22.4,48.4,108.22075049145303,38.63716814159292,36.650442477876105
2140,2021-05-18 17:04:50,2021-05-18 17:33:10,48.4,68.0,108.65932114512474,40.41520467836257,38.54970760233918
2141,2021-05-18 17:33:31,2021-05-18 18:02:11,68.0,86.4,117.10751388888887,41.0,39.0
2142,2021-05-18 21:20:55,2021-05-18 21:51:05,63.6,89.6,115.86753167735044,40.54945054945055,38.104395604395606
2143,2021-05-19 03:08:37,2021-05-19 03:39:27,51.6,82.8,115.95039872685187,38.69892473118279,36.354838709677416
2144,2021-05-19 03:39:48,2021-05-19 04:01:08,83.2,97.6,121.74674228395072,39.0,37.0
2145,2021-05-19 14:06:54,2021-05-19 14:37:24,6.4,28.4,104.44131117424243,38.16304347826087,37.0
2146,2021-05-19 14:37:45,2021-05-19 15:05:51,28.4,47.6,110.25349661458334,39.59411764705882,37.96470588235294
2147,2021-05-19 15:06:12,2021-05-19 15:22:52,48.0,59.6,108.23757183908045,41.0,39.35643564356435
2148,2021-05-19 18:00:46,2021-05-19 18:30:29,60.0,82.0,101.73285089646467,38.76111111111111,36.81666666666667
2149,2021-05-19 18:30:50,2021-05-19 18:50:50,82.4,94.8,120.05491039426535,39.0,37.0
2150,2021-05-20 01:52:05,2021-05-20 02:21:10,25.2,52.0,108.71824114842454,37.25423728813559,34.96610169491525
2151,2021-05-20 02:21:31,2021-05-20 02:50:51,52.4,78.0,114.8193462456597,39.32203389830509,37.31073446327684
2152,2021-05-20 02:51:12,2021-05-20 03:18:42,78.4,97.6,121.03299985532416,40.0,38.0
2153,2021-05-20 12:30:44,2021-05-20 13:01:24,53.6,73.6,115.50002555555562,38.0,36.545945945945945
2154,2021-05-20 13:01:45,2021-05-20 13:34:25,73.6,94.8,114.21975838574423,38.38578680203046,37.0
2155,2021-05-20 13:34:46,2021-05-20 13:51:26,94.8,99.6,149.7541087962965,38.584158415841586,37.0
2156,2021-05-20 22:41:34,2021-05-20 23:01:24,8.0,26.8,107.3891948138298,38.59166666666667,36.13333333333333
2157,2021-05-20 23:15:11,2021-05-20 23:44:21,39.6,65.6,109.37661554487181,41.36931818181818,38.92613636363637
2158,2021-05-20 23:56:43,2021-05-21 00:24:13,75.6,94.8,121.2145652488426,42.75903614457831,40.0
2159,2021-05-21 21:29:13,2021-05-21 22:04:42,20.0,52.8,108.33228441310976,39.306976744186045,37.82325581395349
2160,2021-05-21 22:05:03,2021-05-21 22:34:13,53.2,77.2,115.46818177083334,41.82954545454545,40.19886363636363
2161,2021-05-21 22:34:34,2021-05-21 22:52:54,77.6,91.2,120.6066307189542,42.288288288288285,41.0
2162,2021-05-22 06:40:15,2021-05-22 07:11:45,34.8,68.0,110.83501694277112,38.32631578947368,36.04736842105263
2163,2021-05-22 07:12:06,2021-05-22 07:38:06,68.4,92.0,117.98493944209041,40.0,38.0
2164,2021-05-22 16:22:50,2021-05-22 16:49:40,28.0,57.2,107.24125285388126,41.46296296296296,39.98148148148148
2165,2021-05-22 16:50:01,2021-05-22 17:16:51,57.2,84.4,115.03523590686274,43.67901234567901,42.27777777777778
2166,2021-05-23 03:31:05,2021-05-23 04:01:25,42.4,74.0,112.03674929676512,39.50819672131148,37.322404371584696
2167,2021-05-23 04:01:46,2021-05-23 04:32:46,74.4,97.6,121.57029591714566,40.99465240641711,38.81818181818182
2168,2021-05-23 14:41:01,2021-05-23 15:11:11,45.2,76.8,111.32911172644164,43.56043956043956,41.94505494505494
2169,2021-05-24 00:56:29,2021-05-24 01:25:09,13.6,44.4,108.65981917388167,38.641618497109825,36.445086705202314
2170,2021-05-24 01:25:30,2021-05-24 01:49:45,44.8,70.0,112.27839084545855,41.42567567567568,39.38513513513514
2171,2021-05-24 01:50:06,2021-05-24 02:10:46,70.4,90.4,116.47223173611114,42.632,40.592
2172,2021-05-24 09:32:49,2021-05-24 10:12:39,14.0,28.0,106.99506954365081,36.0,34.0
2173,2021-05-24 10:13:00,2021-05-24 10:41:20,28.4,37.6,115.63105283816422,36.97076023391813,34.345029239766085
2174,2021-05-24 10:41:41,2021-05-24 11:08:31,38.0,47.2,109.3900981280193,37.0,35.0
2175,2021-05-24 11:08:52,2021-05-24 11:40:22,47.2,58.4,105.48115203373021,37.136842105263156,35.22631578947368
2176,2021-05-24 11:40:43,2021-05-24 12:13:53,58.8,70.0,111.11855853174599,37.39,35.31
2177,2021-05-24 19:43:11,2021-05-24 20:05:36,28.8,49.2,110.48653311546839,35.662721893491124,34.18934911242604
2178,2021-05-24 23:46:09,2021-05-25 00:33:39,49.6,88.8,114.80499881306689,36.66386554621849,34.71148459383753
2179,2021-05-25 13:58:55,2021-05-25 14:28:25,17.2,49.2,107.48958012152778,37.18539325842696,35.258426966292134
2180,2021-05-25 14:28:46,2021-05-25 14:58:26,49.6,80.8,110.83822965633905,40.36871508379888,38.62011173184357
2181,2021-05-25 22:07:34,2021-05-25 22:37:04,19.2,39.6,108.30473903867102,37.6123595505618,35.19662921348315
2182,2021-05-25 22:37:25,2021-05-25 23:08:45,40.0,61.6,108.79629629629628,38.804232804232804,36.55555555555556
2183,2021-05-26 06:56:47,2021-05-26 08:08:10,31.2,97.6,115.13761589064595,35.94402985074627,33.89738805970149
2184,2021-05-27 08:16:23,2021-05-27 09:20:10,30.8,94.0,112.01347452092125,33.23799582463466,32.42797494780793
2185,2021-05-27 14:06:34,2021-05-27 14:57:58,37.600002,89.6,114.06835497111194,39.07751937984496,37.633074935400515
2186,2021-05-28 00:02:39,2021-05-28 01:17:30,26.0,94.4,113.17390590074726,44.74733096085409,41.612099644128115
2187,2021-05-28 13:06:09,2021-05-28 14:11:24,16.0,85.6,109.6707332495211,41.67551020408163,40.30408163265306
2188,2021-05-30 12:22:08,2021-05-30 13:27:55,4.8,76.4,107.26484521260087,35.892712550607285,34.392712550607285
2189,2021-05-30 23:11:23,2021-05-31 00:10:46,41.2,96.8,115.37126578237411,35.81165919282511,33.09865470852018
2190,2021-05-31 07:38:26,2021-05-31 08:57:22,21.6,97.6,112.9791041520468,36.59359190556492,34.70826306913997
2191,2021-06-01 11:35:57,2021-06-01 11:55:47,24.4,38.0,111.22142187499999,31.4,30.316666666666666
2192,2021-06-01 11:56:08,2021-06-01 12:23:28,38.4,56.8,111.14434593900965,33.21818181818182,32.11515151515152
2193,2021-06-01 12:23:49,2021-06-01 12:48:59,57.2,73.2,113.32640772569442,34.88157894736842,33.80921052631579
2194,2021-06-01 12:49:20,2021-06-01 13:17:40,73.2,90.0,117.17428827711645,35.1812865497076,34.2046783625731
2195,2021-06-01 23:08:02,2021-06-01 23:37:12,14.4,42.0,107.15379483695654,29.926136363636363,27.676136363636363
2196,2021-06-01 23:37:33,2021-06-02 00:04:23,42.0,66.8,105.9369496527778,32.870370370370374,30.61111111111111
2197,2021-06-02 00:04:44,2021-06-02 00:33:04,66.8,90.0,113.59316175766283,34.16959064327485,32.0
2198,2021-06-02 13:40:56,2021-06-02 14:08:06,42.4,70.8,111.63048356807512,33.920731707317074,32.420731707317074
2199,2021-06-02 23:12:20,2021-06-02 23:31:00,13.2,33.6,106.7810486111111,31.256637168141594,28.646017699115045
2200,2021-06-02 23:31:21,2021-06-03 00:05:01,34.0,70.4,107.92277464896212,34.51231527093596,32.21182266009852
2201,2021-06-03 11:09:12,2021-06-03 11:33:42,21.6,44.0,109.10217937748017,32.45945945945946,30.83783783783784
2202,2021-06-03 11:34:03,2021-06-03 11:59:43,44.4,67.6,110.5926684626437,35.0258064516129,33.34193548387097
2203,2021-06-03 12:09:31,2021-06-03 12:38:31,75.2,97.6,116.84338628472229,36.70857142857143,35.0
2204,2021-06-04 10:29:44,2021-06-04 10:59:34,28.4,60.8,107.42798855452675,34.516666666666666,31.977777777777778
2205,2021-06-04 10:59:55,2021-06-04 11:20:50,61.2,83.6,108.89918618551593,36.90625,34.3828125
2206,2021-06-04 21:36:21,2021-06-04 22:01:37,60.8,86.4,115.40344419487842,34.69281045751634,32.287581699346404
2207,2021-06-04 22:01:58,2021-06-04 22:18:38,86.8,97.6,119.03422016460905,35.12871287128713,33.0
2208,2021-06-05 14:05:16,2021-06-05 14:36:20,58.8,75.6,114.06287214285722,30.405982905982906,29.04700854700855
2209,2021-06-07 20:53:03,2021-06-07 21:10:53,28.0,47.2,108.61040350115742,34.629629629629626,32.93518518518518
2210,2021-06-07 21:11:14,2021-06-07 21:39:14,47.6,76.8,112.06622250761038,37.29585798816568,35.739644970414204
2211,2021-06-07 21:39:35,2021-06-07 22:04:25,77.2,97.6,120.23829908769068,38.8,37.02
2212,2021-06-08 04:09:05,2021-06-08 04:32:25,62.8,86.4,115.53379201977395,38.0,35.88652482269504
2213,2021-06-08 14:14:28,2021-06-08 14:35:38,61.6,83.2,114.46953086419755,36.328125,34.875
2214,2021-06-08 14:35:59,2021-06-08 14:53:59,83.6,97.6,120.40576855158729,37.0,36.0
2215,2021-06-08 21:23:24,2021-06-08 21:43:54,55.2,73.2,113.61497538580245,37.895161290322584,36.20967741935484
2216,2021-06-08 21:44:15,2021-06-08 22:14:05,73.6,97.2,117.79424370291898,38.84444444444444,37.0
2217,2021-06-10 02:51:41,2021-06-10 03:10:11,38.8,50.4,119.87909746168579,32.99107142857143,31.3125
2218,2021-06-10 03:10:32,2021-06-10 03:43:32,50.8,72.8,112.75002500000002,34.57286432160804,32.74874371859296
2219,2021-06-10 03:43:53,2021-06-10 04:13:33,73.2,92.4,116.14296556712962,35.13966480446928,33.754189944134076
2220,2021-06-14 20:12:24,2021-06-14 20:39:44,53.2,80.8,115.75987796900162,32.63636363636363,31.44848484848485
2221,2021-06-14 20:40:05,2021-06-14 20:59:15,81.2,97.6,112.98357867547433,34.0,32.86206896551724
2222,2021-06-15 03:16:26,2021-06-15 03:42:46,74.8,97.6,116.5436235989279,34.0377358490566,32.61006289308176
2223,2021-06-15 09:40:43,2021-06-15 10:05:03,4.4,24.0,103.8031671626984,34.7687074829932,33.0
2224,2021-06-15 10:05:24,2021-06-15 10:36:14,24.0,48.0,107.488447337963,35.693548387096776,33.81720430107527
2225,2021-06-15 10:36:35,2021-06-15 11:06:35,48.0,71.2,107.58383381226054,37.72375690607735,35.950276243093924
2226,2021-06-15 11:06:56,2021-06-15 11:30:36,71.2,88.0,116.20207374338626,38.65034965034965,37.0
2227,2021-06-15 22:29:37,2021-06-15 23:00:37,38.4,71.2,110.3722134569783,40.68449197860963,38.588235294117645
2228,2021-06-15 23:00:58,2021-06-15 23:21:50,71.6,92.4,117.12834644097218,42.46875,40.0
2229,2021-06-16 12:07:51,2021-06-16 12:28:52,40.8,63.2,109.51773965773808,37.1171875,36.015625
2230,2021-06-16 12:29:13,2021-06-16 13:05:09,63.6,96.8,117.37333653781796,39.52995391705069,38.52995391705069
2231,2021-06-16 23:41:48,2021-06-17 00:13:48,16.4,38.8,109.62055530753972,34.145077720207254,31.673575129533678
2232,2021-06-17 00:14:09,2021-06-17 00:48:19,39.2,62.8,108.17327277542374,36.13592233009709,33.820388349514566
2233,2021-06-17 00:48:40,2021-06-17 01:20:20,62.8,82.8,112.96390666666665,37.19895287958115,35.0
2234,2021-06-17 01:20:41,2021-06-17 01:39:31,82.8,93.6,120.31123276748976,38.0,35.0
2235,2021-06-17 08:38:53,2021-06-17 08:59:33,49.6,70.8,113.63010934224323,35.592,33.872
2236,2021-06-17 08:59:54,2021-06-17 09:27:44,71.2,96.4,118.39231040564376,37.404761904761905,35.70238095238095
2237,2021-06-17 16:10:51,2021-06-17 16:53:33,39.6,77.6,112.31458891081871,40.246105919003114,38.72274143302181
2238,2021-06-18 13:54:41,2021-06-18 14:22:21,43.6,62.8,107.16219646990741,39.88622754491018,38.31736526946108
2239,2021-06-18 19:07:10,2021-06-18 19:32:30,28.0,55.2,109.38163853145421,41.13725490196079,39.50326797385621
2240,2021-06-18 19:32:51,2021-06-18 19:59:01,55.6,82.8,113.02491717728759,43.62658227848101,42.0253164556962
2241,2021-06-19 10:15:31,2021-06-19 10:46:41,9.2,31.6,106.3424050719246,35.25,34.0
2242,2021-06-19 10:47:02,2021-06-19 11:15:02,31.6,51.2,107.29096534863946,36.662721893491124,35.16568047337278
2243,2021-06-19 11:15:23,2021-06-19 11:48:03,51.6,73.2,109.80325244341562,38.54314720812183,36.74111675126903
2244,2021-06-19 11:48:24,2021-06-19 12:17:34,73.6,90.8,118.01196842700254,39.0,37.0
2245,2021-06-19 17:41:49,2021-06-19 18:10:09,57.6,68.0,113.12629927884616,39.30994152046784,38.0
2246,2021-06-19 18:10:30,2021-06-19 18:39:20,68.0,78.4,115.05604353632471,39.0,38.0
2247,2021-06-19 18:39:41,2021-06-19 19:09:31,78.4,89.2,114.63987191358022,39.0,38.0
2248,2021-06-19 19:09:52,2021-06-19 19:34:32,89.2,97.6,120.41001124338639,39.0,37.986577181208055
2249,2021-06-19 23:57:11,2021-06-20 00:20:01,7.2,24.8,105.76548784722223,39.0,36.71739130434783
2250,2021-06-20 00:20:22,2021-06-20 00:50:42,25.2,48.4,109.1738723659004,40.08196721311475,37.39344262295082
2251,2021-06-20 00:51:03,2021-06-20 01:16:33,48.4,68.0,108.63522576530613,41.811688311688314,39.15584415584416
2252,2021-06-20 01:16:54,2021-06-20 01:45:54,68.0,88.8,116.41829246794875,43.0,40.0
2253,2021-06-20 14:42:16,2021-06-20 15:06:26,20.0,46.8,107.4611322035655,40.24657534246575,38.34931506849315
2254,2021-06-20 15:06:47,2021-06-20 15:23:27,47.2,65.6,107.94384088164257,42.65346534653465,40.84158415841584
2255,2021-06-20 21:46:11,2021-06-20 22:09:31,24.8,50.0,107.85327452601412,40.1063829787234,38.0
2256,2021-06-20 22:09:52,2021-06-20 22:30:42,50.4,73.2,106.42299561403507,42.63492063492063,40.5
2257,2021-06-21 21:51:45,2021-06-21 22:24:15,16.0,40.4,110.55332308743174,36.14795918367347,33.36224489795919
2258,2021-06-21 22:24:36,2021-06-21 22:55:16,40.8,63.6,111.63747173489278,37.77837837837838,35.0
2259,2021-06-21 22:55:37,2021-06-21 23:20:27,64.0,82.0,114.50930524691361,39.0,36.0
2260,2021-06-21 23:20:48,2021-06-21 23:43:18,82.4,97.6,120.32898766447377,39.0,36.0
2261,2021-06-22 09:46:10,2021-06-22 11:14:29,14.0,95.200005,109.97723881742509,34.12951807228916,31.783132530120483
2262,2021-06-23 15:54:13,2021-06-23 16:25:13,36.8,69.2,111.63494607338819,32.0427807486631,30.577540106951872
2263,2021-06-24 07:40:53,2021-06-24 08:08:43,40.8,71.2,106.81103746345029,30.702380952380953,29.86904761904762
2264,2021-06-24 08:09:04,2021-06-24 08:36:24,71.6,97.2,112.95301486545135,32.96969696969697,32.32727272727273
2265,2021-06-24 18:35:13,2021-06-24 19:32:27,28.4,87.6,112.49872215887761,36.325581395348834,33.77209302325581
2266,2021-06-25 12:29:15,2021-06-25 12:58:35,55.6,85.2,115.59309084084084,35.92655367231639,34.655367231638415
2267,2021-06-25 19:04:18,2021-06-25 19:32:38,56.4,84.8,116.44708983763694,36.619883040935676,33.45614035087719
2268,2021-06-26 14:00:28,2021-06-26 14:32:08,21.2,55.6,107.41037160852713,37.07329842931937,35.3717277486911
2269,2021-06-26 14:41:03,2021-06-26 15:12:53,64.8,95.6,116.59046221139975,40.578125,39.041666666666664
2270,2021-06-27 02:30:58,2021-06-27 02:48:08,76.0,92.8,119.24851545965612,38.52884615384615,36.98076923076923
2271,2021-06-27 16:00:03,2021-06-27 16:30:23,30.4,63.2,108.10384180216803,37.39344262295082,35.36065573770492
2272,2021-06-27 16:30:44,2021-06-27 16:59:04,63.2,92.4,113.45178481735158,39.67836257309941,37.52046783625731
2273,2021-06-28 00:56:32,2021-06-28 02:11:32,29.2,95.6,112.83043283760041,36.86678507992895,34.77797513321492
2274,2021-06-28 16:23:12,2021-06-28 16:53:42,30.8,62.8,111.55514149305559,35.64673913043478,33.34239130434783
2275,2021-06-28 16:54:03,2021-06-28 17:15:03,63.2,84.4,115.98862637578615,38.354330708661415,36.173228346456696
2276,2021-06-29 12:15:47,2021-06-29 14:14:41,44.8,97.6,115.02979774568603,33.079507278835386,31.988801791713325
2277,2021-06-30 09:50:03,2021-06-30 13:33:51,2.8,52.0,106.31189386009486,34.49523241954708,33.273539928486294
2278,2021-06-30 13:35:35,2021-06-30 15:58:15,51.2,84.0,107.07837774390245,36.0,34.89169000933707
2279,2021-06-30 22:35:12,2021-06-30 23:06:12,35.2,67.6,110.19205975651583,38.25668449197861,35.94117647058823
2280,2021-07-01 11:52:25,2021-07-01 12:13:35,42.0,60.8,112.09148515070926,35.234375,34.1015625
2281,2021-07-01 12:13:56,2021-07-01 12:35:06,61.2,79.6,114.55467829106283,36.921875,35.84375
2282,2021-07-01 20:22:16,2021-07-01 20:43:06,20.0,34.8,106.74552055180189,39.51587301587302,37.04761904761905
2283,2021-07-01 20:43:27,2021-07-01 21:11:37,34.8,54.4,107.2123214285714,40.66470588235294,38.32941176470588
2284,2021-07-01 21:11:58,2021-07-01 21:36:38,54.4,70.4,111.48612960069441,42.0,39.59731543624161
2285,2021-07-01 21:36:59,2021-07-01 22:05:29,70.8,87.6,118.06301190476192,42.0,40.0
2286,2021-07-01 22:05:50,2021-07-01 22:23:10,88.0,97.6,121.8374036458334,42.0,39.628571428571426
2287,2021-07-02 15:17:05,2021-07-02 15:36:05,35.2,48.4,109.87059974747481,37.0,35.321739130434786
2288,2021-07-02 15:36:26,2021-07-02 16:06:25,48.4,68.8,109.15850326797387,38.110497237569064,36.6243093922652
2289,2021-07-02 16:06:46,2021-07-02 16:25:46,69.2,80.8,117.22582339559393,39.0,37.0
2290,2021-07-03 13:42:01,2021-07-03 14:02:11,23.2,41.6,111.37531363224637,35.52459016393443,34.30327868852459
2291,2021-07-03 14:02:32,2021-07-03 14:22:32,42.0,60.0,110.60494915123455,37.53719008264463,36.20661157024794
2292,2021-07-04 04:15:32,2021-07-04 04:36:22,23.6,42.4,110.24529033687949,35.42857142857143,33.61904761904762
2293,2021-07-04 04:36:43,2021-07-04 04:55:33,42.8,60.0,108.91151695736434,37.3421052631579,35.54385964912281
2294,2021-07-04 04:55:54,2021-07-04 05:17:04,60.4,79.6,109.67015726273155,38.890625,37.0
2295,2021-07-04 17:13:45,2021-07-04 17:31:55,51.2,69.6,115.38044806763293,39.56363636363636,38.35454545454545
2296,2021-07-05 14:57:57,2021-07-05 15:19:07,28.0,42.8,110.45140080705711,36.8671875,35.0390625
2297,2021-07-05 15:19:28,2021-07-05 15:51:08,43.2,64.8,110.68416531635808,38.638743455497384,36.80628272251309
2298,2021-07-05 15:51:29,2021-07-05 16:12:09,65.2,78.0,117.30036111111116,40.0,38.0
2299,2021-07-05 18:23:44,2021-07-05 18:53:54,63.2,82.0,115.05690093085106,40.0,38.027472527472526
2300,2021-07-05 18:54:15,2021-07-05 19:12:25,82.0,92.8,116.64867824074076,40.0,38.67272727272727
2301,2021-07-06 02:40:02,2021-07-06 03:07:52,24.4,44.0,109.82852430555559,36.482142857142854,34.458333333333336
2302,2021-07-06 03:08:13,2021-07-06 03:37:23,44.4,64.8,107.85676708877993,38.36931818181818,36.43181818181818
2303,2021-07-06 03:37:44,2021-07-06 04:03:54,64.8,81.6,112.48678224206347,39.0,37.0
2304,2021-07-06 04:04:15,2021-07-06 04:31:15,82.0,97.6,120.43359740028494,39.38036809815951,37.0
2305,2021-07-06 14:23:58,2021-07-06 14:50:48,24.0,43.2,108.81149797453702,38.364197530864196,36.08641975308642
2306,2021-07-06 14:51:09,2021-07-06 15:16:29,43.6,61.2,109.726968197601,39.947712418300654,37.666666666666664
2307,2021-07-06 15:16:50,2021-07-06 15:46:40,61.2,80.8,111.46472512755106,41.0,39.0
2308,2021-07-06 15:47:01,2021-07-06 16:12:31,80.8,96.0,118.26025228435672,41.0,39.0
2309,2021-07-06 23:56:21,2021-07-07 00:39:51,48.0,85.6,115.20506831781918,38.6177370030581,36.41284403669725
2310,2021-07-07 15:11:51,2021-07-07 15:41:21,45.2,74.8,114.76540578078082,36.08426966292135,34.752808988764045
2311,2021-07-07 21:32:18,2021-07-07 22:08:20,26.4,64.8,109.35178031684029,36.74907749077491,35.125461254612546
2312,2021-07-07 22:28:14,2021-07-07 22:52:16,65.2,90.8,109.3823292914497,38.79558011049724,36.97790055248619
2313,2021-07-08 06:11:10,2021-07-08 06:28:00,43.2,60.8,111.81425078914151,34.245098039215684,31.80392156862745
2314,2021-07-08 23:38:25,2021-07-09 00:07:15,30.0,60.8,108.74099720418474,39.38505747126437,37.57471264367816
2315,2021-07-09 00:07:36,2021-07-09 00:35:16,61.2,90.0,111.6256944926698,42.01796407185629,40.293413173652695
2316,2021-07-09 22:02:59,2021-07-09 22:23:39,32.8,54.8,109.55933977272727,40.008,38.192
2317,2021-07-09 22:24:00,2021-07-09 22:51:00,54.8,82.4,114.09721890096615,42.41717791411043,40.60122699386503
2318,2021-07-10 05:24:24,2021-07-10 07:29:24,4.0,97.6,107.60474433018759,42.19893617021277,39.00851063829787
2319,2021-07-10 10:52:53,2021-07-10 11:22:43,56.8,82.8,114.94873365384615,42.794444444444444,39.733333333333334
2320,2021-07-11 20:38:04,2021-07-11 20:58:44,16.0,31.2,105.35363532529243,33.776,31.888
2321,2021-07-11 20:59:05,2021-07-11 21:28:25,31.6,52.0,109.76240516067539,35.22598870056497,33.333333333333336
2322,2021-07-11 21:28:46,2021-07-11 22:08:38,52.0,79.2,107.1833772416258,37.56846473029046,35.53941908713693
2323,2021-07-12 00:47:17,2021-07-12 01:14:30,58.8,86.8,114.31608211309523,38.014634146341464,36.448780487804875
2324,2021-07-12 10:13:22,2021-07-12 10:51:49,44.8,84.0,114.31905826601474,37.418685121107266,36.048442906574394
2325,2021-07-12 15:16:00,2021-07-12 15:47:20,23.2,56.8,108.95834387400798,42.57142857142857,40.904761904761905
2326,2021-07-12 15:47:41,2021-07-12 16:13:21,57.2,81.2,112.8634386574074,45.225806451612904,43.56774193548387
2327,2021-07-13 14:06:59,2021-07-13 14:24:09,15.2,31.2,107.64150321180553,37.25,36.09615384615385
2328,2021-07-13 14:24:30,2021-07-13 14:45:00,31.6,50.4,109.39421948877069,38.83064516129032,37.71774193548387
2329,2021-07-13 14:45:21,2021-07-13 15:03:51,50.8,68.0,108.05959875645992,40.705357142857146,39.625
2330,2021-07-13 15:04:12,2021-07-13 15:24:12,68.4,86.4,111.56404675925924,42.0,40.925619834710744
2331,2021-07-14 01:04:14,2021-07-14 01:23:44,46.4,66.8,111.76267933006541,38.88135593220339,37.04237288135593
2332,2021-07-14 01:24:05,2021-07-14 01:41:05,67.2,84.4,115.52973045865636,40.0,38.15533980582524
2333,2021-07-14 14:09:12,2021-07-14 14:39:22,16.0,44.0,109.28870029761903,41.23076923076923,38.895604395604394
2334,2021-07-14 14:39:43,2021-07-14 15:02:13,44.4,64.8,108.60431515522875,43.044117647058826,41.169117647058826
2335,2021-07-15 11:37:02,2021-07-15 11:56:42,46.4,66.8,112.66817442810459,38.32773109243698,36.445378151260506
2336,2021-07-15 11:57:03,2021-07-15 12:22:53,67.2,93.2,115.93803990384617,39.705128205128204,38.12820512820513
2337,2021-07-15 22:13:39,2021-07-15 22:32:49,26.4,39.6,110.5566372053872,38.0948275862069,36.008620689655174
2338,2021-07-15 22:33:10,2021-07-15 22:53:10,40.0,53.6,110.47081729983663,39.29752066115702,37.29752066115702
2339,2021-07-15 22:53:31,2021-07-15 23:11:51,54.0,66.8,105.04884147135418,40.486486486486484,38.450450450450454
2340,2021-07-16 01:58:23,2021-07-16 02:52:43,44.8,97.6,115.50508074494952,40.07107843137255,37.544117647058826
2341,2021-07-16 19:23:16,2021-07-16 19:51:36,12.8,39.2,108.20443892045452,37.32163742690059,35.461988304093566
2342,2021-07-16 19:51:57,2021-07-16 20:21:17,39.6,67.2,107.1638484299517,39.717514124293785,37.909604519774014
2343,2021-07-16 20:21:38,2021-07-16 20:51:18,67.6,94.0,113.3349140888047,41.46927374301676,39.09497206703911
2344,2021-07-17 12:34:01,2021-07-17 13:06:01,23.6,53.2,109.54535543355857,34.512953367875646,33.25388601036269
2345,2021-07-17 13:06:22,2021-07-17 13:34:32,53.6,79.2,111.55817643229167,37.423529411764704,36.21176470588235
2346,2021-07-17 13:34:53,2021-07-17 13:57:33,79.6,97.6,119.02391234567902,38.153284671532845,37.0
2347,2021-07-17 23:22:24,2021-07-17 23:50:50,39.6,68.8,113.55184669901068,36.42056074766355,34.63084112149533
2348,2021-07-18 21:28:55,2021-07-18 22:40:37,16.8,92.8,109.83884121527781,37.301115241635685,35.899628252788105
2349,2021-07-19 03:11:01,2021-07-19 03:28:51,56.0,67.2,116.92336731150792,38.5462962962963,36.324074074074076
2350,2021-07-19 03:29:12,2021-07-19 03:45:52,67.6,78.0,114.55797422542729,39.0,37.0
2351,2021-07-19 10:53:48,2021-07-19 11:13:58,56.0,68.8,116.18598784722226,37.08196721311475,35.0
2352,2021-07-19 11:14:19,2021-07-19 11:34:29,69.2,81.6,116.34634206989256,38.0,35.69672131147541
2353,2021-07-19 11:34:50,2021-07-19 11:55:40,82.0,94.0,120.79052951388884,38.0,36.0
2354,2021-07-19 20:16:51,2021-07-19 20:34:11,32.0,50.4,109.9381074879227,37.50476190476191,35.304761904761904
2355,2021-07-20 02:23:21,2021-07-20 03:11:16,51.6,97.6,115.46649322463769,38.28888888888889,35.50277777777778
2356,2021-07-20 11:37:51,2021-07-20 11:56:41,46.4,63.2,112.59921155753968,35.35087719298246,33.14912280701754
2357,2021-07-20 11:57:02,2021-07-20 12:15:32,63.6,80.0,113.25711814024393,36.642857142857146,34.455357142857146
2358,2021-07-20 12:15:53,2021-07-20 12:37:23,80.0,97.6,115.18861726641416,37.0,35.0
2359,2021-07-20 20:45:07,2021-07-20 21:13:37,14.4,45.2,107.96536904761902,35.366279069767444,33.2093023255814
2360,2021-07-20 21:13:58,2021-07-20 21:40:28,45.6,74.0,108.84976408450706,38.2125,36.06875
2361,2021-07-20 21:40:49,2021-07-20 22:05:29,74.4,97.2,114.56383778021441,39.54362416107382,37.0
2362,2021-07-21 04:27:56,2021-07-21 05:23:44,40.8,96.4,114.31087826738609,37.353221957040574,34.54892601431981
2363,2021-07-21 12:51:59,2021-07-21 13:32:55,45.2,80.8,114.06016288233461,34.37246963562753,32.67206477732793
2364,2021-07-21 13:33:16,2021-07-21 13:54:26,81.2,97.6,118.82283968495942,35.609375,34.0
2365,2021-07-21 20:58:03,2021-07-21 21:19:53,43.6,63.6,108.99165027777778,38.121212121212125,35.15909090909091
2366,2021-07-21 21:20:14,2021-07-21 21:41:34,64.0,82.4,115.76236307367147,39.31782945736434,36.70542635658915
2367,2021-07-21 21:41:55,2021-07-21 22:00:25,82.8,97.6,117.0607981418919,40.0,37.0
2368,2021-07-22 04:43:12,2021-07-22 05:01:02,48.8,67.2,113.20200286835747,36.425925925925924,33.49074074074074
2369,2021-07-22 05:01:23,2021-07-22 05:19:43,67.6,86.0,116.33228336352657,37.67567567567568,34.990990990990994
2370,2021-07-22 16:56:48,2021-07-22 17:35:23,3.6,45.6,107.14467445436509,41.2,39.47931034482759
2371,2021-07-22 17:35:42,2021-07-22 18:33:51,45.6,97.6,113.14778425747865,44.55377574370709,43.183066361556065
2372,2021-07-23 13:47:37,2021-07-23 14:08:07,49.2,70.8,110.68994347993831,40.314516129032256,38.935483870967744
2373,2021-07-23 14:08:28,2021-07-23 14:28:38,71.2,91.2,117.55138902777777,41.942622950819676,40.549180327868854
2374,2021-07-23 17:15:03,2021-07-23 17:41:23,66.8,83.2,114.2090224424119,45.0,43.0
2375,2021-07-23 17:41:44,2021-07-23 18:06:24,83.2,97.6,117.66977633101861,45.0,43.0
2376,2021-07-24 01:23:59,2021-07-24 01:48:19,38.0,60.0,111.04990202020204,41.625850340136054,39.08843537414966
2377,2021-07-24 01:48:40,2021-07-24 02:17:30,60.4,85.2,116.89238334453404,43.333333333333336,40.91379310344828
2378,2021-07-24 14:01:49,2021-07-24 14:20:59,18.0,35.6,109.04831013257576,40.19827586206897,38.87068965517241
2379,2021-07-24 14:21:20,2021-07-24 14:52:30,36.0,64.4,109.85427572378714,42.441489361702125,40.734042553191486
2380,2021-07-24 14:52:51,2021-07-24 15:19:41,64.4,88.0,113.82593061440683,44.2037037037037,42.901234567901234
2381,2021-07-25 14:22:49,2021-07-25 14:52:39,31.2,62.4,111.56828841702277,40.522222222222226,38.894444444444446
2382,2021-07-25 14:53:00,2021-07-25 15:21:30,62.8,91.6,115.43209857253089,43.21511627906977,41.52906976744186
2383,2021-07-25 22:31:51,2021-07-25 22:49:11,31.6,50.4,107.44976713947992,40.51428571428571,39.161904761904765
2384,2021-07-26 17:27:50,2021-07-26 17:48:30,58.4,71.6,113.90048379629634,36.104,35.0
2385,2021-07-26 17:48:51,2021-07-26 18:06:41,71.6,82.8,112.52357576884917,37.0,35.916666666666664
2386,2021-07-26 18:07:02,2021-07-26 18:25:42,82.8,94.0,114.9156899801587,37.0,36.0
2387,2021-07-27 00:54:40,2021-07-27 01:38:26,51.6,95.2,115.08860533893987,38.753799392097264,37.31003039513678
2388,2021-07-28 03:32:29,2021-07-28 03:57:29,26.4,49.2,109.0028204191033,40.34437086092715,37.49006622516556
2389,2021-07-28 03:57:50,2021-07-28 04:20:20,49.2,69.6,109.6487111928105,42.294117647058826,39.455882352941174
2390,2021-07-28 04:20:41,2021-07-28 04:44:41,70.0,90.4,117.02684422657951,43.0,40.0
2391,2021-07-28 17:14:50,2021-07-28 17:40:40,50.8,74.0,111.93788380028735,45.26923076923077,43.60897435897436
2392,2021-07-29 04:07:16,2021-07-29 04:24:26,22.8,41.2,108.93041236413042,34.06730769230769,31.951923076923077
2393,2021-07-29 04:41:18,2021-07-29 04:58:28,59.2,77.2,111.27237723765435,37.85576923076923,35.77884615384615
2394,2021-07-29 04:58:49,2021-07-29 05:16:59,77.2,94.8,117.08886126893945,38.972727272727276,36.77272727272727
2395,2021-07-29 21:32:14,2021-07-29 21:49:04,58.8,76.0,113.84046931524546,37.61764705882353,34.59803921568628
2396,2021-07-29 21:49:25,2021-07-29 22:06:05,76.4,92.8,118.27915040650414,38.13861386138614,35.445544554455445
2397,2021-07-30 03:54:14,2021-07-30 04:11:24,53.2,64.8,109.33071922892724,37.05769230769231,34.75961538461539
2398,2021-07-30 04:22:26,2021-07-30 04:39:06,71.6,82.0,113.61246514423071,38.0,36.0
2399,2021-08-04 14:03:55,2021-08-04 14:33:15,49.6,74.4,114.97256826836914,33.389830508474574,32.48587570621469
2400,2021-08-04 14:33:36,2021-08-04 14:52:16,74.8,90.4,111.09064521011389,34.63716814159292,33.849557522123895
2401,2021-08-05 18:58:16,2021-08-05 19:25:56,53.6,81.2,114.94266495571661,37.58083832335329,35.35329341317365
2402,2021-08-06 01:50:15,2021-08-06 02:07:35,5.6,25.2,103.86549992913831,35.98095238095238,34.0
2403,2021-08-06 02:24:27,2021-08-06 02:41:57,43.6,62.4,109.35726773049647,39.04716981132076,37.22641509433962
2404,2021-08-06 10:05:39,2021-08-06 10:25:19,28.4,50.4,104.38952777777781,36.7563025210084,34.60504201680672
2405,2021-08-06 10:25:40,2021-08-06 10:44:00,50.8,70.4,109.1106906179138,38.75675675675676,36.747747747747745
2406,2021-08-06 22:36:08,2021-08-06 22:58:28,28.8,50.0,105.29743042452833,34.044444444444444,31.362962962962964
2407,2021-08-06 22:58:49,2021-08-06 23:28:39,50.4,78.0,108.0857481884058,36.38333333333333,33.67777777777778
2408,2021-08-06 23:29:00,2021-08-06 23:53:00,78.0,97.6,115.3139239654195,37.37931034482759,35.0
2409,2021-08-07 02:37:54,2021-08-07 02:55:44,55.2,67.6,106.0540103046596,38.879629629629626,35.74074074074074
2410,2021-08-07 02:56:05,2021-08-07 03:16:35,67.6,80.8,111.704560290404,39.0,36.0
2411,2021-08-07 16:49:49,2021-08-07 17:08:49,45.2,65.6,109.04754500272338,38.04347826086956,36.13913043478261
2412,2021-08-07 17:09:10,2021-08-07 17:26:00,66.0,83.6,111.93657228535363,39.549019607843135,37.98039215686274
2413,2021-08-08 14:11:39,2021-08-08 14:49:02,56.8,95.2,111.99360298394096,32.213523131672595,31.277580071174377
2414,2021-08-09 02:15:30,2021-08-09 02:54:35,59.2,97.6,112.36325000651047,33.983050847457626,32.86440677966102
2415,2021-08-09 12:35:24,2021-08-09 13:05:34,18.4,46.8,105.67783460485134,33.94505494505494,32.4010989010989
2416,2021-08-09 13:05:55,2021-08-09 13:36:25,47.2,75.6,106.85936903364635,37.016304347826086,35.26086956521739
2417,2021-08-09 13:36:46,2021-08-09 14:02:46,76.0,97.2,117.03094444444444,38.35668789808917,36.732484076433124
2418,2021-08-09 22:31:01,2021-08-09 23:02:51,48.8,77.2,111.75472046165883,32.84375,30.317708333333332
2419,2021-08-09 23:03:12,2021-08-09 23:25:42,77.6,97.6,110.44028569444444,34.11029411764706,31.889705882352942
2420,2021-08-10 12:19:28,2021-08-10 12:44:38,73.6,95.2,111.11689113940324,34.66447368421053,33.13815789473684
2421,2021-08-11 11:33:27,2021-08-11 11:49:57,31.6,43.6,104.3541721064815,29.81,28.48
2422,2021-08-11 11:50:18,2021-08-11 12:07:28,44.0,56.0,107.23728252314817,31.25,29.903846153846153
2423,2021-08-11 12:07:49,2021-08-11 12:25:09,56.4,68.0,109.39775730363984,32.56190476190476,31.438095238095237
2424,2021-08-11 12:25:30,2021-08-11 12:44:50,68.0,80.4,111.02936458333326,33.042735042735046,32.02564102564103
2425,2021-08-11 16:25:41,2021-08-11 17:09:28,52.8,96.8,112.16348336805557,36.69908814589666,35.45896656534954
2426,2021-08-12 03:46:09,2021-08-12 04:42:45,40.8,97.6,111.32825117126369,36.04,34.19294117647059
2427,2021-08-12 16:07:46,2021-08-12 16:26:46,43.2,61.6,105.09738473731885,37.02608695652174,35.469565217391306
2428,2021-08-12 16:27:07,2021-08-12 16:48:47,62.0,81.6,112.55670620748302,38.70992366412214,37.06106870229008
2429,2021-08-12 16:49:08,2021-08-12 17:07:48,82.0,97.6,116.06216435185192,39.0,38.0
2430,2021-08-13 12:56:01,2021-08-13 13:14:31,41.6,59.2,107.50236813446965,34.05357142857143,33.392857142857146
2431,2021-08-13 17:58:38,2021-08-13 18:14:15,43.6,58.4,105.70139954954956,35.652542372881356,34.30508474576271
2432,2021-08-13 18:14:34,2021-08-13 18:49:37,58.4,88.4,111.38186466203699,37.22348484848485,35.84469696969697
2433,2021-08-14 14:12:23,2021-08-14 14:33:43,25.6,41.6,102.67449027777779,34.23255813953488,33.0
2434,2021-08-14 14:34:04,2021-08-14 14:55:24,41.6,57.2,103.67166328347577,35.5968992248062,34.55038759689923
2435,2021-08-14 14:55:45,2021-08-14 15:15:05,57.2,70.4,107.85564720117844,36.98290598290598,35.87179487179487
2436,2021-08-14 21:43:50,2021-08-14 22:01:20,56.0,72.0,107.25609227430554,39.471698113207545,37.58490566037736
2437,2021-08-15 20:39:47,2021-08-15 20:56:27,41.2,59.6,105.44384933574882,32.78217821782178,31.138613861386137
2438,2021-08-16 21:00:37,2021-08-16 21:17:07,33.2,50.8,109.73328614267682,35.58,34.5
2439,2021-08-17 11:42:42,2021-08-17 11:59:32,48.0,66.8,105.14553154550829,38.71568627450981,37.3235294117647
2440,2021-08-17 11:59:53,2021-08-17 12:16:43,67.2,84.8,112.37136892361114,40.13725490196079,38.950980392156865
2441,2021-08-17 20:53:43,2021-08-17 21:19:43,14.8,40.4,102.80165993923613,39.382165605095544,37.56687898089172
2442,2021-08-17 21:20:04,2021-08-17 21:49:34,40.8,68.0,106.62889088031045,41.80898876404494,39.96067415730337
2443,2021-08-17 21:49:55,2021-08-17 22:17:55,68.0,91.2,112.57244869492335,43.0,41.05917159763314
2444,2021-08-18 03:50:47,2021-08-18 04:14:07,30.0,56.0,104.69124177350426,40.177304964539005,37.255319148936174
2445,2021-08-18 04:14:28,2021-08-18 04:42:08,56.4,85.2,111.98688570601851,42.47904191616767,39.544910179640716
2446,2021-08-18 16:29:32,2021-08-18 16:45:33,38.4,56.0,106.2416406407828,37.1900826446281,35.46280991735537
2447,2021-08-18 16:45:53,2021-08-18 17:25:56,56.4,96.4,113.6390347847222,39.49169435215947,37.86046511627907
2448,2021-08-18 22:34:08,2021-08-18 22:57:38,57.6,82.4,109.8303160282258,37.70422535211268,35.30281690140845
2449,2021-08-18 22:57:59,2021-08-18 23:15:19,82.4,97.6,113.4603644005849,38.10476190476191,36.0
2450,2021-08-19 15:21:52,2021-08-19 15:38:52,23.2,39.6,105.3031851287263,36.398058252427184,35.0
2451,2021-08-19 15:54:54,2021-08-19 16:11:44,54.8,70.4,105.53865224358967,39.40196078431372,37.8235294117647
2452,2021-08-20 01:14:57,2021-08-20 01:31:57,17.2,34.0,101.44180753968253,33.22115384615385,31.115384615384617
2453,2021-08-20 01:32:18,2021-08-20 01:49:38,34.0,50.8,103.47635871362438,34.7047619047619,32.55238095238095
2454,2021-08-20 02:06:40,2021-08-20 02:26:10,66.8,84.8,108.66667199074075,37.644067796610166,35.347457627118644
2455,2021-08-21 02:44:32,2021-08-21 03:04:02,23.2,42.0,103.57785394503543,34.33050847457627,32.79661016949152
2456,2021-08-21 03:04:23,2021-08-21 03:23:53,42.4,60.4,108.19751728395059,36.144067796610166,34.69491525423729
2457,2021-08-21 03:24:14,2021-08-21 03:40:44,60.8,76.0,108.41555646929824,37.73,36.02
2458,2021-08-21 03:41:05,2021-08-21 04:00:05,76.0,92.8,113.00842385912699,38.0,37.0
2459,2021-08-21 13:16:10,2021-08-21 13:46:26,52.8,84.8,110.3315962847222,36.85526315789474,35.92982456140351
2460,2021-08-21 21:41:44,2021-08-21 22:07:28,15.6,45.2,102.20908990240241,38.63461538461539,36.67948717948718
2461,2021-08-21 22:07:49,2021-08-21 22:28:19,45.2,68.4,103.8823093271073,41.12096774193548,39.24193548387097
2462,2021-08-21 22:28:40,2021-08-21 22:46:50,68.8,88.0,111.23553833912038,42.527272727272724,40.61818181818182
2463,2021-08-22 03:32:37,2021-08-22 03:53:57,48.4,71.2,109.28119755116958,39.47286821705426,36.883720930232556
2464,2021-08-22 03:54:18,2021-08-22 04:21:08,71.6,97.6,113.57692836538462,40.864197530864196,38.47530864197531
2465,2021-08-22 13:48:46,2021-08-22 14:16:56,22.0,53.2,105.38373317307692,39.194117647058825,37.71176470588235
2466,2021-08-22 14:17:17,2021-08-22 14:47:37,53.6,85.6,110.64931284722226,42.278688524590166,40.612021857923494
2467,2021-08-23 03:23:53,2021-08-23 03:43:53,39.6,58.4,106.6873553486998,37.107438016528924,35.14049586776859
2468,2021-08-23 03:44:14,2021-08-23 04:03:24,58.8,76.0,111.6836290374677,38.80172413793103,36.8448275862069
2469,2021-08-23 04:03:45,2021-08-23 04:21:35,76.4,92.0,114.71777573005701,39.416666666666664,37.48148148148148
2470,2021-08-23 12:44:37,2021-08-23 13:04:07,36.0,54.4,105.49895697463771,38.40677966101695,36.96610169491525
2471,2021-08-23 13:04:28,2021-08-23 13:28:52,54.8,76.0,111.06074356001048,40.317567567567565,38.763513513513516
2472,2021-08-23 19:39:55,2021-08-23 19:59:05,48.4,68.8,109.74470077614382,41.689655172413794,39.83620689655172
2473,2021-08-23 19:59:26,2021-08-23 20:18:46,69.2,89.2,112.88125895833335,43.0,41.0
2474,2021-08-24 16:39:01,2021-08-24 16:55:41,39.2,50.8,108.27110009578551,38.71287128712871,36.40594059405941
2475,2021-08-24 16:56:02,2021-08-24 17:14:32,51.2,64.4,105.62713236531987,39.848214285714285,37.38392857142857
2476,2021-08-24 17:14:53,2021-08-24 17:31:43,64.4,76.0,109.54027610153267,40.950980392156865,38.0
2477,2021-08-24 17:32:04,2021-08-24 17:48:44,76.4,87.2,116.51239711934164,41.0,38.0
2478,2021-08-25 15:00:34,2021-08-25 15:20:34,43.6,66.0,105.18416666666666,37.892561983471076,36.05785123966942
2479,2021-08-25 15:20:55,2021-08-25 15:38:34,66.0,84.8,110.61068349586292,39.47222222222222,37.80555555555556
2480,2021-08-26 00:23:32,2021-08-26 00:42:42,18.0,40.0,101.24307556818187,36.1551724137931,34.01724137931034
2481,2021-08-26 00:43:03,2021-08-26 01:14:33,40.4,74.8,106.46764385497418,38.88421052631579,36.921052631578945
2482,2021-08-26 01:14:54,2021-08-26 01:39:04,75.2,97.6,115.01117373511912,40.513698630136986,38.602739726027394
2483,2021-08-26 14:34:07,2021-08-26 15:20:43,28.0,79.2,107.85222836371527,40.78857142857143,39.60285714285714
2484,2021-08-26 19:10:04,2021-08-26 19:29:24,40.0,46.8,107.09155065359485,40.0,39.0
2485,2021-08-26 19:29:45,2021-08-26 19:47:45,47.2,53.6,105.93754687500008,40.58715596330275,39.0
2486,2021-08-26 19:48:06,2021-08-26 20:15:51,53.6,63.2,108.88025651041666,41.0,39.0
2487,2021-08-26 20:16:12,2021-08-26 20:35:02,63.2,69.6,110.84206293402796,41.0,39.0
2488,2021-08-26 20:35:23,2021-08-26 20:54:43,70.0,76.4,113.78477256944439,40.43589743589744,39.0
2489,2021-08-26 20:55:04,2021-08-26 21:13:34,76.4,82.4,116.13894027777785,40.0,39.0
2490,2021-08-26 21:13:55,2021-08-26 21:33:35,82.8,88.8,123.46301759259266,40.0,38.96638655462185
2491,2021-08-26 21:33:56,2021-08-26 21:53:56,88.8,95.2,117.70838541666662,40.0,38.0
2492,2021-08-28 07:54:54,2021-08-28 08:28:10,48.8,78.4,111.90740304992491,31.57920792079208,29.92079207920792
2493,2021-08-28 08:28:31,2021-08-28 08:48:41,78.8,97.6,106.89350258569745,33.0,31.508196721311474
2494,2021-08-28 14:41:20,2021-08-28 15:03:50,52.0,67.2,108.81854102704676,37.161764705882355,36.26470588235294
2495,2021-08-28 15:15:00,2021-08-28 15:44:10,74.0,92.0,112.65124683641979,38.0,37.0
2496,2021-08-28 20:54:07,2021-08-28 21:44:47,56.0,97.6,112.48024884081201,37.194225721784775,35.16272965879265
2497,2021-08-29 00:18:08,2021-08-29 00:46:45,51.6,81.6,111.35727489351856,39.995391705069125,37.354838709677416
2498,2021-08-29 14:56:10,2021-08-29 15:29:20,14.4,46.8,104.01492228223594,37.455,35.485
2499,2021-08-29 15:29:41,2021-08-29 15:57:51,47.2,74.4,105.35284635416664,40.07058823529412,38.088235294117645
2500,2021-08-29 15:58:12,2021-08-29 16:21:12,74.4,95.2,112.80451021634616,41.16546762589928,39.0
2501,2021-08-30 01:07:32,2021-08-30 02:14:56,11.6,85.2,106.73385052649458,39.30632411067194,37.12845849802372
2502,2021-08-30 14:28:49,2021-08-30 14:48:19,20.8,34.4,104.91219117647061,37.610169491525426,36.398305084745765
2503,2021-08-30 14:48:40,2021-08-30 15:08:30,34.8,48.8,106.91370178571431,39.24166666666667,37.90833333333333
2504,2021-08-30 15:08:51,2021-08-30 15:28:21,49.2,63.2,102.97918660714285,40.771186440677965,39.5
2505,2021-08-31 09:18:47,2021-08-31 10:19:14,34.8,97.6,110.38033684315289,34.951541850220266,33.370044052863435
2506,2021-08-31 18:42:52,2021-08-31 19:22:55,25.2,69.2,106.07461369949496,38.04651162790697,36.348837209302324
2507,2021-09-01 00:29:51,2021-09-01 00:47:01,38.4,57.2,107.3330419621749,38.38461538461539,36.32692307692308
2508,2021-09-01 15:47:29,2021-09-01 16:04:39,31.2,49.6,109.06628789251212,37.44230769230769,35.05769230769231
2509,2021-09-01 23:02:47,2021-09-01 23:19:57,18.4,38.0,102.40293395691616,37.08653846153846,34.44230769230769
2510,2021-09-01 23:20:18,2021-09-01 23:38:28,38.4,58.0,108.37161408730161,38.763636363636365,36.38181818181818
2511,2021-09-01 23:38:49,2021-09-01 23:57:09,58.4,78.0,109.3502140022676,40.693693693693696,38.37837837837838
2512,2021-09-02 08:30:56,2021-09-02 08:50:16,5.2,27.6,100.8066826016865,34.27350427350427,32.085470085470085
2513,2021-09-02 09:06:05,2021-09-02 09:24:15,45.2,65.2,106.02431076388889,37.81818181818182,35.554545454545455
2514,2021-09-02 09:24:36,2021-09-02 09:44:16,65.6,86.4,110.36058199786318,39.319327731092436,37.03361344537815
2515,2021-09-02 14:02:57,2021-09-02 14:31:37,65.6,92.0,110.34248206018515,40.0,38.0
2516,2021-09-02 22:28:22,2021-09-02 22:55:52,18.0,44.0,105.71794358974358,37.80120481927711,35.77710843373494
2517,2021-09-02 22:56:13,2021-09-02 23:26:03,44.4,72.4,106.45336359126982,40.23888888888889,38.23888888888889
2518,2021-09-02 23:26:24,2021-09-02 23:56:24,72.4,97.6,114.75584104938277,41.591160220994475,39.49171270718232
2519,2021-09-03 05:44:17,2021-09-03 06:51:58,28.0,97.6,109.71237063577588,39.93700787401575,36.97834645669291
2520,2021-09-03 15:48:10,2021-09-03 16:06:00,52.4,72.0,105.43863839285714,42.657407407407405,41.53703703703704
2521,2021-09-04 00:53:31,2021-09-04 01:10:41,6.8,19.6,104.13955457899307,39.0,37.0
2522,2021-09-04 01:11:02,2021-09-04 01:27:32,20.0,32.4,102.06206552419357,39.0,37.0
2523,2021-09-04 01:34:47,2021-09-04 01:51:17,36.4,48.8,100.72133579749101,40.14,38.08
2524,2021-09-04 01:51:38,2021-09-04 02:08:08,48.8,60.8,102.50116018518516,41.24,39.02
2525,2021-09-04 08:42:44,2021-09-04 09:54:34,22.8,97.6,109.05470619429593,39.87755102040816,37.634508348794064
2526,2021-09-04 18:13:57,2021-09-04 18:30:57,31.6,48.0,103.94649424119243,40.398058252427184,38.932038834951456
2527,2021-09-04 18:58:21,2021-09-04 19:16:11,72.8,88.8,111.74046996527778,43.01851851851852,41.833333333333336
2528,2021-09-05 01:50:18,2021-09-05 02:08:08,27.2,44.0,106.39633283730157,38.27777777777778,35.425925925925924
2529,2021-09-05 02:08:29,2021-09-05 02:30:09,44.4,64.8,106.45970172930286,40.02290076335878,37.37404580152672
2530,2021-09-05 02:30:30,2021-09-05 02:51:40,65.2,84.0,112.95508850472815,41.296875,39.0
2531,2021-09-05 12:46:53,2021-09-05 13:04:13,36.4,52.8,105.46578302845529,38.42857142857143,37.15238095238095
2532,2021-09-05 13:04:34,2021-09-05 13:24:34,53.2,71.6,108.4556154891305,40.082644628099175,38.71900826446281
2533,2021-09-05 13:24:55,2021-09-05 13:45:55,72.0,90.4,113.8888852657004,41.0,39.44881889763779
2534,2021-09-05 18:47:25,2021-09-05 19:05:35,59.6,71.6,109.49191192129639,40.80909090909091,38.82727272727273
2535,2021-09-07 00:41:48,2021-09-07 01:00:48,12.8,34.0,104.66261497641511,31.47826086956522,30.51304347826087
2536,2021-09-07 01:01:09,2021-09-07 01:22:39,34.4,58.4,104.54803582175927,33.92307692307692,32.92307692307692
2537,2021-09-07 01:23:00,2021-09-07 01:44:00,58.8,81.6,107.50244127680315,36.496062992125985,35.267716535433074
2538,2021-09-07 01:44:21,2021-09-07 02:01:31,82.0,97.6,114.35809375000001,37.57692307692308,36.0
2539,2021-09-07 13:31:19,2021-09-07 13:52:49,6.8,28.4,102.24087969393005,39.0,37.08461538461538
2540,2021-09-07 13:53:10,2021-09-07 14:21:20,28.8,55.6,105.49959660033169,40.22941176470588,38.83529411764706
2541,2021-09-07 14:21:41,2021-09-07 14:47:21,55.6,78.4,108.30654081384014,42.561290322580646,40.83870967741935
2542,2021-09-07 21:41:59,2021-09-07 21:59:29,41.2,60.4,106.49812970196764,37.45283018867924,35.33018867924528
2543,2021-09-07 22:19:34,2021-09-07 22:45:34,73.2,97.6,113.73748850182153,39.859872611464965,38.0
2544,2021-09-08 17:58:30,2021-09-08 18:27:00,34.4,65.2,108.03030961399709,38.68604651162791,36.52325581395349
2545,2021-09-08 18:27:21,2021-09-08 18:57:01,65.6,96.0,112.16786348684207,40.77653631284916,38.86033519553072
2546,2021-09-09 16:07:04,2021-09-09 16:35:54,7.2,19.6,97.62660282258065,38.0,37.0
2547,2021-09-09 16:36:15,2021-09-09 17:02:35,19.6,30.8,102.3648705357143,38.0,37.0
2548,2021-09-09 17:02:56,2021-09-09 17:31:46,30.8,42.4,105.03595617816093,38.97126436781609,37.695402298850574
2549,2021-09-09 17:32:07,2021-09-09 18:03:27,42.8,54.4,106.45477550287355,39.698412698412696,38.57142857142857
2550,2021-09-09 18:03:48,2021-09-09 18:32:38,54.4,66.0,102.73231645114946,40.44252873563219,39.0
2551,2021-09-09 18:32:59,2021-09-09 19:02:29,66.0,77.6,108.84462428160926,41.0,39.0
2552,2021-09-09 19:02:50,2021-09-09 19:27:50,78.0,87.2,117.85028562801931,41.0,39.0
2553,2021-09-09 19:28:11,2021-09-09 19:48:41,87.2,94.8,117.39405080409368,41.0,39.0
2554,2021-09-10 02:14:17,2021-09-10 02:35:37,60.8,82.8,112.5284241161616,40.47286821705426,38.18604651162791
2555,2021-09-10 10:01:49,2021-09-10 10:18:39,50.0,68.0,109.34183657407412,38.6764705882353,36.81372549019608
2556,2021-09-10 10:19:00,2021-09-10 10:37:29,68.4,87.6,112.64151040219915,40.06194690265487,38.283185840707965
2557,2021-09-10 16:36:54,2021-09-10 17:08:54,28.4,64.0,105.04760853620476,40.16062176165803,38.803108808290155
2558,2021-09-10 17:09:15,2021-09-10 17:37:35,64.4,93.6,113.33048706240494,42.68421052631579,41.28654970760234
2559,2021-09-11 08:29:17,2021-09-11 08:47:47,52.8,69.6,109.69166426917995,34.785714285714285,33.089285714285715
2560,2021-09-11 09:03:19,2021-09-11 09:19:59,83.6,97.2,116.28066687091496,36.32673267326733,34.78217821782178
2561,2021-09-11 18:37:11,2021-09-11 19:39:06,29.2,91.2,109.36729525985662,43.69247311827957,42.76989247311828
2562,2021-09-12 15:01:16,2021-09-12 16:10:17,34.0,97.6,111.14770032320055,44.26833976833977,42.7007722007722
2563,2021-09-13 13:30:39,2021-09-13 13:50:49,41.6,56.0,105.08777883873456,38.40983606557377,36.721311475409834
2564,2021-09-13 13:51:10,2021-09-13 14:10:50,56.0,69.2,108.6974045664983,39.596638655462186,37.94117647058823
2565,2021-09-13 14:11:11,2021-09-13 14:27:41,69.6,80.0,112.58548397435888,40.0,38.55
2566,2021-09-13 14:28:02,2021-09-13 14:46:12,80.0,91.2,112.47521279761901,40.0,39.0
2567,2021-09-13 20:39:53,2021-09-13 20:59:33,52.0,65.2,111.43414614898985,40.285714285714285,38.47899159663866
2568,2021-09-13 20:59:54,2021-09-13 21:24:16,65.6,81.2,112.88196007834755,41.0,39.0
2569,2021-09-14 15:15:10,2021-09-14 15:33:50,16.0,22.0,101.5601699074074,37.0,35.0
2570,2021-09-14 15:34:11,2021-09-14 15:54:01,22.0,28.4,99.59415646701389,36.28333333333333,35.0
2571,2021-09-14 15:54:22,2021-09-14 16:12:22,28.4,34.0,105.15125441468247,36.99082568807339,35.0
2572,2021-09-14 16:12:43,2021-09-14 16:32:03,34.0,40.0,105.08792787037035,37.0,35.73504273504273
2573,2021-09-14 16:32:24,2021-09-14 16:50:14,40.0,45.2,112.80177697649565,37.0,36.0
2574,2021-09-14 16:50:35,2021-09-14 17:10:45,45.6,51.6,112.77774074074071,37.02459016393443,36.0
2575,2021-09-14 17:11:06,2021-09-14 17:30:56,52.0,58.4,100.64666796875,38.0,36.0
2576,2021-09-14 17:31:17,2021-09-14 17:50:17,58.4,64.4,109.16199953703689,38.0,36.678260869565214
2577,2021-09-14 17:50:38,2021-09-14 18:10:08,64.4,70.8,100.08677083333346,38.0,36.00847457627118
2578,2021-09-14 18:10:29,2021-09-14 18:29:29,70.8,76.8,109.16662916666664,38.0,36.0
2579,2021-09-15 00:05:32,2021-09-15 00:23:12,44.4,63.6,107.41754087094905,37.16822429906542,35.205607476635514
2580,2021-09-15 00:23:33,2021-09-15 00:40:33,64.0,81.6,112.75410953282832,38.883495145631066,36.99029126213592
2581,2021-09-15 15:48:28,2021-09-15 16:15:58,33.2,64.0,104.14908220598846,39.42168674698795,38.06024096385542
2582,2021-09-15 16:16:19,2021-09-15 16:48:09,64.4,96.4,111.99305868055558,41.822916666666664,40.65625
2583,2021-09-16 01:44:39,2021-09-16 02:01:12,42.8,61.6,105.87316715425533,39.20792079207921,37.21782178217822
2584,2021-09-16 02:01:33,2021-09-16 02:19:23,61.6,81.2,109.4834343112245,40.870370370370374,38.907407407407405
2585,2021-09-16 09:31:52,2021-09-16 10:16:48,34.4,82.8,108.31258625172175,38.87084870848709,36.91881918819188
2586,2021-10-02 04:56:15,2021-10-02 05:12:55,16.8,32.8,103.37500902777779,32.01980198019802,30.623762376237625
2587,2021-10-02 05:29:27,2021-10-02 05:46:07,48.4,64.0,106.14318019943019,35.35643564356435,34.00990099009901
2588,2021-10-02 05:46:28,2021-10-02 06:03:38,64.4,79.6,112.23320595760242,36.72115384615385,35.24038461538461
2589,2021-10-02 06:03:59,2021-10-02 06:20:29,80.0,94.4,113.92073668981477,37.17,36.0
2590,2021-10-02 14:41:58,2021-10-02 15:06:28,53.2,79.2,110.1063172008547,40.108108108108105,38.695945945945944
2591,2021-10-03 12:38:12,2021-10-03 13:05:02,42.0,66.4,109.8736239754098,34.78395061728395,33.98765432098765
2592,2021-10-03 13:05:23,2021-10-03 13:36:23,66.8,94.4,112.18698359500804,36.711229946524064,35.82887700534759
2593,2021-10-04 07:29:37,2021-10-04 07:52:37,52.8,73.6,110.36124519230772,31.64748201438849,30.46043165467626
2594,2021-10-04 07:52:58,2021-10-04 08:17:38,73.6,96.8,106.05304968869729,32.92617449664429,31.55704697986577
2595,2021-10-04 15:06:44,2021-10-04 15:24:44,79.2,95.2,111.6988008680556,35.0,34.0
2596,2021-10-05 03:46:49,2021-10-05 05:01:17,19.6,97.6,108.38925855947295,37.05008944543828,35.44186046511628
2597,2021-10-05 18:20:19,2021-10-05 18:38:59,57.2,74.4,110.22043548126615,38.68141592920354,37.63716814159292
2598,2021-10-05 18:39:20,2021-10-05 18:58:30,74.8,92.0,113.24854223191213,39.0,38.0
2599,2021-10-06 01:05:04,2021-10-06 02:13:28,21.2,83.6,107.25428631125358,38.53501945525292,36.77626459143969
2600,2021-10-06 14:53:39,2021-10-06 15:12:49,49.2,66.8,108.90151515151518,37.4051724137931,36.172413793103445
2601,2021-10-06 15:13:10,2021-10-06 15:34:10,67.2,85.6,114.11231702898557,38.00787401574803,37.0
2602,2021-10-07 02:21:51,2021-10-07 03:27:15,30.800001,97.6,110.02940478836436,38.113821138211385,36.6849593495935
2603,2021-10-07 11:09:03,2021-10-07 11:28:03,46.4,66.8,108.26254956427017,37.55652173913043,35.95652173913044
2604,2021-10-07 11:28:24,2021-10-07 11:45:54,67.2,85.6,110.60313217089379,39.132075471698116,37.783018867924525
2605,2021-10-07 19:30:55,2021-10-07 19:53:15,16.4,38.4,101.79609034090909,40.318518518518516,38.43703703703704
2606,2021-10-07 19:53:36,2021-10-07 20:15:36,38.4,59.2,106.03032031249997,42.18796992481203,40.26315789473684
2607,2021-10-07 20:15:57,2021-10-07 20:36:27,59.6,78.4,109.32033806146568,43.895161290322584,41.91935483870968
2608,2021-10-07 20:36:48,2021-10-07 20:56:58,78.8,94.4,118.5550333867521,44.532786885245905,42.22950819672131
2609,2021-10-08 12:04:19,2021-10-08 12:21:09,57.6,73.2,108.4295215455841,32.0,29.764705882352942
2610,2021-10-08 12:21:30,2021-10-08 12:42:00,73.6,92.0,112.00410303442028,33.0,30.798387096774192
2611,2021-10-08 23:45:30,2021-10-09 00:05:00,29.6,48.0,106.29831385869564,30.076271186440678,28.271186440677965
2612,2021-10-09 00:05:21,2021-10-09 00:26:01,48.4,68.4,103.64375944444441,32.296,30.632
2613,2021-10-09 00:26:22,2021-10-09 00:49:52,68.8,90.0,111.2519756289308,33.66197183098591,32.056338028169016
2614,2021-10-09 22:05:35,2021-10-09 22:35:25,25.2,58.4,104.72639466198126,29.755555555555556,28.13888888888889
2615,2021-10-09 22:35:46,2021-10-09 23:02:46,58.8,87.2,110.78930663145539,33.061349693251536,31.54601226993865
2616,2021-10-10 05:55:11,2021-10-10 06:16:11,12.8,36.4,104.07722763653486,32.125984251968504,29.165354330708663
2617,2021-10-10 06:16:32,2021-10-10 06:36:22,36.8,59.2,103.53858122519843,34.11666666666667,31.133333333333333
2618,2021-10-10 06:36:43,2021-10-10 06:53:23,59.6,78.4,103.67687647754138,36.23762376237624,33.257425742574256
2619,2021-10-11 03:55:35,2021-10-11 04:15:35,49.2,70.8,108.42851594650207,32.35537190082645,31.09917355371901
2620,2021-10-11 04:15:56,2021-10-11 04:35:26,71.2,91.2,114.1326568055556,34.11864406779661,32.79661016949152
2621,2021-10-11 16:19:20,2021-10-11 16:36:30,58.0,76.0,111.42285370370375,35.48076923076923,33.81730769230769
2622,2021-10-11 16:36:51,2021-10-11 16:53:51,76.4,94.0,112.90484548611121,36.36893203883495,35.0
2623,2021-10-12 00:13:38,2021-10-12 01:01:30,42.4,93.200005,110.01289859453097,33.65833333333333,31.477777777777778
2624,2021-10-12 05:57:30,2021-10-12 06:49:50,37.2,92.8,109.78942411071144,32.79898218829516,30.02798982188295
2625,2021-10-12 12:10:03,2021-10-12 12:28:03,70.0,86.0,112.17363333333334,33.60550458715596,31.61467889908257
2626,2021-10-12 20:57:30,2021-10-12 21:30:30,43.6,74.4,107.41433964646463,32.2713567839196,30.281407035175878
2627,2021-10-12 21:30:51,2021-10-12 21:58:01,74.8,97.6,114.55654647904487,34.0,32.0
2628,2021-10-13 16:09:17,2021-10-13 16:34:07,76.0,97.2,111.50746658805029,26.286666666666665,25.633333333333333
2629,2021-10-14 01:50:07,2021-10-14 02:14:37,52.8,76.0,107.22520216714557,29.716216216216218,28.06081081081081
2630,2021-10-14 02:14:58,2021-10-14 02:40:18,76.4,97.6,114.99802515723276,31.03267973856209,29.444444444444443
2631,2021-10-14 17:55:53,2021-10-14 18:51:49,24.4,85.6,106.52292269880175,34.226190476190474,32.36190476190476
2632,2021-10-15 00:48:32,2021-10-15 01:06:52,24.8,45.2,105.33566373910676,33.126126126126124,30.684684684684683
2633,2021-10-15 01:07:13,2021-10-15 01:25:23,45.6,66.0,104.39135403050113,35.24545454545454,32.90909090909091
2634,2021-10-15 07:13:00,2021-10-15 07:32:20,39.6,57.6,107.42206936728395,31.435897435897434,28.923076923076923
2635,2021-10-15 07:32:41,2021-10-15 07:50:11,57.6,73.6,109.43924253472225,32.9811320754717,30.70754716981132
2636,2021-10-15 07:50:32,2021-10-15 08:10:12,74.0,91.2,114.43557146317829,34.0,31.563025210084035
2637,2021-10-16 14:53:23,2021-10-16 15:11:23,41.2,60.8,107.60207086167803,29.798165137614678,28.75229357798165
2638,2021-10-17 00:24:57,2021-10-17 01:39:16,6.8,91.2,102.6972942634281,32.06797853309481,30.293381037567084
2639,2021-10-17 05:32:34,2021-10-17 05:59:44,56.8,81.2,110.78212238160292,32.88414634146341,28.920731707317074
2640,2021-10-17 06:00:05,2021-10-17 06:19:58,81.6,97.6,115.2684190625,33.85950413223141,30.0
2641,2021-10-17 19:05:06,2021-10-17 19:30:44,29.2,53.2,106.90811645254628,29.03846153846154,27.67948717948718
2642,2021-10-17 19:31:05,2021-10-17 19:56:07,53.6,76.8,108.0898098299809,31.651315789473685,30.407894736842106
2643,2021-10-17 19:56:28,2021-10-17 20:13:55,77.2,92.8,112.01959923433054,32.91509433962264,31.528301886792452
2644,2021-10-18 16:44:36,2021-10-18 17:07:26,7.6,30.0,102.7827533482143,29.202898550724637,28.1231884057971
2645,2021-10-18 17:07:47,2021-10-18 17:28:47,30.0,50.8,101.86298851495728,31.0078125,29.8125
2646,2021-10-18 17:29:08,2021-10-18 17:51:08,50.8,72.0,104.77071016771487,33.30075187969925,32.150375939849624
2647,2021-10-18 17:51:29,2021-10-18 18:11:49,72.4,91.2,109.09870774231682,34.50406504065041,33.1219512195122
2648,2021-10-19 06:22:49,2021-10-19 06:39:39,2.4,21.2,104.18072333037824,28.95098039215686,26.892156862745097
2649,2021-10-19 06:40:00,2021-10-19 07:08:20,21.6,53.2,104.34469097222222,30.56140350877193,28.649122807017545
2650,2021-10-19 07:08:41,2021-10-19 07:34:11,53.6,81.6,105.98315386904768,33.701298701298704,31.681818181818183
2651,2021-10-19 10:22:17,2021-10-19 10:43:07,61.6,80.4,110.86362714243498,33.96031746031746,31.80952380952381
2652,2021-10-19 10:43:28,2021-10-19 11:01:08,80.8,96.4,111.58299403490027,34.6822429906542,32.58878504672897
2653,2021-10-19 18:51:19,2021-10-19 19:07:49,9.6,25.6,102.63630633680556,34.0,33.0
2654,2021-10-19 19:08:10,2021-10-19 19:25:44,26.0,42.8,104.06491849371695,35.19626168224299,33.54205607476636
2655,2021-10-19 19:26:05,2021-10-19 19:51:35,43.2,66.8,107.48648405131831,37.22077922077922,35.616883116883116
2656,2021-10-19 19:51:56,2021-10-19 20:19:16,67.2,91.2,113.32872546296295,38.92727272727273,37.0
2657,2021-10-20 05:59:33,2021-10-20 06:43:53,54.0,97.6,112.43479833397048,34.047904191616766,31.508982035928145
2658,2021-10-20 15:04:13,2021-10-20 15:24:53,33.6,56.8,104.11878699712646,35.232,34.096
2659,2021-10-20 20:40:41,2021-10-20 21:01:01,58.4,79.6,111.8121046907757,37.72357723577236,35.764227642276424
2660,2021-10-21 04:27:33,2021-10-21 04:47:03,46.8,64.8,107.17979614197534,32.847457627118644,30.95762711864407
2661,2021-10-21 04:47:24,2021-10-21 05:05:14,64.8,80.4,108.92451103988596,34.0,32.00925925925926
2662,2021-10-21 05:05:35,2021-10-21 05:25:25,80.4,96.4,113.74133342013889,34.88333333333333,33.0
2663,2021-10-21 19:41:12,2021-10-21 19:58:12,50.8,69.2,108.08500913345414,27.631067961165048,25.54368932038835
2664,2021-10-21 19:58:33,2021-10-21 20:18:03,69.6,89.6,114.02223743055558,29.25423728813559,27.423728813559322
2665,2021-10-22 04:20:15,2021-10-22 04:37:05,49.6,67.6,109.3889025462964,27.833333333333332,25.568627450980394
2666,2021-10-22 04:37:26,2021-10-22 04:55:16,68.0,86.8,110.94490159574471,29.37962962962963,27.314814814814813
2667,2021-10-22 11:43:49,2021-10-22 12:02:09,65.6,84.8,111.70936320891207,26.027027027027028,23.666666666666668
2668,2021-10-23 01:07:23,2021-10-23 01:25:23,52.0,71.6,106.97419685374152,30.458715596330276,28.825688073394495
2669,2021-10-23 09:39:51,2021-10-23 10:00:01,43.2,64.8,109.44317309670791,25.491803278688526,23.311475409836067
2670,2021-10-23 10:00:22,2021-10-23 10:30:11,65.2,95.6,111.10205917397661,27.783333333333335,25.816666666666666
2671,2021-10-23 23:48:35,2021-10-24 00:07:25,18.4,40.0,101.97403710133746,23.096491228070175,21.736842105263158
2672,2021-10-24 00:07:46,2021-10-24 00:25:06,40.4,59.6,105.47020883969908,25.761904761904763,24.35238095238095
2673,2021-10-24 00:25:27,2021-10-24 00:46:17,60.0,82.8,106.75683430799224,28.03174603174603,26.6984126984127
2674,2021-10-24 23:27:36,2021-10-24 23:44:36,21.2,37.6,102.79471544715446,25.990291262135923,24.902912621359224
2675,2021-10-25 00:17:19,2021-10-25 00:45:28,68.8,94.0,110.8181259589947,30.75722543352601,29.54913294797688
2676,2021-10-25 10:50:31,2021-10-25 11:07:21,46.0,64.4,106.81914923007243,27.96078431372549,26.147058823529413
2677,2021-10-25 14:56:58,2021-10-25 15:14:28,51.2,69.6,111.16849131944451,30.132075471698112,28.99056603773585
2678,2021-10-25 20:41:22,2021-10-25 20:58:32,52.0,70.0,110.56945432098769,31.10576923076923,29.403846153846153
2679,2021-10-25 20:58:53,2021-10-25 21:15:43,70.4,88.0,110.92962184343442,32.38235294117647,30.833333333333332
2680,2021-10-26 15:53:35,2021-10-26 16:17:55,53.6,76.0,109.52876909722222,29.591836734693878,28.39455782312925
2681,2021-10-26 21:42:22,2021-10-26 22:00:12,51.2,63.6,107.67025761648745,32.4537037037037,30.76851851851852
2682,2021-10-26 22:00:33,2021-10-26 22:17:43,64.0,75.2,111.29714025297616,33.0,31.923076923076923
2683,2021-10-26 22:18:04,2021-10-26 22:35:34,75.2,86.4,110.6274875992063,33.20754716981132,32.0
2684,2021-10-27 14:07:23,2021-10-27 14:29:43,54.4,74.8,109.62487431917212,31.42222222222222,30.02962962962963
2685,2021-10-27 14:30:04,2021-10-27 14:48:14,74.8,91.2,110.97731393970187,32.336363636363636,31.0
2686,2021-10-27 17:12:39,2021-10-27 17:30:59,81.6,97.6,112.95140937499998,35.0,33.67567567567568
2687,2021-10-28 02:53:18,2021-10-28 03:15:18,31.6,52.4,104.7128564369658,31.729323308270676,29.827067669172934
2688,2021-10-28 03:15:39,2021-10-28 03:35:29,52.8,71.2,106.71193855676317,33.65,31.883333333333333
2689,2021-10-28 03:35:50,2021-10-28 03:52:30,71.2,86.0,111.4958530405406,34.79207920792079,33.0
2690,2021-10-28 20:54:00,2021-10-28 22:18:14,4.8,97.6,104.94540792025863,35.949367088607595,34.87816455696203
2691,2021-10-29 04:23:48,2021-10-29 04:56:22,57.6,92.0,110.6006648053941,34.33061224489796,31.379591836734694
2692,2021-10-29 10:57:53,2021-10-29 11:23:31,59.2,86.0,111.62355576285243,31.352331606217618,29.22279792746114
2693,2021-10-29 18:23:43,2021-10-29 19:18:51,36.4,94.8,109.92737144453959,34.466183574879224,33.009661835748794
2694,2021-10-30 00:59:57,2021-10-30 01:45:29,35.2,84.0,108.69507291097452,34.01169590643275,31.406432748538013
2695,2021-10-30 05:45:08,2021-10-30 06:03:48,62.4,82.0,110.87089746315195,32.94690265486726,29.86725663716814
2696,2021-10-30 17:38:21,2021-10-30 18:28:16,48.8,97.6,111.63877937727686,26.68,24.674666666666667
2697,2021-10-31 18:55:59,2021-10-31 19:44:42,37.6,89.6,109.06451111912394,29.314207650273225,28.33606557377049
2698,2021-11-01 20:04:53,2021-11-01 21:20:50,10.0,94.0,105.48687774470902,32.09649122807018,30.803508771929824
2699,2021-11-02 15:13:40,2021-11-02 15:32:40,21.2,42.0,106.26271601228635,28.63478260869565,27.330434782608695
2700,2021-11-02 15:33:01,2021-11-02 15:53:41,42.4,65.2,105.41852138157897,31.232,30.04
2701,2021-11-03 10:36:49,2021-11-03 10:54:09,26.4,45.6,105.4296976273148,28.438095238095237,27.466666666666665
2702,2021-11-03 10:54:30,2021-11-03 11:14:50,46.0,68.4,105.97656987847219,31.089430894308943,30.056910569105693
2703,2021-11-03 11:15:11,2021-11-03 11:34:21,68.8,88.8,111.87361791666667,32.94827586206897,31.853448275862068
2704,2021-11-03 19:58:15,2021-11-03 20:24:15,45.6,70.0,107.42145730874317,35.78343949044586,33.67515923566879
2705,2021-11-03 20:24:36,2021-11-03 20:48:20,70.4,91.6,112.79980104821807,37.0,35.0
2706,2021-11-04 04:42:42,2021-11-04 05:07:42,41.2,64.0,109.66557182017547,32.49006622516556,29.86092715231788
2707,2021-11-04 05:08:03,2021-11-04 05:34:33,64.4,88.4,110.41898171296299,34.075,31.65
2708,2021-11-04 15:52:22,2021-11-04 16:11:32,38.0,59.2,105.38587244496853,34.5,33.18103448275862
2709,2021-11-04 23:37:15,2021-11-05 00:49:27,7.6,87.2,105.91260866834172,36.1309963099631,33.96309963099631
2710,2021-11-05 04:04:10,2021-11-05 04:48:21,50.8,96.0,110.97500126597836,36.68975903614458,33.852409638554214
2711,2021-11-05 13:06:07,2021-11-05 13:28:57,33.6,58.4,107.81027962589609,33.48550724637681,31.97826086956522
2712,2021-11-05 13:29:18,2021-11-05 13:53:38,58.8,84.4,111.41982991536459,36.16326530612245,34.68027210884354
2713,2021-11-06 01:19:16,2021-11-06 01:38:26,11.6,33.6,101.49241085858584,33.18103448275862,31.103448275862068
2714,2021-11-06 02:36:42,2021-11-06 03:22:58,42.4,94.0,104.53553110680448,37.166666666666664,34.706896551724135
2715,2021-11-06 07:24:09,2021-11-06 07:47:59,49.2,74.8,109.22524945746532,36.44444444444444,33.416666666666664
2716,2021-11-06 07:48:20,2021-11-06 08:08:30,75.2,95.6,112.17387343409591,37.631147540983605,34.74590163934426
2717,2021-11-06 13:05:44,2021-11-06 13:28:34,46.8,71.6,108.4358353494624,37.03623188405797,34.84782608695652
2718,2021-11-06 13:28:55,2021-11-06 13:56:15,72.0,97.6,114.04461100260421,38.53333333333333,36.4969696969697
2719,2021-11-07 06:19:51,2021-11-07 06:38:41,11.2,32.8,102.00040052726335,31.36842105263158,29.67543859649123
2720,2021-11-07 06:39:02,2021-11-07 07:00:52,33.2,57.6,104.67385371129328,33.56060606060606,31.757575757575758
2721,2021-11-07 07:01:13,2021-11-07 07:23:43,58.0,82.8,106.1346477374552,36.13970588235294,34.411764705882355
2722,2021-11-07 18:24:09,2021-11-07 18:45:29,70.0,89.2,112.10721187789349,34.0,32.263565891472865
2723,2021-11-08 14:45:37,2021-11-08 15:03:07,35.2,54.4,106.1631857638889,22.91509433962264,21.92452830188679
2724,2021-11-08 15:03:28,2021-11-08 15:20:08,54.8,72.8,107.85415609567899,25.613861386138613,24.643564356435643
2725,2021-11-09 04:06:45,2021-11-09 04:34:25,27.6,58.4,103.98538320707074,25.49700598802395,22.982035928143713
2726,2021-11-09 04:34:46,2021-11-09 05:03:46,58.4,88.8,110.45321180555554,28.565714285714286,26.228571428571428
2727,2021-11-09 20:34:45,2021-11-09 21:01:25,49.6,84.4,109.70067752234993,27.428571428571427,26.683229813664596
2728,2021-11-10 03:45:40,2021-11-10 04:56:01,25.6,97.6,109.22204197145062,32.21590909090909,29.164772727272727
2729,2021-11-10 14:01:16,2021-11-10 14:17:56,74.0,88.8,113.10342483108109,28.0,26.603960396039604
2730,2021-11-11 08:09:30,2021-11-11 09:00:26,46.0,97.6,110.22115846253233,25.130548302872064,24.16187989556136
2731,2021-11-12 10:56:58,2021-11-12 11:15:28,22.0,39.2,106.48254150516794,24.910714285714285,24.080357142857142
2732,2021-11-12 11:15:49,2021-11-12 11:33:49,39.6,56.4,106.10779001322751,27.091743119266056,26.256880733944953
2733,2021-11-12 11:34:10,2021-11-12 11:50:40,56.8,72.0,107.54659073464912,29.06,28.42
2734,2021-11-12 11:51:01,2021-11-12 12:10:21,72.4,89.6,111.4219916828166,30.11965811965812,29.41025641025641
2735,2021-11-12 20:28:39,2021-11-12 21:54:52,21.2,97.6,108.19461888270799,31.368827160493826,29.753086419753085
2736,2021-11-13 03:55:39,2021-11-13 04:12:49,40.0,56.4,106.23729310636858,28.048076923076923,24.932692307692307
2737,2021-11-13 04:13:10,2021-11-13 04:34:30,56.8,76.4,110.40533191609971,29.728682170542637,26.82170542635659
2738,2021-11-13 04:34:51,2021-11-13 04:59:11,76.8,97.2,115.23896881808275,30.74829931972789,28.0
2739,2021-11-14 08:04:41,2021-11-14 08:36:31,17.6,48.4,103.51823241341992,24.895833333333332,23.739583333333332
2740,2021-11-14 08:36:52,2021-11-14 09:02:52,48.8,73.6,105.13162589605739,28.0828025477707,26.866242038216562
2741,2021-11-14 09:03:13,2021-11-14 09:30:33,74.0,97.6,113.35336523069684,29.763636363636362,28.636363636363637
2742,2021-11-15 08:08:12,2021-11-15 08:34:12,38.4,63.2,103.55961671146952,25.0,23.643312101910826
2743,2021-11-15 08:34:33,2021-11-15 08:55:53,63.6,83.2,107.57018303571432,27.13953488372093,25.868217054263567
2744,2021-11-15 08:56:14,2021-11-15 09:14:24,83.6,97.6,113.53870396825397,28.0,26.945454545454545
2745,2021-11-15 18:48:02,2021-11-15 19:06:52,42.0,63.2,103.60128098794546,30.70175438596491,29.00877192982456
