Cycle,Battery#1,Battery#2,Battery#3,#1_SOH,#2_SOH,#3_SOH
1,1.0753012,1.0799223,1.0706892,0.977546545,0.981747545,0.892497768
2,1.0766124,1.0813154,1.0719005,0.978738545,0.983014,0.893649091
3,1.0772982,1.082234,1.0725095,0.979362,0.983849091,0.894408265
4,1.0781505,1.0827312,1.073174,0.980136818,0.984301091,0.894819174
5,1.078544,1.0830303,1.0735761,0.980494545,0.984573,0.895066364
6,1.0789695,1.0833386,1.0739917,0.980881364,0.984853273,0.895321157
7,1.07938,1.083684,1.0743741,0.981254545,0.985167273,0.895606612
8,1.0795895,1.0837147,1.0744922,0.981445,0.985195182,0.895631984
9,1.0797766,1.0837817,1.0745373,0.981615091,0.985256091,0.895687355
10,1.0800153,1.0839587,1.0747814,0.981832091,0.985417,0.895833636
11,1.0845895,1.0880535,1.5390544,0.985990455,0.989139545,0.899217768
12,1.0823009,1.0858102,1.0738269,0.983909909,0.987100182,0.897363802
13,1.0819396,1.0857648,1.0750562,0.983581455,0.987058909,0.897326281
14,1.0818352,1.0855526,1.0730921,0.983486545,0.986866,0.897150909
15,1.0819743,1.0855418,1.0758405,0.983613,0.986856182,0.897141984
16,1.0820032,1.085543,1.072405,0.983639273,0.986857273,0.897142975
17,1.0819749,1.0856423,1.0761998,0.983613545,0.986947545,0.897225041
18,1.0818729,1.0855848,1.0761871,0.983520818,0.986895273,0.897177521
19,1.0818582,1.0855571,1.0764284,0.983507455,0.986870091,0.897154628
20,1.0818721,1.0855353,1.0765469,0.983520091,0.986850273,0.897136612
21,1.0819227,1.0855669,1.0766536,0.983566091,0.986879,0.897162727
22,1.0819179,1.0855838,1.0766355,0.983561727,0.986894364,0.897176695
23,1.0820436,1.0857264,1.0754509,0.983676,0.987024,0.897294545
24,1.0820177,1.0858061,1.0766494,0.983652455,0.987096455,0.897360414
25,1.0820863,1.0858525,1.076545,0.983714818,0.987138636,0.89739876
26,1.0821023,1.0858128,1.0765674,0.983729364,0.987102545,0.89736595
27,1.0820186,1.0857804,1.0765301,0.983653273,0.987073091,0.897339174
28,1.0819744,1.0857626,1.0764797,0.983613091,0.987056909,0.897324463
29,1.081928,1.0857949,1.0765879,0.983570909,0.987086273,0.897351157
30,1.0819486,1.0858704,1.0766202,0.983589636,0.987154909,0.897413554
31,1.0819107,1.0857939,1.0766256,0.983555182,0.987085364,0.897350331
32,1.081911,1.0858334,1.0766001,0.983555455,0.987121273,0.897382975
33,1.0819156,1.0858121,1.0766319,0.983559636,0.987101909,0.897365372
34,1.0819073,1.085746,1.0766066,0.983552091,0.987041818,0.897310744
35,1.0818235,1.0857704,1.076661,0.983475909,0.987064,0.897330909
36,1.0818033,1.0857365,1.0766382,0.983457545,0.987033182,0.897302893
37,1.081722,1.0857095,1.0766717,0.983383636,0.987008636,0.897280578
38,1.0817708,1.0857694,1.0766507,0.983428,0.987063091,0.897330083
39,1.0817635,1.0857872,1.0767151,0.983421364,0.987079273,0.897344794
40,1.0818429,1.0858465,1.0766989,0.983493545,0.987133182,0.897393802
41,1.0818409,1.0858839,1.0766598,0.983491727,0.987167182,0.897424711
42,1.0818423,1.0858977,1.0766748,0.983493,0.987179727,0.897436115
43,1.081903,1.0859399,1.0768414,0.983548182,0.987218091,0.897470992
44,1.0819272,1.0860239,1.0766555,0.983570182,0.987294455,0.897540414
45,1.0817856,1.0859478,1.0766659,0.983441455,0.987225273,0.897477521
46,1.0818145,1.085932,1.0766661,0.983467727,0.987210909,0.897464463
47,1.0818409,1.0860084,1.0743055,0.983491727,0.987280364,0.897527604
48,1.0818337,1.0858871,1.0768253,0.983485182,0.987170091,0.897427355
49,1.0817146,1.0858485,1.0767562,0.983376909,0.987135,0.897395455
50,1.0816857,1.085833,1.0767081,0.983350636,0.987120909,0.897382645
51,1.0816711,1.0857935,1.076677,0.983337364,0.987085,0.89735
52,1.0816325,1.0857363,1.0767009,0.983302273,0.987033,0.897302727
53,1.0816261,1.0857573,1.076785,0.983296455,0.987052091,0.897320083
54,1.0815685,1.0857081,1.076645,0.983244091,0.987007364,0.897279422
55,1.0815827,1.0857319,1.0766542,0.983257,0.987029,0.897299091
56,1.0815943,1.0858471,1.0753976,0.983267545,0.987133727,0.897394297
57,1.0816603,1.0858817,1.0765858,0.983327545,0.987165182,0.897422893
58,1.0816344,1.0858759,1.0752628,0.983304,0.987159909,0.897418099
59,1.0816207,1.0859101,1.0767044,0.983291545,0.987191,0.897446364
60,1.0816126,1.0858313,1.0769024,0.983284182,0.987119364,0.89738124
61,1.0815406,1.0857759,1.0770562,0.983218727,0.987069,0.897335455
62,1.0814815,1.0857108,1.0770824,0.983165,0.987009818,0.897281653
63,1.0816796,1.085923,1.0769807,0.983345091,0.987202727,0.897457025
64,1.0818805,1.086134,1.0765196,0.983527727,0.987394545,0.897631405
65,1.0819483,1.0862314,1.0765632,0.983589364,0.987483091,0.897711901
66,1.0819383,1.0862148,1.0766724,0.983580273,0.987468,0.897698182
67,1.0814322,1.0856748,1.0765343,0.983120182,0.986977091,0.897251901
68,1.0813652,1.08556,1.0766476,0.983059273,0.986872727,0.897157025
69,1.0812522,1.0855246,1.0766002,0.982956545,0.986840545,0.897127768
70,1.081252,1.0855196,1.0753345,0.982956364,0.986836,0.897123636
71,1.0813366,1.0856328,1.0763972,0.983033273,0.986938909,0.89721719
72,1.0813701,1.0856695,1.07514,0.983063727,0.986972273,0.897247521
73,1.0813349,1.0857404,1.0763736,0.983031727,0.987036727,0.897306115
74,1.0813159,1.0856586,1.0762513,0.983014455,0.986962364,0.897238513
75,1.0813411,1.0856991,1.0763264,0.983037364,0.986999182,0.897271984
76,1.0812777,1.0856384,1.0762902,0.982979727,0.986944,0.897221818
77,1.0812092,1.0855706,1.0763192,0.982917455,0.986882364,0.897165785
78,1.0811901,1.0855303,1.0762045,0.982900091,0.986845727,0.897132479
79,1.0811335,1.0854447,1.0762365,0.982848636,0.986767909,0.897061735
80,1.0810794,1.0853778,1.0762444,0.982799455,0.986707091,0.897006446
81,1.0810466,1.0853372,1.0761995,0.982769636,0.986670182,0.896972893
82,1.0809687,1.085281,1.0761882,0.982698818,0.986619091,0.896926446
83,1.0809135,1.0851364,1.0762265,0.982648636,0.986487636,0.896806942
84,1.0809121,1.0851827,1.0763329,0.982647364,0.986529727,0.896845206
85,1.0808662,1.0851971,1.0760512,0.982605636,0.986542818,0.896857107
86,1.0808834,1.0852234,1.0762264,0.982621273,0.986566727,0.896878843
87,1.080853,1.0852056,1.076053,0.982593636,0.986550545,0.896864132
88,1.0809195,1.0852865,1.0749464,0.982654091,0.986624091,0.896930992
89,1.0809104,1.085299,1.0761249,0.982645818,0.986635455,0.896941323
90,1.0809323,1.0852487,1.0760405,0.982665727,0.986589727,0.896899752
91,1.0810022,1.0853715,1.0748079,0.982729273,0.986701364,0.89700124
92,1.0809057,1.0852418,1.0759902,0.982641545,0.986583455,0.89689405
93,1.0809215,1.0852273,1.0758985,0.982655909,0.986570273,0.896882066
94,1.0809017,1.0852255,1.0758245,0.982637909,0.986568636,0.896880578
95,1.0808159,1.08509,1.0758753,0.982559909,0.986445455,0.896768595
96,1.0807959,1.0851239,1.0758419,0.982541727,0.986476273,0.896796612
97,1.0806749,1.0850123,1.0759112,0.982431727,0.986374818,0.89670438
98,1.0806487,1.0849537,1.0758784,0.982407909,0.986321545,0.89665595
99,1.0806297,1.0849404,1.0759126,0.982390636,0.986309455,0.896644959
100,1.0806502,1.0849447,1.0758415,0.982409273,0.986313364,0.896648513
101,1.0806355,1.0849578,1.0757886,0.982395909,0.986325273,0.896659339
102,1.080663,1.0849718,1.0758218,0.982420909,0.986338,0.896670909
103,1.0806745,1.084981,1.0757833,0.982431364,0.986346364,0.896678513
104,1.0807188,1.0851059,1.0758278,0.982471636,0.986459909,0.896781735
105,1.0806472,1.0849565,1.0758644,0.982406545,0.986324091,0.896658265
106,1.0805749,1.0849079,1.0756383,0.982340818,0.986279909,0.896618099
107,1.0805452,1.0848944,1.0757459,0.982313818,0.986267636,0.896606942
108,1.0805323,1.0848737,1.0757282,0.982302091,0.986248818,0.896589835
109,1.0804729,1.0847815,1.0756657,0.982248091,0.986165,0.896513636
110,1.0804,1.0847218,1.0756232,0.982181818,0.986110727,0.896464297
111,1.0803393,1.084612,1.0756211,0.982126636,0.986010909,0.896373554
112,1.0803374,1.0845947,1.0756699,0.982124909,0.985995182,0.896359256
113,1.0803201,1.0845439,1.0755961,0.982109182,0.985949,0.896317273
114,1.0802414,1.0844989,1.0741987,0.982037636,0.985908091,0.896280083
115,1.0802473,1.0845442,1.0756382,0.982043,0.985949273,0.896317521
116,1.080231,1.0845171,1.0756032,0.982028182,0.985924636,0.896295124
117,1.0801288,1.0844411,1.0755146,0.981935273,0.985855545,0.896232314
118,1.0801314,1.0844105,1.0755045,0.981937636,0.985827727,0.896207025
119,1.0803328,1.0845937,1.0753888,0.982120727,0.985994273,0.89635843
120,1.0803525,1.0846987,1.0752513,0.982138636,0.986089727,0.896445206
121,1.0803212,1.0846695,1.075214,0.982110182,0.986063182,0.896421075
122,1.080315,1.084641,1.0752245,0.982104545,0.986037273,0.896397521
123,1.0802521,1.0845835,1.0751811,0.982047364,0.985985,0.89635
124,1.0801622,1.0844946,1.0752125,0.981965636,0.985904182,0.896276529
125,1.0802071,1.0844939,1.0752281,0.982006455,0.985903545,0.89627595
126,1.0801412,1.0845144,1.07524,0.981946545,0.985922182,0.896292893
127,1.0800964,1.0844651,1.0752876,0.981905818,0.985877364,0.896252149
128,1.0801266,1.0844644,1.0752187,0.981933273,0.985876727,0.89625157
129,1.0801144,1.0844282,1.075147,0.981922182,0.985843818,0.896221653
130,1.080099,1.0844687,1.0751264,0.981908182,0.985880636,0.896255124
131,1.0800577,1.0844334,1.0737574,0.981870636,0.985848545,0.89622595
132,1.0799779,1.0843452,1.0747384,0.981798091,0.985768364,0.896153058
133,1.0798699,1.0841988,1.0744451,0.981699909,0.985635273,0.896032066
134,1.0798607,1.0842357,1.0728469,0.981691545,0.985668818,0.896062562
135,1.0798086,1.0841705,1.0728441,0.981644182,0.985609545,0.896008677
136,1.0797741,1.084155,1.07452,0.981612818,0.985595455,0.895995868
137,1.0797648,1.0841643,1.073329,0.981604364,0.985603909,0.896003554
138,1.0797896,1.0842218,1.0747689,0.981626909,0.985656182,0.896051075
139,1.0797476,1.0841625,1.0747482,0.981588727,0.985602273,0.896002066
140,1.0797325,1.0841635,1.0710337,0.981575,0.985603182,0.896002893
141,1.0796613,1.0841109,1.0746664,0.981510273,0.985555364,0.895959422
142,1.0795732,1.0840343,1.0747198,0.981430182,0.985485727,0.895896115
143,1.0795051,1.0839545,1.0746906,0.981368273,0.985413182,0.895830165
144,1.0794517,1.0838717,1.0721986,0.981319727,0.985337909,0.895761735
145,1.0794413,1.0839056,1.0733948,0.981310273,0.985368727,0.895789752
146,1.0794613,1.0839182,1.0745389,0.981328455,0.985380182,0.895800165
147,1.0795257,1.0839571,1.0743873,0.981387,0.985415545,0.895832314
148,1.0795374,1.0839593,1.0740879,0.981397636,0.985417545,0.895834132
149,1.0795468,1.0839598,1.0744152,0.981406182,0.985418,0.895834545
150,1.0793943,1.0837967,1.074378,0.981267545,0.985269727,0.895699752
151,1.0793138,1.0836318,1.0743593,0.981194364,0.985119818,0.895563471
152,1.0792543,1.0836512,1.0742767,0.981140273,0.985137455,0.895579505
153,1.0792733,1.083616,1.0742306,0.981157545,0.985105455,0.895550414
154,1.0792607,1.0836091,1.0739679,0.981146091,0.985099182,0.895544711
155,1.0792705,1.0835862,1.0732156,0.981155,0.985078364,0.895525785
156,1.0792338,1.0835845,1.0736821,0.981121636,0.985076818,0.89552438
157,1.0791656,1.0835835,1.0737848,0.981059636,0.985075909,0.895523554
158,1.0792696,1.0836748,1.0738961,0.981154182,0.985158909,0.895599008
159,1.0792631,1.0836439,1.0742747,0.981148273,0.985130818,0.895573471
160,1.0792441,1.0836015,1.0730073,0.981131,0.985092273,0.89553843
161,1.0792354,1.0836121,1.0730597,0.981123091,0.985101909,0.89554719
162,1.0791804,1.0835544,1.0715735,0.981073091,0.985049455,0.895499505
163,1.0791258,1.0834684,1.071436,0.981023455,0.984971273,0.89542843
164,1.0790781,1.0834323,1.0687023,0.980980091,0.984938455,0.895398595
165,1.0790321,1.0833755,1.0677084,0.980938273,0.984886818,0.895351653
166,1.0789585,1.0832872,1.0725,0.980871364,0.984806545,0.895278677
167,1.0789031,1.0832012,1.0736258,0.980821,0.984728364,0.895207604
168,1.0788951,1.0832188,1.0730176,0.980813727,0.984744364,0.895222149
169,1.0788661,1.0832297,1.0737669,0.980787364,0.984754273,0.895231157
170,1.0789065,1.0832256,1.0739388,0.980824091,0.984750545,0.895227768
171,1.0790746,1.0834041,1.0714852,0.980976909,0.984912818,0.895375289
172,1.0790883,1.0834444,1.0713842,0.980989364,0.984949455,0.895408595
173,1.0790173,1.0833941,1.0700154,0.980924818,0.984903727,0.895367025
174,1.0788677,1.0832394,1.0639316,0.980788818,0.984763091,0.895239174
175,1.0787734,1.0831283,1.0678089,0.980703091,0.984662091,0.895147355
176,1.0787362,1.083111,1.0715845,0.980669273,0.984646364,0.895133058
177,1.0786883,1.0830775,1.0691396,0.980625727,0.984615909,0.895105372
178,1.0788336,1.0831956,1.07152,0.980757818,0.984723273,0.895202975
179,1.0789466,1.0833586,1.0702107,0.980860545,0.984871455,0.895337686
180,1.0790043,1.0833983,1.0714779,0.980913,0.984907545,0.895370495
181,1.0789996,1.0833951,1.0737666,0.980908727,0.984904636,0.895367851
182,1.0789684,1.0833685,1.0734777,0.980880364,0.984880455,0.895345868
183,1.0788578,1.0832517,1.0734123,0.980779818,0.984774273,0.895249339
184,1.0787761,1.0831751,1.0733159,0.980705545,0.984704636,0.895186033
185,1.0785502,1.082966,1.0732638,0.980500182,0.984514545,0.895013223
186,1.0785975,1.0830148,1.0731425,0.980543182,0.984558909,0.895053554
187,1.0786096,1.0830317,1.072943,0.980554182,0.984574273,0.895067521
188,1.0785203,1.0829775,1.0719339,0.980473,0.984525,0.895022727
189,1.0784601,1.0829014,1.0716102,0.980418273,0.984455818,0.894959835
190,1.0784056,1.0828805,1.0724705,0.980368727,0.984436818,0.894942562
191,1.0783468,1.0828025,1.0728638,0.980315273,0.984365909,0.894878099
192,1.0783235,1.0827243,1.0730959,0.980294091,0.984294818,0.894813471
193,1.0782559,1.0826709,1.0696446,0.980232636,0.984246273,0.894769339
194,1.0781775,1.082625,1.0709413,0.980161364,0.984204545,0.894731405
195,1.0782001,1.0826198,1.0647488,0.980181909,0.984199818,0.894727107
196,1.0782014,1.0826597,1.067211,0.980183091,0.984236091,0.894760083
197,1.0781834,1.0827546,1.0692852,0.980166727,0.984322364,0.894838513
198,1.0784652,1.082886,1.0644047,0.980422909,0.984441818,0.894947107
199,1.0784538,1.082866,1.0692478,0.980412545,0.984423636,0.894930578
200,1.0783129,1.0827211,1.0729612,0.980284455,0.984291909,0.894810826
201,1.0781006,1.0825498,1.0719513,0.980091455,0.984136182,0.894669256
202,1.0780586,1.0824825,1.0734826,0.980053273,0.984075,0.894613636
203,1.0779577,1.0823528,1.0711106,0.979961545,0.983957091,0.894506446
204,1.0781268,1.0825661,1.0728359,0.980115273,0.984151,0.894682727
205,1.0783508,1.0827576,1.0686156,0.980318909,0.984325091,0.894840992
206,1.0784787,1.0828853,1.0722553,0.980435182,0.984441182,0.894946529
207,1.0785102,1.0829602,1.0722088,0.980463818,0.984509273,0.89500843
208,1.0785191,1.0829967,1.0730858,0.980471909,0.984542455,0.895038595
209,1.078465,1.0829171,1.0728866,0.980422727,0.984470091,0.89497281
210,1.0783726,1.0828224,1.0728358,0.980338727,0.984384,0.894894545
211,1.078195,1.0825667,1.0728077,0.980177273,0.984151545,0.894683223
212,1.077841,1.0822521,1.07278,0.979855455,0.983865545,0.894423223
213,1.0777873,1.0822057,1.0726694,0.979806636,0.983823364,0.894384876
214,1.0777465,1.0821924,1.0725751,0.979769545,0.983811273,0.894373885
215,1.0776659,1.0821195,1.0714912,0.979696273,0.983745,0.894313636
216,1.077572,1.0820826,1.0725292,0.979610909,0.983711455,0.894283141
217,1.0775523,1.082072,1.0722562,0.979593,0.983701818,0.89427438
218,1.0775352,1.0820191,1.0722263,0.979577455,0.983653727,0.894230661
219,1.077489,1.0819827,1.0702997,0.979535455,0.983620636,0.894200578
220,1.0774752,1.0819182,1.0709004,0.979522909,0.983562,0.894147273
221,1.0774668,1.0819069,1.0717547,0.979515273,0.983551727,0.894137934
222,1.0775013,1.0819478,1.0720819,0.979546636,0.983588909,0.894171735
223,1.0775459,1.0819904,1.0726638,0.979587182,0.983627636,0.894206942
224,1.077698,1.0821501,1.0686629,0.979725455,0.983772818,0.894338925
225,1.0777867,1.0822335,1.0687469,0.979806091,0.983848636,0.894407851
226,1.0776162,1.0820882,1.0661069,0.979651091,0.983716545,0.894287768
227,1.0774209,1.0819136,1.0659326,0.979473545,0.983557818,0.894143471
228,1.0772518,1.081772,1.0679137,0.979319818,0.983429091,0.894026446
229,1.0771765,1.0817499,1.0685478,0.979251364,0.983409,0.894008182
230,1.0771741,1.0817292,1.0715339,0.979249182,0.983390182,0.893991075
231,1.0772705,1.0818614,1.0725104,0.979336818,0.983510364,0.894100331
232,1.0773777,1.081985,1.0724415,0.979434273,0.983622727,0.894202479
233,1.0774446,1.0820019,1.0723016,0.979495091,0.983638091,0.894216446
234,1.0774491,1.0819705,1.07228,0.979499182,0.983609545,0.894190495
235,1.0774158,1.0819284,1.0659735,0.979468909,0.983571273,0.894155703
236,1.0773504,1.0818729,1.0707749,0.979409455,0.983520818,0.894109835
237,1.0772904,1.0817831,1.0695169,0.979354909,0.983439182,0.89403562
238,1.0770903,1.0815554,1.0634056,0.979173,0.983232182,0.893847438
239,1.0770547,1.081557,1.0694402,0.979140636,0.983233636,0.89384876
240,1.0770125,1.0815039,1.0681522,0.979102273,0.983185364,0.893804876
241,1.0769674,1.0814655,1.0705171,0.979061273,0.983150455,0.893773141
242,1.0768939,1.0814321,1.0715264,0.978994455,0.983120091,0.893745537
243,1.0768212,1.0813533,1.0711093,0.978928364,0.983048455,0.893680414
244,1.0767306,1.0812635,1.0713196,0.978846,0.982966818,0.893606198
245,1.0766762,1.0811942,1.0713376,0.978796545,0.982903818,0.893548925
246,1.0766544,1.0811816,1.0714476,0.978776727,0.982892364,0.893538513
247,1.0766096,1.0811607,1.0713531,0.978736,0.982873364,0.89352124
248,1.0766743,1.0811775,1.0716952,0.978794818,0.982888636,0.893535124
249,1.0766734,1.0812087,1.071188,0.978794,0.982917,0.893560909
250,1.0767171,1.0812902,1.0692111,0.978833727,0.982991091,0.893628265
251,1.0768607,1.081394,1.0694512,0.978964273,0.983085455,0.89371405
252,1.0767988,1.0813817,1.0713137,0.978908,0.983074273,0.893703885
253,1.0766858,1.081237,1.0665704,0.978805273,0.982942727,0.893584297
254,1.076441,1.0810921,1.0716691,0.978582727,0.982811,0.893464545
255,1.0764432,1.0810554,1.06809,0.978584727,0.982777636,0.893434215
256,1.0763679,1.0809911,1.0522044,0.978516273,0.982719182,0.893381075
257,1.0763994,1.0810324,1.0594097,0.978544909,0.982756727,0.893415206
258,1.0765815,1.0811806,1.062722,0.978710455,0.982891455,0.893537686
259,1.0766946,1.0812634,1.065221,0.978813273,0.982966727,0.893606115
260,1.0766741,1.081328,1.0675694,0.978794636,0.983025455,0.893659505
261,1.0766497,1.0812821,1.0713251,0.978772455,0.982983727,0.89362157
262,1.0765942,1.0812389,1.070654,0.978722,0.982944455,0.893585868
263,1.076591,1.0811999,1.070429,0.978719091,0.982909,0.893553636
264,1.0764062,1.0810305,1.0698726,0.978551091,0.982755,0.893413636
265,1.0761794,1.0808043,1.0674539,0.978344909,0.982549364,0.893226695
266,1.0762528,1.0808034,1.067901,0.978411636,0.982548545,0.89322595
267,1.0761791,1.0807306,1.0710255,0.978344636,0.982482364,0.893165785
268,1.0761017,1.0806446,1.0709585,0.978274273,0.982404182,0.893094711
269,1.0760368,1.0806009,1.0709193,0.978215273,0.982364455,0.893058595
270,1.07595,1.0805367,1.0708414,0.978136364,0.982306091,0.893005537
271,1.0759057,1.0804774,1.0697244,0.978096091,0.982252182,0.892956529
272,1.0758588,1.0804427,1.0704929,0.978053455,0.982220636,0.892927851
273,1.0757933,1.0803565,1.0707847,0.977993909,0.982142273,0.892856612
274,1.0757918,1.0803546,1.070703,0.977992545,0.982140545,0.892855041
275,1.0757444,1.0802795,1.0706118,0.977949455,0.982072273,0.892792975
276,1.0757467,1.0803242,1.0700974,0.977951545,0.982112909,0.892829917
277,1.0758823,1.0804303,1.070269,0.978074818,0.982209364,0.892917604
278,1.075914,1.0804815,1.0699091,0.978103636,0.982255909,0.892959917
279,1.0758315,1.0803753,1.0699389,0.978028636,0.982159364,0.892872149
280,1.0757306,1.0803001,1.0691898,0.977936909,0.982091,0.89281
281,1.075725,1.080274,1.0666218,0.977931818,0.982067273,0.89278843
282,1.0756117,1.0801617,1.0662863,0.977828818,0.981965182,0.89269562
283,1.0755854,1.0801622,1.0651459,0.977804909,0.981965636,0.892696033
284,1.07567,1.0802788,1.0691012,0.977881818,0.982071636,0.892792396
285,1.0757643,1.0803787,1.0685273,0.977967545,0.982162455,0.892874959
286,1.0759091,1.0804796,1.0708722,0.978099182,0.982254182,0.892958347
287,1.0759318,1.0804931,1.0689743,0.978119818,0.982266455,0.892969505
288,1.0759945,1.0804921,1.0695846,0.978176818,0.982265545,0.892968677
289,1.0759889,1.0804945,1.0698013,0.978171727,0.982267727,0.892970661
290,1.0760155,1.0804992,1.0701363,0.978195909,0.982272,0.892974545
291,1.0757146,1.0802017,1.0700173,0.977922364,0.982001545,0.892728677
292,1.0754582,1.0799431,1.0698297,0.977689273,0.981766455,0.892514959
293,1.0755191,1.0800202,1.0646312,0.977744636,0.981836545,0.892578677
294,1.0754433,1.0799611,1.06767,0.977675727,0.981782818,0.892529835
295,1.0753623,1.0798849,1.0670372,0.977602091,0.981713545,0.892466859
296,1.0753679,1.0798502,1.0699611,0.977607182,0.981682,0.892438182
297,1.0752826,1.0797974,1.0698364,0.977529636,0.981634,0.892394545
298,1.0752267,1.0797426,1.0697434,0.977478818,0.981584182,0.892349256
299,1.0751759,1.0797074,1.0696157,0.977432636,0.981552182,0.892320165
300,1.0750923,1.0796536,1.0698825,0.977356636,0.981503273,0.892275703
301,1.0750625,1.0796152,1.0698853,0.977329545,0.981468364,0.892243967
302,1.0750893,1.0795829,1.0691276,0.977353909,0.981439,0.892217273
303,1.0750437,1.0795734,1.0667444,0.977312455,0.981430364,0.892209422
304,1.07503,1.0795425,1.0688608,0.9773,0.981402273,0.892183885
305,1.0749415,1.0795106,1.0691419,0.977219545,0.981373273,0.892157521
306,1.07499,1.0796015,1.0691915,0.977263636,0.981455909,0.892232645
307,1.07499,1.0795869,1.0696068,0.977263636,0.981442636,0.892220578
308,1.0750219,1.0796043,1.0696694,0.977292636,0.981458455,0.892234959
309,1.0747842,1.0794106,1.0684117,0.977076545,0.981282364,0.892074876
310,1.0747573,1.0793735,1.0692772,0.977052091,0.981248636,0.892044215
311,1.0748076,1.0793947,1.0628723,0.977097818,0.981267909,0.892061735
312,1.074843,1.0794339,1.064725,0.97713,0.981303545,0.892094132
313,1.0748973,1.0794876,1.0648649,0.977179364,0.981352364,0.892138513
314,1.0749114,1.0794756,1.0690352,0.977192182,0.981341455,0.892128595
315,1.0748553,1.0794482,1.0684961,0.977141182,0.981316545,0.89210595
316,1.0748824,1.0794613,1.0693339,0.977165818,0.981328455,0.892116777
317,1.0747553,1.0793372,1.0693139,0.977050273,0.981215636,0.892014215
318,1.074572,1.0791411,1.0693067,0.976883636,0.981037364,0.891852149
319,1.0745397,1.0791093,1.0693525,0.976854273,0.981008455,0.891825868
320,1.0744972,1.0790737,1.0679969,0.976815636,0.980976091,0.891796446
321,1.0744377,1.0790309,1.0675799,0.976761545,0.980937182,0.891761075
322,1.0744097,1.0790122,1.067449,0.976736091,0.980920182,0.89174562
323,1.0743706,1.0789998,1.0661716,0.976700545,0.980908909,0.891735372
324,1.0743712,1.0789577,1.066994,0.976701091,0.980870636,0.891700578
325,1.0743155,1.0789431,1.0685939,0.976650455,0.980857364,0.891688513
326,1.0743459,1.0789583,1.0679792,0.976678091,0.980871182,0.891701075
327,1.074285,1.0789254,1.0684899,0.976622727,0.980841273,0.891673885
328,1.0742594,1.078907,1.0673405,0.976599455,0.980824545,0.891658677
329,1.0745344,1.0792269,1.0670813,0.976849455,0.981115364,0.891923058
330,1.075012,1.0796727,1.0669221,0.977283636,0.981520636,0.892291487
331,1.0751935,1.0798624,1.0645261,0.977448636,0.981693091,0.892448265
332,1.0751543,1.0797831,1.0644022,0.977413,0.981621,0.892382727
333,1.0750471,1.0797588,1.0695329,0.977315545,0.981598909,0.892362645
334,1.0750059,1.0796572,1.0687782,0.977278091,0.981506545,0.892278677
335,1.0749389,1.0796064,1.0702711,0.977217182,0.981460364,0.892236695
336,1.0751619,1.0798067,1.0703403,0.977419909,0.981642455,0.892402232
337,1.0754133,1.0800514,1.0703341,0.977648455,0.981864909,0.892604463
338,1.0756236,1.0802031,1.070029,0.977839636,0.982002818,0.892729835
339,1.0757637,1.0803508,1.0669992,0.977967,0.982137091,0.892851901
340,1.0758748,1.0804368,1.0679404,0.978068,0.982215273,0.892922975
341,1.0759256,1.0804888,1.0695685,0.978114182,0.982262545,0.89296595
342,1.0759102,1.0804645,1.0675119,0.978100182,0.982240455,0.892945868
343,1.0758578,1.0804534,1.0674061,0.978052545,0.982230364,0.892936695
344,1.0755669,1.0801029,1.0677824,0.977788091,0.981911727,0.892647025
345,1.0752485,1.0797704,1.0691404,0.977498636,0.981609455,0.892372232
346,1.074982,1.0795232,1.0690612,0.977256364,0.981384727,0.892167934
347,1.0747793,1.0793179,1.0690391,0.977072091,0.981198091,0.891998265
348,1.0746372,1.0792198,1.0676738,0.976942909,0.981108909,0.89191719
349,1.0745953,1.0791384,1.0654423,0.976904818,0.981034909,0.891849917
350,1.0745516,1.0790989,1.066672,0.976865091,0.980999,0.891817273
351,1.0745178,1.0790623,1.065249,0.976834364,0.980965727,0.891787025
352,1.0744298,1.0790235,1.067323,0.976754364,0.980930455,0.891754959
353,1.0744505,1.0790181,1.0683092,0.976773182,0.980925545,0.891750495
354,1.0744126,1.0789891,1.0690169,0.976738727,0.980899182,0.891726529
355,1.0743464,1.0789243,1.0677238,0.976678545,0.980840273,0.891672975
356,1.0743874,1.0789951,1.0607356,0.976715818,0.980904636,0.891731487
357,1.0745013,1.0790669,1.0674988,0.976819364,0.980969909,0.891790826
358,1.0744153,1.0789909,1.0650654,0.976741182,0.980900818,0.891728016
359,1.0742865,1.0788248,1.0649996,0.976624091,0.980749818,0.891590744
360,1.0741948,1.0787441,1.0678664,0.976540727,0.980676455,0.89152405
361,1.0741295,1.0786655,1.0684118,0.976481364,0.980605,0.891459091
362,1.074134,1.0786471,1.0682194,0.976485455,0.980588273,0.891443885
363,1.0743251,1.078869,1.0687932,0.976659182,0.98079,0.891627273
364,1.0744771,1.0790184,1.0692003,0.976797364,0.980925818,0.891750744
365,1.0746301,1.0791409,1.0691874,0.976936455,0.981037182,0.891851984
366,1.0746996,1.0792208,1.068893,0.976999636,0.981109818,0.891918016
367,1.0747268,1.0792735,1.0687414,0.977024364,0.981157727,0.89196157
368,1.0747845,1.0792698,1.0686384,0.977076818,0.981154364,0.891958513
369,1.0747989,1.0793127,1.0645186,0.977089909,0.981193364,0.891993967
370,1.0744324,1.0791715,1.0677253,0.976756727,0.981065,0.891877273
371,1.0743726,1.0788926,1.0676295,0.976702364,0.980811455,0.891646777
372,1.0741397,1.0786905,1.0675622,0.976490636,0.980627727,0.891479752
373,1.0739725,1.0784998,1.0675855,0.976338636,0.980454364,0.891322149
374,1.0738165,1.0783615,1.0679543,0.976196818,0.980328636,0.891207851
375,1.0737524,1.0782696,1.0655049,0.976138545,0.980245091,0.891131901
376,1.0733318,1.0782193,1.0653461,0.975756182,0.980199364,0.891090331
377,1.0735106,1.0781486,1.0629482,0.975918727,0.980135091,0.891031901
378,1.0735966,1.0781941,1.0594556,0.975996909,0.980176455,0.891069505
379,1.0735462,1.0781721,1.0653667,0.975951091,0.980156455,0.891051323
380,1.0735968,1.0781236,1.0681189,0.975997091,0.980112364,0.89101124
381,1.0736037,1.0781115,1.0680037,0.976003364,0.980101364,0.89100124
382,1.0734512,1.0781264,1.0679121,0.975864727,0.980114909,0.891013554
383,1.0737031,1.0782268,1.0673084,0.976093727,0.980206182,0.891096529
384,1.0737282,1.0781873,1.0674245,0.976116545,0.980170273,0.891063885
385,1.0736164,1.0781057,1.0675998,0.976014909,0.980096091,0.890996446
386,1.0732094,1.0779345,1.0681614,0.975644909,0.979940455,0.890854959
387,1.0733148,1.0778304,1.0667884,0.975740727,0.979845818,0.890768925
388,1.0732375,1.0777211,1.0499117,0.975670455,0.979746455,0.890678595
389,1.0733236,1.0778693,1.0487819,0.975748727,0.979881182,0.890801075
390,1.0735202,1.0780573,1.0409842,0.975927455,0.980052091,0.890956446
391,1.0736946,1.0782228,1.054733,0.976086,0.980202545,0.891093223
392,1.0738062,1.0783082,1.0663438,0.976187455,0.980280182,0.891163802
393,1.0738928,1.0784098,1.0636747,0.976266182,0.980372545,0.891247768
394,1.0739291,1.0784452,1.0661352,0.976299182,0.980404727,0.891277025
395,1.0739547,1.0784394,1.067439,0.976322455,0.980399455,0.891272232
396,1.0739543,1.078418,1.0632888,0.976322091,0.98038,0.891254545
397,1.0736508,1.0781161,1.0647497,0.976046182,0.980105545,0.891005041
398,1.0733641,1.0778599,1.0652326,0.975785545,0.979872636,0.890793305
399,1.0731798,1.0776757,1.0636783,0.975618,0.979705182,0.890641075
400,1.0730301,1.0775154,1.0658928,0.975481909,0.979559455,0.890508595
401,1.0729581,1.077435,1.0619923,0.975416455,0.979486364,0.890442149
402,1.0728813,1.0773478,1.0594559,0.975346636,0.979407091,0.890370083
403,1.0728061,1.0773003,1.058076,0.975278273,0.979363909,0.890330826
404,1.0728029,1.0772712,1.0449606,0.975275364,0.979337455,0.890306777
405,1.0727966,1.0772387,1.0608855,0.975269636,0.979307909,0.890279917
406,1.072812,1.0772605,1.0548323,0.975283636,0.979327727,0.890297934
407,1.0727965,1.0772508,1.0426595,0.975269545,0.979318909,0.890289917
408,1.072793,1.0772288,1.0669585,0.975266364,0.979298909,0.890271735
409,1.07291,1.0773697,1.0656699,0.975372727,0.979427,0.890388182
410,1.0729449,1.0774386,1.0656745,0.975404455,0.979489636,0.890445124
411,1.0728635,1.0773662,1.0665383,0.975330455,0.979423818,0.890385289
412,1.0727617,1.0772254,1.0629419,0.975237909,0.979295818,0.890268925
413,1.0726027,1.0770916,1.0556192,0.975093364,0.979174182,0.890158347
414,1.0724785,1.0769926,1.0669644,0.974980455,0.979084182,0.890076529
415,1.072441,1.0769438,1.0645865,0.974946364,0.979039818,0.890036198
416,1.0726017,1.0771328,1.0439526,0.975092455,0.979211636,0.890192396
417,1.0727917,1.0773152,1.0560402,0.975265182,0.979377455,0.890343141
418,1.0729266,1.0774344,1.0669073,0.975387818,0.979485818,0.890441653
419,1.0730158,1.0774941,1.0662833,0.975468909,0.979540091,0.890490992
420,1.0730367,1.0775131,1.0667531,0.975487909,0.979557364,0.890506695
421,1.0730126,1.0774316,1.0661353,0.975466,0.979483273,0.890439339
422,1.0729802,1.0774074,1.063808,0.975436545,0.979461273,0.890419339
423,1.0727934,1.0771635,1.0638028,0.975266727,0.979239545,0.890217768
424,1.0725113,1.0769451,1.0649281,0.975010273,0.979041,0.890037273
425,1.0722644,1.076761,1.0635319,0.974785818,0.978873636,0.889885124
426,1.072119,1.0765847,1.0646418,0.974653636,0.978713364,0.889739422
427,1.0719939,1.076472,1.0513592,0.974539909,0.978610909,0.889646281
428,1.0719556,1.0764322,1.0622097,0.974505091,0.978574727,0.889613388
429,1.0719351,1.0763853,1.0548745,0.974486455,0.978532091,0.889574628
430,1.0719007,1.0763484,1.056126,0.974455182,0.978498545,0.889544132
431,1.0718796,1.0763351,1.0548553,0.974436,0.978486455,0.889533141
432,1.0718626,1.0763147,1.0401301,0.974420545,0.978467909,0.889516281
433,1.0718318,1.0763103,1.0560426,0.974392545,0.978463909,0.889512645
434,1.0718457,1.0762957,1.0644474,0.974405182,0.978450636,0.889500578
435,1.0718414,1.0763397,1.0630739,0.974401273,0.978490636,0.889536942
436,1.0719668,1.0764672,1.0643857,0.974515273,0.978606545,0.889642314
437,1.0719213,1.0764256,1.0652679,0.974473909,0.978568727,0.889607934
438,1.0717525,1.0762469,1.0605631,0.974320455,0.978406273,0.889460248
439,1.0716239,1.0761455,1.061882,0.974203545,0.978314091,0.889376446
440,1.0715833,1.0760616,1.0604329,0.974166636,0.978237818,0.889307107
441,1.0715199,1.0760143,1.0625196,0.974109,0.978194818,0.889268016
442,1.0716007,1.0761213,1.0639434,0.974182455,0.978292091,0.889356446
443,1.0717331,1.076252,1.0656309,0.974302818,0.978410909,0.889464463
444,1.0718055,1.0763233,1.0659555,0.974368636,0.978475727,0.889523388
445,1.0715779,1.0763732,1.0643766,0.974161727,0.978521091,0.889564628
446,1.071839,1.0761567,1.0592486,0.974399091,0.978324273,0.889385703
447,1.0718482,1.0763611,1.064343,0.974407455,0.978510091,0.889554628
448,1.0718659,1.0763779,1.0652808,0.974423545,0.978525364,0.889568513
449,1.0718762,1.0763863,1.0652997,0.974432909,0.978533,0.889575455
450,1.0716312,1.0761533,1.0651654,0.974210182,0.978321182,0.889382893
451,1.0714047,1.0759333,1.0648382,0.974004273,0.978121182,0.889201075
452,1.0712407,1.0757965,1.0647463,0.973855182,0.977996818,0.889088016
453,1.0707967,1.0756837,1.0647039,0.973451545,0.977894273,0.888994794
454,1.0710164,1.075597,1.063228,0.973651273,0.977815455,0.888923141
455,1.0710196,1.0755435,1.0547636,0.973654182,0.977766818,0.888878925
456,1.0709519,1.0755167,1.0632907,0.973592636,0.977742455,0.888856777
457,1.0707879,1.0754862,1.0640476,0.973443545,0.977714727,0.88883157
458,1.0708137,1.0754229,1.060768,0.973467,0.977657182,0.888779256
459,1.070776,1.0753751,1.0610192,0.973432727,0.977613727,0.888739752
460,1.0707228,1.0753145,1.0645175,0.973384364,0.977558636,0.888689669
461,1.070732,1.0752944,1.0599377,0.973392727,0.977540364,0.888673058
462,1.070677,1.0752643,1.0632949,0.973342727,0.977513,0.888648182
463,1.0706482,1.0752257,1.062016,0.973316545,0.977477909,0.888616281
464,1.0706171,1.075182,1.060432,0.973288273,0.977438182,0.888580165
465,1.0705854,1.0751038,1.0632564,0.973259455,0.977367091,0.888515537
466,1.070506,1.0750637,1.0594114,0.973187273,0.977330636,0.888482396
467,1.0704845,1.0749959,1.0634983,0.973167727,0.977269,0.888426364
468,1.0704633,1.0750818,1.0601008,0.973148455,0.977347091,0.888497355
469,1.0707554,1.0753161,1.0578228,0.973414,0.977560091,0.888690992
470,1.0709906,1.0755494,1.0611887,0.973627818,0.977772182,0.888883802
471,1.0711758,1.0757025,1.0416328,0.973796182,0.977911364,0.889010331
472,1.07128,1.07585,1.0612651,0.973890909,0.978045455,0.889132232
473,1.0713611,1.0759128,1.0647072,0.973964636,0.978102545,0.889184132
474,1.0714231,1.0759536,1.0646758,0.974021,0.978139636,0.889217851
475,1.0711192,1.075955,1.0641997,0.973744727,0.978140909,0.889219008
476,1.0712171,1.0757469,1.0642273,0.973833727,0.977951727,0.889047025
477,1.0708756,1.0753821,1.0633408,0.973523273,0.977620091,0.888745537
478,1.0706192,1.0751169,1.0639844,0.973290182,0.977379,0.888526364
479,1.0698606,1.0748576,1.0566306,0.972600545,0.977143273,0.888312066
480,1.0701998,1.0747756,1.0506681,0.972908909,0.977068727,0.888244297
481,1.0701228,1.0747006,1.058108,0.972838909,0.977000545,0.888182314
482,1.0699884,1.0743852,1.057606,0.972716727,0.976713818,0.887921653
483,1.0683315,1.0737654,1.056636,0.971210455,0.976150364,0.887409422
484,1.0676824,1.0724604,1.0612692,0.970620364,0.974964,0.886330909
485,1.0658338,1.0706861,1.051676,0.968939818,0.973351,0.884864545
486,1.0693549,1.0744799,1.0553005,0.972140818,0.976799909,0.887999917
487,1.0673257,1.0720251,1.0627018,0.970296091,0.974568273,0.885971157
488,1.0684655,1.0729429,1.0610656,0.971332273,0.975402636,0.886729669
489,1.0684922,1.0731013,1.0611809,0.971356545,0.975546636,0.886860578
490,1.0686233,1.0731936,1.0624331,0.971475727,0.975630545,0.886936859
491,1.0687215,1.0732886,1.0624239,0.971565,0.975716909,0.887015372
492,1.0687613,1.0732744,1.0626174,0.971601182,0.975704,0.887003636
493,1.0686775,1.0731803,1.06243,0.971525,0.975618455,0.886925868
494,1.0684254,1.0730234,1.0621339,0.971295818,0.975475818,0.886796198
495,1.0684909,1.0730793,1.0594182,0.971355364,0.975526636,0.886842396
496,1.0685868,1.0731853,1.0596466,0.971442545,0.975623,0.88693
497,1.0686284,1.0732666,1.0624814,0.971480364,0.975696909,0.88699719
498,1.0687661,1.0733747,1.0626481,0.971605545,0.975795182,0.887086529
499,1.0687946,1.0733953,1.061404,0.971631455,0.975813909,0.887103554
500,1.0688471,1.0734295,1.0621486,0.971679182,0.975845,0.887131818
501,1.0688672,1.0734336,1.0609982,0.971697455,0.975848727,0.887135206
502,1.0689055,1.0734513,1.0577871,0.971732273,0.975864818,0.887149835
503,1.0686378,1.0731754,1.0604461,0.971488909,0.975614,0.886921818
504,1.0683414,1.0729102,1.0615808,0.971219455,0.975372909,0.886702645
505,1.0681521,1.0727164,1.0617605,0.971047364,0.975196727,0.886542479
506,1.0680853,1.0726835,1.0619984,0.970986636,0.975166818,0.886515289
507,1.0680461,1.0726323,1.0580443,0.970951,0.975120273,0.886472975
508,1.0680203,1.0725625,1.0528724,0.970927545,0.975056818,0.886415289
509,1.0679197,1.07251,1.0519124,0.970836091,0.975009091,0.886371901
510,1.0678998,1.072457,1.0547196,0.970818,0.974960909,0.886328099
511,1.0678747,1.0724584,1.0373893,0.970795182,0.974962182,0.886329256
512,1.0678192,1.0724345,1.0544937,0.970744727,0.974940455,0.886309505
513,1.0677906,1.0724052,1.061681,0.970718727,0.974913818,0.886285289
514,1.0677688,1.0724219,1.0611736,0.970698909,0.974929,0.886299091
515,1.067811,1.0723759,1.0567899,0.970737273,0.974887182,0.886261075
516,1.0678419,1.0724057,1.0585667,0.970765364,0.974914273,0.886285703
517,1.0677091,1.0722766,1.0588225,0.970644636,0.974796909,0.886179008
518,1.0676469,1.0724707,1.0564709,0.970588091,0.974973364,0.886339422
519,1.0671839,1.0723923,1.0601411,0.970167182,0.974902091,0.886274628
520,1.0677003,1.0723287,1.0603518,0.970636636,0.974844273,0.886222066
521,1.0675428,1.0721771,1.0433397,0.970493455,0.974706455,0.886096777
522,1.0675491,1.072204,1.0541842,0.970499182,0.974730909,0.886119008
523,1.0676204,1.0723003,1.0612289,0.970564,0.974818455,0.886198595
524,1.0677177,1.072383,1.0553482,0.970652455,0.974893636,0.886266942
525,1.067748,1.0723447,1.0458349,0.97068,0.974858818,0.886235289
526,1.067688,1.0723597,1.0319518,0.970625455,0.974872455,0.886247686
527,1.0676575,1.072261,1.0377041,0.970597727,0.974782727,0.886166115
528,1.0676229,1.0722421,1.0606207,0.970566273,0.974765545,0.886150495
529,1.0675179,1.0720388,1.0561804,0.970470818,0.974580727,0.885982479
530,1.0671695,1.0718426,1.0606323,0.970154091,0.974402364,0.885820331
531,1.0671716,1.0719041,1.0449976,0.970156,0.974458273,0.885871157
532,1.0671701,1.0719225,1.0544198,0.970154636,0.974475,0.885886364
533,1.0671188,1.0718274,1.0489055,0.970108,0.974388545,0.885807768
534,1.0671117,1.071757,1.0554415,0.970101545,0.974324545,0.885749586
535,1.0670216,1.0717024,1.0516956,0.970019636,0.974274909,0.885704463
536,1.0670159,1.071584,1.0551944,0.970014455,0.974167273,0.885606612
537,1.0668935,1.0714897,1.0581467,0.969903182,0.974081545,0.885528677
538,1.0667844,1.0714589,1.0576135,0.969804,0.974053545,0.885503223
539,1.0667917,1.071403,1.0603172,0.969810636,0.974002727,0.885457025
540,1.0666076,1.0713975,1.0592101,0.969643273,0.973997727,0.885452479
541,1.0667107,1.0713767,1.0591291,0.969737,0.973978818,0.885435289
542,1.0667455,1.0714346,1.0565674,0.969768636,0.974031455,0.885483141
543,1.0667524,1.071378,1.0491639,0.969774909,0.97398,0.885436364
544,1.0666127,1.0712943,1.0541241,0.969647909,0.973903909,0.88536719
545,1.0666409,1.0713217,1.0576699,0.969673545,0.973928818,0.885389835
546,1.0666418,1.0713093,1.0490658,0.969674364,0.973917545,0.885379586
547,1.0665967,1.0711744,1.0382563,0.969633364,0.973794909,0.885268099
548,1.0664319,1.0711426,1.0370495,0.969483545,0.973766,0.885241818
549,1.0666416,1.0713352,1.0454539,0.969674182,0.973941091,0.885400992
550,1.0668385,1.071498,1.0544457,0.969853182,0.974089091,0.885535537
551,1.0669435,1.0715642,1.0583414,0.969948636,0.974149273,0.885590248
552,1.0669556,1.0715699,1.0599172,0.969959636,0.974154455,0.885594959
553,1.0669525,1.0716435,1.0553007,0.969956818,0.974221364,0.885655785
554,1.0669626,1.0715597,1.060292,0.969966,0.974145182,0.885586529
555,1.066976,1.0715399,1.0600207,0.969978182,0.974127182,0.885570165
556,1.0666664,1.0712247,1.0598836,0.969696727,0.973840636,0.885309669
557,1.0662968,1.0708642,1.0597323,0.969360727,0.973512909,0.885011735
558,1.0662825,1.0709269,1.0585767,0.969347727,0.973569909,0.885063554
559,1.0661194,1.0707638,1.054891,0.969199455,0.973421636,0.88492876
560,1.0661035,1.0706429,1.0422643,0.969185,0.973311727,0.884828843
561,1.0659684,1.0706286,1.0476429,0.969062182,0.973298727,0.884817025
562,1.065949,1.0705709,1.0499765,0.969044545,0.973246273,0.884769339
563,1.0659037,1.0705581,1.0471743,0.969003364,0.973234636,0.88475876
564,1.0654906,1.0705023,1.0568609,0.968627818,0.973183909,0.884712645
565,1.0657517,1.0704792,1.0550711,0.968865182,0.973162909,0.884693554
566,1.0657641,1.0704843,1.0592734,0.968876455,0.973167545,0.884697768
567,1.065729,1.070406,1.0589548,0.968844545,0.973096364,0.884633058
568,1.0656277,1.070323,1.0594428,0.968752455,0.973020909,0.884564463
569,1.0657018,1.0703973,1.0578744,0.968819818,0.973088455,0.884625868
570,1.0656483,1.070086,1.0580186,0.968771182,0.972805455,0.884368595
571,1.065672,1.0703669,1.0594493,0.968792727,0.973060818,0.884600744
572,1.0656781,1.0704504,1.0590842,0.968798273,0.973136727,0.884669752
573,1.0656967,1.0703973,1.0570328,0.968815182,0.973088455,0.884625868
574,1.0655175,1.0701541,1.0591824,0.968652273,0.972867364,0.884424876
575,1.0655419,1.070233,1.0587294,0.968674455,0.972939091,0.884490083
576,1.0656681,1.0703627,1.0488758,0.968789182,0.973057,0.884597273
577,1.0654966,1.0704665,1.0270613,0.968633273,0.973151364,0.884683058
578,1.0658002,1.0705111,1.046486,0.968909273,0.973191909,0.884719917
579,1.0658005,1.0704612,1.057959,0.968909545,0.973146545,0.884678677
580,1.0657413,1.0704308,1.0580696,0.968855727,0.973118909,0.884653554
581,1.0656878,1.0703552,1.0549595,0.968807091,0.973050182,0.884591075
582,1.0656315,1.0701876,1.0477417,0.968755909,0.972897818,0.884452562
583,1.0652661,1.0699601,1.0500448,0.968423727,0.972691,0.884264545
584,1.0653294,1.0698546,1.0588595,0.968481273,0.972595091,0.884177355
585,1.0652108,1.069801,1.0585012,0.968373455,0.972546364,0.884133058
586,1.0651203,1.0697334,1.0586959,0.968291182,0.972484909,0.88407719
587,1.0650508,1.0697941,1.0579836,0.968228,0.972540091,0.884127355
588,1.0651052,1.0698615,1.0585301,0.968277455,0.972601364,0.884183058
589,1.0651027,1.0697883,1.0523983,0.968275182,0.972534818,0.884122562
590,1.0650758,1.0697805,1.0459152,0.968250727,0.972527727,0.884116115
591,1.0650041,1.0696943,1.0561335,0.968185545,0.972449364,0.884044876
592,1.0649749,1.0696253,1.0572683,0.968159,0.972386636,0.883987851
593,1.0643476,1.0695798,1.0476447,0.967588727,0.972345273,0.883950248
594,1.0647618,1.0694555,1.0562239,0.967965273,0.972232273,0.883847521
595,1.0640988,1.0693538,1.0566366,0.967362545,0.972139818,0.883763471
596,1.0642334,1.0693954,1.0432659,0.967484909,0.972177636,0.883797851
597,1.0646572,1.069397,1.0468899,0.967870182,0.972179091,0.883799174
598,1.0639622,1.0694356,1.0565873,0.967238364,0.972214182,0.883831075
599,1.0645441,1.0694398,1.054775,0.967767364,0.972218,0.883834545
600,1.0645494,1.0693264,1.0551888,0.967772182,0.972114909,0.883740826
601,1.0643867,1.0691285,1.0575479,0.967624273,0.971935,0.883577273
602,1.0643773,1.0690891,1.0491458,0.967615727,0.971899182,0.883544711
603,1.0643572,1.0691055,1.0529571,0.967597455,0.971914091,0.883558265
604,1.0644194,1.0691286,1.0538129,0.967654,0.971935091,0.883577355
605,1.0643845,1.0689524,1.0576051,0.967622273,0.971774909,0.883431735
606,1.0643368,1.068989,1.0575962,0.967578909,0.971808182,0.883461984
607,1.0642618,1.0689688,1.0533774,0.967510727,0.971789818,0.883445289
608,1.0642712,1.0690054,1.0461477,0.967519273,0.971823091,0.883475537
609,1.0643252,1.0689344,1.0291052,0.967568364,0.971758545,0.883416859
610,1.064249,1.0689765,1.010802,0.967499091,0.971796818,0.883451653
611,1.0641937,1.0687183,1.0330288,0.967448818,0.971562091,0.883238265
612,1.0641612,1.068964,1.0574216,0.967419273,0.971785455,0.883441323
613,1.0640829,1.0688953,1.0558203,0.967348091,0.971723,0.883384545
614,1.0640795,1.068877,1.0555702,0.967345,0.971706364,0.883369422
615,1.0640098,1.0687939,1.0560541,0.967281636,0.971630818,0.883300744
616,1.062997,1.068552,1.0573353,0.966360909,0.971410909,0.883100826
617,1.063154,1.0686022,1.0533875,0.966503636,0.971456545,0.883142314
618,1.0626298,1.0685735,1.0560164,0.966027091,0.971430455,0.883118595
619,1.063615,1.0685315,1.0494928,0.966922727,0.971392273,0.883083885
620,1.0636686,1.0685097,1.0555507,0.966971455,0.971372455,0.883065868
621,1.0636194,1.0684137,1.0530341,0.966926727,0.971285182,0.882986529
622,1.0636232,1.0684493,1.0410509,0.966930182,0.971317545,0.88301595
623,1.0635386,1.0684179,1.0493277,0.966853273,0.971289,0.88299
624,1.063617,1.0684311,1.0556364,0.966924545,0.971301,0.883000909
625,1.0636234,1.0684743,1.0569577,0.966930364,0.971340273,0.883036612
626,1.0635642,1.0684242,1.0567719,0.966876545,0.971294727,0.882995206
627,1.0635012,1.0682316,1.0566562,0.966819273,0.971119636,0.882836033
628,1.0633682,1.0681285,1.0565324,0.966698364,0.971025909,0.882750826
629,1.0633615,1.0682679,1.0564497,0.966692273,0.971152636,0.882866033
630,1.0634691,1.0682939,1.0567361,0.966790091,0.971176273,0.882887521
631,1.0634447,1.0682821,1.0568913,0.966767909,0.971165545,0.882877768
632,1.0634449,1.0682101,1.0549433,0.966768091,0.971100091,0.882818265
633,1.0628321,1.0681164,1.0554826,0.966211,0.971014909,0.882740826
634,1.0622646,1.0680146,1.0559826,0.965695091,0.970922364,0.882656695
635,1.063068,1.068036,1.0543705,0.966425455,0.970941818,0.88267438
636,1.0631609,1.068105,1.0554795,0.966509909,0.971004545,0.882731405
637,1.0622852,1.0681242,1.0296202,0.965713818,0.971022,0.882747273
638,1.0631012,1.068091,1.0230192,0.966455636,0.970991818,0.882719835
639,1.0630679,1.0680338,1.0538239,0.966425364,0.970939818,0.882672562
640,1.0630156,1.0679661,1.0512593,0.966377818,0.970878273,0.882616612
641,1.062974,1.0680236,1.0535718,0.96634,0.970930545,0.882664132
642,1.0626874,1.067912,1.0440689,0.966079455,0.970829091,0.882571901
643,1.0628955,1.0678359,1.0477357,0.966268636,0.970759909,0.882509008
644,1.062911,1.0678195,1.0509996,0.966282727,0.970745,0.882495455
645,1.0622579,1.0677626,1.0555147,0.965689,0.970693273,0.88244843
646,1.0627024,1.0677056,1.0550985,0.966093091,0.970641455,0.882401323
647,1.0627359,1.0676557,1.0508888,0.966123545,0.970596091,0.882360083
648,1.0626379,1.0675608,1.0402925,0.966034455,0.970509818,0.882281653
649,1.0625808,1.0676128,1.0331092,0.965982545,0.970557091,0.882324628
650,1.062655,1.0677456,1.0522259,0.96605,0.970677818,0.88243438
651,1.0627465,1.0677168,1.0168382,0.966133182,0.970651636,0.882410578
652,1.0625139,1.0675999,1.0457997,0.965921727,0.970545364,0.882313967
653,1.0625679,1.0675087,1.0534018,0.965970818,0.970462455,0.882238595
654,1.0622888,1.0672724,1.0440476,0.965717091,0.970247636,0.882043305
655,1.0622468,1.0672544,1.0382687,0.965678909,0.970231273,0.88202843
656,1.061606,1.0672741,1.0342624,0.965096364,0.970249182,0.882044711
657,1.0620822,1.0673089,1.0482241,0.965529273,0.970280818,0.882073471
658,1.0620933,1.0672337,1.0554252,0.965539364,0.970212455,0.882011323
659,1.0621996,1.0671724,1.0468471,0.965636,0.970156727,0.881960661
660,1.0621279,1.0670987,1.0531596,0.965570818,0.970089727,0.881899752
661,1.0620153,1.0670784,1.0492793,0.965468455,0.970071273,0.881882975
662,1.062043,1.067193,1.0354383,0.965493636,0.970175455,0.881977686
663,1.0621222,1.0671582,1.0341693,0.965565636,0.970143818,0.881948925
664,1.06215,1.0671341,1.0408134,0.965590909,0.970121909,0.881929008
665,1.0620853,1.0671585,1.0517044,0.965532091,0.970144091,0.881949174
666,1.0620228,1.0671363,1.0467603,0.965475273,0.970123909,0.881930826
667,1.0620464,1.0670618,1.0540043,0.965496727,0.970056182,0.881869256
668,1.0614345,1.0670184,1.0550795,0.964940455,0.970016727,0.881833388
669,1.0619992,1.0669625,1.0539341,0.965453818,0.969965909,0.88178719
670,1.0617864,1.0668824,1.052424,0.965260364,0.969893091,0.881720992
671,1.0618092,1.0668236,1.0512321,0.965281091,0.969839636,0.881672396
672,1.0617851,1.0668652,1.0449505,0.965259182,0.969877455,0.881706777
673,1.0617462,1.0667605,1.0239289,0.965223818,0.969782273,0.881620248
674,1.0617322,1.0668148,1.0500863,0.965211091,0.969831636,0.881665124
675,1.0616994,1.0667518,1.0543066,0.965181273,0.969774364,0.881613058
676,1.0617119,1.0667084,1.0507541,0.965192636,0.969734909,0.88157719
677,1.061649,1.0666445,1.0456049,0.965135455,0.969676818,0.88152438
678,1.0616878,1.0666348,1.0511117,0.965170727,0.969668,0.881516364
679,1.061651,1.0667435,1.0536783,0.965137273,0.969766818,0.881606198
680,1.0615275,1.0664459,1.0526545,0.965025,0.969496273,0.881360248
681,1.061286,1.0662735,1.0488334,0.964805455,0.969339545,0.881217768
682,1.0611457,1.0662553,1.0500343,0.964677909,0.969323,0.881202727
683,1.0608976,1.0662941,1.0508434,0.964452364,0.969358273,0.881234794
684,1.0612249,1.0663046,1.0516891,0.964749909,0.969367818,0.881243471
685,1.0612642,1.0663493,1.0483967,0.964785636,0.969408455,0.881280414
686,1.0613167,1.0663233,1.0464915,0.964833364,0.969384818,0.881258925
687,1.0612727,1.0663265,1.0422208,0.964793364,0.969387727,0.88126157
688,1.0612595,1.0662115,1.0544376,0.964781364,0.969283182,0.881166529
689,1.0611103,1.0662568,1.0541025,0.964645727,0.969324364,0.881203967
690,1.0610359,1.0662302,1.0506324,0.964578091,0.969300182,0.881181984
691,1.0611607,1.0662615,1.0467551,0.964691545,0.969328636,0.881207851
692,1.0610768,1.0662458,1.0401802,0.964615273,0.969314364,0.881194876
693,1.0610906,1.0661771,1.0512079,0.964627818,0.969251909,0.881138099
694,1.0607498,1.0659717,1.048334,0.964318,0.969065182,0.880968347
695,1.0608006,1.0660142,1.052479,0.964364182,0.969103818,0.881003471
696,1.0609204,1.0661479,1.0541601,0.964473091,0.969225364,0.881113967
697,1.0610584,1.0662749,1.0535887,0.964598545,0.969340818,0.881218925
698,1.0611581,1.0663111,1.0514075,0.964689182,0.969373727,0.881248843
699,1.0611919,1.0663347,1.0526569,0.964719909,0.969395182,0.881268347
700,1.0612049,1.0663431,1.0281619,0.964731727,0.969402818,0.881275289
701,1.0612075,1.0663362,1.0542315,0.964734091,0.969396545,0.881269586
702,1.0610589,1.0663254,1.0540398,0.964599,0.969386727,0.881260661
703,1.0611665,1.0662509,1.0528573,0.964696818,0.969319,0.881199091
704,1.0611105,1.0662078,1.0216026,0.964645909,0.969279818,0.881163471
705,1.0609108,1.0660504,1.0268763,0.964464364,0.969136727,0.881033388
706,1.0609572,1.0660101,1.0460932,0.964506545,0.969100091,0.881000083
707,1.0606366,1.0660484,1.0488297,0.964215091,0.969134909,0.881031735
708,1.0605878,1.0662963,1.0314293,0.964170727,0.969360273,0.881236612
709,1.0611516,1.0664059,1.0266535,0.964683273,0.969459909,0.88132719
710,1.0612876,1.066702,1.036703,0.964806909,0.969729091,0.881571901
711,1.0614338,1.0668932,1.0502267,0.964939818,0.969902909,0.881729917
712,1.0609235,1.0667989,1.0535201,0.964475909,0.969817182,0.881651984
713,1.0611922,1.0666331,1.0544344,0.964720182,0.969666455,0.881514959
714,1.0607669,1.0670223,1.0520428,0.964333545,0.970020273,0.881836612
715,1.0614119,1.0666652,1.0492407,0.964919909,0.969695636,0.881541487
716,1.0612907,1.0664725,1.0525217,0.964809727,0.969520455,0.881382232
717,1.06069,1.066017,1.0447495,0.964263636,0.969106364,0.881005785
718,1.0600556,1.0658286,1.0468082,0.963686909,0.968935091,0.880850083
719,1.0603125,1.0655659,1.0487033,0.963920455,0.968696273,0.880632975
720,1.0599395,1.0654136,1.0531344,0.963581364,0.968557818,0.880507107
721,1.0601275,1.0653105,1.0521197,0.963752273,0.968464091,0.880421901
722,1.0590494,1.0652041,1.0528525,0.962772182,0.968367364,0.880333967
723,1.0598896,1.0651397,1.0502402,0.963536,0.968308818,0.880280744
724,1.0599023,1.0650959,1.0390798,0.963547545,0.968269,0.880244545
725,1.0598507,1.0650591,1.043781,0.963500636,0.968235545,0.880214132
726,1.0598731,1.0650096,1.0497973,0.963521,0.968190545,0.880173223
727,1.0598394,1.0649334,1.0524502,0.963490364,0.968121273,0.880110248
728,1.0597771,1.0649257,1.0522059,0.963433727,0.968114273,0.880103885
729,1.0597558,1.0649015,1.0516083,0.963414364,0.968092273,0.880083885
730,1.0596892,1.064876,1.047296,0.963353818,0.968069091,0.88006281
731,1.0597079,1.0648963,1.048299,0.963370818,0.968087545,0.880079586
732,1.0597332,1.0648738,1.05011,0.963393818,0.968067091,0.880060992
733,1.0597006,1.0648167,1.0508047,0.963364182,0.968015182,0.880013802
734,1.0593653,1.0649709,1.0417973,0.963059364,0.968155364,0.88014124
735,1.0597396,1.0651149,1.0494848,0.963399636,0.968286273,0.880260248
736,1.0589978,1.0652835,1.0511718,0.962725273,0.968439545,0.880399586
737,1.0596651,1.0653867,1.0464046,0.963331909,0.968533364,0.880484876
738,1.059518,1.0654212,1.0440246,0.963198182,0.968564727,0.880513388
739,1.059467,1.0651838,1.0411466,0.963151818,0.968348909,0.88031719
740,1.0599482,1.065359,1.0482421,0.963589273,0.968508182,0.880461984
741,1.0601047,1.065287,1.0451931,0.963731545,0.968442727,0.880402479
742,1.059827,1.0650028,1.0419753,0.963479091,0.968184364,0.880167604
743,1.0599027,1.0646956,1.0461867,0.963547909,0.967905091,0.879913719
744,1.0592531,1.0642575,1.0419799,0.962957364,0.967506818,0.879551653
745,1.059309,1.0642923,1.0330361,0.963008182,0.967538455,0.879580414
746,1.0591596,1.0636692,1.0488918,0.962872364,0.966972,0.879065455
747,1.0589339,1.064075,1.0213207,0.962667182,0.967340909,0.879400826
748,1.0589665,1.0640275,1.0297344,0.962696818,0.967297727,0.87936157
749,1.0589323,1.0639846,1.0417689,0.962665727,0.967258727,0.879326115
750,1.0588608,1.0639319,1.0484946,0.962600727,0.967210818,0.879282562
751,1.0588175,1.0639431,1.0463246,0.962561364,0.967221,0.879291818
752,1.0585463,1.0638361,1.0397757,0.962314818,0.967123727,0.879203388
753,1.0586663,1.0638816,1.0311786,0.962423909,0.967165091,0.879240992
754,1.0586612,1.0638013,1.0507765,0.962419273,0.967092091,0.879174628
755,1.0584894,1.0637355,1.0483649,0.962263091,0.967032273,0.879120248
756,1.0583377,1.0635099,1.0188866,0.962125182,0.966827182,0.878933802
757,1.0584539,1.0636015,1.0228972,0.962230818,0.966910455,0.879009505
758,1.0584109,1.0636033,1.0449833,0.962191727,0.966912091,0.879010992
759,1.0582521,1.0635068,1.0506729,0.962047364,0.966824364,0.87893124
760,1.0583783,1.063297,1.0458556,0.962162091,0.966633636,0.878757851
761,1.0580328,1.0636553,1.0445747,0.961848,0.966959364,0.879053967
762,1.0584159,1.063923,1.0455662,0.962196273,0.967202727,0.879275206
763,1.0585494,1.0640343,1.0490073,0.962317636,0.967303909,0.87936719
764,1.058569,1.0641185,1.0385914,0.962335455,0.967380455,0.879436777
765,1.0587686,1.0639621,1.0413193,0.962516909,0.967238273,0.879307521
766,1.0584592,1.0640999,1.0266445,0.962235636,0.967363545,0.879421405
767,1.058316,1.0640761,1.0413045,0.962105455,0.967341909,0.879401735
768,1.0588419,1.0635133,1.0448481,0.962583545,0.966830273,0.878936612
769,1.0588038,1.0636495,1.0083524,0.962548909,0.966954091,0.879049174
770,1.0583028,1.0634633,1.0387102,0.962093455,0.966784818,0.878895289
771,1.058234,1.0627543,1.0444818,0.962030909,0.966140273,0.878309339
772,1.0578934,1.0631253,1.045437,0.961721273,0.966477545,0.87861595
773,1.0578251,1.0630887,1.0494971,0.961659182,0.966444273,0.878585703
774,1.0578938,1.0630364,1.0357653,0.961721636,0.966396727,0.878542479
775,1.0578301,1.0629495,1.0399913,0.961663727,0.966317727,0.878470661
776,1.0577886,1.0629611,1.0456713,0.961626,0.966328273,0.878480248
777,1.0577748,1.0628085,1.0503968,0.961613455,0.966189545,0.878354132
778,1.0576282,1.0628554,1.0502243,0.961480182,0.966232182,0.878392893
779,1.0577223,1.0628303,1.041375,0.961565727,0.966209364,0.878372149
780,1.0570208,1.0626844,1.046459,0.960928,0.966076727,0.87825157
781,1.0575558,1.0625539,1.0481468,0.961414364,0.965958091,0.878143719
782,1.0572457,1.0619949,1.0373372,0.961132455,0.965449909,0.877681735
783,1.0567656,1.0620188,1.0364876,0.960696,0.965471636,0.877701487
784,1.0573571,1.0623904,1.0493351,0.961233727,0.965809455,0.878008595
785,1.0564196,1.0623009,1.0497355,0.960381455,0.965728091,0.877934628
786,1.0571316,1.0623755,1.0395273,0.961028727,0.965795909,0.877996281
787,1.0556742,1.0624298,1.0406383,0.959703818,0.965845273,0.878041157
788,1.0555897,1.062296,1.0497754,0.959627,0.965723636,0.877930578
789,1.0570962,1.0626458,1.0434487,0.960996545,0.966041636,0.878219669
790,1.0567009,1.06275,1.0462769,0.960637182,0.966136364,0.878305785
791,1.0574366,1.0628066,1.0487804,0.961306,0.966187818,0.878352562
792,1.0574012,1.0629069,1.0395763,0.961273818,0.966279,0.878435455
793,1.05766,1.0629183,1.030682,0.961509091,0.966289364,0.878444876
794,1.057596,1.0628572,1.0187241,0.961450909,0.966233818,0.87839438
795,1.0576138,1.0626841,1.0372057,0.961467091,0.966076455,0.878251323
796,1.0574433,1.062404,1.0447724,0.961312091,0.965821818,0.878019835
797,1.0572935,1.0620314,1.0487778,0.961175909,0.965483091,0.877711901
798,1.0567707,1.0619655,1.0471404,0.960700636,0.965423182,0.877657438
799,1.0567744,1.0618213,1.0475039,0.960704,0.965292091,0.877538265
800,1.0559119,1.0618014,1.0489835,0.959919909,0.965274,0.877521818
801,1.0563959,1.0617303,1.0486422,0.960359909,0.965209364,0.877463058
802,1.0561973,1.0616856,1.045436,0.960179364,0.965168727,0.877426115
803,1.0563992,1.0616332,1.0426677,0.960362909,0.965121091,0.87738281
804,1.0564234,1.0615748,1.0458816,0.960384909,0.965068,0.877334545
805,1.0563426,1.0615315,1.0477059,0.960311455,0.965028636,0.87729876
806,1.0562061,1.0614998,1.0429559,0.960187364,0.964999818,0.877272562
807,1.0560441,1.0614311,1.0347645,0.960040091,0.964937364,0.877215785
808,1.0562102,1.0614311,1.0433052,0.960191091,0.964937364,0.877215785
809,1.0560403,1.0613332,1.0423573,0.960036636,0.964848364,0.877134876
810,1.0559556,1.0613459,1.0335115,0.959959636,0.964859909,0.877145372
811,1.0560746,1.0612429,1.0475713,0.960067818,0.964766273,0.877060248
812,1.0554202,1.0612204,1.0447927,0.959472909,0.964745818,0.877041653
813,1.0559099,1.0611457,1.0456301,0.959918091,0.964677909,0.876979917
814,1.0558702,1.0612872,1.0461612,0.959882,0.964806545,0.877096859
815,1.0558451,1.0614434,1.0428686,0.959859182,0.964948545,0.87722595
816,1.0558696,1.0615479,1.0454813,0.959881455,0.965043545,0.877312314
817,1.0556734,1.0609514,1.0451788,0.959703091,0.964501273,0.876819339
818,1.0560325,1.0615277,1.0478085,0.960029545,0.965025182,0.87729562
819,1.0562433,1.0614257,1.0288956,0.960221182,0.964932455,0.877211323
820,1.056231,1.0613143,1.0367709,0.96021,0.964831182,0.877119256
821,1.0560735,1.0609518,1.0471448,0.960066818,0.964501636,0.876819669
822,1.0560207,1.060938,1.0481814,0.960018818,0.964489091,0.876808265
823,1.0558449,1.0607998,1.0348196,0.959859,0.964363455,0.87669405
824,1.0557081,1.0606593,1.0429114,0.959734636,0.964235727,0.876577934
825,1.055433,1.0606352,1.0450939,0.959484545,0.964213818,0.876558016
826,1.0554985,1.0605929,1.0442761,0.959544091,0.964175364,0.876523058
827,1.0551714,1.0605938,1.0383412,0.959246727,0.964176182,0.876523802
828,1.0553768,1.0605249,1.0440003,0.959433455,0.964113545,0.876466859
829,1.0551858,1.0604925,1.044595,0.959259818,0.964084091,0.876440083
830,1.0549672,1.0604221,1.0198556,0.959061091,0.964020091,0.876381901
831,1.055232,1.0603994,1.0134537,0.959301818,0.963999455,0.876363141
832,1.0551808,1.060347,1.0466653,0.959255273,0.963951818,0.876319835
833,1.0551609,1.0602983,1.0446702,0.959237182,0.963907545,0.876279586
834,1.055109,1.0602287,1.0471945,0.95919,0.963844273,0.876222066
835,1.055006,1.060349,1.0436742,0.959096364,0.963953636,0.876321487
836,1.0549853,1.0602677,1.0432563,0.959077545,0.963879727,0.876254297
837,1.0550035,1.0601395,1.0455651,0.959094091,0.963763182,0.876148347
838,1.0549945,1.0600444,1.0461838,0.959085909,0.963676727,0.876069752
839,1.0549045,1.0598991,1.0466902,0.959004091,0.963544636,0.875949669
840,1.0548638,1.0600443,1.044336,0.958967091,0.963676636,0.876069669
841,1.0547934,1.0603197,1.0425305,0.958903091,0.963927,0.876297273
842,1.0547316,1.0604105,1.0470839,0.958846909,0.964009545,0.876372314
843,1.0547237,1.0606004,1.0470449,0.958839727,0.964182182,0.876529256
844,1.0552684,1.0603217,1.0466285,0.959334909,0.963928818,0.876298925
845,1.0551511,1.0602278,1.0422326,0.959228273,0.963843455,0.876221323
846,1.0554529,1.0601828,1.0258471,0.959502636,0.963802545,0.876184132
847,1.0552084,1.062176,1.01603,0.959280364,0.965614545,0.877831405
848,1.0550082,1.060009,1.0364809,0.959098364,0.963644545,0.876040495
849,1.0508832,1.0599493,1.043061,0.955348364,0.963590273,0.875991157
850,1.0516613,1.0599053,1.0286866,0.956055727,0.963550273,0.875954794
851,1.0524553,1.0597689,1.0423036,0.956777545,0.963426273,0.875842066
852,1.0531665,1.0596063,1.0487924,0.957424091,0.963278455,0.875707686
853,1.0533838,1.0595294,1.0470663,0.957621636,0.963208545,0.875644132
854,1.0534256,1.0594085,1.0470071,0.957659636,0.963098636,0.875544215
855,1.0530258,1.0593295,1.0469003,0.957296182,0.963026818,0.875478925
856,1.0534935,1.0592904,1.0458245,0.957721364,0.962991273,0.875446612
857,1.05318,1.0593057,1.0449082,0.957436364,0.963005182,0.875459256
858,1.0535216,1.0592238,1.0451659,0.957746909,0.962930727,0.87539157
859,1.0536325,1.0588835,1.0452406,0.957847727,0.962621364,0.875110331
860,1.0535709,1.0590043,1.0455425,0.957791727,0.962731182,0.875210165
861,1.0534998,1.058691,1.0456032,0.957727091,0.962446364,0.87495124
862,1.0533808,1.0588838,1.0444313,0.957618909,0.962621636,0.875110578
863,1.0531749,1.0591102,1.0456605,0.957431727,0.962827455,0.875297686
864,1.0529065,1.0593374,1.0431082,0.957187727,0.963034,0.875485455
865,1.0535423,1.0594585,1.0450228,0.957765727,0.963144091,0.875585537
866,1.0524279,1.0591698,1.0422863,0.956752636,0.962881636,0.875346942
867,1.0536706,1.0594915,1.0456389,0.957882364,0.963174091,0.87561281
868,1.0533203,1.0593586,1.0454966,0.957563909,0.963053273,0.875502975
869,1.0535209,1.0590367,1.0456337,0.957746273,0.962760636,0.875236942
870,1.0531764,1.0590506,1.0460664,0.957433091,0.962773273,0.87524843
871,1.0527658,1.0583591,1.0460432,0.957059818,0.962144636,0.874676942
872,1.0534636,1.0584643,1.0462755,0.957694182,0.962240273,0.874763885
873,1.0533673,1.0582204,1.0456063,0.957606636,0.962018545,0.874562314
874,1.0527971,1.0583018,1.0459584,0.957088273,0.962092545,0.874629586
875,1.0523404,1.0582722,1.0458555,0.956673091,0.962065636,0.874605124
876,1.0530014,1.0581897,1.0454965,0.957274,0.961990636,0.874536942
877,1.0525203,1.0581117,1.0452571,0.956836636,0.961919727,0.874472479
878,1.0525366,1.0580318,1.0454723,0.956851455,0.961847091,0.874406446
879,1.051733,1.0580301,1.045259,0.956120909,0.961845545,0.874405041
880,1.0524799,1.0579691,1.0453798,0.956799909,0.961790091,0.874354628
881,1.052588,1.0578641,1.0447605,0.956898182,0.961694636,0.874267851
882,1.0525752,1.0577424,1.044744,0.956886545,0.961584,0.874167273
883,1.0527914,1.0571668,1.0434456,0.957083091,0.961060727,0.87369157
884,1.0526985,1.0575514,1.0442295,0.956998636,0.961410364,0.874009422
885,1.0527894,1.0574573,1.0449216,0.957081273,0.961324818,0.873931653
886,1.0526328,1.0573447,1.0441749,0.956938909,0.961222455,0.873838595
887,1.052771,1.0573887,1.0446359,0.957064545,0.961262455,0.873874959
888,1.0522097,1.0575283,1.0445061,0.956554273,0.961389364,0.873990331
889,1.0523617,1.0575508,1.0447439,0.956692455,0.961409818,0.874008925
890,1.0524811,1.057636,1.0444783,0.956801,0.961487273,0.874079339
891,1.0525711,1.057688,1.0443255,0.956882818,0.961534545,0.874122314
892,1.0528119,1.0582646,1.0444609,0.957101727,0.962058727,0.874598843
893,1.0528648,1.0580152,1.0439519,0.957149818,0.961832,0.874392727
894,1.052736,1.0584699,1.043522,0.957032727,0.962245364,0.874768513
895,1.0529732,1.0585195,1.0441236,0.957248364,0.962290455,0.874809505
896,1.0526407,1.0582325,1.0440363,0.956946091,0.962029545,0.874572314
897,1.0531281,1.0579498,1.0443621,0.957389182,0.961772545,0.874338677
898,1.0530777,1.0571623,1.0445197,0.957343364,0.961056636,0.873687851
899,1.0526106,1.0573776,1.0446539,0.956918727,0.961252364,0.873865785
900,1.0524502,1.056951,1.0356491,0.956772909,0.960864545,0.873513223
901,1.0525759,1.0565991,1.0448005,0.956887182,0.960544636,0.873222396
902,1.0523605,1.0569282,1.0449328,0.956691364,0.960843818,0.87349438
903,1.0517905,1.0567974,1.0440176,0.956173182,0.960724909,0.873386281
904,1.0518893,1.056794,1.0445299,0.956263,0.960721818,0.873383471
905,1.051807,1.0568153,1.0443071,0.956188182,0.960741182,0.873401075
906,1.0521044,1.0565366,1.0439548,0.956458545,0.960487818,0.873170744
907,1.0520855,1.0565406,1.0434957,0.956441364,0.960491455,0.87317405
908,1.0520968,1.056318,1.0409905,0.956451636,0.960289091,0.872990083
909,1.0516568,1.0552729,1.042083,0.956051636,0.959339,0.872126364
910,1.0512604,1.0538625,1.0425202,0.955691273,0.958056818,0.870960744
911,1.0503777,1.0570359,1.0428741,0.954888818,0.960941727,0.873583388
912,1.0492328,1.0550219,1.0430235,0.953848,0.959110818,0.871918925
913,1.0511354,1.0546775,1.0422294,0.955577636,0.958797727,0.871634297
914,1.0503712,1.056022,1.0431945,0.954882909,0.96002,0.872745455
915,1.0497186,1.0540189,1.0406314,0.954289636,0.958199,0.87109
916,1.0507462,1.0544653,1.0406038,0.955223818,0.958604818,0.871458925
917,1.0489644,1.0553397,1.0410354,0.953604,0.959399727,0.87218157
918,1.0495366,1.0554036,1.0423316,0.954124182,0.959457818,0.87223438
919,1.0495332,1.0549339,1.0378183,0.954121091,0.959030818,0.871846198
920,1.0506791,1.0551573,1.041466,0.955162818,0.959233909,0.872030826
921,1.0501242,1.0553977,1.0428514,0.954658364,0.959452455,0.872229505
922,1.0504221,1.0548018,1.0410734,0.954929182,0.958910727,0.871737025
923,1.0503535,1.0549315,1.0414201,0.954866818,0.959028636,0.871844215
924,1.0500113,1.0554911,1.0414792,0.954555727,0.959537364,0.872306695
925,1.050357,1.0541521,1.0417826,0.95487,0.958320091,0.871200083
926,1.0505685,1.0543972,1.0416553,0.955062273,0.958542909,0.871402645
927,1.0495107,1.0553559,1.0396786,0.954100636,0.959414455,0.872194959
928,1.0496556,1.0539442,1.0419347,0.954232364,0.958131091,0.871028265
929,1.0500941,1.0539424,1.0411887,0.954631,0.958129455,0.871026777
930,1.0493286,1.0537391,1.0420215,0.953935091,0.957944636,0.87085876
931,1.0491835,1.0536481,1.0406326,0.953803182,0.957861909,0.870783554
932,1.0490272,1.0537351,1.0405743,0.953661091,0.957941,0.870855455
933,1.0493268,1.0529473,1.0409799,0.953933455,0.957224818,0.87020438
934,1.0492687,1.0533408,1.040159,0.953880636,0.957582545,0.870529586
935,1.0485555,1.0531996,1.0408435,0.953232273,0.957454182,0.870412893
936,1.0490447,1.0525047,1.0411508,0.953677,0.956822455,0.869838595
937,1.0488641,1.0526198,1.0402839,0.953512818,0.956927091,0.869933719
938,1.0480819,1.0538545,1.0407169,0.952801727,0.958049545,0.870954132
939,1.0484674,1.0545318,1.0403634,0.953152182,0.958665273,0.871513885
940,1.0493623,1.0551267,1.0401803,0.953965727,0.959206091,0.872005537
941,1.0498452,1.0545161,1.0405334,0.954404727,0.958651,0.871500909
942,1.0502964,1.0547355,1.0403072,0.954814909,0.958850455,0.871682232
943,1.0497935,1.054496,1.0396606,0.954357727,0.958632727,0.871484297
944,1.0504557,1.0541276,1.0358037,0.954959727,0.958297818,0.871179835
945,1.0487156,1.0536516,1.0407008,0.953377818,0.957865091,0.870786446
946,1.0495733,1.0545049,1.0412959,0.954157545,0.958640818,0.871491653
947,1.0498087,1.0538725,1.0409629,0.954371545,0.958065909,0.870969008
948,1.0497084,1.0533255,1.0403105,0.954280364,0.957568636,0.870516942
949,1.0491574,1.054206,1.0368004,0.953779455,0.958369091,0.871244628
950,1.0490232,1.0537469,1.04143,0.953657455,0.957951727,0.870865206
951,1.0492337,1.05277,1.039399,0.953848818,0.957063636,0.870057851
952,1.049035,1.0531534,1.0405301,0.953668182,0.957412182,0.870374711
953,1.0479542,1.0542943,1.0405751,0.952685636,0.958449364,0.871317604
954,1.0487057,1.0529207,1.0400994,0.953368818,0.957200636,0.870182396
955,1.0498478,1.0527052,1.0386473,0.954407091,0.957004727,0.870004297
956,1.0486931,1.0540282,1.0389183,0.953357364,0.958207455,0.871097686
957,1.0484006,1.0527345,1.039237,0.953091455,0.957031364,0.870028513
958,1.049191,1.0530384,1.0391384,0.95381,0.957307636,0.870279669
959,1.0486248,1.0533445,1.0393174,0.953295273,0.957585909,0.870532645
960,1.0486516,1.0526924,1.0401069,0.953319636,0.956993091,0.869993719
961,1.0489819,1.0527632,1.0387881,0.953619909,0.957057455,0.870052232
962,1.0488014,1.0530607,1.0396352,0.953455818,0.957327909,0.870298099
963,1.0486875,1.0523943,1.039667,0.953352273,0.956722091,0.869747355
964,1.0488591,1.052164,1.0403285,0.953508273,0.956512727,0.869557025
965,1.0479913,1.0529879,1.0378004,0.952719364,0.957261727,0.870237934
966,1.0480794,1.0529234,1.0398613,0.952799455,0.957203091,0.870184628
967,1.0486084,1.0522964,1.0400236,0.953280364,0.956633091,0.869666446
968,1.0467128,1.0531251,1.0393689,0.951557091,0.957386455,0.870351323
969,1.0472753,1.0529408,1.0396851,0.952068455,0.957218909,0.870199008
970,1.0485198,1.0523562,1.0397235,0.953199818,0.956687455,0.869715868
971,1.0487825,1.0529341,1.0389185,0.953438636,0.957212818,0.870193471
972,1.0475863,1.0535343,1.0387853,0.952351182,0.957758455,0.870689505
973,1.0476383,1.0524832,1.0400088,0.952398455,0.956802909,0.869820826
974,1.0480059,1.0527521,1.0394875,0.952732636,0.957047364,0.870043058
975,1.0479369,1.0529284,1.0394107,0.952669909,0.957207636,0.87018876
976,1.0481195,1.0522573,1.0392671,0.952835909,0.956597545,0.869634132
977,1.0479978,1.0519093,1.0396254,0.952725273,0.956281182,0.869346529
978,1.047369,1.0517651,1.0389411,0.952153636,0.956150091,0.869227355
979,1.0476724,1.0522829,1.0390364,0.952429455,0.956620818,0.869655289
980,1.04781,1.0515176,1.0392826,0.952554545,0.955925091,0.86902281
981,1.047644,1.0516167,1.0391037,0.952403636,0.956015182,0.869104711
982,1.0462686,1.0518363,1.038846,0.951153273,0.956214818,0.869286198
983,1.0472673,1.0517681,1.0393666,0.952061182,0.956152818,0.869229835
984,1.046808,1.0519909,1.0385114,0.951643636,0.956355364,0.869413967
985,1.0468941,1.0523565,1.0387633,0.951721909,0.956687727,0.869716115
986,1.0480727,1.0517502,1.038576,0.952793364,0.956136545,0.869215041
987,1.0480809,1.0525717,1.0396156,0.952800818,0.956883364,0.869893967
988,1.0479215,1.0517715,1.0384245,0.952655909,0.956155909,0.869232645
989,1.0477593,1.052418,1.0382352,0.952508455,0.956743636,0.869766942
990,1.0477049,1.0512584,1.0381808,0.952459,0.955689455,0.868808595
991,1.0476425,1.0516516,1.0384667,0.952402273,0.956046909,0.869133554
992,1.0481811,1.0521611,1.0386317,0.952891909,0.956510091,0.869554628
993,1.048299,1.051982,1.0389284,0.952999091,0.956347273,0.869406612
994,1.0483732,1.0516338,1.0384308,0.953066545,0.956030727,0.869118843
995,1.0481063,1.0520386,1.0382922,0.952823909,0.956398727,0.869453388
996,1.0475903,1.0519813,1.0383285,0.952354818,0.956346636,0.869406033
997,1.0477579,1.0516541,1.039122,0.952507182,0.956049182,0.86913562
998,1.0480105,1.0518985,1.0387062,0.952736818,0.956271364,0.869337604
999,1.0474339,1.0511005,1.0389125,0.952212636,0.955545909,0.868678099
1000,1.0473723,1.0518333,1.0385895,0.952156636,0.956212091,0.869283719
1001,1.0472594,1.0515254,1.0391204,0.952054,0.955932182,0.869029256
1002,1.0475345,1.0509608,1.0386714,0.952304091,0.955418909,0.868562645
1003,1.0472472,1.0512042,1.0392003,0.952042909,0.955640182,0.868763802
1004,1.0475669,1.0513668,1.0387985,0.952333545,0.955788,0.868898182
1005,1.0474768,1.0513401,1.0387524,0.952251636,0.955763727,0.868876115
1006,1.0472555,1.0513667,1.0382271,0.952050455,0.955787909,0.868898099
1007,1.047214,1.0513815,1.0382619,0.952012727,0.955801364,0.868910331
1008,1.0470616,1.0510714,1.0381292,0.951874182,0.955519455,0.86865405
1009,1.0471103,1.0512064,1.0386435,0.951918455,0.955642182,0.86876562
1010,1.0472913,1.0515634,1.0383798,0.952083,0.955966727,0.869060661
1011,1.0476408,1.0512233,1.0387344,0.952400727,0.955657545,0.868779586
1012,1.0472965,1.0515373,1.0384082,0.952087727,0.955943,0.869039091
1013,1.0468339,1.0511234,1.0384033,0.951667182,0.955566727,0.868697025
1014,1.046472,1.050727,1.0382508,0.951338182,0.955206364,0.868369422
1015,1.0466272,1.0506805,1.0386004,0.951479273,0.955164091,0.868330992
1016,1.0461981,1.0512077,1.0382693,0.951089182,0.955643364,0.868766695
1017,1.0463288,1.0503966,1.0380154,0.951208,0.954906,0.868096364
1018,1.0471313,1.0509938,1.0380089,0.951937545,0.955448909,0.868589917
1019,1.0468818,1.0504007,1.0381563,0.951710727,0.954909727,0.868099752
1020,1.0469649,1.0505073,1.0380909,0.951786273,0.955006636,0.868187851
1021,1.0468143,1.0510365,1.0380572,0.951649364,0.955487727,0.868625206
1022,1.0465955,1.0506572,1.0381613,0.951450455,0.955142909,0.868311735
1023,1.0466205,1.0505191,1.037668,0.951473182,0.955017364,0.868197604
1024,1.0469631,1.0508226,1.0381751,0.951784636,0.955293273,0.86844843
1025,1.0464734,1.0502986,1.0375223,0.951339455,0.954816909,0.868015372
1026,1.0458431,1.0501077,1.0377138,0.950766455,0.954643364,0.867857604
1027,1.0459329,1.050414,1.0376039,0.950848091,0.954921818,0.868110744
1028,1.0460329,1.0504711,1.0376381,0.950939,0.954973727,0.868157934
1029,1.0464371,1.049839,1.0366722,0.951306455,0.954399091,0.867635537
1030,1.0460435,1.0499517,1.0371883,0.950948636,0.954501545,0.867728677
1031,1.046383,1.0503681,1.037078,0.951257273,0.954880091,0.86807281
1032,1.0460207,1.0501175,1.0373186,0.950927909,0.954652273,0.867865703
1033,1.0458047,1.0501771,1.0374084,0.950731545,0.954706455,0.867914959
1034,1.04641,1.050661,1.0364586,0.951281818,0.955146364,0.868314876
1035,1.0460341,1.0505613,1.0368803,0.950940091,0.955055727,0.868232479
1036,1.0463198,1.0505618,1.0367821,0.951199818,0.955056182,0.868232893
1037,1.0464143,1.0500311,1.0364487,0.951285727,0.954573727,0.867794297
1038,1.0451313,1.0497057,1.0367492,0.950119364,0.954277909,0.867525372
1039,1.0456761,1.049947,1.0368243,0.950614636,0.954497273,0.867724794
1040,1.0460755,1.0497787,1.0368503,0.950977727,0.954344273,0.867585703
1041,1.0459869,1.0502082,1.036988,0.950897182,0.954734727,0.867940661
1042,1.0455962,1.0500576,1.0366458,0.950542,0.954597818,0.867816198
1043,1.0459721,1.0493542,1.0370507,0.950883727,0.953958364,0.867234876
1044,1.0455135,1.0496219,1.036622,0.950466818,0.954201727,0.867456115
1045,1.0457565,1.0497632,1.0364361,0.950687727,0.954330182,0.867572893
1046,1.045797,1.0493788,1.0369773,0.950724545,0.953980727,0.867255206
1047,1.0451274,1.0493592,1.0366753,0.950115818,0.953962909,0.867239008
1048,1.0448896,1.0497347,1.0366201,0.949899636,0.954304273,0.867549339
1049,1.0454842,1.0496587,1.0367018,0.950440182,0.954235182,0.867486529
1050,1.0449585,1.0496105,1.0367681,0.949962273,0.954191364,0.867446695
1051,1.0453382,1.0495656,1.0366604,0.950307455,0.954150545,0.867409586
1052,1.0454155,1.0493519,1.0359209,0.950377727,0.953956273,0.867232975
1053,1.0446144,1.0493844,1.0362328,0.949649455,0.953985818,0.867259835
1054,1.045059,1.0489054,1.035984,0.950053636,0.953550364,0.866863967
1055,1.0447001,1.048999,1.0362861,0.949727364,0.953635455,0.866941323
1056,1.0440195,1.04895,1.0363454,0.949108636,0.953590909,0.866900826
1057,1.0446064,1.0490154,1.0361643,0.949642182,0.953650364,0.866954876
1058,1.045031,1.0487009,1.0363283,0.950028182,0.953364455,0.866694959
1059,1.0444828,1.0492862,1.0353702,0.949529818,0.953896545,0.867178677
1060,1.0446135,1.0493648,1.0361522,0.949648636,0.953968,0.867243636
1061,1.0443954,1.0484906,1.0350224,0.949450364,0.953173273,0.866521157
1062,1.0444428,1.0488908,1.0354484,0.949493455,0.953537091,0.866851901
1063,1.0444539,1.0485985,1.035789,0.949503545,0.953271364,0.866610331
1064,1.044369,1.0486099,1.0352587,0.949426364,0.953281727,0.866619752
1065,1.0447522,1.0485998,1.0355475,0.949774727,0.953272545,0.866611405
1066,1.0443258,1.0481213,1.0351868,0.949387091,0.952837545,0.86621595
1067,1.0445681,1.0479783,1.0354269,0.949607364,0.952707545,0.866097768
1068,1.044435,1.0485302,1.0355663,0.949486364,0.953209273,0.866553885
1069,1.0443172,1.0485539,1.0350106,0.949379273,0.953230818,0.866573471
1070,1.0436645,1.0486532,1.0355738,0.948785909,0.953321091,0.866655537
1071,1.0434943,1.0481706,1.0350094,0.948631182,0.952882364,0.866256695
1072,1.0442415,1.0480425,1.0350747,0.949310455,0.952765909,0.866150826
1073,1.0442716,1.0476408,1.0354928,0.949337818,0.952400727,0.865818843
1074,1.0432632,1.047938,1.0352503,0.948421091,0.952670909,0.866064463
1075,1.0435767,1.0480784,1.0349739,0.948706091,0.952798545,0.866180495
1076,1.0436926,1.0484825,1.0339727,0.948811455,0.953165909,0.866514463
1077,1.043716,1.0478499,1.0346072,0.948832727,0.952590818,0.865991653
1078,1.0442669,1.0484403,1.0343043,0.949333545,0.953127545,0.866479586
1079,1.0438139,1.0481428,1.0348344,0.948921727,0.952857091,0.866233719
1080,1.0435672,1.0477978,1.0343127,0.948697455,0.952543455,0.865948595
1081,1.0437907,1.0480907,1.0341735,0.948900636,0.952809727,0.866190661
1082,1.0429615,1.0478162,1.0342456,0.948146818,0.952560182,0.865963802
1083,1.0433794,1.047765,1.0344391,0.948526727,0.952513636,0.865921487
1084,1.0431895,1.0474747,1.0346419,0.948354091,0.952249727,0.86568157
1085,1.0430939,1.0476153,1.0343549,0.948267182,0.952377545,0.865797768
1086,1.0432098,1.0474707,1.0341082,0.948372545,0.952246091,0.865678265
1087,1.0428956,1.0480088,1.0344795,0.948086909,0.952735273,0.866122975
1088,1.0428174,1.0474805,1.0339148,0.948015818,0.952255,0.865686364
1089,1.0431533,1.0467182,1.0337666,0.948321182,0.951562,0.865056364
1090,1.0431564,1.0474758,1.0336525,0.948324,0.952250727,0.865682479
1091,1.0424494,1.0475316,1.0340583,0.947681273,0.952301455,0.865728595
1092,1.0432595,1.0473257,1.0336003,0.948417727,0.952114273,0.86555843
1093,1.0428022,1.0474521,1.0338552,0.948002,0.952229182,0.865662893
1094,1.0430561,1.0469722,1.0333118,0.948232818,0.951792909,0.865266281
1095,1.0431091,1.0471133,1.0332232,0.948281,0.951921182,0.865382893
1096,1.0421392,1.0469358,1.033228,0.947399273,0.951759818,0.865236198
1097,1.04283,1.0471499,1.033473,0.948027273,0.951954455,0.865413141
1098,1.0423886,1.0470315,1.0336952,0.947626,0.951846818,0.865315289
1099,1.0424987,1.0472029,1.0333788,0.947726091,0.952002636,0.865456942
1100,1.0426993,1.0470653,1.0328728,0.947908455,0.951877545,0.865343223
1101,1.042474,1.0463951,1.0331461,0.947703636,0.951268273,0.864789339
1102,1.0426731,1.046947,1.0332159,0.947884636,0.95177,0.865245455
1103,1.0422804,1.0469853,1.0333444,0.947527636,0.951804818,0.865277107
1104,1.0421233,1.0464936,1.0333019,0.947384818,0.951357818,0.864870744
1105,1.0421754,1.0469934,1.0333362,0.947432182,0.951812182,0.865283802
1106,1.0423043,1.0467237,1.0334672,0.947549364,0.951567,0.865060909
1107,1.0428393,1.0466129,1.0331818,0.948035727,0.951466273,0.864969339
1108,1.042093,1.0467941,1.0333894,0.947357273,0.951631,0.865119091
1109,1.0424539,1.0462486,1.0322922,0.947685364,0.951135091,0.864668265
1110,1.0423312,1.0463606,1.033007,0.947573818,0.951236909,0.864760826
1111,1.0419276,1.0462631,1.0323262,0.947206909,0.951148273,0.864680248
1112,1.04219,1.0463436,1.0328135,0.947445455,0.951221455,0.864746777
1113,1.0418977,1.0460666,1.0329384,0.947179727,0.950969636,0.864517851
1114,1.0414321,1.045911,1.0318871,0.946756455,0.950828182,0.864389256
1115,1.0420116,1.0461715,1.0326154,0.947283273,0.951065,0.864604545
1116,1.0412809,1.0463723,1.0322177,0.946619,0.951247545,0.864770495
1117,1.0420191,1.0461236,1.0326695,0.947290091,0.951021455,0.864564959
1118,1.0420705,1.0458957,1.0319157,0.947336818,0.950814273,0.864376612
1119,1.0420471,1.0457624,1.0318688,0.947315545,0.950693091,0.864266446
1120,1.0418668,1.0459639,1.0317391,0.947151636,0.950876273,0.864432975
1121,1.0414308,1.0456678,1.0314549,0.946755273,0.950607091,0.864188265
1122,1.0419741,1.0461614,1.0316801,0.947249182,0.951055818,0.864596198
1123,1.0419319,1.0457104,1.0319879,0.947210818,0.950645818,0.864223471
1124,1.0413433,1.0464076,1.0311486,0.946675727,0.951279636,0.864799669
1125,1.0413646,1.0460608,1.0313286,0.946695091,0.950964364,0.864513058
1126,1.0414867,1.045821,1.031759,0.946806091,0.950746364,0.864314876
1127,1.0412158,1.0459741,1.0315967,0.946559818,0.950885545,0.864441405
1128,1.0414959,1.045779,1.0310855,0.946814455,0.950708182,0.864280165
1129,1.0413526,1.0457351,1.0308088,0.946684182,0.950668273,0.864243885
1130,1.0415448,1.0458871,1.0318278,0.946858909,0.950806455,0.864369505
1131,1.0413597,1.045512,1.0311972,0.946690636,0.950465455,0.864059505
1132,1.040524,1.0461125,1.0314872,0.945930909,0.951011364,0.864555785
1133,1.0410579,1.0454919,1.0308222,0.946416273,0.950447182,0.864042893
1134,1.0410837,1.0452996,1.0314685,0.946439727,0.950272364,0.863883967
1135,1.0408798,1.0454122,1.0314585,0.946254364,0.950374727,0.863977025
1136,1.0410533,1.0453769,1.0305611,0.946412091,0.950342636,0.863947851
1137,1.0403845,1.0454863,1.0305561,0.945804091,0.950442091,0.864038265
1138,1.040743,1.0452977,1.0305159,0.94613,0.950270636,0.863882396
1139,1.0404038,1.0450692,1.0305265,0.945821636,0.950062909,0.863693554
1140,1.0402701,1.0449965,1.0301961,0.945700091,0.949996818,0.863633471
1141,1.0405957,1.0450712,1.0304435,0.945996091,0.950064727,0.863695206
1142,1.0404617,1.0449892,1.0300729,0.945874273,0.949990182,0.863627438
1143,1.0400342,1.0449083,1.0303241,0.945485636,0.949916636,0.863560578
1144,1.0402254,1.0446546,1.029824,0.945659455,0.949686,0.863350909
1145,1.0393656,1.044628,1.0300223,0.944877818,0.949661818,0.863328925
1146,1.0400581,1.0447327,1.0302869,0.945507364,0.949757,0.863415455
1147,1.0401655,1.0447092,1.0302253,0.945605,0.949735636,0.863396033
1148,1.0401856,1.0447837,1.0294286,0.945623273,0.949803364,0.863457604
1149,1.0402119,1.0445632,1.0298998,0.945647182,0.949602909,0.863275372
1150,1.0405564,1.0443915,1.0293539,0.945960364,0.949446818,0.863133471
1151,1.0400584,1.0443693,1.0295745,0.945507636,0.949426636,0.863115124
1152,1.0401067,1.0446613,1.0293983,0.945551545,0.949692091,0.863356446
1153,1.0399848,1.0444428,1.0291622,0.945440727,0.949493455,0.863175868
1154,1.0399084,1.0445952,1.029492,0.945371273,0.949632,0.863301818
1155,1.0399191,1.0435395,1.0296541,0.945381,0.948672273,0.862429339
1156,1.0398786,1.0444497,1.0298069,0.945344182,0.949499727,0.86318157
1157,1.0396273,1.0439625,1.0290333,0.945115727,0.949056818,0.862778925
1158,1.0395633,1.0440586,1.02912,0.945057545,0.949144182,0.862858347
1159,1.0395097,1.0442758,1.028875,0.945008818,0.949341636,0.863037851
1160,1.0389351,1.0445757,1.0289192,0.944486455,0.949614273,0.863285703
1161,1.0392386,1.0439847,1.0289623,0.944762364,0.949077,0.862797273
1162,1.0397263,1.0444107,1.0289677,0.945205727,0.949464273,0.863149339
1163,1.039232,1.04387,1.0290465,0.944756364,0.948972727,0.862702479
1164,1.0392112,1.0439044,1.0288138,0.944737455,0.949004,0.862730909
1165,1.0392176,1.0438857,1.0284739,0.944743273,0.948987,0.862715455
1166,1.0392122,1.0433387,1.02823,0.944738364,0.948489727,0.862263388
1167,1.0389242,1.0435977,1.0283465,0.944476545,0.948725182,0.862477438
1168,1.0386308,1.043646,1.0281203,0.944209818,0.948769091,0.862517355
1169,1.0387424,1.0438913,1.0277567,0.944311273,0.948992091,0.862720083
1170,1.0385584,1.0435066,1.0280869,0.944144,0.948642364,0.862402149
1171,1.0390577,1.0440466,1.0284221,0.944597909,0.949133273,0.86284843
1172,1.0391905,1.0435855,1.0283017,0.944718636,0.948714091,0.862467355
1173,1.0386999,1.0439323,1.0277656,0.944272636,0.949029364,0.862753967
1174,1.0391543,1.043466,1.0279707,0.944685727,0.948605455,0.862368595
1175,1.0387954,1.0432786,1.0278769,0.944359455,0.948435091,0.862213719
1176,1.0385878,1.0295508,1.0271217,0.944170727,0.935955273,0.85086843
1177,1.0382246,1.0317495,1.0272592,0.943840545,0.937954091,0.852685537
1178,1.0245416,1.0326625,1.0275092,0.931401455,0.938784091,0.853440083
1179,1.026484,1.0339499,1.0268544,0.933167273,0.939954455,0.85450405
1180,1.0273392,1.0343114,1.0272599,0.933944727,0.940283091,0.85480281
1181,1.0283386,1.0343605,1.0270069,0.934853273,0.940327727,0.854843388
1182,1.0294046,1.0347536,1.0265244,0.935822364,0.940685091,0.855168265
1183,1.0294881,1.0351621,1.0268919,0.935898273,0.941056455,0.855505868
1184,1.0300515,1.0356412,1.026472,0.936410455,0.941492,0.855901818
1185,1.0307631,1.0355525,1.0267,0.937057364,0.941411364,0.855828513
1186,1.0302094,1.0358435,1.0264986,0.936554,0.941675909,0.856069008
1187,1.0313256,1.0352929,1.0266768,0.937568727,0.941175364,0.855613967
1188,1.031397,1.0358844,1.0262098,0.937633636,0.941713091,0.85610281
1189,1.0319306,1.0350956,1.0219246,0.938118727,0.940996,0.855450909
1190,1.0308872,1.0362811,1.0233371,0.937170182,0.942073727,0.856430661
1191,1.0321127,1.0355561,1.022903,0.938284273,0.941414636,0.855831487
1192,1.0311196,1.0360647,1.0234387,0.937381455,0.941877,0.856251818
1193,1.0304585,1.0353036,1.0237931,0.936780455,0.941185091,0.85562281
1194,1.0305777,1.0352627,1.0237722,0.936888818,0.941147909,0.855589008
1195,1.0317101,1.0358702,1.0231981,0.937918273,0.941700182,0.856091075
1196,1.0311931,1.0359085,1.0237292,0.937448273,0.941735,0.856122727
1197,1.0317242,1.0352585,1.024101,0.937931091,0.941144091,0.855585537
1198,1.0321677,1.0358256,1.0234103,0.938334273,0.941659636,0.856054215
1199,1.0316589,1.0357025,1.0231421,0.937871727,0.941547727,0.855952479
1200,1.0313201,1.0362662,1.0231016,0.937563727,0.942060182,0.856418347
1201,1.0321318,1.0354997,1.0231484,0.938301636,0.941363364,0.855784876
1202,1.0314479,1.0359964,1.0223714,0.937679909,0.941814909,0.856195372
1203,1.0314362,1.0364138,1.0223589,0.937669273,0.942194364,0.856540331
1204,1.0317185,1.0357443,1.0228826,0.937925909,0.941585727,0.855987025
1205,1.0319244,1.035382,1.0219089,0.938113091,0.941256364,0.855687604
1206,1.0310278,1.0358918,1.0224375,0.937298,0.941719818,0.856108925
1207,1.0308218,1.0358306,1.0220283,0.937110727,0.941664182,0.856058347
1208,1.031788,1.0350682,1.0216339,0.937989091,0.940971091,0.855428265
1209,1.0312885,1.0359727,1.0221307,0.937535,0.941793364,0.856175785
1210,1.0312496,1.0354304,1.0223149,0.937499636,0.941300364,0.855727604
1211,1.0317241,1.0361341,1.0204873,0.937931,0.941940091,0.856309174
1212,1.0312417,1.03567,1.0176276,0.937492455,0.941518182,0.85592562
1213,1.03162,1.0360271,1.0215729,0.937836364,0.941842818,0.856220744
1214,1.0319097,1.0355947,1.0216166,0.938099727,0.941449727,0.855863388
1215,1.0312738,1.0355545,1.0208641,0.937521636,0.941413182,0.855830165
1216,1.0317526,1.0359913,1.0197108,0.937956909,0.941810273,0.856191157
1217,1.0318881,1.0356063,1.0209699,0.938080091,0.941460273,0.855872975
1218,1.0317452,1.035177,1.0189364,0.937950182,0.94107,0.855518182
1219,1.0320364,1.0360845,1.0164061,0.938214909,0.941895,0.856268182
1220,1.0316845,1.035683,1.0202541,0.937895,0.94153,0.855936364
1221,1.0320976,1.0355738,1.0206872,0.938270545,0.941430727,0.855846115
1222,1.0312858,1.03602,1.0197872,0.937532545,0.941836364,0.856214876
1223,1.03099,1.0350071,1.0195453,0.937263636,0.940915545,0.855377768
1224,1.0319473,1.0354482,1.0201162,0.938133909,0.941316545,0.855742314
1225,1.0321063,1.0356054,1.0184566,0.938278455,0.941459455,0.855872232
1226,1.0313921,1.0361617,1.020359,0.937629182,0.941965182,0.856331984
1227,1.0312986,1.0352378,1.0201093,0.937544182,0.941125273,0.85556843
1228,1.0321764,1.0352938,1.0202026,0.938342182,0.941176182,0.855614711
1229,1.0315766,1.0351319,1.0195203,0.937796909,0.941029,0.855480909
1230,1.0315465,1.0349703,1.0197721,0.937769545,0.940882091,0.855347355
1231,1.0317626,1.0352397,1.0181692,0.937966,0.941127,0.85557
1232,1.0313579,1.0357565,1.0185211,0.937598091,0.941596818,0.855997107
1233,1.031371,1.0349143,1.0187052,0.93761,0.940831182,0.855301075
1234,1.030564,1.0347213,1.0195332,0.936876364,0.940655727,0.85514157
1235,1.0297301,1.034449,1.0186074,0.936118273,0.940408182,0.854916529
1236,1.0305221,1.0358528,1.0180162,0.936838273,0.941684364,0.856076695
1237,1.0311946,1.0352031,1.0134369,0.937449636,0.941093727,0.855539752
1238,1.0309724,1.0352497,1.0184005,0.937247636,0.941136091,0.855578265
1239,1.0299767,1.0353734,1.0174761,0.936342455,0.941248545,0.855680495
1240,1.030897,1.0361255,1.0177836,0.937179091,0.941932273,0.856302066
1241,1.0310296,1.0350506,1.0183128,0.937299636,0.940955091,0.855413719
1242,1.0322267,1.0354539,1.017665,0.938387909,0.941321727,0.855747025
1243,1.0311133,1.035169,1.0164694,0.937375727,0.941062727,0.85551157
1244,1.0319482,1.035278,1.0172715,0.938134727,0.941161818,0.855601653
1245,1.0313464,1.0345721,1.0171051,0.937587636,0.940520091,0.855018265
1246,1.0306752,1.0346464,1.0164944,0.936977455,0.940587636,0.855079669
1247,1.0316286,1.0351418,1.0145065,0.937844182,0.941038,0.855489091
1248,1.0315225,1.0345216,1.0132095,0.937747727,0.940474182,0.854976529
1249,1.0315169,1.0352463,1.0102532,0.937742636,0.941133,0.855575455
1250,1.0315573,1.0345588,1.0165164,0.937779364,0.940508,0.855007273
1251,1.0313638,1.0345917,1.0157753,0.937603455,0.940537909,0.855034463
1252,1.0313305,1.0352277,1.0154368,0.937573182,0.941116091,0.855560083
1253,1.030561,1.0344794,1.0130092,0.936873636,0.940435818,0.854941653
1254,1.0311357,1.0343527,1.0164359,0.937396091,0.940320636,0.854836942
1255,1.030368,1.0348507,1.0165471,0.936698182,0.940773364,0.855248513
1256,1.0304582,1.0350763,1.0154967,0.936780182,0.940978455,0.855434959
1257,1.0311506,1.0339619,1.014851,0.937409636,0.939965364,0.854513967
1258,1.0302693,1.0341228,1.0150933,0.936608455,0.940111636,0.854646942
1259,1.0306275,1.0346322,1.0153847,0.936934091,0.940574727,0.855067934
1260,1.0305196,1.0347095,1.0138525,0.936836,0.940645,0.855131818
1261,1.0306221,1.0341949,1.0154912,0.936929182,0.940177182,0.854706529
1262,1.0305995,1.0338627,1.0147175,0.936908636,0.939875182,0.854431984
1263,1.0292864,1.0339677,1.0139982,0.935714909,0.939970636,0.85451876
1264,1.0303229,1.0340693,1.0144352,0.936657182,0.940063,0.854602727
1265,1.0304518,1.0348589,1.0122176,0.936774364,0.940780818,0.855255289
1266,1.0301567,1.0340818,1.0146153,0.936506091,0.940074364,0.854613058
1267,1.0302106,1.0342809,1.0136393,0.936555091,0.940255364,0.854777604
1268,1.0306259,1.034441,1.0137149,0.936932636,0.940400909,0.854909917
1269,1.0311288,1.0344965,1.0144309,0.937389818,0.940451364,0.854955785
1270,1.0297456,1.0349481,1.0119208,0.936132364,0.940861909,0.855329008
1271,1.0307528,1.0345128,1.013641,0.937048,0.940466182,0.854969256
1272,1.0311254,1.0343833,1.0066875,0.937386727,0.940348455,0.854862232
1273,1.029452,1.0347248,1.0134528,0.935865455,0.940658909,0.855144463
1274,1.030893,1.0342097,1.0128262,0.937175455,0.940190636,0.85471876
1275,1.0306559,1.0348208,1.012002,0.936959909,0.940746182,0.855223802
1276,1.0298452,1.0340163,1.0123681,0.936222909,0.940014818,0.854558925
1277,1.0305706,1.0337789,1.0114181,0.936882364,0.939799,0.854362727
1278,1.0310489,1.0345464,1.0119542,0.937317182,0.940496727,0.854997025
1279,1.0304358,1.034281,1.0117642,0.936759818,0.940255455,0.854777686
1280,1.0304629,1.033712,1.011938,0.936784455,0.939738182,0.854307438
1281,1.0304362,1.033728,1.0114863,0.936760182,0.939752727,0.854320661
1282,1.0300384,1.0342009,1.011644,0.936398545,0.940182636,0.854711487
1283,1.0296186,1.033398,1.0114583,0.936016909,0.939452727,0.854047934
1284,1.0301785,1.0342758,1.0106199,0.936525909,0.940250727,0.854773388
1285,1.030423,1.0342594,1.011068,0.936748182,0.940235818,0.854759835
1286,1.0305326,1.0339713,1.0115182,0.936847818,0.939973909,0.854521735
1287,1.0290753,1.0332679,1.0109721,0.935523,0.939334455,0.853940414
1288,1.0290877,1.0335608,1.0105121,0.935534273,0.939600727,0.854182479
1289,1.0300099,1.0332897,1.0072365,0.936372636,0.939354273,0.85395843
1290,1.0292035,1.0342526,1.0105875,0.935639545,0.940229636,0.854754215
1291,1.0301515,1.0334976,1.009551,0.936501364,0.939543273,0.854130248
1292,1.0301462,1.0335906,1.0101733,0.936496545,0.939627818,0.854207107
1293,1.0296916,1.0336581,1.0098952,0.936083273,0.939689182,0.854262893
1294,1.0294915,1.0337266,1.0091305,0.935901364,0.939751455,0.854319505
1295,1.0297246,1.0339386,1.0080543,0.936113273,0.939944182,0.854494711
1296,1.0301147,1.03394,1.0092908,0.936467909,0.939945455,0.854495868
1297,1.0295297,1.0334626,1.0089262,0.935936091,0.939511455,0.854101323
1298,1.0296143,1.0340714,1.0084106,0.936013,0.940064909,0.854604463
1299,1.030476,1.0330774,1.0085999,0.936796364,0.939161273,0.853782975
1300,1.0294237,1.0339096,1.0071188,0.935839727,0.939917818,0.854470744
1301,1.0298171,1.0329165,1.0081844,0.936197364,0.939015,0.85365
1302,1.0291735,1.0338645,1.0081238,0.935612273,0.939876818,0.854433471
1303,1.0298893,1.0333309,1.0051038,0.936263,0.939391727,0.853992479
1304,1.0296768,1.0328652,1.0082181,0.936069818,0.938968364,0.853607604
1305,1.0299417,1.0331451,1.0040541,0.936310636,0.939222818,0.853838925
1306,1.0293521,1.0334228,1.0070792,0.935774636,0.939475273,0.85406843
1307,1.029211,1.0333192,1.0076938,0.935646364,0.939381091,0.85398281
1308,1.029196,1.0333518,1.0061746,0.935632727,0.939410727,0.854009752
1309,1.0293555,1.0330908,1.0067908,0.935777727,0.939173455,0.85379405
1310,1.0285743,1.0326666,1.0041287,0.935067545,0.938787818,0.853443471
1311,1.0296782,1.0330769,1.0071229,0.936071091,0.939160818,0.853782562
1312,1.0294443,1.0332036,1.0064111,0.935858455,0.939276,0.853887273
1313,1.0280657,1.0336685,1.0057813,0.934605182,0.939698636,0.854271487
1314,1.0291461,1.0325476,1.0068935,0.935587364,0.938679636,0.853345124
1315,1.0277473,1.033012,1.0062822,0.934315727,0.939101818,0.853728925
1316,1.028384,1.0322394,1.0058546,0.934894545,0.938399455,0.853090414
1317,1.0281415,1.0325055,1.0060986,0.934674091,0.938641364,0.853310331
1318,1.0288038,1.0324126,1.0061632,0.935276182,0.938556909,0.853233554
1319,1.0289935,1.0321587,1.0046505,0.935448636,0.938326091,0.853023719
1320,1.0283016,1.0333594,1.0046849,0.934819636,0.939417636,0.854016033
1321,1.0279698,1.0329878,1.0004624,0.934518,0.939079818,0.853708925
1322,1.0286702,1.032315,1.0047064,0.935154727,0.938468182,0.853152893
1323,1.0280437,1.0331351,1.0041739,0.934585182,0.939213727,0.853830661
1324,1.0284969,1.032191,1.0046271,0.934997182,0.938355455,0.853050414
1325,1.0289629,1.0325679,1.0041564,0.935420818,0.938698091,0.853361901
1326,1.0288004,1.0325915,1.0028373,0.935273091,0.938719545,0.853381405
1327,1.0281488,1.0323001,1.0036579,0.934680727,0.938454636,0.853140578
1328,1.0287145,1.032325,1.0024526,0.935195,0.938477273,0.853161157
1329,1.028725,1.0323044,1.0039004,0.935204545,0.938458545,0.853144132
1330,1.0283481,1.0318031,0.99723423,0.934861909,0.938002818,0.852729835
1331,1.0286622,1.0320951,1.0000827,0.935147455,0.938268273,0.852971157
1332,1.0288171,1.0323983,1.0036266,0.935288273,0.938543909,0.853221735
1333,1.028649,1.0319299,1.0024319,0.935135455,0.938118091,0.852834628
1334,1.0279192,1.0321691,1.0020447,0.934472,0.938335545,0.853032314
1335,1.0274919,1.0321273,0.99959368,0.934083545,0.938297545,0.852997768
1336,1.0276388,1.0319376,1.0010325,0.934217091,0.938125091,0.852840992
1337,1.0281444,1.0318177,1.0005679,0.934676727,0.938016091,0.852741901
1338,1.0279039,1.0316765,1.0009222,0.934458091,0.937887727,0.852625206
1339,1.0283116,1.0322945,1.0018597,0.934828727,0.938449545,0.85313595
1340,1.0275939,1.0312868,0.99744982,0.934176273,0.937533455,0.852303141
1341,1.0276366,1.0319178,1.0008701,0.934215091,0.938107091,0.852824628
1342,1.0281247,1.0314543,1.0010804,0.934658818,0.937685727,0.85244157
1343,1.0275832,1.0321685,1.0007551,0.934166545,0.938335,0.853031818
1344,1.0282071,1.031252,1.0000935,0.934733727,0.937501818,0.85227438
1345,1.0278901,1.0313671,1.0008115,0.934445545,0.937606455,0.852369505
1346,1.0271082,1.031087,1.0003148,0.933734727,0.937351818,0.852138016
1347,1.0274326,1.0307213,0.99934685,0.934029636,0.937019364,0.851835785
1348,1.0278959,1.031725,0.99986279,0.934450818,0.937931818,0.852665289
1349,1.0273788,1.0305635,0.9997524,0.933980727,0.936875909,0.851705372
1350,1.0272987,1.0317669,0.99926805,0.933907909,0.937969909,0.852699917
1351,1.0280541,1.0312271,0.99873924,0.934594636,0.937479182,0.852253802
1352,1.0265863,1.0310606,0.99783379,0.933260273,0.937327818,0.852116198
1353,1.0275166,1.0305547,0.99879944,0.934106,0.936867909,0.851698099
1354,1.0265932,1.0310587,0.99789757,0.933266545,0.937326091,0.852114628
1355,1.027112,1.0306314,0.99815124,0.933738182,0.936937636,0.851761487
1356,1.0269115,1.0315363,0.99806029,0.933555909,0.937760273,0.852509339
1357,1.0265685,1.0307848,0.99766552,0.933244091,0.937077091,0.851888265
1358,1.0269048,1.0307701,0.99727309,0.933549818,0.937063727,0.851876115
1359,1.0273907,1.0310702,0.99763399,0.933991545,0.937336545,0.852124132
1360,1.0276653,1.0308146,0.99681652,0.934241182,0.937104182,0.851912893
1361,1.0273081,1.0302176,0.99444652,0.933916455,0.936561455,0.851419505
1362,1.0273622,1.0306761,0.99605775,0.933965636,0.936978273,0.85179843
1363,1.0271488,1.031183,0.9963147,0.933771636,0.937439091,0.852217355
1364,1.0270027,1.0304635,0.99648488,0.933638818,0.936785,0.851622727
1365,1.0268055,1.0308586,0.99545807,0.933459545,0.937144182,0.851949256
1366,1.0272493,1.0307649,0.99579167,0.933863,0.937059,0.851871818
1367,1.0266528,1.0305285,0.99502516,0.933320727,0.936844091,0.851676446
1368,1.0270065,1.0303171,0.99181348,0.933642273,0.936651909,0.851501735
1369,1.0265759,1.0302498,0.99546164,0.933250818,0.936590727,0.851446115
1370,1.0272499,1.03036,0.99576896,0.933863545,0.936690909,0.85153719
1371,1.0263666,1.0297768,0.99412346,0.933060545,0.936160727,0.851055206
1372,1.026831,1.0298196,0.99487811,0.933482727,0.936199636,0.851090578
1373,1.0266589,1.0295204,0.99496239,0.933326273,0.935927636,0.850843305
1374,1.0245018,1.0299848,0.99427974,0.931365273,0.936349818,0.851227107
1375,1.026451,1.0291579,0.99358433,0.933137273,0.935598091,0.850543719
1376,1.0259423,1.030322,0.99208653,0.932674818,0.936656364,0.851505785
1377,1.025611,1.0290662,0.9935376,0.932373636,0.935514727,0.850467934
1378,1.0261098,1.0296173,0.99298441,0.932827091,0.936015727,0.850923388
1379,1.0263411,1.0300845,0.99271309,0.933037364,0.936440455,0.851309505
1380,1.0260199,1.030539,0.99275571,0.932745364,0.936853636,0.851685124
1381,1.0258373,1.0295573,0.99274832,0.932579364,0.935961182,0.850873802
1382,1.0260608,1.0302383,0.99267232,0.932782545,0.936580273,0.851436612
1383,1.0261706,1.0298718,0.99191099,0.932882364,0.936247091,0.851133719
1384,1.0260535,1.0297801,0.99183387,0.932775909,0.936163727,0.851057934
1385,1.0259348,1.0299908,0.99118376,0.932668,0.936355273,0.851232066
1386,1.0263116,1.0295258,0.99143147,0.933010545,0.935932545,0.850847768
1387,1.0257158,1.0301282,0.9906069,0.932468909,0.936480182,0.85134562
1388,1.0254208,1.0293676,0.99127656,0.932200727,0.935788727,0.850717025
1389,1.0264375,1.0294658,0.99121708,0.933125,0.935878,0.850798182
1390,1.0257053,1.0287009,0.98985058,0.932459364,0.935182636,0.850166033
1391,1.0258257,1.0290278,0.99036753,0.932568818,0.935479818,0.850436198
1392,1.0249221,1.0292792,0.99001557,0.931747364,0.935708364,0.850643967
1393,1.0260297,1.0296731,0.99015802,0.932754273,0.936066455,0.850969505
1394,1.0253787,1.029106,0.9891482,0.932162455,0.935550909,0.850500826
1395,1.0253525,1.0294513,0.98954266,0.932138636,0.935864818,0.850786198
1396,1.0255243,1.0291955,0.98935419,0.932294818,0.935632273,0.850574794
1397,1.0253754,1.0293881,0.98808587,0.932159455,0.935807364,0.850733967
1398,1.0256701,1.0295752,0.98878169,0.932427364,0.935977455,0.850888595
1399,1.0253344,1.0289313,0.98872077,0.932122182,0.935392091,0.850356446
1400,1.0254248,1.0293621,0.98910844,0.932204364,0.935783727,0.850712479
1401,1.0246685,1.028491,0.9883585,0.931516818,0.934991818,0.849992562
1402,1.0256468,1.0289365,0.98805439,0.932406182,0.935396818,0.850360744
1403,1.0255796,1.0290294,0.9885475,0.932345091,0.935481273,0.850437521
1404,1.0245739,1.0284319,0.98514915,0.931430818,0.934938091,0.849943719
1405,1.0246276,1.0287442,0.9875586,0.931479636,0.935222,0.850201818
1406,1.0241002,1.0285366,0.98771691,0.931000182,0.935033273,0.850030248
1407,1.0249094,1.0289112,0.98737991,0.931735818,0.935373818,0.850339835
1408,1.0245216,1.0287904,0.98646945,0.931383273,0.935264,0.85024
1409,1.0245167,1.0286435,0.98688895,0.931378818,0.935130455,0.850118595
1410,1.0248429,1.0286974,0.98687041,0.931675364,0.935179455,0.850163141
1411,1.0243734,1.0286633,0.9865278,0.931248545,0.935148455,0.850134959
1412,1.0249426,1.0278261,0.98564827,0.931766,0.934387364,0.849443058
1413,1.0246351,1.0289536,0.98616183,0.931486455,0.935412364,0.850374876
1414,1.0251849,1.0280058,0.98542672,0.931986273,0.934550727,0.84959157
1415,1.024246,1.0282787,0.9848538,0.931132727,0.934798818,0.849817107
1416,1.0246856,1.0283644,0.98528773,0.931532364,0.934876727,0.849887934
1417,1.0241274,1.0283749,0.98496467,0.931024909,0.934886273,0.849896612
1418,1.0246822,1.0282533,0.98543847,0.931529273,0.934775727,0.849796115
1419,1.0247151,1.0287764,0.98418069,0.931559182,0.935251273,0.85022843
1420,1.0249088,1.0274892,0.98503083,0.931735273,0.934081091,0.849164628
1421,1.0237459,1.0282109,0.9845922,0.930678091,0.934737182,0.849761075
1422,1.0250412,1.0280832,0.9835797,0.931855636,0.934621091,0.849655537
1423,1.0244527,1.0287669,0.98345953,0.931320636,0.935242636,0.850220578
1424,1.0244859,1.0278261,0.98432076,0.931350818,0.934387364,0.849443058
1425,1.0237856,1.0280502,0.98397166,0.930714182,0.934591091,0.849628265
1426,1.0245632,1.0282695,0.98326898,0.931421091,0.934790455,0.849809505
1427,1.0247396,1.027068,0.98314393,0.931581455,0.933698182,0.848816529
1428,1.0237739,1.0272042,0.98303133,0.930703545,0.933822,0.848929091
1429,1.0236126,1.0271782,0.98343706,0.930556909,0.933798364,0.848907604
1430,1.0239537,1.0277042,0.98242712,0.930867,0.934276545,0.849342314
1431,1.0234786,1.026971,0.98298365,0.930435091,0.93361,0.848736364
1432,1.0235933,1.0272659,0.98309141,0.930539364,0.933878091,0.848980083
1433,1.0236168,1.0269203,0.98207051,0.930560727,0.933563909,0.848694463
1434,1.0239851,1.0279959,0.98217028,0.930895545,0.934541727,0.849583388
1435,1.0238551,1.0275493,0.98210955,0.930777364,0.934135727,0.849214297
1436,1.023506,1.0272434,0.98240119,0.93046,0.933857636,0.848961487
1437,1.0236294,1.0273529,0.98087424,0.930572182,0.933957182,0.849051984
1438,1.0234827,1.0271772,0.98168236,0.930438818,0.933797455,0.848906777
1439,1.023388,1.0270984,0.98088473,0.930352727,0.933725818,0.848841653
1440,1.0238773,1.0276227,0.98094827,0.930797545,0.934202455,0.849274959
1441,1.0235738,1.0265985,0.98072535,0.930521636,0.933271364,0.848428513
1442,1.0229841,1.0273786,0.98010612,0.929985545,0.933980545,0.849073223
1443,1.0234672,1.0270351,0.98101395,0.930424727,0.933668273,0.848789339
1444,1.0232198,1.0267189,0.98036736,0.930199818,0.933380818,0.848528016
1445,1.0226631,1.0267805,0.98016137,0.929693727,0.933436818,0.848578925
1446,1.0235773,1.0269941,0.9797309,0.930524818,0.933631,0.848755455
1447,1.0231858,1.0274993,0.98004466,0.930168909,0.934090273,0.849172975
1448,1.0225279,1.0269536,0.97980529,0.929570818,0.933594182,0.848721984
1449,1.0226554,1.0267998,0.97991604,0.929686727,0.933454364,0.848594876
1450,1.0227031,1.0260874,0.97949576,0.929730091,0.932806727,0.848006115
1451,1.023144,1.0272931,0.97839892,0.930130909,0.933902818,0.849002562
1452,1.022886,1.0265026,0.97781497,0.929896364,0.933184182,0.848349256
1453,1.023042,1.0265422,0.97891933,0.930038182,0.933220182,0.848381984
1454,1.0226864,1.0258214,0.97829092,0.929714909,0.932564909,0.847786281
1455,1.0216001,1.0258046,0.9775396,0.928727364,0.932549636,0.847772396
1456,1.0224839,1.0262476,0.97822696,0.929530818,0.932952364,0.848138513
1457,1.0224649,1.0264162,0.97764057,0.929513545,0.933105636,0.848277851
1458,1.0227383,1.0254173,0.97781163,0.929762091,0.932197545,0.847452314
1459,1.0226715,1.0257726,0.97728664,0.929701364,0.932520545,0.84774595
1460,1.0226378,1.0256873,0.97705716,0.929670727,0.932443,0.847675455
1461,1.0225648,1.0259576,0.97716218,0.929604364,0.932688727,0.847898843
1462,1.0217556,1.0255809,0.97696584,0.928868727,0.932346273,0.847587521
1463,1.0224646,1.0255976,0.97690713,0.929513273,0.932361455,0.847601323
1464,1.0221754,1.0263109,0.97647494,0.929250364,0.933009909,0.848190826
1465,1.0216383,1.0255805,0.97648299,0.928762091,0.932345909,0.84758719
1466,1.0223098,1.0256603,0.97551203,0.929372545,0.932418455,0.847653141
1467,1.0217149,1.0256364,0.97620654,0.928831727,0.932396727,0.847633388
1468,1.0222703,1.0257616,0.97604275,0.929336636,0.932510545,0.847736859
1469,1.0221593,1.0253412,0.97543639,0.929235727,0.932128364,0.847389422
1470,1.0222913,1.026611,0.97535706,0.929355727,0.933282727,0.848438843
1471,1.0216177,1.0257146,0.97574717,0.928743364,0.932467818,0.847698016
1472,1.0217296,1.0250424,0.97550452,0.928845091,0.931856727,0.847142479
1473,1.0213928,1.0258139,0.97470891,0.928538909,0.932558091,0.847780083
1474,1.0226138,1.0249144,0.9737941,0.929648909,0.931740364,0.847036695
1475,1.0212605,1.0255864,0.9745419,0.928418636,0.932351273,0.847592066
1476,1.0215992,1.0252806,0.97496486,0.928726545,0.932073273,0.847339339
1477,1.0219711,1.0252163,0.9738276,0.929064636,0.932014818,0.847286198
1478,1.0211543,1.025515,0.97425914,0.928322091,0.932286364,0.847533058
1479,1.0207189,1.0246938,0.97459674,0.927926273,0.931539818,0.84685438
1480,1.0216668,1.0254173,0.97257334,0.928788,0.932197545,0.847452314
1481,1.0213025,1.0245072,0.97235274,0.928456818,0.931370182,0.846700165
1482,1.0210115,1.024708,0.97338164,0.928192273,0.931552727,0.846866115
1483,1.0206294,1.0249387,0.97435611,0.927844909,0.931762455,0.847056777
1484,1.0211955,1.0246603,0.97335202,0.928359545,0.931509364,0.846826695
1485,1.0211813,1.0243076,0.9732309,0.928346636,0.931188727,0.846535206
1486,1.0207127,1.02,0.97296154,0.927920636,0.927272727,0.842975206
1487,1.0210477,1.0213555,0.97220349,0.928225182,0.928505,0.844095455
1488,1.0211813,1.0230404,0.97217137,0.928346636,0.930036727,0.845487934
1489,1.0194792,1.0228504,0.97268635,0.926799273,0.929864,0.845330909
1490,1.0163956,1.0228443,0.97225308,0.923996,0.929858455,0.845325868
1491,1.0176576,1.0231909,0.97197288,0.925143273,0.930173545,0.845612314
1492,1.0175822,1.0225579,0.9710784,0.925074727,0.929598091,0.845089174
1493,1.0185145,1.0235174,0.97152108,0.925922273,0.930470364,0.845882149
1494,1.0186654,1.0226854,0.9715212,0.926059455,0.929714,0.845194545
1495,1.0188682,1.0235111,0.97215819,0.926243818,0.930464636,0.845876942
1496,1.0190433,1.0227978,0.97129333,0.926403,0.929816182,0.845287438
1497,1.0186572,1.0231922,0.9713645,0.926052,0.930174727,0.845613388
1498,1.0191753,1.0230911,0.97133678,0.926523,0.930082818,0.845529835
1499,1.0189898,1.0227362,0.97043145,0.926354364,0.929760182,0.845236529
1500,1.0190653,1.0229722,0.97096056,0.926423,0.929974727,0.84543157
1501,1.0190102,1.0229044,0.9713282,0.926372909,0.929913091,0.845375537
1502,1.0194759,1.0232716,0.97067434,0.926796273,0.930246909,0.845679008
1503,1.0184171,1.0230365,0.9692536,0.925833727,0.930033182,0.845484711
1504,1.0189571,1.0232133,0.97005463,0.926324636,0.930193909,0.845630826
1505,1.0175906,1.022977,0.96975601,0.925082364,0.929979091,0.845435537
1506,1.0185077,1.0224342,0.97038025,0.925916091,0.929485636,0.844986942
1507,1.0189956,1.0226207,0.96920836,0.926359636,0.929655182,0.845141075
1508,1.018777,1.0226929,0.96916115,0.926160909,0.929720818,0.845200744
1509,1.0182748,1.0226682,0.96878928,0.925704364,0.929698364,0.845180331
1510,1.0182904,1.0222707,0.96835214,0.925718545,0.929337,0.844851818
1511,1.0177872,1.0227689,0.96820492,0.925261091,0.929789909,0.845263554
1512,1.0183622,1.0225612,0.96859455,0.925783818,0.929601091,0.845091901
1513,1.0182025,1.0221566,0.96840143,0.925638636,0.929233273,0.844757521
1514,1.0185051,1.0227152,0.96749502,0.925913727,0.929741091,0.845219174
1515,1.0181774,1.0224893,0.96771234,0.925615818,0.929535727,0.845032479
1516,1.0182589,1.0219414,0.96754742,0.925689909,0.929037636,0.844579669
1517,1.0184885,1.022154,0.96754396,0.925898636,0.929230909,0.844755372
1518,1.0184054,1.0218014,0.96663058,0.925823091,0.928910364,0.844463967
1519,1.0186421,1.0226822,0.96470952,0.926038273,0.929711091,0.845191901
1520,1.0179775,1.0217419,0.96607488,0.925434091,0.928856273,0.844414794
1521,1.0177778,1.0223367,0.96615714,0.925252545,0.929397,0.844906364
1522,1.0180359,1.0217508,0.96595943,0.925487182,0.928864364,0.844422149
1523,1.0179868,1.0220836,0.96583247,0.925442545,0.929166909,0.84469719
1524,1.0181509,1.0218213,0.96565539,0.925591727,0.928928455,0.844480414
1525,1.0180095,1.0217452,0.96415377,0.925463182,0.928859273,0.844417521
1526,1.0177699,1.0214685,0.9645592,0.925245364,0.928607727,0.844188843
1527,1.0179834,1.0221164,0.96517056,0.925439455,0.929196727,0.844724297
1528,1.0180198,1.020956,0.96474922,0.925472545,0.928141818,0.843765289
1529,1.0181694,1.0219636,0.96407777,0.925608545,0.929057818,0.844598016
1530,1.0172819,1.020759,0.96389878,0.924801727,0.927962727,0.843602479
1531,1.0169125,1.0213767,0.96422094,0.924465909,0.928524273,0.844112975
1532,1.0171487,1.0210311,0.96407765,0.924680636,0.928210091,0.843827355
1533,1.0178063,1.0214309,0.96095115,0.925278455,0.928573545,0.844157768
1534,1.0172101,1.0202391,0.9634974,0.924736455,0.927490091,0.84317281
1535,1.0178132,1.0207205,0.96363825,0.925284727,0.927927727,0.843570661
1536,1.0167615,1.0202888,0.96331662,0.924328636,0.927535273,0.843213885
1537,1.016808,1.0205387,0.96213341,0.924370909,0.927762455,0.843420414
1538,1.0167358,1.0205506,0.96308374,0.924305273,0.927773273,0.843430248
1539,1.0165219,1.0198271,0.96294671,0.924110818,0.927115545,0.842832314
1540,1.0163256,1.0203885,0.96213359,0.923932364,0.927625909,0.843296281
1541,1.0164592,1.0205106,0.96139699,0.924053818,0.927736909,0.84339719
1542,1.0165538,1.0207595,0.96226078,0.924139818,0.927963182,0.843602893
1543,1.017498,1.0199168,0.96255821,0.924998182,0.927197091,0.842906446
1544,1.0167251,1.0203085,0.96219957,0.924295545,0.927553182,0.843230165
1545,1.0165231,1.0197426,0.96210384,0.924111909,0.927038727,0.842762479
1546,1.0166751,1.0207217,0.96207476,0.924250091,0.927928818,0.843571653
1547,1.0155405,1.0192007,0.96167415,0.923218636,0.926546091,0.842314628
1548,1.0160604,1.0205425,0.96103191,0.923691273,0.927765909,0.843423554
1549,1.0160152,1.0199018,0.95978439,0.923650182,0.927183455,0.84289405
1550,1.0168598,1.0199999,0.96105433,0.924418,0.927272636,0.842975124
1551,1.0156937,1.0197142,0.96115518,0.923357909,0.927012909,0.842739008
1552,1.015891,1.0198424,0.96019995,0.923537273,0.927129455,0.842844959
1553,1.01578,1.0194075,0.96032792,0.923436364,0.926734091,0.842485537
1554,1.0157512,1.0194262,0.96039981,0.923410182,0.926751091,0.842500992
1555,1.0159792,1.0185657,0.95824605,0.923617455,0.925968818,0.841789835
1556,1.0165501,1.0198973,0.95915371,0.924136455,0.927179364,0.842890331
1557,1.0155154,1.0189385,0.95981294,0.923195818,0.926307727,0.842097934
1558,1.0162475,1.0196185,0.95979816,0.923861364,0.926925909,0.842659917
1559,1.0151594,1.0191919,0.95984823,0.922872182,0.926538091,0.842307355
1560,1.0157059,1.0192118,0.95915574,0.923369,0.926556182,0.842323802
1561,1.015661,1.0183805,0.9587276,0.923328182,0.925800455,0.841636777
1562,1.0159038,1.0193312,0.95880407,0.923548909,0.926664727,0.842422479
1563,1.0157357,1.0188298,0.95875984,0.923396091,0.926208909,0.842008099
1564,1.0157437,1.0188515,0.9583624,0.923403364,0.926228636,0.842026033
1565,1.0144452,1.0188355,0.95804369,0.922222909,0.926214091,0.84201281
1566,1.0152993,1.0181253,0.95820332,0.922999364,0.925568455,0.841425868
1567,1.0142639,1.0183078,0.95763004,0.922058091,0.925734364,0.841576695
1568,1.0148338,1.0181099,0.95808691,0.922576182,0.925554455,0.841413141
1569,1.0147072,1.0189581,0.9580043,0.922461091,0.926325545,0.842114132
1570,1.0142347,1.018268,0.9569658,0.922031545,0.925698182,0.841543802
1571,1.0149177,1.0187452,0.95635045,0.922652455,0.926132,0.841938182
1572,1.0147225,1.0178365,0.95658755,0.922475,0.925305909,0.84118719
1573,1.0143239,1.0183461,0.95681769,0.922112636,0.925769182,0.841608347
1574,1.013661,1.0184375,0.9570511,0.92151,0.925852273,0.841683885
1575,1.0150855,1.0184702,0.95603657,0.922805,0.925882,0.841710909
1576,1.0143658,1.0174255,0.95601243,0.922150727,0.924932273,0.840847521
1577,1.0149603,1.0182062,0.95593101,0.922691182,0.925642,0.841492727
1578,1.013209,1.0175929,0.95601183,0.921099091,0.925084455,0.840985868
1579,1.0141103,1.018141,0.9554987,0.921918455,0.925582727,0.841438843
1580,1.0133728,1.0182498,0.95512366,0.921248,0.925681636,0.84152876
1581,1.0123389,1.0179358,0.95585555,0.920308091,0.925396182,0.841269256
1582,1.0135411,1.0174617,0.95597851,0.921401,0.924965182,0.840877438
1583,1.0130851,1.0178914,0.95552588,0.920986455,0.925355818,0.841232562
1584,1.0141714,1.0171791,0.95525706,0.921974,0.924708273,0.840643885
1585,1.0134491,1.0174502,0.95549768,0.921317364,0.924954727,0.840867934
1586,1.0135752,1.0175066,0.95445675,0.921432,0.925006,0.840914545
1587,1.01323,1.0176808,0.95394266,0.921118182,0.925164364,0.841058513
1588,1.0131032,1.0174097,0.9540146,0.921002909,0.924917909,0.840834463
1589,1.013225,1.0173799,0.95457166,0.921113636,0.924890818,0.840809835
1590,1.0137354,1.0164136,0.95341903,0.921577636,0.924012364,0.84001124
1591,1.0129459,1.0167317,0.95347667,0.920859909,0.924301545,0.840274132
1592,1.0129673,1.016126,0.95362139,0.920879364,0.923750909,0.839773554
1593,1.0134876,1.0167166,0.95336044,0.921352364,0.924287818,0.840261653
1594,1.0126582,1.0157316,0.95169294,0.920598364,0.923392364,0.839447604
1595,1.0115581,1.0164766,0.95199573,0.919598273,0.924069636,0.840063305
1596,1.0120901,1.0163131,0.9510535,0.920081909,0.923921,0.839928182
1597,1.0120436,1.0168849,0.95284796,0.920039636,0.924440818,0.840400744
1598,1.0122299,1.0162821,0.95217991,0.920209,0.923892818,0.839902562
1599,1.0112799,1.0164878,0.9522,0.919345364,0.924079818,0.840072562
1600,1.0110579,1.0160534,0.95209473,0.919143545,0.923684909,0.839713554
1601,1.011242,1.0161586,0.95206922,0.919310909,0.923780545,0.839800495
1602,1.0115076,1.0157746,0.9513132,0.919552364,0.923431455,0.839483141
1603,1.0111967,1.0165087,0.94981265,0.919269727,0.924098818,0.840089835
1604,1.0115925,1.0155911,0.95130813,0.919629545,0.923264636,0.839331487
1605,1.0116227,1.0160477,0.95087487,0.919657,0.923679727,0.839708843
1606,1.0111585,1.0154289,0.95117134,0.919235,0.923117182,0.839197438
1607,1.010343,1.0160849,0.95056814,0.918493636,0.923713545,0.839739586
1608,1.0100933,1.0153512,0.95060223,0.918266636,0.923046545,0.839133223
1609,1.0106955,1.0161248,0.94936949,0.918814091,0.923749818,0.839772562
1610,1.0105407,1.0151547,0.94998914,0.918673364,0.922867909,0.838970826
1611,1.0099734,1.0155672,0.94995844,0.918157636,0.923242909,0.839311735
1612,1.0100801,1.0144268,0.95042646,0.918254636,0.922206182,0.838369256
1613,1.0098894,1.0154381,0.94963664,0.918081273,0.923125545,0.839205041
1614,1.0100875,1.0151402,0.94934112,0.918261364,0.922854727,0.838958843
1615,1.0101728,1.0155333,0.94919795,0.918338909,0.923212091,0.839283719
1616,1.009624,1.0150341,0.94892043,0.91784,0.922758273,0.838871157
1617,1.0098299,1.0156794,0.94831103,0.918027182,0.923344909,0.839404463
1618,1.009478,1.0149231,0.94840479,0.917707273,0.922657364,0.838779422
1619,1.0091114,1.0147359,0.94841444,0.917374,0.922487182,0.838624711
1620,1.0080736,1.0144906,0.94826353,0.916430545,0.922264182,0.838421984
1621,1.0090902,1.0148787,0.94785738,0.917354727,0.922617,0.838742727
1622,1.0079798,1.0141841,0.94786006,0.916345273,0.921985545,0.838168677
1623,1.0079834,1.015118,0.94778931,0.916348545,0.922834545,0.838940495
1624,1.0081513,1.0139184,0.94771183,0.916501182,0.921744,0.837949091
1625,1.0075845,1.0140125,0.94702709,0.915985909,0.921829545,0.838026859
1626,1.0080173,1.0145292,0.94698972,0.916379364,0.922299273,0.838453885
1627,1.0075269,1.0138336,0.94655532,0.915933545,0.921666909,0.837879008
1628,1.0078169,1.0139855,0.94640082,0.916197182,0.921805,0.838004545
1629,1.0067855,1.0145112,0.94616979,0.915259545,0.922282909,0.838439008
1630,1.006685,1.0138748,0.94616497,0.915168182,0.921704364,0.837913058
1631,1.0072321,1.0130554,0.94683629,0.915665545,0.920959455,0.837235868
1632,1.0072069,1.0138142,0.94395602,0.915642636,0.921649273,0.837862975
1633,1.006034,1.0136436,0.94606596,0.914576364,0.921494182,0.837721984
1634,1.0069524,1.0140054,0.94553256,0.915411273,0.921823091,0.838020992
1635,1.0062804,1.0137329,0.94535863,0.914800364,0.921575364,0.837795785
1636,1.0053356,1.0130887,0.94384086,0.913941455,0.920989727,0.837263388
1637,1.0057939,1.0137907,0.94441158,0.914358091,0.921627909,0.837843554
1638,1.0055695,1.0135242,0.94447511,0.914154091,0.921385636,0.837623305
1639,1.0059394,1.0130773,0.94435525,0.914490364,0.920979364,0.837253967
1640,1.0049832,1.012598,0.94316924,0.913621091,0.920543636,0.836857851
1641,1.0055203,1.0127112,0.94336098,0.914109364,0.920646545,0.836951405
1642,1.0051024,1.0125865,0.93539399,0.913729455,0.920533182,0.836848347
1643,1.0053262,1.0128182,0.9433704,0.913932909,0.920743818,0.837039835
1644,1.0043484,1.0129113,0.94146138,0.913044,0.920828455,0.837116777
1645,1.0046306,1.0123423,0.94309324,0.913300545,0.920311182,0.836646529
1646,1.0042611,1.0121855,0.94338495,0.912964636,0.920168636,0.836516942
1647,1.0038694,1.0122573,0.94162422,0.912608545,0.920233909,0.836576281
1648,1.0043242,1.0128236,0.94161385,0.913022,0.920748727,0.837044297
1649,1.0035504,1.01149,0.93943572,0.912318545,0.919536364,0.835942149
1650,1.0039333,1.0123649,0.94197416,0.912666636,0.920331727,0.836665206
1651,1.0033125,1.0110065,0.94153821,0.912102273,0.919096818,0.835542562
1652,1.003557,1.0119777,0.94106412,0.912324545,0.919979727,0.836345206
1653,1.0028021,1.0117108,0.93286085,0.911638273,0.919737091,0.836124628
1654,1.0025735,1.0113078,0.94022071,0.911430455,0.919370727,0.83579157
1655,1.0028256,1.0115589,0.93912828,0.911659636,0.919599,0.835999091
1656,1.002926,1.011569,0.93904608,0.911750909,0.919608182,0.836007438
1657,1.0020164,1.0108343,0.9402625,0.910924,0.918940273,0.835400248
1658,1.0023618,1.0116559,0.93876213,0.911238,0.919687182,0.836079256
1659,1.0010352,1.010476,0.9398815,0.910032,0.918614545,0.835104132
1660,1.0018111,1.0115079,0.93919492,0.910737364,0.919552636,0.835956942
1661,1.0020936,1.0110799,0.9389509,0.910994182,0.919163545,0.835603223
1662,1.0020152,1.011584,0.93923038,0.910922909,0.919621818,0.836019835
1663,1.0009626,1.0112375,0.93921709,0.909966,0.919306818,0.835733471
1664,1.0004146,1.0107599,0.93859011,0.909467818,0.918872636,0.83533876
1665,1.0014971,1.0110749,0.93837017,0.910451909,0.919159,0.835599091
1666,1.0015229,1.0110109,0.93878418,0.910475364,0.919100818,0.835546198
1667,1.0012221,1.0103165,0.93774927,0.910201909,0.918469545,0.834972314
1668,1.0004447,1.0099584,0.93776429,0.909495182,0.918144,0.834676364
1669,1.000392,1.0107962,0.93718362,0.909447273,0.918905636,0.83536876
1670,1.0005742,1.0098246,0.93734103,0.909612909,0.918022364,0.834565785
1671,1.000224,1.0103302,0.93705744,0.909294545,0.918482,0.834983636
1672,1.0000967,1.0103519,0.93609345,0.909178818,0.918501727,0.83500157
1673,0.99955875,1.0100344,0.93674845,0.908689773,0.918213091,0.834739174
1674,0.99949032,1.0099204,0.93592507,0.908627564,0.918109455,0.834644959
1675,0.99909937,1.0095574,0.9360106,0.908272155,0.917779455,0.834344959
1676,0.99919707,1.0098917,0.93370169,0.908360973,0.918083364,0.83462124
1677,0.99910778,1.0093709,0.93580341,0.9082798,0.917609909,0.834190826
1678,0.9992094,1.0091932,0.93568403,0.908372182,0.917448364,0.834043967
1679,0.99854881,1.0096793,0.93497056,0.907771645,0.917890273,0.834445703
1680,0.99898684,1.0087463,0.93534058,0.908169855,0.917042091,0.833674628
1681,0.99876261,1.0091797,0.93377155,0.907966009,0.917436091,0.83403281
1682,0.99830812,1.008462,0.93512285,0.907552836,0.916783636,0.833439669
1683,0.99795735,1.0089757,0.93391061,0.907233955,0.917250636,0.833864215
1684,0.99826276,1.0089679,0.93411928,0.9075116,0.917243545,0.833857768
1685,0.99775839,1.0090668,0.93380451,0.907053082,0.917333455,0.833939505
1686,0.99746293,1.0086311,0.93339103,0.906784482,0.916937364,0.833579422
1687,0.99770266,1.0084412,0.93240368,0.907002418,0.916764727,0.833422479
1688,0.9971838,1.0084263,0.93034273,0.906530727,0.916751182,0.833410165
1689,0.99639505,1.0084581,0.93314648,0.905813682,0.916780091,0.833436446
1690,0.99702108,1.0081867,0.93238825,0.9063828,0.916533364,0.833212149
1691,0.99643272,1.008435,0.93083888,0.905847927,0.916759091,0.833417355
1692,0.99689502,1.0081425,0.93000984,0.9062682,0.916493182,0.83317562
1693,0.99621522,1.0074006,0.93118697,0.9056502,0.915818727,0.832562479
1694,0.99679726,1.0076258,0.93096352,0.906179327,0.916023455,0.832748595
1695,0.99617088,1.0070053,0.93136442,0.905609891,0.915459364,0.832235785
1696,0.9957273,1.007215,0.93122214,0.905206636,0.91565,0.832409091
1697,0.99611938,1.0077448,0.93100572,0.905563073,0.916131636,0.832846942
1698,0.99573821,1.0066725,0.93071592,0.905216555,0.915156818,0.831960744
1699,0.99541235,1.0071906,0.922831,0.904920318,0.915627818,0.832388925
1700,0.99503678,1.0068792,0.92911857,0.904578891,0.915344727,0.83213157
1701,0.99457145,1.0066273,0.93024766,0.904155864,0.915115727,0.831923388
1702,0.99517852,1.006914,0.92397743,0.904707745,0.915376364,0.832160331
1703,0.99479771,1.0064865,0.92863661,0.904361555,0.914987727,0.831807025
1704,0.99427837,1.0066494,0.92883229,0.903889427,0.915135818,0.831941653
1705,0.99414909,1.0065129,0.92859352,0.9037719,0.915011727,0.831828843
1706,0.99475348,1.0064186,0.92454511,0.904321345,0.914926,0.831750909
1707,0.99394572,1.0055869,0.92782468,0.903587018,0.914169909,0.831063554
1708,0.9941864,1.0057715,0.92799801,0.903805818,0.914337727,0.831216115
1709,0.9937554,1.0048647,0.92755163,0.903414,0.913513364,0.830466695
1710,0.99327093,1.0050478,0.92745411,0.902973573,0.913679818,0.830618016
1711,0.99311709,1.0048521,0.92670232,0.902833718,0.913501909,0.830456281
1712,0.99284142,1.0047873,0.92706943,0.902583109,0.913443,0.830402727
1713,0.99220115,1.0046283,0.92621571,0.902001045,0.913298455,0.830271323
1714,0.99247169,1.0050535,0.92587888,0.902246991,0.913685,0.830622727
1715,0.99270159,1.0045005,0.92527848,0.902455991,0.913182273,0.830165703
1716,0.99262393,1.0049107,0.90296561,0.902385391,0.913555182,0.830504711
1717,0.99207985,1.0049213,0.92593402,0.901890773,0.913564818,0.830513471
1718,0.99145716,1.0038596,0.9256413,0.901324691,0.912599636,0.829636033
1719,0.99204165,1.0041546,0.92241895,0.901856045,0.912867818,0.829879835
1720,0.9926582,1.004027,0.92227846,0.902416545,0.912751818,0.82977438
1721,0.99143791,1.0041686,0.92394066,0.901307191,0.912880545,0.829891405
1722,0.99195206,1.0035081,0.92487299,0.9017746,0.912280091,0.829345537
1723,0.99165225,1.0037708,0.91618341,0.901502045,0.912518909,0.829562645
1724,0.99142283,1.0030658,0.9230203,0.901293482,0.911878,0.82898
1725,0.99102724,1.0024719,0.92195588,0.900933855,0.911338091,0.828489174
1726,0.99150312,1.0034338,0.89994049,0.901366473,0.912212545,0.829284132
1727,0.99095613,1.0023758,0.92255229,0.900869209,0.911250727,0.828409752
1728,0.9908855,1.0023283,0.9225418,0.900805,0.911207545,0.828370495
1729,0.99062365,1.002827,0.92003506,0.900566955,0.911660909,0.828782645
1730,0.99049044,1.0022618,0.92127681,0.900445855,0.911147091,0.828315537
1731,0.99037904,1.0021118,0.92156953,0.900344582,0.911010727,0.82819157
1732,0.99013937,1.0014333,0.91933769,0.9001267,0.910393909,0.827630826
1733,0.98973781,1.001864,0.91759557,0.899761645,0.910785455,0.827986777
1734,0.99005067,1.0017538,0.92070496,0.900046064,0.910685273,0.827895703
1735,0.98965001,1.0013303,0.92043769,0.899681827,0.910300273,0.827545703
1736,0.98978961,1.0005503,0.90074867,0.899808736,0.909591182,0.826901075
1737,0.98983729,1.0013942,0.91909486,0.899852082,0.910358364,0.827598513
1738,0.98877555,1.0005395,0.91114271,0.898886864,0.909581364,0.826892149
1739,0.9887566,1.0005416,0.91449547,0.898869636,0.909583273,0.826893885
1740,0.98872948,1.0005405,0.9167276,0.898844982,0.909582273,0.826892975
1741,0.98913628,1.0002009,0.91830635,0.8992148,0.909273545,0.826612314
1742,0.98863119,1.0001327,0.91508234,0.898755627,0.909211545,0.82655595
1743,0.98856145,1.0003366,0.91807246,0.898692227,0.909396909,0.826724463
1744,0.9881959,0.99961144,0.91778255,0.898359909,0.908737673,0.826125157
1745,0.98794681,0.99931276,0.91777533,0.898133464,0.908466145,0.825878314
1746,0.98757195,0.99936402,0.9175027,0.897792682,0.908512745,0.825920677
1747,0.98733771,0.99934924,0.91752547,0.897579736,0.908499309,0.825908463
1748,0.98724157,0.99927378,0.91692477,0.897492336,0.908430709,0.825846099
1749,0.98674387,0.99875438,0.91706181,0.897039882,0.907958527,0.825416843
1750,0.98689312,0.99929047,0.91660559,0.897175564,0.908445882,0.825859893
1751,0.98674011,0.99841666,0.91630131,0.897036464,0.907651509,0.825137735
1752,0.986426,0.99818498,0.90858394,0.896750909,0.907440891,0.824946265
1753,0.98672301,0.99835885,0.91440016,0.897020918,0.907598955,0.825089959
1754,0.98629969,0.99815118,0.91537452,0.896636082,0.907410164,0.824918331
1755,0.98641437,0.99822271,0.91565192,0.896740336,0.907475191,0.824977446
1756,0.98652822,0.99778628,0.91429722,0.896843836,0.907078436,0.82461676
1757,0.98579174,0.99786901,0.91448277,0.896174309,0.907153645,0.824685132
1758,0.98590881,0.99754888,0.91436988,0.896280736,0.906862618,0.824420562
1759,0.98599082,0.99769884,0.91053921,0.896355291,0.906998945,0.824544495
1760,0.98543066,0.997361,0.91245478,0.895846055,0.906691818,0.824265289
1761,0.98598886,0.99727607,0.91348118,0.896353509,0.906614609,0.824195099
1762,0.98524892,0.9969334,0.90461093,0.895680836,0.906303091,0.823911901
1763,0.98485148,0.99647468,0.9132548,0.895319527,0.905886073,0.823532794
1764,0.98452544,0.99598384,0.91262007,0.895023127,0.905439855,0.823127141
1765,0.98466247,0.99578315,0.91232324,0.8951477,0.905257409,0.822961281
1766,0.98476171,0.99572664,0.90935773,0.895237918,0.905206036,0.822914578
1767,0.98413837,0.99559456,0.90563738,0.894671245,0.905085964,0.822805422
1768,0.98325068,0.99623543,0.90951914,0.893864255,0.905668573,0.823335066
1769,0.98391205,0.99594891,0.91102451,0.8944655,0.9054081,0.823098273
1770,0.98363733,0.99521315,0.91051197,0.894215755,0.904739227,0.822490206
1771,0.98342395,0.99520576,0.9102239,0.894021773,0.904732509,0.822484099
1772,0.98306811,0.9955672,0.90939111,0.893698282,0.905061091,0.82278281
1773,0.98342115,0.99492556,0.90963191,0.894019227,0.904477782,0.822252529
1774,0.98290962,0.99539518,0.90578693,0.8935542,0.904904709,0.822640645
1775,0.98167342,0.99449033,0.90938711,0.892430382,0.904082118,0.821892835
1776,0.98268932,0.99481905,0.90842599,0.893353927,0.904380955,0.822164505
1777,0.98212796,0.99523562,0.89637643,0.8928436,0.904759655,0.822508777
1778,0.98184437,0.99419641,0.90864688,0.892585791,0.903814918,0.821649925
1779,0.98193431,0.99478859,0.9078542,0.892667555,0.904353264,0.822139331
1780,0.98197079,0.99429637,0.90741491,0.892700718,0.903905791,0.821732537
1781,0.98191714,0.99363828,0.89975381,0.892651945,0.903307527,0.821188661
1782,0.98103654,0.99397272,0.9069171,0.8918514,0.903611564,0.821465058
1783,0.98140991,0.99344307,0.90669388,0.892190827,0.903130064,0.821027331
1784,0.98115951,0.99280584,0.89662194,0.891963191,0.902550764,0.820500695
1785,0.98037624,0.99327487,0.90628761,0.891251127,0.902977155,0.820888323
1786,0.98131508,0.99264842,0.9054625,0.892104618,0.902407655,0.820370595
1787,0.98038739,0.99280226,0.90606433,0.891261264,0.902547509,0.820497735
1788,0.98016107,0.9932,0.90471989,0.891055518,0.902909091,0.820826446
1789,0.97971666,0.99231094,0.90474254,0.890651509,0.902100855,0.820091686
1790,0.97955561,0.9924047,0.90477234,0.8905051,0.902186091,0.820169174
1791,0.97961378,0.99240279,0.89961338,0.890557982,0.902184355,0.820167595
1792,0.97903466,0.99155945,0.90362406,0.890031509,0.901417682,0.81947062
1793,0.97952104,0.99173939,0.90311581,0.890473673,0.901581264,0.819619331
1794,0.97937429,0.9921481,0.89701295,0.890340264,0.901952818,0.819957107
1795,0.97916073,0.99097723,0.90302294,0.890146118,0.900888391,0.818989446
1796,0.97813994,0.99181509,0.90257877,0.889218127,0.901650082,0.819681893
1797,0.97855747,0.99039638,0.89426637,0.8895977,0.900360345,0.818509405
1798,0.97865689,0.99000889,0.90171129,0.889688082,0.900008082,0.818189165
1799,0.9781552,0.99030876,0.90170008,0.889232,0.900280691,0.818436992
1800,0.97826409,0.99042273,0.89413148,0.889330991,0.9003843,0.818531182
1801,0.97788358,0.9901647,0.90010619,0.888985073,0.900149727,0.818317934
1802,0.9776355,0.98984498,0.90077275,0.888759545,0.899859073,0.818053703
1803,0.97734749,0.98984945,0.90045857,0.888497718,0.899863136,0.818057396
1804,0.97706592,0.99025166,0.90000105,0.888241745,0.900228782,0.818389802
1805,0.97669458,0.99013138,0.8991878,0.887904164,0.900119436,0.818290396
1806,0.97624028,0.98977149,0.8820197,0.887491164,0.899792264,0.817992967
1807,0.97693706,0.98971343,0.89869297,0.8881246,0.899739482,0.817944984
1808,0.97643787,0.98951489,0.89870703,0.887670791,0.899558991,0.817780901
1809,0.97657442,0.98960561,0.89799035,0.887794927,0.899641464,0.817855876
1810,0.9762221,0.9892295,0.89774221,0.887474636,0.899299545,0.817545041
1811,0.97603607,0.98882687,0.89693564,0.887305518,0.898933518,0.817212289
1812,0.9760114,0.98857337,0.89685875,0.887283091,0.898703064,0.817002785
1813,0.97631204,0.989151,0.89628237,0.8875564,0.899228182,0.817480165
1814,0.97610849,0.98823082,0.89232743,0.887371355,0.898391655,0.816719686
1815,0.97563827,0.98803473,0.89607513,0.886943882,0.898213391,0.816557628
1816,0.97542226,0.98785031,0.89365315,0.886747509,0.898045736,0.816405215
1817,0.97469682,0.98781574,0.89563757,0.886088018,0.898014309,0.816376645
1818,0.97461182,0.98778635,0.89472091,0.886010745,0.897987591,0.816352355
1819,0.97507322,0.98785293,0.89363384,0.8864302,0.898048118,0.81640738
1820,0.9748314,0.9870733,0.89350688,0.886210364,0.897339364,0.815763058
1821,0.974814,0.9869616,0.89458299,0.886194545,0.897237818,0.815670744
1822,0.97406024,0.98720264,0.89341742,0.885509309,0.897456945,0.81586995
1823,0.9740749,0.98661411,0.89356011,0.885522636,0.896921918,0.815383562
1824,0.97408932,0.98676217,0.89089906,0.885535745,0.897056518,0.815505925
1825,0.97434193,0.98701912,0.89275843,0.885765391,0.897290109,0.815718281
1826,0.97363394,0.98620152,0.89202011,0.885121764,0.896546836,0.815042578
1827,0.9732306,0.98607963,0.89127684,0.884755091,0.896436027,0.814941843
1828,0.97287136,0.9862811,0.8913675,0.884428509,0.896619182,0.815108347
1829,0.97294497,0.98526293,0.89155906,0.884495427,0.895693573,0.814266885
1830,0.97264808,0.98545295,0.89044708,0.884225527,0.895866318,0.814423925
1831,0.97232783,0.98504573,0.890598,0.883934391,0.895496118,0.81408738
1832,0.97200751,0.98509508,0.88798815,0.883643191,0.895540982,0.814128165
1833,0.97178584,0.98558426,0.89013308,0.883441673,0.895985691,0.814532446
1834,0.97203541,0.98496604,0.88930309,0.883668555,0.895423673,0.814021521
1835,0.97158426,0.98488277,0.88900512,0.883258418,0.895347973,0.813952703
1836,0.971331,0.98483264,0.88765556,0.883028182,0.8953024,0.813911273
1837,0.97113591,0.98529798,0.88725811,0.882850827,0.895725436,0.814295851
1838,0.97112054,0.98461032,0.8879959,0.882836855,0.895100291,0.813727537
1839,0.9709841,0.98411345,0.88752317,0.882712818,0.894648591,0.813316901
1840,0.97069633,0.98460352,0.88741404,0.882451209,0.895094109,0.813721917
1841,0.97006172,0.9842245,0.88699293,0.881874291,0.894749545,0.813408677
1842,0.97057956,0.98365742,0.88661915,0.882345055,0.894234018,0.812940016
1843,0.96986097,0.98388445,0.88605803,0.881691791,0.894440409,0.813127645
1844,0.96986789,0.98382932,0.88619763,0.881698082,0.894390291,0.813082083
1845,0.96946532,0.98350561,0.88597322,0.881332109,0.894096009,0.812814554
1846,0.96907502,0.98309422,0.88543469,0.880977291,0.893722018,0.812474562
1847,0.96893179,0.98342276,0.88454622,0.880847082,0.894020691,0.812746083
1848,0.96914726,0.98287284,0.88462406,0.881042964,0.893520764,0.812291604
1849,0.9690786,0.98215181,0.88433141,0.880980545,0.892865282,0.811695711
1850,0.96866554,0.98242086,0.88280821,0.880605036,0.893109873,0.811918066
1851,0.96837664,0.98302287,,0.8803424,0.893657155,
1852,0.96815747,0.98301023,,0.880143155,0.893645664,
1853,0.96813035,0.98231661,,0.8801185,0.8930151,
1854,0.96828389,0.98207152,,0.880258082,0.892792291,
1855,0.96776372,0.98222899,,0.8797852,0.892935445,
1856,0.96750104,0.9818927,,0.8795464,0.892629727,
1857,0.96781212,0.98137259,,0.8798292,0.8921569,
1858,0.96698391,0.98119038,,0.879076282,0.891991255,
1859,0.96645433,0.98071355,,0.878594845,0.891557773,
1860,0.96680421,0.98123407,,0.878912918,0.892030973,
1861,0.96629107,0.98113567,,0.878446427,0.891941518,
1862,0.96651703,0.9807564,,0.878651845,0.891596727,
1863,0.96663046,0.98028249,,0.878754964,0.8911659,
1864,0.9660387,0.97954237,,0.878217,0.890493064,
1865,0.9658165,0.98040712,,0.878015,0.8912792,
1866,0.96559006,0.97984582,,0.877809145,0.890768927,
1867,0.96521968,0.97946948,,0.877472436,0.8904268,
1868,0.96566415,0.97987539,,0.8778765,0.890795809,
1869,0.96501565,0.9800626,,0.877286955,0.890966,
1870,0.96463323,0.97967023,,0.8769393,0.8906093,
1871,0.9642005,0.97886652,,0.876545909,0.889878655,
1872,0.96439761,0.97940993,,0.8767251,0.890372664,
1873,0.96392494,0.97951478,,0.8762954,0.890467982,
1874,0.96331108,0.97870922,,0.875737345,0.889735655,
1875,0.96344566,0.97864205,,0.875859691,0.889674591,
1876,0.96333945,0.97889948,,0.875763136,0.889908618,
1877,0.9629581,0.97819352,,0.875416455,0.889266836,
1878,0.96242648,0.9776985,,0.874933164,0.888816818,
1879,0.96329188,0.97804415,,0.875719891,0.889131045,
1880,0.96283549,0.97804546,,0.875304991,0.889132236,
1881,0.96187609,0.97747976,,0.874432809,0.888617964,
1882,0.962147,0.97805357,,0.874679091,0.889139609,
1883,0.9626078,0.97713667,,0.875098,0.888306064,
1884,0.96225458,0.97701913,,0.874776891,0.888199209,
1885,0.96159065,0.97682828,,0.874173318,0.888025709,
1886,0.96128488,0.97735459,,0.873895345,0.888504173,
1887,0.96115446,0.97671241,,0.873776782,0.887920373,
1888,0.96095258,0.97615206,,0.873593255,0.887410964,
1889,0.96061629,0.97582251,,0.873287536,0.887111373,
1890,0.96107161,0.97589886,,0.873701464,0.887180782,
1891,0.96063536,0.97611356,,0.873304873,0.887375964,
1892,0.95981443,0.97577006,,0.872558573,0.887063691,
1893,0.9596923,0.9755131,,0.872447545,0.886830091,
1894,0.95993823,0.97481441,,0.872671118,0.886194918,
1895,0.95954591,0.97561926,,0.872314464,0.8869266,
1896,0.95930135,0.97512996,,0.872092136,0.886481782,
1897,0.9590413,0.97459769,,0.871855727,0.8859979,
1898,0.95890701,0.97469956,,0.871733645,0.886090509,
1899,0.95860857,0.97443479,,0.871462336,0.885849809,
1900,0.95800406,0.97368801,,0.870912782,0.885170918,
1901,0.95817876,0.97373992,,0.8710716,0.885218109,
1902,0.95777863,0.97412276,,0.870707845,0.885566145,
1903,0.95704973,0.97323275,,0.870045209,0.884757045,
1904,0.95695609,0.9734385,,0.869960082,0.884944091,
1905,0.95636612,0.97249705,,0.869423745,0.884088227,
1906,0.95690894,0.97284621,,0.869917218,0.884405645,
1907,0.95635563,0.97320259,,0.869414209,0.884729627,
1908,0.95541227,0.97282654,,0.868556609,0.884387764,
1909,0.95654905,0.97206318,,0.869590045,0.8836938,
1910,0.95624268,0.97173661,,0.869311527,0.883396918,
1911,0.95607936,0.9720782,,0.869163055,0.883707455,
1912,0.95550811,0.97204465,,0.868643736,0.883676955,
1913,0.95549256,0.97198504,,0.8686296,0.883622764,
1914,0.95490849,0.97211224,,0.868098627,0.8837384,
1915,0.95405948,0.97147483,,0.8673268,0.883158936,
1916,0.95408589,0.97134012,,0.867350809,0.883036473,
1917,0.95443809,0.97096294,,0.867670991,0.882693582,
1918,0.95411575,0.97095591,,0.867377955,0.882687191,
1919,0.95365316,0.97089505,,0.866957418,0.882631864,
1920,0.95371038,0.97077101,,0.867009436,0.8825191,
1921,0.95303917,0.97059095,,0.866399245,0.882355409,
1922,0.9527092,0.96997815,,0.866099273,0.881798318,
1923,0.95261276,0.96991009,,0.8660116,0.881736445,
1924,0.95262027,0.96979362,,0.866018427,0.881630564,
1925,0.95289934,0.96984953,,0.866272127,0.881681391,
1926,0.95238864,0.96941572,,0.865807855,0.881287018,
1927,0.95219558,0.9693234,,0.865632345,0.881203091,
1928,0.95195472,0.96960497,,0.865413382,0.881459064,
1929,0.95190716,0.96917164,,0.865370145,0.881065127,
1930,0.9512971,0.96870726,,0.864815545,0.880642964,
1931,0.95035189,0.96863937,,0.863956264,0.880581245,
1932,0.95081598,0.96890926,,0.864378164,0.8808266,
1933,0.95095396,0.96861988,,0.8645036,0.880563527,
1934,0.94981146,0.96786147,,0.863464964,0.879874064,
1935,0.9497304,0.96768105,,0.863391273,0.879710045,
1936,0.95013636,0.96784776,,0.863760327,0.8798616,
1937,0.949341,0.96813393,,0.863037273,0.880121755,
1938,0.94868666,0.96712387,,0.862442418,0.879203518,
1939,0.94900358,0.96778435,,0.862730527,0.879803955,
1940,0.94924688,0.96725988,,0.862951709,0.879327164,
1941,0.94884741,0.96689391,,0.862588555,0.878994464,
1942,0.94794559,0.96671563,,0.861768718,0.878832391,
1943,0.94788176,0.96643859,,0.861710691,0.878580536,
1944,0.94824982,0.96669942,,0.862045291,0.878817655,
1945,0.94786835,0.96600127,,0.8616985,0.878182973,
1946,0.94751942,0.96598071,,0.861381291,0.878164282,
1947,0.94742948,0.96523601,,0.861299527,0.877487282,
1948,0.94728768,0.96572113,,0.861170618,0.8779283,
1949,0.94668829,0.96477705,,0.860625718,0.877070045,
1950,0.94626361,0.96557891,,0.860239645,0.877799009,
1951,0.94612497,0.96505988,,0.860113609,0.877327164,
1952,0.94590443,0.96435767,,0.859913118,0.876688791,
1953,0.94599563,0.96439308,,0.859996027,0.876720982,
1954,0.94539118,0.96445185,,0.859446527,0.876774409,
1955,0.94534469,0.9634518,,0.859404264,0.875865273,
1956,0.94500858,0.96394521,,0.859098709,0.876313827,
1957,0.94437444,0.96351606,,0.858522218,0.875923691,
1958,0.94397444,0.96329141,,0.858158582,0.875719464,
1959,0.94425881,0.96373075,,0.8584171,0.876118864,
1960,0.94390899,0.96363139,,0.858099082,0.876028536,
1961,0.94328243,0.9635492,,0.857529482,0.875953818,
1962,0.94308841,0.96343291,,0.8573531,0.8758481,
1963,0.94273901,0.96319741,,0.857035464,0.875634009,
1964,0.94238281,0.96272165,,0.856711645,0.8752015,
1965,0.94208044,0.96265841,,0.856436764,0.875144009,
1966,0.94198781,0.96288139,,0.856352555,0.875346718,
1967,0.94185591,0.96193236,,0.856232645,0.874483964,
1968,0.94134551,0.96191013,,0.855768645,0.874463755,
1969,0.94093084,0.96185261,,0.855391673,0.874411464,
1970,0.94072622,0.96181077,,0.855205655,0.874373427,
1971,0.94078779,0.9611966,,0.855261627,0.873815091,
1972,0.94067532,0.9613899,,0.855159382,0.873990818,
1973,0.93989402,0.96098965,,0.854449109,0.873626955,
1974,0.94004899,0.96114981,,0.854589991,0.873772555,
1975,0.94018465,0.96055973,,0.854713318,0.873236118,
1976,0.94007748,0.96069562,,0.854615891,0.873359655,
1977,0.93927252,0.96036226,,0.853884109,0.8730566,
1978,0.9394244,0.95968556,,0.854022182,0.872441418,
1979,0.93942523,0.96001273,,0.854022936,0.872738845,
1980,0.93906397,0.9592157,,0.853694518,0.872014273,
1981,0.93855983,0.95955205,,0.853236209,0.872320045,
1982,0.93809843,0.95866191,,0.852816755,0.871510827,
1983,0.93808407,0.9587394,,0.8528037,0.871581273,
1984,0.93789691,0.95863867,,0.852633555,0.8714897,
1985,0.93719971,0.95877194,,0.851999736,0.871610855,
1986,0.93726093,0.95795697,,0.852055391,0.870869973,
1987,0.93731827,0.95779675,,0.852107518,0.870724318,
1988,0.93733984,0.9578709,,0.852127127,0.870791727,
1989,0.93644446,0.95827329,,0.851313145,0.871157536,
1990,0.9361707,0.95759928,,0.851064273,0.8705448,
1991,0.93593705,0.95723981,,0.850851864,0.870218009,
1992,0.93560272,0.95692748,,0.850547927,0.869934073,
1993,0.93503499,0.95673144,,0.850031809,0.869755855,
1994,0.93515229,0.95695442,,0.850138445,0.869958564,
1995,0.93471211,0.95670104,,0.849738282,0.869728218,
1996,0.93463373,0.95684522,,0.849667027,0.869859291,
1997,0.93373966,0.95641863,,0.848854236,0.869471482,
1998,0.93387067,0.95611602,,0.848973336,0.869196382,
1999,0.9343217,0.95584291,,0.849383364,0.8689481,
2000,0.93330222,0.95489222,,0.848456564,0.868083836,
2001,0.93259132,0.95565456,,0.847810291,0.868776873,
2002,0.93306947,0.9554888,,0.848244973,0.868626182,
2003,0.93275446,0.95480686,,0.8479586,0.868006236,
2004,0.93230349,0.95464128,,0.847548627,0.867855709,
2005,0.93206131,0.9544906,,0.847328464,0.867718727,
2006,0.93156117,0.95450425,,0.846873791,0.867731136,
2007,0.93133849,0.95474631,,0.846671355,0.867951191,
2008,0.93126541,0.95430744,,0.846604918,0.867552218,
2009,0.93117261,0.95345354,,0.846520555,0.866775945,
2010,0.93124914,0.95366746,,0.846590127,0.866970418,
2011,0.93079865,0.95399553,,0.846180591,0.867268664,
2012,0.92977923,0.95377278,,0.845253845,0.867066164,
2013,0.92985064,0.95307314,,0.845318764,0.866430127,
2014,0.93027318,0.95334667,,0.845702891,0.866678791,
2015,0.92970717,0.95288932,,0.845188336,0.866263018,
2016,0.92962265,0.95273542,,0.8451115,0.866123109,
2017,0.92932761,0.95227414,,0.844843282,0.865703764,
2018,0.92934883,0.95175588,,0.844862573,0.865232618,
2019,0.92854935,0.95235974,,0.844135773,0.865781582,
2020,0.92777622,0.95156687,,0.843432927,0.865060791,
2021,0.92795241,0.95108843,,0.8435931,0.864625845,
2022,0.92784619,0.95110554,,0.843496536,0.8646414,
2023,0.92752749,0.95106107,,0.843206809,0.864600973,
2024,0.92747331,0.95144677,,0.843157555,0.864951609,
2025,0.92701274,0.95094639,,0.842738855,0.864496718,
2026,0.92678076,0.95084095,,0.842527964,0.864400864,
2027,0.92696744,0.95044929,,0.842697673,0.864044809,
2028,0.9261235,0.94972914,,0.841930455,0.863390127,
2029,0.925623,0.9495905,,0.841475455,0.863264091,
2030,0.92541718,0.94920278,,0.841288345,0.862911618,
2031,0.92527181,0.94899976,,0.841156191,0.862727055,
2032,0.9247362,0.94934249,,0.840669273,0.863038627,
2033,0.92455518,0.94911772,,0.840504709,0.862834291,
2034,0.92381102,0.94865257,,0.8398282,0.862411427,
2035,0.9242211,0.94832456,,0.840201,0.862113236,
2036,0.9231075,0.94854367,,0.839188636,0.862312427,
2037,0.92344987,0.94848734,,0.839499882,0.862261218,
2038,0.92334247,0.94827735,,0.839402245,0.862070318,
2039,0.92266709,0.94746572,,0.838788264,0.861332473,
2040,0.92200184,0.94740236,,0.838183491,0.861274873,
2041,0.92216223,0.94728434,,0.8383293,0.861167582,
2042,0.92204428,0.94696015,,0.838222073,0.860872864,
2043,0.92169178,0.9468447,,0.837901618,0.860767909,
2044,0.92071408,0.94669104,,0.8370128,0.860628218,
2045,0.9206351,0.94643587,,0.836941,0.860396245,
2046,0.92086148,0.94653249,,0.8371468,0.860484082,
2047,0.92052108,0.94617093,,0.836837345,0.860155391,
2048,0.92024344,0.94553268,,0.836584945,0.859575164,
2049,0.92020643,0.94571829,,0.8365513,0.8597439,
2050,0.9194867,0.94531053,,0.835897,0.859373209,
2051,0.91963613,0.94536614,,0.836032845,0.859423764,
2052,0.91902757,0.9450146,,0.835479609,0.859104182,
2053,0.91890007,0.94464082,,0.8353637,0.858764382,
2054,0.91830009,0.94390166,,0.834818264,0.858092418,
2055,0.91810536,0.9437319,,0.834641236,0.857938091,
2056,0.91780722,0.94422305,,0.8343702,0.858384591,
2057,0.91712356,0.94350094,,0.833748691,0.857728127,
2058,0.91679925,0.94328004,,0.833453864,0.857527309,
2059,0.91682112,0.94357842,,0.833473745,0.857798564,
2060,0.91661638,0.9436366,,0.833287618,0.857851455,
2061,0.91626275,0.94358081,,0.832966136,0.857800736,
2062,0.91579634,0.94303626,,0.832542127,0.857305691,
2063,0.9156459,0.94296497,,0.832405364,0.857240882,
2064,0.91552931,0.94246978,,0.832299373,0.856790709,
2065,0.91455775,0.94186229,,0.831416136,0.856238445,
2066,0.91447723,0.94225806,,0.831342936,0.856598236,
2067,0.91419321,0.94132859,,0.831084736,0.855753264,
2068,0.91336972,0.94160771,,0.830336109,0.856007009,
2069,0.9133113,0.94143045,,0.830283,0.855845864,
2070,0.91305423,0.9407627,,0.8300493,0.855238818,
2071,0.91236454,0.94073576,,0.829422309,0.855214327,
2072,0.91261488,0.94023055,,0.829649891,0.854755045,
2073,0.91195577,0.94006681,,0.8290507,0.854606191,
2074,0.91210389,0.939722,,0.829185355,0.854292727,
2075,0.911686,0.9398551,,0.828805455,0.854413727,
2076,0.9117772,0.9400298,,0.828888364,0.854572545,
2077,0.91130501,0.93947077,,0.8284591,0.854064336,
2078,0.910905,0.9396199,,0.828095455,0.854199909,
2079,0.91094977,0.9391259,,0.828136155,0.853750818,
2080,0.91037607,0.93912292,,0.827614609,0.853748109,
2081,0.90959239,0.93852806,,0.826902173,0.853207327,
2082,0.90945238,0.93726689,,0.826774891,0.852060809,
2083,0.9090662,0.93797404,,0.826423818,0.852703673,
2084,0.90875435,0.93756384,,0.826140318,0.852330764,
2085,0.908131,0.93694568,,0.825573636,0.8517688,
2086,0.90767288,0.93698573,,0.825157164,0.851805209,
2087,0.90775013,0.93694204,,0.825227391,0.851765491,
2088,0.90742397,0.93673211,,0.824930882,0.851574645,
2089,0.90651917,0.93684411,,0.824108336,0.851676464,
2090,0.9061057,0.93639922,,0.823732455,0.851272018,
2091,0.90623552,0.93658286,,0.823850473,0.851438964,
2092,0.90569049,0.93608779,,0.823354991,0.8509889,
2093,0.90514421,0.93605018,,0.822858373,0.850954709,
2094,0.9042331,0.93601829,,0.822030091,0.850925718,
2095,0.90455419,0.93562245,,0.822321991,0.850565864,
2096,0.9043563,0.9353056,,0.822142091,0.850277818,
2097,0.90375948,0.93532634,,0.821599527,0.850296673,
2098,0.90316486,0.93426752,,0.821058964,0.849334109,
2099,0.90305454,0.93416214,,0.820958673,0.849238309,
2100,0.90299088,0.9344002,,0.8209008,0.849454727,
2101,0.90199864,0.93347746,,0.819998764,0.848615873,
2102,0.90107411,0.93360829,,0.819158282,0.848734809,
2103,0.90116531,0.93326604,,0.819241191,0.848423673,
2104,0.90111721,0.93331552,,0.819197464,0.848468655,
2105,0.90047091,0.93322301,,0.818609918,0.848384555,
2106,0.89970738,0.93268549,,0.8179158,0.8478959,
2107,0.89994085,0.93276513,,0.818128045,0.8479683,
2108,0.89961737,0.93238771,,0.817833973,0.847625191,
2109,0.89926648,0.93188161,,0.817514982,0.8471651,
2110,0.89840251,0.93158501,,0.816729555,0.846895464,
2111,0.89821976,0.93142873,,0.816563418,0.846753391,
2112,0.89824843,0.93168771,,0.816589482,0.846988827,
2113,0.8976177,0.93093854,,0.816016091,0.846307764,
2114,0.89687705,0.93067557,,0.815342773,0.8460687,
2115,0.89657325,0.93038219,,0.815066591,0.845801991,
2116,0.89648807,0.92978901,,0.814989155,0.845262736,
2117,0.89635235,0.92947549,,0.814865773,0.844977718,
2118,0.89578378,0.92955285,,0.814348891,0.845048045,
2119,0.89510161,0.92938858,,0.813728736,0.844898709,
2120,0.89493972,0.92894292,,0.813581564,0.844493564,
2121,0.89477563,0.928886,,0.813432391,0.844441818,
2122,0.89426339,0.92863208,,0.812966718,0.844210982,
2123,0.89309818,0.9284364,,0.811907436,0.844033091,
2124,0.89339292,0.92840362,,0.812175382,0.844003291,
2125,0.89320409,0.92786694,,0.812003718,0.8435154,
2126,0.89291322,0.92773473,,0.811739291,0.843395209,
2127,0.89207298,0.92760766,,0.810975436,0.843279691,
2128,0.8913995,0.927746,,0.810363182,0.843405455,
2129,0.89113659,0.92699933,,0.810124173,0.842726664,
2130,0.89093363,0.92684895,,0.809939664,0.842589955,
2131,0.89034927,0.92642266,,0.809408427,0.842202418,
2132,0.8859511,0.92672402,,0.805410091,0.842476382,
2133,0.88962531,0.92606443,,0.808750282,0.841876755,
2134,0.8895731,0.92545605,,0.808702818,0.841323682,
2135,0.88380331,0.92584139,,0.803457555,0.841673991,
2136,0.88819557,0.92538804,,0.807450518,0.841261855,
2137,0.88814253,0.92444766,,0.8074023,0.840406964,
2138,0.88377756,0.92484885,,0.803434145,0.840771682,
2139,0.88726097,0.92455441,,0.806600882,0.840504009,
2140,0.88654172,0.92377937,,0.805947018,0.839799427,
2141,0.88297486,0.92423403,,0.802704418,0.840212755,
2142,0.8820073,0.92391211,,0.801824818,0.8399201,
2143,0.88515908,0.92368954,,0.804690073,0.839717764,
2144,0.88189256,0.92320013,,0.801720509,0.839272845,
2145,0.88419002,0.92280751,,0.803809109,0.838915918,
2146,0.88419914,0.92288154,,0.8038174,0.838983218,
2147,0.88403404,0.92224205,,0.803667309,0.838401864,
2148,0.88372409,0.92175925,,0.803385536,0.837962955,
2149,0.88116068,0.92169678,,0.801055164,0.837906164,
2150,0.88099587,0.92155278,,0.800905336,0.837775255,
2151,0.88233918,0.92103809,,0.802126527,0.837307355,
2152,0.88223565,0.92075139,,0.802032409,0.837046718,
2153,0.88069266,0.91997701,,0.800629691,0.836342736,
2154,0.88127244,0.92001903,,0.801156764,0.836380936,
2155,0.88095802,0.91983938,,0.800870927,0.836217618,
2156,0.88064426,0.91977459,,0.800585691,0.836158718,
2157,0.88023162,0.91855174,,0.800210564,0.835047036,
2158,0.88000232,0.9190262,,0.800002109,0.835478364,
2159,,0.91867405,,,0.835158227,
2160,,0.91874141,,,0.835219464,
2161,,0.9169665,,,0.833605909,
2162,,0.91649425,,,0.833176591,
2163,,0.91645902,,,0.833144564,
2164,,0.91600597,,,0.8327327,
2165,,0.91552871,,,0.832298827,
2166,,0.91528231,,,0.832074827,
2167,,0.91502941,,,0.831844918,
2168,,0.91489065,,,0.831718773,
2169,,0.91436529,,,0.831241173,
2170,,0.91418648,,,0.831078618,
2171,,0.91427135,,,0.831155773,
2172,,0.91390258,,,0.830820527,
2173,,0.91315788,,,0.830143527,
2174,,0.91301042,,,0.830009473,
2175,,0.90455955,,,0.822326864,
2176,,0.90770084,,,0.825182582,
2177,,0.90791965,,,0.8253815,
2178,,0.90747732,,,0.824979382,
2179,,0.90649182,,,0.824083473,
2180,,0.90544546,,,0.823132236,
2181,,0.90523326,,,0.822939327,
2182,,0.90448701,,,0.822260918,
2183,,0.90438133,,,0.822164845,
2184,,0.90342081,,,0.821291645,
2185,,0.9030847,,,0.820986091,
2186,,0.90246677,,,0.820424336,
2187,,0.90254718,,,0.820497436,
2188,,0.90219164,,,0.820174218,
2189,,0.90233803,,,0.8203073,
2190,,0.90176594,,,0.819787218,
2191,,0.90155077,,,0.819591609,
2192,,0.90135682,,,0.819415291,
2193,,0.90061206,,,0.818738236,
2194,,0.90048438,,,0.818622164,
2195,,0.89987081,,,0.818064373,
2196,,0.89954674,,,0.817769764,
2197,,0.8984189,,,0.816744455,
2198,,0.89769614,,,0.8160874,
2199,,0.89708233,,,0.815529391,
2200,,0.89676404,,,0.815240036,
2201,,0.8957929,,,0.814357182,
2202,,0.89574623,,,0.814314755,
2203,,0.89530414,,,0.813912855,
2204,,0.8951326,,,0.813756909,
2205,,0.89461768,,,0.8132888,
2206,,0.8940742,,,0.812794727,
2207,,0.89332384,,,0.812112582,
2208,,0.8929311,,,0.811755545,
2209,,0.89213961,,,0.811036009,
2210,,0.89182389,,,0.810748991,
2211,,0.89132869,,,0.810298809,
2212,,0.89134252,,,0.810311382,
2213,,0.89092845,,,0.809934955,
2214,,0.89064556,,,0.809677782,
2215,,0.89022464,,,0.809295127,
2216,,0.88973927,,,0.808853882,
2217,,0.88920832,,,0.8083712,
2218,,0.88866061,,,0.807873282,
2219,,0.88813359,,,0.807394173,
2220,,0.88756192,,,0.806874473,
2221,,0.8873294,,,0.806663091,
2222,,0.88732785,,,0.806661682,
2223,,0.88697755,,,0.806343227,
2224,,0.88677537,,,0.806159427,
2225,,0.88660866,,,0.806007873,
2226,,0.88617164,,,0.805610582,
2227,,0.8858428,,,0.805311636,
2228,,0.88477677,,,0.804342518,
2229,,0.88493735,,,0.8044885,
2230,,0.88410419,,,0.803731082,
2231,,0.88382852,,,0.803480473,
2232,,0.88271308,,,0.802466436,
2233,,0.88194436,,,0.8017676,
2234,,0.88094908,,,0.8008628,
2235,,0.88067055,,,0.800609591,
